:020000040800F2
:10800000000002203DA8000885A1000889A1000801
:108010008DA1000891A1000895A1000800000000B2
:10802000000000000000000000000000614C01089A
:1080300099A1000800000000F14C0108791D010819
:108040008DA800088DA800088DA800088DA800083C
:108050008DA800088DA800088DA800088DA800082C
:108060009DA100088DA800088DA80008ADA10008FA
:10807000C9A100088DA800088DA800088DA80008D7
:108080008DA800088DA800088DA800088DA80008FC
:108090008DA800088DA800088DA800088DA80008EC
:1080A0008DA80008E5A100088DA800088DA800088B
:1080B0008DA80008F1A100088DA80008FDA1000806
:1080C0008DA800088DA800088DA800088DA80008BC
:1080D0008DA8000809A200088DA800088DA8000836
:1080E0008DA800088DA800088DA800088DA800089C
:1080F0008DA800088DA800088DA800088DA800088C
:108100008DA800088DA800088DA800088DA800087B
:108110008DA800088DA8000815A2000821A200085B
:108120008DA800088DA8000835A200088DA80008B9
:108130008DA80008000000000000000041A2000817
:108140004DA2000859A200088DA800088DA80008BB
:108150008DA800088DA8000865A200088DA8000859
:1081600071A200088DA800088DA800088DA800083D
:108170008DA800088DA800088DA800080000000048
:10818000000000008DA800080000000000000000B2
:108190008DA8000800000000000000008DA8000865
:1081A0000000000000000000000000008DA8000892
:1081B0008DA800088DA800088DA800088DA80008CB
:0481C0008DA800087E
:1081D00010B5054C237833B9044B13B10448AFF301
:1081E00000800123237010BDE00600200000000085
:1081F00068BF020808B5034B1BB103490348AFF33E
:10820000008008BD00000000E406002068BF0208EE
:1082100001F0FF01102A2BDB10F0070F08D010F837
:10822000013B013A8B422DD010F0070F42B3F6D13B
:10823000F0B441EA012141EA014122F007047FF054
:1082400000070023F0E80256083C85EA010586EAAB
:10825000010685FA47F5A3FA87F586FA47F6A5FAE7
:1082600087F68EB9EED1F0BC01F0FF0102F00702F3
:1082700032B110F8013B013A83EA010313B1F8D19E
:108280000020704701387047002D06BF354603387F
:10829000073815F0010F07D1013015F4807F02BFB8
:1082A000013015F4C03F0130F0BC0138704700BF09
:1082B00070B54FF0FF0C4CF4E06C1CEA11541DBF7C
:1082C0001CEA135594EA0C0F95EA0C0F00F0DEF847
:1082D0002C4481EA030621EA4C5123EA4C5350EA2C
:1082E000013518BF52EA033541F4801143F480137D
:1082F00038D0A0FB02CE4FF00005E1FB02E506F00E
:108300000042E0FB03E54FF00006E1FB03569CF062
:10831000000F18BF4EF0010EA4F1FF04B6F5007F68
:1083200064F5407404D25FEA4E0E6D4146EB0606DA
:1083300042EAC62141EA55514FEAC52040EA5E5063
:108340004FEACE2EB4F1FD0C88BFBCF5E06F1ED80D
:10835000BEF1004F08BF5FEA500E50F1000041EB44
:10836000045170BD06F0004646EA010140EA0200F1
:1083700081EA0301B4EB5C04C2BFD4EB0C0541EA13
:10838000045170BD41F480114FF0000E013C00F328
:10839000AB8014F1360FDEBF002001F0004170BD4C
:1083A000C4F10004203C35DA0C341BDC04F1140465
:1083B000C4F1200500FA05F320FA04F001FA05F2F1
:1083C00040EA020001F0004221F0004110EBD370BE
:1083D00021FA04F642EB06015EEA430E08BF20EAEA
:1083E000D37070BDC4F10C04C4F1200500FA04F38D
:1083F00020FA05F001FA04F240EA020001F000411F
:1084000010EBD37041F100015EEA430E08BF20EA91
:10841000D37070BDC4F1200500FA05F24EEA020ED9
:1084200020FA04F301FA05F243EA020321FA04F008
:1084300001F0004121FA04F220EA020000EBD370BF
:108440005EEA430E08BF20EAD37070BD94F0000FBF
:108450000FD101F00046400041EB010111F4801FF3
:1084600008BF013CF7D041EA060195F0000F18BFA4
:10847000704703F00046520043EB030313F4801FE0
:1084800008BF013DF7D043EA0603704794EA0C0F9A
:108490000CEA135518BF95EA0C0F0CD050EA4106B0
:1084A00018BF52EA4306D1D181EA030101F000412D
:1084B0004FF0000070BD50EA410606BF1046194655
:1084C00052EA430619D094EA0C0F02D150EA013661
:1084D00013D195EA0C0F05D152EA03361CBF1046A2
:1084E00019460AD181EA030101F0004141F0FE4141
:1084F00041F470014FF0000070BD41F0FE4141F4C5
:10850000780170BD81F0004102E000BF83F00043BC
:1085100030B54FEA41044FEA430594EA050F08BF1E
:1085200090EA020F1FBF54EA000C55EA020C7FEAE2
:10853000645C7FEA655C00F0E2804FEA5454D4EB5F
:108540005555B8BF6D420CDD2C4480EA020281EA29
:10855000030382EA000083EA010180EA020281EA61
:108560000303362D88BF30BD11F0004F4FEA0131B3
:108570004FF4801C4CEA113102D0404261EB4101C2
:1085800013F0004F4FEA03334CEA133302D0524248
:1085900063EB430394EA050F00F0A780A4F1010404
:1085A000D5F1200E0DDB02FA0EFC22FA05F280183E
:1085B00041F1000103FA0EF2801843FA05F3594124
:1085C0000EE0A5F120050EF1200E012A03FA0EFCA3
:1085D00028BF4CF0020C43FA05F3C01851EBE371CD
:1085E00001F0004507D54FF0000EDCF1000C7EEBEA
:1085F00000006EEB0101B1F5801F1BD3B1F5001F28
:108600000CD349085FEA30004FEA3C0C04F1010446
:108610004FEA445212F5800F80F09A80BCF1004F6F
:1086200008BF5FEA500C50F1000041EB045141EAF1
:10863000050130BD5FEA4C0C404141EB0101013CBA
:1086400028BFB1F5801FE9D291F0000F04BF0146A9
:108650000020B1FA81F308BF2033A3F10B03B3F17B
:1086600020020CDA0C3208DD02F1140CC2F10C020B
:1086700001FA0CF021FA02F10CE002F11402D8BF69
:10868000C2F1200C01FA02F120FA0CFCDCBF41EA35
:108690000C019040E41AA2BF01EB0451294330BD04
:1086A0006FEA04041F3C1CDA0C340EDC04F11404E1
:1086B000C4F1200220FA04F001FA02F340EA0300B8
:1086C00021FA04F345EA030130BDC4F10C04C4F1FE
:1086D000200220FA02F001FA04F340EA03002946DE
:1086E00030BD21FA04F0294630BD94F0000F83F428
:1086F000801306BF81F480110134013D4EE77FEA0B
:10870000645C18BF7FEA655C29D094EA050F08BF56
:1087100090EA020F05D054EA000C04BF1946104637
:1087200030BD91EA030F1EBF0021002030BD5FEA7B
:10873000545C05D14000494128BF41F0004130BDA3
:1087400014F580043CBF01F5801130BD01F00045F7
:1087500045F0FE4141F470014FF0000030BD7FEA6A
:10876000645C1ABF194610467FEA655C1CBF0B4665
:10877000024650EA013406BF52EA033591EA030F7C
:1087800041F4002130BD00BF90F0000F04BF002174
:10879000704730B54FF4806404F132044FF00005A7
:1087A0004FF0000150E700BF90F0000F04BF002120
:1087B000704730B54FF4806404F1320410F0004586
:1087C00048BF40424FF000013EE700BF42004FEA81
:1087D000E2014FEA31014FEA02701FBF12F07F43FE
:1087E00093F07F4F81F06051704732F07F4208BFB5
:1087F000704793F07F4F04BF41F40021704730B5BC
:108800004FF4607401F0004521F000411CE700BF07
:1088100050EA010208BF704730B54FF000050AE08A
:1088200050EA010208BF704730B511F0004502D58B
:10883000404261EB41014FF4806404F132045FEA8D
:10884000915C3FF4D8AE4FF003025FEADC0C18BF36
:1088500003325FEADC0C18BF033202EBDC02C2F128
:10886000200300FA03FC20FA02F001FA03FE40EABA
:108870000E0021FA02F11444BDE600BF4FEA4102A6
:10888000B2F1E04324BFB3F5001CDCF1FE5C0DD96E
:1088900001F0004C4FEAC0024CEA5070B2F1004FB8
:1088A00040EB830008BF20F00100704711F0804FBB
:1088B00021D113F13872BCBF01F00040704741F480
:1088C00080114FEA5252C2F11802C2F1200C10FA84
:1088D0000CF320FA02F018BF40F001004FEAC12368
:1088E0004FEAD32303FA0CFC40EA0C0023FA02F30C
:1088F0004FEA4303CCE77FEA625307D150EA0133E2
:108900001EBF4FF0FE4040F44000704701F00040B1
:1089100040F0FE4040F40000704700BF80F000408F
:1089200002E000BF81F0004142001FBF5FEA410347
:1089300092EA030F7FEA226C7FEA236C6AD04FEA47
:108940001262D2EB1363C1BFD2184140484041408C
:10895000B8BF5B42192B88BF704710F0004F40F43E
:10896000000020F07F4018BF404211F0004F41F45A
:10897000000121F07F4118BF494292EA030F3FD026
:10898000A2F1010241FA03FC10EB0C00C3F1200339
:1089900001FA03F100F0004302D5494260EB4000C8
:1089A000B0F5000F13D3B0F1807F06D340084FEA33
:1089B000310102F10102FE2A51D2B1F1004F40EB28
:1089C000C25008BF20F0010040EA03007047490090
:1089D00040EB0000013A28BFB0F5000FEDD2B0FA2D
:1089E00080FCACF1080CB2EB0C0200FA0CF0AABF50
:1089F00000EBC25052421843BCBFD04018437047EE
:108A000092F0000F81F4000106BF80F400000132F3
:108A1000013BB5E74FEA41037FEA226C18BF7FEACA
:108A2000236C21D092EA030F04D092F0000F08BF0C
:108A30000846704790EA010F1CBF0020704712F0F3
:108A40007F4F04D1400028BF40F00040704712F132
:108A500000723CBF00F50000704700F0004343F097
:108A6000FE4040F4000070477FEA226216BF0846CD
:108A70007FEA23630146420206BF5FEA412390EA90
:108A8000010F40F4800070474FF0000304E000BF86
:108A900010F0004348BF40425FEA000C08BF704737
:108AA00043F0964301464FF000001CE050EA0102FB
:108AB00008BF70474FF000030AE000BF50EA010210
:108AC00008BF704711F0004302D5404261EB4101FD
:108AD0005FEA010C02BF84460146002043F0B64322
:108AE00008BFA3F18053A3F50003BCFA8CF2083A47
:108AF000A3EBC25310DB01FA02FC634400FA02FC50
:108B0000C2F12002BCF1004F20FA02F243EB020056
:108B100008BF20F00100704702F1200201FA02FCB8
:108B2000C2F1200250EA4C0021FA02F243EB0200AB
:108B300008BF20EADC70704753B94AB9002908BF62
:108B400000281CBF4FF0FF314FF0FF3000F074B928
:108B5000ADF1080C6DE904CE00F006F8DDF804E094
:108B6000DDE9022304B070472DE9F047089D044673
:108B70008E46002B4DD18A42944669D9B2FA82F2D0
:108B800052B101FA02F3C2F1200120FA01F10CFA0C
:108B900002FC41EA030E94404FEA1C48210CBEFB44
:108BA000F8F61FFA8CF708FB16E341EA034306FBCD
:108BB00007F199420AD91CEB030306F1FF3080F05C
:108BC0001F81994240F21C81023E63445B1AA4B2A9
:108BD000B3FBF8F008FB103344EA034400FB07F74B
:108BE000A7420AD91CEB040400F1FF3380F00A818C
:108BF000A74240F207816444023840EA0640E41B81
:108C000000261DB1D4400023C5E900433146BDE82C
:108C1000F0878B4209D9002D00F0EF800026C5E9CE
:108C2000000130463146BDE8F087B3FA83F6002EE6
:108C30004AD18B4202D3824200F2F980841A61EB5E
:108C4000030301209E46002DE0D0C5E9004EDDE77C
:108C500002B9FFDEB2FA82F2002A40F09280A1EB64
:108C60000C014FEA1C471FFA8CFE0126200CB1FBB9
:108C7000F7F307FB131140EA01410EFB03F08842B2
:108C800008D91CEB010103F1FF3802D2884200F23F
:108C9000CB804346091AA4B2B1FBF7F007FB1011D1
:108CA00044EA01440EFB00FEA64508D91CEB04046F
:108CB00000F1FF3102D2A64500F2BB800846A4EBCA
:108CC0000E0440EA03409CE7C6F12007B34022FAB5
:108CD00007FC4CEA030C20FA07F401FA06F31C43E4
:108CE000F9404FEA1C4900FA06F3B1FBF9F8200CF1
:108CF0001FFA8CFE09FB181140EA014108FB0EF037
:108D0000884202FA06F20BD91CEB010108F1FF3A86
:108D100080F08880884240F28580A8F10208614492
:108D2000091AA4B2B1FBF9F009FB101144EA0141A0
:108D300000FB0EFE8E4508D91CEB010100F1FF344B
:108D40006CD28E456AD90238614440EA0840A0FBE3
:108D50000294A1EB0E01A142C846A64656D353D0B9
:108D60005DB1B3EB080261EB0E0101FA07F722FADD
:108D700006F3F1401F43C5E9007100263146BDE806
:108D8000F087C2F12003D8400CFA02FC21FA03F369
:108D9000914001434FEA1C471FFA8CFEB3FBF7F0EA
:108DA00007FB10360B0C43EA064300FB0EF69E420F
:108DB00004FA02F408D91CEB030300F1FF382FD2A8
:108DC0009E422DD9023863449B1B89B2B3FBF7F650
:108DD00007FB163341EA034106FB0EF38B4208D929
:108DE0001CEB010106F1FF3816D28B4214D9023E6A
:108DF0006144C91A46EA004638E72E46284605E788
:108E00000646E3E61846F8E64B45A9D2B9EB020858
:108E100064EB0C0E0138A3E74646EAE7204694E7E8
:108E20004046D1E7D0467BE7023B614432E730461B
:108E300009E76444023842E7704700BF30B5294B68
:108E400002688BB000249A42CDE90444CDE906447F
:108E5000089401D00BB030BD03F5E83301941A6CCF
:108E6000214842F080621A641A6C02F0806201921A
:108E7000019A02941A6C42F000721A641A6C02F0A1
:108E800000720292029A03941A6B42F002021A6371
:108E90001B6B03F00203039360220223CDE904233A
:108EA00004A909230322CDE90723039D03F034F825
:108EB000224605213F2002F011F93F2002F04CF933
:108EC00022460521402002F009F9402002F044F931
:108ED00022460521412002F001F9412002F03CF92F
:108EE0000BB030BD006800400004024008B50268C5
:108EF0000E4B9A4200D008BD03F5E83360211A6C8E
:108F00000B4822F080621A641A6C22F000721A6414
:108F100003F014F93F2002F02DF9402002F02AF965
:108F2000BDE80840412002F025B900BF00680040BC
:108F300000040240054808B5054B036002F03EF905
:108F400000B908BDBDE8084000F09ABF60070020E6
:108F5000003002400B4B02689A4200D0704782B04A
:108F600000220192D3F8302842F48052C3F830280E
:108F700003F500631B6B03F480530193019B02B064
:108F8000704700BF0030024000B583B01B4B002289
:108F90000092186B40F480001863186B00F4800096
:108FA000009000980192186B40F4001018631B6B3E
:108FB00003F40013052101930B20019B02F08EF8AE
:108FC0000B2002F0C9F8002205210C2002F086F8DF
:108FD0000C2002F0C1F8002205213A2002F07EF8B0
:108FE0003A2002F0B9F800224620052102F076F876
:108FF000462003B05DF804EB02F0AEB80038024042
:1090000010B51148114C124900230122C0E900415A
:10901000C0E90232C0E90433C0E90633036202F05A
:1090200047FD28B90848002102F04CFF40B910BDA7
:1090300000F026FF0448002102F044FF0028F6D08B
:10904000BDE8104000F01CBF680700200060004031
:109050005016400030B504469FB000215C2207A89E
:10906000CDE90211CDE90411069121F097FE1A4BCA
:1090700022689A4201D01FB030BD802307A8079311
:1090800004F0D2FE28BB154C154800250095236B33
:1090900043F004032363236B03F004030093C02213
:1090A0001223CDE9022301220323CDE9042302A9DF
:1090B00004230693009A02F02FFF0195236C43F0DE
:1090C00080732364236C03F080730193019B1FB0B2
:1090D00030BD00F0D5FED6E7006000400038024009
:1090E0000008024008B5044C20684FF0FF3109F039
:1090F00055F817F0E9F8F7E75C0B002008B5044CC9
:1091000020684FF0FF3109F049F817F0DFF8F7E772
:10911000B00B002008B5044C20684FF0FF3109F077
:109120003DF817F00FF9F7E7080B002030B50A4DAE
:1091300083B0002428688DF807404FF0FF330022E9
:109140000DF1070109F0FAF80028F3D19DF80700A6
:1091500017F042F9EEE700BF6808002070B50A4E2C
:1091600082B00024002530684FF0FF3300226946AA
:10917000CDE9004509F0E2F80028F4D1DDE900016D
:1091800017F062FBEFE700BF0C08002008B5044CA5
:1091900020684FF0FF3109F001F817F06DF9F7E79B
:1091A000040C002008B517F04BFAFCE72DE9F0415C
:1091B0000026274FDFF8A080264C354613E0D8F86C
:1091C0000000052108F0EAFFB8B90FF08FFD236811
:1091D0005A0718D1D5B1052E1FD00136F6B2012598
:1091E00023680133236038684FF0FF3108F0D6FF61
:1091F00000200FF003FD0028E1D0002010F0A6FBB6
:1092000023685A07E6D0002DEBD0E4E7284610F09B
:109210002BFBB8B901263546E2E7002010F0DCFA56
:1092200050B9D8F80000314608F0B8FF054618B923
:1092300011F0C2FF0626D3E7002010F0B1FE06268B
:109240000025CDE7284610F0ABFE2368C9E700BF34
:10925000580C002018890020BC0800202DE9F0419E
:109260000026284FDFF8A480274C354614E0D8F8B4
:109270000000052108F092FFC0B901200FF036FD73
:1092800023685A0718D1D5B1052E1FD00136F6B282
:10929000012523680133236038684FF0FF3108F05F
:1092A0007DFF01200FF0AAFC0028E0D0012010F083
:1092B0004DFB23685A07E6D0002DEBD0E4E70120F0
:1092C00010F0D2FAC0B901263546E2E7012010F0CD
:1092D00083FA58B9D8F80000314608F05FFF054618
:1092E00020B9012011F068FF0626D2E7012010F016
:1092F00057FE06260025CCE7012010F051FE23681A
:10930000C8E700BFAC0C0020148900201009002021
:1093100008B5044C20684FF0FF3108F03FFF17F00C
:1093200091F9F7E7B40A002008B5054C20684FF022
:10933000FF3108F033FF002017F0A2F9F6E700BF75
:109340001409002008B5054C20684FF0FF3108F0E3
:1093500025FF012017F094F9F6E700BF1809002057
:1093600008B5044C20684FF0FF3108F017FF17F0E4
:109370009DF9F7E70C0A002008B5044C20684FF06F
:10938000FF3108F00BFF17F09FF9F7E7600A0020A4
:1093900008B5034C17F0AAF9206808F0A7FDF9E713
:1093A0008C670020214B10B5214C186808F02AFF6B
:1093B0002368204A03FB02F2B2F1333F11D91D4A60
:1093C0001D4903FB02F2B1EBF20F28D21B481C49E6
:1093D000DA1C00FB02F2B1EBB20F10D201332360B2
:1093E00010BD184B186808F00DFF174B186808F0EF
:1093F00009FF164B186808F005FF2368DFE7144BD8
:10940000186808F0FFFE134B186808F0FBFE124BBB
:10941000186808F0F7FE23680133236010BD0F4B76
:10942000186808F0EFFE2368D0E700BF040C0020A6
:1094300010890020CDCCCCCC66666606295C8FC234
:10944000285C8F02B00B0020580C0020AC0C0020D0
:109450001409002018090020600A00200C0A0020CE
:1094600010B57D4A0021012008F044FE7B4B7C4A68
:109470000446002101201C6008F03CFE794B7A4A2A
:109480000446002101201C6008F034FE774B784A26
:109490000446002101201C6008F02CFE754B764A22
:1094A0000446002101201C6008F024FE734B744A1E
:1094B0000446002101201C6008F01CFE714B724A1A
:1094C0000446002101201C6008F014FE6F4B704A16
:1094D0000446002101201C6008F00CFE6D4B6E4A12
:1094E0000446002101201C6008F004FE6B4B6C4A0E
:1094F0000446002101201C6008F0FCFD694B6A4A0B
:109500000446002101201C6008F0F4FD674B684A06
:109510000446002101201C6008F0ECFD654B664A02
:109520000446002101201C6008F0E4FD634C644BFC
:10953000206000220121634808F0F6FC624B012103
:10954000186008F031FD614A0121082008F086FE0C
:109550005F4B604A0446082101201C6008F07EFE33
:109560005D4B5E4A044600215D481C6008F03EFCED
:109570005C4B5D4A044600215C481C6008F036FCE8
:109580005B4B5C4A044600215B481C6008F02EFCE3
:109590005A4B5B4A044600215A481C6008F026FCDE
:1095A000594B5A4A0446002159481C6008F01EFCD9
:1095B000584B594A0446002158481C6008F016FCD4
:1095C000574B584A0446002157481C6008F00EFCCF
:1095D000564B574A0446002156481C6008F006FCCA
:1095E000554B564A0446002155481C6008F0FEFBC6
:1095F000544B554A0446002154481C6008F0F6FBC1
:10960000534B544A0446002153481C6008F0EEFBBB
:10961000524B534A0446002152481C6008F0E6FBB6
:10962000514B524A0446002151481C6008F0DEFBB1
:10963000504B514A0446002150481C6008F0D6FBAC
:109640004F4B504A044600214F481C6008F0CEFBA7
:109650004E4B186010BD00BFB8C302085C0B002061
:10966000C8C30208B00B0020A8C30208080B0020E2
:10967000D8C30208040C0020E8C30208580C0020DC
:10968000F8C30208AC0C002038C30208BC08002054
:1096900048C302081009002098C30208B40A002039
:1096A00058C302081409002068C3020818090020E2
:1096B00078C302080C0A002088C30208600A002050
:1096C00024C60208A59300080C89002020C30208C4
:1096D0006808002008C302080C0800202CC40208F7
:1096E000E59000084C50002050C40208FD9000088E
:1096F0001C59002008C40208159100087C4D002068
:1097000000C602082D910008DC880020B8C50208B8
:109710005D9100083C7B002098C402088D910008F0
:10972000BC62002074C40208A5910008EC5D002012
:109730004CC50208AD9100080070002070C50208F9
:109740005D92000804700020DCC502081193000837
:109750000C840020E0C40208299300085C6A002001
:1097600004C50208459300082C6D002028C5020896
:1097700061930008FC6F002094C5020879930008EB
:109780006C780020BCC40208919300088C6700200C
:109790002DE9F04F2DED048B00248DB0CDE906446A
:1097A000CDE90844704B01940A941A6B6F4D704ECA
:1097B000704F42F004021A631A6B02F00402019225
:1097C000019A02941A6B42F080021A631A6B02F03B
:1097D00080020292029A03941A6B42F001021A6309
:1097E0001A6B02F001020392039A04941A6B42F07E
:1097F00002021A631A6B02F002020492049A0594A0
:109800001A6B42F008021A631B6B03F008030593FE
:10981000224628464FF40041059B02F041FD2846B0
:10982000012240F2311102F03BFD2246304641F266
:10983000020102F035FD3046012248F2100102F02B
:109840002FFD384641F20101012202F029FD224696
:10985000384644F2920102F023FD9FED3F9B06A99A
:1098600028464FF480420023CDE906234FF000083C
:109870004FF00009089402F04FFB48F22012012338
:1098800006A92846CDE906234FF0000A4FF0010B48
:10989000CDE9088902F040FB06A928469FED308BF0
:1098A0008DED069BCDE908AB02F036FB06A93046EC
:1098B00001220023CDE90623089402F02DFB06A91E
:1098C000304641F212020123CDE90623CDE9088991
:1098D00002F022FB10220123284606A9CDE9062327
:1098E0008DED088B02F018FB06A938468DED069B1E
:1098F0008DED088B02F010FB384606A945F2920266
:109900000123CDE90623CDE9088902F005FB06A96C
:1099100030464FF400420123CDE90623CDE908ABE0
:1099200002F0FAFA4FF4881306A9042212480894A8
:10993000CDE9062302F0F0FA22460521082001F0C5
:10994000CDFB082001F008FC0DB0BDEC048BBDE898
:10995000F08F00BFAFF300800100000001000000A5
:109960000000000002000000003802400008024031
:109970000000024000040240000C024010B50B48F9
:109980000B4C0C4900234FF48042C0E90041C0E970
:109990000233C0E90423C0E90633036202F092FCFB
:1099A00000B910BDBDE8104000F06ABADC890020A3
:1099B00000540040801A060010B50B480B4C0C49AF
:1099C00000234FF48042C0E90041C0E90233C0E9FE
:1099D0000423C0E90633036202F074FC00B910BD31
:1099E000BDE8104000F04CBA308A0020005800401A
:1099F000801A060010B50B480B4C0C4900234FF49D
:109A00008042C0E90041C0E90233C0E90423C0E953
:109A10000633036202F056FC00B910BDBDE81040E9
:109A200000F02EBA848A0020005C0040801A0600F4
:109A3000F0B50368794A8FB000249342CDE9084419
:109A4000CDE90A4405460C9408D0754A934249D0A2
:109A5000744A934200F082800FB0F0BD724F0094C0
:109A60003B6B7248724E43F002033B633B6B03F067
:109A700002030093009B4FF440721223CDE90823A8
:109A800008A903220423CDE90B2302F045FA01942F
:109A90003B6C684A43F400133B643B6CB46003F4D2
:109AA000001301934FF00073C6E9002330464FF4D2
:109AB0008063C6E90343C6E90544C6E90744019942
:109AC000746201F0A9FB002840F0A280AE6300227E
:109AD00005211F20B56301F001FB1F2001F03CFBB5
:109AE0000FB0F0BD504D02942B6B504843F0020371
:109AF0002B632B6B03F002030293029B03942B6BEB
:109B000043F004032B632B6B03F0040303934FF424
:109B100080621223CDE90823042608A903230B93AE
:109B20000C96039B02F0F8F94FF480521223CDE912
:109B3000082341480C960022032308A9CDE90A23F3
:109B400002F0EAF904942B6C43F480032B642B6C31
:109B500003F480030493049B0FB0F0BD324F0594CF
:109B60003B6B354843F004033B633B6B03F004035A
:109B70000593059B06943B6B43F001033B633B6BF2
:109B800003F0010306934FF40072069B1223CDE904
:109B900008230426032308A90C960B9302F0BCF9B2
:109BA0004FF480721223CDE9082324480C9600223A
:109BB000032308A9CDE90A2302F0AEF907943B6C10
:109BC0001F4E204AB46043F400033B643B6CF460D6
:109BD00003F4000307934FF00073C6E900233046F7
:109BE0004FF48063C6E90434C6E90644C6E9084474
:109BF000079901F011FB70B9AE63002205214820DE
:109C0000B56301F06BFA482001F0A6FA0FB0F0BD81
:109C100000F036F95AE700F033F9EDE70054004060
:109C200000580040005C0040003802400004024040
:109C30001C89002010600240000802400000024021
:109C40007C89002028600240274A0368934210B5AF
:109C5000044606D0254A93421BD0254A93422AD077
:109C600010BD02F5F2322348136C23F40013136481
:109C70004FF4807102F062FA1E484FF4007102F056
:109C80005DFAA06B01F060FBBDE810401F2001F001
:109C900071BA02F5F0321748136C23F480034FF4C5
:109CA0008061136402F04AFABDE8104012484FF494
:109CB000805102F043BA02F5EE320F48136C23F4E0
:109CC000000313644FF4007102F038FA0B484FF4AC
:109CD000807102F033FAA06B01F036FBBDE8104052
:109CE000482001F047BA00BF00540040005800402F
:109CF000005C0040000402400008024000000240F6
:109D000010B5002396B0CDE90A33CDE90C33CDE987
:109D10000233CDE90433284900930693086C274A9F
:109D200040F080500864096C01F080510091009966
:109D30000193116841F44041116012689FED1A7B54
:109D4000022302F440424FF480000192CDE90E302C
:109D50000821B42208A88DED087BCDE91123CDE9B7
:109D60001333019C109104F0B7FA08B172B6FEE704
:109D700003F03EFF08B172B6FEE79FED0D7B4FF496
:109D8000A0530022CDE9042302A84FF480530521FB
:109D90008DED027B069303F067FF08B172B6FEE714
:109DA00016B010BDAFF300800100000000000100FC
:109DB0000F00000002000000003802400070004068
:109DC00008B51D4B01221A6000F062FDFFF798FFF5
:109DD000FFF7DEFCFFF7D8F800F0BAFA00F05CFB02
:109DE00000F096FB00F092F8FFF7A4F800F06CF892
:109DF00000F08CFCFFF704F900F044F8FFF7DCFDFD
:109E0000FFF7BCFDFFF7F6FD00F0DEFA00F0AAFB5D
:109E10000A4805F057F80A4805F054F809490A4875
:109E20000DF0A0FC0DF0C4FC07F0B4FFFFF718FB29
:109E300007F0C2FFFEE700BF08000020748C00207E
:109E4000048D0020948D0020548E002008B572B639
:109E5000054B02689A4201D062B608BD08460DF073
:109E600057FC62B608BD00BF00100140034B0268FA
:109E70009A4200D0704700F025BD00BF001000409E
:109E800072B6FEE70E480F494FF4827210B50023F8
:109E9000C0E900124FF4007410210A22C0E9023315
:109EA000C0E90433C0E90641C0E90833C0E90A3219
:109EB00004F078FC00B910BDBDE81040FFF7E0BF2A
:109EC000D88A0020003001400E480F494FF48272BA
:109ED00010B50023C0E900124FF4007410210A22CB
:109EE000C0E90233C0E90433C0E90641C0E90833E0
:109EF000C0E90A3204F056FC00B910BDBDE81040BC
:109F0000FFF7BEBF308B0020003800400E480F49DD
:109F10004FF4827210B50023C0E900124FF40074B0
:109F200010210A22C0E90233C0E90433C0E9064126
:109F3000C0E90833C0E90A3204F034FC00B910BDAE
:109F4000BDE81040FFF79CBF888B0020003C00401C
:109F500010B5026854498EB000238A42CDE9083317
:109F6000CDE90A330C9307D050498A4227D0504993
:109F70008A425FD00EB010BD4E4A0193506C40F43F
:109F800080505064506C00F480500190019802930E
:109F9000136B494843F001031363136B9FED3E7B42
:109FA00003F0010302930322052308A98DED087B2A
:109FB000CDE90B23029C01F0AFFF0EB010BD3D4A6E
:109FC0000393116C3D4841F480411164116C01F41C
:109FD0008041039103990493116B41F004011163D3
:109FE000116B01F00401049104990593136B43F084
:109FF00002031363136B03F0020305930C22022385
:10A00000CDE90823052408A90323CDE90B34059ADB
:10A0100001F082FF4FF400520223CDE908232848C3
:10A020000C940022032308A9CDE90A2301F074FF50
:10A030000EB010BD1F4A0693116C204841F4004138
:10A040001164116C01F40041069106990793136B9A
:10A0500043F004031363136B03F00403079302221A
:10A060000223CDE9082308A903220523CDE90B2308
:10A07000079C01F051FF9FED0A7B00220323CDE9ED
:10A080000A230E48062308A98DED087B0C9301F0E6
:10A0900043FF0EB010BD00BFE00000000200000052
:10A0A000000C0000020000000030014000380040B9
:10A0B000003C00400038024000000240000802401E
:10A0C0000004024082B00E4B00220092596C41F411
:10A0D00080415964586C00F48040009000980192CF
:10A0E000186C40F0805018641B6C03F0805301938F
:10A0F000019B0F216FF0010002B000F0EFBF00BF25
:10A100000038024030B5014689B00022362000F008
:10A11000E5FF362001F020F80025164B02951A6C59
:10A12000154C42F010021A641B6C03F0100301A9D5
:10A1300003A80293029B03F055FE03F033FE0F4A7F
:10A140000F4921604300A2FB03239B0C013B40F21B
:10A15000E7322046C4E903256360A56004F024FECD
:10A1600010B1012009B030BD204604F0E3FE09B073
:10A1700030BD00BF00380240E08B002083DE1B436F
:10A1800000100040FEE700BFFEE700BFFEE700BF93
:10A19000FEE700BFFEE700BF704700BF08B516F03E
:10A1A0002DF8BDE80840042002F080B808B5044846
:10A1B00001F0A6F9034B1868BDE8084008F022B882
:10A1C0001C890020BC08002008B5044801F098F95B
:10A1D000034B1868BDE8084008F014B87C890020DB
:10A1E00010090020014B186808F00CB8B40A0020D0
:10A1F000014805F0A5BA00BFBC8C0020014803F05F
:10A2000041B800BFDC890020014805F0C7BF00BF8E
:10A21000548E0020014805F093BA00BFE08B002067
:10A2200008B515F08BFABDE80840014805F088BA7A
:10A230004C8D0020014801F063B900BF948D0020CF
:10A24000014800F00DBE00BFFC060020014800F0F0
:10A2500007BE00BFFC060020014800F001BE00BFA1
:10A26000FC060020014801F04BB900BFF48D00202E
:10A27000014803F007B800BF848A0020012070471E
:10A2800008B520F01DFC162303604FF0FF3008BD19
:10A2900008B520F015FC16230360FEE770B5161E06
:10A2A00007DD0C468D19AFF3008004F8010BA542C1
:10A2B000F9D1304670BD00BF70B5161E07DD0C46E3
:10A2C0008D1914F8010BAFF30080AC42F9D1304680
:10A2D00070BD00BF4FF0FF30704700BF4FF4005318
:10A2E0004B600020704700BF01207047002070477E
:10A2F00010B50C4C0C4B0D492268591A2AB1104468
:10A30000884207D82060104610BD094A22601044D8
:10A310008842F7D920F0D4FB0C234FF0FF320360C2
:10A32000104610BD288C0020000002200004000010
:10A33000E01A0120044B0549D3F8882042F470024A
:10A34000C3F888209960704700ED00E000800008A5
:10A3500000B51B484FF0804202605922002387B0AD
:10A3600042604FF0FF32CDE90233CDE90433CDE94D
:10A370000033C0E902320361836104F015FD98B92E
:10A380004FF480530E48029302A905F097F898B94C
:10A39000202200230A486946CDE9002305F07AFA15
:10A3A00028B907B05DF804FBFFF76AFDE8E7FFF79F
:10A3B00067FD07B05DF804FBFFF762FDE8E700BF4B
:10A3C000748C00200000000000B53148314A8FB085
:10A3D0000023CDE90233CDE90433CDE90033CDE9E3
:10A3E0000633CDE90833CDE90A330C93836003616A
:10A3F000836140F23F63C0E900234FF6FF73C360FF
:10A4000004F0D2FC48BB4FF480532148029302A9C8
:10A4100005F054F890BB1E4804F0CAFD58BB00225A
:10A4200000231B486946CDE9002305F033FAF8B94B
:10A430009FED157B00221648089206A98DED067B3C
:10A440000A9204F053FF80B91148042206A904F0CF
:10A450004DFF28B90FB05DF804FBFFF711FDD2E7FF
:10A46000FFF70EFD0FB05DF804FBFFF709FDEBE70A
:10A47000FFF706FDDCE7FFF703FDD0E7FFF700FD80
:10A48000C9E700BFAFF3008000000000000000003B
:10A49000BC8C00200004004000B51B481B4A026031
:10A4A00089B000234FF0FF32CDE90233CDE9043308
:10A4B000CDE90033C0E90133C0E90323069383618A
:10A4C00004F072FCA0B9072200230F4802A9CDE9CD
:10A4D000022305F0A3F898B9002200230A48694630
:10A4E000CDE9002305F0D6F928B909B05DF804FBE1
:10A4F000FFF7C6FCE7E7FFF7C3FC09B05DF804FB14
:10A50000FFF7BEFCE8E700BF048D0020000C004010
:10A5100000B51248124943F66522002383B0C0E912
:10A5200000120122CDE90033C0E90232836104F058
:10A530003BFC58B90022002308486946CDE90023B6
:10A5400005F0A8F928B903B05DF804FBFFF798FC03
:10A55000F0E7FFF795FC03B05DF804FB4C8D00209D
:10A560000014004009480A4908B54FF6FF7200235D
:10A57000C0E90013C0E902320361836104F014FCF6
:10A5800000B908BDBDE80840FFF77ABC2C8C00205C
:10A590000044014000B50368B3F1804F87B00ED08E
:10A5A000334A93422AD0334A934218D0324A9342D4
:10A5B0003AD0324A934249D007B05DF804FB03F524
:10A5C0000E33002201921A6C42F001021A641B6CD5
:10A5D00003F001030193019B07B05DF804FB284BD6
:10A5E000002203921A6C42F008021A641B6C03F0FA
:10A5F00008030393039B07B05DF804FB204B002284
:10A600000292196C41F0020119641B6C03F0020301
:10A610001D2002930521029B00F060FD1D2007B064
:10A620005DF804EB00F098BD154B00220492196C04
:10A6300041F0200119641B6C03F0200337200493C0
:10A640000221049B00F04AFD3720E8E70C4B002272
:10A650000592596C41F4003159645B6C03F400338A
:10A66000192005930521059B00F038FD1920D6E738
:10A6700000040040000C0040001400400044014071
:10A68000003802400368B3F1804F0CD01A4A93425D
:10A6900016D01A4A93420CD0194A934219D0194A3B
:10A6A00093421FD07047184A136C23F001031364C0
:10A6B000704702F50B32136C23F0080313647047E4
:10A6C00002F50D321D20136C23F00203136400F019
:10A6D00051BD02F509323720136C23F020031364B7
:10A6E00000F048BD02F574421920536C23F4003386
:10A6F000536400F03FBD00BF00040040000C004068
:10A7000000140040004401400038024010B50B48DE
:10A710000B4C00234FF4E1310C22C0E90041C0E9A9
:10A720000233C0E90432C0E9063305F0F7F800B996
:10A7300010BDBDE81040FFF7A3BB00BF548E002042
:10A740000010014070B5374B026888B000249A426F
:10A75000CDE90244CDE90444069401D008B070BDAF
:10A7600003F5943300945A6C2F4E42F010025A6451
:10A770005A6C02F010020092009A01941A6B42F097
:10A7800001021A631B6B03F0010301934FF4C062D3
:10A790000223CDE90223032305930546019B2348A9
:10A7A000072302A9069301F0B7FB214A74624FF018
:10A7B0000063C6E90023304640224FF48063C6E9B7
:10A7C0000224C6E90544C6E90744336100F024FDCC
:10A7D00010BB184C18496E634FF000620023C4E9A7
:10A7E000001220464FF48062C4E90233C4E9042316
:10A7F000C4E90633C4E90833B56300F00DFD70B950
:10A80000AC63002205212520A56300F067FC25200C
:10A8100000F0A2FC08B070BDFFF732FBD9E7FFF7EC
:10A820002FFBEDE700100140F48D002000000240F6
:10A83000B8640240948D002040640240DFF834D0B8
:10A840000D480E490E4A002302E0D458C450043388
:10A85000C4188C42F9D30B4A0B4C002301E013605F
:10A860000432A242FBD3FFF765FD20F037FAFFF771
:10A87000A7FA70470000022000000020D406002044
:10A880002C0E0308E0060020DC1A0120FEE7000081
:10A8900008B50B4B1A6842F400721A601A6842F449
:10A8A00080621A601A6842F480721A60032000F015
:10A8B00003FC0F20FFF726FCFFF704FC002008BD77
:10A8C000003C0240034A044B11681B780B441360A0
:10A8D000704700BF988E002004000020014B1868CC
:10A8E000704700BF988E002038B50446FFF7F6FF8A
:10A8F000631C054602D0044B1B781C44FFF7EEFF97
:10A90000431BA342FAD338BD04000020024B186851
:10A91000C0F30B00704700BF002004E0014BD3F8E8
:10A92000100A70470070FF1F014BD3F8140A7047DC
:10A930000070FF1F014BD3F8180A70470070FF1F0B
:10A94000704700BF704700BF704700BF704700BF2F
:10A95000704700BF704700BF704700BF704700BF1F
:10A96000002800F0988038B590F820300446002B7D
:10A9700072D02268136843F001031360FFF7AEFF43
:10A98000054604E0FFF7AAFF431B0A2B5BD82368A8
:10A990005A68D107F6D51A6822F002021A60FFF74A
:10A9A0009DFF054604E0FFF799FF401B0A284AD89F
:10A9B00023685A689207F6D4227E012A1A680CBFCF
:10A9C00042F0800222F080021A60627E012A1A6838
:10A9D0000CBF42F0400222F040021A60A27E012A1F
:10A9E0001A680CBF42F0200222F020021A60E27EB8
:10A9F000012A1A680CBF22F0100242F010021A60FD
:10AA0000227F012A1A680CBF42F0080222F00802D5
:10AA10001A60627F012A1A680CBF42F0040222F019
:10AA200004021A60D4E90220216902430A436069E2
:10AA30006168024301390A4300200121DA61606242
:10AA400084F8201038BD636A052243F40033636242
:10AA500084F82020012038BD1149124AC36D1248E4
:10AA6000C4E91012114A1249C4E91202114A1248EB
:10AA7000C4E90A12114A1249C4E90C02114A1248E7
:10AA8000C4E90E121149124AA265C4E9140123B1A6
:10AA9000204698476DE7012070470E4BE365F7E7C6
:10AAA0007916010851A900080918010855A90008DC
:10AAB000A511010841130108DD14010845A900088A
:10AAC00049A900084DA9000859A900085DA9000876
:10AAD00041A900083D8E000890F82020013A012A83
:10AAE00006D9426A034642F4802201205A62704726
:10AAF000414BD3F8002230B401242243C3F8002292
:10AB0000D3F8002222F47C52C3F80022D3F80022AA
:10AB1000486A42EA0022C3F800224A6902F01F0094
:10AB200004FA00F0D3F81C4224EA0004C3F81C42E3
:10AB3000CD69C443002D45D1D3F80C522540C3F84C
:10AB40000C52D200CD688B8802F1804202F5C842D7
:10AB500043EA0543C2F840328D680B8843EA054357
:10AB6000C2F844328B69244A33BBD2F80432234002
:10AB7000C2F804320B69C3B91F4BD3F81422144036
:10AB8000C3F814420B6A012B05D11B4AD2F81C32C0
:10AB90001843C2F81C02184AD2F8003223F001030D
:10ABA000002030BCC2F800327047134AD2F8143289
:10ABB0000343C2F81432E5E7D2F804320343C2F883
:10ABC0000432D7E7012DCDD1D3F80C520543C3F899
:10ABD0000C52D2000D688B8802F1804202F5C84207
:10ABE00043EA0543C2F840328D688B8943EA054346
:10ABF000C2F84432B6E700BF0064004070B590F878
:10AC00002030012B044606D0436A012643F400237A
:10AC10004362304670BD0268DEB2022380F8203005
:10AC2000136823F001031360FFF758FE054604E0A4
:10AC3000FFF754FE431B0A2B08D823685B6813F008
:10AC40000103F5D11E466362304670BD636A05227A
:10AC500043F40033636284F82020304670BD00BFA7
:10AC600030B4844690F82000DCF800500138012808
:10AC7000AC6835D814F0E05F3BD0C4F30164032C1A
:10AC800049D00120A04018608B68002B3AD0C868DA
:10AC90000343486843EAC00304F1180000012B5045
:10ACA00005EB041C0B69CCF88431097D01294FEABE
:10ACB000041305D1DCF8841141F48071CCF88411BF
:10ACC0002B445168C3F88C111268C3F88821DCF852
:10ACD000803143F00103002030BCCCF88031704754
:10ACE000DCF8243043F48023012030BCCCF824303D
:10ACF0007047DCF8243043F40013012030BCCCF85A
:10AD000024307047CB68086843EA405004F11803C8
:10AD10001B01E850C4E7DCF8243043F400030120B1
:10AD200030BCCCF82430704770B590F820E00EF1BC
:10AD3000FF3EBEF1010F84466DD8006851B9C4686A
:10AD4000A5070AD1DCF8243043F400130120CCF825
:10AD5000243070BD0469A407F4D000EB011E0C017F
:10AD6000DEF8B05105F004059560002D5AD0DEF8EC
:10AD7000B051ED085560DEF8B05105F00205D56020
:10AD8000DEF8B451DEF8B46105F00F05156120441A
:10AD9000DEF8B451C6F3072696612D0CD0F8B861E1
:10ADA00055611E70DCF800202244D2F8B821120A46
:10ADB0005A70DCF800202244D2F8B821120C9A70A4
:10ADC000DCF800202244D2F8B821120EDA70DCF848
:10ADD00000202244D2F8BC211A71DCF80020224461
:10ADE000D2F8BC21120A5A71DCF800202244D2F8B1
:10ADF000BC21120C9A71DCF800202244D2F8BC214C
:10AE0000120EDA71DCF8002089B9D36843F0200310
:10AE10000846D36070BD436A43F480230120CCF818
:10AE2000243070BDDEF8B0516D0D1560A3E71369D5
:10AE300043F020030020136170BD00BF90F8202074
:10AE4000013A012A034605D9426A42F480220120D0
:10AE50005A62704702685369194300205161704774
:10AE60002DE9F04F03685D69D3F804809F68D3F83B
:10AE70000CA0D3F81090D3F818B015F0010681B0EB
:10AE8000044625D017F0010640F0B9804FF4005277
:10AE90004FF48041F8050DD523684FF48070986019
:10AEA000BB0500F1CB80780500F1EC803B0540F15B
:10AEB000F2800E46F8030BD523684FF48032B903B5
:10AEC0009A6000F1AF807A0340F1D78046F40046E3
:10AED0002F0703D51AF0100F40F08B80680702D5BA
:10AEE0001AF0080F7ED1A90703D52368DB689A07FB
:10AEF00074D16B0602D519F0100F69D1AF0602D5D7
:10AF000019F0080F5DD1E80603D523681B6999077E
:10AF100053D1AA0302D518F0100F47D1EB0302D585
:10AF200018F0080F3BD12F0405D518F0040F0DD1F0
:10AF3000236804225A60002E71D0636AA26D1E43FA
:10AF40002046666201B0BDE8F04F1047E80504D521
:10AF50001BF0010F18BF46F00106A90504D51BF030
:10AF6000020F18BF46F002066A0504D51BF0040F55
:10AF700018BF46F004062B05DAD51BF0700BD7D0AE
:10AF8000BBF1400F00F095805CD8BBF1200F00F0C2
:10AF90008D80BBF1300F63D146F020065AE0236864
:10AFA00008225A602046636D9847BCE72368102248
:10AFB0005A602046236D9847B0E7A36C2046984717
:10AFC000A7E7236808221A612046E36C98479AE7AE
:10AFD0002368102246F480661A618FE7236C2046AE
:10AFE000984786E723680822DA602046636C984712
:10AFF00079E72368102246F40076DA606EE70122D2
:10B000009A60BB0712D47E0730D417F008063BD0F5
:10B010004FF440524FF4A0414FF480563AE701B04C
:10B02000BDE8F08F236B2046984751E7836A984725
:10B0300000264FF400524FF480412BE7E36A20468C
:10B04000984737E7BBF1500F2DD0BBF1600F08BF19
:10B0500046F4807623689A6922F070029A6168E764
:10B06000BBF1100FF6D146F00806F3E74FF420527B
:10B070004FF490414FF400660CE73B030FD546F4C4
:10B08000803625E7164615E7436B98474FF4005284
:10B090004FF48041FEE6A36B204698470AE7E36B36
:10B0A0002046984714E746F08006D3E746F010069E
:10B0B000D0E746F04006CDE70749CA6803024FF6DD
:10B0C000FF0003F4E0630240134343F0BF6343F423
:10B0D0000033CB60704700BF00ED00E01C4BDB6825
:10B0E000C3F3022300B5C3F1070EBEF1040F03F151
:10B0F000040C28BF4FF0040EBCF1060F1BD9033B14
:10B100004FF0FF3C0CFA03FC22EA0C024FF0FF3C2C
:10B110000CFA0EFC21EA0C019940002841EA0201D8
:10B120000CDB00F16040090100F56140C9B280F814
:10B1300000135DF804FB00221346E7E7054B00F01F
:10B140000F0009010344C9B219765DF804FB00BF82
:10B1500000ED00E0FCEC00E0002808DB4109044AB7
:10B1600000F01F00012303FA00F042F821007047AD
:10B1700000E100E000280DDB4309074901222033EC
:10B1800000F01F0002FA00F041F82300BFF34F8FD8
:10B19000BFF36F8F704700BF00E100E0002809DBBC
:10B1A0004309054900F01F000122403302FA00F074
:10B1B00041F82300704700BF00E100E080B110B506
:10B1C0004379044603F0FF021BB1012363710020A1
:10B1D00010BD0271FDF7BEFE01236371002010BD9A
:10B1E0000120704710B4022304684371A36843F040
:10B1F00001038446A3603AB1043901EB820251F89D
:10B20000043F23609142FAD1012320688CF8053075
:10B210005DF8044B704700BF38B50446FFF75EFB8E
:10B22000002C52D023680022022184F8351084F8C3
:10B2300034201A6822F0010205461A6005E0FFF783
:10B240004DFB431B052B39D823681A68D107F6D468
:10B25000D4E90120E16802430A43D4E90451A0691A
:10B260002A430A43E1691D6802430A4333492940DE
:10B27000256A2A430A43616A042928D01A605A6958
:10B2800022F007021143D8B22D4A59611038A2FBAF
:10B29000005212092B4923F47F73895CE16523F086
:10B2A00003035F2888BF04333F228A40A365002040
:10B2B0009A600123606584F8353038BD032320226D
:10B2C000626584F83530184638BD012038BDD4E9B0
:10B2D0000B5129430A431A605969A26A21F00701F8
:10B2E000114341F00401002DCDD078B1B0F5005FDD
:10B2F00016D0022A03D9032AC5D1EA01C3D50123F6
:10B300004022626584F83530184638BD012A03D0E2
:10B3100032F00202B7D1F0E7B5F1C07FB3D1EEE76A
:10B32000032AB0D801A050F822F000BFFFB20008F5
:10B33000FBB20008FFB2000819B300083F8010F00C
:10B34000ABAAAAAA4CC6020830B4002835D090F89F
:10B350003530022BDCB22DD003681A4A1A4DD9B20F
:10B360001039A2FB014212091C68AD5C24F00104F3
:10B3700000221C601A605A609A60DA601A61212209
:10B380005A6123F47F7323F003035F2988BF0433DA
:10B390003F210022A940C0E90F22C0E91122C0E9E3
:10B3A0001322C565836514469960426580F8342090
:10B3B00080F83520204630BC70470124204630BC40
:10B3C000704700BFABAAAAAA4CC6020870B490F896
:10B3D0003440856D012C35D090F835404FF0010C8C
:10B3E000644580F834C005D0002380F8343070BC48
:10B3F00002207047022680F8356004680026466502
:10B40000266826F48026266063608368402B0EBF82
:10B41000A260A160E260C26D08BFE1603F2393407B
:10B42000AB602368026C43F0160323601AB12368F3
:10B4300043F008032360236843F0010300202360E6
:10B4400070BC7047022070BC704700BF70B50446E6
:10B45000866DFFF743FA94F83530022B06D00023AF
:10B46000802284F834306265012070BD23681A6838
:10B4700022F016021A605A6922F080025A61226C88
:10B48000054632B31A6822F008021A601A6822F0E0
:10B4900001021A6005E0FFF721FA431B052B0FD8C4
:10B4A00023681B6813F00103F5D1E16D3F228A4048
:10B4B0000121B26084F8351084F83430184670BD2C
:10B4C000032020220023626584F8343084F835009C
:10B4D00070BDA26C002AD5D1D8E700BF90F83530F6
:10B4E000022B03D0802343650120704702680523A7
:10B4F00080F83530136823F0010300201360704793
:10B500002DE9F04182B0744A866D156800230193DD
:10B51000C36D346808229A402242804604D00168F4
:10B520000F68780700F18A8001229A40224204D0F5
:10B53000D8F800104969090678D404229A402242BA
:10B5400004D0D8F8001009688F0767D410229A40F9
:10B55000224204D0D8F800100F68380749D42022BE
:10B560009A40224217D0D8F800100C68E00612D595
:10B57000B26098F83520052A73D00B6813F4802F39
:10B580000B6800F09080190340F19B80D8F83C30A4
:10B590000BB140469847D8F854303BB3D8F85430F4
:10B5A000DA071BD5D8F800204C49052388F8353038
:10B5B0001368A1FB051523F00103AD0A136002E037
:10B5C0001368DB0704D5019B0133AB420193F7D924
:10B5D0000122002388F8352088F83430D8F84C3020
:10B5E00023B1404602B0BDE8F041184702B0BDE8C3
:10B5F000F081B2600A6812F4802F0A682AD1D70558
:10B6000003D40A6822F008020A60D8F84020002A11
:10B61000A5D040469047D8F85C30A0E7B260D8F893
:10B62000542042F00402C8F854208FE7B260D8F8E2
:10B63000542042F00202C8F854207EE70F6827F039
:10B6400004070F60B260D8F8542042F00102C8F835
:10B65000542069E71203D8D5D8F84820002AD8D159
:10B660007DE70A6822F016020A604A6922F0800229
:10B670004A61D8F8402052B30A6822F008020A60F2
:10B680003F2202FA03F3D8F85010B36001220023DE
:10B6900088F8352088F834300029A7D0404602B019
:10B6A000BDE8F041084713F480737FF46FAF0A6878
:10B6B00022F010020A60012288F8352088F8343020
:10B6C00064E7D8F84430002B7FF463AF63E7D8F821
:10B6D0004820002AD0D1D3E700000020B5814E1BBE
:10B6E00090F83500704700BF406D70472DE9F84372
:10B6F0000546894617464FF010082B689E6916F0DC
:10B70000040640F083809C6914F0100469D05A68E4
:10B71000940103D45A6842F480425A600024B9F17B
:10B72000FF3F9A695FD1900673D424B99C69A10642
:10B73000FCD52022DA61C3F81C8046F00404012104
:10B740009A69D00530D54FF480715605D96144F01F
:10B75000010404D54FF48061D96144F008049105D7
:10B7600004D54FF4007244F00204DA619A69960736
:10B7700044BF00229A629A69D00703D49A6942F0C2
:10B7800001029A615A68304802405A606B6C00218D
:10B7900020221C436C6485F8401085F8412085F810
:10B7A00042100120BDE8F8835005D3D49205D8D4C7
:10B7B0000029DBD19A6992062ED4FFF78FF8C01BBF
:10B7C000484502D8B9F1000F97D16B6C2022134382
:10B7D00000216B6485F8401085F841200120BDE808
:10B7E000F8832146ACE7920613D4002CA3D1FFF7CF
:10B7F00075F8C01B814506D3B9F1000F04BF2026A0
:10B8000001242B688BE720260124FAE70020BDE8FD
:10B81000F883002C8DD08EE79A69510702D52A8DC6
:10B82000002AF3D12024DC615968074A1140002224
:10B8300059606A6485F8402085F8414085F84220C7
:10B840000120BDE8F88300BF00E800FE2DE9F843C1
:10B850000746884616464FF010093B689D6915F06B
:10B86000020540F085809C6914F010046BD05A6882
:10B87000910103D45A6842F480425A600024B8F11E
:10B88000FF3F9A6961D1920675D424B99C69A406D8
:10B89000FCD52022DA61C3F81C9045F00404012293
:10B8A0009D69E90530D54FF480726805DA6144F08E
:10B8B000010404D54FF48062DA6144F00804AD0558
:10B8C00004D54FF4007244F00204DA619A699107DA
:10B8D00044BF00229A629A69D20703D49A6942F05F
:10B8E00001029A615A68254802405A607B6C002127
:10B8F00020221C437C6487F8401087F841200120F7
:10B9000087F84210BDE8F8836905D3D4A805D8D4D8
:10B91000002ADBD1B8F1FF3FA0D0FEF7DFFF801B8C
:10B92000404502D8B8F1000F97D17B6C002243F05C
:10B93000200320217B6487F8402087F841100120F4
:10B9400087F84220DEE72246AAE7900613D4002CAF
:10B95000A1D1FEF7C3FF801B804506D3B8F1000FCD
:10B9600004BF202501243B6889E720250124FAE74C
:10B970000020BDE8F883002C8BD08CE700E800FEA7
:10B980002DE9F8430546894617464FF010082B6805
:10B990009E6916F0200640F083809C6914F0100424
:10B9A00069D05A68940103D45A6842F480425A60BC
:10B9B0000024B9F1FF3F9A695FD1900673D424B98E
:10B9C0009C69A106FCD52022DA61C3F81C8046F0F0
:10B9D000040401219A69D00530D54FF480715605D1
:10B9E000D96144F0010404D54FF48061D96144F079
:10B9F0000804960504D54FF4007244F00204DA619D
:10BA00009A69910744BF00229A629A69D20703D4C7
:10BA10009A6942F001029A615A68244802405A60C9
:10BA20006B6C002120221C436C6485F8401085F863
:10BA3000412085F842100120BDE8F8835005D3D499
:10BA40009005D8D40029DBD1FEF748FFC01B48453C
:10BA500002D8B9F1000F9AD16B6C002243F0200399
:10BA600020216B6485F8402085F8411085F842203C
:10BA70000120BDE8F8832146ACE7920613D4002CE0
:10BA8000A3D1FEF72BFFC01B814506D3B9F1000FF0
:10BA900004BF202601242B688BE720260124FAE727
:10BAA0000020BDE8F883002C8DD08EE700E800FE72
:10BAB00000284FD010B590F84130044603F0FF0243
:10BAC000002B42D02368242284F841201968626840
:10BAD00021F0010122F0706219601A619A68E16830
:10BAE00022F4004201299A60A2682AD042F404425A
:10BAF00002299A6004BF4FF400625A6059682269B3
:10BB000041F0007141F4004159606169D8680A430D
:10BB1000A16920F4004042EA0122E169D860206A6C
:10BB2000DA6001431960196841F0010119600022CF
:10BB30002023626484F84130226384F84220104656
:10BB400010BD42F400429A60D8E780F84020FDF72B
:10BB500081FAB7E7012070472DE9F047984690F841
:10BB60004130089E202B40F08E8090F84030012B11
:10BB7000044600F08880012380F84030894617464B
:10BB8000FEF7ACFE054604E0FEF7A8FE401B1928B0
:10BB90007CD82368986910F40040F5D1212284F8FC
:10BBA0004120102284F842206064A4F82A80628D2B
:10BBB000676292B2FF2A6063C9F3090775D8628D84
:10BBC0004E4892B22285D1B25A6802403A4342EAC4
:10BBD000014242F0007242F400525A60638D9BB2FF
:10BBE000002B3BD0DFF81C81DFF81CA14FF0FF09D0
:10BBF00003E0638D9BB2002B30D02A4631462046AD
:10BC0000FFF724FE002876D1606A216810F8013B16
:10BC10008B62628D238D6062013A92B26285628D81
:10BC2000013B9BB292B22385002AE2D0002BE0D1E7
:10BC3000701C46D18B691A06FCD5638D9BB2FF2B15
:10BC40004BD94B68A4F8289003EA08033B4343EA26
:10BC50000A034B60638D9BB2002BCED12A4631463E
:10BC60002046FFF78DFE002845D12368244D202172
:10BC7000D9615A682A405A6084F8411084F840001B
:10BC800084F8420000E00220BDE8F087636C0022E7
:10BC900043F020032021636484F8402084F841109D
:10BCA00084F842200120BDE8F0875A6813490A4011
:10BCB0003A4342F0FF7242F49032FF2121855A60EC
:10BCC0008CE78B691B06B8D4FEF708FE401B864242
:10BCD000DCD3002EDAD02168AAE7638D9BB22385DE
:10BCE000DAB24B6803EA080343EA02433B4343F0FA
:10BCF00000734B607DE70120BDE8F087009800FCF1
:10BD000000E800FE009C00FC0000FF012DE9F04768
:10BD1000984690F84130089E202B40F0928090F891
:10BD20004030012B044600F08C80012380F8403025
:10BD300089461746FEF7D2FD054605E0FEF7CEFD23
:10BD4000401B192800F28A802368986910F400408B
:10BD5000F4D1222284F84120102284F84220606429
:10BD6000A4F82A80628D676292B2FF2A6063C9F3E9
:10BD7000090700F28280628D4E4892B22285D1B2CC
:10BD80005A6802403A4342EA014242F0007242F4E9
:10BD900010525A60638D9BB2002B3DD0DFF81C819E
:10BDA000DFF81CA14FF0FF0903E0638D9BB2002B6D
:10BDB00032D02A4631462046FFF798FC002876D13B
:10BDC0002268636A526A1A70628D238D616A013A31
:10BDD00092B26285628D013B01319BB292B2616287
:10BDE0002385002AE1D0002BDFD1701C22682BD1E3
:10BDF00093691906FCD5638D9BB2FF2B49D9536813
:10BE0000A4F8289003EA08033B4343EA0A0353607B
:10BE1000638D9BB2002BCCD12A4631462046FFF7DA
:10BE2000AFFD002843D12368234D2021D9615A68F2
:10BE30002A405A6084F8411084F8400084F8420097
:10BE400000E00220BDE8F08793691B06D3D4FEF71B
:10BE500045FD401B864201D3002EC6D1636C0022F3
:10BE600043F020032021636484F8402084F84110CB
:10BE700084F842200120BDE8F0875A680D490A4045
:10BE80003A4342F0FF7242F49232FF2121855A6018
:10BE900080E7638D9BB22385D9B2536803EA080318
:10BEA00043EA01433B4343F0007353607DE70120C5
:10BEB000BDE8F087009800FC00E800FE009C00FC54
:10BEC0000000FF0190F84120202A23D15FFA82FC74
:10BED00090F84020012A03461CD00268242000B5B7
:10BEE00083F84100106820F001001060106820F411
:10BEF0008050106010680143116011684FF0000E0F
:10BF000041F00101116083F841C083F840E07046C0
:10BF10005DF804FB022070472DE9F04F00220C6809
:10BF2000DFF814A27D4E85B01346894605E0013343
:10BF3000102B02F1020200F084800121994001EAF5
:10BF4000040BA143F3D1D9F804C00CF003014D1E3A
:10BF5000012D79D9032940F0B9809140CD4307687C
:10BF60003D4029431CF4403F0160E0D00021039193
:10BF7000DAF8441041F48041CAF84410DAF8441069
:10BF800001F480410391039923F0030101F1804101
:10BF900001F59C3103F00307D1F808E0BF000F253D
:10BFA000BD402EEA05085E4DA8421FD005F580650C
:10BFB000A84200F08F805B4DA84200F092805A4D5D
:10BFC000A84200F09580594DA84200F09880584D45
:10BFD000A84200F09B80574DA8420CBF4FF0060EC0
:10BFE0004FF0070E0EFA07F748EA0708C1F8088075
:10BFF000B1686FEA0B071CF4801F0CBF39404BEA95
:10C000000101B160F5681CF4001F0CBF3D404BEA14
:10C010000505F56075681CF4003F0CBF3D404BEA18
:10C020000505756031681CF4803F03F101030CBF06
:10C0300039404BEA0101102B316002F102027FF41A
:10C040007CAF05B0BDE8F08FD9F80C50876805FAD1
:10C0500002F8032505FA02FE27EA0E0748EA070759
:10C06000876047686FEA0E0527EA0B0ECCF30017CE
:10C070009F4047EA0E074760C76807EA050ED9F8F0
:10C080000870974047EA0E070229C76001FA02F1DB
:10C090007FF465AF4FEAD30E00EB8E0E03F0070876
:10C0A000DEF820700097D9F810704FEA880807FA78
:10C0B00008F701970F2707FA08F8009F27EA0808F2
:10C0C000019F47EA0807CEF8207048E7032595400E
:10C0D000ED43D1E74FF0010E0EFA07F748EA0708E3
:10C0E00084E74FF0020E0EFA07F748EA07087DE7EB
:10C0F0004FF0030E0EFA07F748EA070876E74FF00D
:10C10000040E0EFA07F748EA07086FE74FF0050E2E
:10C110000EFA07F748EA070868E700BF003C01404D
:10C120000000024000080240000C024000100240E3
:10C130000014024000180240003802402DE9F04F80
:10C140000023DFF85091DFF85081DFF850A183B071
:10C15000012702E00133102B75D007FA03F232EA0F
:10C16000010402EA010CF5D123F0030505F1804535
:10C1700005F59C3503F00304D5F808E0A4000F266C
:10C18000A6404845019606EA0E0E5FD050455FD0A6
:10C190003B4EB0425FD03B4EB04261D03A4EB042CF
:10C1A00063D03A4EB04265D0394EB04214BF4FF022
:10C1B000070B4FF0060B0BFA04F4A6451CD1D8F878
:10C1C0000040019E24EA0C04C8F80040D8F804405E
:10C1D00024EA0C04C8F80440D8F80C4024EA0C0403
:10C1E000C8F80C40D8F8084024EA0C04C8F8084005
:10C1F000AC6824EA0606AE60056803265C0006FA11
:10C2000004F425EA0405056023FA06F500EB85052C
:10C2100003F0070C2E6A4FEA8C0E4FF00F0C0CFA4D
:10C220000EFC26EA0C062E62C56825EA0405C560E8
:10C23000456825EA020242608268013322EA04046A
:10C24000102B846089D103B0BDE8F08F0024B4E7DF
:10C2500007FA04F4B1E74FF0020B0BFA04F4ACE771
:10C260004FF0030B0BFA04F4A7E74FF0040B0BFAA3
:10C2700004F4A2E74FF0050B0BFA04F49DE700BFAE
:10C2800000080240000C024000100240001402406E
:10C290000018024000000240003C0140000402403F
:10C2A00002B9090481617047704700BF044A5169AF
:10C2B000014200D1704708B55061FFF7F5FF08BD96
:10C2C000003C0140002800F0B98070B590F83D3086
:10C2D000044603F0FF02002B00F09880236824221C
:10C2E00084F83D201A6822F001021A601A6842F4AC
:10C2F00000421A601A6822F400421A6001F052FDEE
:10C3000063684F498B424FD84E4A90427CD94E4D7C
:10C310005A00A5FB0035431EB3FBF2F322685068B8
:10C3200020F03F0040EA95405060A90C01F1010C5B
:10C33000116A21F03F0141EA0C011162D16940F616
:10C34000FC7E013321F44F4113EA0E0F21F0FF016F
:10C3500061D104230B43D361D4E90730116803434F
:10C3600021F0C0010B4313609168D4E9030321F469
:10C370000341034321F0FF010B439360D4E90530EF
:10C38000D168034321F0FF010B43D3601168002300
:10C3900041F0010120201160236484F83D002363F3
:10C3A00084F83E30184670BD284A90422CD9264D5C
:10C3B000274EA5FB002C2268556825F03F0545EA6D
:10C3C0009C4555604FEA9C414FF4967505FB01F181
:10C3D000A6FB0151156A890925F03F050131294362
:10C3E0001162D169A56821F44F4121F0FF01ADB977
:10C3F000013803EB4303B0FBF3F30133C3F30B0347
:10C40000D3B143F40043A5E7012070BD80F83C2080
:10C41000FDF70EFB62E7C3F30B039BE703EB83031C
:10C42000013803EB8303B0FBF3F30133C3F30B03D6
:10C4300013B143F440438DE701238BE7012070479C
:10C44000A08601007F841E0083DE1B43FF083D00A1
:10C45000D34D6210B0B10268242310B580F83D308E
:10C46000136823F0010304461360FDF7EDFB00237E
:10C47000236484F83C3084F83D30236384F83E30F4
:10C48000184610BD012070472DE9F04F054683B0D6
:10C4900099460C9F88469246FEF720FA95F83D3063
:10C4A000202B03D0022003B0BDE8F08F064605E044
:10C4B000FEF714FA801B192800F2F5802C68A36996
:10C4C0006FEA030C1CF0020BF2D095F83C30012B04
:10C4D000E8D0012385F83C302368D9076FD523685D
:10C4E000974A23F400632360212385F83D3010230D
:10C4F00085F83E3000232B64A5F82A906B8DEA6204
:10C500002B85EB6AC5F824A0082B06D0012B04D09C
:10C51000934202D02B6B122B03D1236843F4807318
:10C5200023607B1C3DD16369D807FCD52B69B3F52B
:10C53000804F49D108F0FE012161781C04D0D8E079
:10C5400063695A0500F1BD8063699907F8D5002336
:10C55000019363690193A36901932B8D019A002BC9
:10C5600074D0791C7FD163691A0641D463695B0575
:10C57000F9D5002220236FF4806161612A6385F878
:10C580003D3085F83E202B6C85F83C2043F00403B9
:10C590002B642B6C042B00F0E480012003B0BDE879
:10C5A000F08F6369D907C1D4FEF798F9801B8742E1
:10C5B000C0F0AF80002F00F0AC802C68B1E723689A
:10C5C00043F0010323608AE74FEAE81303F0060310
:10C5D00043F0F00323617B1C03D0B3E0636959058A
:10C5E0006FD463691807F9D55FFA88F32361A4E76C
:10C5F000686AB5F828C001460CF1FF3211F8013B1A
:10C6000023616B8D6962013B9BB26B85636992B25A
:10C6100059072A850CD55AB1437823616B8D013BAC
:10C62000ACF1020C02309BB2A5F828C068626B85A1
:10C63000781C28D16369590705D463695A0598D4D1
:10C6400063695907F9D52B8D002B8AD12368002007
:10C6500043F400732022236085F83D2085F83C00D8
:10C6600085F83E001FE763691806C1D46369580561
:10C670003FF57FAFFEF732F9801B874278D3002F5A
:10C6800076D02C686DE763695B07DCD463695B0572
:10C690003FF56FAFFEF722F9801B874268D3002F6A
:10C6A00066D02C68C4E72023C5F830B085F83D304B
:10C6B00085F83EB02B6C85F83CB043F020032B642A
:10C6C000F0E6236843F40073236000226FF4806176
:10C6D000202361612A6385F83D3085F83E202B6C6C
:10C6E00085F83C2043F0040301202B6403B0BDE82F
:10C6F000F08F63699B073FF52AAF63695B05E0D460
:10C70000FEF7ECF8801B874240D3002F3ED02C6808
:10C7100013E7002320222B6385F83D2085F83E3067
:10C720002A6C296885F83C3042F020022A640B68A4
:10C73000DA057FF532AF4FF400732B642DE700BFAD
:10C740000000FFFF63691A073FF54EAF63695A05A2
:10C75000B7D4FEF7C3F8801B874217D3B7B12C6854
:10C7600039E72A68136843F40073012013609AE6DE
:10C77000002220232A6385F83D3085F83E202B6C6B
:10C7800085F83C2043F020032B6402E7002220239D
:10C790002A6385F83D3085F83E202B6C85F83C20D7
:10C7A00043F020032B6401207DE600BF2DE9F04F0C
:10C7B000054687B09946109E88469246FEF78EF849
:10C7C00095F83D30202B03D0022007B0BDE8F08F54
:10C7D000074605E0FEF782F8C01B192800F2A78083
:10C7E0002C68A069C04310F0020BF3D095F83C30E0
:10C7F000012BE9D0012385F83C302368DB0760D5A5
:10C8000023688D4A23F400632360222385F83D309A
:10C81000102385F83E3000232B64A5F82A906B8DF9
:10C82000EA62EA6A2B852368C5F824A043F4806392
:10C83000082A236007D0012A05D012F5803F02D0D4
:10C840002B6B112B03D1236843F480732360701C7E
:10C8500029D16369D907FCD52B69B3F5804F35D150
:10C8600048F00103DBB22361721C03D007E1636966
:10C8700058056AD463699B07F9D52B8D002B7CD1B1
:10C88000019363690193A3690193019B236843F4B6
:10C89000007323600020202385F83D3085F83C009C
:10C8A00085F83E0091E76369DA07D5D4FEF716F8FC
:10C8B000C01B8642C0F00C81002E00F009812C685C
:10C8C000C5E7236843F00103236099E74FEAE819BD
:10C8D00009F0060949F0F0032361701C03D01DE143
:10C8E00063695A0531D463691907F9D55FFA88F38A
:10C8F0002361711C03D0A6E163695B0525D46369DC
:10C900009A07F9D50023059363690593A3690593F5
:10C91000059B236843F480732360721C40F0A6815A
:10C920006369DB07FCD549F0F10323619CE7202311
:10C93000C5F830B085F83D3085F83EB02B6C85F8F1
:10C940003CB043F020032B643EE7236843F40073BC
:10C95000236000226FF48061202361612A6385F8DF
:10C960003D3085F83E202B6C85F83C2043F00403D5
:10C9700001202B6407B0BDE8F08F012B226800F086
:10C980005381022B00F00B8142F48062226000226E
:10C99000049262690492A2690492049A032B48D813
:10C9A000012B00F02881022B00F0D480721C40F093
:10C9B000058163695B07FCD523686A6A23F4806399
:10C9C0002360236913706B8D696A2A8D013B0131E5
:10C9D000013A9BB269622A856B85711C2A6840F016
:10C9E000FC8053695B07FCD51368696A43F40073E4
:10C9F000136013690B706B8D696A2A8D2868013B7F
:10CA00009BB26B850069531E4C1C6C622B85487071
:10CA10002B8D6A8D696A013B013A01319BB292B25A
:10CA200069622B856A85002B3FF434AF032B2C6899
:10CA3000B6D966B933E000BF0000FFFF6369DB06CB
:10CA40005CD4FDF74BFFC01B864230D32C68636972
:10CA50005A06F3D56B6A22691A706A8D28682B8D85
:10CA6000696A013A92B26A854269013B4C1C9BB2E9
:10CA700052076C622B85D6D503694B7083E06369DE
:10CA800099073FF5FAAE636959053FF55EAFFDF7CB
:10CA900025FFC01B86420AD34EB12C68E4E66369C9
:10CAA0005906D7D46369D80628D4FDF717FF0022AA
:10CAB00020232A6385F83D3085F83E202B6C85F8CD
:10CAC0003C2043F0200301202B6407B0BDE8F08F29
:10CAD000002320222B6385F83D2085F83E302A6C08
:10CAE000296885F83C3042F020022A640B68D90599
:10CAF00012D54FF400732B64012066E60023202238
:10CB00006FF0100161612B6385F83D2085F83E30A0
:10CB10002A6C2A6485F83C30012056E663691B07BD
:10CB20003FF5E4AE63695B053FF50FAFFDF7D6FE59
:10CB3000C01B8642BBD3002EB9D02C68CDE66369FA
:10CB400059070CD4FDF7CAFEC01B8642AFD3002E96
:10CB5000ADD02C68731CF2D163695807FCD52368EB
:10CB600043F4007323606B6A22691A706A6A531C6B
:10CB70006B622B8D013B2B856B8D013B9BB26B85D3
:10CB80002B681B6953702B8D6A8D696A013B013AD2
:10CB900001319BB292B269626A852B8543E722F428
:10CBA00080622260226842F40062226000220392C6
:10CBB00062690392A2690392039AEFE663695807D8
:10CBC0003FF5FAAEFDF78AFEC01B8642FFF46FAF59
:10CBD000002E3FF46CAF2C68E8E653695C073FF524
:10CBE00003AFFDF77BFEC01B8642FFF460AF002E53
:10CBF0007FF4F3AE5BE75EB911E06369D9063FF5F8
:10CC00007DAFFDF76BFEC01B8642FFF450AF2C6872
:10CC100063695806F1D56B6A22691A70B3E76369D4
:10CC20005A067FF53FAFF6E722F4806222600022C9
:10CC3000029262690292A2690292029A226842F406
:10CC400000722260AAE6636998073FF55BAE6369EC
:10CC500058053FF57AAEFDF741FEC01B8642FFF452
:10CC600026AF002E3FF423AF2C6842E66369D80755
:10CC70003FF559AEFDF732FEC01B8642FFF428AFE8
:10CC8000002E3FF425AF2C6847E600BF70B582B098
:10CC900005460020019095F83D00202825D14D48FB
:10CCA0004D4C0068C008A4FB0040000A00EB800067
:10CCB00000EB8000019003E02C68A069860717D57F
:10CCC000019C013C019401980028F5D120232863A0
:10CCD00085F83D3085F83E002B6C85F83C0043F02C
:10CCE00020032B64012002B070BD022002B070BD91
:10CCF00095F83C000128F8D0012085F83C00206818
:10CD0000C00703D4206840F001002060206820F4B0
:10CD100000602060222085F83D000026102085F864
:10CD20003E002E646B85688D6A6283B22B48E86290
:10CD30002B8569641BB3A86B00283DD004F110015A
:10CD4000274CC463274C8664C0E910660665C4643A
:10CD5000FEF73CFB18BB2B681A6842F480621A602D
:10CD60001A6842F480721A6085F83C005A6842F4EE
:10CD700040725A605A6842F400625A60B3E785F81C
:10CD80003C30626842F4E06262601846236843F413
:10CD900080632360236843F480732360A3E7202328
:10CDA00085F83D3085F83E602B6C85F83C6043F09B
:10CDB00010032B64012096E7202385F83D3085F889
:10CDC0003E002B6C85F83C0043F080032B6401206F
:10CDD00089E700BF0000002089B5F8140000FFFFBC
:10CDE00011CF0008C9CE0008704700BF704700BFD0
:10CDF000704700BF704700BF704700BF704700BF5B
:10CE0000704700BF90F83D20016D034659B9C26CD0
:10CE10000168012A826C0DD0C2F307220A61026DFB
:10CE2000013202657047016D012909D0016D0229A7
:10CE30000ED07047D2B20A61026D023202657047AD
:10CE4000826C0168D2B20A61026D013202657047DC
:10CE5000D2B2222A1FD0418D89B2C1B9418D89B287
:10CE60000029E6D1212AE4D1026810B5546824F4DF
:10CE7000E0645460146844F4007414602022016378
:10CE800080F83D2080F83E10FFF7BAFF10BD212A40
:10CE90000AD05B8D704701680A6842F480720A60AC
:10CEA000026D013202657047416A026811F8010B98
:10CEB00010615A8D5962013A92B25A85704700BF8B
:10CEC000704700BF704700BF10B5846B636B0BB138
:10CED0000022DA63A36B0BB10022DA63FEF704FCD5
:10CEE000022800D110BD21680B680022202023F405
:10CEF00080630B60628584F83D0084F83E20236CDB
:10CF000043F0100320462364FFF7DCFF10BD00BF91
:10CF100070B5846B94F83D20236894F83E10E56A60
:10CF2000C8B2596821F440715960616BD2B209B13D
:10CF30000026CE63A16B09B10026CE6302F0210169
:10CF4000212939D002F02201222933D094F83E2041
:10CF50007AB3628D92B2012A3DD05A6815F5803FAE
:10CF600022F440725A6006D0082D04D0B5F12A4F41
:10CF700001D0202D03D11A6842F400721A605A6859
:10CF800022F480525A605A68002122F400625A60EA
:10CF90006185236C23BB202284F83D2094F83E2039
:10CFA000402A35D0122284F83E3020462263FFF713
:10CFB0001DFF70BD2028C9D15968002021F40061EF
:10CFC000292A596060850FD02A2A17D05A6842F45E
:10CFD00040725A6070BD1A6822F480621A60BCE721
:10CFE0002046FFF76FFF70BD2823212222632046D1
:10CFF00084F83D30FFF7FCFE2368E7E72823222270
:10D000002263204684F83D30FFF7F4FE2368DDE715
:10D0100084F83E3020462363FFF752FF70BD00BF07
:10D02000704700BF70B53A4B3A491B68806B82B0BD
:10D03000DB080022A1FB031301921B0A90F83D10AC
:10D04000026803EB8303C3EBC303C9B2019305E09A
:10D05000019B013B019313689B0506D5019B002BA7
:10D06000F6D1036C43F020030364446B4CB3836B31
:10D070000025E563F3B11668DD6326F4806616606B
:10D080004585256500241C65136823F001031360A2
:10D0900090F83D30602B2AD001F02801282919D0C2
:10D0A0002022002380F83D2080F83E30FFF70AFF61
:10D0B00002B070BD156825F4806515604385236551
:10D0C000E2E7836BF3B11568DC6325F480651560D6
:10D0D0004485D7E7136843F0010313601368002405
:10D0E00043F480631360046380F83D10DEE700239F
:10D0F000202280F83D2080F83E300364FFF790FF47
:10D1000002B070BD146824F4806414604385BBE7EA
:10D110000000002089B5F81410B590F83D2090F873
:10D120003E30102B0446D2B239D0D9B2402936D085
:10D1300002F0280128293DD023685968080507D442
:10D14000602A05D02021002284F83D1084F83E207A
:10D15000002222635A6812F4006234D194F83D1020
:10D16000602975D05A69500605D5626A1B6913702B
:10D17000636A013363622046FFF7A4FE236C19073C
:10D1800004D02268536823F4E063536094F83D3080
:10D19000226C5207DBB201D5282B2FD010BD222ADA
:10D1A000C6D123681A6822F400621A605A68120510
:10D1B000C8D5CDE700232363236884F83D105A685F
:10D1C00012F40062CAD05A68606B22F400625A609E
:10D1D00090F83530012B1ED0284B0365FEF77EF901
:10D1E0000028CBD02268606B1368202123F0010354
:10D1F000136084F83D10036D9847BFE70023204972
:10D20000E16220222363204684F83D2084F83E30EA
:10D21000FFF7F4FD10BDA06B184B0365FEF75EF938
:10D220000028ABD023685A69510606D5626A1B698B
:10D230001370626A2368013262621A68A06B22F07E
:10D24000010220211A6084F83D10036D984795E78C
:10D25000202184F83D1022645A69520606D5626A7C
:10D260001B691370626A2368013262621A6822F0D5
:10D27000010220461A60FFF7D3FE7FE725D00008A1
:10D280000000FFFF70B5036804465868E56A94F82B
:10D290003E1094F83D2010298EB0D2B25FFA81FC86
:10D2A00024D0BCF1400F21D0216C002900F09680E1
:10D2B0005969002511F0020FC1F3400659D08605C7
:10D2C00059D5226C02B19D6994F83D2002F02802E4
:10D2D000282A00F01F8200220C9259690C919B6948
:10D2E0000C930C9B84F83C200EB070BD9E6959696C
:10D2F00011F0010F1AD1B5F52A0FF5D0B5F12A4F6B
:10D30000F2D00D076DD5850540F18380626C616BAD
:10D31000D2B21A61002900F0E481CA6B002A00F041
:10D32000E0815A6842F400625A60DDE785056ED5F7
:10D33000E26AB2F52A0F00F0EA81E26AB2F12A4FFE
:10D3400004BF0822E26294F83E20402A00F0D8810F
:10D350002269B2F5804F00F0B381226D002A40F0BF
:10D36000EF81626CD21102F0060242F0F0021A6103
:10D37000BAE7CD067CD402F0F702212A00F0F5804E
:10D380004E0640F13281450540F12F81490700F1F9
:10D390002F8194F83D10628D92B2C9B2002AA3D0B9
:10D3A000626A1B691370638D626A013B9BB263857D
:10D3B000638D01329BB26262002B95D12A2993D1F1
:10D3C000226853682225282123F480635360204675
:10D3D000256384F83D10FFF70DFD85E79D695969C8
:10D3E00068E78D0715D5850513D594F83E20E06ACA
:10D3F000256B94F83D102229D2B200F0B3810022AF
:10D400000A925A690A929B690A930A9B6CE70D0774
:10D41000E7D5750740F1F5805D682E053FF564AFEF
:10D420000D0640F11581460540F112814D0700F1CE
:10D43000128194F83D20208D94F83E10E56AD2B216
:10D44000C9B2002840F03B82212A00F041834029E4
:10D450007FF44AAF222A7FF447AF628D92B2002A4E
:10D4600000F0708294F83E20402A40F0B480FCE046
:10D47000850580D594F83D505A6822F4E0625A60E0
:10D480000D965A690D921A6842F001021A600D9ABF
:10D490001A6822F480621A605A681105EDB221D52B
:10D4A00005F0F702222A00F07A81606B0268526868
:10D4B00092B26285628D92B21AB1226C42F004027D
:10D4C00022645A6822F400625A60FEF709F90128C2
:10D4D00008D0606B994B0365FEF700F810B1606BE4
:10D4E000036D9847638D9BB213B323685A69520743
:10D4F0000AD5626A1B691370628D636A013A591C0E
:10D5000092B22368616262855A69560609D5626AD9
:10D510001B691370638D626A013B01329BB26262C8
:10D520006385638D9BB21BB1236C43F004032364BA
:10D53000236C002B40F0DE802A2D00F0518194F8FE
:10D540003D30282B00F05481236B222B02D0222D5A
:10D550007FF4CAAE002320222363204684F83D20B6
:10D5600084F83E30FFF746FCBEE60D0628D546059A
:10D5700026D54D0727D494F83D00618D89B2C0B2FD
:10D5800000293FF4B1AE616A11F8015B1D6161626F
:10D59000618D013989B26185618D89B200297FF47D
:10D5A000A3AE29287FF4A0AE5968282521F4806114
:10D5B00059602046226384F83D50FFF719FC93E63A
:10D5C00049077FF591AE82057FF58EAE628D92B2EE
:10D5D000002A3FF489AE626A12F8011B1961638D5B
:10D5E0006262013B9BB263857EE64A077FF57CAEB3
:10D5F00086057FF579AE628D92B2002A3FF474AE53
:10D600001BE05A6815053FF56FAE4A0633D449074B
:10D610007FF56AAE82057FF567AEE16A628D92B2F0
:10D62000042A00F01981628D92B2032A00F0598118
:10D63000628D92B2022A00F08A81626A1B691370BD
:10D64000638D626A013B01329BB2626263854BE685
:10D6500049077FF549AE86057FF546AE212A00F0E1
:10D660000381BCF1400F7FF43FAE20460EB0BDE811
:10D670007040FFF7C7BB4605C9D54D07C1F380020F
:10D68000C8D494F83D1022297FF42EAE618D89B262
:10D69000032940F2CC81626A1B691370638D626A50
:10D6A000013B9BB26385638D9BB20132032B6262A7
:10D6B0007FF41AAE2268536823F48063536013E644
:10D6C00094F83D20212A626C16BF42F0010202F05C
:10D6D000FE02D2B21A61626B1AB1D26B002A7FF4D9
:10D6E00020AEA26B002A3FF4FFADD26B002A7FF47C
:10D6F00018AEF9E520460EB0BDE87040FFF70CBD4E
:10D70000226D4ABB626C02F0FE021A61ECE5012256
:10D71000E26218E65A6822F480625A602E066FEAC6
:10D7200095014FF0000354BFA289228B84F83C304E
:10D7300001F001012046FFF75FFBD5E525D0000889
:10D74000226D012A7FF4D0AD626CD21102F0060284
:10D7500042F0F1021A61C7E5626C42F00102D2B2F6
:10D760001A61C1E5216D11B9402A00F0A180226D36
:10D7700022B92169B1F5404F00F0A580628D92B2C7
:10D78000002A42D103925A6903929A690392039A3A
:10D790001A6842F400721A6000232365A4E5A06BA6
:10D7A0000268526892B26285628D92B21AB1226C9E
:10D7B00042F0040222645A6822F400625A60FDF7C3
:10D7C0008FFF01283FF48EAEA06BA14B0365FDF7E0
:10D7D00085FE00283FF486AEA06B036D984781E676
:10D7E00028222363204684F83D20FFF703FBA6E6AA
:10D7F00000239849E16220222363204684F83D20DB
:10D8000084F83E30FFF7FAFA6EE5628D92B2012A93
:10D8100076D0628D92B2022A00F0EB801A6842F450
:10D8200080621A605A6812050ED510F5803F07D045
:10D8300001381F2808D8884A22FA00F0C60703D505
:10D840005A6842F480525A60002209925A69099239
:10D850009B690993099B9FE75A68616A22F4806279
:10D860005A601B690B70EBE6E16A94F83D20212AAF
:10D870007FF43AAD628D92B2002A7FF4ACAE0829F3
:10D8800000F09F80202900F09C8011F5803F00F07F
:10D890009880596821F4E0615960112020232063A9
:10D8A00084F83E20204684F83D30FFF79DFA1BE5C2
:10D8B00001915A6901929B690193019B14E5212A08
:10D8C0003FF4CBADC3E502925A6902929A69029283
:10D8D000029A1A6842F480721A60236D013323653C
:10D8E00002E55A68042922F480625A603FF4A5AE2A
:10D8F00002293FF4A2AE1A6822F480621A609CE604
:10D9000010F5803F00F00381082800F0D180202826
:10D9100000F0CE80122D00F03D81102800F23C81F5
:10D920004E4A22FA00F0C10740F136811A6842F4EB
:10D9300080621A60002206925A6906929B690693D9
:10D94000069B29E75A6822F480625A60CCE40129D8
:10D950001A6800F0D880102900F0D580042900F062
:10D960000A81022900F0078142F400721A60626A9B
:10D970001B691370638D626A2168013B9BB26385EA
:10D980000B69511C61625370638D2168626A013BAF
:10D990009BB263854B68013223F44073202062629E
:10D9A0004B6084F83D0094F83E30402B00F0C3807B
:10D9B0000022122384F83E2020462363FFF716FA44
:10D9C00092E4596821F4E06159601968002220202E
:10D9D00041F400711960226384F83D0094F83E30F0
:10D9E00084F83E20402B20467FF45FAFFFF708FA13
:10D9F0007AE4102840F2A8801A6822F480621A6043
:10DA00001A6842F400621A605A68160507D510F5C4
:10DA1000803F40F0A6805A6842F480525A6000224B
:10DA200008925A6908929B690893089BB4E6E06AD9
:10DA3000022887D0012985D809490B92096846F246
:10DA4000A810B1FBF0F101EB81010B910FE000BFD9
:10DA500025D000080000FFFF818000801400010035
:10DA6000000000201A6812F4007200F09A800B9AED
:10DA7000013A0B920B990029F4D1226C606A42F0B2
:10DA8000200222645A6822F4E0625A601B69037023
:10DA9000638D626A013B01329BB220206385626222
:10DAA00084F83D00204684F83E10FFF70BFA1BE493
:10DAB0001A68002122F480621A6007915A6907925D
:10DAC0009A690792079A1A6842F400721A6063E62C
:10DAD000082D3FF476AF202D3FF473AF15F5803F4E
:10DAE0003FF46FAF5A6822F4E0625A6011200021BF
:10DAF0002023206384F83E10204684F83D30FFF751
:10DB000073F9FFF7F1BB22F480621A602FE71A68FD
:10DB100022F480621A605A6812F400622FD01A68E8
:10DB2000002122F480621A6004915A6904929B6970
:10DB30000493049B30E6002384F83E3020462363A0
:10DB4000FFF7BEF9FFF7D0BB274AC240D2077FF5E7
:10DB500053AF1A6842F480621A605A6815057FF55F
:10DB60005EAF01381F283FF65AAF204AC240D107A6
:10DB70007FF555AF4FE742F480621A60F7E60592F1
:10DB80005A6905929A690592059A1A6842F40072D8
:10DB90001A6001E601288BD11A6822F480621A60AB
:10DBA000C8E61968606A21F480611960596821F437
:10DBB000E06159601B690370638D013B20219BB2BA
:10DBC000638584F83D10636A94F83E100133402960
:10DBD00063627FF4EEAE84F83E2020462263FFF7B6
:10DBE0006FF9FFF781BB00BF140001008180008046
:10DBF00030B583B0194B1A491A4D002201921A6CA4
:10DC000042F080521A641B6C03F08053019301228E
:10DC1000019B0A64FCF762FE044605E0FCF75EFE29
:10DC2000001BB0F57A7F16D86B68DA03F6D50C4B7B
:10DC30000C4D01225A64FCF751FE044605E0FCF746
:10DC40004DFE001BB0F57A7F05D86B689B03F6D5B7
:10DC5000002003B030BD032003B030BD00380240C7
:10DC600000000E4200700040002800F08780484A03
:10DC7000136803F00F038B422DE9F0410D46044673
:10DC800009D2CBB21370136803F00F038B4202D09A
:10DC90000120BDE8F0812368980714D5590704D501
:10DCA0003C498A6842F4E0528A601A0704D539492F
:10DCB0008A6842F460428A603649A0688A6822F025
:10DCC000F00202438A60DF0721D56268012A57D03B
:10DCD000931E012B2F4B1B684DD99907D8D52D4E7C
:10DCE000B36823F003031343B360FCF7F7FD41F27D
:10DCF0008838074604E0FCF7F1FDC01B404544D8D6
:10DD0000B368626803F00C03B3EB820FF3D1204ACF
:10DD1000136803F00F03AB4206D9EBB2137013681C
:10DD200003F00F03AB42B3D123685A0706D5194954
:10DD3000E0688A6822F4E05202438A601B0707D534
:10DD4000144A2169936823F4604343EAC103936052
:10DD500000F082FA0F4A104C92681049C2F3031285
:10DD60000346A25C0E48D34000680B60FCF7CAF97A
:10DD70000020BDE8F0819801B1D489E70120704707
:10DD8000044B1B689E03AAD482E7032081E700BFEF
:10DD9000003C02400038024034C602080000002067
:10DDA00008000020044B05499B68054A0868C3F336
:10DDB0008223D35CD8407047003802400000002026
:10DDC00044C60208044B05499B68054A0868C3F32A
:10DDD0004233D35CD8407047003802400000002036
:10DDE00044C602080E4B0F2202609A6802F003023A
:10DDF00042609A6802F0F00282609A6802F4E0528F
:10DE0000C2609B68DB0810B403F4E053054C036167
:10DE100023685DF8044B03F00F030B60704700BFED
:10DE200000380240003C02402DE9F043036813F043
:10DE3000010683B004460BD0A849866BD1F88C202C
:10DE400022F0C0623243B6FA86F6C1F88C20760919
:10DE50009A070BD5A149E06BD1F88C2022F0C05273
:10DE600002430028C1F88C2008BF012613F00405E6
:10DE700012D09A49256BD1F88C20B5F5801F22F479
:10DE8000401242EA050218BFB5FA85F5C1F88C20A8
:10DE900012BF6D09002501261F070FD58F48616B42
:10DEA000D0F88C2022F440020A43B1F5800FC0F86C
:10DEB0008C2000F0FE80002908BF0125980600F1A3
:10DEC000AD80DF0605D5864B94F85820C3F8E021D5
:10DED0002368180608D58149E06CD1F8942022F413
:10DEE00040020243C1F89420590608D57B49A06C32
:10DEF000D1F8942022F080620243C1F89420DA0520
:10DF00000DD57649606DD1F8942022F00062B0F111
:10DF1000006F42EA000208BF0125C1F894209F0566
:10DF200008D56E49606CD1F8942022F080520243EB
:10DF3000C1F8942058050BD56848216DD0F894207D
:10DF400022F000520A43B1F1005FC0F894200BD0D8
:10DF5000012E09D0B3F5006F06D0012D00F0E4804A
:10DF6000002003B0BDE8F0835E4B5C4F00229A6650
:10DF7000FCF7B4FC064604E0FCF7B0FC831B022B64
:10DF800042D83B681901F7D42368DA0740D5A26B61
:10DF9000002A3DD15149D1F88420D1F8840002F4FF
:10DFA000403200F07060024360680243A06842EAB9
:10DFB0008012606942EA0072C1F884205E0704D5CD
:10DFC000226BB2F5801F00F09180180704D5626BB8
:10DFD000B2F5800F00F08A80590504D5226DB2F1A8
:10DFE000005F00F004811A0565D43E4B3B4F0122CF
:10DFF0009A66FCF773FC06463B681B01ADD4FCF740
:10E000006DFC801B0228F7D9032003B0BDE8F08324
:10E010009F07D3D5E26B002AD0D1BBE72F4B324FFD
:10E02000002201921A6C42F080521A641B6C03F0B9
:10E0300080530193019B3B6843F480733B60FCF782
:10E040004DFC804605E0FCF749FCA0EB08000228E7
:10E05000DAD83B68D905F6D5204F236C3A6F12F415
:10E06000407213D003F44071914211D03B6F1D4AAE
:10E070000121C2F8401E23F440730021C2F8401E63
:10E080003B673B6FDA0700F1CB80236C03F44072EF
:10E09000B2F5407F00F0A08010498A6822F4F8129F
:10E0A0008A600E4A116FC3F30B030B431367236897
:10E0B00007E7012602E7D4E9012123691B0643EAA9
:10E0C00081131343E26861695208013A43EA01731C
:10E0D00043EA0243014AC2F8843086E7003802402E
:10E0E0000010474200004742007000405849D1F8F4
:10E0F0008420D1F8840002F4403200F0E040024372
:10E1000060680243A06842EA8012206942EA006225
:10E11000C1F88420D1F88C00A26A20F01F00013AD7
:10E120000243C1F88C2057E74A4B494E00221A6738
:10E13000FCF7D4FB054605E0FCF7D0FB401B0228AA
:10E140003FF662AF33689F00F6D42268500778D557
:10E15000236B002B75D13E49A069D1F8883003F4B8
:10E1600040330343E06943EA8013606A43EA006393
:10E17000C1F88830D1F88C30E06A23F4F8530138C4
:10E1800043EA0023C1F88C30D20514D5636DB3F196
:10E19000006F10D12E49A569D1F88830D4E9070263
:10E1A00003F070632B43520843EA8013013A43EAB9
:10E1B0000243C1F88830274B254D01221A67FCF72E
:10E1C0008DFB04462B689B003FF5CAAEFCF786FB2F
:10E1D000001B0228F6D917E71D48826823F070411A
:10E1E00021F4407122F4F8120A43826059E718487A
:10E1F0006668D0F88420C2F30142511CD0F8842014
:10E2000002F0E0423243A66842EA861242EA4162E4
:10E21000E1684908013942EA0142C0F88420E2E697
:10E22000FCF75CFB41F28839804606E0FCF756FBC0
:10E23000A0EB080048453FF6E7AE3B6F9B07F5D5DE
:10E2400023E71107A0D5636B002B9DD183E700BFA7
:10E2500000380240000047421D4908B58B6803F0B2
:10E260000C03082B1AD00C2B16D14A684B6849684E
:10E27000184813F48003C1F3881118BF002302F07B
:10E280003F02A1FB0001FAF757FC114B5B68C3F397
:10E290000273B0FBF3F008BD0E4808BD4A684B6836
:10E2A00049680C4813F48003C1F3881118BF002398
:10E2B00002F03F02A1FB0001FAF73EFC044B5B6851
:10E2C000C3F3014301335B00B0FBF3F008BD00BFB3
:10E2D000003802400024F400002800F0B3812DE94A
:10E2E000F0410368DA0782B0044636D5A2498A684D
:10E2F00002F00C02042A00F0DF808A6802F00C02AF
:10E30000082A00F0D5809C498A6802F00C020C2A89
:10E3100000F005816368B3F5803F00F01981B3F523
:10E32000A02F00F09681944D2A6822F480322A6052
:10E330002A6822F480222A60002B40F00E81FCF72C
:10E34000CDFA064605E0FCF7C9FA801B642800F206
:10E35000FB802B689903F6D423689A072FD5864A49
:10E36000916811F00C0F00F09880916801F00C0199
:10E37000082900F08E8080498A6802F00C020C2A7D
:10E3800000F06281E368002B00F014817B4B7A4E31
:10E3900001221A60FCF7A2FA054605E0FCF79EFA96
:10E3A000401B022800F2D08033689807F6D5336806
:10E3B000226923F0F80343EAC203336023681A0793
:10E3C00051D4580730D56C4A136C13F0805300F0C9
:10E3D0009A8000256A4E3368D90540F1A580A3686C
:10E3E000012B00F0CF80052B00F03D81624E326F93
:10E3F00022F001023267326F22F004023267002BF2
:10E4000040F0C580FCF76AFA41F28838074605E01B
:10E41000FCF764FAC01B404500F29680336F980702
:10E42000F6D4002D40F00881A069C0B1524DAB6810
:10E4300003F00C03082B00F0CE80504B0022022882
:10E440001A6600F01A81FCF749FA044604E0FCF76A
:10E4500045FA001B022877D82B689B01F7D40020CF
:10E4600002B0BDE8F0816369002B2FD0434B424ED0
:10E470000122C3F8802EFCF731FA054604E0FCF7D0
:10E480002DFA401B02285FD8736F9B07F7D52368CE
:10E4900097E7526857023FF56EAF374A1268950703
:10E4A00025D5E268012A22D0012002B0BDE8F08122
:10E4B0004A6857027FF527AF2F4A126895037FF508
:10E4C0004CAF6268002A7FF448AFEDE72B4A2A4E32
:10E4D000C2F8803EFCF702FA054604E0FCF7FEF9BC
:10E4E000401B022830D8736F9F07F7D4CFE722492B
:10E4F00020690A6822F0F80242EAC0020A601A079C
:10E500007FF55FAFAFE70193136C43F08053136463
:10E51000136C03F080530193019B01255AE74A686D
:10E5200056027FF5F7AEC7E7336843F48073336074
:10E53000FCF7D4F907463368DA053FF550AFFCF72E
:10E54000CDF9C01B0228F6D9032002B0BDE8F08146
:10E55000094A136843F480331360FCF7BFF9064E91
:10E56000054604E0FCF7BAF9401B6428ECD8336890
:10E570009803F7D5F0E600BF00380240000047429C
:10E5800000700040554A136F43F001031367FCF716
:10E59000A5F9524F064641F2883804E0FCF79EF98F
:10E5A000801B4045D0D83B6F9B07F7D5002D3FF42B
:10E5B0003BAF41E04A4A494E1360FCF78FF90546EC
:10E5C00004E0FCF78BF9401B0228BDD8336899079B
:10E5D000F7D42368F3E601283FF442AF6B68E269A1
:10E5E00003F4800191427FF45FAF226A03F03F01A0
:10E5F00091427FF459AF616A47F6C0721A40B2EB9C
:10E60000811F7FF451AFA26A520803F44031013AEE
:10E61000B1EB024F7FF448AFE16A03F07062B2EBF6
:10E62000016F7FF441AF226B03F0E043B3EB027F55
:10E6300014BF0120002013E7284A136C23F08053F5
:10E640001364F1E6012070474A6856023FF59AAE1E
:10E6500023E7224B1A6842F480221A601A6842F4B7
:10E6600080321A6079E71D4B1A6F42F004021A6774
:10E670001A6F42F001021A6789E7FCF72FF9064684
:10E6800005E0FCF72BF9801B02283FF65DAF2B68F5
:10E690009901F6D4D4E90731626A0B4343EA821345
:10E6A000D4E90A20216B43EA0063520843EA01736C
:10E6B000013A0B4943EA024301226B600A66FCF708
:10E6C0000DF9064D044605E0FCF708F9001B022889
:10E6D0003FF63AAF2B689A01F6D5C0E60038024003
:10E6E000000047422DE9F04182B01D4616460C4617
:10E6F0000746FCF7F3F835442D1AFCF7EFF8284BE2
:10E700001B68C3F3CB3305FB03F380460193731CF3
:10E71000396807D18B6834EA0303FBD0002002B0CC
:10E72000BDE8F0818B6834EA0303F7D1FCF7D6F833
:10E73000A0EB0800A84208D2019B002B019B03F12B
:10E74000FF3308BF00250193E1E7D7E900315A689C
:10E75000B1F5827F22F0E0025A6014D0BA6AB2F5B5
:10E76000005F07D00122002387F8512087F850303E
:10E770000320D4E71A6822F400521A601A6842F49F
:10E7800000521A60EEE7BA68B2F5004F02D0B2F557
:10E79000806FE3D11A6822F040021A60DEE700BF02
:10E7A0000000002000285CD0416A70B504460029B2
:10E7B00047D00023C0E9043394F851200023A3621A
:10E7C00002F0FF00002A42D09C462568A26802237E
:10E7D00084F851302B6823F040032B60636802F407
:10E7E000044203F482731343E26802F400621343A9
:10E7F000226902F002021343626902F001021A4325
:10E80000E36901F0100003F03806A169236A03F000
:10E81000800E01F4007313433343090C43EA0E03E3
:10E8200001F0040143EA0C0301432B606960EB69CA
:10E83000002023F400630122EB61606584F851201D
:10E8400070BD4368B3F5827FB6D0C161B4E784F888
:10E8500050002046FBF77CFBD4E9091303F4005C6D
:10E86000B3E70120704700BF2DE9F041044690F85E
:10E870005000012882B000F087801D46012384F8F3
:10E88000503088461746FCF729F894F85130012B90
:10E890000646D8B209D002200122002384F8512074
:10E8A00084F8503002B0BDE8F081B8F1000FF3D029
:10E8B000002FF1D0A2682068C4F830800023032123
:10E8C000B2F5004F84F85110C4E910336365A78690
:10E8D000E786A363A387E38700F0838003685B0672
:10E8E000844603D4036843F040030360E368B3F550
:10E8F000006F63684CD0002B00F09580012F00F072
:10E900009280E38E9BB2BBB1002D00F0CB806F1CD8
:10E910007ED123689A68900740F19080226B12782C
:10E920001A73E18E236B013989B2E186E18E0133DE
:10E9300089B223630029ECD16268724B72491B686B
:10E94000A1FB03135B0D4FF47A7101FB03F3B2F5E6
:10E95000827F019307D1C6E0019B2268013B0193AE
:10E9600093681B0602D5019B002BF5D1A36833B930
:10E9700022680093D368009393680093009B606DB6
:10E98000003818BF012087E7022002B0BDE8F081FF
:10E990001A46002B74D1414631F8027BC7602163CF
:10E9A000E18E013989B2E186E18E89B20029C4D0B5
:10E9B000002D00F08B80691C58D183689A0740F1C4
:10E9C0008980226B32F8023BC360E38E2263013BF5
:10E9D0009BB2E386E38E9BB2002BEED163681A46AE
:10E9E000ABE7036823F040030360036843F480430C
:10E9F000036073E7226B12781A73E38E226B013B7C
:10EA000001329BB2E3862263E38E9BB2002B93D04C
:10EA100023689A689107EDD4FBF760FF801B85425D
:10EA2000F2D8032038E798F800300373E38E226BA6
:10EA3000013B01329BB22263E38662E7FBF74EFFA4
:10EA4000E38E9BB2002B7FF464AF75E7226B32F844
:10EA5000023BCCF80C30E38E2263013B9BB2E38691
:10EA6000E38E9BB2002BB9D0D4F800C0DCF808309C
:10EA70009B07EBD4FBF732FF801B8542D1D9EFE730
:10EA8000012F91D187E7226B12781A73E38E226BE4
:10EA9000013B9BB2E386E38E01329BB22263002BE3
:10EAA0003FF44AAF23689A689207ECD4FBF716FF4D
:10EAB000B7E7216B31F8022BC260E28E2163013A85
:10EAC00092B2E286E28E92B2002A88D082689707DC
:10EAD000ECD5EEE7FBF702FFE38E9BB2002B3FF491
:10EAE0007DAF206869E733462A4680212046FFF73C
:10EAF000F9FD00283FF43AAF636D202213436365AC
:10EB0000626533E700000020819F5E162DE9F04327
:10EB1000044690F8500083B001280A9D00F08380DD
:10EB20001F46012384F8503089469046FBF7D6FEF5
:10EB3000064694F8510063680128C1B211D0B3F5BC
:10EB4000827F09D002200122002384F8512084F81A
:10EB5000503003B0BDE8F083A268002AF2D1042946
:10EB6000F0D1B9F1000F62D0B8F1000F5FD0002FE3
:10EB70005DD094F85120C4F83880042A1CBF0522C7
:10EB800084F8512000226265C4E910222268E787D8
:10EB9000E7861168A7874906C4F83090A78603D492
:10EBA000116841F040011160E168B1F5006F4ED08D
:10EBB000002B3ED0012F3CD00127E38E9BB21BB926
:10EBC000E38F9BB2002B7FD02268936899070FD503
:10EBD000E38E9BB263B15FB1236B1B781373E38E3B
:10EBE000226B013B01329BB222632268E38600273D
:10EBF000936813F001030DD0E18F89B251B11F4624
:10EC0000A36BD2681A70A36B0133A363E38F013B3C
:10EC10009BB2E387FBF762FE801BA84214D36A1CF9
:10EC2000CBD003208FE7022003B0BDE8F0830120A2
:10EC300089E799F800301373E38E226B013B0132B0
:10EC40009BB22263E386B7E7002DB6D1E9E7002B3C
:10EC50006CD1494631F8023BD360E38E2163013B1E
:10EC60009BB2E3866A1C4FF0010725D061E0226861
:10EC700093689B070DD5E38E9BB253B14FB1216BC7
:10EC800031F8023BD360E38E2163013B9BB2002746
:10EC9000E386936813F001030CD0E18F89B249B188
:10ECA000D168A26B22F8021B1F46E38FA263013BCF
:10ECB0009BB2E387FBF712FEE38E9BB2002BD6D10B
:10ECC000E38F9BB2002BD2D1334B344A1B68A2FB9B
:10ECD00003235B0D4FF47A7202FB03F36268019326
:10ECE000B2F5827F14D133462A4680212046FFF7B1
:10ECF000F9FC80B1636D20221343636501206265D6
:10ED000021E7019B2268013B019393681B0602D512
:10ED1000019B002BF5D1A06800283AD12368009010
:10ED2000DA6800929B680093009B0CE7012F99D151
:10ED30008FE7E38E9BB21BB9E38F9BB2002BC3D04E
:10ED40002268936898070DD5E38E9BB253B14FB1FB
:10ED5000236B33F8021BD1602363E38E013B9BB22C
:10ED60000027E386936813F001030CD0E18F89B28A
:10ED700049B1D168A26B22F8021B1F46E38FA26340
:10ED8000013B9BB2E387FBF7A9FD801BA842D0D3D0
:10ED900047E70020D7E600BF00000020819F5E16F5
:10EDA00090F85100704700BF002800F0878010B530
:10EDB00090F83D30044603F0FF02002B79D0226822
:10EDC0003F49022384F83D308A4213685DD0B2F196
:10EDD000804F31D0A1F57C418A422DD001F5806170
:10EDE0008A4229D001F580618A4225D001F5784117
:10EDF0008A424AD001F570518A4221D001F58061E2
:10EE00008A421DD001F580618A4219D0A1F598315E
:10EE10008A4215D001F580618A4211D001F58061E6
:10EE20008A420DD0A069E16823F080030343136098
:10EE30006368D162936210E0A16823F070030B4312
:10EE40002069A16923F44073034323F08003E06841
:10EE50000B4361681360D06291620123536184F8AF
:10EE6000463084F83E3084F83F3084F8403084F8EF
:10EE7000413084F8423084F8433084F8443084F8D8
:10EE8000453084F83D30002010BDA068216923F092
:10EE90007003034323F440730B43A16923F0800301
:10EEA0000B431360E368D36263689362636913631F
:10EEB000D3E780F83C20FBF76DFB80E7012070472B
:10EEC0000000014090F83D30012B2CD10368184A16
:10EED0000221934280F83D101AD0B3F1804F17D031
:10EEE000A2F57C42934213D002F5806293420FD088
:10EEF00002F5806293420BD002F57842934207D02C
:10EF000002F57052934203D0A2F59432934204D199
:10EF10009A6802F00702062A07D01A6842F0010236
:10EF200000201A607047012070470020704700BF22
:10EF30000000014090F83D30012B2FD103681949A2
:10EF4000022280F83D20DA688B4242F00102DA604A
:10EF500019D0B3F1804F16D0134A934213D002F563
:10EF6000806293420FD002F5806293420BD002F58B
:10EF70007842934207D002F57052934203D0A2F533
:10EF80009432934204D19A6802F00702062A07D00D
:10EF90001A6842F0010200201A6070470120704791
:10EFA000002070470000014000040040704700BF8F
:10EFB000002800F0878010B590F83D30044603F03B
:10EFC000FF02002B79D022683F49022384F83D30AC
:10EFD0008A4213685DD0B2F1804F31D0A1F57C41F7
:10EFE0008A422DD001F580618A4229D001F58061E5
:10EFF0008A4225D001F578418A424AD001F5705104
:10F000008A4221D001F580618A421DD001F58061DC
:10F010008A4219D0A1F598318A4215D001F5806154
:10F020008A4211D001F580618A420DD0A069E16861
:10F0300023F08003034313606368D162936210E09E
:10F04000A16823F070030B432069A16923F4407386
:10F05000034323F08003E0680B4361681360D062D0
:10F0600091620123536184F8463084F83E3084F87D
:10F070003F3084F8403084F8413084F8423084F8DE
:10F08000433084F8443084F8453084F83D30002023
:10F0900010BDA068216923F07003034323F440737B
:10F0A0000B43A16923F080030B431360E368D36231
:10F0B0006368936263691363D3E780F83C20FFF7CA
:10F0C00075FF80E70120704700000140002941D111
:10F0D00090F83E30012B45D10368022280F83E2093
:10F0E000DA6842F00202DA60186A012201F01F01B8
:10F0F00002FA01F120EA01001862186A404A01434D
:10F100009342196250D002F5806293424CD0B3F121
:10F11000804F14D03B498B4211D001F580618B4266
:10F120000DD001F580618B4209D0934207D002F5E2
:10F130007052934203D0A2F59432934204D19A685C
:10F1400002F00702062A38D01A6842F001020020B5
:10F150001A607047042945D0082930D090F8413012
:10F16000012B01D00120704704293FD008292AD063
:10F1700002220B1F80F84120082BF3D801A252F87D
:10F1800023F000BFF3F1000865F1000865F1000805
:10F1900065F10008CDF1000865F1000865F100088F
:10F1A00065F10008D9F100085A6C42F400425A6433
:10F1B0009A6802F00702062AC6D10020704790F82C
:10F1C0004030012BCED1022380F840300368DA684A
:10F1D00042F00802DA6087E70368DA6842F010025A
:10F1E000DA6081E790F83F30012BBBD1022380F831
:10F1F0003F300368DA6842F00402DA6074E700BF67
:10F2000000000140000400400C2908D8DFE801F0AC
:10F21000440707073E0707073807070709000120CB
:10F2200070470368DA6822F01002DA601A6A10B4D4
:10F230004FF0010C01F01F040CFA04FC22EA0C024E
:10F240001A62294A1C6A1C6293422BD002F5806222
:10F25000934227D01C6A41F21112144208D11C6A51
:10F2600040F24442144203D11A6822F001021A60AB
:10F27000012331BB80F83E305DF8044B08467047EF
:10F280000368DA6822F00802DA60CFE70368DA6818
:10F2900022F00402DA60C9E70368DA6822F00202A9
:10F2A000DA60C3E71C6A41F211121442D2D11C6A1F
:10F2B00040F244421442CDD15A6C22F400425A64C6
:10F2C000C8E7042909D008290CBF80F8403080F82D
:10F2D00041305DF8044B0020704780F83F305DF806
:10F2E000044B0020704700BF0000014090F83C3004
:10F2F000012B00F0A9800123F0B480F83C300C2AE7
:10F3000008D8DFE802F035070707580707077D0729
:10F3100007070E00002280F83C2001231846F0BCAD
:10F32000704702680E68136A23F480531362146AEC
:10F330005568D36923F4E64343EA06238E6824F430
:10F34000005444EA06345C4EB24200F09F8006F559
:10F350008066B24200F09A8049685560D3611164BA
:10F360001462002280F83C2000231846F0BC70474D
:10F3700002680E68136A23F001031362146A556869
:10F38000936923F0730333438E6824F002043443FB
:10F39000494EB2425BD006F58066B24257D049680A
:10F3A0005560936151631462002280F83C20002371
:10F3B0001846F0BC704702680E68136A23F0100309
:10F3C0001362146A5568936923F4E64343EA0623FB
:10F3D0008E6824F0200444EA0614374EB24245D029
:10F3E00006F58066B24241D04968556093619163E9
:10F3F0001462002280F83C2000231846F0BC7047BD
:10F4000002680E68136A23F480731362146A5568E5
:10F41000D36923F0730333438E6824F4007444EA01
:10F420000624254EB24237D006F58066B24233D06C
:10F4300049685560D361D1631462002280F83C2092
:10F4400000231846F0BC7047022318467047CE6868
:10F4500024F008043443D1E9057625F4407547EAE1
:10F46000060C24F004044CEA050598E7CE6824F065
:10F47000800444EA0614D1E9057625F4406547EA9C
:10F48000060C24F0400445EA8C05ADE74E6925F4EE
:10F49000804545EA86155FE7CE6824F4006444EAB7
:10F4A0000624D1E9057625F4405547EA060C24F4F4
:10F4B000806445EA0C15BBE70000014090F83C3041
:10F4C000012B75D0024630B40223046882F83D3027
:10F4D000012082F83C00A36823F47F4323F07703E4
:10F4E000A3600B68602B65D024D8402B7CD04BD90F
:10F4F000502B17D14868CD68216A236A23F0010395
:10F500002362A36921F00A0123F0F003014343EAD7
:10F510000513A3612162A36823F0700343F057032E
:10F520000020A3600121002382F83D1082F83C30C6
:10F5300030BC7047B3F5805F38D0B3F5005F10D1B1
:10F54000D1E90153A0682B43CD6820F47F4143EA01
:10F5500005230B43A360A36843F480430020A3600A
:10F56000E0E7702BDED1D1E90153A0682B43CD68D1
:10F5700020F47F4143EA05230B43A360A36843F0D3
:10F5800077030020A360CDE7202B02D00AD9302BCF
:10F59000C8D1A16821F070010B4343F0070300209C
:10F5A000A360BFE733F01001BCD1F2E70020B9E758
:10F5B00002207047206ACB684D6820F0100020625E
:10F5C000A16921F4704141EA0331236AA16123F06A
:10F5D000A00343EA05132362A36823F0700343F0FA
:10F5E00067030020A3609DE74868CD68216A236A0D
:10F5F00023F001032362A36921F00A0123F0F00341
:10F60000014343EA0513A3612162A36823F0700359
:10F6100043F047030020A36084E700BF90F83C203C
:10F62000012A50D0034670B40222046883F83D20BA
:10F63000012083F83C00A26848680D6822F070023F
:10F64000024322F007022A435028A26060D00FD95B
:10F6500060283AD070280ED1D1E90252A0682A431E
:10F660000D6920F47F4142EA05220A43A2600FE0BF
:10F6700040283DD007D90120002283F83D0083F8BF
:10F680003C2070BC7047202802D012D93028F2D11B
:10F69000E26822F04002E260E2680021012522F4E3
:10F6A0008042E26083F83D5083F83C10084670BC0D
:10F6B000704730F01002EBD00120002283F83D00AB
:10F6C00083F83C20DDE702207047206A0A698D68D4
:10F6D00020F010002062A16921F4704141EA02315A
:10F6E000226AA16122F0A00242EA05122262CFE75B
:10F6F000052DC0D0256A206A0E6920F00100206225
:10F70000A26922F0F00242EA0612A2612562BFE776
:10F7100088680D69216A21F00A010143206A20F0FE
:10F7200001002062A26922F0F00242EA0512A26101
:10F730002162ADE7704700BF704700BF704700BF50
:10F7400003681A69910710B5044602D5DA68920772
:10F750005FD41A69500702D5DA68510746D41A698E
:10F76000120702D5DA6810072ED41A69D20602D51C
:10F77000DA68D00618D41A69D10702D5DA68D20738
:10F780005DD41A69100602D5DA6811065FD41A69C9
:10F79000520602D5DA68500661D41A69910602D57C
:10F7A000DA68920643D410BD6FF010010822196187
:10F7B0002277DB6913F4407F204664D0FFF7BAFF5D
:10F7C000002223682277D6E76FF00801042219612E
:10F7D0002277DB699907204652D102F04FFA204682
:10F7E000FFF7AAFF002223682277BEE76FF004012B
:10F7F0000222196122779B6913F4407F20463CD195
:10F8000002F03CFA2046FFF797FF00222368227798
:10F81000A5E76FF002010122196102779B699B073E
:10F8200025D0FFF787FF00222368227791E76FF04A
:10F83000200220461A61BDE8104000F06BB86FF05E
:10F8400001021A612046FAF711FB236899E76FF06D
:10F8500080021A61204600F05FF8236897E76FF096
:10F8600040021A612046FFF769FF236895E702F01E
:10F8700005FA2046FFF760FFD5E7FFF75BFFC4E717
:10F88000FFF758FFAEE702F0F9F92046FFF754FF03
:10F8900096E700BF90F83C30012B37D00368022276
:10F8A00030B480F83D205A680D689C6822F07002E0
:10F8B0002A435A60164A93421AD0B3F1804F17D0A8
:10F8C000A2F57C42934213D002F5806293420FD09E
:10F8D00002F5806293420BD002F57842934207D042
:10F8E00002F57052934203D0A2F59432934204D1B0
:10F8F0004A6824F0800414439C600023012280F8AD
:10F900003D2080F83C3030BC1846704702207047DC
:10F9100000000140704700BF704700BF002800F0A2
:10F920008F8038B590F83D30044603F0FF02002B7D
:10F9300000F081802368E068242284F83D20DA68A2
:10F9400022F40052DA601969A26821F4405101439F
:10F950002069196102436069D9680243E06921F4B2
:10F96000164121F00C0102430A43DA605A69A0698A
:10F97000344922F4407202438B425A6135D0324AF4
:10F98000934232D0FEF70EFAE369B3F5004F32D05E
:10F99000636819219A00A0FB01019B0FF9F7CCF8CD
:10F9A0002A49A1FB00325209642505FB120000011F
:10F9B00032302368A1FB0010120102EB5010986056
:10F9C0001A6922F490421A615A6922F02A025A6195
:10F9D000DA680025202142F40052DA60256484F8B8
:10F9E0003D1084F83E10284638BDFEF7EBF9E36978
:10F9F000B3F5004FCCD16268192192184FF0000383
:10FA00005B41A0FB0101F9F797F8104BA3FB002124
:10FA10004D09642202FB1502D2003232A3FB0232EE
:10FA2000C2F342111209236801EB051102F4F872C6
:10FA30000A449A60C4E780F83C20FAF783FE79E72D
:10FA40000120704700100140001401401F85EB5158
:10FA50002DE9F843054690F83D00202877D18946E6
:10FA6000002940D01446002A3DD01E4695F83C306F
:10FA7000012B6CD0012385F83C304FF00008212386
:10FA8000C5F8408085F83D30FAF728FFAB68AC84B4
:10FA9000B3F5805FEC8407465CD0EB8C00229BB210
:10FAA00085F83C20002B7ED02C68721C1ED1226869
:10FAB0001306FCD5B9F1000F44D019F8013B63607F
:10FAC000EB8C013B9BB2EB84EB8C9BB2002BECD11B
:10FAD000711C45D123685A06FCD5202385F83D309A
:10FAE0000020BDE8F8830120BDE8F88323681806EC
:10FAF000E0D42EB1FAF7F2FEC01B86422C68D4D2B5
:10FB000004F10C0353E8003F23F4D07304F10C011B
:10FB100041E80032002AF3D104F1140353E8003F16
:10FB200023F0010304F1140141E80032002AF3D16B
:10FB3000202385F83D3085F83C2085F83E300320B1
:10FB4000BDE8F88338F8023BC3F30803B7E70220A7
:10FB5000BDE8F8832B69002B9FD1C84699469CE7E6
:10FB600023685B06B9D42EB1FAF7B8FEC01B8642F3
:10FB70002C68ADD204F10C0353E8003F23F4D0739A
:10FB800004F10C0141E80032002AF3D104F114031E
:10FB900053E8003F23F0010304F1140141E800326F
:10FBA000002AF3D1C4E72C6892E700BFF8B50446F9
:10FBB00090F83D00202835D191B38AB394F83C00E9
:10FBC00001282FD00120E28484F83C00A284606BDD
:10FBD000DFF85CC0144F154E2162134622680025E1
:10FBE0004FF0210E2564043284F83DE0C0E90FC7D0
:10FBF000C0E91365FBF7EAFB22686FF0400313606E
:10FC000084F83C5002F1140353E8003F43F08003B2
:10FC100002F1140040E800310029F3D10020F8BDC2
:10FC20000120F8BD0220F8BD65FE00087DFE000839
:10FC300015FE000810B50368596990F83D20212A87
:10FC4000044606D0596994F83E20222A28D0002084
:10FC500010BD0906F6D503F1140252E8002F22F078
:10FC6000800203F1140040E800210029F3D1606B09
:10FC700010B1FBF7EBFB236803F10C0252E8002FF5
:10FC800022F0C00203F10C0040E800210029F3D16A
:10FC9000202284F83D20596994F83E20222AD6D1AA
:10FCA0004A06D4D503F1140252E8002F22F0400294
:10FCB00003F1140040E800210029F3D1A06B10B13A
:10FCC000FBF7C4FB236803F10C0252E8002F22F477
:10FCD000907203F10C0040E800210029F3D103F1F8
:10FCE000140252E8002F22F0010203F1140040E850
:10FCF00000210029F3D1226B012A06D02022002303
:10FD000084F83E200020236310BD03F10C0252E86A
:10FD1000002F22F0100203F10C0040E8002100291E
:10FD2000F3D1EBE7036810B5044603F10C0252E887
:10FD3000002F22F4F07203F10C0040E800210029AA
:10FD4000F3D103F1140252E8002F22F0010203F173
:10FD5000140040E800210029F3D1226B012A3BD096
:10FD60005A69110622D45A69520613D503F11402B6
:10FD700052E8002F22F0400203F1140040E8002175
:10FD80000029F3D1A06B28B100230365FBF75EFBCC
:10FD9000002837D100232022E384E385236484F8FC
:10FDA0003E2084F83D201846236310BD03F1140261
:10FDB00052E8002F22F0800203F1140040E80021F5
:10FDC0000029F3D1606B0028CDD000230365FBF739
:10FDD0003DFB70B92368C6E703F10C0252E8002F1F
:10FDE00022F0100203F10C0040E800210029F3D1B9
:10FDF000B6E7606BFBF778FC2028EBD11023236477
:10FE0000032010BDA06BFBF76FFC2028C2D1F5E7E3
:10FE1000704700BF08B50368806B1B6813F48073DC
:10FE20001AD10268C38402F1140353E8003F23F09F
:10FE3000800302F1140040E800310029F3D102F1FF
:10FE40000C0353E8003F43F0400302F10C0040E88C
:10FE500000310029F3D108BDFFF7DAFF08BD00BF6C
:10FE6000704700BF08B5806BFFF7FAFF08BD00BF01
:10FE7000704700BF704700BF704700BF08B5806B78
:10FE80000368596990F83D20212A0BD0596990F8F0
:10FE90003E20222A1ED0036C43F010030364FFF7B8
:10FEA000EBFF08BD0906F1D50022C28403F10C0264
:10FEB00052E8002F22F0C00203F10C0C4CE80021A4
:10FEC0000029F3D1202280F83D20596990F83E2086
:10FED000222AE0D14A06DED50022C28503F10C02B7
:10FEE00052E8002F22F4907203F10C0C4CE8002130
:10FEF0000029F3D103F1140252E8002F22F001028D
:10FF000003F1140C4CE800210029F3D1026B012A03
:10FF100005D02022002380F83E200363BBE703F1D5
:10FF20000C0252E8002F22F0100203F10C0C4CE8F6
:10FF300000210029F3D1ECE708B5806B0023C385CD
:10FF4000C384FFF799FF08BD704700BF036810B571
:10FF5000044603F10C0252E8002F22F4907203F1E0
:10FF60000C0040E800210029F3D103F1140252E80B
:10FF7000002F22F0010203F1140040E800210029C3
:10FF8000F3D1226B012A1CD05A6912F040022FD003
:10FF900003F1140252E8002F22F0400203F1140092
:10FFA00040E800210029F3D1A36BBBB1154A1A65C3
:10FFB0001846FBF793FA10B1A06B036D9847002029
:10FFC00010BD03F10C0252E8002F22F0100203F1E1
:10FFD0000C0040E800210029F3D1D5E72022E38579
:10FFE000204684F83E202363FFF7AEFF002010BDBB
:10FFF0002023E285204684F83E302263FFF7A4FFE9
:020000040801F1
:10000000002010BD0900010808B5806B00232022E4
:10001000C38580F83E200363FFF796FF08BD00BF4D
:10002000806B08B5036B012B02D0FFF723FF08BDDF
:10003000818D4908F9F70AFF08BD00BF08B50368BC
:10004000806B1A6812F480722BD10368C28503F1A9
:100050000C0252E8002F22F4807203F10C0C4CE8E1
:1000600000210029F3D103F1140252E8002F22F0FD
:10007000010203F1140C4CE800210029F3D103F133
:10008000140252E8002F22F0400203F1140C4CE855
:1000900000210029F3D1202280F83E20026B012AA2
:1000A00005D0036B012B0FD0FFF7E2FE08BD03F173
:1000B0000C0252E8002F22F0100203F10C0C4CE865
:1000C00000210029F3D1ECE7818DF9F7BFFE08BDCF
:1000D0008368B3F5805F44D0826A002B39D003680F
:1000E0005B6803F07F031370836A01338362C38DFF
:1000F000013B9BB2C385002B32D10268D16821F04D
:10010000200100B5D160D16821F48071D1605169BE
:100110004FF0200C21F00101516180F83EC0016BCD
:10012000012983B028D1036302F10C0353E8003F97
:1001300023F0100302F10C0C4CE800310029F3D13C
:100140001368DB0622D4818DF9F780FE03B05DF8D9
:1001500004FB0369002BC2D103685B681370C3E71B
:10016000704703696BB90268836A5268C2F3080278
:1001700023F8022B8362BAE7FFF77AFE03B05DF83B
:1001800004FB0368826A5B681370ADE70023019388
:100190001368019353680193019BD4E730B503685A
:1001A0001A68D9685D6912F00F0F83B004466ED1EA
:1001B000950602D58D0600F1B180206B01280BD089
:1001C000100602D50D0600F1B380500602D54A068E
:1001D00000F1CD8003B030BDD506F1D5C806EFD50E
:1001E000002201921A6801925A680192019A5A6992
:1001F000550640F11681A06B0268526892B2002A3F
:10020000E8D0A18D9142E5D9E285C269B2F5807F3F
:1002100036D003F10C0252E8002F22F4807203F171
:100220000C0545E800210029F3D103F1140252E83E
:10023000002F22F0010203F1140545E800210029F6
:10024000F3D103F1140252E8002F22F0400203F12F
:10025000140545E800210029F3D1202284F83E202E
:10026000216303F10C0252E8002F22F0100203F187
:100270000C0545E800210029F3D1FBF7E7F8A18D33
:10028000E38DC91A204689B2F9F7E0FDA2E705F02F
:10029000010501F4907028438FD0D00705D5C8051B
:1002A00003D5206C40F001002064500731D54DB1DA
:1002B000206C40F002002064900703D5206C40F0D1
:1002C00004002064100707D501F02000284303D064
:1002D000206C40F008002064206C00283FF47AAFC6
:1002E000900609D5890607D594F83E20222A03D125
:1002F0002046FFF7EDFE23685A69256C02F04002A4
:1003000005F0080515433DD12046FFF7B5FD2564EE
:1003100060E79007D6D5002DD0D1D3E790F83E30D6
:10032000222B7FF457AF03B0BDE83040FFF7D0BEBB
:1003300094F83D20212A7FF44DAFA268B2F5805F8A
:1003400000F0A880226A511C216212785A60E28C67
:10035000013A92B2E284002A7FF43CAFDA6822F0DC
:100360008002DA60DA6842F04002DA6032E7DA6886
:10037000202122F04002DA60204684F83D10FFF789
:1003800047FD27E703F10C0252E8002F22F4907298
:1003900003F10C0040E800210029F3D103F114021D
:1003A00052E8002F22F0010203F1140040E800217E
:1003B0000029F3D1226B012A22D00022202184F8C7
:1003C0003E1022635A69520627D503F1140252E8FF
:1003D000002F22F0400203F1140040E80021002920
:1003E000F3D1A06BC8B1314B0365FBF777F8002858
:1003F0003FF4F0AEA06B036D03B0BDE8304018478A
:1004000003F10C0252E8002F22F0100203F10C005D
:1004100040E800210029F3D1CFE72046FFF72CFD6B
:10042000D8E6E18DE28D92B289B2002A3FF4D2AED5
:10043000A28D511A89B200293FF4CCAE03F10C020F
:1004400052E8002F22F4907203F10C0545E80020D9
:100450000028F3D103F1140252E8002F22F0010228
:1004600003F1140545E800200028F3D1202284F888
:100470003E20206303F10C0252E8002F22F010020C
:1004800003F10C0545E800200028F3D12046F9F7D8
:10049000DDFC9FE62269002A7FF454AF226A32F81D
:1004A000021BC1F308015960226250E739FF0008BE
:1004B00070B52223002504460564816280F83E3031
:1004C0008285806B1F4E056513460A462168C66308
:1004D0001D4E06641D4EC66482B00431FAF776FFE5
:1004E000236801951A68019259682269019101995E
:1004F00084F83C505AB103F10C0252E8002F42F448
:10050000807203F10C0040E800210029F3D103F1CF
:10051000140252E8002F42F0010203F1140040E8F7
:1005200000210029F3D103F1140252E8002F42F018
:10053000400203F1140141E800200028F3D102B089
:1005400070BD00BF3D000108210001087DFE0008CC
:1005500090F83EC0BCF1200F15D1C9B130B583B0C1
:1005600072B190F83C30012B04460ED0012380F884
:100570003C300363FFF79CFF18B9236B012B09D0B4
:10058000012003B030BD02207047022003B030BD0F
:10059000012070472268019013680193536801930A
:1005A000019B02F10C0353E8003F43F0100302F1FA
:1005B0000C0444E800310029F3D1E2E710B58CB017
:1005C00004462C22002101A81AF0E8FB0E4B0893E8
:1005D00042F21072ADF824200C4B0A930DF1040C7A
:1005E00020228DF82620BCE80F00A646AEE80F00BA
:1005F000BCE80F00AEE80F009CE807008EE807009B
:1006000020460CB010BD00BFA086010080C3C90108
:10061000002867D0F0B50C4683B0002958D00B688D
:10062000002B55D0CB68002B52D08B68002B4FD0BD
:10063000064691F82300154600F0D2FC002847D06A
:10064000237E013B072B43D8238C002B40D06268CC
:10065000637EB2FA82F2B3FA83F352095B099A42DB
:1006600036D194F828309BB3E3698BB3482200213C
:1006700030461AF093FBA646BEE80F00B446ACE83D
:100680000F00BEE80F006768ACE80F009EE80700A7
:100690008CE80700F562FFB1607ED8B14FF080436F
:1006A0000022CDE90023237ECBB1002503E0237E89
:1006B000AB4214DD6768294601236A463046B847D5
:1006C000002805F10105F2DA6FF0020003B0F0BD79
:1006D0004FF0FF3003B0F0BD384603B0F0BD00204E
:1006E00003B0F0BD4FF0FF30704700BF2DE9F04F71
:1006F000054693B08946144600F07CFC002D00F0BE
:10070000F38006460F46002C78D02B7E994580F06A
:10071000EB80227B043AD2B2042A00F2E880D4F8BB
:1007200008A01AF0804340F0E280BAF1000F70DABE
:100730004FEA1A4313F4F85FCAF30C4140F0DA8031
:10074000CBB205930DF11C0B0023CBF808300793B7
:10075000CBF8043023788DF82430A3788DF8253039
:10076000E3788DF82630211D6378584600F0B6FAFC
:10077000B0F1000844DB1AF4F06FCAF30A084AD05B
:10078000A8F18003472B0BD9A8F1C803B3F5E16F9B
:1007900041D3A8F5FA631F2B02D96FF006082FE0AA
:1007A0006B698BB1059A8DF83E209BE807000DF12F
:1007B000300CCDE90A678DF83F90ADF83C808CE8AD
:1007C00007000AA9284698475A464146284600F09D
:1007D00003FB98B1A96B9DF8252011B90EE00968BB
:1007E00061B10B7D9342FAD1CDE900B4CDE9026746
:1007F00043465FFA89F2284600F024FB4FF00008D8
:1008000032463B46284600F0B7FB404613B0BDE8F1
:10081000F08F059396E76C6984B19BE80700059B10
:100820008DF83E300CABCDE90A678DF83F90ADF8FE
:100830003C8083E807000AA92846A047EB6B1BB958
:10084000DCE71B68002BD9D09A894245F9D19A7B05
:1008500005998A42D2D901EB410203EBC2024FEA69
:10086000410ED2E9041451EA040012D0686A711AE8
:1008700067EB0404814274F100010AD292F822105D
:100880009DF82620521A12F17F0F02DB013A7D2AD1
:10089000B4D8059A5C68964402F1010C9BE8070005
:1008A0000CEB4C0C03EBCE0E03EBCC0C8CE80700EE
:1008B000CEE90467002CA1D0ADF840804FF00008CD
:1008C000059A8DF84780CDF843809B688DF84220CB
:1008D0009BE807000C930DABCDE90A6783E807009E
:1008E0000AA92846A0478BE74FF0FF388DE76FF045
:1008F0000A0885E76FF0080882E700BFB0B37F29D8
:1009000070B50C461646054604D9A1F1C803B3F5E7
:10091000E16F25D22B6C13B908E01B6833B1B3F833
:1009200004C0A445F9D16FF0040070BD0821284629
:1009300000F062FB0146B0B100234B600B608C807D
:100940002B7E012B83BF86F001035B425BB24FF02D
:10095000FF3305F14000CB7100F048F9002070BD75
:100960006FF0060070BD6FF0010070BD4FF0FF30FA
:10097000704700BF002800F08E80002A00F08B80B6
:100980002DE9F0417F2988B0054604D9A1F1C800BE
:10099000B0F5E16F7AD22C6C1CB959E02468002CB8
:1009A00056D0B4F804C08C45F8D194F90770002FE4
:1009B00053DB781C40B2E0712E7EB042A4BF002011
:1009C000E0710DF1040C002095F82880CCF80800A7
:1009D0000190CCF804008DF80D308DF80C8094F85F
:1009E00006E0C1F30A060EF10101A171059007901E
:1009F00092E803008CE8030095F829108DF80EE0CA
:100A000001BB06968DF8123061469DF804308DF8D2
:100A1000108005A88DF813E08DF8113000F0ECF887
:100A200000280CDB04307B1C8DF81C0018D02B68D0
:100A300004AA394628469847012824D1002008B046
:100A4000BDE8F08146EA014141F000410691D9E755
:100A50006FF0030008B0BDE8F0814FF0FF37B0E75A
:100A60002B7E83B1002634462B68214604AA2846F3
:100A700098472B7E012804F1010408BF01269C42FF
:100A8000F2DB002EDAD16FF00200D8E76FF006003B
:100A900008B0BDE8F0814FF0FF307047002855D016
:100AA000002953D070B51346044607C988B001AD7C
:100AB00085E807009DF80C20002A3CD094F8281007
:100AC000914240D10021184600F070F9002830DB37
:100AD000C0F30A0306939DF80C308DF810309DF892
:100AE00004308DF811309DF80D308DF8123000264D
:100AF0009DF80E300596294605A807968DF8133007
:100B000000F07AF8002814DB237E04308DF81C00F6
:100B10003546ABB12368294604AA20469847237E70
:100B2000012805F1010508BF01269D42F2DB3EB117
:100B3000002008B070BD94F828208DF80C20C1E783
:100B40006FF00200F5E76FF00700F2E74FF0FF30BB
:100B5000704700BF002846D02DE9F043846B83B076
:100B60000D4617469846064614B90AE0246844B173
:100B700094F814C0AC45F9D16FF0040003B0BDE89F
:100B8000F08396F8222018214FF0100919FB021269
:100B900011463046019200F02FFA019A0446F8B14E
:100BA00000211AF0FBF80A9BE360C4E901780B9B73
:100BB000236196F822206275257542B1234619FB00
:100BC0000242FF2183F8241010339342FAD106F138
:100BD0003800214600F00AF8002003B0BDE8F08399
:100BE0006FF00100F9E74FF0FF30704718B111B115
:100BF00003680B600160704710B582B000285BD0BD
:100C0000002959D0034603C902AA02E903009DF84E
:100C100000201F2A53D8DFE802F04C1010101010EB
:100C20004141412C2C2C3535352F2F2F29292910C6
:100C3000102C292F323232321010019A0021100E5E
:100C400060F30701C2F3074060F30F21C2F30720EE
:100C500060F3174162F31F6104220191144601A958
:100C600018461AF073F8204602B010BD022214464E
:100C7000F5E701221446F2E704221446EFE70322C7
:100C80001446ECE7BDF80400BDF80620040A002174
:100C900064F3070160F30F21100AD9E7BDF80410CF
:100CA0008DF805100222C1F307208DF804001446C8
:100CB000D5E700221446D2E74FF0FF34D3E7632A8A
:100CC00003D99DF80140042C02D96FF00504CAE74E
:100CD000224601A918461AF039F8C4E700295DD068
:100CE00070B5044600285CD0042A164653D81D4629
:100CF0000023036043600570427004301AF026F848
:100D00001F2D46D8DFE805F04310101010103C3CB2
:100D10003C2626262C2C2C28282824242410102677
:100D200024282A2A2A2A101062680023110E61F34F
:100D30000703C2F3074161F30F23C2F3072161F3F5
:100D4000174362F31F6363600420864223D170BDA2
:100D50000220FAE70120F8E70420F6E70320F4E791
:100D6000A188E288080A002360F3070361F30F23D8
:100D7000110A61F3174362F31F6363600420E4E721
:100D8000A3886371C3F3072323710220DDE70020EA
:100D9000DBE7632D08D86FF0050070BD4FF0FF3022
:100DA00070474FF0FF3070BD304670BD232809D921
:100DB0006438C0B20F280BD800F57A70400031B902
:100DC000013070474030C0B240000029F8D0704771
:100DD0006FF00900FBE700BFA1F18003472B8446B9
:100DE0001CD9A1F5FA631F2B29D821F00103A3F523
:100DF000FA63C9435B1001F00100643340B1137A18
:100E00009CF828209A4208D0B3FA83F04009704732
:100E10009CF82310DBB299420AD0704721F00103FD
:100E2000C943803B01F001005B100028E7D1EFE7E8
:100E3000117A9CF82800081A18BF0120704700207A
:100E4000704700BF2DE9F04F06468DB0A3F180003A
:100E50004728DDE91879179C67D9A3F5FA601F28A0
:100E600000F2838023F00100A0F5FA60DB4303F079
:100E700001034010019300F1640303934D7DD4F806
:100E80000080002D3DD04FF0000C012001F118032F
:100E900090400293E64601EB0E12D2E906B21C68BE
:100EA000D3F804A05C457AEB020238BFE64654EA68
:100EB0000A020CF1010C14D09A68424511D1726AF1
:100EC0003C1B69EB0A0AA2424FF0000272EB0A02D5
:100ED00007D31A7B024204D102431A730DB0BDE856
:100EE000F08F654503F11003D5D1029A02EB0E1382
:100EF0004FEA0E1EC3F80880187342F80E70C3F84C
:100F00000490019BDBB9CC68002CE7D0169A0B69E2
:100F1000049707CACDE9059307AB83E8070004A946
:100F20003046A0470DB0BDE8F08F23F001008038B7
:100F3000DB43401003F00103039001939EE78B68AD
:100F4000002BCBD00A6903990497CDE905920022C2
:100F50000A920B92169A8DF8281007CA07AC84E8FB
:100F6000070004A930469847B8E7002301936FF0C3
:100F70000603039382E700BF2DE9F0410546D0E95F
:100F80000C101746511A2A8C63EB0000914270F145
:100F9000000284B002D204B0BDE8F081AC6B984688
:100FA0000023C5E90C78CDE90033CDE90233002CEC
:100FB000F1D066686946284666B123690293CDE997
:100FC0000078B0472468002CE5D06668694628465A
:100FD000002EF2D12468002CEBD104B0BDE8F081E2
:100FE000232805D964380F288CBF002001207047C2
:100FF000012070478368184710B1C36803B11847D0
:101000000020704710B1036903B11847704700BF53
:1010100030B58C6883B0F4B10B7B102B1BD12579D4
:10102000CDB191F814C00834002303E0AB4204F1C1
:10103000100410D0227B624503F10103F6D1A368AE
:1010400023B10A690192614601AA984700232360EF
:101050006360A360E36003B030BD00BF2DE9F043DF
:10106000D1F8088083B0B8F1000F25D098F804308B
:1010700013B300250E46814608F108042F46217B54
:101080000135A9B1726860680192009022683068E9
:101090008242DDE9000290410AD2A36800220BB12E
:1010A0004846984727606760A760E76098F8043073
:1010B000AB4204F11004E2DC03B0BDE8F08300BFF2
:1010C00030B58C6885B094B101F10C020B468446B2
:1010D00007CA0DF1040E8EE8070010258DF80450A4
:1010E0001A7E2368029371466046FFF7D7FC05B06D
:1010F00030BD00BFF0B585B038B31646082202EB0C
:1011000006120F46114605460392FFF775FF044687
:10111000F0B1039A002119F041FE26710E4938689A
:1011200020600E4B0E4ACDE9001428460021FFF73F
:1011300011FD064610B9304605B0F0BD28462146DF
:10114000FFF760FF304605B0F0BD4FF0FF36F2E725
:101150006FF00106EFE700BF11100108C110010890
:101160005D10010870B90C4A936843F0801343F492
:1011700000439360094A52F8203043F0010342F8DB
:1011800020307047064A936843F0801343F40043CD
:1011900001289360EED07047006400402C9000203E
:1011A00000680040F0B5614A036893428DB004D0F6
:1011B0005F4A934216D00DB0F0BD5D4B9A6812F0B5
:1011C000E05F04465ED19B685B01F4D5584B9A689A
:1011D000160103D59B68DD0000F198802368544A0E
:1011E0009342E8D19B6813F0E05F0FD1504B9A68AF
:1011F0005001E0D59A681101DDD59B68DA00DAD597
:1012000000200DB0BDE8F04000F09EBD494D2A69B8
:10121000002AEBDDEB682C685F1C03EB8303013ACB
:1012200004EB8304C5E903720FCC01AEB446ACE80D
:101230000F002368CCF800306B689DF810009F42C7
:10124000A4BF0023EB60039B002206A993420692F1
:10125000C1E901224A610A9062DBC3F30A020692E5
:10126000354A5B0F03F00204106809946B4632465E
:10127000F9F7F6FC314B1968002001EB410100F051
:1012800027FDB3E72B4D2969002939DDEA682B6872
:10129000571C02EB8202013903EB820C2961BCE886
:1012A0000F0001AEB646AEE80F00DCF80030CEF815
:1012B00000306B68EF609F42A8BF002306A9A8BF5B
:1012C000EB6000230693C1E901334B61039B9DF85A
:1012D00010200A92002B1DDBC3F30A020692164A65
:1012E0005B0F03F002031068099332466B46F9F76F
:1012F000B7FC124B1968002001EB410100F0E8FC3B
:101300000B4B9B685F013FF561AF67E7002000F082
:101310001BFD63E723F06042079204220892DEE798
:1013200023F060400422CDE9070299E70064004001
:10133000006800400C0000202000002034900020B5
:10134000F0B5614A036893428DB004D05F4A93427E
:1013500016D00DB0F0BD5D4B9A6812F0E05F044608
:101360005ED19B685B01F4D5584B9A68160103D592
:101370009B68DD0000F198802368544A9342E8D1CD
:101380009B6813F0E05F0FD1504B9A685001E0D595
:101390009A681101DDD59B68DA00DAD500200DB01E
:1013A000BDE8F04000F0D0BC494D2A69002AEBDDD1
:1013B000EB682C685F1C03EB8303013A04EB8304A6
:1013C000C5E903720FCC01AEB446ACE80F00236848
:1013D000CCF800306B689DF810009F42A4BF00233A
:1013E000EB60039B002206A993420692C1E9012209
:1013F0004A610A9062DBC3F30A020692354A5B0F28
:1014000003F00204106809946B463246F9F728FC91
:10141000314B1968002001EB410100F059FCB3E7A2
:101420002B4D2969002939DDEA682B68571C02EB2E
:101430008202013903EB820C2961BCE80F0001AE86
:10144000B646AEE80F00DCF80030CEF800306B682E
:10145000EF609F42A8BF002306A9A8BFEB6000234E
:101460000693C1E901334B61039B9DF810200A925A
:10147000002B1DDBC3F30A020692164A5B0F03F032
:1014800002031068099332466B46F9F7E9FB124BE9
:101490001968002001EB410100F01AFC0B4B9B681E
:1014A0005F013FF561AF67E7002000F04DFC63E7A7
:1014B00023F06042079204220892DEE723F06040A6
:1014C0000422CDE9070299E700640040006800406B
:1014D0000C0000202000002034900020F0B5614A6C
:1014E000036893428DB004D05F4A934216D00DB08A
:1014F000F0BD5D4B9A6812F0E05F04465ED19B68D8
:101500005B01F4D5584B9A68160103D59B68DD0042
:1015100000F198802368544A9342E8D19B6813F005
:10152000E05F0FD1504B9A685001E0D59A681101E5
:10153000DDD59B68DA00DAD500200DB0BDE8F040BB
:1015400000F002BC494D2A69002AEBDDEB682C68EB
:101550005F1C03EB8303013A04EB8304C5E90372C8
:101560000FCC01AEB446ACE80F002368CCF80030D5
:101570006B689DF810009F42A4BF0023EB60039BA3
:10158000002206A993420692C1E901224A610A900B
:1015900062DBC3F30A020692354A5B0F03F00204D2
:1015A000106809946B463246F9F75AFB314B1968BB
:1015B000002001EB410100F08BFBB3E72B4D2969C3
:1015C000002939DDEA682B68571C02EB82020139D9
:1015D00003EB820C2961BCE80F0001AEB646AEE811
:1015E0000F00DCF80030CEF800306B68EF609F42EF
:1015F000A8BF002306A9A8BFEB6000230693C1E99A
:1016000001334B61039B9DF810200A92002B1DDBD8
:10161000C3F30A020692164A5B0F03F00203106836
:10162000099332466B46F9F71BFB124B19680020F1
:1016300001EB410100F04CFB0B4B9B685F013FF558
:1016400061AF67E7002000F07FFB63E723F06042B3
:10165000079204220892DEE723F060400422CDE9DD
:10166000070299E700640040006800400C00002079
:101670002000002034900020F0B55E4A03689342B9
:1016800095B004D05C4A934245D015B0F0BD5B4A9A
:10169000002601AB31460446106800960DAAF9F702
:1016A00043FB119F8DF81C6003AD01A93A46284603
:1016B0000396C5E90166EE6019F048FB0F9B8DF8B3
:1016C0001870002B66D10D9BC3F30A03109A4C4E81
:1016D0000593022A08BF43F08043306808BF059392
:1016E00001F018FF0346002860D1306800932946B6
:1016F0006A4601F07FFA009B4BB14FF0E0234FF0B8
:101700008052C3F8042DBFF34F8FBFF36F8F236850
:10171000394A9342B9D13949002401AB0868009491
:101720000DAA2146F9F700FB119E8DF81C4003AD70
:10173000324601A928460394C5E90144EC6019F03A
:1017400005FB0F9B8DF8186053BB0D9BC3F30A0379
:10175000109A2B4C0593022A08BF43F0804320685F
:1017600008BF059301F0D6FE034688BB20680093AE
:101770006A46294601F03EFA009B002B85D04FF0C7
:10178000E0234FF08052C3F8042DBFF34F8FBFF317
:101790006F8F7AE70E9B23F0604343F0004395E799
:1017A0000E9B23F0604343F00043D1E76A4608A94B
:1017B000306801F009FE00236A463068009329462C
:1017C00001F018FA0F4A136843F00403136092E71C
:1017D0006A4608A9206801F0F7FD00236A462068E0
:1017E0000093294601F006FA064A136843F0040301
:1017F0001360C1E700640040006800402000002042
:10180000389000202C900020F0B55E4A0368934287
:1018100095B004D05C4A934245D015B0F0BD5B4A08
:10182000002601AB01210446106800960DAAF9F7C5
:101830007BFA119F8DF81C6003AD01A93A4628463A
:101840000396C5E90166EE6019F080FA0F9B8DF8EA
:101850001870002B66D10D9BC3F30A03109A4C4EEF
:101860000593022A08BF43F08043306808BF059300
:1018700001F050FE0346002860D1306800932946ED
:101880006A4601F0B7F9009B4BB14FF0E0234FF0EF
:101890008052C3F8042DBFF34F8FBFF36F8F2368BF
:1018A000394A9342B9D13949002401AB0868009400
:1018B0000DAA0121F9F738FA119E8DF81C4003ADED
:1018C000324601A928460394C5E90144EC6019F0A9
:1018D0003DFA0F9B8DF8186053BB0D9BC3F30A03B1
:1018E000109A2B4C0593022A08BF43F080432068CE
:1018F00008BF059301F00EFE034688BB20680093E5
:101900006A46294601F076F9009B002B85D04FF0FE
:10191000E0234FF08052C3F8042DBFF34F8FBFF385
:101920006F8F7AE70E9B23F0604343F0004395E707
:101930000E9B23F0604343F00043D1E76A4608A9B9
:10194000306801F041FD00236A4630680093294663
:1019500001F050F90F4A136843F00403136092E753
:101960006A4608A9206801F02FFD00236A46206816
:101970000093294601F03EF9064A136843F0040338
:101980001360C1E7006400400068004020000020B0
:10199000389000202C9000207D2970B554D9304B10
:1019A0000446196000F084F9034600284FD12D4DFC
:1019B0002D49286801601221A4F59C42C0E9173323
:1019C000C0E9023380F820304160284B4FF4803169
:1019D000203A01614FF4801401F58071C0E905419E
:1019E0009A424FF48071818327D8F8F7B9FF18BB6A
:1019F00013212868F9F722FA00F00AF9044640B9E1
:101A00001B4E336883B12868F9F7F8F8A0B920466F
:101A100070BD2868F7F76AFA631CA8BF4FF0FF345F
:101A200000F050F9204670BD02461421802000F0DD
:101A3000D3FD30600028E6D12868F7F757FA4FF059
:101A4000FF3400F03FF9E2E74FF0FF34DFE7054BEA
:101A500018684FF0FF34F7F749FA00F033F9D6E78A
:101A600034900020200000200068004060361E00F6
:101A70003890002000287DD100297BD02DE9F0414D
:101A800005460FC992B002AC464E84E80F0003F041
:101A9000F9F8A446FF238DF81830BCE80F00B768AA
:101AA000D6F80080D6F804E007EB870408EB84043E
:101AB0000137B7600FC4DCF8003023603369774525
:101AC000A8BFB5609E4558DCF2680132964560DDDE
:101AD000F2601546344A926812F0E05F38D0002B6D
:101AE00036DD013B012705EB850408EB84043361F7
:101AF0000FCC0DF11C0CACE80F0001352368CCF8BD
:101B00000030AE45D8BF00239DF82820F560D8BF2F
:101B1000F3600023CDE90C33CDE910230E93099B2C
:101B2000002B39DBC3F30A020C92204A5B0F03F04F
:101B3000020310680F930CA901AB07AAF9F790F8FC
:101B40001B4B1968002001EB410100F0C1F85FB1A7
:101B50001849194A0B6843F002030B60936843F07D
:101B6000801343F40043936003F0AEF8012012B0F9
:101B7000BDE8F0814FF0FF3070470B4989685A1C6F
:101B800011F0E05F3261EFD0002AEDDDF56800274B
:101B9000A9E70022F2609DE723F060420D92042243
:101BA0000E92C2E70C0000200068004020000020D8
:101BB000349000202C90002000640040F8B170B5F3
:101BC0000C4686B069B10F490F4BA1FB021201AE62
:101BD000054692091868314601F0CAF828B906B0DE
:101BE00070BD4FF0FF3006B070BD96E80F0084E87E
:101BF0000F009DF814302B60012006B070BD4FF02F
:101C0000FF307047D34D6210389000200000000074
:101C100000B59FED0F7B124B8BB08DED007B1868EC
:101C20009FED0D7B4EF6E0720623CDE902230122E3
:101C30000123CDE906236946012200238DED047BB3
:101C4000CDE90823F8F748FF00200BB05DF804FB4E
:101C50000010000000000000000000000000000074
:101C60002000002030B929B1002ACCBF0022012277
:101C7000504270474FF0FF30704700BF0B4B026877
:101C80009A4200D0704710B5037F012B044602D062
:101C9000022B05D010BD0020FFF764FA237FF7E781
:101CA000BDE810400120FFF75DBA00BF000400400E
:101CB00008B5034B1868F8F76DFC002008BD00BF9D
:101CC00024000020014B1868F8F7DCBC2400002039
:101CD000012831D870B50028184D0CBF0026042605
:101CE0000C46286888B03146FDF78EFAB4F5C80F67
:101CF0001FDA1349E21781FB0434C2EB6412022A93
:101D0000B8BF02220023CDE90133CDE90333CDE989
:101D1000053307930B4B28685C6A01A914443246CB
:101D20000294FDF7E3FA28683146FDF7CFF908B0D1
:101D300070BD4FF6FF72E5E7704700BF240000203A
:101D40001F85EB5100040040012808D8044B0028EF
:101D500018BF0421186808BF0021FDF755BA704765
:101D60002400002010B502F00DFF20B1BDE81040A6
:101D7000D0E90030184710BD08B54FF0E0231B69CB
:101D800002F0F8FA012800D108BDBDE8084002F0D1
:101D9000E1BF00BFEFF305832BB9064B186828B9E4
:101DA00001221A6070476FF0050070474FF0FF3056
:101DB000704700BF0893002010B5EFF3058474B995
:101DC000084B1A68012A07D107490222CC771A600A
:101DD00002F038F8204610BD4FF0FF3010BD6FF014
:101DE000050010BD0893002000ED00E0F0B587B0BD
:101DF000002415460594EFF30582EAB950B3F5B116
:101E0000AB695BBB18236A68D20723D46E694EB3F3
:101E10004FEA960CAC682F684CB3EA68CB2A19D904
:101E20002D69BDB1B6B1CDE90154009362460B46B0
:101E3000394601F089FE0446204607B0F0BD8022F5
:101E4000182305AC009301940B46294601F0B6FE19
:101E500001280AD00024204607B0F0BD5C1E372CB4
:101E6000D1D9F7E74FF0800CD4E7059CE4E7EE68A2
:101E7000002EE1D12D69002DDED11FFA8CF23D46F6
:101E8000DFE700BF02F070BAEFF3058262B908B570
:101E900018B101F01BFF042802D94FF0FF3008BD34
:101EA000034B53F8200008BD4FF0FF30704700BFD0
:101EB00054C6020810B5EFF3058454B930B14B1E77
:101EC000372B03D801F056FF204610BD6FF00300FA
:101ED00010BD6FF0050010BDEFF3058212B908B117
:101EE00001F036BF4FF0FF30704700BF10B5EFF381
:101EF000058424B930B102F099F8204610BD6FF086
:101F0000050010BD6FF0030010BD00BF10B5EFF36A
:101F100005842CB900B910BD01F082FE204610BD29
:101F20006FF0050010BD00BF2DE9F0411C4682B0E6
:101F3000EFF30583BBB90546A8B108200E469046CD
:101F400003F000F8074670B1321EC0E9005818BF10
:101F50000122E4B1A3682068ABB1E1682B2906D85F
:101F6000384603F01BF8002002B0BDE8F0810D49AF
:101F7000CDE900133B46012102F04EFD0028EFD0D1
:101F800002B0BDE8F081E368002BE9D10446054BBF
:101F9000009301213B46204602F0D6FC0028EFD1F9
:101FA000DEE700BF651D0108EFF3058373B910B5C7
:101FB00082B070B10A460093042102F0ADFD012801
:101FC0000CBF00206FF0020002B010BD6FF00500E2
:101FD00070476FF00300F7E770B5EFF30583DBB9E7
:101FE0000446E0B14668330716D48168C36806F03A
:101FF000010681B14F2B0FD9DEB1042000F052FD54
:1020000005464DB12168284601F096FA2EB145F0FB
:102010000105284670BD8BB10025284670BD012002
:1020200000F0B0FD05460028F6D0214601F084FA04
:10203000F3E7012000F036FD0546E2E74EB104204B
:1020400000F0A0FD05460028E6D0216801F074FAF2
:10205000DDE7012000F096FD05460028DCD0216870
:1020600001F06AFAD9E700BF20F0010200F0010395
:10207000EFF30580A8B9BAB110B510460C4653B9B4
:1020800000F0F8FF01280AD0002C14BF6FF0010007
:102090006FF0020010BD01F077F90128F4D10020A3
:1020A00010BD6FF0050070476FF00300704700BF70
:1020B000EFF30582BAB910B520F00104B4B100F015
:1020C000010343B91A461946204600F06DFB01286A
:1020D00006D1002010BD204600F034FD0128F8D0C4
:1020E0006FF0020010BD6FF0050070476FF0030045
:1020F00010BD00BFF0B583B0EFF30586FEB9F0B1B7
:1021000088420F461BD3154692B1D2E90223D2B1C1
:102110004F2B14D9012838D000F0A0FA044670B132
:102120002D682046294601F007FA204603B0F0BD8D
:10213000012812D000F0F2FA04460028F1D1002460
:10214000204603B0F0BD002BF9D1012805D000F0E6
:10215000E5FA04460028E3D1F1E70322002101203B
:1021600000F03AFA0446002CE9D017B9002DD7D177
:10217000D7E700231A461946204600F015FB012830
:10218000F4D0204601F080F9D9E7134603220092EB
:102190003146324600F0ACF90446E4E770B310B5BE
:1021A0000C4682B0EFF30583C3B121BB01AA0191B4
:1021B00001F00AF901281AD1019B13B9002002B0DD
:1021C00010BD4FF0E0234FF08052C3F8042DBFF351
:1021D0004F8FBFF36F8F204602B010BD00F04AFF53
:1021E0000128EBD01CB16FF0010002B010BD6FF000
:1021F000020002B010BD6FF00300E0E76FF00300D3
:10220000704700BF30B310B582B0EFF30583ABB1B8
:10221000002401A9019400F053FD012817D1019B6E
:1022200093B14FF0E0234FF08052C3F8042DBFF379
:102230004F8FBFF36F8F204602B010BD1A4619466C
:1022400000F0B2FA012802D1002002B010BD6FF0F8
:102250000200FAE76FF00300704700BFF0B585B0E9
:10226000EFF3058787B9054670B169B114461AB313
:10227000936863B1D2684F2A06D9226922B1666990
:1022800001FB05F5AE421CD2002005B0F0BDD368BD
:10229000002BF9D11369002BF6D15269002AF3D132
:1022A00000F09AF90028EFD024680390214601F04D
:1022B00043F9039805B0F0BD00F08EF90028E3D093
:1022C000F3E7009700F014F90028EDD1DCE700BF38
:1022D00070B51C4682B0EFF30586BEB150B349B36A
:1022E00043BB01AA019300F085FC01281ED1019B8C
:1022F000CBB14FF0E0234FF08052C3F8042DBFF371
:102300004F8FBFF36F8F204602B070BD90B189B17F
:102310003346224600F048FA012804D034B16FF069
:10232000010002B070BD002002B070BD6FF002006D
:1023300002B070BD6FF00300E6E700BF30B51C4689
:1023400083B0EFF30583BBB148B341B33CBB01AAF3
:10235000019401F039F801281DD1019BC3B14FF060
:10236000E0234FF08052C3F8042DBFF34F8FBFF32B
:102370006F8F204603B030BD88B181B1224600F096
:10238000F7FC012804D034B16FF0010003B030BD78
:10239000002003B030BD6FF0020003B030BD6FF01D
:1023A0000300E7E7044B036010B48023034C0C6088
:1023B0005DF8044B136070473C9200203C90002075
:1023C000054B036010B44FF48073044C0C605DF84F
:1023D000044B1360704700BF0C9700200C93002043
:1023E00000F108034FF0FF310022C0E90131C0E9DC
:1023F00003330260704700BF00230361704700BFD2
:1024000043689A688A60026810B49C684B60013225
:10241000616099605DF8044B08610260704700BF1D
:1024200030B40D686B1C10D000F108031C465B68CB
:102430001A68AA42FAD902684B60013299608C602E
:102440006160086130BC0260704704696368F2E74C
:10245000036910B4D0E901125C688A60844251605B
:1024600008BF5A601A685DF8044B0021013A016107
:102470001A601868704700BF70B50446006CA66B00
:1024800020B925684DB30136A66370BD15460246D6
:102490007DB9606818F05AFC6368226C1344A26826
:1024A0006360934224BF2368636001362846A663B5
:1024B00070BDE06818F04AFC226CE36851429B1A38
:1024C0002268E360934202D2A3680B44E360022DCA
:1024D00008D001360020A66370BDA06801F0A0FFFF
:1024E000A560D0E7012E38BF01260020CCE700BF51
:1024F00030B583B09DF8184040B94FF0500383F3D6
:102500001188BFF36F8FBFF34F8FFEE71D467BB17E
:1025100002B3B1B150230193019B502B27D04FF050
:10252000500383F31188BFF36F8FBFF34F8FFEE724
:102530004FF0500383F31188BFF36F8FBFF34F8FBA
:10254000FEE74FF0500383F31188BFF36F8FBFF3A3
:102550004F8FFEE7002935D150220192019A502A6F
:10256000DDD1012285F84620019B2A4604E04FF088
:10257000010C019B85F846C0C5E90F012A6002F0F5
:1025800081FBD5E90F122868686002FB01F18A1A05
:102590000144A96000210244A963FF2185F8441089
:1025A000EA6085F8451005F11000FFF719FF05F105
:1025B0002400FFF715FF02F087FB284685F84C4002
:1025C00003B030BD4FF0500383F31188BFF36F8F1A
:1025D000BFF34F8FFEE700BFF8B540B94FF050038F
:1025E00083F31188BFF36F8FBFF34F8FFEE705466C
:1025F00001FB00F050300E46174602F0A3FC0446E3
:1026000040B3002380F8463036B300F15003236016
:10261000C4E90F5602F036FBD4E90F23216861604C
:1026200003FB02F2D31A0A44A26000220B44A26305
:10263000FF2284F84420E36084F8452004F1100070
:10264000FFF7CEFE04F12400FFF7CAFE02F03CFBC8
:1026500084F84C702046F8BD0346D8E740B94FF0E7
:10266000500383F31188BFF36F8FBFF34F8FFEE7E3
:10267000884208D24FF0500383F31188BFF36F8F65
:10268000BFF34F8FFEE730B5154685B0002A3CD02A
:1026900050230393039B502B08D04FF0500383F338
:1026A0001188BFF36F8FBFF34F8FFEE70024012324
:1026B00082F846302A60C2E90F040191039B02F0C0
:1026C000E1FAD5E90F032A68AC6303FB00F0C31AF3
:1026D000134410444FF0FF0E85F844E0EB606A604D
:1026E00085F845E0A86005F11000FFF779FE05F1D7
:1026F0002400FFF775FE02F0E7FA0199A9630223AF
:10270000284685F84C3005B030BD4FF0500383F3B8
:102710001188BFF36F8FBFF34F8FFEE7F8B540B955
:102720004FF0500383F31188BFF36F8FBFF34F8FC8
:10273000FEE788420E46044608D24FF0500383F36A
:102740001188BFF36F8FBFF34F8FFEE7502002F069
:10275000F9FB054630B30027C0E90F4780F8467003
:10276000006002F08FFAD5E90F232968AF6303FBFD
:1027700002F2D31A0A440B44AA60FF2285F84420CF
:10278000EB60696085F8452005F11000FFF728FE31
:1027900005F12400FFF724FE02F096FA022385F8E3
:1027A0004C30AE632846F8BD2DE9F04385B0019268
:1027B000002800F0A48088461F460446002900F047
:1027C0009180022F0BD1E36B012B08D04FF0500307
:1027D00083F31188BFF36F8FBFF34F8FFEE701F0D4
:1027E000C9FD0546002800F09380002504F1240669
:1027F00002F048FAA26BE36B9A42C0F0EF80022F1E
:1028000000F0EC800198002800F00181002D00F01C
:10281000E18002F059FA01F091FB02F033FA94F8EA
:102820004430FF2B04BF002384F8443094F8453033
:10283000FF2B04BF002384F8453002F045FA01A9BC
:1028400002A801F043FD002840F0E68002F01AFAE9
:10285000A26BE36B9A4268D002F036FA02F012FAE9
:1028600094F8452055B2002D04DC11E06A1ED3B265
:1028700055B26BB1636A304653B101F0D3FC002806
:10288000F4D001F06BFD6A1ED3B255B2002BF1D12A
:10289000FF2384F8453002F017FA02F0F3F994F8B8
:1028A000442055B2002D14DD04F1100903E06A1E26
:1028B000D3B255B26BB12369484653B101F0B2FCB3
:1028C0000028F4D001F04AFD6A1ED3B255B2002BA5
:1028D000F1D1FF2384F8443002F0F6F901F036FB21
:1028E000012585E7036C002B3FF46BAF4FF05003DD
:1028F00083F31188BFF36F8FBFF34F8FFEE74FF065
:10290000500383F31188BFF36F8FBFF34F8FFEE740
:10291000019B002B3FF46AAF4FF0500383F3118803
:10292000BFF36F8FBFF34F8FFEE704F1100902F082
:10293000CBF90199484601F0E7FB02F0A3F994F8BE
:1029400045305DB2002D04DC11E06B1EDAB25DB2E1
:102950006AB1636A304653B101F064FC0028F4D0D8
:1029600001F0FCFC6B1EDAB25DB2002AF1D1FF234C
:1029700084F8453002F0A8F902F084F994F8443064
:102980005DB2002D04DC11E06B1EDAB25DB26AB1FB
:102990002369484653B101F045FC0028F4D001F00A
:1029A000DDFC6B1EDAB25DB2002AF1D1FF2384F8A0
:1029B000443002F089F901F0C9FA002890D14FF0B3
:1029C000E0234FF08052C3F8042DBFF34F8FBFF3C5
:1029D0006F8F85E702A801F06DFC1AE73A46414681
:1029E0002046FFF749FD636A002B53D148B14FF0F1
:1029F000E0234FF08052C3F8042DBFF34F8FBFF395
:102A00006F8F02F061F9012005B0BDE8F0830090FE
:102A100002F05AF90098F7E702F034F994F84530DB
:102A20005DB2002D10DD04F1240603E06B1EDAB266
:102A30005DB24AB1636A304633B101F0F3FB00285E
:102A4000F4D001F08BFCF1E7FF2384F8453002F06D
:102A50003BF902F017F994F844305DB2002D10DD17
:102A600004F1100603E06B1EDAB25DB24AB12369CD
:102A7000304633B101F0D6FB0028F4D001F06EFCF3
:102A8000F1E7FF2384F8443002F01EF901F05EFA0A
:102A90000020B9E704F1240001F0C4FB0028B0D005
:102AA000A5E700BF002944D070B582B05023019340
:102AB000019B502B08D04FF0500383F31188BFF3D4
:102AC0006F8FBFF34F8FFEE7002601230C46C1E94D
:102AD0000F3681F8463009600546019B02F0D2F8B6
:102AE000D4E90F232168616003FB02F2D31A0B447F
:102AF0000A44E360FF23A260A66304F1100084F897
:102B0000443084F84530FFF76BFC04F12400FFF7F4
:102B100067FC02F0D9F884F84C50A6602660E660A5
:102B20003346324631462046FFF73EFE204602B08D
:102B300070BD4FF0500383F31188BFF36F8FBFF365
:102B40004F8FFEE738B538B18568044601F00CFCBC
:102B500085420AD0002038BD4FF0500383F311881E
:102B6000BFF36F8FBFF34F8FFEE7E368013BE36076
:102B70000BB1012038BD1A4619462046FFF714FE56
:102B8000012038BD70B50646502002F0DBF904463E
:102B900070B30025012380F846502060C0E90F354E
:102BA00002F070F8D4E90F232168616003FB02F2A0
:102BB000D31A0B440A44E360FF23A260A56304F127
:102BC000100084F8443084F84530FFF709FC04F124
:102BD0002400FFF705FC02F077F884F84C60A5604C
:102BE0002560E5602B462A4629462046FFF7DCFD96
:102BF000204670BD00284BD02DE9F0410E46174607
:102C00001D46044621B3022D0BD1E36B012B08D0E6
:102C10004FF0500383F31188BFF36F8FBFF34F8FD3
:102C2000FEE702F061F9EFF311884FF0500383F3F0
:102C30001188BFF36F8FBFF34F8FA26BE36B9A4284
:102C400012D3022D10D0002088F31188BDE8F08146
:102C5000036C002BD7D04FF0500383F31188BFF3E0
:102C60006F8FBFF34F8FFEE72A4694F84550A36B52
:102C700031466DB22046FFF7FFFB6B1C11D06B1C79
:102C80005BB284F84530012088F31188BDE8F081FB
:102C90004FF0500383F31188BFF36F8FBFF34F8F53
:102CA000FEE7636A002BEED004F1240001F0BAFACB
:102CB0000028E8D0002FE6D001203860C4E700BF2C
:102CC00070B3036C70B5064643B14FF0500383F305
:102CD0001188BFF36F8FBFF34F8FFEE703680C4679
:102CE0003BB302F001F9EFF311854FF0500383F38A
:102CF0001188BFF36F8FBFF34F8FB36BF26B9A42A4
:102D000023D996F845200133FF2AB36353B220D06C
:102D100001335BB286F84530012085F3118870BD20
:102D20004FF0500383F31188BFF36F8FBFF34F8FC2
:102D3000FEE78368002BD4D04FF0500383F3118853
:102D4000BFF36F8FBFF34F8FFEE7002085F311882D
:102D500070BD736A002BDFD006F1240001F062FA27
:102D60000028D9D0002CD7D001202060EEE700BF8A
:102D70002DE9F04385B00192002800F05F810F46F5
:102D80000446002900F0948001F0F4FA002800F0D5
:102D90009C8001F077FFA56B002D72D1019B002B69
:102DA00000F0F18002A801F085FAA84604F124069B
:102DB00001F08AFF01F0C2F801F064FF94F844309A
:102DC000FF2B08BF84F8448094F84530FF2B08BFE0
:102DD00084F8458001F078FF01A902A801F076FA95
:102DE00000287FD101F04EFFA36B002B00F0D180B3
:102DF00001F06AFF01F046FF94F845305DB2002D06
:102E000004DC11E06B1EDAB25DB26AB1636A30466F
:102E100053B101F007FA0028F4D001F09FFA6B1EBD
:102E2000DAB25DB2002AF1D1FF2384F8453001F017
:102E30004BFF01F027FF94F844305DB2002D14DD04
:102E400004F1100903E06B1EDAB25DB26AB12369C6
:102E5000484653B101F0E6F90028F4D001F07EFABB
:102E60006B1EDAB25DB2002AF1D1FF2384F8443040
:102E700001F02AFF01F06AF801F004FFA56B002DB4
:102E80007DD0226C52B1E168A36811449942E1609F
:102E900024BF2168E160384617F058FF013DA56363
:102EA0002369002B40F0D38001F00EFF01206DE07C
:102EB000036C002B3FF468AF4FF0500383F311888D
:102EC000BFF36F8FBFF34F8FFEE7019B002B3FF4E3
:102ED00060AF4FF0500383F31188BFF36F8FBFF3E0
:102EE0004F8FFEE701F0CEFE94F845305DB2002D25
:102EF00004DC11E06B1EDAB25DB26AB1636A30467F
:102F000053B101F08FF90028F4D001F027FA6B1EBD
:102F1000DAB25DB2002AF1D1FF2384F8453001F026
:102F2000D3FE01F0AFFE94F844305DB2002D14DD05
:102F300004F1100903E06B1EDAB25DB26AB12369D5
:102F4000484653B101F06EF90028F4D001F006FABA
:102F50006B1EDAB25DB2002AF1D1FF2384F844304F
:102F600001F0B2FE00F0F2FF01F08CFEA36B53B152
:102F700001F0AAFE01F086FEA56B002D81D1019B18
:102F8000002B7FF415AF01F09FFE002005B0BDE8D7
:102F9000F08301F099FE0199304601F0B5F801F097
:102FA00071FE94F845305DB2002D04DC11E06B1E1B
:102FB000DAB25DB26AB1636A304653B101F032F9F8
:102FC0000028F4D001F0CAF96B1EDAB25DB2002A13
:102FD000F1D1FF2384F8453001F076FE01F052FE76
:102FE00094F844305DB2002D14DD04F1100903E0C3
:102FF0006B1EDAB25DB26AB12369484653B101F083
:1030000011F90028F4D001F0A9F96B1EDAB25DB213
:10301000002AF1D1FF2384F8443001F055FE00F07E
:1030200095FF0028A6D14FF0E0234FF08052C3F85F
:10303000042DBFF34F8FBFF36F8F9BE74FF050030B
:1030400083F31188BFF36F8FBFF34F8FFEE704F157
:10305000100001F0E7F800283FF426AF4FF0E0231E
:103060004FF08052C3F8042DBFF34F8FBFF36F8F23
:103070001AE700BF2DE9F04184B0019100285CD02F
:10308000076C044647B14FF0500383F31188BFF338
:103090006F8FBFF34F8FFEE701F06CF905460028F4
:1030A00054D03D4604F1240601F0ECFDA36B002B47
:1030B00040F04881019B002B00F03A81002D00F088
:1030C0009D8001F001FE00F039FF01F0DBFD94F876
:1030D0004430FF2B04BF002384F8443094F845307B
:1030E000FF2B04BF002384F8453001F0EDFD01A95A
:1030F00002A801F0EBF8002835D101F0C3FDA36B65
:10310000002B00F0A48001F0DFFD01F0BBFD94F87E
:1031100045305DB2002D05DC74E06B1EDAB25DB2A5
:10312000002A6FD0636A3046002B6BD001F07AF82A
:103130000028F2D001F012F9EFE74FF0500383F3CB
:103140001188BFF36F8FBFF34F8FFEE7019B002BFA
:1031500000F0D4804FF0500383F31188BFF36F8FDA
:10316000BFF34F8FFEE701F08DFD94F845305DB25F
:10317000002D04DC11E06B1EDAB25DB26AB1636A45
:10318000304653B101F04EF80028F4D001F0E6F8D3
:103190006B1EDAB25DB2002AF1D1FF2384F845300C
:1031A00001F092FD01F06EFD94F844305DB2002D07
:1031B00014DD04F1100803E06B1EDAB25DB26AB1EF
:1031C0002369404653B101F02DF80028F4D001F0F6
:1031D000C5F86B1EDAB25DB2002AF1D1FF2384F884
:1031E000443001F071FD00F0B1FE01F04BFDA36B26
:1031F000002B7CD001F068FD012555E702A801F005
:1032000059F85EE7FF2384F8453001F05DFD01F0D9
:1032100039FD94F844305DB2002D10DD04F1100842
:1032200003E06B1EDAB25DB24AB12369404633B1A6
:1032300000F0F8FF0028F4D001F090F8F1E7FF2348
:1032400084F8443001F040FD00F080FED4E701F046
:103250003BFD2368002B62D00199304600F054FFFB
:1032600001F010FD94F845305DB2002D04DC0DE056
:103270006B1EDAB25DB24AB1636A304633B100F018
:10328000D1FF0028F4D001F069F8F1E7FF2384F8BA
:10329000453001F019FD01F0F5FC94F844305DB2C1
:1032A000002D10DD04F1100803E06B1EDAB25DB2F0
:1032B0004AB12369404633B100F0B4FF0028F4D08E
:1032C00001F04CF8F1E7FF2384F8443001F0FCFCF6
:1032D00000F03CFE00288FD14FF0E0234FF08052E9
:1032E000C3F8042DBFF34F8FBFF36F8F84E701F056
:1032F000EBFC2FB9384604B0BDE8F0810746D1E6B3
:1033000001F0C0FC616A19B1236B1968C1F1380181
:10331000A06801F0CBF8002701F0D6FCEAE701F045
:10332000B1FCA06801F036F8074601F0CDFC93E748
:1033300097B14FF0500383F31188BFF36F8FBFF342
:103340004F8FFEE72268013BA363CAB1236933B9FB
:1033500001F0BAFC0127CDE701F0B6FCCAE704F1A1
:10336000100000F05FFF0028F2D04FF0E0234FF094
:103370008052C3F8042DBFF34F8FBFF36F8FE7E781
:1033800001F0E8F8A060E1E7A8B170B586680D46E5
:10339000044600F0E9FF864208D029462046FFF7A0
:1033A00069FE10B1E3680133E36070BDE36801209A
:1033B0000344E36070BD4FF0500383F31188BFF303
:1033C0006F8FBFF34F8FFEE72DE9F84310B30E4622
:1033D0001746044691B101F087FDEFF311894FF0D4
:1033E000500383F31188BFF36F8FBFF34F8FA56B2B
:1033F000CDB9284689F31188BDE8F883036C002B0A
:10340000E9D04FF0500383F31188BFF36F8FBFF300
:103410004F8FFEE74FF0500383F31188BFF36F8F98
:10342000BFF34F8FFEE794F84480226C4FFA88F880
:1034300052B1E168A36811449942E16024BF216858
:10344000E160304617F082FC013DB8F1FF3FA56313
:1034500009D008F101035BB284F84430012089F3FC
:103460001188BDE8F8832369002BF7D004F1100020
:1034700000F0D8FE0028F1D0002FEFD001203860F6
:10348000B8E700BF00000000F0B1214B5A6890423D
:1034900025D0DA6890422CD05A6990422BD0DA6954
:1034A00090422AD05A6A904229D0DA6A90421ED0BD
:1034B0005A6B904225D0DA6B904208BF07220FD09A
:1034C00090F846304BB170474FF0500383F31188AA
:1034D000BFF36F8FBFF34F8FFEE701F05FBD002298
:1034E0009FED097B03EBC20383ED007BE8E7052238
:1034F000F6E70122F4E70222F2E70322F0E70422D2
:10350000EEE70622ECE700BF00000000000000002C
:10351000D897002030B1836BC06BC01AB0FA80F02E
:10352000400970474FF0500383F31188BFF36F8F4A
:10353000BFF34F8FFEE700BF124B1A687AB19A684B
:1035400062B11A6992B19A6992B11A6A92B19A6A91
:1035500092B11A6B92B19A6B92B17047012203EB50
:10356000C20C43F83210CCF8040070470222F6E790
:103570000322F4E70422F2E70522F0E70622EEE751
:103580000722ECE7D897002070B505460E46144692
:1035900001F078FB95F84430FF2B04BF002385F839
:1035A000443095F84530FF2B04BF002385F84530A3
:1035B00001F08AFBAB6B002B43D001F063FB95F865
:1035C00045305CB2002C14DD05F1240603E0631ED7
:1035D000DAB25CB26AB16B6A304653B100F022FED7
:1035E0000028F4D000F0BAFE631EDAB25CB2002A02
:1035F000F1D1FF2385F8453001F066FB01F042FB75
:1036000095F844305CB2002C14DD05F1100603E09F
:10361000631EDAB25CB26AB12B69304653B100F076
:1036200001FE0028F4D000F099FE631EDAB25CB20D
:10363000002AF1D1FF2385F84430BDE8704001F045
:1036400043BB2246314605F1240000F0A1FDB4E75A
:103650002DE9F843054601F015FB344A344E136852
:10366000013313603368002B32D0324C23683BB3F4
:10367000E86A314F314A32491368013313606B6590
:103680000B68834238BF086000EB800007EB8000C6
:10369000291DFEF7B5FE01F017FB236873B13268F0
:1036A000EB6AD26A9A4209D24FF0E0234FF080527F
:1036B000C3F8042DBFF34F8FBFF36F8FBDE8F883BE
:1036C0003368E86ADB6A1C4F834298BF3560D1E7F4
:1036D00035601368012B03D0E86A174F154CC9E712
:1036E000154F3C4607F58C6820461434FEF778FEEB
:1036F000A045F9D1DFF86090DFF860800D4C4846B6
:10370000FEF76EFE4046FEF76BFE0E48FEF768FEC3
:103710000D48FEF765FE0D48FEF762FE0C4BE86AA9
:10372000C3F800900B4BC3F80080A3E7849C0020F3
:1037300018980020E09C002024980020909C0020F5
:10374000949C0020CC9C0020F89C0020E49C00204D
:103750001C98002020980020989C0020AC9C002001
:103760002DE9F0470A9DDDF824804FEA82094A4698
:1037700006460C46286BA5211F4617F00FFB2B6B46
:10378000A9F10409994429F00709002C44D004F157
:10379000FF3C04F11F0105F1330E01E08C4505D01B
:1037A0001CF8014F0EF8014F002CF7D1002385F8CB
:1037B0005330089C372C28BF37244FF0000AEC62A6
:1037C000EC65281DC5F860A0FEF716FEC4F13804AC
:1037D00005F11800FEF710FEC5F8C4A0514660229E
:1037E000AC612D616D6285F8C8A005F1640017F029
:1037F000D5FA0B4BAB660B4BEB660B4B2B673A4684
:103800003146484601F012FA2860B8F1000F01D0A5
:10381000C8F80050BDE8F08785F83440C9E700BF1C
:10382000940D0308B40D0308740D030880B5234DEF
:10383000234F244EDFF890804FF0E02A4FF080595C
:103840002B685BB301F01EFAFB68DC68201DFEF7F5
:10385000FFFD3368013B33602B68013B2B6001F0B7
:1038600033FA04F1640017F07DFE94F8C93063B1B7
:10387000012B1ED0022BE3D04FF0500383F31188AD
:10388000BFF36F8FBFF34F8FFEE7206B01F086FB16
:10389000204601F083FB2B68002BD3D1D8F80030F1
:1038A000012BCDD9CAF8049DBFF34F8FBFF36F8FA3
:1038B000C6E7204601F072FBC2E700BF889C0020EB
:1038C000F89C0020849C0020249800202DE9F04FD3
:1038D000474B1E68013683B01E60002E40D0DFF8D3
:1038E00024B1DBF800309E4247D3424FDFF81891F5
:1038F0003B68DFF818A11D68002D73D0DFF8108138
:10390000002522E00191FEF7A3FDA36A019904F1CD
:10391000180013B1FEF79CFD0199E36AD8F8002066
:1039200003EB8300934209EB800088BFC8F80030A6
:10393000FEF766FDDAF800203B68E16AD26A1B6890
:10394000914228BF0125002B4CD03B68DB68DC6826
:103950006368211D9E420846D4D2CBF8003011E0A6
:10396000244B1A6812680AB34FF0500383F311888E
:10397000BFF36F8FBFF34F8FFEE7DFF88C90DFF858
:103980008CA00025DAF800301B49DB6A03EB8303C7
:103990009B0059F803200B68022A28BF0125002B41
:1039A0000CBF2846012003B0BDE8F08F134A186809
:1039B00011681960124910600A6801320A601A68B9
:1039C000126832B9DFF83CB04FF0FF33CBF800306B
:1039D00087E71B68DFF82CB0DB68DB685B68CBF837
:1039E00000307EE74FF0FF33CBF80030CAE700BF6E
:1039F0000C9D00201C980020109D00202098002085
:103A0000C49C0020C09C002024980020189800200E
:103A1000949C00202DE9F04F414D83B001F032F924
:103A20002B68013B2B602B68002B61D13D4B1B6841
:103A3000002B5DD03C4E3368002B6ED03B4FDFF83F
:103A4000FC90DFF8FC80DFF8FCA0F368DC6804F190
:103A5000040B04F11800FEF7FBFC5846FEF7F8FCD7
:103A6000E36A3A6803EB83009342594609EB80000E
:103A700088BF3B60FEF7C4FCD8F80030E26ADB6A1E
:103A80009A423DD30123CAF800303368002BDCD1C1
:103A9000274B1A681268002A3AD01A68254BD26858
:103AA000D26852681A60244E346894B1012706E047
:103AB000FFF70CFF08B1CAF80070013C08D02B6872
:103AC000002BF5D03368013C03F101033360F6D1DC
:103AD0003460DAF800305BB14FF0E0234FF08052F1
:103AE000C3F8042DBFF34F8FBFF36F8F012000E0A9
:103AF0000020019001F0E8F8019803B0BDE8F08FD4
:103B00003368002BA1D10A4B1A681268002AC4D16D
:103B1000084B4FF0FF321A60C5E7DFF828A0C2E774
:103B20008C9C0020849C0020CC9C0020949C002035
:103B30001C980020C09C0020C89C002024980020D5
:103B400018980020109D002030B587B00B9CC4B1A0
:103B50000C9D6DB1CC250595059DCC2D1AD04FF04F
:103B6000500383F31188BFF36F8FBFF34F8FFEE7CE
:103B70004FF0500383F31188BFF36F8FBFF34F8F64
:103B8000FEE74FF0500383F31188BFF36F8FBFF34D
:103B90004F8FFEE70C9D2C63022485F8C94004ACCE
:103BA000CDE901450A9C0094059CFFF7D9FD0C98CE
:103BB000FFF74EFD049807B030BD00BF2DE9F0437C
:103BC000074685B0900015468846994601F0BAF937
:103BD000D8B10446CC2001F0B5F90646D0B1046353
:103BE000002486F8C9400D9C01940C9C02964B461B
:103BF0002A46414638460094FFF7B2FD3046FFF7AB
:103C000027FD012005B0BDE8F0834FF0FF3005B07F
:103C1000BDE8F083204601F0C1F94FF0FF30F1E735
:103C2000F8B550B94FF0E0234FF08052C3F8042D9F
:103C3000BFF34F8FBFF36F8FF8BD1E4D2B6843B19D
:103C40004FF0500383F31188BFF36F8FBFF34F8F93
:103C5000FEE72B68013304462B60174B174E1F6895
:103C600030680430FEF7F4FB3368E4195C6010D36D
:103C7000134B186831680431FEF7D2FB2B68A3B9E7
:103C80004FF0500383F31188BFF36F8FBFF34F8F53
:103C9000FEE70C4B186831680431FEF7C1FB0A4B94
:103CA0001A68944238BF1C60E8E7FFF7B3FE0028AB
:103CB000B8D0F8BD8C9C00200C9D002018980020E6
:103CC000209800201C980020C09C0020F8B5F0B17E
:103CD0001A4B1B688342044617D000F0D3FF184BE1
:103CE00065691E68174B1F6800F0EEFFB54219D0DA
:103CF000BD4217D0144B9D4212D0144B9D421AD096
:103D0000002D0CBF04200120F8BD0020F8BD4FF0AD
:103D1000500383F31188BFF36F8FBFF34F8FFEE71C
:103D2000A36A0BB10220F8BD94F8C830012B0CBF78
:103D300002200320F8BD0420F8BD00BF1898002021
:103D40001C98002020980020E49C0020F89C002073
:103D500010B5044682B000F095FF34B1E06A0190DE
:103D600000F0B2FF019802B010BD014B1C68F5E7EE
:103D700018980020372908D94FF0500383F3118891
:103D8000BFF36F8FBFF34F8FFEE770B5044682B06D
:103D90000D4600F077FF002C36D0E26D95422ED014
:103DA000254B09D91968A14244D01B68DE6AAE428E
:103DB0008CBF0026012604E01E68361BB6FA86F684
:103DC0007609E36AE5659A42A26908BFE562002ABE
:103DD000A4BFC5F13805A561184D626903EB8303E3
:103DE00005EB83039A4212D04EB14FF0E0234FF01F
:103DF0008052C3F8042DBFF34F8FBFF36F8F02B013
:103E0000BDE8704000F060BF0B4B1C68C5E7211D8A
:103E100008460191FEF71CFB094BE06A1A680199FC
:103E2000904288BF186000EB800005EB8000FEF731
:103E3000E7FAD9E70026C4E7189800202498002064
:103E4000949C002030B58BB0002407AA06A905A8D1
:103E5000CDE90544FEF7A6FA069BCBB1059D75B1E9
:103E6000CC2209920999079ACC291AD04FF0500315
:103E700083F31188BFF36F8FBFF34F8FFEE74FF0CF
:103E8000500383F31188BFF36F8FBFF34F8FFEE7AB
:103E90004FF0500383F31188BFF36F8FBFF34F8F41
:103EA000FEE7022108A82B6385F8C9102346CDE957
:103EB00001051B49099800941A48FFF751FC284650
:103EC000FFF7C6FB089BEBB100F0E0FC01281BD11B
:103ED0004FF0500383F31188BFF36F8FBFF34F8F01
:103EE000114B124A1B68124964331360114A124B7A
:103EF0004FF0FF350D6010601C600BB0BDE8304026
:103F000000F052BF0BB030BD0130FBD14FF0500379
:103F100083F31188BFF36F8FBFF34F8FFEE700BFAE
:103F200068C602082D380108189800207006002085
:103F3000C09C0020E09C00200C9D0020024A1368D9
:103F400001331360704700BF8C9C0020064B1B6838
:103F500043B94FF0500383F31188BFF36F8FBFF362
:103F60004F8FFEE7FFF756BD8C9C0020014B186871
:103F7000704700BF0C9D0020054B1B680BB9FFF775
:103F8000A5BC044A1368013300201360704700BFCA
:103F90008C9C0020C89C00201E4B1B681BB11E4B34
:103FA00001221A6070471C4A1C4910B41C4C136053
:103FB000236803EB8302920098008A5842B9FBB150
:103FC000013B03EB8302980051F82220002AF6D02F
:103FD000C21801EB8200024641684968416008321C
:103FE000914208BF49680F4A08BF4160C968116023
:103FF000236013680C4A5DF8044B64331360704708
:104000004FF0500383F31188BFF36F8FBFF34F8FCF
:10401000FEE700BF8C9C0020109D0020249800200B
:10402000949C0020189800207006002070B504466B
:104030002E4E00F027FE002C3AD0251D2846FEF714
:1040400007FAA36A1BB104F11800FEF701FA29462A
:104050002748284DFEF7D4F994F8C830012B04BF47
:10406000002384F8C83000F02FFE2B688BB933682A
:10407000A34200D070BD2B680BB31F4B1B6833B33A
:104080004FF0500383F31188BFF36F8FBFF34F8F4F
:10409000FEE700F0F7FD194B1A68126852B11A6872
:1040A000174BD268D26852681A6000F00DFEDEE746
:1040B0003468C2E7124B4FF0FF321A60F5E70C4943
:1040C000104A0968126891420CD1336070BD4FF0FC
:1040D000E0234FF08052C3F8042DBFF34F8FBFF39E
:1040E0006F8F70BDBDE87040FFF756BF1898002075
:1040F000E49C0020E09C00208C9C00201C98002068
:10410000C09C0020849C0020D0B170B51A4D0C4694
:1041100029681831FEF784F9184B1E6828680430A6
:10412000FEF796F9631C14D02B68A4195C6017D3B2
:10413000134B18682968BDE870400431FEF770B968
:104140004FF0500383F31188BFF36F8FBFF34F8F8E
:10415000FEE729680B48BDE870400431FEF750B90E
:10416000094B186829680431FEF75AF9074B1A6899
:10417000944238BF1C6070BD189800200C9D002030
:1041800020980020E49C00201C980020C09C002067
:1041900030B370B51D4E0C46316815461831FEF728
:1041A0002FF91B4B85B91D6830680430FEF750F9B4
:1041B000336864195C601CD3164B18683168BDE81D
:1041C00070400431FEF72CB91B6830680430FEF7EC
:1041D0003FF931681048BDE870400431FEF710B96E
:1041E0004FF0500383F31188BFF36F8FBFF34F8FEE
:1041F000FEE70A4B186831680431FEF711F9084BE5
:104200001A68944238BF1C6070BD00BF1898002027
:104210000C9D002020980020E49C00201C98002089
:10422000C09C002030B5C368DC6883B0002C2BD064
:1042300004F118052846FEF70BF9184B1B687BB1F3
:1042400017482946FEF7DCF8164BE26A1B68DB6A62
:104250009A4285BF144B01200020186003B030BD86
:10426000211D08460191FEF7F3F8104AE36A106831
:10427000019983420E4888BF136003EB830300EB70
:104280008300FEF7BDF8DFE74FF0500383F311889A
:10429000BFF36F8FBFF34F8FFEE700BF8C9C0020F2
:1042A000CC9C002018980020109D0020949C002099
:1042B00024980020034A044B12681B68C0E90023BD
:1042C000704700BFC49C00200C9D002028B3F0B5AF
:1042D0000D4683B0C1B1044600F0D4FC2B681D4AE2
:1042E000581C116830D0DFF870C0D4E90060DCF8E9
:1042F0000070BE421AD0884218D80120019000F008
:10430000E3FC019803B0F0BD4FF0500383F3118834
:10431000BFF36F8FBFF34F8FFEE74FF0500383F370
:104320001188BFF36F8FBFF34F8FFEE7A1EB000E35
:1043300073450BD95B1ADCF80010126803442B603C
:104340000020C4E90012D9E70020D7E700232B6042
:104350000120D3E70C9D0020C49C0020014B0122CA
:104360001A607047109D0020014B1868704700BF0D
:1043700018980020054B1B6833B1054B1B68002BB8
:104380000CBF02200020704701207047E09C0020F5
:104390008C9C002070B5044682B0C8B11D4DC36A24
:1043A0002A68D26A934215D28269002A04DB2A68FD
:1043B000D26AC2F138028261174E626903EB83034D
:1043C00006EB83039A420ED02B68DB6AE36201207E
:1043D00002B070BD2B68C06DDB6A98422CBF002014
:1043E000012002B070BD211D08460191FEF730F892
:1043F0002A680A4BD06A1A68E062904288BF186047
:1044000000EB800006EB80000199FDF7F9FF012029
:10441000DEE700BF1898002024980020949C00201C
:1044200018B310B51E4B1C68844282B008D04FF000
:10443000500383F31188BFF36F8FBFF34F8FFEE7F5
:10444000236E4BB1E16AE26D013B9142236600D0DD
:104450006BB1002002B010BD4FF0500383F3118800
:10446000BFF36F8FBFF34F8FFEE700207047211D12
:1044700008460191FDF7ECFFE36D0A4AE362C3F1E0
:104480003800A061106801998342074888BF136013
:1044900003EB830300EB8300FDF7B2FF0120D9E7B4
:1044A00018980020949C002024980020002841D0D7
:1044B00030B5036E83B0044653B1C06DE26A8142E9
:1044C00038BF01468A4201D0012B0AD003B030BD6B
:1044D0004FF0500383F31188BFF36F8FBFF34F8FFB
:1044E000FEE7194B1B68A34225D0A369E162002BAC
:1044F000A8BFC1F13801154DA8BFA16102EB82022E
:10450000616905EB82039942E0D1211D08460191C2
:10451000FDF79EFF0E4BE06A1A680199904288BF32
:10452000186000EB800005EB800003B0BDE8304070
:10453000FDF766BF70474FF0500383F31188BFF358
:104540006F8FBFF34F8FFEE718980020249800204C
:10455000949C0020044B1A681AB119680A6E013243
:104560000A661868704700BF189800202DE9F043CC
:10457000224EDFF8909085B04FF000080DE0DB6828
:10458000DC681F68251D2846FDF762FF236A204668
:10459000984794F828305B070AD433681A68002AD1
:1045A000EDD1174A11683160136005B0BDE8F083A2
:1045B000A3693B449F42294605D230686360246169
:1045C000FDF72EFFE9E7D9F800306BB1CDE90087A0
:1045D0000294FFF7CFFE0023D9F800001A4669467F
:1045E000FEF7E2F80028D8D14FF0500383F311888A
:1045F000BFF36F8FBFF34F8FFEE700BF149D002006
:10460000189D0020389E00202DE9F04F9B4E9C4DB8
:104610009C4C8BB04FF0E0294FF0805833681F68F6
:10462000002F00F0A880DB681F68FFF787FCFFF70A
:104630009DFC2A6890428246C0F0AE80B842286055
:1046400080F0B48000222068A7EB0A01FEF79CFFEF
:10465000FFF77CFC28B9C9F8048DBFF34F8FBFF377
:104660006F8F2068002202A9FEF782FB0028D5D0B8
:10467000029B002B76DB049F7B6913B1381DFDF78D
:10468000E7FEFFF773FC2B6898428246C0F08B80F0
:10469000029BC5F800A0092BE3D8DFE803F005056D
:1046A00005533D5A0505533D97F82830BA693F61D7
:1046B00043F0010387F82830039B99182CBF012091
:1046C00000205145796000F28C80AAEB03039A42E6
:1046D00032D83B6A3846984797F828305B07C0D5F0
:1046E000236883B10022BB690692039A089713449A
:1046F0000793FFF73FFE002320681A4606A9FEF73E
:1047000053F80028ADD14FF0500383F31188BFF365
:104710006F8FBFF34F8FFEE797F8283043F0010308
:1047200087F82830039BBB61002B00F09D80534429
:1047300053457B603F615ED8534B391D1868FDF7C8
:104740006FFE8EE797F8283023F0010387F82830B2
:1047500087E797F828309A0752D523F0010387F8A6
:1047600028307EE7039BDDE904019847029B002B7C
:10477000FFF677AF7FE7FFF7E1FBFFF7F7FB2A686C
:104780008242824608D8404BC5F800A01A681268D9
:10479000B2FA82F2520956E7FFF7E8FEC5F800A028
:1047A000FFF7D4FB5DE7FFF7E1FE71E7FFF7CEFB14
:1047B0003268D268D2F80CB00BF1040108460191BE
:1047C000FDF746FE9BF82800019910F0040F1BD15D
:1047D00020F001008BF82800DBF82030584698477D
:1047E0003FE7534502D900283FF473AF3068391DC5
:1047F000FDF716FE35E73068391DFDF711FE30E78D
:10480000384600F0CBFB2CE7DBF81820CBF810B0D3
:10481000B8188245CBF8040003D23068FDF700FEDB
:10482000DAE7AAEB07039A4219D8236873B1002389
:1048300006930797CDF820B0FFF79CFD0023206872
:104840001A4606A9FDF7B0FF0028C5D14FF0500366
:1048500083F31188BFF36F8FBFF34F8FFEE70A4BCF
:104860001868FDF7DDFDB7E74FF0500383F31188BB
:10487000BFF36F8FBFF34F8FFEE700BF149D002083
:10488000E49D0020389E0020189D0020F0B5234CA8
:1048900089B000F0F7F9256835B300F015FA236800
:1048A000CBB1002407AA06A905A8CDE90544FDF768
:1048B00087FDDDE905013023CDE901100093079A5A
:1048C000174918482346FFF73FF9174B186010B1F6
:1048D000012009B0F0BD4FF0500383F31188BFF3FE
:1048E0006F8FBFF34F8FFEE7104F114E3846FDF725
:1048F00077FD3046FDF774FD0E4A009517600E4AAD
:104900000E4B166010210E4A0A20FDF7F1FD2060C3
:104910000028C2D00B49FEF70FFEBEE7389E0020EC
:1049200078C60208094601083C9E0020BC9D002074
:10493000D09D0020149D0020189D0020E89D00209F
:104940001C9D002070C602082DE9F04F074685B077
:104950002C20884616461D4600F0F4FA0446E8B1BD
:10496000002380F82830B8F1000F1BD0DFF89C90AE
:1049700000F088F9D9F80030EBB100F0A5F90E9BF2
:104980002760C4E906852362201DFDF735FD2EB1A1
:1049900094F8283043F0040384F82830204605B00A
:1049A000BDE8F08F4FF0500383F31188BFF36F8F92
:1049B000BFF34F8FFEE7DFF858B0DFF858A003933E
:1049C0005846FDF70DFD5046FDF70AFD039B009389
:1049D000094B0A4AC3F800B0094B1021C3F800A0E4
:1049E0000A20084BFDF784FDC9F800000028C4D058
:1049F0000549FEF7A1FDC0E7149D00201C9D002085
:104A0000189D0020E89D002070C60208389E0020F6
:104A1000BC9D0020D09D00202DE9F04F85B02C24B6
:104A20000394039C2C2C08D04FF0500383F311887F
:104A3000BFF36F8FBFF34F8FFEE71D46039B0F9BA6
:104A400043B316461A4602230F4682F8283051B364
:104A5000294C804600F016F9D4F800B0BBF1000FE5
:104A60002AD000F031F90F9B0E9AC3F80080C3E9F9
:104A700006751A62181DFDF7BFFC3EB10F9B0F9A19
:104A800093F8283043F0040382F828300F9805B0DB
:104A9000BDE8F08F4FF0500383F31188BFF36F8FA1
:104AA000BFF34F8FFEE74FF0500383F31188BFF33E
:104AB0006F8FBFF34F8FFEE7DFF854A0DFF85490FD
:104AC0005046FDF78DFC4846FDF78AFC0B4A0C4B1F
:104AD000CDF800B01021C2F800A0C3F80090094A38
:104AE000094B0A20FDF704FD20600028B9D00749D2
:104AF000FEF722FDB5E700BF389E0020149D002080
:104B0000189D00201C9D0020E89D002070C6020812
:104B1000BC9D0020D09D0020C0B130B5184D2C6840
:104B200085B084B10529CDE90012029017DCFFF7AA
:104B300021FC02281CD0002328681A466946FDF78C
:104B400033FE05B030BD204605B030BD4FF05003F8
:104B500083F31188BFF36F8FBFF34F8FFEE79C463F
:104B60006246002369462046FEF744F805B030BD92
:104B70002868089A00236946FDF716FEE4E700BF9F
:104B8000389E002058B110B5044682B000F07AF883
:104B9000E069019000F098F8019802B010BD4FF064
:104BA000500383F31188BFF36F8FBFF34F8FFEE77E
:104BB00008480068006880F308884FF0000080F320
:104BC000148862B661B6BFF34F8FBFF36F8F00DFFB
:104BD00000BF000008ED00E0DFF80C00016841F4C0
:104BE000700101607047000088ED00E00E4B1B680B
:104BF00082B000220133019208D04FF0500383F3BA
:104C00001188BFF36F8FBFF34F8FFEE74FF0500354
:104C100083F31188BFF36F8FBFF34F8F019B002B7E
:104C2000FCD002B0704700BF2800002010B44FF045
:104C30008073074C40F8043C21F001016FF002033F
:104C400040E9034140E909325DF8044B44387047BC
:104C5000ED4B010800000000000000000000000013
:104C6000074B19680868B0E8F04F80F30988BFF374
:104C70006F8F4FF0000080F311887047AFF3008012
:104C8000189800204FF0500383F31188BFF36F8F03
:104C9000BFF34F8F0B4A13680133012B136000D011
:104CA00070474FF0E023D3F8043DDBB2002BF7D080
:104CB0004FF0500383F31188BFF36F8FBFF34F8F13
:104CC000FEE700BF28000020084A136843B94FF0F0
:104CD000500383F31188BFF36F8FBFF34F8FFEE74D
:104CE000013B13600BB983F3118870472800002043
:104CF000EFF30980BFF36F8F154B1A681EF0100F8A
:104D000008BF20ED108A20E9F04F10602DE909005E
:104D10004FF0500080F31188BFF34F8FBFF36F8FB8
:104D2000FFF73AF94FF0000080F3118809BC1968C9
:104D30000868B0E8F04F1EF0100F08BFB0EC108A02
:104D400080F30988BFF36F8F704700BFAFF3008017
:104D50001898002008B54FF0500383F31188BFF373
:104D60006F8FBFF34F8FFFF707F928B14FF0E023A4
:104D70004FF08052C3F8042D002383F3118808BD3F
:104D80004FF0E02200230649136193610B68054848
:104D9000A0FB03039B090721013B5361116170478D
:104DA00000000020D34D62104FF0E023484AD3F8B2
:104DB000001D914241D0D3F8002D464B9A4233D08A
:104DC00070B5454B454C1A78454884B0FF21D2B2A6
:104DD000029219701B78DBB28DF807309DF807300E
:104DE0009DF8072003F0500307211206237001608D
:104DF00048BF06220FD59DF807305B00DBB28DF867
:104E000007309DF807301B06114602F1FF32F2D43D
:104E100003291BD001604FF0500383F31188BFF3C7
:104E20006F8FBFF34F8FFEE74FF0500383F311886E
:104E3000BFF36F8FBFF34F8FFEE74FF0500383F345
:104E40001188BFF36F8FBFF34F8FFEE7029B224A9B
:104E5000244D4FF0E0244FF44071DBB20160137039
:104E6000D4F8203D43F47003C4F8203DD4F8203D2D
:104E700043F07043C4F8203D0026FFF781FF2E6009
:104E8000FFF7AAFED4F8343F43F04043C4F8343F60
:104E9000FFF78EFEFFF780F82B680396013308D0EA
:104EA0004FF0500383F31188BFF36F8FBFF34F8F21
:104EB000FEE74FF0500383F31188BFF36F8FBFF30A
:104EC0004F8F039B002BFCD0002004B070BD00BFAF
:104ED00071C20F4170C20F4100E400E0409E00200B
:104EE000449E002028000020EFF305830F2B0ED9ED
:104EF0001149124A5B5C12789A4208D94FF050036C
:104F000083F31188BFF36F8FBFF34F8FFEE74FF02E
:104F1000E0230B4AD3F80C3D126803F4E06393429C
:104F200008D94FF0500383F31188BFF36F8FBFF39D
:104F30004F8FFEE7704700BFF0E300E0409E002087
:104F4000449E002038B5430704461CBF20F00704E8
:104F50000834FEF7F3FF0E4A13689BB10D4A15683B
:104F600043F6F7312C448C4207D8A54205D21D44A4
:104F70001460FEF7EBFF284638BD0025FEF7E6FF7C
:104F8000284638BD044B23F007031360E6E700BF53
:104F9000489E00204CDA0020549E002040B14FF083
:104FA000500383F31188BFF36F8FBFF34F8FFEE77A
:104FB000704700BF80B5044686B00F4672B66C4895
:104FC0006C4D6B4EFAF7AEFE294664230122304643
:104FD000FAF73EFD15F8013F002BF5D1237853B1C8
:104FE000634D2146642301222846FAF731FD14F867
:104FF000013F002BF5D1604C5D4D21466423012219
:105000002846FAF725FD14F8013F002BF5D187EA71
:10501000E775A5EBE775092D4FEAD77740F29D803C
:10502000632D75D9B5F57A7FC0F0858042F20F7394
:105030009D4240F283805148514B524EDFF850C19F
:10504000DFF850E12946012405E0B24279D96245F2
:1050500072D3724573D90A469A42A0FB01814FEA86
:10506000513104F10404F0D8E11902AE2D22684652
:10507000009614F06EF8009B013C03EB070E4248CB
:10508000DFF814910EEB04034FF0640842F20F773F
:10509000A9FB0512520908FB125100EB410C10F854
:1050A00011409CF801C083F800C02946B94203F8BA
:1050B000014C1546A3F10203EAD8B1F57A7F32D24A
:1050C00005F13003DBB28EF80030009C23782046D7
:1050D0005BB1274D2146642301222846FAF7B8FC2C
:1050E00014F8013F002BF5D10098B04203D002998B
:1050F000013113F0D3FF254C1D4D214664230122BD
:105100002846FAF7A5FC14F8013F002BF5D1FEE77D
:10511000684602AE2D22B91C009614F01AF8009BC6
:10512000194803EB070E00EB450210F815305278D2
:105130008EF80120C7E70124023495E701240334E7
:1051400092E7791C02AE21442D226846009614F0A5
:1051500000F8009B03EB070E91E702AE2D22791CAD
:105160006846009613F0F5FF009B03EB070EA7E7D8
:10517000548E002080C60208A0C602085917B7D175
:105180009F8601003F420F00ACC60208A8C6020875
:1051900080969800FFE0F5051F85EB51704700BF32
:1051A00001207047F8B5184E3378BFF35B8F13F0CA
:1051B0000104054602D0D5B91448F8BD304613F0B5
:1051C0006FFF0028F7D0114F114B3B6007F1080328
:1051D0003B6607F158005023C7E916447B66FCF78D
:1051E000FBFE786048B1304613F066FFE3E7094BF9
:1051F000094A0A482C2115F045FC094B094A074881
:105200001A2115F03FFC00BF50DA002054DA0020CC
:105210002CC80208C4C70208DCC70208A4C70208D9
:1052200078C7020880C702082DE9F04F2DED028BE8
:105230008BB0054609F0E8F990F8893023B90BB036
:10524000BDEC028BBDE8F08F044605214068FCF7F9
:105250000BFF0028F3D194F888606068D4ED1A8AB7
:1052600094ED1B8AD4F870A0D4F87490D4F87880A8
:10527000E76FD4E920B4FCF71BFF002EDFD001213B
:105280006868CDED048ACDE90211CDE900B48DED59
:10529000058ACDF818A0CDF81C90CDF8208009978C
:1052A000FCF7E2FE01460028C9D168460BF0E4FA9B
:1052B0006868FCF7FDFEC2E72DE9F04387B00546BC
:1052C00009F0A2F990F8053113B907B0BDE8F083F1
:1052D00004460521D0F89000FCF7C6FE06460028DB
:1052E000F3D194F80471D4F89000D4F8F480D4F891
:1052F000FC90D4F80041FCF7DBFE002FE5D0012143
:10530000022368680396CDE900948DF80C10059689
:105310000293CDF81080FCF7A7FE01460028D4D1F7
:1053200068460BF0EBFA6868FCF7C2FECDE700BFF9
:10533000F0B5B3B007460DF10F06406801211546E0
:105340001C4626F00F06FCF78FFEB8B12846214612
:1053500000220BF055FB78680121FCF785FE002840
:1053600000F0B28009F050F90446002130460BF0FD
:10537000CBFB94F8C0333BB933B0F0BD0BF000FB6E
:105380007868FCF795FEE1E7D4F894020521FCF774
:105390006BFE0028F0D17368C4F804337369C4F855
:1053A0001433F369C4F81C33736A31683269C4F882
:1053B0002433F36AC4F80013C4F81023B169326AC5
:1053C000C4F82C33736BC4F81813C4F82023B16AE3
:1053D000326BC4F83433F36BC4F82813C4F83023A9
:1053E000B16B326CC4F83C33736CC4F84023C4F81E
:1053F0004433C4F83813B16CF36CC4F84C33736D98
:10540000C4F85433336EC4F86033B36E326DC4F8ED
:105410006833336FC4F84813C4F85023B16D726E0B
:10542000C4F87033B36FC4F85813C4F86423F16E32
:10543000726FC4F87833D6F88030C4F86C13C4F8AF
:105440007423F16FD6F88420C4F88033D6F88830FE
:10545000C4F88423C4F88833C4F87C13D6F88C10BD
:10546000D6F89030C4F89033D6F89430C4F894331A
:10547000D6F89C30D6F89820C4F89C3396ED2C7B57
:10548000D6F8A430C4F89823C4F8A433D6F8A820DA
:10549000D6F8AC30C4F88C13C4F8A823D6F8A01002
:1054A000D6F8B820C4F8AC3396F8BC30D4F89402DF
:1054B000C4F8A01384EDEC7BC4F8B82384F8BC33A3
:1054C000FCF7F6FD33B0F0BD0BF0DEFA7868FCF7C0
:1054D000EFFD47E7007DA0F10100B0FA80F0400940
:1054E000704700BF08B5034A034B04487A2115F002
:1054F000C9FA00BF34C8020878C702086CC802089D
:1055000038B51C4D2B78BFF35B8FDA0704460DD5F9
:10551000194D2B78BFF35B8FDB0716D5012C23D8F1
:10552000164B1748002C18BF184638BD284613F0F4
:10553000B7FD0028ECD0124B124919604FF480726D
:1055400028469A8213F0B8FDE2E7284613F0A8FD3A
:105550000028E3D0094B0B4919604FF4007228462C
:105560009A8213F0A9FDD9E7074B084A0848212180
:1055700015F088FABCDA0020C0DA0020DCDA00205E
:10558000C4DA002098C90208D8C802080CC9020869
:105590006CC8020870B5447D84B0012C8DF80F10E2
:1055A00015461E460ED0022C2ED101241948009417
:1055B00023460DF10F022021F6F766FFC0B100204F
:1055C00004B070BD1448009423460DF10F02202151
:1055D000F6F7C2FA0028F2D1009433462A46202179
:1055E0000D48F6F793FBB0FA80F0400904B070BDA7
:1055F000009433462A4620210648F7F7D7F8B0FA38
:1056000080F0400904B070BD044B054A05485F2195
:1056100015F038FA308A00206807002078C70208A1
:1056200050C902086CC8020870B5457D88B00023D7
:105630005D22012DCDE904330446ADF80C3006930C
:10564000ADF81C308DF80B200FD0022D62D1012651
:105650003348009633460DF10B022021F6F714FF74
:1056600000284DD0002008B070BD2E4800952B4674
:105670000DF10B022021F6F76FFA0028F2D129482C
:105680000095022303AA2021F6F740FB0028E9D168
:10569000042304AA62212046FFF77CFF0028E1D002
:1056A0000A2305AA68212046FFF774FF0028D9D0F5
:1056B0009DF819309DF818209DF80C1021711B02DF
:1056C00003F4FE43134363829DF813309DF80D20CD
:1056D000E371BDF814309DF8121062716381BDF85A
:1056E0001620BDF81030A1712281BDF81A109DF866
:1056F0001D20E3819DF81C30A18122746374B2E700
:10570000074800962B4603AA2021F7F74FF80028F8
:10571000BED0A7E7044B054A05485F2115F0B2F952
:10572000308A00206807002078C7020850C90208A4
:105730006CC8020830B503686D4A5B6889B0002107
:10574000934204468DF8091004D1037D012B04D146
:1057500009B030BD98470028FAD1637D40F24B1262
:10576000012BADF80C2000F08A80022B40F0BE80A7
:10577000012200925F4803AA2021F6F785FE054624
:10578000002DE5D10320F5F7AFF801230DF1090253
:1057900040212046FFF7FEFE0028D9D09DF80930B1
:1057A000322BD5D12046FFF73FFF0028D0D0012370
:1057B0000DF10A024C2120468DF80A50FFF7EAFE4F
:1057C0000028C5D09DF80A20637D02F0F9024C2123
:1057D000012B8DF80A208DF810108DF8112064D15E
:1057E00000934548022304AA2021F6F7B5F90028C2
:1057F000AED101230DF10B024C212046FFF7CAFE6A
:105800000028A5D09DF80B20637D02F0C7024C2133
:10581000012B8DF80B208DF814108DF815203AD13E
:1058200000933548022305AA2021F6F795F90028B0
:105830008ED1637D40F65172012BADF8182041D115
:1058400000932D48022306AA2021F6F785F90028A7
:105850007FF47EAF637D41F65232012BADF81C2000
:105860003AD100932448022307AA2021F6F774F9BD
:1058700000287FF46DAF0123237509B030BD00937C
:105880001D48022303AA2021F6F766F90546002DDC
:105890007FF45EAF76E7022B28D10122009220210F
:1058A00005AA1448F6F7F0FDC1E7022B1ED101222C
:1058B0000092104804AA2021F6F7E6FD00287FF4A4
:1058C00047AF96E7022B11D101220092202106AAB0
:1058D0000848F6F7D9FDBAE7022B07D1012200925A
:1058E000202107AA0348F6F7CFFDC1E7FFF7FAFD2D
:1058F000D5540108308A002068070020000000000D
:105900002DE9F04F0368D24A5B68934283B00446A6
:1059100014D1037D012B14D04FF000094FF0000883
:1059200045464646CB464F46637D012B00F031810C
:10593000022B00F0588103B0BDE8F08F9847002893
:10594000EAD00AF0B9FC082305460E466A46422111
:105950002046FFF71FFE002800F03A819DF9013034
:105960009DF800109DF903709DF907909DF9058041
:105970005B0143EAD1019DF802307F0147EAD3077A
:105980009DF806304FEA891949EA93099DF80430D9
:105990004FEAC81811F5805F48EA53081FFA89FAE0
:1059A00000F04881BAF1000F40F03F81608A034661
:1059B000002800F042819A03B2FBF0F2A2F5804287
:1059C00013B203FB03F2002AB8BF7F32D011227C4E
:1059D00012FB03F294F91130D20103FB0022002ADA
:1059E000B8BF02F2FF12531294F9062003F5801398
:1059F000A03202FB03F3002BB8BF03F6FF731B13A7
:105A000001FB03F3002BB8BF03F5FF5394F9042007
:105A1000B8BF1F3343F34F3313EBC20348BF0F33F9
:105A20001B1107EE903AF8EEE77AF1EE677A17EE7F
:105A3000900AF2F7CBFE84A3D3E90023F2F738FCF7
:105A4000F2F71CFF834617F5805F00F0F180BAF192
:105A5000000F40F0E780628A1346002A00F0E880D9
:105A60009B03B3FBF2F3A3F580431AB202FB02F3EC
:105A7000002BB8BF7F33D911237C13FB02F394F9B9
:105A80001120DB0102FB0133002BB8BF03F2FF132F
:105A900094F907205B12A03203F5801302FB03F395
:105AA000002BB8BF03F6FF731B1303FB07F7002F90
:105AB000B8BF07F5FF5794F90530B8BF1F3747F354
:105AC0004F3717EBC30748BF0F373F1107EE907AE8
:105AD000F8EEE77AF1EE677A17EE900AF2F776FEC3
:105AE00059A3D3E90023F2F7E3FBF2F7C7FE074619
:105AF00018F5804F72D0B4F90A30002B6ED022898D
:105B0000002A6BD0BAF1000F68D0618A002965D0F5
:105B1000A089AAEB010A10FB0AFA09FB02F2BAF10A
:105B2000000F4FEA4202B8BF0AF1030A12F5004221
:105B300048BF02F57F42B4F90E1048BFFF3203EBB5
:105B40002243A8EB0101434AC903A1EBAA0191FB3F
:105B5000F3F39342B8BF134647F6FF729342A8BFD0
:105B60001346002BB8BF0F3343F30F1307EE903AE1
:105B7000F8EEE77AF1EE677A17EE900AF2F726FE72
:105B800031A3D3E90023F2F793FBF2F777FE8146C6
:105B900026E008F039FD90F805320446002B3FF46A
:105BA000CAAED0F88C010521FCF75EFA00287FF41C
:105BB000C2AEC4E97F56D4F88C01C4F8F071C4F8C1
:105BC000F4B1C4F8F89184F80482FCF771FAB2E6F3
:105BD0004FF000098046CB464F46A5E6DFF87890A7
:105BE0004FF00108A0E608F00FFD90F8853204465A
:105BF000002B3FF4A0AED0F80C020521FCF734FADC
:105C000000287FF498AEC4E99F56D4F80C02C4F87B
:105C10007072C4F874B2C4F8789284F88482FCF785
:105C200047FA88E6638A52461AE7638A5046C2E614
:105C3000094F5DE7DFF820B005E7DFF81CB05F46ED
:105C400056E700BFAFF300807B14AE47E17A843F94
:105C5000D55401080180FFFF0AD7A34390F85100F3
:105C6000704700BF70B50F4E3378BFF35B8F13F0F2
:105C70000104054602D07DB90B4870BD304613F0D3
:105C80000FFA0028F7D0084B084A1A60304683F80C
:105C9000514013F011FAEEE7054B064A064814216D
:105CA00014F0F0FEF4DA0020F8DA002058CA0208F6
:105CB000C4C70208A0C90208E4C902082DE9F043DC
:105CC000002387B0842704460E465A488DF80E30CC
:105CD000012115461A468DF80F308DF80D70F6F734
:105CE000DFFA012354481A460DF10D01F8F7BCFD07
:105CF00040B101224F481146F6F7D2FA002007B012
:105D0000BDE8F0834FF001094B48CDF800904B46B9
:105D10000DF10E020DF10F01F8F7F8FE8046002894
:105D2000E7D10DF10F0104AA4348CDF800900623F6
:105D3000F8F7ECFE4A46074649463E48F6F7B0FA01
:105D4000002F75D19DF814E09DF8153094ED017A7F
:105D500094ED036AD4ED026A9DF811C09DF81220FB
:105D60004FEA0E2E4EEA034E9DF813304EEA03031F
:105D700007EE903AF8EEE77A9DF8103077EEC77AA2
:105D80004FEA0C2C27EEA77A4CEA024C27EE067A53
:105D90004CEA030CA7EEA67A484686ED007AD4EDCD
:105DA000055A94ED046A94ED095AD4ED086AD4EDCD
:105DB000067AD4ED0A4A94ED0E4AA7EE256AE7EE7C
:105DC000056AD4ED075A94ED0B5A67EE277A67EE11
:105DD000244AA7EE276A67EE255AE7EE246A65EEA5
:105DE000875AD4ED0C4AD4ED0D7A27EE055AA7EE6A
:105DF000256A25EE075AF0EE645AE7EE275A07EEB9
:105E000090CAE7EE056AF8EEE77AB0EE667A27EE1A
:105E1000A75AA7EE867A67EE857A67EE847AE5EE72
:105E2000257A77EE877AC5ED007A07B0BDE8F08372
:105E3000404664E700080240308B0020F0B587B090
:105E4000002462F07F008DF80F00224619488DF87B
:105E500016400E4601211D468DF81740F6F720FA30
:105E6000012315481A460DF10F01F8F7FDFC044611
:105E700048B101220F481146F6F712FAB4FA84F03D
:105E8000400907B0F0BD01270B4800973B460DF1D4
:105E900016020DF11701F8F739FE04460028E8D183
:105EA000054800972B4632460DF11701F8F72EFEF4
:105EB0000446DEE700080240308B002038B531226E
:105EC0002DED028B152300F13C010446FFF7B6FFD0
:105ED000054618B9BDEC028B284638BDA38F9FED4F
:105EE000618A00EE103A0820B8EE400A13F09AF9E1
:105EF000E38FF0EE407A00EE103A6FF01D00C4ED33
:105F0000017AB8EE400A13F08DF994F94030F0EEC2
:105F1000407A00EE103A6FF02F00C4ED027AB8EE2E
:105F2000C00A13F07FF9B4F94130F0EE407A00EE88
:105F3000103AB8EEC00A6FF0130030EE480AC4ED14
:105F4000037A13F06FF9B4F9433084ED040A07EED5
:105F5000903AF8EEE77A6FF01C0037EEC80A13F0BB
:105F600061F994F94530F0EE407A00EE103A6FF0A6
:105F70001F00C4ED057AB8EEC00A13F053F994F986
:105F80004630F0EE407A00EE103A6FF02400C4ED97
:105F9000067AB8EEC00A13F045F9B4F84730F0EECF
:105FA000407A00EE103A0320C4ED077AB8EE400ABA
:105FB00013F038F9B4F84930F0EE407A00EE103AB8
:105FC0006FF00500C4ED087AB8EE400A13F02AF924
:105FD00094F94B30F0EE407A00EE103A6FF0070083
:105FE000C4ED097AB8EEC00A13F01CF994F94C30EC
:105FF000F0EE407A00EE103A6FF00E00C4ED0A7A2F
:10600000B8EEC00A13F00EF9B4F94D30F0EE407A54
:1060100000EE103A6FF02F00C4ED0B7AB8EEC00A14
:1060200013F000F994F94F30F0EE407A00EE103A98
:106030006FF02F00C4ED0C7AB8EEC00A13F0F2F83E
:1060400094F9503084ED0D0A07EE903A6FF040005D
:10605000B8EEE70A13F0E6F8BDEC028B284684EDB3
:106060000E0A38BD0000804630B5002483B00123FD
:1060700022460DF1030105468DF80340FFF7DEFED1
:1060800018B19DF80330502B01D003B030BD284625
:10609000FFF714FF0028F8D022462F480121F6F719
:1060A000FFF81F23022201A9ADF804302B48012379
:1060B000F8F7DAFB0122044611462748F6F7F0F814
:1060C000002CE2D1224624480121F6F7E9F840F2FB
:1060D0001D33022201A9ADF8043020480123F8F74E
:1060E000C3FB0122044611461B48F6F7D9F8002CE1
:1060F000CBD1224618480121F6F7D2F840F61C43CE
:10610000022201A9ADF8043014480123F8F7ACFBD2
:106110000122044611461048F6F7C2F8002CB4D10B
:1061200022460D480121F6F7BBF843F21B33022249
:1061300001A9ADF8043009480123F8F795FB0122C5
:10614000044611460448F6F7ABF8002C9DD1012314
:1061500085F8513003B030BD00080240308B00207C
:1061600010B503682B495A6886B000238A42CDE9EE
:106170000133CDE9033304468DF8143048D190F84B
:10618000510050B900238DF8143008F03DFA90F812
:10619000053104461BBB06B010BD002103228DF85B
:1061A000031001230DEB02012046FFF747FE0028F4
:1061B000E8D09DF8033003F06003602BE2D10AF0D1
:1061C0007BF80346CDE9033101AA204602A9FFF777
:1061D00075FD0028D9D001238DF81430D5E7D0F80B
:1061E00090000521FBF740FF0028D4D10DF1040CED
:1061F000BCE80F0004F1F40EAEE80F00DCF800304C
:10620000D4F890008EF80030FBF752FF06B010BDB6
:106210009047B6E75D5C010890F8A804704700BF9E
:1062200008B540B10B4691B9114652B11846BDE8C8
:106230000840FBF71FBC094B094A0A48462114F0E5
:1062400021FC094B064A0748482114F01BFC074B68
:10625000034A0448472114F015FC00BF60CA020835
:106260006CCA0208B8CA0208FCCA0208D4CA0208EA
:106270000AF022B808B5A8B100291FDDC36ABBB176
:10628000D3F8000411F007021CBFC2F108028918FC
:10629000C0F580628A42C3BF0918C3F80014C01851
:1062A000002008BD084B094A09489E2114F0EAFB6A
:1062B000084B064A0648A12114F0E4FB064B034AAA
:1062C00003489F2114F0DEFB60CA020808CB0208D5
:1062D00044CB02086CCB020860CB020810B558B161
:1062E0000C46D9B911469AB1002B1A460ADD204650
:1062F000BDE81040FBF7B6BC0B4B0C4A0C4895218F
:1063000014F0C0FB0B4B094A0948982114F0BAFB62
:10631000094B064A0648972114F0B4FB074B034A81
:106320000348962114F0AEFB60CA020878CB02083D
:1063300044CB0208E0CB0208D4CB0208D4CA02083E
:1063400090F8A83403B170472DE9F04FABB00123AA
:1063500045F2024104460093ADF83C104648022342
:106360000FAAA021F5F7F8FB60B144494448FBF7B8
:1063700013FB082700264FF02D08054610B32BB05D
:10638000BDE8F08F40233C4800931AAAA021F5F7FE
:10639000BDFC06460028E8D14FF0FF323C211AA888
:1063A0000AF054FA299B35499842354807BF1C9F8B
:1063B000DDE91A8608274FF02D08FBF7EDFA0546B0
:1063C0000028DCD102A8FAF7F9F80DF1080CBCE8B6
:1063D0000F000DF13C0EAEE80F00BCE80F00AEE878
:1063E0000F009CE80700274BDFF8A8A08EE8070005
:1063F00004F150091093244B12932946234B119317
:106400004FF48B6240F6016B4846ADF854B0CDF8BE
:106410003CA08DF864808DF865608DF85F7014F095
:10642000BDFC04F58B631A4AC4F8B4345023C4F895
:10643000AC24C4F8B83404F2AC40FBF7CDFDC4F88A
:10644000540400289BD004F108054A460FA92846A9
:10645000FAF7DEF8002892D140F2011302460EA9A5
:1064600028460E93FAF746FE002888D1012384F8C7
:10647000A8342BB0BDE8F08F6807002040420F0021
:1064800020A10700DD620108756201087162010840
:10649000F0CB02082162010870B50F4E3378BFF3CC
:1064A0005B8F13F00104054602D07DB90B4870BD27
:1064B000304612F0F5FD0028F7D0084B084A1A6064
:1064C000304683F8A84412F0F7FDEEE7054B064A84
:1064D0000648112114F0D6FA4CDB002050DB0020D6
:1064E00070CC0208C4C70208FCCB020844CB0208E7
:1064F00030B587B04FF0FF33214D01932B78BFF3B8
:106500005B8F13F001041FD042F2107202A901A8A0
:10651000FBF754FB041E01DA07B030BD194D012111
:10652000D5F85404FBF7A0FD0028F5D1D4B10199AA
:1065300001BB02AA05F10800FAF7D8F8D5F854040F
:10654000FBF7B6FD07B030BD284612F0A9FD0028C4
:10655000DAD00C4B0C4A1A60284683F8A84412F093
:10656000ABFDD1E722464FF0FF3105F10800FAF705
:10657000BDF8E3E7054B064A06488B2114F082FA82
:106580004CDB002050DB002070CC0208D4CA02088B
:106590003CCC020844CB020890F86400704700BF6E
:1065A00090F8643003B1704730B595B0012345F2DF
:1065B000024104460093ADF80C107148022303AA6F
:1065C000A021F5F7C9FA08B115B030BD40236C48D9
:1065D000009304AAA021F5F799FB0028F4D14FF00D
:1065E000FF323C2104A80AF031F9139B984217D1DD
:1065F000DDE90701DDE909236060E1606261DDE951
:106600000B01E361DDE90D236062E1626263DDE9B4
:106610000F01E363DDE911236064E1646265E36512
:106620000020FFF739FF00F1080500224FF49671B2
:106630002846FAF763F90246002859D140F22D1195
:106640002846FAF75BF90246002840F093804FF4A1
:1066500097712846FAF752F90246002840F08480E4
:1066600040F22F112846FAF749F90246002875D161
:106670004FF498712846FAF741F90246002867D18D
:1066800040F231112846FAF739F90246002859D16B
:1066900040F237112846FAF731F9024600284BD16B
:1066A0004FF49C712846FAF729F9024600283DD19B
:1066B0004FF49D712846FAF721F9024680BB40F25B
:1066C0002D412846FAF71AF920BB00224FF4A17198
:1066D0002846FAF713F90246B0B94FF4A3712846D9
:1066E000FAF70CF950B9012384F8643015B030BDC5
:1066F000244B254A2548552114F0C4F9244B224A3D
:106700002248602114F0BEF9224B1F4A1F485F2126
:1067100014F0B8F9204B1C4A1C485E2114F0B2F961
:106720001E4B194A19485D2114F0ACF91C4B164A4E
:1067300016485C2114F0A6F91A4B134A13485B2142
:1067400014F0A0F9184B104A10485A2114F09AF985
:10675000164B0D4A0D48592114F094F9144B0A4A6E
:106760000A48582114F08EF9124B074A074857215E
:1067700014F088F9104B044A0448562114F082F9A9
:106780006807002078CC0208E4CC02080CCD02088F
:10679000E0D0020880D0020824D00208C8CF020846
:1067A0006CCF020810CF0208B4CE020858CE0208FF
:1067B000FCCD020898CD020830CD020870B52DED51
:1067C000028B82B007F020FF90F8EA363BB9002038
:1067D00002B0BDEC028BBDE87040FFF75DBE044621
:1067E0000521D0F86406FBF73FFC05460028EED1F2
:1067F00004F5CC63D4F8640693ED1B8A94F8E8663C
:10680000FBF756FC2846FFF747FE04461EB902B0C8
:10681000BDEC028B70BDD0F854040121FBF724FCC1
:106820000028F4D19FED0A7AC8EE077A03460225C4
:106830006A4640F22D1104F108008DF80050CDEDAC
:10684000017AFAF797F8D4F85404FBF731FCDEE745
:106850000AE81C4170B52DED028B82B007F0D4FE22
:1068600090F869373BB9002002B0BDEC028BBDE85F
:106870007040FFF711BE04460521D0F8F006FBF783
:10688000F3FB05460028EED104F2EC63D4F8F006E1
:1068900093ED1A8A94F86867FBF70AFC2846FFF71D
:1068A000FBFD04461EB902B0BDEC028B70BDD0F8F2
:1068B00054040121FBF7D8FB0028F4D1DFED0A7A5C
:1068C00028EE278A034602256A464FF49C7104F19C
:1068D00008008DF800508DED018AFAF74BF8D4F8D6
:1068E0005404FBF7E5FBDEE7E22E654270B52DEDC3
:1068F000028B82B007F088FE90F861383BB9002027
:1069000002B0BDEC028BBDE87040FFF7C5BD044688
:106910000521D0F8F007FBF7A7FB05460028EED1CC
:1069200004F2EC73D4F8F00793ED1A8A94F86068D7
:10693000FBF7BEFB2846FFF7AFFD04461EB902B0C9
:10694000BDEC028B70BDD0F854040121FBF78CFB29
:106950000028F4D1DFED0A7A28EE278A03460225C3
:106960006A4640F22D4104F108008DF800508DED8B
:10697000018AF9F7FFFFD4F85404FBF799FBDEE72F
:10698000E22E654270B52DED028B82B007F03CFE21
:1069900090F805313BB9002002B0BDEC028BBDE898
:1069A0007040FFF779BD04460521D0F89000FBF751
:1069B0005BFB05460028EED1D4F8900094ED3D8AAB
:1069C00094F80461FBF774FB2846FFF765FD044665
:1069D0001EB902B0BDEC028B70BDD0F85404012189
:1069E000FBF742FB0028F4D19FED0A7AC8EE077A44
:1069F000034602256A464FF4A37104F108008DF89E
:106A00000050CDED017AF9F7B5FFD4F85404FBF747
:106A10004FFBDEE70000C84270B5B4B00DF11704BB
:106A200024F00F04002504F110002560656010F0CB
:106A3000F3FC4FF07E5300200021A363E363236443
:106A40006364A364E364002325626562A562E56272
:106A50002563656325656565A56525666566A56627
:106A6000E56625676567A567E567C4F88050C4F8E3
:106A70008450C4F88850C4F88C50C4F89050C4F8BE
:106A80009450C4F89850C4F89C50C4F8A050C4F86E
:106A9000A450C4F8B83084F8BC30C4E92C01C4F860
:106AA000A850C4F8AC5007F0AFFD90F8C03323B93C
:106AB0000020FFF7F1FC34B070BD05460521D0F889
:106AC0009402FBF7D1FA06460028F1D1D5F800234D
:106AD000D5F8043322606360D5F81023D5F8143359
:106AE00022616361D5F81823D5F81C33A261E361F4
:106AF000D5F82023D5F8243322626362D5F8282301
:106B0000D5F82C33A262E362D5F83023D5F83433BC
:106B100022636363D5F83823D5F83C33A263E3637B
:106B2000D5F84023D5F8443363642264D5F848236C
:106B3000D5F84C33A264E364D5F85023D5F8543328
:106B400022656365D5F85823D5F86033A2652366BE
:106B5000D5F86423D5F868336266A366D5F86C234C
:106B6000D5F87033E2662367D5F87423D5F8783307
:106B70006267A367D5F87C23D5F88033E267C4F851
:106B80008030D5F88423D5F88833C4F88830C4F829
:106B90008420D5F88C23D5F89033C4F89030D5F8FC
:106BA0009833C4F88C20C4F89830D5F89423D5F8DD
:106BB000A033C4F89420C4F8A030D5F89C23D5F8AD
:106BC000A833C4F89C20C4F8A830D5F8A423D5F87D
:106BD000AC33C4F8A420C4F8AC30D5E9EC23D5F824
:106BE0009402C4E92C2395F8BC33D5F8B82384F873
:106BF000BC30C4F8B820FBF75BFA3046FFF74CFC1A
:106C0000D4F8B83033F0020305467FF454AFD0F81F
:106C100054040121FBF728FA00287FF44CAFD4ED8F
:106C2000017A0346F1EE677A02246A464FF49D71B9
:106C300005F108008DF80040CDED017AF9F79AFED4
:106C4000D5F85404FBF734FA35E700BF70B5B4B09B
:106C50000DF1170424F00F04002504F11000256045
:106C6000656010F0D9FB4FF07E5300200021A36334
:106C7000E36323646364A364E364002325626562C1
:106C8000A562E5622563656325656565A56525667D
:106C90006566A566E56625676567A567E567C4F867
:106CA0008050C4F88450C4F88850C4F88C50C4F89C
:106CB0009050C4F89450C4F89850C4F89C50C4F84C
:106CC000A050C4F8A450C4F8B83084F8BC30C4E96B
:106CD0002C01C4F8A850C4F8AC5007F095FC90F80B
:106CE000C03323B90020FFF7D7FB34B070BD054691
:106CF0000521D0F89402FBF7B7F906460028F1D138
:106D0000D5F80023D5F8043322606360D5F810234A
:106D1000D5F8143322616361D5F81823D5F81C33F4
:106D2000A261E361D5F82023D5F82433226263629F
:106D3000D5F82823D5F82C33A262E362D5F83023A6
:106D4000D5F8343322636363D5F83823D5F83C3360
:106D5000A263E363D5F84023D5F844336364226427
:106D6000D5F84823D5F84C33A264E364D5F8502312
:106D7000D5F8543322656365D5F85823D5F86033C8
:106D8000A2652366D5F86423D5F868336266A366E6
:106D9000D5F86C23D5F87033E2662367D5F87423F1
:106DA000D5F878336267A367D5F87C23D5F88033AC
:106DB000E267C4F88030D5F88423D5F88833C4F866
:106DC0008830C4F88420D5F88C23D5F89033C4F8E3
:106DD0009030D5F89833C4F88C20C4F89830D5F8A2
:106DE0009423D5F8A033C4F89420C4F8A030D5F883
:106DF0009C23D5F8A833C4F89C20C4F8A830D5F853
:106E0000A423D5F8AC33C4F8A420C4F8AC30D5E939
:106E1000EC23D5F89402C4E92C2395F8BC33D5F8BB
:106E2000B82384F8BC30C4F8B820FBF741F93046E9
:106E3000FFF732FBD4F8B83033F0020305467FF495
:106E400054AFD0F854040121FBF70EF900287FF469
:106E50004CAF21680191034602246A464FF4A171A8
:106E600005F108008DF80040F9F784FDD5F85404C9
:106E7000FBF71EF939E700BF70B52DED028B82B02C
:106E800007F0C2FB90F869373BB9002002B0BDECB7
:106E9000028BBDE87040FFF7FFBA04460521D0F829
:106EA000F006FBF7E1F805460028EED104F2EC63AA
:106EB000D4F8F00693ED1B8A94F86867FBF7F8F8AE
:106EC0002846FFF7E9FA04461EB902B0BDEC028B72
:106ED00070BDD0F854040121FBF7C6F80028F4D1A6
:106EE000DFED0A7A28EE278A034602256A4640F239
:106EF000371104F108008DF800508DED018AF9F783
:106F000039FDD4F85404FBF7D3F8DEE7E22E6542EE
:106F100070B52DED028B82B007F076FB90F8EA3663
:106F20003BB9002002B0BDEC028BBDE87040FFF71A
:106F3000B3BA04460521D0F86406FBF795F8054678
:106F40000028EED104F5CC63D4F8640693ED1E8AD4
:106F500094F8E966FBF7ACF82846FFF79DFA04467B
:106F60001EB902B0BDEC028B70BDD0F854040121F3
:106F7000FBF77AF80028F4D1DFED0A7A28EE278AA9
:106F8000034602256A4640F22F1104F108008DF8ED
:106F900000508DED018AF9F7EDFCD4F85404FBF7AD
:106FA00087F8DEE7E22E654270B52DED028B82B0E8
:106FB00007F02AFB90F8EA363BB9002002B0BDEC9E
:106FC000028BBDE87040FFF767BA04460521D0F890
:106FD0006406FBF749F805460028EED104F5CC63BA
:106FE000D4F8640693ED1D8A94F8E966FBF760F81F
:106FF0002846FFF751FA04461EB902B0BDEC028BD9
:1070000070BDD0F854040121FBF72EF80028F4D10C
:10701000DFED0A7A28EE278A034602256A464FF4F6
:10702000987104F108008DF800508DED018AF9F790
:10703000A1FCD4F85404FBF73BF8DEE7E22E6542EE
:1070400070B52DED028B82B007F0DEFA90F8EA36CB
:107050003BB9002002B0BDEC028BBDE87040FFF7E9
:107060001BBA04460521D0F86406FAF7FDFF054671
:107070000028EED104F5CC63D4F8640693ED1F8AA2
:1070800094F8E966FBF714F82846FFF705FA04467A
:107090001EB902B0BDEC028B70BDD0F854040121C2
:1070A000FAF7E2FF0028F4D1DFED0A7A28EE278A0A
:1070B000034602256A4640F2311104F108008DF8BA
:1070C00000508DED018AF9F755FCD4F85404FAF715
:1070D000EFFFDEE7E22E654270B52DED028B82B048
:1070E00007F092FA90F8EA363BB9002002B0BDEC06
:1070F000028BBDE87040FFF7CFB904460521D0F8F8
:107100006406FAF7B1FF05460028EED104F5CC631A
:10711000D4F8640693ED1C8A94F8E866FAF7C8FF81
:107120002846FFF7B9F904461EB902B0BDEC028B40
:1071300070BDD0F854040121FAF796FF0028F4D16D
:107140009FED0A7AC8EE077A034602256A464FF495
:10715000977104F108008DF80050CDED017AF9F730
:1071600009FCD4F85404FAF7A3FFDEE70AE81C414F
:1071700070B52DED028B82B007F046FA90F8EA3632
:107180003BB9002002B0BDEC028BBDE87040FFF7B8
:1071900083B904460521D0F86406FAF765FF054671
:1071A0000028EED104F5CC63D4F8640693ED1A8A76
:1071B00094F8E866FAF77CFF2846FFF76DF9044675
:1071C0001EB902B0BDEC028B70BDD0F85404012191
:1071D000FAF74AFF0028F4D19FED0A7AC8EE077A41
:1071E000034602256A464FF4967104F108008DF8B3
:1071F0000050CDED017AF9F7BDFBD4F85404FAF74D
:1072000057FFDEE70AE81C4170B5234E3378BFF321
:107210005B8F13F00104054603D0002D35D11F48C4
:1072200070BD304611F03CFF0028F6D01B4B1C49C6
:1072300083F864405022C3E900121A49DA605A61A7
:10724000DA615A62DA625A63DA635A64DA645A6556
:107250000A24154A1A66C3E91614144A1449996097
:107260001A611449144A99611A621449144A9962BC
:107270001A631449144A99631A641449144A9964A4
:1072800030461A6511F018FFC7E7124B124A13482F
:10729000152113F0F7FB00BF10E0002014E00020E0
:1072A00090D102084D6C010885690108BD6701088D
:1072B00071710108D9700108116F0108A96F0108E7
:1072C00041700108796E010855680108196A0108C2
:1072D000ED680108C4C702083CD102080CCD0208C1
:1072E00038B51F4D2B78BFF35B8F13F0010401D02D
:1072F0001C4838BD284611F0D3FE0028F8D01A4BA0
:107300001A4919601A4983F864405022C3E90121DF
:107310001849C3E903211849C3E905211749C3E9FD
:1073200007211749C3E909211649C3E90B21164969
:10733000C3E90D211549C3E90F211549C3E91121FD
:107340001449C3E913211449C3E91521134A0A2139
:107350002846C3E9171211F0AFFE024838BD00BF3E
:1073600010E0002018E0002014E0002090D1020876
:1073700071710108BD670108D9700108116F01081A
:10738000A96F010841700108796E0108556801086C
:10739000196A0108ED6801084D6C0108856901084A
:1073A00018B14FF47A73B3FBF0F07047C0E91612CE
:1073B000704700BFF0B5F22991B004464FD0F329D1
:1073C0000B4600F08480964A8DF8193092E803004D
:1073D000002305908DF818104FF0FF32072105A803
:1073E0008DF81A308DF81B308DF81C308DF81D305B
:1073F0008DF81E3009F02AFA05ABCDF81B0003CB3F
:10740000C4F82A001A88628604F12A069A78C4F819
:107410002E100B23B272A4F85430A36DE3B108F020
:107420004BFF804D4519A06D41F10007F8F702FCB4
:1074300005E008F041FFA84271EB07030CD2A06DF4
:1074400090F83D30202BF4D1B4F854203146F8F7B1
:10745000ADFB012011B0F0BD002011B0F0BD724AAB
:1074600043798DF8193092E80300F92B9AB2059010
:107470008DF8181002AD4CD9694A92E803000290C9
:107480004FF6F27000238DF80C104FF0FF320721F9
:10749000ADF80D0028468DF80F308DF810308DF8BE
:1074A00011308DF8123009F0D1F92A46CDF80F00CD
:1074B00003CA04F12A06138863869278C4F82A0066
:1074C0000B23C4F82E10B272A4F85430A5E7544A26
:1074D0004579ADF80D3092E80300F92D4FF0000228
:1074E00002908DF80C108DF80F208DF810208DF87B
:1074F00011208DF8122050D9FF238DF80E3007216E
:107500004FF0FF3202A809F0A1F902ABCDF80F004D
:1075100075E753010121D20800918DF809308DF8EB
:107520000820424802232A46A021F4F715FB002830
:10753000A2D120233D4800930DF11A02A021F4F7B7
:10754000E5FB002898D14FF0FF32262105A809F06D
:107550007DF904F12A06CDF83A000DF1140C3746F6
:107560000DF1340E65460FCD754507F110070CF18E
:10757000100C47F8100C47F80C1C47F8082C47F87B
:10758000043CEFD1BCE803003860BCF800203A812D
:107590002A237960A4F854303FE725484FF48071DE
:1075A000F4F77EFED4F80620CDF81620D4F80A2091
:1075B000D4F80E30CDF81A206620D4F81620D4F86E
:1075C0001260CDF826206901D4F81A20CDF81E30BB
:1075D000D4F81E300090CDF822608DF81510D4F844
:1075E0002260CDF82A20ED08CDF82E300F488DF816
:1075F0001450222305AAA021CDF83260F4F7ACFA8A
:1076000030B10B4801224FF48071F4F749FE73E763
:10761000074801224FF48071F4F742FE6FE700BF84
:1076200088BF020840420F0080BF020868070020A0
:10763000000802402A2938B504460ED9FE2380F8F6
:1076400056302A22A06D2146F8F782FFE36D1A68B2
:10765000136823F00803136038BD0D1F4FF0FF328D
:10766000294609F0F3F86359984203D0FF2384F8C0
:107670005630E6E723784E2BE3D16378452BE0D1F3
:107680006388022BDDD12179F12914D00DD8F0299E
:10769000D7D1012384F856302046FFF78BFE00280F
:1076A000CFD1FD2384F85630CBE701F10E03DBB2D6
:1076B000012BF1D9C5E7002384F85630ECE700BF71
:1076C00070B5064601462A22806D104CF8F740FF3F
:1076D000F36D1A68136823F00803136008F0ECFDDB
:1076E000041941F1000508F0E7FDA04271EB050324
:1076F000F9D396F95630002BF5DCB06D90F83D309B
:10770000202BF0D1BDE87040F8F720BC404B4C0076
:1077100030B5124D2B78BFF35B8F13F0010483B0AB
:10772000014605D00E4803B0BDE83040FFF782BFE8
:107730000190284611F0B4FC01990028F2D0084BC2
:107740002846C3E91544DC6511F0B6FC01990448EC
:1077500003B0BDE83040FFF76DBF00BF7CE0002004
:1077600080E0002070B5104E3378BFF35B8F13F0CC
:10777000010482B005460A4606D00C48294602B0EC
:10778000BDE87040FFF712BE3046019111F088FC51
:10779000019A0028F1D0054B3046C3E91544DC6559
:1077A00011F08AFC019AE8E77CE0002080E00020EC
:1077B00038B50E4D2B78BFF35B8F13F0010404D066
:1077C000BDE838400A48FFF77BBF284611F068FC47
:1077D0000028F5D0064B2846C3E91544DC6511F0B6
:1077E0006BFCBDE838400248FFF76ABF7CE0002030
:1077F00080E0002090F84C02704700BF38B5E84B9D
:1078000004460D4640F8043B4FF40072002113F08B
:10781000C5FAE449E44AC4E9011201F5D6016A3126
:1078200002F16D12C4E9031201F5E00102F5E6026E
:107830006F317132C4E9051201F5E80102F5EC027D
:1078400073317532C4E90712D84902F5F8027A3269
:10785000C4E9091201F5FC017C3102F18012C4E98E
:107860000B1201F5030102F5060282318432C4E9EC
:107870000D1201F5090102F50B0287318A32C4E9C4
:107880000F1201F50E0102F511028D318F32C4E99C
:10789000111201F5140102F5170292319532C4E973
:1078A000131201F5190102F51D0298319C32C4E949
:1078B000151201F5200102F523029F31A132C4E91E
:1078C000171201F5270102F52A02A531A832C4E9F1
:1078D000191201F52D0102F53002AB31AF32C4E9C6
:1078E0001B1201F5340102F53802B331B632C4E996
:1078F0001D1201F53C0102F53F02B931BE32C4E967
:107900001F1201F5430102F54802C231C532C4E934
:10791000211201F54B0102F54F02C931CD32C4E904
:10792000231201F5540102F55702D131D632C4E9D0
:10793000251201F55B0102F56102DA31DE32C4E99C
:10794000271201F5650102F56902E231E732C4E967
:10795000291201F56F0102F57302EC31F132C4E92D
:107960002B1201F5770102F57D02F631FA32C4E9F6
:107970002D128F4A01F18171FF31C4E92F128D4917
:1079800002F1897202F20F12C4E931128A498B4A5C
:10799000C4E9331201F1012101F50C1102F19472D5
:1079A000203102F22512C4E93512854A01F197719E
:1079B00001F22B11C4E9371202F10122814902F5CB
:1079C00082023D32C4E939127F4902F1A77202F204
:1079D0004B12C4E93B127D4902F1AE7202F5AC7262
:1079E000C4E93D1202F10122794902F5D202663260
:1079F000C4E93F127749784AC4E9411202F10122F1
:107A000001F1C07102F5070201F5BE718432C4E9CB
:107A10004312724902F1CC7202F5CA72C4E94512EE
:107A200001F1D07102F1D47201F29B1102F5D27210
:107A3000C4E947126A4902F1DD7202F2B512C4E9E3
:107A40004912684A01F1E17101F5DF71C4E94B1295
:107A5000654902F1EF7202F5ED72C4E94D12634916
:107A6000634AC4E94F12634902F1022202F5C022BF
:107A7000C4E95112604A01F1047101F20A21C4E91A
:107A8000531202F102225D4902F544122B32C4E97D
:107A9000551202F1022201F10F7102F58E0201F27C
:107AA00036214132C4E957125549564AC4E95912A0
:107AB00002F10222544902F5EE027132C4E95B126E
:107AC000524A01F1217101F27D21C4E95D12504950
:107AD00002F12B7202F2A522C4E95F124D494E4A0F
:107AE000C4E961124D494E4AC4E963124D494E4AF8
:107AF00084F84D52C4E9651202F103224B4902F5A4
:107B000008121A32C4E9671249494A4AC4E969129B
:107B100001F1032101F5A60102F159724A3102F582
:107B20005772C4E96B1201F1032102F1032201F53E
:107B3000EC0102F507026D317E32C4E96D1201F1EC
:107B4000032102F1032201F51A0102F52D02913100
:107B5000A332C4E96F123849384AC4E9711201F1FD
:107B6000032102F1032201F5660102F57A02DC31FC
:107B7000F032C4E97312324A01F1043101F53021C7
:107B8000C4E9751201F1042102F1042201F5641126
:107B900002F59C022E314432C4E97712294953E0A0
:107BA00000D402083C0A560A700A8B0A000C1E0C0C
:107BB000131A561A9A1ADE1AAE1BF51B3D1C851CA9
:107BC000941EE21E311F811F7520C820C7211D226F
:107BD000262380239324F1244F25AF259B270028BB
:107BE000E32A512B862DFB2D712EE82E5330CF30FA
:107BF0004C31CA314A32CA326235EA3574360037FE
:107C0000F83A8F3B273CC13C5D3DFA3D2341CA41D8
:107C100072421C432545D64589463D47F447AC484A
:107C20006649224ADF4A9F4B614C244DEA4DB14ED2
:107C30001451E351B5528953125F0560FB60F36143
:107C40000469116A7A6F97701D4AC4E9791201F1CB
:107C500004211C4A01F513018731C4E97B1202F1AA
:107C60000422194902F55A02CE32C4E97D120023DA
:107C70001649C4F8FC1148F22402012DA4F8002290
:107C8000C4F8483284F84C320BD0022D13D1104A7C
:107C9000104B4FF48041C4E99423A4F84E122046BF
:107CA00038BD0D4A0D4B4FF40041C4E99423A4F8AC
:107CB0004E12204638BD0A4840F25951FDF77AF974
:107CC000B871DB7256768577B778EC799D7DDF7E6B
:107CD00000040240848A002000080240DC89002061
:107CE00098D10208F8B50C4F3978BFF35B8F11F0CB
:107CF0000106054618D0094F3978BFF35B8F11F0A4
:107D0000010600F0B182012D00F23885044B0548D0
:107D1000002D18BF1846F8BDE0E00020E4E0002088
:107D200040E30020E8E00020384611F0B9F90028CF
:107D3000E1D0EA4CEA4B2046314640F8043B4FF490
:107D4000007213F02BF8E74B636003F554133433E0
:107D5000A36003F13613E36003F13713236103F5E6
:107D600064133833636103F568133933A36103F196
:107D70003A13E36103F570133B33236203F13D13C0
:107D8000636203F57C133D33A36203F13F13E362A7
:107D900003F14113236303F584034133636303F564
:107DA00088034333A36303F58A034433E36303F196
:107DB0004613236403F590034733636403F592038A
:107DC0004833A36403F596034A33E36403F5980349
:107DD0004B33236503F14D13636503F5A0034F3364
:107DE000A36503F15013E36503F5A603513323663E
:107DF00003F15413636603F5AC035433A36603F134
:107E00005713E36603F5B2035833236703F15B139B
:107E1000636703F5BA035B33A36703F5BE035E3301
:107E2000E36703F16013C4F8803003F5C6036233DF
:107E3000C4F8843003F5CA036333C4F8883003F10F
:107E40006613C4F88C3003F5D2036733C4F890305E
:107E500003F5D6036A33C4F8943003F16C13C4F805
:107E6000983003F5DE036E33C4F89C3003F5E40369
:107E70007033C4F8A03003F5E6037233C4F8A430BD
:107E800003F5EC037533C4F8A83003F5F203773338
:107E9000C4F8AC3003F17A13C4F8B03003F5FA0338
:107EA0007C33C4F8B43003F500037E33C4F8B83033
:107EB00003F502038133C4F8BC3003F505038333B3
:107EC000C4F8C03003F508038733C4F8C43003F5A1
:107ED0000A038833C4F8C83003F50D038C33C4F8A3
:107EE000CC3003F510038F33C4F8D03003F51303FF
:107EF0009133C4F8D43003F515039433C4F8D83063
:107F000003F519039733C4F8DC3003F51C039B33E6
:107F1000C4F8E03003F51F039D33C4F8E43003F5E3
:107F20002203A033C4F8E83003F52503A433C4F8D2
:107F3000EC3003F52903A733C4F8F03003F52C0324
:107F4000AB33C4F8F43003F53003AD33C4F8F83084
:107F500042F22633A4F8FC304FF40E53A4F8FE305E
:107F600003F1105303F558135A33C4F8003103F5E5
:107F70003B03B933C4F8043103F53E03BC33C4F802
:107F8000083103F54203C033C4F80C3103F545034F
:107F9000C433C4F8103103F54A03C833C4F81431AC
:107FA00003F54E03CC33C4F8183103F55203CF3335
:107FB000C4F81C3103F55603D533C4F8203103F55A
:107FC0005B03D833C4F8243103F55F03DD33C4F811
:107FD000283103F56303E133C4F82C3103F568035A
:107FE000E533C4F8303103F56D03EB33C4F83431B5
:107FF00003F57103EF33C4F8383103F57603F33337
:10800000C4F83C3103F57B03F933C4F8403103F184
:108010008073FE33C4F8443103F1837303F5817335
:10802000C4F8483103F1857303F58473C4F84C3107
:1080300003F1887303F58773C4F8503103F18B7330
:1080400003F58973C4F8543103F1012303F5D81300
:108050001933C4F8583103F1012303F504131D3318
:10806000C4F85C3103F1937303F59273C4F8603183
:108070001D4BC4F8643103F1997303F22F13C4F854
:1080800068311A4BC4F86C3103F19F7303F23B1350
:10809000C4F8703103F1A37303F5A173C4F874310C
:1080A00003F1A67303F24913C4F8783103F1A973FD
:1080B00003F24F13C4F87C3103F1AD7303F5AB73D6
:1080C000C4F8803103F1B07303F25D13C4F8843156
:1080D000DFF824E0064B074A10E000BFE8E000208C
:1080E00000D402083C0A560AF83A8F3B5D3DFA3D3F
:1080F000F447AC48DF4A9F4B89463D474E49C4E9A7
:1081000062E303F1BB7303F5B973C4F890314B4BD1
:10811000C4E965234A4BC4F89C3103F1012303F5FC
:1081200015039133C4F8A031464BC4F8A43103F1D0
:10813000D37303F2A113C4F8A83103F1012303F5AB
:108140002D03A933C4F8AC313F4BC4F8B03103F16F
:10815000012303F53F03BA33C4F8B43103F1E473E8
:1081600003F5E273C4F8B83103F1E97303F2CD13F8
:10817000C4F8BC3103F1012303F55B03D633C4F823
:10818000C03103F1F27303F5F073C4F8C43103F1A5
:10819000F77303F2E913C4F8C83103F1FC7303F277
:1081A000F313C4F8CC3103F1007303F5003303F289
:1081B000FD13C4F8D031254B254AC4E9751303F1EA
:1081C000022303F508131C33C4F8DC3103F10B73ED
:1081D00003F50A73C4F8E03103F10E7303F232239E
:1081E000C4F8E43103F1117303F23E23C4F8E8311B
:1081F00003F1022303F59E034933C4F8EC313846FA
:10820000144B154FC4E97C7347F62433A4F8F831B6
:1082100047F65F43A4F8FA31104BC4F8FC3148F23A
:108220002403A4F800320E4BC4E992630D4BC4E959
:10823000942310F041FF5EE5F266FA67614C244D2D
:10824000EA4DB14E1451E3511156ED560469116ACD
:1082500000080240B778EC79567685779D7DDF7E01
:1082600000010080DC890020384610F019FF00284A
:108270003FF449ADE94CEA4B2046314640F8043B17
:108280004FF4007212F08AFDE64B636003F554135D
:108290003433A36003F13613E36003F13713236132
:1082A00003F564133833636103F568133933A3614D
:1082B00003F13A13E36103F570133B33236203F1D7
:1082C0003D13636203F57C133D33A36203F13F1357
:1082D000E36203F14113236303F5840341336363D2
:1082E00003F588034333A36303F58A034433E3634D
:1082F00003F14613236403F590034733636403F5E6
:1083000092034833A36403F596034A33E36403F509
:1083100098034B33236503F14D13636503F5A00305
:108320004F33A36503F15013E36503F5A6035133FF
:10833000236603F15413636603F5AC035433A36659
:1083400003F15713E36603F5B2035833236703F1D0
:108350005B13636703F5BA035B33A36703F5BE03DF
:108360005E33E36703F16013C4F8803003F5C6039E
:108370006233C4F8843003F5CA036333C4F8883029
:1083800003F16613C4F88C3003F5D2036733C4F8E5
:10839000903003F5D6036A33C4F8943003F16C13BC
:1083A000C4F8983003F5DE036E33C4F89C3003F54F
:1083B000E4037033C4F8A03003F5E6037233C4F865
:1083C000A43003F5EC037533C4F8A83003F5F203C9
:1083D0007733C4F8AC3003F17A13C4F8B03003F546
:1083E000FA037C33C4F8B43003F500037E33C4F8D9
:1083F000B83003F502038133C4F8BC3003F505033C
:108400008333C4F8C03003F508038733C4F8C4309D
:1084100003F50A038833C4F8C83003F50D038C3321
:10842000C4F8CC3003F510038F33C4F8D03003F513
:1084300013039133C4F8D43003F515039433C4F80F
:10844000D83003F519039733C4F8DC3003F51C0367
:108450009B33C4F8E03003F51F039D33C4F8E430C8
:1084600003F52203A033C4F8E83003F52503A43351
:10847000C4F8EC3003F52903A733C4F8F03003F552
:108480002C03AB33C4F8F43003F53003AD33C4F838
:10849000F83042F22633A4F8FC304FF40E53A4F81F
:1084A000FE3003F1105303F558135A33C4F800316A
:1084B00003F53B03B933C4F8043103F53E03BC3381
:1084C000C4F8083103F54203C033C4F80C3103F596
:1084D0004503C433C4F8103103F54A03C833C4F864
:1084E000143103F54E03CC33C4F8183103F55203AD
:1084F000CF33C4F81C3103F55603D533C4F820310B
:1085000003F55B03D833C4F8243103F55F03DD338F
:10851000C4F8283103F56303E133C4F82C3103F5C3
:108520006803E533C4F8303103F56D03EB33C4F869
:10853000343103F57103EF33C4F8383103F57603B2
:10854000F333C4F83C3103F57B03F933C4F840310D
:1085500003F18073FE33C4F8443103F1837303F5F0
:108560008173C4F8483103F1857303F58473C4F84B
:108570004C3103F1887303F58773C4F8503103F16C
:108580008B7303F58973C4F8543103F1012303F5A8
:10859000D8131933C4F8583103F1012303F5041338
:1085A0001D33C4F85C3103F1937303F59273C4F87F
:1085B00060311D4BC4F8643103F1997303F22F133A
:1085C000C4F86831194BC4F86C3103F19F7303F29E
:1085D0003B13C4F8703103F1A37303F5A173C4F81E
:1085E000743103F1A67303F24913C4F8783103F12F
:1085F000A97303F24F13C4F87C3103F1AD7303F593
:10860000AB73C4F8803103F1B07303F25D13C4F8A7
:108610008431074A074B084910E000BF40E30020BF
:1086200000D402083C0A560AF83A8F3B5D3DFA3DF9
:1086300089463D47F447AC48DF4A9F4BDFF880C18D
:10864000C4E9622303F1BB7303F5B973C4F8903135
:108650004D4B4E4AC4E965134D4BC4F89C3103F1B0
:10866000012303F515039133C4F8A031494BC4F835
:10867000A43103F1D37303F2A113C4F8A83103F1B9
:10868000012303F52D03A933C4F8AC31424BC4F8E0
:10869000B03103F1012303F53F03BA33C4F8B43119
:1086A00003F1E47303F5E273C4F8B83103F1E9733D
:1086B00003F2CD13C4F8BC3103F1012303F55B03CE
:1086C000D633C4F8C03103F1F27303F5F073C4F884
:1086D000C43103F1F77303F2E913C4F8C83103F1AD
:1086E000FC7303F2F313C4F8CC3103F1007303F508
:1086F000003303F2FD13C4F8D0313846274B284F1E
:10870000C4E9757303F1022303F508131C33C4F89D
:10871000DC3103F10B7303F50A73C4F8E03103F1A4
:108720000E7303F23223C4F8E43103F1117303F240
:108730003E23C4F8E83103F1022303F59E034933D5
:10874000C4F8EC31174BC4E97CC347F62433A4F8D2
:10875000F83147F65F43A4F8FA31134BC4F8FC3103
:1087600048F22403A4F80032104BC4E99263104B82
:10877000C4E9942310F0A0FCFFF7C5BA0D4B0E4AD4
:108780000E48212112F07EF9614C244D0004024074
:10879000EA4DB14E1451E3511156ED560469116A78
:1087A000F266FA67B778EC799D7DDF7E00020040C3
:1087B000848A0020ACD10208E0D1020828D2020845
:1087C000567685772DE9F04103688E4A5B689342BF
:1087D0002DED088B044640F0E38090F84C52DDB953
:1087E0009FED898A2F46B0EE48BAF0EE48AAB0EE67
:1087F00048AAF0EE489AB0EE489AF0EE488A2E4623
:1088000094F84D32012B00F09D80022B00F0CB80BC
:10881000BDEC088BBDE8F08107F04EFDB4F83032B6
:1088200047F6FF7E5BBA1EFA83F292B24FF6FD78EE
:10883000424507460E4670D8B4F8322252BA1EFAA4
:1088400082F189B2414568D8B4F8341249BA1EFAA7
:1088500081F080B2404560D8B4F8380240BA1EFAC0
:1088600080F5ADB2454558D8B4F83A526DBA1EFA03
:1088700085FC1FFA8CFCC4454FD8B4F83CC29CFA66
:108880009CFC1EFA8CFE1FFA8EFEC64545D81BB214
:1088900008EE903A13B209EE103A0BB209EE903A94
:1088A00003B20AEE103A2BB20AEE903A0FFA8CF3AA
:1088B0000BEE103AB4F83632DFED547A9FED546A7D
:1088C000DFED546A9FED545ADFED545AB8EECAAA50
:1088D000B8EECBBADBBA2AEE27AA2BEE27BA07EE00
:1088E000903AF8EEE77AB3EE057A77EEC77AF8EECB
:1088F000E88A87EE868A0125B8EEC99AF8EEE99AE9
:10890000F8EEEAAA68EEA68A29EE059A69EEA69A1A
:108910006AEEA5AA38EE078A72E794F84D329FED09
:108920003A8A012B4FF00005B0EE48BAF0EE48AAA3
:10893000B0EE48AAF0EE489AB0EE489AF0EE488AB7
:108940007FF463AF05F060FE90F8D9340446002B45
:108950003FF45EAFD0F850040521F9F785FB0028FD
:108960007FF456AF04F24C4383ED208AC3ED1A8A9C
:1089700083ED1B9AC3ED1C9A83ED1DAAC3ED1EAABD
:1089800083ED1FBA04F58A63C3E9207684F8D854CE
:10899000BDEC088BD4F85004BDE8F041F9F788BB72
:1089A000984705461BE705F02FFE90F8E53504468D
:1089B000002B3FF42DAFD0F85C050521F9F754FBEF
:1089C00000287FF425AF04F5AB6383ED1FBA83ED78
:1089D000208AC3ED1A8A83ED1B9AC3ED1C9A83ED9E
:1089E0001DAAC3ED1EAA04F5AC63C3E91F7684F883
:1089F000E455BDEC088BD4F85C05BDE8F041F9F70F
:108A000057BB00BFF5770108000000006FA18BB9CC
:108A10005CEFA64344E91CBB44E91C3B6FA18B39C6
:108A200030B504468BB025220021684612F0B6F915
:108A300094F84D32012B03D0022B24D00BB030BD63
:108A400005F0E2FD90F8D9340446002BF6D0D0F8BA
:108A500050040521F9F708FB0028EFD1EC46BCE8EB
:108A60000F0004F2B4450FC5BCE80F000FC59CE829
:108A7000030045F8040BD4F8500429700BB0BDE88E
:108A80003040F9F715BB05F0BFFD90F8E535054618
:108A9000002BD3D0D0F85C050521F9F7E5FA0028C2
:108AA000CCD16C460FCC05F5B86CACE80F000FCC00
:108AB000ACE80F0094E803004CF8040BD5F85C0513
:108AC0008CF80010DAE700BF10B590F84D2286B0A0
:108AD0000023012ACDE90133CDE903338DF81430A9
:108AE00003D0022A22D006B010BD05F08DFD90F80B
:108AF00049340446002BF6D0D0F8D4030521F9F709
:108B0000B3FA0028EFD10DF1040EBEE80F0004F512
:108B1000876CACE80F00DEF80030D4F8D4038CF892
:108B2000003006B0BDE81040F9F7C2BA05F06CFDA0
:108B300090F855350446002BD5D0D0F8E004052137
:108B4000F9F792FA0028CED10DF1040CBCE80F0021
:108B500004F2445EAEE80F00DCF80030D4F8E00424
:108B60008EF80030DDE700BFF8B50446FFF758FF88
:108B70002046FFF7A9FFF9F785F90646F9F7ACF9A2
:108B8000431C0FD00023074684F84C32C4F8483207
:108B900010213046F9F78EF9054620B194F84C3291
:108BA000002BF5D0F8BDB4F84E12D4F850020122D3
:108BB000F3F776FBD4F85402F3F74CFC4FF4FA6069
:108BC000F9F7A4F9B4F84E12D4F850022A46F3F794
:108BD00067FBD4F85402F3F775FB4FF4FA70F9F71A
:108BE00095F9236820461B68984739463046F9F7BF
:108BF00061F994F84C32002BCAD0F8BDF0B50128C9
:108C000085B063D8FFF76EF83B2305468DF80F302B
:108C1000F1F764FE314F0646D5F8540203689B69AC
:108C20009A072ED4022300930DF10F020123D021C5
:108C3000F3F72AFCC8B9F1F751FE284E0446D5F8DF
:108C4000540203689B699B0729D40E2305F50C7217
:108C5000D021F4F71BF840B9D5F84832B3F5967F28
:108C600032D80446204605B0F0BDD5F8483201336D
:108C7000B3F5967FC5F848321FD80124204605B0C9
:108C8000F0BDF1F72BFE831B192BEED83868F9F7EE
:108C9000FBF80228C0D00120F9F738F9BCE7F1F75A
:108CA0001DFE001B1928E0D83068F9F7EDF80228FE
:108CB000C5D00120F9F72AF9C1E701242846FFF7BA
:108CC00053FF204605B0F0BD0446F7E7044B054AC4
:108CD00005484FF4FC7111F0D5FE00BF8C670020F1
:108CE00078C7020898D2020828D202080128F8B5ED
:108CF00000F24C850C4F3978BFF35B8F11F0010601
:108D0000054619D0094F3978BFF35B8F11F0010682
:108D100000F0B282064B0748002D18BF1846BDE888
:108D2000F840FFF74FBD00BFE0E00020E4E0002086
:108D300040E30020E8E00020384610F0B1F90028B8
:108D4000E0D0EA4CEA4B2046314640F8043B4FF471
:108D5000007212F023F8E74B636003F554133433C9
:108D6000A36003F13613E36003F13713236103F5C6
:108D700064133833636103F568133933A36103F176
:108D80003A13E36103F570133B33236203F13D13A0
:108D9000636203F57C133D33A36203F13F13E36287
:108DA00003F14113236303F584034133636303F544
:108DB00088034333A36303F58A034433E36303F176
:108DC0004613236403F590034733636403F592036A
:108DD0004833A36403F596034A33E36403F5980329
:108DE0004B33236503F14D13636503F5A0034F3344
:108DF000A36503F15013E36503F5A603513323661E
:108E000003F15413636603F5AC035433A36603F113
:108E10005713E36603F5B2035833236703F15B137B
:108E2000636703F5BA035B33A36703F5BE035E33E1
:108E3000E36703F16013C4F8803003F5C6036233BF
:108E4000C4F8843003F5CA036333C4F8883003F1EF
:108E50006613C4F88C3003F5D2036733C4F890303E
:108E600003F5D6036A33C4F8943003F16C13C4F8E5
:108E7000983003F5DE036E33C4F89C3003F5E40349
:108E80007033C4F8A03003F5E6037233C4F8A4309D
:108E900003F5EC037533C4F8A83003F5F203773318
:108EA000C4F8AC3003F17A13C4F8B03003F5FA0318
:108EB0007C33C4F8B43003F500037E33C4F8B83013
:108EC00003F502038133C4F8BC3003F50503833393
:108ED000C4F8C03003F508038733C4F8C43003F581
:108EE0000A038833C4F8C83003F50D038C33C4F883
:108EF000CC3003F510038F33C4F8D03003F51303DF
:108F00009133C4F8D43003F515039433C4F8D83042
:108F100003F519039733C4F8DC3003F51C039B33C6
:108F2000C4F8E03003F51F039D33C4F8E43003F5C3
:108F30002203A033C4F8E83003F52503A433C4F8B2
:108F4000EC3003F52903A733C4F8F03003F52C0304
:108F5000AB33C4F8F43003F53003AD33C4F8F83064
:108F600042F22633A4F8FC304FF40E53A4F8FE303E
:108F700003F1105303F558135A33C4F8003103F5C5
:108F80003B03B933C4F8043103F53E03BC33C4F8E2
:108F9000083103F54203C033C4F80C3103F545032F
:108FA000C433C4F8103103F54A03C833C4F814318C
:108FB00003F54E03CC33C4F8183103F55203CF3315
:108FC000C4F81C3103F55603D533C4F8203103F53A
:108FD0005B03D833C4F8243103F55F03DD33C4F8F1
:108FE000283103F56303E133C4F82C3103F568033A
:108FF000E533C4F8303103F56D03EB33C4F8343195
:1090000003F57103EF33C4F8383103F57603F33316
:10901000C4F83C3103F57B03F933C4F8403103F164
:109020008073FE33C4F8443103F1837303F5817315
:10903000C4F8483103F1857303F58473C4F84C31E7
:1090400003F1887303F58773C4F8503103F18B7310
:1090500003F58973C4F8543103F1012303F5D813E0
:109060001933C4F8583103F1012303F504131D33F8
:10907000C4F85C3103F1937303F59273C4F8603163
:109080001D4BC4F8643103F1997303F22F13C4F834
:1090900068311A4BC4F86C3103F19F7303F23B1330
:1090A000C4F8703103F1A37303F5A173C4F87431EC
:1090B00003F1A67303F24913C4F8783103F1A973DD
:1090C00003F24F13C4F87C3103F1AD7303F5AB73B6
:1090D000C4F8803103F1B07303F25D13C4F8843136
:1090E000DFF824E0064B074A10E000BFE8E000206C
:1090F00000D402083C0A560AF83A8F3B5D3DFA3D1F
:10910000F447AC48DF4A9F4B89463D474E49C4E986
:1091100062E303F1BB7303F5B973C4F890314B4BB1
:10912000C4E965234A4BC4F89C3103F1012303F5DC
:1091300015039133C4F8A031464BC4F8A43103F1B0
:10914000D37303F2A113C4F8A83103F1012303F58B
:109150002D03A933C4F8AC313F4BC4F8B03103F14F
:10916000012303F53F03BA33C4F8B43103F1E473C8
:1091700003F5E273C4F8B83103F1E97303F2CD13D8
:10918000C4F8BC3103F1012303F55B03D633C4F803
:10919000C03103F1F27303F5F073C4F8C43103F185
:1091A000F77303F2E913C4F8C83103F1FC7303F257
:1091B000F313C4F8CC3103F1007303F5003303F269
:1091C000FD13C4F8D031254B254AC4E9751303F1CA
:1091D000022303F508131C33C4F8DC3103F10B73CD
:1091E00003F50A73C4F8E03103F10E7303F232237E
:1091F000C4F8E43103F1117303F23E23C4F8E831FB
:1092000003F1022303F59E034933C4F8EC313846D9
:10921000144B154FC4E97C7347F62433A4F8F83196
:1092200047F65F43A4F8FA31104BC4F8FC3148F21A
:109230002403A4F800320E4BC4E992630D4BC4E939
:1092400094230FF039FF5DE5F266FA67614C244D17
:10925000EA4DB14E1451E3511156ED560469116AAD
:1092600000080240B778EC79567685779D7DDF7EE1
:1092700000010080DC89002038460FF011FF002833
:109280003FF448ADE94CEA4B2046314640F8043BF8
:109290004FF4007211F082FDE64B636003F5541346
:1092A0003433A36003F13613E36003F13713236112
:1092B00003F564133833636103F568133933A3612D
:1092C00003F13A13E36103F570133B33236203F1B7
:1092D0003D13636203F57C133D33A36203F13F1337
:1092E000E36203F14113236303F5840341336363B2
:1092F00003F588034333A36303F58A034433E3632D
:1093000003F14613236403F590034733636403F5C5
:1093100092034833A36403F596034A33E36403F5E9
:1093200098034B33236503F14D13636503F5A003E5
:109330004F33A36503F15013E36503F5A6035133DF
:10934000236603F15413636603F5AC035433A36639
:1093500003F15713E36603F5B2035833236703F1B0
:109360005B13636703F5BA035B33A36703F5BE03BF
:109370005E33E36703F16013C4F8803003F5C6037E
:109380006233C4F8843003F5CA036333C4F8883009
:1093900003F16613C4F88C3003F5D2036733C4F8C5
:1093A000903003F5D6036A33C4F8943003F16C139C
:1093B000C4F8983003F5DE036E33C4F89C3003F52F
:1093C000E4037033C4F8A03003F5E6037233C4F845
:1093D000A43003F5EC037533C4F8A83003F5F203A9
:1093E0007733C4F8AC3003F17A13C4F8B03003F526
:1093F000FA037C33C4F8B43003F500037E33C4F8B9
:10940000B83003F502038133C4F8BC3003F505031B
:109410008333C4F8C03003F508038733C4F8C4307D
:1094200003F50A038833C4F8C83003F50D038C3301
:10943000C4F8CC3003F510038F33C4F8D03003F5F3
:1094400013039133C4F8D43003F515039433C4F8EF
:10945000D83003F519039733C4F8DC3003F51C0347
:109460009B33C4F8E03003F51F039D33C4F8E430A8
:1094700003F52203A033C4F8E83003F52503A43331
:10948000C4F8EC3003F52903A733C4F8F03003F532
:109490002C03AB33C4F8F43003F53003AD33C4F818
:1094A000F83042F22633A4F8FC304FF40E53A4F8FF
:1094B000FE3003F1105303F558135A33C4F800314A
:1094C00003F53B03B933C4F8043103F53E03BC3361
:1094D000C4F8083103F54203C033C4F80C3103F576
:1094E0004503C433C4F8103103F54A03C833C4F844
:1094F000143103F54E03CC33C4F8183103F552038D
:10950000CF33C4F81C3103F55603D533C4F82031EA
:1095100003F55B03D833C4F8243103F55F03DD336F
:10952000C4F8283103F56303E133C4F82C3103F5A3
:109530006803E533C4F8303103F56D03EB33C4F849
:10954000343103F57103EF33C4F8383103F5760392
:10955000F333C4F83C3103F57B03F933C4F84031ED
:1095600003F18073FE33C4F8443103F1837303F5D0
:109570008173C4F8483103F1857303F58473C4F82B
:109580004C3103F1887303F58773C4F8503103F14C
:109590008B7303F58973C4F8543103F1012303F588
:1095A000D8131933C4F8583103F1012303F5041318
:1095B0001D33C4F85C3103F1937303F59273C4F85F
:1095C00060311D4BC4F8643103F1997303F22F131A
:1095D000C4F86831194BC4F86C3103F19F7303F27E
:1095E0003B13C4F8703103F1A37303F5A173C4F8FE
:1095F000743103F1A67303F24913C4F8783103F10F
:10960000A97303F24F13C4F87C3103F1AD7303F572
:10961000AB73C4F8803103F1B07303F25D13C4F887
:109620008431074A074B084910E000BF40E300209F
:1096300000D402083C0A560AF83A8F3B5D3DFA3DD9
:1096400089463D47F447AC48DF4A9F4BDFF884C169
:10965000C4E9622303F1BB7303F5B973C4F8903115
:109660004E4B4F4AC4E965134E4BC4F89C3103F18D
:10967000012303F515039133C4F8A0314A4BC4F814
:10968000A43103F1D37303F2A113C4F8A83103F199
:10969000012303F52D03A933C4F8AC31434BC4F8BF
:1096A000B03103F1012303F53F03BA33C4F8B431F9
:1096B00003F1E47303F5E273C4F8B83103F1E9731D
:1096C00003F2CD13C4F8BC3103F1012303F55B03AE
:1096D000D633C4F8C03103F1F27303F5F073C4F864
:1096E000C43103F1F77303F2E913C4F8C83103F18D
:1096F000FC7303F2F313C4F8CC3103F1007303F5E8
:10970000003303F2FD13C4F8D0313846284B294FFB
:10971000C4E9757303F1022303F508131C33C4F87D
:10972000DC3103F10B7303F50A73C4F8E03103F184
:109730000E7303F23223C4F8E43103F1117303F220
:109740003E23C4F8E83103F1022303F59E034933B5
:10975000C4F8EC31184BC4E97CC347F62433A4F8B1
:10976000F83147F65F43A4F8FA31144BC4F8FC31E2
:1097700048F22403A4F80032114BC4E99263114B60
:10978000C4E994230FF098FCFFF7C4BA0E4B0F4ABC
:109790000F4840F2062111F075F900BF614C244DCD
:1097A00000040240EA4DB14E1451E3511156ED56FA
:1097B0000469116AF266FA67B778EC799D7DDF7EFD
:1097C00000020040848A002078C70208C4D2020840
:1097D00028D20208567685770128F8B535D8FEF7E5
:1097E00081FA0546F1F77AF81B4F0646D5F8540280
:1097F00003689B699B0711D4092305F23E22C62109
:10980000F3F744FAE8B1D5F8483201330124C5F83A
:109810004832B3F5967F0FD82046F8BDF1F75EF8D1
:10982000831B192BEFD83868F8F72EFB0228DDD000
:109830000120F8F76BFBD9E72846FFF795F920469A
:10984000F8BDD5F848320446E3E7044B044A05481E
:109850004FF4057111F016F98C67002078C70208E3
:10986000F0D2020828D20208F0B5012885B055D8F8
:109870002E4D2B78BFF35B8FD907044634D52C4D82
:109880002B78BFF35B8FDA073BD52A4A2A4D2B4F43
:109890004DF67073002C18BF1546ADF80C30F1F77B
:1098A0001DF80646D5F8540203689B699B070AD445
:1098B0000223009303AAC621F2F7E6FD003818BF81
:1098C000012005B0F0BDF1F709F8801B192808D870
:1098D0003868F8F7D9FA0228E4D00120F8F716FB27
:1098E000E0E7012005B0F0BD28460FF0D9FB0028C5
:1098F000C5D001211048FDF781FF28460FF0DCFBA1
:10990000BDE728460FF0CCFB0028BED00221094855
:10991000FDF774FF28460FF0CFFBB6E7084B094A66
:1099200009484FF4097111F0ADF800BFE0E00020E4
:10993000E4E0002040E30020E8E000208C67002005
:1099400078C7020824D3020828D20208F0B50128FB
:109950008BB000F20083174C2378BFF35B8FDB07DB
:1099600005461AD5144F3978BFF35B8F11F0010605
:1099700028D0124B124C002D18BF1C462522002166
:10998000684611F00BFA94F84D32012B00F0A182D9
:10999000022B00F0C1820BB0F0BD20460FF080FB1F
:1099A0000028DFD001210648FDF728FF20460FF0F0
:1099B00083FBD7E7E0E00020E4E0002040E3002064
:1099C000E8E0002038460FF06BFB0028D1D0E94CCE
:1099D000E94B2046314640F8043B4FF4007211F049
:1099E000DDF9E64B636003F554133433A36003F1F0
:1099F0003613E36003F13713236103F5641338333F
:109A0000636103F568133933A36103F13A13E3612A
:109A100003F570133B33236203F13D13636203F5D7
:109A20007C133D33A36203F13F13E36203F141135F
:109A3000236303F584034133636303F588034333EE
:109A4000A36303F58A034433E36303F146132364FA
:109A500003F590034733636403F592034833A3642B
:109A600003F596034A33E36403F598034B33236508
:109A700003F14D13636503F5A0034F33A36503F1B1
:109A80005013E36503F5A6035133236603F1541322
:109A9000636603F5AC035433A36603F15713E3661F
:109AA00003F5B2035833236703F15B13636703F5D0
:109AB000BA035B33A36703F5BE035E33E36703F1C9
:109AC0006013C4F8803003F5C6036233C4F88430F1
:109AD00003F5CA036333C4F8883003F16613C4F88E
:109AE0008C3003F5D2036733C4F8903003F5D60306
:109AF0006A33C4F8943003F16C13C4F8983003F55A
:109B0000DE036E33C4F89C3003F5E4037033C4F80D
:109B1000A03003F5E6037233C4F8A43003F5EC0378
:109B20007533C4F8A83003F5F2037733C4F8AC30CA
:109B300003F17A13C4F8B03003F5FA037C33C4F8A8
:109B4000B43003F500037E33C4F8B83003F50203E4
:109B50008133C4F8BC3003F505038333C4F8C03047
:109B600003F508038733C4F8C43003F50A038833C8
:109B7000C4F8C83003F50D038C33C4F8CC3003F5BA
:109B800010038F33C4F8D03003F513039133C4F8B6
:109B9000D43003F515039433C4F8D83003F5190312
:109BA0009733C4F8DC3003F51C039B33C4F8E03072
:109BB00003F51F039D33C4F8E43003F52203A033FB
:109BC000C4F8E83003F52503A433C4F8EC3003F5FA
:109BD0002903A733C4F8F03003F52C03AB33C4F8E2
:109BE000F43003F53003AD33C4F8F83042F22633D5
:109BF000A4F8FC304FF40E53A4F8FE3003F11053D8
:109C000003F558135A33C4F8003103F53B03B93355
:109C1000C4F8043103F53E03BC33C4F8083103F53E
:109C20004203C033C4F80C3103F54503C433C4F810
:109C3000103103F54A03C833C4F8143103F54E0359
:109C4000CC33C4F8183103F55203CF33C4F81C31B8
:109C500003F55603D533C4F8203103F55B03D8333D
:109C6000C4F8243103F55F03DD33C4F8283103F56C
:109C70006303E133C4F82C3103F56803E533C4F81A
:109C8000303103F56D03EB33C4F8343103F5710360
:109C9000EF33C4F8383103F57603F333C4F83C31BD
:109CA00003F57B03F933C4F8403103F18073FE33CD
:109CB000C4F8443103F1837303F58173C4F8483168
:109CC00003F1857303F58473C4F84C3103F1887391
:109CD00003F58773C4F8503103F18B7303F589736F
:109CE000C4F8543103F1012303F5D8131933C4F830
:109CF000583103F1012303F504131D33C4F85C311B
:109D000003F1937303F59273C4F860311C4BC4F8EC
:109D1000643103F1997303F22F13C4F86831194BBE
:109D2000C4F86C3103F19F7303F23B13C4F8703134
:109D300003F1A37303F5A173C4F8743103F1A6739F
:109D400003F24913C4F8783103F1A97303F24F13F6
:109D5000C4F87C3103F1AD7303F5AB73C4F8803103
:109D600003F1B07303F25D13C4F88431064A074B64
:109D700007490FE040E3002000D402083C0A560ADD
:109D8000F83A8F3B5D3DFA3D89463D47F447AC4884
:109D9000DF4A9F4BDFF804C2C4E9622303F1BB73BF
:109DA00003F5B973C4F890316E4B6F4AC4E965137B
:109DB0006E4BC4F89C3103F1012303F51503913375
:109DC000C4F8A0316A4BC4F8A43103F1D37303F291
:109DD000A113C4F8A83103F1012303F52D03A9331E
:109DE000C4F8AC31634BC4F8B03103F1012303F57F
:109DF0003F03BA33C4F8B43103F1E47303F5E273FB
:109E0000C4F8B83103F1E97303F2CD13C4F8BC31DF
:109E100003F1012303F55B03D633C4F8C03103F12A
:109E2000F27303F5F073C4F8C43103F1F77303F26E
:109E3000E913C4F8C83103F1FC7303F2F313C4F857
:109E4000CC3103F1007303F5003303F2FD13C4F8C2
:109E5000D0313846484B494FC4E9757303F10223AA
:109E600003F508131C33C4F8DC3103F10B7303F55D
:109E70000A73C4F8E03103F10E7303F23223C4F81D
:109E8000E43103F1117303F23E23C4F8E83103F126
:109E9000022303F59E034933C4F8EC31384BC4E97F
:109EA0007CC347F62433A4F8F83147F65F43A4F89F
:109EB000FA31344BC4F8FC3148F22403A4F80032E0
:109EC000314BC4E99263314BC4E994230FF0F4F8A9
:109ED0004FE504F099FB90F8D9340446002B3FF489
:109EE0005AADD0F850040521F8F7BEF800287FF4E9
:109EF00052AD6E460FCE04F2B4450FC50FCE0FC55E
:109F000096E8030045F8040BD4F8500429700BB010
:109F1000BDE8F040F8F7CCB804F076FB90F8E535F2
:109F20000546002B3FF437ADD0F85C050521F8F766
:109F30009BF800287FF42FAD6C460FCC05F5B86672
:109F40000FC60FCC0FC694E8030046F8040BD5F8F3
:109F50005C053170DBE70E4B0E4A0F4840F23F21A3
:109F600010F090FD614C244D00040240EA4DB14ECA
:109F70001451E3511156ED560469116AF266FA67FD
:109F8000B778EC799D7DDF7E00020040848A002056
:109F900078C702085CD3020828D202085676857773
:109FA000F0B5012887B000F2F882184C2378BFF38F
:109FB0005B8FDB0705461CD5154F3978BFF35B8FE8
:109FC00011F001062AD0134B134A002D18BF1A4670
:109FD000002392F84D228DF81430012ACDE9013387
:109FE000CDE9033300F0A182022A00F0BC8207B061
:109FF000F0BD20460FF054F80028DDD001210648BE
:10A00000FDF7FCFB20460FF057F8D5E7E0E0002015
:10A01000E4E0002040E30020E8E0002038460FF0B4
:10A020003FF80028CFD0E94CE94B2046314640F8B4
:10A03000043B4FF4007210F0B1FEE64B636003F591
:10A0400054133433A36003F13613E36003F1371381
:10A05000236103F564133833636103F568133933FF
:10A06000A36103F13A13E36103F570133B332362F9
:10A0700003F13D13636203F57C133D33A36203F1E7
:10A080003F13E36203F14113236303F58403413378
:10A09000636303F588034333A36303F58A034433FF
:10A0A000E36303F14613236403F5900347336364CA
:10A0B00003F592034833A36403F596034A33E3643C
:10A0C00003F598034B33236503F14D13636503F5E3
:10A0D000A0034F33A36503F15013E36503F5A60313
:10A0E0005133236603F15413636603F5AC03543311
:10A0F000A36603F15713E36603F5B20358332367EE
:10A1000003F15B13636703F5BA035B33A36703F5DE
:10A11000BE035E33E36703F16013C4F8803003F5D8
:10A12000C6036233C4F8843003F5CA036333C4F84A
:10A13000883003F16613C4F88C3003F5D20367331B
:10A14000C4F8903003F5D6036A33C4F8943003F1B1
:10A150006C13C4F8983003F5DE036E33C4F89C30FA
:10A1600003F5E4037033C4F8A03003F5E60372335B
:10A17000C4F8A43003F5EC037533C4F8A83003F534
:10A18000F2037733C4F8AC3003F17A13C4F8B0307B
:10A1900003F5FA037C33C4F8B43003F500037E33CF
:10A1A000C4F8B83003F502038133C4F8BC3003F5BA
:10A1B00005038333C4F8C03003F508038733C4F8BC
:10A1C000C43003F50A038833C4F8C83003F50D031F
:10A1D0008C33C4F8CC3003F510038F33C4F8D0307F
:10A1E00003F513039133C4F8D43003F51503943306
:10A1F000C4F8D83003F519039733C4F8DC3003F5FD
:10A200001C039B33C4F8E03003F51F039D33C4F8EF
:10A21000E43003F52203A033C4F8E83003F5250346
:10A22000A433C4F8EC3003F52903A733C4F8F030A5
:10A2300003F52C03AB33C4F8F43003F53003AD332E
:10A24000C4F8F83042F22633A4F8FC304FF40E5331
:10A25000A4F8FE3003F1105303F558135A33C4F831
:10A26000003103F53B03B933C4F8043103F53E0371
:10A27000BC33C4F8083103F54203C033C4F80C31D1
:10A2800003F54503C433C4F8103103F54A03C8335A
:10A29000C4F8143103F54E03CC33C4F8183103F578
:10A2A0005203CF33C4F81C3103F55603D533C4F839
:10A2B000203103F55B03D833C4F8243103F55F0381
:10A2C000DD33C4F8283103F56303E133C4F82C31DE
:10A2D00003F56803E533C4F8303103F56D03EB3360
:10A2E000C4F8343103F57103EF33C4F8383103F5A2
:10A2F0007603F333C4F83C3103F57B03F933C4F838
:10A30000403103F18073FE33C4F8443103F18373A9
:10A3100003F58173C4F8483103F1857303F5847341
:10A32000C4F84C3103F1887303F58773C4F85031D6
:10A3300003F18B7303F58973C4F8543103F10123DE
:10A3400003F5D8131933C4F8583103F1012303F589
:10A3500004131D33C4F85C3103F1937303F5927356
:10A36000C4F860311C4BC4F8643103F1997303F2F3
:10A370002F13C4F86831194BC4F86C3103F19F7383
:10A3800003F23B13C4F8703103F1A37303F5A17317
:10A39000C4F8743103F1A67303F24913C4F8783199
:10A3A00003F1A97303F24F13C4F87C3103F1AD73C9
:10A3B00003F5AB73C4F8803103F1B07303F25D139E
:10A3C000C4F88431064A074B07490FE040E30020F8
:10A3D00000D402083C0A560AF83A8F3B5D3DFA3D2C
:10A3E00089463D47F447AC48DF4A9F4BDFF8F0C150
:10A3F000C4E9622303F1BB7303F5B973C4F8903168
:10A40000694B6A4AC4E96513694BC4F89C3103F18E
:10A41000012303F515039133C4F8A031654BC4F84B
:10A42000A43103F1D37303F2A113C4F8A83103F1EB
:10A43000012303F52D03A933C4F8AC315E4BC4F8F6
:10A44000B03103F1012303F53F03BA33C4F8B4314B
:10A4500003F1E47303F5E273C4F8B83103F1E9736F
:10A4600003F2CD13C4F8BC3103F1012303F55B0300
:10A47000D633C4F8C03103F1F27303F5F073C4F8B6
:10A48000C43103F1F77303F2E913C4F8C83103F1DF
:10A49000FC7303F2F313C4F8CC3103F1007303F53A
:10A4A000003303F2FD13C4F8D0313846434B444F18
:10A4B000C4E9757303F1022303F508131C33C4F8D0
:10A4C000DC3103F10B7303F50A73C4F8E03103F1D7
:10A4D0000E7303F23223C4F8E43103F1117303F273
:10A4E0003E23C4F8E83103F1022303F59E03493308
:10A4F000C4F8EC31334BC4E97CC347F62433A4F8E9
:10A50000F83147F65F43A4F8FA312F4BC4F8FC3119
:10A5100048F22403A4F800322C4BC4E992632C4B7C
:10A52000C4E994230EF0C8FD4DE504F06DF890F8F1
:10A5300049340446002B3FF45AADD0F8D40305212A
:10A54000F7F792FD00287FF452AD01AE0FCE04F56F
:10A5500087650FC53368D4F8D4032B7007B0BDE806
:10A56000F040F7F7A5BD04F04FF890F855350546D3
:10A57000002B3FF43CADD0F8E0040521F7F774FD63
:10A5800000287FF434AD01AC0FCC05F244560FC661
:10A590002368D5F8E0043370E0E70E4B0E4A0F480D
:10A5A00040F24D2110F06EFA614C244D000402403F
:10A5B000EA4DB14E1451E3511156ED560469116A3A
:10A5C000F266FA67B778EC799D7DDF7E0002004085
:10A5D000848A002078C7020890D3020828D2020893
:10A5E00056768577F0B585B04CF6EF0304460F46F6
:10A5F000ADF80C30F0F772F98C4E0546D4F85402E1
:10A6000003689B699A0700F191800223009303AAD3
:10A61000C621F1F739FF002840F08580F0F75EF998
:10A62000824E0546D4F8540203689B699B0700F1EB
:10A630008D800223009303AA0323C621F2F7B6F804
:10A64000002870D19DF80C20D2431006D3B200F13F
:10A650008D805A00D3B252B2002AC0F28F805A00C5
:10A66000D3B252B2002AC0F291805A00D3B252B291
:10A67000002AC0F293805A00D3B252B2002AC0F22C
:10A6800095805A00D3B252B2002AC0F297805A0085
:10A69000D3B252B2002AC0F299805A00D3B252B259
:10A6A000002A4FEA4303B8BF83F031039DF80D2021
:10A6B000DBB25340190600F1B3805900CBB249B266
:10A6C0000029C0F2A7805900CBB249B20029C0F2DC
:10A6D0009B805900CBB249B20029C0F28F8059004B
:10A6E000CBB249B20029C0F283805900CBB249B243
:10A6F000002977DB5900CBB249B200296CDB590045
:10A70000CBB249B200294FEA4303B8BF83F031030B
:10A710009DF80E10DBB2994205D102F03F020120F4
:10A720003A7005B0F0BD002005B0F0BDF0F7D6F8E6
:10A73000431B192BF7D83068F7F7A6FB02284FF018
:10A7400001003FF45BAFF7F7E1FB57E7F0F7C6F81E
:10A75000401B1928E7D83068F7F796FB02284FF01E
:10A7600001003FF45FAFF7F7D1FB5BE75B0083F0DD
:10A7700031035AB2002ADBB2BFF671AF5B0083F03F
:10A7800031035AB2002ADBB2BFF66FAF5B0083F031
:10A7900031035AB2002ADBB2BFF66DAF5B0083F023
:10A7A00031035AB2002ADBB2BFF66BAF5B0083F015
:10A7B00031035AB2002ADBB2BFF669AF5B0083F007
:10A7C00031035AB2002ADBB2BFF667AF5B0083F0F9
:10A7D00031035AB2DBB263E75B0083F0310359B255
:10A7E000DBB28FE75B0083F0310359B2DBB284E761
:10A7F0005B0083F0310359B2DBB279E75B0083F091
:10A80000310359B2DBB26DE75B0083F0310359B21B
:10A81000DBB261E75B0083F0310359B2DBB255E78D
:10A820005B0083F0310359B2DBB249E78C6700204B
:10A830002DE9F04389B00023B549ADF81C309C22C6
:10A84000CDE90533044602918DF80C20F0F746F867
:10A85000B04E0546D4F8540203689B69990700F18D
:10A86000C7800223009302AA0523C621F1F70CFE3C
:10A87000002840F0B980A74D04F5017704F505786C
:10A880004FF2C77995E00223009302AAC621F1F79F
:10A89000FBFD002840F0A880F0F720F80646D4F829
:10A8A000540203689B699B0700F1B2800523009363
:10A8B00005AA0323C621F1F779FF002840F0948010
:10A8C0009DF81420D2431106D3B200F1CC805A0077
:10A8D000D3B252B2002AC0F2CE805A00D3B252B2E2
:10A8E000002AC0F2D0805A00D3B252B2002AC0F27D
:10A8F000D2805A00D3B252B2002AC0F2D4805A0099
:10A90000D3B252B2002AC0F2D6805A00D3B252B2A9
:10A91000002AC0F2D8805A00D3B252B2002ABDF841
:10A92000142052BA4FEA430392B2B8BF83F0310306
:10A9300007EE902A9DF81520DBB253401A0600F16D
:10A94000FB805A00D3B252B2002AC0F2EF805A0004
:10A95000D3B252B2002AC0F2D4805A00D3B252B25B
:10A96000002AC0F2C8805A00D3B252B2002AC0F204
:10A97000BC805A00D3B252B2002AC0F2B0805A0052
:10A98000D3B252B2002AC0F2A4805A00D3B252B25B
:10A99000002A4FEA4303B8BF83F031039DF8162025
:10A9A000DBB29A4220D1F8EEE77AE7EC017A47452C
:10A9B0003ED0ADF80890EFF791FF0646D4F8540268
:10A9C00003689B699A077FF55EAFEFF787FF801BEF
:10A9D000192809D82868F7F757FA02284FF001001C
:10A9E000ECD0F7F793FAE9E7002009B0BDE8F0836F
:10A9F000EFF774FF431B192BF6D83068F7F744FACA
:10AA000002284FF001003FF425AFF7F77FFA21E766
:10AA1000EFF764FF801B1928E6D82868F7F734FAA7
:10AA200002284FF001003FF43AAFF7F76FFA36E72C
:10AA300039493A4A3A483B4BC4F814123A49C4F8E7
:10AA40001822C4F81C024FF04E52C4F820320120E4
:10AA50004FF08A43C4F82412C4F82822C4F82C32D8
:10AA600009B0BDE8F0835B0083F031035AB2002ADD
:10AA7000DBB2BFF632AF5B0083F031035AB2002A7B
:10AA8000DBB2BFF630AF5B0083F031035AB2002A6D
:10AA9000DBB2BFF62EAF5B0083F031035AB2002A5F
:10AAA000DBB2BFF62CAF5B0083F031035AB2002A51
:10AAB000DBB2BFF62AAF5B0083F031035AB2002A43
:10AAC000DBB2BFF628AF5B0083F031035AB2DBB2D2
:10AAD00024E75B0083F031035AB2DBB258E75B0036
:10AAE00083F031035AB2DBB24CE75B0083F03103F1
:10AAF0005AB2DBB240E75B0083F031035AB2DBB2FB
:10AB000034E75B0083F031035AB2DBB228E700BFC1
:10AB1000C59500668C67002000C82F4700409C4701
:10AB20000014CD470000604A0000384B5B0083F002
:10AB300031035AB2DBB20DE75B0083F031035AB246
:10AB4000DBB201E7A2F5004C05EE10CAD0ED827A27
:10AB500090ED832A90ED8A1A90ED814A90ED8B0A50
:10AB6000D0ED840AD0ED894A90ED887AD0ED866ADE
:10AB700090ED873A90ED856A0098B8EEC55A76EE6A
:10AB8000C35A65EE277A25EE022A67EE857A22EE11
:10AB9000052A25EE044A67EE817AE1EE024AE0EEEC
:10ABA000207A24EE055A76EE661AA5EE017A27EE93
:10ABB000A45A27EE272A25EE255A67EE255AA2EE3B
:10ABC000215AE4EEA15A33EE463A67EE244AE7EE04
:10ABD000835AA4EE835A76EEC62A85EE253A66EEAF
:10ABE000E76A77EE677AE7EE066A03EE901AE2EE1E
:10ABF000C36AF8EE633A86EEA75A37EE037A36EE6A
:10AC0000456A73EE833A26EE077A04EE102AC7EE01
:10AC1000237ADFED084A9FED082AB8EE444AF0EEA9
:10AC2000645AE4EE025A77EE857AC3ED007AC0EDFD
:10AC3000005A7047000034C200002F3B2DE9F04F4E
:10AC400090F83E1290F84022C943044600F23E2597
:10AC5000080685B0CBB26CD45900CBB249B20029FA
:10AC60006EDB5900CBB249B2002970DB5900CBB280
:10AC700049B2002972DB5900CBB249B2002974DB1A
:10AC80005900CBB249B2002976DB5900CBB249B2A8
:10AC9000002978DB5900CBB249B200294FEA4303BF
:10ACA00094F83F12B8BF83F03103DBB24B40190672
:10ACB00000F193805900CBB249B20029C0F28780DD
:10ACC0005900CBB249B200297BDB5900CBB249B263
:10ACD000002970DB5900CBB249B2002965DB59006D
:10ACE000CBB249B200295ADB5900CBB249B2002994
:10ACF0004FDB5900CBB249B25B000029B8BF83F0EB
:10AD00003103DBB29A426ED000260027B146B0462E
:10AD1000BA4694F84D32012B00F05981022B00F015
:10AD200078810023C4F83E326B602B7205B0BDE819
:10AD3000F08F5B0083F0310359B20029DBB290DA67
:10AD40005B0083F0310359B20029DBB28EDA5B007D
:10AD500083F0310359B20029DBB28CDA5B0083F057
:10AD6000310359B20029DBB28ADA5B0083F0310388
:10AD700059B20029DBB288DA5B0083F0310359B2A3
:10AD80000029DBB286DA5B0083F0310359B2DBB213
:10AD900083E75B0083F0310359B2DBB2ACE75B00C1
:10ADA00083F0310359B2DBB2A1E75B0083F03103DA
:10ADB00059B2DBB296E75B0083F0310359B2DBB2E4
:10ADC0008BE75B0083F0310359B2DBB280E75B00B5
:10ADD00083F0310359B2DBB275E75B0083F03103D6
:10ADE00059B2DBB269E794F8410294F84312C243C6
:10ADF0001706D3B200F15C815A00D3B252B2002AD6
:10AE00004FEA4303C0F22581DAB25BB2002BC0F2F5
:10AE100027815200D3B252B2002A4FEA4303C0F254
:10AE20002981DAB25BB2002BC0F22B815200D3B27F
:10AE300052B2002A4FEA4303C0F22D81DAB25BB26C
:10AE4000002BC0F22F815200D3B252B2002A4FEA37
:10AE50004303B8BF83F0310394F84222DBB253407E
:10AE60001E0600F14F815E00F3B276B2002EC0F2F2
:10AE700043815E00F3B276B2002EC0F237815E00ED
:10AE8000F3B276B2002EC0F22B815E00F3B276B23E
:10AE9000002EC0F21F815E00F3B276B2002EC0F227
:10AEA00013815E00F3B276B2002EC0F207815E001D
:10AEB000F3B276B25B00002EB8BF83F03103DBB291
:10AEC00099427FF421AF94F8441294F846C2CB43E0
:10AED0001F06DEB200F146817600F3B276B2002E94
:10AEE000C0F24C815E00F3B276B2002EC0F2408117
:10AEF0005E00F3B276B2002EC0F258815E00F3B26B
:10AF000076B2002EC0F24C815E00F3B276B2002E13
:10AF1000C0F240815E00F3B276B2002EC0F23481FE
:10AF20005E00F3B276B2002E4FEA430394F8456216
:10AF3000B8BF83F03103DBB273401E0600F1068117
:10AF40005E00F3B276B2002EC0F2FA805E00F3B279
:10AF500076B2002EC0F2EE805E00F3B276B2002E22
:10AF6000C0F2E2805E00F3B276B2002EC0F2D6806C
:10AF70005E00F3B276B2002EC0F2CA805E00F3B279
:10AF800076B2002EC0F2E8805E00F3B276B25B00CB
:10AF9000002EB8BF83F03103DBB29C457FF4B4AE22
:10AFA000120242EA004003AA0092B4F83E2252BACA
:10AFB000014302AB92B22046FFF7C4FD039FDDF8C8
:10AFC00008A005F079F9012681468846A1E603F03C
:10AFD0001BFB90F849348346002B3FF4A2AED0F817
:10AFE000D4030521F7F740F800287FF49AAE0BF55B
:10AFF0008763DBF8D403C3F800A00BF23C431F6067
:10B00000CBF84094CBF844848BF84864F7F750F8B9
:10B0100087E603F0F9FA90F855358346002B3FF4A4
:10B0200080AED0F8E0040521F7F71EF800287FF481
:10B0300078AE0BF2DC42DBF8E004C2F868A0D76619
:10B04000CBF84C95CBF850858BF85465F7F730F872
:10B0500067E683F0310253B2002BD2B2BFF6D9AE0D
:10B06000530083F031035AB2002ADBB24FEA4303A4
:10B07000BFF6D7AE83F0310253B2002BD2B2BFF687
:10B08000D5AE530083F031035AB2002ADBB24FEA47
:10B090004303BFF6D3AE83F0310253B2002BD2B2DA
:10B0A000BFF6D1AE530083F031035AB2DBB2CDE626
:10B0B0005B0083F031035AB2DBB2A0E65B0083F0A1
:10B0C00031035EB2DBB2F5E65B0083F031035EB2C2
:10B0D000DBB2E9E65B0083F031035EB2DBB2DDE6B2
:10B0E0005B0083F031035EB2DBB2D1E65B0083F03C
:10B0F00031035EB2DBB2C5E65B0083F031035EB2C2
:10B10000DBB2B9E65B0083F031035EB2DBB2ADE6E1
:10B110005B0083F031035EB2DBB232E75B0083F0A9
:10B1200031035EB2DBB226E75B0083F031035EB22F
:10B13000DBB21AE75B0083F031035EB2DBB20EE7ED
:10B140005B0083F031035EB2DBB202E75B0083F0A9
:10B1500031035EB2DBB2F6E65B0083F031035EB230
:10B16000DBB214E7730083F031035EB2DBB2B6E604
:10B170005B0083F031035EB2DBB2BCE65B0083F0C0
:10B1800031035EB2DBB2B0E65B0083F031035EB246
:10B19000DBB2C8E65B0083F031035EB2DBB2BCE633
:10B1A0005B0083F031035EB2DBB2B0E65B0083F09C
:10B1B00031035EB2DBB2A4E60128F8B500F24C859B
:10B1C0000C4F3978BFF35B8F11F00106054619D09B
:10B1D000094F3978BFF35B8F11F0010600F0B2829E
:10B1E000064B0748002D18BF1846BDE8F840FFF78A
:10B1F00025BD00BFE0E00020E4E0002040E30020A7
:10B20000E8E0002038460DF04BFF0028E0D0EA4C83
:10B21000EA4B2046314640F8043B4FF400720FF0F1
:10B22000BDFDE74B636003F554133433A36003F1B2
:10B230003613E36003F13713236103F564133833E6
:10B24000636103F568133933A36103F13A13E361D2
:10B2500003F570133B33236203F13D13636203F57F
:10B260007C133D33A36203F13F13E36203F1411307
:10B27000236303F584034133636303F58803433396
:10B28000A36303F58A034433E36303F146132364A2
:10B2900003F590034733636403F592034833A364D3
:10B2A00003F596034A33E36403F598034B332365B0
:10B2B00003F14D13636503F5A0034F33A36503F159
:10B2C0005013E36503F5A6035133236603F15413CA
:10B2D000636603F5AC035433A36603F15713E366C7
:10B2E00003F5B2035833236703F15B13636703F578
:10B2F000BA035B33A36703F5BE035E33E36703F171
:10B300006013C4F8803003F5C6036233C4F8843098
:10B3100003F5CA036333C4F8883003F16613C4F835
:10B320008C3003F5D2036733C4F8903003F5D603AD
:10B330006A33C4F8943003F16C13C4F8983003F501
:10B34000DE036E33C4F89C3003F5E4037033C4F8B5
:10B35000A03003F5E6037233C4F8A43003F5EC0320
:10B360007533C4F8A83003F5F2037733C4F8AC3072
:10B3700003F17A13C4F8B03003F5FA037C33C4F850
:10B38000B43003F500037E33C4F8B83003F502038C
:10B390008133C4F8BC3003F505038333C4F8C030EF
:10B3A00003F508038733C4F8C43003F50A03883370
:10B3B000C4F8C83003F50D038C33C4F8CC3003F562
:10B3C00010038F33C4F8D03003F513039133C4F85E
:10B3D000D43003F515039433C4F8D83003F51903BA
:10B3E0009733C4F8DC3003F51C039B33C4F8E0301A
:10B3F00003F51F039D33C4F8E43003F52203A033A3
:10B40000C4F8E83003F52503A433C4F8EC3003F5A1
:10B410002903A733C4F8F03003F52C03AB33C4F889
:10B42000F43003F53003AD33C4F8F83042F226337C
:10B43000A4F8FC304FF40E53A4F8FE3003F110537F
:10B4400003F558135A33C4F8003103F53B03B933FD
:10B45000C4F8043103F53E03BC33C4F8083103F5E6
:10B460004203C033C4F80C3103F54503C433C4F8B8
:10B47000103103F54A03C833C4F8143103F54E0301
:10B48000CC33C4F8183103F55203CF33C4F81C3160
:10B4900003F55603D533C4F8203103F55B03D833E5
:10B4A000C4F8243103F55F03DD33C4F8283103F514
:10B4B0006303E133C4F82C3103F56803E533C4F8C2
:10B4C000303103F56D03EB33C4F8343103F5710308
:10B4D000EF33C4F8383103F57603F333C4F83C3165
:10B4E00003F57B03F933C4F8403103F18073FE3375
:10B4F000C4F8443103F1837303F58173C4F8483110
:10B5000003F1857303F58473C4F84C3103F1887338
:10B5100003F58773C4F8503103F18B7303F5897316
:10B52000C4F8543103F1012303F5D8131933C4F8D7
:10B53000583103F1012303F504131D33C4F85C31C2
:10B5400003F1937303F59273C4F860311D4BC4F893
:10B55000643103F1997303F22F13C4F868311A4B65
:10B56000C4F86C3103F19F7303F23B13C4F87031DC
:10B5700003F1A37303F5A173C4F8743103F1A67347
:10B5800003F24913C4F8783103F1A97303F24F139E
:10B59000C4F87C3103F1AD7303F5AB73C4F88031AB
:10B5A00003F1B07303F25D13C4F88431DFF824E0D3
:10B5B000064B074A10E000BFE8E0002000D4020874
:10B5C0003C0A560AF83A8F3B5D3DFA3DF447AC48D9
:10B5D000DF4A9F4B89463D474E49C4E962E303F188
:10B5E000BB7303F5B973C4F890314B4BC4E96523C1
:10B5F0004A4BC4F89C3103F1012303F51503913341
:10B60000C4F8A031464BC4F8A43103F1D37303F25C
:10B61000A113C4F8A83103F1012303F52D03A933C5
:10B62000C4F8AC313F4BC4F8B03103F1012303F54A
:10B630003F03BA33C4F8B43103F1E47303F5E273A2
:10B64000C4F8B83103F1E97303F2CD13C4F8BC3187
:10B6500003F1012303F55B03D633C4F8C03103F1D2
:10B66000F27303F5F073C4F8C43103F1F77303F216
:10B67000E913C4F8C83103F1FC7303F2F313C4F8FF
:10B68000CC3103F1007303F5003303F2FD13C4F86A
:10B69000D031254B254AC4E9751303F1022303F584
:10B6A00008131C33C4F8DC3103F10B7303F50A7380
:10B6B000C4F8E03103F10E7303F23223C4F8E4312D
:10B6C00003F1117303F23E23C4F8E83103F10223BE
:10B6D00003F59E034933C4F8EC313846144B154F3B
:10B6E000C4E97C7347F62433A4F8F83147F65F4386
:10B6F000A4F8FA31104BC4F8FC3148F22403A4F842
:10B7000000320E4BC4E992630D4BC4E994230DF053
:10B71000D3FC5DE5F266FA67614C244DEA4DB14E0B
:10B720001451E3511156ED560469116A00080240A4
:10B73000B778EC79567685779D7DDF7E00010080B5
:10B74000DC89002038460DF0ABFC00283FF448AD02
:10B75000E94CEA4B2046314640F8043B4FF4007276
:10B760000FF01CFBE64B636003F554133433A36006
:10B7700003F13613E36003F13713236103F5641318
:10B780003833636103F568133933A36103F13A1366
:10B79000E36103F570133B33236203F13D136362EE
:10B7A00003F57C133D33A36203F13F13E36203F11E
:10B7B0004113236303F584034133636303F5880373
:10B7C0004333A36303F58A034433E36303F146136E
:10B7D000236403F590034733636403F5920348330E
:10B7E000A36403F596034A33E36403F598034B33EC
:10B7F000236503F14D13636503F5A0034F33A36580
:10B8000003F15013E36503F5A6035133236603F1F7
:10B810005413636603F5AC035433A36603F1571363
:10B82000E36603F5B2035833236703F15B136367E1
:10B8300003F5BA035B33A36703F5BE035E33E36727
:10B8400003F16013C4F8803003F5C6036233C4F813
:10B85000843003F5CA036333C4F8883003F16613F8
:10B86000C4F88C3003F5D2036733C4F8903003F585
:10B87000D6036A33C4F8943003F16C13C4F89830DB
:10B8800003F5DE036E33C4F89C3003F5E403703334
:10B89000C4F8A03003F5E6037233C4F8A43003F50E
:10B8A000EC037533C4F8A83003F5F2037733C4F81A
:10B8B000AC3003F17A13C4F8B03003F5FA037C33EB
:10B8C000C4F8B43003F500037E33C4F8B83003F590
:10B8D00002038133C4F8BC3003F505038333C4F895
:10B8E000C03003F508038733C4F8C43003F50A03F6
:10B8F0008833C4F8C83003F50D038C33C4F8CC305A
:10B9000003F510038F33C4F8D03003F513039133DC
:10B91000C4F8D43003F515039433C4F8D83003F5D4
:10B9200019039733C4F8DC3003F51C039B33C4F8C8
:10B93000E03003F51F039D33C4F8E43003F5220320
:10B94000A033C4F8E83003F52503A433C4F8EC3081
:10B9500003F52903A733C4F8F03003F52C03AB3308
:10B96000C4F8F43003F53003AD33C4F8F83042F2D4
:10B970002633A4F8FC304FF40E53A4F8FE3003F144
:10B98000105303F558135A33C4F8003103F53B0341
:10B99000B933C4F8043103F53E03BC33C4F80831AD
:10B9A00003F54203C033C4F80C3103F54503C43337
:10B9B000C4F8103103F54A03C833C4F8143103F551
:10B9C0004E03CC33C4F8183103F55203CF33C4F817
:10B9D0001C3103F55603D533C4F8203103F55B035E
:10B9E000D833C4F8243103F55F03DD33C4F82831BC
:10B9F00003F56303E133C4F82C3103F56803E53341
:10BA0000C4F8303103F56D03EB33C4F8343103F57A
:10BA10007103EF33C4F8383103F57603F333C4F818
:10BA20003C3103F57B03F933C4F8403103F18073F3
:10BA3000FE33C4F8443103F1837303F58173C4F812
:10BA4000483103F1857303F58473C4F84C3103F175
:10BA5000887303F58773C4F8503103F18B7303F5D2
:10BA60008973C4F8543103F1012303F5D813193352
:10BA7000C4F8583103F1012303F504131D33C4F84E
:10BA80005C3103F1937303F59273C4F860311D4B7D
:10BA9000C4F8643103F1997303F22F13C4F86831C9
:10BAA000194BC4F86C3103F19F7303F23B13C4F8D4
:10BAB000703103F1A37303F5A173C4F8743103F17A
:10BAC000A67303F24913C4F8783103F1A97303F2A2
:10BAD0004F13C4F87C3103F1AD7303F5AB73C4F8B5
:10BAE000803103F1B07303F25D13C4F88431074A67
:10BAF000074B084910E000BF40E3002000D40208D3
:10BB00003C0A560AF83A8F3B5D3DFA3D89463D476F
:10BB1000F447AC48DF4A9F4BDFF884C1C4E9622395
:10BB200003F1BB7303F5B973C4F890314E4B4F4A20
:10BB3000C4E965134E4BC4F89C3103F1012303F5AE
:10BB400015039133C4F8A0314A4BC4F8A43103F172
:10BB5000D37303F2A113C4F8A83103F1012303F551
:10BB60002D03A933C4F8AC31434BC4F8B03103F111
:10BB7000012303F53F03BA33C4F8B43103F1E4738E
:10BB800003F5E273C4F8B83103F1E97303F2CD139E
:10BB9000C4F8BC3103F1012303F55B03D633C4F8C9
:10BBA000C03103F1F27303F5F073C4F8C43103F14B
:10BBB000F77303F2E913C4F8C83103F1FC7303F21D
:10BBC000F313C4F8CC3103F1007303F5003303F22F
:10BBD000FD13C4F8D0313846284B294FC4E975739A
:10BBE00003F1022303F508131C33C4F8DC3103F11D
:10BBF0000B7303F50A73C4F8E03103F10E7303F21B
:10BC00003223C4F8E43103F1117303F23E23C4F884
:10BC1000E83103F1022303F59E034933C4F8EC3104
:10BC2000184BC4E97CC347F62433A4F8F83147F62F
:10BC30005F43A4F8FA31144BC4F8FC3148F22403F2
:10BC4000A4F80032114BC4E99263114BC4E9942368
:10BC50000DF032FAFFF7C4BA0E4B0F4A0F4840F20C
:10BC600032210EF00FFF00BF614C244D0004024052
:10BC7000EA4DB14E1451E3511156ED560469116A63
:10BC8000F266FA67B778EC799D7DDF7E00020040AE
:10BC9000848A002078C70208C8D3020828D2020884
:10BCA000567685772DE9F04184B01B2305460E4674
:10BCB0008DF80C30EEF712FE414F0446D5F85402D1
:10BCC00003689B699B0749D40223009303AA0123BD
:10BCD000D021F0F7D9FB00283CD1EEF7FFFDDFF8CB
:10BCE000E0800746D5F8540203689B69DB4313F0F4
:10BCF000020442D0022300930DF10B020123D02154
:10BD0000F0F754FD30BB9DF80B202D4FF30022F0CF
:10BD1000180203F0180313431B228DF80B308DF823
:10BD20000C208DF80D30EEF7D9FD0646D5F85402FB
:10BD300003689B69DB4313F002042ED002230093B7
:10BD400003AAD021F0F7A0FBB0FA80F0400904B0BC
:10BD5000BDE8F081002004B0BDE8F081EEF7BEFD43
:10BD6000031B192BF6D83868F6F78EF802284FF027
:10BD70000100A3D0F6F7CAF8A0E7EEF7AFFDC01BAD
:10BD8000192819D8D8F80000F6F77EF802284FF0E5
:10BD90000100A7D0F6F7BAF8A4E7EEF79FFD801BE5
:10BDA000192809D83868F6F76FF802284FF0010013
:10BDB000BCD0F6F7ABF8B9E7204604B0BDE8F08197
:10BDC0008C6700202DE9F04385B00446174698465D
:10BDD0008DF80F10EEF782FD264E0546D4F854027A
:10BDE00003689B699B0726D4022300930DF10F0281
:10BDF0000123D021F0F748FBC8B9EEF76FFDDFF85B
:10BE000074900646D4F8540203689B69DB4313F030
:10BE100002051FD0022300933A464346D021F0F793
:10BE2000C5FCB0FA80F0400905B0BDE8F083002001
:10BE300005B0BDE8F083EEF751FD411B1929F6D896
:10BE40003068F6F721F802284FF00100C6D0F6F767
:10BE50005DF8C3E7EEF742FD801B1928E7D8D9F853
:10BE60000000F6F711F802284FF00100CAD0F6F7EB
:10BE70004DF8C7E78C670020F0B585B01A2305465A
:10BE80008DF80C30EEF72AFD784E0446D5F85402B2
:10BE900003689B699A0700F197800223009303AA25
:10BEA0000123D021F0F7F0FA002840F08A80EEF765
:10BEB00015FD6E4E0446D5F8540203689B699B0736
:10BEC00000F19280022300930DF10B020123D02197
:10BED000F0F76CFC002874D19DF80B30634F23F011
:10BEE000070343F003031A228DF80B308DF80C2062
:10BEF0008DF80D30EEF7F2FC0646D5F854020368D3
:10BF00009B69DB4313F0020400F09C800223009342
:10BF100003AAD021F0F7B8FA002852D101230DF17D
:10BF20000B021B212846FFF74DFF002849D09DF842
:10BF30000B304E4F03F0FC031B228DF80B308DF8B5
:10BF40000C208DF80D30EEF7C9FC0646D5F85402EA
:10BF500003689B69DB4313F0020464D0022300935F
:10BF600003AAD021F0F790FA58BB01230DF10B0280
:10BF70001D212846FFF726FF18B39DF80B303B4FD5
:10BF800023F00F0343F003031D228DF80B308DF8CF
:10BF90000C208DF80D30EEF7A1FC0646D5F85402C2
:10BFA00003689B69DB4313F002042DD00223009346
:10BFB00003AAD021F0F768FAB0FA80F0400905B082
:10BFC000F0BD002005B0F0BDEEF788FC001B19287D
:10BFD000F7D83068F5F758FF02284FF001003FF41A
:10BFE00055AFF5F793FF51E7EEF778FC001B1928E2
:10BFF000E7D83068F5F748FF02284FF001003FF41A
:10C000005AAFF5F783FF56E7EEF768FC801B192857
:10C0100028D83868F5F738FF02284FF00100BDD066
:10C02000F5F774FFBAE7EEF759FC801B1928C8D85A
:10C030003868F5F729FF02284FF0010086D0F5F7A0
:10C0400065FF83E7EEF74AFC801B19280AD8386899
:10C05000F5F71AFF02284FF001003FF44EAFF5F755
:10C0600055FF4AE7204605B0F0BD00BF8C670020B1
:10C07000F0B585B0372305468DF80C30EEF72EFC71
:10C08000564E0446D5F8540203689B699A0767D454
:10C090000223009303AA0123D021F0F7F5F9002829
:10C0A0005BD1EEF71BFC4D4E0446D5F854020368F5
:10C0B0009B699B0763D4022300930DF10B020123BC
:10C0C000D021F0F773FB002847D19DF80B30434F88
:10C0D00043F0020337228DF80B308DF80C208DF8D9
:10C0E0000D30EEF7FBFB0646D5F8540203689B695A
:10C0F000DB4313F0020460D00223009303AAD02193
:10C10000F0F7C2F948BB01230DF10B026A21284662
:10C11000FFF758FE08B39DF80B30304F03F0EF03E4
:10C120006A228DF80B308DF80C208DF80D30EEF76B
:10C13000D5FB0646D5F8540203689B69DB4313F030
:10C1400002042BD00223009303AAD021F0F79CF91C
:10C15000B0FA80F0400905B0F0BD002005B0F0BD98
:10C16000EEF7BCFB031B192BF7D83068F5F78CFEF4
:10C1700002284FF0010085D0F5F7C8FE82E7EEF700
:10C18000ADFB001B1928E8D83068F5F77DFE0228C2
:10C190004FF0010089D0F5F7B9FE86E7EEF79EFB78
:10C1A000801B1928D9D83868F5F76EFE02284FF0A1
:10C1B0000100BFD0F5F7AAFEBCE7EEF78FFB801BAE
:10C1C000192809D83868F5F75FFE02284FF00100FA
:10C1D0008AD0F5F79BFE87E72046BFE78C670020F3
:10C1E000F0B585B0002348F26B0205468DF80930A2
:10C1F0008DF80A30ADF80C20EEF770FBC14F064603
:10C20000D5F8540203689B69DB4313F0020430D075
:10C210000223009303AAD021F0F736F920BB642053
:10C22000EEF762FB40F26B13ADF80C30EEF756FB05
:10C23000B44E0446D5F8540203689B69990700F18F
:10C24000ED800223009303AAD021F0F71DF958B91D
:10C2500001230DF10A0275212846FFF7B3FD18B13D
:10C260009DF80A30032B13D0002385F84C3205B01B
:10C27000F0BDEEF733FB801B1928F5D83868F5F7C9
:10C2800003FE02284FF00100BAD0F5F73FFEB7E7F2
:10C290001C238DF80C30EEF721FB9A4E0446D5F89E
:10C2A000540203689B699A0700F1C9800223009336
:10C2B00003AA0123D021F0F7E7F80028D4D1EEF744
:10C2C0000DFB904E0446D5F8540203689B699B070A
:10C2D00000F10781022300930DF10B020123D0210D
:10C2E000F0F764FA0028BFD19DF80B30854F23F09A
:10C2F000180343F010031C228DF80B308DF80C202E
:10C300008DF80D30EEF7EAFA0646D5F854020368C8
:10C310009B69DB4313F0020400F0D28002230093F8
:10C3200003AAD021F0F7B0F800289DD101212846BA
:10C33000FFF7B8FC002897D040F21943ADF80C3055
:10C34000EEF7CCFA6F4F0646D5F8540203689B69A6
:10C35000DB4313F0020400F0A2800223009303AA3F
:10C36000D021F0F791F800287FF47EAF2846FFF740
:10C3700083FD00283FF478AF4CF26C03ADF80C302D
:10C38000EEF7ACFA5F4F0646D5F8540203689B6996
:10C39000DB4313F0020472D00223009303AAD021DE
:10C3A000F0F772F804463220EEF79EFA002C7FF484
:10C3B0005BAF2846FFF75CFE00283FF455AF4FF413
:10C3C000BB43ADF80C30EEF789FA4E4F0646D5F870
:10C3D000540203689B69DB4313F0020440D002233C
:10C3E000009303AAC621F0F74FF804460A20EEF79F
:10C3F0007BFA002C7FF438AF0DF109012846FEF7D7
:10C40000F1F800283FF430AF9DF80930082B7FF495
:10C410002BAF2846FEF70CFA034626E7EEF75EFA46
:10C42000001B19283FF620AF3068F5F72DFD0228D4
:10C430004FF001003FF4FEAEF5F768FDFAE6EEF7C7
:10C440004DFA001B19283FF60FAF3068F5F71CFDB9
:10C4500002284FF001003FF422AFF5F757FD1EE729
:10C46000EEF73CFA801B19284ED83868F5F70CFD1A
:10C4700002284FF00100AAD0F5F748FDA7E7EEF734
:10C480002DFA801B192844D83868F5F7FDFC0228DE
:10C490004FF001003FF478AFF5F738FD74E7EEF7A1
:10C4A0001DFA801B19283FF6DFAE3868F5F7ECFC63
:10C4B00002284FF001003FF447AFF5F727FD43E7AF
:10C4C000EEF70CFA801B19283FF6CEAE3868F5F768
:10C4D000DBFC02284FF001003FF417AFF5F716FD23
:10C4E00013E7EEF7FBF9001B19283FF6BDAE3068E5
:10C4F000F5F7CAFC02284FF001003FF4E4AEF5F76F
:10C5000005FDE0E68C6700200A20EEF7EDF92346F2
:10C51000ABE63220EEF7E8F92346A6E6704700BF07
:10C520000120704708B90448704708B5034A044B16
:10C53000044820210EF0A6FA2C00002008D402089E
:10C54000C4C7020850D402082DE9F04F2DED028B2C
:10C55000DBB07822002168460EF020FC02F054F88F
:10C5600090F8893003BB02F04FF890F8D9341EAD33
:10C570000446002B56D102F047F890F8E535044602
:10C58000002B40F09780694628460BF0A3FF02F08D
:10C590003BF890F8403A0446002B40F0CE805BB068
:10C5A000BDEC028BBDE8F08F044605214068F5F72D
:10C5B0005BFD0028D7D194F888506068D4F868A053
:10C5C000D4F86C90276F666F94ED1E8AD4F87CB017
:10C5D000D4E92084F5F76CFD002DC4D00123CDE90A
:10C5E00020331EAD8DED268ACDF89CB0CDF888A005
:10C5F000CDF88C90249725961F94CDF87880AC4682
:10C60000BCE80F006C460FC4BCE80F000FC49CE8E8
:10C61000030084E8030001F0F7FF90F8D9340446E2
:10C62000002BA8D0D0F850040521F5F71DFD0028F7
:10C63000A1D104F24C4394F8D864D4F85004D4F84F
:10C64000D084D3F868B0D3F86CA0D3F870905F6F43
:10C65000D3ED1E8A93ED1F8A04F58A64D4F88440D2
:10C66000F5F726FD002E86D003210123CDE9201306
:10C67000CDED268A8DED278ACDF888B0CDF88CA037
:10C68000CDF8909025971F94CDF87880AC46BCE803
:10C690000F000AAC0FC4BCE80F000FC49CE80300F5
:10C6A00084E8030001F0B0FF90F8E5350446002B64
:10C6B0003FF469AFD0F85C050521F5F7D5FC0028FB
:10C6C0007FF461AF04F5AB6394F8E465D4F85C05DE
:10C6D000D4F8DC85D3F868B0D3F86CA0D3F87090A8
:10C6E0005F6FD3ED1E8A93ED1F8A04F5AC64D4F816
:10C6F0008040F5F7DDFC002E3FF445AF0422012316
:10C70000CDE92023CDED268A8DED278ACDF888B09E
:10C71000CDF88CA0CDF8909025971F94CDF8788017
:10C72000AC46BCE80F0014AC0FC4BCE80F000FC44B
:10C730009CE8030084E8030025E7D0F8EC08052115
:10C74000F5F792FC00287FF42AAFF022294604F581
:10C7500015600EF0FBFAD4F8EC08F5F7A9FC5BB015
:10C76000BDEC028BBDE8F08F704700BF0120704721
:10C77000F8B5184E3378BFF35B8F13F0010405460C
:10C7800002D0D5B91448F8BD30460CF089FC002819
:10C79000F7D0114F114B3B6007F108033B6607F1DF
:10C7A00058005023C7E916447B66F5F715FC7860FE
:10C7B00048B130460CF080FCE3E7094B094A0A48CF
:10C7C0002D210EF05FF9094B094A07481B210EF095
:10C7D00059F900BF98E500209CE5002048D50208E3
:10C7E000C4C70208E4D40208B8D4020878C7020813
:10C7F00080D402082DE9F0412DED028B054601F0B1
:10C8000003FF90F869371BB9BDEC028BBDE8F081DE
:10C8100004460521D0F8F006F5F726FC0028F3D1F0
:10C8200094F86867D4F8F006D4F86087D4F8647791
:10C8300004F2EC6292ED1A8AD2ED1B8AF5F738FC0D
:10C84000002EE1D068680121F5F70EFC0028DBD14D
:10C850004046F0EE680AB0EE480A39460BF0CAFED0
:10C86000BDEC028B6868BDE8F041F5F721BC00BF64
:10C870002DE9F04F2DED028B87B01E460546174679
:10C8800001F0C2FE90F8E138002B3BD16C46204607
:10C890000BF0CCFE9DF810507DB1DDE90276DDF89D
:10C8A000008001F0B1FE90F86138012504467BB9A3
:10C8B00007B0BDEC028BBDE8F08F01F0A5FE90F84B
:10C8C00061384FF000082F462E460446002BEFD06B
:10C8D000D0F8F0070521F5F7C7FB0028E8D104F2EE
:10C8E000EC72D4F8F007C2F86880C4F85878C4F83D
:10C8F0005C6884F8605807B0BDEC028BBDE8F04F6F
:10C90000F5F7D6BB04460521D0F86808F5F7ACFB6F
:10C9100080460028BAD104F6640394F8E098D4F86D
:10C920006808D4F8D8B8D3ED1A8A93ED1B8AD3F8E7
:10C9300070A004F50664E46FF5F7BAFBB9F1000FD7
:10C94000A4D0686805940121CDE9038BCDED008A60
:10C950008DED018ACDF808A0F5F786FB30B16C4665
:10C960002246384631460BF053FE90E70BF04AFE64
:10C970006868F5F79DFBF2E700797047037903B12A
:10C98000704730B591B04FF4E05101250446ADF841
:10C9900008101B480095022302AAA021EFF7DCF83B
:10C9A00008B111B030BD34231548009303AAA0216B
:10C9B000EFF7ACF90028F4D14FF0FF32302103A893
:10C9C00003F044FF0F9B9842EBD1049BE360069B6E
:10C9D0006361089B0399059AE3620A9BA160226147
:10C9E0000799099A63620C9B2162A2610B990D9AC7
:10C9F000E3610E9B2163A26263632571D1E700BFEF
:10CA00006807002070B50F4E3378BFF35B8F13F0CB
:10CA10000104054602D075B90B4870BD30460CF0D4
:10CA20003FFB0028F7D0084B084A1A6030461C71BB
:10CA30000CF042FBEFE7064B064A074809210EF0CF
:10CA400021F800BF04E6002008E60020DCD502083B
:10CA5000C4C7020850D50208ACD502082DE9F04140
:10CA600003792DED068B9BB99FED418A0025F0EEF1
:10CA7000488AB0EE489A2F462E4601F0C5FD90F840
:10CA8000E9370446002B55D1BDEC068BBDE8F0819B
:10CA9000044601F0B9FD90F885310546002BE3D03E
:10CAA000D0F80C010521F5F7DFFA0028DCD195F864
:10CAB0008481D5F80C01D5ED5C9A95ED5DAA95EDD4
:10CAC0005E8AD5E95F76F5F7F3FAB8F1000FCBD0BF
:10CAD000D4ED0D7A94ED0B9AD4ED0C8AD4ED086A5E
:10CAE00094ED097A28EE099A68EE288A28EE278ABA
:10CAF000D4ED0A7AA6EE8A9A0125E7EE0A8AA7EE15
:10CB00008A8AD4ED056A94ED067AD4ED077AA6EE0A
:10CB1000A99AE7EE298AA7EEA98AD4ED026A94EDD4
:10CB2000037AD4ED047A39EE269A78EE878A38EEC5
:10CB3000278AA2E7D0F870070521F5F795FA0028B3
:10CB4000A2D104F26C7383ED1A9AC3ED1B8A83EDB4
:10CB50001C8A84F8E857BDEC068BD4F87007C4F83B
:10CB6000E077C4F8E467BDE8F041F5F7A1BA00BF8B
:10CB7000000000000079B0FA80F04009704700BF63
:10CB800070B5002284B006464FF400417048EFF7BC
:10CB900087FB01240A2300258DF80E300DF10F02CA
:10CBA00023460DF10E016B4800948DF80F50F1F7FC
:10CBB000ADFF802223460DF10E018DF80E20654851
:10CBC00000940DF10F028DF80F50F1F79FFF2246F0
:10CBD0004FF400415E48EFF763FB0B20EDF784FE56
:10CBE0002A465B484FF40041EFF75AFB4FF0AF0C79
:10CBF00023460DF10F020DF10E01564800948DF8F9
:10CC00000EC08DF80F50F1F781FF23460DF10F0292
:10CC10000DF10E014F4800948DF80E508DF80F5015
:10CC2000F1F774FF9DF80F50494822464FF4004138
:10CC3000EFF736FBB5F1300318BF012333713368CA
:10CC4000454A5B68934203D1302D05D004B070BDD6
:10CC5000304698470028F9D001243D4800224FF47F
:10CC60000041EFF71DFB00250A2623460DF10F02B8
:10CC70000DF10E01009437488DF80E608DF80F50BD
:10CC8000F1F744FF23460DF10E010DF10F02009460
:10CC900030488DF80E508DF80F50F1F737FF2246CF
:10CCA0002B484FF40041EFF7FBFA2A4628484FF48F
:10CCB0000041EFF7F5FA4FF00B0C23460DF10F0290
:10CCC0000DF10E01009423488DF80EC08DF80F5021
:10CCD000F1F71CFF23460DF10E010DF10F02009438
:10CCE0001C488DF80E608DF80F50F1F70FFF2246AB
:10CCF00017484FF40041EFF7D3FA2A4614484FF48F
:10CD00000041EFF7CDFA09238DF80E300DF10F0237
:10CD100023460DF10E0100940E488DF80F50F1F7E7
:10CD2000F5FE20230DF10E010DF10F028DF80E30EE
:10CD30000094234607488DF80F50F1F7E7FE0448AA
:10CD400022464FF4004104B0BDE87040EFF7A8BAA6
:10CD500000000240888B002075CB010808B9044808
:10CD6000704708B5034A044B044813210DF08AFEAE
:10CD700030000020E4D50208C4C702082CD60208FF
:10CD80002DE9F04F002587B03F4804958B46924629
:10CD90004FF400412A4699460126ADF814508DF80B
:10CDA0001650EFF77DFA80238DF80E303748009645
:10CDB00033460DF10F020DF10E018DF80F50F1F712
:10CDC000A5FEDFF8C88004AC0DF11707012300961B
:10CDD0000DF10F020DF10E0140468DF80E508DF849
:10CDE0000F50F1F793FE9DF80F3004F8013BBC4261
:10CDF000ECD1254801224FF40041EFF751FA9DF89C
:10CE000011309DF810109DF816209DF813009DF824
:10CE100012409FED1F6ADFED1F6A9B0043EA8123EA
:10CE200043EA9213800007EE903A40EA8420C2F36E
:10CE30008103C2F30112024307EE102AF8EEE77AEB
:10CE4000B8EEC77A9DF815109DF8142077EEC67AD3
:10CE500037EE467A890067EEA67A26EEC77A41EA6F
:10CE6000822213438BED007ACAED007A07EE903AE6
:10CE7000F8EEE77A77EEC67A66EEE77AC9ED007AE1
:10CE800007B0BDE8F08F00BF00000240888B002093
:10CE9000000000480000803870B503683C495A68BB
:10CEA0008AB000238A42CDE90433CDE90633044633
:10CEB00008938DF824300DD1037973B100238DF8D8
:10CEC000243001F0A1FB90F885310446002B45D1B8
:10CED0000AB070BD90470028F0D02E4800224FF4D1
:10CEE0000041EFF7DDF90125882300268DF80E308B
:10CEF0000DF10F022B460DF10E01274800958DF81C
:10CF00000F60F1F703FE2B460DF10F020DF10E013C
:10CF1000214800958DF80E608DF80F60F1F7F6FD51
:10CF20009DF80F601B482A464FF40041EFF7B8F90F
:10CF3000F307C3D503F0C0F903460793204606ABB9
:10CF4000089105AA04A9FFF71BFF8DF8245001F0F2
:10CF50005BFB90F885310446002BB9D0D0F80C016A
:10CF60000521F5F781F80028B2D10DF1100CBCE8CD
:10CF70000F0004F5B8750FC59CE8030045F8040BD5
:10CF8000D4F80C012970F5F793F80AB070BD00BF12
:10CF900075CB010800000240888B002090F8440007
:10CFA000704700BF90F8443003B17047F0B59BB0B4
:10CFB0000DF15F014FF440630126044621F00F0597
:10CFC000ADF82C303348009602230BAAA021EEF7CF
:10CFD000C3FD08B11BB0F0BD10232E48009307AA73
:10CFE000A021EEF793FE0028F4D107A84FF0FF32FE
:10CFF0000C2103F02BFC0A9B9842EBD19DED091A02
:10D00000DDED080A9DED070A28460BF0D5FB95E8F3
:10D010000F0004F1100787E80F0038460AF0E0FA25
:10D0200090ED000A38468DED050A0AF0DFFAD0EDE2
:10D03000000A3846F1EE600ACDED040A0AF0DCFA87
:10D0400090ED001A3846B1EE411A8DED031A0AF040
:10D05000D9FAD0ED001A9DED031ADDED040A9DED1D
:10D06000050AF1EE611A28460AF0F6F929460BA8DE
:10D070000BAD0BF009FC0FCD04F1200CACE80F0058
:10D080000FCDACE80F002B68CCF8003084F844607A
:10D09000A0E700BF6807002070B5144D2B78BFF3E0
:10D0A0005B8F13F0010401D0114870BD28460BF0CE
:10D0B000F7FF0028F8D00E4E0E4B304640F8103BDC
:10D0C0000AF0AAF900234FF07E52284632627362BA
:10D0D000B362F36232637363B363F363326486F8FB
:10D0E00044400BF0E9FF024870BD00BF40E600205D
:10D0F00050E60020B4D602082DE9F0432DED0E8B4A
:10D1000090F84440BDB0CCB99FEDB88AB0EE489AD3
:10D11000F0EE489AF0EE488AF0EE48AAB0EE48AA3F
:10D12000A0462646274601F06FFA90F8EA360546F3
:10D130007BB93DB0BDEC0E8BBDE8F083054601F038
:10D1400063FA90F8403A04464BBB9FEDA88A00244E
:10D15000DCE7D0F864060521F4F786FF0028E8D163
:10D16000D5F86406C5F8E06605F5CC63C5F8E47645
:10D1700083ED1AAAC3ED1BAAC3ED1C8AC3ED1D9A49
:10D1800083ED1E9A83ED1F8A85F8E88685F8E946C7
:10D190003DB0BDEC0E8BBDE8F043F4F789BFD0F88D
:10D1A000EC080521F4F760FF0028CED104F51566E0
:10D1B000F022314668460DF0C9FD04F5166454F8B6
:10D1C000740C96ED008A54E90289F4F771FF9DF81A
:10D1D0002030002B00F0FB80059B022B06D0032B98
:10D1E00040F0F580069B022B40F0F1809DF848301E
:10D1F000002B00F0EC800F9B022B06D0032B40F09D
:10D20000E680109B022B40F0E2809DF87030002BEE
:10D2100000F0DD80199B022B06D0032B40F0D78055
:10D220001A9B022B40F0D3809DF89840002C00F010
:10D230008280239B022B04D0032B78D1249B022BCA
:10D2400075D19DF8C030002B71D02D9B022B04D0DE
:10D25000032B6CD12E9B022B69D19DF8E830002B5B
:10D2600065D0379B022B04D0032B60D1389B022B57
:10D270005DD1002C5FD19FED5DAA95ED08CAD5ED7B
:10D280000BDAD5ED0E9A95ED0ABAD5ED0DCA95EDEE
:10D2900010EAD5ED09BA95ED0CDA95ED0F9AF0EE9E
:10D2A0004AAAF0EE4A8AA04626462746DDED327AA3
:10D2B0009DED287A69EEA79A27EE899A27EE8E8A45
:10D2C000EDEE879A03220023A7EE0D9ADDE92001F7
:10D2D000A7EE2C8ADDED1E7AE7EE8C9AA7EEAB9ACC
:10D2E000A7EE8B8AEBF728FC03220546894600232C
:10D2F000DDE92A01EBF720FC2D1849EB0109032297
:10D30000DDE934010023EBF717FC2D1849EB01018F
:10D31000002C66D076086D0846EAC77645EAC175E6
:10D3200076194FEA510141EB57070124FBE6002C27
:10D330003FF40BAF00249DED147AD5ED0E9A95EDD8
:10D340000F9A95ED10EADDED0A6AD5ED0BDA95ED51
:10D350000CDAD5ED0DCA95ED08CAD5ED09BA95EDF3
:10D360000ABA27EE29AA67EE09AA67EE0E8A0322F7
:10D370000023DDE90C01A6EEADAAE6EE8DAAE6EEED
:10D38000AC8AEBF7D9FB032206460F460023DDE902
:10D390001601EBF7D1FB361847EB0107404649462B
:10D3A00003220023EBF7C8FB3618ACEE08AA47EBC4
:10D3B0000107EBEE88AAEBEE088A7CB99FED0B8A99
:10D3C0004FF00108B0EE489AF0EE489AABE69DF8AF
:10D3D00098300024002B7FF42CAFB6E64FF0010804
:10D3E00064E72E460F4601249DE600BF00000000C2
:10D3F0002DE9F0412DED088B90F84450B6B09DB961
:10D400009FED4A8A2F46F0EE488AB0EE489A2E46A3
:10D4100001F0FAF890F869370446002B67D136B06E
:10D42000BDEC088BBDE8F0810DF10F0424F00F0472
:10D43000002504F11008256065600646404609F0A5
:10D44000EBFFB7EE008A0022002325626562A56229
:10D45000E5622563656325656565A5652566656681
:10D46000A566E56625676567A567E567C4F880502A
:10D47000C4F88450C4F88850C4F88C50C4F8905054
:10D48000C4F89450C4F89850C4F89C50C4F8A05004
:10D4900084ED0E8A84ED0F8A84ED108A84ED118A62
:10D4A00084ED128A84ED138AC4F8A450C4E92C23B5
:10D4B0000023C4F8A850C4F8AC50C4F8B83084F8BD
:10D4C000BC3001F0A1F890F8C033054683BB01F0F1
:10D4D0009BF89FED168A90F869370025F0EE488A90
:10D4E000B0EE489A2F462E460446002B97D0D0F82F
:10D4F000F0060521F4F7B8FD002890D1D4F8F00625
:10D5000004F2EC6383ED1A9AC3ED1B8A83ED1C8A47
:10D51000C4F86077C4F8646784F8685736B0BDEC27
:10D52000088BBDE8F041F4F7C3BD00BF0000000068
:10D53000D0F894020521F4F797FD0028C7D1D5F85B
:10D5400000332360D5F804336360D5F810332361CA
:10D55000D5F814336361D5F81833A361D5F81C33BB
:10D56000E361D5F820332362D5F824336362D5F81C
:10D570002833A362D5F82C33E362D5F83033236324
:10D58000D5F834336363D5F83833A363D5F83C3327
:10D59000E363D5F840332364D5F844336364D5F8A6
:10D5A0004833A364D5F84C33E364D5F8503323658E
:10D5B000D5F854336365D5F85833A365D5F860338F
:10D5C0002366D5F864336366D5F86833A366D5F867
:10D5D0006C33E366D5F870332367D5F8743363672B
:10D5E000D5F87833A367D5F87C33E367D5F8803373
:10D5F000C4F88030D5F88433C4F88430D5F8883343
:10D60000C4F88830D5F88C33C4F88C30D5F8903312
:10D61000C4F89030D5F89433C4F89430D5F89833E2
:10D62000C4F89830D5F89C33C4F89C30D5F8A033B2
:10D63000C4F8A030D5F8A433C4F8A430D5F8A83382
:10D64000C4F8A830D5F8AC33C4F8AC30D5E9EC2335
:10D65000C4E92C23D5F8B833C4F8B830D5F894020F
:10D6600095F8BC3384F8BC30F4F722FDD4F8B83018
:10D6700033F002037FF42BAF04F1C00706F1100270
:10D680004146384609F018FF384609F0B5FF034611
:10D690003846D3ED009A09F0B5FF0346384693EDBE
:10D6A000009A09F09DFF03463846D3ED008A09F041
:10D6B0009DFF90ED000A384668EE808A09F096FFDB
:10D6C0000346384693ED00AA09F090FF034638461A
:10D6D000E9EE898A0125D3ED009A09F08DFF034612
:10D6E000384693ED009A09F087FFD0ED007A29EED5
:10D6F000279AF0EE00AAAAEE299AF0EE480AE9EE7F
:10D700006A0A38EEA80A0BF097FE3846B0EE409A47
:10D7100009F06CFFD0ED009A384609F073FF03461C
:10D720003846D3ED008A09F05BFF90ED00AA384639
:10D7300009F062FF90ED000A20EE4A0AA9EEA80A5D
:10D7400030EE000A0BF04CFE3846F1EE408A09F04C
:10D750004DFF90ED00BA384609F04EFF03463846BB
:10D7600093ED00AA09F03CFFD0ED009A384609F08D
:10D7700049FF90ED000A384669EE809A09F03CFFB7
:10D7800003463846D3ED00BA09F036FFEBEE0A9AAD
:10D7900090ED00BA384609F035FF0346384693ED60
:10D7A00000AA09F02FFFD0ED007A2AEE27AAF0EEAA
:10D7B000480AABEE8BAA39EEA90AEAEE6A0A0BF028
:10D7C0003BFED4F8B070D4F8B460B0EE408A1FE6E7
:10D7D0002DE9F04190F844402DED068B8CB99FED7A
:10D7E000468A2746F0EE488AB0EE489A264600F070
:10D7F0000BFF90F8E1380546D3B9BDEC068BBDE8C8
:10D80000F081054600F000FF90F8E937044663BB5D
:10D8100000F0FAFE9FED388A90F8E1380024F0EE2F
:10D82000488AB0EE489A274626460546002BE4D0A3
:10D83000D0F868080521F4F717FC0028DDD105F6BB
:10D84000640383ED1A9AC3ED1B8A83ED1C8A85F865
:10D85000E048BDEC068BD5F86808C5F8D878C5F85F
:10D86000DC68BDE8F041F4F723BCD0F8700705216F
:10D87000F4F7FAFB0028CBD194F8E887D4F87007C6
:10D88000D4F8E077D4F8E46704F2D47304F5FB61CC
:10D8900004F2DC72D3ED009A91ED00AA92ED008AB9
:10D8A000F4F706FCB8F1000FB2D0D5ED107A95ED83
:10D8B0000E9AD5ED0F8AD5ED0B6A95ED0C7A28EE10
:10D8C000099A68EE288A28EE278AD5ED0D7AA6EE09
:10D8D0008A9A0124E7EE0A8AA7EE8A8AD5ED086AB9
:10D8E00095ED097AD5ED0A7AA6EEA99AE7EE298A8E
:10D8F000A7EEA98A7BE700BF00000000704700BFC9
:10D900000120704770B5114E3378BFF35B8F13F071
:10D910000104054602D09DB90D4870BD30460BF09C
:10D92000BFFB0028F7D00A4B0A4A1C81C3E9002438
:10D93000304683F80A42A3F80C420BF0BDFBEAE73D
:10D94000054B064A064812210DF09CF8A0E600207F
:10D95000A4E60020A4D70208C4C70208BCD6020867
:10D960000CD7020800B5074A83B000238C46106824
:10D970008DF807C01A460DF10701F4F7A9FC03B0B2
:10D980005DF804FB6808002070B5494D86B0011DA4
:10D99000044601A802F07AFB95F83D30202B1FD0F9
:10D9A000B4F80C32EC2B7CDC94F80AE20DF1040C98
:10D9B00004EB0E2E9E44BCE80F00CEF80A00DCF803
:10D9C0000000CEF80E10CEF81220CEF81630CEF8A9
:10D9D0001A00B4F80C321433A4F80C3206B070BD3F
:10D9E000B4F80C22EC2A26DD94F80A1204EB01218B
:10D9F0000A312846F2F7DAF894F80A320133DBB23A
:10DA0000012B47D9002384F80A324FF00A0E01ADEA
:10DA10000FCD04EB0E0C44F80E002868CCF804106F
:10DA20001426CCF80820CCF80C30CCF81000A4F860
:10DA30000C6206B070BD94F80AC20DF1040E04EB3E
:10DA40000C2C9444BEE80F00CCF80A00DEF800006D
:10DA5000CCF81A00CCF81630CCF80E10CCF8122006
:10DA6000B4F80C2294F80A12143204EB012192B299
:10DA70000A312846F2F79AF894F80A320133DBB2F9
:10DA8000012B88BF002384F80A320023A4F80C324B
:10DA900006B070BD4FEA032E84F80A320EF10A0E6A
:10DAA000B5E7044B044A0548AC210CF0EBFF00BF7E
:10DAB000548E002078C7020830D702080CD702081D
:10DAC00070B54B4D86B0011D0446684602F002FB5E
:10DAD00095F83D30202B21D0B4F80C32E82B00F320
:10DAE000818094F80AE2EC4604EB0E2E9E44BCE8DA
:10DAF0000F00CEF80A00CEF80E10BCE80300CEF8F6
:10DB00001220CEF81630CEF81A00CEF81E10B4F857
:10DB10000C321833A4F80C3206B070BDB4F80C22E5
:10DB2000E82A28DD94F80A1204EB01210A3128467C
:10DB3000F2F73CF894F80A320133DBB2012B4AD9F0
:10DB4000002384F80A324FF00A0E6D460FCD04EB25
:10DB50000E0C44F80E00CCF8041003CD1826CCF8B7
:10DB60000820CCF80C30CCF81000CCF81410A4F835
:10DB70000C6206B070BD94F80AC2EE4604EB0C2CA1
:10DB80009444BEE80F00CCF80A00CCF80E10BEE8B2
:10DB90000300CCF81630CCF81A00CCF81220CCF8E0
:10DBA0001E10B4F80C2294F80A12183204EB01216A
:10DBB00092B20A312846F1F7F9FF94F80A3201339C
:10DBC000DBB2012B88BF002384F80A320023A4F8BB
:10DBD0000C3206B070BD4FEA032E84F80A320EF103
:10DBE0000A0EB2E7034B044A0448AC210CF04AFF8A
:10DBF000548E002078C7020830D702080CD70208DC
:10DC0000F8B5531EFF2B63D8374E96F83D300446C7
:10DC1000B0F80C02202B154600EB020310D0B3F530
:10DC2000807F5BDC94F80A320A3000EB032020444A
:10DC30000DF08CF8B4F80C221544A4F80C52F8BD81
:10DC4000B3F5807F1EDD0F4694F80A1204EB012124
:10DC500002460A313046F1F7A9FF94F80A3201333F
:10DC6000DBB2012B2FD9002384F80A320A200023CB
:10DC7000A4F80C322A46394620440DF067F8A4F87F
:10DC80000C52F8BD94F80A320A3000EB032020440D
:10DC90000DF05CF8B4F80C2294F80A122A4404EB54
:10DCA000012192B20A313046F1F780FF94F80A322E
:10DCB0000133DBB2012B88BF002384F80A32002332
:10DCC000A4F80C32F8BD180284F80A320A30CEE704
:10DCD000064B074A07488C210CF0D4FE064B044A39
:10DCE0000448AC210CF0CEFE548E002070D7020800
:10DCF00030D702080CD7020878C7020830B597B0B1
:10DD0000054600F081FC0021222204460DA80DF0FA
:10DD100045F8234B94F8EA2693E803000023079084
:10DD20008DF820108DF82130CDF82230CDF8263036
:10DD3000CDF82A308DF82E300C930AB917B030BDCB
:10DD4000D4F864060521F4F78FF90028F6D104F51C
:10DD5000D96EBEE80F000DF1340CACE80F00BEE840
:10DD60000F00ACE80F00DEF80030D4F86406ACF821
:10DD70000030F4F79DF90DAA291D684601F060FEF8
:10DD800000980199029A039B07AC0FC40498059967
:10DD9000182203C407A92846FFF732FF17B030BD89
:10DDA00090BF020830B595B0054600F02DFC00216B
:10DDB000222204460BA80CF0F1FF274B94F8EA2628
:10DDC00093E80300002306908DF81C10ADF81D3079
:10DDD0008DF81F308DF820308DF821308DF82230ED
:10DDE0008DF823308DF824308DF825308DF82630CD
:10DDF0000A930AB915B030BDD4F864060521F4F7CA
:10DE000033F90028F6D104F5D96EBEE80F000DF104
:10DE10002C0CACE80F00BEE80F00ACE80F00DEF8F9
:10DE20000030D4F86406ACF80030F4F741F90BAADE
:10DE3000291D684601F09EFF00980199029A039BF4
:10DE400006AC0FC404982060142206A92846FFF7E8
:10DE5000D7FE15B030BD00BF98BF020830B589B0FD
:10DE6000054600F0D1FB90F858360BB909B030BD2B
:10DE700004460521D0F8EC05F4F7F6F80028F5D1B2
:10DE800004F5BE63D3E91823D4F8EC05CDE90023EB
:10DE9000F4F70EF9DDE90023291D03A802F0D2F8FA
:10DEA000142203A92846FFF7ABFE09B030BD00BF1E
:10DEB000F0B5BA4BCBB007460DF16F0493E8030001
:10DEC00024F00F04002500261290256004F11000B4
:10DED0006560CDE914668DF84C108DF84D60ADF895
:10DEE0004E608DF85860179609F096FA4FF07E5301
:10DEF000A363E36323646364A364E36400220023F5
:10DF000025626562A562E5622563656325656565D1
:10DF1000A56525666566A566E56625676567A567E7
:10DF2000E567C4F88050C4F88450C4F88850C4F839
:10DF30008C50C4F89050C4F89450C4F89850C4F869
:10DF40009C50C4F8A050C4F8A450C4F8B86084F839
:10DF5000BC60C4E92C23C4F8A850C4F8AC50CDE987
:10DF60000C66CDE90E66CDE9096610968DF8446021
:10DF70008DF82C60089500F047FB90F8C0639EB9BF
:10DF800000F042FB90F8693700260546002B40F070
:10DF9000B28000F039FB90F8613800260546002B6E
:10DFA00040F0CB804BB0F0BD05460521D0F894027F
:10DFB000F4F75AF80028E3D1D5F800332360D5F8F8
:10DFC00004336360D5F810332361D5F814336361EB
:10DFD000D5F81833A361D5F81C33E361D5F82033A5
:10DFE0002362D5F824336362D5F82833A362D5F8C9
:10DFF0002C33E362D5F830332363D5F834336363CD
:10E00000D5F83833A363D5F83C33E363D5F8403310
:10E010002364D5F844336364D5F84833A364D5F852
:10E020004C33E364D5F850332365D5F85433636536
:10E03000D5F85833A365D5F860332366D5F8643333
:10E040006366D5F86833A366D5F86C33E366D5F814
:10E0500070332367D5F874336367D5F87833A367D3
:10E06000D5F87C33E367D5F88033C4F88030D5F831
:10E070008433C4F88430D5F88833C4F88830D5F8B0
:10E080008C33C4F88C30D5F89033C4F89030D5F880
:10E090009433C4F89430D5F89833C4F89830D5F850
:10E0A0009C33C4F89C30D5F8A033C4F8A030D5F820
:10E0B000A433C4F8A430D5F8A833C4F8A830D5F8F0
:10E0C000AC33C4F8AC30D5F8B833C4F8B83095F8F0
:10E0D000BC3384F8BC30D5E9EC23D5F89402C4E90C
:10E0E0002C23F3F7E5FF00F08FFA90F86937054627
:10E0F000002B3FF44EAFD0F8F0060521F3F7B4FF44
:10E1000000287FF446AF05F2547EBEE80F000DF103
:10E11000300CACE80F009EE803004CF8040BD5F877
:10E12000F0068CF80010F3F7C3FF00F06DFA90F8DA
:10E1300061380546002B3FF435AFD0F8F0070521D4
:10E14000F3F792FF00287FF42DAF05F654030FCBB1
:10E150000DF1200CACE80700D5F8F0078CF8003082
:10E16000F3F7A6FF002E3FF41DAF08A90CAB224623
:10E17000009102A8391D01F035FE02980399049A16
:10E18000059B12AC0FC406980799182203C412A964
:10E190003846FFF735FD4BB0F0BD00BFA0BF020809
:10E1A000F0B58D4BBFB007460DF13F0493E8030077
:10E1B00024F00F04002500260790256004F11000CC
:10E1C00065608DF82010ADF821608DF823608DF822
:10E1D00024608DF825608DF826608DF827608DF815
:10E1E00028608DF829608DF82A600B9609F014F9E3
:10E1F0004FF07E53A363E36323646364A364E36427
:10E200000022002325626562A562E56225636563DD
:10E2100025656565A56525666566A566E566256768
:10E220006567A567E567C4F88050C4F88450C4F8F2
:10E230008850C4F88C50C4F89050C4F89450C4F876
:10E240009850C4F89C50C4F8A050C4F8A450C4E935
:10E250002C23C4F8A850C4F8AC50C4F8B86084F8B3
:10E26000BC6000F0D1F990F8C0330BB93FB0F0BDFD
:10E2700005460521D0F89402F3F7F6FE0028F5D103
:10E28000D5F80023D5F8043322606360D5F8102355
:10E29000D5F8143322616361D5F81823D5F81C33FF
:10E2A000A261E361D5F82023D5F8243322626362AA
:10E2B000D5F82823D5F82C33A262E362D5F83023B1
:10E2C000D5F8343322636363D5F83823D5F83C336B
:10E2D000A263E363D5F84023D5F844336364226432
:10E2E000D5F84823D5F84C33A264E364D5F850231D
:10E2F000D5F8543322656365D5F85823D5F86033D3
:10E30000A2652366D5F86423D5F868336266A366F0
:10E31000D5F86C23D5F87033E2662367D5F87423FB
:10E32000D5F878336267A367D5F87C23D5F88033B6
:10E33000E267C4F88030D5F88423D5F88833C4F870
:10E340008830C4F88420D5F88C23D5F89033C4F8ED
:10E350009030D5F89833C4F88C20C4F89830D5F8AC
:10E360009423D5F8A033C4F89420C4F8A030D5F88D
:10E370009C23D5F8A833C4F89C20C4F8A830D5F85D
:10E38000A423D5F8AC33C4F8A420C4F8AC30D5E944
:10E39000EC23C4E92C23D5F8B833C4F8B830D5F849
:10E3A000940295F8BC3384F8BC30F3F781FE224622
:10E3B000391D684601F0BCFD00980199029A039B43
:10E3C00007AC0FC404982060142207A93846FFF751
:10E3D00017FC3FB0F0BD00BFA8BF0208F0B5894BE5
:10E3E000C3B007460DF14F0493E8030024F00F0477
:10E3F000002500260990256004F1100065608DF865
:10E400002810CDE90C668DF82960CDF82A60ADF8AA
:10E410002E600F9609F000F84FF07E53A363E3637C
:10E4200023646364A364E3640022002325626562BD
:10E43000A562E5622563656325656565A565256655
:10E440006566A566E56625676567A567E567C4F83F
:10E450008050C4F88450C4F88850C4F88C50C4F874
:10E460009050C4F89450C4F89850C4F89C50C4F824
:10E47000A050C4F8A450C4E92C23C4F8A850C4F890
:10E48000AC50C4F8B86084F8BC6000F0BDF890F8F7
:10E49000C0330BB943B0F0BD05460521D0F8940256
:10E4A000F3F7E2FD0028F5D1D5F80023D5F80433C1
:10E4B00022606360D5F81023D5F8143322616361BC
:10E4C000D5F81823D5F81C33A261E361D5F82023D1
:10E4D000D5F8243322626362D5F82823D5F82C338B
:10E4E000A262E362D5F83023D5F834332263636344
:10E4F000D5F83823D5F83C33A263E363D5F840233D
:10E50000D5F8443363642264D5F84823D5F84C33F6
:10E51000A264E364D5F85023D5F8543322656365CB
:10E52000D5F85823D5F86033A2652366D5F864235F
:10E53000D5F868336266A366D5F86C23D5F87033D6
:10E54000E2662367D5F87423D5F878336267A3674A
:10E55000D5F87C23D5F88033E267C4F88030D5F84D
:10E560008423D5F88833C4F88830C4F88420D5F8DB
:10E570008C23D5F89033C4F89030D5F89833C4F88C
:10E580008C20C4F89830D5F89423D5F8A033C4F87B
:10E590009420C4F8A030D5F89C23D5F8A833C4F84B
:10E5A0009C20C4F8A830D5F8A423D5F8AC33C4F81F
:10E5B000A420C4F8AC30D5E9EC23C4E92C23D5F869
:10E5C000B833C4F8B830D5F8940295F8BC3384F861
:10E5D000BC30F3F76DFD2246391D684601F0DEFCC4
:10E5E00000980199029A039B09AC0FC404980599FD
:10E5F000069A07C41C2209A93846FFF701FB43B05D
:10E60000F0BD00BFB0BF02082DE9F84F044F3D78C0
:10E61000BFF35B8F15F0010506D00248BDE8F88F07
:10E62000B4E80020C0E8002038460AF039FD002890
:10E63000F3D0EA4C0122227004F108022266022281
:10E6400084F88C2004F19402C4F8EC20032284F8AE
:10E65000082104F5887200264FF000084FF00009E9
:10E6600050234FF0050E04F5047CC4F86821062100
:10E6700004F526724FF0040B04F5C87A04F54470D3
:10E680006366C4F8F030C4F86C31C4E91655C4E9C7
:10E690003955C4E93F55C4E95855C4E92089A666EF
:10E6A000E66626676667A667E667A4F88850C4F83A
:10E6B000F460C4F8F860A4F80451C4F87061C4F8B8
:10E6C0007461C4F87861C4F87C51C4F8805184F84E
:10E6D00008E2C4F868C284F89012C4F8F022C4F8C2
:10E6E000EC31C4F86C32C4F8F432C4E97855C4E9AA
:10E6F0007F55C4E99855C4E99F55C4E9BA5584F8D3
:10E7000088B1C4F8E8A1A4F88451C4F8F061C4F851
:10E71000F461C4F8F861A4F80452C4F87062C4F853
:10E720007462C4F87862A4F88452C4F80063C4F830
:10E73000046308F071FE4FF07E52C4F83823C4F829
:10E740003C23C4F84023C4F84423C4F84823C4F845
:10E750004C230722C4F82063C4F82463C4F8286358
:10E76000C4F82C63C4F83063C4F83463C4F850634D
:10E77000C4F85463C4F85863C4F86063C4F86463AD
:10E78000C4F86863C4F86C63C4F87063C4F8746355
:10E79000C4F87863C4F87C63C4F88063C4F8846305
:10E7A000C4F88863C4F88C63C4F89063C4F89463B5
:10E7B000C4F89863C4F89C63C4F8A063C4F8A46365
:10E7C00084F8D02304F57672C4F8302404F5876207
:10E7D0005023166004F23C42C4F83434166004F549
:10E7E0008862C2E90089082284F84C2404F2544269
:10E7F000C4F8AC2404F2B442C4F8B034166004F592
:10E800009762C4E9EC89166004F2BC42C4F8A863BC
:10E81000166004F59862C4F8AC63166004F2C44252
:10E82000C4F8B853166004F5996284F8BC531660B6
:10E8300004F2CC4284F8C053166004F59A62C2E92F
:10E840000089092284F8DC2404F2E442C4F8285444
:10E85000C4F82C54A4F84854C4F8A454C4F8A854D8
:10E86000A4F8D854C4F83455C4F83855C4F83C2535
:10E8700004F24452C4F84035166004F5A962C4F8A5
:10E88000BC3516600A2284F8582504F5AC62C4F839
:10E89000B82504F5B862C4F84C36166004F2C452C8
:10E8A000C4F8C436166004F5B962C4F84C55166055
:10E8B00004F2CC52C4F85055166004F5BA62A4F8BC
:10E8C0005455166004F2D452C4F8B055166004F5DD
:10E8D000BB62C4F8B45516600B2284F8E82504F531
:10E8E000BE62C4F848260C2284F8602604F5CD6286
:10E8F000C4F8C02604F5D962C4F8DC55C4F8E05564
:10E90000A4F8E455C4F84056C4F8445684F8585660
:10E91000C4F8B856C4F8BC56166004F2CC62C4F809
:10E920005037166004F5DA62C4F8D037166004F286
:10E93000D462A4F8E856166004F5DB6284F8EA565F
:10E94000166004F2DC62C4F84457166004F5DC6219
:10E95000C2E900890D2284F8EC2604F2F462C4F8BE
:10E960004C2704F25472C4F84857166004F5EB6261
:10E97000A4F86857166004F25C72C4F8C4571660B5
:10E9800004F5EC62C2E900890E2284F86C2704F2D7
:10E990007472C4F8CC2704F2D472C4F8C857166055
:10E9A00004F5FB62A4F8E857166004F2DC72C4F8C0
:10E9B0004458166004F5FC62C2E900890F2284F80D
:10E9C000EC2704F2F472C4F84C28C4F84858C4F890
:10E9D0005038C4F8C838C4F84C3901E0C0E8002009
:10E9E00004F6540311221E6004F5066343E902890C
:10E9F000102384F8643804F66C03C4F8C43804F6B1
:10EA0000CC0384F8E8281E6004F50D63F0221E6034
:10EA100004F6D40329461E6004F50E6343E9028917
:10EA200004F5156004F50F63C4F84839A4F860587C
:10EA3000C4F8BC58C4F8C058A4F8E058C4F8405909
:10EA4000C4F844590CF0AAF9384684F8405A0AF040
:10EA500033FB0148BDE8F88FC0E80020000000004B
:10EA60002DE9F04F0446BBB05830F3F7B5FA0DF17D
:10EA70002F0525F00F05606068B10022C4E920224F
:10EA800000234FF48071A366E36623676367A3677F
:10EA9000E367A4F8881004F1E400F3F79DFAC4F8E2
:10EAA000900058B10023C4E93F3300224FF4807135
:10EAB000C4F8F420C4F8F820A4F8041104F5B070E8
:10EAC000F3F78AFAC4F80C0168B10022C4E95F22A6
:10EAD00000234FF48071C4F87031C4F87431C4F865
:10EAE0007831A4F8841104F5F070F3F775FAC4F8DE
:10EAF0008C0168B10022C4E97F2200234FF48071A9
:10EB0000C4F8F031C4F8F431C4F8F831A4F80412B0
:10EB100004F51870F3F760FAC4F80C0268B100222B
:10EB2000C4E99F2200234FF48071C4F87032C4F806
:10EB30007432C4F87832A4F8841204F53A70F3F70A
:10EB40004BFAC4F89402002800F0C8800123C022C8
:10EB5000002184F8C03305F1100828460CF01EF996
:10EB6000404608F059FCDFEDC67A4FF07E53AB63A8
:10EB7000EB632B646B64AB64EB64C5ED087AC5EDA5
:10EB8000097AC5ED0A7AC5ED0B7AC5ED0C7AC5EDAB
:10EB90000D7AC5ED147AC5ED157AC5ED167AC5ED79
:10EBA0001A7AC5ED1B7AC5ED1C7AC5ED1D7AC5ED47
:10EBB0001E7AC5ED1F7AC5ED207AC5ED217AC5ED27
:10EBC000227AC5ED237AC5ED247AC5ED257AC5ED07
:10EBD000267AC5ED277AC5ED287AC5ED297AC5EDE7
:10EBE0002A7AC5ED2B7A2B68C4F800336B68C4F819
:10EBF000043305F1500205F1440305F1680105F104
:10EC000074000093019205F1800305F18C020291DA
:10EC100005F19801039004930592069198E80F007E
:10EC200005F1200B04F5447C8CE80F009BE80700FD
:10EC300005F12C0A04F5487787E807009AE80700F1
:10EC400005F1380904F54B76A435079586E80700E9
:10EC500099E80700009B04F54E7E8EE8070093E8D4
:10EC6000070004F5517383E80700019A07CA04F509
:10EC7000547383E807000299C4EDD87A07C904F5F4
:10EC80005A73C4EDD97A83E80700039807C804F5DE
:10EC90005D7383E80700049B93E8070004F5607345
:10ECA00083E80700059A07CA04F5637383E8070041
:10ECB000069907C904F5667383E80700079B93E884
:10ECC00007009FED6D6B002504F5697383E807006D
:10ECD00084EDEC6BC4F8B85384F8BC5304F585603C
:10ECE000F3F77AF9C4F8D40378B104F5876000210A
:10ECF000016004F23C40002201604FF48071C4F8CE
:10ED00004024C4F84424A4F8481404F2A440F3F7BF
:10ED100063F904F24C43C4F8500488B100229A66A7
:10ED2000DA661A675A679A67DA67C3F8802004F5CB
:10ED30008A6100204FF48073C1E92000A4F8D83420
:10ED400004F23450F3F748F904F2DC42C4F8E0046A
:10ED500058B1002000214FF480739066D066C4F84B
:10ED60004C15C4F85015A4F8543504F5B660F3F703
:10ED700033F904F5AB63C4F85C0588B100229A66E8
:10ED8000DA661A675A679A67DA67C3F8802004F56B
:10ED9000AC6100204FF48073C1E91F00A4F8E43592
:10EDA00004F5C860F3F718F9C4F8EC0540B1012286
:10EDB00004F5BE630020002184F85826C3E9180139
:10EDC00004F5D760F3F708F904F5CC63C4F86406DA
:10EDD00080B100220021012084F8EA069A66DA66F2
:10EDE0001A675A679A67DA67C4F8E016C4F8E41637
:10EDF000A4F8E81604F24470F3F7EEF804F2EC62BB
:10EE0000C4F8F00660B1002100204FF480739166D1
:10EE1000D1661167C4F86007C4F86407A4F86837BE
:10EE200004F2C470F3F7D8F804F26C72C4F87007F7
:10EE300060B1002100204FF480739166D1661167A4
:10EE4000C4F8E007C4F8E407A4F8E83704F644007F
:10EE5000F3F7C2F804F2EC71C4F8F00790B10020A7
:10EE6000886600224FF48071C4F85828C4F85C28E2
:10EE7000A4F8601806E000BF0000000000000000D9
:10EE80000000000004F6BC00F3F7A6F804F66402E4
:10EE9000C4F8680860B1002100204FF480739166C7
:10EEA000D1661167C4F8D808C4F8DC08A4F8E038C3
:10EEB00004F51460F3F790F8C4F8EC0840B10123AE
:10EEC00084F8403AF022002104F515600BF066FF4B
:10EED0003BB0BDE8F08F00BF0079704770B50022ED
:10EEE00084B0044601211B481B4EEDF7D9F9210AD5
:10EEF000220C230E8DF80B408DF80A108DF8092096
:10EF00008DF8083001F0D8F904460D4608E001F00C
:10EF1000D3F9031B61EB0502142B72F100030DD230
:10EF20003046EFF73DFF0128F1D1022300930A4854
:10EF3000042303AA02A9EFF7E9FD40B1002401224E
:10EF400004481146EDF7ACF9204604B070BD039CAF
:10EF500024BAF4E700040240D88A002070B50022E9
:10EF600084B0044610211B481B4EEDF799F9210A85
:10EF7000220C230E8DF80B408DF80A108DF8092015
:10EF80008DF8083001F098F904460D4608E001F0CC
:10EF900093F9031B61EB0502142B72F100030DD2F0
:10EFA0003046EFF7FDFE0128F1D1022300930A4815
:10EFB000042303AA02A9EFF7A9FD40B100240548E4
:10EFC00001221021EDF76CF9204604B070BD039CBE
:10EFD00024BAF4E700080240D88A00202DE9F04F57
:10EFE000B04E336889B001330022012BADF81820F0
:10EFF0003360044600F034810F2B00F03681AA48BC
:10F00000FFF76CFFA948FFF769FF0746A848FFF71D
:10F0100065FF8246A648FFF761FF8046A348FFF7D9
:10F020009DFFA448FFF79AFF8346A348FFF796FF8A
:10F030000546A248FFF792FF00909D48FFF78EFF1C
:10F0400001909B48FFF78AFF0023814684F8A03295
:10F05000002D44D0009A002A41D0019900293ED0C9
:10F06000BBF1000F3BD0D7B3BAF1000F37D0B0B32C
:10F07000B8F1000F33D0C5F30163012B7AD1C2F38D
:10F080000163012B76D1C1F30163012B72D1CBF364
:10F090000163012B6ED1C7F30163012B6AD1CAF35F
:10F0A0000163012B66D1C0F30163012B62D1C8F368
:10F0B0000163012B5ED14AF30F20009048F30F202B
:10F0C00045F30F23019042F30F2241F30F214BF33D
:10F0D0000F2547F30F2749F30F2901200BE00123E8
:10F0E000002084F8A0320190814600900746054632
:10F0F000014602460346D6F8008008F1FF3CBCF109
:10F100000E0F00F2C8804FF0000A8DF81800D346A9
:10F11000504663F30F0A62F31F4A009A034667F3EF
:10F120000F0062F31F40019A61F30F0B69F30F03A5
:10F1300062F31F4365F31F4BCDE90403CDE902AB36
:10F140000DF1080EBEE80F000CEBCC0C04EB4C0CE0
:10F15000B8F10F0FCCF86C30BEF80030CCF860007E
:10F16000CCF86410CCF86820ACF8703052D009B0FC
:10F17000BDE8F08F012384F8A0325148CDE9002189
:10F18000FFF7ECFE4F48FFF7E9FE000AA4F8A202E1
:10F190004D48FFF7E3FE000AA4F8A4024B48FFF72E
:10F1A000DDFE000AA4F8A6024948FFF7D7FE000AD0
:10F1B000A4F8A8024648FFF7D1FE000AA4F8AA0264
:10F1C0003F48FFF78BFE3F48FFF788FE000AA4F890
:10F1D000AC024048FFF782FE000AA4F8AE023B48AA
:10F1E000FFF77CFE000AA4F8B0023948FFF776FE6C
:10F1F000000AA4F8B2023648FFF770FE94F8A03275
:10F20000000ADDE90021A4F8B402002B3FF453AF5B
:10F21000002068E794F8B63263B3002384F87030B6
:10F2200084F8823084F8943084F8A63084F8B830BA
:10F2300084F8CA3084F8DC3084F8EE3084F8003189
:10F2400084F8123184F8243184F8363184F8483156
:10F2500084F85A3184F86C31336009B0BDE8F08F1E
:10F2600001F02AF8C4E95C01C9E601F025F8C4E917
:10F270005E01C4E64FF4907204F1600104F5C070C1
:10F280000BF064FDBFF35F8F012384F8B6321920C1
:10F29000EBF784FFC1E7104B104A11484FF48E7111
:10F2A0000BF0F0FB10F30020FB00000CF700000453
:10F2B000E300001CE9000010EF000014E500001856
:10F2C000D5000038910000409D00004889000050A2
:10F2D0008F00005497000044ACD7020804D80208FD
:10F2E00028D802082DE9F04F0446012785B0CB4805
:10F2F0002771FFF733FECA48FFF7F0FDC748FFF755
:10F30000EDFD1920EBF7F0FAC648FFF727FEC648D7
:10F31000FFF724FE0646C548FFF720FE0546C34812
:10F32000FFF71CFEC5F30F25C0F30F22C04900955F
:10F33000C6F30343601D0CF0C5F9BE48FFF7CEFDD0
:10F34000BD48FFF7CBFDBD48FFF7C8FDBA48FFF742
:10F35000C5FDBB48FFF7C2FDB748FFF7BFFDB64884
:10F36000FFF7BCFDC0F30220072804D0002323715F
:10F3700005B0BDE8F08FB348FFF7B0FDB248FFF726
:10F38000ADFDB248FFF7AAFD8246B148FFF7A6FDE2
:10F390008146B048FFF7A2FD0390AF48FFF79EFDFE
:10F3A0008046AE48FFF79AFD0290AD48FFF796FD04
:10F3B0000646AC48FFF792FD83469A48FFF78EFD5C
:10F3C00005469848FFF78AFD4AF3072206EE102A01
:10F3D0004AF3074206EE902ADFEDA37A039AF8EE8D
:10F3E000E66AB7EE007AB8EEC66A66EEA76AF0EE95
:10F3F000475AE6EE275A42F3072142F3074206EE48
:10F40000101AC4ED066A06EE902AB8EEC66A029992
:10F41000C4ED055AF8EEE66AF0EE475AE6EE275AD2
:10F4200041F3072241F3074166EEA76A06EE102A70
:10F43000C4ED0A6A06EE901AB8EEC66AF8EEE66AFD
:10F44000C4ED095AF0EE475AE6EE275A4BF307424D
:10F4500040F30723B0EE476AA6EEA76AC4ED0D5A43
:10F4600084ED0E6A06EE102A4BF3072206EE902A70
:10F47000F8EEE66AB8EEC66A66EEA76AF0EE475A9C
:10F4800040F30742E6EE275A06EE102AC4ED116A51
:10F4900006EE903AB8EEC66AF8EEE66AA6EE277A6D
:10F4A00049F3072366EEA76A84ED167AC4ED156A60
:10F4B00006EE903A49F3074307EE103AF8EEE66A93
:10F4C000B8EEC77A66EEA76A27EE277A48F30723D5
:10F4D000C4ED076A06EE903A48F3074384ED087AD4
:10F4E00007EE103AF8EEE66AB8EEC77A66EEA76A5B
:10F4F00046F3072327EE277AC4ED125A05EE903A19
:10F5000046F30743C4ED0B6A06EE903A45F3072332
:10F5100045F3074506EE103A84ED0C7A07EE105AD3
:10F52000F8EEE55AF8EEE66AB8EEC66AB8EEC77AC3
:10F5300065EEA75A66EEA76A26EE276A2379C4ED20
:10F540000F5A67EE277AC4ED106A84ED136AC4ED92
:10F55000147A002B3FF40CAF3148FFF7BFFC2F4863
:10F56000FFF7BCFC1920EBF7BFF94048FFF7F6FCAA
:10F570003E48FFF7B3FC3D48FFF7B0FC4620EBF7F1
:10F58000B3F93B48FFF7EAFC3A48FFF7E7FC2348AA
:10F59000FFF7A4FC1920EBF7A7F93448FFF79EFC0E
:10F5A0003248FFF79BFC3846EBF79EF93048FFF7EF
:10F5B00095FC40F29510EBF797F92F48FFF7CEFC3A
:10F5C0002D48FFF78BFC2D48FFF7C8FC2B48FFF7B1
:10F5D000C5FC0320EBF788F92848FFF7BFFC054678
:10F5E0002648FFF77BFC2548FFF778FC0320EBF764
:10F5F0007BF92248FFF772FCC5F30165012DC0F3CA
:10F6000001603FD101283DD12379002B3FF4B0AEFA
:10F610001B4805B0BDE8F04FEFF78CBC7C0100E063
:10F62000730000FCB9000070BF000074B5000078E2
:10F6300098D80208AA1000E4A70000648F0800E42C
:10F64000E02000E41A0500FCCB00002C9B00004CDD
:10F65000890000508F000054850000588300005C32
:10F66000A1000060AB00006C00008039670000E47E
:10F670009E1212D8482202E85B0200E0D500003852
:10F680004C8D00202748FFF769FC2648FFF726FC31
:10F690001920EBF729F92448FFF760FC2248FFF70F
:10F6A0001DFC2148FFF71AFC3220EBF71DF91F481B
:10F6B000FFF754FC1E48FFF751FC1C48FFF70EFCF7
:10F6C0002D20EBF711F940F29510EBF70DF91948E1
:10F6D000FFF744FC1748FFF701FC1748FFF73EFC13
:10F6E0001548FFF73BFC0320EBF7FEF81248FFF745
:10F6F00035FC05461048FFF7F1FB0F48FFF7EEFB1E
:10F700000320EBF7F1F80C48FFF7E8FBC5F30165C0
:10F71000012DC0F301607FF429AE01283FF474AFDE
:10F7200024E600BF7C0100E0670000E49E1212D8CE
:10F73000482202E85B0200E0D500003808B5094B1A
:10F740005B68C3F308033BB1074803791BB1BDE80D
:10F750000840FFF743BC08BD044B054A0548C721D4
:10F760000BF090F900ED00E038000020A8D8020866
:10F7700004D8020828D8020808B90448704708B518
:10F78000034A044B04481A210BF07CF9380000208E
:10F79000CCD80208C4C7020828D802082DE9F041D5
:10F7A0002DED068BC8B00446FEF72EFF9E4F4FF49A
:10F7B0009072002105464FF4000868460BF0EEFAFF
:10F7C000F5F760FAC7F88480BFF34F8FBFF36F8FF0
:10F7D00094F8B622F2B902F0FF03C7F804809FED57
:10F7E000938A1C46F5F770FA95F88930F0EE488A4E
:10F7F000B0EE489AB0EE48AAF0EE489AF0EE48AA69
:10F8000026462746002B40F0E88048B0BDEC068B2A
:10F81000BDE8F081BFF35F8F4FF4907204F5C071C3
:10F82000684600260BF092FA84F8B662C7F80480A6
:10F83000F5F74AFA2379002B00F0EE809FED7B4A22
:10F840000DF11203B0EE449AB0EE443AF0EE443AB1
:10F85000F0EE444AF0EE442A48A813F8022C012A9C
:10F8600030D133F9122C05EE102A33F9102C05EEA5
:10F87000902A33F90E2C06EE102A33F90C2C06EEE2
:10F88000902A33F90A2C07EE102A33F9082C07EED8
:10F89000902AB8EEC55AF8EEE55AB8EEC66AF8EE08
:10F8A000E66AB8EEC77AF8EEE77A72EE852A74EE69
:10F8B000A54A73EE863A33EE263A39EE079A34EECD
:10F8C000274A013612339842C7D1002E00F0A88093
:10F8D00007EE906ADFED566A9FED567ADFED565AD5
:10F8E0009FED566AD4ED068AD4ED0F9A94ED15AAD1
:10F8F00094ED0C8A94ED145AD4ED12AA94ED092AD1
:10F90000F8EE677ADDE9466727EE877A67EEA67A32
:10F91000C5EE876ADDE944237608520846EAC776D1
:10F9200042EAC372B6184FEA530343EB570795F800
:10F93000893086EE277A66EEA44A27EE099A23EEEE
:10F94000073AD4ED057AD4ED0E5A94ED106A69EEBB
:10F95000288A66EEA22AE3EE278A64EEA99AD4EDFD
:10F960000B7A24EE8AAA29EE088AA2EE85AAE2EE94
:10F97000A59AA3EE278A27EE044A63EEA67A94EDB1
:10F980000D7AD4ED086A94ED165AD4ED075A64EE58
:10F99000AAAA29EE029AD4ED114AA3EE269AA4EE61
:10F9A000078AE7EE869AE2EEA4AAA7EE85AAE4EE1D
:10F9B000258AD4ED136A94ED0A7AE7EEA6AA01240B
:10F9C000A4EE079AF1EE699AB1EE4AAAF1EE688ABE
:10F9D000B1EE488A002B3FF418AF68680521F2F7B2
:10F9E00043FB00287FF411AF6868C5ED1AAAC5E98A
:10F9F0002067C5ED1B9A85ED1CAA85ED1D9AC5ED06
:10FA00001E8A85ED1F8A85F8884048B0BDEC068BBC
:10FA1000BDE8F041F2F74CBB9FED048A1C46E3E6DB
:10FA20009FED028A3446DFE600E100E000000000BE
:10FA30000000A04200489945CDCC1C4135FA8E3CCF
:10FA40002DE9F04FC34B04460D4618681979217112
:10FA50000023C4F80630C4F80A30C4F80E30A3748A
:10FA600023756375A375E37592F8203029782060BB
:10FA700097B06171002B00F0948013689FEDB67A07
:10FA800007EE903AF4EEC77AF1EE10FA40F2EE800B
:10FA90002E233E21CDE914311E203623CDE912302C
:10FAA00026261623CDE910360E273A23CDE90E3748
:10FAB0004FF02A0C1A23CDE90C3C4FF0320E2223D2
:10FAC000CDE90A3E4FF012080A23CDE90838062393
:10FAD0004FF03C0A07932C23CDE9043A4FF01C0B5E
:10FAE0003423CDE9023B0226382301934FF0240B47
:10FAF0004FF014094FF00C084FF0280E4FF0180C7F
:10FB000030212023102008274FF0040A069656685B
:10FB10009FED917A07EE906AF4EEC77AF1EE10FA53
:10FB200007D89FED8E7AF4EEC77AF1EE10FA80F2E4
:10FB3000F08096689FED887A07EE906AF4EEC77AB7
:10FB4000F1EE10FA37D89FED857AF4EEC77AF1EE30
:10FB500010FA30DB9FED827A059B019367EE877A7E
:10FB60004746FDEEE77A92F82180029984F812A0C8
:10FB700017EE906ADDE903CE5B4648466681B8F130
:10FB8000000F1DD10023E374052221467548EBF7D1
:10FB900029FB2B786061013320462B7017B0BDE83C
:10FBA000F08F382301934FF0280E4FF0180C3021BE
:10FBB00020231020082792F82180B8F1000FE1D00F
:10FBC000D6689FED697A07EE906AF4EEC77AF1EE97
:10FBD00010FA13D89FED657AF4EEC77AF1EE10FAB9
:10FBE0000CDB9FED637A0199A77467EE877A734601
:10FBF000FDEEE77A604617EE906AA68116699FEDE2
:10FC00005A7A07EE906AF4EEC77AF1EE10FA11D83C
:10FC10009FED567AF4EEC77AF1EE10FA0ADB9FED0B
:10FC2000547AA07467EE877A0B46FDEEE77A17EEFA
:10FC3000901AE18152699FED4C7A07EE902AF4EE1A
:10FC4000C77AF1EE10FA9DD89FED487AF4EEC77AA4
:10FC5000F1EE10FA96DB9FED467AA37467EE877A91
:10FC6000FDEEE77A17EE903A23828BE79FED3B7A21
:10FC7000F4EEC77AF1EE10FAFFF60AAF9FED387A8C
:10FC800067EE877A0123FDEEE77AA3743F2315938D
:10FC900017EE903A2F21E3801F23CDE9133137204F
:10FCA0002723CDE9113017260F23CDE90F363B2747
:10FCB0002B23CDE90D374FF01B0C3323CDE90B3C43
:10FCC0004FF0230E1323CDE9093E4FF00B08072315
:10FCD000CDE907384FF03D092D23CDE904394FF028
:10FCE0001D0A3523CDE9023A0326392301934FF04B
:10FCF000250B4FF015094FF00D084FF0290E4FF06E
:10FD0000190C31212123112009274FF0050A0696ED
:10FD1000FDE6069B9FED127AA374159B059367EE93
:10FD2000877A149B0493139B0393FDEEE77A129B4F
:10FD30000293DDE90E3817EE906A0193DDE9109B1E
:10FD4000DDE90CCEDDE90A31DDE90870DDF81CA043
:10FD50002681EEE6B8BF02080C2244420C2244C2BF
:10FD6000B210274460070020368DA740368DA7C00B
:10FD70004A90C34538B5194B044698681B7B2371DC
:10FD80000023E37123736373A373E372A37263723B
:10FD9000A37123746374A374E374237292F8203004
:10FDA00020600D46C9786171E11D13B992F82130C8
:10FDB00033B19369D269C4F807302B784A60A371D4
:10FDC0000023E373042221460548EBF70BFAEB7896
:10FDD00020610133EB70204638BD00BFB8BF020878
:10FDE0006007002070B50446474E00200D46A07104
:10FDF000D2F8B810E071A06020736073A073E07354
:10FE0000207420756075A075E07530692060307DC4
:10FE1000207131F002016878607154D1197D002998
:10FE200051D00499097B00294DD0D2ED007A9FED85
:10FE3000377AF4EEC77AF1EE10FA06DB9FED347AEA
:10FE4000F4EEC77AF1EE10FA4CD91E201C21D2ED47
:10FE5000017A9FED307AF4EEC77AF1EE10FA10DBFA
:10FE60009FED2D7AF4EEC77AF1EE10FA09D89FEDE6
:10FE70002B7A67EE877A0146FDEEE77A17EE902A35
:10FE800022811A68DFED266A07EE102A27EE267A0D
:10FE9000BDEEC77A17EE102A62815B68217407EE07
:10FEA000103A049B1B6827EE267A07EE903ABDEEC7
:10FEB000C77A67EEA67A17EE103AFCEEE77AA381CE
:10FEC00017EE903AE3810023A4F81130E374052281
:10FED00021461448EBF786F96B78606101336B704B
:10FEE000204670BDDFED106A9FED107A77EEA67A9E
:10FEF0001F2067EE877AFCEEE77A17EE901AE18012
:10FF0000012121741D21A2E7B8BF020800007AC4B4
:10FF100000401C46000096C3000096433373DA424B
:10FF2000E1F822466007002000007A44B4A5BE40F4
:10FF300038B5184B044698691B7F23710023E37181
:10FF400023736373A373E372A3726372A371237445
:10FF50006374A374E3742372D2F8B83020600D4642
:10FF600033F002030979617107D16B78A371D2E98B
:10FF70002C03C4F80700C4F80B300023E3730422F9
:10FF800021460548EBF72EF92B79206101332B71BF
:10FF9000204638BDB8BF02086007002038B5264BA0
:10FFA00004460D46186A93F8241021710023C4F802
:10FFB0000630A372E37223736373A373E373237432
:10FFC0006374A374E37423766376A376E376D2F83E
:10FFD000B830A978206033F0020361711FD1DFEDE2
:10FFE000176A92ED1A7AD2ED1B7A27EE267A67EE1F
:10FFF000A67ABCEEC77AFCEEE77A17EE103A98B212
:020000040802F0
:1000000017EE903A01289BB238BF0120012B38BF70
:1000100001232381D2E92C13E080E16023610023D6
:100020006361062221460648EBF7DCF8AB78A06155
:100030000133AB70204638BDB8BF0208E1F8224654
:100040006007002070B50F4EC0F80A300446002348
:100050000D46C0F80620037443748374C374C381CF
:10006000014696F82C30B06A2060237104226B7927
:1000700005486371EBF7B6F86B79206101336B715A
:10008000204670BDB8BF0208600700200E4A0F4925
:1000900010B50446106B92F834202271002344F20C
:1000A00050622060A160A4F80520E371237463749A
:1000B000A374E374E360042221460548EBF792F849
:1000C0002061204610BD00BFB8BF02080100070034
:1000D000600700202DE9F8433E4D2B78BFF35B8F7E
:1000E0000446D8073AD5DFF80C813B4D2B78BFF397
:1000F0005B8FD9075DD5DFF80091384D2B78BFF3C2
:100100005B8FDA0747D5364F364D2B78BFF35B8FC1
:10011000DB0733D5344EB8F80030A4F80530336827
:10012000C4F80F30314BD9F80000396893F83C50CF
:10013000C4F80700986BC4F80B1000232060052258
:100140002146257123756375A375E375E37428480B
:10015000EBF748F860612046BDE8F883284608F0D0
:100160009FFFDFF890800028BFD0EAF7CFFB03465F
:100170002846A8F8003008F09FFFB6E7284608F0A8
:100180008FFF194E0028C6D0EAF7D4FB306028460E
:1001900008F092FFBFE7284608F082FF0028B2D09F
:1001A000EAF7C2FB0E4F034628463B6008F084FF87
:1001B000AAE7284608F074FFDFF83C9000289CD09E
:1001C000EAF7ACFB03462846C9F8003008F074FF94
:1001D00093E700BF20F3002014F3002018F3002061
:1001E00028F300201CF300202CF30020B8BF0208E5
:1001F0006007002030F3002024F3002070B51A4C73
:1002000084B000F059F8D4E90032B0EB030C174B7E
:1002100061EB020E0025634575EB0E03CDE900018D
:1002200003D3C4E9000104B070BD114E2B46306801
:100230002A466946F2F74CF8033005D0DDE90001A3
:10024000C4E9000104B070BD2B4630682A4602A9FB
:10025000F2F774F803460028F0D130681A46694670
:10026000F2F736F8EAE700BF38F300208F5F0100AD
:100270000C08002070B506460D46FEF7C5F990F84B
:1002800058363BB90020FDF73DFBBDE87040062124
:10029000FDF768BB04460521D0F8EC05F1F7E4FE54
:1002A0000028EFD1D4F8EC05C4F85066C4F85456D1
:1002B000F1F7FEFEE6E700BF024A4FF08043516AC5
:1002C000586A7047000C0040704700BF38B51A4CA0
:1002D0002568D5B10020FCF725F9FCF735F9002099
:1002E000FCF7DAFEFCF708FF0020FDF70BFB01210D
:1002F000FDF738FB2368114A114903FB02F2B1EB09
:10030000B20F0FD20133236038BD2846FDF7FAFA49
:100310000F21FDF727FB2846FDF7F4FA1F21FDF713
:1003200021FBD7E70020FDF7EDFA0521FDF71AFBC9
:1003300023680133236038BD40F30020CDCCCCCC02
:10034000CCCCCC0C10B50020F4F72CFF0446FFF702
:10035000B3FF02460B462046F4F7EAFF0020FCF705
:100360009BFEFDF745F80020FCF702FAFCF742FA85
:100370000020FCF7FDF90446FFF79EFF02460B46FE
:100380002046FCF775FA114C0020FDF7BBFA02215C
:10039000FDF7E8FA23680E4A0E4903FB02F2B1EBBF
:1003A000720F02D20133236010BD0020FDF7AAFABC
:1003B0000321FDF7D7FA0020FDF7A4FA0421FDF789
:1003C000D1FA23680133236010BD00BF44F300203D
:1003D000CDCCCCCC99999919013808B51E2811D8E3
:1003E000DFE800F011181F262D3410101010101027
:1003F00010103B10101010101010101010101010D2
:100400001010420008BD0020FDF77CFABDE808404E
:10041000FDF774BC0020FDF775FABDE80840FDF754
:1004200047BD0020FDF76EFABDE80840FDF7D6BFD6
:100430000020FDF767FABDE80840FDF7B1BE0020D7
:10044000FDF760FABDE80840FDF7ACBC0020FDF701
:1004500059FABDE80840FDF701BD0020FDF752FA4A
:10046000BDE80840FDF790BA0020FDF74BFABDE863
:100470000840FDF725BB00BF70B5F6F731FF044615
:1004800000686E4D002828D1A068002833D120696B
:1004900000283ED1A069002849D1206A002854D103
:1004A000A06A00285FD1206B00286AD1A06B0028C9
:1004B00075D1206C002840F08180A06C002840F0AD
:1004C0008D80206D002840F09980A06D002840F0BC
:1004D000A5802B6801332B6070BD2E68F6F760FF96
:1004E000B6FBF0F303FB1066002ECDD1636898478E
:1004F000A0680028CBD02E68F6F752FFB6FBF0F3C9
:1005000003FB1066002EC2D1E368984720690028DB
:10051000C0D02E68F6F744FFB6FBF0F303FB10667D
:10052000002EB7D163699847A0690028B5D02E681E
:10053000F6F736FFB6FBF0F303FB1066002EACD1E6
:10054000E3699847206A0028AAD02E68F6F728FFAA
:10055000B6FBF0F303FB1066002EA1D1636A984747
:10056000A06A00289FD02E68F6F71AFFB6FBF0F3BA
:1005700003FB1066002E96D1E36A9847206B002893
:1005800094D02E68F6F70CFFB6FBF0F303FB106671
:10059000002E8BD1636B9847A06B002889D02E6802
:1005A000F6F7FEFEB6FBF0F303FB1066002E80D1DB
:1005B000E36B9847206C00283FF47FAF2E68F6F776
:1005C000EFFEB6FBF0F303FB1066002E7FF475AF71
:1005D000636C9847A06C00283FF473AF2E68F6F761
:1005E000DFFEB6FBF0F303FB1066002E7FF469AF6D
:1005F000E36C9847206D00283FF467AF2E68F6F74C
:10060000CFFEB6FBF0F303FB1066002E7FF45DAF68
:10061000636D9847A06D00283FF45BAF2E68F6F736
:10062000BFFEB6FBF0F303FB1066002E7FF451AF64
:10063000E36D98472B6801332B6070BD48F30020B1
:10064000F5F756BF10B50020FFF796F8FFF7A6F8AC
:10065000094C0020F4F7A6FDF4F7E6FD2368DA075D
:1006600002D50133236010BD044B1868F1F7CAFDB1
:1006700023680133236010BD4CF30020080B0020D9
:10068000012808B505D8F4F73BFFBDE80840F5F7A9
:1006900037B9034B034A044831210AF0F3F900BF8C
:1006A00024D9020848D902080CDA020808B500204B
:1006B000F5F7D8FAF5F754FD0020F4F773FDBDE81F
:1006C0000840F4F7F9BD00BF08B50020FCF746FB71
:1006D000FCF7E2FB0020FCF795F9FCF7BFF90020DE
:1006E000FCF7DAFCBDE80840FDF772B808B5FDF785
:1006F0008BFFFEF7B5F90020F5F7B4FA03681B6825
:1007000098470020F5F7AEFA03685B68984728B968
:100710004A4B4B4A4B48F9210AF0B4F90020FCF748
:100720001DFB03681B6898470020FCF717FB036854
:100730005B6898470028EBD00020FFF71DF803689E
:100740001B6898470020FFF717F803685B68984715
:100750000028DDD00020F4F7D3FE03681B6898471B
:100760000020F4F7CDFE03685B6898470028CFD0DF
:100770000120F4F7C5FE03681B6898470120F4F7D1
:10078000BFFE03685B6898470028C1D00020F7F7D8
:10079000A9FA03681B6898470020F7F7A3FA0368D3
:1007A0005B6898470028B3D00120F7F79BFA0368ED
:1007B0001B6898470120F7F795FA03685B6898472C
:1007C0000028A5D00020FCF767FC03681B68984749
:1007D0000020FCF761FC03685B689847002897D00D
:1007E0000020FCF70FF903681B6898470020FCF70E
:1007F00009F903685B689847002889D00020F5F75D
:100800004BFE03681B6898470020F5F745FE036818
:100810005B68984700283FF47BAF0020F6F7F4FCB4
:1008200003681B6898470020F6F7EEFC03685B68D6
:10083000984700283FF46CAF08BD00BF78C7020896
:1008400058DA020870DA0208FFF714BD81B110B45B
:10085000084C014410F8013B5340DBB2884254F885
:10086000233083EA1222F5D1D0435DF8044B704760
:10087000D04370478CDA020870B5194E3378BFF355
:100880005B8FDB0705460C460BD5022C21D8154B98
:100890004FF42C60294600FB0430BDE8704003F0A3
:1008A0006FBC304608F0FCFB0028EED0022201218C
:1008B0000C4801F0A1FF052203210B4801F09CFF29
:1008C00006220421094801F097FF304608F0F4FBA6
:1008D000DBE7074B074A084816210AF0D3F800BFA8
:1008E00050F3002060F3002020FE0020E0080120EB
:1008F0008CDE0208B0DE020804DF020870B5194E73
:100900003378BFF35B8FDB0705460C460BD5022C13
:1009100021D8154B4FF42C60294600FB0430BDE86C
:10092000704002F0B7B9304608F0BAFB0028EED0AC
:10093000022201210C4801F05FFF052203210B4830
:1009400001F05AFF06220421094801F055FF304604
:1009500008F0B2FBDBE7074B074A084816210AF00C
:1009600091F800BF50F3002060F3002020FE00202B
:10097000E00801208CDE0208B0DE020804DF020875
:1009800038B5184D2B78BFF35B8FDB0704460AD5CB
:10099000022C20D8144B4FF42C6000FB0430BDE82F
:1009A000384002F069BA284608F07AFB0028EFD0F8
:1009B000022201210C4801F01FFF052203210B48F0
:1009C00001F01AFF06220421094801F015FF28460C
:1009D00008F072FBDCE7074B074A084816210AF0CB
:1009E00051F800BF50F3002060F3002020FE0020EB
:1009F000E00801208CDE0208B0DE020804DF0208F5
:100A00002DE9F041194E3378BFF35B8FDB070746C2
:100A10000D4614460CD5022C22D815494FF42C60F3
:100A20003A462B4600FB0410BDE8F04106F080BCBE
:100A3000304608F035FB0028EDD0022201210C4899
:100A400001F0DAFE052203210A4801F0D5FE062254
:100A50000421094801F0D0FE304608F02DFBDAE70A
:100A6000064B074A074816210AF00CF850F30020FD
:100A700060F3002020FE0020E00801208CDE020848
:100A8000B0DE020804DF020838B5184D2B78BFF33A
:100A90005B8FDB0704460AD5022C20D8144B4FF499
:100AA0002C6000FB0430BDE8384002F0D1BA284683
:100AB00008F0F6FA0028EFD0022201210C4801F0DC
:100AC0009BFE052203210B4801F096FE062204211D
:100AD000094801F091FE284608F0EEFADCE7074BE2
:100AE000074A0848162109F0CDFF00BF50F3002047
:100AF00060F3002020FE0020E00801208CDE0208C8
:100B0000B0DE020804DF020870B5194E3378BFF377
:100B10005B8FDB0705460C460BD5022C21D8154B05
:100B20004FF42C61284601FB043102F0FFF82846FF
:100B300070BD304608F0B4FA0028EED00222012140
:100B40000C4801F059FE052203210B4801F054FE28
:100B500006220421094801F04FFE304608F0ACFAA5
:100B6000DBE7074B074A0848162109F08BFF00BF57
:100B700050F3002060F3002020FE0020E008012058
:100B80008CDE0208B0DE020804DF0208004870476D
:100B9000A013012000487047C41301202DE9F04143
:100BA000D0E900630D682DED028B904610464FEAA8
:100BB000830C002205F14C0E9FED547A2F46F0EE87
:100BC000476AB0EE476AF0EE475AB0EE475AF0EE89
:100BD000474AB0EE474AF0EE473A344606EB820306
:100BE0002946F1EC017A93ED008AD3ED020A93EDE8
:100BF000031AD3ED041A93ED052AD3ED062A93EDDB
:100C0000073AE7EE883A8E4593ED018AE7EEA04A6F
:100C10006344A7EE884AA7EE815AE7EEA15AA7EEF1
:100C2000826AE7EEA26AA7EE837ADAD190ED008AB3
:100C3000D0ED010A90ED021AD0ED031A90ED042ACE
:100C4000D0ED052A90ED063AD0ED077AA3EE808A22
:100C50000832102AF0EE603AE4EE003A00F120008B
:100C6000B0EE414AA4EE804AF0EE614AE5EE004A59
:100C7000B0EE425AA5EE805AF0EE625AE6EE005A05
:100C8000B0EE436AA6EE806AE7EE007A00ED088ACD
:100C900040ED073A00ED064A40ED054A00ED045AE2
:100CA00040ED035A00ED026A40ED017A84D19FEDD8
:100CB000177AF0EE476AB0EE476AF7EC017AD4EDA6
:100CC000104A94ED115AD4ED125A7745A7EEA46A52
:100CD0006444E7EE856AA7EEA57AEED198ED105A46
:100CE000D8ED115AD8ED127AA0EE065ABDEC028B5F
:100CF000B0EE656AA0EE266AE0EE077A88ED105A3B
:100D000088ED116AC8ED127ABDE8F081000000009C
:100D1000F0B500F2B45593B00446284605F0A8FAA1
:100D200004F50F63D3ED007A37EE800A284683ED91
:100D3000000A05F0A1FA04F6F403D3ED007A37EEC9
:100D4000800A0DF12F0683ED000A26F00F062946D2
:100D500003A805F095FA06F110019FED651ADDED87
:100D6000040A9DED030A019104F51067084607F097
:100D700023FD01993A46304606F09EFB96E80F00A7
:100D800087E80F00384606F043FC294605A805F021
:100D90007FFA04F51163D3ED007A9DED057ADDED60
:100DA000066A77EE877A04F61412C3ED007A92EDA4
:100DB000007A37EE267A04F6181382ED007ADDED1C
:100DC000076AD3ED007A77EEA67A2946C3ED007A5A
:100DD00005A805F06BFA04F61C13D3ED007A9DED1F
:100DE000057ADDED066A77EE877A04F51262C3EDC7
:100DF000007A92ED007A37EE267A04F6241382ED1B
:100E0000007ADDED076AD3ED007A77EEA67A2946FF
:100E1000C3ED007A05A805F057FA04F62813D3EDC0
:100E2000007A9DED057ADDED066A77EE877A04F6A5
:100E30002C12C3ED007A92ED007A37EE267A04F593
:100E4000136382ED007ADDED076AD3ED007A77EE69
:100E5000A67A2946C3ED007A05A805F043FA04F600
:100E60003413D3ED007A9DED057ADDED066A77EE59
:100E7000877A04F63812C3ED007A92ED007A37EEE5
:100E8000267A04F63C1382ED007ADDED076AD3ED95
:100E9000007A77EEA67A294605A8C3ED007A05F018
:100EA0002FFA04F51462D2ED007A9DED057ADDED9E
:100EB000066A77EE877A04F64413C2ED007A93ED62
:100EC000007A37EE267A04F6481483ED007AD4EDE2
:100ED000007ADDED076A77EEA67A4C2200212846DB
:100EE000C4ED007A13B0BDE8F04009F057BF00BF71
:100EF0000000000010B5D0F82C41022C00DD10BD20
:100F0000642304FB03F370EE607A61EE811A00EB58
:100F1000030C14338CED000ACCED010ACCED027AFF
:100F2000CCED031A8CED041A0344D1F800E0C3F8A9
:100F300000E0D1F804E0C3F804E0D1F808E0C3F819
:100F400008E0D1F80CE0C3F80CE0D1F810E0C3F8E9
:100F500010E0D1F814E0C3F814E0D1F818E0C3F8B9
:100F600018E0D1F81CE0C3F81CE0D1F820E0C3F889
:100F700020E0D1F824E0C3F824E0D1F828E0C3F859
:100F800028E0D1F82CE0C3F82CE0D1F830E0C3F829
:100F900030E0D1F834E0C3F834E0D1F838E0C3F8F9
:100FA00038E0D1F83CE0C3F83CE0D1F840E0C3F8C9
:100FB00040E0D1F844E0C3F844E0896C996401341E
:100FC00001238CF860208CF86130C0F82C4110BDF2
:100FD0002DE9F04F2DED048B044699B0D0F8300781
:100FE00005F0D6FB04F6A423D3ED007A90ED367A13
:100FF000F0EEE77AF4EEC77AF1EE10FA0DD804F6C7
:10100000A822D2ED007A90ED377AF0EEE77AF4EE8E
:10101000C77AF1EE10FA804604D919B0BDEC048B02
:10102000BDE8F08F04F5276204F69829D2ED007A26
:10103000D9ED000A04F66C2204F68C2AD2ED006A7F
:101040009AED007A04F69C2367EEA00A93ED006AFD
:10105000019304F66822E7EE260A04F6542504F507
:10106000296392ED007A039304F52A6292ED008AD7
:1010700067EE867A95ED006A28EE068A93ED006A9F
:1010800004F6942204F52566E6EE867A04F5286BCC
:1010900004F6842392ED006AD6ED006A0293A6EE70
:1010A000268A04F6882204F64C27DBED006AE6EE79
:1010B000870A002105A8D3ED006AE7EE267A92EDB3
:1010C000007AF0EE678AD7ED007A4C22A7EE278AE5
:1010D000B0EE609A09F062FE022005F0B3F801302C
:1010E000122800F2F78018AB03EB800000ED138AA2
:1010F000032005F0A7F81228DBF8001000F2EA80C0
:1011000005AB03EB8002DAF800C011604FEA800201
:1011100000F0E08006AB99181128C1F800C0D9F89A
:10112000001000F0D78007AB1A440520116005F0CD
:1011300089F8DBED007A97ED007A122867EE877A5E
:1011400000F2C8809AED007AD6ED006A05AB03EB99
:101150008002C2ED007A27EE267A4FEA800200F084
:10116000B980D9ED007AD5ED006A06AB991811283F
:1011700067EEA67A81ED007A00F0AC8007AB1A44E6
:10118000C2ED007A072005F05DF8122800F2A28077
:1011900004F5E76292ED007ADFF858A19FED510A5D
:1011A000F7EE006AC6EE879A18AB03EB800004F6F0
:1011B000AC2340F84CAC04F5C069002205A94846B0
:1011C00093ED001AD8ED357A04F51463D3ED000AD7
:1011D00079EE600A37EE819AF0EE691AB0EE491A9C
:1011E000FFF788FE4C22002105A809F0D7FD022058
:1011F00005F028F81228B1EE488A6BD818AB03EB3B
:10120000800000ED138A032005F01CF8029B1228D1
:101210001A685FD805A901EB80031A60039A4FEAA8
:101220008003116856D006AA1A441128116001994A
:101230000A684FD007A8034405201A6005F002F899
:10124000029B97ED007AD3ED007A122867EE877A39
:1012500040D8039AD6ED006A92ED007A05AB03EB15
:101260008003C3ED007A27EE267A4FEA800331D05F
:101270000199D5ED006AD1ED007A06AA1A44112829
:1012800067EEA67A82ED007A24D007AA1344C3ED54
:10129000007A072004F0D6FF013012281AD818ABC4
:1012A00004F6441403EB8000D4ED000A40F84CAC83
:1012B00078EEE00A9FED0B0AF0EE691AB0EE491ADB
:1012C000002205A94846FFF715FE19B0BDEC048BB6
:1012D000BDE8F08F044B054A05484FF4B77109F09B
:1012E000D1FB00BF0000000078DF0208B0DF020879
:1012F000A8E00208000080BF2DE9F04F2DED048B1F
:1013000007468DB0D0F830070C4605F041FA40F2A0
:10131000A45200210546204609F040FD012004F0BA
:1013200091FF00EB8003122804EB031300F2F88115
:1013300007F68822D2ED007A95ED146A27EEA77A97
:1013400007F65826D6ED006AD3ED007A27EE067A26
:1013500007F69422E7EE267AC3ED007A92ED007A42
:1013600095ED156AD6ED006A27EE077A07F52A6231
:1013700027EE067AE7EE267AC3ED007A92ED007A40
:1013800095ED166AD6ED006A97F8B52A27EE077A2A
:1013900027EE067AE7EE267AC3ED007A002A40F0BF
:1013A000BC81D5ED178A95ED189A95ED198ACDED8A
:1013B000038A00230220CDE90433CDE908330693E4
:1013C0000A938DED079A8DED0B8A04F03BFF07F52C
:1013D0002862D2ED003AD6ED004A07F6842292ED5B
:1013E000004A07F68C22D2ED002A07F5296292ED19
:1013F000003A00EBC00307F6982292ED007A03440E
:1014000007F69C221128D2ED006A04EBC30300F218
:101410008E819FEDCA6A67EE087A26EE888A27EEEB
:10142000065A66EE865AE2EE867A0320A3EE068A14
:10143000F0EE451AB0EE652AE2EE891AA3EE092A0B
:10144000A4EE068AE3EE867AE3EE861AA4EE062A76
:10145000A2EE865AE3EE065A27EE276A66EEA77AD0
:1014600027EE087A66EE886AA8EEA35AE8EE845A58
:10147000A2EEA16AE3EE217AA2EE827AE3EE026A9C
:10148000A3EE856AE4EE057AA3EEA57AE4EE256A7A
:1014900064EEA77A24EE877A24EE866A64EEA66A62
:1014A00083ED017AC3ED137A83ED006AC3ED146A0C
:1014B00004F0C8FE8046042004F0C4FE81460620E5
:1014C00004F0C0FE8246052004F0BCFE83460720DF
:1014D00004F0B8FE0190D7F8300705F059F902463C
:1014E000D7F83007174605F053F9D6ED007A95ED99
:1014F0001A7AB8F1120F67EE877A00F2118108EBC1
:10150000880204EB0212C2ED007AD6ED007A95ED66
:101510001D7AB9F1120F67EE877A00F2018109EBAB
:10152000890204EB0212C2ED007AD6ED007A95ED45
:10153000207ABBF1120F67EE877A00F2F1800BEB95
:101540008B0204EB0212C2ED007AD6ED007A95ED23
:10155000237ABAF1120F67EE877A00F2E1800AEB84
:101560008A0204EB0212C2ED007AD0ED117A97EDF7
:10157000326A019BD6ED006A67EEA77A122B77EEEE
:10158000A77A87EE867A67EE267A00F2C98003EBA7
:10159000830204EB0212C2ED007AD5ED1B7A96EDC0
:1015A000007AB8F1120F67EE877A08F1010200F0B5
:1015B000B78002EB820204EB0212C2ED007AD5ED95
:1015C0001E7A96ED007AB9F1120F67EE877A09F16B
:1015D000010200F0A58002EB820204EB0212C2EDD0
:1015E000007AD5ED217A96ED007ABBF1120F67EE05
:1015F000877A0BF1010200F0938002EB820204EB88
:101600000212C2ED007AD5ED247A96ED007ABAF195
:10161000120F67EE877A0AF1010200F0818002EB77
:10162000820204EB0212C2ED007AD0ED127A97ED3D
:10163000336AD6ED006A67EEA77A122B77EEA77AA7
:1016400003F1010287EE867A67EE267A68D002EB14
:10165000820204EB0212C2ED007AD5ED1C7A96EDFF
:10166000007A08F10208B8F1120F67EE877A57DCAA
:1016700008EB880804EB0818C8ED007AD5ED1F7A4E
:1016800096ED007A09F10209B9F1120F67EE877A37
:1016900046DC09EB890904EB0919C9ED007AD5ED9F
:1016A000227A96ED007A0BF1020BBBF1120F67EE76
:1016B000877A35DC0BEB8B0B04EB0B1BCBED007A45
:1016C000D5ED257A96ED007A0AF1020ABAF1120FE9
:1016D00067EE877A24DC0AEB8A0A04EB0A1ACAED61
:1016E000007AD0ED137A97ED346AD6ED006A67EE92
:1016F000A77A023377EEA77A122B87EE867A67EE07
:10170000267A0DDC03EB830304EB0314C4ED007AAB
:101710000DB0BDEC048BBDE8F08F00221A6040E6EE
:10172000074B084A08484FF4B77109F0ABF9074B6B
:10173000074A0848842109F0A5F900BF000000000D
:1017400078DF0208ECE00208A8E00208E4E1020801
:1017500074E2020868E302084368022B00D0704775
:101760002DE9F0478568D0F85089C668D0F85499BB
:10177000454576EB090300F515672DED028B044610
:1017800014D3D0F82828022A7EDDD0F82418CB1CE8
:1017900000F5026C93FBF2F002FB10330CEB4313E9
:1017A000D3E9040E854276EB0E0320D24FF0FF31D1
:1017B000C4F82418C4F8941804F64C21002300221D
:1017C00001206060C4F82838C4F898380A6004F52D
:1017D000256100200A6004F654210A600021C7E94F
:1017E000000184F8B53ABDEC028BBDE8F0878B1C94
:1017F000013193FBF2FA02FB1A3391FBF2FA02FB7E
:101800001A110CEB43130CEB411CD3E90423DCE964
:1018100004A1524573EB0101C8D390427EEB030350
:10182000C4D3281A66EB0E01E7F740F99FED198A39
:1018300007EE900A04F5E86367EE887A93ED007A84
:10184000F4EEC77AF1EE10FAB0DCB5EB080066EB07
:101850000901E7F72BF907EE900A04F5E76367EE55
:10186000887A93ED007AF4EEC77AF1EE10FABADDD9
:10187000DFED096A77EEC77A27EE267AF4EEC77AAB
:10188000F1EE10FAAFDD91E7044B054A05484C2113
:1018900009F0F8F8BD3786356666663FA4E30208AE
:1018A000D8E3020848E402082DE9F043D0F898286C
:1018B0002DED048B0026022A95B080F8616680F831
:1018C000C56680F82967C0F82C6740F38C80D0F893
:1018D0009438033393FBF2F102FB113303EB430320
:1018E00000F5096505EBC305D5E90478D0F8202A91
:1018F000D0F8243A984508BF9742044600F522697B
:1019000007D0D0F85009D4F85419B84271EB080345
:1019100008D294F8B03A002B5DD015B0BDEC048B22
:10192000BDE8F083C01B61EB0801E7F7BFF8DFED0E
:10193000347A07EE100A04F2547367EE277A93EDB7
:10194000007AF4EEC77AF1EE10FAE2D895ED088A43
:10195000B0EE480A06F074FEF0EE408AB0EE480A97
:1019600006F0A8FEF4EE408AF1EE10FAB0EE408ADE
:10197000CFD64C22314601A809F010FA304604F0C7
:1019800061FC122835D814AB03EB8000B7EE009A47
:1019900000ED139AD4F8340704F024FF04F24473E2
:1019A000D3ED001A28EE088A04F50F63B0EE021A90
:1019B000A8EE001A324601A9C9EE211A04F5C0604A
:1019C000D3ED000AB0EE680AFFF794FAC4F8207A63
:1019D000C9F804809DE7204615B0BDEC048BBDE836
:1019E000F043FFF7F5BA074B074A08484C2109F0C6
:1019F00049F8074B074A08484FF4B77109F042F815
:101A0000BD378635A4E30208B8E4020848E40208BA
:101A100078DF0208B0DF0208A8E00208000000003A
:101A20002DE9F04FC5B00DF1570525F00F0504461F
:101A3000C0220021284609F0B1F905F1100318462B
:101A4000119305F0E9FCDFEDCC7A4FF07E5204F5FE
:101A5000166CAA63EA632A646A64AA64EA64C5ED40
:101A6000087AC5ED097AC5ED0A7AC5ED0B7AC5EDA0
:101A70000C7AC5ED0D7AC5ED147AC5ED157AC5ED74
:101A8000167AC5ED1A7AC5ED1B7AC5ED1C7AC5ED3F
:101A90001D7AC5ED1E7AC5ED1F7AC5ED207AC5ED1C
:101AA000217AC5ED227AC5ED237AC5ED247AC5EDFC
:101AB000257AC5ED267AC5ED277AC5ED287AC5EDDC
:101AC000297AC5ED2A7AC5ED2B7A2A68CCF8002050
:101AD00005F138016A68CCF8042005F1200305F10E
:101AE0002C02089105F174010693079205F1500349
:101AF00005F168020C9105F180010A930B9204F63E
:101B0000C81304F6D4120D9104F51E6100930192DE
:101B1000119B029105F18C0204F6EC110E920391D7
:101B200005F1A40205F198010F9110920FCB04F575
:101B3000176888E80F0005F144060698099604F630
:101B4000F815049504F60425059507C804F5186BE7
:101B50008BE80700079807C804F68C1A8AE8070084
:101B6000089807C804F6981E8EE80700099807C869
:101B700004F6A41787E807000A9807C804F51B664F
:101B800086E807000B98009B07C804F51C69C9ED9F
:101B9000007AC9ED017A83E807000C98019B07C819
:101BA00083E807000D9A029B07CA83E807000E9A94
:101BB000039B07CA83E807000F98049D636807C862
:101BC00085E80700109A059D07CA9FED696B85E8B7
:101BD00007004FF0000233F002008CED2C6B84F80C
:101BE0001C2AC4F8183A40F0408204F50F631A68C2
:101BF0005B68CCF8043004F51063CCF800201B6857
:101C0000C8F8003004F604131A6804F674131A6056
:101C100004F608131A6804F678131A6004F60C1315
:101C20001A6804F67C131A6004F511631B68CBF87C
:101C3000003004F614131A6804F684131A6004F6CC
:101C400018131A6804F688131A6004F61C131B682C
:101C5000CAF8003004F512631A6804F519631A60B3
:101C600004F624131A6804F694131A6004F6281371
:101C70001B68CEF8003004F62C131A6804F69C1387
:101C80001A6004F513631A6804F51A631A6004F6FF
:101C900034131B683B6004F638131A6804F6A81363
:101CA0001A6004F63C131A6804F6AC131A6004F5C3
:101CB00014631B68336004F644131A6804F6B41303
:101CC0001A6004F51563D3E9006704F6481304F6B7
:101CD000B812196894F8B53A116004F52162C2E9A6
:101CE000006784F81C3A04F0ADFA122800F2C081B3
:101CF00000EB800004F1100505EB001090ED000AE8
:101D0000B5EE400AF1EE10FA00F13982F1EEC07A38
:101D10000120C9ED007A04F095FA122800F2A8819A
:101D200000EB800005EB001090ED000AB5EE400AD4
:101D3000F1EE10FA00F11E82F1EEC07A0220C9ED38
:101D4000017A04F07FFA122800F2928100EB8006FB
:101D500005EB061696ED000AB5EE400AF1EE10FA14
:101D600000F10182F1EEC07A08E000BFAFF300801D
:101D7000000000000000000000000000009B12288E
:101D8000C3ED007A00F0748196ED140AB5EE400AB6
:101D9000F1EE10FA00F1E281F1EEC07A04F6CC1314
:101DA000D54A0320C3ED007A04F51D631A6004F0E0
:101DB00049FA0646042004F045FA0746052004F0D7
:101DC00041FA8046062004F03DFA8146072004F0DF
:101DD00039FA122E00F24C8106EB860305EB031351
:101DE00093ED000AB5EE400AF1EE10FA58BFF1EE9D
:101DF000C07A00F1AC81019B122FC3ED007A00F292
:101E0000378107EB870305EB031393ED000AB5EE6B
:101E1000400AF1EE10FA58BFF1EEC07A00F190815D
:101E2000029BB8F1120FC3ED007A00F2218108EB9A
:101E3000880305EB031393ED000AB5EE400AF1EEBB
:101E400010FA58BFF1EEC07A00F17381039BB9F12B
:101E5000120FC3ED007A00F20B8109EB890305EB49
:101E6000031393ED000AB5EE400AF1EE10FA58BFE5
:101E7000F1EEC07A00F15681049B1228C3ED007A7E
:101E800000F2F68000EB800305EB031393ED000AEC
:101E9000B5EE400AF1EE10FA58BFF1EEC07A00F14B
:101EA0003A81059B122EC3ED007A06F1010300F082
:101EB000DF8003EB830305EB031393ED000AB5EE1C
:101EC000400AF1EE10FA58BFF1EEC07A00F11C8121
:101ED00004F6D813122FC3ED007A07F1010300F0C6
:101EE000C78003EB830305EB031393ED000AB5EE04
:101EF000400AF1EE10FA58BFF1EEC07A00F1F58019
:101F000004F6E413B8F1120FC3ED007A08F10103EF
:101F100000F0AE8003EB830305EB031393ED000A9F
:101F2000B5EE400AF1EE10FA58BFF1EEC07A00F1BA
:101F3000D58004F51F63B9F1120FC3ED007A09F1E2
:101F4000010300F0958003EB830305EB031393ED8E
:101F5000000AB5EE400AF1EE10FA58BFF1EEC07A71
:101F600000F1B58004F6FC131228C3ED007A00F1ED
:101F700001037DD003EB830305EB031393ED000A0C
:101F8000B5EE400AF1EE10FA58BFF1EEC07A00F15A
:101F90009780023604F60823122EC3ED007A67DC20
:101FA00006EB860605EB061696ED000AB5EE400A2E
:101FB000F1EE10FA7DD4F1EEC07A023704F6DC13AC
:101FC000122FC3ED007A53DC07EB870705EB0717E9
:101FD00097ED000AB5EE400AF1EE10FA62D4F1EE88
:101FE000C07A08F1020804F6E813B8F1120FC3ED45
:101FF000007A3DDC08EB880805EB081898ED000A2C
:10200000B5EE400AF1EE10FA45D4F1EEC07A09F1CE
:10201000020904F6F413B9F1120FC3ED007A27DCBC
:1020200009EB890905EB091999ED000AB5EE400A9B
:10203000F1EE10FA28D4F1EEC07A023004F52063F4
:102040001228C3ED007A13DC00EB800005EB0015CD
:1020500095ED000AB5EE400AF1EE10FA0FD4F1EE5C
:10206000C07A04F60C24C4ED007A45B0BDE8F08FC8
:10207000224B234A23484FF4B77108F003FD07F0C1
:1020800055FAF0EE407AECE7009007F04FFA00982E
:10209000F0EE407AD1E7009007F048FA0098F0EEB1
:1020A000407AB4E7009007F041FA0098F0EE407AE9
:1020B00097E7009007F03AFA0098F0EE407A7CE754
:1020C000009007F033FA0098F0EE407A61E7009054
:1020D00007F02CFA0098F0EE407A43E7009007F002
:1020E00025FA0098F0EE407A23E7009007F01EFAF8
:1020F0000098F0EE407A03E7880A863F78DF02080E
:10210000ECE00208A8E00208009007F00FFA00983F
:10211000F0EE407ADCE6009007F008FA0098F0EE66
:10212000407ABEE6009007F001FA0098F0EE407A9F
:10213000A2E6009007F0FAF90098F0EE407A85E602
:10214000009007F0F3F90098F0EE407A68E600900E
:1021500007F0ECF90098F0EE407A4CE607F0E6F96B
:10216000F0EE407A1AE6069007F0E0F90698F0EEF5
:10217000407A03E607F0DAF9F0EE407ADEE507F0A0
:10218000D5F9F0EE407AC3E52DE9F04700F69C233F
:102190002DED0C8BD3ED009A00F6642393ED007ABD
:1021A00000F52663D3ED005A00F6582600F6982273
:1021B00000F52A63D6ED007A92ED009AD3ED00CABD
:1021C00000F68C2393ED00BA00F5296327EE899A77
:1021D00067EEA99A93ED00AA27EE8BBA27EE8AAA9A
:1021E00000F5286369EE076A29EE877AD3ED00BA15
:1021F00000F68423EBEE256A00F65C220C46AAEE7C
:10220000257A00210546D3ED00AA92ED006A67EE1B
:10221000ABBA67EEAAAAEBEE866A00F6882340F214
:10222000A452AAEE867A93ED00CA00F6942393EDA9
:10223000008A204667EEACCA27EE8CCA27EE888A51
:10224000B0EE66DAF0EE478A08F0A8FD002003F051
:10225000F9FF0746012003F0F5FF122FD6ED007AB3
:1022600000F2A282122800F29F8200EBC00300EB72
:1022700043033B4404EB8303F1EE677AC3ED007A3A
:1022800095F8B53A002B40F03582012003F0DAFFD3
:102290000746002003F0D6FFD6ED007A9FED397A8D
:1022A000122F67EE877A00F27F82122800F27C827A
:1022B00000EBC00300EB4300384404EB8000C0EDAA
:1022C000007A022003F0BEFF122800F26D8200EBBC
:1022D000C00300EB4300384404EB8003F1EE4D6A89
:1022E000C3ED008A00F06082C3ED136A032003F09F
:1022F000A9FF122800F2588200EBC00300EB430351
:102300003B4404EB830282ED00CA00F04D821128A9
:1023100082ED138A00F04882C2ED26CA052003F040
:1023200091FF05F64C23D3ED007A12286CEE277A44
:1023300000F23A8200EBC00300EB43033B4404EBA2
:102340008302C2ED007A05F52562D2ED007A68EECF
:10235000277A00F0298204EB8302C2ED137A05F696
:102360005422D2ED007A11286CEEA77A00F01C827C
:1023700004EB8303C3ED267A95F8B53A002B40F0C1
:10238000E68101E031615136022003F05BFF074630
:10239000042003F057FF00EBC00300EB43033B4472
:1023A000112F04EB830300F20682102800F203824F
:1023B000C3ED00BAC3ED01AA83ED13BA83ED14AAED
:1023C00083ED269AC3ED279A062003F03BFFD5F84C
:1023D0002828022A40F3F581D5F82438033393FBEB
:1023E000F2F102FB113305EB431303F64403D3ED83
:1023F000007A12286BEEA77A00F2D68100EBC002B9
:1024000000EB420207EB020104EB8101C1ED007A0F
:10241000D3ED017A6BEE277A00F0C68102F1130149
:1024200007EB010C04EB8C0CCCED007AD3ED027AB7
:10243000112869EE277A00F0B78102F1260C07EB2C
:102440000C0004EB8000C0ED007AD3ED007A013778
:1024500067EEAAAA3A4404EB8202C2ED00AAD3EDC9
:10246000017A394427EE8AAA04EB810181ED00AAA2
:10247000D3ED027A674467EEA99A04EB8707C7EDAC
:10248000009A032003F0DEFE0746042003F0DAFE84
:102490008046052003F0D6FE8146062003F0D2FEDA
:1024A0008246072003F0CEFE0346D5F830071D46CE
:1024B00004F06EF9D0ED266AFFEE007A87EEA67A78
:1024C000122FD6ED006A27EE267A00F26D8107EB17
:1024D000870204EB021282ED007A90ED296AD6EDB4
:1024E000006A87EE867AB8F1120F27EE267A00F29C
:1024F0005B8108EB880204EB021282ED007A90ED1A
:102500002C6AD6ED006A87EE867AB9F1120F27EEB3
:10251000267A00F2498109EB890204EB021282ED6E
:10252000007A90ED2F6AD6ED006A87EE867ABAF1CE
:10253000120F27EE267A00F237810AEB8A0204EBAB
:10254000021282ED007A90ED326AD6ED006A87EED3
:10255000867A122D27EE267A00F2268105EB850277
:1025600004EB021282ED007A90ED276AD6ED006A44
:1025700087EE867A122F07F1010227EE267A00F005
:10258000138102EB820204EB021282ED007A90EDDD
:102590002A6AD6ED006A87EE867AB8F1120F08F142
:1025A000010227EE267A00F0FF8002EB820204EBA4
:1025B000021282ED007A90ED2D6AD6ED006A87EE68
:1025C000867AB9F1120F09F1010227EE267A00F09E
:1025D000EB8002EB820204EB021282ED007A90EDB6
:1025E000306AD6ED006A87EE867ABAF1120F0AF1E8
:1025F000010227EE267A00F0D78002EB820204EB7C
:10260000021282ED007A90ED336AD6ED006A87EE11
:10261000867A122D05F1010227EE267A00F0C48099
:1026200002EB820204EB021282ED007A90ED286A3E
:10263000D6ED006A87EE867A0237122F27EE267AC9
:1026400000F3B28007EB870704EB071787ED007AEA
:1026500090ED2B6AD6ED006A87EE867A08F10208C3
:10266000B8F1120F27EE267A00F39E8008EB880857
:1026700004EB081888ED007A90ED2E6AD6ED006A1A
:1026800087EE867A09F10209B9F1120F27EE267A50
:1026900000F38A8009EB890904EB091989ED007AB6
:1026A00090ED316AD6ED006A87EE867A0AF1020A69
:1026B000BAF1120F67EE267A76DC0AEB8A0A04EB8F
:1026C0000A1ACAED007A90ED347AFFEE006AC6EE7F
:1026D000877A0235122D96ED007A67EE877A63DCF1
:1026E000BDEC0C8B05EB850504EB0514C4ED007AFD
:1026F000BDE8F08704EB870000F5856200230360E6
:10270000C364C0F89830C0F8E430C0F83031C0F885
:102710007C31C0F8C831C0F81432C0F86032C0F85B
:10272000AC32C0F8F832C0F84433C0F89033C0F887
:10273000DC33136000F27442136000F5986213609A
:1027400000F20C5200F5AB60136003609DE504EBF2
:10275000870707F5856200233B60FB64C7F8983064
:10276000C7F8E430C7F83031C7F87C31C7F8C83152
:10277000C7F81432C7F86032C7F8AC32C7F8F8327D
:10278000C7F84433C7F89033C7F8DC33136007F257
:102790007442136007F59862136007F20C5207F554
:1027A000AB6713603B60EFE5094B0A4A0A484FF4F8
:1027B000B77108F067F9094B094A0A48842108F003
:1027C00061F9094B094A0A484C2108F05BF900BF3E
:1027D00078DF0208ECE00208A8E00208E4E1020861
:1027E00034E5020868E30208A4E30208D8E302081B
:1027F00048E40208000000002DE9F84F01232DED08
:10280000048B9246436000220023C0E90223044661
:102810008B4600F2146600F5E8690025002746F8AB
:10282000145C46F8105C46F80C5C46F8085C46F808
:10283000045CA6F84C7030464C220021643608F047
:10284000ADFA4E454FF00008E9D1CF4BC4F8383708
:10285000CE4BC4F83C3703F17F43C4F8403703F153
:102860007E4303F5570303F63D23C4F84437C84BB2
:10287000C4F84837C74BC4F84C37C74BC4F8503777
:1028800003F1CF739FEDBC8B03F5DF337733C4F8CF
:102890005437C24AC4F830B704F5EC63C4F834A71F
:1028A0002260C4F82C77202203ED028B002104F56E
:1028B000ED60C4F8607708F071FA04F5EE63202249
:1028C0001D6004F2747300211D6004F5EF6304F5CC
:1028D000F1601D6004F27C734FF07E561D6004F5BC
:1028E000F06304F5166B1D6004F2847304F5E76A67
:1028F0001D6008F053FA04F5F26320221D6004F213
:10290000947300211D6004F5F36304F5F5601D6008
:1029100004F29C73B0EE009A1D6004F5F46304F5B4
:10292000E9691D6004F2A4731D6008F037FA04F52C
:10293000F66348221D6004F2B47300211D6004F5A3
:10294000F76304F5FB601D6004F2BC731D6004F5C1
:10295000F8631D6004F2C4731D6004F5FA6303EDAF
:10296000028BC4F8D07708F019FA04F5026383EDFE
:10297000008B20220021C4F8287804F5036008F0B9
:102980000DFA04F6380320221D6004F63C030021F2
:102990001D6004F5046304F505601D6004F644033E
:1029A0001D6004F648031D6004F64C031D6008F02A
:1029B000F5F904F6580320221D6004F65C0300219B
:1029C0001D6004F5066304F507601D6004F66403EA
:1029D0001D6004F668031D6004F66C031D6008F0BA
:1029E000DDF904F6780300211D6004F67C0348221B
:1029F0001D6004F5086304F50A601D6004F6840395
:102A00001D6004F688031D6004F68C031D6004F548
:102A1000096383ED008BC4F8987808F0BFF904F5DA
:102A20000F6304F510601D605D6004F0F5FC04F5B3
:102A300011639FED538B1D6004F6141304F51760AA
:102A40001D6004F618131D6004F61C131D6004F5C8
:102A500012631D6004F624131D6004F628131E6023
:102A600004F62C131E6004F513631E6004F6341381
:102A70001E6004F638131E6004F63C131E6004F555
:102A800014631D6004F644131D6004F648131D60B2
:102A900004F5156383ED008BCBF80050CBF80450A0
:102AA00004F0BAFC04F5186204F51C63156004F622
:102AB000841204F62820156004F68812156004F6C6
:102AC0008C12156004F51962156004F694121560F5
:102AD00004F69812166004F69C12166004F51A6249
:102AE000166004F6A412166004F6A812166004F626
:102AF000AC12166004F51B62156004F6B412156082
:102B000004F6B81215601D605D6004F6C8131D6000
:102B100004F6CC131D6004F51D631D6004F6D41388
:102B20001D6004F6D8131D6004F6DC131D6004F567
:102B30001E631D6004F6E4131D6004F6E8131D60B7
:102B400004F6EC131D6004F51F631D6004F6F41316
:102B50001D6004F6F8131D6004F6FC131D6004F5F7
:102B600020631D6004F604231D6004F608231D6025
:102B700016E000BFAFF3008003000000FFFFFFFF7F
:102B800000000000000000000AD7233CCDCC4C3FE1
:102B90000000204100401C4623DBF93C5CED0208AC
:102BA00004F60C231D60DAED000A99ED000A04F525
:102BB00022638BED2C8BC9EE200A84F81C8AC4F8A2
:102BC000187A83ED008B04F0DBFBDAED000A99ED57
:102BD000000AC9EE200A04F6342004F0D1FB04F503
:102BE0002460DAED000A99ED000AC9EE200A04F02B
:102BF000C7FB04F64C2304F65C211D6004F5256335
:102C0000BDEC048B1D6004F65423214A1D6004F6BC
:102C1000582320461D600D6004F526610D6004F602
:102C200064210D6004F668210D6004F66C210D60CE
:102C300004F527610D6004F674210D6004F6782117
:102C40000D6004F67C210D6004F528610E6004F629
:102C500084210D6004F688210D6004F68C210D603E
:102C600004F529610E6004F694210D6004F69821A4
:102C70000D6004F69C210D6004F52A610E60DA6493
:102C80001A655A6584F8B07AA4F8B47ABDE8F88F6A
:102C9000002474490B7B23B1D0F834278B689A4207
:102CA00000D0704710B4D0F8D027D0F8C847A2425F
:102CB0001EDAD0F8CC47D1F80CC0013404EB440341
:102CC00000EBC3030132C0F8D027C0F8CC470A6834
:102CD0004C688868C3F8E007C3F8E4C7C3F8D8278E
:102CE000C3F8DC470A69C3F8E8275DF8044B70476E
:102CF000D0F8CC37D1F80CC0013393FBF4F204FBCD
:102D0000123303EB430200EBC2020C68C0F8CC376D
:102D100048688B68C2F8E037C2F8E4C7C2F8D84701
:102D2000C2F8DC070C69C2F8E847DEE72DE9F04F8E
:102D300001F5166693B032680260726842608C4694
:102D400000F110020546009200F1200900F12C0765
:102D50000CF6A4123830019004920CF51B6005F1BA
:102D600044020CF6C81E01F5186A01F68C1803928D
:102D70000690CDF820E005F1980005F1680E05F108
:102D8000A40201F5176301F69811029105F15004B0
:102D9000CDF81CE00E900CF6D41E10920FCB0594CB
:102DA000CDF828E00CF6F81405F1740ECDF824E007
:102DB0000F940CF51E6E0CF60424CDF830E011943F
:102DC00005F1800E009CCDF82CE00CF6EC1E84E89A
:102DD0000F00CDF834E09AE8070089E8070098E88A
:102DE000070087E807000299019B07C983E80700ED
:102DF000049B93E80700039B83E807000CF51C6B1A
:102E00000698DBF80040DBF8043007C8059F87E828
:102E10000700089A6B6607CA079B2C6683E80700C1
:102E20000A9C099B94E8070083E807000C980B9B19
:102E300007C883E807000D990E9BDCF8184A9CF838
:102E40001CCA07C905F18C0E8EE807000F9A07CA45
:102E5000D6E92C6783E80700119B93E80700109BD5
:102E600083E807002846C5E92C67C5F8B84085F80F
:102E7000BCC013B0BDE8F08F38B500F5EC62044675
:102E8000D2E90201D4F86037D4F85C572DED028BFB
:102E9000C4F8283804F50263C4F82458C3E90401CF
:102EA00004F5EE6004F638010068086004F27471FD
:102EB000086804F63C01086004F5EF61086804F551
:102EC0000461086004F27C71086804F6440108603B
:102ED00004F5F061086804F64801086004F28471A2
:102EE000086804F64C010860D2E90A01C3E90C0144
:102EF00004F5F26004F658010068086004F2947169
:102F0000086804F65C01086004F5F361086804F5DC
:102F10000661086004F29C71086804F664010860A8
:102F200004F5F461086804F66801086004F2A4710D
:102F3000086804F66C01086092ED127B83ED147B47
:102F400004F5F66004F678010068086004F2B472D3
:102F500004F67C0312681A6004F5F763D4F8CC0712
:102F60001A6804F508631A6004F2BC731A6804F660
:102F700084031A6004F5F8631A6804F688031A607B
:102F800004F2C4731A6804F68C031A60D4F8D827C4
:102F9000D4F8DC37C4F8A028D4F8D027D4F8E41744
:102FA000C4F8A438C4F89828D4F8E037D4F8E8274F
:102FB000D4F8F4C7C4F89408C4F8A838C4F8B02802
:102FC000D4F8F037C4F8AC18D4F8F817D4F80828B7
:102FD000C4F8D028D4F81828C4F8E028D4F80C286D
:102FE000D4F8FC07C4F8B838C4F8C018D4F80038CE
:102FF000D4F81018C4F8D428D4F81428C4F8C83861
:10300000C4F8DC28C4F8BCC8C4F8D818C4F8C4088C
:1030100004F6282004F0C6F904F63420F0EE408AC5
:1030200004F0C0F904F52460B0EE408A04F0BAF967
:1030300004F64C2204F52563C2ED008A83ED008A74
:10304000BDEC028B04F6542484ED000A38BD00BFA9
:1030500070B5044600F6582204F65C25002390F86B
:10306000B46A13602B6004F526654FF07E502B6028
:1030700004F6642527492B6004F668252B6004F6C6
:103080006C252B6004F527652B6004F674252B60F6
:1030900004F678252B6004F67C252B6004F5286562
:1030A000286004F684252B6004F688252B6004F63E
:1030B0008C252B6004F52965286004F694252B6087
:1030C00004F698252B6004F69C252B6004F52A63F2
:1030D00000251860D1641165516584F8B05A06B9AD
:1030E00070BD4FF0FF33C4F85C37C4F8CC3704F63A
:1030F0002820C4F86057C4F8D05704F06BF904F6E0
:10310000342004F067F904F5246004F063F984F8CE
:10311000B45A70BD002474492DE9F04F2DED068B93
:1031200091B00446002700F11009209D0760F7EEDA
:10313000008A476048461E468B46924604F06CF96A
:1031400027626762A762E76227636763C4ED0E8A3E
:10315000C4ED0F8AC4ED108AC4ED118AC4ED128A41
:10316000C4ED138A27656765A765D5ED017A05F17A
:103170001007F1EE677AC4ED007A384604F038FAA9
:103180003846F0EE409A04F03FFA3846B0EE408AF6
:1031900004F028FA3846B0EE409A04F02FFA384688
:1031A00020EE499A04F02AFA3846B0EE40AA04F01C
:1031B0002BFA3846A9EE889A0DF1270828F00F0857
:1031C000F0EE409A04F00EFA3846B0EE408A04F071
:1031D0000FFA384628EE008A04F00AFA3846F0EE74
:1031E00040AA04F005FA3846AAEE298AB0EE40AAB1
:1031F00004F004FA3846F0EE409A04F0FFF969EE64
:10320000809ADBED016A9BED007ADBED025AEAEE73
:103210008A9A08F1100203A978EE087A39EE099A21
:1032200067EEA67AB0EE006AF0EE686AE9EEC66A6A
:1032300010460192E7EE097A9FED687AE5EEA67AEC
:10324000B6EE006A77EE877AC4ED017ADAED006AAD
:103250009AED017ADAED027A66EE866A27EE067A50
:1032600067EE867ACDED036A8DED047ACDED057AB1
:1032700004F0E0F8019A3946404604F01DF998E858
:103280000F0089E80F0096ED006AD5ED086AFFEEA1
:10329000007A87EE867A204627EE267A84ED087A31
:1032A00096ED036AD5ED0B6A87EE867A27EE267ACD
:1032B00084ED0B7A96ED066A95ED0E7AC7EE866A76
:1032C00037EE687A27EE267A84ED0E7A96ED096A53
:1032D000D5ED116A87EE867A76EEE86A27EE267AD1
:1032E00084ED117A96ED0C6AD5ED146A87EE867A34
:1032F00027EE267A84ED147A96ED016AD5ED096AF7
:1033000087EE867A27EE267A84ED097A96ED046AAE
:10331000D5ED0C6A87EE867A27EE267A84ED0C7A54
:1033200096ED076AD5ED0F6A87EE867A76EEE86A43
:1033300027EE267A84ED0F7A96ED0A6AD5ED126AA9
:1033400087EE867A76EEE86A27EE267A84ED127AA0
:1033500096ED0D6AD5ED156A87EE867A27EE267A08
:1033600084ED157A96ED026AD5ED0A6A87EE867AC3
:1033700027EE267A84ED0A7A96ED056AD5ED0D6A78
:1033800087EE867A27EE267A84ED0D7A96ED086A26
:10339000D5ED106A87EE867A76EEE86A27EE267A11
:1033A00084ED107A96ED0B6AD5ED136A87EE867A76
:1033B00076EEE88A67EE288AC4ED138A96ED0E6AE7
:1033C000D5ED166A87EE867A67EE267AC4ED167A10
:1033D00011B0BDEC068BBDE8F08F00BFCDCC1C4119
:1033E0002DE9F04F1F462DED068BB1EE087A80EEE9
:1033F000079AADF5057D0D4600F13801039000F107
:10340000200900F12C0E0491103307F1200A07F176
:103410002C0807F1380B07EE102A3A6802607A6828
:10342000426000F11002164609920246114607F169
:10343000440002F1440407F150020690079201F1A2
:10344000500C0FCB86E80F009AE8070089E80700C8
:1034500098E807008EE8070005949BE80700049BA6
:1034600083E807000698059B07C883E80700079ACA
:10347000AB6807CAF0EE087AF6EE008A002BC0EEC1
:10348000279A8CE8070060EE288A40F33481009781
:10349000696801310DF1370491FBF3F203FB12115E
:1034A00024F00F04490104F5C07901F12402183118
:1034B0002A4417EE103A2944484617EE106AB0EE37
:1034C000408AFFF729FE4946B0EE490A204603F03C
:1034D000B5F80398214602F021FFAA68012A40F3BB
:1034E0000A816B6803F1020898FBF2F302FB138870
:1034F0004FEA481804F1600BB0EE680A08F1180AA8
:103500004946584603F09AF8AA443A465946204696
:1035100008F1240802F094FFA844514604F5907A7B
:103520004246334650460094FFF7F6FD5146B0EE52
:10353000690A204603F082F80398214602F0EEFE65
:10354000AA68012A40F3D7806B6803F1020898FB50
:10355000F2F302FB13884FEA481804F1C0020AEEA6
:10356000102A08F11803B0EE680A2B4410465146A1
:10357000049303F063F81AEE101A3A46584602F024
:103580005FFF08F12408049BCDF800B0A844424630
:10359000194620463346FFF7BFFD2368C4F8803143
:1035A00004F120026368049204F12C0004F1380154
:1035B00004F1500208EE906A04F11006059006919D
:1035C000C4F88431089296E80F0004F5C87C8CE8B2
:1035D0000F00049A07CA04F5D07383E80700059822
:1035E00007C804F5D67383E80700069904F1440878
:1035F000CDF81C8007C9079B04F5DC7E8EE8070028
:1036000093E8070004F5E27888E80700089A07CAFB
:1036100004F5E87383E80700B0EE690A49462046DE
:1036200003F00CF80398214602F078FEAA68022AFB
:1036300061DD6B68033393FBF2F002FB10335B0137
:10364000B0EE480A1AEE100A494603F1180824336E
:10365000A8441D4402F0F2FF1AEE101A3A465846EA
:1036600002F0EEFE18EE903A2A4641462046CDF88A
:1036700000B0FFF751FD2368C4F820316368C4F837
:10368000243196E80F0004F5987585E80F00049A38
:1036900007CA04F5A07989E80700059807C804F56A
:1036A000A67888E80700069907C904F5AC7E8EE87D
:1036B0000700079B93E8070004F5B27C8CE807003D
:1036C000089A07CA04F5B87787E80700B0EE490AF8
:1036D0005146204602F0B2FF2146039C204602F0EC
:1036E0001DFE099803F094FF20460DF5057DBDEC05
:1036F000068BBDE8F08F034B034A04486D2107F0A9
:10370000C1F900BFA4E3020828E6020848E4020861
:10371000F0B52DED028BA5B00DF1270424F00F04B8
:103720000026054604F1100738462660666003F05F
:1037300073FED5F8282826624FF07E53022A66626F
:10374000A662E66226636663A363E363236463643D
:10375000A364E36426656665A66540F33481D5F805
:103760002438033305F5026693FBF2F102FB1133B3
:1037700006EB431393ED080A93ED077AD3ED067A2F
:1037800020EE000AA7EE070AA7EEA70AB5EE400A48
:10379000F1EE10FA00F12281B1EEC08A05F64C2359
:1037A000D3ED007ADFED936A05F5256393ED007A9A
:1037B00005F6542393ED000A20EE000A38EE668ADF
:1037C000A7EE070AB0EEC88AA7EEA70AB5EE400A30
:1037D000F1EE10FA00F1FD80F1EEC07A05F23C73D3
:1037E00093ED007AB4EEC87AF1EE10FA00F1E680BB
:1037F000DFED806A77EEE67AF0EEE77AB4EEE77A0C
:10380000F1EE10FA00F1DA80D5F828189FED7A8AE7
:1038100000298DED018A8DED028A40F3D480D5F820
:103820002408421C92FBF1F301FB132206EB421227
:10383000012902F1180200F0C680831C93FBF1FC01
:1038400001FB1C3306EB4313022903F1180300F0BC
:10385000BA80033093ED005AD3ED015A93ED026A1A
:10386000D2ED006A90FBF1F392ED017AD2ED027A8B
:1038700001FB130006EB4016D6ED064A76EE856A8C
:1038800037EE257A96ED075AD6ED085A77EE867A06
:1038900076EEA46A9FED596A37EE057A77EEA57A3F
:1038A00066EE866A27EE067A67EE867A02AA01A994
:1038B00003A804F16006CDED036A8DED047ACDED29
:1038C000057A04F045FF3046DDED020A9DED010A60
:1038D000B0EE481A04F070FF96E80F00D5F898C8CB
:1038E000BCF1020F87E80F007DDDD5F89438033373
:1038F00093FBFCF10CFB113305F5096203EB430369
:1039000002EBC30393ED080A04F09AFEB4EE400AFA
:10391000F1EE10FA52D605F5106205F50F6327692E
:1039200083ED000A83ED018A176005F604126669CB
:10393000166005F60812A169116005F60C12E0691F
:10394000106005F5116105F6141281ED008A05F687
:10395000181082ED008A05F61C1280ED008A05F52C
:10396000126182ED008A05F6241281ED008A05F6C7
:10397000281082ED008A05F5136105F62C124FF030
:103980007E530360136005F638100B6005F63412A1
:1039900005F63C111360036005F514620B6001200D
:1039A00005F6441305F6481582ED008A83ED008A7A
:1039B00085ED008A25B0BDEC028BF0BD002025B05E
:1039C000BDEC028BF0BD0E4B0E4A0F484C2107F0A8
:1039D00059F805F0ABFDF0EE407AFFE605F0A6FDE4
:1039E000B0EE408ADAE6064B084A07484C2107F059
:1039F00049F800BFCDCC1C4100000000ABAAAA3E94
:103A0000A4E30208D8E3020848E40208B8E4020884
:103A10002DE9F043044695B0D0F8300702F0B8FE27
:103A20000546002002F00EFCD5ED007A122867EE64
:103A3000A77A00F2488114AB03EB800343ED137ABD
:103A4000012002F0FFFBD5ED017A122867EEA77A7C
:103A500000F2398114AB03EB800343ED137A0220AB
:103A600002F0F0FBD5ED027A122827EEA77A00F2D9
:103A70002A81D5ED037A14AB03EB800367EEA77AB6
:103A80004FEA800003ED137A00F01D8100F150032E
:103A90006B4443ED127A032002F0D4FB81460420EC
:103AA00002F0D0FB8046052002F0CCFB0746062042
:103AB00002F0C8FB0646072002F0C4FBD5ED057AEC
:103AC000B9F1120F27EEA77A00F2FD80D5ED087A42
:103AD00014AB03EB8903B8F1120F67EEA76A03ED8D
:103AE000137A00F2F080D5ED0B7A14AB03EB880368
:103AF000122F27EEA77A43ED136A00F2E480D5ED8A
:103B00000E7A14AB03EB8703122E67EEA77A03ED50
:103B1000137A00F2D88095ED117A14AB03EB86038B
:103B2000122827EE077A43ED137A00F2CC80D5ED08
:103B3000067A14AB03EB8003B9F1120F03ED137A8D
:103B400067EEA76A09F1010300F0BD80D5ED097A9F
:103B500014AA02EB8303B8F1120F43ED136A27EEA8
:103B6000A77A08F1010300F0AE80D5ED0C7A02EBE4
:103B70008303122F03ED137A27EEA77A07F10103CF
:103B800000F0A180D5ED0F7A02EB8303122E03ED36
:103B9000137A27EEA77A06F1010300F09480D5EDA1
:103BA000127A02EB8303122803ED137A27EEA77A29
:103BB00000F1010300F08780D5ED077A09F10209D1
:103BC00002EB8303B9F1120F03ED137A27EEA77A04
:103BD00079DCD5ED0A7A08F1020802EB8909B8F11F
:103BE000120F09ED137A27EEA77A6CDCD5ED0D7A6A
:103BF000023702EB8808122F08ED137A27EEA77A16
:103C000061DCD5ED107A023602EB8707122E07ED44
:103C1000137A27EEA77A56DCD5ED137A023002EB41
:103C20008606122867EEA77A06ED137A4BDC02EBC4
:103C3000800343ED137A40F2A452002104F11000F6
:103C400007F0ACF8029B2366019A069B2261C4F838
:103C5000A03103980499059A0A9BC4F8B000C4F8EF
:103C60000011C4F85021C4F8E03207980899099A65
:103C7000C4F8F00104F58463C4F84012C4F890223B
:103C80000B980C990E9A0D9DC4F83003C4F880135C
:103C9000C4F8D05304F58E611A6004F59863109A45
:103CA0000F9808601A6004F5A262119810601299CA
:103CB000139B04F5AC6204F5B66401201160236027
:103CC00015B0BDE8F083034B034A044840F2AB1142
:103CD00006F0D8FEA4E60208C4E60208A8E002083E
:103CE000D0F82028D0F828389A4200D07047D0F871
:103CF0009828D0F890389A4210B5044600D010BDEC
:103D0000FFF706FD0028FAD02046FFF781FE0028C5
:103D1000F5D0D4F82818022913DDD4F82438033359
:103D200004F5026293FBF1F001FB103302EB431345
:103D3000D3E9040104F515620223C2E900016360BE
:103D400010BD034B034A04484C2106F09BFE00BF04
:103D5000A4E30208D8E3020848E402082DE9F04190
:103D6000D0F898282DED048B022A94B07FDDD0F88E
:103D70009438033393FBF2F102FB113303EB43035B
:103D800000F5096505EBC305D5E90467D0F8202ADD
:103D9000D0F8243A9F4208BF964200F522680446B4
:103DA0001BD0D0F85009D4F85419B04271EB070376
:103DB00013D3801B61EB0701E4F778FEDFED327A65
:103DC00007EE100A04F2547367EE277A93ED007A37
:103DD000B4EEE77AF1EE10FA04DA14B0BDEC048B1D
:103DE000BDE8F08195ED088AB0EE480A04F028FCA1
:103DF000F0EE408AB0EE480A04F05CFCF4EE408A33
:103E0000F1EE10FAB0EE408AE7D64C22002101A86C
:103E100006F0C4FF002002F015FA12282DD814ABCA
:103E200003EB8000B7EE009A00ED139AD4F8340744
:103E300002F0D8FC04F24473D3ED001A28EE088A8D
:103E400004F50F63B0EE021AA8EE001A01A90022D1
:103E5000C9EE211A04F5C060D3ED000AB0EE680A7D
:103E6000FDF748F8C4F8206AC8F80470B5E7074BB6
:103E7000074A08484C2106F005FE074B074A084848
:103E80004FF4B77106F0FEFDBD378635A4E3020896
:103E9000B8E4020848E4020878DF0208B0DF02084C
:103EA000A8E0020870B50546002002F0CBF90446F0
:103EB000012002F0C7F9122C00F2BE8005F1100EAD
:103EC00004EB840695F8B53A0EEB0616D6ED007AAB
:103ED000002B40F0A38005F24C7393ED007AB4EE12
:103EE000E77AF1EE10FA00F29880012385F8B53AEE
:103EF000C4EB847206EB82026FF0470101FB042CD5
:103F00000CF585650023136053609360D3601361E3
:103F100053619361D361136253629362D3621363FB
:103F200053639363D363136453649364CCF8003096
:103F3000CCF84C30CCF89830CCF8E430CCF83031B8
:103F4000CCF87C31CCF8C831CCF81432CCF86032E3
:103F5000CCF8AC32CCF8F832CCF84433CCF890330F
:103F6000CCF8DC332B600CF2744500EBC0042B6002
:103F70000CF5986500EB44042B600CF20C550CF525
:103F8000AB6C12280EEB84022B604FEA8404CCF851
:103F9000003058D801FB0020136053609360D36059
:103FA000136153619361D361136253629362D3626D
:103FB000136353639363D36313645364936400F58F
:103FC00085620360C364C0F89830C0F8E430C0F87C
:103FD0003031C0F87C31C0F8C831C0F81432C0F8B4
:103FE0006032C0F8AC32C0F8F832C0F84433C0F8E0
:103FF0009033C0F8DC33136000F274420444136061
:1040000000F59862136000F20C5200F5AB6013608B
:104010000360104A104B3260236070BD05F24C7390
:1040200093ED007AB4EEE77AF1EE10FA7FF760AF25
:10403000002385F8B53A70BD084B094A09484FF48A
:10404000B77106F01FFD084B084A0948842106F0A5
:1040500019FD00BF4054094B00C8AF4778DF020884
:10406000ECE00208A8E00208E4E10208ACE702087C
:1040700068E3020810B50446FFF714FF022002F0BF
:10408000E1F8122839D804F1100200EB800304F59E
:10409000EA6102EB0313D1ED007A93ED007AB4EEFE
:1040A000E77AF1EE10FA08DC122826D093ED147AA4
:1040B000F4EEC77AF1EE10FA1ED50120606004F626
:1040C0004C20002200234FF0FF31C4F82418C4F81C
:1040D0009418C4F82838C4F8983804F654210260BB
:1040E00004F5256002600A60002004F515620021D5
:1040F000C2E9000184F8B53A10BD034B034A0448F5
:104100004FF4B77106F0BEFC78DF0208ECE002085D
:10411000A8E0020810B483B0046801918168019B93
:104120004268A1421CDA013293ED007B5401013157
:10413000C0E9012104F11002044484ED047B104421
:104140009A688260DA68C2601A6902615A694261DB
:104150009A698261DB69C36103B05DF8044B704703
:10416000013293ED007B92FBF4F104FB112251012B
:10417000426001F11002014481ED047B1044DFE74D
:104180000B7B4BB110B5D0F830278B689A4288B0C2
:10419000044602D008B010BD704791ED007B0A695B
:1041A0004B69C869D1F818C0029203930A6A4B6A36
:1041B0000590694604F5EB608DED007BCDF810C0ED
:1041C00006920793FFF7A6FF9DED020A04F628204A
:1041D00003F0ECF89DED030A04F6342003F0E6F852
:1041E0009DED040A04F5246003F0E0F808B010BD6A
:1041F0002DE9F04F2DED028B00F51563D0F82888DE
:104200009FED698A9FED667BC9B000211A4600F6D2
:104210005827884587ED008A0093CDE92611D0F80C
:10422000503917911F91149116918DED188A8DEDCB
:10423000198A8DED1A8A8DED1B8A8DED1C8A8DED04
:104240001D8A1E918DED208A8DED218A8DED228AA9
:104250008DED238A8DED248A8DED258A8DED288ABA
:104260008DED298A8DED2A8A8DED2B8A8DED2C8A94
:104270008DED2D8A80F8B01A52688DED127B40F3D7
:104280001184D0F824B800F5026A04460BF101004D
:1042900090FBF8F608FB16000AEB4010D0E904602A
:1042A0000DF1C705824208BFB34225F00F0500F0AB
:1042B0007683B8F1010F00F0F5830BF1020999FB49
:1042C000F8F108FB11990AEB4911D1E904018A427E
:1042D00008BF83424FEA491900F09182B8F1020FFA
:1042E00000F0E0830BF1030B9BFBF8F108FB11B826
:1042F0000AEB4811D1E904014FEA4818834208F15A
:10430000100872EB010312AE0AEB08013046C0F050
:104310007C83FFF7FFFED4F82818022940F3C283FC
:10432000D4F82438033393FBF1F201FB12330AEB88
:10433000431110313046FFF7EDFED4F8281802295A
:1043400040F3B083D4F82438033393FBF1F201FB3C
:1043500012330AEB431110313046FFF7DBFE009BAE
:10436000D4F80880D4F850095968D4F80C90B8EB08
:10437000000069EB0101E4F799FBDFED0C7A009B8B
:1043800007EE100A67EE277AC7ED007AC4F8508965
:10439000C3F80490012384F8B03A0BE0AFF3008037
:1043A00003000000FFFFFFFF00000000BD3786355F
:1043B000ABAAAA3E149904F62813002993ED003AFB
:1043C0000093139B40F36E835A1C04F5116892FB13
:1043D000F1F001FB102206EB421204F62C1098EDCE
:1043E000005AD2ED065A90ED002A069004F51360AB
:1043F000D0ED002A0790F0EE457A04F63810E3EE8F
:10440000257A04F61C1904F6341B90ED004A92ED4F
:10441000076AC2ED067A04F63C10D0ED004AD2EDF0
:10442000086A92ED097ADBED003AD2ED0A1A92EDB4
:104430000B1A04F61410D0ED005A0490F0EE657AD1
:10444000E6EE027A04F61810059090ED006AC2EDCF
:10445000077AF0EE467AE6EEA27A04F512600129B8
:10446000D9ED006AC2ED087AF0EE667AE7EE237ABB
:1044700090ED007AC2ED097AF0EE477AE1EE847AA7
:1044800004F62410C2ED0A7AD0ED007AF0EE671A35
:10449000E1EE241AC2ED0B1A00F004839A1C92FB81
:1044A000F1F001FB102206EB421292ED078A92ED29
:1044B000081AD2ED091A92ED0A0AF0EE650AE8EE42
:1044C000020A0229C2ED070AF0EE460AE1EE220ACC
:1044D000B0EE661AA1EEA31AF0EE471AE0EE041A47
:1044E000C2ED080AC2ED0A1AD2ED0B1AD2ED060A85
:1044F00082ED091AB0EE671AA1EEA41AF0EE451A81
:10450000E3EE201A82ED0B1AC2ED061A00F0CA8201
:10451000033393FBF1F201FB123306EB4313D3EDAC
:10452000071A93ED080A93ED091AD3ED060AD4F899
:104530003007E1EE825AD3ED0A1A93ED0B2AC3ED50
:10454000075AA0EE226AA3EE205AE1EE236AA1EEFA
:10455000847AE2EE247A83ED065A83ED086AC3ED8D
:10456000096A83ED0A7AC3ED0B7A02F011F997ED2F
:10457000000A04F50F6700F198023B4628463146D1
:10458000FEF72EFF2A683A606A687A6005F12C010E
:1045900005F1200205F1380005F1100301920291A6
:1045A00003900FCB04F5106C8CE80F00019A07CA3A
:1045B00088E80700029907C989E80700039807C837
:1045C000009B05F1440E83E807009EE80700503584
:1045D0008BE8070095E8070094F8B53A04F5146BEA
:1045E0008BE8070023B104F6F40200233B6013605C
:1045F0001498002840F35682139B591C91FBF0F24B
:1046000000FB121106EB4111012801F1180100F025
:1046100049829A1C92FBF0F500FB152206EB421230
:10462000022802F1180200F03D82033392ED005A95
:10463000D2ED015A92ED026A93FBF0F200FB1230C8
:104640004001D1ED006A91ED017AD1ED027A00F1DD
:1046500018033344D3ED004A76EE856A37EE257AA7
:1046600093ED015AD3ED025A77EE867A76EEA46A7C
:104670001FEDB16A37EE057A77EEA57A66EE866AA7
:1046800027EE067A04F65C23C3ED006A67EE867AAD
:1046900004F5266383ED007A04F66423C3ED007A03
:1046A00004F66823C3ED004A243004F66C2383ED3E
:1046B000005A064404F52763C3ED005A04F6742338
:1046C00035681D6004F678237068186004F67C2352
:1046D000B2681A60614608A808AD04F0D5F80FCD9D
:1046E00004F52866D4F828780FC60FCD0FC6022F20
:1046F0002B68336040F3D681D4F82438033393FB1E
:10470000F7F207FB12370AEB471797ED080A97ED08
:10471000077AD7ED067A20EE000AA7EE070AA7EE81
:10472000A70AB5EE400AF1EE10FA00F1C181F1EEF0
:10473000C07A04F6A42304F6542504F5256604F68D
:104740004C279FEDE37A77EEC77AC3ED007AD5ED7B
:10475000005A96ED006AD7ED006A25EEA50AA6EE8E
:10476000060AA6EEA60AB5EE400AF1EE10FA00F12E
:10477000A481B1EEC07A04F6A8239FEDD55A37EE96
:10478000457A83ED007A079BD3ED003A059BD3ED84
:10479000007A069B93ED003A009B93ED004A049B40
:1047A000D3ED004AE3EEA57A04F52A63F0EE645AED
:1047B000D3ED003AE3EE065A04F69423D3ED004A13
:1047C00098ED006A67EEA37AA4EE266A04F68823C1
:1047D00004F6AC24E5EEA47AD3ED006AE6EE267A80
:1047E00077EE857A77EE677AF0EEE77A67EE857A8C
:1047F000C4ED007A49B0BDEC028BBDE8F08FB8F192
:10480000020F00F04F810BF1030B9BFBF8F308FB49
:1048100013B80AEB481812AED8F81030181AD8F8A6
:10482000143063EB0101E4F741F9DFEDAA7A07EEFA
:10483000100A67EE277A09F110013046C7ED007AB9
:104840005144FFF767FCD4F828088DED0A8A00224E
:1048500000230128CDE908238DED0B8A8DED0C8A0C
:104860008DED0D8A8DED0E8A8DED0F8A40F31A8144
:10487000D4F82438991C91FBF0F200FB12114A1C69
:10488000520102F1040C0228D44400F00B81083AD2
:104890005244D7ED007A9FED907AD2ED005A92ED16
:1048A000016AD2ED026A9CED004ADCED014A9CED02
:1048B000025A033393FBF0F200FB123367EE877A60
:1048C00001335B010AEB4111FCEEE77A1A1D083B4C
:1048D0005244534492ED001AD2ED011A92ED022A8D
:1048E000D3ED002A93ED013AD3ED023A0A6917EEAF
:1048F000903A34EE014A9B1874EEA14A35EE025A02
:1049000075EEA25A36EE036A76EEA36AB6EE007A28
:1049100008934B6924EE074A64EE874A25EE075A4E
:1049200065EE875A26EE076A26EE877A43F1000382
:1049300008A930468DED0D4ACDED0E4A8DED0F5A8A
:10494000CDED0A5A8DED0B6A8DED0C7A0993FFF7C8
:10495000E1FBD4F82818022940F3A480D4F82438C5
:10496000033393FBF1F201FB12330AEB43111031D5
:104970003046FFF7CFFBD4F82828022A40F3928074
:10498000D4F82438033393FBF2F102FB11330AEB22
:104990004313D3E904230099C1E900230AE5B8F1E0
:1049A000020F7FDD89460BF1030191FBF8F008FB54
:1049B00010110AEB411112AE08694969C01A61EB86
:1049C0000201E4F773F8DFED437A07EE100A67EEB1
:1049D000277A4346C7ED007A59464944013191FB95
:1049E000F3F203FB12110AEB411109F10109103135
:1049F0003046FFF78FFBB9F1030FBCD0D4F828384D
:104A000099454FDAD4F82418E7E7FFF783FBD4F889
:104A10002818022946DDD4F82438033393FBF1F239
:104A200001FB12330AEB431110313046FFF772FBE2
:104A3000D4F82818022935DDD4F82438033393FB41
:104A4000F1F201FB12330AEB431110313046FFF74C
:104A500061FBD4F82828022A24DDD4F8243803F195
:104A6000030898FBF2F302FB13880AEB4818D4F80A
:104A70005039D8F81000D8F81410C01A009B5B68A1
:104A800061EB0301E4F712F8DFED127A009907EE0B
:104A9000100A67EE277AC7ED007AD8E90423C1E946
:104AA000002387E40D4B0E4A0E484C2105F0EAFF27
:104AB00004F03CFDF0EE407A3BE604F037FDD7ED24
:104AC000006A96ED006AD5ED005AB0EE407A52E6E3
:104AD000CDCC1C41BD3786350024F448A4E3020840
:104AE000D8E3020848E4020870B5D0E90645AC42B4
:104AF00006460AD023681846DBB121691434C91A66
:104B000004F0CCFAA542F5D1B56925B1316A284641
:104B1000491B04F0C3FAF06818B17169091A04F06E
:104B2000BDFA306818B1B168091A04F0B7FA304616
:104B300070BD1434A542DDD1B569E6E72DE9F04F2B
:104B40000128C3B008D06248FFF7CEFF6148FFF7E5
:104B5000CBFF43B0BDE8F08FDFF88CA15E4EBAE822
:104B60000F002AAD0FC59AE80F00AAF1100C85E8D6
:104B70000F0001AB0593BCE80F000DF18809A9E80F
:104B80000F009AE80F0008242AAFCDE9207489E8C5
:104B90000F0012A84FF48071CDE93A04189110A8C3
:104BA0001AA9CDE93214CDE93C044C4A4C4B13937D
:104BB00016A90EA84FF0013BCDE93614CDE93E040D
:104BC0000DF160084FF0012E14A90CA8454BCDF84B
:104BD0005CE0CDE9142BCDE93814CDE90CB2CDF869
:104BE000D0800F93CDE91A6BCDE910B619963594A4
:104BF000CDF858B0CDF848B0CDF838B0CDE9400484
:104C0000059A32A82146CDE91C0482E8030022A8B7
:104C1000DDE920120346AAF1100800942D4802F0A5
:104C200059F9C646B8E80F00BC46ACE80F009AE850
:104C30000F0085E80F00BEE80F001A9722AF0FC7DC
:104C40009AE80F001B9489E80F0014A8329012A86C
:104C5000349010A836904FF001100E900EA83890A6
:104C60000CA83A900AA81E491E4B3C9008A83E90FA
:104C7000129122A80D91194A0C9332A9CDE918047A
:104C8000CDE90833CDE9146BCDE9106BCDE90A66A7
:104C90003394CDF84CB035943794CDF83CB0CDF882
:104CA00018B039943B943D943F940792169106A90D
:104CB0004091179416A9034603C9059A419482E8C6
:104CC00003001AAA06CA0248009402F003F940E75A
:104CD000C4130120A0130120010001010101010002
:104CE0000001010101010001F8BF02082DE9F04FA8
:104CF0005C689B4654F8043C8FB0122B02900A91DA
:104D0000039200F3A780DBF8105055F8043C122BF7
:104D100000F3A68040F2A452002106F03FF8DBF831
:104D20000030E41ADBF80C30EB1A0593A2109B104C
:104D3000002C0D92019324DD0026013A013BDA4656
:104D40000B920C93B346059B002B15DD4FEA8B03AA
:104D5000069304330993039B03F2A4534FF0000816
:104D6000089342465946504601F052FF68B1019BF4
:104D700008F101084345F4DC0D9B0BF1010B5B4589
:104D8000E1DC02980FB0BDE8F08F0B9CDAF8003040
:104D9000069ADAF80C109A5851F828C05C451CBFE6
:104DA000099C1B590C9C0CBFC2F113039B1A4FEAC0
:104DB0008800444517BF0918CCF1130E4968A1EBD0
:104DC0000C0E002BD3DD13440CEBCC0107930CEB42
:104DD00041010A9B114403EB8101039B03EB8C030C
:104DE0000493089B0EEB0C0603EB8C09029B049FBB
:104DF00003EB8205BEF1000F1ADD122A24D8BCF1A4
:104E0000120F21D8D5ED007A0CF101033C4608467B
:104E100004E00133142B00F14C0015D0B4EC017AFE
:104E2000D0ED006AE6EE877AB342C5ED007AF0D1A4
:104E30004C37B94505F14C05DCD1079B0132934253
:104E400001F10401D2D192E7084B094A09487621C1
:104E500005F018FE084B094A0948302105F012FEFA
:104E6000084B064A0648312105F00CFE78DF02089F
:104E7000A4EA0208A8E00208A0E80208DCE80208A8
:104E8000F0E9020864EA02082DE9F04F5C689B46ED
:104E900054F8043C91B0122BCDE90812069000F3AF
:104EA000C280DBF8105055F8043C122B00F3C1808F
:104EB00040F2A452002105F071FFDBF80030E41A43
:104EC000DBF80C30EB1A0593A2109B10002C0D920E
:104ED000049321DD0021013A013B00910A920B93DA
:104EE000DA46059B002B11DD009B9B0007930433E2
:104EF0000C934FF0000B00995A46504601F088FE83
:104F000070B1049B0BF1010B5B45F4DC009B0D9A27
:104F100001339A420093E4DC069811B0BDE8F08FAB
:104F20000A98009CDAF800200799DAF80C3052F859
:104F3000018053F82B100191A0421CBF0C9815580A
:104F40000B9A0CBFC8F11305A5EB08055A454FEAAB
:104F50008B0162D00B44019A5B689B1A02931C463A
:104F6000019A0999CDF838B002EBC20302EB430372
:104F7000434401EB830303930699089BCDF83CA0BF
:104F80004C2000FB083E00FB021113460020724635
:104F900004EB0309C8F1130683468A46029B002BE3
:104FA00027DD019FDDF80CC05446002D1ADDB8F155
:104FB000120F2CD8122F92ED007A28D8D4ED007A57
:104FC00070466146002304E0B34220D090ED137A8E
:104FD0004C30F1EC016AE6EE877A01339D42C4ED74
:104FE000007AF1D10137B9450CF14C0C04F14C04B5
:104FF000DBD10BF1010BBBF1130F0AF1040A0EF127
:10500000040E02F10402C9D1DDE90EBA79E70C4BB6
:105010000C4A0D48762105F035FD019BC3F11303C1
:1050200002931C469CE7094B094A0A486D2105F08A
:1050300029FD094B064A07486E2105F023FD00BFF4
:1050400078DF0208A4EA0208A8E00208BCEB020824
:10505000FCEB0208F0E9020814ED02080B6803F506
:10506000856203F14C0C4C3053F8041B40F84C1C87
:10507000996C40F8481CD3F8941040F8441CD3F8BD
:10508000E01040F8401CD3F82C1140F83C1CD3F839
:10509000781140F8381CD3F8C41140F8341CD3F808
:1050A000101240F8301CD3F85C1240F82C1CD3F8D6
:1050B000A81240F8281CD3F8F41240F8241CD3F8A6
:1050C000401340F8201CD3F88C1340F81C1CD3F874
:1050D000D81340F8181C52F8041B40F8141C916CAB
:1050E00040F8101CD2F8941040F80C1CD2F8E010D4
:1050F00040F8081CD2F82C1140F8041C9C45B2D191
:10510000704700BF2DE9F04302684549536AADF589
:10511000B55D8B4281B0064673D1916A4148424BDE
:10512000814275D1DFF80491126A019304AF3946C8
:105130003046904706F110080DF58750019B424616
:1051400039461C30FFF7D2FD0DF5875140F2A452CD
:105150001C310DF2B4500DF2B45405F0F7FD0DF60C
:10516000583541462246D2ED007AB1EC017A77EE0D
:10517000877AE2EC017A9542F5D10DF5875203A9C1
:105180001C320DF658300F60FFF768FF0DF58750A1
:105190004B460DF658320DF2B4511C30FFF774FE39
:1051A0000DF5875140F2A4521C3104A805F0CEFD44
:1051B000B9463A460DF2B453D3ED007AB2EC017A17
:1051C00077EE877AE3EC017A9D42F5D13368394670
:1051D000DB6930469847D4ED007AB9EC017A77EE76
:1051E000877AE4EC017AA542F5D140F2A4520DF29F
:1051F000B451404605F0AAFD0DF5B55D01B0BDE81E
:10520000F083984732680346916A0648814289D004
:105210000193304688473268019B814684E700BF8E
:105220008D0B0208950B0208A0130120C413012066
:105230002DE9F04F2DED028B93B004935368126863
:105240000D929F00C21EB7F5FA4F0E9001910C937C
:105250000F9240F24B81431E1093002305931A4690
:105260000F9B934240F39680013B11469A1A1F9B75
:105270000D98099201FB03F81E9B0A9703EB88081F
:105280008B1C07FB03030393CB1C07FB0303029355
:1052900022F003024B1D134406931F9B1B0107932F
:1052A0000C9B4FEA0319019B01FB070B01FB077ADB
:1052B0009B00DC46DDF87CB00893824401F1010ECE
:1052C000019B002B40F30381049B9FED877A089A92
:1052D0001B68DDE90240D518F0EE476AB0EE476A78
:1052E000F0EE475A0EF101070EF1020651466246F2
:1052F000F3EC017AF2EC013AB1EC014AF0EC014A2C
:10530000B4EC015A9D42E3EEA75AA4EE276AE4EEFC
:10531000A76AA5EE277AEBD1D8ED007A1E9B1E9ADC
:10532000E0EE257A07FB0BF706FB0BF603EB87078E
:1053300003EB8606079BC8ED007A9844039B4B4419
:105340000393029B4B4402930EFB0BF302EB83038C
:10535000D3ED007AE0EE067A0EF1040ECC44CA4496
:10536000C3ED007AD7ED007A069BE0EE267A73450E
:10537000C7ED007AD6ED007AE0EE077AC6ED007A46
:105380009ED1059A099B0A9F043223F0030313441C
:1053900005931A46109B93425ADD03F1FF3A1F9B77
:1053A00002FB03F41E9B03EB84040D9BAAEB020A91
:1053B00002FB07761E4402FB073702F1030E2AF0B8
:1053C00001039E441F9BCDF808A04FEAC3080C9B25
:1053D000DDE91EAB4FEAC30C019B551C4FEA830964
:1053E000019B002B6EDD049B9FED3F7A1B68F0EE66
:1053F000476A314609EB03003A46F3EC017AF2ECD6
:10540000015AB1EC016A9842E5EEA76AA6EE277A46
:10541000F3D1D4ED007AE0EE267A05FB0BF30AEB2C
:1054200083030235C4ED007AD3ED007AE0EE077A0B
:10543000AE45674466444444C3ED007AD0D1059B31
:10544000DDF808A002332AF0010A534405931A46F6
:105450000E9B934231DD9E461F9B0C990198DDF80F
:105460003490DDF810A0174602FB03F21E9B03EBFD
:1054700082021F9B01FB07F59B0086008C4680463D
:10548000B8F1000FDFED187A0CDDDAF8001009EB47
:1054900085007418B1EC017AF0EC016A8C42E6EEFA
:1054A000877AF7D192ED007AA0EE277A0137BE45D0
:1054B000654482ED007A1A44E2D113B0BDEC028B50
:1054C000BDE8F08F9FED087AF0EE476AA1E79FED07
:1054D000067A0EF10107F0EE476AB0EE476AF0EE89
:1054E000475A0EF1020617E700000000421E072887
:1054F00010927FF7B2AEA0F10803119323F00703D7
:10550000093305931F9B1F9ADDF878A003EB430333
:105510009B000A931F9B5B0109930C9B0AEB0219EA
:105520005A0108920D9A02EB03130293019B9B0010
:105530000B931F9B9B0007931F9BDB00069301238C
:1055400093460393019B002B40F39A80049B029C9B
:105550001FED1B7A0B981B680BEB470104EB47020E
:1055600000EB0308F0EE476AB0EE476AF0EE475AE8
:10557000B0EE475AF0EE474AB0EE474AF0EE473AEF
:1055800007EB0B0E07EB010C3E19BD185846F3EC68
:10559000017AF0EC018ABEEC018AF1EC010ABCEC64
:1055A000011AF4EC011AB6EC012AF2EC012AB5EC6E
:1055B000013A9845E8EEA73AA8EE274AE0EEA74A56
:1055C000A1EE275AE1EEA75AA2EE276AE2EEA76AF9
:1055D000A3EE277ADBD1DAED007A089B02990698D0
:1055E0000A9C039A099DE0EE237A194402910799D7
:1055F000CAED007A9B440AEB0103D3ED007AE0EE9A
:10560000047A08320392C3ED007A0AEB0003D3ED6B
:10561000007AE0EE247AC3ED007A0AEB0403D3EDBE
:10562000007AE0EE057AAA44C3ED007AD9ED007A5B
:10563000E0EE257A09EB0103C9ED007AD3ED007A9B
:10564000E0EE067AC3ED007A09EB0003D3ED007AB1
:10565000E0EE267AC3ED007A09EB0403D3ED007A7D
:10566000E0EE077AA944C3ED007A059B93427FF4EC
:1056700069AF119B23F00703083305931A46EFE542
:105680001FED677AF0EE476AB0EE476AF0EE475AD0
:10569000B0EE475AF0EE474AB0EE474AF0EE473ACE
:1056A00099E700BFD0F82C37002B40F313812DE988
:1056B000F0410025B6B00746002600F5C064A846B4
:1056C0004C22002122A81E961F9620962196ADF806
:1056D000D48005F063FB022D09DDD7F82C370135A6
:1056E000AB4204F16404EBDC36B0BDE8F081226823
:1056F00063681D921E93A268E3681F92209322693B
:10570000636921922293A269E36923922493226A16
:10571000636A25922693A26AE36A27922893226BF2
:10572000636B29922A93A26BE36B2C932B92226CCE
:10573000636C2E93E36C2D923093A26C636D2F9269
:105740003293226DE36D31923493A26D94F86130FF
:105750003392B4F8602094F86010ADF8D420002B98
:10576000BBD00029B9D109AB4C221846089305F0EB
:1057700015FB22AB0593012313210193069307F137
:1057800010030090B7EE000A039303AA05AB084686
:105790000491FFF74DFD089BDDED235A93ED014A7F
:1057A000DDED223A93ED001A9DED250ADDED244A48
:1057B000DDED2A6A9DED275A9DED296A9DED287A37
:1057C0009DED262ADDED2F2ADDED317A9DED2E3A75
:1057D000DDED2B0ADDED2D1A64EE255AE1EE235A9C
:1057E000D3ED033A93ED021AB0EE654A63EE805AA8
:1057F00093ED090AE1EE245AD3ED054A93ED041A1C
:10580000F0EE653AD3ED085A24EE855A65EEA65AB5
:10581000D3ED074AD3ED066AE4EE865AA1EE025AAA
:10582000E6EE875A93ED0F7AD3ED0D6A93ED0E2ACB
:10583000DDED2C4A93ED0A6A93ED0B1A66EEA26A2F
:1058400067EE277ADDED302AE2EE227A26EE246A30
:10585000F0EE454AB0EE655AD3ED125A93ED0C7A4C
:1058600093ED112AD3ED102AE7EE036AB0EE677AC2
:10587000DDED347A9DED323A65EEA77ADDED335AEF
:10588000E2EE257AA0EE206AE1EE216AE2EE837A6A
:1058900074EE235A76EE266A77EE277A34EE855A2E
:1058A00077EEA67A35EE255ADDED215A9DED1F6A79
:1058B00077EE857AB2EE027A77EEA57A26EE066A60
:1058C00067EE877AF4EEC67AF1EE10FA48BF84F8F4
:1058D000618002E7704700BF2DE9F04F2DED108B7E
:1058E00000F11003ADF6245D064640F2A4521946BD
:1058F00072A81D9305F02AFA3368194ADB6A9342AD
:1059000040F09384002386F8613686F8C53686F821
:105910002937C6F82C373046FEF720FA96F8B03A09
:10592000002B00F07D8406F2B4531C4630461593DC
:10593000FFF7B8FE4C220021204605F02FFAD6F8DA
:105940002C37002B40F35C8406F5C0674FF000084D
:105950004FF0000B0DF26C7A0DF618590BE000BFFA
:10596000A9180208D6F82C370BF1010B9B4507F15B
:10597000640780F2458400244C2221465EA8CDF8BD
:105980006881CDF86C81CDF87081CDF87481ADF867
:10599000C44105F003FABBF1020FE3DC3B68599305
:1059A0007B685A93BB685B93FB685C933B695D9330
:1059B0007B695E93BB695F93FB6960933B6A61930C
:1059C0007B6A6293BB6A6393FB6A64933B6B6593E8
:1059D0007B6B6693BB6B6793FB6B68933B6C6993C4
:1059E0007B6C6A93BB6C6B93FB6C6C933B6D6D93A0
:1059F0007B6D6E93BB6D6F93FB6D709397F8613009
:105A0000B7F86020ADF8C421002BABD0214620AC04
:105A10004C22204605F0C2F95EAB0094CAF8003073
:105A200072AB1321469301230193B7EE000ACAF823
:105A3000043046AA534608464791FFF7F9FBD4EDD8
:105A4000088A9DED665A94ED077A9DED654ADDED75
:105A5000686ADDED6B1ADDED647A9DED6A2AD4ED9E
:105A6000060A94ED0DBACDED046A28EE858AF0EEB3
:105A7000616AA7EE048A9DED671A9DED69DAD4ED9F
:105A800000FADDED5E2A94ED01FADDED5F4AD4ED1A
:105A900002EA9DED603A94ED03EA9DED616AD4ED72
:105AA00004DADDED623A94ED050ADDED635A94ED1A
:105AB000099AD4ED0A9A94ED0BAAD4ED0CAA8DEDB7
:105AC000052AA0EEA78A8DED077ACDED067AD4EDF2
:105AD0000EBADDED057ACDED0D6A6BEE266ADDEDD1
:105AE0006C1A9DED707ACDED021AEAEEA76AD4ED3C
:105AF000121ADDED6F7A8DED0CDAEAEE0D6A8DED9E
:105B00000A7A94ED11DACDED097A21EE877A2FEE3B
:105B1000242AADEE277A6EEE067AAFEEA22AEEEEDA
:105B2000837ADDED6DCA94ED0FCACDED03CA32EE76
:105B3000272A60EE257AD4ED10CA8DED0B1AEDEE12
:105B4000A37A77EE887A9DED048A37EE822A69EE91
:105B5000887A9DED038AE9EE017A9DED6E1A77EE63
:105B6000A66A6CEE087A9DED028A8DED081AEBEEBE
:105B7000887AACEE817A37EE877ADDED5C7A37EEA3
:105B8000267A37EE022A32EE272AB5EEC02AF1EE47
:105B900010FA7FF7E7AEF7EE007A87EE828A06F218
:105BA000D45306F5B76E06F5B865169406F5B960D8
:105BB00006F2BC5C06F2C45406F5BA6106F2CC5299
:105BC0009DED077A079306F5BB630E9306F2DC534F
:105BD0000F9306F5BC63109306F2E453119306F598
:105BE000BD63129306F2FC5328EE001A68EE2FFAFA
:105BF00028EE070A28EE0FFA68EE2EEA28EE0EEAE3
:105C000068EE2DDA68EE200A68EE288A28EE099AF6
:105C100068EE299A28EE0AAA68EE2AAA28EE0BBA9C
:105C200068EE2BBA28EE0CCA68EE2CCA28EE0DDA04
:105C3000139328EE218A159BDEED001A93ED002ABE
:105C40008DED140A64EEA14A8DED3A0AE2EE824A25
:105C5000CDED33FA8DED34FACDED35EA8DED36EA42
:105C6000CDED37DA8DED381ACDED390ACDED3B8A21
:105C70008DED3C9ACDED3D9A8DED3EAACDED3FAA3E
:105C80008DED40BACDED41BA8DED42CACDED43CA9E
:105C90008DED44DA8DED458A8DED172A95ED002ABC
:105CA000D0ED002A9CED000A079BDDED067A1C91E1
:105CB00026EE026A65EEA25AA3EE006A1B9294EDEC
:105CC000003ADDED046A8DED183AE3EE835A93ED68
:105CD000003AD2ED003A8DED1A3A74EE864A25EE7E
:105CE000035A91ED006A0F990E9A91ED003A8DEDED
:105CF000196AA4EE065A119966EE836AA7EEA35AB2
:105D00009DED0B6ACDED063A35EE855AD2ED005A7F
:105D1000109ACDED0B5A35EE247AB0EE665AA6EE07
:105D2000255ADDED5B4ADDED0D6ADDED055ACDED61
:105D3000044AF0EE457A92ED005A129AD1ED004AEB
:105D4000D2ED003ACDED0D4A66EEA36A9DED0C6AE8
:105D500013998DED055AE5EEA46A06F5BF62159B11
:105D6000D1ED005AE6EE056A06F5BE61D1ED004AB6
:105D70009DED025A77EEA66ADDED0A7ACDED0C6A4A
:105D800027EEA56AD2ED006ADDED097A0991A7EE4A
:105D9000A66A06F2EC510A92DDED037A91ED004A13
:105DA00067EEA47A06F2F452E5EE047A92ED005A18
:105DB000CDED027ADDED087AA7EE856ADDED027A97
:105DC00077EE867A9DED0C6A77EE867A9DED046A11
:105DD00077EE877A9DED177A76EE677AA7EEAF7A3F
:105DE000A7EEAE0A83ED007A9DED187AE7EE8F1AE2
:105DF000A7EEAD7AA7EE8E2ACEED001AE7EE812A45
:105E00008CED000A85ED002A84ED007A9DED067A7E
:105E1000C0ED002AA7EEA07A1B98A7EEA93A0DF5CF
:105E2000516480ED007A9DED197A9DED140A1C985D
:105E3000079BA7EE807AE7EE8B3A80ED007A9DED26
:105E40001A7A0998A7EEA87AA7EEAB4A83ED007AF2
:105E50009DED0B7A0E9BA7EE897AE7EE8C4A83EDD7
:105E6000007A9DED057A0F9BA7EE8A7A83ED003AC2
:105E7000109B83ED007A9DED0D7A119BA7EEAA7A17
:105E8000A7EEAC5A83ED007AB0EE667A129BA7EECD
:105E90008D7AE7EE885AC3ED003A81ED004AC0EDF5
:105EA000004A139982ED005A0A9A169B82ED007AF5
:105EB000C1ED005A52465146F3EC017A6FEEA74A03
:105EC0002FEE275A6EEEA75A2EEE276A6DEEA76ABE
:105ED00021EE277AC2ED004A82ED015AC2ED025A44
:105EE00082ED036AC2ED046A82ED057A60EEA71ABC
:105EF00020EE272A68EEA72A29EE273A69EEA73A6C
:105F00002AEE274A6AEEA74A2BEE275A6BEEA75ACB
:105F10002CEE276A6CEEA76A2DEE277A68EE277AB8
:105F2000C2ED061A82ED072AC2ED082A82ED093A6F
:105F3000C2ED0A3A82ED0B4AC2ED0C4A82ED0D5ACF
:105F4000C2ED0E5A82ED0F6AC2ED106A82ED117A2F
:105F5000C2ED127A4C329442AED172AD2B46D3EDE3
:105F6000007AB1EC017A77EEC77AE3EC017A9A45D0
:105F7000F5D14C22002146A88DED081ACDED070A77
:105F800004F00CFF5EABCAF8003072AB1E93132313
:105F90001F931EA80123B7EE000A46AA5146CAF86D
:105FA0000430FAF7FBFDDDED486A9DED496ADDED51
:105FB0004A5A9DED4C5ADDED4D4A9DED081ADDED36
:105FC000070ADDED467A9DED477ACDED026A8DED4B
:105FD000036ACDED045A8DED055ACDED064ACDED9F
:105FE00009FA8DED0AFACDED0BEA8DED0CEACDED57
:105FF0000DDA8DED081A9DED4B0ADDED4E1A9DED83
:106000004F2ADDED502A9DED513ADDED523A9DEDDE
:10601000534ADDED544A9DED555ADDED565A9DED3E
:10602000576ADDED586ACDED070A33A9DDED02DAD6
:106030009DED03EADDED04EA9DED05FADDED06FADE
:10604000524653460846B0EE671AF0EE470AF0ECA7
:10605000017A27EE817A4C3303ED137A27EEA07A8A
:106060009C4203ED127A27EEAD7A03ED117A27EE0A
:106070008E7A03ED107A27EEAE7A03ED0F7A27EED3
:10608000807A03ED0E7A27EE8F7A03ED0D7A27EEF4
:10609000AF7A03ED0C7A27EEA17A03ED0B7A27EEA7
:1060A000827A03ED0A7A27EEA27A03ED097A27EEC7
:1060B000837A03ED087A27EEA37A03ED077A27EEB9
:1060C000847A03ED067A24EEA77A03ED057A27EEAB
:1060D000857A03ED047A27EEA57A03ED037A27EE9D
:1060E000867A67EEA67A03ED027A43ED017AAED1A5
:1060F000DDED09FA9DED0AFADDED0BEA9DED0CEA06
:10610000DDED0DDA9DED081ADDED070A72ABD3ED7A
:10611000007AB2EC017A77EEC77AE3EC017A9A451D
:10612000F5D1DDED5C6ADDED141A5346F1EC017A30
:106130006FEEA73A2FEE274A6EEEA74A2EEE275AA9
:106140006DEEA75A21EE276A21EEA77AC3ED023A37
:1061500083ED034AC3ED044A83ED055AC3ED065AA5
:1061600083ED076A83ED097A20EEA70A28EEA72AB5
:1061700069EE272A29EEA73A6AEE273A2AEEA74ABD
:106180006BEE274A2BEEA75A6CEE275A2CEEA76A25
:106190002DEE277A68EE277A83ED080A83ED0A2A26
:1061A000C3ED0B2A83ED0C3AC3ED0D3A83ED0E4A95
:1061B000C3ED0F4A83ED105AC3ED115A83ED126AF5
:1061C00083ED137AC3ED147A4C339C42AED10DF6B5
:1061D0001853C3ED006A0DF27473D5ED007AB3EC79
:1061E000017AE6EE877A4B45E5EC017AF5D1D6F8EF
:1061F0002C370BF1010B9B4507F16407FFF6BBAB96
:10620000336830461B6B98471D9840F2A45272A920
:1062100004F09CFD0DF6245DBDEC108BBDE8F08F05
:106220003046FAF7D5FEFFF77EBB30469847FFF7BA
:106230007ABB00BF0120FEF781BC00BF0020FEF743
:106240007DBC00BF072808B503D8054B53F82000D4
:1062500008BD044B044A05482A2104F013FC00BF82
:1062600070EE020878C7020890ED0208F0ED02080F
:1062700090ED000A704700BF90ED010A704700BF23
:10628000D1F808C0CA68C0F800C04260704700BFBB
:1062900000B5D1F814C0D1F810E08A69C0F800E068
:1062A000C0F804C082605DF804FB00BF00B5D1F8FF
:1062B00020C0D1F81CE04A6AC0F800E0C0F804C071
:1062C00082605DF804FB00BF00B5D1F82CC0D1F8A6
:1062D00028E00A6BC0F800E0C0F804C082605DF8F6
:1062E00004FB00BF00B5D1F838C0D1F834E0CA6B68
:1062F000C0F800E0C0F804C082605DF804FB00BF95
:1063000000B5D1F844C0D1F840E08A6CC0F800E094
:10631000C0F804C082605DF804FB00BF91ED006A24
:10632000D1ED016A90ED007AD0ED017A37EE067A70
:1063300077EEA67A38B504460D4680ED007AC0EDBA
:10634000017A1031103001F095F895ED087AD4ED0E
:10635000087AD4ED096AD4ED0F4A94ED105AD4EDC1
:106360000B5A77EE877A94ED0A7AC4ED087A95EDA8
:10637000096AD4ED0E7A76EE866A94ED0C6AC4ED65
:10638000096AD5ED0A6A37EE267AD4ED0D6A84EDF6
:106390000A7A95ED0E7A77EE877A94ED117AC4ED4C
:1063A0000E7AD5ED0F7A74EEA74AD4ED127AC4EDC9
:1063B0000F4AD5ED104A35EE245A204684ED105A86
:1063C00095ED0B5A75EE855AC4ED0B5AD5ED0C5A66
:1063D00036EE256A84ED0C6A95ED0D6A76EE866AD6
:1063E000C4ED0D6AD5ED116A37EE267A84ED117A87
:1063F00095ED127A77EE877AC4ED127A95ED137ADD
:10640000D4ED137AD4ED146A77EE877A94ED157A89
:10641000C4ED137A95ED146AD4ED167A76EE866A99
:10642000C4ED146AD5ED156A37EE267A84ED157A37
:1064300095ED167A77EE877AC4ED167A38BD00BFEF
:106440002DE9F04F9FB00DF11F0828F00F0804460A
:1064500001F14400914691ED006AD1ED016A03908B
:1064600001F12C0E01F1500C01F1200A01F1380B61
:1064700008F1380208F1500001F1100308F144015D
:106480000092019102900FCB08F1100585E80F00F2
:106490009AE8070008F1200787E807009EE8070050
:1064A00008F12C0686E807009BE80700009B83E8BC
:1064B0000700039A019B99ED007AD9ED017A07CA8A
:1064C00083E807009CE80700029B37EE067A77EE28
:1064D000A67A83E8070009F11001284688ED007AC2
:1064E000C8ED017A00F0C6FFD8ED082A98ED093A08
:1064F000D8ED0A3A98ED0E4AD8ED0F4A98ED105AA9
:1065000099ED080AD9ED090A99ED0A1AD9ED0E1A82
:1065100099ED0F2AD9ED107AD8ED0B5A98ED0C6A47
:10652000D8ED0D6A98ED117A72EE802A33EE203A9A
:1065300099ED0B0AD9ED0C0AC8ED082A73EE813AE1
:1065400034EE214A99ED0D1AD9ED111A88ED093A68
:1065500074EE824A35EE275A99ED122AD8ED127A56
:10656000C8ED0A3A75EE805A36EE206A76EE816AF8
:1065700037EE217A77EE827A88ED0E4AC8ED0F4A1F
:1065800088ED105AC8ED0B5A88ED0C6AC8ED0D6AFB
:1065900088ED117AC8ED127AD8F8003099ED134AD7
:1065A000D9ED144A99ED155AD9ED165A2360D8F849
:1065B0000430636095E80F0004F1100C8CE80F00C4
:1065C00098ED136AD8ED146A98ED157AD8ED167A1D
:1065D00097E8070036EE046A76EEA46A37EE057A8D
:1065E00077EEA57A04F1200B88ED136AC8ED146AE2
:1065F00088ED157AC8ED167A8BE8070096E8070053
:10660000009B04F12C0A8AE8070093E80700019B2D
:1066100004F1380989E8070093E80700029B04F1B8
:10662000440888E8070093E8070004F1500E8EE85C
:10663000070020461FB0BDE8F08F00BF2DE9F04FE6
:106640002DED028B83B0044600F1100E00F1200AFC
:1066500000F12C0800F1380201F1100301F14400AF
:1066600091ED007AD1ED017A009201F1500C01F127
:10667000200B01F12C0901F1380701900FCB8EE8B6
:106680000F009BE807008AE8070099E8070088E800
:10669000070097E80700009B83E80700019807C8F8
:1066A00004F1440686E807009CE8070020EE077A1C
:1066B00060EE277A04F1500585E8070084ED007A42
:1066C000C4ED017A7046B0EE408A00F06FFF94EDA1
:1066D000081AD4ED091A94ED0A2AD4ED0E2A94ED85
:1066E0000F3AD4ED103A94ED0B4AD4ED0C4A94EDE8
:1066F0000D5AD4ED115A94ED126AD4ED136A94ED4B
:10670000147AD4ED157A94ED160A21EE081A61EE8A
:10671000881A22EE082A62EE882A23EE083A63EEEF
:10672000883A24EE084A64EE884A25EE085A65EE57
:10673000885A26EE086A66EE886A27EE087A67EEBF
:10674000887A20EE088A204684ED081AC4ED091ADA
:1067500084ED0A2AC4ED0E2A84ED0F3AC4ED103AF6
:1067600084ED0B4AC4ED0C4A84ED0D5AC4ED115A68
:1067700084ED126AC4ED136A84ED147AC4ED157ABF
:1067800084ED168A03B0BDEC028BBDE8F08F00BF2C
:10679000013808B50D2810D8DFE800F0070F0B0B03
:1067A0000F0F0F0F0F0F0F0F0D09074808BD0748F8
:1067B00008BD074808BD074808BD074B074A0848F9
:1067C000972104F05FF900BFB0040020F002002020
:1067D00090050020D003002078C7020890EE020840
:1067E00008EF0208023808B50E2815D8DFE800F0D7
:1067F0000814140E0E14141414141414140B110091
:106800009FED080A08BD9FED080A08BDB1EE000A19
:1068100008BD9FED060A08BD054B064A0648B32190
:1068200004F030F9FAED6B3D0BD7233CB2BFEC3DE1
:1068300078C7020890EF020808EF020830B5DB487D
:10684000DFEDDB7A9FEDDB7A9FEDDB6ADFEDDB2AA4
:10685000DB4BDC4CDC49DD4ADFF8ACE39FEDDC3A96
:10686000DFEDDC3A9FEDDC4ADFEDDC4A9FEDDC5AE0
:106870009FEDDC0ADFEDDC0A9FEDDC1ADFEDDC1AB0
:106880009FEDDC2A4361F6EE005A8361C361C46563
:10689000D94B04664466D94CDFF870C3D84D846682
:1068A000F0EE006AC46680ED027A80ED037AC0EDF6
:1068B000042AC0ED087AC0ED097AC0ED0A7AC0ED6D
:1068C0000B7AC0ED0C7AC0ED0D7AC0ED0E7AC0EDFA
:1068D0000F7AC0ED107AC0ED115AC0ED125AC0ED1A
:1068E000135AC0F874E0C0F878E0C0F87CE0C0F853
:1068F00080E0C0F884E080ED146A80ED156A80EDD8
:10690000166A0467BF4CC0F888E0C0F88CE0C0F895
:1069100090E0C0F894E0C0F898C0C0F89CC0C0F8FF
:10692000A0C0C0F8A4C0C0F8A8C0C0F8ACC0C0F8EF
:10693000B0C0C0F8B4C0C0F8B8C0C0F8BCC0C0F89F
:10694000C0C0C0F8C4C081ED027A81ED037AC1ED08
:10695000042A81ED057A81ED067A81ED077A81EDD1
:10696000083A81ED093A81ED0A3AC1ED0B3AC1EDE1
:106970000C3AC1ED0D3A8D63CD63C0ED326AC0EDC6
:10698000336AC0ED346A0D64C1ED115AC1ED125A7B
:10699000C1ED135A81ED146A81ED156A81ED166A15
:1069A000CC650C664C6681ED1A4A81ED1B4A81ED7F
:1069B0001C4AC1ED1D4AC1ED1E4AC1ED1F4A81EDC1
:1069C000205A81ED215A81ED225A81ED230A81ED71
:1069D000240A81ED250AC1F898C0C1F89CC0C1F80D
:1069E000A0C0C1F8A4C0C1F8A8C0C1F8ACC0C1F82B
:1069F000B0C0C1F8B4C0C1F8B8C0C1F8BCC0C1F8DB
:106A0000C0C0C1F8C4C0C1ED326AC1ED336AC1ED86
:106A1000346A82ED027A82ED037AC2ED042A82EDB5
:106A2000057A82ED067A82ED077A82ED083A82EDE8
:106A3000093A82ED0A3AC2ED0B3AC2ED0C3AC2EDC8
:106A40000D3AC2ED0E7AC2ED0F7AC2ED107AC2EDA8
:106A5000115AC2ED125AC2ED135A82ED146A82ED38
:106A6000156A82ED166AC2ED170AC2ED180AC2ED68
:106A7000190A82ED1A4A82ED1B4A82ED1C4AC2EDC8
:106A80001D4AC2ED1E4AC2ED1F4AC3ED042A82ED23
:106A9000205A82ED215A82ED225AC2F88CE0C2F8C7
:106AA00090E0C2F894E0C2F898C0C2F89CC0C2F866
:106AB000A0C0C2F8A4C0C2F8A8C0C2F8ACC0C2F856
:106AC000B0C0C2F8B4C0C2F8B8C0C2F8BCC0C2F806
:106AD000C0C0C2F8C4C0C2ED326AC2ED336AC2EDB2
:106AE000346A83ED027A83ED037A83ED051A83ED30
:106AF000061A83ED071AC3ED087AC3ED097AC3EDD0
:106B00000A7AC3ED0B7AC3ED0C7AC3ED0D7AC3EDAF
:106B10000E7AC3ED0F7AC3ED107AC3ED115AC3EDAF
:106B2000125AC3ED135A83ED146A83ED156A83ED8F
:106B3000166AC3ED171AC3ED181AC3ED191A83EDBF
:106B40001A2A83ED1B2A83ED1C2AC3F874E0C3F8CC
:106B500078E0C3F87CE0C3F880E0C3F884E0C3F8D1
:106B600088E0C3F88CE0C3F890E0C3F894E0C3F881
:106B700098C0C3F89CC0C3F8A0C0C3F8A4C0C3F8B1
:106B8000A8C0C3F8ACC0C3F8B0C0C3F8B4C0C3F861
:106B9000B8C0C3F8BCC0C3F8C0C0C3F8C4C0C3ED1C
:106BA000326AC3ED336AC3ED346A30BD900500200C
:106BB0000AD7233CCDCCCC3DC364AA3A9A99993EDE
:106BC000CDCC4C3E77CC2B33B0040020D00300203A
:106BD0000AD7A33B6F12033B1665BA36789C6E3218
:106BE0005BB5183177CCAB32D25395339A99193EB5
:106BF00046F5D53217B75137F00200206269BA372F
:106C0000A69BC43BB5423B32789C6E330000614585
:106C100010B5D0E900431B1BB1EBA30F17DAD0E985
:106C200003431B1BB2EBA30F17DA836901EB81014E
:106C3000500953F8213002F01F0253F820100123AD
:106C400003FA02F20A4214BF1846002010BD064B98
:106C5000064A07483B2103F015FF064B034A044848
:106C60003C2103F00FFF00BFF8EF020838F00208E4
:106C70006CF00208E4F002082DE9F04FD0E900B80A
:106C800087B0A8EB0B0304928E4A8F4C03909B10A5
:106C900003FB02F2A24200F01281012A134638BF20
:106CA00001239B180D460E4680F00481A1EB0B02D8
:106CB0000192002B40F0EE800593142400931A46B5
:106CC000049B01999F681868DB680293019B02EBA3
:106CD000010A0021D150029B3A1A13EBC209CAE9FA
:106CE0000111CAE9031140F0A580DDE90031CAF8BD
:106CF000109043F80190CAF804904B4649468742E9
:106D0000CAE9021906D001461846019204F02CF88F
:106D1000019A03461A44029B002B9C4617DD4FF054
:106D2000000E0123386803FA0EF10142106814BF07
:106D300008438843BEF11F0F106003BF04370432BD
:106D40004FF0000E0EF1010EBCF1010CEAD15D45D1
:106D50002AD0009C0BF11407DA464FF00009A7F186
:106D6000140393E8030084E80300A7F10C0292E8FF
:106D7000030004F1080C8CE8030057F8041C21619F
:106D800047E9039992E803000AF1140A83E8030033
:106D9000143447F8049C1437002840D0414202F0D4
:106DA0007DF95545DBD11434454525D014350027F0
:106DB000A5F1140C9CE80300A5F10C0384E8030082
:106DC00093E8030045E9037704F1080E8EE8030019
:106DD00093E8030055F8042C22618CE8030045F881
:106DE000047CF8B14142143602F058F9B04504F180
:106DF000140405F11405DBD1BBF1000F06D0039B91
:106E000099685846A1EB0B0102F048F9039B009AE0
:106E1000C3E90024059A9A6007B0BDE8F08F554594
:106E20009DD1C0E71436B04504F1140405F11405F2
:106E3000BED1E1E709F11F025709BF0038460292AF
:106E400002F03DF9029A03460744DDE9001012EA18
:106E5000290238BF4A465211CAF810700B5000215F
:106E6000CAF8041003EB8201D9F1000202F01F02FC
:106E700009F01F0958BFC2F10009B9F1000F02DA89
:106E800009F120090439049A1068D2E902720292C9
:106E90003A1A34E7A34228BF234603EB83039C003E
:106EA000204602F00CF902190592009000F114043A
:106EB000024605E7A1EB0B03044C0193F0E70448FD
:106EC00002F011F9CDCCCCCC66666606F8FFFF7FE8
:106ED00024F1020882B02DE9F04F2DED028B8BB02A
:106EE00002AC904684E80600BC4A1793B2EB880FC8
:106EF0004FF00003DDE91859C0E900331A9E8360A2
:106F0000C0F0E0814FEA880A0746BAF1000F00F0AE
:106F1000C18150468B4602F0D2F804465444386092
:106F2000BC605246594603F011FFAC49DDF85CB035
:106F30007C600023B1EB850FC7E903337B614FEA27
:106F4000850245F31D0AC0F0BD81002A00F04A8188
:106F50001046009202F0B3F8009AF860594600EB30
:106F6000020BC7F814B0044603F0F0FE0023C7E993
:106F700006333B62D7E9003207F11801D01A934279
:106F800008EE101AC7F810B04FEAA00000F03381E5
:106F90005C4500F0AF811A68002A40F0A5812268A4
:106FA000002A40F09B810138844608E0D3E90010B4
:106FB000884202F1010203F1040340F3718162454A
:106FC000F4DB0AF1FF3A2046002308E0D0E9002173
:106FD000914203F1010300F1040040F36D81534538
:106FE000F4DB464540F0748109EBC608C84507D07C
:106FF0004B465A68954240F0598108334345F8D1D1
:10700000774B9E4200F26181002E40F0FA80C84525
:1070100066D000260124D9E900A5CDE90566CDE9B1
:1070200007660996002D63D1CDE90555CDE90755D1
:107030000995D7E907A39A4500F0A280CAE901663D
:10704000CAF80060079B0598CAF80C60089ACAF84D
:1070500010601B1A12EBC30540F09A80CAE9005574
:107060002846CAF810502B462A46CAF80820059927
:10707000079DCAF80C00A942DDF820A0A5EB010B82
:1070800005D018465A4603F06FFE05990346BAF13B
:10709000000F03EB0B0015DD00228C46296804FA73
:1070A00002F30B42016814BF0B4321EA03031F2ABA
:1070B000036003BF0435043000220132BAF1010A33
:1070C000ECD16146FB691433FB61002952D0099B66
:1070D000084609F10809591A01F0E0FFC1459AD1A3
:1070E00038460BB0BDEC028BBDE8F04F02B07047E4
:1070F00005F11F0B4FEA5B139B00184600931BEA38
:10710000250B38BFAB4601F0DAFF6942009B01F066
:107110001F0105F01F0258BF4A4203444FEA6B1B90
:10712000002A0993CDE9050600EB8B0301DA203232
:10713000043B002DCDE907327FF77BAF05F1FF3C23
:10714000D4440AF1FF3500220AE001680B431F2AEC
:10715000036006BF002204300132AC453FF469AF42
:1071600015F8011F04FA02F30029EED1016821EAA3
:107170000303ECE709F10809C1457FF44CAFAFE721
:10718000514618EE100A05AAFFF776FD05999CE70F
:1071900005F11F0B4FEA5B1292001046009201F0BE
:1071A0008EFF009A1BEA250B38BFAB4669420244AA
:1071B0004FEA6B1B01F01F01CAE900060346CAF83B
:1071C000102000EB8B0205F01F0058BF484200283A
:1071D000BFF64BAF2030043A47E700BFFCFFFF7F0C
:1071E000666666063B68FA60A342C7E90422C7E9FF
:1071F00006223A627ED1424B424A4348122103F0B2
:1072000041FC06EB8606B3001846019301F057FFD8
:10721000D7E9066B5E4500902CD0143634460546FF
:107220004FF0000A05E0414201F038FF5E451FD0F3
:107230001436A4F1140393E8030085E80300A4F1D5
:107240000C0292E8030005F1080C8CE8030054F8E6
:10725000041C296144E903AA92E80300143583E879
:107260000300143444F818AC0028DCD1B345DFD156
:10727000D7F818B0BBF1000F05D0396A5846A1EB1A
:107280000B0101F00BFFDDE900231344C7E90622DF
:107290003B62BCE6C0F800A0C0F808A0544644E633
:1072A0001A4B184A18481B2103F0ECFB184B154ADF
:1072B00015482B2103F0E6FB164B124A12482121F8
:1072C00003F0E0FB144801F00EFF144801F00BFF3F
:1072D000134B0C4A0C48252103F0D4FB114B094AEF
:1072E0000948162103F0CEFB0F4B064A064815212C
:1072F00003F0C8FB0D4B034A0348132103F0C2FB04
:1073000074F1020898F102086CF0020894F2020885
:1073100078C70208E8F2020840F102087CF302088C
:1073200044F3020870F2020850F2020828F2020840
:10733000016810B50446C0E902230B6898476368EA
:10734000012B17D0022B0FD1236820469B6898474A
:1073500023682046DB689847236820461B699847C6
:10736000236820465B699847236820469B69BDE8EF
:1073700010401847236820465B689847F4E700BF31
:10738000F7EE006A86EEA07A0021002241600272C8
:10739000C6EE807A77EE877AC7EE276AC0ED006A7C
:1073A000704700BF90ED010A704700BF037A23B910
:1073B0000123037280ED010A7047D0ED017AD0ED10
:1073C000006A30EE677AE6EE877AB0EE670A80ED03
:1073D000010A70470022002342600372704700BF19
:1073E000F7EE006A86EEA07AC6EE807A77EE877AAC
:1073F000C7EE276AC0ED006A704700BF08B5034AB0
:10740000034B04486D2103F03DFB00BF7CF40208F0
:107410008CF3020808F5020808B5030707D100221B
:107420004FF07E51016042608260C26008BDFFF78C
:10743000E5FF00BF08B503070CD10A6842604FF0B2
:10744000000C8A68C0F800C0D1F804C0C0F808C0B9
:10745000C26008BDFFF7D2FF08B5030708D180ED71
:10746000000AC0ED010A80ED021AC0ED031A08BD42
:10747000FFF7C4FF91ED007AD0ED007AD0ED016AFC
:1074800077EE877A90ED027AC0ED007A91ED016A8D
:10749000D0ED037A76EE866AC0ED016AD1ED026A1C
:1074A00037EE267A80ED027A91ED037A77EE877ACD
:1074B000C0ED037A704700BF08B5030774D14FF0E1
:1074C0007E5CC0F800C04FF0000CC0F804C0C0F8EB
:1074D00008C0C0F80CC091ED016AD2ED017AD1ED7F
:1074E000006A92ED007AD1ED025A67EEC67A92ED0B
:1074F000026AE6EE877AD1ED036A92ED037AE5EE51
:10750000C67AE6EEC77AC0ED007A91ED016AD2ED57
:10751000007AD1ED006A92ED017AD1ED025A67EE60
:10752000867A92ED036AE6EE877AD1ED036A92EDF0
:10753000027AE5EE867AE6EEC77AC0ED017A91ED41
:10754000026AD2ED007AD1ED006A92ED027AD1EDB5
:10755000015A67EE867A92ED036AE6EE877AD1EDFC
:10756000036A92ED017AE5EEC67AE6EE877AC0ED1F
:10757000027AD2ED007A91ED036AD1ED006A92EDC4
:10758000037AD1ED015A67EE867A92ED026AE6EE51
:10759000877AD1ED026A92ED017AE5EE867AE6EE1F
:1075A000C77AC0ED037A08BDFFF728FF90ED006AA7
:1075B000D0ED016A90ED027AD0ED037A26EE006AF2
:1075C00066EE806A27EE007A27EE800A80ED006A78
:1075D000C0ED016A80ED027A80ED030A704700BFBA
:1075E000704700BF90ED000A704700BF043070473D
:1075F00090ED010A704700BF0830704790ED020A15
:10760000704700BF0C30704790ED030A704700BF11
:10761000D0ED015AD0ED036A90ED005A90ED026A68
:1076200025EEA50A26EEA67AF0EE407AE5EE057A7A
:10763000A6EE067A37EE870AB5EEC00AF1EE10FA2A
:1076400000DC704700B5B5EE400AF1EE10FA83B0E9
:1076500014D4F1EEC07AC5EE274A86EEA77A85EEFD
:10766000A75AC6EE275AC0ED004A80ED015AC0ED78
:10767000025A80ED037A03B05DF804FB019001F03B
:1076800055FF0198F0EE407A90ED005AD0ED015A86
:1076900090ED026AD0ED036ADDE700BF10B5114638
:1076A0000446782203F052FB204610BD10B5114667
:1076B0000446782203F04AFB204610BD2DE9F04F26
:1076C0002DED048B564B5749DFF878B1DFED569A14
:1076D0009FED569ADFED568A064691B040F8043B7E
:1076E000C02203F033FB00244FF0FF3306F5887708
:1076F000C6E93D33C6E93F33C6E94133D822C6E97E
:107700003144C6E93344C6E93544C6E93744C6E9DD
:107710003944C6E93B44C6F80C412146384603F0DB
:107720003DFB00220023C6E9C223C6E9C423C6E903
:10773000C62301220223C6E9C923C6E9CF230423B5
:107740000322C6E9CB230523C6F82043C6F83843F5
:1077500006F5487806F54E7AC6F83433B0EE088A56
:1077600006F55179DFF8E0C058F8044BBCE80F008B
:1077700002AD0FC59CE80300052C85E8030044D842
:1077800002A908A8CDF808B0CDED049ACDF80CB048
:107790008DED059A8DED068ACDED078A01F07AFA16
:1077A0000DF1200EBEE80F0006EB441C0CF1040C9A
:1077B000ACE80F009EE80F008CE80F0004EBC40457
:1077C000A400554655F8040B022818D800EB4000D9
:1077D00004EB800038440190FFF7FCFDDDED070A63
:1077E0009DED060A0198FFF7FBFDA945EAD1D045BA
:1077F000B8D1304611B0BDEC048BBDE8F08F0D4B15
:107800000D4A0E48602103F03DF902A908A801F0D5
:1078100041FA084B0A4A0948602103F033F900BFD6
:107820001808030818C00208295C134114AEBF40B1
:107830000000484348F502085CF502082CF60208EF
:1078400054F60208F628D440D8C002082DE9F04FBB
:107850002DED048B564B5749DFF878B1DFED569A82
:107860009FED569ADFED568A064691B040F8043BEC
:10787000C02203F06BFA00244FF0FF3306F588773F
:10788000C6E93D33C6E93F33C6E94133D822C6E9EC
:107890003144C6E93344C6E93544C6E93744C6E94C
:1078A0003944C6E93B44C6F80C412146384603F04A
:1078B00075FA00220023C6E9C223C6E9C423C6E93B
:1078C000C62301220223C6E9C923C6E9CF23042324
:1078D0000322C6E9CB230523C6F82043C6F8384364
:1078E00006F5487806F54E7AC6F83433B0EE088AC5
:1078F00006F55179DFF8E0C058F8044BBCE80F00FA
:1079000002AD0FC59CE80300052C85E8030044D8B0
:1079100002A908A8CDF808B0CDED049ACDF80CB0B6
:107920008DED059A8DED068ACDED078A01F0B2F94D
:107930000DF1200EBEE80F0006EB441C0CF1040C08
:10794000ACE80F009EE80F008CE80F0004EBC404C5
:10795000A400554655F8040B022818D800EB400047
:1079600004EB800038440190FFF734FDDDED070A99
:107970009DED060A0198FFF733FDA945EAD1D045F0
:10798000B8D1304611B0BDEC048BBDE8F08F0D4B83
:107990000D4A0E48602103F075F802A908A801F00D
:1079A00079F9084B0A4A0948602103F06BF800BFD7
:1079B0002408030818C00208295C134114AEBF4014
:1079C0000000484348F502085CF502082CF602085E
:1079D00054F60208F628D440D8C002082DE9F04F2A
:1079E0009146044683B00F46F0220021484603F03A
:1079F000D5F904F5487504F54E784FF0010A01E019
:107A0000A8456FD055F8043B052B00F2AA8104EB82
:107A100083069A000192D6F8C420511E012964D928
:107A2000032AEDD1D6F8DC20022A5ED0D4F8381330
:107A3000022900F2908101EB810207EBC2024FEABA
:107A4000810C92F80CE0BEF1000F40F0C980D4F830
:107A50003C13022900F27F8101EB810207EBC20295
:107A60004FEA810C92F80CE0BEF1000F40F0A380C9
:107A7000D4F84013022900F26E8101EB810207EB7A
:107A8000C2024FEA810C92F80CE0BEF1000F7DD1EA
:107A9000D4F80C21002A40F37181990007EE902A56
:107AA0000B4409EBC30BDBED006AB8EEE77ADBE9C8
:107AB0000201C6EE877AD317CBED007AE1F73CF8E6
:107AC000CBE90201D6F8C430CBF81430D6F8DC305C
:107AD000CBF81830A8454FF00003CBF810308BF8E6
:107AE00020A08FD103B0BDE8F08FD4F83823022A4C
:107AF00000F2318102EB820207EBC202117B29B155
:107B0000D6F8F4C0BCF1000F28D10121D4F83C23F1
:107B1000022A00F2208102EB820207EBC20292F8F5
:107B20000CC0BCF1000F05D0D6F8F4C0614508BF09
:107B3000013113D1D4F84023022A00F20C8102EB68
:107B4000820207EBC20292F80CC0BCF1000F3FF4B6
:107B500057AFD6F8F4C061453FF452AF92ED007BC9
:107B6000916892ED045AD2F814B0D2ED065A92ED13
:107B7000076AD2ED086AD2F824E05A1E042A00F2FD
:107B80000D81DFE802F09DE5E2DF9C0092ED045AF2
:107B9000D2ED056A92ED066AD2ED075A92ED087AA7
:107BA000D2ED097A5A1E042A00F2F280DFE802F0D0
:107BB000C1C4C74D4B0092ED045AD2ED056A92ED57
:107BC000066AD2ED075A92ED087AD2ED097A5A1E6A
:107BD000042A00F2DA80DFE802F0A99A9D565400E8
:107BE00092ED045AD2ED056A92ED066AD2ED075A7B
:107BF00092ED087AD2ED097A5A1E042A00F2CB805F
:107C0000DFE802F08B8E91050300B0EE677A9A00F0
:107C10001A4409EBC2026144D2ED007A9068D2F8AE
:107C20000CB007EBC10E57F83110DEF804E077EE28
:107C3000877A94464118C2ED007A91604EEB0B02B0
:107C4000CCF80C2003E7B0EE677A9A001A4409EBEF
:107C5000C2026144D2ED007A9068D2F80CB007EB12
:107C6000C10E57F83110DEF804E077EE877A9446BB
:107C70004118C2ED007A91604EEB0B02CCF80C205B
:107C800006E7B0EE677A9A001A4409EBC202614433
:107C9000D2ED007A9068D2F80CB007EBC10E57F81D
:107CA0003110DEF804E077EE877A94464118C2ED91
:107CB000007A91604EEB0B02CCF80C20D8E6F3462C
:107CC0009A0002EB030E09EBCE0E8EED027BCEF88E
:107CD00000B0CEF81010D6F8C420CEF81420D6F894
:107CE000DC20CEF81820BCF1000F09DBBCF1020F3C
:107CF0003DDC0CEB8C0C07EBCC029268CEF81C2020
:107D00009A00134409EBC30383F820A078E6B0EE91
:107D1000467AB8E7B0EE657AB5E7B0EE667A76E710
:107D2000B0EE467A73E7B0EE657A70E7B0EE667A49
:107D3000A9E7B0EE667A88E7B0EE467A85E7B0EE5E
:107D4000657A82E716EE90BABAE716EE10BAB7E790
:107D500015EE90BAB4E7134B134A14486A2102F0A7
:107D600091FE104B124A1148602102F08BFE114B1C
:107D7000114A124840F2391102F084FE104B0E4AAB
:107D80000E484FF4AF7102F07DFEB0EE457A7AE70F
:107D9000B0EE457A59E7B0EE457A38E715EE10BAFD
:107DA0008EE700BF48F50208F4F702082CF6020837
:107DB0001CF70208E0F8020860F90208FCFB020860
:107DC00078C70208022908B50ED801282AD003383E
:107DD000012800F28D80DFED4D5A9FED4D5AB6EE31
:107DE000000ADFED4C7A0FE0CB1E022B72D801287F
:107DF00011D00338012874D8DFED445A9FED445A5E
:107E0000B0EE650ADFED447A052978D8DFE801F0A5
:107E10005B544D463F11DFED415A9FED415A9FEDB6
:107E2000410AEFE7DFED405A9FED405A9FED400ACF
:107E3000D7E7D2ED056A92ED037A92ED046AF0EE8F
:107E4000E66AF4EE667AB0EEC77AF1EE10FAB0EEBA
:107E5000C66AB4EE677A48BFF0EE676AF1EE10FAD0
:107E6000B4EEE76AC8BFB0EE677AA6EE850AF1EE17
:107E700010FAD8BFF0EE467A77EE277AB6EE087A97
:107E8000A7EEA50A20EE070A20EE000A08BDD2EDF3
:107E9000046A92ED037A92ED056AD0E7D2ED036AA7
:107EA00092ED047A92ED056AC9E7D2ED026A92ED8D
:107EB000007A92ED016AC2E7D2ED016A92ED007A92
:107EC00092ED026ABBE7D2ED006A92ED017A92ED83
:107ED000026AB4E7174B184A18484FF4EC7102F0E5
:107EE000D1FD144B144A154840F2D11102F0CAFDDD
:107EF000104B114A11484FF4DA7102F0C3FD0D4BDB
:107F00000D4A0E4840F2FD1102F0BCFD0AD7A33C19
:107F10008FC2F53C0F5CEB41DA0FC940728A0E3C10
:107F2000A69BC43B4260653BC3642A3B6F12033B84
:107F30008FC2F53D78C7020870FC0208E8FF02080E
:107F40002DE9F04F2DED0C8B97B000F54E7B00F531
:107F500051739FED4FAA9FED4F9ADFED4F9ADFEDE2
:107F60004F8A01918246D94602934FF0000859F892
:107F7000045B022D00F27182019B05EB850203EB8D
:107F8000C203197B39B9029B9945F0D117B0BDECFA
:107F90000C8BBDE8F08F019993ED04BA51F83210C3
:107FA000D3ED05BAD3ED06AA93ED07CA93ED08DA2F
:107FB000D3ED09CACDF828800AEBC502D3E90164E4
:107FC000D2E9C237994276EB0700CDE90B88CDE9BB
:107FD0000D88CDE91188CDE91388CDF84080CDF822
:107FE0003C80CDF8548080F0C3815B1A67EB0607B4
:107FF0005842B3F1004F77F1000380F04282284BE2
:1080000005EB45059842C2E9C2164FEA85050AF517
:10801000487729D857F8046B052E00F23882DFE83C
:1080200016F0A401A1019E019B0198014100B0EE50
:108030004C8A16AB06EBC60005EB800203EB860606
:108040000AF58870104406ED0C8A0090FFF7C2F91B
:108050000098B0EE480AFFF7A9F90098FFF7A2F9D7
:108060005F4506ED060A35D057F8046B052E00F281
:108070000E8201A353F826F0878302088183020849
:108080007B8302082F800208938302088D830208F5
:10809000DD0A393B1184DF3CE211C93E7026FD3F09
:1080A00040420F00B0EE6C0A06EBC60016AB05EBC3
:1080B000800203EB86060AF58870104406ED0C0A70
:1080C0000090FFF773F90098FFF76CF9BB4506EDD8
:1080D000060A9FD1DAF82013052900F2B881DAF8F0
:1080E0000C51049516AB03EB81020AF5F47601EB13
:1080F0004103022D52F8307C08964FEA830300F2C8
:108100009F8152F8180C06EB85060AF50C7202EBFB
:1081100085050992F2181760EA1810600498CA1EC3
:10812000022A4FEA800700F23781012C00F06481B7
:10813000E21E012A00F2978119EE102A0AF51E703C
:1081400005903844009018440793026010AA204616
:10815000FFF738FE0AF53073DA19DAF824130693BC
:10816000079B03921344052983ED000A00F26F81F7
:1081700016AA02EB810201EB410352F830CC52F80F
:10818000180C06EB8302C2F800C005EB83029B00CB
:108190001060CA1E022A00F20781012C00F035810E
:1081A000E21E012A00F25F8119EE102A009807935F
:1081B0001844026010AA2046FFF704FE039A079BAA
:1081C000DAF828131344052983ED000A00F23F81F1
:1081D00016AA02EB810201EB410352F830CC52F8AF
:1081E000180C06EB8302C2F800C005EB83029B006B
:1081F0001060CA1E022A00F2DF80012C00F002810A
:10820000E21E012A00F22F8119EE102A009807932E
:108210001844026010AA2046FFF7D4FD039A079B7A
:10822000DAF82C131344052983ED000A00F20F81BC
:1082300016AA02EB810201EB410352F830CC52F84E
:10824000180C06EB8302C2F800C005EB83029B000A
:108250001060CA1E022A00F2B780012C00F0E180F3
:10826000E21E012A00F2FF8019EE102A00980793FF
:108270001844026010AA2046FFF7A4FD039A079B4A
:10828000DAF830131344052983ED000A00F2DF8089
:1082900016AB03EB810201EB410306EB830605EB12
:1082A00083009D0052F8303C336052F8183C036064
:1082B000CB1E022B00F29080012C00F0AF80E31E59
:1082C000012B00F2D08019EE103A009A2A44204681
:1082D000136010AAFFF776FD039BDAF834132B44E2
:1082E000052983ED000A00F2B280089B01EB4105ED
:1082F00003EB850216A8099B00EB810003EB8503C5
:108300003A443B4450F8306C166050F8182C1A6010
:10831000CB1E022B4FEA850566D8012C00F08A801F
:10832000E31E012B00F29F8019EE102A059B2B44BF
:108330003B4420461A6010AAFFF744FD069B2B44DD
:108340001D46049B3D44013385ED000ACAF80C31FB
:1083500019E6B0EE4D0AA7E6B0EE4C0AA4E6B0EE80
:108360006A0AA1E6B0EE6B0A9EE6B0EE4B0A9BE607
:10837000CB1A66EB070718463BE6B0EE6A8A58E66A
:10838000B0EE6B8A55E6B0EE4B8A52E6B0EE6C8AE0
:108390004FE6B0EE4D8A4CE6012C30D0E21E012AA9
:1083A00068D818EE902AC9E6012C34D0E21E012AC2
:1083B00060D818EE902AF9E6012C29D0E21E012A95
:1083C00058D818EE902A21E7012C30D0E21E012A5D
:1083D00050D818EE902A49E7012C25D0E31E012B36
:1083E00048D818EE903A70E7012C26D0E31E012BF6
:1083F00040D818EE902A99E71AEE102A9EE619EE58
:10840000902A9BE61AEE102A00E71AEE102ACDE613
:1084100019EE902AFAE619EE902AC7E61AEE103AFB
:1084200053E71AEE102A21E719EE903A4DE719EEBC
:10843000902A1BE71AEE102A78E719EE902A75E7C2
:10844000164B174A174840F2AB1102F01BFB164BB4
:10845000164A1748602102F015FB134B154A1448C1
:108460006A2102F00FFB144B144A15484FF4BE71F9
:1084700002F008FB104B114A114840F25D1102F066
:1084800001FB104B104A11487F2102F0FBFA0A4B06
:108490000F4A0B484FF4957102F0F4FAA4E6020873
:1084A000F4030308A8E0020848F5020834030308AF
:1084B0002CF60208F4F7020878C70208D40403086F
:1084C000E8FF020858000308BC0003084C01030839
:1084D0007C0103082DE9F04FF0223C4CA7B00D467B
:1084E0000021814602F05AFC4FF0FF320023C4E91C
:1084F0003D22C4E93F22C4E941222946782208A846
:10850000C4E93133C4E93333C4E93533C4E937331B
:10851000C4E93933C4E93B33C4F80C3102F016FC2A
:1085200008A92046FFF70CFD04F5477704F54D78C0
:1085300001E0B8453AD057F8045F052D3FD805EB68
:10854000450B4FEA8B0B0BF5F4710BF51E720BF517
:108550000C7304EB45160BF5307BD4F80C0101903D
:108560000436A344214422442344CDF800B03046CD
:10857000CDE90623059100F041FD04EB850A0328AF
:10858000DDE90512079BCAF8C400D2D13D3504EBE2
:1085900085050295D4F80C51CDF800B03046019510
:1085A00000F08EFBB845CAF8DC00C4D107484A4643
:1085B00008A9FFF713FA484627B0BDE8F08F044B2F
:1085C000044A0548602102F05DFA00BFE81301206B
:1085D00048F5020854F602082CF6020808B50348CC
:1085E000FFF76CF80248FFF731F908BDE8130120E6
:1085F0003017012002460B46014800F043BA00BF85
:10860000781A0120014800F047BA00BF781A01200B
:1086100030B583B004460092034822460B4600F072
:1086200049FA03B030BD00BF781A012010B50349E4
:10863000044600F01FFB204610BD00BF781A012041
:10864000DFED157AB4EEE70AF1EE10FA06DADFEDA7
:10865000137AB4EEE70AF1EE10FA02D89FED100A91
:108660007047DFED107ADFED100A87EE800A08B55B
:1086700000F004FFF7EE007A30EE670A9FED0B7A08
:10868000DFED0B7A20EE070A20EE277A77EEC07A2C
:1086900087EE270A08BD00BF0092F9470058B1468F
:1086A0000000C07F80E6C54754D442BEC42A2DC70F
:1086B0003CFEC14ADFED1E7AB4EEE70AF1EE10FA95
:1086C00010DA08B5DFED1B7AB4EEE70AF1EE10FA26
:1086D0002DED028BB0EE408A07D8BDEC028B9FEDEA
:1086E000160A08BD9FED140A70479FED140ADFEDCE
:1086F000140A80EE080A00F0C1FEDFED126ADFED19
:10870000125AF7EE007A30EE677AB0EE666AA7EE9C
:10871000656AC0EE087ABDEC028B86EE860A9FED94
:108720000B7A20EE000A20EE070A27EEC00A08BDE9
:108730000092F9470058B1460000C07F80E6C54767
:1087400054D442BE3CFEC14AC42A2DC709CA0346BE
:1087500070B5D0ED020A90ED010A2DED028BF1EE1D
:10876000600AB1EE400A04460E46154600F064FE6B
:1087700086ED000AD4ED027A94ED017A94ED008A38
:1087800067EEA77AE7EE077AE8EE087AF5EE407A28
:10879000F1EE10FA0AD4B1EEE70A88EE000A00F012
:1087A0001FFEBDEC028B85ED000A70BDB0EE670ABE
:1087B00000F0BCFEF1E700BF10B52DED0A8BF6EE20
:1087C00000AAB0EE408AF0EE608AF0EE419A0446CC
:1087D000FEF722FE28EE2A8A68EEAA8AB0EE480A40
:1087E00000F0DCFCB0EE409AB0EE480A00F0B2FDBA
:1087F000B0EE408AB0EE680A00F0D0FCB0EE40AABD
:10880000B0EE680A00F0A6FD69EEAA9AF0EE40AA62
:10881000B0EE690A00F0C2FCF0EE408AB0EE690AE0
:1088200000F098FD28EE2ACA69EE0ABA2CEE00BACA
:108830002046F0EE409AABEEA8BAFEF7D1FE29EE44
:108840002A9A28EE0A8A29EEC9AA80ED00BAA8EE73
:1088500028AA2046FEF7CAFE28EE298A80ED00AA43
:10886000A9EE288A2046FEF7C7FE68EECC8A80ED86
:10887000008AEBEEA98A2046FEF7C4FEC0ED008A0E
:10888000BDEC0A8B204610BD38B505462DED048B96
:1088900008460C46FEF7ACFE2046F0EE409AFEF786
:1088A000A7FE2046B0EE409AFEF7A8FE2046B0EEA6
:1088B000408AFEF7A3FE204628EE008AFEF7A4FEBB
:1088C0002046F0EE408AFEF79FFE68EE807AF0EEDA
:1088D000485AB0EE675AE9EE895A2046A9EE895AFD
:1088E00038EE278AF7EE007AB0EE007AB0EE676ACB
:1088F000F0EE676AA8EE476AE5EEC77AE5EE476AEA
:1089000085ED006AC5ED046AC5ED087AFEF770FED4
:108910002046B0EE409AFEF771FE2046F0EE408A07
:10892000FEF760FE2046B0EE408AFEF76DFE68EE70
:10893000007A2046B0EE677A99EE287AE9EE287A36
:1089400037EE077A77EEA77A85ED037AC5ED017ADF
:10895000FEF74EFE2046B0EE409AFEF755FE20464A
:10896000F0EE408AFEF73EFE2046B0EE408AFEF76B
:1089700045FE68EE007A2046B0EE677AA9EE287AC6
:10898000D9EE287A37EE077A77EEA77A85ED067A60
:10899000C5ED027AFEF732FE2046B0EE409AFEF7B1
:1089A00033FE2046F0EE408AFEF71CFE2046B0EE75
:1089B000408AFEF71DFE68EE007A2846B0EE677A20
:1089C00099EE287AE9EE287ABDEC048B37EE077A27
:1089D00077EEA77A85ED077AC5ED057A38BD00BF39
:1089E000DFED246AB0EEC07AB4EEE67AF1EE10FA6A
:1089F00008DC9FED217AF0EEE07AF4EEC77AF1EE32
:108A000010FA02DB9FED1D0A704730B591B00DF1F1
:108A1000370121F00F0504469FED191A2846FFF78C
:108A2000CBFE294601A8FFF72FFFD4ED020A9DEDEA
:108A3000080ADDED076A94ED017ADDED057A9DED1A
:108A4000046A20EE800A60EEA60AA7EE270AE6EE88
:108A5000070AD4ED007ADDED026A9DED017AA7EEFA
:108A6000A60AE7EE270AB1EE400A11B0BDE8304091
:108A700000F0E2BCDA0F4940DA0FC93F0000C07FC6
:108A800000000000C0E900230123C0ED030A80EDCF
:108A9000020A0374704700BF00B5864600F1180C47
:108AA000BEE80F00ACE80F009EE803008CE803006E
:108AB0005DF804FB2DE9F0412DED028B90F82810B4
:108AC00084B00C9E002944D00446D6E904101F4609
:108AD0008A4277EB0003904640D2891A60EB070088
:108AE000B1F1004F70F1000380F0AD80D4E90605CC
:108AF0000029B8BF4942804577EB050332D3B8EB74
:108B0000000067EB0505B0F1004F75F1000380F040
:108B10009A80504DA94204DC0028B8BF4042A842C8
:108B200025DD0023C4E90733C4E90933C4E9003370
:108B3000C4E90233C4E90433A361E36284F8483032
:108B400084F8343000220023C4E910230021A163FB
:108B5000216304B0BDEC028BBDE8F081511A67EBD4
:108B60000000BDE7B0EB080065EB0705CBE7316817
:108B7000706801910290B168D4ED090A94ED080A79
:108B8000039101A8FFF72CFFB4EE400AF1EE10FAB2
:108B9000DFD694F8341011B394ED0C7ADFED2E6A21
:108BA00070EE477AF4EEE67AF1EE10FA31DDDFEDA1
:108BB0002B6A77EEE67A9FED2A6ADFED276AA7EE49
:108BC000867AB4EEE67AF1EE10FAB0EE470A2CDDC2
:108BD000DFED227A37EE670A84ED0C0A04E001210A
:108BE00084ED0C0A84F834109FED1C8A0121C4E93D
:108BF0001087F0EE480A84F8481000F01FFCB5EE2C
:108C0000C00AF1EE10FA48BF30EE080A84ED0E0AF1
:108C10009FE7DFED146AF4EEE67AF1EE10FA44BF56
:108C2000DFED0E6A77EEA67AC5E7DFED0E7AB4EED9
:108C3000E77AF1EE10FA44BFDFED087A37EE270A43
:108C400084ED0C0AD0E7084B084A09487F2101F05F
:108C500019FF00BF400D0300DA0F4940DA0FC94089
:108C6000A6AA2A3EDA0F49C058000308BC00030830
:108C70004C01030801F1380C10B504468646BCE8E7
:108C80000F00AEE80F009CE803008EE803002046CA
:108C900010BD00BF8C4610B504468646BCE80F00E8
:108CA000AEE80F009CE80300DFED047A8EE80300D5
:108CB000C4ED067AC4ED077A204610BD000000001E
:108CC00030B4DDE90254032C06D0601E01288CBFAD
:108CD0000020012030BC7047D1ED027ADFED514A0F
:108CE00091ED013A9FED505ADFED505AD2ED016AF5
:108CF00092ED026AD0ED002A93ED012A93ED020A6B
:108D0000D5ED020A67EEA47A66EEA56AB0EE677A40
:108D1000A3EE057A26EE256A27EE077A76EE863AE6
:108D200087EE234AD5ED013AB4EEE24AF1EE10FAAD
:108D300017DC22EE055A23EEA57AA0EE245AA0EE07
:108D4000A57A25EE055AD0ED014AC5EE075AF4EE94
:108D5000E54AF1EE10FA04D40023049A02201360CD
:108D6000B8E791ED007A9FED305AD2ED005ADFED71
:108D70002F4AD3ED001A95ED001A27EE057A65EE1D
:108D8000A45A77EE877A36EE256A67EEA77A87EEE1
:108D9000864AB4EEE24AF1EE10FA16DC9FED216A43
:108DA00021EE855A61EE247AA0EE065AE0EEA47A0E
:108DB00025EE055A90ED016AC5EE274AF4EEC64A43
:108DC000F1EE10FA01DC0123C7E79FED166AF0EE21
:108DD000477AE3EE067A76EEA56A67EEA77A87EE23
:108DE000A67AB4EEE27AF1EE10FA18DC9FED0E7A74
:108DF000DFED0E7A61EE871A21EE271AE2EE061AEF
:108E0000A3EEA71A61EEA11A90ED017AC1EE817A64
:108E1000B4EEE77AF1EE10FA01D402239DE70320C5
:108E200030BC7047F30435BFF304353FFFFFFF3E0E
:108E3000DFED1C7A022AC0ED007AC0ED017A21D064
:108E4000032A1ED191ED027A9FED175AD1ED016AE6
:108E50009FED166ADFED165A67EE277A27EE057A40
:108E6000E6EEA57AA6EE867ADFED125AD1ED006A1B
:108E7000A6EE867AE6EEA57A80ED017AC0ED007A5C
:108E800070477047D1ED017A9FED097AD1ED006A04
:108E900067EE877A9FED077AE6EE877AC0ED007A73
:108EA000704700BF00000000EA0551BFE805D13E51
:108EB000F30435BFF304353F00B5022A0B4683B0F7
:108EC000014669D0032A7DD16846FFF7B1FF9FEDC7
:108ED000426ADFED423A93ED027A9FED414A9FEDFF
:108EE000415ADFED414A93ED001AF0EE467AF0EE7A
:108EF000466AE7EE067AE7EE236A93ED017AF0EE32
:108F0000461AE7EE041AB0EE462AA7EE052A67EEE7
:108F1000A35A26EE867AE1EE855AF0EE462AB0EEA6
:108F2000463AE1EE242AA1EE053AA2EE047A67EE73
:108F3000867A66EEA36AE1EE847AE2EE056AB0EE26
:108F4000656AA3EE247AA2EE856AE2EEA47AE3EEE5
:108F5000056A26EE474AF7EE003AA7EEA64ADDED8F
:108F6000014A9DED005AC3EE845A27EEA50A26EE6B
:108F7000656A27EE657A20EE240A66EEA56AA6EEFB
:108F8000050A27EE247A20EE240AA6EE857AA5EEBD
:108F9000070A03B05DF804FB6846FFF749FFDFED01
:108FA000136AD3ED017A93ED006A9DED007A67EEC6
:108FB000A67A27EE077AE6EE267A87EE270A03B02E
:108FC0005DF804FB6846FFF733FF094B094A0A487E
:108FD000EE2101F057FD00BF00000000EA0551BF7F
:108FE000F30435BFE805D13EF304353FFFFFFF3EF4
:108FF00078C70208280803088408030870B52DED17
:10900000028B079C012C05460FD01E46A31E012B88
:1090100017D99FED210A0020B0EE408A85ED068A1F
:10902000BDEC028B85ED070A70BD9FED1B0AB0EE0B
:10903000408A85ED068ABDEC028B204685ED070A45
:1090400070BD084611462246FFF736FF06992246B4
:109050003046B0EE408AFFF72FFF022C10D0D5ED3E
:10906000027AB4EEE78AF1EE10FA10DCD5ED037A5D
:10907000B4EEE70AF1EE10FACCBF03200220CDE7F0
:10908000D5ED007AB4EEE78AF1EE10FA01DD0320A7
:10909000C4E7D5ED017AEBE70000000000F073B8FB
:1090A0000368DB0706D4437803B1FFDE0123437076
:1090B000184670470020704701230360704701285D
:1090C00038BF012010B50446204601F02FFE30B90C
:1090D00000F05CF808B901F0CDFC8047F4E710BD62
:1090E00008B501F0C7FC08B501F0C4FC08B50B6871
:1090F000B3F1804F02D30D48FFF7F5FF93420BD930
:10910000B3EB420F4FEA420006D2B0F1804F2ABFC4
:109110006FF0404308600B600868013001D5FFF72D
:10912000DFFFBDE80840FFF7CABF00BFF80803082B
:109130000B46012B10B41146044603D122705DF892
:10914000044B7047002BFAD05DF8044B1A4601F02F
:1091500025BE37B50F2904460191154606D90022D0
:1091600001A9FFF7C3FF019B2060A360019919B11A
:1091700020682A46FFF7DCFF019B2268636000211C
:10918000D15403B030BD01F0D9BD0000024B1868C6
:10919000BFF35B8F704700BFC81A012010EE103A72
:1091A00007B51E4A23F00043934206DCDFED1C0A9C
:1091B00003B05DF804EB00F0EDBFB3F1FF4F04DB4B
:1091C00030EE400A03B05DF804FB684600F0A2FEF2
:1091D00000F00300012809D0022810D0B0B9DDED5D
:1091E000010A9DED000A00F0D5FFEBE7DDED010A75
:1091F0009DED000A01F0A4FAB1EE400AE2E7DDEDD0
:10920000010A9DED000A00F0C5FFF5E7DDED010A5A
:109210009DED000A012001F093FAD3E7D80F493FF2
:109220000000000010B52DED028B0446B0EE408A20
:1092300001F0CBFBB8B1B5EE408AF1EE10FA12D0D6
:10924000B0EE480A204600F013F8B0EE408A01F074
:10925000BCFB20B1B5EE408AF1EE10FA03D101F06B
:109260002FFC22230360B0EE480ABDEC028B10BD38
:1092700010EE103A33F0004225D0B2F1FF4F02D386
:1092800030EE000A704713F0FF4F22D12A4BDFED7A
:109290002B7A984220EE270A16DB10EE103AC3F321
:1092A000C752193A0244FE2A15DD10EE103ADFEDDE
:1092B000247ADFED246A002BB0EE677AB8BFF0EEB7
:1092C000667A27EE270A7047DFED1F7A20EE270A1D
:1092D0007047D20DE6E7002A06DD23F0FF4343EA9C
:1092E000C25300EE103A704712F1160F1ADA4CF220
:1092F0005033984210EE103A03F000430ADD9FED20
:10930000100A9FED107AF0EE407A002B18BFB0EEF5
:10931000470ADBE79FED0C0A9FED0C7AF0EE407AEE
:10932000002BF3E7193223F0FF4343EAC253DFED8A
:10933000087A07EE103AC4E7B03CFFFF0000004C8B
:10934000CAF24971CAF249F16042A20D6042A28D8F
:109350000000003310EE103A07B51F4A23F0004317
:10936000934207DCDFED1D0A002003B05DF804EB3B
:1093700001F0E6B9B3F1FF4F04DB30EE400A03B071
:109380005DF804FB684600F0C5FD00F0030001280D
:109390000AD002280FD0C0B9DDED010A9DED000A08
:1093A000012001F0CDF9EAE7DDED010A9DED000AAB
:1093B00000F0F0FEE3E7DDED010A9DED000A01207B
:1093C00001F0BEF9B1EE400AD9E7DDED010A9DEDED
:1093D000000A00F0DFFEF5E7D80F493F000000006B
:1093E00008B52DED028BB0EE408A00F0BDF8B4EE6A
:1093F000488AF1EE10FAF0EE408A15D6B0EE480A2F
:1094000001F0DCFAF7EE007AB4EEE70AF1EE10FABA
:109410000ADD01F055FBBDEC028B21230360BDE8A2
:109420000840044801F020BBB0EE680ABDEC028B96
:1094300008BD00BF730D030800F07CB908B52DED21
:10944000028BF0EE408AB0EE608A00F013FAF4EE80
:10945000488AF1EE10FA0CD6DFED078AB4EE688A7E
:10946000F1EE10FA05D101F02BFB88EEA80A2123BA
:109470000360BDEC028B08BD0000000008B52DEDB7
:10948000048BB0EE608AB0EE409A00F075FAB4EE4C
:10949000488AF1EE10FAF0EE408A3ED6B5EE409AD8
:1094A000F1EE10FA12D1B5EE408AF1EE10FA39D091
:1094B000B0EE480A01F089FA78B3B5EEC08AF1EE51
:1094C00010FA2AD501F0FCFA222314E001F07DFA0B
:1094D00098B9B0EE490A01F078FA70B1B0EE480AD6
:1094E00001F073FA48B1F4EE688AF1EE10FAE9D7A8
:1094F00001F0E6FA212303600FE0F5EE408AF1EE79
:1095000010FA0AD1B0EE490A01F05FFA28B1B0EEC4
:10951000480A01F05AFA0028D4D1B0EE680ABDEC2E
:10952000048B08BDF7EE008AF7E7000008B52DEDC3
:10953000028BB0EE408A00F029FEB4EE488AF1EECC
:1095400010FA0CD6DFED078AB4EEE88AF1EE10FAD5
:1095500005D501F0B5FA88EEA80A21230360BDEC19
:10956000028B08BD0000000038B510EE105A25F03F
:109570000044B4F17E5F2DED048B0CD1DFED5D7AFC
:109580009FED5D7A60EE277AE0EE077AB0EE670A2B
:10959000BDEC048B38BD04DD70EE407A87EEA70A7F
:1095A000F6E7B4F17C5FF7EE008A0BDAB4F1485FBE
:1095B00052DADFED527A70EE277AF4EEE87AF1EEC5
:1095C00010FAE5DC01F0FAF938EEC00AB6EE008ACE
:1095D00020EE088ADFED4A7A9FED4A7A9FED4A9A9B
:1095E000A8EE277ADFED497AE7EE087A9FED487A10
:1095F000A7EE887ADFED477AE7EE087A9FED467AA4
:10960000A7EE889ADFED457AE8EE077A9FED447A77
:10961000A7EE887ADFED437AE7EE087AB0EE480AE3
:10962000E7EE888A00F0B2FD3F4B29EE089A9C4293
:1096300089EE286AF0EE006A3DDDA0EE060ADFED55
:109640003B7AE0EE267A9FED2C0A30EE670A002D79
:10965000D8BFB1EE400A9BE760EE007ADFED286AE2
:109660009FED287A9FED2C6AA7EEA67ADFED276A98
:10967000E7EE276A9FED267AA6EEA77ADFED256A48
:10968000E7EE276A9FED207AA6EEA77ADFED236A40
:10969000E7EE866A9FED226AA6EEA76ADFED216AF1
:1096A000E6EE276A27EE277AE6EEA78AC7EE287A43
:1096B000A0EE270A6CE710EE103A23F47F6323F044
:1096C0000F0307EE103AA7EE478A70EE077A30EEE6
:1096D000000AC8EE275ADFED077AE5EEE67AD0EE0B
:1096E000067A9FED130AB0EE406AA7EE666A77EE3F
:1096F000C67AAAE72EBD3BB3DB0FC93FCAF2497158
:1097000008EF1138047F4F3AABAA2A3E461124BD18
:10971000A80A4E3E90B0A6BE2EC69D3D613330BF16
:109720002D57014039D119C09999793F2EBD3B334E
:10973000DB0F493F10EE902A22F00041B1F1FF4FBC
:1097400010B5F0EE407A06DC10EE100A20F000436F
:10975000B3F1FF4F04DD77EEA07AB0EE670A10BDDB
:10976000B2F17E5F03D1BDE8104001F053B8941709
:1097700004F0020444EAD07443B9022C5ED09FED99
:10978000347A032C08BFF0EE477AE6E741B9DFED03
:10979000317A9FED310A0028B8BFF0EE407ADCE75D
:1097A000B1F1FF4F10D1B3F1FF4F04F1FF3407D1F6
:1097B000022C46D8294B03EB8404D4ED007ACCE785
:1097C000022C41D8264BF6E7B3F1FF4FDFD05B1AEE
:1097D000B3F1F45F4FEAE3511ADA002A01DA3C31BF
:1097E00019DB87EEA00A01F0E9F801F013F8F0EEBA
:1097F000407A012C12D0022C17D0002CADD09FED56
:10980000190A77EE807A9FED180A77EEC07AA4E7FE
:10981000DFED107AEDE7DFED157AEAE717EE903A23
:1098200003F1004307EE903A97E79FED0E0A77EEBB
:10983000807A9FED0D0A70EE677A8EE7DFED0A7A87
:109840008BE7DFED0B7A88E7DFED087A85E700BF6D
:10985000DB0F49C0DB0FC93FDB0FC9BF100903088D
:109860001C0903082EBDBB33DB0F4940000000007C
:10987000DB0F493FF0B510EE905A35F0004409D0A7
:1098800010EE102A22F00043B3F1FF4F02DAB4F1D8
:10989000FF4F04DD60EE200A80EEA00AF0BDA34277
:1098A000FCDB02F0004605D1324B03EB567393ED1F
:1098B000000AF3E712F0FF4F3FD119026FF07D006D
:1098C000002937DC15F0FF4F3DD127026FF07D01F5
:1098D000002F35DA10F17E0FBBBF6FF07D02121A38
:1098E000C2F316039340A8BF43F4000311F17E0FA7
:1098F000B5BF6FF07D02C5F31604521A44F400049C
:10990000B8BF9440401A1A1B00BB13EA220338BFA9
:109910001346002BC8D0B3F5000F1FDB11F17E0FEB
:109920001FDBA3F500037F31334343EAC15300EE4D
:10993000103AB3E701384900C2E7D8157F38C1E7CC
:1099400001397F00C4E7E1157F39C3E7002A02DA55
:109950005B000138D7E7A7D05300FAE75B00013975
:10996000D9E7C1F1FF2101F57F0182310B4133437A
:10997000DDE700BF280903082DE9F04110EE904A09
:1099800034F000482DED028B10EE106AB0EE408AE4
:10999000F0EE608A0CD186F48006760016F5000F92
:1099A00040F2968238EE280ABDEC028BBDE8F081C9
:1099B00026F00045B5F1FF4FF4DCB8F1FF4F08DDAC
:1099C000B6F17E5FEED184F48004640014F5000FDC
:1099D000E6E7002E20DAB8F1974F2DDAB8F17E5F76
:1099E000C0F27F824FEAE853C3F1960348FA03F7C7
:1099F00007FA03F3434540F0748207F00107C7F10B
:109A00000207B8F17E5F1FD1002C80F26782F7EE6B
:109A1000007A87EE880AC7E70027B8F1FF4FF0D138
:109A2000B5F17E5F00F0548208DD9FEDC20A002C84
:109A3000A8BFB0EE680AB7E70227EEE7002C80F275
:109A40004A82B1EE680AAFE7B4F1804F02D128EE46
:109A5000080AA9E7B4F17C5FB0EE480A07D1002EEE
:109A600005DBBDEC028BBDE8F04100F08FBB00F0E0
:109A7000A5FF25B126F04043B3F17E5F16D1002C3F
:109A8000BCBFF7EE007A87EE800A002E8CDAA5F1D3
:109A90007E5555EA070304D170EE407A87EEA70A97
:109AA00082E7012F80D1B1EE400A7DE7F00F013847
:109AB00057EA000304D138EE488A88EE080A73E7B3
:109AC000B8F19A4F74DD9C4B9D4208DC002C0BDAF8
:109AD0000020BDEC028BBDE8F04100F095BE974B35
:109AE0009D4208DD002CF3DC0020BDEC028BBDE8BC
:109AF000F04100F083BEF7EE007A30EE670ADFED4A
:109B0000906AF5EE007AE0EE676AF6EE007AE6EE2D
:109B1000C07A20EE007A67EE277A9FED8A7A67EEA8
:109B2000677A9FED897AE0EE077A9FED887AF0EE0A
:109B3000676AE0EE076A16EE903A23F47F6323F03B
:109B40000F0300EE903AE0EE470A77EEE07A24F455
:109B50007F6424F00F0407EE104A67EEA80A38EE7F
:109B6000C77A07EE903AE7EE270A013F57EA00026C
:109B700007EE104A67EE877AB7EE008A30EEA77AD2
:109B8000BFEE000A17EE104A08BFB0EE408A002C64
:109B900024F0004340F37E81B3F1864F40F3F88018
:109BA000B5EEC08AF1EE10FA4CBF0120002090E71C
:109BB00016F0FF4F01BFDFED667A60EE277A6FF097
:109BC000170217EE905A4FEAE55318BF00227F3B69
:109BD0001344604AC5F31605954245F07E5106DDF3
:109BE0005D4A954240F3A4800133A1F500010025B0
:109BF0005A4A02EB850207EE901A92ED007A584A13
:109C000037EE276AF7EE005AC5EE866A491041F032
:109C1000005101F5802101EB455137EEC75A06EEA0
:109C2000101A65EE264A36EE477A14EE906A164010
:109C300005EE906AA5EEC65A77EEC77A9FED497A8F
:109C4000A5EEE75A64EEA47A25EE266ADFED466AB1
:109C5000A7EEA67ADFED456AE7EE276A9FED387A30
:109C6000A6EEA77ADFED426AE7EE276A9FED417A1A
:109C7000A6EEA77A74EEA56A27EEA75A66EE866A64
:109C8000E5EE076AB0EE085AF0EE457AE5EEA57A01
:109C900077EEA67A17EE901A114007EE901A37EE7B
:109CA000C57AA5EEE57A36EEC77A27EE247AA6EED7
:109CB000277AB0EE476AA5EEA76A16EE101A114091
:109CC00006EE901AE5EEE76ADFED2B7ADFED2B5A10
:109CD00037EE667A06EE101A27EE277ADFED287A3D
:109CE0002849A6EE277A01EB8501D1ED007A37EEFF
:109CF000277A07EE903A244BF8EEE76AF0EE477ABF
:109D0000E6EE257A03EB8505D5ED000A77EEA07A1D
:109D100077EEA67A17EE903A134007EE903A77EE78
:109D2000E66A76EEE06AE6EE656A77EE667A0EE758
:109D300001255DE700000000F3FF7F3F0700803F43
:109D4000ABAAAA3E3BAAB83F70A5EC3600AAB83F22
:109D50000000804B71C41C00D6B35D0030090308BD
:109D600000F0FFFF55326C3E42F1533E05A38B3E9F
:109D7000B76DDB3E9A99193F4F38763F0038763FF2
:109D8000A0C39D3640090308380903083CAA3833AC
:109D900040F095805FED036A37EE677A70EEA66A51
:109DA000F4EEC76AF1EE10FA3FF7FAAEDB15A3F155
:109DB0007E004FF40003034123444B49C3F3C752D1
:109DC0007F3A114123EA010107EE101AC3F316008E
:109DD00040F40000C2F117021041002C77EEC77A60
:109DE000B8BF404237EEA07A9FED400ADFED406AEF
:109DF00017EE103A23F47F6323F00F0307EE103AB7
:109E000077EE677A27EE000A70EEE70ADFED397A1F
:109E1000A0EEA70AF0EE407AE7EE267AB0EE676A87
:109E2000A7EE666A27EEA77A30EE460ADFED326AC1
:109E30009FED326AE7EE066A9FED316AA6EE876A09
:109E4000DFED306AE6EE076A9FED2F6AA6EE876ABD
:109E5000F0EE676AE6EE476AB0EE007A27EEA66A91
:109E600076EEC76AA7EE800A86EE267A37EE400ABB
:109E700070EE677AB7EE000A30EE670A10EE103A1D
:109E800003EBC053B3F5000F1FDAFFF7F1F920EE33
:109E9000080A89E51D4A934207DDB5EEC08AF1EE56
:109EA00010FA4CBF012000201FE608D137EE677A78
:109EB000B4EEE07AF1EE10FAFFF678AFEDE7B3F129
:109EC0007C5F3FF773AF00208CE700EE103ADEE7CF
:109ED000B7EE000A68E59FED0E0A65E5B0EE480AA8
:109EE00062E500278DE500BFFFFF7F008CBEBF3518
:109EF0000072313F1872313F0EEADDB54CBB313391
:109F000055B38A38610B36BBABAA2A3E0000164314
:109F100000000000F0B510EE106A8E4B26F00045F0
:109F20009D4287B0F0EE407A044605DC002380EDC8
:109F3000000A436000201AE0874B9D4246DC002E59
:109F40009FED860A864B25F00F051FDD9D4277EEBB
:109F5000C07A0ED09FED837A37EEC70A77EEC07ACB
:109F600080ED000A77EEC77A0120C4ED017A07B0D0
:109F7000F0BD9FED7D0A9FED7D7A77EEC07A77EE9A
:109F8000C76A77EEE67AC0ED006AEBE79D4277EEAE
:109F9000807A0ED09FED737A37EE870A77EEC07A1B
:109FA00080ED000A77EE877A4FF0FF30C4ED017A3A
:109FB000DDE79FED6D0A9FED6D7A77EE807A77EEA3
:109FC000876A77EEE67AC0ED006AEBE7684B9D4260
:109FD00072DC00F0F3FC9FED677AF6EE007AE0EEBB
:109FE000077AFDEEE77AB8EEE77A17EE900ADFED32
:109FF0005B7AA7EE670A1F28DFED5A7A67EE277AA9
:10A00000B1EE476A70EE676A16EE902A1CDC5A4978
:10A01000471E25F0FF0351F827108B4214D0226011
:10A0200094ED007A30EE470A002E30EE670A84ED98
:10A03000010A9CDAB1EE477AB1EE400A84ED007A6B
:10A0400084ED010A404292E7C2F3C751EB15C1EB20
:10A05000D555082DE3DDDFED447ADFED445AF0EE0F
:10A06000406AE6EE276A30EE660AA6EE270AF0EEB0
:10A07000407AD7EE257A76EEE75A15EE902AC2F3AB
:10A08000C7515B1A192B04DCC4ED005AB0EE660A06
:10A09000C6E7DFED3A5AB0EE660AA6EE250A76EE7E
:10A0A000C07ADFED376AE6EE257AD7EE267A30EE13
:10A0B000677A84ED007AB3E7B5F1FF4F06DB70EE07
:10A0C000407AC0ED017AC0ED007A33E7EA15863AAE
:10A0D000A5EBC25307EE903ABDEEE77ADFED296AB1
:10A0E000B8EEC77A77EEC77A8DED037A67EEA67A77
:10A0F000BDEEE77AB8EEC77A77EEC77A8DED047ACF
:10A1000067EEA67AF5EE407AF1EE10FACDED057A1B
:10A110001ED1B5EE407AF1EE10FA14BF02230123EE
:10A12000194901910221009103A8214600F092F8FB
:10A13000002EBFF61CAFD4ED007AF1EE677AC4EDC5
:10A14000007AD4ED017AF1EE677AC4ED017A79E70D
:10A150000323E5E7D80F493FE3CB1640800FC93F03
:10A16000D00FC93F434435370044353708A3852E07
:10A17000800F494384F9223F4809030800A3852E34
:10A1800032318D2400008043C8090308B1EEC00AB3
:10A190007047000010EE103A23F00043B3F1485F1F
:10A1A000B7EE006A05DAFDEEC07A17EE902A002AB3
:10A1B0003DD060EE005ADFED1F7A9FED1F7ADFED94
:10A1C0001F6A1F4AA5EEA77A9342DFED1E7AE7EEDB
:10A1D000257A9FED1D7AA7EEA57ADFED1C7AE7EED2
:10A1E000257AB0EE667AA7EEA57AF6EE006A65EEFD
:10A1F000A67A67EE256A20EEC07AA5EEA67A04DC80
:10A2000037EEC77A36EE470A7047114A9342DABFF3
:10A2100003F17F4306EE903AF5EE026A77EEE67AB6
:10A2200036EE660A77EEC77A30EE670A7047B0EE10
:10A23000460A70474ED747ADF6740F31ABAA2A3D98
:10A240009999993E7CF293B4010DD037610BB6BA5F
:10A250000000483F2DE9F04F2DED048BD9B0884622
:10A260000290BB496698019351F820A0DDF89CE16B
:10A27000591E131D27DBB2F1030B48BF02F1040B7B
:10A280004FEAEB00451CEC00471A9FEDB57A0394AA
:10A29000A2EBC5050AEB010C1CAE0EEB87090024EE
:10A2A000644512DD019B1CAC04EB83040DF5887B37
:10A2B0004FF0000CD44527DCDDF80890DFEDA87ADC
:10A2C0002746002616E00020DCE7E7425DBF59F88C
:10A2D000243007EE903AF8EEE77AF0EE477AE6ECB3
:10A2E000017A0134DCE7F9EC016A97ED007AE6EED9
:10A2F000877A01368E42A7F10407F4DDEBEC017A90
:10A300000CF1010C0434D5E708AB03EB8A03DFED55
:10A31000938A9FED919A04930EEB800B5646B300FF
:10A32000059358AB03EB860008AC44AB10ED140A60
:10A33000A44603EB86003746002FA0F104004FDC53
:10A340002846CDE90612FEF793FFB0EE408AB4EE40
:10A35000000A28EE000A00F045FBF2EE007AA0EEBB
:10A36000678A002DDDE90612FDEEC87AB8EEE70A2D
:10A3700017EE909A38EE408A44DD06F1FF3C08ABB8
:10A38000C5F1080E53F82C7047FA0EF0814400FA1C
:10A390000EF03F1AC5F1070043F82C700741002F5B
:10A3A0003FDD4FF0000E09F10109734676456BDC85
:10A3B000002D04DD012D78D0022D00F08180022FC8
:10A3C0002FD1B7EE000A30EE488A53B32846CDE9C4
:10A3D0000612FEF74DFFDDE9061238EE408A20E056
:10A3E00060EE287A013FFDEEE77AF8EEE77AA7EE15
:10A3F000C90ABDEEC00AACEC010A90ED000A37EEC6
:10A40000800A99E705D1701E08AB53F82070FF1140
:10A41000C5E7F6EE007AB4EEE78AF1EE10FA31DA2B
:10A420000027B5EE408AF1EE10FA40F09B80741ED2
:10A43000A4460020D4454ADA00287AD008AB083D6B
:10A4400053F82430002B00F081802846B7EE000A34
:10A45000A500FEF70DFF44AA2B1D9FED407AD118F1
:10A460002246002A80F2AE802246002AC0F2CC802A
:10A4700044A901EB8206DFF8DCC0DFED397A002069
:10A48000A11AB6E002278CE720684BB918B1C0F5D5
:10A490008070206001200EF1010E0434034685E730
:10A4A000C0F1FF0020601846F5E7741E08A850F8B8
:10A4B000240000F07F000DF1200C4CF824007EE712
:10A4C000741E08A850F8240000F03F00F3E708AB22
:10A4D00053F82C300CF1FF3C1843ABE70CF1010CA6
:10A4E00050F8044D002CF9D0059B03F5B0730DEB2B
:10A4F0000300019BF4181CAB771C4C3803EB84045D
:10A500006644BE42FFF60BAF5BF82730DDF808E08B
:10A5100007EE903AF8EEE77A4FF0000CE4EC017A9F
:10A52000DFED0F7AA1468C4507DDE0EC017A0137BB
:10A53000E7E704984FF0010CD2E7FEEC016A39ED31
:10A54000017A0CF1010CE6EE877AECE7013C75E745
:10A550000C0D0308E00C0308000080430000803B62
:10A5600000000000039BB0EE480A981AFEF780FE38
:10A570001FED077AB4EEC70AF1EE10FA19DB5FEDB2
:10A58000097A60EE277A08AAFDEEE77A741CF8EEE5
:10A59000E77A0835A7EEC70AFDEEE77ABDEEC00AF6
:10A5A00010EE103A42F8263017EE903A42F8243076
:10A5B0004BE7BDEEC00A08AA10EE103A344642F846
:10A5C000263042E708A850F82200019007EE900AD2
:10A5D000F8EEE77A013A67EE807A20EE070A61ED3D
:10A5E000017A3EE7FCEC016AB6EC017AE6EE877A86
:10A5F0000130504501DC8842F4DD58A800EB8101B0
:10A6000041ED287A013A30E7669A022A09DC002AED
:10A610002ADC43D009F0070059B0BDEC048BBDE83B
:10A62000F08F669B032BF5D130AB2B441A461946AD
:10A6300020460028A1F1040151DC21460129A2F1A4
:10A6400004025CDC5FED3A7A0433012C67DCDDED5B
:10A65000306A9DED317A002F67D1C8ED006A88ED30
:10A66000017AC8ED027AD5E730AA1FED437A134488
:10A670002246002A24DA4FB3F1EE477AC8ED007A79
:10A68000DDED307A77EEC77A31AA01239C4220DAD9
:10A690000FB1F1EE677AC8ED017ABBE730AA5FED42
:10A6A000507A1344002C05DA0FB1F1EE677AC8ED49
:10A6B000007AAFE733ED017A013C77EE877AF1E774
:10A6C00073ED017A013A37EE277AD2E7F0EE477A56
:10A6D000D4E7B2EC017A013377EE877AD6E7D1ED91
:10A6E000007AD1ED016A37EEA67A013877EEC77AA3
:10A6F00081ED007A77EEA67AC1ED017A99E7D2ED85
:10A70000007AD2ED016A37EEA67A013977EEC77A80
:10A7100082ED007A77EEA67AC2ED017A8EE733ED0C
:10A72000017A013C77EE877A8FE7F1EE666AB1EE47
:10A73000477AC8ED006A88ED017AF1EE677A90E712
:10A7400010EE103A23F00043B3F1485F04DAFDEE57
:10A75000C07A17EE903A5BB320EE007ADFED157AFF
:10A760009FED156AA7EE276ADFED147AE6EE077A09
:10A770009FED136AA7EE876ADFED127A60EE076A33
:10A78000E6EE077A30B99FED106AA7EE276AA6EECB
:10A79000260A704767EEE67AB6EE006AE0EE867A41
:10A7A000D7EE870ADFED097AE6EEA70A30EE600AF7
:10A7B000704700BFD3C92E2F342FD7B21BEF3836C6
:10A7C000010D50B98988083CABAA2ABEABAA2A3E23
:10A7D00013B504468DED010A00F072F99DED010AF2
:10A7E000046002B010BD30B1F1EE407A27EE800A6D
:10A7F0002220FFF7EDBFF0EE407AF7E79FED010A68
:10A80000FFF7F1BF000000109FED010AFFF7EBBF5B
:10A810000000007038B510EE105A25F00044B4F175
:10A82000A14FF0EE407A10DBB4F1FF4F04DD70EE83
:10A83000007AB0EE670A38BDDFED4D7A9FED4D0A24
:10A84000002DD8BFF0EE407AF3E74B4B9C4210DC72
:10A85000B4F1445F0ADA9FED497A30EE077AF7EEF9
:10A86000006AB4EEE67AF1EE10FAE2DC4FF0FF3364
:10A8700013E000F0A3F8424B9C424FDCA3F5D00359
:10A880009C4241DCF0EE007ABFEE007AA0EE277A1F
:10A89000002330EE270AC7EE007A5A1C27EEA76A7B
:10A8A0009FED387ADFED385A9FED385A66EE066A2A
:10A8B000E6EE875A9FED367AA5EEA67ADFED355A99
:10A8C000E7EE265A9FED347AA5EEA67ADFED335AED
:10A8D000E7EE265A9FED327AA6EE875A9FED317A3F
:10A8E000A5EE267A9FED305AA7EE265A9FED2F7AD5
:10A8F000A5EE267A27EE267AA5EE867A27EE877AC7
:10A9000021D177EEC77A94E7F7EE007A30EE677AD6
:10A9100030EE270A0123C7EE007ABEE7244B9C42A3
:10A920000BDCF7EE087AB7EE007AA0EE277A022366
:10A9300070EE676AC6EE877AAFE7BFEE007AC7EEC1
:10A94000007A0323A9E71B4A1B4902EB830201EBB0
:10A95000830393ED000A37EE407A92ED000A77EE1A
:10A96000677A002D70EE677AB8BFF1EE677A60E71C
:10A97000DB0FC93FDB0FC9BFFFFFDF3ECAF24971E2
:10A98000FFFF973FD769853C59DA4B3D6BF16EBDB0
:10A99000356B883D6E2EBA3D2549123EABAAAA3EC4
:10A9A00021A215BD95879DBD388EE3BDCDCC4CBE93
:10A9B000FFFF1B40180D0308280D030810EE103A86
:10A9C00023F0004300EE103A704782B08DED010A8B
:10A9D000019820F00040B0F1FF4FACBF00200120F3
:10A9E00002B0704710EE103AC3F3C7527F3A162AEE
:10A9F00023F000412ADC002A11DADFED187A30EE6C
:10AA0000270AB5EEC00AF1EE10FA05DD002B23DAB5
:10AA1000134A002918BF134600EE103A7047114937
:10AA200011410B42FAD0DFED0D7A30EE270AB5EE78
:10AA3000C00AF1EE10FAEFDD002BBEBF4FF40000AC
:10AA400040FA02F29B1823EA0103E5E7B1F1FF4F58
:10AA5000E4D330EE000A70470023DDE7CAF2497103
:10AA6000000080BFFFFF7F009FED010A704700BF1D
:10AA70000000C07F08B5062000F008FE0120DFF7C7
:10AA800007FC00001FB514461A46094B1B68054613
:10AA9000D8684CB1074B0091CDE9013406492B46EB
:10AAA00000F0EAF8FFF7E6FF044B1C46F3E700BFAF
:10AAB00070060020380D0308450D0308730D0308C8
:10AAC000014B1868704700BF70060020002310B5C6
:10AAD0000446C0E90033C0E90433836081814366E2
:10AAE000C2818361194608225C3000F057F9054B9A
:10AAF0006362054BA362054BE362054B246223634B
:10AB000010BD00BF05B7020827B702085FB70208EB
:10AB100083B70208014900F0C1B800BF5DBA02085E
:10AB200070B568224D1E55430E4605F1740100F0C4
:10AB3000A9F9044640B10021C0E900160C30A0601C
:10AB400005F1680200F02AF9204670BD014800F0C6
:10AB5000EAB800BFCD1A0120014800F0E5B800BFF7
:10AB6000CD1A0120014800F0DEB800BFCE1A012046
:10AB7000014800F0D9B800BFCE1A012010B5044634
:10AB8000FFF7F0FFA3691BB1BDE81040FFF7F0BF6E
:10AB9000C4E912332365134B134A1B68A262A34214
:10ABA00004BF0123A361204600F020F86060204626
:10ABB00000F01CF8A060204600F018F80022E060C9
:10ABC00004216068FFF782FFA06801220921FFF7D6
:10ABD0007DFFE06802221221FFF778FF0123A361C5
:10ABE000D2E700BFD40D030815AB0208F8B507463D
:10ABF000FFF7ACFF1E4B1E68B36913B93046FFF771
:10AC0000BDFF4836D6E90134013B03D533680BB3A9
:10AC10003668F7E7B4F90C50D5B9164BE36004F188
:10AC20005800656600F07EF8FFF796FFC4E901550D
:10AC3000C4E904552560A5610822294604F15C0099
:10AC400000F0ACF8C4E90D55C4E912552046F8BD32
:10AC50006834D9E704213846FFF762FF04463060C4
:10AC60000028D5D1FFF778FF0C233B60EEE700BF4B
:10AC7000D40D03080100FFFF0EB403B5014603AB7A
:10AC8000054853F8042B0068019300F099F902B0CD
:10AC90005DF804EB03B07047700600202DE9F8431F
:10ACA0000646884600F148040027D4E90195B9F129
:10ACB000010905D52468002CF7D13846BDE8F88392
:10ACC000AB89012B07D9B5F90E30013303D02946E2
:10ACD0003046C04707436835E9E7000070B50D4DC1
:10ACE0000D4C641BA4100026A64209D10B4D0C4C40
:10ACF00001F03AF9641BA4100026A64205D170BDEC
:10AD000055F8043B98470136EEE755F8043B984761
:10AD10000136F2E7140E0308140E0308140E03089C
:10AD2000240E03087047704770470000024B01462D
:10AD3000186800F0A7B800BF70060020024B01465B
:10AD4000186800F033B800BF700600200A44914232
:10AD500000F1FF3300D1704710B511F8014B03F833
:10AD6000014F9142F9D110BD884210B501EB0204A8
:10AD700002D98442234607D8431EA14208D011F8C5
:10AD8000012B03F8012FF8E7024401468A4200D163
:10AD900010BD13F8014D02F8014DF7E702440346D8
:10ADA000934200D1704703F8011BF9E737B500293A
:10ADB00044D051F8043C0190002BA1F10404B8BF29
:10ADC000E41800F0FFFE1E4A0198136833B963606F
:10ADD000146003B0BDE8304000F0FABEA34208D9C9
:10ADE000256861198B4201BF19685B6849192160A8
:10ADF000EDE71A465B680BB1A342FAD91168551802
:10AE0000A5420BD1246821445418A3421160E0D11B
:10AE10001C685B68536021441160DAE702D90C2397
:10AE20000360D6E7256861198B4204BF19685B6827
:10AE3000636004BF491921605460CAE703B030BDA4
:10AE4000D01A012070B50E4E0C463168054611B976
:10AE500000F0E4FB30602146284600F0DFFB431C95
:10AE60000AD0C41C24F00304A04207D0211A2846AB
:10AE700000F0D4FB013001D14FF0FF34204670BD0B
:10AE8000D41A01202DE9F041CD1C25F00305083529
:10AE90000C2D38BF0C25002D074601DBA94205D932
:10AEA0000C233B6000263046BDE8F0812E4E00F0BA
:10AEB00089FE33681C4634BB29463846FFF7C2FF7B
:10AEC000431C04464DD134682646002E40D12368E9
:10AED0003146384604EB030800F0A0FB80453AD128
:10AEE000216803356D1A25F0030508350C2D38BF90
:10AEF0000C2529463846FFF7A5FF01302BD02368E3
:10AF00002B4423600EE02268521B1ED40B2A16D954
:10AF10006119A342256018BF5960636808BF31609A
:10AF200062514B60384604F10B0600F051FE26F0EA
:10AF30000706231DF21AB6D09B1BA350B3E7626825
:10AF4000A3420CBF32605A60ECE723466468B2E764
:10AF500034467668B9E70C233B60384600F038FE8B
:10AF6000A1E72560DEE700BFD01A01209368013B0E
:10AF7000002B10B4936008DA9469A34201DB0A291C
:10AF800003D15DF8044B00F001BC1368581C10603D
:10AF9000197008465DF8044B7047F8B506460F4631
:10AFA0001446D518AC4201D1002007E014F8011B6B
:10AFB0003A463046FFF7DAFF431CF3D1F8BD0000F4
:10AFC0002DE9F04F0D469DB014469846064618B13F
:10AFD00083690BB9FFF7D2FD894B9D421BD1756880
:10AFE0006B6ED90705D4AB899A0502D4A86DFFF71B
:10AFF0009AFEAB891B0701D52B69EBB92946304670
:10B0000000F028FCC0B16B6EDC070ED54FF0FF30AE
:10B010001DB0BDE8F08F7B4B9D4201D1B568DFE7E5
:10B02000794B9D4208BFF568DAE7AB899805EDD406
:10B03000A86DFFF779FEE9E70023099320238DF837
:10B040002930CDF80C803023DFF8C0818DF82A300C
:10B050004FF0010923469A4613F8012B0AB1252A1D
:10B06000F9D1BAEB040B0BD05B4622462946304699
:10B07000FFF793FF013000F0AA80099A5A44099221
:10B080009AF80030002B00F0A28000234FF0FF322E
:10B09000CDE905230AF1010A049307938DF8533093
:10B0A0001A935446052214F8011B5848DDF7B0F8EE
:10B0B000049AD8B9D10644BF20238DF85330130722
:10B0C00044BF2B238DF853309AF800302A2B15D02B
:10B0D000079A544600204FF00A0C214611F8013B14
:10B0E000303B092B4ED9B0B1079214E0A0EB080316
:10B0F00009FA03F313430493A246D2E7039B191DF5
:10B100001B680391002BBBBF5B4242F00202079316
:10B110000793B8BF049223782E2B0CD163782A2B87
:10B1200035D1039B1A1D1B680392002BB8BF4FF04B
:10B13000FF3302340593DFF8E4A021780322504660
:10B14000DDF766F840B14023A0EB0A0003FA00F0F7
:10B15000049B03430134049314F8011B2C488DF81D
:10B1600028100622DDF754F800283FD0294B1BBBDE
:10B17000039B073323F0070308330393099B3B44E6
:10B18000099367E70CFB02320C460120A5E7002378
:10B190000134059319464FF00A0C204610F8012B94
:10B1A000303A092A03D9002BC5D00591C3E70CFB1F
:10B1B000012104460123F0E703AB00932A46164B16
:10B1C00004A93046AFF300800746781CD6D16B6ED9
:10B1D000D90705D4AB899A0502D4A86DFFF7A4FD61
:10B1E000AB895B063FF512AF099811E703AB0093FB
:10B1F0002A46094B04A9304600F080F8E4E700BF76
:10B20000940D0308B40D0308740D0308D80D03084A
:10B21000E20D0308000000009BAF0208DE0D0308EA
:10B220002DE9F047164699468A680B69DDF82080BB
:10B230009342B8BF1346336091F8432007460C464B
:10B240000AB1013333602368990642BF3368023381
:10B250003360256815F0060506D104F1190AE36884
:10B2600032689B1AAB4226DC94F84320131E2268F6
:10B2700018BF012392062BD404F1430249463846F5
:10B28000C04701301ED02368E568326803F006032A
:10B29000042B08BFAD1AA36822690CBF25EAE57527
:10B2A00000259342C4BF9B1AED1800261A34B542FC
:10B2B0001AD1002008E00123524649463846C047CB
:10B2C000013003D14FF0FF30BDE8F0870135C6E70C
:10B2D000E1185A1C302081F84300224494F84510AC
:10B2E00082F843100233C7E7012322464946384615
:10B2F000C0470130E6D00136D9E700002DE9FF470D
:10B300000F7E0C9D782F914680460C469A4601F19F
:10B31000430207D8622F0AD8002F00F0D880582F98
:10B3200000F0A38004F1420584F842703AE0A7F1EE
:10B330006303152BF6D801A151F823F095B3020849
:10B34000A9B3020825B3020825B3020825B30208F1
:10B3500025B30208A9B3020825B3020825B30208E1
:10B3600025B3020825B30208B5B40208D9B3020810
:10B3700097B4020825B3020825B30208D7B402081F
:10B3800025B30208D9B3020825B3020825B3020881
:10B390009FB402082B681A1D1B682A6004F142053D
:10B3A00084F842300123A3E020682968060601F1F1
:10B3B00004030AD50E682B60002E03DA2D23764293
:10B3C00084F843305E480A2319E00E682B6010F0C1
:10B3D000400F18BF36B2EFE72B682068191D2960AF
:10B3E000010601D51E6802E04606FBD51E885448BA
:10B3F0006F2F0CBF08230A23002184F843106568CF
:10B40000A560002DA2BF216821F0040121600EB9C2
:10B41000002D4DD01546B6FBF3F103FB1167C75D58
:10B4200005F8017D3746BB420E46F4D9082B0BD1F7
:10B430002368DE0708D5236961689942DEBF30239F
:10B4400005F8013C05F1FF35521B2261CDF800A043
:10B450004B4603AA21464046FFF7E2FE01304CD19D
:10B460004FF0FF3004B0BDE8F087354881F84570F3
:10B470002968236851F8046B29601D0614D5DF077D
:10B4800044BF43F0200323601EB9236823F0200348
:10B4900023601023B0E7236843F020032360782360
:10B4A000284884F84530E3E7590648BFB6B2E6E7D6
:10B4B0001546BBE72B6826686169181D28603506AC
:10B4C0001B6801D5196002E07006FBD519800023C6
:10B4D00023611546BAE72B681A1D2A601D68626849
:10B4E00000212846DCF794FE08B1401B60606368C9
:10B4F0002361002384F84330A8E723692A4649469C
:10B500004046D0470130ABD023689B0713D4E06896
:10B51000039B9842B8BF1846A4E701233246494628
:10B520004046D04701309BD00135E36803995B1A50
:10B53000AB42F2DCEBE7002504F11906F5E700BFAA
:10B54000E90D0308FA0D030838B50C4609680546ED
:10B5500009B1FFF7F9FF21462846BDE83840FFF75B
:10B5600025BC00002C4B1B68834270B5044651D0AB
:10B57000436A43B1DB68002B4AD1636A196811B191
:10B580002046FFF713FC616911B12046FFF70EFC5E
:10B59000616A11B12046FFF709FCA16B11B1204689
:10B5A000FFF704FCE16B11B12046FFF7FFFB216CB4
:10B5B00011B12046FFF7FAFBE16D11B12046FFF70C
:10B5C000F5FBA16D11B12046FFF7F0FB616B11B1E6
:10B5D0002046FFF7EBFBA369E3B1A36A2046984737
:10B5E000A16CB9B12046BDE87040FFF7ADBF495925
:10B5F00041B90435636A802DD968F8D12046FFF738
:10B60000D5FBBAE70E682046FFF7D0FB3146EFE7DF
:10B610000025EFE770BD00BF7006002038B5064D6D
:10B620000023044608462B60DEF762FE431C02D16D
:10B630002B6803B1236038BDD81A01201F2938B503
:10B6400004460D4604D9162303604FF0FF3038BD81
:10B65000426C12B152F821304BB9204600F030F85C
:10B660002A4601462046BDE8384000F017B8012BB5
:10B670000AD0591C03D1162303600120E7E70024F8
:10B6800042F82540284698470020E0E7024B014653
:10B690001868FFF7D3BF00BF7006002038B5074D0C
:10B6A00000230446084611462B60DEF7E9FD431CE3
:10B6B00002D12B6803B1236038BD00BFD81A012026
:10B6C000DEF7DCBD0EB400B59CB01DAB0290069059
:10B6D0006FF00041094807910491094953F8042B80
:10B6E00005910068019302A900F002FB029B002271
:10B6F0001A701CB05DF804EB03B0704770060020B0
:10B700000802FFFF10B50C46B1F90E1000F0F0FB77
:10B710000028ABBF636DA3891B1823F48053ACBF13
:10B720006365A38110BD2DE9F0411F468B89DB05C0
:10B7300005460C46164605D5B1F90E100223002227
:10B7400000F0C8F9A389B4F90E1023F48053A38143
:10B7500032463B462846BDE8F04100F069B810B5D6
:10B760000C46B1F90E1000F0B5F9431CA38915BFC2
:10B77000606523F4805343F48053A38118BFA381F1
:10B7800010BDB1F90E1000F0D3B80000F8B50E46A8
:10B790001446054618B183690BB9FFF7EFF9214B41
:10B7A0009C422BD16C68A369A360A3891A072FD58B
:10B7B00023696BB323692068C01A6369F6B28342B8
:10B7C000374604DC2146284600F048F930BBA36820
:10B7D000013BA36023685A1C22601E70636901301C
:10B7E000834204D0A389DB0706D50A2E04D1214663
:10B7F000284600F033F988B93846F8BD0A4B9C4218
:10B8000001D1AC68CFE7094B9C4208BFEC68CAE79E
:10B810002146284600F01EF80028CBD04FF0FF3715
:10B82000EAE700BF940D0308B40D0308740D030884
:10B8300038B5074D04460846114600222A601A46CC
:10B84000DEF73AFD431C02D12B6803B1236038BDFB
:10B85000D81A0120324B70B51D6806460C4625B13A
:10B86000AB6913B92846FFF789F92E4B9C420FD1DB
:10B870006C68A389B4F90C2019072CD4DD0611D407
:10B880000923336042F04003A3814FF0FF303EE0D4
:10B89000254B9C4201D1AC68EBE7244B9C4208BF8E
:10B8A000EC68E6E7580712D5616B41B104F1440337
:10B8B000994202D03046FFF779FA00236363A389E7
:10B8C00023F02403A3810023636023692360A389F9
:10B8D00043F00803A38123694BB9A38903F42073C0
:10B8E000B3F5007F03D02146304600F02BF9A08944
:10B8F000B4F90C2010F001030AD00023A36063699F
:10B900005B42A361236943B910F08000BAD170BDD6
:10B91000810758BF6369A360F4E70020F7E700BF21
:10B9200070060020940D0308B40D0308740D03087D
:10B9300038B5064D0023044608462B60DEF7CAFCE6
:10B94000431C02D12B6803B1236038BDD81A0120F3
:10B950008A892DE9F041054610070C4658D44B68FA
:10B96000002B05DC0B6C002B02DC0020BDE8F08115
:10B97000E66A002EF9D0002312F480522F682B6063
:10B9800032D0606DA3895A0705D56368C01A636B0E
:10B990000BB1236CC01A00230246E66A216A2846CE
:10B9A000B047431CA38906D129681D292CD82A4AEF
:10B9B000CA40D60728D500226260D90422692260D5
:10B9C00004D5421C01D12B6803B96065616B2F60FF
:10B9D0000029CAD004F14403994202D02846FFF757
:10B9E000E5F900206063C1E7216A01232846B047DA
:10B9F000411CC7D12B68002BC4D01D2B01D0162BA6
:10BA000001D12F60B1E7A38943F04003A381ADE7E3
:10BA10000F69002FA9D093070E6808BF4B690F600C
:10BA200018BF0023A6EB07088B60B8F1000F9CDD60
:10BA3000216AA66A43463A462846B047002806DCF3
:10BA4000A38943F04003A3814FF0FF308EE7074402
:10BA5000A8EB0008E9E700BF0100402038B50B69FA
:10BA600005460C4613B90025284638BD18B1836930
:10BA70000BB9FFF783F8144B9C421BD16C68B4F9E7
:10BA80000C30002BEFD0626ED00704D4990502D49D
:10BA9000A06DFFF748F928462146FFF759FF636E6E
:10BAA000DA070546E0D4A3899B05DDD4A06DFFF736
:10BAB0003BF9D9E7054B9C4201D1AC68DFE7044B69
:10BAC0009C4208BFEC68DAE7940D0308B40D030844
:10BAD000740D030838B5074D044608461146002288
:10BAE0002A601A46DEF702FC431C02D12B6803B120
:10BAF000236038BDD81A012070B50E46B1F90E107A
:10BB0000002996B014461D4608DAB6F90C3000221A
:10BB10002A601A0610D44FF480630EE06A4600F0E3
:10BB2000F9F90028F1DB019A02F47042A2F5005302
:10BB30005A425A412A60EEE740230020236016B0A3
:10BB400070BD00008B8973B59D0706460C4607D56E
:10BB500004F14703236023610123636102B070BDD8
:10BB600001AB6A46FFF7C8FF009905463046FFF76C
:10BB700089F948B9B4F90C309A05EFD423F00303DE
:10BB800043F00203A381E3E70D4BB362A389206076
:10BB900043F08003A381009B6361019B20615BB143
:10BBA000B4F90E10304600F0C7F928B1A38923F08C
:10BBB000030343F00103A381A0890543A581CDE7D9
:10BBC00015AB02080148FFF7AEB800BFCC1A012040
:10BBD0000148FFF7A9B800BFCC1A01202DE9F041B8
:10BBE000804614460E4621B9BDE8F0411146FFF7E4
:10BBF00049B92AB9FFF7DAF825462846BDE8F081A9
:10BC000000F0AAF98442074602D8B4EB500F12D8CC
:10BC100021464046FFF736F905460028EDD0BC42E4
:10BC20002246314628BF3A46FFF790F83146404653
:10BC3000FFF7BCF8E1E73546DFE72DE9F0478E680E
:10BC40009E4282460C4690461F4638D88A8912F496
:10BC5000906F32D025680969A5EB0109656905EB8C
:10BC6000450505EBD57501334B446D109D4238BF3A
:10BC70001D46530531D52946FFF704F9064650B94C
:10BC80000C23CAF80030A38943F04003A3814FF08E
:10BC9000FF30BDE8F08721694A46FFF757F8A389CE
:10BCA00023F4906343F08003A381266165614E44D1
:10BCB000A5EB09052660A5603E46BE4200D93E467A
:10BCC000206832464146FFF74FF8A3689B1BA360EC
:10BCD0002368334423600020DBE72A46FFF77EFF1A
:10BCE00006460028E1D121695046FFF75FF8C7E713
:10BCF0002DE9F04F98468B891B069DB007460D46EF
:10BD000014460ED50B6963B94021FFF7BBF82860D4
:10BD1000286120B90C233B604FF0FF30D1E0402375
:10BD20006B610023099320238DF82930CDF80C8016
:10BD30003023DFF8A8818DF82A304FF0010923461F
:10BD40009A4613F8012B0AB1252AF9D1BAEB040B54
:10BD50000BD05B46224629463846FFF76EFF01307E
:10BD600000F0AA80099A5A4409929AF80030002BF0
:10BD700000F0A28000234FF0FF32CDE905230AF145
:10BD8000010A049307938DF853301A935446052201
:10BD900014F8011B5148DCF73BFA049AD8B9D006D5
:10BDA00044BF20238DF85330110744BF2B238DF857
:10BDB00053309AF800302A2B15D0079A54460020A9
:10BDC0004FF00A0C214611F8013B303B092B4ED9AC
:10BDD000B0B1079214E0A0EB080309FA03F3134390
:10BDE0000493A246D2E7039B191D1B680391002B05
:10BDF000BBBF5B4242F0020207930793B8BF0492B5
:10BE000023782E2B0CD163782A2B35D1039B1A1D56
:10BE10001B680392002BB8BF4FF0FF330234059329
:10BE2000DFF8C8A0217803225046DCF7F1F940B1D1
:10BE30004023A0EB0A0003FA00F0049B0343013403
:10BE4000049314F8011B26488DF828100622DCF70D
:10BE5000DFF9002838D0234B1BBB039B073323F0AB
:10BE6000070308330393099B3344099367E70CFBEB
:10BE700002320C460120A5E7002301340593194640
:10BE80004FF00A0C204610F8012B303A092A03D94A
:10BE9000002BC5D00591C3E70CFB0121044601230B
:10BEA000F0E703AB00932A460F4B04A93846AFF3E3
:10BEB0000080421C0646D6D1AB895B063FF52CAF0D
:10BEC00009981DB0BDE8F08F03AB00932A46064BDE
:10BED00004A93846FFF712FAEBE700BFD80D0308B4
:10BEE000E20D0308000000003BBC0208DE0D030861
:10BEF00038B5074D04460846114600222A601A4606
:10BF0000DEF7CCF9431C02D12B6803B1236038BDA6
:10BF1000D81A012038B5074D0023044608461146BB
:10BF20002B60DEF7DBF9431C02D12B6803B12360E1
:10BF300038BD00BFD81A012038B5064D002304468D
:10BF400008462B60DEF7D0F9431C02D12B6803B101
:10BF5000236038BDD81A012051F8043C181F002B6B
:10BF6000BCBF0B58C0187047F8B500BFF8BC08BC80
:10BF70009E467047F8B500BFF8BC08BC9E467047A7
:10BF80004E450200F30000004E450200FF00000095
:10BF90004E450200010000004E4502000500000071
:10BFA0004E450200020000004E4502000400000061
:10BFB0004E450200030000004E4502000100000053
:10BFC0004E450200050000004E4502000200000040
:10BFD0004E450200040000004E4502000300000030
:10BFE0004E450200060000004E4502000F00000012
:10BFF0004E4502001F00000000000000010000008C
:10C000000200000004000000070000000A00000019
:10C010000D00000010000000000000000000000003
:10C0200000000000000000000000803F0000803F92
:10C030000000000000000000000000000000000000
:10C0400000000000000000000000803F0000803F72
:10C0500000000000000000000000000000000000E0
:10C0600000000000000000000000803F0000803F52
:10C0700000000000000000000000000000000000C0
:10C0800000000000000000000000803F0000803F32
:10C0900000000000000000000000000000000000A0
:10C0A00000000000000000000000803F0000803F12
:10C0B0000000000000000000000000000000000080
:10C0C00000000000000000000000803F0000803FF2
:10C0D0000000000000000000000000000000000060
:10C0E00000000000000000000000803F0000803FD2
:10C0F00053656D5461736B506F6C6C4D6D630000D4
:10C1000053656D5461736B506F6C6C426D700000C1
:10C1100053656D5461736B506F6C6C426D6D320082
:10C1200053656D5461736B506F6C6C426D6D310073
:10C1300053656D5461736B526563656976655363CE
:10C1400068613633544461746100000053656D4486
:10C15000617461526563656976656454646B32002D
:10C1600053656D44617461526563656976656454B5
:10C17000646B310053656D6170686F726554646BF8
:10C180003200000053656D6170686F726554646BB6
:10C190003100000053656D6170686F7265546173A2
:10C1A0006B43616E53656E646572000053656D612B
:10C1B00070686F72655461736B31306D730000008D
:10C1C00053656D6170686F72655461736B356D7323
:10C1D0000000000053656D6170686F726554617393
:10C1E0006B316D730000000054696D6572437963B3
:10C1F0006C69635461736B547269676765720000A0
:10C2000051756575655461736B50726F63657373B7
:10C2100053796E6300000000517565756554617354
:10C220006B527332333253656E64657200000000E6
:10C230005461736B496E6974000000005461736B44
:10C24000506F6C6C4D6D63005461736B506F6C6C10
:10C25000426D70005461736B506F6C6C426D6D3247
:10C26000000000005461736B506F6C6C426D6D3157
:10C27000000000005461736B526563656976655315
:10C280006368613633544461746100005461736BB8
:10C29000506F6C6C49636D32000000005461736B29
:10C2A000506F6C6C49636D31000000005461736B1A
:10C2B00043616E5265636569766572005461736BA4
:10C2C00043616E53656E6465720000005461736B68
:10C2D00050726F6365737353796E63005461736B4F
:10C2E000527332333253656E646572005461736BFE
:10C2F00031306D73000000005461736B356D730055
:10C300005461736B316D730000C2020800000000BD
:10C31000BC07002050000000B40700200800000007
:10C3200018C2020800000000180800205000000099
:10C33000100800200800000060C102080000000092
:10C340006C080020500000004CC1020800000000F2
:10C35000C00800205000000020C1020800000000BA
:10C360001C0900205000000010C10208000000005D
:10C370006C0900205000000000C10208000000000D
:10C38000BC09002050000000F0C0020800000000BE
:10C39000100A00205000000030C102080000000018
:10C3A000640A002050000000ACC102080000000038
:10C3B000B80A002050000000D4C1020800000000AC
:10C3C0000C0B002050000000C0C10208000000005B
:10C3D000600B00205000000094C102080000000023
:10C3E000B40B00205000000084C1020800000000CF
:10C3F000080C00205000000074C10208000000007A
:10C400005C0C002050000000ECC20208000000009C
:10C41000B04C0020CC000000B00C00200040000018
:10C4200018000000000000000000000000C3020827
:10C4300000000000804F0020CC000000804D002054
:10C4400000020000080000000000000000000000E2
:10C45000F8C202080000000050580020CC00000084
:10C4600050500020000800002100000000000000E3
:10C4700000000000ACC2020800000000205D0020A7
:10C48000CC0000002059002000040000280000001B
:10C490000000000000000000BCC202080000000014
:10C4A000F0610020CC000000F05D002000040000DE
:10C4B00020000000000000000000000030C2020860
:10C4C00000000000C0660020CC000000C062002018
:10C4D0000004000037000000000000000000000021
:10C4E00064C202080000000090690020CC00000037
:10C4F00090670020000200002800000000000000FB
:10C500000000000054C2020800000000606C00201F
:10C51000CC000000606A002000020000280000003B
:10C52000000000000000000048C2020800000000F7
:10C53000306F0020CC000000306D002000020000B1
:10C540002800000000000000000000009CC202085B
:10C550000000000008740020CC00000008700020DB
:10C5600000020000280000000000000000000000A1
:10C570008CC2020800000000D4740020CC0000002F
:10C5800008720020000200002800000000000000E7
:10C59000000000003CC2020800000000A07700205C
:10C5A000CC000000A0750020000200002800000060
:10C5B0000000000000000000CCC2020800000000E3
:10C5C000707A0020CC00000070780020000200008B
:10C5D00029000000000000000000000074C20208F2
:10C5E0000000000040830020CC000000407B0020C1
:10C5F000000800002800000000000000000000000B
:10C60000DCC202080000000010880020CC000000FE
:10C610001084002000040000200000000000000042
:10C6200000000000E8C1020800000000E0880020CF
:10C630002C000000000000000000000001020304C4
:10C640000607080900000000010203040006101696
:10C6500000061016020000000100000003000000A8
:10C66000030000000400000049444C4500000000A5
:10C67000546D725100000000546D722053766300B7
:10C680000A0A415353455254494F4E204641494CA2
:10C6900045443A2066756E6374696F6E2000000031
:10C6A0002C206C696E6520002E0A0000303030317D
:10C6B000303230333034303530363037303830394E
:10C6C0003130313131323133313431353136313746
:10C6D000313831393230323132323233323432352C
:10C6E0003236323732383239333033313332333312
:10C6F00033343335333633373338333934303431F8
:10C7000034323433343434353436343734383439DD
:10C7100035303531353235333534353535363537D5
:10C7200035383539363036313632363336343635BB
:10C7300036363637363836393730373137323733A1
:10C740003734373537363737373837393830383187
:10C75000383238333834383538363837383838396D
:10C760003930393139323933393439353936393765
:10C77000393839390000000066616C7365000000CB
:10C7800043426168727346696C7465725377633AA9
:10C790003A43426168727346696C74657253776399
:10C7A000282900002E2E2F5274652F5372632F43B9
:10C7B000426168727346696C7465725377632E6365
:10C7C0007070000075496E7374616E6365496E64C4
:10C7D0006578203D3D203055000000007374617481
:10C7E00069632043426168727346696C7465725371
:10C7F0007763262043426168727346696C74657280
:10C800005377633A3A676574496E7374616E636512
:10C81000496D706C28756E7369676E656420696E0A
:10C820007429000000000000000000009D51010874
:10C83000A1510108626F6F6C2043426D6D3135303C
:10C840004472697665723A3A7772697465526567BF
:10C8500069737465722875696E74385F742C2075FD
:10C86000696E74385F742A2900000000433A2F551E
:10C87000736572732F6665646F722F446174612FE4
:10C8800050726F6A6563745F4E452F34315F436F3A
:10C8900064655F646576656C6F706D656E745F77F7
:10C8A0006F726B2F62616872732D73772F30315FF7
:10C8B0004C6962726172792F53746D33322F4472F6
:10C8C00069766572732F43426D6D313530447269FC
:10C8D0007665722E6370700075496E7374616E6355
:10C8E00065496E646578203C2043426D6D3135307A
:10C8F0004472697665723A3A736B75496E73746106
:10C900006E6365436F756E745F00000073746174CD
:10C9100069632043426D6D313530447269766572CA
:10C92000262043426D6D3135304472697665723A26
:10C930003A676574496E7374616E6365496D706CB6
:10C9400028756E7369676E656420696E74290000CE
:10C95000626F6F6C2043426D6D3135304472697681
:10C9600065723A3A7265616446726F6D41646472D1
:10C970002875696E74385F742C2075696E74385F21
:10C98000742A2C2075696E74385F742900000000C9
:10C99000000000000000000035570108D5540108D0
:10C9A0007374617469632043426D70333834447228
:10C9B00069766572262043426D703338344472695B
:10C9C0007665723A3A676574496E7374616E636531
:10C9D000496D706C28756E7369676E656420696E49
:10C9E00074290000433A2F55736572732F6665648E
:10C9F0006F722F446174612F50726F6A6563745F48
:10CA00004E452F34315F436F64655F646576656CB6
:10CA10006F706D656E745F776F726B2F6261687295
:10CA2000732D73772F30315F4C6962726172792F89
:10CA300053746D33322F447269766572732F43429B
:10CA40006D703338344472697665722E637070008D
:10CA50000000000000000000696001085D5C010842
:10CA60006F70496E7374616E6365000073746174F6
:10CA7000696320696E74204343616E48616E646C23
:10CA800065723A3A64727653656E642843616E61EA
:10CA900073496E7374616E63652A2C20696E742C01
:10CAA00020636F6E73742043616E617343616E46E1
:10CAB00072616D652A2900002E2E2F5274652F4950
:10CAC0006E632F4343616E48616E646C65722E68BD
:10CAD00000000000694966616365203E3D2030200A
:10CAE000262620694966616365203C2043414E5FEC
:10CAF00049464143455F434F554E54006B6F704666
:10CB000072616D6500000000737461746963207662
:10CB10006F69642A204343616E48616E646C65727C
:10CB20003A3A7374617469634D616C6C6F63284346
:10CB3000616E6173496E7374616E63652A2C20693E
:10CB40006E7429002E2E2F5274652F5372632F435B
:10CB500043616E48616E646C65722E637070000094
:10CB60006953697A65203E20300000006F70506C78
:10CB70006174666F726D000073746174696320691B
:10CB80006E74204343616E48616E646C65723A3A1C
:10CB900064727646696C7465722843616E6173498C
:10CBA0006E7374616E63652A2C20696E742C206329
:10CBB0006F6E73742043616E617343616E46696C7E
:10CBC000746572436F6E6669672A2C20696E7429DA
:10CBD000000000006B6F7046696C74657273000032
:10CBE000694E756D46696C74203E2030000000006F
:10CBF00043616E61734D7574657800007374617480
:10CC00006963204343616E48616E646C65722620DF
:10CC10004343616E48616E646C65723A3A6765744D
:10CC2000496E7374616E6365496D706C28756E73BF
:10CC300069676E656420696E74290000737461749D
:10CC4000696320766F6964204343616E48616E6456
:10CC50006C65723A3A5265636569766543616E4602
:10CC600072616D657328290000000000000000005B
:10CC7000416301081962010830203D3D2063616E67
:10CC80006173506172616D41647665727469736538
:10CC900028266F72496E7374616E63652E6F4361EF
:10CCA0006E6173496E7374616E63652C2043414EEF
:10CCB00041535F4E4F445F4445465F424F44595F86
:10CCC0004C4F4E4749545544494E414C5F414343B4
:10CCD000454C45524154494F4E2C2066616C73655A
:10CCE000290000007669727475616C20766F696442
:10CCF000204343616E4F757470757448616E646C47
:10CD000065723A3A496E6974282900002E2E2F5216
:10CD100074652F5372632F4343616E4F7574707542
:10CD20007448616E646C65722E6370700000000060
:10CD300030203D3D2063616E6173506172616D41D1
:10CD4000647665727469736528266F72496E7374B0
:10CD5000616E63652E6F43616E6173496E737461BA
:10CD60006E63652C2043414E41535F4E4F445F44F8
:10CD700045465F424F44595F4C41544552414C5FD8
:10CD8000414343454C45524154494F4E2C20666126
:10CD90006C7365290000000030203D3D2063616E0A
:10CDA0006173506172616D41647665727469736517
:10CDB00028266F72496E7374616E63652E6F4361CE
:10CDC0006E6173496E7374616E63652C2043414ECE
:10CDD00041535F4E4F445F4445465F424F44595F65
:10CDE0004E4F524D414C5F414343454C4552415497
:10CDF000494F4E2C2066616C7365290030203D3D03
:10CE00002063616E6173506172616D416476657219
:10CE10007469736528266F72496E7374616E6365F9
:10CE20002E6F43616E6173496E7374616E63652C1E
:10CE30002043414E41535F4E4F445F4445465F425D
:10CE40004F44595F50495443485F524154452C2048
:10CE500066616C736529000030203D3D2063616E82
:10CE60006173506172616D41647665727469736556
:10CE700028266F72496E7374616E63652E6F43610D
:10CE80006E6173496E7374616E63652C2043414E0D
:10CE900041535F4E4F445F4445465F424F44595FA4
:10CEA000524F4C4C5F524154452C2066616C736567
:10CEB0002900000030203D3D2063616E61735061A8
:10CEC00072616D41647665727469736528266F724C
:10CED000496E7374616E63652E6F43616E61734951
:10CEE0006E7374616E63652C2043414E41535F4EF7
:10CEF0004F445F4445465F424F44595F5941575F35
:10CF0000524154452C2066616C7365290000000075
:10CF100030203D3D2063616E6173506172616D41EF
:10CF2000647665727469736528266F72496E7374CE
:10CF3000616E63652E6F43616E6173496E737461D8
:10CF40006E63652C2043414E41535F4E4F445F4416
:10CF500045465F424F44595F50495443485F414EF4
:10CF6000474C452C2066616C7365290030203D3D9F
:10CF70002063616E6173506172616D4164766572A8
:10CF80007469736528266F72496E7374616E636588
:10CF90002E6F43616E6173496E7374616E63652CAD
:10CFA0002043414E41535F4E4F445F4445465F42EC
:10CFB0004F44595F524F4C4C5F414E474C452C20DB
:10CFC00066616C736529000030203D3D2063616E11
:10CFD0006173506172616D416476657274697365E5
:10CFE00028266F72496E7374616E63652E6F43619C
:10CFF0006E6173496E7374616E63652C2043414E9C
:10D0000041535F4E4F445F4445465F414C54495441
:10D010005544455F524154452C2066616C73652927
:10D020000000000030203D3D2063616E617350615F
:10D0300072616D41647665727469736528266F72DA
:10D04000496E7374616E63652E6F43616E617349DF
:10D050006E7374616E63652C2043414E41535F4E85
:10D060004F445F4445465F4D41474E455449435FF9
:10D0700048454144494E472C2066616C7365290040
:10D0800030203D3D2063616E6173506172616D417E
:10D09000647665727469736528266F72496E73745D
:10D0A000616E63652E6F43616E6173496E73746167
:10D0B0006E63652C2043414E41535F4E4F445F44A5
:10D0C00045465F5354414E444152445F414C54499C
:10D0D000545544452C2066616C736529000000009E
:10D0E00030203D3D2063616E6173506172616D411E
:10D0F000647665727469736528266F72496E7374FD
:10D10000616E63652E6F43616E6173496E73746106
:10D110006E63652C2043414E41535F4E4F445F4444
:10D1200045465F5354415449435F5052455353550C
:10D1300052452C2066616C7365290000737461741C
:10D140006963204343616E4F757470757448616EF6
:10D15000646C657226204343616E4F7574707574FC
:10D1600048616E646C65723A3A676574496E7374AF
:10D17000616E6365496D706C28756E7369676E6565
:10D180006420696E742900000000000000000000A7
:10D19000A165010899650108676574536875746431
:10D1A0006F776E50696E49640000000075496E73B8
:10D1B00074616E6365496E646578203C2043496301
:10D1C0006D32303738394472697665723A3A736B2A
:10D1D00075496E7374616E6365436F756E745F003D
:10D1E000737461746963204349636D323037383931
:10D1F00044726976657226204349636D3230373850
:10D20000394472697665723A3A676574496E737427
:10D21000616E6365496D706C28756E7369676E65C4
:10D220006420696E74290000433A2F557365727348
:10D230002F6665646F722F446174612F50726F6A3C
:10D240006563745F4E452F34315F436F64655F647F
:10D250006576656C6F706D656E745F776F726B2F3E
:10D2600062616872732D73772F30315F4C6962721F
:10D270006172792F53746D33322F447269766572FF
:10D28000732F4349636D323037383944726976659C
:10D29000722E637070000000696E742049636D32F5
:10D2A00030373839496D7544617461446D61526538
:10D2B000717565737428756E7369676E656420692E
:10D2C0006E742900766F69642049636D3230373897
:10D2D000395061727365496D7544617461446D6163
:10D2E00028756E7369676E656420696E7429000025
:10D2F000696E742049636D32303738395072657306
:10D300007375726544617461446D615265717565D0
:10D31000737428756E7369676E656420696E74290D
:10D3200000000000696E742049636D32303738396F
:10D330005472696767657250726573737572654D73
:10D340006561737572656D656E7428756E73696756
:10D350006E656420696E742900000000766F696450
:10D360002049636D3230373839496E76616C6964B3
:10D37000617465496D754F7574707574506F727412
:10D3800028756E7369676E656420696E7429000084
:10D39000766F69642049636D3230373839496E766B
:10D3A000616C696461746550726573737572654F01
:10D3B0007574707574506F727428756E7369676ECA
:10D3C000656420696E742900766F69642049636D15
:10D3D00032303738395061727365507265737375C6
:10D3E000726544617461446D6128756E7369676E1E
:10D3F000656420696E7429000000000000000000D0
:10D40000E1C10108F5770108737461746963204311
:10D41000496D754D6F6E69746F7253776326204343
:10D42000496D754D6F6E69746F725377633A3A67E1
:10D430006574496E7374616E6365496D706C2875AF
:10D440006E7369676E656420696E74290000000060
:10D450002E2E2F5274652F5372632F43496D754DD5
:10D460006F6E69746F725377632E63707000000083
:10D4700000000000000000001DC5010821C50108D2
:10D48000434D61676E6574696348656164696E6781
:10D4900046696C7465725377633A3A434D61676EBF
:10D4A0006574696348656164696E6746696C746533
:10D4B00072537763282900002E2E2F5274652F5344
:10D4C00072632F434D61676E65746963486561647B
:10D4D000696E6746696C7465725377632E6370700A
:10D4E0000000000073746174696320434D61676ECE
:10D4F0006574696348656164696E6746696C7465E3
:10D50000725377632620434D61676E657469634883
:10D51000656164696E6746696C7465725377633AD6
:10D520003A676574496E7374616E6365496D706CBA
:10D5300028756E7369676E656420696E74290000D2
:10D54000000000000000000069C701086DC7010865
:10D5500073746174696320434D61676E65746F6DA8
:10D5600065746572436F6D70656E7361746F72265A
:10D5700020434D61676E65746F6D65746572436FAE
:10D580006D70656E7361746F723A3A676574496E57
:10D590007374616E6365496D706C28756E7369672D
:10D5A0006E656420696E7429000000002E2E2F52D3
:10D5B00074652F5372632F434D61676E65746F6D91
:10D5C00065746572436F6D70656E7361746F722EF2
:10D5D0006370700000000000000000007DC90108B9
:10D5E00079C9010873746174696320434D6D6335B3
:10D5F0003938334472697665722620434D6D633540
:10D600003938334472697665723A3A676574496E9F
:10D610007374616E6365496D706C28756E736967AC
:10D620006E656420696E742900000000433A2F552E
:10D63000736572732F6665646F722F446174612F16
:10D6400050726F6A6563745F4E452F34315F436F6C
:10D6500064655F646576656C6F706D656E745F7729
:10D660006F726B2F62616872732D73772F30315F29
:10D670004C6962726172792F53746D33322F447228
:10D6800069766572732F434D6D6335393833447253
:10D69000697665722E637070000000000000000063
:10D6A0000000000081CB010875CB010800000000DC
:10D6B00000000000A5CF01089DCF010873746174BC
:10D6C0006963204352733233324F757470757448F6
:10D6D000616E646C657226204352733233324F752B
:10D6E0007470757448616E646C65723A3A676574FB
:10D6F000496E7374616E6365496D706C28756E73E5
:10D7000069676E656420696E742900002E2E2F52A1
:10D7100074652F5372632F4352733233324F7574D3
:10D7200070757448616E646C65722E637070000071
:10D73000766F6964204352733233324F757470755B
:10D740007448616E646C65723A3A7472616E736D9E
:10D7500069744D6573736167652875696E74385FA8
:10D76000742A2C2075696E7431365F7429000000AC
:10D77000287553697A65203E2030292026262028E6
:10D780007553697A65203C3D20736B7542756666FA
:10D7900065724C656E6774685F29000000000000C8
:10D7A00000000000FDD8010801D901082828737580
:10D7B000436F756E746572202D20315529203E3DD2
:10D7C0002030292026262028287375436F756E7413
:10D7D0006572202D20315529203C206F4C617465E5
:10D7E0007374446174617365745F2E6F4D6561730A
:10D7F0007572656D656E74735F2E73697A6528291D
:10D8000029000000766F69642043536368613633F2
:10D81000544472697665723A3A506F6C6C53656E17
:10D82000736F722829000000433A2F557365727395
:10D830002F6665646F722F446174612F50726F6A36
:10D840006563745F4E452F34315F436F64655F6479
:10D850006576656C6F706D656E745F776F726B2F38
:10D8600062616872732D73772F30315F4C69627219
:10D870006172792F53746D33322F447269766572F9
:10D88000732F43536368613633544472697665720B
:10D890002E6370700000000025303564253031782B
:10D8A00025303458000000005343422D3E49435375
:10D8B000522026205343425F494353525F5645430B
:10D8C000544143544956455F4D736B007374617402
:10D8D00069632043536368613633544472697665E3
:10D8E0007226204353636861363354447269766507
:10D8F000723A3A676574496E7374616E6365496D17
:10D90000706C28756E7369676E656420696E742922
:10D91000000000000000000000000000E5F2010827
:10D92000D9EE010875496E7374616E6365496E6462
:10D930006578203C20736B75496E7374616E636506
:10D94000436F756E745F0000737461746963207453
:10D9500044657269766564436F6D706F6E656E7451
:10D96000436C617373262043536F667477617265ED
:10D97000436F6D706F6E656E743C7444657269764A
:10D980006564436F6D706F6E656E74436C61737325
:10D990002C2074496E7374616E6365436F756E7489
:10D9A0003E3A3A476574496E7374616E63652875D3
:10D9B0006E7369676E656420696E7429205B776990
:10D9C0007468207444657269766564436F6D706F26
:10D9D0006E656E74436C617373203D2043426D6DC0
:10D9E0003135304472697665723B20756E736967B4
:10D9F0006E656420696E742074496E7374616E6321
:10DA000065436F756E74203D20325D002E2E2F2EE3
:10DA10002E2F2E2E2F2E2E2F30315F4C69627261E9
:10DA200072792F53746D33322F436F6D706F6E6543
:10DA30006E74732F47656E6572616C2F43536F660A
:10DA40007477617265436F6D706F6E656E7442615D
:10DA500073652E6800000000766F6964205461735E
:10DA60006B526F7574696E65496E69742829000080
:10DA70002E2E2F5274652F5372632F5461736B5285
:10DA80006F7574696E65732E63707000000000001E
:10DA9000963007772C610EEEBA51099919C46D07BB
:10DAA0008FF46A7035A563E9A395649E3288DB0E16
:10DAB000A4B8DC791EE9D5E088D9D2972B4CB609F9
:10DAC000BD7CB17E072DB8E7911DBF906410B71DD6
:10DAD000F220B06A4871B9F3DE41BE847DD4DA1A0F
:10DAE000EBE4DD6D51B5D4F4C785D38356986C1340
:10DAF000C0A86B647AF962FDECC9658A4F5C0114B9
:10DB0000D96C0663633D0FFAF50D088DC8206E3B96
:10DB10005E10694CE44160D5727167A2D1E4033CA8
:10DB200047D4044BFD850DD26BB50AA5FAA8B535CF
:10DB30006C98B242D6C9BBDB40F9BCACE36CD832BE
:10DB4000755CDF45CF0DD6DC593DD1ABAC30D92665
:10DB50003A00DE518051D7C81661D0BFB5F4B42168
:10DB600023C4B3569995BACF0FA5BDB89EB8022865
:10DB70000888055FB2D90CC624E90BB1877C6F2FEA
:10DB8000114C6858AB1D61C13D2D66B69041DC76E5
:10DB90000671DB01BC20D2982A10D5EF8985B171BE
:10DBA0001FB5B606A5E4BF9F33D4B8E8A2C907786D
:10DBB00034F9000F8EA8099618980EE1BB0D6A7F04
:10DBC0002D3D6D08976C6491015C63E6F4516B6BBD
:10DBD00062616C1CD83065854E0062F2ED95066C72
:10DBE0007BA5011BC1F4088257C40FF5C6D9B065E7
:10DBF00050E9B712EAB8BE8B7C88B9FCDF1DDD6244
:10DC0000492DDA15F37CD38C654CD4FB5861B24DA9
:10DC1000CE51B53A7400BCA3E230BBD441A5DF4A73
:10DC2000D795D83D6DC4D1A4FBF4D6D36AE9694336
:10DC3000FCD96E34468867ADD0B860DA732D0444E1
:10DC4000E51D03335F4C0AAAC97C0DDD3C7105500C
:10DC5000AA41022710100BBE86200CC925B56857B3
:10DC6000B3856F2009D466B99FE461CE0EF9DE5EFC
:10DC700098C9D9292298D0B0B4A8D7C7173DB359AD
:10DC8000810DB42E3B5CBDB7AD6CBAC02083B8ED3E
:10DC9000B6B3BF9A0CE2B6039AD2B1743947D5EA4B
:10DCA000AF77D29D1526DB048316DC73120B63E37A
:10DCB000843B64943E6A6D0DA85A6A7A0BCF0EE4D9
:10DCC0009DFF099327AE000AB19E077D44930FF094
:10DCD000D2A3088768F2011EFEC206695D5762F78B
:10DCE000CB67658071366C19E7066B6E761BD4FEC8
:10DCF000E02BD3895A7ADA10CC4ADD676FDFB9F9A5
:10DD0000F9EFBE8E43BEB717D58EB060E8A3D6D666
:10DD10007E93D1A1C4C2D83852F2DF4FF167BBD194
:10DD20006757BCA6DD06B53F4B36B248DA2B0DD897
:10DD30004C1B0AAFF64A0336607A0441C3EF60DF3A
:10DD400055DF67A8EF8E6E3179BE69468CB361CB23
:10DD50001A8366BCA0D26F2536E2685295770CCC48
:10DD600003470BBBB91602222F260555BE3BBAC589
:10DD7000280BBDB2925AB42B046AB35CA7FFD7C27A
:10DD800031CFD0B58B9ED92C1DAEDE5BB0C2649B6B
:10DD900026F263EC9CA36A750A936D02A906099C9E
:10DDA0003F360EEB8567077213570005824ABF9511
:10DDB000147AB8E2AE2BB17B381BB60C9B8ED29294
:10DDC0000DBED5E5B7EFDC7C21DFDB0BD4D2D386EB
:10DDD00042E2D4F1F8B3DD686E83DA1FCD16BE815E
:10DDE0005B26B9F6E177B06F7747B718E65A08882F
:10DDF000706A0FFFCA3B06665C0B0111FF9E658FC0
:10DE000069AE62F8D3FF6B6145CF6C1678E20AA069
:10DE1000EED20DD75483044EC2B30339612667A7EF
:10DE2000F71660D04D476949DB776E3E4A6AD1AE3E
:10DE3000DC5AD6D9660BDF40F03BD83753AEBCA9CD
:10DE4000C59EBBDE7FCFB247E9FFB5301CF2BDBD3A
:10DE50008AC2BACA3093B353A6A3B4240536D0BA43
:10DE60009306D7CD2957DE54BF67D9232E7A66B3E0
:10DE7000B84A61C4021B685D942B6F2A37BE0BB48D
:10DE8000A18E0CC31BDF055A8DEF022D7546696C00
:10DE9000746572496E646578203C20424148525353
:10DEA0005F46494C5445525F434F554E5400000065
:10DEB00043426168727346696C74657226204E42F3
:10DEC0006168727346696C7465724170693A3A4E62
:10DED000426168727356323A3A7B616E6F6E796D49
:10DEE0006F75737D3A3A67657446696C74657249FB
:10DEF0006E7374616E63652875696E7433325F7416
:10DF000029000000433A2F55736572732F666564CC
:10DF10006F722F446174612F50726F6A6563745F12
:10DF20004E452F34315F436F64655F646576656C81
:10DF30006F706D656E745F776F726B2F6261687260
:10DF4000732D73656E736F722D667573696F6E2DA9
:10DF50006C69622D312F30315F4C69627261727968
:10DF60002F7372632F426168727346696C746572B5
:10DF70004170692E63707000726F77203E3D2030D3
:10DF800020262620726F77203C20726F7773282915
:10DF900020262620636F6C203E3D20302026262040
:10DFA000636F6C203C20636F6C73282900000000B5
:10DFB000456967656E3A3A44656E7365436F656699
:10DFC0006673426173653C446572697665642C20B2
:10DFD000313E3A3A5363616C617226204569676548
:10DFE0006E3A3A44656E7365436F65666673426167
:10DFF00073653C446572697665642C20313E3A3A1B
:10E000006F70657261746F72282928456967656E43
:10E010003A3A496E6465782C20456967656E3A3AEC
:10E02000496E64657829205B77697468204465725D
:10E0300069766564203D20456967656E3A3A4D61B1
:10E04000747269783C666C6F61742C20312C2031BD
:10E05000392C20312C20312C2031393E3B20456990
:10E0600067656E3A3A44656E7365436F65666673BD
:10E07000426173653C446572697665642C20313E6B
:10E080003A3A5363616C6172203D20666C6F617433
:10E090003B20456967656E3A3A496E646578203D74
:10E0A00020696E745D0000002E2E2F2E2E2F2E2E36
:10E0B0002F39395F3372645F70617274792F6569CB
:10E0C00067656E2D332E342E302F456967656E2FB0
:10E0D0007372632F436F72652F44656E7365436F70
:10E0E00065666673426173652E6800004569676501
:10E0F0006E3A3A44656E7365436F65666673426156
:10E1000073653C446572697665642C20313E3A3A09
:10E110005363616C61722620456967656E3A3A44C3
:10E12000656E7365436F65666673426173653C44F3
:10E130006572697665642C20313E3A3A6F7065727B
:10E1400061746F72282928456967656E3A3A496E8D
:10E150006465782C20456967656E3A3A496E646556
:10E160007829205B776974682044657269766564F4
:10E17000203D20456967656E3A3A4D617472697851
:10E180003C666C6F61742C2031392C2031392C2085
:10E19000302C2031392C2031393E3B2045696765D0
:10E1A0006E3A3A44656E7365436F656666734261A5
:10E1B00073653C446572697665642C20313E3A3A59
:10E1C0005363616C6172203D20666C6F61743B200B
:10E1D000456967656E3A3A496E646578203D206905
:10E1E0006E745D007374617274526F77203E3D20CF
:10E1F0003020262620426C6F636B526F7773203E6F
:10E200003D2030202626207374617274526F77206F
:10E210002B20426C6F636B526F7773203C3D2078EC
:10E2200070722E726F7773282920262620737461EE
:10E230007274436F6C203E3D203020262620426CB5
:10E240006F636B436F6C73203E3D20302026262089
:10E250007374617274436F6C202B20426C6F636B1C
:10E26000436F6C73203C3D207870722E636F6C732B
:10E2700028290000456967656E3A3A426C6F636B06
:10E280003C587072547970652C20426C6F636B52ED
:10E290006F77732C20426C6F636B436F6C732C2011
:10E2A000496E6E657250616E656C3E3A3A426C6FB3
:10E2B000636B2858707254797065262C2045696705
:10E2C000656E3A3A496E6465782C20456967656EDB
:10E2D0003A3A496E64657829205B776974682058FA
:10E2E000707254797065203D20456967656E3A3AD1
:10E2F0004D61747269783C666C6F61742C203139A1
:10E300002C2031392C20302C2031392C2031393E31
:10E310003B20696E7420426C6F636B526F77732081
:10E320003D20323B20696E7420426C6F636B436FFB
:10E330006C73203D20323B20626F6F6C20496E6E03
:10E34000657250616E656C203D2066616C73653B43
:10E3500020456967656E3A3A496E646578203D20CC
:10E36000696E745D000000002E2E2F2E2E2F2E2E93
:10E370002F39395F3372645F70617274792F656908
:10E3800067656E2D332E342E302F456967656E2FED
:10E390007372632F436F72652F426C6F636B2E68CD
:10E3A000000000002869496E646578203E202D3108
:10E3B00029202626202869496E646578203C20693A
:10E3C00053697A655F2920262620286953697A6572
:10E3D0005F203E2030290000745479706526204368
:10E3E00052696E674275666665723C7454797065F1
:10E3F0002C206943617061636974793E3A3A6F70A9
:10E40000657261746F72282928696E7429205B77A0
:10E41000697468207454797065203D2043426168B6
:10E42000727346696C7465723A3A53496D7544610A
:10E4300074613B20696E7420694361706163697423
:10E4400079203D20335D0000433A2F557365727388
:10E450002F6665646F722F446174612F50726F6A0A
:10E460006563745F4E452F34315F436F64655F644D
:10E470006576656C6F706D656E745F776F726B2F0C
:10E4800062616872732D73656E736F722D6675733A
:10E49000696F6E2D6C69622D312F30315F4C69626E
:10E4A000726172792F7372632F4352696E6742757E
:10E4B000666665722E680000745479706526204384
:10E4C00052696E674275666665723C745479706510
:10E4D0002C206943617061636974793E3A3A6F70C8
:10E4E000657261746F72282928696E7429205B77C0
:10E4F000697468207454797065203D204E467573A8
:10E50000696F6E4C6962436F6D6D6F6E3A3A53423C
:10E5100061726F6D65746572446174613B20696EF0
:10E520007420694361706163697479203D20335DB3
:10E5300000000000456967656E3A3A426C6F636B94
:10E540003C587072547970652C20426C6F636B522A
:10E550006F77732C20426C6F636B436F6C732C204E
:10E56000496E6E657250616E656C3E3A3A426C6FF0
:10E57000636B2858707254797065262C2045696742
:10E58000656E3A3A496E6465782C20456967656E18
:10E590003A3A496E64657829205B77697468205837
:10E5A000707254797065203D20456967656E3A3A0E
:10E5B0004D61747269783C666C6F61742C203139DE
:10E5C0002C2031392C20302C2031392C2031393E6F
:10E5D0003B20696E7420426C6F636B526F777320BF
:10E5E0003D20323B20696E7420426C6F636B436F39
:10E5F0006C73203D20333B20626F6F6C20496E6E40
:10E60000657250616E656C203D2066616C73653B80
:10E6100020456967656E3A3A496E646578203D2009
:10E62000696E745D00000000636F6E737420745433
:10E6300079706526204352696E6742756666657219
:10E640003C74547970652C2069436170616369740E
:10E65000793E3A3A6F70657261746F722829286941
:10E660006E742920636F6E7374205B776974682001
:10E670007454797065203D20434261687273466925
:10E680006C7465723A3A53496D75446174613B200C
:10E69000696E7420694361706163697479203D20FB
:10E6A000335D0000696E646578203E3D2030202691
:10E6B0002620696E646578203C2073697A65282974
:10E6C00000000000456967656E3A3A44656E7365FF
:10E6D000436F65666673426173653C446572697633
:10E6E00065642C20313E3A3A5363616C6172262096
:10E6F000456967656E3A3A44656E7365436F656652
:10E700006673426173653C446572697665642C206A
:10E71000313E3A3A6F70657261746F7228292845EC
:10E720006967656E3A3A496E64657829205B776956
:10E7300074682044657269766564203D2045696788
:10E74000656E3A3A4D61747269783C666C6F6174BB
:10E750002C2031392C20312C20302C2031392C2008
:10E76000313E3B20456967656E3A3A44656E736594
:10E77000436F65666673426173653C446572697692
:10E7800065642C20313E3A3A5363616C6172203DDE
:10E7900020666C6F61743B20456967656E3A3A4943
:10E7A0006E646578203D20696E745D00456967651B
:10E7B0006E3A3A426C6F636B3C5870725479706574
:10E7C0002C20426C6F636B526F77732C20426C6FFE
:10E7D000636B436F6C732C20496E6E657250616E73
:10E7E000656C3E3A3A426C6F636B2858707254798C
:10E7F0007065262C20456967656E3A3A496E6465F6
:10E80000782C20456967656E3A3A496E64657829C7
:10E81000205B776974682058707254797065203D68
:10E8200020456967656E3A3A4D61747269783C6655
:10E830006C6F61742C2031392C2031392C20302C14
:10E840002031392C2031393E3B20696E7420426CD6
:10E850006F636B526F7773203D2031393B20696EB7
:10E860007420426C6F636B436F6C73203D20313BAF
:10E8700020626F6F6C20496E6E657250616E656CC0
:10E88000203D2066616C73653B20456967656E3A83
:10E890003A496E646578203D20696E745D00000021
:10E8A0006B6F72426C6F636B4D61702E6B6F426C5D
:10E8B0006F636B5374617274526F77496E646963EE
:10E8C00065735F2E6261636B2829203C206B6F7239
:10E8D0004C6566742E726F777328290045696765E9
:10E8E0006E3A3A4D61747269783C74547970652C53
:10E8F0002069526F77734C6566742C2069436F6C86
:10E900007352696768743E204D6174726978507201
:10E910006F64756374426C6F636B4C6566742863D7
:10E920006F6E737420456967656E3A3A4D61747213
:10E9300069783C74547970652C2069526F77734CF8
:10E940006566742C2069436F6C734C6566743E2653
:10E950002C20636F6E737420456967656E3A3A4D7B
:10E9600061747269783C74547970652C2069436FC6
:10E970006C734C6566742C2069436F6C73526967C5
:10E9800068743E262C20636F6E73742043426C6F54
:10E99000636B4D61747269784D61702629205B77D5
:10E9A000697468207454797065203D20666C6F61CD
:10E9B000743B20696E742069526F77734C6566747E
:10E9C000203D2031393B20696E742069436F6C73A0
:10E9D0004C656674203D2031393B20696E74206996
:10E9E000436F6C735269676874203D2031395D0054
:10E9F000433A2F55736572732F6665646F722F44A7
:10EA00006174612F50726F6A6563745F4E452F3475
:10EA1000315F436F64655F646576656C6F706D65CB
:10EA20006E745F776F726B2F62616872732D73659E
:10EA30006E736F722D667573696F6E2D6C69622DC2
:10EA4000312F30315F4C6962726172792F7372635A
:10EA50002F43426C6F636B4D61747269784D6170C6
:10EA60002E6800006B6F72426C6F636B4D61702E8D
:10EA70006B6F426C6F636B5374617274436F6C7530
:10EA80006D6E496E64696365735F2E6261636B28A6
:10EA900029203C206B6F724C6566742E636F6C731B
:10EAA00028290000456967656E3A3A44656E7365CA
:10EAB000436F65666673426173653C44657269764F
:10EAC00065642C20303E3A3A436F65666652657441
:10EAD00075726E5479706520456967656E3A3A447F
:10EAE000656E7365436F65666673426173653C442A
:10EAF0006572697665642C20303E3A3A6F706572B3
:10EB000061746F72282928456967656E3A3A496EC3
:10EB10006465782C20456967656E3A3A496E64658C
:10EB2000782920636F6E7374205B77697468204462
:10EB3000657269766564203D20456967656E3A3A7D
:10EB40004D61747269783C666C6F61742C20313948
:10EB50002C2031392C20302C2031392C2031393ED9
:10EB60003B20456967656E3A3A44656E7365436F4D
:10EB700065666673426173653C4465726976656477
:10EB80002C20303E3A3A436F656666526574757262
:10EB90006E54797065203D20636F6E737420666CCF
:10EBA0006F6174263B20456967656E3A3A496E6429
:10EBB0006578203D20696E745D0000006B6F7242C5
:10EBC0006C6F636B4D61702E6B6F426C6F636B5338
:10EBD00074617274526F77496E64696365735F2EF6
:10EBE0006261636B2829203C206B6F7252696768F1
:10EBF000742E726F777328290000000045696765DD
:10EC00006E3A3A4D61747269783C74547970652C2F
:10EC10002069526F77734C6566742C2069436F6C62
:10EC20007352696768743E204D61747269785072DE
:10EC30006F64756374426C6F636B526967687428A4
:10EC4000636F6E737420456967656E3A3A4D6174FF
:10EC50007269783C74547970652C2069526F7773AF
:10EC60004C6566742C2069436F6C734C6566743E0A
:10EC7000262C20636F6E737420456967656E3A3A7F
:10EC80004D61747269783C74547970652C206943C5
:10EC90006F6C734C6566742C2069436F6C7352699A
:10ECA0006768743E262C20636F6E73742043426C39
:10ECB0006F636B4D61747269784D61702629205BBA
:10ECC00077697468207454797065203D20666C6F94
:10ECD00061743B20696E742069526F77734C65666E
:10ECE00074203D2031393B20696E742069436F6C7C
:10ECF000734C656674203D2031393B20696E742069
:10ED000069436F6C735269676874203D2031395DC7
:10ED1000000000006B6F72426C6F636B4D61702E70
:10ED20006B6F426C6F636B5374617274436F6C757D
:10ED30006D6E496E64696365735F2E6261636B28F3
:10ED400029203C206B6F7252696768742E636F6C68
:10ED50007328290000000000000000005917020875
:10ED6000E13C0208F141020805510208D9580208A5
:10ED700075400208211A0208F912020889210208C6
:10ED80008D0B0208950B0208A9180208110D020844
:10ED900073746174696320696E74204342616872A0
:10EDA0007346696C7465723A3A434572726F725376
:10EDB000746174654D61703A3A5374617274496E4E
:10EDC0006465782843426168727346696C74657241
:10EDD0003A3A434572726F7253746174654D617053
:10EDE0003A3A454572726F725374617465732900C3
:10EDF000433A2F55736572732F6665646F722F44A3
:10EE00006174612F50726F6A6563745F4E452F3471
:10EE1000315F436F64655F646576656C6F706D65C7
:10EE20006E745F776F726B2F62616872732D73659A
:10EE30006E736F722D667573696F6E2D6C69622DBE
:10EE4000312F30315F4C6962726172792F73726356
:10EE50002F43426168727346696C746572457272C1
:10EE60006F7253746174654D61702E637070000031
:10EE7000000000000100000002000000040000008B
:10EE8000070000000A0000000D0000001000000054
:10EE900073746174696320636F6E7374204342619D
:10EEA00068727346696C7465723A3A5354756E6948
:10EEB0006E67506172616D732620434261687273A0
:10EEC00046696C7465723A3A434B6654756E696E66
:10EED00067506172616D7344617461626173653A18
:10EEE0003A476574506172616D73284E4675736957
:10EEF0006F6E4C6962436F6D6D6F6E3A3A45536544
:10EF00006E736F7249642900433A2F5573657273AB
:10EF10002F6665646F722F446174612F50726F6A3F
:10EF20006563745F4E452F34315F436F64655F6482
:10EF30006576656C6F706D656E745F776F726B2F41
:10EF400062616872732D73656E736F722D6675736F
:10EF5000696F6E2D6C69622D312F30315F4C6962A3
:10EF6000726172792F7372632F43426168727346C4
:10EF7000696C74657254756E696E67506172616D0B
:10EF80007344617461626173652E63707000000088
:10EF900073746174696320666C6F617420434261AD
:10EFA00068727346696C7465723A3A434B6654757D
:10EFB0006E696E67506172616D7344617461626104
:10EFC00073653A3A47657450726573737572654E2E
:10EFD0006F697365566172284E467573696F6E4C22
:10EFE0006962436F6D6D6F6E3A3A4553656E736F2C
:10EFF000724964290000000069526F77496E6465A8
:10F0000078203C207374617469635F636173743C3E
:10F01000696E743E286B6F426C6F636B53746172E0
:10F0200074526F77496E64696365735F2E73697A92
:10F030006528292900000000626F6F6C2043426C34
:10F040006F636B4D61747269784D61703A3A4973C0
:10F050005A65726F426C6F636B28696E742C2069FD
:10F060006E742920636F6E7374000000433A2F554D
:10F07000736572732F6665646F722F446174612FBC
:10F0800050726F6A6563745F4E452F34315F436F12
:10F0900064655F646576656C6F706D656E745F77CF
:10F0A0006F726B2F62616872732D73656E736F720E
:10F0B0002D667573696F6E2D6C69622D312F30313D
:10F0C0005F4C6962726172792F7372632F43426C75
:10F0D0006F636B4D61747269784D61702E637070EF
:10F0E0000000000069436F6C496E646578203C2025
:10F0F0007374617469635F636173743C696E743EB9
:10F10000286B6F426C6F636B5374617274436F6CE6
:10F11000756D6E496E64696365735F2E73697A6598
:10F1200028292900766563746F723A3A5F4D5F72E1
:10F1300065616C6C6F635F696E736572740000006B
:10F1400063616E6E6F7420637265617465207374A1
:10F15000643A3A766563746F72206C6172676572A7
:10F16000207468616E206D61785F73697A65282903
:10F17000000000006B6F426C6F636B5374617274BC
:10F18000526F77496E64696365735F2E73697A6540
:10F190002829203E2030000043426C6F636B4D6194
:10F1A000747269784D61703A3A43426C6F636B4D8B
:10F1B00061747269784D6170287374643A3A696E4B
:10F1C000697469616C697A65725F6C6973743C69B2
:10F1D0006E743E2C207374643A3A696E6974696186
:10F1E0006C697A65725F6C6973743C696E743E2CED
:10F1F000207374643A3A696E697469616C697A65FE
:10F20000725F6C6973743C7374643A3A696E6974C2
:10F2100069616C697A65725F6C6973743C626F6F67
:10F220006C3E203E290000006B6F426C6F636B5395
:10F2300074617274436F6C756D6E496E6469636559
:10F24000735F2E73697A652829203E203000000004
:10F2500030203D3D206B6F426C6F636B5374617265
:10F2600074526F77496E64696365735F5B305D00EC
:10F2700030203D3D206B6F426C6F636B5374617245
:10F2800074436F6C756D6E496E64696365735F5B23
:10F29000305D00006B6F426C6F636B53746172740E
:10F2A000526F77496E64696365735F5B69456C652E
:10F2B0006D656E74496E646578202B20315D203E4B
:10F2C000206B6F426C6F636B5374617274526F7713
:10F2D000496E64696365735F5B69456C656D656EF6
:10F2E00074496E6465785D006B6F426C6F636B533D
:10F2F00074617274436F6C756D6E496E6469636599
:10F30000735F5B69456C656D656E74496E646578A5
:10F31000202B20315D203E206B6F426C6F636B535E
:10F3200074617274436F6C756D6E496E6469636568
:10F33000735F5B69456C656D656E74496E64657875
:10F340005D0000006F49735A65726F426C6F636BAA
:10F350004D61702E73697A652829203D3D206F42EA
:10F360006C6F636B5374617274526F77496E64692A
:10F370006365732E73697A65282900007665637466
:10F380006F723A3A726573657276650028696E74B9
:10F3900065726E616C3A3A55496E745074722865A4
:10F3A0006967656E5F756E616C69676E65645F61E4
:10F3B000727261795F6173736572745F776F726B7C
:10F3C00061726F756E645F67636334372861727250
:10F3D000617929292026202831352929203D3D2001
:10F3E0003020262620227468697320617373657249
:10F3F00074696F6E206973206578706C61696E65E1
:10F400006420686572653A20222022687474703A1C
:10F410002F2F656967656E2E74757866616D696CEE
:10F42000792E6F72672F646F782D646576656C2F07
:10F4300067726F75705F5F546F706963556E616C52
:10F4400069676E6564417272617941737365727444
:10F450002E68746D6C222022202A2A2A2A205245E6
:10F460004144205448495320574542205041474584
:10F4700020212121202A2A2A2A22000045696765A5
:10F480006E3A3A696E7465726E616C3A3A706C618C
:10F49000696E5F61727261793C542C2053697A65A0
:10F4A0002C204D61747269784F7241727261794F8C
:10F4B0007074696F6E732C2031363E3A3A706C610D
:10F4C000696E5F61727261792829205B776974685F
:10F4D0002054203D20666C6F61743B20696E74205F
:10F4E00053697A65203D20343B20696E74204D615C
:10F4F000747269784F7241727261794F7074696F7A
:10F500006E73203D20305D002E2E2F2E2E2F2E2E9E
:10F510002F39395F3372645F70617274792F656956
:10F5200067656E2D332E342E302F456967656E2F3B
:10F530007372632F436F72652F44656E73655374E6
:10F540006F726167652E680075496E646578203C4E
:10F5500020736B7553697A655F00000041727261B8
:10F5600079456C656D656E74547970652620544CD0
:10F570006162656C65644172726179496E7465722D
:10F580006E616C3C4172726179456C656D656E743B
:10F59000547970652C204C6162656C456E756D3ECA
:10F5A0003A3A6F70657261746F725B5D284C61628C
:10F5B000656C456E756D29205B77697468204172B2
:10F5C000726179456C656D656E7454797065203D26
:10F5D00020434C6F777061737346696C7465723B3E
:10F5E000204C6162656C456E756D203D204E4D6FFF
:10F5F0006E69746F7254797065733A3A53526564E8
:10F60000756E64616E7453656E736F72446174617C
:10F61000417272617954656D706C6174653A3A45F6
:10F620006E756D547970655D000000002E2E2F2ED2
:10F630002E2F2E2E2F30315F4C6962726172792F1E
:10F640006170692F544C6162656C656441727261CE
:10F65000792E68004172726179456C656D656E74D2
:10F66000547970652620544C6162656C6564417202
:10F67000726179496E7465726E616C3C417272613F
:10F6800079456C656D656E74547970652C204C619C
:10F6900062656C456E756D3E3A3A6F706572617465
:10F6A0006F725B5D284C6162656C456E756D2920DB
:10F6B0005B77697468204172726179456C656D652C
:10F6C0006E7454797065203D20435061726974797D
:10F6D0004D6F6E69746F723B204C6162656C456E54
:10F6E000756D203D204E496D754D6F6E69746F725A
:10F6F0004170693A3A5341727261794C6162656C4A
:10F7000065644279496D755369676E616C733A3A05
:10F71000456E756D547970655D00000041727261CF
:10F7200079456C656D656E74547970652620544C0E
:10F730006162656C65644172726179496E7465726B
:10F740006E616C3C4172726179456C656D656E7479
:10F75000547970652C204C6162656C456E756D3E08
:10F760003A3A6F70657261746F725B5D284C6162CA
:10F77000656C456E756D29205B77697468204172F0
:10F78000726179456C656D656E7454797065203D64
:10F79000204E4D6F6E69746F7254797065733A3A8A
:10F7A00045446574656374696F6E526573756C74F6
:10F7B0003B204C6162656C456E756D203D204E4965
:10F7C0006D754D6F6E69746F724170693A3A53414D
:10F7D000727261794C6162656C65644279496D75DC
:10F7E0005369676E616C733A3A456E756D54797002
:10F7F000655D0000636F6E737420417272617945BC
:10F800006C656D656E74547970652620544C616228
:10F81000656C65644172726179496E7465726E617E
:10F820006C3C4172726179456C656D656E7454799A
:10F8300070652C204C6162656C456E756D3E3A3A80
:10F840006F70657261746F725B5D284C6162656C8C
:10F85000456E756D2920636F6E7374205B776974D4
:10F8600068204172726179456C656D656E7454797A
:10F870007065203D204E467573696F6E4C6962431A
:10F880006F6D6D6F6E3A3A53496D754D6561737565
:10F8900072656D656E743B204C6162656C456E757A
:10F8A0006D203D204E4D6F6E69746F725479706596
:10F8B000733A3A53526564756E64616E7453656E43
:10F8C000736F7244617461417272617954656D70D5
:10F8D0006C6174653A3A456E756D547970655D007A
:10F8E000286F724661756C747953656E736F7249D7
:10F8F0006E64696365735B655369676E616C5D20F7
:10F900003E3D20302920262620286F724661756CE6
:10F91000747953656E736F72496E64696365735B66
:10F92000655369676E616C5D203C20737461746916
:10F93000635F636173743C696E743E28455265640D
:10F94000756E64616E7453656E736F724C6162653F
:10F950006C733A3A65436F756E7429290000000094
:10F96000766F6964205453656E736F724D6F6E6964
:10F97000746F723C4D6F6E69746F72506F6C696317
:10F98000793E3A3A707265706172654F7574707540
:10F990007428636F6E737420526564756E64616E53
:10F9A00074496E70757444617461262C20545365DB
:10F9B0006E736F724D6F6E69746F723C4D6F6E69CE
:10F9C000746F72506F6C6963793E3A3A4F75747018
:10F9D0007574446174612629205B77697468204DD1
:10F9E0006F6E69746F72506F6C696379203D20434C
:10F9F000496D754D6F6E69746F72506F6C69637984
:10FA00003C4E467573696F6E4C6962436F6D6D6FE6
:10FA10006E3A3A4553656E736F7249643A3A65536C
:10FA20006368613633542C204E467573696F6E4C93
:10FA30006962436F6D6D6F6E3A3A4553656E736FD1
:10FA40007249643A3A6549636D3230373839496DE5
:10FA500075312C204E467573696F6E4C6962436F29
:10FA60006D6D6F6E3A3A4553656E736F7249643AC5
:10FA70003A6549636D3230373839496D75323E3BEE
:10FA8000205453656E736F724D6F6E69746F723C64
:10FA90004D6F6E69746F72506F6C6963793E3A3A5C
:10FAA000526564756E64616E74496E7075744461FC
:10FAB0007461203D204E4D6F6E69746F7254797081
:10FAC00065733A3A54526564756E64616E74536539
:10FAD0006E736F72446174613C4E467573696F6EEC
:10FAE0004C6962436F6D6D6F6E3A3A53496D754D57
:10FAF0006561737572656D656E742C204E46757305
:10FB0000696F6E4C6962436F6D6D6F6E3A3A455323
:10FB1000656E736F7249643A3A6553636861363350
:10FB2000542C204E467573696F6E4C6962436F6D3D
:10FB30006D6F6E3A3A4553656E736F7249643A3A27
:10FB40006549636D3230373839496D75312C204E37
:10FB5000467573696F6E4C6962436F6D6D6F6E3A77
:10FB60003A4553656E736F7249643A3A6549636DFD
:10FB70003230373839496D75323E3B205453656E0B
:10FB8000736F724D6F6E69746F723C4D6F6E6974F6
:10FB90006F72506F6C6963793E3A3A4F7574707545
:10FBA0007444617461203D204E4D6F6E69746F72B4
:10FBB00054797065733A3A544D756C746964696D23
:10FBC000656E73696F6E616C5369676E616C3C4EF4
:10FBD000496D754D6F6E69746F724170693A3A5331
:10FBE00041727261794C6162656C65644279496DFC
:10FBF000755369676E616C733E5D0000433A2F5523
:10FC0000736572732F6665646F722F446174612F20
:10FC100050726F6A6563745F4E452F34315F436F76
:10FC200064655F646576656C6F706D656E745F7733
:10FC30006F726B2F62616872732D73656E736F7272
:10FC40002D667573696F6E2D6C69622D312F3031A1
:10FC50005F4C6962726172792F7372632F545365BE
:10FC60006E736F724D6F6E69746F722E6800000054
:10FC700073746174696320666C6F61742043496DAD
:10FC8000754D6F6E69746F72506F6C6963793C5318
:10FC9000656E736F724964312C2053656E736F7299
:10FCA0004964322C2053656E736F724964333E3A57
:10FCB0003A67657446696C74657265645369676E0A
:10FCC000616C56617269616E6365496D706C284E36
:10FCD000467573696F6E4C6962436F6D6D6F6E3AF6
:10FCE0003A4553656E736F7249642C207479706560
:10FCF0006E616D652043496D754D6F6E69746F72ED
:10FD0000506F6C6963793C53656E736F72496431EF
:10FD10002C2053656E736F724964322C2053656ECC
:10FD2000736F724964333E3A3A4342617365436C80
:10FD30006173733A3A455363616C61725369676EDC
:10FD4000616C4C6162656C732C20636F6E73742000
:10FD5000747970656E616D652043496D754D6F6E88
:10FD600069746F72506F6C6963793C53656E736F21
:10FD7000724964312C2053656E736F724964322C62
:10FD80002053656E736F724964333E3A3A43426161
:10FD90007365436C6173733A3A435363616C617288
:10FDA0005369676E616C732629205B7769746820DC
:10FDB0004E467573696F6E4C6962436F6D6D6F6E01
:10FDC0003A3A4553656E736F7249642053656E739A
:10FDD0006F72496431203D204E467573696F6E4CD9
:10FDE0006962436F6D6D6F6E3A3A4553656E736F1E
:10FDF0007249643A3A65536368613633543B204E26
:10FE0000467573696F6E4C6962436F6D6D6F6E3AC4
:10FE10003A4553656E736F7249642053656E736F14
:10FE200072496432203D204E467573696F6E4C698D
:10FE300062436F6D6D6F6E3A3A4553656E736F72C4
:10FE400049643A3A6549636D3230373839496D75DE
:10FE5000313B204E467573696F6E4C6962436F6D1E
:10FE60006D6F6E3A3A4553656E736F7249642053F5
:10FE7000656E736F72496433203D204E4675736919
:10FE80006F6E4C6962436F6D6D6F6E3A3A455365A4
:10FE90006E736F7249643A3A6549636D3230373830
:10FEA00039496D75323B20747970656E616D6520DE
:10FEB00043496D754D6F6E69746F72506F6C6963F5
:10FEC000793C53656E736F724964312C2053656EB3
:10FED000736F724964322C2053656E736F7249647C
:10FEE000333E3A3A4342617365436C6173733A3A05
:10FEF000455363616C61725369676E616C4C6162FA
:10FF0000656C73203D204E496D754D6F6E69746F41
:10FF1000724170693A3A5341727261794C6162651B
:10FF20006C65644279496D755369676E616C733AAB
:10FF30003A456E756D547970653B20747970656EC5
:10FF4000616D652043496D754D6F6E69746F7250B8
:10FF50006F6C6963793C53656E736F724964312CC1
:10FF60002053656E736F724964322C2053656E7333
:10FF70006F724964333E3A3A4342617365436C6140
:10FF800073733A3A435363616C61725369676E618C
:10FF90006C73203D20544C6162656C6564417272E3
:10FFA0006179496E7465726E616C3C666C6F6174E8
:10FFB0002C204E496D754D6F6E69746F724170697A
:10FFC0003A3A5341727261794C6162656C65644280
:10FFD00079496D755369676E616C733A3A456E7510
:10FFE0006D547970653E5D00433A2F5573657273A9
:10FFF0002F6665646F722F446174612F50726F6A4F
:020000040803EF
:100000006563745F4E452F34315F436F64655F6491
:100010006576656C6F706D656E745F776F726B2F50
:1000200062616872732D73656E736F722D6675737E
:10003000696F6E2D6C69622D312F30315F4C6962B2
:10004000726172792F7372632F43496D754D6F6EB4
:1000500069746F722E6800007374617469635F6302
:100060006173743C5769646572547970655F743E5E
:1000700028754469666629203C3D20737461746963
:10008000635F636173743C5769646572547970652A
:100090005F743E287374643A3A6E756D6572696375
:1000A0005F6C696D6974733C696E7433325F743E62
:1000B0003A3A6D617828292900000000696E74338E
:1000C000325F74204E4E617669676174696F6E5558
:1000D00074696C69746965733A3A446966664F6617
:1000E000556E7369676E65642874556E7369676EC3
:1000F0006564547970652C2074556E7369676E65FC
:10010000645479706529205B776974682074556E32
:100110007369676E656454797065203D206C6F6EFD
:1001200067206C6F6E6720756E7369676E656420FB
:10013000696E743B20696E7433325F74203D206CAD
:100140006F6E6720696E745D000000002E2E2F2EEA
:100150002E2F2E2E2F30315F4C6962726172792FF3
:100160006170692F4E617669676174696F6E55744D
:10017000696C69746965732E68000000737461743A
:10018000696320666C6F61742043496D754D6F6EB5
:1001900069746F72506F6C6963793C53656E736FED
:1001A000724964312C2053656E736F724964322C2E
:1001B0002053656E736F724964333E3A3A676574D3
:1001C0005363616C61725369676E616C42794C6113
:1001D00062656C496D706C28636F6E7374204E4657
:1001E0007573696F6E4C6962436F6D6D6F6E3A3AED
:1001F00053496D754D6561737572656D656E7426D5
:100200002C204E496D754D6F6E69746F7241706927
:100210003A3A5341727261794C6162656C6564422D
:1002200079496D755369676E616C733A3A456E75BD
:100230006D5479706529205B77697468204E467526
:1002400073696F6E4C6962436F6D6D6F6E3A3A45BC
:1002500053656E736F7249642053656E736F724994
:100260006431203D204E467573696F6E4C69624360
:100270006F6D6D6F6E3A3A4553656E736F72496478
:100280003A3A65536368613633543B204E46757382
:10029000696F6E4C6962436F6D6D6F6E3A3A45538C
:1002A000656E736F7249642053656E736F72496433
:1002B00032203D204E467573696F6E4C6962436F04
:1002C0006D6D6F6E3A3A4553656E736F7249643A5D
:1002D0003A6549636D3230373839496D75313B20A5
:1002E0004E467573696F6E4C6962436F6D6D6F6ECC
:1002F0003A3A4553656E736F7249642053656E7365
:100300006F72496433203D204E467573696F6E4CA1
:100310006962436F6D6D6F6E3A3A4553656E736FE8
:100320007249643A3A6549636D3230373839496DFC
:1003300075325D004172726179456C656D656E74F0
:10034000547970652620544C6162656C6564417215
:10035000726179496E7465726E616C3C4172726152
:1003600079456C656D656E74547970652C204C61AF
:1003700062656C456E756D3E3A3A6F706572617478
:100380006F725B5D284C6162656C456E756D2920EE
:100390005B77697468204172726179456C656D653F
:1003A0006E7454797065203D20666C6F61743B20DB
:1003B0004C6162656C456E756D203D204E496D75D2
:1003C0004D6F6E69746F724170693A3A534172723F
:1003D00061794C6162656C65644279496D755369F8
:1003E000676E616C733A3A456E756D547970655DF0
:1003F00000000000456967656E3A3A44656E7365B2
:10040000436F65666673426173653C4465726976E5
:1004100065642C20313E3A3A5363616C6172262048
:10042000456967656E3A3A44656E7365436F656604
:100430006673426173653C446572697665642C201D
:10044000313E3A3A6F70657261746F72282928459F
:100450006967656E3A3A496E64657829205B776909
:1004600074682044657269766564203D204569673B
:10047000656E3A3A4D61747269783C666C6F61746E
:100480002C20332C20313E3B20456967656E3A3A7B
:1004900044656E7365436F65666673426173653C60
:1004A000446572697665642C20313E3A3A53636143
:1004B0006C6172203D20666C6F61743B20456967FA
:1004C000656E3A3A496E646578203D20696E745DC8
:1004D0000000000073746174696320666C6F61745E
:1004E0002043496D754D6F6E69746F72506F6C6902
:1004F00063793C53656E736F724964312C20536588
:100500006E736F724964322C2053656E736F72493B
:1005100064333E3A3A6765745369676E616C56613D
:100520007269616E6365496D706C284E46757369BA
:100530006F6E4C6962436F6D6D6F6E3A3A455365ED
:100540006E736F7249642C20747970656E616D658D
:100550002043496D754D6F6E69746F72506F6C6991
:1005600063793C53656E736F724964312C20536517
:100570006E736F724964322C2053656E736F7249CB
:1005800064333E3A3A4342617365436C6173733A34
:100590003A455363616C61725369676E616C4C617B
:1005A00062656C732C20636F6E7374207479706550
:1005B0006E616D652043496D754D6F6E69746F7224
:1005C000506F6C6963793C53656E736F7249643127
:1005D0002C2053656E736F724964322C2053656E04
:1005E000736F724964333E3A3A4342617365436CB8
:1005F0006173733A3A434D6561737572656D656EEB
:10060000742629205B77697468204E467573696F7C
:100610006E4C6962436F6D6D6F6E3A3A4553656E0D
:10062000736F7249642053656E736F724964312031
:100630003D204E467573696F6E4C6962436F6D6DF8
:100640006F6E3A3A4553656E736F7249643A3A6514
:10065000536368613633543B204E467573696F6E41
:100660004C6962436F6D6D6F6E3A3A4553656E73B8
:100670006F7249642053656E736F72496432203D16
:10068000204E467573696F6E4C6962436F6D6D6F76
:100690006E3A3A4553656E736F7249643A3A6549EA
:1006A000636D3230373839496D75313B204E4675B0
:1006B00073696F6E4C6962436F6D6D6F6E3A3A4548
:1006C00053656E736F7249642053656E736F724920
:1006D0006433203D204E467573696F6E4C696243EA
:1006E0006F6D6D6F6E3A3A4553656E736F72496404
:1006F0003A3A6549636D3230373839496D75323B66
:1007000020747970656E616D652043496D754D6F1C
:100710006E69746F72506F6C6963793C53656E7368
:100720006F724964312C2053656E736F7249643265
:100730002C2053656E736F724964333E3A3A4342DC
:10074000617365436C6173733A3A455363616C61DD
:10075000725369676E616C4C6162656C73203D20F9
:100760004E496D754D6F6E69746F724170693A3A9A
:100770005341727261794C6162656C65644279497A
:100780006D755369676E616C733A3A456E756D5459
:100790007970653B20747970656E616D65204349A1
:1007A0006D754D6F6E69746F72506F6C6963793CD3
:1007B00053656E736F724964312C2053656E736F8D
:1007C000724964322C2053656E736F724964333EF4
:1007D0003A3A4342617365436C6173733A3A434DED
:1007E0006561737572656D656E74203D204E46754A
:1007F00073696F6E4C6962436F6D6D6F6E3A3A53F9
:10080000496D754D6561737572656D656E745D00DA
:1008100000000000000000009D76020800000000BB
:1008200000000000AD76020873746174696320668D
:100830006C6F617420435061726974794D6F6E6999
:10084000746F723A3A636F6D70757465446563696D
:1008500073696F6E5661726961626C6528636F6E51
:10086000737420566563746F723366262C20636F31
:100870006E737420566563746F723366262C20691C
:100880006E742900433A2F55736572732F66656441
:100890006F722F446174612F50726F6A6563745F69
:1008A0004E452F34315F436F64655F646576656CD8
:1008B0006F706D656E745F776F726B2F62616872B7
:1008C000732D73656E736F722D667573696F6E2D00
:1008D0006C69622D312F30315F4C696272617279BF
:1008E0002F7372632F435061726974794D6F6E6913
:1008F000746F722E6370700062617369635F7374EA
:1009000072696E673A3A5F4D5F6372656174650044
:10091000DB0F49BFE4CB1640E4CB16C000000080DB
:10092000DB0F4940DB0F49C00000000000000080E1
:100930000000803F0000C03F0000000000C0153FE5
:1009400000000000DCCFD135000FC93F000F494047
:1009500000CB9640000FC9400053FB4000CB16412E
:1009600000ED2F41000F49410031624100537B41AE
:10097000003A8A4100CB9641005CA34100EDAF41B3
:10098000007EBC41000FC94100A0D5410031E241C9
:1009900000C2EE410053FB4100F20342003A0A421A
:1009A0000083104200CB164200141D42005C23421B
:1009B00000A5294200ED2F4200363642007E3C421F
:1009C00000C74242000F4942A2000000F9000000A7
:1009D000830000006E0000004E0000004400000094
:1009E0001500000029000000FC00000027000000A6
:1009F00057000000D1000000F500000034000000A6
:100A0000DD000000C0000000DB000000620000000C
:100A100095000000990000003C0000004300000029
:100A20009000000041000000FE00000051000000A6
:100A300063000000AB000000DE000000BB0000000F
:100A4000C500000061000000B700000024000000A5
:100A50006E0000003A000000420000004D0000005F
:100A6000D2000000E0000000060000004900000085
:100A70002E000000EA00000009000000D100000084
:100A8000920000001C000000FE0000001D0000009D
:100A9000EB0000001C000000B10000002900000075
:100AA000A70000003E000000E800000082000000F7
:100AB00035000000F50000002E000000BB00000023
:100AC0004400000084000000E90000009C000000D9
:100AD0007000000026000000B40000005F0000006D
:100AE0007E0000004100000039000000910000007D
:100AF000D600000039000000830000005300000011
:100B000039000000F40000009C0000008400000098
:100B10005F0000008B000000BD000000F900000035
:100B2000280000003B0000001F000000F80000004B
:100B300097000000FF000000DE000000050000003C
:100B4000980000000F000000EF0000002F000000E0
:100B5000110000008B0000005A0000000A00000095
:100B60006D0000001F0000006D0000003600000056
:100B70007E000000CF00000027000000CB00000036
:100B800009000000B70000004F0000004600000010
:100B90003F000000660000009E0000005F000000B3
:100BA000EA0000002D000000750000002700000092
:100BB000BA000000C7000000EB000000E5000000E4
:100BC000F10000007B0000003D0000000700000075
:100BD00039000000F70000008A0000005200000009
:100BE00092000000EA0000006B000000FB00000023
:100BF0005F000000B10000001F0000008D00000039
:100C00005D00000008000000560000000300000026
:100C10003000000046000000FC0000007B000000E7
:100C20006B000000AB000000F0000000CF000000EF
:100C3000BC000000200000009A000000F40000004A
:100C4000360000001D000000A9000000E3000000C5
:100C500091000000610000005E000000E60000005E
:100C60001B00000008000000650000009900000063
:100C7000850000005F00000014000000A0000000DC
:100C800068000000400000008D000000FF00000030
:100C9000D8000000800000004D000000730000003C
:100CA00027000000310000000600000006000000E0
:100CB0001500000056000000CA000000730000008C
:100CC000A8000000C900000060000000E200000071
:100CD0007B000000C00000008C0000006B000000E2
:100CE0000000C93F0000F0390000DA370000A233ED
:100CF0000000842E0000502B0000C2270000D022EC
:100D00000000C41F0000C61B0000441704000000C0
:100D100007000000090000003863ED3EDA0F493F8C
:100D20005E987B3FDA0FC93F6937AC3168212233C7
:100D3000B40F14336821A2332C2066756E63746976
:100D40006F6E3A2000617373657274696F6E202252
:100D5000257322206661696C65643A2066696C655A
:100D600020222573222C206C696E65202564257352
:100D700025730A00000000000000000000000000D1
:100D80000000000000000000000000000000000063
:100D90000000000000000000000000000000000053
:100DA0000000000000000000000000000000000043
:100DB0000000000000000000000000000000000033
:100DC0000000000000000000000000000000000023
:100DD0000000000074060020232D302B2000686CDA
:100DE0004C0065666745464700303132333435364E
:100DF0003738394142434445460030313233343587
:0C0E0000363738396162636465660000B3
:080E0C005C7DFD7F0100000088
:100E1400F5810008356202083D680208DD85020894
:080E2400D18100083D620208C3
:100E2C000024F40001000000100000009C8E002043
:100E3C001400000000000000000000000000000092
:100E4C00FC060020BC8C0020AAAAAAAA78D402080E
:100E5C00A4D60208000000001CD902080000000003
:100E6C000000000000000000000000000000803FB7
:100E7C000000000000000000000000000000803FA7
:100E8C000000000000000000000000000000803F97
:100E9C000000803F00000000000000000000000087
:100EAC000000803F00000000000000000000000077
:100EBC000000803F00000000000000000000000067
:100ECC000000000000000000000000000000000016
:100EDC000000000000000000000000000000000006
:100EEC0000000000000000000000000000000000F6
:100EFC0000000000000000000000000000000000E6
:100F0C0000000000000000000000000000000000D5
:100F1C0000000000000000000000000000000000C5
:100F2C0000000000000000000000000000000000B5
:100F3C0000000000000000000000000000000000A5
:100F4C000000000000000000000000000000000095
:100F5C000000000000000000000000000000000085
:100F6C000000000000000000000000000000000075
:100F7C000000000000000000000000000000000065
:100F8C000000000000000000000000000000000055
:100F9C000000000000000000000000000000000045
:100FAC000000000000000000000000000000000035
:100FBC000000000000000000000000000000000025
:100FCC000000000000000000000000000000000015
:100FDC000000000000000000000000000000000005
:100FEC0000000000000000000000000000000000F5
:100FFC0000000000000000000000000000000000E5
:10100C0000000000000000000000000000000000D4
:10101C0000000000000000000000000000000000C4
:10102C0000000000000000000000000000000000B4
:10103C0000000000000000000000000000000000A4
:10104C000000000000000000000000000000000094
:10105C000000000000000000000000000000000084
:10106C000000000000000000000000000000000074
:10107C000000000000000000000000000000000064
:10108C000000000000000000000000000000000054
:10109C000000000000000000000000000000000044
:1010AC000000000000000000000000000000000034
:1010BC000000000000000000000000000000000024
:1010CC000000000000000000000000000000000014
:1010DC000000000000000000000000000000000004
:1010EC0000000000000000000000000000000000F4
:1010FC0000000000000000000000000000000000E4
:10110C0000000000000000000000000000000000D3
:10111C00000020410000A040000000000000000082
:10112C0000000000000000000000000000000000B3
:10113C0000000000000000000000000000000000A3
:10114C000000000000000000000000000000000093
:10115C000000000000000000000000000000000083
:10116C000000000000000000000000000000000073
:10117C000000000000000000000000000000000063
:10118C000000000000000000000000000000000053
:10119C000000000000000000000000000000000043
:1011AC000000000000000000000000000000000033
:1011BC000000000000000000000000000000000023
:1011CC000000000000000000000000000000000013
:1011DC000000000000000000000000000000000003
:1011EC0000000000C3642A3B9A99D93F9A99993F11
:1011FC00000020410000A0400000000000000000A2
:10120C0000000000000000000000000000000000D2
:10121C0000000000000000000000000000000000C2
:10122C0000000000000000000000000000000000B2
:10123C0000000000000000000000000000000000A2
:10124C000000000000000000000000000000000092
:10125C000000000000000000000000000000000082
:10126C000000000000000000000000000000000072
:10127C000000000000000000000000000000000062
:10128C000000000000000000000000000000000052
:10129C000000000000000000000000000000000042
:1012AC000000000000000000000000000000000032
:1012BC000000000000000000000000000000000022
:1012CC0000000000C3642A3B9A99D93F9A99993F30
:1012DC00000020410000A0400000000000000000C1
:1012EC0000000000000000000000000000000000F2
:1012FC0000000000000000000000000000000000E2
:10130C0000000000000000000000000000000000D1
:10131C0000000000000000000000000000000000C1
:10132C0000000000000000000000000000000000B1
:10133C0000000000000000000000000000000000A1
:10134C000000000000000000000000000000000091
:10135C000000000000000000000000000000000081
:10136C000000000000000000000000000000000071
:10137C000000000000000000000000000000000061
:10138C000000000000000000000000000000000051
:10139C000000000000000000000000000000000041
:1013AC0000000000C3642A3B0000C03F0000803FE7
:1013BC00000020410000A0400000000000000000E0
:1013CC000000000000000000000000000000000011
:1013DC000000000000000000000000000000000001
:1013EC0000000000000000000000000000000000F1
:1013FC0000000000000000000000000000000000E1
:10140C0000000000000000000000000000000000D0
:10141C0000000000000000000000000000000000C0
:10142C0000000000000000000000000000000000B0
:10143C0000000000000000000000000000000000A0
:10144C000000000000000000000000000000000090
:10145C000000000000000000000000000000000080
:10146C000000000000000000000000000000000070
:10147C000000000000000000000000000000000060
:10148C0000000000C3642A3B9A99D93F9A99993F6E
:10149C007406002000000000940D0308B40D03082E
:1014AC00740D0308000000000000000000000000A4
:1014BC000000000000000000000000000000000020
:1014CC000000000000000000000000000000000010
:1014DC000000000000000000000000000000000000
:1014EC0000000000000000000000000000000000F0
:0414FC0000000000EC
:040000050800A83D0A
:00000001FF
