:020000040800F2
:108000000000022051B3000879A400087DA40008F4
:1080100081A4000885A4000889A4000800000000CD
:10802000000000000000000000000000E1A00208C5
:108030008DA4000800000000A1A10208CD8D020857
:10804000A1B30008A1B30008A1B30008A1B30008C0
:10805000A1B30008A1B3000891A4000899A40008E6
:10806000A1B30008A1A40008A9A40008A1B30008B6
:10807000A1B30008A1B30008A1B30008A1B3000890
:10808000B1A40008BDA40008A1B30008C9A4000859
:10809000D5A40008E1A40008A1B30008EDA40008DD
:1080A000A1B3000801A50008A1B30008A1B300080E
:1080B000A1B300080DA50008A1B30008A1B30008F2
:1080C000A1B30008A1B30008A1B30008A1B3000840
:1080D000A1B30008A1B3000819A50008A1B30008C6
:1080E00025A50008A1B30008A1B30008A1B30008AA
:1080F000A1B30008A1B30008A1B30008A1B3000810
:10810000A1B30008A1B30008A1B30008A1B30008FF
:10811000A1B30008A1B300084DA5000859A50008A7
:10812000A1B30008A1B30008A1B30008A1B30008DF
:10813000A1B300080000000000000000A1B3000887
:10814000A1B30008A1B30008A1B30008A1B30008BF
:10815000A1B30008A1B30008A1B30008A1B30008AF
:10816000A1B30008A1B30008A1B30008A1B300089F
:10817000A1B30008A1B30008A1B3000800000000EB
:1081800000000000A1B30008000000000000000093
:10819000A1B300080000000000000000A1B3000827
:1081A000000000000000000000000000A1B3000873
:1081B000A1B30008A1B30008A1B30008A1B300084F
:0481C000A1B300085F
:1081D00010B5054C237833B9044B13B10448AFF301
:1081E00000800123237010BDB004002000000000B7
:1081F00008C1040808B5034B1BB103490348AFF39A
:10820000008008BD00000000B404002008C104087C
:10821000A3F5803A704700BF174B002B08BF134BE4
:108220009D46FFF7F5FF00218B460F461348144A81
:10823000121A42F0AEFF0E4B002B00D098470D4BA8
:10824000002B00D098470020002104000D000D48AD
:10825000002802D00C4842F024FD43F0F7F820003B
:10826000290001F0E9FD42F023FD00BF00000800F5
:10827000000000000000000000000000B00400202A
:1082800064900120A3AC0408000000009883050856
:1082900000000020AC040020B00400206490012005
:1082A0004FEA4102B2F1E04324BFB3F5001CDCF118
:1082B000FE5C0DD901F0004C4FEAC0024CEA507050
:1082C000B2F1004F40EB830008BF20F0010070477F
:1082D00011F0804F21D113F13872BCBF01F0004082
:1082E000704741F480114FEA5252C2F11802C2F1B4
:1082F000200C10FA0CF320FA02F018BF40F0010035
:108300004FEAC1234FEAD32303FA0CFC40EA0C00E6
:1083100023FA02F34FEA4303CCE77FEA625307D123
:1083200050EA01331EBF4FF0FE4040F4400070475A
:1083300001F0004040F0FE4040F40000704700BFF4
:1083400080F0004002E000BF81F0004142001FBF0A
:108350005FEA410392EA030F7FEA226C7FEA236C13
:108360006AD04FEA1262D2EB1363C1BFD218414008
:1083700048404140B8BF5B42192B88BF704710F09E
:10838000004F40F4000020F07F4018BF404211F041
:10839000004F41F4000121F07F4118BF494292EAA9
:1083A000030F3FD0A2F1010241FA03FC10EB0C00D5
:1083B000C3F1200301FA03F100F0004302D5494262
:1083C00060EB4000B0F5000F13D3B0F1807F06D30F
:1083D00040084FEA310102F10102FE2A51D2B1F107
:1083E000004F40EBC25008BF20F0010040EA0300FC
:1083F0007047490040EB0000013A28BFB0F5000F7C
:10840000EDD2B0FA80FCACF1080CB2EB0C0200FA31
:108410000CF0AABF00EBC25052421843BCBFD04080
:108420001843704792F0000F81F4000106BF80F4FA
:1084300000000132013BB5E74FEA41037FEA226CBD
:1084400018BF7FEA236C21D092EA030F04D092F088
:10845000000F08BF0846704790EA010F1CBF0020BC
:10846000704712F07F4F04D1400028BF40F0004019
:10847000704712F100723CBF00F50000704700F039
:10848000004343F0FE4040F4000070477FEA226260
:1084900016BF08467FEA23630146420206BF5FEA31
:1084A000412390EA010F40F4800070474FF0000331
:1084B00004E000BF10F0004348BF40425FEA000CF8
:1084C00008BF704743F0964301464FF000001CE0A0
:1084D00050EA010208BF70474FF000030AE000BFF6
:1084E00050EA010208BF704711F0004302D5404234
:1084F00061EB41015FEA010C02BF844601460020A6
:1085000043F0B64308BFA3F18053A3F50003BCFAC0
:108510008CF2083AA3EBC25310DB01FA02FC63446D
:1085200000FA02FCC2F12002BCF1004F20FA02F274
:1085300043EB020008BF20F00100704702F1200267
:1085400001FA02FCC2F1200250EA4C0021FA02F2C8
:1085500043EB020008BF20EADC7070477BB972B9B8
:108560000029BEBF00204FF0004106E008BF0028F0
:108570001CBF6FF000414FF0FF3000F0D3B9ADF1F8
:10858000080C6DE904CE002909DB002B1ADB00F092
:108590004DF8DDF804E0DDE9022304B07047404205
:1085A00061EB4101002B1BDB00F040F8DDF804E03B
:1085B000DDE9022304B0404261EB4101524263EB2A
:1085C00043037047524263EB430300F02FF8DDF89A
:1085D00004E0DDE9022304B0404261EB4101704751
:1085E000524263EB430300F021F8DDF804E0DDE9DB
:1085F000022304B0524263EB4303704753B94AB9B4
:10860000002908BF00281CBF4FF0FF314FF0FF309A
:1086100000F088B9ADF1080C6DE904CE00F006F861
:10862000DDF804E0DDE9022304B070472DE9F047EE
:10863000089D8E4604468846002B4AD18A4217463A
:1086400062D9B2FA82F64EB1C6F1200301FA06F8F9
:1086500020FA03F3B74043EA0808B4404FEA174E44
:108660001FFA87FCB8FBFEF1230C0EFB118843EACE
:10867000084301FB0CF29A4209D9FB1801F1FF30C3
:1086800080F0EA809A4240F2E78002393B449A1A2D
:10869000A3B2B2FBFEF00EFB102243EA024300FB42
:1086A0000CFC9C4509D9FB1800F1FF3280F0D68004
:1086B0009C4540F2D3803B44023840EA0140A3EBA2
:1086C0000C0300211DB1F3400022C5E90032BDE8D2
:1086D000F0878B4205D90DB1C5E90001002108469C
:1086E000F5E7B3FA83F1002946D1734502D38242FC
:1086F00000F20581841A6EEB030201209046002DE2
:10870000E5D0C5E90048E2E7002A00F09080B2FA1F
:1087100082F6002E40F0A4808A1A030C4FEA174E0E
:1087200080B2BCB20121B2FBFEFC0EFB1C2243EA6C
:10873000024304FB0CF29A4207D9FB180CF1FF38F4
:1087400002D29A4200F2E080C4469B1AB3FBFEF2CA
:108750000EFB123340EA034302FB04F49C4207D9A8
:10876000FB1802F1FF3002D29C4200F2CA8002469E
:108770001B1B42EA0C40A5E7C1F120068B4022FA00
:1087800006F71F430EFA01F420FA06F32EFA06FE4E
:108790004FEA1749234300FA01F81FFA87FCBEFB92
:1087A000F9F01C0C09FB10EE44EA0E4400FB0CFE31
:1087B000A64502FA01F209D93C1900F1FF3A80F00E
:1087C0009C80A64540F2998002383C44A4EB0E04FC
:1087D0001FFA83FEB4FBF9F309FB13444EEA044489
:1087E00003FB0CFCA44508D93C1903F1FF3E80F0C3
:1087F0008280A4457FD9023B3C4443EA0040A4EB7D
:108800000C04A0FB02EC64457346E14662D35FD0E2
:108810005DB1B8EB030264EB090404FA06F622FA30
:1088200001F31E43CC40C5E9006400214FE7B1FBD2
:10883000F2FC010C41EA0E4180B240EA01423B46A3
:1088400038463C46B846BE462026B1FBF7F1A2EBBF
:10885000080241EA0C4166E7014618E710462CE79A
:10886000C6F120022EFA02F3B740B14020FA02F21C
:108870004FEA174E0A43B3FBFEF8BCB20EFB1833A7
:10888000110C41EA034108FB04F9B04089454FEA65
:10889000104380B23ED9791808F1FF3C01D28945D6
:1088A0001FD8A1EB0901B1FBFEF909FB04F80EFB8F
:1088B000191192B242EA0142424529D2BA1809F18D
:1088C000FF31C4D24245C2D2A9F102013A44BEE707
:1088D000F0459DD2BEEB02036CEB070C0138E1467C
:1088E00096E7A7EB09094944A8F1020CB1FBFEF990
:1088F00009FB04F8DBE773467FE7504666E7084666
:10890000FDE63B44023A33E7ACF1020C3B441CE782
:1089100049469CE7A1EB0901C446B1FBFEF909FBFE
:1089200004F8C4E7704700BF00000000000000002A
:1089300001F0FF01102A2BDB10F0070F08D010F810
:10894000013B013A8B422DD010F0070F42B3F6D114
:10895000F0B441EA012141EA014122F007047FF02D
:1089600000070023F0E80256083C85EA010586EA84
:10897000010685FA47F5A3FA87F586FA47F6A5FAC0
:1089800087F68EB9EED1F0BC01F0FF0102F00702CC
:1089900032B110F8013B013A83EA010313B1F8D177
:1089A0000020704701387047002D06BF3546033858
:1089B000073815F0010F07D1013015F4807F02BF91
:1089C000013015F4C03F0130F0BC0138704700BFE2
:1089D000034613F8012B002AFBD1181A01387047FF
:1089E00008B50248192103F011FA00BF08C40408B1
:1089F00008B50248212103F009FA00BF10C4040899
:108A000008B50248292103F001FA00BF18C4040880
:108A100008B50248302103F0F9F900BF20C404086A
:108A200008B50248372103F0F1F900BF28C4040853
:108A300010B5EFF305834BB904461FF07BF901280D
:108A400008D0204621F0D6FC40B110BD0548662173
:108A500003F0DCF903486C2103F0D8F901487321D5
:108A600003F0D4F930C4040810B5EFF305834BB913
:108A700004461FF05FF9012808D0204621F0BAFC17
:108A800040B110BD0548662103F0C0F903486C21D0
:108A900003F0BCF90148732103F0B8F930C40408AD
:108AA00008B50248A42103F0B1F900BF44C404088A
:108AB00008B50248AB2103F0A9F900BF54C404086B
:108AC00010B5EFF3058353B904461FF033F90128BD
:108AD0000AD044B12046BDE8104021F049BD044809
:108AE000882103F093F910BD0148892103F08EF924
:108AF00064C4040810B5EFF3058353B904461FF0AE
:108B000019F901280AD044B12046BDE8104021F0EF
:108B10002FBD0448882103F079F910BD014889214F
:108B200003F074F964C4040810B5EFF305834BB97E
:108B300004461FF0FFF8012808D02046BDE8104089
:108B400021F058BC03487B2103F060F901488121E2
:108B500003F05CF974C4040810B5EFF305834BB956
:108B600004461FF0E7F8012808D02046BDE8104071
:108B700021F040BC03487B2103F048F901488121E2
:108B800003F044F974C4040808B50248CA2103F08C
:108B90003DF900BF44C4040808B50248D12103F0E0
:108BA00035F900BF54C4040810B5EFF3058353B979
:108BB00004461FF0BFF801280AD044B12046BDE8A2
:108BC000104021F0D5BC0448882103F01FF910BDE6
:108BD0000148892103F01AF964C4040810B5EFF3C1
:108BE000058353B904461FF0A5F801280AD044B103
:108BF0002046BDE8104021F0BBBC0448882103F0AA
:108C000005F910BD0148892103F000F964C4040886
:108C100010B5EFF3058353B904461FF08BF8012814
:108C20000AD044B12046BDE8104021F0A1BC044860
:108C3000882103F0EBF810BD0148892103F0E6F824
:108C400064C4040810B5EFF3058353B904461FF05C
:108C500071F801280AD044B12046BDE8104021F047
:108C600087BC0448882103F0D1F810BD0148892150
:108C700003F0CCF864C4040808B50248F42103F0FA
:108C8000C5F800BF84C4040808B50248FA2103F0FF
:108C9000BDF800BF94C4040808B502484FF48071C1
:108CA00003F0B4F884C4040808B502484FF4837193
:108CB00003F0ACF894C4040808B502484FF4887176
:108CC00003F0A4F884C4040808B502484FF48B717B
:108CD00003F09CF894C404082DE9F041274D284C7A
:108CE000284F294E04E0023008D023680133236066
:108CF0002868072120F014FE0028F4D1D4F8008061
:108D0000B8F1000F21D000200CF0C8F80CF0D2F818
:108D100000200CF0C3FE0DF075FD206810F0070870
:108D200020D0002003F07CFE012103F0B5FE236873
:108D300007FB03F2B6EBB20F4FF00000D6D303F0FF
:108D40006FFE052103F0A8FECFE7404603F068FE62
:108D50000F2103F0A1FE404603F062FE1F2103F045
:108D60009BFED0E740460BF0E9FD0BF0F5FD4046D9
:108D70000AF0D8FF0BF0A4FDD3E700BFCC0600201B
:108D8000D0040020CDCCCCCCCCCCCC0C2DE9F04107
:108D9000264D274C274F284E04E0012B0DD0236889
:108DA00001332360012214231146286820F062FC5D
:108DB00003469A1C4FF00000EFD10CF06FFE0CF050
:108DC0009FFE00200AF0B8FC0AF0B4FD00200DF070
:108DD000A5FE0DF06BFF00200CF0E2F90CF022FA7A
:108DE00000200CF0DDF980460EF0DEFE02460B4658
:108DF00040460CF04DFA002003F012FE022103F071
:108E00004BFE236807FB03F2B6EB720F4FF0000036
:108E1000C6D303F005FE032103F03EFE002003F05D
:108E2000FFFD042103F038FEB9E700BF7C050020F8
:108E3000CC040020CDCCCCCC9999991930B502281E
:108E400085B03DD8204B1B68002B35D01F4B1B68CD
:108E500073B31F4B1B683BB31E4B044693E80700DC
:108E600004AB03E9070003EB84034FF0FF3153F831
:108E70000C3C186820F054FD08B105B030BD204608
:108E80000AF050FF05460EF08FFE02460B462846BC
:108E90000BF04CFA104A114B52F82410186805B028
:108EA000BDE8304020F08EBB0D48702102F0AEFFCF
:108EB0000B486F2102F0AAFF09486E2102F0A6FFBD
:108EC00007486D2102F0A2FF78060020240600204A
:108ED000D0050020C0C10408D04F05087C05002043
:108EE000A8C4040880B5154D154F164E2868C8B1A2
:108EF0003B68FBB13368CBB14FF0FF3120F010FD80
:108F00000028F3D10AF00EFF04460EF04DFE024693
:108F10000B4620460BF00AFA0B4B0121186820F093
:108F200051FBE3E709486E2102F070FF074870210A
:108F300002F06CFF05486F2102F068FF7806002000
:108F400024060020D00500207C050020A8C40408C9
:108F500080B5164D164F174E2B68D3B1386800B345
:108F60003368D3B14FF0FF3120F0DAFC0028F3D1A1
:108F700001200AF0D7FE04460EF016FE02460B460C
:108F800020460BF0D3F90C4B0221186820F01AFB95
:108F9000E2E70A486E2102F039FF0848702102F02A
:108FA00035FF06486F2102F031FF00BF7806002030
:108FB00024060020D00500207C050020A8C4040859
:108FC00080B5164D164F174E2B68D3B13B6803B3CF
:108FD0003068D0B14FF0FF3120F0A2FC0028F3D16F
:108FE00002200AF09FFE04460EF0DEFD02460B460C
:108FF00020460BF09BF90C4B0421186820F0E2FA94
:10900000E2E70A486E2102F001FF0848702102F0F1
:10901000FDFE06486F2102F0F9FE00BF7806002031
:1090200024060020D00500207C050020A8C40408E8
:109030000D480E4A10B500230D4C04601221C0E902
:1090400001134FF48034C3604FF480114FF48073E8
:10905000C0E904418261838321F026FF00B910BD7D
:10906000BDE8104001F024B8D40400200001010044
:10907000006400400000000030B5274B026889B052
:1090800000249A42CDE90244CDE90444069401D07B
:1090900009B030BD03F5EA3300941A6C1F4842F062
:1090A00000721A641A6C02F000720092009A019425
:1090B0001A6B42F001021A631B6B9FED157B03F0E4
:1090C0000103019302A909230322CDE905238DEDB4
:1090D000027B019D28F072FB22460521132022F01D
:1090E000D1FD132022F014FE22460521142022F087
:1090F000C9FD142022F00CFE22460521152022F085
:10910000C1FD152022F004FE09B030BDAFF3008090
:10911000001800000200000000640040000002404F
:1091200008B502680C4B9A4200D008BD0B4A0C48A7
:10913000136C23F0007313644FF4C05128F072FDD8
:10914000132022F0F9FD142022F0F6FDBDE80840BE
:10915000152022F0F1BD00BF00640040003802403D
:1091600000000240054808B5054B036022F0D4FF1B
:1091700000B908BDBDE8084000F09ABFFC0400201B
:10918000003002400B4B02689A4200D0704782B018
:1091900000220192D3F8302842F48052C3F83028DC
:1091A00003F500631B6B03F480530193019B02B032
:1091B000704700BF00300240054B02689A4200D061
:1091C0007047044A136B23F480531363704700BF46
:1091D000003002400038024010B582B000240F4B2E
:1091E0000194196B41F4001119631B6B03F4001314
:1091F0002246052101931020019B22F043FD1020FF
:1092000022F086FD22460521112022F03BFD11208F
:1092100002B0BDE8104022F07BBD00BF0038024024
:1092200010B51148114C124900230122C0E9004138
:10923000C0E90232C0E90433C0E90633036224F016
:109240008BF828B90848002128F0FAF940B910BD78
:1092500000F02EFF0448002128F0F2F90028F6D093
:10926000BDE8104000F024BF080500200060004069
:109270005016400030B504469FB000215C2207A87C
:10928000CDE90211CDE90411069141F082FF1B4B9B
:1092900022689A4201D01FB030BD802307A80793EF
:1092A0002EF044F830BB164C164800250095236B71
:1092B00043F008032363236B03F0080300934FF488
:1092C00040421223CDE9022301220323CDE90423E6
:1092D00002A904230693009A28F070FA0195236CE2
:1092E00043F080732364236C03F080730193019B2C
:1092F0001FB030BD00F0DCFED5E700BF00600040CD
:1093000000380240000C0240074B02689A4200D02D
:109310007047064A0648136C23F080734FF44041AF
:10932000136428F07FBC00BF00600040003802409A
:10933000000C024008B5012020F064F8FBE700BFF4
:10934000704700BF0020704710B50C4672B6174832
:10935000174A00F1200E0D2113681B06FCD5516041
:1093600010F8011F09B17045F6D184B1601E104A92
:1093700010F8011F04F1200C49B1844507D013688F
:109380001C06FCD5516010F8011F0029F5D10849D1
:109390000B681A06FCD50D23054A4B6013681B06A3
:1093A000FCD50A23536000BFFDE700BFC0C404081A
:1093B0000044004010B59B4A0021012020F050FAE3
:1093C000994B9A4A0446002101201C6020F048FA7B
:1093D000974B984A0446002101201C6020F040FA77
:1093E000954B964A0446002101201C6020F038FA73
:1093F000934B944A0446002101201C6020F030FA6F
:10940000914B924A0446002101201C6020F028FA6A
:109410008F4B904A0446002101201C6020F020FA66
:109420008D4C8E4B2060002201218D4820F010F8D9
:109430008C4B0121186020F051F88B4A0121082043
:1094400020F0E8FA894B8A4A0446082101201C6072
:1094500020F0E0FA874B884A0446082101201C606E
:1094600020F0D8FA854B864A0446082101201C606A
:1094700020F0D0FA834B844A0446082101201C6066
:1094800020F0C8FA814B824A0446082101201C6062
:1094900020F0C0FA7F4B804A0446082101201C605E
:1094A00020F0B8FA7D4B7E4A0446082101201C605A
:1094B00020F0B0FA7B4B7C4A0446082101201C6056
:1094C00020F0A8FA794B7A4A0446082101201C6052
:1094D00020F0A0FA774B784A0446002177481C60B8
:1094E0001FF066FD764B774A0446002176481C60E3
:1094F0001FF05EFD754B764A0446002175481C60DE
:109500001FF056FD744B754A0446002174481C60D8
:109510001FF04EFD734B744A0446002173481C60D3
:109520001FF046FD724B734A0446002172481C60CE
:109530001FF03EFD714B724A0446002171481C60C9
:109540001FF036FD704B714A0446002170481C60C4
:109550001FF02EFD6F4B704A044600216F481C60BF
:109560001FF026FD6E4B6F4A044600216E481C60BA
:109570001FF01EFD6D4B6E4A044600216D481C60B5
:109580001FF016FD6C4B6D4A044600216C481C60B0
:109590001FF00EFD6B4B6C4A044600216B481C60AB
:1095A0001FF006FD6A4B6B4A044600216A481C60A6
:1095B0001FF0FEFC694B6A4A0446002169481C60A2
:1095C0001FF0F6FC684B694A0446002168481C609D
:1095D0001FF0EEFC674B684A0446002167481C6098
:1095E0001FF0E6FC664B674A0446002166481C6093
:1095F0001FF0DEFC654B664A0021044665481C608E
:109600001FF0D6FC644B024600201A601FF0C8FF12
:10961000624B024662481A601FF0C2FF614B18603D
:1096200010BD00BF4C500508C80700203C5005087D
:10963000740700202C500508200700201C50050846
:10964000CC0600200C50050878060020FC4F0508C9
:1096500024060020EC4F0508D00500205C500508CA
:10966000EDA80008F807002044510508900B0020E1
:109670002C510508340B002014510508D80A00208D
:10968000FC5005087C0A0020E4500508200A002050
:10969000CC500508C4090020B45005086809002012
:1096A0009C5005080C09002084500508B0080020D3
:1096B0006C50050854080020E4530508CDA60008A6
:1096C000D0CB0020C05305082DA9000810C70020EA
:1096D0009C530508D9A9000850C2002078530508FA
:1096E0005DA9000890BD0020545305089DAA0008FC
:1096F000D0B8002030530508A1A9000810B40020FC
:109700000C530508D5AA000850AF0020E852050800
:1097100015AB000890A60020C4520508F5AB000860
:10972000D0A10020A0520508E9AD0008109D00203E
:109730007C5205088D8D000850980020585205086D
:1097400051AB00089087002034520508E58E0008D0
:10975000D082002010520508518F000810620020AE
:10976000EC510508C18F000850410020C851050880
:10977000D98C000890200020A451050895AB000862
:10978000D017002080510508C5AB00081013002039
:109790005C510508F1AD0008500E0020D4CB00202C
:1097A000DC4F05087C0500202DE9F04F00248FB028
:1097B000CDE90844CDE90A44C14B00940C941A6BDE
:1097C000DFF810A3DFF810B3DFF81093BD4F42F0BD
:1097D00004021A631A6B02F004020092009A0194C8
:1097E0001A6B42F010021A631A6B02F01002019217
:1097F000019A02941A6B42F002021A631A6B02F089
:1098000002020292029A03941A6B42F008021A634F
:109810001A6B02F008020392039A04941A6B42F046
:1098200001021A631A6B02F001020492049A059471
:109830001A6B42F020021A631A6B02F020020592A2
:10984000059A06941A6B42F080021A631A6B02F0B2
:1098500080020692069A07941A6B42F040021A633D
:109860001B6B03F040030793504601221821079B0E
:1098700028F024FB2246504640F6070128F01EFB44
:1098800022469148802128F019FB2246584648F28A
:10989000102128F013FB4846012244F2010128F070
:1098A0000DFB224638464FF4007128F007FB224694
:1098B000864843F2080128F001FB584601220521A1
:1098C00028F0FCFA82480122022128F0F7FA3846F3
:1098D00001224FF4004128F0F1FA4FF4205208A978
:1098E00048464FF488130125CDE908230A9427F050
:1098F00065FF40F6190308A9504606264FF00208F6
:10990000CDE90835CDE90A4427F058FF08A95046AB
:10991000CDE909540896CDF82C8027F04FFF30236D
:10992000089308A9032338460B93CDE909840C96C4
:1099300027F044FF802208A963480892CDE9095422
:109940000B9427F03BFF48F2152208A958460892CD
:10995000CDE909540B9427F031FF44F2010208A924
:1099600048460892CDE909540B9427F027FF9FED54
:10997000527B504608A98DED087B0A9427F01EFF04
:109980004FF4007208A938460892CDE90954CDF881
:109990002C8027F013FF03230B9308A94FF4806357
:1099A00048460893CDE909840C9627F007FF48F252
:1099B0001002484608A94FF40413CDE908230A947D
:1099C00027F0FCFE43F2080308A940480893CDE9BC
:1099D00009540B9427F0F2FE08A940F201224FF43B
:1099E00088133B480A94CDE9082327F0E7FE4FF49B
:1099F0000072002308A935480A94CDE9082327F00E
:109A0000DDFE08A93248CDF82080CDE909540B9439
:109A100027F0D4FE08A94FF4806200232A480A9454
:109A2000CDE9082327F0CAFE0A22584608A94FF4B8
:109A30008813CDE908230A9427F0C0FE4FF40043B1
:109A400008A938460893CDE90A44099527F0B6FEDF
:109A500022460521304622F015F9304622F058F909
:109A600022460521072022F00DF9072022F050F9A7
:109A700022460521092022F005F9092022F048F9A3
:109A8000224605210A2022F0FDF80A2022F040F9A2
:109A900022460521172022F0F5F8172022F038F988
:109AA00022460521282022F0EDF8282022F030F966
:109AB0000FB0BDE8F08F00BF2004000000002100BF
:109AC0000038024000040240000C02400014024032
:109AD000001802400010024000000240000802404E
:109AE00010B50B480B4C0C4900234FF48042C0E9E1
:109AF0000041C0E90233C0E90423C0E90633036230
:109B000028F0BEFC00B910BDBDE8104000F0D0BA8E
:109B100088CC002000540040801A060010B50B4885
:109B20000B4C0C4900234FF48042C0E90041C0E9CE
:109B30000233C0E90423C0E90633036228F0A0FC25
:109B400000B910BDBDE8104000F0B2BA30CC002022
:109B500000580040801A060010B50B480B4C0C4909
:109B600000234FF48042C0E90041C0E90233C0E95C
:109B70000423C0E90633036228F082FC00B910BD5B
:109B8000BDE8104000F094BAD8CB0020005C004043
:109B9000801A0600F0B50368494A8FB0002493424A
:109BA000CDE90844CDE90A440C9407D0454A9342D4
:109BB00028D0454A934248D00FB0F0BD434D0194A0
:109BC0002B6B43F002032B632B6B03F00203019317
:109BD0004FF4C0721223CDE9082301983C480322B8
:109BE000042308A9CDE90B2327F0E8FD02942B6C90
:109BF00043F400132B642B6C03F400130293029BB9
:109C00000FB0F0BD314D03942B6B43F020032B6359
:109C10002B6B03F02003039303221223CDE90823C7
:109C200003982C480322042308A9CDE90B2327F02D
:109C3000C5FD04942B6C43F480032B642B6C03F45C
:109C400080030493049B0FB0F0BD204D05942B6B53
:109C5000214843F004032B632B6B03F004030593AB
:109C6000059B06942B6B43F001032B632B6B03F0D6
:109C7000010306934FF400720327042608A9122358
:109C8000CDE90823CDE90B76069B27F097FD4FF42D
:109C90008072122311480B9708A9CDE908230A9472
:109CA0000C9627F08BFD07942B6C43F400032B6478
:109CB0002B6C03F400030793079B0FB0F0BD00BFAC
:109CC0000054004000580040005C00400038024052
:109CD000000402400014024000080240000002405C
:109CE00008B51F4A0368934206D01E4A934214D017
:109CF0001D4A934221D008BD02F5F2321B48136C75
:109D000023F400134FF48071136427F08BFFBDE838
:109D100008401648802127F085BF02F5F03214482C
:109D2000136C23F480030121136427F07BFFBDE84B
:109D300008400F48022127F075BF02F5EE320D48AA
:109D4000136C23F400034FF40071136427F06AFFCF
:109D5000BDE8084008484FF4807127F063BF00BF9A
:109D60000054004000580040005C004000040240E5
:109D70000014024000080240000002400000000001
:109D800030B5002397B0CDE90A33CDE90C33CDE9E6
:109D90000333CDE90533264901930793086C254A1F
:109DA00040F080500864096C01F0805101910199E4
:109DB0000293136843F440431360136803F4404371
:109DC000022402934FF480019FED177BCDE90E41F1
:109DD0000298149402200221CDE912010822B42332
:109DE00008A88DED087B109211932EF005FA08B1AA
:109DF00072B6FEE72CF0E0FC034608B172B6FEE74F
:109E00000F22CDE903244FF4A0554FF4805203A84C
:109E10000521CDE9053507922DF0DAF808B172B6C3
:109E2000FEE717B030BD00BF0100000000000100D8
:109E3000003802400070004008B520F053FF0120B8
:109E400000F0B2FAFFF79CFFFFF7AEFCFFF7C4F992
:109E500000F0E6FF01F088F801F0C0F900F070F9B9
:109E6000FFF780F900F028F901F0BAF801F0E2F804
:109E700000F044F9FFF7D4F901F00EF8324830F061
:109E80009BFF324830F098FF31480122082128F02A
:109E900015F8002201212F4828F010F80A2020F0A0
:109EA0007BFF2C480122102128F008F82A480122C3
:109EB0004FF4805128F002F800220221274827F0B1
:109EC000FDFF0A2020F068FF214801224FF40061C5
:109ED00027F0F4FF204801224FF4005127F0EEFF55
:109EE000002201211E4827F0E9FF0A2020F054FF3C
:109EF0001C4801224FF4007127F0E0FF14480122B2
:109F0000022127F0DBFF12480122042127F0D6FFAF
:109F1000002204210F4827F0D1FF0A2020F03CFF47
:109F2000FFF7DEFDFFF7FAFDFFF716FE0E490F48BB
:109F300002F0D0FA02F0F6FA1EF056FFFFF73AFAF6
:109F40001EF08EFFFEE700BFA0CF002010CF002044
:109F500000100240000002400014024000180240BD
:109F60000008024000040240E8CF0020A8D00020F2
:109F7000074B02689A4200D0704710B5044602F0C1
:109F8000F3FA00B110BDA08CBDE8104003F0AAB9EF
:109F900000440040034B02689A4200D070470846D4
:109FA00002F060BA0044004030B5012883B03BD0D5
:109FB000102832D002280CD0B0F5806F27D00828A6
:109FC0001FD0202814D10DF0EFFD274A04460D467E
:109FD00004E00DF0E9FD254A04460D460023106813
:109FE00069461A46CDE900451FF04CFD03B030BD6F
:109FF000B0F5005F1ED10DF0D7FD1D4A04460D4699
:10A00000ECE70DF0D1FD1B4A04460D46E6E70DF0E6
:10A01000CBFD194A04460D46E0E7184B186803B01B
:10A02000BDE830401FF0AEBC0DF0BEFD144A044642
:10A030000D46D3E7B0F5007F05D10DF0B5FD114A0F
:10A0400004460D46CAE7B0F5004F05D10DF0ACFD52
:10A050000D4A04460D46C1E7B0F5006FC6D103B006
:10A06000BDE830400DF0A2B8C4090020340B002038
:10A0700068090020200A00207C0A0020C807002070
:10A08000D80A00200C090020B008002008B51046AE
:10A0900001F0BCFE08B5104601F0B8FE034B0268A3
:10A0A0009A4200D0704720F037BE00BF0010004039
:10A0B00072B6FEE7704700BF0E480F494FF4827238
:10A0C00010B50023C0E900124FF4007418210A22D1
:10A0D000C0E90233C0E90433C0E90641C0E90833EE
:10A0E000C0E90A322EF042FD00B910BDBDE81040B3
:10A0F000FFF7DEBF90CD0020003001400E480F4931
:10A100004FF4827210B50023C0E900124FF40074BE
:10A1100008210A22C0E90233C0E90433C0E906413C
:10A12000C0E90833C0E90A322EF020FD00B910BDA5
:10A13000BDE81040FFF7BCBF38CD0020003800401C
:10A140000E480F494FF4827210B50023C0E9001287
:10A150004FF4007418210A22C0E90233C0E9043325
:10A16000C0E90641C0E90833C0E90A322EF0FEFC1E
:10A1700000B910BDBDE81040FFF79ABFE0CC002049
:10A1800000340140F0B503684D4A8FB0002493427B
:10A19000CDE90844CDE90A440C9407D0494A9342DA
:10A1A00027D0494A934266D00FB0F0BD474B019487
:10A1B0005A6C474842F480525A645A6C02F48052F6
:10A1C0000192019A02941A6B42F001021A631B6B0E
:10A1D00003F0010302930322052308A9E0240225CA
:10A1E000CDE90845CDE90B23029C27F0E7FA0FB033
:10A1F000F0BD364B03941A6C364842F480421A6420
:10A200001A6C02F480420392039A04941A6B42F08F
:10A2100008021A631A6B02F008020492049A059469
:10A220001A6B42F004021A631B6B03F0040308224A
:10A2300005930325052708A90223CDE90823022653
:10A24000059BCDE90B5727F0B9FA072308A9224847
:10A250000C93CDE90866CDE90A4527F0AFFA04234F
:10A260001D48099608A9CDE90A450C97089327F0DF
:10A27000A5FA0FB0F0BD154B06945A6C174842F47E
:10A2800000525A645A6C02F400520692069A0794DD
:10A290001A6B42F010021A631B6B03F01003079352
:10A2A0000322052308A94FF4E0440225CDE908451F
:10A2B000CDE90B23079C27F081FA0FB0F0BD00BF5A
:10A2C00000300140003800400034014000380240B6
:10A2D00000000240000C0240000802400010024052
:10A2E00008B51A4A0368934206D0194A93420FD020
:10A2F000184A93421CD008BD02F584321648536CAC
:10A3000023F480535364E021BDE8084027F08ABC61
:10A3100002F500321148136C23F4804308211364C2
:10A3200027F080FCBDE808400D48062127F07ABCE4
:10A3300002F582320B48536C23F4005353644FF4FC
:10A34000E041BDE8084027F06DBC00BF003001408F
:10A35000003800400034014000000240000C024080
:10A36000000802400010024082B00E4B0022009212
:10A37000596C41F480415964586C00F4804000905D
:10A3800000980192186C40F0805018641B6C03F028
:10A3900080530193019B0F216FF0010002B021F067
:10A3A00071BC00BF0038024070B588B0234B00225A
:10A3B00002921A6C42F010021A641B6C03F0100334
:10A3C0000293054601A903A8029B2CF07DFF069B82
:10A3D000D3B92CF013FF0346194A1A4C1A49A2FBB1
:10A3E00003239B0C013B0022C4E90013204640F2EA
:10A3F000E7332261A260A261E36030F04DFB0646C4
:10A4000030B1304608B070BD2CF0F8FE4300E3E7F1
:10A41000204630F09DFD06460028F2D1362021F07E
:10A4200077FC0F2D01D90126EBE73246294636206D
:10A4300021F028FC054B1D60E3E700BF0038024017
:10A4400083DE1B43E8CD00200010004044040020C0
:10A45000034B1A68D36823F00103D360704700BF31
:10A46000E8CD0020034B1A68D36843F00103D360A2
:10A47000704700BFE8CD0020FEE700BFFEE700BF49
:10A48000FEE700BFFEE700BFFEE700BF704700BF6A
:10A49000012027F067BD00BF022027F063BD00BF89
:10A4A000082027F05FBD00BF102027F05BBD00BF74
:10A4B000014822F01FBA00BFE8CF0020014822F077
:10A4C00019BA00BF48D00020014821F041BA00BFAE
:10A4D000D4040020014821F03BBA00BFD40400207E
:10A4E000014821F035BA00BFD404002008B520206F
:10A4F00027F038FDBDE808404FF4007027F032BD6A
:10A50000014B18681FF03EBA74070020014837F06D
:10A510001BBF00BF58CF002001483DF007B900BF66
:10A52000A8D0002008B54FF4806027F01BFD4FF441
:10A53000006027F017FD4FF4005027F013FDBDE831
:10A5400008404FF4004027F00DBD00BF014837F030
:10A55000FBBE00BFE8CD002008B503F097FFBDE8C3
:10A560000840014837F0F0BEC8CE0020704700BF59
:10A570000120704708B540F063FF162303604FF0D9
:10A58000FF3008BD08B540F05BFF16230360FEE70F
:10A5900070B5161E07DD0C468D19AFF3008004F868
:10A5A000010BA542F9D1304670BD00BF70B5161E33
:10A5B00007DD0C468D1914F8010BAFF30080A5429E
:10A5C000F9D1304670BD00BF4FF0FF30704700BF7B
:10A5D0004FF400534B600020704700BF01207047CC
:10A5E000002070470EB44FF0FF3003B0704700BF3B
:10A5F00008B540F025FF0A2303604FF0FF3008BD87
:10A6000008B540F01DFF022303604FF0FF3008BD86
:10A610004FF0FF30704700BF4FF400534B600020F5
:10A62000704700BF08B540F00BFF1F2303604FF0D9
:10A63000FF3008BD08B540F003FF0B2303604FF067
:10A64000FF3008BD08B540F0FBFE0C2303604FF05F
:10A65000FF3008BD044B0549D3F8882042F470024E
:10A66000C3F888209960704700ED00E00080000882
:10A67000124A936803F00C03082B0AD0104B0F4AC0
:10A68000104892681049C2F30312825CD3400B60F9
:10A690007047536851685368094AC3F3881301F03F
:10A6A0003F01B2FBF1F202FB03F3044A5268C2F32A
:10A6B000014201325200B3FBF2F3E0E700380240FE
:10A6C0000024F400105405080800002038B5854D1A
:10A6D00001F044FB01F062FB002004F099FA0368EA
:10A6E0001B689847002004F093FA03685B6898475A
:10A6F000002800F0F380002004F0EEFC03681B68E3
:10A700009847002004F0E8FC03685B68984700283D
:10A7100000F0E480002002F0F1FD03681B68984718
:10A72000002002F0EBFD03685B689847002800F00A
:10A73000D580002004F080FF03681B689847002044
:10A7400004F07AFF03685B689847002800F0C68031
:10A75000002003F049FA03681B689847002003F0C3
:10A7600043FA03685B689847002800F0B780002030
:10A7700005F0ECFE03681B689847002005F0E6FE34
:10A7800003685B689847002800F0A880002005F067
:10A7900047FA03681B689847002005F041FA0368F0
:10A7A0005B689847002800F09980002006F096F832
:10A7B00003681B689847002006F090F803685B6800
:10A7C0009847002800F08A80002007F0B1FD036858
:10A7D0001B689847002007F0ABFD03685B6898474B
:10A7E00000287BD0002008F0D7F803681B68984742
:10A7F000002008F0D1F803685B68984700286DD006
:10A80000002008F02FFA03681B689847002008F022
:10A8100029FA03685B68984700285FD0002002F09F
:10A82000FFF803681B689847002002F0F9F80368F6
:10A830005B689847002851D000200BF02FF903687F
:10A840001B68984700200BF029F903685B6898475C
:10A85000002843D0002420460AF0B2FE03681B689B
:10A86000984720460AF0ACFE03685B6898470028CA
:10A8700034D00134032CEED100200AF0BBFD036874
:10A880001B68984700200AF0B5FD03685B6898478D
:10A8900020B3002006F03AFD03681B6898470020AB
:10A8A00006F034FD03685B689847B8B1002007F0F4
:10A8B0007FFB03681B689847002007F079FB03685B
:10A8C0005B68984750B1002009F02CFA0022002361
:10A8D00009F02CFD28681EF00DFCF9E602489821CD
:10A8E00001F094FAD0CB0020C0C704080B4B10B580
:10A8F0000B4C18681FF046F80A4A236803FB02F263
:10A90000B2F1333F02D90133236010BD064B186802
:10A910001FF038F823680133236010BD20070020A2
:10A9200078CE0020CDCCCCCCCC06002038B5094C5C
:10A93000094D28684FF0FF33002221461FF0D4F85C
:10A940000028F6D102F0DAFCD4E9002302F0E0FF9F
:10A95000EFE700BF70CE0020D80A002070B50D4C84
:10A960000D4D0E4E28684FF0FF33002221461FF098
:10A97000BBF80028F6D130684FF0FF311EF0D0FF51
:10A980000028EFD104F058FED4E9002305F026F8A2
:10A99000E8E700BF68CE0020340B0020C807002085
:10A9A00038B50B4C0B4D28684FF0FF330022214681
:10A9B0001FF09AF80028F6D105F0C8FDD4E900236D
:10A9C00005F0FEFE02200AF0FBFD0AF0A7FEEAE712
:10A9D00060CE0020200A002030B52F4D83B0002427
:10A9E00028688DF807404FF0FF3300220DF1070172
:10A9F0001FF07AF80028F3D19DF80730013B0E2BA9
:10AA0000EED801A252F823F08DAA000881AA00080E
:10AA100075AA000869AA00085DAA000851AA0008E2
:10AA2000E1A90008E1A90008E1A90008E1A90008DE
:10AA3000E1A90008E1A90008E1A90008E1A90008CE
:10AA400045AA0008002001F0EBFF02F037F8C7E745
:10AA5000002001F0E5FF02F0D1FBC1E7002001F08A
:10AA6000DFFF02F0B1F9BBE7002001F0D9FF02F0EF
:10AA700019FAB5E7002001F0D3FF02F085FAAFE73D
:10AA8000002001F0CDFF02F0E9FAA9E7002001F073
:10AA9000C7FF02F031F9A3E7900B002038B50B4C4B
:10AAA0000B4D28684FF0FF33002221461FF01CF8A1
:10AAB0000028F6D105F0B4F8D4E9002305F0E0F958
:10AAC00001200AF07DFD0AF029FEEAE758CE0020B9
:10AAD0007C0A0020F8B50D4D0D4F002628684FF078
:10AAE000FF311EF01DFF04460028F7D103F07CF86B
:10AAF00003F0F0F8204609F015F909F0E7FDF30737
:10AB000002D438681EF03EFF0136E7E774070020E4
:10AB10007806002070B50C4D0C4E30684FF0FF33B6
:10AB2000002229461EF0E0FF04460028F5D105F07A
:10AB3000D5FED5E9002306F05BF920460AF040FD7A
:10AB40000AF0ECFDE9E700BF50CE0020C409002068
:10AB500070B50E4D0E4E30684FF0FF33002229467F
:10AB60001EF0C2FF04460028F5D107F0E1FBD5E94D
:10AB7000002307F071FC20460AF03CFC0AF066FC5A
:10AB800020460AF08BFF0BF061FDE4E748CE002081
:10AB90006809002038B5094C094D28684FF0FF338B
:10ABA000002221461EF0A0FF0028F6D107F0F4FE97
:10ABB000D4E9002307F04CFFEFE700BF40CE0020B0
:10ABC0000C09002038B5094C094D28684FF0FF33B7
:10ABD000002221461EF088FF0028F6D108F042F836
:10ABE000D4E9002308F080FBEFE700BF38CE002057
:10ABF000B0080020F8B507F047FA794E794C0546C1
:10AC000033E0A8682768002848D128692768002809
:10AC100052D1A869276800285CD1286A27680028D3
:10AC200066D1A86A2768002870D1286B2768002899
:10AC30007AD1A86B2768002840F08680286C2768A6
:10AC4000002840F09180A86C2768002840F09C8084
:10AC5000286D2768002840F0A780A86D2768002885
:10AC600040F0B28023680133236030684FF0FF3139
:10AC70001EF056FE0028F5D1286827680028C0D0AD
:10AC800007F0AAFAB7FBF0F303FB1077002FB8D157
:10AC90006B689847A86827680028B6D007F09CFA28
:10ACA000B7FBF0F303FB1077002FAED1EB689847AA
:10ACB000286927680028ACD007F08EFAB7FBF0F3BC
:10ACC00003FB1077002FA4D16B699847A869276808
:10ACD0000028A2D007F080FAB7FBF0F303FB10774F
:10ACE000002F9AD1EB699847286A2768002898D0E6
:10ACF00007F072FAB7FBF0F303FB1077002F90D147
:10AD00006B6A9847A86A276800288ED007F064FA13
:10AD1000B7FBF0F303FB1077002F86D1EB6A98475F
:10AD2000286B2768002884D007F056FAB7FBF0F3A9
:10AD300003FB1077002F7FF47CAF6B6B9847A86BF9
:10AD4000276800283FF47AAF07F046FAB7FBF0F324
:10AD500003FB1077002F7FF471AFEB6B9847286CE3
:10AD6000276800283FF46FAF07F036FAB7FBF0F31F
:10AD700003FB1077002F7FF466AF6B6C9847A86CCD
:10AD8000276800283FF464AF07F026FAB7FBF0F31A
:10AD900003FB1077002F7FF45BAFEB6C9847286DB7
:10ADA000276800283FF459AF07F016FAB7FBF0F315
:10ADB00003FB1077002F7FF450AF6B6D9847A86DA1
:10ADC000276800283FF44EAF07F006FAB7FBF0F310
:10ADD00003FB1077002F7FF445AFEB6D984741E7F9
:10ADE0002007002034CE002008B506F0C3FAFCE7A7
:10ADF00070B50A4E82B00024002530684FF0FF3352
:10AE000000226946CDE900451EF06EFE0028F4D10F
:10AE1000DDE900010CF050FAEFE700BF5408002014
:10AE200000B51B484FF0804287B0026059220023D2
:10AE300042604FF0FF32CDE90233CDE90433CDE972
:10AE40000033C0E90232036183612FF025FE98B917
:10AE50004FF480530E48029302A936F0FDFC98B9D6
:10AE6000202200230A486946CDE900233BF016F86A
:10AE700028B907B05DF804FBFFF71AF9E8E7FFF718
:10AE800017F907B05DF804FBFFF712F9E8E700BF18
:10AE9000A0CF00200000000000B53148314A8FB03B
:10AEA0000023CDE90233CDE90433CDE90033CDE908
:10AEB0000633CDE90833CDE90A330C93836003618F
:10AEC000836140F23F63C0E900234FF6FF73C36024
:10AED0002FF0E2FD48BB4FF480532148029302A9B2
:10AEE00036F0BAFC90BB1E4830F0D2F958BB0022B5
:10AEF00000231B486946CDE900233AF0CFFFF8B99B
:10AF00009FED157B00221648089206A98DED067B61
:10AF10000A9237F0CFFD80B91148042206A937F014
:10AF2000C9FD28B90FB05DF804FBFFF7C1F8D2E7FF
:10AF3000FFF7BEF80FB05DF804FBFFF7B9F8EBE7D9
:10AF4000FFF7B6F8DCE7FFF7B3F8D0E7FFF7B0F8A4
:10AF5000C9E700BFAFF30080000000000000000060
:10AF600058CF00200004004000B51B481B4A89B0A0
:10AF7000002302604FF0FF32CDE90233CDE9043304
:10AF8000CDE90033C0E90133C0E9032306938361AF
:10AF90002FF082FDA0B9072200230F4802A9CDE9B6
:10AFA000022336F02BFF98B9002200230A48694695
:10AFB000CDE900233AF072FF28B909B05DF804FB2F
:10AFC000FFF776F8E7E7FFF773F809B05DF804FBE1
:10AFD000FFF76EF8E8E700BF10CF0020000C00403C
:10AFE00000B51248124943F6652283B00023C0E938
:10AFF00000120122CDE90033C0E9023283612FF053
:10B000004BFD58B90022002308486946CDE90023CA
:10B010003AF044FF28B903B05DF804FBFFF748F8A5
:10B02000F0E7FFF745F803B05DF804FBC8CE002059
:10B030000014004009480A4908B54FF6FF72002382
:10B04000C0E90013C0E90232036183612FF024FDDF
:10B0500000B908BDBDE80840FFF72AB880CE00203F
:10B060000044014000B50368B3F1804F87B00ED0B3
:10B07000334A93422AD0334A934218D0324A9342F9
:10B080003AD0324A934249D007B05DF804FB03F549
:10B090000E33002201921A6C42F001021A641B6CFA
:10B0A00003F001030193019B07B05DF804FB284BFB
:10B0B000002203921A6C42F008021A641B6C03F01F
:10B0C00008030393039B07B05DF804FB204B0022A9
:10B0D0000292196C41F0020119641B6C03F0020327
:10B0E00002931D200521029B20F0CCFD1D2007B0FE
:10B0F0005DF804EB20F00CBE154B00220492196C95
:10B1000041F0200119641B6C03F0200304933720E5
:10B110000221049B20F0B6FD3720E8E70C4B00220B
:10B120000592596C41F4003159645B6C03F40033AF
:10B13000059319200521059B20F0A4FD1920D6E7D1
:10B1400000040040000C0040001400400044014096
:10B15000003802400368B3F1804F0CD01A4A934282
:10B1600016D01A4A93420CD0194A934219D0194A60
:10B1700093421FD07047184A136C23F001031364E5
:10B18000704702F50B32136C23F008031364704709
:10B1900002F50D321D20136C23F00203136420F01E
:10B1A000CBBD02F509323720136C23F02003136462
:10B1B00020F0C2BD02F574421920536C23F4003311
:10B1C000536420F0B9BD00BF00040040000C0040F3
:10B1D00000140040004401400038024010B50B4804
:10B1E0000B4C00234FF4E1310C22C0E90041C0E9CF
:10B1F0000233C0E90432C0E906333BF071F800B90C
:10B2000010BDBDE81040FEF753BF00BFA8D000201E
:10B210000044004070B5374B026888B000249A4261
:10B22000CDE90244CDE90444069401D008B070BDD4
:10B2300003F5FA3300941A6C2F4E42F400321A646C
:10B240001A6C02F400320092009A01941A6B42F0D8
:10B2500008021A631B6B03F00803019360220223A8
:10B26000CDE902230546032207230198234802A9BA
:10B27000CDE9052326F0A2FA214A74624FF000635B
:10B28000C6E90023304640224FF48063C6E9022419
:10B29000C6E90544C6E90744336120F0B9FF10BB95
:10B2A000184C194A22604FF000620023AE636260BE
:10B2B00020464FF48062C4E90233C4E90423C4E9A0
:10B2C0000633C4E90833B56320F0A2FF70B9002249
:10B2D0000521EC632620A56320F0D4FC262020F075
:10B2E00017FD08B070BDFEF7E3FED9E7FEF7E0FEFC
:10B2F000EDE700BF0044004048D00020000C0240B1
:10B30000A0600240E8CF0020886002400D4B026838
:10B310009A4200D070470C4A136C10B523F40033E6
:10B32000044660211364094826F07CFCA06B21F0E0
:10B33000BFF8E06B21F0BCF8BDE81040262020F0FB
:10B34000FBBC00BF0044004000380240000C02403B
:10B35000DFF834D0FFF77EF90C480D490D4A002381
:10B3600002E0D458C4500433C4188C42F9D30A4ABA
:10B370000A4C002301E013600432A242FBD340F0E8
:10B3800065F8FEF759FD704700000220000000201C
:10B39000AC04002098830508B004002064900120CC
:10B3A000FEE700000022C0E900228260704700BF73
:10B3B000002070471C2070471B2070471A207047E0
:10B3C00019207047182070471720704716207047C3
:10B3D00015207047142070471320704712207047C3
:10B3E00011207047102070470F2070470E207047C3
:10B3F0000D2070470C2070470B2070470A207047C3
:10B4000009207047082070470720704706207047C2
:10B4100005207047042070470320704702207047C2
:10B42000012070470020704738B5664C664B04F524
:10B43000805505F51470C5F8503200F0CDFC634B13
:10B44000C5F8C03104F58E5000F0C6FC604BC5F85D
:10B45000303105F5987000F0BFFC5E4BC5F8A030A8
:10B4600004F5855000F0B8FC5B4B2B6105F1100032
:10B4700000F0B2FC594BC4F8D03E04F56D6000F00A
:10B48000ABFC574BC4F8903D04F5596000F0A4FCA8
:10B49000544BC4F8503C04F5456000F09DFC524B01
:10B4A000C4F8C83B04F6C83000F096FC4F4BC4F813
:10B4B000403B04F5346000F08FFC4D4BC4F8B83AC3
:10B4C00004F6B82000F088FC4A4BC4F8583904F65A
:10B4D000581000F081FC484BC4F8C83804F6C80086
:10B4E00000F07AFC454BC4F8483804F6480000F0F8
:10B4F00073FC434BC4F8B83704F5F76000F06CFCFC
:10B50000404BC4F8203704F5E46000F065FC3E4B86
:10B51000C4F8A83604F5D56000F05EFC3B4BC4F8D7
:10B52000183604F5C36000F057FC394BC4F8883571
:10B5300004F5B16000F050FC364BC4F8F83404F563
:10B540009F6000F049FC344BC4F8703404F58E6001
:10B5500000F042FC314BC4F8E83304F57A7000F097
:10B560003BFC2F4BC4F8603304F5587000F034FCFA
:10B570002C4BC4F8D83204F5367000F02DFC2A4B61
:10B58000C4F8503204F5147000F026FC274BC4F8C0
:10B59000C83104F5E47000F01FFC254BC4F83031CD
:10B5A00004F5987000F018FC2046224B40F8983FB4
:10B5B00000F012FC204B23602046BDE8384000F02C
:10B5C0000BBC00BF00D10020285605081C560508FA
:10B5D0001056050804560508F8550508EC550508E9
:10B5E000E0550508D4550508C8550508BC5505089B
:10B5F000B0550508A4550508985505088C5505084B
:10B600008055050874550508685505085C550508FA
:10B610005055050844550508385505082C550508AA
:10B62000205505081455050808550508FC5405085B
:10B63000F0540508E4540508D8540508000000003B
:10B640002DE9F04F2DED028B044683B000F0A8FBEE
:10B6500020463026DE4BDF4D40F8683B3246002165
:10B660003FF097FDA56604F1980000F099FBDA4BD6
:10B67000C4F898303246002104F580703FF089FD0F
:10B68000C4F8005104F5987000F08AFBD34BC4F85D
:10B6900030313246002104F5CC703FF07AFDC4F819
:10B6A000985104F5E4704FF0200900F079FBCC4B81
:10B6B000CC4DC4F8C8314A46002104F50C703FF067
:10B6C00068FDC4F8305204F5147000F069FBC64BF5
:10B6D000C4F850324A46002104F52E703FF059FD5F
:10B6E000C4F8B85204F5367000F05AFBBF4BC4F8EA
:10B6F000D8324A46002104F550703FF04AFDC4F8A4
:10B70000405304F5587000F04BFBB94BC4F860335C
:10B710004A46002104F572703FF03BFDC4F8C8535F
:10B7200004F57A7000F03CFBB24BC4F8E8334A46AB
:10B73000002104F58A603FF02CFDC4F8505404F554
:10B740008E6000F02DFBAC4BC4F870344A460021EB
:10B7500004F59B603FF01DFDC4F8D85404F59F60CC
:10B760004FF0280A00F01CFBA44BA54FC4F8F83496
:10B770005246002104F5AC603FF00BFDC4F8607543
:10B7800004F5B16000F00CFB9E4BC4F888355246BE
:10B79000002104F5BE603FF0FCFCC4F8F07504F530
:10B7A000C36000F0FDFA984BC4F8183652460021E9
:10B7B00004F5D0603FF0EDFC9FED838BC4F88076FC
:10B7C00004F5D56000F0ECFA904BC4F8A83604F507
:10B7D000D6628F4BDFF86CB282ED1A8B04F5E46011
:10B7E000C4F8103700F0DCFA8A4BC4F82037324630
:10B7F000002104F5F1603FF0CCFC874BC4F888379A
:10B8000004F5F76000F0CCFA844BC4F8B837524620
:10B81000002104F502603FF0BCFCC4F8207804F677
:10B82000480000F0BDFA7E4BC4F8483800267D4B36
:10B83000C4F8B038C4F8B468C4F8B868C4F8BC68D0
:10B84000C4F8C068C4F8C46804F6C80000F0A8FAD8
:10B85000754BC4F8C8385246314604F513603FF0C2
:10B8600098FCC4F8307904F6581000F099FA6F4B40
:10B87000C4F858393146F82204F51C603FF089FCC1
:10B880006B4BC4F8C03904F6B82000F089FA694B54
:10B89000C4F8B83A4A46314604F532603FF079FCC4
:10B8A000C4F8205B04F5346000F07AFA624BC4F807
:10B8B000403B4A46314604F6A8303FF06AFCC4F8E3
:10B8C000A85B04F6C83000F06BFA5C4BC4F8C83BC8
:10B8D0004A46314604F543603FF05BFCC4F8305CF7
:10B8E00004F5456000F05CFA4FF0D008544BC4F802
:10B8F000503C4246314604F54C603FF04AFC04F5AA
:10B900004D6304F54E60019300F082FB04F54F6136
:10B9100000250D6004F6F4414FF07E570D6004F6EB
:10B92000F84104F553620D6004F6FC4104F55960DA
:10B930000D6004F550610D6004F604510D6004F6CD
:10B9400008510F6004F60C510F6004F551610F604F
:10B9500004F614510F6004F618510F6004F61C51E0
:10B960000F6004F552610D6004F624510D6004F679
:10B9700028510D601560556004F63852156004F6C4
:10B980003C52156004F55462156004F6445215608B
:10B9900004F64852156004F64C52156004F55562E1
:10B9A000156004F65452156004F65852156004F6FA
:10B9B0005C52156004F55662156004F66452156019
:10B9C00004F6685215603FE000000000000000002F
:10B9D000D854050828540508E4540508F05405080F
:10B9E000FC54050868540508085505081455050851
:10B9F000205505082C5505083855050844550508F7
:10BA000078540508505505085C5505086855050823
:10BA10005854050874550508A854050880550508AC
:10BA20008C5505084854050898550508A45505087F
:10BA300088540508B0550508BC550508C8550508C3
:10BA4000D45505089854050804F66C52156004F5A1
:10BA50005762156004F67452156004F67852019B23
:10BA6000156004F67C52156083ED2C8BC4F8886D4C
:10BA700084F88C6DC4F8C0BC00F092F9AD4BC4F8EA
:10BA8000903D4246314604F560603FF082FB04F58C
:10BA9000616304F56260019300F0BAFA04F5636132
:10BAA00004F567620D6004F6346104F56D600D60A5
:10BAB00004F638610D6004F63C610D6004F56461C4
:10BAC0000D6004F644610D6004F648610F6004F6F1
:10BAD0004C610F6004F565610F6004F654610F60FE
:10BAE00004F658610F6004F65C610F6004F566614E
:10BAF0000D6004F664610D6004F668610D60156008
:10BB0000556004F67862156004F67C62156004F5F1
:10BB10006862156004F68462156004F68862156038
:10BB200004F68C62156004F56962156004F694628F
:10BB3000156004F69862156004F69C62156004F5C1
:10BB40006A62156004F6A462156004F6A8621560C6
:10BB500004F6AC62156004F56B62156004F6B4621D
:10BB6000156004F6B862019B156004F6BC621560AE
:10BB700083ED2C8BC4F8C86E84F8CC6EC4F800BE7C
:10BB800000F00EF96C4BC4F8D03E4246314604F545
:10BB900074603FF0FEFA04F5756304F57660019376
:10BBA00000F036FA04F5776104F57B620D6004F667
:10BBB000747104F580580D6004F6787140460D608C
:10BBC00004F67C7110300D6004F578610D6004F6A8
:10BBD00084710D6004F688710F6004F68C710F603B
:10BBE00004F579610F6004F694710F6004F69871A2
:10BBF0000F6004F69C710F6004F57A610D6004F625
:10BC0000A4710D6004F6A8710D601560556004F60E
:10BC1000B872156004F6BC72156004F57C6215609C
:10BC200004F6C472156004F6C872156004F6CC728E
:10BC3000156004F57D62156004F6D472156004F693
:10BC4000D872156004F6DC72156004F57E6215602A
:10BC500004F6E472156004F6E872156004F6EC72FE
:10BC6000156004F57F62156004F6F472156004F641
:10BC7000F872019B156004F6FC72156083ED2C8B45
:10BC8000C8F8086088F80C60C4F840BF00F088F875
:10BC90002A4B2B4DC8F810305246314608F1780037
:10BCA0003FF077FAC8F8785004F5855000F078F83E
:10BCB000244BC8F8A0305246314608F584703FF056
:10BCC00068FA04F58950C8F80851103000F068F897
:10BCD0001D4BC8F830315246314608F5CC703FF064
:10BCE00058FAC8F8985104F58E5000F059F8174BDF
:10BCF000C8F8C0315246314608F50A703FF049FA9B
:10BD0000134BC8F8283204F59250103000F048F870
:10BD1000104BC8F850324A46314608F52E703FF0B5
:10BD200038FA0D4BC8F8B832204603B0BDEC028B90
:10BD3000BDE8F08FE0550508EC550508F8550508F5
:10BD40003854050804560508105605081C56050801
:10BD5000B854050828560508C854050810B50C4CF9
:10BD60002368BFF35B8FDB0701D50A4810BD20466F
:10BD70003CF040F80028F8D00648FFF761FC064880
:10BD80003EF08FFF20463CF044F8024810BD00BF53
:10BD9000F0D0002000D1002029B40008704700BF77
:10BDA00010B5044600230A48206004F1080150221F
:10BDB000C4E91633C4E9181204F158001DF098FCC8
:10BDC000606008B1204610BD02480F2100F01EF847
:10BDD00034560508CCC7040810B50446034B406828
:10BDE00023601DF027FD204610BD00BF3456050816
:10BDF00008B5012140681DF0CBFCB0FA80F0400985
:10BE000008BD00BF40681DF0E7BC00BF80B50E460E
:10BE1000BAB0074672B66C486C4C6B4D3BF0B4F848
:10BE200064232146012228463AF0BCFC14F8013F65
:10BE3000002BF5D13B7853B1634C64233946012282
:10BE400020463AF0AFFC17F8013F002BF5D1604CCB
:10BE50005D4D64232146012228463AF0A3FC14F8E4
:10BE6000013F002BF5D186EAE674A4EBE674092CB9
:10BE70004FEAD67640F29580632C40F29F80B4F56D
:10BE80007A7F72D342F20F739C4240F29580514BFD
:10BE90009C4240F29580504B9C4298BF05230BD9A1
:10BEA0004E4B9C4238BF052360D34D4B9C4271D909
:10BEB0004C4B9C4272D9092303F1010801AD03AB3D
:10BEC00008EB06012D222846019307AF3CF05BF8F2
:10BED000019B4549C92238461E443FF0EFFA632CC6
:10BEE0003AD9A8F10202DFF8088132444FF0640E1B
:10BEF00042F20F7CA8FB04135B090EFB13402146A2
:10BF000037F8100022F8020961451C46F2D8B1F555
:10BF10007A7F21D204F13003DBB23370019C2378A5
:10BF200053B1294E64232146012230463AF03AFCAF
:10BF300014F8013F002BF5D128463BF0C0FF2B4CF5
:10BF4000214D64232146012228463AF02BFC14F8A7
:10BF5000013F002BF5D1FEE73AAB03EB440414F8A4
:10BF6000CB2C14F8CC3C7270D7E7012303F1020804
:10BF700001AD03AB08EB060128462D22019307AF64
:10BF80003CF001F8019B1849C92238461E443FF095
:10BF900095FAA6E7052303F10308E9E74FF009083E
:10BFA000E6E701AD03AB711C2D22284601933BF05F
:10BFB000EAFF019B1E44ADE70123ECE701237BE789
:10BFC0004FF00508D4E700BFA8D00020E8C7040858
:10BFD00008C804089F8601003F420F008096980021
:10BFE000FFE0F505FFC99A3B14C8040810C804080F
:10BFF0001F85EB5108B5034A034B04486D21FEF73A
:10C0000045F800BFD0C90408E0C804085CCA0408A9
:10C0100008B5030707D100224FF07E51016042604E
:10C020008260C26008BDFFF7E5FF00BF08B50307E7
:10C030000CD10A6842604FF0000C8A68C0F800C05A
:10C04000D1F804C0C0F808C0C26008BDFFF7D2FF35
:10C0500008B5030708D180ED000AC0ED010A80EDA4
:10C06000021AC0ED031A08BDFFF7C4FF91ED007A74
:10C07000D0ED007AD0ED016A77EE877A90ED027A02
:10C08000C0ED007A91ED016AD0ED037A76EE866A12
:10C09000C0ED016AD1ED026A37EE267A80ED027AB0
:10C0A00091ED037A77EE877AC0ED037A704700BF8F
:10C0B000D1ED016A92ED014A91ED027AD2ED024A88
:10C0C000D1ED037A92ED035A91ED006AD2ED005A58
:10C0D00076EE846A37EE247A77EE857A36EE256A34
:10C0E000C0ED016A80ED006A80ED027AC0ED037A4E
:10C0F000704700BF91ED007AD0ED007AD0ED016A73
:10C1000077EEC77A90ED027AC0ED007A91ED016A80
:10C11000D0ED037A76EEC66AC0ED016AD1ED026A0F
:10C1200037EE667A80ED027A91ED037A77EEC77A80
:10C13000C0ED037A704700BFD1ED016A92ED014A6C
:10C1400091ED027AD2ED024AD1ED037A92ED035AD3
:10C1500091ED006AD2ED005A76EEC46A37EE647A49
:10C1600077EEC57A36EE656AC0ED016A80ED006A49
:10C1700080ED027AC0ED037A704700BF08B503076F
:10C1800074D14FF07E5CC0F800C04FF0000CC0F8D6
:10C1900004C0C0F808C0C0F80CC091ED016AD2ED2F
:10C1A000017AD1ED006A92ED007AD1ED025A67EE84
:10C1B000C67A92ED026AE6EE877AD1ED036A92EDD5
:10C1C000037AE5EEC67AE6EEC77AC0ED007A91ED25
:10C1D000016AD2ED007AD1ED006A92ED017AD1EDDB
:10C1E000025A67EE867A92ED036AE6EE877AD1ED1F
:10C1F000036A92ED027AE5EE867AE6EEC77AC0ED42
:10C20000017A91ED026AD2ED007AD1ED006A92EDE9
:10C21000027AD1ED015A67EE867A92ED036AE6EE74
:10C22000877AD1ED036A92ED017AE5EEC67AE6EE01
:10C23000877AC0ED027AD2ED007A91ED036AD1EDF2
:10C24000006A92ED037AD1ED015A67EE867A92ED9B
:10C25000026AE6EE877AD1ED026A92ED017AE5EEA6
:10C26000867AE6EEC77AC0ED037A08BDFFF7C2FE14
:10C2700090ED006AD0ED016A90ED027AD0ED037A7C
:10C2800026EE006A66EE806A27EE007A67EE807A14
:10C2900080ED006AC0ED016A80ED027AC0ED037A9C
:10C2A000704700BFD1ED016A91ED027AD1ED037ABA
:10C2B00091ED006A60EE266A20EE077A60EE277A3A
:10C2C00026EE006AC0ED016A80ED006A80ED027A18
:10C2D000C0ED037A704700BF10B5044651EC100B57
:10C2E000FBF7DEFFD4ED005A94ED016AD4ED026A4B
:10C2F00094ED037A07EE900A65EEA75A26EE276AB8
:10C3000066EEA76A67EE277AC4ED005A84ED016AEB
:10C31000C4ED026AC4ED037A204610BD38B5044668
:10C320000D4651EC100BFBF7BBFFD5ED015AD5EDD7
:10C33000026A95ED037A95ED006A07EE900A67EEC2
:10C34000A55A67EEA66A27EE877A66EE277A204618
:10C35000C4ED015AC4ED007AC4ED026A84ED037A9B
:10C3600038BD00BF704700BF90ED000A704700BFA6
:10C370000430704790ED010A704700BF08307047E5
:10C3800090ED020A704700BF0C30704790ED030A31
:10C39000704700BFD0ED015AD0ED036A90ED005A0E
:10C3A00090ED026A65EEA57A26EEA67AE5EE057AAC
:10C3B000A6EE067A77EE877AF5EEC07AF1EE10FAFD
:10C3C00011DDB1EEE77AC5EE074AC6EE877A85EE53
:10C3D000875AC6EE075AC0ED004A80ED015AC0EDFB
:10C3E000025AC0ED037A7047D1ED016A91ED027AED
:10C3F000D1ED037A91ED006A60EE266A20EE077AAD
:10C4000060EE277A26EE006AC0ED016A80ED006AD0
:10C4100080ED027AC0ED037A704700BF38B504465C
:10C420000D4651EC100BFBF73BFFD5ED015AD5ED56
:10C43000026A95ED037A95ED006A07EE900A67EEC1
:10C44000A55A67EEA66A27EE877A66EE277A204617
:10C45000C4ED015AC4ED007AC4ED026A84ED037A9A
:10C4600038BD00BF154B5B68C3F3080370B5FBB163
:10C47000134E3468BFF35B8F14F00104054605D0FA
:10C4800029461048BDE8704000F0D8B930463BF06E
:10C49000B1FC0028F4D00B4B3046C3E91544DC65F1
:10C4A0003BF0B7FC29460748BDE8704000F0C6B92C
:10C4B000054B064A06480B21FDF7E8FD00ED00E0BC
:10C4C000E0E30020E4E300209CCA0408C0CA04089A
:10C4D000F4CA0408F8B5114F3C68BFF35B8F14F041
:10C4E000010405460E4606D0324629460C48BDE8F2
:10C4F000F84000F063B838463BF07CFC0028F3D0ED
:10C50000074B3846C3E91544DC653BF082FC3246F4
:10C5100029460348BDE8F84000F050B8E0E30020A9
:10C52000E4E3002038B50E4D2C68BFF35B8F14F0A8
:10C53000010404D0BDE838400A4800F035BA284666
:10C540003BF058FC0028F5D0064B2846C3E91544BB
:10C55000DC653BF05EFCBDE83840024800F024BAE0
:10C56000E0E30020E4E3002038B50E4D2C68BFF373
:10C570005B8F14F0010404D0BDE838400A4800F095
:10C5800015B828463BF036FC0028F5D0064B284667
:10C59000C3E91544DC653BF03CFCBDE8384002488B
:10C5A00000F004B8E0E30020E4E3002090F9560036
:10C5B0000028D4BF00200120704700BFC0E9161238
:10C5C000704700BFF0B5F22991B0044671D0F3294D
:10C5D0000B464ED1944A4579ADF80D3092E80300F0
:10C5E000F92D4FF0000202908DF80C108DF80F20FD
:10C5F0008DF810208DF811208DF8122040F29080D7
:10C60000FF238DF80E304FF0FF32072102A80BF008
:10C61000B5FA02ABCDF80F0003CBC4F82A001A8894
:10C62000628604F12A079A78C4F82E100B23BA7296
:10C63000A4F85430A36D002B38D00BF0B5FA7B4D25
:10C640004519A06D41F100063AF020FB04E00BF023
:10C65000ABFAA842B14129D2A06D90F84130202B0D
:10C66000F5D1B4F8542039463AF042FA012011B01D
:10C67000F0BD6D4A8DF8193092E803000023059053
:10C680008DF818104FF0FF32072105A88DF81A30E9
:10C690008DF81B308DF81C308DF81D308DF81E3054
:10C6A0000BF06CFA05ABCDF81B00B5E7002011B01C
:10C6B000F0BD5F4A43798DF8193092E80300F92BF9
:10C6C00005908DF8181065D902AD574A92E803001D
:10C6D0008DF80C104FF6F271002302904FF0FF32EC
:10C6E000ADF80D10284607218DF80F308DF8103069
:10C6F0008DF811308DF812300BF040FA2A46CDF843
:10C700000F0003CA04F12A07138863869278C4F8DD
:10C710002A000B23C4F82E10BA72A4F8543089E70B
:10C7200044484FF4004125F0C9FBD4F80630CDF859
:10C730001630D4F81630D4F80A20D4F80E60CDF8AC
:10C7400026306623D4F81210CDF81A20CDF81E60DA
:10C75000D4F81A20D4F81E6000936D01CDF8221091
:10C76000D4F82210CDF82A206DBACDF83210324814
:10C77000ADF81450222305AAA021CDF82E6020F098
:10C78000D1FE002849D02B4801224FF4004125F06A
:10C7900095FB35E75B0159BA012202AD0092ADF875
:10C7A0000810254802232A46A02120F0BBFE0028BD
:10C7B0008BD12023204800930DF11A02A02121F0F3
:10C7C00055F8002881D14FF0FF32262105A80BF043
:10C7D000D5F904F12A07CDF83A000DF1140C3E46C4
:10C7E0000DF1340E65460FCD754506F110060CF1BE
:10C7F000100C46F8100C46F80C1C46F8082C46F8AD
:10C80000043CEFD1BCE803003060BCF8002032816A
:10C810002A237160A4F854300CE7064801224FF433
:10C82000004125F04BFBEEE6D4C1040840420F0066
:10C83000CCC1040800040240080500202A2938B5AC
:10C8400004460ED9FE2380F856302A22A06D2146D8
:10C850003BF0A0FAE36D1A68136823F00803136035
:10C8600038BD0D1F4FF0FF3229460BF087F9635991
:10C87000984203D0FF2384F85630E6E723784E2B06
:10C88000E3D16378452BE0D16388032BDDD1217997
:10C89000F12914D00DD8F029D7D1012384F85630CE
:10C8A0002046FFF78FFE0028CFD1FD2384F85630B5
:10C8B000CBE701F10E03DBB2012BF1D9C5E7002371
:10C8C00084F85630ECE700BF00F12A032DE9F0436D
:10C8D00003EB020E9AB1AEEB0004A4F12B05052D7B
:10C8E00001F1010C03D9A3EB0C05022D0BD81CF8A8
:10C8F000011C03F8011B9E450CF1010CF7D1A0F8B7
:10C900005420BDE8F083A4F12A0626F003088C46E3
:10C910001C464FEA960908EB01075CF8045B44F8F3
:10C92000045BBC45F9D1464503EB0804E7D011F898
:10C93000291003F82910631C9E45E0D09CF80130B3
:10C940006370A31C9E45DAD09CF80230A370A0F857
:10C950005420BDE8F08300BF836D03B370B5044677
:10C960000BF022F90F4B0546ED18A06D41F10006C2
:10C970003AF08CF904E00BF017F9A842B1410CD25F
:10C98000A06D90F84130202BF5D1B4F8542004F17B
:10C990002A013AF0ADF8012070BD002070BD0020E2
:10C9A000704700BF40420F0070B505462A22294655
:10C9B000806D104C3BF0EEF9EB6D1A68136823F0B4
:10C9C000080313600BF0F0F8041941F100060BF0B6
:10C9D000EBF8A042B141FAD395F95630002BF6DCC2
:10C9E000A86D90F84130202BF1D1BDE870403AF0AD
:10C9F00075BD00BF404B4C00D0F81402003818BF82
:10CA000001207047D0F8143203B1704710B50446C6
:10CA100000F51A701CF06CFEC4F8140210BD00BFC3
:10CA2000F8B5174E3468BFF35B8F14F00104054668
:10CA300002D0F5B91348F8BD30463BF0DBF90028C9
:10CA4000F7D0104F104B384640F8043B0AF050FC2A
:10CA500007F50673C7F8703230465023C7E98344A0
:10CA6000C7E99A44C7F81442C7F874323BF0D1F9C9
:10CA7000DFE7064B064A07481821FDF707FB00BF12
:10CA800044E4002048E400204056050894CB040804
:10CA9000ACCB0408FCCB040800B5074A83B00023E4
:10CAA0008C4610688DF807C01A460DF107011CF07E
:10CAB000E9FF03B05DF804FB900B002070B586B071
:10CAC000011D044601A80AF039FF1DF02DFBD4E931
:10CAD0008335EB1A54BF143303F50573B3F5007FA8
:10CAE00023D205F1140305F10A0EB3F5007F04EB20
:10CAF0000E0C1FD9C5F50076324601A960463EF0FE
:10CB0000DDFC01ABA5F5F672991904F10A003EF0BF
:10CB1000D5FC1648D4F8103290F841201433C3F3F2
:10CB20000803202AC4F8103213D006B0BDE87040C4
:10CB30001DF01CBB01AD0FCD44F80E002868CCF8E9
:10CB400004101426CCF80820CCF80C30CCF81000D7
:10CB5000DFE7D4F80C120A31B2B2214439F0C8FF31
:10CB600006B0BDE870401DF001BB00BFA8D000209A
:10CB700070B586B0011D044668460AF019FF1DF025
:10CB8000D3FAD4E98335EB1A54BF183303F506738F
:10CB9000B3F5007F23D205F1180305F10A0EB3F5B2
:10CBA000007F04EB0E0C1FD9C5F5007632466946AE
:10CBB00060463EF083FCA5F5F4720DEB060104F12E
:10CBC0000A003EF07BFC1748D4F8103290F8412060
:10CBD0001833C3F30803202AC4F8103215D006B066
:10CBE000BDE870401DF0C2BA6D460FCD44F80E008E
:10CBF000CCF8041003CD1826CCF80820CCF80C3063
:10CC0000CCF81000CCF81410DDE7D4F80C120A317F
:10CC1000B2B2214439F06CFF06B0BDE870401DF09F
:10CC2000A5BA00BFA8D00020531EB3F5007F2DE9A0
:10CC3000F04152D2054614460F461DF075FAD5E96B
:10CC40008336F31A48BF03F500732344B3F5007F1E
:10CC50001DD2A31906F10A00B3F5007F28441CD8A1
:10CC6000224639463EF02AFCA046D5F810321E482E
:10CC70001C4490F84130C4F30804202BC5F810423E
:10CC80001BD001241DF072FA2046BDE8F08100247B
:10CC90001DF06CFA2046BDE8F081C6F500784246EA
:10CCA00039463EF00BFCA6F50072224407EB080162
:10CCB00005F10A003EF002FCD7E7D5F80C120A3164
:10CCC0001FFA88F2294439F013FFB0FA80F464099E
:10CCD0001DF04CFA2046BDE8F081044B044A05489B
:10CCE000D921FDF7D3F900BFA8D00020A0CC0408BB
:10CCF000CCCC0408FCCB040870B59CB00546FFF70B
:10CD00002DF82C220446002111A83EF042FA2C4AAC
:10CD100092E8030004F5E46600232A4A09903046AD
:10CD200010928DF828108DF82930CDF82A30CDF8E2
:10CD30002E30CDF83230ADF836300F93FFF758F87B
:10CD400008B91CB070BD04F5F16330465A68119201
:10CD50009A681292DA6813921A69596914929A6958
:10CD6000169204F5F263D3E906231591B4F8B017CF
:10CD7000ADF86810CDE91823FFF744F8D5F8140290
:10CD800001211CF005FD0028DBD110AA291D6846F1
:10CD90000AF0C2FA00980199029A039B09AC0FC4E9
:10CDA00004980599069A07C41C2209A92846FFF78A
:10CDB0003BFFD5F814021CF00FFD1CB070BD00BF86
:10CDC000DCC10408A854050870B598B00546FEF704
:10CDD000C5FF2C22044600210DA83EF0DAF92F4AA7
:10CDE00092E8030004F5E46600232D4A07903046DC
:10CDF0000C928DF82010ADF821308DF823300B9374
:10CE00008DF824308DF825308DF826308DF82730B8
:10CE10008DF828308DF829308DF82A30FEF7E8FF9C
:10CE200008B918B070BD04F5F16330465A680D9228
:10CE30009A680E92DA680F921A69596910929A6983
:10CE4000129204F5F263D3E906231191B4F8B017F6
:10CE5000ADF85810CDE91423FEF7D4FFD5F814022D
:10CE600001211CF095FC0028DBD10CAA291D684685
:10CE70000AF062FB00980199029A039B07AC0FC469
:10CE800004982060142207A92846FFF7CDFED5F8A4
:10CE900014021CF0A1FC18B070BD00BFE4C104086E
:10CEA000A854050870B5364B054693E8030096B0C4
:10CEB0000023079033480C9000228DF820100020AA
:10CEC0000021CDE91201ADF821308DF823308DF825
:10CED00024308DF825308DF826308DF827308DF8E8
:10CEE00028308DF829308DF82A300B930D920E9250
:10CEF0000F9210928DF85030FEF730FF00F58E56ED
:10CF000004463046FEF774FF08B916B070BD04F54C
:10CF100080543046D4F82C22D4F830320D920E933F
:10CF2000D4F83422D4F838320F921093D4E99023F5
:10CF300094F848128DF85010CDE91223FEF762FFE5
:10CF4000D5F8140201211CF023FC0028DDD10CAA25
:10CF5000291D68460AF004FC00980199029A039B77
:10CF600007AC0FC404982060142207A92846FFF7D5
:10CF70005BFED5F814021CF02FFC16B070BD00BF8C
:10CF8000ECC10408B854050870B5324B054693E867
:10CF900003009AB0002309902F488DF82810002232
:10CFA000109000210020CDE90C33CDE916018DF859
:10CFB0002930CDF82A30ADF82E300F938DF860303F
:10CFC0001192129213921492FEF7C8FE00F58E563B
:10CFD00004463046FEF70CFF08B91AB070BD04F5E0
:10CFE00080543046D4F82C22D4F830321192129367
:10CFF000D4F83422D4F8383213921493D4E990231D
:10D0000094F848128DF86010CDE91623FEF7FAFE69
:10D01000D5F8140201211CF0BBFB0028DDD110AAB9
:10D02000291D68460AF0E8FB00980199029A039BC3
:10D0300009AC0FC404980599069A07C41C2209A9D3
:10D040002846FFF7F1FDD5F814021CF0C5FB1AB015
:10D0500070BD00BFF4C10408B85405082DE9F043C1
:10D06000624A6349A7B00023CDE91033CDE91332FA
:10D07000ADF848308DF868308DF890308DF830304C
:10D080005C4B1C9300244FF000084FF000095A4BF2
:10D090000E9102250F95CDE91889CDE92289CDE9B8
:10D0A0000A890646159416941D941E941F94209484
:10D0B00009940893FEF752FE00F592571037054683
:10D0C0003846FEF795FE002835D1CDE9188915942C
:10D0D00016948DF86800FEF741FE00F58E55044663
:10D0E0002846FEF785FE002866D100240025CDE9FC
:10D0F000224500231D931E931F9320938DF89000CB
:10D10000FEF72CFE00F6480504462846FEF770FEA2
:10D11000002841D100240025CDE90A4500230993C8
:10D120008DF83000D6F8140201211CF031FBB0B1AB
:10D1300027B0BDE8F08305F580553846D5F8BC2208
:10D14000D5F8C03215921693D5E9B22395F8D012CE
:10D150008DF86810CDE91823FEF754FEBBE708AB45
:10D16000009314AA1CAB311D02A80AF02FFA0298F2
:10D170000399049A059B0EAC0FC4069807991822D0
:10D1800003C40EA93046FFF74FFDD6F814021CF079
:10D1900023FB27B0BDE8F08304F50B6394F8C018B7
:10D1A0005A680992D3E902232846CDE90A238DF86B
:10D1B0003010FEF727FEB5E704F580542846D4F872
:10D1C0002C22D4F830321D921E93D4F83422D4F895
:10D1D00038321F922093D4E9902394F848128DF8A6
:10D1E0009010CDE92223FEF70DFE89E7C85405080B
:10D1F0004E450300B85405084854050870B586B07C
:10D200000646FEF7ABFD00F5D56504462846FEF759
:10D21000EFFD08B906B070BD284604F5E264D4E914
:10D220000245FEF7EFFDD6F8140201211CF0B0FA1A
:10D230000028EFD12B462246311D01A80AF044FBFD
:10D24000142201A93046FFF7EFFCD6F814021CF0B7
:10D25000C3FA06B070BD00BF08B5164B5B68C3F3D8
:10D26000080303B3D0E983321944C1F30801521A09
:10D27000002A8446C0F80C1201DC08D108BD0A312E
:10D28000BDE808400C4892B2614439F031BCC1F5A8
:10D29000007201F10A030CEB03010748BDE80840E6
:10D2A00092B239F025BC054B054A06484FF482710D
:10D2B000FCF7ECFE00ED00E0A8D000209CCA0408BA
:10D2C0000CCD0408FCCB0408D0E98303181A48BF2E
:10D2D00001F500710844B0F5007F2CBF002001204B
:10D2E000704700BF10B504460020FFF799FB2146A8
:10D2F000BDE81040FFF7B0BF0079704708B9034898
:10D30000704708B502481521FEF780FD0C0000208B
:10D3100048CD040830B5002487B0802320460D4650
:10D32000ADF814408DF8143001F0D6FE022301222E
:10D33000CDE90123009505AA214601F0E3FF07B0DE
:10D3400030BD00BF30B5002487B0A12320460D4674
:10D35000ADF814408DF8143001F0BEFE0223012216
:10D36000CDE90123009505AA214601F0CBFF07B0C6
:10D3700030BD00BF70B5002486B07D2320468DF8F7
:10D3800014308DF8134001F0A7FE164B012502263C
:10D390008DE8680005AA2B46214601F0E1FE10B990
:10D3A000002006B070BDFD232046ADF814408DF876
:10D3B000143001F091FE0DF113030093CDE90156F5
:10D3C000334605AA214601F09DFF0028E8D09DF8CC
:10D3D000130000F00E00A0F10E00B0FA80F040093A
:10D3E00006B070BD605605082DE9F047002486B0F0
:10D3F000802307462046ADF8144002258DF81430EE
:10D400008DF810408DF811408DF812408DF81340C2
:10D41000012601F061FE0DF112030093CDE90165D3
:10D420002B4605AA214601F06DFF18B19DF8123078
:10D43000242B08D001201DF0AFFC14201DF0ACFC03
:10D4400006B0BDE8F0874FF0FC0920460DF110084A
:10D45000ADF814408DF8149001F03EFECDE9016561
:10D46000CDF800802B4605AA214601F04BFF30B9CC
:10D4700030461DF091FC14201DF08EFCE0E79DF875
:10D48000103023F001038DF8103020467C238DF8F6
:10D49000143001F021FECDE90165CDF8008033465E
:10D4A00005AA214601F05CFE824630461DF074FC60
:10D4B000BAF1000FC1D02046ADF814408DF8149099
:10D4C00001F00AFECDE90165CDF800802B4605AAE2
:10D4D000214601F017FF0028AFD09DF81030DB4344
:10D4E00013F0010340F097801C4614201DF054FCFB
:10D4F000002CA5D00024A1232046ADF8144002261C
:10D500008DF8143001F0E8FD0123CDE901360DF16D
:10D510001103009305AA3346214601F0F3FE9DF85E
:10D52000115005F00F05012D8AD1002888D038460A
:10D53000FFF720FF002883D0402320468DF81430C9
:10D5400001F0CAFD614B0093CDE901562B4605AAB7
:10D55000214601F005FE00283FF472AF412320462A
:10D560008DF8143001F0B8FD594B0093CDE9015608
:10D570002B4605AA214601F0F3FD00283FF460AFD9
:10D58000422320468DF8143001F0A6FD514B009344
:10D59000CDE901562B4605AA214601F0E1FD002800
:10D5A0003FF44EAF432320468DF8143001F094FD34
:10D5B000494B0093CDE901562B4605AA214601F0BF
:10D5C000CFFD00283FF43CAF532320468DF81430A4
:10D5D00001F082FD414B0093CDE901562B4605AA8F
:10D5E000214601F0BDFD00283FF42AAF5823204614
:10D5F0008DF8143001F070FD2146394C0094CDE9CE
:10D6000001562B4605AA01F0ABFD00283FF418AFE8
:10D6100001233B7114E7592320468DF8143001F0A3
:10D620005BFD304A0092CDE90165334605AA2146EB
:10D6300001F096FD00283FF400AFDFF8B0804FF016
:10D640005E0900208DF8149001F046FD4FF4007340
:10D6500001930295CDF80080012305AA002101F075
:10D660007FFD00283FF4E9AE04F580739CB2C3F35C
:10D670000B138DF8133000205C238DF81430012635
:10D6800001F02AFD0DF11303009302950196334634
:10D6900005AA002101F064FD00283FF4CEAEB4F5E8
:10D6A000805F08F50078CCD1592300208DF8143024
:10D6B00001F012FD0C4B0295CDE9003605AA334668
:10D6C000002101F04DFD04460FE700BF5D5605083F
:10D6D0005C5605085B5605085A5605085856050855
:10D6E000595605085F5605085E5605086456050834
:10D6F00030B587B0402300208DF81730012401F0A9
:10D70000EBFC02250F4B0093CDE9014523460DF1BB
:10D710001702002101F024FD08B907B030BD4123F4
:10D7200000208DF8173001F0D7FC074B0295CDE9AA
:10D7300000340DF117022346002101F011FD07B05E
:10D7400030BD00BF5D5605085C56050830B587B092
:10D75000422300208DF81730012401F0BDFC022582
:10D760000F4B0093CDE9014523460DF1170200212F
:10D7700001F0F6FC08B907B030BD432300208DF856
:10D78000173001F0A9FC074B0295CDE900340DF1EB
:10D7900017022346002101F0E3FC07B030BD00BFB3
:10D7A0005B5605085A56050830B587B0532300204C
:10D7B0008DF81730012401F08FFC02250F4B0093E8
:10D7C000CDE9014523460DF11702002101F0C8FC07
:10D7D00008B907B030BD582300208DF8173001F08C
:10D7E0007BFC074B0295CDE900340DF1170223466F
:10D7F000002101F0B5FC07B030BD00BF5856050848
:10D800005956050810B5002486B09D232046ADF872
:10D8100014408DF813408DF8143001F05DFC0121A7
:10D820000DF113020223CDE901130092214605AA4E
:10D8300001F068FD40B19DF8130000F0C000A0F1B8
:10D84000C000B0FA80F0400906B010BDF0B5002469
:10D8500089B08C232046ADF810400E468DF810306C
:10D860001546CDE9054405AF079401F035FC0C22BF
:10D870000223CDE901230097214604AA01F042FDCD
:10D88000F8B3BDF916309FED204ADFED204A05EED2
:10D89000903ABDF9183006EE103ABDF91A3006EE8E
:10D8A000903ABDF91C3007EE103ABDF91E3007EE74
:10D8B000903ABDF9143005EE103AF8EEE55AB8EE9C
:10D8C000C66AF8EEE66AB8EEC77AB8EEC55AF8EE60
:10D8D000E77A25EE045A65EE845A26EE046A66EE6F
:10D8E000A46A27EE247A67EEA47A86ED005AC6ED84
:10D8F000015A86ED026AC5ED006A85ED017AC5ED33
:10D90000027A09B0F0BD00BF0AE81C3B55A08B3974
:10D910002DE9F04701682DED088B49681D46584BED
:10D9200099428AB00446164640F0A580007900BBB3
:10D930009FED548A0027F0EE48AAF0EE488AB0EE38
:10D94000489AB0EE48BAF0EE489AB0EE48AAB94606
:10D950003E463D46FEF702FA00F19808044640466E
:10D96000FEF746FA002868D10AB0BDEC088BBDE886
:10D97000F0874FF000089D234FF0020A40464FF019
:10D98000010904AFADF81C808DF810808DF81C30B3
:10D9900001F0A2FBCDE9019A0097534607AA414640
:10D9A00001F0B0FC0028C3D09DF8103003F0C00394
:10D9B000C02BBDD1204607AA3946CDE90488CDE960
:10D9C0000688CDE90888FFF741FF0028B0D0A223E0
:10D9D00040469DED079A9DED04AADDED059ADDED2B
:10D9E000088AADF81C809DED06BA8DF81C30DDED7F
:10D9F00009AAADF8108001F06FFB0097CDE901AAEC
:10DA0000534607AA414601F07DFCB1EE4AAAF1EE69
:10DA1000699AB1EE499AF1EE688A074668B3BDF992
:10DA200010309FED197A07EE903AF8EEE77AB3EEF0
:10DA3000078AA7EE878A4F468CE74046C4F82061E4
:10DA400084ED41AAC4ED429A84ED43BA84ED449A30
:10DA5000C4ED458AC4ED46AA84ED478AC4F8245132
:10DA600084F8289184F829710AB0BDEC088BBDE8D0
:10DA7000F047FEF7C7B9884759E79FED028A69E783
:10DA8000F9D20008000000000000003B30B500247F
:10DA900087B0A2232046ADF814400D468DF814300F
:10DAA000ADF8104001F018FB04AA02230092CDE962
:10DAB000013305AA214601F025FC68B1BDF91030FB
:10DAC000DFED066A07EE103AB8EEC77AF3EE077A92
:10DAD000E7EE267AC5ED007A07B030BD0000003BC6
:10DAE00070B5002486B061F07F01204615461E46C1
:10DAF000ADF814408DF8141001F0EEFA0223CDE9D0
:10DB0000005605AA2146029301F0FCFB06B070BD49
:10DB100030B587B0002014461D468DF8171001F06F
:10DB2000DBFA0222CDE90152012300940DF1170224
:10DB3000002101F015FB07B030BD00BF0079704730
:10DB40000246264B2DE9F041044642F8043B0025ED
:10DB500000234FF07E504FF48776656088469560CD
:10DB60005560C2F80B5029466061A361E3612362EE
:10DB70006062A362E36223636063A063E363236480
:10DB80006364A064E36423656365A065324604F1C1
:10DB900060003DF0FEFA002732460026C4E95C67CB
:10DBA000C4E95E67294604F5C0703DF0F2FAC4E9A5
:10DBB000A467C4E9A66784F8A052C4F8A252C4F8C6
:10DBC000A652C4F8AA52C4F8AE52C4F8B25284F8AD
:10DBD000B652C4F8B8822046BDE8F0816C760508DC
:10DBE0000048704738CD00202DE9F843324F3D689A
:10DBF000BFF35B8F15F00105064604D0002E55D10A
:10DC00002E48BDE8F88338463AF0F4F80028F5D0FD
:10DC10002A4C2B4A65602346294643F8042BC3E966
:10DC20000155C3F80B504FF07E5363616362636329
:10DC3000A363A364A3654FF48772002304F160001B
:10DC40004FF000084FF00009A361E3612362A36273
:10DC5000E3622363E36323646364E36423656365CE
:10DC60003DF097FA4FF48772294604F5C070C4E975
:10DC70005C89C4E95E893DF08CFA124B84F8A052AD
:10DC80003846C4E9A489C4E9A689C4F8A252C4F8F4
:10DC9000A652C4F8AA52C4F8AE52C4F8B25284F8DC
:10DCA000B652C4F8B8323AF0B4F8A7E7064B074AC0
:10DCB00007483121FCF7EAF9C4E60020C8E6002055
:10DCC0006C76050838CD002094CB040858CD0408A4
:10DCD000A0CD04082DE9F0412DED068BC8B0054616
:10DCE000FEF73CF89A4F4FF49072002104464FF42F
:10DCF000000868463DF04DFA1CF016FAC7F884801B
:10DD0000BFF34F8FBFF36F8F95F8B632EBB9C7F8FB
:10DD100004801CF02BFADFED8F8A00252046B0EE40
:10DD2000689AB0EE688AF0EE689AB0EE68AAF0EEF3
:10DD300068AA2F462E46FEF75BF8002840F0E980DF
:10DD400048B0BDEC068BBDE8F081BFF35F8F4FF4A8
:10DD5000907205F5C071684600263DF0AFFB85F86E
:10DD6000B662C7F804801CF001FA2B79002BD2D0E0
:10DD7000DFED783A0DF11203F0EE634AB0EE633A4C
:10DD8000B0EE632AB0EE634AF0EE632A48A813F8B7
:10DD9000022C012A30D133F9122C05EE102A33F966
:10DDA000102C05EE902A33F90E2C06EE102A33F9CA
:10DDB0000C2C06EE902A33F90A2C07EE102A33F9C0
:10DDC000082C07EE902AB8EEC55AF8EEE55AB8EEE0
:10DDD000C66AF8EEE66AB8EEC77AF8EEE77A72EE4F
:10DDE000852A34EE254A32EE062A33EE263A74EEC0
:10DDF000874A73EEA73A013612339842C7D1002EF4
:10DE000089D007EE906ADFED546A9FED547ADFED1A
:10DE1000545A9FED546A95ED0FAAD5ED159A95EDDC
:10DE2000069A95ED0E5AD5ED0C8AF8EE677ADDE983
:10DE3000467267EEA66A67EE877A85EEA67ADDE916
:10DE400044367F085B0843EAC67347EAC277FF1887
:10DE50004FEA5606204646EB5206C6EE276A24EEE7
:10DE6000074AD5ED127AD5ED095A95ED106A66EE9E
:10DE7000A44A62EE872A24EE0AAA64EE299A24EEC6
:10DE8000274AD5ED117A23EE263AA2EEA74A24EED0
:10DE9000899AD5ED057AA2EE85AAA3EE279A95ED8B
:10DEA000145AD5ED0B7A64EEA88A24EEA58AE2EE28
:10DEB000859AD5ED085AD5ED074A95ED0D5AE3EE52
:10DEC000278A27EE027A66EEA37AA3EE258AD5ED9D
:10DED000163AD5ED135AD5ED0A6AA7EE06AA012522
:10DEE000E7EE239AA7EEA49AE7EE858AA7EE254AE5
:10DEF000A7EEA68AF0EE44AAB1EE4AAAF1EE699A1C
:10DF0000B1EE499AF1EE688AFDF772FF00283FF4FE
:10DF100017AF0023C4F8843020460023C4E92276DA
:10DF2000C4ED1BAA84ED1CAAC4ED1D9A84ED1E8AC3
:10DF300084ED1F9AC4ED208A84F8905084F89130C3
:10DF400048B0BDEC068BBDE8F041FDF75BBF00BFFC
:10DF500000E100E000000000004899450000A042F8
:10DF6000CDCC1C4135FA8E3C81B1A0F1040C0022CD
:10DF700001E091420AD05CF8043F03F04073B3F132
:10DF8000807F02F10102F4D0012070470020704729
:10DF90002DE9F041174684B00D46002219462DBAEE
:10DFA00004463846984623F089FF029509F0FCFDA7
:10DFB00005460E46D4F8B8022CF020FB012813D1F8
:10DFC0000223D4F8B802009303AA042302A92BF079
:10DFD00043F898B1002438460122414623F06EFFF1
:10DFE000204604B0BDE8F08109F0DEFD401B61EB86
:10DFF0000601142871F10001DCD3EBE7039C24BA7D
:10E00000E9E700BF024A4FF40073FFF7C1BF00BF4A
:10E010000004024070B5114E114D044632462946A7
:10E020004FF40073FFF7B4FF324629464FF40073F4
:10E030002046FFF7ADFF03201CF0AEFE4FF4007347
:10E04000324629462046FFF7A3FF00F04070A0F1BA
:10E050008070B0FA80F0400970BD00BF000402403B
:10E06000D5000038014A0223FFF792BF001002409A
:10E0700070B50F4E0F4D0446324629460223FFF776
:10E0800087FF3246294602232046FFF781FF0320FF
:10E090001CF082FE0223324629462046FFF778FF15
:10E0A00000F04070A0F18070B0FA80F0400970BDBF
:10E0B00000100240D50000382DE9F04FDFF890B392
:10E0C000DBF800300133012B83B00446CBF800307D
:10E0D00000F006810F2B00F07D81CC4ACC49022351
:10E0E0002046FFF755FFC94ACA4902232046FFF7D9
:10E0F0004FFFC64AC849022381462046FFF748FF22
:10E10000C24AC549009002232046FFF741FFC34A97
:10E11000C04901904FF400732046FFF739FFBF4A12
:10E12000BF494FF400732046FFF732FFBB4ABD4999
:10E130004FF4007380462046FFF72AFFB74ABA49DA
:10E140004FF4007305462046FFF722FFB34AB24959
:10E150004FF4007306462046FFF71AFFAF4AAE4958
:10E1600007464FF400732046FFF712FF8246002D4A
:10E1700000F08480002E00F08180002F7ED0B8F166
:10E18000000F7BD0B9F1000F78D0009B002B75D029
:10E19000002873D0019B002B70D005F04073B3F1C1
:10E1A000807F40F0A28006F04073B3F1807F40F0A2
:10E1B0009C8007F04073B3F1807F40F0968008F0B8
:10E1C0004073B3F1807F40F0908009F04073B3F169
:10E1D000807F40F08A80009B03F04073B3F1807F22
:10E1E00040F0838000F04073B3F1807F7DD1019BCC
:10E1F00003F04073B3F1807F77D1002384F8A0321D
:10E20000009B4FEA132C019B0022390A180A17467B
:10E2100013462D0A4FEA1929360A61F30F074FEA10
:10E220001A2A194665F30F0269F30F0366F31F42BA
:10E230006CF31F434FEA18286AF30F01164668F380
:10E240001F4760F31F411A464FF0010CDBF80050E6
:10E250006B1E0E2B00F2D38003EBC30304F16000AE
:10E260000F2D40F8136000EB43035F609A60D960A4
:10E2700083F810C00BD003B0BDE8F08F012384F801
:10E28000A03200221146164617469446DEE794F85F
:10E29000B632002B00F0A380002384F8703084F89D
:10E2A000823084F8943084F8A63084F8B83084F84A
:10E2B000CA3084F8DC3084F8EE3084F8003184F819
:10E2C000123184F8243184F8363184F8483184F8E6
:10E2D0005A3184F86C31CBF8003003B0BDE8F08FD0
:10E2E00009F062FCC4E95C01F7E601234B4A4F499F
:10E2F00084F8A03220464FF40073FFF749FE474AE6
:10E300004B494FF400732046FFF742FE000A434A90
:10E310004849A4F8A2024FF400732046FFF738FEE4
:10E32000000A3E4A4449A4F8A4024FF40073204670
:10E33000FFF72EFE000A394A4049A4F8A6024FF41E
:10E3400000732046FFF724FE000A344A3B49A4F834
:10E35000A8024FF400732046FFF71AFE000A2B4A6A
:10E360003249A4F8AA0202232046FFF711FE274AE9
:10E370002F4902232046FFF70BFE000A234A3049AB
:10E38000A4F8AC0202232046FFF702FE000A1F4A4F
:10E390002949A4F8AE0202232046FFF7F9FD000A3E
:10E3A0001A4A2649A4F8B00202232046FFF7F0FDDE
:10E3B000000AA4F8B2020223144A20492046FFF7BB
:10E3C000E7FD94F8A032000AA4F8B402002B3FF451
:10E3D00017AF56E709F0E8FBC4E95E017DE60146A8
:10E3E0004FF4907204F5C0703DF068F8BFF35F8F92
:10E3F000012384F8B63219201DF006FE4CE7114BBC
:10E40000114A124840F23311FBF740FE001002405F
:10E41000FB00000CF7000004E300001C00040240B5
:10E42000E9000010EF000014E5000018D5000038E6
:10E43000910000409D000048890000508F0000546A
:10E440009700004438CE040890CE0408A0CD0408FC
:10E45000C0E6002008B5094B5A68C2F3080232B181
:10E4600003791BB1BDE80840FFF726BE08BD044B89
:10E47000044A0548DE21FBF709FE00BF00ED00E07D
:10E480009CCA040890CE0408A0CD04082DE970436E
:10E49000374E3568BFF35B8F15F001050ED0354B55
:10E4A0005B68C3F30803002B5BD0334803791BB1CF
:10E4B000BDE87043FFF700BEBDE87083304639F019
:10E4C00099FC0028EBD02C4C2C4B65602246294649
:10E4D00042F8043B4FF07E53C2E901556362C2F833
:10E4E0000B5063636361A363A364A3654FF48772F6
:10E4F000002304F160004FF000084FF00009A36111
:10E50000E3612362A362E3622363E36323646364DE
:10E51000E364236563653CF03CFE4FF48772294653
:10E5200004F5C070C4E95C89C4E95E893CF031FE41
:10E53000134B84F8A0523046C4E9A489C4E9A689E3
:10E54000C4F8A252C4F8A652C4F8AA52C4F8AE52F3
:10E55000C4F8B25284F8B652C4F8B83239F059FC53
:10E560009DE7084B084A0948DE21FBF78FFD00BFF5
:10E57000C4E6002000ED00E0C8E600206C76050847
:10E5800038CD00209CCA040890CE0408A0CD040811
:10E590002DE9F04F4FF0010B85B00446394A3A4956
:10E5A00080F804B04FF40073FFF7F2FC374A3849A3
:10E5B00002232046FFF7ECFC344A3349022320466D
:10E5C000FFF7E6FC19201CF0E7FB2E4A31494FF417
:10E5D00000732046FFF7DCFC2A4A2F494FF40073F2
:10E5E0002046FFF7D5FC274A2C494FF40073064616
:10E5F0002046FFF7CDFC234A28494FF40073054617
:10E600002046FFF7C5FCC5F30F25C0F30F222449B0
:10E610000095C6F30343601D3CF02AFD1B4A2149C7
:10E6200002232046FFF7B4FC184A1F490223204664
:10E63000FFF7AEFC154A1D4902232046FFF7A8FC50
:10E64000124A194902232046FFF7A2FC0F4A184933
:10E6500002232046FFF79CFC0C4A13490223204664
:10E66000FFF796FC094A104902232046FFF790FC69
:10E6700000F4E060B0F5E06F1CD00023237105B01A
:10E68000BDE8F08F000402407C0100E00010024071
:10E69000730000FCB9000070BF000074B500007882
:10E6A000B4CE0408AA1000E4A70000648F0800E4B8
:10E6B000E02000E4DA4ADB4902232046FFF768FC49
:10E6C000D74AD94902232046FFF762FCD44AD749EA
:10E6D00002232046FFF75CFCD14AD549814602233C
:10E6E0002046FFF755FCCE4AD24906460223204673
:10E6F000FFF74EFCCA4AD049804602232046FFF766
:10E7000047FCC74ACD49039002232046FFF740FC4F
:10E71000C34ACB49824602232046FFF739FCC04A50
:10E72000C849029002232046FFF732FCBC4AC64982
:10E73000074602232046FFF72BFCB94AC24905468B
:10E7400002232046FFF724FC49F3072206EE102A95
:10E7500049F3074206EE902ADFEDBC7A039BF8EE00
:10E76000E66AB7EE007AB8EEC66A66EEA76AF0EE21
:10E77000475A48F30722E6EE275A06EE102A48F3D6
:10E780000742C4ED066A06EE902AB8EEC66AF8EEB5
:10E79000E66AC4ED055AF0EE475AE6EE275A4AF308
:10E7A00007224AF3074A66EEA76A06EE102AC4ED6E
:10E7B0000A6A06EE90AAB8EEC66AF8EEE66AC4EDFA
:10E7C000095AF0EE475AE6EE275A47F30742B0EEF1
:10E7D000476AA6EEA76AC4ED0D5A84ED0E6A06EEEE
:10E7E000102A47F3072206EE902AF8EEE66AB8EE02
:10E7F000C66A66EEA76AF0EE475A40F30742E6EEB5
:10E80000275A06EE102A40F30722C4ED116A06EEDD
:10E81000902AB8EEC66AF8EEE66AA6EE277A46F3C4
:10E82000072266EEA76A84ED167AC4ED156A06EE35
:10E83000902A46F3074207EE102AF8EEE66AB8EE91
:10E84000C77A66EEA76A27EE277A43F30722C4ED5C
:10E85000076A06EE902A43F3074284ED087A07EE32
:10E86000102AF8EEE66A029BC4ED125AB8EEC77A97
:10E8700066EEA76A27EE277A43F3072243F307439E
:10E88000C4ED0B6A06EE903A45F3072345F30745BE
:10E8900006EE103A05EE902A84ED0C7A07EE105A37
:10E8A000F8EEE55AF8EEE66AB8EEC66AB8EEC77A50
:10E8B00065EEA75A66EEA76A26EE276A2379C4EDAD
:10E8C0000F5A67EE277AC4ED106A84ED136AC4ED1F
:10E8D000147A002B3FF4D3AE514A5D4902232046FF
:10E8E000FFF756FB4E4A5B4902232046FFF750FBD9
:10E8F00019201CF051FA584A58494FF40073204629
:10E90000FFF746FB464A554902232046FFF740FBE6
:10E91000434A524902232046FFF73AFB46201CF0A7
:10E920003BFA4D4A4E494FF400732046FFF730FB47
:10E93000494A4C494FF400732046FFF729FB384AF7
:10E94000444902232046FFF723FB19201CF024FA38
:10E95000334A424902232046FFF71AFB304A3F4917
:10E9600002232046FFF714FB58461CF015FA2C4AE8
:10E970003B4902232046FFF70BFB40F295101CF0A9
:10E980000BFA354A38494FF400732046FFF700FB75
:10E99000234A354902232046FFF7FAFA2E4A334923
:10E9A0004FF400732046FFF7F3FA2B4A2F494FF438
:10E9B00000732046FFF7ECFA03201CF0EDF9264A1D
:10E9C0002A494FF400732046FFF7E2FA144A274918
:10E9D000022305462046FFF7DBFA114A23490223AA
:10E9E0002046FFF7D5FA03201CF0D6F905F0407554
:10E9F0000B4A1E4902232046FFF7CAFAB5F1807F71
:10EA000000F0BB80144A13494FF400732046FFF70F
:10EA1000BFFA034A0F4902232046FFF7B9FA27E05D
:10EA2000001002401A0500FCCB00002C9B00004C9B
:10EA3000890000508F000054850000588300005C5E
:10EA4000A1000060AB00006CB900007000008039CC
:10EA5000730000FC7C0100E000040240670000E459
:10EA60009E1212D8482202E85B0200E0D50000386E
:10EA700019201CF091F9444A44494FF40073204690
:10EA8000FFF786FA424A414902232046FFF780FAFF
:10EA90003F4A3E4902232046FFF77AFA32201CF013
:10EAA0007BF9394A3B494FF400732046FFF770FA6F
:10EAB000354A39494FF400732046FFF769FA344A62
:10EAC000344902232046FFF763FA2D201CF064F935
:10EAD00040F295101CF060F92B4A30494FF4007356
:10EAE0002046FFF755FA2A4A2C4902232046FFF711
:10EAF0004FFA254A2A494FF400732046FFF748FA97
:10EB0000214A27494FF400732046FFF741FA0320BA
:10EB10001CF042F91C4A22494FF400732046FFF7CB
:10EB200037FA1B4A1E49022305462046FFF730FAF2
:10EB3000174A1B4902232046FFF72AFA03201CF03C
:10EB40002BF905F04075124A154902232046FFF7BC
:10EB50001FFAB5F1807F7FF490AD00F04070B0F106
:10EB6000807F7FF48AAD2379002B3FF488AD0D4878
:10EB700005B0BDE8F04F2CF0EBB900F04070B0F1FB
:10EB8000807F7FF43FAFEEE700040240670000E4BF
:10EB9000001002409E1212D8482202E85B0200E0F8
:10EBA000D5000038C8CE00200079704710B5084C59
:10EBB000084B204640F8E03B09F02CF804F17400C3
:10EBC00009F028F804F10800BDE8104009F022B867
:10EBD0008CE900208876050870B5054600F1080428
:10EBE00000F5A676B44207D0204608F0E9FF6C3461
:10EBF0000028F7D1287170BD0120287170BD00BFB9
:10EC000008B50248BD21FDF701F900BFC4CE0408D4
:10EC10002DE9F843294F3C68BFF35B8F14F00104E2
:10EC2000054604D0002D44D12548BDE8F883384678
:10EC300039F0E0F80028F5D0214E21464FF4A672B5
:10EC400030463CF0A6FA30461E4B40F8083B2146C1
:10EC500068223CF09EFA4FF0020906F10C034FF0D7
:10EC600050082146682206F174007366C6F8609069
:10EC7000C6F868803CF08DFA06F1780321466822D8
:10EC800006F1E000C6F8D030C6F8CC90C6F8D480C3
:10EC90003CF07FFA06F1E4030B48C6F83891C6F859
:10ECA0003C31C6F840813BF0FCFF384639F0B1F802
:10ECB000B8E706480D21FDF7A9F800BF88E9002054
:10ECC0008CE9002088760508ADEB000848CD0408E3
:10ECD0002DE9F04F87B01F46BDF84090BDF848A021
:10ECE000EFF30583002B49D1119B002B4AD0037908
:10ECF0000446002B46D002290D4677D86C2303FB2F
:10ED000001030833022118461646059308F06CFFEC
:10ED10008046002836D0364B53F825B0BBF1000FA3
:10ED200036D01CF005F8DBF8003004909B699A0798
:10ED30003AD4139B0293119B0093CDF804A04B4649
:10ED40003A463146584624F0F9FF00283BD06C2261
:10ED5000431E02FB0542DBB2012B92F8702017D94B
:10ED6000092A05D96C2303FB054393F8713083B35B
:10ED70004FF00008059808F045FF05E01D482A21DE
:10ED8000FDF744F84FF00008404607B0BDE8F08FAB
:10ED90006C2303FB054393F87020092AE2D8013263
:10EDA000D2B283F87020DBE71BF0C2FF049BC01ACD
:10EDB0001928EDD801201AF025FBDBF800309B69FB
:10EDC0009B07B6D5F0E76C2303FB054383F870007F
:10EDD000D0E71AF03BF910B118211AF05DF96C2355
:10EDE00003FB0544012384F87130C1E7FFF708FFF6
:10EDF00074760508D0CE04082DE9F04F87B01F4681
:10EE0000BDF84090BDF848A0EFF30583002B49D131
:10EE1000119B002B4AD003790446002B46D00229CF
:10EE20000D4677D86C2303FB0103083302211846F3
:10EE30001646059308F0D8FE8046002836D0364B9B
:10EE400053F825B0BBF1000F36D01BF071FFDBF893
:10EE5000003004909B699A073AD4139B0293119B4C
:10EE60000093CDF804A04B463A463146584624F06C
:10EE70003DFE00283BD06C22431E02FB0542DBB264
:10EE8000012B92F8702017D9092A05D96C2303FBAE
:10EE9000054393F8713083B34FF00008059808F0EC
:10EEA000B1FE05E01D485221FCF7B0FF4FF000080D
:10EEB000404607B0BDE8F08F6C2303FB054393F891
:10EEC0007020092AE2D80132D2B283F87020DBE741
:10EED0001BF02EFF049BC01A1928EDD801201AF050
:10EEE00091FADBF800309B699B07B6D5F0E76C23FD
:10EEF00003FB054383F87000D0E71AF0A7F810B1C0
:10EF000018211AF0C9F86C2303FB0544012384F887
:10EF10007130C1E7FFF774FE74760508D8CE040897
:10EF2000022908B508D86C2303FB01000830BDE8AE
:10EF30000840022108F058BEFFF762FE022908B51A
:10EF400007D86C2303FB01000830BDE8084008F037
:10EF500059BEFFF755FE00BFF8B50C4606461546EC
:10EF60001BF0E6FEC4F30743012B07460AD11FE05E
:10EF70001BF0DEFE0346DB1B192B4FF0010022D8ED
:10EF80001AF040FA33689B6924EA03039BB2B3FA90
:10EF900083F35B099D42EBD00120F8BD1BF0C8FE56
:10EFA0000346DB1B192B4FF001000CD81AF02AFA8C
:10EFB00033685B6924EA03039BB2B3FA83F35B090A
:10EFC000AB42EBD0E8E70020F8BD00BF022938B51E
:10EFD0002AD86C230C46054603FB01036AB1013AAB
:10EFE000012A93F870100BD9092905D96C2303FB6A
:10EFF000045393F8713053B138BD83F8702038BD95
:10F000000929F3D80131C9B283F87010ECE71AF07E
:10F010001DF810B118211AF03FF86C2303FB0455BA
:10F02000012385F8713038BDFFF7EAFD08B51AF005
:10F030000DF820B1BDE8084018211AF02DB808BD20
:10F04000022908B504D86C2303FB0100083008BD71
:10F05000FFF7D6FD022908B504D86C2303FB010095
:10F06000083008BD0148C421FCF7D0FEC4CE040816
:10F0700002289ABF024B53F820000020704700BFBF
:10F080007476050890F8D400704700BF10B5064CA0
:10F09000064B204640F86C3B08F0BCFD201DBDE847
:10F0A000104008F0B7BD00BFDCEA002098760508E4
:10F0B00090F8D43010B5044633B104F16C0008F078
:10F0C0007FFD84F8D40010BD043008F079FD84F889
:10F0D000D4000028F1D110BD70B51C4E3468BFF3C8
:10F0E0005B8F14F00104054602D055BB184870BD73
:10F0F000304638F07FFE0028F7D0154B154A1A60CD
:10F100000222C3E91642C3F8C42003F17002C3F817
:10F11000C82050225A66C3F8CC200F485C6003F127
:10F12000080283F86840DC66C3F8C04083F8D0402A
:10F1300083F8D4401A663BF0B4FD304638F069FEDF
:10F14000D3E706480B21FCF761FE00BFD8EA002098
:10F15000DCEA0020987605088DF0000848CD040808
:10F160002DE9F8430446BDF8246091461D46032965
:10F1700000F2B880DFE801F03D581202DFF8748138
:10F180005A4FB8450CBF043004F16C00022108F05E
:10F190002BFD00286CD10020BDE8F883DFF85481F6
:10F1A000524FB8450CBF043004F16C00022108F046
:10F1B0001BFD0028EFD04E480022102122F07EFED9
:10F1C0002A460A9B4B48494629F036FE0546002848
:10F1D00068D047480122102122F070FEB8455DD06A
:10F1E00004F16C0008F00EFDB5FA85F04009BDE8A9
:10F1F000F88304340221204608F0F6FC0028CAD027
:10F200003D4800224FF4006122F058FE2A460A9B36
:10F210003648494629F010FE054600284AD03648AF
:10F2200001224FF4006119E004340221204608F065
:10F23000DBFC0028AFD0314800224FF4005122F00F
:10F240003DFE2A460A9B2948494629F0F5FD054618
:10F25000002837D0294801224FF4005122F02EFE19
:10F26000204608F0CFFCB5FA85F04009BDE8F883E8
:10F27000224800224FF4805122F020FE2A460A9BA9
:10F280001C48494629F0D8FD054618B31B48012201
:10F290004FF4805122F012FEB845A1D1201D08F094
:10F2A000B1FCA1E70A9B13480899324629F0C4FD36
:10F2B00005468EE70D480A9B0899324629F0BCFDA9
:10F2C0000546ACE709480A9B0899324629F0B4FD87
:10F2D0000546BFE70A9B07480899324629F0ACFD6E
:10F2E0000546D3E706483321FCF790FDE0CC00202B
:10F2F0000000024090CD00200010024000140240A7
:10F30000E4CE04082DE9F8430446BDF82460914694
:10F310001D46032900F2B880DFE801F03D581202D3
:10F32000DFF874815A4FB8450CBF043004F16C000B
:10F33000022108F059FC00286CD10020BDE8F883B8
:10F34000DFF85481524FB8450CBF043004F16C0013
:10F35000022108F049FC0028EFD04E48002210217D
:10F3600022F0ACFD2A460A9B4B48494629F064FD31
:10F370000546002868D047480122102122F09EFD52
:10F38000B8455DD004F16C0008F03CFCB5FA85F09E
:10F390004009BDE8F88304340221204608F024FC2B
:10F3A0000028CAD03D4800224FF4006122F086FDBB
:10F3B0002A460A9B3648494629F03EFD0546002864
:10F3C0004AD0364801224FF4006119E0043402218A
:10F3D000204608F009FC0028AFD0314800224FF445
:10F3E000005122F06BFD2A460A9B2948494629F024
:10F3F00023FD0546002837D0294801224FF400514B
:10F4000022F05CFD204608F0FDFBB5FA85F04009CE
:10F41000BDE8F883224800224FF4805122F04EFDCF
:10F420002A460A9B1C48494629F006FD054618B3A2
:10F430001B4801224FF4805122F040FDB845A1D174
:10F44000201D08F0DFFBA1E70A9B1348089932460C
:10F4500029F078FF05468EE70D480A9B0899324649
:10F4600029F070FF0546ACE709480A9B0899324627
:10F4700029F068FF0546BFE70A9B0748089932460E
:10F4800029F060FF0546D3E706484D21FCF7BEFC96
:10F49000E0CC00200000024090CD0020001002408F
:10F4A00000140240F0CE04082DE9F047244F9DF8E7
:10F4B0002450BDF82CA0B9420C4680461646994609
:10F4C00005D0204B994224D00020BDE8F0870221CE
:10F4D000043008F089FB0028F6D000224946304667
:10F4E00022F0ECFC2A460C9B0899204629F0A4FC4B
:10F4F000054698B149463046012222F0DFFCBC4265
:10F5000014D0104B9C4216D0B5FA85F04009BDE8E6
:10F51000F08702216C3008F067FBDCE70C9B0A994E
:10F520005246204629F088FC0546E3E708F104002E
:10F5300008F068FBE8E708F16C0008F063FBE3E71C
:10F54000E0CC002090CD00202DE9F047244F9DF81D
:10F550002450BDF82CA0B9420C4680461646994668
:10F5600005D0204B994224D00020BDE8F08702212D
:10F57000043008F039FB0028F6D000224946304616
:10F5800022F09CFC2A460C9B0899204629F054FC4A
:10F59000054698B149463046012222F08FFCBC4214
:10F5A00014D0104B9C4216D0B5FA85F04009BDE846
:10F5B000F08702216C3008F017FBDCE70C9B0A99FE
:10F5C0005246204629F0BEFE0546E3E708F1040056
:10F5D00008F018FBE8E708F16C0008F013FBE3E71C
:10F5E000E0CC002090CD0020074B994204D0074B7F
:10F5F000994205D0002070470221043008F0F4BA87
:10F6000002216C3008F0F0BAE0CC002090CD002050
:10F61000064B994203D0064B994203D07047043001
:10F6200008F0F0BA6C3008F0EDBA00BFE0CC002072
:10F6300090CD00200079704708B90348704708B59D
:10F6400002481521FCF7E2FB1400002048CD040815
:10F6500010B586B004468F2300208DF81730FFF7D1
:10F660003BFD01230221CDE9013100940DF1170288
:10F67000FFF748FE06B010BD30B587B0102300205C
:10F680008DF817300224FFF727FD01250F4B00935B
:10F69000CDE901542B460DF117022146FFF760FD1D
:10F6A00008B907B030BD172300208DF81730FFF7D9
:10F6B00013FDCDE901542146054C00942B460DF174
:10F6C0001702FFF74DFD07B030BD00BFB576050846
:10F6D000B476050800B587B0112300208DF81730E7
:10F6E000FFF7FAFC02210123054A0092CDE901311E
:10F6F0000DF11702FFF734FD07B05DF804FB00BF02
:10F70000B276050870B5002686B08B2330468DF89A
:10F710001730012502248DF81660FFF7DDFC0DF18E
:10F7200016030093CDE901542B460DF11702214633
:10F73000FFF7E8FD10B9002006B070BD9DF8163047
:10F7400063F07F038DF8163030460B238DF81730A9
:10F75000FFF7C2FC0DF116030093CDE901542B46CF
:10F760000DF117022146FFF7FBFC0028E3D00D2323
:10F7700030468DF81730FFF7AFFC0F4B0093CDE903
:10F7800001542B460DF117022146FFF7E9FC002832
:10F79000D1D00E2330468DF81730FFF79DFC074B74
:10F7A0000093CDE901542B460DF117022146FFF7D6
:10F7B000D7FC06B070BD00BFB7760508B676050861
:10F7C000F0B5002687B08F23074630468DF81730F6
:10F7D000012402258DF81660FFF77EFC0DF116035B
:10F7E0000093CDE9014523460DF117022946FFF7A5
:10F7F00089FD18B19DF816306B2B01D007B0F0BD14
:10F80000182330468DF81730FFF766FC354B009310
:10F81000CDE9014523460DF117022946FFF7A0FC6B
:10F820000028EBD0132330468DF81730FFF754FC37
:10F830002D4B0093CDE9014523460DF117022946D2
:10F84000FFF78EFC0028D9D0152330468DF81730ED
:10F85000FFF742FC254B0093CDE9014523460DF10E
:10F8600017022946FFF77CFC0028C7D0102330463A
:10F870008DF81730FFF730FC1D4B0093CDE90145A3
:10F8800023460DF117022946FFF76AFC0028B5D080
:10F89000172330468DF81730FFF71EFC154B0093E9
:10F8A000CDE9014523460DF117022946FFF758FC23
:10F8B0000028A3D0112330468DF81730FFF70CFC39
:10F8C0000D4B0093CDE901450DF117022946234662
:10F8D000FFF746FC002891D0FFF714FF00288DD0D9
:10F8E0003C718BE7B3760508B1760508B07605085C
:10F8F000B5760508B4760508B276050810B586B069
:10F9000004469E2300208DF81730FFF7E5FB012306
:10F910000221CDE9013100940DF11702FFF7F2FC4D
:10F9200006B010BD30B589B0A223044600200D46B4
:10F930008DF81330FFF7D0FB0C230221CDE9013104
:10F9400005AB00930DF113020123FFF7DBFCF8B3C5
:10F95000BDF916309FED1F4ADFED1F4A05EE903AC4
:10F96000BDF9183006EE103ABDF91A3006EE903A9D
:10F97000BDF91C3007EE103ABDF91E3007EE903A83
:10F98000BDF9143005EE103AF8EEE55AB8EEC66A45
:10F99000F8EEE66AB8EEC77AB8EEC55AF8EEE77A3E
:10F9A00025EE045A65EE845A26EE046A66EEA46AD1
:10F9B00027EE247A67EEA47A85ED005AC5ED015A48
:10F9C00085ED026AC4ED006A84ED017AC4ED027A25
:10F9D00009B030BD7722A039E7D01C3B2DE9F043B8
:10F9E0002DED088B8DB000248DF817400468154666
:10F9F00062681C465C4B9A4232D1007920B90DB046
:10FA0000BDEC088BBDE8F0839E2300208DF82430E8
:10FA10000126FFF761FB0DF1170302210093CDE9E9
:10FA20000161334609AAFFF76DFCD8B19DF8173084
:10FA300003F00302032A6CD0DFED4C8A4FF000097B
:10FA4000B0EE689AF0EE689AB0EE68AAF0EE68AA96
:10FA5000B0EE68BA5B073DD49FED448A002711E001
:10FA60009047CBE79FED418A0746F0EE488AB0EE1B
:10FA7000489AF0EE489AB0EE48AAF0EE48AAB0EEE6
:10FA800048BA8146FCF76AF900F598780646404680
:10FA9000FCF7AEF90028B2D0C6F8B85186ED67BAC7
:10FAA000C6ED68AA86ED69AAC6ED6A9A86ED6B9ADC
:10FAB000C6ED6C8A86ED6D8AC6F8BC4186F8C091A9
:10FAC00086F8C1714046FCF79DF90DB0BDEC088B7E
:10FAD000BDE8F083A02300208DF81830FFF7FCFA72
:10FAE00009AB02210093CDE90111012306AAFFF71A
:10FAF00009FC0028B0D0BDF924309FED1D7A07EE37
:10FB0000903AF8EEE77AB3EE098AA7EE878A0127E2
:10FB1000B8E7002306A809A9CDE90633CDE90933E2
:10FB200008930B93FFF7FEFE814678B19DED06BA70
:10FB3000DDED07AA9DED08AADDED099A9DED0A9A73
:10FB4000DDED0B8AB1469DF8173083E7DFED078ABC
:10FB5000B0EE689AF0EE689AB0EE68AAF0EE68AA85
:10FB6000B0EE68BAEFE700BF35F60008000000000D
:10FB70000000803B10B586B0A022044600208DF81E
:10FB80001320FFF7A9FA05AA02210092CDE901117D
:10FB900001230DF11302FFF7B5FB68B1BDF9143075
:10FBA000DFED066A07EE103AB8EEC77AF3EE097A8F
:10FBB000E7EE267AC4ED007A06B010BD0000803B67
:10FBC00030B587B060F07F0300200C4615468DF8F5
:10FBD0001730FFF781FA0221CDE90151012300948A
:10FBE0000DF11702FFF78EFB07B030BD30B587B0BF
:10FBF000034600200C4615468DF81730FFF76CFAC7
:10FC00000221CDE90151012300940DF11702FFF704
:10FC1000A7FA07B030BD00BF90F85100704700BF91
:10FC200070B50F4E3468BFF35B8F14F001040546C6
:10FC300002D07DB90B4870BD304638F0DBF80028A3
:10FC4000F7D0084B084A1A60304683F8514038F024
:10FC5000E0F8EEE7054B064A06481D21FAF716FACA
:10FC6000B4EB0020B8EB0020C076050894CB040864
:10FC7000F8CE04083CCF040810B586B080230020DD
:10FC80000C46ADF814008DF81430FFF725FA012169
:10FC90000223CDE90113009405AAFFF733FB06B058
:10FCA00010BD00BF10B586B07E22B62300208DF8AF
:10FCB00016208DF81730FFF70FFA012302210DF1FE
:10FCC0001702CDE90131009219460DF11602FFF736
:10FCD00047FA044610B9204606B010BD4FF4FA604A
:10FCE0001BF05AF8204606B010BD00BF00B587B023
:10FCF0001922412300208DF816208DF81730FFF7C8
:10FD0000EBF901230DF117020221CDE90131009237
:10FD100019460DF11602FFF723FA07B05DF804FB50
:10FD200000B5012987B01AD002290CBF3322032263
:10FD30001B2300208DF816308DF81720FFF7CCF923
:10FD400001230DF117020221CDE90131009219467C
:10FD50000DF11602FFF704FA07B05DF804FB132259
:10FD6000E6E700BFF0B589B000238424ADF8143075
:10FD70008DF81440044618460E4615460693ADF815
:10FD80001C3006AFFFF7A8F906220223CDE90123B4
:10FD9000009705AA0121FFF7B5FA00286BD09DF85E
:10FDA0001C309DF81D20D4ED017A94ED036AD4ED4A
:10FDB000026A9DF81A101B0243EA02439DF81B20B9
:10FDC000134307EE103AB8EEC77A9DF819309DF844
:10FDD000182037EE677A1B0267EE077A43EA014381
:10FDE00067EE867A1343E7EE267AC6ED007A94ED45
:10FDF000056AD4ED046AD4ED095A94ED087A94EDBD
:10FE0000065AD4ED0A4A94ED0D4AE7EE866AA7EE4B
:10FE1000A57A27EE855A94ED076AD4ED0B5A67EE62
:10FE2000A44AE7EE856A27EE866AA7EEA47A67EE13
:10FE3000A55A26EE276A94ED0C5AD4ED0E4A65EECB
:10FE4000A75AE7EE866AB0EE456AA7EEA57AA7EE56
:10FE5000846A07EE903AF8EEE77A67EEA75AA7EEC3
:10FE6000A67A67EEA57A67EEA47AE5EE867A77EE53
:10FE7000877AC5ED007A09B0F0BD00BF0000000030
:10FE8000F0B51D46036832495B688FB09FED2E7B4D
:10FE90001646304A069100210791089193424FF08F
:10FEA00000018DED0A7B04468DF830104AD190F8A0
:10FEB000510050B9FBF752FF00F51475044628466F
:10FEC000FBF796FF50BB0FB0F0BD00208323ADF8C9
:10FED000140001278DF814308DF81300FFF7FCF89B
:10FEE0000DF1130202230092CDE9017305AA3946F0
:10FEF000FFF708FA0028DDD09DF8133003F0600307
:10FF0000602BD7D107AA204608A9CDE90A65FFF7DB
:10FF100029FF0028CED08DF83070CBE7079B9DF8E5
:10FF20003020C4F8BC32DDE90A67089B84F8D0228F
:10FF30002846C4E9B267C4F8C0320FB0BDE8F0404B
:10FF4000FBF760BF9847B4E7000000000000000026
:10FF50006854050819FC0008F0B58FB0044607F096
:10FF600023FE0023304A06920793002208930023C1
:10FF7000CDE90A2323682D4A5B68002593428DF85A
:10FF8000305006460D464AD194F8513053B9FBF72C
:10FF9000E5FE00F5147504462846FBF729FF50BB23
:10FFA0000FB0F0BD00208323ADF8140001278DF8B9
:10FFB00014308DF81300FFF78FF80DF113020223B0
:10FFC0000092CDE9017305AA3946FFF79BF9002895
:10FFD000DDD09DF8133003F06003602BD7D107AA62
:10FFE000204608A9CDE90A65FFF7BCFE0028CED05F
:10FFF0008DF83070CBE7079B9DF83020C4F8BC32F9
:020000040801F1
:10000000DDE90A67089B84F8D0222846C4E9B26774
:10001000C4F8C0320FB0BDE8F040FBF7F3BE204695
:1000200098470346B2E700BF6854050819FC00086A
:1000300030B52DED028B002387B0B122044618465F
:10004000ADF814308DF81420FFF746F8022315217F
:1000500004F13C02CDE901130092012105AAFFF74A
:1000600051F9054620B9284607B0BDEC028B30BDDA
:10007000A38F9FED578A00EE103A0820B8EE400A91
:1000800039F0B5FAE38F84ED010A07EE903A6FF08C
:100090001D00B8EE670A39F0AAFA94F9403084EDF1
:1000A000020A07EE903A6FF02F00B8EEE70A39F037
:1000B0009EFAB4F9413084ED030A07EE903AB8EEA7
:1000C000E70A6FF0130030EE480A39F090FAB4F9FD
:1000D000433084ED040A07EE903AB8EEE70A6FF079
:1000E0001C0030EE480A39F082FA94F9453084ED6C
:1000F000050A07EE903A6FF01F00B8EEE70A39F0F4
:1001000076FA94F9463084ED060A07EE903A6FF0DD
:100110002400B8EEE70A39F06AFAB4F8473084ED03
:10012000070A07EE903A0320B8EE670A39F05FFA43
:10013000B4F8493084ED080A07EE903A6FF00500F4
:10014000B8EE670A39F053FA94F94B3084ED090A96
:1001500007EE903A6FF00700B8EEE70A39F047FA79
:1001600094F94C3084ED0A0A07EE903A6FF00E00D5
:10017000B8EEE70A39F03BFAB4F94D3084ED0B0ADA
:1001800007EE903A6FF02F00B8EEE70A39F02FFA39
:1001900094F94F3084ED0C0A07EE903A6FF02F007F
:1001A000B8EEE70A39F023FA94F9503084ED0D0ADD
:1001B00007EE903A6FF04000B8EEE70A39F017FA10
:1001C000284684ED0E0A07B0BDEC028B30BD00BF9F
:1001D00000008046F0B5002487B080230746204603
:1001E000ADF8144001258DF8143002268DF8124028
:1001F000FEF772FF0DF112030093CDE9015633466D
:1002000005AA2946FFF77EF818B19DF81230502B49
:1002100001D007B0F0BD3846FFF70AFF0028F8D03C
:100220001F2320468DF813308DF81440FEF754FF3D
:1002300005AB0093CDE901562B460DF1130229467B
:10024000FEF78EFF0028E4D01D238DF813302046E2
:1002500003238DF81430FEF73FFF05AB0093CDE983
:1002600001562B460DF113022946FEF779FF0028AF
:10027000CFD01C238DF8133020460C238DF814307A
:10028000FEF72AFF05AB0093CDE901562B460DF191
:1002900013022946FEF764FF0028BAD019238DF80F
:1002A0001330204641238DF81430FEF715FF05ABBF
:1002B0000093CDE901562B460DF113022946FEF7B6
:1002C0004FFF0028A5D01B238DF813302046332381
:1002D0008DF81430FEF700FF05AB0093CDE9015611
:1002E0002B460DF113022946FEF73AFF002890D065
:1002F00087F851508DE700BF00B587B01F23490034
:1003000000208DF816308DF81710FEF7E5FE01235A
:100310000DF117020221CDE90131009219460DF1CC
:100320001602FEF71DFF07B05DF804FB00B587B0AD
:100330001D2300208DF816308DF81710FEF7CCFE27
:1003400001230DF117020221CDE901310092194676
:100350000DF11602FEF704FF07B05DF804FB00BFC5
:1003600000B587B041EAC2011C2300208DF8163089
:100370008DF81710FEF7B0FE01230DF117020221D0
:10038000CDE90131009219460DF11602FEF7E8FEA3
:1003900007B05DF804FB00BF00B587B01C23002048
:1003A0008DF816308DF81710FEF796FE01230DF12B
:1003B00017020221CDE90131009219460DF1160212
:1003C000FEF7CEFE07B05DF804FB00BF00B587B0B6
:1003D0001C2300208DF816308DF81710FEF77CFED8
:1003E00001230DF117020221CDE9013100921946D6
:1003F0000DF11602FEF7B4FE07B05DF804FB00BF76
:1004000000B587B000208323ADF814008DF81300E9
:100410008DF81430FEF760FE0DF113020223012166
:100420000092CDE9011305AAFEF76CFF40B19DF8DB
:10043000130000F06000A0F16000B0FA80F0400905
:1004400007B05DF804FB00BF90ED096AD0ED056AC6
:10045000D0ED087A90ED047AD0ED0D4AE6EE207AE0
:10046000A6EEA07A90ED0A6AD0ED066A20EE865AD2
:1004700060EEA65A90ED0B6AD0ED076AE5EE207AA1
:10048000A5EEA07A20EE866A60EEA66A26EE206AC5
:1004900066EEA06AD0ED0C5A20EE005AE6EE207A05
:1004A000A6EEA07AB0EE656AA4EEA06A60EE056AD8
:1004B000D0ED0E5AE7EE007A26EEA50AA5EE060A62
:1004C00037EE800A704700BFD0ED017AD0ED036AA5
:1004D00090ED027A70EE677A27EEA70A20EE260AE0
:1004E000A7EE270A704700BF00B587B000208DF83F
:1004F00017108DF81620FEF7EFFD01230DF11602FF
:100500000221CDE90131009219460DF11702FEF7E3
:1005100027FE07B05DF804FB30B587B062F07F02BC
:1005200000200C461D46ADF814008DF81420FEF78F
:10053000D3FD0223CDE90153009405AA0121FEF762
:10054000E1FE07B030BD00BF0079704708B903482D
:10055000704708B502481021FBF758FC1C0000202A
:1005600048CD040810B586B004468F2300208DF8CE
:100570001730FEF7B1FD01230222CDE901320094CC
:100580000DF117020321FEF7BDFE06B010BD00BF3E
:1005900070B5002586B0112328468DF817308DF8E8
:1005A0001650FEF799FD164B012402268DE85800DF
:1005B0000DF1170223460321FEF7D2FD10B90020EA
:1005C00006B070BD20461AF0E7FB912328468DF84F
:1005D0001730FEF781FD0DF116038DE85800032159
:1005E00023460DF11702FEF78DFE0028E7D09DF897
:1005F000160080F00400C0F3800006B070BD00BF9C
:10060000DA760508F0B5002587B08F23074628461F
:100610008DF8173001248DF816500226FEF75CFD88
:100620000DF116030093CDE9014623460DF11702A3
:100630000321FEF767FE18B19DF81630B32B01D0E9
:1006400007B0F0BDFFF7A4FF0028F9D00E2328461D
:100650008DF81730FEF740FD214B0093CDE90146A0
:1006600023460DF117020321FEF77AFD0028E7D09B
:10067000112328468DF81730FEF72EFD194B0093F5
:10068000CDE9014623460DF117020321FEF768FD6F
:100690000028D5D0102328468DF81730FEF71CFD12
:1006A000114B0093CDE9014623460DF117020321BA
:1006B000FEF756FD0028C3D0122328468DF81730C8
:1006C000FEF70AFD094B0296CDE900340DF1170241
:1006D00023460321FEF744FD0028B1D03C71AFE76B
:1006E000DC760508D9760508DB760508D876050896
:1006F00000B587B0A72300208DF817308DF81600BD
:10070000FEF7EAFC02210DF116020123CDE90131C9
:10071000009203210DF11702FEF7F4FD40B19DF8A0
:10072000160000F00300A0F10300B0FA80F04009C9
:1007300007B05DF804FB00BF70B5002388B0A822A5
:1007400006AE054618468DF817200C4606938DF820
:100750001C30FEF7C1FC052100960226CDE90116EA
:1007600001230DF117020321FEF7CCFD08B39DF81C
:1007700019309DF81A209FED106ADFED106A1B04F6
:1007800043EA02639DF8182043EA0223BDF91B20C7
:100790001B1207EE102A07EE903AB8EEC77AF8EE71
:1007A000E77A27EE267A67EE867AC5ED007A84ED41
:1007B000007A08B070BD00BF0000C83C0AD7233CD7
:1007C0002DE9F04788B00024069407940468164683
:1007D0001D466268284B9A424BD1007990B94FF080
:1007E00000084FF00009CA4646464546FBF7B6FAF0
:1007F00000F5367704463846FBF7FAFA58BB08B0DE
:10080000BDE8F087A72300208DF817308DF816007B
:10081000FEF762FC0223012402930DF11603CDE9D9
:1008200000340DF1170223460321FEF76BFD00286B
:10083000D5D09DF8163003F00303032BCFD106A9C2
:1008400007A8FFF779FF0028C9D0DDF81CA0DDF864
:100850001890A046CAE73846C4E9D465C4F844A352
:10086000C4F8489384F8588308B0BDE8F047FBF714
:10087000C9BA9047B2E700BF4905010830B587B053
:1008800060F07F0300200C4615468DF81730FEF708
:1008900023FC0222CDE90152012300940DF117023D
:1008A0000321FEF72FFD07B030BD00BF30B587B084
:1008B000034600200C4615468DF81730FEF70CFC59
:1008C0000222CDE90152012300940DF11702032108
:1008D000FEF746FC07B030BD0079704708B9034801
:1008E000704708B502481021FBF790FA2400002059
:1008F00048CD040830B583B000220421054640F6F7
:100900003C440F48ADF8044021F0D8FA02230D48CA
:100910001A4601A928F090FA50B10446084801226D
:10092000042121F0CBFAB4FA84F0400903B030BDC1
:10093000044802230122294628F004FD0446EDE77D
:100940000010024038CD002030B583B000220421D1
:1009500005464DF23C340F48ADF8044021F0AEFAA4
:1009600002230D481A4601A928F066FA50B1044640
:1009700008480122042121F0A1FAB4FA84F04009C8
:1009800003B030BD044802230122294628F0DAFCD6
:100990000446EDE70010024038CD002010B582B0CB
:1009A00000224CF23C1316488DF803200421ADF8C8
:1009B000043021F083FA022312481A4601A928F0D4
:1009C0003BFA38B10E480122042121F077FA0020C9
:1009D00002B010BD01220DF103010A48022328F0E4
:1009E000B1FC012204460421054821F067FA002CDD
:1009F000EDD19DF80300C0F3800002B010BD00BF30
:100A00000010024038CD002010B582B04CF23313F4
:100A10001048ADF804300022042121F04FFA0223DF
:100A20000D481A4601A928F007FA50B104460948B2
:100A30000122042121F042FAB4FA84F0400902B004
:100A400010BD064904480223012228F0F5F90446A6
:100A5000EDE700BF0010024038CD0020F276050817
:100A600010B582B000224CF23C4328488DF8032098
:100A70000421ADF8043021F021FA022324481A465B
:100A800001A928F0D9F938B120480122042121F028
:100A900015FA002002B010BD01220DF103011C481F
:100AA000022328F04FFC012204460421174821F0BC
:100AB00005FA002CEDD19DF8033014484CF2334177
:100AC00063F07F032246ADF8041004218DF8033053
:100AD00021F0F4F902230E481A4601A928F0ACF9D6
:100AE000044648B109480122042121F0E7F9B4FA8B
:100AF00084F0400902B010BD0548022301220DF127
:100B0000030128F099F90446ECE700BF0010024009
:100B100038CD00202DE9F043044683B0002240F692
:100B20003C437848627104218DF801208DF8022041
:100B30008DF80320ADF8043021F0C0F9022372488B
:100B40001A4601A928F078F938B16E48012204212B
:100B500021F0B4F903B0BDE8F08301220DEB0201EE
:100B60006948022328F0EEFB01220546042165486E
:100B700021F0A4F9002DEDD19DF80130632BE9D1CE
:100B80004DF23C335F48ADF804302A46042121F091
:100B900095F902235C481A4601A928F04DF900286E
:100BA000D3D102230DEB03010122574828F0CAFBE1
:100BB000012204210546534821F080F99DF80230B6
:100BC000B22BC7D1002DC5D105F18045DFF83881A2
:100BD00005F5043502264CF63C590022042128462E
:100BE000ADF8049021F06AF902231A4601A94046A3
:100BF00028F022F9012250B10421284621F05EF9A3
:100C000001201AF0C9F8012EA4D00126E5E701223F
:100C10000DF103010223404628F094FB0122074610
:100C20000421284621F04AF9002FE9D19DF803302C
:100C3000DB07E5D54CF233233248ADF804303A46B1
:100C4000042121F03BF902232F481A4601A928F07C
:100C5000F3F800287FF479AF2C492B4801220223B6
:100C600028F0EAF8012205460421264821F026F959
:100C7000002D7FF46FAF4CF233332248ADF80430CF
:100C80002A46042121F01AF902231F481A4601A915
:100C900028F0D2F800287FF458AF1D491A480122E5
:100CA000022328F0C9F8012205460421154821F045
:100CB00005F9002D7FF44EAFFFF7D2FE4CF233035F
:100CC0001048ADF804302A46042121F0F7F8022339
:100CD0000D481A4601A928F0AFF800287FF435AF77
:100CE0000C4909480122022328F0A6F801220546F2
:100CF0000421044821F0E2F8002D7FF42BAF0123FA
:100D0000237127E70010024038CD0020F176050856
:100D1000F0760508F376050870B584B000224FF62A
:100D20003C2305460C462D48ADF8043004210292C0
:100D3000ADF80C2021F0C2F8022329481A4601A977
:100D400028F07AF838B125480122042121F0B6F8BC
:100D5000002004B070BD062202A92148022328F019
:100D6000F1FA0122064604211C4821F0A7F8002EC2
:100D7000EED19DF809209DF80A109DF80C309FEDEA
:100D8000195A9FED196ADFED195A120542EA0172EC
:100D90009DF8081042EA01329DF80D101B0543EA48
:100DA00001739DF80B10121343EA013307EE102A6A
:100DB0001B1307EE903ABAEEE77AFAEEC77AF3EE33
:100DC000096AA7EE056A0120B0EE667AA7EEA57A59
:100DD00085ED006A84ED007A04B070BD0010024019
:100DE00038CD002000401C4700B8884700008242F0
:100DF0002DE9F04784B000210291039100218DF884
:100E00000210016817461E464A68734B9A42044610
:100E10004FD1057985B94FF000090027CA463E46F3
:100E2000FAF79CFF00F5E47804464046FAF7E0FF45
:100E300088BB04B0BDE8F08719F076F9674B4FF432
:100E40000002C3F88420BFF34F8FBFF36F8F0022DF
:100E50004CF23C1362488DF803200421ADF80430B5
:100E600021F02CF802235F481A4601A927F0E4FF7D
:100E700010B35B480122042121F020F800254FF037
:100E80000009CA462F462E46544B4FF400025A60C2
:100E900019F06CF9C4E7C4E99076C4F834A2C4F838
:100EA000389284F848524046FAF7ACFF04B0BDE8E7
:100EB000F08790470546ADE701220DF1030149484F
:100EC000022328F03FFA012205460421444820F07D
:100ED000F5FF002DD2D19DF803305B07CED503A9D5
:100EE00002A8FFF719FF4CF23C432A460421804632
:100EF0003B48ADF8043020F0E1FF022339481A46A0
:100F000001A927F099FF78B335480122042120F088
:100F1000D5FF4CF233133248ADF8043000220421DF
:100F200020F0CCFF02232F4801A91A4627F084FFA6
:100F300098B12B480122042120F0C0FF63790D2BCA
:100F400002D80133637199E7B8F1000F96D0DDF84C
:100F500008A0DDF80C90012596E7234921480223DB
:100F6000012227F069FFE4E7022301220DEB0301D0
:100F70001C4828F0E7F9012205460421184820F012
:100F80009DFF002DC5D19DF8023013F04002C0D165
:100F900063F07F0312488DF8023004214CF2334392
:100FA000ADF8043020F08AFF02230E481A4601A94A
:100FB00027F042FF38B10A480122042120F07EFFC9
:100FC0004FF00008A5E70DF10201022301220548B8
:100FD00027F032FFEFE700BFD908010800E100E089
:100FE0000010024038CD0020F276050870B582B0BE
:100FF00004464FF03C0C12488DF804C016460D46CE
:10100000002204218DF8054020F058FF02230D48EE
:101010001A4601A927F010FF50B1044608480122E2
:10102000042120F04BFFB4FA84F0400902B070BDF7
:10103000044802233246294628F084F90446EDE7A5
:101040000010024038CD002070B582B004464FF049
:10105000330C12488DF804C016460D4600220421B8
:101060008DF8054020F02AFF02230D481A4601A9F9
:1010700027F0E2FE50B1044608480122042120F086
:101080001DFFB4FA84F0400902B070BD0448022389
:101090003246294627F0D0FE0446EDE70010024014
:1010A00038CD002090F8A804704700BF08B538B1CB
:1010B000084689B911464AB1BDE8084007F084BA2C
:1010C000084B094A09484621F8F7E0FF084B064A51
:1010D00006484821F8F7DAFF064B034A0348472140
:1010E000F8F7D4FFD0CF0408DCCF040828D00408D8
:1010F000DCD00408B4D0040806F056BD08B5A8B189
:1011000000291FDDC36ABBB1D3F8000411F0070248
:101110001CBFC2F108028918C0F580628A42C3BFB1
:101120000918C3F80014C018002008BD084B094A6C
:1011300009489E21F8F7AAFF084B064A0648A12154
:10114000F8F7A4FF064B034A03489F21F8F79EFFD8
:10115000D0CF0408E8D0040824D10408C0D1040882
:10116000B4D1040810B550B10846D1B9114692B1B6
:10117000002B1A4609DDBDE8104007F02BBB0C4BD5
:101180000C4A0D489521F8F781FF0C4B094A0A4893
:101190009821F8F77BFF0A4B064A07489721F8F792
:1011A00075FF084B034A04489621F8F76FFF00BF0C
:1011B000D0CF0408CCD1040824D1040834D20408C8
:1011C00028D20408B4D0040890F8A83403B17047BA
:1011D0002DE9F04FABB0012345F2024104460093E4
:1011E000ADF83C10414802230FAAA0211CF09AF947
:1011F00070B14FF008084FF000094FF02D0A3C493C
:101200003C4807F045F90546C8B12BB0BDE8F08F62
:101210004023364800931AAAA0211CF027FB00287F
:10122000E7D14FF0FF323C211AA806F0A7FC299B1A
:101230009842DED1DDE91AA9DDF87080DFE702A867
:1012400007F042FB0DF1080CBCE80F000DF13C0E5D
:10125000AEE80F00BCE80F00AEE80F009CE8070006
:10126000254B264F8EE807000F93254B109304F172
:101270005006244B8DF864A029464FF48B6240F64B
:10128000016B3046CDE91173ADF854B08DF865901F
:101290008DF85F8039F07DFF1B4AC4F8AC245023E1
:1012A00004F58B61C4F8B414C4F8B83404F2AC404B
:1012B00018F01EFAC4F854040028A6D004F108055A
:1012C00032460FA9284607F029FB00289DD140F29D
:1012D000011302460EA928460E9308F07DFA002855
:1012E00093D1012384F8A8348FE700BF08050020BC
:1012F00040420F0020A10700AD100108F9100108BD
:1013000065110108FD10010844D2040870B50F4EA4
:101310003468BFF35B8F14F00104054602D07DB939
:101320000B4870BD304636F065FD0028F7D0084BFD
:10133000084A1A60304683F8A84436F06AFDEEE7A2
:10134000054B064A06481121F8F7A0FE0CEC0020D8
:1013500010EC0020FC76050894CB040850D2040859
:1013600024D1040802490160002280F8A8247047B3
:10137000FC76050830B587B0224D4FF0FF3301935E
:101380002C68BFF35B8F14F001041FD042F210727F
:1013900002A901A807F0D0F9041E01DA07B030BD98
:1013A000194D0121D5F8540418F0F2F90028F5D1AF
:1013B000D4B1019901BB02AA05F1080007F016FBA0
:1013C000D5F8540418F008FA07B030BD284636F0B6
:1013D00011FD0028DAD00C4B0C4A1A60284683F81D
:1013E000A84436F016FDD1E722464FF0FF3105F153
:1013F000080007F0FBFAE3E7054B064A06488B2195
:10140000F8F744FE0CEC002010EC0020FC760508F8
:10141000B4D0040890D2040824D1040890F86400E1
:10142000704700BF30B52DED028B83B0FAF796FC04
:1014300000F5E46504462846FAF7DAFC30B903B053
:10144000BDEC028BBDE83040FFF760BF04F5F163EF
:10145000284693ED048A94F8B157FAF7D3FC00209C
:10146000FFF754FF04461DB903B0BDEC028B30BD3D
:10147000D0F85404012118F08BF90028F4D19FED25
:10148000167ADFED167A28EE078A0223B0EEC87AC4
:10149000B4EE677AF1EE10FA8DF8003017D8DFED70
:1014A000107AB4EEE78AF1EE10FA10D8DFED0D7A7B
:1014B000B4EEE78AF1EE10FA09DB03466A464FF410
:1014C000987104F108008DED018A07F091FCD4F8C1
:1014D000540418F081F9C7E7E22E6542FFFF7F7FD1
:1014E00000009643000096C330B52DED028B83B00B
:1014F000FAF734FC00F58E5504462846FAF778FCD6
:1015000030B903B0BDEC028BBDE83040FFF7FEBE42
:1015100004F58054284694ED8C8A94F84852FAF7E2
:1015200071FC0020FFF7F2FE04461DB903B0BDECCC
:10153000028B30BDD0F85404012118F029F900289D
:10154000F4D19FED167ADFED167A28EE078A022392
:10155000B0EEC87AB4EE677AF1EE10FA8DF800308A
:1015600017D8DFED107AB4EEE78AF1EE10FA10D852
:10157000DFED0D7AB4EEE78AF1EE10FA09DB0346EF
:101580006A4640F2371104F108008DED018A07F038
:101590002FFCD4F8540418F01FF9C7E7E22E654277
:1015A000FFFF7F7F0000B4420000B4C230B52DEDD4
:1015B000028B83B0FAF7D2FB00F592551035044642
:1015C0002846FAF715FC30B903B0BDEC028BBDE834
:1015D0003040FFF79BBE04F58054284694EDB08A56
:1015E00094F8D052FAF70EFC0020FFF78FFE044665
:1015F0001DB903B0BDEC028B30BDD0F854040121FD
:1016000018F0C6F80028F4D19FED157AF0EEC87AEC
:10161000F4EE477A0223F1EE10FA8DF8003019D873
:10162000DFED107AB4EEE78AF1EE10FA12DBDFEDAF
:101630000E7AB4EEE78AF1EE10FA0BD8B1EE488AD2
:1016400003466A464FF49D7104F108008DED018A4E
:1016500007F0CEFBD4F8540418F0BEF8C9E700BF79
:10166000FFFF7F7F000096C30000964330B52DED4D
:10167000028B83B0FAF772FB00F648050446284651
:10168000FAF7B6FB30B903B0BDEC028BBDE83040D1
:10169000FFF73CBE04F50B63284693ED018A94F8EE
:1016A000C058FAF7AFFB0020FFF730FE04461DB923
:1016B00003B0BDEC028B30BDD0F85404012118F00A
:1016C00067F80028F4D19FED167ADFED167A28EE40
:1016D000078A0223B0EEC87AB4EE677AF1EE10FA08
:1016E0008DF8003017D8DFED107AB4EEE78AF1EE0E
:1016F00010FA10D8DFED0D7AB4EEE78AF1EE10FAA9
:1017000009DB03466A4640F22D4104F108008DEDE5
:10171000018A07F06DFBD4F8540418F05DF8C7E7B0
:10172000E22E6542FFFF7F7F00003443000034C398
:1017300030B52DED028B83B0FAF710FB00F6B8251B
:1017400004462846FAF754FBD0B9FAF707FB00F530
:10175000346504462846FAF74BFB002855D1FAF7C2
:10176000FDFA00F6C83504462846FAF741FB002882
:1017700057D103B0BDEC028BBDE83040FFF7C6BDCA
:1017800004F5326394F8384B93ED018A2846FAF752
:1017900039FB002CD9D00020FFF7B8FD0446D4F85F
:1017A0005404012117F0F4FF58BBDFED276A9FEDC9
:1017B000277AC8EE267A02238DF80030F0EEE76A29
:1017C000F4EE476AF1EE10FA17D89FED217AF4EEA5
:1017D000C77AF1EE10FA10D89FED1E7AF4EEC77AB0
:1017E000F1EE10FA09DB03466A464FF4A37104F1E7
:1017F0000800CDED017A07F0FBFAD4F8540417F095
:10180000EBFF03B0BDEC028B30BD04F6A83394F8B7
:10181000C04B93ED018A2846FAF7F4FA002C9ED0CB
:10182000B9E704F54363284693ED018A94F8485CD0
:10183000FAF7E8FA0020FFF769FD0446002DAED163
:1018400003B0BDEC028B30BD0000C842FFFF7F7FBC
:1018500000409C440000964390F8643003B1704708
:1018600030B595B0012345F2024104460093ADF82E
:101870000C107148022303AAA0211BF053FE08B1EB
:1018800015B030BD40236C48009304AAA0211BF082
:10189000EDFF0028F4D14FF0FF323C2104A806F000
:1018A0006DF9139B984217D1DDE90701DDE90923A2
:1018B0006060E1606261DDE90B01E361DDE90D2358
:1018C0006062E1626263DDE90F01E363DDE9112338
:1018D0006064E1646265E3650020FFF717FD00F1D5
:1018E000080500224FF49671284607F02BFA0246AD
:1018F000002859D140F22D11284607F023FA02465C
:10190000002840F093804FF49771284607F01AFAA8
:101910000246002840F0848040F22F11284607F04C
:1019200011FA0246002875D14FF49871284607F045
:1019300009FA0246002867D140F23111284607F023
:1019400001FA0246002859D140F23711284607F023
:10195000F9F9024600284BD14FF49C71284607F054
:10196000F1F9024600283DD14FF49D71284607F059
:10197000E9F9024680BB40F22D41284607F0E2F922
:1019800020BB00224FF4A171284607F0DBF9024684
:10199000B0B94FF4A371284607F0D4F950B9012328
:1019A00084F8643015B030BD244B254A25485521B4
:1019B000F8F76CFB244B224A22486021F8F766FBBB
:1019C000224B1F4A1F485F21F8F760FB204B1C4A3F
:1019D0001C485E21F8F75AFB1E4B194A19485D2135
:1019E000F8F754FB1C4B164A16485C21F8F74EFBDF
:1019F0001A4B134A13485B21F8F748FB184B104A5F
:101A000010485A21F8F742FB164B0D4A0D48592150
:101A1000F8F73CFB144B0A4A0A485821F8F736FB02
:101A2000124B074A07485721F8F730FB104B044A7E
:101A300004485621F8F72AFB08050020BCD2040808
:101A400028D3040850D3040894D7040834D70408D2
:101A5000D8D604087CD6040820D60408C4D50408C7
:101A600068D504080CD50408B0D404084CD4040884
:101A7000E4D3040830B52DED028B83B0FAF76EF98C
:101A800000F59255103504462846FAF7B1F930B9F9
:101A900003B0BDEC028BBDE83040FFF737BC04F566
:101AA0008054284694EDAF8A94F8D052FAF7AAF9F8
:101AB0000020FFF72BFC04461DB903B0BDEC028BE0
:101AC00030BDD0F85404012117F062FE0028F4D193
:101AD0009FED147AF0EEC87AF4EE477A0223F1EE25
:101AE00010FA8DF8003017D8DFED0F7AB4EEE78AE0
:101AF000F1EE10FA10D8DFED0D7AB4EEE78AF1EED0
:101B000010FA09DB03466A464FF4A17104F108009C
:101B10008DED018A07F06CF9D4F8540417F05CFEDF
:101B2000CBE700BFFFFF7F7F00401C4600007AC468
:101B300030B52DED028B83B0FAF710F900F58E5514
:101B400004462846FAF754F930B903B0BDEC028BCD
:101B5000BDE83040FFF7DABB04F58054284694ED29
:101B60008B8A94F84852FAF74DF90020FFF7CEFB24
:101B700004461DB903B0BDEC028B30BDD0F854044F
:101B8000012117F005FE0028F4D19FED167ADFED54
:101B9000167A28EE078A0223B0EEC87AB4EE677A86
:101BA000F1EE10FA8DF8003017D8DFED107AB4EEB0
:101BB000E78AF1EE10FA10D8DFED0D7AB4EEE78A7D
:101BC000F1EE10FA09DB03466A464FF49C7104F10A
:101BD00008008DED018A07F00BF9D4F8540417F0D2
:101BE000FBFDC7E7E22E6542FFFF7F7F0000344325
:101BF000000034C330B52DED028B83B0FAF7AEF898
:101C000000F5E46504462846FAF7F2F830B903B067
:101C1000BDEC028BBDE83040FFF778BB04F5F16303
:101C2000284693ED018A94F8B057FAF7EBF80020B4
:101C3000FFF76CFB04461DB903B0BDEC028B30BD51
:101C4000D0F85404012117F0A3FD0028F4D1DFEDF2
:101C5000166A9FED167AC8EE267A02238DF80030B8
:101C6000F0EEE76AF4EE476AF1EE10FA17D8B1EE3B
:101C7000047AF4EEC77AF1EE10FA10D8B9EE047ACD
:101C8000F4EEC77AF1EE10FA09DB03466A464FF428
:101C9000967104F10800CDED017A07F0A9F8D4F8A7
:101CA000540417F099FDC7E70AE81C41FFFF7F7F46
:101CB00030B52DED028B83B0FAF750F800F5E465EE
:101CC00004462846FAF794F830B903B0BDEC028B0D
:101CD000BDE83040FFF71ABB04F5F163284693EDE9
:101CE000068A94F8B157FAF78DF80020FFF70EFB3B
:101CF00004461DB903B0BDEC028B30BDD0F85404CE
:101D0000012117F045FD0028F4D19FED167ADFED93
:101D1000167A28EE078A0223B0EEC87AB4EE677A04
:101D2000F1EE10FA8DF8003017D8DFED107AB4EE2E
:101D3000E78AF1EE10FA10D8DFED0D7AB4EEE78AFB
:101D4000F1EE10FA09DB03466A4640F2311104F164
:101D500008008DED018A07F04BF8D4F8540417F011
:101D60003BFDC7E7E22E6542FFFF7F7F0000964301
:101D7000000096C330B52DED028B83B0F9F7EEFF6E
:101D800000F5E46504462846FAF732F830B903B0A6
:101D9000BDEC028BBDE83040FFF7B8BA04F5F16343
:101DA000284693ED028A94F8B057FAF72BF80020F2
:101DB000FFF7ACFA04461DB903B0BDEC028B30BD91
:101DC000D0F85404012117F0E3FC0028F4D1DFED32
:101DD000166A9FED167AC8EE267A02238DF8003037
:101DE000F0EEE76AF4EE476AF1EE10FA17D8B1EEBA
:101DF000047AF4EEC77AF1EE10FA10D8B9EE047A4C
:101E0000F4EEC77AF1EE10FA09DB03466A4640F2B7
:101E10002D1104F10800CDED017A06F0E9FFD4F8A8
:101E2000540417F0D9FCC7E70AE81C41FFFF7F7F85
:101E300030B52DED028B83B0F9F790FF00F5E46526
:101E400004462846F9F7D4FF30B903B0BDEC028B45
:101E5000BDE83040FFF75ABA04F5F163284693ED28
:101E6000038A94F8B057F9F7CDFF0020FFF74EFA38
:101E700004461DB903B0BDEC028B30BDD0F854044C
:101E8000012117F085FC0028F4D1DFED166A9FEDE3
:101E9000167AC8EE267A02238DF80030F0EEE76A53
:101EA000F4EE476AF1EE10FA17D8B1EE047AF4EEC8
:101EB000C77AF1EE10FA10D8B9EE047AF4EEC77AC8
:101EC000F1EE10FA09DB03466A464FF4977104F10C
:101ED0000800CDED017A06F08BFFD4F8540417F01A
:101EE0007BFCC7E70AE81C41FFFF7F7F30B52DED83
:101EF000028B83B0F9F732FF00F5E465044628460B
:101F0000F9F776FF30B903B0BDEC028BBDE8304085
:101F1000FFF7FCB904F5F163284693ED058A94F8C0
:101F2000B157F9F76FFF0020FFF7F0F904461DB92C
:101F300003B0BDEC028B30BDD0F85404012117F082
:101F400027FC0028F4D19FED167ADFED167A28EEF3
:101F5000078A0223B0EEC87AB4EE677AF1EE10FA7F
:101F60008DF8003017D8DFED107AB4EEE78AF1EE85
:101F700010FA10D8DFED0D7AB4EEE78AF1EE10FA20
:101F800009DB03466A4640F22F1104F108008DED8B
:101F9000018A06F02DFFD4F8540417F01DFCC7E7A2
:101FA000E22E6542FFFF7F7F00009643000096C34C
:101FB00070B5234E3468BFF35B8F14F001040546FF
:101FC00003D0002D35D11F4870BD304635F012FFCB
:101FD0000028F6D01B4B1C4983F864405022C3E90B
:101FE00000121A49DA605A61DA615A62DA625A6397
:101FF000DA635A64DA645A650A24154A1A66C3E930
:102000001614144A144999601A611449144A9961C2
:102010001A621449144A99621A631449144A99635A
:102020001A641449144A996430461A6535F0F1FE71
:10203000C7E7124B124A13481521F8F727F800BFDB
:10204000D0F00020D4F000200C770508751A0108A4
:1020500031170108751D0108F51B0108311E010823
:10206000ED1E010825140108B11C0108E91401083E
:10207000311B0108AD1501086D16010894CB040849
:10208000F0D7040850D3040838B51F4D2C68BFF3AF
:102090005B8F14F0010401D01C4838BD284635F090
:1020A000A9FE0028F8D01A4B1A4919601A4983F87A
:1020B00064405022C3E901211849C3E903211849AA
:1020C000C3E905211749C3E907211749C3E90921D4
:1020D0001649C3E90B211649C3E90D211549C3E986
:1020E0000F211549C3E911211449C3E913211449EA
:1020F000C3E91521134A28460A21C3E9171235F00E
:1021000088FE024838BD00BFD0F00020D8F0002083
:10211000D4F000200C770508F51B0108751D010897
:10212000311E0108ED1E010825140108B11C01082B
:10213000E9140108311B0108AD1501086D160108ED
:10214000751A010831170108164930B48160164923
:10215000164C174D85655022C0E905211549426589
:10216000C0E90042144CC0E909211449C0E9032424
:10217000134CC0E90D211349C0E90724124CC0E9F2
:1021800011211249C0E90B24114CC0E91321114956
:10219000C0E90F240A240022C0E9174180F8642016
:1021A00030BC7047F51B0108311E01080C7705088B
:1021B000751A010825140108751D0108E9140108A4
:1021C000ED1E0108AD150108B11C01086D160108CE
:1021D000311B01083117010818B14FF47A73B3FBB2
:1021E000F0F07047DFED127AB0EEE07AB4EE677A85
:1021F000F1EE10FA1AD8B0EEC17AB4EE677AF1EEC9
:1022000010FA13D8B0EEC07AB4EE677AF1EE10FA95
:102210000CD8B4EEC01AF1EE10FA07DBF4EEC00AE7
:10222000F1EE10FA94BF01200020704700207047A3
:10223000FFFF7F7F0079B0FA80F04009704700BF50
:102240002DE9F04186B00124802305464FF00308B4
:102250000DF1170700208DF81730FCF7D9FC0A2381
:1022600060220021CDE90248CDE90047FCF7C4FD1A
:1022700000260B2018F090FD30468DF81760FCF713
:10228000C7FC2F23CDE90248CDE900476022314643
:10229000FCF71EFD9DF81730302B2B6807D02C71F2
:1022A0005B68224A934239D106B0BDE8F0812E71B5
:1022B0005B681E4A934231D1002401250326204643
:1022C0008DF81740FCF7A4FC21466022CDE90256A8
:1022D000CDE900570A23FCF78FFD0A2320468DF82D
:1022E0001730FCF795FC21466022CDE90256CDE976
:1022F00000570B23FCF780FD242320468DF8173070
:10230000FCF786FCCDE90256CDE90057092360228F
:102310002146FCF771FD06B0BDE8F08128469847DC
:102320000028C9D106B0BDE8F08100BF3522010800
:1023300008B90448704708B5034A044B04481821FB
:10234000F7F7A4FE2C0000203CD8040894CB040826
:1023500084D8040810B5002486B020468DF81740B4
:10236000FCF756FC01230DF117020321CDE90231E0
:10237000CDE9003221462F236022FCF7A9FC9DF80D
:10238000170006B010BD00BF2DE9F041002786B050
:1023900038460E4615461C460497CDF81370FCF7D8
:1023A00037FC07230322CDE902320DF11008012387
:1023B000009339463B46CDF804806022FCF788FC48
:1023C0009DF811009DF810309DF816C0DFED1F6AD2
:1023D0009DF813109FED1E7A9DF81520800040EAAD
:1023E000832040EA9C1307EE903AF8EEE77A9DF8D6
:1023F000120077EEE67A890067EE877ACCF3011354
:1024000041EA80210B43C6ED007A07EE903AF8EEE0
:10241000E77A9DF8143077EEE67A920067EE877AD5
:1024200042EA8323CCF3810C4CEA030CC5ED007A1D
:1024300007EE90CAF8EEE77A77EEE67A27EE677A4B
:1024400084ED007A06B0BDE8F08100BF00000048CE
:1024500000008038000000002DE9F0471D460368A9
:102460003F495B6890B09FED3C7B16463D4A069124
:1024700000210791089109910A9193424FF00001C0
:102480008DED0C7B04468DF838100FD1037983B1A4
:102490000027F9F763FC00F59F6504462846F9F725
:1024A000A7FC002842D110B0BDE8F087984700286B
:1024B000EED04FF0000840464FF001098DF817802C
:1024C0004FF0030AFCF7A4FB0DF117030193CDF8BD
:1024D00008900823CDF80090CDF80CA0602241466A
:1024E000FCF7F6FB9DF8173013EA0907D0D043F04C
:1024F000030340468DF81730FCF78AFB0DF11703F4
:10250000CDE90139414608236022CDF80CA0CDF871
:102510000090FCF771FC204609AB08AA07A90C96AD
:102520000D95FFF731FF8DF83890B2E704F5AC63F5
:10253000089A9A60DDE90C89099ADA6007990A9A83
:1025400059602846C3E906891A6184F8807510B07D
:10255000BDE8F047F9F756BC00000000000000009D
:1025600078540508352201082DE9F04790B004465B
:1025700005F01AFB00233D4A0692079300220893B8
:1025800009930A930023CDE90C232368384A5B683A
:10259000002593428DF8385006460D460FD1237919
:1025A0008BB10027F9F7DAFB00F59F650446284652
:1025B000F9F71EFC002843D110B0BDE8F087204693
:1025C00098470028EDD04FF0000840464FF0010931
:1025D0008DF817804FF0030AFCF71AFB0DF1170373
:1025E0000193CDF808900823CDF80090CDF80CA009
:1025F00060224146FCF76CFB9DF8173013EA09078F
:10260000CFD043F0030340468DF81730FCF700FBB2
:102610000DF11703CDE90139414608236022CDF8B9
:102620000CA0CDF80090FCF7E7FB204609AB08AA08
:1026300007A90C960D95FFF7A7FE8DF83890B1E726
:1026400004F5AC63089A9A60DDE90C89099ADA60AE
:1026500007990A9A59602846C3E906891A6184F8DD
:10266000807510B0BDE8F047F9F7CCBB7854050889
:1026700035220108F0B5002787B00223384601242F
:102680008DF8173003258DF815708DF81670FCF74E
:10269000BFFA0DF1170360223946CDE90043CDE9B9
:1026A00002450923FCF7A8FB204618F075FB0DF145
:1026B00015063846FCF7ACFA08236022CDE902453E
:1026C000CDE900463946FCF703FB9DF815309A0723
:1026D0000FD40020FCF79CFA0823CDE90245CDE990
:1026E000004660220021FCF7F3FA9DF815309B07A5
:1026F000EFD50020FCF78CFA01230DF1160203211F
:10270000CDE90231CDE90032002107236022FCF738
:10271000DFFA9DF816309FED067A9FED060A07EE68
:10272000903AF8EE677AA7EE870A07B0F0BD00BFCF
:10273000CDCC4C3F000096C200B587B0802300206E
:102740008DF81730FCF764FA01230DF1170203210D
:10275000CDE90231CDE9003200210A236022FCF7E5
:102760004BFB0B2007B05DF804EB18F015BB00BF66
:1027700000B587B0102300208DF81730FCF748FA19
:1027800001230DF117020321CDE90231CDE9003219
:10279000002109236022FCF72FFB07B05DF804FB42
:1027A00000B587B0082300208DF81730FCF730FA09
:1027B00001230DF117020321CDE90231CDE90032E9
:1027C000002109236022FCF717FB07B05DF804FB2A
:1027D00000B587B041F0080100208DF81710FCF714
:1027E00017FA01230DF117020321CDE90231CDE9DA
:1027F000003200210B236022FCF7FEFA07B05DF8DF
:1028000004FB00BF00B587B000208DF81710FCF75F
:10281000FFF901230DF117020321CDE90231CDE9C2
:10282000003200210A236022FCF7E6FA07B05DF8C7
:1028300004FB00BF00B587B0202300208DF81730BF
:10284000FCF7E6F901230DF117020321CDE902316E
:10285000CDE90032002109236022FCF7CDFA07B050
:102860005DF804FB10B5002486B020468DF81740B3
:10287000FCF7CEF901230DF117020321CDE9023156
:10288000CDE90032214608236022FCF721FA9DF8A9
:10289000170006B010BD00BF10B586B000200C4672
:1028A0008DF81720FCF7B4F901230DF1170203216D
:1028B000CDE90231CDE90032002123466022FCF748
:1028C0009BFA06B010BD00BF70B5002084B00D4665
:1028D00014461E46FCF79CF903230393012300933F
:1028E000CDE90156234660220021FCF7F1F904B03E
:1028F00070BD00BF0079704770B5064686B00020F5
:10290000FCF786F9022501240DF11703CDE90043F8
:10291000CDE902450F233C222946FCF7D9F918B12D
:102920009DF817303D2B01D006B070BD0020FCF79C
:102930006FF9164BCDE90245CDE900433C22202337
:102940002946FCF759FA0028EED00020FCF760F980
:102950000F4BCDE90245CDE900433C222223294615
:10296000FCF74AFA0028DFD00020FCF751F9094BA8
:10297000CDE90245CDE90043294623233C22FCF75B
:102980003BFA0028D0D03471CEE700BF3677050877
:10299000357705083477050808B90348704708B546
:1029A00002481221F9F732FA3400002048CD040819
:1029B00010B5002084B00C46FCF72AF9012302214F
:1029C000CDE90231CDE900343C220F23FCF780F938
:1029D00004B010BDF0B587B000200E4615461C4669
:1029E00004AF0490ADF81400FCF712F9012306229D
:1029F0000221CDE902210093019728233C22FCF714
:102A000067F908B3BDF91030BDF912C0DFED0F6AE8
:102A100007EE103ACCF1000307EE903AF8EEE77AB1
:102A2000BDF9143067EEA67AB8EEC77AC6ED007A23
:102A300007EE903AF8EEE77A27EE267A67EEA67A66
:102A400085ED007AC4ED007A07B0F0BD7A411939FE
:102A50002DE9F0412DED048B4FF0000C88B00021E2
:102A60000446604616461D460591069107918DF86D
:102A700010C0FCF7CDF801230221CDE9023100930B
:102A800004AB01933C222723FCF722F9F8B19DF80F
:102A900010301B071BD52368344A5B68934261D111
:102AA000207988BB9FED328A4FF00008F0EE488A0B
:102AB000B0EE489AF0EE489A46464546F9F74EF988
:102AC00000F5C36704463846F9F792F920B908B013
:102AD000BDEC048BBDE8F08104F5D0633846C4F842
:102AE0009866C4F89C56C3ED019A83ED029AC3ED33
:102AF000038A83ED048A84F8A08608B0BDEC048BB9
:102B0000BDE8F041F9F77EB907AB204606AA05A952
:102B1000FFF760FF0028C5D00020ADF810000124A9
:102B2000FCF776F804AB02210193CDE90211009481
:102B30002E233C22FCF7CCF80028B3D0BDF910308E
:102B4000DDED059A9DED069ADDED078A07EE903AD8
:102B5000F8EEE77AB4EE007AB3EE098AA7EE878A38
:102B6000A046ABE7204698479BE700BFF528010841
:102B70000000000010B5044605F016F802460B46AA
:102B80002046BDE81040FFF763BF00BF10B586B018
:102B900000200C46ADF81400FCF73AF8012305AA12
:102BA0000221CDE90032CDE902112E233C22FCF7AF
:102BB0008FF868B1BDF9143007EE103AB8EEC77A55
:102BC000F4EE006AF3EE097AE7EE267AC4ED007AB5
:102BD00006B010BD00B587B000208DF81700FCF7D7
:102BE00017F801230DF117020221CDE90032CDE9DA
:102BF00002313C222723FCF76BF818B19DF817002F
:102C0000C0F3C00007B05DF804FB00BF70B5002042
:102C100084B00C4615461E46FBF7FAFF022101233D
:102C2000CDE90035CDE9026123463C22FCF750F89E
:102C300004B070BD70B5002084B00C4615461E4629
:102C4000FBF7E6FF02210123CDE90035CDE9026162
:102C500023463C22FCF7D0F804B070BD90F8500039
:102C6000704700BF08B90348704708B502481221F1
:102C7000F9F7CCF83C00002048CD040830B5A5B0E9
:102C800004AD7F220C462846002138F082FA00204D
:102C9000FBF7BEFF032302220121CDE90232CDE979
:102CA000001500232A22FCF713F810B19DF812300A
:102CB000237025B030BD00BF70B54D8D4A8BDFED60
:102CC0006D6A8C8DDFED6C3ACB8B8E8BB1F826E084
:102CD000B1F828C0DFED695A9FED695A9FED696A26
:102CE00045F3072507EE905A91F92A50F8EEE77A56
:102CF000B1EE044AC7EEA62A07EE905A55B207EE87
:102D0000105AF8EEE77AB8EEC77A42F3072287EE58
:102D1000A62A0D8C07EE902A62B244F30724C7EE70
:102D2000041A04EE102A07EE104AB1F930204C8C38
:102D3000C0ED081AB8EEC44AB8EEC77AF8EEE77AE2
:102D400084EE263A87EE264A07EE102A8A8C91F9FD
:102D5000241080ED102A67EEA37A42F30722B8EE22
:102D6000C77AC0ED097AF3EE074A07EE902AF0EE33
:102D7000646AE7EE236A1A0102F47F6207EE101A12
:102D8000F8EEE77AB8EEC77A67EEA57A06F47041F6
:102D900046F30B0627EE057AC0ED0D7A0A4307EEDF
:102DA000906A42F30B1280ED0A7A03F47063B8EE76
:102DB000E77A07EE902AEAB2134345F3072280ED43
:102DC000017A07EE102AF8EEE77A43F30B03B8EE28
:102DD000C77AC0ED027A07EE903A27EE067AF8EE4F
:102DE000E77A63B280ED047A07EE103A44F30723E2
:102DF000C0ED037A07EE903AB8EEC77AF8EEE77ABC
:102E00004FFA8EF327EE067A67EE867A06EE103AD0
:102E10004FFA8CF3C0ED076A06EE903A4EF30723A3
:102E200080ED057A07EE103A4CF30723C0ED067AE1
:102E300007EE903AB8EEC66AF8EEE66AB8EEC77AE0
:102E4000F8EEE77A26EE056A66EE856A27EE257AC1
:102E500067EEA57AC0ED112A80ED133A80ED124A93
:102E600080ED0B6AC0ED0C6A80ED0E7AC0ED0F7A32
:102E700070BD00BF000048440000003B00008038E7
:102E80000000003D0000803B2DE9F04FB7B08346C5
:102E90004022002106A838F07CF94FF000080227F4
:102EA0000DF118090DF1170A012648F02003002042
:102EB0008DF81730FBF7ACFECDE90267CDE9006A6B
:102EC00050232A220121FBF797FFB8B1032416AD46
:102ED000012017F061FF7F220021284638F059F9C0
:102EE0000020FBF795FE0322CDE90227CDE900651E
:102EF00055232A220121FBF7EBFE20B900242046AE
:102F000037B0BDE8F08F9DF85A301F2B04F1FF3425
:102F1000F4D814F0FF04F1D0DB07D9D57F220021CB
:102F2000284638F036F90020FBF772FE0422CDE97E
:102F30000227CDE9006552232A220121FBF7C8FEB2
:102F40000028DBD0BDF85A3008F101085BBAB8F1AF
:102F5000200F29F8023BA8D10020FBF759FE0A4BAD
:102F60000397CDE90136009650232A220121FBF771
:102F700043FF04460028C1D0584606A9FFF79CFE2F
:102F8000204637B0BDE8F08F4B77050830B5A9B0C3
:102F900008AD7F220C462846002138F0FAF80020C0
:102FA000FBF736FE01210E230222CDE90232CDE9E4
:102FB000001531232A22FBF78BFE844600285FD0C0
:102FC000DDF82610DDF82A20DDF822009FED2E4ADC
:102FD000DFED2E5A9FED2E5ADFED2E4A05AB07C3CB
:102FE0009DF818209DF817109DF81B30120442EA36
:102FF00001229DF8191042EA01629DF81A101B0483
:1030000043EA012312129DF81C1007EE102A9DF8C6
:103010001E2043EA01639DF81D10120442EA0122BA
:103020001B129DF81F1007EE903A9DF8153042EAEA
:1030300001629DF814101B0443EA01239DF8161049
:10304000121206EE902A43EA01631B12B8EEE66AFA
:1030500006EE903AE6EE045AB8EEC77AF8EEE77A52
:10306000F8EEE66A27EE057A66EE856A67EEA47AE0
:10307000C4ED006A84ED017AC4ED027AC4ED035A0E
:10308000604629B030BD00BF5B9E803A85EBCBC166
:1030900047ABE73BF61BEB3B30B585B000230D4655
:1030A0006946CDE90033CDE902330446FFF76EFFF0
:1030B000002800F08C80D4ED096A94ED084A9DED5B
:1030C000036A94ED077A94ED0E5AD4ED053AD4EDE7
:1030D000045AD4ED024A9DED013AD4ED0B2A94ED49
:1030E000102AF7EE007A76EEA76A73EEA73AA6EEFC
:1030F000864AB0EE676A34EE477AD4ED0D6AA7EEE1
:10310000056AB0EE675AA6EE875AC7EE866A87EE62
:10311000856AE3EE834A94ED015ADDED003A94EDC1
:10312000123A75EEA75AE7EE224AA5EEA35AD4ED5D
:103130000A5AD4ED133AD4ED112AA7EE255AF0EE2F
:10314000435AE2EE635A66EEA46AD2EE833A26EE62
:10315000056A65EEE65AD4ED0F4AB0EE673AA2EE84
:10316000623AE6EE235AB0EE675AA7EE245AF0EE22
:10317000461AE6EEC21AE6EE626A85EE836AC7EE8A
:10318000853A94ED065AC6EE835AC1EE834AD4EDD1
:10319000036A94ED0C3A85ED034A75EE277A9DEDAE
:1031A000025AE7EE856AF0EE467AE7EE036A9FED93
:1031B000095AE3EEA67A25EE857A64EE856A67EE13
:1031C000857AC5ED006A85ED017AC5ED027A05B014
:1031D00030BD00BF0AD7233CD1ED086A90ED036AE9
:1031E000D1ED071A91ED067AD1ED0D4A91ED045A11
:1031F00090ED014AD0ED003A91ED123AD1ED092A55
:10320000F7EE007A76EEA76AF0EE675AE6EE861AD7
:1032100088B091ED0C6AD1ED036A31EEC77A35EED4
:10322000275AE7EE245AF0EE674AE6EE074A87EEA1
:10323000A56AC7EEA45AD1ED014AE5EE044A91ED24
:103240000A4A91ED005A76EEA76AE7EE044AA6EE26
:10325000A35A91ED104AD1ED0F3AD1ED116A26EE45
:10326000246AF0EE434AA7EE225AD4EE264AE3EE51
:10327000C36A65EE855AD1ED0E2A66EE666AB0EE37
:10328000675AB0EE673AA3EEC45AE4EEA56AA7EE19
:10329000223AF0EE654A86EE851AE3EEC64AA4EEBF
:1032A000656AC7EE835AD1ED056A84EE850AC6EEDB
:1032B000050A76EEA76A90ED025AD1ED027A91EDF9
:1032C0000B6AE6EE857ADFED076AE7EE067A20EE16
:1032D000260AA5EEA71A60EEA60A21EE261A08B065
:1032E000704700BF0AD7233C2DE9F04101682DED5E
:1032F000048B49681D46394B9942A8B004461646CE
:1033000069D190F85000C8B99FED358A0027F0EEDA
:10331000488AB0EE489AF0EE489A3E463D46F8F7A5
:103320001DFD00F5B16804464046F8F761FD002830
:1033300039D128B0BDEC048BBDE8F0810DF1200837
:103340007F220021404637F024FF0020FBF760FC7D
:10335000012703230222CDE90232CDF80480009731
:1033600030232A223946FBF7B3FC0028CCD09DF845
:1033700022305B07C8D5002341462046CDE90833FB
:10338000CDE90A33FFF702FE0028BDD0211D4046DB
:10339000FFF722FFF0EE409AB0EE618AB1EE609A3C
:1033A000F1EE418ABBE704F5BE634046C4F8086607
:1033B000C4F80C56C3ED019A83ED029AC3ED038A5B
:1033C00083ED048A84F8107628B0BDEC048BBDE848
:1033D000F041F8F717BD884795E700BF5D2C01085D
:1033E00000000000F0B5A7B0002506AF7F222946F7
:1033F00038468DF8175037F0CCFE2846FBF708FC0E
:10340000012403230226CDE90236CDE900472E230D
:103410002A222146FBF75CFC98B19DF81A30284619
:1034200063F077038DF81730FBF7F2FB0DF117010E
:10343000CDE90041CDE902462E232A222146FBF7A1
:10344000DBFC27B0F0BD00BFF0B5A7B0002506AF8C
:103450007F22294638468DF8175037F09AFE2846C5
:10346000FBF7D6FB012403230226CDE90236CDE982
:10347000004704232A222146FBF72AFC98B19DF835
:103480001A30284643F037038DF81730FBF7C0FB9E
:103490000DF11701CDE90041CDE9024604232A22AE
:1034A0002146FBF7A9FC27B0F0BD00BF00B5002006
:1034B00085B0FBF7ADFB074B01210222CDE90212DB
:1034C000CDE900132A220523FBF796FC05B05DF831
:1034D00004FB00BF4A77050870B5A4B004AD7F2295
:1034E0000021284637F055FE0020FBF791FB012410
:1034F00003230226CDE90236CDE9004506232A2220
:103500002146FBF7E5FB18B90024204624B070BD26
:103510009DF81230082BF7D8013B012B14D900205D
:10352000FBF776FB124B01210222CDE90212CDE915
:1035300000132A220623FBF75FFC04460028E3D091
:10354000262017F029FCE0E70020FBF761FB094A81
:10355000CDE90246CDE9004206232A222146FBF7A7
:103560004BFC0028D0D0062017F016FCD7E700BF90
:1035700048770508497705082DE9F041A6B07F2274
:103580000021054606A837F004FE0020FBF740FBAB
:10359000012406AB032702260193CDE902760094AD
:1035A00000232A222146FBF793FB10B926B0BDE881
:1035B000F0819DF81A30332BF8D12846FFF764FCD0
:1035C0000028F3D04FF000087F22414606A88DF86E
:1035D000178037F0DEFD4046FBF71AFB06ABCDE95E
:1035E0000043CDE902762E232A222146FBF770FB09
:1035F0000028DBD09DF81A30404663F077038DF841
:103600001730FBF705FB0DF117030193CDE90246D7
:1036100000942E232A222146FBF7EEFB0028C5D07A
:103620007F22414606A88DF8178037F0B2FD40464C
:10363000FBF7EEFA06AB019302970396009404237E
:103640002A222146FBF744FB0028AFD09DF81A3010
:10365000404643F037038DF81730FBF7D9FA0DF1E8
:1036600017030193CDE90246009404232A22214640
:10367000FBF7C2FB002899D04046FBF7C9FA0A4B7A
:10368000CDE90246CDE900432A2205232146FBF776
:10369000B3FB00288AD02846FFF71EFF002885D0FC
:1036A00085F8504082E700BF4A770508F0B51C4610
:1036B000A5B017460D467F22002104A8A61C37F0AE
:1036C00068FD7F2E03D90025284625B0F0BD0020D7
:1036D000FBF79EFAB6B204AB0121022201930392DA
:1036E0002B46029600912A22FBF7F2FA05460028A3
:1036F000E9D0002CE8D022460DF11201384637F00F
:10370000DDFE284625B0F0BD70B5002084B00C4623
:1037100015461E46FBF77CFA012102230393CDE9EF
:103720000156009123462A22FBF766FB04B070BDC8
:10373000704700BF0120704708B90448704708B5BA
:10374000034A044B04481921F6F7A0FC900000201E
:103750001CD9040894CB04086CD90408F8B5A0F16E
:103760000A03022B46D8264F3B68BFF35B8FDB076B
:1037700005460C4626D5234E3368012B34D803EB7F
:10378000830304EBC3035A69022A07D0032A29D111
:103790009A69022A26D1DB699D4223D07368012BE6
:1037A00022D803EB830304EBC3014B69022B17D030
:1037B000032B17D18B69022B14D1C869401B18BF8A
:1037C0000120F8BD384634F015FB0E4E0028D3D04A
:1037D000002201233846C6E9002334F01AFBCBE768
:1037E0000120F8BD0020F8BD074B084A08486A21AF
:1037F000F6F74CFC074B084A08484E21F6F746FC02
:103800003CF1002040F10020C4DA0408D8DA0408B2
:10381000E0DB040800DA040848DA04086CD904087C
:103820009FED117B10B4002380ED067B4360836025
:10383000C36003610E4C0460002380F8203091F8CF
:1038400020306BB191ED067B4C688B6883604460DF
:103850000B69CC68C46080ED067B036180F8202092
:103860005DF8044B704700BF00000000000000003E
:10387000B854050800000000F8B59FED297B2A4CDC
:1038800004604FF0000C91F82040C0F804C0C0F86C
:1038900008C0C0F80CC0C0F810C04FF0000C80ED9C
:1038A000067B80F820C014B391F84840FCB1022494
:1038B00080F820400E690C6844608C6A8460D1E90D
:1038C000025416B18F6BBE4212D0184BC360036115
:1038D000D1E90C316A085B0842EAC47243EAC17359
:1038E0009B184FEA540444EB5104C0E90634F8BD78
:1038F0000B2EC0E9065408D00C2E08D00A2E08D191
:10390000D16813690361C160F8BD1A46F8E7069AE9
:10391000F6E707489521F8F779FA00BFAFF3008082
:103920000000000000000000B8540508910A863F1E
:1039300088DC04082DE9F04FD3B0482200210CA800
:1039400037F027FC502200211EA837F022FCF8F7A0
:1039500005FA0446F8F702FA0646F8F7FFF904F507
:10396000805581468022002132A8103537F011FCA5
:103970002846F8F73DFA68B9F8F7F0F900F58E55E2
:1039800004462846F8F734FA002840F0F18053B096
:10399000BDE8F08F06F585573846F8F729FA002874
:1039A00000F09C8009F5895808F110084046F8F7A6
:1039B0001FFA002840F0F4802846F8F723FA38462A
:1039C000F8F720FA9DF84031002BD5D09DF83861EA
:1039D0009EB1479B0693489B07930A200123CDE99C
:1039E0000403DDE94C23CDE9022302AC0FCC0CAD7E
:1039F0000FC594E8030085E803009DF810719FB19E
:103A00003D9B06933E9B07930B210123CDE90413B5
:103A1000DDE94223CDE9022302AC0FCC12AD0FC584
:103A200094E8030085E803009DF8E880B8F1000FF2
:103A300013D0339B0693349B07930C220123CDE9CB
:103A40000423DDE93823CDE9022302AC0FCC18AD05
:103A50000FC594E8030085E803000CA91EA806F032
:103A600035FB002E3ED1002F68D1B8F1000F06D0F3
:103A70001EA90C20FFF772FE002840F0E980F8F73D
:103A80006DF932AB0446009302A83CAB46AA1EA9CE
:103A900004F58E55FFF7F0FE2846F8F7A9F900283F
:103AA0003FF475AF04F58054039A049BC4F82C22AC
:103AB000C4F83032059A069BC4F83422C4F8383270
:103AC000DDE908239DF8281084F84812C4E9902302
:103AD0002846F8F797F953B0BDE8F08F2846F8F775
:103AE00091F96FE71EA90A20FFF738FE0028BAD027
:103AF000F8F734F900F58E5504462846DDE94CAB5D
:103B0000DDF81C91DDF82081499F4A9EF8F770F995
:103B100000283FF43CAF04F580540123C4E990AB86
:103B2000C4F82C92C4F83082C4F83472C4F83862F5
:103B300084F848322846F8F765F928E71EA90B20D3
:103B4000FFF70CFE002890D0F8F708F900F58E5525
:103B500004462846DDE942ABDDF8F490DDF8F88054
:103B60003F9F409EF8F744F900283FF410AFD2E79A
:103B700004F580540023002100220020C4E99001B4
:103B8000C4F82C32C4F83032C4F83432C4F83832B5
:103B900084F848222846F8F735F953B0BDE8F08F8D
:103BA00006F5805209F58053D2F80C113D91D2F8F8
:103BB00010113E91D2F814113F91D2F81811409192
:103BC00004F58054D3F89C113391D3F8A011D4F8A4
:103BD00080E0D4F884C0D4F87C90D4F88860349124
:103BE00094ED247B92ED486BD3F8A41135912846CF
:103BF00094F8985092F8284193F8B821D3F8A81176
:103C00008DF8E820D3E96C233691CDE938231A49A1
:103C1000329101238DED426B3C918DF8104146911C
:103C20008DF840318DED4C7BCDF820E1CDF824C1ED
:103C3000CDF81C914A968DF83851F8F7E3F83846DC
:103C4000F8F7E0F84046F8F7DDF89DF84031BBE6BC
:103C5000F8F784F800F58E5504462846DDE938ABC0
:103C6000DDF8CC90DDF8D080359F369EF8F7C0F8AF
:103C700000283FF48CAE4EE73854050890F8203009
:103C800053B100B587B000230393A1F10A03022BBF
:103C900003D907B05DF804FB704703EB430302EB65
:103CA000C30C4368049383680593D0E90623CDE9E8
:103CB0000023029101218DF80C10EE46BEE80F00A2
:103CC000ACE80F009EE803008CE8030007B05DF845
:103CD00004FB00BF704700BF0120704710B50023F0
:103CE00004460E48C4E9173304F10C02502302299C
:103CF000C4E90001C4E9192307D804F15C0015F0F8
:103D0000F7FCA06028B1204610BD05482921F8F72E
:103D10007DF803483021F8F779F800BF647705088B
:103D200094DC04080228F8B570D83C4E3568BFF31F
:103D30005B8F15F00105044633D0394E3568BFF36B
:103D40005B8F15F0010510D0364E3568BFF35B8FE1
:103D500015F001053FD0012C05D0334B3348022C20
:103D600018BF1846F8BD3248F8BD304634F042F866
:103D70000028E9D02E4F2F4B3B6001237B6007F1D9
:103D80000C037B6607F15C005023C7E91755BB663F
:103D900015F0AEFCB86000283CD0304634F039F85D
:103DA000D2E7304634F026F80028C6D01E4F214B0B
:103DB0003B6007F10C037B6607F15C005023C7E909
:103DC00017557D60BB6615F093FCB86010B33046A4
:103DD00034F01FF8B1E7304634F00CF80028BAD0C0
:103DE000124F144B3B6002237B6007F10C037B6690
:103DF00007F15C005023C7E91755BB6615F078FC46
:103E0000B86038B1304634F004F8A4E70A484121DC
:103E1000F7F7FCFF09483021F7F7F8FF28F20020F8
:103E2000B8F1002048F100202CF200204CF10020D5
:103E3000BCF100206477050848CD040894DC040830
:103E40004368012B70B50C4600F0DC80022B0ED0CD
:103E5000002B40F06482F7F781FF00F545660546C8
:103E60003046F7F7C5FF002840F0988170BDF7F79E
:103E700075FF00F56D6605463046F7F7B9FF002877
:103E8000F4D005F5756322691A6062695A6005F518
:103E90007662216A116005F66472616A116005F646
:103EA0006872A16A116005F66C72E16A116005F52D
:103EB0007762216B116005F67472616B116005F613
:103EC0007872A16B116005F67C72E16B116005F5EB
:103ED0007862216C116005F68472616C116005F6E0
:103EE0008872A16C116005F68C72E16C116005F5A9
:103EF0007962216D116005F69472616D116005F6AD
:103F00009872A16D116005F69C72E16D116005F566
:103F10007A62216E116005F6A472616E116005F679
:103F2000A872A16E116005F57B62616F3046266F45
:103F30001660516005F6B872A16F116005F6BC728B
:103F4000E16F116005F57C62D4F88010116005F610
:103F5000C472D4F88410116005F6C872D4F88810C1
:103F6000116005F6CC72D4F88C10116005F57D62F5
:103F7000D4F89010116005F6D472D4F89410116042
:103F800005F6D872D4F89810116005F6DC72D4F8F2
:103F90009C10116005F57E62D4F8A010116005F642
:103FA000E472D4F8A410116005F6E872D4F8A810F1
:103FB000116005F6EC72D4F8AC10116005F57F6263
:103FC000D4F8B010116005F6F472D4F8B410116092
:103FD00005F6F872D4F8B810116094ED307B05F551
:103FE000805205F6FC75D4F8BC10296083ED2C7B5B
:103FF000D4F8C81094F8CC301373BDE870409160C9
:10400000F7F700BFF7F7AAFE00F5596605463046F8
:10401000F7F7EEFE00283FF429AF05F5616322694A
:104020001A6062695A6005F56262216A116005F6DC
:104030002462616A116005F62862A16A116005F6C2
:104040002C62E16A116005F56362216B116005F66F
:104050003462616B116005F63862A16B116005F680
:104060003C62E16B116005F56462216C116005F63C
:104070004462616C116005F64862A16C116005F63E
:104080004C62E16C116005F56562216D116005F609
:104090005462616D116005F65862A16D116005F6FC
:1040A0005C62E16D116005F56662216E116005F6D6
:1040B0006462616E116005F66862A16E116005F5BB
:1040C0006762616F3046266F1660516005F6786250
:1040D000A16F116005F67C62E16F116005F5686201
:1040E000D4F88010116005F68462D4F88410116051
:1040F00005F68862D4F88810116005F68C62D4F851
:104100008C10116005F56962D4F89010116005F605
:104110009462D4F89410116005F69862D4F898105F
:10412000116005F69C62D4F89C10116005F56A6276
:10413000D4F8A010116005F6A462D4F8A4101160A0
:1041400005F6A862D4F8A810116005F6AC62D4F8A0
:10415000AC10116005F56B62D4F8B010116005F673
:10416000B462D4F8B410116005F6B862D4F8B8108F
:10417000116094ED307BD4F8BC60D4F8C81094F88A
:10418000CC2005F6BC64266083ED2C7BC5F8C81EE8
:1041900085F8CC2EBDE87040F7F734BE05F54D63C9
:1041A00022691A6062695A6005F54E62216A1160DF
:1041B00005F6E442616A116005F6E842A16A116001
:1041C00005F6EC42E16A116005F54F62216B116062
:1041D00005F6F442616B116005F6F842A16B1160BF
:1041E00005F6FC42E16B116005F55062216C11602F
:1041F00005F60452616C116005F60852A16C11605D
:1042000005F60C52E16C116005F55162216D1160EB
:1042100005F61452616D116005F61852A16D11601A
:1042200005F61C52E16D116005F55262216E1160B8
:1042300005F62452616E116005F62852A16E1160D8
:1042400005F55362616F3046266F1660516005F6C2
:104250003852A16F116005F63C52E16F116005F50F
:104260005462D4F88010116005F64452D4F88410DA
:10427000116005F64852D4F88810116005F64C52CA
:10428000D4F88C10116005F55562D4F890101160C7
:1042900005F65452D4F89410116005F65852D4F82B
:1042A0009810116005F65C52D4F89C10116005F569
:1042B0005662D4F8A010116005F66452D4F8A41028
:1042C000116005F66852D4F8A810116005F66C521A
:1042D000D4F8AC10116005F55762D4F8B010116035
:1042E00005F67452D4F8B410116005F67852D4F87B
:1042F000B810116094ED307BD4F8BC60D4F8C810CD
:1043000094F8CC2005F67C54266083ED2C7BC5F810
:10431000881D85F88C2DBDE87040F7F773BD024805
:10432000E121F7F773FD00BFA4DC04082DE9F04F8D
:104330000746F7B00DF14F0020F00F060121B868D5
:1043400015461C4615F024FA002800F0F280284695
:1043500021467A6806F036F9B868012115F018FA96
:10436000002800F0ED8006F1200500242846346185
:104370007461F7F74DFE4FF07E533046B364F3643B
:1043800033657365B365F36500220023346374639A
:10439000B463F4633464746434667466B466346716
:1043A0007467B467F467C6F88040C6F88440C6F8FE
:1043B0008840C6F88C40C6F89040C6F89440C6F8CD
:1043C0009840C6F89C40C6F8A040C6F8A440C6F87D
:1043D000A840C6F8AC40C6F8B040C6F8B440C6E93C
:1043E00030235B4A40F8D02B00237968C6F8B840E8
:1043F000C6F8BC40C6F8C83086F8CC3006F066F97E
:10440000D6F8D0203261D6F8D420726106F1480186
:1044100006F584720292019106F58A7006F5907194
:1044200006F1A802039005910C9206F5B47106F509
:10443000BA7006F1B40206F1E0030D910F900E92EE
:104440000FCB06F1600CCDF810C006F59C7CCDF8C2
:104450001CC006F1F00B06F1780C85E80F00CDF8D2
:1044600018C09BE8070006F5A27CCDF824C006F131
:10447000840CCDF820C006F5A87CCDF82CC006F140
:10448000300A06F1900C06F1FC09CDF828C08AE844
:10449000070099E8070006F13C0888E80700029A3F
:1044A000019B07CA83E807000398D6F8303107C894
:1044B00006F1540484E807000599D6F834217267A0
:1044C00007C9049C84E8070033670798069B07C860
:1044D00083E807000999089B07C983E807000B9840
:1044E0000A9B07C806F5AE7E83E807009EE8070032
:1044F000D6F88831C6F8C83006F19C0C8CE8070065
:1045000096F88C310D9986F8CC3007C90C9B83E85E
:1045100007000F980E9B07C883E80700D6E96023C1
:1045200031463846C6E93023FFF78AFC77B0BDE84C
:10453000F08F786806F006F8B86815F04DF906E7D0
:10454000786806F083F8B86815F046F90BE700BF05
:10455000985405082DE9F84F4368012B2DED068B83
:104560000C4617464BD0022B37D0002B40F0A780CB
:10457000F7F7F4FB0646F7F73BFC054630B396ED3C
:1045800022AB3046D6ED1B9A96ED1C9AD6ED1D8ACD
:1045900096ED1E8AD6F87CB0D6F880A0D6F8849026
:1045A000B6F89080F7F72EFC84ED08ABC4ED019AC5
:1045B00084ED029AC4ED038A84ED048AC4F814B031
:1045C000C4F818A0C4F81C90A4F82880BDEC068B91
:1045D000012328463B60BDE8F88FF7F7BFFB00F5E5
:1045E000987806464046F7F703FC054600283ED17A
:1045F000BDEC068B0E2328463B60BDE8F88FF7F72D
:10460000ADFB00F1980806464046F7F7F1FB05467A
:1046100030B396ED48AB4046D6ED419A96ED429ABE
:10462000D6ED438A96ED448AD6F814B1D6F818A18F
:10463000D6F81C91B6F82881F7F7E4FB84ED08ABB7
:10464000C4ED019A84ED029AC4ED038A84ED048AD4
:10465000C4F814B0C4F818A0C4F81C90A4F82880BA
:10466000BDEC068B0D2328463B60BDE8F88F96ED28
:104670006EABD6ED679A96ED689AD6ED698A96ED9F
:104680006A8AD6F8ACB1D6F8B0A1D6F8B491404653
:10469000B6F8C081F7F7B6FB84ED08ABC4ED019A1C
:1046A00084ED029AC4ED038A84ED048AC4F814B040
:1046B000C4F818A0C4F81C90A4F8288098E7024811
:1046C0004FF48771F7F7A2FBB8DC040810B598B077
:1046D00004462C2200210DA836F05BFD164B0C93EE
:1046E00001AA0CA92046FFF735FF10B19DF85830FC
:1046F0000BB918B010BD019B04939DED147B0E9B6C
:104700000D9A0F980793109B06920121119A089019
:104710000993A068129B0A928DED027B0B93059181
:1047200015F036F80028E4D102A8616805F086FE8D
:10473000A06815F051F8DCE72854050810B50228E8
:1047400098B035D8FFF7EEFA2C22044600210DA8C8
:1047500036F01FFD184B0C9301AA0CA92046FFF759
:10476000F9FE10B19DF858300BB918B010BDDDE955
:10477000142301980490CDE9022301210D9B0E9A88
:104780001098059106930F9B07920893119A129B1C
:104790000990A0680A920B9314F0FAFF0028E4D164
:1047A00002A8616805F04AFEA06815F015F8DCE77C
:1047B00002488121F7F72AFB28540508C8DC0408C1
:1047C0002DE9F84F4368012B0C46164635D0022BD5
:1047D00024D0002B6BD1F7F7C1FA00F6B8280746B2
:1047E0004046F7F705FB054698B107F53263D3E974
:1047F00004AB404697F8387BD3F80490D3F8088090
:10480000F7F700FBC4E904ABC4F80490C4F80880CF
:1048100027760F2333602846BDE8F88FF7F79EFA16
:1048200000F6C83807464046F7F7E2FA054648BBA7
:10483000102333602846BDE8F88FF7F78FFA00F5AC
:10484000346807464046F7F7D3FA0546A8B107F59E
:104850003B62D2E902AB07F6A833404697F8C07B2B
:10486000D3F80490D3F80880F7F7CCFAC4E904AB86
:10487000C4F80490C4F808802776022333602846E1
:10488000BDE8F88F07F54363D3E904AB97F8487C9C
:10489000D3F804904046D3F80880F7F7B3FAC4E998
:1048A00004ABC4F80490C4F808802776C0E7024837
:1048B0004FF49471F7F7AAFAE4DC04080000000052
:1048C00030B59FED197B91B0194A0892002300245E
:1048D00001AA08A98DED0C7B054609930A938DF872
:1048E0003840FFF76DFF10B19DF838300BB911B0AB
:1048F00030BDDDE90C230998CDF81540CDE9022340
:104900000121019B0690A868079404938DF8141068
:1049100014F03EFF0028EAD102A8696805F0D0FD36
:10492000A86814F059FFE2E7000000000000000052
:1049300068540508704700BF0120704708B9034854
:10494000704708B502481B21F7F760FA9400002071
:1049500048CD0408000000002DE9F04F2DED048B38
:10496000B9B0482200210CA836F013FCF7F7F6F98D
:104970000446F7F7F3F90546F7F7F0F904F5587729
:104980006822064600211EA836F003FC3846F7F7D9
:104990002FFA28BBF7F7E2F900F6B82504462846B7
:1049A000F7F726FA002840F0D180F7F7D7F900F59D
:1049B000346504462846F7F71BFA002840F0818149
:1049C000F7F7CCF900F6C83504462846F7F710FA91
:1049D000002840F0628139B0BDEC048BBDE8F08F57
:1049E00005F57A784046F7F703FA002871D006F506
:1049F0008E694846F7F7FCF9002840F0B780384642
:104A0000F7F700FA4046F7F7FDF99DF8D830002B8C
:104A1000C0D09DF8D050002D40F0E3809DF8B060EC
:104A20000DF1080E002E40F0F8809DF89070002FD8
:104A300040F00D810CA9704606F062FC099B0193C1
:104A4000DDE90789002D40F01A814FF0000B9FED42
:104A5000BA9B08EE10BAF7F781F900F6B82A0446B7
:104A60005046F7F7C5F9002837D1002E44D100256C
:104A70009FEDB19B08EE105AF7F770F900F5346B13
:104A800004465846F7F7B4F900283FD1002F4DD11E
:104A900000264FF0000A4FF0000BB046F7F75EF922
:104AA00000F6C83504462846F7F7A2F9002892D048
:104AB00004F54363C3E904ABC3F804809E60284651
:104AC00084F8487CF7F79EF939B0BDEC048BBDE85B
:104AD000F08F3846F7F796F997E704F5326383EDE0
:104AE000049B83ED018AC3F808B0504684F8385B14
:104AF000F7F788F9002EBAD0B8F1020F00F007815D
:104B0000B8F1030F00F0FB800026B0E704F6A833ED
:104B100083ED018A9D6004F53B6383ED029B58465B
:104B200084F8C06BF7F76EF9002FB1D0B8F1020F1F
:104B300000F0FB80B8F1030F00F0EF8000260027A3
:104B4000B0464FF0000A4FF0000BA7E704F53263C0
:104B5000002200200021C3E904015A609A6000236A
:104B600084F8383B2846F7F74DF91EE795F8682496
:104B70008DF8B02006F59C6105F58A6306F59B6209
:104B800096F8F0548DF890503846D1E90267D4F881
:104B9000CC132F91D4F8D013309159682791CDE9D7
:104BA000226799682891D3E9046753681F93936833
:104BB000209394F8E0338DF8D030D4E9F623CDE992
:104BC000322301238DF8D830CDE92A67F7F71AF997
:104BD0004046F7F717F94846F7F714F99DF8D8302B
:104BE00015E701218DF81410DDE932010023CDE92C
:104BF0000201CDF8153007930F222F9B04920DF17F
:104C0000080E069376460FCE0CAC0FC433689DF8A1
:104C1000B0602360002E3FF408AF0023CDF81530BC
:104C2000079301238DF8143002230493DDE92A232E
:104C3000CDE90223279B069377460FCF12AC0FC412
:104C40003B689DF890702360002F3FF4F3AE002383
:104C5000CDF8153007931F9B069301238DF8143070
:104C600010230493DDE92223CDE90223F446BCE8B6
:104C70000F0018AC0FC4DCF800302360DAE6B8F19E
:104C8000020F35D0B8F1030F2DD04FF0000B9FED80
:104C90002A9B08EE10BA0025DDE604F543630022E6
:104CA00000210020C3E904015A609A60002384F8BF
:104CB000483C2846F7F7A6F839B0BDEC048BBDE8B0
:104CC000F08F04F6A83300225A609A6004F53B6125
:104CD00000220023C1E90223002384F8C03B2846B8
:104CE000F7F790F86CE6B9F1020FCED10F2BCCD0CC
:104CF0009DED329B9DED2F8ADDF8C0B0ABE6B9F19A
:104D0000020F7FF401AF019B022B3FF4FDAE9DED3E
:104D10002A9B9DED278A289DAEE6B9F1020F7FF40C
:104D20000DAF019B102B3FF409AFDDE922ABDDF89D
:104D30007C80209EB2E600BF000000000000000062
:104D400008B5831E0E2B0BD80C4A52F82330032BC8
:104D500006D04B69022B07D0032B07D0002008BDDB
:104D600007485B21F7F752F8012008BD8B69022B39
:104D7000F4D1CB69181A18BF012008BD6C7705085B
:104D8000FCDC0408037E03B9704730B587B090EDB2
:104D9000047B01230291023994468DF80C300022E5
:104DA0004368CDF80D200E298DED007B049313D8B8
:104DB0000D4B53F82130032B0ED0022B0ED86C462E
:104DC00003EB430E0FCC0CEBCE054CF83E002068F5
:104DD0006960AA60EB60286107B030BD034B044AEC
:104DE00004486021F5F752F96C770508C4DA040825
:104DF00018DD0408E0DB0408704700BF012070479D
:104E000010B58AB00023ADF80D308DF80F304B1E71
:104E10000D2B33D81D4C54F82330032B2ED0022BEE
:104E200090ED086BD0F810C0D0ED057A846990ED54
:104E3000017AD0F808E0C06822D803EB83038DED37
:104E4000006BCDF81CC002EBC30C0123CDF814E0BD
:104E50000291EE468DF80C300690BEE80F008DED05
:104E6000047AACE80F00BEE80F00ACE80F00CDED0F
:104E7000087A09949EE803008CE803000AB010BD8C
:104E8000034B044A04486021F5F700F9B877050898
:104E9000C4DA0408F8DD0408E0DB040808B90348B4
:104EA000704708B502481F21F6F7B0FF98000020B0
:104EB00048CD04082DE9F04F2DED048BADF5037DB1
:104EC00078220021684636F064F9F422002145A8D2
:104ED00036F05FF9F6F742FF0446F6F73FFF054666
:104EE000F6F73CFF9822064600211EA836F051F93D
:104EF0002046F6F77DFF48B305F198073846F6F7E8
:104F000077FF002840D006F598784046F6F770FF06
:104F100000283DD12046F6F775FF3846F6F772FFB8
:104F20009DF8083193B19DF80031002B40F0B78017
:104F30009DF8D030002B40F0AC809DF8A030002BC5
:104F400040F0A180694646A80EF08AFEF6F706FFFB
:104F500000F6581504462846F6F74AFF28B90DF51D
:104F6000037DBDEC048BBDE8F08FF02246A904F66A
:104F7000C81036F0A3FA2846F6F744FF0DF5037D76
:104F8000BDEC048BBDE8F08F2046F6F73BFFC7E78A
:104F9000D6F89C311F93D6F8A031209395ED481B8D
:104FA00096ED6E0B94ED224BD6F8A43195ED432A85
:104FB000D5ED442A95ED453AD5ED463A95ED475A5B
:104FC000D4ED1B5A94ED1C6AD4ED1D6A94ED1E7A43
:104FD000D4ED1F7AD6ED6C8A96ED6D8A219396ED0D
:104FE0006B9AD6F8A831D4F880E0D4F884C0B4F82D
:104FF0009010D5F804B1D5F808A1B5F828912293FE
:1050000001222A4BB6F8C0511E9320468DED239AFB
:105010002A9336938DED260B8DED321B8DED3E4B95
:105020008DED2D2ACDED2E2A8DED2F3ACDED303A96
:105030008DED315ACDED375A8DED386ACDED396AA7
:105040008DED3A7ACDED3B7ACDF8F0E0CDF8F4C0B5
:10505000ADF800118DF80821CDED248A8DED258A5B
:10506000ADF8A050CDF8ACB0CDF8B0A0ADF8D09070
:10507000F6F7C8FE3846F6F7C5FE4046F6F7C2FE1C
:105080009DF808314EE76A460E211EA8FFF7B8FECC
:1050900058E76A460D212AA8FFF7B2FE4DE76A4697
:1050A000012136A8FFF7ACFE42E700BF28540508EF
:1050B00090F8283003B9704710B58AB00023ADF8D6
:1050C0000D308DF80F304B1E0D2B33D81D4C54F87E
:1050D0002330032B2ED0022B90ED086BD0F810C09C
:1050E000D0ED057A846990ED017AD0F808E0C068C7
:1050F00022D803EB83038DED006BCDF81CC002EBCF
:10510000C30C0123CDF814E00291EE468DF80C306B
:105110000690BEE80F008DED047AACE80F00BEE803
:105120000F00ACE80F00CDED087A09949EE803006B
:105130008CE803000AB010BD034B044A0448602108
:10514000F4F7A4FFB8770508C4DA0408F8DD04080A
:10515000E0DB0408704700BF0120704710B504462B
:1051600000230B48206004F108015022C4E91633E3
:10517000C4E9181204F1580014F0BAFA606008B1DA
:10518000204610BD034B044A04481B21F4F77EFF60
:1051900008780508D8DE0408E0DE040818DF0408F3
:1051A000F8B5184E3468BFF35B8F14F00104054660
:1051B00002D0D5B91448F8BD304632F01BFE0028A5
:1051C000F7D0114F114B3B6007F108033B6607F125
:1051D00058005023C7E916447B6614F089FA7860BA
:1051E00048B1304632F015FEE3E7094B094A0A4858
:1051F0002D21F4F74BFF094B094A07481B21F4F70F
:1052000045FF00BF98F200209CF2002008780508B6
:1052100094CB0408BCDF040818DF0408D8DE0408B7
:10522000E0DE04082DE970432DED028B0646F6F70B
:1052300095FD00F58E5504462846F6F7D9FD18B9B8
:10524000BDEC028BBDE8708304F58054D4E99089ED
:1052500094ED8B8AD4ED8C8A94F848422846F6F770
:10526000D1FD002CECD07068012114F091FA0028D7
:10527000E6D14046F0EE680AB0EE480A49460EF024
:1052800083FDBDEC028B7068BDE8704314F0A4BAD6
:105290002DE9F0472DED028B86B0054617461E46D8
:1052A000F6F75CFD00F6C80804464046F6F7A0FD98
:1052B000F0B96C4620460EF083FD9DF810508DB17C
:1052C000DDE90289009F0125F6F748FD00F6480652
:1052D00004463046F6F78CFD88BB06B0BDEC028B69
:1052E000BDE8F08700274FF000084FF00009EBE71A
:1052F00004F5136394F85049D3F804A0D3F8089048
:10530000404693ED068BD3F80C80F6F77BFD002C1E
:10531000CFD000236868CDF800A001218DED048B6B
:10532000CDF80490CDF80880039314F031FAA8B1B9
:105330006C462246384631460EF034FDBAE704F595
:105340000B633046C3E902895F6084F8C05806B039
:10535000BDEC028BBDE8F047F6F754BD0EF01CFD26
:10536000686814F039FAE3E700797047037903B10C
:10537000704730B591B04FF4E05101250446ADF8C7
:1053800008101B480095022302AAA02118F0CAF8B1
:1053900008B111B030BD34231548009303AAA021F1
:1053A00018F064FA0028F4D14FF0FF32302103A83E
:1053B00002F0E4FB0F9B9842EBD1049BE360069B59
:1053C0006361089B0399059AE3620A9BA1602261CD
:1053D0000799099A63620C9B2162A2610B990D9A4D
:1053E000E3610E9B2163A26263632571D1E700BF75
:1053F0000805002070B50F4E3468BFF35B8F14F0C2
:105400000104054602D075B90B4870BD304632F034
:10541000F1FC0028F7D0084B084A1A6030461C718E
:1054200032F0F7FCEFE7064B064A07480C21F4F789
:105430002DFE00BF04F3002008F3002018780508B3
:1054400094CB040818E0040874E004082DE9F04146
:1054500003792DED068BBBB99FED3D8A4FF0000817
:10546000F0EE488AB0EE489A00260027F6F776FC60
:1054700000F5F76504462846F6F7BAFC002852D135
:10548000BDEC068BBDE8F0810446F6F767FC00F53D
:105490009F6605463046F6F7ABFC0028DCD005F5E4
:1054A000AC6395F88055D3ED019A93ED02AA93ED84
:1054B000038A3046D3E90667F6F7A4FC002DCBD06B
:1054C000D4ED0D7A94ED0B9AD4ED0C8AD4ED086AE4
:1054D00094ED097A28EE099A68EE288A28EE278A40
:1054E000D4ED0A7AAAEE269A4FF00108EAEE078A6E
:1054F000AAEE278AD4ED056A94ED067AD4ED077AF0
:10550000A9EEA69AE9EE878AA9EEA78AD4ED026AE7
:1055100094ED037AD4ED047A39EE269A78EE878AF0
:1055200038EE278AA2E704F502630022C3E9066782
:1055300083ED019AC3ED028A83ED038A1A6184F830
:105540004088BDEC068B2846BDE8F041F6F75ABC12
:105550000000000040797047437903B1704730B5CF
:1055600089B049F2024101250446ADF80C101348F8
:105570000095022303AAA02117F0D4FF08B109B0B7
:1055800030BD10230D4800930DEB0302A02118F04D
:105590006DF90028F3D14FF0FF320C2104A802F07E
:1055A000EDFA079B9842EAD12379657108AA02EBCC
:1055B000830353F8103CA360E1E700BF0805002017
:1055C00070B5154E3568BFF35B8F15F001050446C5
:1055D00007D0022C1CD8114804EB440400EB8400D3
:1055E00070BD304632F006FC0028F2D00B4B0C495F
:1055F00019600022D96099619A6002215A611A6289
:10560000304601229D8099831A8232F002FCE0E745
:1056100004481921F6F7FAFB40F3002044F3002078
:105620002878050848CD040810B50022074C04600E
:105630004FF0000C0229017180F805C0826000D88B
:1056400010BD03482021F6F7E1FB00BF28780508CC
:1056500018E104080379012B70B50C462AD0022BFF
:105660000DD0002B53D1F6F779FB00F5E476054613
:105670003046F6F7BDFB002838D1002070BDF6F7A4
:105680006DFB00F5367605463046F6F7B1FB00288F
:10569000F3D0D5F84423D5F84833A3606260D5E948
:1056A000D423C4E9042395F8583323763046F6F71B
:1056B000A9FB19E0F6F752FB00F5147605463046D3
:1056C000F6F796FB0028D8D0D5F8BC22D5F8C03222
:1056D000A3606260D5E9B223C4E9042395F8D0320F
:1056E00023763046F6F78EFB012070BDD5F83422C4
:1056F000D5F83832A3606260D5E99023C4E9042369
:1057000095F8483223763046F6F77CFBECE7024802
:105710006421F6F77BFB00BFE4DC04082DE9F041CF
:105720002DED028B88B04A4B9FED4A8A0093437956
:105730008DED018A002604468DED028A04960596B9
:105740008DF81860002B58D19FED428A0027F0EEAB
:10575000488A3E463D462379012B30D0022B10D09B
:10576000002B71D1F6F7FAFA00F558780446404656
:10577000F6F73EFB002853D108B0BDEC028BBDE824
:10578000F081F6F7EBFA00F58E6804464046F6F72E
:105790002FFB0028F0D004F59B624046C2ED018A41
:1057A00082ED028AC4F8E864C4F8EC5484F8F0741A
:1057B00008B0BDEC028BBDE8F041F6F723BBF6F76D
:1057C000CDFA00F57A7804464046F6F711FB00283A
:1057D000D2D004F58A634046C4F86064C4F86454C7
:1057E000C3ED018A83ED028A84F8687408B0BDECC9
:1057F000028BBDE8F041F6F705BB6946FFF72AFFCB
:105800000028A1D09DF81870D7B1D4ED028ADDED43
:10581000017A9DED028ADDE9046578EEA78A9AE7B0
:105820004046C4E9F665C4EDF38A84EDF48A84F851
:10583000E07308B0BDEC028BBDE8F041F6F7E2BAC8
:105840003546F0EE488A86E703487921F6F7DEFA16
:10585000685405080000000030E104080379012BBA
:1058600070B50C462CD0022B0CD0002B56D1F6F77D
:1058700075FA00F5587605463046F6F7B9FA00286D
:105880003AD170BDF6F76AFA00F58E6605463046E5
:10589000F6F7AEFA0028F4D005F59B6362685A600B
:1058A00094ED047BA2689A6005F59C6383ED027B0E
:1058B000237E85F8F0343046BDE87040F6F7A2BA92
:1058C000F6F74CFA00F57A7605463046F6F790FA88
:1058D0000028D6D094ED047B05F58A6362685A608F
:1058E000A2689A6083ED047B237E85F86834304695
:1058F000BDE87040F6F786BA6268A368C5F8D03391
:10590000C5F8CC23D4E90423C5E9F623237E85F822
:10591000E0333046BDE87040F6F774BA01487921AB
:10592000F6F774FA30E104080228F8B52ED8194FBA
:105930003D68BFF35B8F15F00105044608D0164E95
:1059400004EB440406EB8400BDE8F840FFF7E6BE34
:10595000384632F04FFA104E0028F1D00F4A32602C
:1059600000233846F260B261B36073613362022291
:10597000012304EB4404B580B283338232F049FA48
:1059800006EB8400BDE8F840FFF7C8BE044880215C
:10599000F6F73CFA40F3002044F30020287805088D
:1059A00048E1040890F84400704700BF90F8443084
:1059B00003B17047F0B52DED048B97B00DF14F0199
:1059C0004FF440630126044621F00F05ADF81C306A
:1059D00031480096022307AAA02117F0A3FD18B1B1
:1059E00017B0BDEC048BF0BD10232B48009303AA25
:1059F000A02117F03BFF0028F2D103A84FF0FF329F
:105A00000C2102F0BBF8069B9842E9D19DED051AE6
:105A1000DDED040A9DED030A28460EF02BFB95E808
:105A20000F0004F1100787E80F003846F6F79AFCDC
:105A300090ED009A3846F6F79BFC90ED008A3846C8
:105A4000F6F79CFCD0ED008A3846F6F79DFCD0EDC9
:105A5000001AB1EE488AF1EE688AB0EE681AF0EEEC
:105A6000480AB0EE490AF1EE611A2846F6F7F0FA54
:105A7000294607A807AD0EF065FB0FCD04F1200CF9
:105A8000ACE80F000FCDACE80F002B68CCF800306D
:105A900084F84460A4E700BF0805002070B5144DE9
:105AA0002C68BFF35B8F14F0010401D0114870BD66
:105AB000284632F09FF90028F8D00E4E0E4B3046A3
:105AC00040F8103BF6F7A4FA00234FF07E52284628
:105AD00032627362B362F36232637363B363F3631C
:105AE000326486F8444032F094F9024870BD00BF39
:105AF00068F3002070F300203878050800000000EB
:105B00002DE9F04F2DED028B90F84460ADF5317D1D
:105B1000002E00F062810DF1470424F00F0404F51B
:105B2000E07A00259FEDCC8B07465046C4F8B05173
:105B3000C4F8B451F6F76CFA04F1F0034FF07E5656
:105B40004FF0000BDFF81883C4F8D0511846C4F8A2
:105B5000D451C4F8D851C4F8DC51C4F8E051C4F8A9
:105B6000E451C4F8E861C4F8EC61C4F8F061C4F829
:105B7000F461C4F8F861C4F8FC61C4F80052C4F8D8
:105B80000452C4F80852C4F81052C4F81452C4F8AD
:105B90001852C4F81C52C4F82052C4F82452C4F855
:105BA0002852C4F82C52C4F83052C4F83452C4F805
:105BB0003852C4F83C52C4F84052C4F84452C4F8B5
:105BC0004852C4F84C52C4F85052C4F85452C4F865
:105BD0005852C4F85C52C4F8E050C4F8E450009342
:105BE000C4F868B284F86CB284ED988BC4F8A081D4
:105BF000F6F70EFA04F120031846C4F80051C4F871
:105C00000451C4F80851C4F80C51C4F81051C4F838
:105C10001451C4F81861C4F81C61C4F82061C4F8B8
:105C20002461C4F82861C4F82C61C4F83051C4F868
:105C30003451C4F83851C4F84051C4F84451C4F840
:105C40004851C4F84C51C4F85051C4F85451C4F8E8
:105C50005851C4F85C51C4F86051C4F86451C4F898
:105C60006851C4F86C51C4F87051C4F87451C4F848
:105C70007851C4F87C51C4F88051C4F88451019320
:105C8000C4F88851C4F88C51C4F898B184F89CB118
:105C90002561656184ED648BC4F8D080F6F7B8F9AE
:105CA00025636563A563E56325646564A664E664AE
:105CB00026656665A665E66525666566A56625674B
:105CC0006567A567E567C4F88050C4F88450C4F8D8
:105CD0008850C4F88C50C4F89050C4F89450C4F85C
:105CE0009850C4F89C50C4F8A050C4F8A450C4F80C
:105CF000A850C4F8AC50C4F8B050C4F8B450C4F8BC
:105D0000B850C4F8BC50C4F8C8B084F8CCB084ED26
:105D1000308BC4F80080F6F721F800F5456605469B
:105D20003046F6F765F88346002840F07982F6F7AA
:105D300015F800F5596805464046F6F759F8064645
:105D4000002840F08F80F6F709F800F56D6980466D
:105D50004846F6F74DF80546002840F08681BBF12D
:105D6000000F04D0D4F86832022B00F01884F5F745
:105D7000F5FF00F5805B0BF1100B82465846F6F7F5
:105D800037F8002840F0568326B1D4F89831022B1A
:105D900000F06683F5F7E2FF00F5855906464846B0
:105DA000F6F726F8002840F0148325B1D4F8C8305F
:105DB000022B00F0A683F5F7D1FF00F589551035C9
:105DC00004462846F6F714F8002840F018830DF52D
:105DD000317DBDEC028BBDE8F08FF5F7BFFF00F51C
:105DE0008055103504462846F6F702F8002840F0A2
:105DF0002881F5F7B3FF00F5855504462846F5F7E9
:105E0000F7FF002840F00781F5F7A8FF00F5895556
:105E1000103504462846F5F7EBFF0028D7D004F5E7
:105E20008054002000210023C4E96C010022284690
:105E3000C4F89C31C4F8A031C4F8A431C4F8A83126
:105E400084F8B8210DF5317DBDEC028BBDE8F04F33
:105E5000F5F7D8BFAFF3008000000000000000009D
:105E60009854050805F5626205F561631268C4F887
:105E7000F02005F6246205F658611268C4F8F42093
:105E800005F6286240461268C4F8F82005F62C6230
:105E90001268C4F8FC2005F563621268C4F800219A
:105EA00005F634621268C4F8042105F638621268F7
:105EB000C4F8082105F63C621268C4F80C2105F507
:105EC00064621268C4F8102105F644621268C4F8CE
:105ED000142105F648621268C4F8182105F64C62D0
:105EE0001268C4F81C2105F565621268C4F8202107
:105EF00005F654621268C4F824211A68C4F8E02038
:105F00005A68C4F8E4200968C4F8281105F65C61F1
:105F100005F567620968C4F82C1105F56661096822
:105F2000C4F8301105F664610968C4F8341105F647
:105F300068610968C4F8381105F678610968C4F821
:105F4000481105F67C610968C4F84C1105F56861D3
:105F50000968C4F8501105F684610968C4F8541141
:105F600005F688610968C4F8581105F68C6109685E
:105F7000C4F85C1105F569610968C4F8601105F69B
:105F800094610968C4F8641105F698610968C4F859
:105F9000681111685268C4F8442105F69C62C4F87F
:105FA00040111268C4F86C21D3E92C23C4E964239E
:105FB00005F56A631B68C4F8703105F6A4631B68B5
:105FC000C4F8743105F6A8631B68C4F8783105F687
:105FD000AC631B68C4F87C3105F56B631B68C4F8BF
:105FE000803105F6B4631B68C4F8843105F6B863E4
:105FF0001B68C4F8883105F6BC631B68C4F88C3193
:10600000D5F8C83EC4F8983195F8CC3E84F89C3158
:10601000F5F7F8FE97E604F58054002300200021F0
:106020000022C4E94801C4F80C31C4F81031C4F8A6
:106030001431C4F8183184F828212846F5F7E2FE17
:10604000E2E604F58054002300200021C4E9240185
:1060500084F89860E367C4F88030C4F88430C4F8EA
:1060600088302846F5F7CEFEC3E608F5766108F5D8
:1060700075620968216208F6647108F6987C0968FF
:10608000616208F6687108F6FC730968A16208F697
:106090006C7148460968E16208F577610968216317
:1060A00008F674710968616308F678710968A1637C
:1060B00008F67C710968E16308F578610968216474
:1060C00008F684710968616408F688710968A1643A
:1060D00008F68C710968E16408F579610968216541
:1060E00008F6947109686165116821615168616100
:1060F000DCF800C0C4F858C008F69C7C08F57B6149
:10610000DCF800C0C4F85CC008F57A6CDCF800C0AC
:10611000C4F860C008F6A47CDCF800C0C4F864C011
:1061200008F6A87CDCF800C0C4F868C008F6B87CA3
:10613000DCF800C0C4F878C008F6BC7CDCF800C00D
:10614000C4F87CC008F57C6CDCF800C0C4F880C0E2
:1061500008F6C47CDCF800C0C4F884C008F6C87C2B
:10616000DCF800C0C4F888C008F6CC7CDCF800C0BD
:10617000C4F88CC008F57D6CDCF800C0C4F890C091
:1061800008F6D47CDCF800C0C4F894C008F6D87CCB
:10619000DCF800C0C4F898C0D1F800C04968616755
:1061A00008F6DC71C4F870C00968C4F89C1092ED60
:1061B0002C7B08F57E6208F580511268C4F8A02097
:1061C00008F6E4721B681268C4F8A42008F6E872A6
:1061D000C4F8BC301268C4F8A82008F6EC728B68CA
:1061E0001268C4F8AC2008F57F62C4F8C8301268A1
:1061F000C4F8B02008F6F4720B7B1268C4F8B4201F
:1062000008F6F87284ED307B1268C4F8B82084F880
:10621000CC30F5F7F7FDBBF1000F7FF4A3ADA6E599
:1062200005F54E6205F54D631268C4F8C02105F608
:10623000E44205F618511268C4F8C42105F6E84294
:1062400030461268C4F8C82105F6EC421268C4F85A
:10625000CC2105F54F621268C4F8D02105F6F4424E
:106260001268C4F8D42105F6F8421268C4F8D8219F
:1062700005F6FC421268C4F8DC2105F5506212688C
:10628000C4F8E02105F604521268C4F8E42105F6CA
:1062900008521268C4F8E82105F60C521268C4F8D6
:1062A000EC2105F551621268C4F8F02105F614528C
:1062B0001268C4F8F4211A68C4F8B0215A68C4F806
:1062C000B4210968C4F8F81105F61C5105F55362AC
:1062D0000968C4F8FC1105F552610968C4F8001298
:1062E00005F624510968C4F8041205F62851096816
:1062F000C4F8081205F638510968C4F8181205F6F2
:106300003C510968C4F81C1205F554610968C4F8C9
:10631000201205F644510968C4F8241205F64851C4
:106320000968C4F8281205F64C510968C4F82C1203
:1063300005F555610968C4F8301205F6545109682D
:10634000C4F8341205F658510968C4F838121168B7
:106350005268C4F8142205F65C52C4F81012126890
:10636000C4F83C22D3E92C23C4E9982305F55663ED
:106370001B68C4F8403205F664531B68C4F8443205
:1063800005F668531B68C4F8483205F66C531B6861
:10639000C4F84C3205F557631B68C4F8503205F653
:1063A00074531B68C4F8543205F678531B68C4F85C
:1063B000583205F67C531B68C4F85C32D5F8883D2A
:1063C000C4F8683295F88C3D84F86C32F5F71AFD04
:1063D000ADE406F580560023C6F80C31C6F810313E
:1063E000C6F81431C6F81831002386F82831002287
:1063F0000023C6E948234846F5F704FDD5E404F533
:1064000080540023002100220020C4E96C01C4F85C
:106410009C31C4F8A031C4F8A431C4F8A83184F880
:10642000B8212846F5F7EEFC0DF5317DBDEC028B69
:10643000BDE8F08F0AF5805A0023CAF87C30CAF80C
:106440008030CAF88430CAF8883000238AF898303F
:1064500000220023CAE924235846F5F7D3FC93E42D
:1064600004F51C763046009907F11002F5F786FE18
:10647000754A049200230022304605930693079341
:10648000089303938DF8302003AB06AA05A94FF0BB
:10649000000A4FF0000BCDE90AAB0DF04FFD0123D0
:1064A0008DF83030D4F848310793D4F84C31089344
:1064B000D4E96423CDE90A23F5F750FC00F58559AA
:1064C00006464846F5F794FC00283FF46EAC06F506
:1064D0008056059BC6F80C31069BC6F81031079B09
:1064E000C6F81431089BC6F81831DDE90A23C6E95D
:1064F00048239DF8303086F828314846F5F782FC6D
:1065000053E404F51C7507F1100228460199F5F7CC
:1065100035FE4D4A04920023002228460593069337
:106520000793089303938DF8302003AB06AA05A9BF
:1065300000260027CDE90A670DF000FDD4E93001FF
:10654000A36F07930122E36F8DF83020CDE90A0194
:106550000893F5F703FC00F58955103504462846E5
:10656000F5F746FC00283FF432AC04F58054059A58
:10657000069BC4F8A031C4F89C21089B079AC4F874
:10658000A421C4F8A831DDE90A23C4E96C239DF8ED
:10659000303084F8B8312846F5F734FC17E451461A
:1065A00004F51C7A504607F11002F5F7E7FD264A7C
:1065B0000492002300225046059306930793089304
:1065C00003938DF8302003AB06AA05A94FF0000A0B
:1065D0004FF0000BCDE90AAB0DF0B0FC01238DF8B4
:1065E0003030D4F818320793D4F81C320893D4E929
:1065F0009823CDE90A23F5F7B1FB00F5805A0AF19B
:10660000100A83465046F5F7F3FB00283FF4BCAB75
:106610000BF5805B059BCBF87C30069BCBF880307C
:10662000079BCBF88430089BCBF88830DDE90A2340
:10663000CBE924239DF830308BF898305046F5F79D
:10664000E1FBFFF7A1BB00BF385405082DE97043FB
:1066500090F844502DED068BB5B99FED3C8A4FF074
:106660000008F0EE488AB0EE489A4FF00009F5F7BE
:1066700075FB00F6C80604463046F5F7B9FBC8B905
:10668000BDEC068BBDE870830446F5F767FB00F5AB
:10669000F76605463046F5F7ABFB00BB9FED2B8A4E
:1066A0000025F0EE488AB0EE489A4FF000084FF00F
:1066B0000009DCE704F513630022C3E9068983EDD2
:1066C000019AC3ED028A83ED038A1A6184F8505956
:1066D000BDEC068B3046BDE87043F5F793BB05F57E
:1066E000026395F84058D3ED019A93ED02AA93ED19
:1066F000038A3046D3E90689F5F784FB002DCDD017
:10670000D4ED107A94ED0E9AD4ED0F8AD4ED0B6A85
:1067100094ED0C7A28EE099A68EE288A28EE278AEA
:10672000D4ED0D7AAAEE269A0125EAEE078AAAEEA2
:10673000278AD4ED086A94ED097AD4ED0A7AA9EE95
:10674000A69AE9EE878AA9EEA78A90E700000000E2
:1067500090F8283013B390F85030FBB190F87830AF
:10676000E3B1C369022B04D0032B19D1036A022BB6
:1067700016D1436C022B04D0032B11D1836C022B56
:106780000ED1C36E022B07D0032B09D1036F022B4E
:1067900014BF02200120704701207047184670473F
:1067A0000220704790F8A03043B390F8C8302BB364
:1067B00090F8F03013B3D0F89430022B05D0032BAF
:1067C0001ED1D0F89830022B1AD1D0F8BC30022B51
:1067D00005D0032B14D1D0F8C030022B10D1D0F843
:1067E000E430022B08D0032B0AD1D0F8E830022B7A
:1067F00014BF0220012070470120704718467047DF
:10680000022070472DE9F0472DED068B90F84440AB
:10681000BEB0E4B99FEDBC8AB0EE489AF0EE489A5B
:10682000F0EE488AB0EE48AAF0EE48AAA046264606
:10683000A146F5F793FA00F5E46705463846F5F703
:10684000D7FAC8B93EB0BDEC068BBDE8F087F4229C
:106850000021054601A834F09CFCAC4B0093F5F7F1
:106860007DFA00F6581604463046F5F7C1FA08BB23
:106870009FEDA58A0024CFE705F5F1633846C3ED07
:1068800001AA83ED02AAC3ED038AC3ED049A83ED46
:10689000059A83ED068AC5F8A867C5F8AC9785F810
:1068A000B08785F8B1473EB0BDEC068BBDE8F04738
:1068B000F5F7A8BA04F6C811F02202A834F0FEFDDC
:1068C0003046F5F79FFA6846FFF742FF8046684674
:1068D000FFF768FF0446B8F1000F40F095800028EC
:1068E000C6D0DFED898AD5ED084A95ED0B3AD5ED96
:1068F0000E6AD5ED0A5A95ED0D4AD5ED102A95EDA3
:10690000095AD5ED0C3A95ED0F7AB0EE68AAF0EE83
:1069100068AA41464046229D239F7D4BDDED347A97
:106920009DED2A6AEA1942F10002A3FB026C2CF0E9
:10693000010606EB5C06921BAE1ADDE92CC567F179
:1069400000071CEB050242F10002A3FB02EA2AF059
:10695000010E0EEB5A0E4FF0AA39A2EB0E02BCEB61
:10696000020209FB06FA03FB07AA65F1000509FB11
:1069700002F703FB0575A6FB036CDDE936E7D4449B
:10698000A2FB032AB618554445EB0C051EEB070C79
:106990004CF1000CA3FB0C2A2AF0010266EEA79A28
:1069A00027EE279A27EEA28A02EB5A02ACEB020CE2
:1069B000BEEB0C02E6EE039A67F1000709FB02F951
:1069C000A3EE869A03FB0799A2FB0323A6EE048A93
:1069D0009944B618DDED207A49EB0509E7EEA49A53
:1069E000A7EE859AA7EEA58AB8F1000F3FF421AF74
:1069F0007608490846EAC97641EAC0718E194FEA1D
:106A0000590949EB500914E7DDE90460404BD5ED25
:106A10000E6A95ED0F7AD5ED102A95ED0B3AD5ED6E
:106A20000C3A95ED0D4AD5ED084A95ED095AD5ED8C
:106A30000A5A0E9DDDED167A9DED0C6A321842F170
:106A40000002A3FB021727F0010101EB5701521AC4
:106A50000F99B61A60F100006A1842F10002A3FB18
:106A6000027C2CF0010707EB5C074FF0AA39D21B20
:106A7000AA1A09FB06FC03FB00CC61F1000109FB2B
:106A800002F0DDE9187503FB0100A6FB0361614418
:106A9000A2FB032CB618604440EB0100791941F1C8
:106AA0000001A3FB012C2CF0010267EEA6AA27EE41
:106AB00087AA67EEA28A02EB5C02891A7A1AE6EECE
:106AC00003AA65F1000109FB02F9A6EE23AA03FB64
:106AD0000199A2FB0323E6EE048A9944B618DDED82
:106AE000027A49EB0009E7EEA4AAA7EE85AAE7EE31
:106AF000A58A34B99FED048AB0EE489AF0EE489A20
:106B000097E63146484606E700000000885405082D
:106B1000ABAAAAAA704700BF0120704708B9044871
:106B2000704708B5034A044B04481921F3F7AEFA3D
:106B30009C0000206CE1040894CB0408CCE104081C
:106B4000134A026000220276D1F8C8209FED0E7B26
:106B50000023022A80ED047B4360836000D07047ED
:106B600091F8CC30002BFAD191ED307BD1F810C0E8
:106B70004A698260012380ED047BC0F804C003767B
:106B8000704700BFAFF3008000000000000000006D
:106B900048780508037E53B100B587B000230393FE
:106BA000A1F10A03022B03D907B05DF804FB70477B
:106BB00003EB430302EBC30C436804938368059320
:106BC000D0E90423CDE90023029101218DF80C10B6
:106BD000EE46BEE80F00ACE80F009EE803008CE82C
:106BE000030007B05DF804FBF8B5A0F10A03022B1F
:106BF00046D8264F3B68BFF35B8FDB0705460C4644
:106C000026D5234E3368012B34D803EB830304EBE2
:106C1000C3035A69022A07D0032A29D19A69022A92
:106C200026D1DB699D4223D07368012B22D803EB68
:106C3000830304EBC3014B69022B17D0032B17D13D
:106C40008B69022B14D1C869401B18BF0120F8BD05
:106C5000384631F0CFF80E4E0028D3D00022012361
:106C60003846C6E9002331F0D4F8CBE70120F8BD5F
:106C70000020F8BD074B084A08486A21F3F706FAD6
:106C8000074B084A08487821F3F700FAC0F30020C0
:106C9000C8F30020C4DA040844E30408E0DB040875
:106CA00070E20408C0E20408CCE104082DE9F04FCA
:106CB0002DED068BB3B0482200210CA834F069FA00
:106CC000502200211EA834F064FAF5F747F8044674
:106CD000F5F744F80546F5F741F804F54568074629
:106CE0004046F5F785F870B9F5F738F800F5925594
:106CF000103504462846F5F77BF8E0B933B0BDEC13
:106D0000068BBDE8F08F05F559663046F5F770F84B
:106D100068B107F56D6318460593F5F769F800BB90
:106D20004046F5F76FF83046F5F76CF8DCE740467B
:106D3000F5F768F8D8E704F5805400230021002215
:106D40000020C4E9B201C4F8BC32C4F8C03284F8EF
:106D5000D0222846F5F756F833B0BDEC068BBDE8D7
:106D6000F08F07F5756C07F5805304F54D6794F8BF
:106D70008C2DD4F888BDD5F8C89E95F8CC4E0492D9
:106D800005F56161DCF8B0201D7B00924046D3F828
:106D90000880D7F8B030DCF8B4200293D7F8B430CC
:106DA00091ED008A91ED01AA9CED009ADCED019A2B
:106DB00001920393D7ED008AD7ED01AAD1E92C7A8D
:106DC000F5F720F83046F5F71DF80598F5F71AF8AD
:106DD000BBF1020F00F01981B9F1020F4BD0B8F1ED
:106DE000020F00F000810CA91EA80DF0B1FEF4F70F
:106DF000B5FF9DF898400546BCB39DF8C040A4B3CC
:106E0000229BDDF878A0DDF8A090DDE920781BB1A9
:106E10002C9A934200F03D812A9B2B9A7F085B08B5
:106E200047EAC87743EAC2734FEA5808DF1948EBCC
:106E30005208022405F5925610363046F4F7D8FF72
:106E400000283FF45BAF05F58055C5E9B278C5F879
:106E5000BCA2C5F8C09285F8D0423046F4F7D2FF04
:106E600033B0BDEC068BBDE8F08F4FF00009CA4689
:106E70002746A046DEE7002CB1D1B8F1020F00F0A2
:106E8000FA800023DFED948A0293CDE90033A34614
:106E9000B0EE689A0393F0EE68AAF0EE689A06AE38
:106EA0000B230125CDE90835CDE9067A8DED0A8A57
:106EB0008DED0BAAB646BEE80F000DF1480CACE80C
:106EC0000F009EE803008CE80300A4B1009B06932A
:106ED000019B079301240C23CDE908348DED0A9A18
:106EE000CDED0B9A0FCE0DF1600CACE80F0096E8DB
:106EF00003008CE803000CA91EA80DF029FEBBF1CD
:106F0000000F2AD1002D4DD1002C3FF470AF1EA9E7
:106F10000C20FFF769FE00283FF469AFF4F71EFF6D
:106F200000F59255103504462846F4F761FF002815
:106F30003FF4E4AE04F58054009AC4F8C82201235B
:106F4000019A84EDAF9AC4EDB09AC4F8CC2284F8CB
:106F5000D0322846F4F756FFD0E61EA90A20FFF7E4
:106F600043FE0028CED0F4F7F9FE00F59255103517
:106F700004462846F4F73CFF00283FF4BFAE04F572
:106F80008054029AC4F8C8220123039AC4EDAF8A40
:106F9000C4EDB0AAC4F8CC2284F8D0322846F4F765
:106FA00031FFABE61EA90B20FFF71EFE0028ABD079
:106FB000F4F7D4FE00F59255103504462846F4F750
:106FC00017FF00283FF49AAE04F580540123C4E96A
:106FD000B27A84EDAF8A84EDB0AA84F8D032284624
:106FE000F4F710FF8AE6002D7FF4FDAEDFED3A8A5C
:106FF0000027AB460297B0EE688A0397F0EE68AAC6
:10700000B0EE68AABA4606AE60E7049B002B7FF498
:10701000E3AEB9F1020F3ED0B8F1020F4AD000271B
:107020009FED2D8ACDE900779B46BA46B0EE48AA7F
:10703000B0EE489AF0EE489A1C46029B0693039BDA
:1070400007934FF0010C0A23CDE9083C06AECDEDC5
:107050000A8ACDED0BAAB646BEE80F000CAD0FC5EF
:107060009EE8030085E80300BBF1000F7FF418AF32
:107070005D46E34629E7002D7FF403AFDFED168A76
:107080000023AB460293F0EE68AA0393012406AEF8
:1070900006E70224CEE6002CBED1B8F1020F14D0D0
:1070A0009FED0D9A0023CDE900334FF0010BF0EE78
:1070B000499AC2E7002DB2D19FED078A0027AB465F
:1070C000B0EE48AABA460124B7E7002DE8D14FF048
:1070D000010B5C46B1E700BF0000000000000000AB
:1070E0009FED0D7B10B4002180ED047B4160816039
:1070F0000B4C046000210176117E41B192ED047BBE
:1071000054689168816080ED047B446003765DF88B
:10711000044B7047AFF30080000000000000000047
:10712000C8540508000000001D4A02609FED1A7B4C
:1071300091F8202000234FF0000C80ED047B436089
:10714000836080F818C0F2B191F84830DBB10B6968
:107150008A6A30B40C68446002258C6805768260C7
:10716000CA688BB9D1E90C3561085B0841EAC27184
:1071700043EAC5735B184FEA520242EB5502C0E97D
:10718000043230BC704770478D6BAB42EAD1C0E926
:107190000442F6E7AFF300800000000000000000AA
:1071A000C8540508704700BF0120704770B51A4CDD
:1071B00084B000F0F9FCD4E90023B0EB020E61EBDF
:1071C000030C164B0025734575EB0C0CCDE9000143
:1071D00003D3C4E9000104B070BD114E2B463068E2
:1071E0002A46694612F04EFC033005D0DDE9000165
:1071F000C4E9000104B070BD2B4630682A4602A9DC
:1072000012F072FC03460028F0D130681A46694635
:1072100012F038FCEAE700BFD0F300208F5F0100D6
:107220005408002008B5034A034B04482321F2F711
:107230002DFF00BF5CE40408D8DE0408A8E40408BD
:1072400070B51A4C84B000F0AFFCD4E90023B0EB69
:10725000020E61EB030C164B0025734575EB0C0C0D
:10726000CDE9000103D3C4E9000104B070BD114EA3
:107270002B4630682A46694612F004FC033005D0DC
:10728000DDE90001C4E9000104B070BD2B4630689F
:107290002A4602A912F028FC03460028F0D13068E3
:1072A0001A46694612F0EEFBEAE700BFD0F3002071
:1072B0008F5F010054080020F8B506460D46F4F72C
:1072C0004DFD00F5D56704463846F4F791FD38B911
:1072D0000020F5F7A5FBBDE8F8400621F5F7DCBB7B
:1072E0003846C4F81867C4F81C57F4F78BFDEFE76D
:1072F00010B50446002306482360A38000F060FC1C
:1073000008B1204610BD03481921F4F77FFD00BFE6
:10731000F8F300203CE50408F8B57D4B04460D4623
:1073200019791868217192F82810206000232878B4
:10733000C4F80630C4F80A30C4F80E30A374E374FD
:1073400023766376A376E376607100295AD0D2ED76
:10735000017A9FED707AF4EEC77AF1EE10FA40F3FD
:10736000BE80D2ED027A9FED6B7AF4EEC77AF1EE31
:1073700010FA40F39E80D2ED037A9FED667AF4EE28
:10738000C77AF1EE10FA7EDD638292F82910D9B146
:10739000D2ED047A9FED607AF4EEC77AF1EE10FA3E
:1073A0005CDDD2ED057A9FED5C7AF4EEC77AF1EE02
:1073B00010FA3EDDD2ED067A9FED577AF4EEC77AE9
:1073C000F1EE10FA20DD6382544E96F8643000220C
:1073D0006261002B00F097801421304600F004FC1D
:1073E000002800F09080062221464D4814F0F4FE5B
:1073F0000746304600F006FC2B78A76101332B705E
:107400002046F8BD0B46C0E79FED467AF4EEC77AFA
:10741000F1EE10FAD7D49FED447A67EE877A01F047
:107420000301FDEEE77A43EA812317EE902A2282D8
:10743000C9E79FED3C7AF4EEC77AF1EE10FAB9D4C1
:107440009FED397A67EE877A01F00300FDEEE77A67
:1074500043EA002317EE900AE081ABE79FED317A13
:10746000F4EEC77AF1EE10FA9BD49FED2F7A67EE17
:10747000877A01F00300FDEEE77A43EA801317EE06
:10748000900AA0818DE79FED297AF4EEC77AF1EE9C
:1074900010FA3FF579AF9FED267A67EE877A01F013
:1074A0000301FDEEE77A43EA011317EE901A6181BA
:1074B0006AE79FED1E7AF4EEC77AF1EE10FA3FF517
:1074C0005AAF9FED1B7A67EE877A01F00300FDEE5D
:1074D000E77A43EA800317EE900A20814BE79FED9D
:1074E000137AF4EEC77AF1EE10FA3FF53AAF9FED5A
:1074F000107A67EE877A01F00303FDEEE77A17EE64
:10750000900AE0802DE70B4840F27F11F4F77EFCF3
:10751000FCC104080C224442368DA740F8F3002039
:10752000FC040020368DA7C04A90C3450C2244C2FB
:10753000B210274454E50408F8B5204B0446986877
:107540001B7B23710023E37123736373A373E372C3
:10755000A3726372A37123746374A374E3742372BC
:10756000138D20600D46C97861713BB1D2E90832B4
:10757000C4F807302B78C4F80B20A371104E96F88E
:1075800064300022E2739BB11421304600F02CFBE2
:1075900070B1042221460B4814F01EFE0746304607
:1075A00000F030FBEB7827610133EB702046F8BD2B
:1075B000054840F27F11F4F729FC00BFFCC1040824
:1075C000F8F30020FC04002054E504082DE9F843FA
:1075D000574D91F8019092F81880089F04469646FE
:1075E0000E469C460FCD6160206003CDA260E36033
:1075F00084F8059020616161B8F1000F28D0DEEDBC
:10760000017A9FED4C7AF4EEC77AF1EE10FA16DBB0
:107610009FED497AF4EEC77AF1EE10FA0FD8DFED5C
:10762000476A9FED477A77EEA67A08F0030367EE84
:10763000877A2382FCEEE77A17EE903AE380DEED5C
:10764000027A9FED407AF4EEC77AF1EE10FA50DA42
:107650009CF82020FAB1DFED3C6A9CED027ADCED6B
:10766000017A27EE267A02F00302BDEEC77A67EEB2
:10767000A67A17EE103AA381238A23F0300343EA57
:107680000213FDEEE77A23F0C00343EA821323825C
:1076900017EE903A63813B7C83B1D7ED017A9FED81
:1076A0002A7A238A67EE877A23F44073FCEEE77A1E
:1076B00043F4007317EE902A2382E281234D95F85C
:1076C0006430002262826BB31421284600F08CFAE9
:1076D00040B3052221461E4814F07EFD0746284689
:1076E00000F090FA73786761013373702046BDE84B
:1076F000F8839FED187AF4EEC77AF1EE10FAA7D866
:107700009FED157A238A67EE877A08F00308FDEE6D
:10771000E77A23F00C0343EA8803238217EE903ABA
:10772000238195E70D4840F27F11F4F76FFB00BF0E
:107730000CC2040800007AC400401C4600007A44D1
:10774000B4A5BE40000096C3E1F82246F8F300203D
:10775000FC040020000096433373DA4254E5040829
:10776000F8B5214B0446986A93F82C302371002316
:10777000E37123736373A373E372A3726372A371E0
:1077800023746374A374E374237292F8203020602E
:107790000D46097961713BB16B78A371D2E906039B
:1077A000C4F80700C4F80B30104E96F8643000227D
:1077B000E2739BB11421304600F016FA70B1042236
:1077C00021460B4814F008FD0746304600F01AFA2F
:1077D0002B79276101332B712046F8BD054840F213
:1077E0007F11F4F713FB00BFFCC10408F8F300207D
:1077F000FC04002054E50408F8B52E4B04460D4661
:10780000186B93F8341021710023C4F80630A3726A
:10781000E37223736373A373E37323746374A374B6
:10782000E37423766376A376E37692F82030A97822
:1078300020606171FBB1DFED206A92ED037AD2ED39
:10784000047A27EE267A67EEA67ABCEEC77AFCEEBB
:10785000E77A17EE103A99B217EE903A01299BB2E7
:1078600038BF0121012B38BF0123E1802381D2E9F8
:107870000613E1602361114E96F8643000226261C4
:107880009BB11421304600F0AFF970B106222146B9
:107890000B4814F0A1FC0746304600F0B3F9AB7872
:1078A000A7610133AB702046F8BD064840F27F1156
:1078B000F4F7ACFAFCC10408E1F82246F8F3002022
:1078C000FC04002054E50408F8B5184F184EC0F821
:1078D0000A3004460023C0F80620037443748374FE
:1078E000C374C38196F8642097F83C30B86B237159
:1078F0004B7920606371A2B10D463046142100F02F
:1079000073F970B1042221460A4814F065FC074659
:10791000304600F077F96B79276101336B712046AF
:10792000F8BD054840F27F11F4F770FAFCC1040875
:10793000F8F30020FC04002054E50408174A70B551
:107940000446174D106C92F84420227195F864108B
:10795000144AA260002344F250622060E371237451
:107960006374A374E374A4F80520E36081B1142167
:10797000284600F039F958B1042221460A4814F08B
:107980002BFC0646284600F03DF92661204670BDD6
:10799000064840F27F11F4F739FA00BFFCC1040831
:1079A000F8F3002001000800FC04002054E504085E
:1079B0002DE9F843484D2B68BFF35B8F0446D80789
:1079C00049D5DFF83C81454D2B68BFF35B8FD90764
:1079D0006DD5DFF83091424D2B68BFF35B8FDA072E
:1079E00057D5404F404D2B68BFF35B8FDB0742D527
:1079F0003E4EB8F800303E4DA4F8053033683A6882
:107A0000C4F80F303B4BD9F80010C4F80B2095F8A0
:107A10006420986CC4F8071093F84C102060002381
:107A2000217123756375A375E375E374002A4ED045
:107A30001421284600F0D8F8002848D00522214615
:107A40002D4814F0C9FB0646284600F0DBF86661B5
:107A50002046BDE8F883284630F0CCF90028B0D0A5
:107A600013F0C6F9DFF8988003462846A8F80030DE
:107A700030F0CFF9A7E7284630F0BCF90028B7D09E
:107A800013F00AFA194E03462846336030F0C1F964
:107A9000AFE7284630F0AEF90028A2D013F0F6F98F
:107AA000104F034628463B6030F0B3F99AE728466A
:107AB00030F0A0F900288CD013F0E2F9DFF8449000
:107AC00003462846C9F8003030F0A3F983E70B4895
:107AD00040F27F11F4F79AF9F0F30020E8F3002068
:107AE000E0F30020E4F30020D8F30020DCF30020D2
:107AF000F8F30020FCC10408FC04002054E504084D
:107B0000F4F30020ECF3002070B50D4E96F86430CD
:107B10008BB104460D463046142100F065F850B193
:107B200021462A46074814F057FB0446304600F029
:107B300069F8204670BD044840F27F11F4F766F9F9
:107B4000F8F30020FC04002054E50408074B10B4AF
:107B500000220224181D5021C3E91524C3E917018E
:107B60005DF8044B1A6083F864207047F8F3002036
:107B7000014800F04FB800BFF8F3002081B110B405
:107B8000084C014410F8013B5340DBB2884254F8E2
:107B9000233083EA1222F5D1D0435DF8044B7047BD
:107BA000D043704770780508044B4FF0804C596AF9
:107BB000DCF824005A6A9142F9D17047000C004069
:107BC00090F864300BB10120704710B50446543072
:107BD00011F08EFD206020B1012384F86430012073
:107BE00010BD94F8640010BD08B5034690F8640019
:107BF00000B908BD186811F0CBFDB0FA80F040095B
:107C000008BD00BF90F8643003B97047006811F0F8
:107C1000E3BD00BF90F8643010B504460BB92046B0
:107C200010BD006811F006FE204610BD70B90C4A68
:107C3000936843F0801343F400439360094A52F879
:107C4000203043F0010342F820307047064A936821
:107C500043F0801343F4004301289360EED0704753
:107C600000640040F8F50020006800402DE9F04372
:107C7000644A036893428DB005D0634A934216D09C
:107C80000DB0BDE8F0839A6812F0E05F044662D15F
:107C90009B685B01F4D55B4B9A68160103D59B6822
:107CA000DD0000F19E802368574A9342E8D1554B8E
:107CB0009B6813F0E05F0FD1524B9A685001DFD5FB
:107CC0009A681101DCD59B68DA00D9D500200DB087
:107CD000BDE8F04300F0EEBD4C4D2B69002BEBDD11
:107CE000EE682C68013B06EB86022B616B6804EBA7
:107CF000820401369E42A8BF00260FCC0DF1040875
:107D0000C446ACE80F002368CCF80030039B9DF814
:107D10001020EE6000270DF1180EBB420697CEE949
:107D20000177CEF814700A9265DBC3F30A0206925B
:107D3000374A5B0F03F0020471466B4610680994E2
:107D4000424613F0C5FB334B1968002001EB41019B
:107D500000F076FDB0E72D4D296900293BDDEB6889
:107D600003EB83025F1C2B6803EB820C6B68013909
:107D70009F42A8BF00272961BCE80F000DF104084D
:107D800046460FC6DCF800303360039B9DF8102098
:107D9000EF604FF000090DF1180E4B45CDF818902B
:107DA000CEE90199CEF814900A921EDBC3F30A02C1
:107DB0000692174A5B0F03F002031068099371469D
:107DC0006B46424613F084FB124B1968002001EB0E
:107DD000410100F035FD0B4B9B685F013FF55BAF48
:107DE00061E7002000F066FD5DE723F06042079246
:107DF00004220892DDE723F060410422CDE9071256
:107E000096E700BF0064004000680040A00000202A
:107E1000B4000020F4F500202DE9F043644A036823
:107E200093428DB005D0634A934216D00DB0BDE8A1
:107E3000F0839A6812F0E05F044662D19B685B01B0
:107E4000F4D55B4B9A68160103D59B68DD0000F101
:107E50009E802368574A9342E8D1554B9B6813F0A4
:107E6000E05F0FD1524B9A685001DFD59A6811013B
:107E7000DCD59B68DA00D9D500200DB0BDE8F04311
:107E800000F018BD4C4D2B69002BEBDDEE682C6823
:107E9000013B06EB86022B616B6804EB8204013622
:107EA0009E42A8BF00260FCC0DF10408C446ACE8E2
:107EB0000F002368CCF80030039B9DF81020EE6083
:107EC00000270DF1180EBB420697CEE90177CEF8D8
:107ED00014700A9265DBC3F30A020692374A5B0FFD
:107EE00003F0020471466B4610680994424613F091
:107EF000EFFA334B1968002001EB410100F0A0FCC0
:107F0000B0E72D4D296900293BDDEB6803EB8302C7
:107F10005F1C2B6803EB820C6B6801399F42A8BF82
:107F200000272961BCE80F000DF1040846460FC682
:107F3000DCF800303360039B9DF81020EF604FF0B9
:107F400000090DF1180E4B45CDF81890CEE90199B6
:107F5000CEF814900A921EDBC3F30A020692174A67
:107F60005B0F03F002031068099371466B464246AB
:107F700013F0AEFA124B1968002001EB410100F03A
:107F80005FFC0B4B9B685F013FF55BAF61E7002037
:107F900000F090FC5DE723F0604207920422089213
:107FA000DDE723F060410422CDE9071296E700BF28
:107FB0000064004000680040A0000020B4000020E1
:107FC000F4F500202DE9F043644A036893428DB034
:107FD00005D0634A934216D00DB0BDE8F0839A688D
:107FE00012F0E05F044662D19B685B01F4D55B4B05
:107FF0009A68160103D59B68DD0000F19E80236816
:10800000574A9342E8D1554B9B6813F0E05F0FD17C
:10801000524B9A685001DFD59A681101DCD59B68F4
:10802000DA00D9D500200DB0BDE8F04300F042BC25
:108030004C4D2B69002BEBDDEE682C68013B06EB09
:1080400086022B616B6804EB820401369E42A8BF56
:1080500000260FCC0DF10408C446ACE80F002368DD
:10806000CCF80030039B9DF81020EE6000270DF146
:10807000180EBB420697CEE90177CEF814700A922B
:1080800065DBC3F30A020692374A5B0F03F0020472
:1080900071466B4610680994424613F019FA334B47
:1080A0001968002001EB410100F0CAFBB0E72D4D3B
:1080B000296900293BDDEB6803EB83025F1C2B6819
:1080C00003EB820C6B6801399F42A8BF002729612E
:1080D000BCE80F000DF1040846460FC6DCF800307E
:1080E0003360039B9DF81020EF604FF000090DF105
:1080F000180E4B45CDF81890CEE90199CEF81490A2
:108100000A921EDBC3F30A020692174A5B0F03F0C2
:1081100002031068099371466B46424613F0D8F982
:10812000124B1968002001EB410100F089FB0B4B59
:108130009B685F013FF55BAF61E7002000F0BAFB91
:108140005DE723F06042079204220892DDE723F006
:1081500060410422CDE9071296E700BF00640040A9
:1081600000680040A0000020B4000020F4F50020CA
:10817000F0B55E4A0368934295B004D05C4A9342DE
:1081800045D015B0F0BD5B4B00260DAA3146044624
:108190001868009601AB13F0BDFA03AD119F8DF87E
:1081A0001C60039601A9C5E90166EE603A462846BF
:1081B00033F084F90F9B8DF81870002B66D10D9B5E
:1081C000C3F30A03109A4C4E0593022A08BF43F0EA
:1081D0008043306808BF05930EF048F90346002835
:1081E00060D13068009329466A460DF0A5FA009BDD
:1081F0004BB14FF0E0234FF08052C3F8042DBFF392
:108200004F8FBFF36F8F2368394A9342B9D1394BEF
:1082100000241868009401AB0DAA214613F07AFAE5
:1082200003AD119E8DF81C4003943246C5E901440C
:1082300001A9EC60284633F041F90F9B8DF81860D6
:1082400053BB0D9BC3F30A03109A2B4C0593022AD0
:1082500008BF43F08043206808BF05930EF006F97D
:10826000034688BB206800936A4629460DF064FAED
:10827000009B002B85D04FF0E0234FF08052C3F8D5
:10828000042DBFF34F8FBFF36F8F7AE70E9B23F060
:10829000604343F0004395E70E9B23F0604343F0B7
:1082A0000043D1E76A4608A930680DF0A9FF002312
:1082B0006A463068009329460DF03EFA0F4A13686B
:1082C00043F00403136092E76A4608A920680DF0A2
:1082D00097FF00236A462068009329460DF02CFA88
:1082E000064A136843F004031360C1E700640040CA
:1082F00000680040B4000020F0F50020F8F50020F0
:10830000F0B55E4A0368934295B004D05C4A93424C
:1083100045D015B0F0BD5B4B00260DAA01210446E7
:108320001868009601AB13F0F5F903AD119F8DF8B5
:108330001C60039601A9C5E90166EE603A4628462D
:1083400033F0BCF80F9B8DF81870002B66D10D9B95
:10835000C3F30A03109A4C4E0593022A08BF43F058
:108360008043306808BF05930EF080F8034600286C
:1083700060D13068009329466A460DF0DDF9009B14
:108380004BB14FF0E0234FF08052C3F8042DBFF300
:108390004F8FBFF36F8F2368394A9342B9D1394B5E
:1083A00000241868009401AB0DAA012113F0B2F962
:1083B00003AD119E8DF81C4003943246C5E901447B
:1083C00001A9EC60284633F079F80F9B8DF818600E
:1083D00053BB0D9BC3F30A03109A2B4C0593022A3F
:1083E00008BF43F08043206808BF05930EF03EF8B5
:1083F000034688BB206800936A4629460DF09CF925
:10840000009B002B85D04FF0E0234FF08052C3F843
:10841000042DBFF34F8FBFF36F8F7AE70E9B23F0CE
:10842000604343F0004395E70E9B23F0604343F025
:108430000043D1E76A4608A930680DF0E1FE002349
:108440006A463068009329460DF076F90F4A1368A2
:1084500043F00403136092E76A4608A920680DF010
:10846000CFFE00236A462068009329460DF064F988
:10847000064A136843F004031360C1E70064004038
:1084800000680040B4000020F0F50020F8F500205E
:108490007D2970B54ED92C4B0446196000F0C0F907
:1084A0000246002849D1294D294928680160122136
:1084B000A4F59C43C0E9022280F820204160254AAF
:1084C0004FF48031203B01614FF4801401F580713D
:1084D000C0E9054193424FF4807181832FD812F097
:1084E000E3FC10BB1321286813F0D2F900F04CF91B
:1084F000044640B9184E326882B1286812F040FF35
:1085000098B9204670BD2868F0F70AFE00F092F98D
:10851000631CA8BF4FF0FF34204670BD142180209B
:108520000CF0DAFD30600028E7D12868F0F7F8FD9C
:1085300000F080F94FF0FF34E3E7044B1868F0F7E0
:10854000EFFD00F077F9F5E7F4F50020B400002026
:108550000064004060361E00F0F5002000282AD19B
:10856000164B1B681A6891699369906943F300037D
:10857000C1F3800103F0100343EA4113810710495E
:10858000C86848BF43F01003C00610D51021D16061
:1085900043F00803116172B60A4A11681943116069
:1085A00062B672B600231068136062B6704709693C
:1085B000C906F0D5EAE74FF0FF307047B40000205D
:1085C00000640040F8F5002000283AD1002938D096
:1085D0002DE9F04105460FC992B002AC514E84E836
:1085E0000F0011F0A1FDA446FF238DF81830BCE860
:1085F0000F00B768D6F800E0D6F8048007EB8704D0
:108600000EEB84040137B7600FC4DCF80030236040
:1086100033694745B8BFB568B560984514DCF46860
:10862000621C9045F2601CDC0022F2603E4A9268B7
:1086300012F0E05F5ED0002B5CDD0124013B25469B
:1086400027E04FF0FF307047374989685A1C11F016
:10865000E05F326114D111F089FD012012B0BDE854
:10866000F0813149896811F0E05F43D0002B41DD92
:1086700002EB82020EEB820E013B0234012508E080
:10868000002AE8DDF46804EB840200250EEB820E7C
:1086900001343361BEE80F0007AF0FC7DEF80030CA
:1086A0003B604FF0000C1346A045D8BF00249DF856
:1086B0002820F4606345CDE90CCCCDF838C0CDF866
:1086C00044C0109228DBC3F30A020C92174A5B0FD6
:1086D00003F0020310680F930CA901AB07AA12F074
:1086E000F7FE134B1968002001EB410100F0A8F8D8
:1086F000002DB0D00F490C4A0B6843F002030B6009
:10870000936843F0801343F40043936011F02EFD0F
:10871000012012B0BDE8F08123F060420D920422E6
:108720000E92D3E7A000002000640040B4000020B7
:10873000F4F50020F8F50020F8B170B50C4686B0CD
:1087400069B10F4B0F49A3FB023201AE05469209F6
:10875000086831460DF0A8F828B906B070BD4FF092
:10876000FF3006B070BD96E80F0084E80F009DF85A
:1087700014302B60012006B070BD4FF0FF30704701
:10878000D34D6210F0F5002010B59FED0F7B8AB03D
:108790000F4800244FF480514EF6E072CDE90014EA
:1087A0000123029269460622006805948DED087B3C
:1087B000CDE906330392049412F0F0FC20460AB08F
:1087C00010BD00BFAFF300800100000000000000FA
:1087D000B400002030B929B1002ACCBF0022012208
:1087E000504270474FF0FF30704700BF0B4B02689C
:1087F0009A4200D0704710B5037F012B044602D087
:10880000022B05D010BD0020FFF710FA237FF7E7F9
:10881000BDE810400120FFF709BA00BF0004004086
:1088200008B5034B1868F2F71DFC002008BD00BF17
:10883000B8000020014B1868F2F78CBCB80000208B
:10884000012828D870B5184E84000D46306888B0CD
:10885000214623F06FFBB5F5C80F18DB4FF6FF720A
:108860000023CDE90133CDE90333CDE90533079387
:108870000E4B30685B6A01A91344224602932AF02A
:1088800019F93068214623F06BF908B070BDC72D87
:1088900002DC0222E4E77047054BEA1783FB05354B
:1088A000C2EB6512DCE700BFB80000200004004006
:1088B0001F85EB51012804D8024B8100186823F072
:1088C00039BB7047B800002010B58CB004462C228C
:1088D000002101A832F05DFC0E4A089242F21072AB
:1088E000ADF824200C4B0A930DF1040C20228DF8D6
:1088F0002620BCE80F00A646AEE80F00BCE80F003B
:10890000AEE80F009CE807008EE8070020460CB098
:1089100010BD00BFA086010080C3C901002862D03D
:10892000F0B50C4683B000293ED00B68002B3BD03D
:10893000CB68002B38D08B68B3B3064691F8230080
:10894000154600F02BFE78B3237E013B072B2BD876
:10895000238C4BB36268637EB2FA82F2B3FA83F37C
:1089600052095B099A421FD194F82830E3B1E369B8
:10897000D3B148220021304632F00BFCA646BEE8B7
:108980000F00B446ACE80F00BEE80F006768ACE823
:108990000F009EE807008CE80700F5620FB1637EC8
:1089A00033B9002003B0F0BD4FF0FF3003B0F0BD8D
:1089B0004FF080430022CDE90023237E002BF0D02E
:1089C000002503E0237EAB42EBDD676829460123E7
:1089D0006A463046B847002805F10105F2DA6FF023
:1089E000020003B0F0BD4FF0FF3070472DE9F04FAB
:1089F000054693B08846144600F0DAFD002D00F0DD
:108A0000FE8006460F46002C00F085802B7E9845A0
:108A100080F0F580227B043AD2B2042A00F2F28080
:108A2000D4F808A01AF0804340F0EC80BAF1000FAF
:108A30007CDA1AF0F85FCAF30C4340F0E680DBB250
:108A400005930DF11C0B0023CBF808300793CBF8EE
:108A5000043023788DF82430A3788DF82530E3781E
:108A60008DF82630211D6378584600F017FCB0F1D0
:108A7000000952DB1AF4F06FCAF30A0958D0A9F1C1
:108A80008003472B19D9A9F1C803632B50D9A9F545
:108A900096739BB240F2DB52934249D9A9F5E16348
:108AA000632B45D9A9F26C73632B41D9A9F5FA63FD
:108AB0001F2B02D96FF006092FE06B698BB1059A65
:108AC0008DF83E209BE807000DF1300CCDE90A67D8
:108AD0008DF83F80ADF83C908CE807000AA9284645
:108AE00098475A464946284600F050FC98B1A96B71
:108AF0009DF8252011B90EE0096861B10B7D934204
:108B0000FAD1CDE900B4CDE902674B465FFA88F2AD
:108B1000284600F071FC4FF0000932463B462846DB
:108B200000F008FD484613B0BDE8F08F059388E7D4
:108B30006B6983B1059A8DF83E209BE807000CAC69
:108B4000CDE90A678DF83F80ADF83C9084E80700D6
:108B50000AA928469847EB6B1BB9DCE71B68002B7A
:108B6000D9D09A894A45F9D19A7B05998A42D2D9B6
:108B700001EB410203EBC2024FEA410CD2E90401CE
:108B800050EA010412D06C6A301A67EB0101A0426E
:108B900071F100010AD292F822109DF82620521A93
:108BA00012F17F0F02DB013A7D2AB4D8059AD3F87F
:108BB00004809444541C9BE8070004EB440403EB3A
:108BC000CC0C03EBC40484E80700CCE90467B8F1DB
:108BD000000FA0D00022CDE91022059A9B688DF8E5
:108BE00042209BE807000C930DABCDE90A67ADF876
:108BF000409083E807000AA92846C0478BE74FF05A
:108C0000FF398FE76FF00A0987E76FF0080984E7FB
:108C1000002841D07F292DE9F8430D461746984694
:108C2000064604D9A1F1C803B3F5E16F2AD26FB3A8
:108C3000F46B14B909E024683CB1B4F80CC0AC453D
:108C4000F9D16FF00400BDE8F88310234FF0180944
:108C500019FB07394946304600F0ACFC0446C0B168
:108C60004A46002132F095FA089BC4F8048006F1C8
:108C70003C00A360A581A773214600F085FA00207F
:108C8000BDE8F8836FF00600BDE8F8836FF00800D8
:108C9000F6E76FF00100F3E74FF0FF30704700BFD9
:108CA000B8B138B5C46B054614B90FE024686CB18F
:108CB000A3898B42FAD1214605F13C0000F06AFA03
:108CC0002846214600F07CFC002038BD6FF00300F0
:108CD00038BD4FF0FF30704770B578B373B3C06BD9
:108CE0008E46144610B922E0006800B3B0F80CC0FC
:108CF000F445F9D1827BA2421DD9611C01EB4101EF
:108D000004EB440200EBC20200EBC10192ED047BD4
:108D1000866807C903F10C0C8CE8070083ED007B23
:108D20000025A3F818E09E609C76284670BD6FF081
:108D30000305284670BD6FF00805F6E74FF0FF35D4
:108D4000F3E700BFA8B37F2970B50C461546064669
:108D500004D9A1F1C803B3F5E16F24D2336C13B980
:108D600008E01B6833B1B3F804C0A445F9D16FF033
:108D7000040070BD0821304600F01CFC0146A8B17B
:108D80000023436003608480337E012B86BF05F19E
:108D9000FF3252B24FF0FF32C27106F1400000F0D4
:108DA000F3F9002070BD6FF0060070BD6FF0010098
:108DB00070BD4FF0FF307047B8B138B5046C054650
:108DC00014B90FE024686CB1A3888B42FAD1214614
:108DD00005F1400000F0DEF92846214600F0F0FBE6
:108DE000002038BD6FF0030038BD4FF0FF307047F2
:108DF000002800F08E80002A00F08B802DE9F041E1
:108E00007F2988B0054604D9A1F1C800B0F5E16F0B
:108E10007AD22C6C1CB96FE02468002C6CD0B4F8AA
:108E200004C08C45F8D194F90760002E69DB701CF2
:108E300040B2E0712F7EB842A4BF0020E0710DF176
:108E4000040895F828E00F460021C8F808100191A1
:108E5000C8F804108DF80D308DF80CE094F806C0B9
:108E60000CF10100A0710591079192E8030088E8D8
:108E7000030095F829108DF80EC011BB9DF8044031
:108E8000069700226EF3070264F30F2263F3174282
:108E90006CF31F62414605A8049200F08DF900288A
:108EA0000CDB0430731C8DF81C000FD02B6804AA57
:108EB00031462846984701281BD1002008B0BDE85C
:108EC000F08147EA014141F00047D7E72B7E83B1AB
:108ED000002634462B68214604AA284698472B7E54
:108EE000012804F1010408BF01269C42F2DB002E98
:108EF000E3D16FF00200E1E76FF0030008B0BDE8D6
:108F0000F0814FF0FF369AE76FF0060008B0BDE839
:108F1000F0814FF0FF30704700284BD070B50D4600
:108F200084B0002943D00A7A90F828309A42044647
:108F30003AD090F82300012100F014FA00282EDB2B
:108F40002A7A0026334662F307032A78039662F3EF
:108F50000F236A7A62F31743AA7AC0F30A00CDE9B5
:108F6000016062F31F6301A82946009300F024F911
:108F7000002814DB237E04308DF80C00354683B1C5
:108F8000236829466A4620469847237E012805F132
:108F9000010508BF01269D42F2DB16B1002004B096
:108FA00070BD6FF00200FAE76FF00700F7E74FF0CF
:108FB000FF30F4E74FF0FF30704700BF002855D076
:108FC000002953D070B51346044607C988B001ADD7
:108FD00085E807009DF80C2094F82810002A3CD062
:108FE0008A4240D10021184600F0BCF9002832DB4B
:108FF0009DF80C200026334662F307039DF80420F9
:10900000059662F30F239DF80D20079662F3174330
:109010009DF80E20C0F30A00069062F31F632946F4
:1090200005A8049300F0C8F8002814DB237E043060
:109030008DF81C0035469BB12368294604AA2046BA
:109040009847237E012805F1010508BF01269D42AE
:10905000F2DB2EB1002008B070BD8DF80C10C1E716
:109060006FF00200F7E76FF00700F4E74FF0FF3012
:10907000704700BF002841D02DE9F047846B0D46B2
:1090800091469846074614B909E024683CB194F823
:1090900014C0AC45F9D16FF00400BDE8F08797F833
:1090A00022A01823102616FB0A3A5146384600F033
:1090B00081FA0446F8B15246002132F06AF8089B62
:1090C000E360C4E90198099B236197F82220627547
:1090D000257542B1234616FB0242FF2183F8241076
:1090E00010339A42FAD107F13800214600F04CF8CB
:1090F0000020BDE8F0876FF00100FAE74FF0FF3085
:10910000704700BFB8B138B5846B054614B90FE09D
:1091100024686CB1237D8B42FAD1214605F13800D9
:1091200000F038F82846214600F04AFA002038BD01
:109130006FF0030038BD4FF0FF30704768B1836BAC
:1091400013B907E01B682BB1187D8842FAD11A6168
:10915000002070476FF0030070474FF0FF307047FA
:1091600078B172B1836B13B908E01B6833B1187D15
:109170008842FAD11B691360002070476FF003002A
:1091800070474FF0FF30704718B111B103680B60A2
:1091900001607047034668B149B1006818B907E03B
:1091A0000346006828B18842FAD10A681A60084666
:1091B00070477047704700BF10B582B000285AD082
:1091C000002958D0034603C902AA02E903009DF80A
:1091D00000201F2A52D8DFE802F04B1010101010A8
:1091E0002F2F2F2C2C2C3A3A3A20202037373710AB
:1091F000102C372029292929101001990022080E46
:1092000060F30702C1F3074060F30F22C1F30720A8
:1092100060F3174261F31F6201920422144601A910
:10922000184632F04BF9204602B010BD0322144616
:10923000F5E701221446F2E7BDF804208DF8052079
:10924000C2F307228DF8042002221446E7E7BDF896
:109250000400BDF80610040A002264F3070260F35C
:109260000F22080A60F3174261F31F620192D4E7EC
:1092700000221446D3E74FF0FF34D4E7632A03D922
:109280009DF80140042C02D96FF00504CBE722467B
:1092900001A9184632F012F9C5E700BF002959D0DC
:1092A00070B50446002858D0042A16464FD800202E
:1092B000C4F80200E0801D4623706270201D32F069
:1092C000FDF81F2D41D8DFE805F03E1010101010FA
:1092D0002828282626262F2F2F2020202D2D2D1020
:1092E00010262D2024242424101062680023110E3F
:1092F00061F30703C2F3074161F30F23C2F30721B0
:1093000061F3174362F31F636360042086421ED13A
:1093100070BD0320FAE70120F8E7A3886371C3F367
:10932000072323710220F1E7A188E288080A0023BD
:1093300060F3070361F30F23110A61F3174362F32C
:109340001F636360E1E70020E0E7632D08D86FF05A
:10935000050070BD4FF0FF3070474FF0FF3070BD1B
:10936000304670BD232809D96438C0B20F280AD806
:1093700000F57A70400029B9013070474030400054
:109380000029F9D070476FF00900FBE7A1F18003D5
:10939000472B84461CD9A1F5FA631F2B29D821F04D
:1093A0000103A3F5FA63C9435B1001F001006433C4
:1093B00040B1137A9CF828209A4208D0B3FA83F07F
:1093C000400970479CF82310DBB299420AD07047DD
:1093D00021F00103C943803B01F001005B1000282C
:1093E000E7D1EFE7117A9CF82830C81A18BF01209E
:1093F00070470020EBE700BF2DE9F04F80468DB0AD
:10940000A3F180004728DDE9189A179C6AD9A3F5D3
:10941000FA601F2800F2858023F00105A5F5FA65A2
:10942000DB436D1003F0010005F1640B4F7D2668EE
:10943000002F43D0CDE901B0012301F118054FF011
:10944000000C03FA02F2E6462B46039501EB0E10E0
:10945000D0E906B51C6858685C4570EB050538BF57
:10946000E64654EA00050CF1010C16D09D68B542A1
:1094700013D1D8F82450B9EB04046AEB0000A542DC
:109480004FF0000474EB000007D31C7B144204D19E
:1094900014431C730DB0BDE8F08F674503F1100352
:1094A000D4D1039DDDE901B005EB0E134FEA0E1E8A
:1094B0009E601A7345F80E90C3F804A0D8B9CC6822
:1094C000002CE7D0169A0B69CDF8109007CACDE9A9
:1094D00005A307AB83E8070004A94046A0470DB0E9
:1094E000BDE8F08F23F001008038DB434FEA600BCA
:1094F00003F001009AE78B68002BCBD00A69CDF806
:109500001090CDE905A200220A920B92169A8DF8CE
:1095100028B007CA07AC84E8070004A9404698476A
:10952000B8E74F7D2668002FC9D000206FF0060BEA
:1095300080E700BF2DE9F0410546006B696B101A0A
:1095400017462A8C63EB0101904271F1000184B04F
:1095500002D204B0BDE8F081AC6B98460023C5E9A7
:109560000C78CDE90033CDE90233002CF1D06668E8
:109570006946284666B123690293CDE90078B04771
:109580002468002CE5D0666869462846002EF2D192
:109590002468002CEBD104B0BDE8F081232805D964
:1095A00064380F288CBF00200120704701207047CD
:1095B0008368184710B1C36803B11847002070478B
:1095C00010B1036903B11847704700BF2DE9F84394
:1095D0008846064632220021404608EB020731F059
:1095E000D8FDB368002BB5BF2E4A2F4A23F0604345
:1095F000C3F30A033221404631F0E6FCB46814F0AC
:10960000804408F10A0545D1337B63B1DFF8A890A7
:10961000335D791B28464A4631F0D6FC337B013452
:10962000A3420544F4DC08F12202954206D2541B01
:1096300028462246202131F0ACFD25441B4A791BE7
:10964000284631F0C1FC337B2C18DBB1DFF86C907D
:10965000002516F805C0ACF1200EBEF15E0FA7EB99
:10966000040120464FF02E038ABF391B6346204673
:109670004A4688BF4A4631F0A7FC337B0135AB42EE
:109680000444E6DC0A4A391B204631F09DFC404682
:10969000BDE8F883074A791B284631F095FC40461F
:1096A000BDE8F88364E504086CE5040888E504086F
:1096B00090E5040878E5040880E504088CE50408D2
:1096C00030B58379C579427989B0CDE9053503791B
:1096D000857ACDE90332427A037A0C46017800910B
:1096E000CDE901253221034A204631F06DFC2046A8
:1096F00009B030BD94E5040830B58C6883B0F4B18E
:109700000B7B102B1BD12579CDB191F814C00834F7
:10971000002303E0AB4204F1100410D0227B624529
:1097200003F10103F6D1A36823B10A6901926146EE
:1097300001AA9847002323606360A360E36003B03D
:1097400030BD00BF2DE9F043D1F8088083B0B8F1F7
:10975000000F23D098F8042002B300250E4681465E
:1097600008F108042F46217B99B1D6E90003019343
:10977000236883426368019883410AD2A368002268
:109780000BB14846984727606760A760E76098F884
:1097900004200135AA4204F11004E4DC03B0BDE862
:1097A000F08300BF30B58C6885B094B101F10C0234
:1097B0000B46844607CA0DF1040E8EE807001025FB
:1097C0008DF804501A7E2368029371466046FFF7B5
:1097D000F5FB05B030BD00BF2DE9F04182B048B3C4
:1097E000082707EB02178846394616460546FFF755
:1097F000E1FE044608B33A46002131F0CAFC267166
:109800000F49D8F8000020600E4B0F4ACDE9001434
:1098100028460021FFF72EFC064618B9304602B054
:10982000BDE8F08128462146FFF7CAFE304602B067
:10983000BDE8F0814FF0FF36F0E76FF00106EDE78D
:10984000F9960108A5970108459701082DE9F0410F
:1098500084B0002800F08B801646002A00F0878034
:109860000F466A46002105460091FFF779FC044641
:1098700080B9009B002B7DD087B91B79FD2B73D954
:10988000CDE90100039001A92846FFF745FB0746F3
:1098900060B33C46204604B0BDE8F081CDE902004B
:1098A000019001A928468DF80C70FFF735FB804622
:1098B000D0B92846FFF77CFE009BEA6993F804C004
:1098C000121841F100011846BCF1000F4CD0057D83
:1098D000002D43D103EB0810C0E902210775066192
:1098E000204604B0BDE8F0814446D3E72846FFF7A0
:1098F0005FFEEA69009B8E4611181A794EF1000E40
:1099000092B303EB021CB8461A46107D103208B918
:1099100008F101089445F8D1B8F1FD0F24DD4FF0AE
:10992000010C1A7DC2B995F828201E61624504BF5A
:109930000CF1010C5FFA8CFC013783F814C0FE2F88
:109940000CF1010CC3E9021E5FFA8CFC03F1100359
:10995000A0D01A7D002AE6D01033E2E708F1010812
:10996000E04500F11000B2D16FF00B0492E74FF028
:10997000FF348FE76FF00C048CE700BF10B5114681
:109980000446482231F09AFD204610BD2DE9F047EB
:1099900004463D4E3D4B05468EB044F8043B0FCE89
:1099A0000FC40FCE0FC40FCE0FC496E80F000027D0
:1099B0004FF0FF3C84E80F0048223946C5E9117793
:1099C000C5E91377C5E915CCEF6505F1600031F005
:1099D000E0FB012100230022C5E94871C5E94A7175
:1099E000C5E94223C5E94423C5E946230223C5F856
:1099F000303105F58E7805F5927A05F5987958F8A5
:109A0000046F6846314601F0F3FF694606A807F087
:109A1000F9FF012E31D80DF1180CBCE80F0005EB51
:109A2000461404340FC49CE80F0084E80F0006EBD2
:109A3000C606B600574657F8044F022C17D804EB59
:109A4000440406EB840460342C44204607F0BAFF3B
:109A5000DDED050A9DED040A204607F0B9FFB94582
:109A6000E9D1C245CBD128460EB0BDE8F087084BFE
:109A7000084A09486021F0F709FB054B074A0648E8
:109A80006021F0F703FB00BF4CC20408787C050896
:109A9000C4DA0408BCE6040894E60408C4E5040833
:109AA00038B50C4C2368BFF35B8FDB0701D5022070
:109AB00038BD20462EF09EF90028F8D0064D2846E5
:109AC000FFF764FF054B2B6020462EF0A2F9022021
:109AD00038BD00BF00F6002008F600209C7C050879
:109AE0002DE9F04F2DED028B00F5927BDFED6B8AB7
:109AF0008FB0044688465D4600F5987A55F804EF25
:109B0000BEF1020F00F2B7800EEB4E0608EBC60660
:109B10000FCE08AF0FC796E803009DF82C3087E8FA
:109B200003004FEA4E0933B95545E7D10FB0BDECFC
:109B3000028BBDE8F08F04EBCE020899D2F8083111
:109B40000998D2F80C61CDED048A994270EB0607B2
:109B5000CDED058ACDED068ACDED078A79D25B1A67
:109B6000C3F1000766EB00060197B3F1004F76F1F1
:109B7000000680F08C8009EB0E06C2E9421004F565
:109B80008E77B600029503973D46B14655F8047F9F
:109B900008A8394601F0CEFE012FB0EE408A70D8F9
:109BA00007EBC7060EAB03EB87073D4A019B07EDAA
:109BB0000A0A09EB860660362644934230464DD8A1
:109BC00007F0ECFE304607F0E5FE5D4507ED080ABC
:109BD000DCD1DDE9025757F8049FB9F1010F50D8E5
:109BE0000EAAE36D02EB890109EB4906B600022BD0
:109BF00051F8280C06F1A80236D804EB83031A4466
:109C0000334451F8201C1060C3F8C01008AA0A9809
:109C1000494601F0A5FEE36D022B06F1D80223D8D8
:109C200004EB8303134483ED000A0A98494606AA0D
:109C300001F0BAFEE36D022B06F1F00614D804EB36
:109C4000830232445F4582ED000AC4D10133E365EB
:109C50006AE7CB1A60EB0606019386E707F0B2FECF
:109C6000B0EE480A3046ABE70E4B0F4A0F4840F2C1
:109C7000AB11F0F70BFA0E4B0E4A0F486A21F0F7C2
:109C800005FA0B4B0D4A0C486021F0F7FFF90C4B1D
:109C90000C4A0D487F21F0F7F9F900BF00000000E1
:109CA00040420F0068EA040888EA040844EB04080C
:109CB000C4DA04088CE7040894E60408A0E9040860
:109CC0007CE80408E0E8040870E904082DE9F04F96
:109CD00089B01346044601928A4650220021184654
:109CE00031F057FA04F58E7604F5927B56F8047F2E
:109CF000012F00F2538104EB8708BB000093D8F8D2
:109D000044305A1E012A07D9032B00F088805E4593
:109D1000ECD109B0BDE8F08FD4F82851022D00F243
:109D2000378105EB45050AEBC5050FCD0DF1080997
:109D3000CC46ACE80F0095E803009DF814308CE8A1
:109D40000300002B62D19E4601230093D4F82C51CE
:109D5000022D00F21D8105EB45050AEBC5050FCD6F
:109D6000CC46ACE80F0095E803009DF814308CE871
:109D700003002BB1D8F854309E451AD1DDF800E02D
:109D8000D4F83051022D00F2038105EB45050AEBB2
:109D9000C5050FCDCC46ACE80F0095E803009DF853
:109DA00014308CE80300002BB1D0D8F854309E4515
:109DB000ADD04846394601F0BDFD019ABB00DDE952
:109DC00002013B4402EBC303049A1A61D8F8542001
:109DD00083ED000AC3E90201D8F844105961D8F8AC
:109DE0004C109961002A08DB022A00F3E48002EBA0
:109DF00042020AEBC2029268DA61019ABB003B445C
:109E000002EBC303012283F8202080E7D8F8543006
:109E1000002BCED1022300934FF0010E96E7D8F825
:109E20004C30022B3FF478AFD4F82851022D00F2C9
:109E3000AF8005EB45050AEBC5050FCD0DF108090F
:109E4000CC46ACE80F0095E803009DF814308CE890
:109E50000300002B40F08280D4F82C51022D00F238
:109E6000978005EB45050AEBC5050FCDCC46ACE860
:109E70000F0095E803009DF814308CE80300002BD8
:109E800052D1D4F83051022D00F2828005EB450505
:109E90000AEBC5050FCDCC46ACE80F0095E80300F2
:109EA0009DF814308CE8030023BBE26D002A7BDDB3
:109EB000019BBD0007EE902A3D4403EBC505D5ED9F
:109EC000006AB8EEE77AD317C6EE877AD5E90201C1
:109ED000C5ED007AEEF792FBC5E90201D8F844100F
:109EE0006961D8F84C10A961002201232A6185F824
:109EF00020300CE74846394601F01CFD019A0298D3
:109F0000BB003B4402EBC303D3ED007A9A6877EEC3
:109F1000807A12181946D868C3ED007A9A60039BBC
:109F200040EB0303CB60C0E73946484601F002FD31
:109F3000019A0298BB003B4402EBC303D3ED007AC5
:109F40009A6877EE807A12181946D868C3ED007ABD
:109F50009A60039B40EB0303CB6092E73946484687
:109F600001F0E8FC019A0298BB003B4402EBC303FA
:109F7000D3ED007A9A6877EE807A12181946D8687D
:109F8000C3ED007A9A60039B40EB0303CB6063E769
:109F90000C4B0D4A0D486A21F0F778F8094B0C4A32
:109FA0000A486021F0F772F80A4B0B4A0B484FF44D
:109FB000AF71F0F76BF80A4B074A084840F23911C5
:109FC000F0F764F8C4DA04088CE7040894E604089F
:109FD00088EB0408D8DE0408ECEC0408C4EE04089E
:109FE0006CEC04082DE9F04F0C469BB0154600219F
:109FF0005022804631F0CDF84FF0FF32C4E91522EF
:10A0000022680023C4E91133C4E913331668E365F9
:10A010002A46214608A8B04708A92046FFF760FD58
:10A0200004F59273CDE9063804F58E7757F8046F7E
:10A03000012E3FD806EB4605AD0005F1A80905F154
:10A04000D80A05F1C003F035254404EB4618009505
:10A05000E26D019208F10408A144A244234452464F
:10A0600049464046059307F003FF04EB860B03289F
:10A07000059BCBF844004FEA86060DD0069BBB42F9
:10A08000D4D1DDF81C802046424608A9FFF71EFE09
:10A0900040461BB0BDE8F08F54362644009502962A
:10A0A000E56D019552464946404607F0C1FCCBF8A4
:10A0B0004C00E3E7024B034A03486021EFF7E6FF59
:10A0C000C4DA0408C4E5040894E60408F8B5124E9E
:10A0D0003368BFF35B8FDB0704460D4606D5204689
:10A0E0000E492A46FFF77EFF2046F8BD30462DF088
:10A0F00081FE0028F3D0094F3846FFF747FC084B94
:10A100003B6030462DF085FE204604492A46FFF785
:10A1100069FF2046F8BD00BF00F6002008F60020C9
:10A120009C7C050870B5194E3368BFF35B8FDB0765
:10A1300005460C460BD5022C21D8154B4FF42C604C
:10A14000294600FB0430BDE8704005F099B8304660
:10A150002DF050FE0028EED0022201210C4803F021
:10A160001FFC052203210B4803F01AFC06220421E0
:10A17000094803F015FC30462DF04BFEDBE7074B9A
:10A18000074A08481621EFF781FF00BF901701200A
:10A19000A017012060220120202D012034EF0408A7
:10A1A00058EF0408ACEF040870B5194E3368BFF3DC
:10A1B0005B8FDB0705460C460BD5022C21D8154BCF
:10A1C0004FF42C60294600FB0430BDE8704003F0DA
:10A1D000C1BD30462DF00EFE0028EED00222012136
:10A1E0000C4803F0DDFB052203210B4803F0D8FBEC
:10A1F00006220421094803F0D3FB30462DF009FE66
:10A20000DBE7074B074A08481621EFF73FFF00BF7F
:10A2100090170120A017012060220120202D01208D
:10A2200034EF040858EF0408ACEF040838B5184DB3
:10A230002B68BFF35B8FDB0704460AD5022C20D8BE
:10A24000144B4FF42C6000FB0430BDE8384003F0A1
:10A250006FBE28462DF0CEFD0028EFD0022201214E
:10A260000C4803F09DFB052203210B4803F098FBEB
:10A2700006220421094803F093FB28462DF0C9FD6E
:10A28000DCE7074B074A08481621EFF7FFFE00BF3F
:10A2900090170120A017012060220120202D01200D
:10A2A00034EF040858EF0408ACEF04082DE9F0413E
:10A2B000194E3368BFF35B8FDB0707460D46144624
:10A2C0000CD5022C22D815494FF42C603A462B4667
:10A2D00000FB0410BDE8F04107F022BB30462DF032
:10A2E00089FD0028EDD0022201210C4803F058FB23
:10A2F000052203210A4803F053FB062204210948E2
:10A3000003F04EFB30462DF084FDDAE7064B074A9A
:10A3100007481621EFF7BAFE90170120A017012079
:10A3200060220120202D012034EF040858EF04089A
:10A33000ACEF040838B5184D2B68BFF35B8FDB0713
:10A3400004460AD5022C20D8144B4FF42C6000FB95
:10A350000430BDE8384003F0D7BE28462DF04AFD52
:10A360000028EFD0022201210C4803F019FB05223E
:10A3700003210B4803F014FB06220421094803F0D3
:10A380000FFB28462DF045FDDCE7074B074A084840
:10A390001621EFF77BFE00BF90170120A0170120C8
:10A3A00060220120202D012034EF040858EF04081A
:10A3B000ACEF040870B5194E3368BFF35B8FDB0751
:10A3C00005460C460BD5022C21D8154B4FF42C61B9
:10A3D000284601FB043103F005FD284670BD3046D8
:10A3E0002DF008FD0028EED0022201210C4803F0D8
:10A3F000D7FA052203210B4803F0D2FA06220421E2
:10A40000094803F0CDFA30462DF003FDDBE7074B9A
:10A41000074A08481621EFF739FE00BF90170120C0
:10A42000A017012060220120202D012034EF040814
:10A4300058EF0408ACEF04080320704770B5194EBC
:10A440003368BFF35B8FDB0705460C460BD5022C48
:10A4500021D8154B4FF42C60294600FB0430BDE891
:10A46000704004F00DBF30462DF0C4FC0028EED043
:10A470000F2201210C4803F093FA02220D210B4810
:10A4800003F08EFA10220E21094803F089FA3046B3
:10A490002DF0BFFCDBE7074B074A08484B21EFF7DD
:10A4A000F5FD00BF40F7002050F70020100201200A
:10A4B000D00C012034EF040820F00408ACEF0408AD
:10A4C00070B5194E3368BFF35B8FDB0705460C464A
:10A4D0000BD5022C21D8154B4FF42C60294600FBDC
:10A4E0000430BDE8704003F035BC30462DF082FCEE
:10A4F0000028EED00F2201210C4803F051FA02226D
:10A500000D210B4803F04CFA10220E21094803F0EC
:10A5100047FA30462DF07DFCDBE7074B074A084839
:10A520004B21EFF7B3FD00BF40F7002050F70020AC
:10A5300010020120D00C012034EF040820F00408A0
:10A54000ACEF040838B5184D2B68BFF35B8FDB0701
:10A5500004460AD5022C20D8144B4FF42C6000FB83
:10A560000430BDE8384003F0E3BC28462DF042FC3F
:10A570000028EFD00F2201210C4803F011FA02222B
:10A580000D210B4803F00CFA10220E21094803F0AC
:10A5900007FA28462DF03DFCDCE7074B074A084840
:10A5A0004B21EFF773FD00BF40F7002050F700206C
:10A5B00010020120D00C012034EF040820F0040820
:10A5C000ACEF04082DE9F041194E3368BFF35B8FFF
:10A5D000DB0707460D4614460CD5022C22D8154938
:10A5E0004FF42C603A462B4600FB0410BDE8F041C6
:10A5F00007F096B930462DF0FDFB0028EDD00F2274
:10A6000001210C4803F0CCF902220D210A4803F085
:10A61000C7F910220E21094803F0C2F930462DF087
:10A62000F8FBDAE7064B074A07484B21EFF72EFD08
:10A6300040F7002050F7002010020120D00C01202C
:10A6400034EF040820F00408ACEF040838B5184DC6
:10A650002B68BFF35B8FDB0704460AD5022C20D89A
:10A66000144B4FF42C6000FB0430BDE8384003F07D
:10A670004BBD28462DF0BEFB0028EFD00F22012154
:10A680000C4803F08DF902220D210B4803F088F9E4
:10A6900010220E21094803F083F928462DF0B9FB5A
:10A6A000DCE7074B074A08484B21EFF7EFFC00BFF8
:10A6B00040F7002050F7002010020120D00C0120AC
:10A6C00034EF040820F00408ACEF040870B5194E0C
:10A6D0003368BFF35B8FDB0705460C460BD5022CB6
:10A6E00021D8154B4FF42C61284601FB043103F0AF
:10A6F00079FB284670BD30462DF07CFB0028EED05B
:10A700000F2201210C4803F04BF902220D210B48C6
:10A7100003F046F910220E21094803F041F93046B2
:10A720002DF077FBDBE7074B074A08484B21EFF793
:10A73000ADFC00BF40F7002050F7002010020120C0
:10A74000D00C012034EF040820F00408ACEF04081A
:10A750000320704710B511460446482230F0AEFE83
:10A76000204610BD10B511460446482230F0A6FE22
:10A77000204610BDF0B50446324E334B8FB005462F
:10A7800044F8043B0FCE0FC496E80F0000274FF0AB
:10A79000FF3C84E80F00C5E90BC73946C5E90977D6
:10A7A000242205F1340030F0F4FC00220023C5E936
:10A7B0002223C5E92423C5E92623C5E92823234B01
:10A7C0000293234B234903930126234B234A0091F1
:10A7D0000227C5E92A6704936946214B019206A81E
:10A7E000059307F00FF90DF1180CBCE80F0005F107
:10A7F000040EAEE80F009CE80F0084E80F0005F19E
:10A80000A00605F1AC0756F8043F022B13D803EB62
:10A81000430305EB83043434204607F0D3F8DDED21
:10A82000050A9DED040A204607F0D2F8B742EAD1A6
:10A8300028460FB0F0BD0B4B0B4A0C486021EFF7D8
:10A8400025FC00BF8CC20408847C0508AEC7A54166
:10A85000295C134115AE6E4100004040F628D440FB
:10A860000000C841C4DA0408BCE6040894E6040801
:10A87000F0B50446324E334B8FB0054644F8043BE6
:10A880000FCE0FC496E80F0000274FF0FF3C84E87E
:10A890000F00C5E90BC73946C5E90977242205F140
:10A8A000340030F076FC00220023C5E92223C5E9FC
:10A8B0002423C5E92623C5E92823234B0293234BF0
:10A8C000234903930126234B234A00910227C5E91C
:10A8D0002A6704936946214B019206A8059307F065
:10A8E00091F80DF1180CBCE80F0005F1040EAEE86C
:10A8F0000F009CE80F0084E80F0005F1A00605F1A9
:10A90000AC0756F8043F022B13D803EB430305EBC7
:10A9100083043434204607F055F8DDED050A9DED3B
:10A92000040A204607F054F8B742EAD128460FB08F
:10A93000F0BD0B4B0B4A0C486021EFF7A7FB00BFA3
:10A940008CC20408907C0508AEC7A541295C134160
:10A9500015AE6E4100004040F628D4400000C841CA
:10A96000C4DA0408BCE6040894E60408F0B5D0F89C
:10A97000A4702DED028B022F87B000F2578107EBF8
:10A98000470C01EBCC0C05460C46BCE80F00EE462C
:10A99000AEE80F009CE803009DF80C308EE8030041
:10A9A0007E0093BBD5F8A860022E00F23F8106EB33
:10A9B000460C04EBCC0CBCE80F00EE46AEE80F00F2
:10A9C0009CE803009DF80C308EE803007700002B14
:10A9D00040F0BC80D5F8AC60022E00F2278106EB77
:10A9E000460304EBC30CBCE80F00EE46AEE80F00D4
:10A9F0009CE803009DF80C308EE803007700002BE4
:10AA000054D107B0BDEC028BF0BD05EBC700009937
:10AA1000D0F88830DDF804C0D0F88C2099427CEB67
:10AA2000020E80F0E1805B1A62EB0C02C3F1000EB3
:10AA3000B3F1004F72F1000280F01781D5F8A03019
:10AA4000C0E9221C002B40F00A818B4B9DED048A4B
:10AA50003E4405EB86069E4506F1340600F2DA8098
:10AA6000B0EE480A304606F099FF304606F092FFF5
:10AA7000D5F8A030002B40F0EC802B6B022B00F2BD
:10AA8000DB80029905EB8302022982ED168A82EDB2
:10AA9000190A00F0B7800539012900F2D4807749FE
:10AAA00011677749D16701332B637BE705EBC6015B
:10AAB000DDE90004D1E92232984274EB020C80F007
:10AAC00098801B1A62EB0402C3F1000CB3F1004F33
:10AAD00072F1000280F0C980D5F8A030C1E92204EB
:10AAE000002B40F0BC80644B9DED048ABC1905EB43
:10AAF00084049C4504F1340400F29080B0EE480ACE
:10AB0000204606F04BFF204606F044FFD5F8A03063
:10AB1000002B40F09E802B6B022B00F28D8002995F
:10AB200005EB8302022982ED168A82ED190A6DD0A7
:10AB30000539012900F287805048514910670133D7
:10AB4000D1672B6307B0BDEC028BF0BD05EBC600EF
:10AB50000099D0F88830DDF804C0D0F88C209942F4
:10AB60007CEB020E3BD25B1A62EB0C02C3F1000ECF
:10AB7000B3F1004F72F1000277D2D5F8A030C0E9EE
:10AB8000221C002B6BD13C4B9DED048A3E4405EB0F
:10AB900086069E4506F1340644D8B0EE480A304693
:10ABA00006F0FCFE304606F0F5FED5F8A030002B8E
:10ABB0004FD12B6B022B3FD8029905EB8302022960
:10ABC00082ED168A82ED190A18D0053901293AD882
:10ABD0002A4911672A49D16701332B63FAE6CB1A58
:10ABE0006CEB02029E46C3E7CB1A6CEB02029E4658
:10ABF0001EE7C31A64EB02029C4667E7214911670E
:10AC00002149E8E71F4911671F494BE71D481E49C5
:10AC1000106794E7304606F0D5FE21E7204606F09F
:10AC2000D1FE6BE7304606F0CDFEB6E7174B184A6B
:10AC300018486A21EFF72AFA174B184A184840F2C9
:10AC4000AB11EFF723FA174B174A1848DA21EFF741
:10AC50001DFA0E4B164A0F486021EFF717FA114BF9
:10AC6000144A1248B921EFF711FA134B134A14484A
:10AC70007F21EFF70BFA00BF40420F00002474451C
:10AC800000C8AF4590660F4400088444C4DA040845
:10AC900074F0040894E6040868EA040888EA0408E2
:10ACA00044EB0408D8DE04085CF4040824F3040828
:10ACB00098F3040860F104087CE80408E0E804085C
:10ACC00070E90408F0B5282297B0A24C0E46002186
:10ACD000054630F05EFA00234FF0FF32C4E90B2343
:10ACE0003146482204A8C4E9093330F0E7FB04A93F
:10ACF0002046FFF73BFED4F8A030002B40F0158132
:10AD0000236B04F17C06CDE9006304F1700204F1C9
:10AD1000640304F15801201D07F0AAF803286062BB
:10AD200000F0E68028220021284630F032FAD4F8DC
:10AD3000A030002B40F0F380626A531E012B7AD9B9
:10AD4000032A02D0284617B0F0BDA66A022E72D0A0
:10AD5000D4F8A430022B00F2DC8016AA03EB4303E4
:10AD600002EBC30313F83C2C5AB153ED0E7A9FED5E
:10AD70007A7A53E9122377EE877AC5E90223C5ED83
:10AD8000007AD4F8A830022B00F2C38016AA03EB95
:10AD9000430302EBC30313F83C2C82B153E91202C4
:10ADA00013ED0E7AAB68D5ED007A1B18AB60EB683B
:10ADB00077EE877A42EB0303C5ED007AEB60D4F8B7
:10ADC000AC30022B00F2A58016AA03EB430302EB82
:10ADD000C30313F83C2C82B153E9120213ED0E7A2F
:10ADE000AB68D5ED007A1B18AB60EB6877EE877A1D
:10ADF00042EB0303C5ED007AEB60226B002A40F3BF
:10AE0000A18007EE902AD5ED006AB8EEE77AD5E981
:10AE10000201C6EE877AD317C5ED007AEDF7EEFB97
:10AE20000322C5E9020101232846C5E9052685F864
:10AE3000203017B0F0BDD4F8A430022B69D803EB52
:10AE4000430304A901EBC30016A901EBC303017B73
:10AE500053F8386C806813ED127B11B1E36A83BB41
:10AE60000121D4F8A830022B53D803EB430304A8E4
:10AE700000EBC30016AE06EBC303077B53F8386C38
:10AE8000806813ED127B1FB1E36A994219D1013139
:10AE9000D4F8AC30022B3CD803EB430304A800EBFE
:10AEA000C30016AE06EBC303077B53F8386C80680B
:10AEB00013ED127B002F3FF445AFE36A99423FF454
:10AEC00041AFA16A2E60002B85ED027BC5E904022B
:10AED000A96109DB022B2EDC03EB430316AA02EB6C
:10AEE000C30353F8403CEB61012385F8203029E788
:10AEF0000096236B04F12C00CDE9013004F17002BF
:10AF000004F1640304F15801201D06F091FDA062D4
:10AF100008E7124B124A13486A21EFF7B7F80F4BB4
:10AF2000114A10486021EFF7B1F80C4B0F4A0D4859
:10AF30006021EFF7ABF80E4B0E4A0F4840F2391183
:10AF4000EFF7A4F80D4B0B4A0B484FF4AF71EFF736
:10AF50009DF800BF9038012000000000C4DA04080A
:10AF600074F0040894E60408DCF8040810F80408F7
:10AF70006CEC0408B8F90408C4EE0408D8DE040830
:10AF8000F0B5D0F8A4702DED028B022F87B000F23F
:10AF9000688107EB470C01EBCC0C05460C46BCE87E
:10AFA0000F00EE46AEE80F009CE803009DF80C3061
:10AFB0008EE803007E0093BBD5F8A860022E00F255
:10AFC000508106EB460C04EBCC0CBCE80F00EE46BF
:10AFD000AEE80F009CE803009DF80C308EE80300FB
:10AFE0007700002B40F0BE80D5F8AC60022E00F256
:10AFF000388106EB460304EBC30CBCE80F00EE46B9
:10B00000AEE80F009CE803009DF80C308EE80300CA
:10B010007700002B56D107B0BDEC028BF0BD05EBDD
:10B02000C7000099D0F88830DDF804C0D0F88C2033
:10B0300099427CEB020E80F0E5805B1A62EB0C0219
:10B04000C3F1000EB3F1004F72F1000280F02881CD
:10B05000D5F8A030C0E9221C002B40F01B81934B97
:10B060009DED048A3E4405EB86069E4506F13406B6
:10B0700000F2EB80B0EE480A304606F08FFC304616
:10B0800006F088FCD5F8A030002B40F0FD802B6B3B
:10B09000022B00F2EC80029905EB83020F2982ED6E
:10B0A000168A82ED190A00F0C080102900F0B980DC
:10B0B000022940F0E3807E4911677E49D167013360
:10B0C0002B6379E705EBC601DDE90004D1E9223203
:10B0D000984274EB020CC0F09A80C31A64EB02022F
:10B0E0009C46B3F1004F72F1000280F0D980D5F890
:10B0F000A030C1E92204002B40F0CC806B4B9DEDC9
:10B10000048ABC1905EB84049C4504F1340400F264
:10B11000A080B0EE480A204606F040FC204606F02B
:10B1200039FCD5F8A030002B40F0AE802B6B022B01
:10B1300000F29D80029905EB83020F2982ED168AA9
:10B1400082ED190A7DD0102977D0022940F096802F
:10B150005748584910670133D1672B6307B0BDECDE
:10B16000028BF0BD05EBC6000099D0F88830DDF801
:10B1700004C0D0F88C2099427CEB020E3DD25B1AC1
:10B1800062EB0C02C3F1000EB3F1004F72F100024A
:10B1900080F08680D5F8A030C0E9221C002B79D140
:10B1A000424B9DED048A3E4405EB86069E4506F122
:10B1B000340652D8B0EE480A304606F0EFFB30466F
:10B1C00006F0E8FBD5F8A030002B5DD12B6B022BED
:10B1D0004DD8029905EB83020F2982ED168A82ED84
:10B1E000190A1AD0102924D0022947D130491167F1
:10B1F0003049D16701332B63F6E6CB1A6CEB0202C0
:10B200009E46C1E7CB1A6CEB02029E461AE71B1A58
:10B2100062EB0402C3F1000C63E727491167274979
:10B22000E7E727491167274948E723491167234979
:10B2300044E7234911672349DBE721482149106787
:10B2400089E71D481D49106785E7304606F0BAFBBF
:10B2500010E7204606F0B6FB5BE7304606F0B2FB8F
:10B26000A8E7194B194A1A486A21EEF70FFF194B44
:10B27000194A1A4840F2AB11EEF708FF184B194A69
:10B280001948DA21EEF702FF0F4B184A10486021E7
:10B29000EEF7FCFE124B164A1348B921EEF7F6FE04
:10B2A000144B154A15487F21EEF7F0FE40420F007F
:10B2B00090660F44000884440000A24300401C44F0
:10B2C0007B5CA84400401C45C4DA040874F0040800
:10B2D00094E6040868EA040888EA040844EB0408D1
:10B2E000D8DE0408BCFD040824F3040898F304081D
:10B2F00004FC04087CE80408E0E8040870E9040899
:10B30000F0B5282297B0A24C0E46002105462FF03A
:10B3100040FF00234FF0FF32C4E90B23314648229F
:10B3200004A8C4E9093330F0C9F804A92046FFF79E
:10B3300027FED4F8A030002B40F01581236B04F1D8
:10B340007C06CDE9006304F1700204F1640304F1AA
:10B350005801201D06F08CFD0328606200F0E68095
:10B360002822002128462FF014FFD4F8A030002B0B
:10B3700040F0F380626A531E012B7AD9032A02D06F
:10B38000284617B0F0BDA66A022E72D0D4F8A430B9
:10B39000022B00F2DC8016AA03EB430302EBC3038B
:10B3A00013F83C2C5AB153ED0E7A9FED7A7A53E99B
:10B3B000122377EE877AC5E90223C5ED007AD4F827
:10B3C000A830022B00F2C38016AA03EB430302EB62
:10B3D000C30313F83C2C82B153E9120213ED0E7A29
:10B3E000AB68D5ED007A1B18AB60EB6877EE877A17
:10B3F00042EB0303C5ED007AEB60D4F8AC30022BCE
:10B4000000F2A58016AA03EB430302EBC30313F873
:10B410003C2C82B153E9120213ED0E7AAB68D5EDE4
:10B42000007A1B18AB60EB6877EE877A42EB030378
:10B43000C5ED007AEB60226B002A40F3A18007EE95
:10B44000902AD5ED006AB8EEE77AD5E90201C6EE9A
:10B45000877AD317C5ED007AEDF7D0F80322C5E956
:10B46000020101232846C5E9052685F8203017B0DA
:10B47000F0BDD4F8A430022B69D803EB430304A930
:10B4800001EBC30016A901EBC303017B53F8386C31
:10B49000806813ED127B11B1E36A83BB0121D4F8FC
:10B4A000A830022B53D803EB430304A800EBC300DE
:10B4B00016AE06EBC303077B53F8386C806813EDB8
:10B4C000127B1FB1E36A994219D10131D4F8AC3033
:10B4D000022B3CD803EB430304A800EBC30016AED9
:10B4E00006EBC303077B53F8386C806813ED127BBF
:10B4F000002F3FF445AFE36A99423FF441AFA16AA0
:10B500002E60002B85ED027BC5E90402A96109DBF1
:10B51000022B2EDC03EB430316AA02EBC30353F802
:10B52000403CEB61012385F8203029E70096236B2E
:10B5300004F12C00CDE9013004F1700204F1640340
:10B5400004F15801201D06F073FAA06208E7124BBF
:10B55000124A13486A21EEF799FD0F4B114A104821
:10B560006021EEF793FD0C4B0F4A0D486021EEF77A
:10B570008DFD0E4B0E4A0F4840F23911EEF786FD55
:10B580000D4B0B4A0B484FF4AF71EEF77FFD00BF38
:10B59000E037012000000000C4DA040874F0040859
:10B5A00094E60408DCF8040810F804086CEC0408BD
:10B5B00048010508C4EE0408D8DE040808B50348AD
:10B5C000FFF7D8F80248FFF753F908BD903801207B
:10B5D000E03701202DE9F0412DED028B11469CB0A2
:10B5E000482204462FF06AFF482200210AA82FF0C3
:10B5F000D0FDA646BEE80F000DF1100CACE80F0020
:10B600009EE80300257B8CE8030055B10DF1100C7A
:10B61000BCE80F000AAE0FC69CE8030086E80300F2
:10B62000012504F1180EBEE80F000DF1100CACE876
:10B630000F009EE8030094F824608CE80300002EBD
:10B6400040F0AC8004F1300CBCE80F0004AE0FC633
:10B650009CE8030094F83C7086E80300002F00F09B
:10B66000978005EB450C1CAB04AE03EBCC0C0FCE66
:10B67000ACF1480CACE80F0096E803008CE803003E
:10B680000135012D00F08480DDED0F7A9FEDA57A64
:10B69000F0EEE77AF4EEC77AF1EE10FA40F29F800E
:10B6A000DDED157AF0EEE77AF4EEC77AF1EE10FAF6
:10B6B00040F29580032D09D1DDED1B7AF0EEE77A9B
:10B6C000F4EEC77AF1EE10FA40F2EA809FED968A26
:10B6D0000AAE00273369019301A873698DED038ACF
:10B6E000029308F02DFE0137BD4286ED040AC6ED37
:10B6F000050A8DED040ACDED050A8DED061A06F159
:10B700001806E7D19DED0F8ADDED157A9FED870ACA
:10B7100077EEC87AB0EEE77AB4EEC07AF1EE10FABE
:10B7200000F3A680032D0FD19DED0F8ADDED1B7A6E
:10B730009FED7E0A77EEC87AB0EEE77AB4EEC07A73
:10B74000F1EE10FA00F3D5800C9E0A3E022E0AD8C4
:10B750000AAF0FCF06EB460604EBC6060FC697E806
:10B76000030086E80300129E0A3E022E0AD810AF9C
:10B770000FCF06EB460604EBC6060FC697E803009C
:10B7800086E80300032D03D1189D0A3D022D5ED9E2
:10B7900020461CB0BDEC028BBDE8F08105EB450CEA
:10B7A0001CAB04AE03EBCC0C37460FCEACF1480C0F
:10B7B000ACE80F0096E8030004F1300E8CE80300BB
:10B7C000BEE80F000FC79EE8030094F83C8086E8AF
:10B7D00003000135B8F1000F3FF453AF41E79DED91
:10B7E0000E8ADDED147A9FED517A77EEC87AF0EE8D
:10B7F000E76AF4EEC76AF1EE10FA60DC032DA3D11C
:10B800009DED0E8ADDED1A7A9FED480A77EEC87A33
:10B81000B0EEE77AB4EEC07AF1EE10FA94DDDFED27
:10B82000448A37EE800AF0EE680A2DF0FFFDB5EE8F
:10B83000C00AF1EE10FA48BF30EE280ADFED3B7A7D
:10B8400070EE677A77EE887ACDED1A7A7CE716AEDD
:10B850000FCE05EB450504EBC5050FC596E80300C3
:10B8600085E8030020461CB0BDEC028BBDE8F081EA
:10B87000DFED2F8A37EE800AF0EE680A2DF0D6FD54
:10B88000B5EEC00AF1EE10FA01D530EE280ADFED70
:10B89000277A30EE670A30EE080A8DED150A41E787
:10B8A0009DED0E8ADDED147A9FED207A77EEC87A51
:10B8B000F0EEE76AF4EEC76AF1EE10FAA2DD9FED52
:10B8C0001B0ADFED1B8A37EE800AF0EE680A2DF0C6
:10B8D000ADFDB5EEC00AF1EE10FA01D530EE280A42
:10B8E000DFED127A30EE670A30EE080A8DED140AA9
:10B8F00084E7DFED0F8A37EE800AF0EE680A2DF05C
:10B9000095FDB5EEC00AF1EE10FA48BF30EE280AF8
:10B91000DFED067A70EE677A77EE887ACDED1B7AE6
:10B9200012E700BFAA619C3F00000000DA0F494007
:10B93000DA0FC94021B1012905D190ED050A704700
:10B9400090ED040A704708B5024A034B03481E21D4
:10B95000EEF79CFB78030508D8DE040828040508E8
:10B96000012908B510D80A2805D00B38012805D8B8
:10B970009FED080A08BD9FED080A08BD074B084A5D
:10B9800008484021EEF782FB044B054A0548452153
:10B99000EEF77CFB76FC5D3ABEF39F39D8DE0408F7
:10B9A0009C04050828040508012908B510D80A28B0
:10B9B00005D00B38012805D89FED080A08BD9FED7A
:10B9C000080A08BD074B084A08486721EEF75EFBE6
:10B9D000044B054A05486C21EEF758FB76FC5D3AAE
:10B9E000BEF39F39D8DE04085C0605082804050864
:10B9F000012908B50ED8DFF83CC00949094AC0F84A
:10BA000000C0DFF834C04160C160C0F808C0026106
:10BA1000426108BD044B054A05488621EEF736FB16
:10BA2000002474490000C842D8DE04082408050830
:10BA300028040508F628D440295C134100487047C3
:10BA4000C83A012000487047403901202DE9F04FE5
:10BA5000DFF898A15F4EC3B001ABD1460593B9E8BA
:10BA60000F000DF1880E7446CDF858E0AEE80F00D7
:10BA700099E80F00D0468EE80F00B8E80F000825BF
:10BA80000DF1A80CACE80F00179599E80F008CE8B1
:10BA90000F004FF480710E914FF0012111911EA9FA
:10BAA0003E910CA9CDE9321514A80EA9CDE93415A3
:10BAB000CDE93A05484A494B159310A91CA84FF007
:10BAC0000137CDE93615CDE93C0512A920A8444B34
:10BAD0000F96CDE91227CDE93815CDE90C67CDE9F0
:10BAE0001C76109714971E971F93CDE9400532A836
:10BAF000CDE91A051AA803C8CDE92072059A3F9529
:10BB000082E803000DF1A80C0DF1580B00959BE89D
:10BB100006006346334805F0BFFDA3461C94544617
:10BB20000FCCABE80F0099E80F00D6468BE80F006A
:10BB3000BEE80F000DF1A80CACE80F0099E80F006B
:10BB40001D958CE80F0008A834904FF001100C9060
:10BB50000CA838900EA83A9010A82049204B3C9091
:10BB600012A83E9008912AA80F911B4A0E9332A961
:10BB70000DF1180A0DF12808CDE91E05CDE91233A3
:10BB8000CDE90667CDE90A67CDE91066CDF8C8A012
:10BB9000CDF8D88033950997359537950D9714973B
:10BBA00039953B953D953F951592209114A940916B
:10BBB000219520A9034603C9059A419582E803000F
:10BBC0001CAA06CA0848009505F066FD43B0BDE80A
:10BBD000F08F00BF0100010101010100000101011E
:10BBE00001010001C83A012040390120ACC204081B
:10BBF0002DE9F041D0E900600D682DED028B9046F3
:10BC0000B0EE408A11468000002405F14C0C9FEDF7
:10BC1000517A2F46F0EE473AB0EE474AF0EE474AE7
:10BC2000B0EE475AF0EE475AB0EE476AF0EE476A78
:10BC3000B64606EB84032A46F2EC017A93ED010A3C
:10BC4000D3ED020A93ED031AD3ED041A93ED052AFE
:10BC5000D3ED062A93ED073AD3ED008A9445E7EE3B
:10BC6000A86A0344A7EE806AE7EEA05AA7EE815ABD
:10BC7000E7EEA14AA7EE824AE7EEA23AA7EE837A60
:10BC8000DAD191ED000AD1ED010A91ED021A91EDA0
:10BC9000042AD1ED052A91ED063AD1ED031AD1ED32
:10BCA000077AA6EE880A2031E6EE080AA5EE881A81
:10BCB000B0EE626AF0EE425AF0EE436AE5EE081A20
:10BCC000E4EE885AA4EE086AE3EE886AE7EE087AA2
:10BCD00001ED080A41ED070A01ED061A41ED051ACA
:10BCE00041ED045A01ED036A41ED026A41ED017A2A
:10BCF0000CB908248BE79FED177AF0EE476AB0EE97
:10BD0000476AF7EC017ADEED104A9EED115ADEED3E
:10BD1000125ABC45A7EEA46A8644E7EE856AA7EEF0
:10BD2000A57AEED198ED105AD8ED115AD8ED127AC5
:10BD3000A8EE065AB0EE656AA8EE266AE8EE077A23
:10BD4000BDEC028B88ED105A88ED116AC8ED127AAD
:10BD5000BDE8F081000000002DE9F04F2DED028BD1
:10BD600044680D68076887B04FEA8409B9F5FA4F4F
:10BD70000095134600F2D28009EB0402CDE903746A
:10BD8000920003F1400602921846394607EB04126E
:10BD9000019605F14C0C05939FED8B7A009B01EB0E
:10BDA000490502EB490409EB050A09EB040BF0EE27
:10BDB000473AB0EE474AF0EE474AB0EE475AF0EE47
:10BDC000475AB0EE476AF0EE476A09EB010809EB03
:10BDD000020E5F465646F3EC017AB1EC018AF8ECAC
:10BDE000018AF5EC010AB6EC011AF2EC011ABEEC7C
:10BDF000012AF4EC012AB7EC013A9C45E7EE886A87
:10BE0000A7EEA86AE7EEA05AA7EE815AE7EEA14A8C
:10BE1000A7EE824AE7EEA23AA7EE837ADBD190ED55
:10BE2000008AD0ED010A90ED021A90ED042AD0EDBF
:10BE3000052A90ED063AD0ED031AD0ED077A029B61
:10BE4000A6EE808A03EB0A0103EB0B02E6EE000A82
:10BE5000019BA5EE801A2030F0EE425AB0EE626AE5
:10BE6000F0EE436AE5EE001AE4EE805AA4EE006AB2
:10BE7000E3EE806AE7EE007A00ED088A40ED070AFB
:10BE800000ED061A40ED051A40ED045A00ED036A74
:10BE900040ED026A40ED017A83427FF47DAFDDE937
:10BEA0000374059B9FED487A009A07EB841707EB14
:10BEB0000900F0EE476A04461146F1EC017AF7EC0E
:10BEC000015AB4EC016A8C45E7EEA56AA7EE867AC2
:10BED000F3D1D3ED117A93ED106AE0EE077A00EB1F
:10BEE0000901A0EE266AF0EE676ADFED377A83ED8E
:10BEF000106AC3ED116AF2EC016AB1EC017A944563
:10BF0000E6EE877AF7D193ED127AA0EE277A83EDE9
:10BF1000127A07B0BDEC028BBDE8F08FCDE9017459
:10BF200004EB440E4FEA8E0E1E46394603F1400ADA
:10BF30004FEAC40805F14C0CAB469FED237A09EBA0
:10BF40000107F0EE475AB0EE476AF0EE476A5A46EC
:10BF500008EB01050EEB01043846F2EC017AF1EC36
:10BF6000013AB0EC014AF5EC014AB4EC015A9445AF
:10BF7000E7EEA36AA7EE846AE7EEA45AA7EE857AF5
:10BF8000EBD196ED004A96ED025AD6ED014AD6ED78
:10BF9000037AA0EE264A10360EEB0701F0EE456A52
:10BFA000E0EE064AE0EE256AE0EE077A06ED044A86
:10BFB00046ED034A46ED026A46ED017AB245BCD130
:10BFC000DDE901746EE700BF000000002DE9F041DB
:10BFD00000F2B45590B00446284604F0E3FD04F5A1
:10BFE0000F63D3ED007A77EE807A2846C3ED007AAE
:10BFF00004F0DCFD04F6F403D3ED007A0DF127061E
:10C0000077EE807A26F00F06C3ED007A294601A864
:10C0100006F1100804F0CEFD04F510679FED631AD9
:10C02000DDED020A9DED010A404608F023F8414685
:10C030003A463046F0F7A2F896E80F0087E80F007E
:10C040003846F0F7A7F9294603A804F0BBFD04F52C
:10C050001163D3ED007A9DED037A77EE877A04F6CB
:10C060001412C3ED007AD2ED007A9DED047A77EEDA
:10C07000877A04F61813C2ED007A9DED057AD3EDA8
:10C08000007A77EE877A2946C3ED007A03A804F098
:10C09000A7FD04F61C13D3ED007A9DED037A77EE2D
:10C0A000877A04F51262C3ED007AD2ED007A9DED35
:10C0B000047A77EE877A04F62413C2ED007A9DEDB8
:10C0C000057AD3ED007A77EE877A2946C3ED007AB8
:10C0D00003A804F093FD04F62813D3ED007A9DED38
:10C0E000037A77EE877A04F62C12C3ED007AD2ED4C
:10C0F000007A9DED047A77EE877A04F51363C2ED3A
:10C10000007A9DED057AD3ED007A77EE877A29469D
:10C11000C3ED007A03A804F07FFD04F63413D3EDD9
:10C12000007A9DED037A77EE877A04F63812C3ED34
:10C13000007AD2ED007A9DED047A77EE877A04F6E4
:10C140003C13C2ED007A9DED057AD3ED007A77EECF
:10C15000877A294603A8C3ED007A04F06BFD04F545
:10C160001462D2ED007A9DED037A77EE877A04F6B9
:10C170004413C2ED007AD3ED007A9DED047A77EE98
:10C18000877A04F64814C3ED007AD4ED007A9DED69
:10C19000057A77EE877A4C2200212846C4ED007A92
:10C1A00010B0BDE8F0412EF0F4BF00BF0000000069
:10C1B00010B5D0F82C41022C00DD10BD642304FB27
:10C1C00003F370EE607A61EE811A00EB030C143316
:10C1D0008CED000ACCED010ACCED027ACCED031A0D
:10C1E0008CED041A0344D1F800E0C3F800E0D1F864
:10C1F00004E0C3F804E0D1F808E0C3F808E0D1F89F
:10C200000CE0C3F80CE0D1F810E0C3F810E0D1F86E
:10C2100014E0C3F814E0D1F818E0C3F818E0D1F83E
:10C220001CE0C3F81CE0D1F820E0C3F820E0D1F80E
:10C2300024E0C3F824E0D1F828E0C3F828E0D1F8DE
:10C240002CE0C3F82CE0D1F830E0C3F830E0D1F8AE
:10C2500034E0C3F834E0D1F838E0C3F838E0D1F87E
:10C260003CE0C3F83CE0D1F840E0C3F840E0D1F84E
:10C2700044E0C3F844E0896C9964013401238CF8EC
:10C2800060208CF86130C0F82C4110BD2DE9F04FD2
:10C290002DED068B044699B0D0F8300704F0BCFFB2
:10C2A00004F6A422D2ED007A90ED367AF0EEE77A29
:10C2B000F4EEC77AF1EE10FA0DD804F6A822D2ED0A
:10C2C000007A90ED377AF0EEE77AF4EEC77AF1EE85
:10C2D00010FA804604D919B0BDEC068BBDE8F08F8A
:10C2E00004F69C2304F5276204F69829D2ED007A1F
:10C2F00093ED006AD9ED000A019304F66C2292EDE9
:10C30000007A04F6542504F52A6292ED008A67EE5D
:10C31000A00A67EE867A95ED006A04F5296304F6B3
:10C320008C2ADAED006A039328EE068A93ED006A00
:10C3300004F6942204F52566E6EE870A04F5286BD8
:10C3400004F68423E7EE067A04F64C27002192EDEA
:10C35000006A96ED007ADBED006A029304F668222B
:10C36000A6EE078A05A892ED007AE6EE870A04F6A3
:10C370008822D3ED006AE7EE267A92ED007AF0EE9D
:10C38000678AD7ED007A4C22A7EE278AB0EE609A32
:10C390002EF0FFFE022004F0EFFB0130122800F225
:10C3A000F78018AB03EB800000ED138A032004F044
:10C3B000E3FB1228DBF8001000F2EA8005AB03EB88
:10C3C0008002DAF800C011604FEA800200F0E080DD
:10C3D00006AB99181128C1F800C0D9F8001000F078
:10C3E000D78007AB1A440520116004F0C5FBDBEDD4
:10C3F000007A97ED007A122867EE877A00F2C880FB
:10C400009AED007AD6ED006A05AB03EB8002C2ED2F
:10C41000007A27EE267A4FEA800200F0B980D9ED43
:10C42000007AD5ED006A06AB9918112867EEA67A56
:10C4300081ED007A00F0AC8007AB1A44C2ED007ABF
:10C44000072004F099FB122800F2A28018AB03EB3E
:10C45000800004F5E763D3ED007AD8ED359ADFF874
:10C4600050A19FED4F0A40F84CACB7EE007A87EE32
:10C4700027AA04F6AC2304F5C069002205A94846A2
:10C48000D3ED007A04F5146379EEA79AD3ED000A90
:10C49000F0EE4A1A79EE600AB0EE691AFFF788FEEC
:10C4A0004C22002105A82EF074FE022004F064FB4B
:10C4B0001228B1EE488A6BD818AB03EB800000ED70
:10C4C000138A032004F058FB029B12281A685FD8D5
:10C4D00005A901EB80031A60039A4FEA80031168F3
:10C4E00056D006AA1A441128116001990A684FD043
:10C4F00007A8034405201A6004F03EFB029B97ED59
:10C50000007AD3ED007A122867EE877A40D8039A32
:10C51000D6ED006A92ED007A05AB03EB800327EEBF
:10C52000267AC3ED007A4FEA800231D00199D5ED29
:10C53000006AD1ED007A06AB1344112867EEA67AA3
:10C5400083ED007A24D007AB1344C3ED007A0720B3
:10C5500004F012FB013012281AD804F6441418AB68
:10C5600003EB8003D4ED000A9FED0D0A43F84CACB9
:10C5700078EEE00AF0EE4A1AB0EE691A002205A938
:10C580004846FFF715FE19B0BDEC068BBDE8F08FED
:10C59000044B054A05484FF4B771EDF777FD00BF2E
:10C5A00000000000C0080508F808050844EB04086E
:10C5B000000080BF2DE9F04F2DED048B06468FB0B3
:10C5C000D0F830070F4604F027FE40F2A4520021B5
:10C5D000044638462EF0DDFD012004F0CDFA06F6C3
:10C5E0008823D3ED007A94ED147A67EEA77A06F6E5
:10C5F000582567EE877A95ED007A122867EE877ADC
:10C6000000F2B18100EB800007EB001393ED007A9C
:10C6100077EE877A06F69422C3ED007A92ED007ADF
:10C6200094ED156AD5ED006A27EE077A06F52A62C1
:10C6300027EE067AE7EE267AC3ED007A92ED007ACD
:10C6400094ED166AD5ED006A96F8B52A27EE077ABA
:10C6500027EE067AE7EE267AC3ED007A002A40F04C
:10C660007F81D4ED178A94ED189A94ED198ACDED57
:10C67000058A00230220CDE90633CDE90A33089369
:10C680000C938DED099A8DED0D8A04F075FA06F57F
:10C690002862D2ED003AD5ED004A06F6842292EDEA
:10C6A000004A06F68C22D2ED002A06F5296292EDA8
:10C6B000003A00EBC00306F6982292ED007A03449C
:10C6C00006F69C221128D2ED006A07EBC30300F2A4
:10C6D00051819FEDAB6A67EE087A26EE888A27EED5
:10C6E000065A66EE865AE2EE867A0320A3EE068AA2
:10C6F000F0EE451AB0EE652AE2EE891AA3EE092A99
:10C70000A4EE068AE3EE867AE3EE861AA4EE062A03
:10C71000A2EE865AE3EE065A27EE276A66EEA77A5D
:10C7200027EE087A66EE886AA3EEA85AE4EE285A45
:10C73000A2EEA16AE3EE217AA2EE827AE3EE026A29
:10C74000A3EE856AE4EE057AA3EEA57AE4EE256A07
:10C7500064EEA77A24EE877A24EE866A64EEA64A0F
:10C7600083ED017AC3ED137A83ED006AC3ED144AB9
:10C7700004F002FA8146042004F0FEF98046062007
:10C7800004F0FAF98346052004F0F6F98246072002
:10C7900004F0F2F90290D6F8300704F03DFD019064
:10C7A000D6F8300704F038FDD5ED007A94ED1A7A0A
:10C7B000B9F1120F67EE877A00F2D58009EB89068E
:10C7C00007EB0616C6ED007AD5ED007A94ED1D7ADA
:10C7D000B8F1120F67EE877A00F2C58008EB880285
:10C7E00007EB0212C2ED007AD5ED007A94ED207AC3
:10C7F000BAF1120F67EE877A00F2B5800AEB8A0C65
:10C8000007EB0C1CCCED007AD5ED007A94ED237A81
:10C81000BBF1120F67EE877A00F2A5800BEB8B0E4F
:10C8200007EB0E1ECEED007AD0ED117A0199029B36
:10C8300091ED326AD5ED006A039067EEA77A122B6C
:10C8400077EEA77A87EE867A67EE267A00F28B80FB
:10C8500003EB830007EB0017C7ED007AD4ED1B7ADA
:10C8600095ED007AB9F1120F67EE877A7BD0C6EDAD
:10C87000147AD5ED007A94ED1E7AB8F1120F67EEB6
:10C88000877A70D0C2ED147AD4ED217A95ED007AD2
:10C89000BAF1120F67EE877A65D0CCED147AD4ED39
:10C8A000247A95ED007ABBF1120F67EE877A5AD0A1
:10C8B0000398CEED147AD0ED127A91ED336AD5ED6E
:10C8C000006A67EEA77A122B77EEA77A87EE867A50
:10C8D00067EE267A47D0C7ED147AD4ED1C7A95ED31
:10C8E000007AB9F1110F67EE877A3CD0C6ED287A4D
:10C8F000D4ED1F7A95ED007AB8F1110F67EE877AC3
:10C9000031D0C2ED287AD4ED227A95ED007ABAF1D1
:10C91000110F67EE877A26D0CCED287AD4ED257AF0
:10C9200095ED007ABBF1110F67EE877A1BD0CEED43
:10C93000287AD0ED137A91ED346AD5ED006A67EE6E
:10C94000A77A112B77EEA77A87EE867A67EE267A9A
:10C9500009D0C7ED287A0FB0BDEC048BBDE8F08F8D
:10C9600000221A607DE6074B074A08484FF4B7716A
:10C97000EDF78CFB064B074A07488421EDF786FB51
:10C9800000000000C0080508CC09050844EB0408B5
:10C99000A00A0508300B0508240C05082DE9F04114
:10C9A000D0F898282DED048B0025022A94B080F849
:10C9B000615680F8C55680F82957C0F82C5740F3C7
:10C9C0008C80D0F89438033393FBF2F102FB1133DF
:10C9D00003EB430300F5096202EBC303D3E90467E9
:10C9E00093ED088AD0F8202AD0F8243A9F4208BF55
:10C9F0009642044600F5226807D0D0F85009D4F8D2
:10CA00005419B04271EB070308D294F8B03A002BE6
:10CA10005BD014B0BDEC048BBDE8F081801B61EBF2
:10CA20000701EBF755FD9FED337A07EE900A04F20C
:10CA3000547367EE877A93ED007AF4EEC77AF1EEDD
:10CA400010FAE2D8B0EE480A07F0CAF9F0EE408AD0
:10CA5000B0EE480A07F0FEF9F4EE408AF1EE10FA63
:10CA6000B0EE408AD1D64C22294601A82EF091FB87
:10CA7000284604F081F8122835D814AB03EB800067
:10CA8000B7EE009A00ED139AD4F8340704F0EEFBE9
:10CA900004F24473D3ED001A28EE088A04F50F63FC
:10CAA000B0EE021AA8EE001A2A4601A9C9EE211A10
:10CAB00004F5C060D3ED000AB0EE680AFFF778FB1A
:10CAC000C4F8206AC8F804709FE7204614B0BDEC93
:10CAD000048BBDE8F041FFF7D9BB074B074A084874
:10CAE0004C21EDF7D3FA074B074A08484FF4B771CA
:10CAF000EDF7CCFABD378635600C0508940C0508B7
:10CB0000100D0508C0080508F808050844EB0408DE
:10CB10004368022B00D070472DE9F0478668D0F8B3
:10CB20005099C768D0F854A94E4577EB0A0300F531
:10CB300015682DED028B0446C0F08380D0F82818CC
:10CB4000022940F38180D0F82428D31C00F5026527
:10CB500093FBF1F001FB103305EB4313D3E9040C15
:10CB6000864277EB0C031ED200234FF0FF310120E9
:10CB70006060C5E90113C4F8941804F64C21002242
:10CB8000C4F898380A6004F5256100200A6004F6AC
:10CB900054210A600021C8E9000184F8B53ABDECCF
:10CBA000028BBDE8F08702F1020E01329EFBF1F329
:10CBB00001FB13EE92FBF1F301FB132205EB4E1E7A
:10CBC00005EB4213DEE90412D3E904E3714572EB8D
:10CBD0000303C9D388427CEB0202C5D3301A67EB4A
:10CBE0000C01EBF775FC9FED1B8A07EE900A04F52C
:10CBF000E86367EE887A93ED007AF4EEC77AF1EE97
:10CC000010FAB1DCB6EB090067EB0A01EBF760FC48
:10CC100007EE900A04F5E76367EE887A93ED007AF1
:10CC2000F4EEC77AF1EE10FAB9DDDFED0B6A77EEBC
:10CC3000C77A27EE267AF4EEC77AF1EE10FAAEDD67
:10CC400092E700F502658FE7044B054A05484C2141
:10CC5000EDF71CFABD3786356666663F600C050841
:10CC6000800D0508100D05082DE9F04FC5B00DF138
:10CC7000570525F00F050446C022002128462EF056
:10CC800088FA05F1100318461193EFF7C1F9DFEDAB
:10CC90006C7A4FF07E5204F5166CAA63EA632A643C
:10CCA0006A64AA64EA64C5ED087AC5ED097AC5ED3F
:10CCB0000A7AC5ED0B7AC5ED0C7AC5ED0D7AC5ED96
:10CCC000147AC5ED157AC5ED167AC5ED1A7AC5ED5B
:10CCD0001B7AC5ED1C7AC5ED1D7AC5ED1E7AC5ED32
:10CCE0001F7AC5ED207AC5ED217AC5ED227AC5ED12
:10CCF000237AC5ED247AC5ED257AC5ED267AC5EDF2
:10CD0000277AC5ED287AC5ED297AC5ED2A7AC5EDD1
:10CD10002B7A2A68CCF8002005F138016A68CCF833
:10CD2000042005F1200305F12C02089105F174019E
:10CD30000693079205F1500305F168020C9105F185
:10CD400080010A930B9204F6C81304F6D4120D91D5
:10CD500004F51E6100930192119B029105F18C0272
:10CD600004F6EC110E92039105F1A40205F198016D
:10CD70000F9110920FCB04F5176888E80F0005F1AA
:10CD800044060698099604F6F815049504F6042559
:10CD9000059507C804F5186B8BE80700079807C8C6
:10CDA00004F68C1A8AE80700089807C804F6981E4B
:10CDB0008EE80700099807C804F6A41787E807005B
:10CDC0000A9807C804F51B6686E807000B98009BC5
:10CDD00007C804F51C69C9ED007AC9ED017A83E83A
:10CDE00007000C98019B07C883E807000D9A029B77
:10CDF00007CA83E807000E9A039B07CA83E8070067
:10CE00000F98049D636807C885E80700109A059D80
:10CE100007CA9FED096B85E807004FF0000233F069
:10CE200002008CED2C6B84F81C2AC4F8183A09D047
:10CE300045B0BDE8F08F00BF00000000000000001A
:10CE40000000000004F50F631A685B68CCF804303A
:10CE500004F51063CCF800201B68C8F8003004F615
:10CE600004131A6804F674131A6004F608131A6897
:10CE700004F678131A6004F60C131A6804F67C138F
:10CE80001A6004F511631B68CBF8003004F6141324
:10CE90001A6804F684131A6004F618131A6804F664
:10CEA00088131A6004F61C131B68CAF8003004F5D6
:10CEB00012631A6804F519631A6004F624131A68D9
:10CEC00004F694131A6004F628131B68CEF8003099
:10CED00004F62C131A6804F69C131A6004F5136305
:10CEE0001A6804F51A631A6004F634131B683B6071
:10CEF00004F638131A6804F6A8131A6004F63C13F3
:10CF00001A6804F6AC131A6004F514631B683360E6
:10CF100004F644131A6804F6B4131A6004F5156392
:10CF2000D3E9006704F6481304F6B812196894F8B8
:10CF3000B53A116004F52162C2E9006784F81C3A31
:10CF400003F01AFE122800F2808100EB800004F149
:10CF5000100505EB001090ED000AB5EE400AF1EE69
:10CF600010FA00F11A82F1EEC07A0120C9ED007AC0
:10CF700003F002FE122800F2688100EB800005EB4E
:10CF8000001090ED000AB5EE400AF1EE10FA00F143
:10CF9000FF81F1EEC07A0220C9ED017A03F0ECFDC9
:10CFA000122800F2528100EB800605EB061696ED82
:10CFB000000AB5EE400AF1EE10FA00F1E281F1EE5E
:10CFC000C07A009B1228C3ED007A00F03E8196EDF6
:10CFD000140AB5EE400AF1EE10FA00F1CD81F1EE3F
:10CFE000C07A04F6CC13D04A0320C3ED007A04F5CE
:10CFF0001D631A6003F0C0FD0646042003F0BCFD6B
:10D000000746052003F0B8FD8046062003F0B4FD76
:10D010008146072003F0B0FD122E824600F21581F2
:10D0200006EB860B05EB0B1B9BED000AB5EE400AE9
:10D03000F1EE10FA58BFF1EEC07A00F19881019B31
:10D04000122FC3ED007A00F2008107EB870305EB96
:10D05000031393ED000AB5EE400AF1EE10FA58BF43
:10D06000F1EEC07A00F17C81029AB8F1120FC2EDA4
:10D07000007A00F2EA8008EB880205EB021292EDDA
:10D08000000AB5EE400AF1EE10FA58BFF1EEC07A90
:10D0900000F15D810399B9F1120FC1ED007A00F240
:10D0A000D48009EB890105EB011191ED000AB5EE81
:10D0B000400AF1EE10FA58BFF1EEC07A00F13C815F
:10D0C0000498BAF1120FC0ED007A00F2BE800AEBAC
:10D0D0008A0005EB001595ED000AB5EE400AF1EE69
:10D0E00010FA58BFF1EEC07A00F112810598122EA5
:10D0F000C0ED007A00F0A9809BED140AB5EE400A5D
:10D10000F1EE10FA58BFF1EEC07A00F1F68004F6A5
:10D11000D810122FC0ED007A00F0978093ED140A1A
:10D12000B5EE400AF1EE10FA58BFF1EEC07A00F108
:10D13000D98004F6E410B8F1120FC0ED007A00F0C7
:10D14000848092ED140AB5EE400AF1EE10FA58BF51
:10D15000F1EEC07A00F1BB8004F51F60B9F1120F47
:10D16000C0ED007A71D091ED140AB5EE400AF1EEEF
:10D1700010FA58BFF1EEC07A00F19E8004F6FC1060
:10D18000BAF1120FC0ED007A5FD095ED140AB5EE3A
:10D19000400AF1EE10FA58BFF1EEC07A00F181803A
:10D1A00004F60820112EC0ED007A4ED09BED280A1F
:10D1B000B5EE400AF1EE10FA68D4F1EEC07A04F64A
:10D1C000DC10112FC0ED007A3FD093ED280AB5EEA8
:10D1D000400AF1EE10FA50D4F1EEC07A04F6E813EA
:10D1E000B8F1110FC3ED007A2FD092ED280AB5EEF9
:10D1F000400AF1EE10FA39D4F1EEC07A04F6F413D5
:10D20000B9F1110FC3ED007A1FD091ED280AB5EEE8
:10D21000400AF1EE10FA24D4F1EEC07A04F520634E
:10D22000BAF1110FC3ED007A0FD095ED280AB5EED3
:10D23000400AF1EE10FA0FD4F1EEC07A04F60C2495
:10D24000C4ED007A45B0BDE8F08F384B384A394814
:10D250004FF4B771ECF71AFF2CF060F9F0EE407A5A
:10D26000ECE72CF05BF9F0EE407AD7E700912CF078
:10D2700055F90099F0EE407AC0E7CDE900212CF095
:10D280004DF9DDE90021F0EE407AA7E7CDE9013163
:10D2900000922CF043F9DDE90131009AF0EE407A7A
:10D2A0008DE7CDE9013100922CF038F9DDE900235A
:10D2B0000299F0EE407A73E7CDE9013100922CF04B
:10D2C0002DF9DDE900230299F0EE407A56E7CDE929
:10D2D000013100922CF022F9DDE900230299F0EEF1
:10D2E000407A39E7CDE9013100922CF017F9DDE9F8
:10D2F00000230299F0EE407A1BE7CDE9013100925C
:10D300002CF00CF9DDE900230299F0EE407AFEE6FC
:10D31000CDE9013100922CF001F9DDE900230299F9
:10D32000F0EE407AE2E600BF880A863FC0080508B2
:10D33000CC09050844EB0408CDE9013100922CF03A
:10D34000EDF8DDE900230299F0EE407AB8E6CDE988
:10D3500000232CF0E3F8DDE90023F0EE407A99E6B3
:10D3600000932CF0DBF8009BF0EE407A7CE62CF08A
:10D37000D5F8F0EE407A62E62CF0D0F8F0EE407A84
:10D380002FE606902CF0CAF80698F0EE407A18E6E0
:10D390002CF0C4F8F0EE407AFDE52CF0BFF8F0EE8A
:10D3A000407AE2E52DE9F84F00F69C232DED0C8B39
:10D3B000D3ED009A00F6642393ED007A00F526631E
:10D3C000D3ED005A00F6582600F6982200F52A639D
:10D3D000D6ED007A92ED009AD3ED00CA00F68C23C8
:10D3E00093ED00BA00F5296327EE899A67EEA99AB2
:10D3F00093ED00AA69EE076A27EE8AAA00F5286372
:10D4000029EE877AD3ED00BA00F6842327EE8BBA93
:10D41000AAEE257A00F65C220C46D3ED00AA92ED26
:10D42000006A67EEAAAAEBEE256A00F6882340F2AE
:10D43000A452AAEE867A0021054667EEABBA93EDB8
:10D4400000CAEBEE866A00F694232046F0EE478A87
:10D4500093ED007A67EEACCA27EE8CCA27EE878A76
:10D46000B0EE66DA2DF095FE002003F085FB07464E
:10D47000012003F081FB122FD6ED007A00F26A82C0
:10D48000122800F2678200EBC00300EB43033B4429
:10D4900004EB8303F1EE677AC3ED007A95F8B53AB1
:10D4A000002B40F0FD81012003F066FB07460020C1
:10D4B00003F062FB9FED3A7AD6ED007A122F67EE09
:10D4C000877A00F24782122800F2448200EBC00300
:10D4D00000EB4300384404EB8000C0ED007A0220EA
:10D4E00003F04AFB122800F2358200EBC00300EB88
:10D4F0004300384404EB8003F1EE4D6AC3ED008A2B
:10D5000000F02882C3ED136A032003F035FB1228D4
:10D5100000F2208200EBC00300EB43033B4404EB2A
:10D52000830282ED00CA00F01582112882ED138A71
:10D5300000F01082C2ED26CA052003F01DFB05F69F
:10D540004C23D3ED007A12286CEE277A00F2028287
:10D5500000EBC00300EB43033B4404EB8302C2ED4A
:10D56000007A05F52562D2ED007A68EE277A00F0A0
:10D57000F18104EB8302C2ED137A05F65422D2ED59
:10D58000007A11286CEEA77A00F0E48104EB8303A3
:10D59000C3ED267A95F8B53A002B40F0AE8101E054
:10D5A00031615136022003F0E7FA0746042003F008
:10D5B000E3FA00EBC00300EB43033B44112F04EB01
:10D5C000830300F2CE81102800F2CB81C3ED00BAB4
:10D5D000C3ED01AA83ED13BA83ED14AA83ED269A55
:10D5E000C3ED279A062003F0C7FAD5F82828022AA7
:10D5F00040F3BD81D5F82438033393FBF2F102FBED
:10D60000113305EB431303F64403D3ED007A1228DC
:10D610006BEEA77A00F29E8100EBC00200EB4202A3
:10D6200007EB020104EB8101C1ED007AD3ED017A31
:10D630006BEE277A00F08E8102F1130107EB010CEB
:10D6400004EB8C0CCCED007AD3ED027A112869EE54
:10D65000277A00F07F8102F1260C07EB0C0004EB27
:10D660008000C0ED007AD3ED007A013767EEAA7A28
:10D670003A4404EB8202C2ED007AD3ED017A3944D8
:10D6800067EE8A7A04EB8101C1ED007AD3ED027A6C
:10D69000674467EEA97A04EB8707C7ED007A032099
:10D6A00003F06AFA8146042003F066FA80460520FA
:10D6B00003F062FA0746062003F05EFA824607206E
:10D6C00003F05AFA8346D5F8300703F0A5FDD0EDF4
:10D6D000266AFFEE007A87EEA67AB9F1120F0346AA
:10D6E000D6ED006A27EE267A00F2348109EB890034
:10D6F00004EB001080ED007A93ED296AD6ED006A04
:10D7000087EE867AB8F1120F27EE267A00F2228190
:10D7100008EB880104EB011181ED007A93ED2C6A8E
:10D72000D6ED006A87EE867A122F27EE267A00F26F
:10D73000118107EB870204EB021282ED007A93ED70
:10D740002F6AD6ED006A87EE867ABAF1120F27EEBD
:10D75000267A00F2FF800AEB8A0504EB051585EDB9
:10D76000007A93ED326AD6ED006A87EE867ABBF1D5
:10D77000120F27EE267A00F2ED800BEB8B0C04EBF8
:10D780000C1484ED007A93ED276AD6ED006A87EEDB
:10D79000867AB9F1120F27EE267A00F0DB8080ED51
:10D7A000147A93ED2A6AD6ED006A87EE867AB8F18C
:10D7B000120F27EE267A00F0CD8081ED147A93EDDA
:10D7C0002D6AD6ED006A87EE867A122F27EE267A2A
:10D7D00000F0C08082ED147A93ED306AD6ED006AD5
:10D7E00087EE867ABAF1120F27EE267A00F0B28021
:10D7F00085ED147A93ED336AD6ED006A87EE867A6A
:10D80000BBF1120F27EE267A00F0A48084ED147A83
:10D8100093ED286AD6ED006A87EE867AB9F1110F8A
:10D8200027EE267A00F0968080ED287A93ED2B6A19
:10D83000D6ED006A87EE867AB8F1110F27EE267AC8
:10D8400000F0888081ED287A93ED2E6AD6ED006A8B
:10D8500087EE867A112F27EE267A7BD082ED287A02
:10D8600093ED316AD6ED006A87EE867ABAF1110F30
:10D8700067EE267A6ED0C5ED287A93ED347AFFEE06
:10D88000006AC6EE877ABBF1110F96ED007A67EE5B
:10D89000877A5FD0BDEC0C8BC4ED287ABDE8F88F99
:10D8A00004EB870000F5856200230360C364C0F8C1
:10D8B0009830C0F8E430C0F83031C0F87C31C0F89E
:10D8C000C831C0F81432C0F86032C0F8AC32C0F8C9
:10D8D000F832C0F84433C0F89033C0F8DC3313603A
:10D8E00000F27442136000F59862136000F20C526B
:10D8F00000F5AB6013600360D5E504EB870707F51F
:10D90000856200233B60FB64C7F89830C7F8E430B9
:10D91000C7F83031C7F87C31C7F8C831C7F81432BE
:10D92000C7F86032C7F8AC32C7F8F832C7F84433EA
:10D93000C7F89033C7F8DC33136007F27442136002
:10D9400007F59862136007F20C5207F5AB67136096
:10D950003B6027E6094B0A4A0A484FF4B771ECF7D7
:10D9600095FB094B094A0A488421ECF78FFB094BC8
:10D97000094A0A484C21ECF789FB00BFC00805089A
:10D98000CC09050844EB0408A00A0508F00D0508B9
:10D99000240C0508600C0508800D0508100D05080D
:10D9A0002DE9F84F01232DED028B904643600022B4
:10D9B0000023C0E902230446894600F2146300F5FF
:10D9C000E8660025002743F8145C43F8105C43F830
:10D9D0000C5C43F8085C43F8045CA3F84C701846F0
:10D9E0004C2200212DF0D5FB03466433B342EAD12B
:10D9F000D04BC4F83837D04BC4F84037CF4BD04A5F
:10DA0000C4F84837CF4BC4F83C27C4F8503702F16C
:10DA10007D4203F1CF7302F5570203F5DF3302F6BF
:10DA20003D2277334FF0FF36C4F83487C4F84427DB
:10DA30004FF00308C44AC4F85437C44B2360C4F8F9
:10DA40003097C4F84C27C4F85887C4F85C67202284
:10DA50000021C4F82C77C4F8607704F5ED602DF050
:10DA600098FB2022002104F5F1602DF092FB20228A
:10DA7000002104F5F5602DF08CFBC4F8C887C4F8CC
:10DA8000CC6748220021C4F8D07704F5FB602DF064
:10DA900080FBC4F82088C4F8246820220021C4F840
:10DAA000287804F503602DF074FB2022002104F592
:10DAB00005602DF06EFB2022002104F507602DF09B
:10DAC00068FB00214822C4F89088C4F89468C4F820
:10DAD000987804F50A602DF05CFB04F50F6304F5FB
:10DAE00010601D605D60EEF793FA04F511634FF06E
:10DAF0007E561D6004F6141304F516681D6004F6C6
:10DB000018134FF0000A1D6004F61C134FF0000BB1
:10DB10001D6004F5126304F517601D6004F62413FC
:10DB200004F5E7691D6004F62813B0EE008A1E6054
:10DB300004F62C131E6004F513631E6004F6341300
:10DB40001E6004F638131E6004F63C131E6004F5D4
:10DB500014631D6004F644131D6004F648131D6031
:10DB600004F51563C3E900ABC8F80050C8F80450C9
:10DB7000EEF74EFA04F5186204F51C63156004F61E
:10DB8000841204F62820156004F68812156004F645
:10DB90008C12156004F51962156004F69412156074
:10DBA00004F69812166004F69C12166004F51A62C8
:10DBB000166004F6A412166004F6A812166004F6A5
:10DBC000AC12166004F51B62156004F6B412156001
:10DBD00004F6B81215601D605D6004F6C8131D6080
:10DBE00004F6CC131D6004F51D631D6004F6D41308
:10DBF0001D6004F6D8131D6004F6DC131D6004F5E7
:10DC00001E631D6004F6E4131D6004F6E8131D6036
:10DC100004F6EC131D6004F51F631D6004F6F41395
:10DC20001D6004F6F8131D6004F6FC131D6004F576
:10DC300020631D6004F604231D6004F608231D60A4
:10DC400004F60C231D60D9ED000AC8E92CAB04F5DD
:10DC5000226304F5E968C8EE200AC4F8187A84F84B
:10DC60001C7AC3E900AB98ED000A03F081FED9ED00
:10DC7000000A98ED000AC8EE200A04F6342003F0EA
:10DC800077FE04F52460D9ED000A98ED000AC8EE8D
:10DC9000200A03F06DFE04F64C2304F65C211D609F
:10DCA00004F52563BDEC028B1D6004F65423284A5D
:10DCB0001D6004F6582320461D600D6004F52661A2
:10DCC0000D6004F664210D6004F668210D6004F611
:10DCD0006C210D6004F527610D6004F674210D6060
:10DCE00004F678210D6004F67C210D6004F52861AE
:10DCF0000E6004F684210D6004F688210D6004F6A0
:10DD00008C210D6004F529610E6004F694210D60EC
:10DD100004F698210D6004F69C210D6004F52A613B
:10DD20000E60DA641A655A6584F8B07AA4F8B47A99
:10DD3000BDE8F88F0AD7233CCDCC4C3E00002041F3
:10DD4000CDCC4C3F23DBF93C00401C46A87C0508A9
:10DD5000002474490B7B23B1D0F834278B689A4296
:10DD600000D0704700F5F96210B41CCA944203F168
:10DD700001031BDA03EB430200EBC2020134C0F8DB
:10DD8000D047C0F8CC374C680B688868D1F80CC015
:10DD9000C2F8E4C7C2F8D837C2F8DC47C2F8E007D7
:10DDA0000B69C2F8E8375DF8044B704793FBF2F457
:10DDB00002FB143303EB430200EBC2020C68D1F800
:10DDC0000CC0C0F8CC3748688B68C2F8E037C2F89E
:10DDD000E4C7C2F8D847C2F8DC070C69C2F8E847C4
:10DDE000E1E700BF2DE9F04F01F5166693B0326808
:10DDF0000260726842608C4600F110020546009293
:10DE000000F1200900F12C070CF6A4123830019023
:10DE100004920CF51B6005F144020CF6C81E01F5D6
:10DE2000186A01F68C1803920690CDF820E005F1EF
:10DE3000980005F1680E05F1A40201F5176301F6DB
:10DE40009811029105F15004CDF81CE00E900CF6EB
:10DE5000D41E10920FCB0594CDF828E00CF6F814E0
:10DE600005F1740ECDF824E00F940CF51E6E0CF63F
:10DE70000424CDF830E0119405F1800E009CCDF81B
:10DE80002CE00CF6EC1ECDF834E084E80F009AE8A4
:10DE9000070089E8070098E8070087E8070002996B
:10DEA000019B07C983E80700049B93E80700039BD5
:10DEB00083E807000CF51C6B0698DBF80040DBF8E4
:10DEC000043007C8059F87E80700089A6B6607CAF1
:10DED000079B2C6683E807000A9C099B94E80700CF
:10DEE00083E807000C980B9B07C883E807000D998F
:10DEF0000E9BDCF8184A9CF81CCA07C905F18C0E69
:10DF00008EE807000F9A07CAD6E92C6783E8070056
:10DF1000119B93E80700109B83E807002846C5E99A
:10DF20002C67C5F8B84085F8BCC013B0BDE8F08FC9
:10DF300038B500F5EC620446D2E90201D4F8603746
:10DF4000D4F85C572DED028BC4F8283804F5026331
:10DF5000C4F82458C3E9040104F5EE6004F638015E
:10DF60000068086004F27471086804F63C010860F7
:10DF700004F5EF61086804F50461086004F27C713F
:10DF8000086804F64401086004F5F061086804F6C6
:10DF90004801086004F28471086804F64C010860C6
:10DFA000D2E90A01C3E90C0104F5F26004F6580154
:10DFB0000068086004F29471086804F65C01086067
:10DFC00004F5F361086804F50661086004F29C71C9
:10DFD000086804F66401086004F5F461086804F652
:10DFE0006801086004F2A471086804F66C01086016
:10DFF00092ED127B83ED147B04F5F66004F6780154
:10E000000068086004F2B47204F67C0312681A60B7
:10E0100004F5F763D4F8D0071A6804F508631A60AA
:10E0200004F2BC731A6804F684031A6004F5F863FA
:10E030001A6804F688031A6004F2C4731A6804F6B6
:10E040008C031A60D4F8D827C4F8A028D4F8E8279D
:10E05000D4F8DC17C4F8B028D4F8CC27D4F8F4C727
:10E06000D4F8F037C4F89808C4F8A418D4F8FC071A
:10E07000D4F8F817C4F89428D4F8E027C4F8A828EE
:10E08000D4F8E427C4F8AC28D4F80828C4F8D02879
:10E09000D4F81828C4F8E028D4F80C28C4F8B83804
:10E0A000C4F8C018D4F80038D4F81018C4F8D4282C
:10E0B000D4F81428C4F8C838C4F8DC28C4F8BCC89C
:10E0C000C4F8D818C4F8C40804F6282003F062FC89
:10E0D00004F63420F0EE408A03F05CFC04F5246082
:10E0E000B0EE408A03F056FC04F64C2204F525639A
:10E0F000C2ED008A83ED008ABDEC028B04F6542445
:10E1000084ED000A38BD00BF70B5044600F6582201
:10E1100004F65C25002390F8B46A13602B6004F5C4
:10E1200026654FF07E502B6004F6642527492B604E
:10E1300004F668252B6004F66C252B6004F5276532
:10E140002B6004F674252B6004F678252B6004F60A
:10E150007C252B6004F52865286004F684252B6057
:10E1600004F688252B6004F68C252B6004F52965C0
:10E17000286004F694252B6004F698252B6004F69D
:10E180009C252B6004F52A6300251860D164116575
:10E19000516584F8B05A06B970BD4FF0FF33C4F82A
:10E1A0005C37C4F8CC3704F62820C4F86057C4F8AC
:10E1B000D05703F007FC04F6342003F003FC04F509
:10E1C000246003F0FFFB84F8B45A70BD0024744946
:10E1D00030B44FF0FF34C0F82448C0F8944800F63B
:10E1E0004C240022002301254560C0F82838C0F8DF
:10E1F00098389FED097B226000F6542100F52564D4
:10E2000022600A6000F5156282ED007B30BC80F868
:10E21000B53A7047AFF30080000000000000000036
:10E220002DE9F04F2DED068B8FB00446002700F14D
:10E2300010091E9D0760F7EE008A476048461E469B
:10E2400092468B46EDF7E4FE27626762A762E762BB
:10E250002763676327656765A765C4ED0E8AC4ED0C
:10E260000F8AC4ED108AC4ED118AC4ED128AC4ED80
:10E27000138AD5ED017A05F11007F1EE677AC4ED46
:10E28000007A3846EEF776F83846B0EE409AEEF768
:10E290007DF83846B0EE408AEEF766F83846F0EE84
:10E2A000409AEEF76DF860EE697A3846E9EE087A42
:10E2B0000DF11F0828F00F0837EEA79AEEF760F867
:10E2C0003846B0EE40AAEEF761F83846F0EE409AD4
:10E2D000EEF74AF83846B0EE408AEEF74BF868EEB3
:10E2E000007A3846EAEE297A37EEA78AEEF742F846
:10E2F0003846F0EE40AAEEF73DF83846B0EE40AAB8
:10E30000EEF73EF83846F0EE409AEEF739F869EE4F
:10E31000809ADBED017A9BED007ADBED025AEAEEA2
:10E320008A9A01A968EE277AB0EE006AF0EE686A70
:10E33000E9EEC66AE7EE097A9FED697AE5EEA67A1C
:10E34000B6EE006A77EE877AC4ED017ADAED006AFC
:10E350009AED017ADAED027A66EE866A27EE067A9F
:10E3600067EE867A08F1100A5046CDED016A8DED10
:10E37000027ACDED037AEDF759FE52463946404612
:10E38000EDF7FCFE98E80F0089E80F0096ED006AB3
:10E39000D5ED086AFFEE007A87EE867A204627EEF2
:10E3A000267A84ED087A96ED036AD5ED0B6A87EE3E
:10E3B000867A27EE267A84ED0B7A96ED066AD5EDFD
:10E3C0000E6A87EE867A76EEE86A27EE267A84ED84
:10E3D0000E7A96ED096AD5ED116A87EE867A76EEA9
:10E3E000E86A27EE267A84ED117A96ED0C6AD5ED6F
:10E3F000146A87EE867A27EE267A84ED147A96EDF3
:10E40000016AD5ED096A87EE867A27EE267A84EDD1
:10E41000097A96ED046AD5ED0C6A87EE867A27EEC6
:10E42000267A84ED0C7A96ED076AD5ED0F6A87EEB1
:10E43000867A76EEE86A27EE267A84ED0F7A96EDF4
:10E440000A6AD5ED126A87EE867A76EEE86A27EEDA
:10E45000267A84ED127A96ED0D6AD5ED156A87EE6F
:10E46000867A27EE267A84ED157A96ED026AD5ED46
:10E470000A6A87EE867A27EE267A84ED0A7A96ED86
:10E48000056AD5ED0D6A87EE867A27EE267A84ED49
:10E490000D7A96ED086AD5ED106A87EE867A76EEEB
:10E4A000E86A27EE267A84ED107A96ED0B6AD5EDB0
:10E4B000136A87EE867A76EEE86A27EE267A84ED8E
:10E4C000137A96ED0E6AD5ED166A87EE867A67EEB8
:10E4D000267AC4ED167A0FB0BDEC068BBDE8F08F3E
:10E4E000CDCC1C412DE9F04F2DED048B9A46ADF5B6
:10E4F000077D81460292DAF800200260DAF80420F3
:10E50000426000F1100216460D460A9200F1200109
:10E5100009F1380203910AF12C00059209F150012A
:10E520000AF1500210330490079206910FCB0AF1C2
:10E53000200B86E80F009BE80700039B83E8070099
:10E54000049807C809F12C0888E807000AF1380781
:10E5500097E80700059B069E83E807000AF1440E32
:10E560009EE8070009F1440C8CE80700079AAB68A5
:10E5700007CAB1EE087AF0EE087AF6EE008A002BB0
:10E5800080EE079A86E80700C0EE279A60EE288A98
:10E5900040F32A81CDF800A0696801310DF13F04F4
:10E5A00091FBF3F203FB121124F00F04490104F56F
:10E5B000C07701F124021831029B2A4429443846CD
:10E5C000B0EE408AFFF72CFE3946B0EE490A2046ED
:10E5D00002F078FD2146484602F03AFBAB68012B79
:10E5E00040F302816E68023604F1600B96FBF3F291
:10E5F00003FB1266B0EE680A76013946584602F00F
:10E6000061FD06F11808524659462046243602F0AC
:10E61000B1FB2E4404F59070A844029B009432464E
:10E6200041460646FFF7FCFD3146B0EE690A20463A
:10E63000039602F047FD2146484602F009FBAB680D
:10E64000012B40F3D1806E680399023696FBF3F2FA
:10E6500003FB1266760104F1C002B0EE680A1046B0
:10E6600006F118082436A8442E44049202F02AFD2C
:10E6700004995246584602F07DFB32464146029BC1
:10E68000CDF800B02046FFF7CBFD2368C4F88031F9
:10E6900004F110026368C4F8843104F1200005908D
:10E6A0000B920FCA04F5C87686E80F00059804F1AE
:10E6B0002C0C07C8CDF818C0069E04F5D07383E86B
:10E6C000070096E8070004F1380CCDF81CC004F1EF
:10E6D000440C04F5D673CDF820C004F1500C83E847
:10E6E0000700CDF824C0079E96E80700089E04F5B1
:10E6F000DC7888E8070096E8070004F5E27E8EE8FB
:10E700000700099A07CA04F5E87C8CE80700B0EE18
:10E71000690A3946204602F0D5FC2146484602F0F7
:10E7200097FAAA68022A5FDD6B680333394693FBC8
:10E73000F2F0049F02FB10335B01B0EE480A38464A
:10E7400003F1180624332E441D4402F0BBFC52464C
:10E750003946584602F00EFB029BCDF800B02A461F
:10E7600031462046FFF75CFD23680B9AC4F8203140
:10E770006368C4F824310FCA04F5987585E80F0062
:10E780000598069B07C804F5A07888E8070093E879
:10E79000070004F5A67E8EE80700079807C804F571
:10E7A000AC7C8CE80700089B93E8070004F5B2777F
:10E7B00087E80700099A07CA04F5B87686E80700D3
:10E7C000B0EE490A0399204602F07CFC21464846F7
:10E7D00002F03EFA0A98EDF7DDFD48460DF5077D9B
:10E7E000BDEC048BBDE8F08F024B034A03486D215A
:10E7F000EBF74CFC600C0508E40E0508100D05084D
:10E800002DE9F0412DED028BA4B00DF1270424F089
:10E810000F049FED9E8A054604F11007384684EDEB
:10E82000008A84ED018AEDF7F3FBD5F8282884ED02
:10E83000088A4FF07E56022A84ED098A84ED0A8AFE
:10E8400084ED0B8A84ED0C8A84ED0D8AA663E66361
:10E8500026646664A664E66484ED148A84ED158AF1
:10E8600084ED168A40F30681D5F82418DFED884A36
:10E87000CB1C05F5026093FBF2FC02FB1C3300EBA2
:10E880004313D3ED086A93ED076AD3ED065A26EEDB
:10E89000A67A05F23C73A6EE067A93ED005AA5EE31
:10E8A000A57A05F64C2393ED004AF1EEC77A05F5FB
:10E8B000256393ED007A77EEE47A05F65423F0EEC3
:10E8C000E77AB4EEE75AF1EE10FAD3ED003A00F130
:10E8D000CB8027EE077AA3EEA37AA4EE047AF1EEBA
:10E8E000C77A77EEE47AF0EEE77AB4EEE75AF1EE23
:10E8F00010FA00F1B9804B1C93FBF2FC02FB1C33B5
:10E9000000EB4313023193ED065A93ED077AD3EDF2
:10E91000087A91FBF2F302FB131100EB411090ED2A
:10E92000063AD0ED073A90ED084ADFED5A4A8DEDF0
:10E93000018A35EE035A37EE237A77EE847A75EE44
:10E94000255A37EE067A77EEA67A27EE247A65EE18
:10E95000A46A67EEA47A02AA01A903A804F16008D8
:10E96000CDED036A8DED047ACDED057A8DED028A49
:10E9700005F0BEFA4046DDED020A9DED010AB0EE5B
:10E98000481A05F077FB98E80F00D5F898C8BCF155
:10E99000020F87E80F0073DDD5F89438033393FB3B
:10E9A000FCF10CFB113305F5096203EB430302EBA9
:10E9B000C30393ED080A05F013FAB4EE400AF1EE32
:10E9C00010FA51D605F50F6305F5106283ED000AC4
:10E9D00083ED018A2369136005F6041360691860EA
:10E9E00005F60813A2691A6005F60C13E1691960AF
:10E9F00005F5116205F6141382ED008A05F618116B
:10EA000083ED008A05F61C1381ED008A05F512627C
:10EA100083ED008A05F6241382ED008A05F628119D
:10EA200083ED008A05F62C130E6005F513621E6057
:10EA300005F63413166005F638111E6005F63C1312
:10EA40000E6005F514621E60012005F6441305F6FC
:10EA5000481582ED008A83ED008A85ED008A24B096
:10EA6000BDEC028BBDE8F081002024B0BDEC028B30
:10EA7000BDE8F081084B094A09484C21EBF706FB39
:10EA8000054B084A06484C21EBF700FB000000004C
:10EA9000CDCC1C41ABAAAA3E600C0508800D050830
:10EAA000100D0508940C05082DE9F047044694B0B4
:10EAB000D0F8300702F0B0FB0546002002F05CF809
:10EAC000D5ED007A122867EEA77A00F23D8114ABEB
:10EAD00003EB800343ED137A012002F04DF8D5EDEE
:10EAE000017A122867EEA77A00F22E8114AB03EBAD
:10EAF000800343ED137A022002F03EF8D5ED027A4E
:10EB0000122827EEA77A00F21F81D5ED037A01AB18
:10EB100003EB800367EEA77A4FEA800083ED007A6B
:10EB200000F0128102AB1844C0ED007A032002F01D
:10EB300023F80746042002F01FF80646052002F0DD
:10EB40001BF88146062002F017F88046072002F0E5
:10EB500013F8122FD5ED057A00F2F68067EEA77A4A
:10EB600095ED087A01AB03EB8703002E67EE076A89
:10EB7000C3ED007A4FEA870AC0F2E680122E00F356
:10EB8000E380D5ED0B7A01AB03EB8603B9F1120FED
:10EB900027EEA77AC3ED006A4FEA860100F2D4801F
:10EBA000D5ED0E7A01AB03EB8903B8F1120F67EED6
:10EBB000A76A83ED007A4FEA890200F2C580D5ED9D
:10EBC000117A01AB03EB8803122827EEA77AC3ED75
:10EBD000006A4FEA880C00F2B780D5ED067A01ABE7
:10EBE00003EB8003122F67EEA76A83ED007A4FEAEA
:10EBF000800E00F0A980D5ED097A02AB5344122EA5
:10EC000027EEA77AC3ED006A00F09E80D5ED0C7A5E
:10EC100002AB0B44B9F1120F67EEA77A83ED007ACD
:10EC200000F0928095ED0F7A02AB1344B8F1120F09
:10EC300027EE077AC3ED007A00F08680D5ED127AD0
:10EC400002AB6344122867EEA76A83ED007A7BD09B
:10EC5000D5ED077A02AB7344112FC3ED006A67EE5E
:10EC6000A76A71D0D5ED0A7A03AB9A44112E27EE2C
:10EC7000A77ACAED006A67D0D5ED0D7A1944B9F1CB
:10EC8000110F81ED007A27EEA77A5DD0D5ED107ACD
:10EC90001A44B8F1110F82ED007A27EEA77A53D00B
:10ECA000D5ED137A9C44112867EEA77A8CED007A93
:10ECB0004AD07344C3ED007A40F2A452002104F11B
:10ECC00010002CF066FA029B2366049BC4F8003106
:10ECD000069BC4F8A031089BC4F84032039A0A9BF3
:10ECE000C4F8B020C4F8E0320199079A0C9B216166
:10ECF000C4F8F021C4F8803305990B9AC4F8501178
:10ED000004F58463C4F8302309990E9A0D9DC4F864
:10ED10009012C4F8D0531A6004F58E630F991960ED
:10ED200004F59863109A1A6004F5A262119D1560AB
:10ED30001299139B04F5AC6204F5B66401201160CE
:10ED4000236014B0BDE8F087034B044A044840F246
:10ED5000AB11EBF79BF900BF68EA0408600F0508E8
:10ED600044EB0408D0F82028D0F828389A4200D084
:10ED70007047D0F89828D0F890389A4210B50446D9
:10ED800000D010BDFFF73CFD0028FAD02046FFF769
:10ED90008BFE0028F5D0D4F82818022913DDD4F80A
:10EDA0002438033304F5026293FBF1F001FB1033C6
:10EDB00002EB4313D3E9040104F515620223C2E90F
:10EDC0000001636010BD034B034A04484C21EBF77C
:10EDD0005DF900BF600C0508800D0508100D0508E1
:10EDE0002DE9F041D0F898182DED048B022994B04C
:10EDF0007DDDD0F894380333044600F5096293FBB7
:10EE0000F1F001FB103303EB430302EBC30304F502
:10EE10002267D3E9045693ED088AD4F8202A7B6848
:10EE20009E4208BF95421BD0D4F85009D4F854191B
:10EE3000A84271EB060313D3401B61EB0601E9F70F
:10EE400047FBDFED316A07EE900A04F2547898ED43
:10EE5000007A67EEA67AB4EEE77AF1EE10FA04DAF9
:10EE600014B0BDEC048BBDE8F081B0EE480A04F0AC
:10EE7000B7FFF0EE408AB0EE480A04F0EBFFF4EE84
:10EE8000408AF1EE10FAB0EE408AE9D64C22002119
:10EE900001A82CF07EF9002001F06EFE12282CD87B
:10EEA00014AB03EB8000B7EE009A00ED139AD4F890
:10EEB000340702F0DBF904F24473D3ED001A28EEB4
:10EEC000088A04F50F63B0EE021AA8EE001A01A931
:10EED0000022C9EE211A04F5C060D3ED000AB0EE9D
:10EEE000680AFDF765F9C4F8205A7E60B8E7074B59
:10EEF000074A08484C21EBF7C9F8074B074A08486E
:10EF00004FF4B771EBF7C2F8BD378635600C0508D2
:10EF1000940C0508100D0508C0080508F808050838
:10EF200044EB040890F8B03A03B17047FDF7AEB96E
:10EF300070B50546002001F01FFE0446012001F0D7
:10EF40001BFE122C00F2B88005F1100E04EB8406B3
:10EF50000EEB061605F24C7296ED007AD2ED007AB1
:10EF600095F8B53AB4EEE77A002B40F09D80F1EECB
:10EF700010FAC0F29880012385F8B53AC4EB847288
:10EF800006EB82026FF0470101FB042C0CF585654E
:10EF90000023136053609360D360136153619361E6
:10EFA000D361136253629362D362136353639363B7
:10EFB000D363136453649364CCF80030CCF84C30C2
:10EFC000CCF89830CCF8E430CCF83031CCF87C3147
:10EFD000CCF8C831CCF81432CCF86032CCF8AC3272
:10EFE000CCF8F832CCF84433CCF89033CCF8DC339E
:10EFF0002B600CF2744500EBC0042B600CF5986597
:10F0000000EB44042B600CF20C550CF5AB6C122891
:10F010000EEB84022B604FEA8404CCF8003052D807
:10F0200001FB0020136053609360D3601361536150
:10F030009361D361136253629362D3621363536328
:10F040009363D36313645364936400F58562036030
:10F05000C364C0F89830C0F8E430C0F83031C0F86C
:10F060007C31C0F8C831C0F81432C0F86032C0F842
:10F07000AC32C0F8F832C0F84433C0F89033C0F86E
:10F08000DC33136000F274420444136000F59862AC
:10F09000136000F20C5200F5AB60136003600D4A80
:10F0A0000D4B3260236070BDF1EE10FA7FF566AF54
:10F0B000002385F8B53A70BD084B094A09484FF45A
:10F0C000B771EAF7E3FF084B084A09488421EAF7D9
:10F0D000DDFF00BF4054094B00C8AF47C00805081A
:10F0E000CC09050844EB0408A00A0508241005080B
:10F0F000240C050838B50446FFF71AFF022001F07A
:10F100003BFD122839D804F1100300EB800104F50F
:10F11000EA6203EB0113D2ED007A93ED007AB4EECC
:10F12000E77AF1EE10FA08DC122826D093ED147A73
:10F13000F4EEC77AF1EE10FA1ED54FF0FF30C4F8A6
:10F140002408C4F8940804F64C200022002301256A
:10F150006560C4F82838C4F8983804F65421026071
:10F1600004F5256002600A60002004F515620021A4
:10F17000C2E9000184F8B53A38BD034B034A04489C
:10F180004FF4B771EAF782FFC0080508CC090508FB
:10F1900044EB040838B50446022001F0EDFC1228C7
:10F1A00039D804F1100300EB800104F5EA6203EBA7
:10F1B0000113D2ED007A93ED007AB4EEE77AF1EE26
:10F1C00010FA08DC122826D093ED147AF4EEC77AF0
:10F1D000F1EE10FA1ED54FF0FF30C4F82408C4F841
:10F1E000940804F64C200022002301256560C4F831
:10F1F0002838C4F8983804F65421026004F52560D4
:10F2000002600A60002004F515620021C2E90001D5
:10F2100084F8B53A38BD034B034A04484FF4B7713C
:10F22000EAF734FFC0080508CC09050844EB0408D8
:10F23000D0E9013210B404680133A24291ED007BA1
:10F24000A4BF93FBF4F204FB12334360B8BF013256
:10F250004FEA4313B8BF8260C21882ED047B1033BB
:10F2600018448B688360CB68C3600B6903614B698A
:10F2700043618B698361CB695DF8044BC36170475F
:10F280000B7B03B9704710B5D0F830278B682DED94
:10F29000048B9A4288B0044603D008B0BDEC048BBE
:10F2A00010BDD1E9002391ED049AD1ED058A91EDCD
:10F2B000068AC8690590CDE9002304F5EB600A6A67
:10F2C0004B6A0692694607938DED029ACDED038A4B
:10F2D0008DED048AFFF7ACFFB0EE490A04F6282052
:10F2E00002F05CFBB0EE680A04F6342002F056FB34
:10F2F000B0EE480A04F5246008B0BDEC048BBDE80C
:10F30000104002F04BBB00BF2DE9F04F2DED028BFA
:10F3100000F65821CDB000230022CDE92A221B920D
:10F32000239218921A921C931D931E931F9320935D
:10F33000219322922493259326932793289329930C
:10F340000B602C932D932E932F9330933193029136
:10F3500080F8B02AD0F82878D0F85099D0F854A97D
:10F3600003224FF0FF33002F00F5156BCDE9162374
:10F3700040F36E83D0F82468731C00F5026193FBA0
:10F38000F7F207FB123201EB42120191D2E90412AB
:10F390000DF1D705924508BF8945044625F00F05B4
:10F3A00000F0F882012F00F0538306F1020898FB69
:10F3B000F7F307FB1388019B03EB4813D3E9041C05
:10F3C000E24508BF89454FEA481803F1100200F0F2
:10F3D0004E82022F00F03C83F11C91FBF7F307FBF8
:10F3E0001311019B03EB411808F11007D8F81030F6
:10F3F00003931A46D8F8143091457AEB0302C0F013
:10F40000038316AE39463046FFF712FF39463046C1
:10F41000FFF70EFF39463046FFF70AFFA768D4F81A
:10F420000C80B7EB090068EB0A01E9F751F89FED92
:10F43000E67A029B07EE900A67EE877AC3ED007AC0
:10F440000123C4F85079CBF8048084F8B03A1899B5
:10F45000179A04F6281A00299AED003A40F3F88228
:10F46000531C93FBF1F001FB10335B01059304F592
:10F4700011691033334404F62C1099ED005AD3ED82
:10F48000025A90ED002A0A9004F51360D0ED002A8C
:10F490000B90F0EE457A04F63810E3EE257A04F688
:10F4A000341B012990ED004A93ED036AC3ED027A03
:10F4B00004F63C10D0ED004AD3ED046A93ED057AD2
:10F4C000DBED003AD3ED061A93ED071A04F614109B
:10F4D000D0ED005A0890F0EE657AE6EE027A04F676
:10F4E0001810099090ED006AC3ED037AF0EE467AA9
:10F4F000E6EEA27A04F61C100690D0ED006AC3ED89
:10F50000047AF0EE667AE7EE237A04F5126090ED65
:10F51000007AC3ED057AF0EE477AE1EE847A04F6DC
:10F520002410C3ED067AD0ED007AF0EE671AE1EE12
:10F53000241AC3ED071A00F08B82931C93FBF1F0A1
:10F5400001FB10335F0107F11003334493ED038A8D
:10F5500093ED041AD3ED051A93ED060A0797F0EE22
:10F56000650AE8EE020A0229C3ED030AF0EE460A34
:10F57000E1EE220AB0EE661AA1EEA31AF0EE471AE7
:10F58000E0EE041AC3ED040AC3ED061AD3ED071A20
:10F59000D3ED020A83ED051AB0EE671AA1EEA41AA4
:10F5A000F0EE451AE3EE201A83ED071AC3ED021AB6
:10F5B00000F04E82D31C93FBF1F201FB12335F018A
:10F5C00007F110033344D3ED031A93ED040A93EDCE
:10F5D000051AD3ED020AD4F83007E1EE825A04F599
:10F5E0000F68D3ED061A93ED072AC3ED035AA0EE78
:10F5F000226AA3EE205AE1EE236AA1EE847AE2EEBB
:10F60000247A83ED025A83ED046AC3ED056A83ED23
:10F61000067AC3ED077A01F0FFFD029A434692EDA8
:10F62000000A314600F198022846FEF75BFF2A687F
:10F63000C8F800206A68C8F8042005F12C0105F11B
:10F64000200205F1440005F1100302920391049099
:10F650000FCB04F5106C8CE80F00029A069B07CACA
:10F6600089E80700039907C905F1380E83E8070008
:10F670009EE807008AE80700049894F8B53A07C89E
:10F6800050358BE8070095E8070004F5146B8BE80C
:10F6900007002BB104F6F4020023C8F80030136011
:10F6A000059B079A1833183233443244D3ED006A6D
:10F6B00092ED005A93ED017AD3ED027AD2ED015A20
:10F6C00092ED026A07F118033344D3ED004A76EE57
:10F6D000856A37EE257A93ED015AD3ED025A77EE1B
:10F6E000867A76EEA46A9FED396A37EE057A07F1DD
:10F6F000240377EEA57A66EE866A1E4427EE067A24
:10F7000004F65C23C3ED006A67EE867A04F526638F
:10F7100083ED007A04F66423C3ED007A04F66823CF
:10F72000C3ED004A04F66C2383ED005A04F5276309
:10F73000C3ED005A04F6742335681D6004F678237F
:10F740007068186004F67C23B2681A6061460CA8E1
:10F750000CAD04F0F7FC0FCD04F52866D4F828783A
:10F760000FC60FCD0FC6022F2B68336040F3708198
:10F77000D4F82438DFED166A033393FBF7F207FB66
:10F780001233019A02EB4313D3ED087A93ED076A23
:10F7900093ED067A67EEA77A04F6A423E6EE067ADE
:10F7A000E7EE077AB1EEE77A77EE667AC3ED007A94
:10F7B00004F65423D3ED004A04F5256393ED006A63
:10F7C00064EEA47A0AE000BFBD378635ABAAAA3E34
:10F7D000CDCC1C410024F448BD37863504F64C23BB
:10F7E000E6EE067A93ED005AE5EE057A04F6A823D4
:10F7F000B1EEE77A37EE667A83ED007A0B9B9AEDED
:10F80000004AD3ED003A099BD3ED007A0A9B93EDB1
:10F81000003A089BE3EEA47AD3ED005A04F52A637C
:10F82000E3EE065AD3ED003A99ED006A04F694230C
:10F83000D3ED004A67EEA37AA4EE056A04F68823A6
:10F8400004F6AC24E5EEA47AD3ED005AE6EE257A70
:10F8500077EEA67A37EE677AB0EEC77A27EE267A89
:10F8600084ED007A4DB0BDEC028BBDE8F08F022F25
:10F87000CDE9033200F0EC80033696FBF7F007FB8E
:10F880001067019E06EB47197F01D9F81000401A56
:10F89000D9F8141061EB0C01E8F71AFE5FED327A2B
:10F8A000029B08EE100A08F1100128EE278A314465
:10F8B00016AE83ED008A3046FFF7BAFC01981FEDC3
:10F8C0003B7A039B049A1B69526808F124010144A6
:10F8D000D1ED004A91ED015AD1ED025A07F1240110
:10F8E000014491ED003AD1ED013A91ED024A74EEF6
:10F8F000834A35EE235A75EE845AF6EE007A64EEAA
:10F90000A74A25EE275A65EEA75A28EE078A08F17E
:10F91000180807F118010144804498ED006AD8EDF9
:10F92000016A98ED027ACDED114A8DED125AD1EDB2
:10F93000004A91ED015ACDED135ABCEEC88AD1EDC3
:10F94000025A36EE246A76EE856A37EE257A18EE8C
:10F95000101A26EE276A5B1866EEA76A67EE277A0A
:10F9600042F100020CA93046CDE90C328DED0E6A51
:10F97000CDED0F6ACDED107AFFF75AFC019807F133
:10F98000100101443046FFF753FCD9E90423CBE9C9
:10F9900000235CE5022F03935ADD019B06F1030867
:10F9A00098FBF7F207FB128803EB48124FEA48185E
:10F9B00010695169B0EB090061EB0A01E8F788FDB5
:10F9C000039B1FED7B7A07EE900A9A4667EE877AD3
:10F9D000029B06F10409C3ED007A16AE9AFBF7F11B
:10F9E00007FB11A104EB411101F5036130460AF157
:10F9F000010AFFF71DFCD145F0D1019B9844D8E9DD
:10FA00000423CBE9002322E516AE394630460493A1
:10FA1000FFF70EFC39463046FFF70AFC3946304600
:10FA2000FFF706FC039BB3EB0900049B63EB0A01A1
:10FA3000E8F74EFD1FED987A029B07EE900A67EEFD
:10FA4000877AC3ED007AD8E90423CBE90023FEE4EA
:10FA5000024B034A03484C21EAF718FB600C0508E7
:10FA6000800D0508100D05082DE9F04F9A468BB062
:10FA70000346504601930591039201F0D3FE411EC7
:10FA8000504601F0D7FE122800F3C080504601F026
:10FA9000CDFE411E504601F0EBFE122800F3BC8063
:10FAA00040F2A452002101982BF073FB504601F064
:10FAB000B9FE8146504601F0B9FEB9F1000F044687
:10FAC0001FDD00281DDD09F1FF330693631E079338
:10FAD000039B03F2A4534FF0000B08932546002428
:10FAE00022464C4659465046009201F0E1FE009AEB
:10FAF00058B101329542F5D10BF1010B5C45A1469D
:10FB0000EDD101980BB0BDE8F08F5946504601F099
:10FB100091FE009A07461146504601F0A9FE069B49
:10FB2000009A5B45804661D1C7F11309079B934258
:10FB300053D1C8F11303B9F1000FDADD09EB070166
:10FB400008EBC80E049108EB4E0E05990994BE44CB
:10FB500001EB8E0E039901EB88060899384601EBFC
:10FB6000880903EB080C2C460199374601EB800508
:10FB7000002B2CDD00930296122841D8B8F1120F09
:10FB80003ED8D5ED007A08F101033E46714604E007
:10FB90000133142B01F14C0132D0F6EC016A91EDE6
:10FBA000007AE6EE877A9C45C5ED007AF0D14C37B5
:10FBB000B94505F14C05DFD1009B029E0499013047
:10FBC00088420EF1040ECFD12546099C91E74C37AF
:10FBD0004F4505F14C05CBD1F0E7511C5046009242
:10FBE00001F046FE009AA0EB0803A4E70BF1010127
:10FBF0005046009201F01EFE009AA0EB070995E71F
:10FC0000084B094A09487621EAF740FA084B094AA5
:10FC100009483321EAF73AFA084B064A06483421E4
:10FC2000EAF734FAC00805086C13050844EB040829
:10FC3000181105087C110508901205080413050821
:10FC40002DE9F04F1E468DB003463046CDE9043114
:10FC5000069201F0E7FD411E304601F0EBFD12284F
:10FC600000F3C580304601F0E1FD411E304601F051
:10FC7000FFFD122800F3C18040F2A4520021049835
:10FC80002BF087FA304601F0CDFD8146304601F079
:10FC9000CDFDB9F1000F82461ADD002818DD09F10B
:10FCA000FF3307930AF1FF33CDE908394FF0000B1A
:10FCB000344600273A465946204601F0F9FD58B12E
:10FCC0000137BA45F6D1099B0BF1010B5B45F0D129
:10FCD00004980DB0BDE8F08F5946204601F0AAFD0A
:10FCE000394601900546204601F0C2FD079A5A4563
:10FCF00003466AD1C5F11306089ABA425CD1C3F132
:10FD000013090199069803EBC30203EB42020A446C
:10FD100000EB82020392059A4C2000FB0122049919
:10FD200000FB03100021B9F1000F58DD019DCDE962
:10FD30000AA79944C5F1130C5F46002E2ADD019DE8
:10FD4000122D33D8DDF80CB002939A468046BAF1F2
:10FD5000120F92ED007A29D8D8ED007A96465D46CA
:10FD6000002305E0634521D09EED137A0EF14C0E81
:10FD7000F5EC016AE6EE877A01339E42C8ED007A1F
:10FD8000F0D10AF1010ACA450BF14C0B08F14C08FD
:10FD9000DDD1029B0131132902F1040200F10400BC
:10FDA000CBD1BB46DDF828A00B9F89E7164B174A3D
:10FDB00017487621EAF76AF9791C2046029301F088
:10FDC00057FD029BA0EB03099BE702900BF1010199
:10FDD000204601F02FFD019BC61A029B8CE70131E2
:10FDE000132902F1040200F104009CD168E7094BD9
:10FDF000094A0A487021EAF749F9094B064A0748B7
:10FE00007121EAF743F900BFC00805086C13050823
:10FE100044EB040860140508C41405089012050892
:10FE2000DC1505082DE9F043036861495A6AADF510
:10FE3000B45D8A4285B0074640F0AD809A6A5D495C
:10FE40005D4C8A4240F0AF80DFF870911B6A6946D2
:10FE50003846984707F110080DF58750234642466B
:10FE600069460C30FFF700FE40F2A4520DF58751B1
:10FE70000DEB02000C310DF2A4542BF01FFB0DF61C
:10FE8000483542462346D3ED007AB2EC017A77EE4C
:10FE9000877AE3EC017A9D42F5D104AA02F13C0C89
:10FEA0006E460DF648330DF585616A4652F8040B2F
:10FEB000186051F8040B9863906C5860D2F8940065
:10FEC0009860D2F8E000D860D2F82C011861D2F81E
:10FED00078015861D2F8C4019861D2F81002D86153
:10FEE000D2F85C021862D2F8A8025862D2F8F40282
:10FEF0009862D2F84003D862D2F88C031863D2F823
:10FF0000D8035863886CD863D1F894001864D1F88A
:10FF1000E00058649445D1F82C01986403F14C0337
:10FF2000C4D10DF587504B460DF648320DF2A45161
:10FF30000C30FFF785FE0DF5875140F2A4520C31CD
:10FF400068462BF0BBFA6A460DF2A453D3ED007A53
:10FF5000B2EC017A77EE877AE3EC017A9D42F5D133
:10FF60003B686946DB6938469847D4ED007AB6ECC1
:10FF7000017A77EE877AE4EC017AA542F5D140F276
:10FF8000A4520DEB020140462BF098FA0DF5B45D3A
:10FF900005B0BDE8F08390473B6806499A6A8A42FB
:10FFA00004463FF451AF384690473B6881464DE7E1
:10FFB0003DBA010845BA0108C83A0120403901207C
:10FFC0002DE9F043D0F82C67002EB5B061DD06F1C5
:10FFD000FF39B9F1020F0546A8BF4FF0020900F53D
:10FFE000C0644FF00008226863681B921C93A268EB
:10FFF000E3681D921E93226963691F922093A26990
:020000040802F0
:10000000E36921922293226A636A23922493A26A6B
:10001000E36A25922693226B636B27922893A26B47
:10002000E36B2A932992226C2B92A26C2D92E26CA4
:100030002E92226DB4F860302F92626D3092A26DD4
:10004000616CADF8CC30319203F00107E26D2C9178
:10005000DB05329200D5FFB108F101034B4504F1F5
:10006000640440F3C980B34213DA08F10203B342D7
:100070000FDA08F10303B3420BDA08F10403B342C9
:1000800007DA08F10508B04503DA08F10108B045C0
:10009000FBD135B0BDE8F0834C22394607A82BF0E0
:1000A00078F81323029305F11003B7EE000A0193C9
:1000B00007AA20AB03A901A80393FBF74DFE9DED12
:1000C000211ADDED084A9DED072A9DED206A9DED80
:1000D000235ADDED0A3ADDED0F7ADDED251ADDED6F
:1000E0000D2A9DED263ADDED0C5ADDED096A9DEDF8
:1000F000227ADDED240A9DED100A64EE814A9DED21
:10010000281AE2EE064A08F1010364349DED276ADD
:100110009DED122A63EE853A67EE817A9DED0E5AC7
:100120009DED2D1AE5EE067A9DED146A9DED0B5AB4
:10013000E2EE837A65EEA15A26EE016ADDED2C2A05
:100140009DED131ADDED291A9DED2F3AE6EE873A63
:10015000E5EE205AA1EE226ADDED2A6A9DED117AC4
:10016000DDED150A9DED2E1A27EE267ADDED2B6AC0
:10017000B0EE655AA2EE266AF0EE675ADDED167A09
:10018000DDED172A9DED322ADDED196AA0EE217A08
:1001900066EE826ADDED181A9DED312AE1EE826A83
:1001A00067EE837A9DED303AE0EE817AE2EE836A83
:1001B00075EE255A37EE067A74EEA34A77EEA67AE4
:1001C00035EEA46A77EE877A9DED1F5ADDED1D5A54
:1001D00077EE867AB2EE024A77EE857A65EEA55A18
:1001E00067EE847AF4EEE57AF1EE10FA48BF04F88F
:1001F000037C4B453FF737AF9846F4E62DE9F04FC7
:100200002DED108BADF6245D074600F1100672ACA3
:1002100040F2A452314620462BF050F93B68BA4ACE
:10022000DB6A934240F0A184002387F8613687F8A7
:10023000C53687F82937C7F82C373846FEF7D0FD82
:1002400097F8B03A002B00F08B843846FFF7B8FEE1
:1002500007F2B4534C220021184614932AF099FF58
:10026000D7F82C57002D40F33E816B1E022BCDE9B1
:100270001C56A8BF0223159307F5C06B4FF000086A
:100280000DF26C7A0DF61859DBF800305993DBF853
:1002900004305A93DBF808305B93DBF80C305C9346
:1002A000DBF810305D93DBF814305E93DBF8183028
:1002B0005F93DBF81C306093DBF820306193DBF850
:1002C00024306293DBF828306393DBF82C3064939E
:1002D000DBF830306593DBF834306693DBF8383088
:1002E0006793DBF83C306893DBF840306993DBF8C8
:1002F00044306A93DBF848306B93DBF84C306C93F6
:10030000DBF850306D93DBF854306E93DBF85830E7
:100310006F93DBF85C307093BBF86030ADF8C4319C
:10032000DB0540F1C1804C22002120A82AF031FFDA
:100330001323CDE946435EABB7EE000ACAF800309E
:1003400020AA514646A8FBF707FDDDED257ADDED35
:100350006A1ADDED288ADDED664ADDED676ACDEDCE
:10036000017AF0EE617ADDED6B1A9DED647A9DED18
:10037000686A9DED271A9DED654A9DED2DBACDED7C
:10038000046A28EEA42AF0EE616ADDED62DA9DEDE2
:1003900069DA9DED208ADDED5E2ADDED21FADDEDE5
:1003A0005F3A9DED22FA9DED603ADDED23EADDED49
:1003B000615A9DED24EA9DED635ADDED260A9DED1F
:1003C000299ADDED2A9A9DED2BAADDED2CAA8DED63
:1003D000056A8DED077AA1EE042ADDED2EBACDED8A
:1003E0000C6A6BEE266ADDED6C1ACDED0B7AEAEE47
:1003F000A76AA0EE872ACDED021A9DED707ADDED99
:10040000321ADDED6F7A8DED0ADAEAEE0D6A8DEDC6
:10041000097A9DED31DACDED087A21EE877A2FEE5B
:10042000A36AADEE277A6EEEA57AA8EE226AEFEE09
:10043000037ADDED6DCA9DED2FCACDED03CA36EE10
:10044000276ADDED017ACDED06DA67EE857ADDED1E
:1004500030CAEEEE2D7ADDED03DA77EE827A9DED8D
:10046000052A77EE867A29EE826A9DED042AA9EEA6
:10047000026A9DED022A36EE266A6CEE2D6AEBEEDC
:10048000826A9DED6E2AACEE827A76EE876A9DEDE9
:100490005C7A76EE866A76EEA77A77EE877AF5EE64
:1004A000C07AF1EE10FA31DC159A08F1010393429B
:1004B0000BF1640B40F35183DDE91C56AB4212DAB9
:1004C00008F10203AB420EDA08F10303AB420ADA89
:1004D00008F10403AB4206DA08F10503AB4202DA85
:1004E0000133AB42FCD13B6838461B6B984740F266
:1004F000A452214630462AF0E1FF0DF6245DBDEC02
:10050000108BBDE8F08F00BF9DC90108C0EE276ABF
:1005100007F5B96307F5B76E07F2DC500F9007F5E2
:10052000BC60109007F2E45007F5B86607F2BC5CB7
:10053000119007F5BD60129007F2D452DDED017AFB
:10054000019307F5BA630D9307F5BB6326EEA07A16
:100550000E93DEED000A149B8DED397A26EEA70A84
:1005600066EE88DA66EE817A26EEA18A93ED001AAD
:100570008DED130A66EEAFFA26EE8FFA66EEAEEA5E
:1005800026EE8EEA66EEA88A26EE899A66EEA99A8B
:1005900026EE8AAA66EEAAAA26EE8BBA66EEABBA59
:1005A00026EE8CCA66EEACCA26EE8DDA63EEA03A71
:1005B0008DED380AE2EE813A07F2C45507F2CC51CC
:1005C0008DED161ACDED33DACDED34FA8DED35FA29
:1005D000CDED36EA8DED37EACDED3A7ACDED3B8AB9
:1005E0008DED3C9ACDED3D9A8DED3EAACDED3FAA25
:1005F0008DED40BACDED41BA8DED42CACDED43CA85
:100600008DED44DA8DED458ADCED002A96ED001A79
:10061000019B92ED000AD3ED001A0D9B9DED066A39
:100620001A9265EE815A64EE804AE3EE225A0F9ADE
:1006300093ED003A0E9BCDED172A73EEA56AE4EE1A
:10064000034A07F2FC50D5ED005AD1ED003ACDED4A
:10065000065A25EE215A93ED004A119B8DED183A6A
:10066000A6EE255A9DED076ADDED055A8DED054A8A
:10067000E6EE234ACDED073A35EE246AD2ED004A84
:10068000109A9DED5B5ACDED194A36EE266A65EE5D
:10069000A45ADDED046A8DED045AE6EE845A92ED1B
:1006A000004A129A93ED005AD2ED002ADDED0C6A51
:1006B000DDED0B4A8DED0B5A66EEA26A1B90E4EE5F
:1006C000856A07F2EC5207F2F4539DED0A5AD0ED19
:1006D000004A92ED003A8DED0A4AE5EE046A07F50C
:1006E000BF609DED024A75EEA66AD0ED005ACDEDD1
:1006F0000C6ADDED096A099026EEA45ADDED086A60
:1007000007F5BE60D0ED003A0890A6EEA55A149801
:10071000DDED036A66EEA36AE4EE036A93ED004A38
:10072000A2EE045A9DED0C2A76EE856A9DED135AD1
:1007300076EE826A9DED042A76EE866A9DED166A53
:1007400072EE666AA6EEAD6AE6EEAF0A80ED006A6A
:100750009DED176ACEED000AA6EE8F6A0198A6EE0F
:10076000AE1A8CED006A9DED066A86ED001AA6EEC3
:100770008E6A0DF55166E6EE851A85ED006AC0EDCC
:10078000001A9DED076A9DED192A0998A6EE876A61
:10079000A6EEA80A81ED006A9DED186A0D99A6EEF5
:1007A000A76AA6EEA92A81ED006A9DED056A1A994D
:1007B000A6EE896A81ED000A0E9981ED006A9DED31
:1007C0000A6A0F99A6EE8A6A81ED002A109981EDD6
:1007D000006A9DED0B6A1199A6EEAA6AE6EE8B2AD5
:1007E000A6EEAB3A81ED006AE6EE8C3A1299A6EEDF
:1007F000AC4AB0EE656AC1ED002AA6EE8D6A20A96A
:1008000082ED003AE6EE884A089AC2ED003A83ED9E
:10081000004A1B9B80ED006A5246C3ED004AB0EED1
:10082000450A5346F1EC016A6DEEA63A2FEEA64A50
:100830006FEE264A2EEEA65A6EEE265A20EE266A55
:10084000C3ED003A83ED014AC3ED024A83ED035A3A
:10085000C3ED045A83ED056A67EE260A27EEA61A51
:1008600068EEA61A29EE262A69EEA62A2AEE263A6C
:100870006AEEA63A2BEE264A6BEEA64A2CEE265AD4
:100880006CEEA65A2DEE266A68EE266AC3ED060ABD
:1008900083ED071AC3ED081A83ED092AC3ED0A2A6E
:1008A00083ED0B3AC3ED0C3A83ED0D4AC3ED0E4ACE
:1008B00083ED0F5AC3ED105A83ED116AC3ED126A2E
:1008C0004C339E42AED125462346D3ED006AB2ECAE
:1008D000016A76EEC66AE3EC016A9A45F5D14C22CC
:1008E000002146A88DED077ACDED067A2AF051FC5D
:1008F0005EABCAF800301EA81323B7EE000A46AA62
:1009000051461F931E94FBF773F9DDED467A9DED7A
:10091000477ADDED486A9DED496ADDED4A5ACDED35
:10092000017A8DED027ADDED067A9DED077ACDED47
:10093000036A8DED046ACDED055ACDED08DACDEDF3
:1009400009FA8DED0AFACDED0BEA8DED0CEA9DED7D
:100950004B0ADDED4C0A9DED4D1ADDED4E1A9DED75
:100960004F2ADDED502A9DED513ADDED523A9DEDD5
:10097000534ADDED544A9DED555ADDED565A9DED35
:10098000576ADDED586A8DED077A33A9CDED067A09
:10099000DDED01DA9DED02EADDED03EA9DED04FAFD
:1009A000DDED05FA524653460846F0EC017A27EE93
:1009B000AD7A4C3303ED137A27EE8E7AB34203ED12
:1009C000127A27EEAE7A03ED117A27EE8F7A03EDD5
:1009D000107A27EEAF7A03ED0F7A27EE807A03EDD7
:1009E0000E7A27EEA07A03ED0D7A27EE817A03EDD9
:1009F0000C7A27EEA17A03ED0B7A27EE827A03EDCB
:100A00000A7A27EEA27A03ED097A27EE837A03EDBC
:100A1000087A27EEA37A03ED077A27EE847A03EDAE
:100A2000067A27EEA47A03ED057A27EE857A03EDA0
:100A3000047A27EEA57A03ED037A27EE867A67EE2D
:100A4000A67A03ED027A43ED017AAED1DDED08DA44
:100A5000DDED09FA9DED0AFADDED0BEA9DED0CEAFC
:100A60009DED077ADDED067A2346D3ED006AB2EC00
:100A7000016A76EEC66AE3EC016A9A45F5D19DED0E
:100A80005C6ADDED130A5346F1EC016A6DEEA62AAD
:100A90002FEEA63A6FEE263A2EEEA64A6EEE264AC4
:100AA00020EEA65A67EEA65AC3ED022A83ED033A5A
:100AB000C3ED043A83ED054AC3ED064A83ED075AB8
:100AC000C3ED095A27EE260A28EEA61A69EE261A61
:100AD00029EEA62A6AEE262A2AEEA63A6BEE263AD6
:100AE0002BEEA64A6CEE264A2CEEA65A6DEE265A3E
:100AF00068EE266A83ED080A83ED0A1AC3ED0B1A25
:100B000083ED0C2AC3ED0D2A83ED0E3AC3ED0F3AA7
:100B100083ED104AC3ED114A83ED125AC3ED135A07
:100B2000C3ED146A4C33B342AED10DF6185383EDC6
:100B3000006A0DF27473D5ED007AB3EC017AE6EE3B
:100B4000077A9945E5EC017AF5D1159A08F1010388
:100B500093420BF1640B3FF7AFAC9846FFF794BBA1
:100B60003846FBF793FBFFF770BB38469847FFF713
:100B70006CBB00BFFAF76ABF072808B503D8054B5E
:100B800053F8200008BD044B044A05482A21E9F720
:100B90007DFA00BFDC7C0508D8DE04084416050891
:100BA0008816050890ED000A704700BF90ED010A15
:100BB000704700BFD1F808C0CA68C0F800C04260E2
:100BC000704700BF00B5D1F814C0D1F810E08A69B1
:100BD000C0F800E0C0F804C082605DF804FB00BF0C
:100BE00000B5D1F820C0D1F81CE04A6AC0F800E096
:100BF000C0F804C082605DF804FB00BF00B5D1F806
:100C00002CC0D1F828E00A6BC0F800E0C0F804C09E
:100C100082605DF804FB00BF00B5D1F838C0D1F8A0
:100C200034E0CA6BC0F800E0C0F804C082605DF830
:100C300004FB00BF00B5D1F844C0D1F840E08A6C95
:100C4000C0F800E0C0F804C082605DF804FB00BF9B
:100C500091ED006AD1ED016A90ED007AD0ED017A54
:100C600037EE067A77EEA67A38B504460D4680ED63
:100C7000007AC0ED017A10311030EBF7F7F995EDFD
:100C8000087AD4ED087AD4ED096AD4ED0F4A94EDD0
:100C9000105AD4ED0B5A77EE877A94ED0A7AC4EDA8
:100CA000087A95ED096AD4ED0E7A76EE866A94EDAF
:100CB0000C6AC4ED096AD5ED0A6A37EE267AD4EDDE
:100CC0000D6A84ED0A7A95ED0E7A77EE877A94EDC7
:100CD000117AC4ED0E7AD5ED0F7A74EEA74AD4EDF1
:100CE000127AC4ED0F4AD5ED104A35EE245A20464B
:100CF00084ED105A95ED0B5A75EE855AC4ED0B5ADA
:100D0000D5ED0C5A36EE256A84ED0C6A95ED0D6A28
:100D100076EE866AC4ED0D6AD5ED116A37EE267A55
:100D200084ED117A95ED127A77EE877AC4ED127A16
:100D300095ED137AD4ED137AD4ED146A77EE877AB1
:100D400094ED157AC4ED137A95ED146AD4ED167A04
:100D500076EE866AC4ED146AD5ED156A37EE267A0A
:100D600084ED157A95ED167A77EE877AC4ED167ACA
:100D700038BD00BF2DE9F04F9FB00DF11F0828F0DE
:100D80000F08044601F14400914691ED006AD1ED4F
:100D9000016A039001F12C0E01F1500C01F1200ABF
:100DA00001F1380B08F1380208F1500001F110038D
:100DB00008F144010092019102900FCB08F1100557
:100DC00085E80F009AE8070008F1200787E8070088
:100DD0009EE8070008F12C0686E807009BE807005C
:100DE000009B99ED007AD9ED017A83E80700039A18
:100DF000019B07CA83E807009CE80700029B37EEC7
:100E0000067A77EEA67A83E8070009F110012846F2
:100E100088ED007AC8ED017AEBF728F9D8ED082AB9
:100E200098ED093AD8ED0A3A98ED0E4AD8ED0F4AF6
:100E300098ED105A99ED080AD9ED090A99ED0A1AA8
:100E4000D9ED0E1A99ED0F2AD9ED107AD8ED0B5A7B
:100E500098ED0C6AD8ED0D6A98ED117A72EE802A41
:100E600033EE203A99ED0B0AD9ED0C0AC8ED082AA9
:100E700073EE813A34EE214A99ED0D1AD9ED111A2B
:100E800088ED093A74EE824A35EE275A99ED122A16
:100E9000D8ED127AC8ED0A3A75EE805A36EE206A1D
:100EA00076EE816A37EE217A77EE827A88ED0E4A05
:100EB000C8ED0F4A88ED105AC8ED0B5A88ED0C6A40
:100EC000C8ED0D6A88ED117AC8ED127AD8F80030B5
:100ED00099ED134AD9ED144A99ED155AD9ED165AE0
:100EE0002360D8F80430636095E80F0004F1100C1B
:100EF0008CE80F0098ED136AD8ED146A98ED157A16
:100F0000D8ED167A97E8070036EE046A76EEA46A02
:100F100037EE057A77EEA57A04F1200B88ED136A97
:100F2000C8ED146A88ED157AC8ED167A8BE80700CB
:100F300096E80700009B04F12C0A8AE8070093E872
:100F40000700019B04F1380989E8070093E80700CE
:100F5000029B04F1440888E8070093E8070004F1C5
:100F6000500E8EE8070020461FB0BDE8F08F00BF8E
:100F70002DE9F04F2DED028B83B0044600F1100EE9
:100F800000F1200A00F12C0800F1380201F11003F1
:100F900001F1440091ED007AD1ED017A009201F166
:100FA000500C01F1200B01F12C0901F138070190DF
:100FB0000FCB8EE80F009BE807008AE8070099E84E
:100FC000070088E8070097E80700009B83E8070010
:100FD000019807C804F1440686E807009CE807006A
:100FE00027EE007A67EE807A04F1500585E8070065
:100FF00084ED007AC4ED017A7046B0EE408AEBF7DA
:1010000037F9D4ED080A94ED091AD4ED0A1A94EDD3
:101010000E2AD4ED0F2A94ED103AD4ED0B3A94ED4C
:101020000C4AD4ED0D4A94ED115AD4ED125A94EDB8
:10103000136AD4ED146A94ED157AD4ED167A60EE45
:10104000880A21EE081A61EE881A22EE082A62EE5A
:10105000882A23EE083A63EE883A24EE084A64EEC2
:10106000884A25EE085A65EE885A26EE086A66EE2A
:10107000886A27EE087A67EE887A2046C4ED080A67
:1010800084ED091AC4ED0A1A84ED0E2AC4ED0F2A64
:1010900084ED103AC4ED0B3A84ED0C4AC4ED0D4AD0
:1010A00084ED115AC4ED125A84ED136AC4ED146A2A
:1010B00084ED157AC4ED167A03B0BDEC028BBDE861
:1010C000F08F00BF2DE9F04F2DED028B83B0044669
:1010D00000F1100E00F1200A00F12C0800F1380296
:1010E00001F1100301F1440091ED007AD1ED017A94
:1010F000009201F1500C01F1200B01F12C0901F1DA
:10110000380701900FCB8EE80F009BE807008AE8B4
:10111000070099E8070088E8070097E80700009BA8
:1011200083E80700019807C804F1440686E8070031
:101130009CE8070020EE077A60EE277A04F150055C
:1011400085E8070084ED007AC4ED017A7046B0EEC0
:10115000408AEBF78DF8D4ED080A94ED091AD4ED26
:101160000A1A94ED0E2AD4ED0F2A94ED103AD4ED1C
:101170000B3A94ED0C4AD4ED0D4A94ED115AD4ED8E
:10118000125A94ED136AD4ED146A94ED157AD4EDE5
:10119000167A60EE880A21EE081A61EE881A22EEAD
:1011A000082A62EE882A23EE083A63EE883A24EE93
:1011B000084A64EE884A25EE085A65EE885A26EEFB
:1011C000086A66EE886A27EE087A67EE887A204613
:1011D000C4ED080A84ED091AC4ED0A1A84ED0E2A3A
:1011E000C4ED0F2A84ED103AC4ED0B3A84ED0C4A9D
:1011F000C4ED0D4A84ED115AC4ED125A84ED136A00
:10120000C4ED146A84ED157AC4ED167A03B0BDEC12
:10121000028BBDE8F08F00BF013808B50D2810D84B
:10122000DFE800F0090F07070F0F0F0F0F0F0F0F69
:101230000D0B074808BD074808BD074808BD07480B
:1012400008BD074B074A08489721E8F71FFF00BF72
:101250005C0300207C020020BC0000209C010020D8
:10126000D8DE04080817050880170508023808B5F5
:101270000E2815D8DFE800F00B1414080814141415
:1012800014141414140E1100B1EE000A08BD9FEDE1
:10129000070A08BD9FED060A08BD9FED060A08BDB6
:1012A000054B064A0648B321E8F7F0FEFAED6B3D20
:1012B0000BD7233CB2BFEC3DD8DE04080418050868
:1012C0008017050830B5DB48DFEDDB7A9FEDDB7A70
:1012D0009FEDDB6ADFEDDB2ADB4BDC4CDC49DD4AD2
:1012E000DFF8ACE39FEDDC3ADFEDDC3A9FEDDC4A62
:1012F000DFEDDC4A9FEDDC5A9FEDDC0ADFEDDC0A16
:101300009FEDDC1ADFEDDC1A9FEDDC2A4361F6EE7F
:10131000005A8361C361C465D94B04664466D94CE5
:10132000DFF870C3D84D8466F0EE006A80ED027A73
:1013300080ED037AC0ED042AC0ED087AC0ED097A89
:10134000C0ED0A7AC0ED0B7AC0ED0C7AC0ED0D7AD3
:10135000C0ED0E7AC0ED0F7AC0ED107AC0ED115AD3
:10136000C0ED125AC0ED135AC0F874E0C0F878E02E
:10137000C0F87CE0C0F880E0C0F884E080ED146A3A
:1013800080ED156A80ED166AC4660467BF4CC0F82C
:1013900088E0C0F88CE0C0F890E0C0F894E0C0F8B5
:1013A00098C0C0F89CC0C0F8A0C0C0F8A4C0C0F8E5
:1013B000A8C0C0F8ACC0C0F8B0C0C0F8B4C0C0F895
:1013C000B8C0C0F8BCC0C0F8C0C0C0F8C4C081ED8F
:1013D000027A81ED037AC1ED042A81ED057A81ED6F
:1013E000067A81ED077A81ED083A81ED093A81EDBF
:1013F0000A3AC1ED0B3AC1ED0C3AC1ED0D3A8D63DD
:10140000CD63C0ED326AC0ED336AC0ED346A0D645D
:10141000C1ED115AC1ED125AC1ED135A81ED146A92
:1014200081ED156A81ED166ACC650C664C6681ED1E
:101430001A4A81ED1B4A81ED1C4AC1ED1D4AC1EDDE
:101440001E4AC1ED1F4A81ED205A81ED215A81EDDE
:10145000225A81ED230A81ED240A81ED250AC1F883
:1014600098C0C1F89CC0C1F8A0C0C1F8A4C0C1F820
:10147000A8C0C1F8ACC0C1F8B0C0C1F8B4C0C1F8D0
:10148000B8C0C1F8BCC0C1F8C0C0C1F8C4C0C1ED8B
:10149000326AC1ED336AC1ED346A82ED027A82EDBF
:1014A000037AC2ED042A82ED057A82ED067A82ED96
:1014B000077A82ED083A82ED093A82ED0A3AC2EDE6
:1014C0000B3AC2ED0C3AC2ED0D3AC2ED0E7AC2ED06
:1014D0000F7AC2ED107AC2ED115AC2ED125AC2ED66
:1014E000135A82ED146A82ED156A82ED166AC2ED16
:1014F000170AC2ED180AC2ED190A82ED1A4A82EDE6
:101500001B4A82ED1C4AC2ED1D4AC2ED1E4AC2EDC5
:101510001F4AC3ED042A82ED205A82ED215A82ED42
:10152000225AC2F88CE0C2F890E0C2F894E0C2F807
:1015300098C0C2F89CC0C2F8A0C0C2F8A4C0C2F84B
:10154000A8C0C2F8ACC0C2F8B0C0C2F8B4C0C2F8FB
:10155000B8C0C2F8BCC0C2F8C0C0C2F8C4C0C2EDB6
:10156000326AC2ED336AC2ED346A83ED027A83EDEA
:10157000037A83ED051A83ED061A83ED071AC3ED8E
:10158000087AC3ED097AC3ED0A7AC3ED0B7AC3ED8D
:101590000C7AC3ED0D7AC3ED0E7AC3ED0F7AC3ED6D
:1015A000107AC3ED115AC3ED125AC3ED135A83EDED
:1015B000146A83ED156A83ED166AC3ED171AC3ED3D
:1015C000181AC3ED191A83ED1A2A83ED1B2A83ED2D
:1015D0001C2AC3F874E0C3F878E0C3F87CE0C3F8D1
:1015E00080E0C3F884E0C3F888E0C3F88CE0C3F877
:1015F00090E0C3F894E0C3F898C0C3F89CC0C3F867
:10160000A0C0C3F8A4C0C3F8A8C0C3F8ACC0C3F856
:10161000B0C0C3F8B4C0C3F8B8C0C3F8BCC0C3F806
:10162000C0C0C3F8C4C0C3ED326AC3ED336AC3EDB2
:10163000346A30BD5C0300200AD7233CCDCCCC3DBE
:10164000C364AA3A9A99993ECDCC4C3E77CC2B33C1
:101650007C0200209C0100200AD7A33B6F12033BB1
:101660001665BA36789C6E325BB5183177CCAB32E2
:10167000D25395339A99193E46F5D53217B751375B
:10168000BC0000206269BA37A69BC43BB5423B321E
:10169000789C6E330000614582B02DE9F04F85B033
:1016A00004AC04E9060016460F9340228A46994688
:1016B0000021109B01938046DDE9114729F069FD67
:1016C000402208EB020B0021584608F1800529F062
:1016D00060FD4FF480720021284629F05AFD019BDD
:1016E000C8F88061002EC8F884314ADD002B7EDD09
:1016F000102E76DC102B6EDC5146B2000AEB860C05
:1017000051F8046B2EB160E051F8040BB04256DD85
:1017100006468C45F8D149469E0009EB830C51F8EA
:10172000043B2BB145E051F8040B83423BDA0346FE
:101730008C45F8D15146404629F011FD32464946C4
:10174000584629F00CFDD8F880319F4225D104EB92
:10175000C707BC420FD0D8F8846163689E4216D197
:1017600021681EB13246284629F0F9FC0834BC42F3
:1017700005F11005F1D1404605B0BDE8F04F02B0CB
:1017800070471E4B1E4A1F481221E8F77FFC1E4B74
:101790001B4A1C484F21E8F779FC1C4B184A194892
:1017A0004A21E8F773FC1A4B154A16483521E8F729
:1017B0006DFC184B124A13483021E8F767FC144BB4
:1017C0000F4A10482321E8F761FC124B0C4A0D48E0
:1017D0001E21E8F75BFC104B094A0A481521E8F77F
:1017E00055FC0E4B064A07481421E8F74FFC0C4BFA
:1017F000034A04481321E8F749FC00BF6C180508A8
:101800008C1805081C1905088C1A0508401A0508CB
:10181000281A0508181A0508E4190508B419050856
:1018200090190508D0F88001704700BFD0F88401F6
:10183000704700BF002908B506DBD0F880318B4225
:1018400008DD50F8210008BD054B064A064868210E
:10185000E8F71CFC054B034A03486921E8F716FC2E
:10186000D01A0508DC1A05081C190508141B050800
:10187000002908B507DBD0F884318B4209DD00EB85
:101880008100006C08BD064B064A07486F21E8F747
:10189000FDFB064B034A04487021E8F7F7FB00BF45
:1018A000D01A0508381B05081C190508741B050803
:1018B000002908B50FDB002A1FDBD0F880318B42EE
:1018C00015DDD0F8843193420BDD00EB01100244AA
:1018D00092F8800008BD0C4B0C4A0D487621E8F7C1
:1018E000D5FB0C4B094A0A487921E8F7CFFB0A4B94
:1018F000064A07487821E8F7C9FB084B034A044821
:101900007721E8F7C3FB00BF9C1B0508AC1B05084B
:101910001C190508181C0508F01B0508E01B050824
:10192000016810B50446C0E902230B689847636854
:10193000012B18D0022B05D0236820469B69BDE8F7
:1019400010401847236820469B6898472368204624
:10195000DB689847236820461B6998472368204620
:101960005B699847E8E7236820465B689847E3E7A8
:10197000F7EE006A86EEA07A002100224160027232
:10198000C6EE807A77EE877AC7EE276AC0ED006AE6
:10199000704700BF90ED010A704700BF037A23B97A
:1019A0000123037280ED010A7047D0ED017AD0ED7A
:1019B000006A30EE677AE6EE877AB0EE670A80ED6D
:1019C000010A70470022002342600372704700BF83
:1019D000F7EE006A86EEA07AC6EE807A77EE877A16
:1019E000C7EE276AC0ED006A704700BFF7EE006AD5
:1019F00086EEA07AC6EE807A77EE877A87EE270A9F
:101A0000704700BF8C4610B504468646BCE80F0000
:101A1000AEE80F009CE80300DFED047A8EE80300D7
:101A2000C4ED067AC4ED077A204610BD0000000020
:101A300010B4029C032C07D0601E01288CBF00202C
:101A400001205DF8044B7047D1ED012ADFED524AC9
:101A5000D1ED027A9FED514ADFED515A92ED016AC4
:101A600092ED027A90ED005A019C93ED012A93EDDC
:101A7000021AD4ED021A62EEA42A67EE847A26EEE8
:101A8000256A77EEA26A27EE257A66EEA66A37EE19
:101A9000063AC6EE833A94ED013AB4EEE35AF1EE1B
:101AA00010FA17D462EE244A63EE256AE1EE044A86
:101AB000E1EEA56A64EEA44AD0ED015A84EEA64A8E
:101AC000B4EEE54AF1EE10FA04DC0023039A02209A
:101AD0001360B6E7D1ED006ADFED2F4AD2ED005A70
:101AE0009FED2F4AD3ED003A019B66EEA46A65EEA6
:101AF000845A76EEA77A35EE877A67EEA77A93ED69
:101B0000000AC7EE870AF4EEC50AF1EE10FA14DCFB
:101B10009FED227A63EEA44A60EE047AE1EE074A72
:101B2000E1EE847A64EEA44A90ED017A84EEA74A4D
:101B3000B4EEC74AF1EE10FA2BDD76EEE27A75EEDE
:101B4000865A67EEA77A87EEA57AB4EEC57AF1EEEB
:101B500010FA18DC9FED107ADFED117A63EE873A08
:101B60009FED0E7A20EE270AE2EE073AA3EE270A4F
:101B700063EEA33A90ED017AC3EE807AB4EEE77A91
:101B8000F1EE10FA03D503205DF8044B70470223F1
:101B90009CE701239AE700BFF304353FF30435BF08
:101BA000FFFFFF3E90ED060A704700BF90ED070A69
:101BB000704700BFDFED1C7A022AC0ED007AC0ED4D
:101BC000017A21D0032A1ED191ED027A9FED175A96
:101BD000D1ED016A9FED166ADFED165A67EE277A9E
:101BE00027EE057AE6EEA57AA6EE867ADFED125AA2
:101BF000D1ED006AA6EE867AE6EEA57A80ED017A4E
:101C0000C0ED007A70477047D1ED017A9FED097AF7
:101C1000D1ED006A67EE877A9FED077AE6EE877A64
:101C2000C0ED007A704700BF00000000EA0551BF18
:101C3000E805D13EF30435BFF304353F022910B562
:101C40004FF01802044616D003294FF000010ED1C0
:101C500029F09FFA0C4A0D4B0D48A26000210D4A55
:101C6000206021616360E3606261204610BD29F05D
:101C700090FA204610BD002129F08BFA044A024B4D
:101C80002260A360204610BDF30435BFE805D13EB5
:101C9000F304353FEA0551BF00B5022A0B4683B075
:101CA00001466FD0032A67D16846FFF783FF9FED97
:101CB000406ADFED403A93ED027A9FED3F4A9FED97
:101CC0003F5ADFED3F4A93ED001AF0EE467AF0EE10
:101CD000466AE7EE067AE7EE236A93ED017AF0EEC4
:101CE000461AE7EE041AB0EE462AA7EE052A67EE7A
:101CF000A35A26EE867AE1EE855AF0EE462AB0EE39
:101D0000463AE1EE242AA1EE053AA2EE047A67EE05
:101D1000867A66EEA36AE1EE847AE2EE056AB0EEB8
:101D2000656AA3EE247AA2EE856AE2EEA47AE3EE77
:101D3000056A26EE474AF7EE003AA7EEA64ADDED21
:101D4000014A9DED005AC3EE845A27EEA50A26EEFD
:101D5000656A27EE657A20EE240A66EEA56AA6EE8D
:101D6000050A27EE247A20EE240AA6EE857AA5EE4F
:101D7000070A03B05DF804FB124B134A1348EE2127
:101D8000E8F784F96846FFF715FFDFED116AD3ED38
:101D9000017A93ED006A9DED007A67EEA67A27EE50
:101DA000077AE6EE267A87EE270A03B05DF804FB91
:101DB00000000000EA0551BFF30435BFE805D13E3D
:101DC000F304353FD8DE0408441C0508B01C0508A0
:101DD000FFFFFF3E70B52DED028B089D1E460023D0
:101DE00043608360012D4FF000030446036006D07A
:101DF000AB1E012B08D9BDEC028B204670BDBDEC9B
:101E0000028B0560204670BD084611462A46FFF742
:101E100043FF069984ED010A2A463046B0EE408A17
:101E2000FFF73AFF022D079B84ED020A13D0D3ED92
:101E3000027AB4EEE78AF1EE10FA06DCD3ED037A0B
:101E4000B4EEE70AF1EE10FA0FDDBDEC028B0323CE
:101E50002046236070BDD3ED007AB4EEE78AF1EE40
:101E600010FAF2DCD3ED017AEAE702232360C2E73D
:101E700070B52DED028B079C012C05460FD01E4638
:101E8000A31E012B17D99FED210A0020B0EE408A36
:101E900085ED068ABDEC028B85ED070A70BD9FEDCE
:101EA0001B0AB0EE408A85ED068ABDEC028B204607
:101EB00085ED070A70BD084611462246FFF7ECFE85
:101EC000069922463046B0EE408AFFF7E5FE022C26
:101ED00010D0D5ED027AB4EEE78AF1EE10FA10DCFC
:101EE000D5ED037AB4EEE70AF1EE10FACCBF032089
:101EF0000220CDE7D5ED007AB4EEE78AF1EE10FAD4
:101F000001DD0320C4E7D5ED017AEBE70000000016
:101F1000022904D0032905D190ED020A704790ED03
:101F2000000A704708B5034A034B04484FF4817117
:101F3000E8F7ACF8241D0508D8DE0408B01C050835
:101F4000022904D0032905D190ED030A704790EDD2
:101F5000010A704708B5034A034B04484FF48B71DC
:101F6000E8F794F8701D0508D8DE0408B01C0508D1
:101F700010B511460446782229F0A0FA204610BD7B
:101F800010B511460446782229F098FA204610BD73
:101F90002DE9F04F2DED048B534B5449DFF870B110
:101FA000DFED539A9FED539ADFED538A82468FB04F
:101FB000C02240F8043B29F081FA00244FF0FF339F
:101FC000CAE93D33CAE93F33CAE94133D822214641
:101FD000CAE93144CAE93344CAE93544CAE9374455
:101FE000CAE93944CAE93B44CAF80C410AF5887089
:101FF00029F0CFF800220023CAE9C223CAE9C4238A
:10200000CAE9C623022303220121CAE9CA320420F5
:102010000522CAE9C841CAE9CC02CAE9CE41CAF8D8
:1020200040330AF547770AF54D79B0EE088A0AF58C
:102030005078324E57F8044F0FCE6D460FC596E8D4
:102040000300052C85E803003ED8694606A8CDF8B4
:1020500000B0CDED029ACDF804B08DED039A8DED70
:10206000048ACDED058AFFF7CDFC0DF1180CBCE814
:102070000F000AEB441604360FC69CE80F0086E8F2
:102080000F0004EBC404A4004D4655F8046F022E63
:1020900024D806EB460604EB860606F588765644F9
:1020A0003046FFF78FFCDDED050A9DED040A304652
:1020B000FFF78EFC4545E8D14F45BAD150460FB0E9
:1020C000BDEC048BBDE8F08F694606A8FFF79AFCCB
:1020D0000B4B0C4A0C486021E7F7D8FF084B0B4A22
:1020E00009486021E7F7D2FF047D0508CCC2040847
:1020F000295C134114AEBF40000048438CC3040860
:10210000C4DA0408C41D050894E60408BCE6040803
:10211000F628D4402DE9F04F2DED048B534B544954
:10212000DFF870B1DFED539A9FED539ADFED538ADC
:1021300082468FB0C02240F8043B29F0BFF900244A
:102140004FF0FF33CAE93D33CAE93F33CAE94133AF
:10215000D8222146CAE93144CAE93344CAE93544A0
:10216000CAE93744CAE93944CAE93B44CAF80C41D0
:102170000AF5887029F00DF800220023CAE9C2236D
:10218000CAE9C423CAE9C623022303220121CAE9FA
:10219000CA3204200522CAE9C841CAE9CC02CAE908
:1021A000CE41CAF840330AF547770AF54D79B0EECB
:1021B000088A0AF55078324E57F8044F0FCE6D4614
:1021C0000FC596E80300052C85E803003ED8694654
:1021D00006A8CDF800B0CDED029ACDF804B08DED93
:1021E000039A8DED048ACDED058AFFF70BFC0DF106
:1021F000180CBCE80F000AEB441604360FC69CE826
:102200000F0086E80F0004EBC404A4004D4655F807
:10221000046F022E24D806EB460604EB860606F56C
:10222000887656443046FFF7CDFBDDED050A9DED7F
:10223000040A3046FFF7CCFB4545E8D14F45BAD1FB
:1022400050460FB0BDEC048BBDE8F08F694606A880
:10225000FFF7D8FB0B4B0C4A0C486021E7F716FF41
:10226000084B0B4A09486021E7F710FF107D05086D
:10227000CCC20408295C134114AEBF40000048439F
:102280008CC30408C4DA0408C41D050894E60408D5
:10229000BCE60408F628D4402DE9F04791460446F0
:1022A0000F46F0220021484628F073FF04F54775D9
:1022B00004F54D7801E045456CD055F8041F05291B
:1022C00000F2BB8104EB81064FEA810AD6F8C430E4
:1022D0005A1E012A60D9032BEDD1D6F8DC30022B2F
:1022E0005AD0D4F83823022A00F2A18102EB8203EB
:1022F00007EBC303900093F80CC0BCF1000F40F053
:10230000E280D4F83C23022A00F2918102EB82039E
:1023100007EBC303900093F80CC0BCF1000F40F032
:10232000BD80D4F84023022A00F2818102EB8203AF
:1023300007EBC303900093F80CC0BCF1000F40F012
:102340009880D4F80C21002A40F3848107EE902A6B
:102350008A4409EBCA0ADAED006AB8EEE77AD317C5
:10236000C6EE877ADAE90201CAED007AE6F746F9A5
:10237000CAE90201D6F8C410CAF81410D6F8DC1065
:10238000CAF81810002201234545CAF810208AF81F
:10239000203092D1BDE8F087D4F83833022B00F218
:1023A000468103EB830307EBC30393ED007B1A7BAA
:1023B000D3ED044A9868D3F814E093ED065AD3EDB0
:1023C000075A93ED086AD3ED096A22B1D6F8F430C2
:1023D000002B45D10122D4F83C33022B00F2278197
:1023E00003EB830307EBC30393ED007B93F80CC06F
:1023F000D3ED044A9868D3F814E093ED065AD3ED70
:10240000075A93ED086AD3ED096ABCF1000F04D0B6
:10241000D6F8F4309A4223D10132D4F84033022B5B
:1024200000F2058103EB830307EBC30393ED007B0D
:1024300093F80CC0D3ED044A9868D3F814E093EDF8
:10244000065AD3ED075A93ED086AD3ED096ABCF139
:10245000000F3FF430AFD6F8F4309A423FF42BAF80
:102460004A1E042A00F20681DFE802F098DEDB96BD
:10247000D80093ED045AD3ED056A93ED066AD3EDC7
:10248000075A93ED087AD3ED097A4B1E042B00F21C
:10249000EB80DFE803F0BABDC04B490093ED045A6E
:1024A000D3ED056A93ED066AD3ED075A93ED087AEA
:1024B000D3ED097A4B1E042B00F2D380DFE803F042
:1024C000A2939652500093ED045AD3ED056A93ED12
:1024D000066AD3ED075A93ED087AD3ED097A4B1EBD
:1024E000042B00F2C480DFE803F084878A05030030
:1024F000B0EE677A10440AEB010309EBC30307EB64
:10250000C00257F830E050689A68D3ED007A12EBB9
:102510000E02D3F80CE09A6077EE877A40EB0E005B
:10252000C3ED007AD860ECE6B0EE677A10440AEBAF
:10253000010309EBC30307EBC00257F830E0506812
:102540009A68D3ED007A12EB0E02D3F80CE09A6091
:1025500077EE877A40EB0E00C3ED007AD860F0E6A4
:10256000B0EE677A10440AEB010309EBC30307EBF3
:10257000C00257F830E050689A68D3ED007A12EB49
:102580000E02D3F80CE09A6077EE877A40EB0E00EB
:10259000C3ED007AD860C4E616EE10EA0AEB010C2F
:1025A00009EBCC0C8CED027BCCF800E0CCF81000F1
:1025B000D6F8C420CCF81420D6F8DC20CCF81820AB
:1025C000002B08DB022B3EDC03EB830307EBC3038A
:1025D0009B68CCF81C300AEB010309EBC303012212
:1025E00083F8202067E6B0EE467ABBE7B0EE657A66
:1025F000B8E7B0EE667A7DE7B0EE467A7AE7B0EEFD
:10260000657A77E7B0EE667AACE7B0EE667A8DE78A
:10261000B0EE467A8AE7B0EE657A87E716EE90EA82
:10262000BCE715EE90EAB9E715EE10EAB6E7134BF2
:10263000134A14486A21E7F729FD104B124A114842
:102640006021E7F723FD114B114A124840F239117E
:10265000E7F71CFD104B0E4A0E484FF4AF71E7F739
:1026600015FDB0EE457A7DE7B0EE457A5EE7B0EE57
:10267000457A3FE714EE90EA90E700BFC4DA040819
:10268000641F050894E604088C1E05086CEC040819
:1026900050200508C4EE0408D8DE04082DE9F047F0
:1026A000914604460F46F0220021484628F071FD6D
:1026B00004F5477504F54D7801E045456CD055F8B3
:1026C000041F052900F2BB8104EB81064FEA810A51
:1026D000D6F8C4305A1E012A60D9032BEDD1D6F8A2
:1026E000DC30022B5AD0D4F83823022A00F2A18120
:1026F00002EB820307EBC303900093F80CC0BCF11C
:10270000000F40F0E280D4F83C23022A00F29181CD
:1027100002EB820307EBC303900093F80CC0BCF1FB
:10272000000F40F0BD80D4F84023022A00F28181DE
:1027300002EB820307EBC303900093F80CC0BCF1DB
:10274000000F40F09880D4F80C21002A40F38481D7
:1027500007EE902A8A4409EBCA0ADAED006AB8EE5D
:10276000E77AD317C6EE877ADAE90201CAED007A72
:10277000E5F744FFCAE90201D6F8C410CAF81410FC
:10278000D6F8DC10CAF81810002201234545CAF813
:1027900010208AF8203092D1BDE8F087D4F8383381
:1027A000022B00F2468103EB830307EBC30393ED97
:1027B000007B1A7BD3ED044A9868D3F814E093EDBC
:1027C000065AD3ED075A93ED086AD3ED096A22B190
:1027D000D6F8F430002B45D10122D4F83C33022B3B
:1027E00000F2278103EB830307EBC30393ED007B28
:1027F00093F80CC0D3ED044A9868D3F814E093ED35
:10280000065AD3ED075A93ED086AD3ED096ABCF175
:10281000000F04D0D6F8F4309A4223D10132D4F814
:102820004033022B00F2058103EB830307EBC30364
:1028300093ED007B93F80CC0D3ED044A9868D3F86D
:1028400014E093ED065AD3ED075A93ED086AD3EDE1
:10285000096ABCF1000F3FF430AFD6F8F4309A4269
:102860003FF42BAF4A1E042A00F20681DFE802F093
:1028700098DEDB96D80093ED045AD3ED056A93ED0C
:10288000066AD3ED075A93ED087AD3ED097A4B1E09
:10289000042B00F2EB80DFE803F0BABDC04B490027
:1028A00093ED045AD3ED056A93ED066AD3ED075A0A
:1028B00093ED087AD3ED097A4B1E042B00F2D380F6
:1028C000DFE803F0A2939652500093ED045AD3ED43
:1028D000056A93ED066AD3ED075A93ED087AD3EDB6
:1028E000097A4B1E042B00F2C480DFE803F08487D2
:1028F0008A050300B0EE677A10440AEB010309EB86
:10290000C30307EBC00257F830E050689A68D3ED74
:10291000007A12EB0E02D3F80CE09A6077EE877A19
:1029200040EB0E00C3ED007AD860ECE6B0EE677ABB
:1029300010440AEB010309EBC30307EBC00257F88D
:1029400030E050689A68D3ED007A12EB0E02D3F8AB
:102950000CE09A6077EE877A40EB0E00C3ED007AC8
:10296000D860F0E6B0EE677A10440AEB010309EB99
:10297000C30307EBC00257F830E050689A68D3ED04
:10298000007A12EB0E02D3F80CE09A6077EE877AA9
:1029900040EB0E00C3ED007AD860C4E616EE10EAF4
:1029A0000AEB010C09EBCC0C8CED027BCCF800E0BF
:1029B000CCF81000D6F8C420CCF81420D6F8DC20CF
:1029C000CCF81820002B08DB022B3EDC03EB830342
:1029D00007EBC3039B68CCF81C300AEB010309EB3F
:1029E000C303012283F8202067E6B0EE467ABBE7F6
:1029F000B0EE657AB8E7B0EE667A7DE7B0EE467A7B
:102A00007AE7B0EE657A77E7B0EE667AACE7B0EEDB
:102A1000667A8DE7B0EE467A8AE7B0EE657A87E7A8
:102A200016EE90EABCE715EE90EAB9E715EE10EA6B
:102A3000B6E7134B134A14486A21E7F727FB104BFC
:102A4000124A11486021E7F721FB114B114A124845
:102A500040F23911E7F71AFB104B0E4A0E484FF4BB
:102A6000AF71E7F713FBB0EE457A7DE7B0EE457A3C
:102A70005EE7B0EE457A3FE714EE90EA90E700BFDC
:102A8000C4DA0408641F050894E604088C1E0508CF
:102A90006CEC040890220508C4EE0408D8DE040893
:102AA000022908B517D9CB1E022B7AD8012820D0CD
:102AB000033801287CD8DFED495A9FED495AB0EE22
:102AC000650A9FED487A013904297FD8DFE801F0D3
:102AD000625B544D1F00012812D0033801286ED8C4
:102AE000DFED3E5A9FED3E5AB6EE000A9FED3E7A6C
:102AF000E9E7DFED3E5A9FED3E5A9FED3E0AE0E7E3
:102B0000DFED3D5A9FED3D5A9FED3D0AEEE792ED18
:102B1000056AD2ED037AD2ED046AB0EEC66AB4EE6D
:102B2000467AF0EEE77AF1EE10FAF0EEE66AB4EEED
:102B3000677A48BFB0EE476AF1EE10FAF4EE476AE2
:102B400048BFF0EE477AA6EE050AF1EE10FAC8BFCC
:102B5000F0EE476A77EEA67AB6EE087AA7EEA50AF7
:102B600020EE070A20EE000A08BD92ED046AD2EDBD
:102B7000037AD2ED056AD0E792ED036AD2ED047ACA
:102B8000D2ED056AC9E792ED026AD2ED007AD2ED84
:102B9000016AC2E792ED016AD2ED007AD2ED026AD3
:102BA000BBE7184B184A19484FF4EC71E7F76EFA77
:102BB000144B154A154840F2D111E7F767FA114B4B
:102BC000114A12484FF4DA71E7F760FA92ED006AA1
:102BD000D2ED017AD2ED026A9FE700BF0AD7A33C8B
:102BE0008FC2F53CDA0FC9400F5CEB41728A0E3C94
:102BF000A69BC43B4260653BC3642A3B6F12033B08
:102C00008FC2F53DD8DE0408B8240508E828050879
:102C10002DE9F04F2DED028B9DB000F54D7B00F5B9
:102C2000507304460191DA46029300255AF804CF06
:102C3000BCF1020F00F20D83019B0CEB8C0603EB41
:102C4000C6060FCE12AF0FC70FCE0FC796E8030010
:102C50009DF854E087E80300BEF1000F07D1029B06
:102C60005345E3D11DB0BDEC028BBDE8F08F04EB02
:102C7000CC011298D1F80833139ED1F80C23069595
:102C8000984276EB0207CDE90755CDE90955CDE924
:102C90000D55CDE90F550C950B95119580F0A88039
:102CA0001B1A62EB06025F42B3F1004F72F10002A1
:102CB00080F0D582584B0CEB4C0C9F42C1E9C20608
:102CC00004F547794FEA8C0626D859F8047F052F7A
:102CD00000F2CB82DFE807F0898683807D349DEDAA
:102CE000198A03EBC30706EB870707F588771CAA49
:102CF000274402EB8308384608ED168AFEF762FE89
:102D0000B0EE480A3846FEF749FE3846FEF742FE66
:102D1000D94508ED100A2BD059F8043F052B00F2D5
:102D2000A48201A252F823F0072E0208012E020805
:102D3000FB2D0208DF2C0208132E02080D2E0208BC
:102D40009DED1B0A07EBC70806EB880808F5887895
:102D50001CABA04403EB8707404607ED160AFEF7BD
:102D60001DFE4046FEF716FECB4507ED100AACD11E
:102D7000149E012E60D0F31E012B40F26481D4F822
:102D80002023052A00F25882D4F80C111CA802EB6B
:102D9000420300EB82009B00022950F8585C03F5C7
:102DA000F47600F24282234404EB8104344403EBC2
:102DB0008103033A50F8400C2560022AC3F8300220
:102DC00000F24082154B164A16484FF4BE71E7F7E1
:102DD0005DF99DED1A0AB5E79DED190AB2E79DED83
:102DE000180AAFE79DED170AACE79DED160AA9E7B3
:102DF000C31A66EB02021F4656E79DED188A70E77C
:102E00009DED178A6DE79DED168A6AE79DED1B8A99
:102E100067E79DED1A8A64E740420F00D8DE040898
:102E2000D02B0508E8280508E211C93EDD0A393B28
:102E30001184DF3C7026FD3FD4F82013052900F2F1
:102E4000FB81D4F80C911CAB03EB810301EB410730
:102E500004F5F472B9F1020F53F8580C03924FEADB
:102E6000870700F2E28153F8402C1FED118A5FEDD5
:102E7000118ACB1E022B039B3B44274407EB890797
:102E800003EB890394BFF0EE687AF0EE487A18609D
:102E90004FEA890CC7F83022C7ED9E7A0CAA30465B
:102EA000CDF810C0FFF7FCFDD4F8241387EDB00A6D
:102EB000052900F2C1811CA800EB8103CA1E53F84A
:102EC00058CC53F8400CDDE90337022A03EB07081E
:102ED00001EB4102274407EB820308EB820294BF17
:102EE000F0EE687AF0EE487AC2F800C0C3F830021B
:102EF000C3ED9E7A0CAA30460593FFF7D1FDD4F8B6
:102F00002813059B052983EDB00A00F295811CABBF
:102F100003EB8103CA1E022A01EB410253F858CC8D
:102F200053F8400C07EB820308EB820294BFF0EEEB
:102F3000687AF0EE487AC2F800C0C3F83002C3EDF8
:102F40009E7A0CAA30460593FFF7AAFDD4F82C13FD
:102F5000059B052983EDB00A00F26E811CAB03EBE3
:102F60008103CA1E022A01EB410253F858CC53F8E0
:102F7000400C07EB820308EB820294BFF0EE687A04
:102F8000F0EE487AC2F800C0C3F83002C3ED9E7A72
:102F90000CAA30460593FFF783FDD4F83013059B48
:102FA000052983EDB00A00F247811CAB03EB8102D7
:102FB000CB1E022B01EB410308EB830807EB8307D1
:102FC00052F8583CC8F8003094BFF0EE687AF0EE42
:102FD000487A52F8403CC7F83032C7ED9E7A0CAAC6
:102FE0003046FFF75DFDD4F8341387EDB00A0529AC
:102FF00000F22281039B049F304601EB410603EB64
:103000008603A1F1030C04EB86063E443B44BCF16D
:10301000020F1CAF0CAA07EB810798BFB0EE688ABD
:1030200057F858CCC3F800C057F8403CC6F83032C7
:1030300086ED9E8AFFF734FD09F1010386EDB00AA3
:10304000C4F80C310BE6D4F82013052900F2F48003
:10305000D4F80C911CAB03EB810301EB410704F5A1
:10306000F472B9F1020F53F8580C03924FEA870734
:1030700000F2DB8053F8402C1FED938A5FED938ABA
:10308000CB1E032B039B3B44274407EB890703EB31
:1030900089032CBFF0EE687AF0EE487A18604FEAA8
:1030A000890CC7F83022C7ED9E7A0CAA3046CDF8BD
:1030B00010C0FFF7F5FCD4F8241387EDB00A0529FA
:1030C00000F2BA801CA800EB8103CA1E53F858CC4A
:1030D00053F8400CDDE90337032A03EB070801EB43
:1030E0004102274407EB820308EB82022CBFF0EE7B
:1030F000687AF0EE487AC2F800C0C3F83002C3ED37
:103100009E7A0CAA30460593FFF7CAFCD4F8281320
:10311000059B052983EDB00A00F28E801CA800EB08
:103120008103CA1E032A01EB410253F858CC53F81D
:10313000400C07EB820308EB82022CBFF0EE687AAA
:10314000F0EE487AC2F800C0C3F83002C3ED9E7AB0
:103150000CAA30460593FFF7A3FCD4F82C13059B6B
:10316000052983EDB00A67D81CA800EB8103CA1EAD
:10317000032A01EB410253F858CC53F8400C07EBFB
:10318000820308EB82022CBFF0EE687AF0EE487AF8
:10319000C2F800C0C3F83002C3ED9E7A0CAA3046D4
:1031A0000593FFF77DFCD4F83013059B052983EDCB
:1031B000B00A41D8CA1E1CA800EB8103032A01EB08
:1031C000410207EB820708EB82082CBFF0EE687A19
:1031D000F0EE487A53F8582C53F8403CC8F80020D9
:1031E0003046C7F83032C7ED9E7A0CAAFFF758FC7C
:1031F000D4F8341387EDB00A05291DD8039B049F2A
:10320000304601EB410603EB8603A1F1030C04EB0E
:1032100086063E443B44BCF1030F1CAF0CAA07EBEF
:10322000810728BFB0EE688AFAE6134B134A1448A8
:1032300040F2AB11E6F72AFF124B134A1348602104
:10324000E6F724FF124B134A134840F25D11E6F7EC
:103250001DFF0C4B114A0D486A21E6F717FF104B72
:10326000104A11487F21E6F711FF094B0F4A0A481F
:103270004FF49571E6F70AFF68EA040888EA040843
:1032800044EB0408C4DA0408102B050894E604088B
:10329000D8DE0408D02B0508E8280508641F0508B7
:1032A0007CE80408E0E8040870E9040858290508E7
:1032B0002DE9F04FF0223D4CA5B00D46002180468F
:1032C00027F067FF4FF0FF320023C4E93D22C4E935
:1032D0003F22C4E941222946782206A8C4E93133B5
:1032E000C4E93333C4E93533C4E93733C4E9393386
:1032F000C4E93B33C4F80C3128F0E0F806A92046B5
:10330000FFF786FC04F54777CDF8148002E0284BE0
:10331000BB4239D057F8046F052E41D806EB46055D
:10332000AD0005F5F47905F51E7A05F50C7305F584
:1033300030752544009504EB4618D4F80C21019211
:1033400008F10408A144A244234452464946404699
:103350000493FEF78DFD04EB860B0328049BCBF84A
:10336000C400D4D13D3604EB860600950296D4F80D
:103370000C510195524649464046FEF759FB0C4B0D
:10338000CBF8DC00BB42C5D1DDF81480A3F54D704D
:10339000424606A9FEF780FF404625B0BDE8F08F03
:1033A000044B054A05486021E6F770FE983F01206E
:1033B000CC420120C4DA0408C41D050894E60408C0
:1033C000022908B513D9CB1E022B00F28D800D28DF
:1033D0007CD00E286CD0012840F08D809FED505A93
:1033E000DFED505A9FED500A9FED507A0EE00D2808
:1033F00073D00E2863D0012840F084809FED4C5A92
:10340000DFED4C5A9FED4C0A9FED4C7A01390429AF
:103410007FD8DFE801F0463F3831030092ED056ABE
:10342000D2ED037AD2ED046AB0EEC66AB4EE467A03
:10343000F0EEE77AF1EE10FAF0EEE66AB4EE677AB3
:1034400048BFB0EE476AF1EE10FAF4EE476A48BFA3
:10345000F0EE477AA6EE250AF1EE10FAC8BFF0EEBC
:10346000476A77EEA67AB6EE087AA7EE850A20EECE
:10347000070A20EE000A08BD92ED046AD2ED037A35
:10348000D2ED056AD0E792ED036AD2ED047AD2ED6F
:10349000056AC9E792ED026AD2ED007AD2ED016ABF
:1034A000C2E792ED016AD2ED007AD2ED026ABBE783
:1034B000DFED235A9FED235AB0EE650A94E79FEDA6
:1034C000215ADFED1F5A9FED200A9DE79FED1D5AFF
:1034D000DFED1B5A9FED1D0A86E79FED1A5ADFEDBF
:1034E0001C5A9FED1C0A8FE71B4B1C4A1C484FF4CB
:1034F000EC71E6F7CBFD184B184A194840F2D11190
:10350000E6F7C4FD144B154A15484FF4DA71E6F797
:10351000BDFD92ED006AD2ED017AD2ED026A83E739
:10352000728A0E3CA69BC43B4260653BDA0FC940E1
:10353000C3642A3B6F12033B8FC2F53D0F5CEB4126
:103540000AD7A33C98F98E3C9A99993E0AD7233C16
:103550000AD7A33BCDCC4C3ED8DE0408C42F0508C7
:10356000E82805082DE9F04F2DED028B9DB000F500
:103570004D7B00F5507304460191DA460293002515
:103580005AF804CFBCF1020F00F21E83019B0CEB32
:103590008C0603EBC6060FCE12AF0FC70FCE0FC7B8
:1035A00096E803009DF854E087E80300BEF1000FA1
:1035B00007D1029B5345E3D11DB0BDEC028BBDE8A2
:1035C000F08F04EBCC011298D1F80833139ED1F898
:1035D0000C230695984276EB0207CDE90755CDE915
:1035E0000955CDE90D55CDE90F550C950B95119564
:1035F00080F0AE801B1A62EB06025F42B3F1004F0F
:1036000072F1000280F0F4825B4B0CEB4C0C9F4299
:10361000C1E9C20604F547794FEA8C0626D859F865
:10362000047F052F00F2EA82DFE807F08F8C89869D
:1036300083349DED198A03EBC30706EB870707F573
:1036400088771CAA274402EB8308384608ED168ABF
:10365000FEF7B8F9B0EE480A3846FEF79FF938464B
:10366000FEF798F9CB4508ED100A2BD059F8043F26
:10367000052B00F2C38201A252F823F0673702083B
:10368000613702085B3702083336020873370208D5
:103690006D3702089DED1B0A07EBC70806EB88088B
:1036A00008F588781CABA04403EB8707404607ED7C
:1036B000160AFEF773F94046FEF76CF9D94507ED97
:1036C000100AACD1149ED4F82013012E5CD0052929
:1036D00000F27482D4F80C21039204F5F4721CAB4E
:1036E00017460492039A03EB810301EB4108022A77
:1036F00053F8580C4FEA880800F2598253F8402CCE
:103700003B46039F434403EB8703A044186008EB48
:1037100087034FEA8709C3F83022CB1E022B40F201
:1037200037810D2E00F041820E2E40F05382134B54
:1037300036E19DED1A0AAFE79DED190AACE79DED64
:10374000180AA9E79DED170AA6E79DED160AA3E75B
:10375000C31A66EB02021F4650E79DED188A6AE71E
:103760009DED178A67E79DED168A64E79DED1B8A3C
:1037700061E79DED1A8A5EE740420F00937FB23FFA
:10378000DD0A393BE211C93E052900F21782D4F85F
:103790000C71039704F5F4721CAB1746039A03EB04
:1037A000810301EB4108022A53F8580C4FEA8808BC
:1037B00000F2FD8153F8402C0497CB1E032B3B46AF
:1037C000039F1FED118A5FED118A4344A04408EB6B
:1037D000870803EB87032CBFF0EE687AF0EE487A97
:1037E0001860C8F83022BB00C8ED9E7A0CAA30469B
:1037F0001F46FFF7E5FDD4F8241388EDB00A05292C
:1038000000F2DC811CA800EB8103CA1E53F858CCDF
:1038100053F8400C049B032A03EB070901EB410218
:1038200004EB070808EB820309EB82022CBFF0EEE1
:10383000687AF0EE487AC2F800C0C3F83002C3EDEF
:103840009E7A0CAA30460593FFF7BAFDD4F82813E8
:10385000059B052983EDB00A00F2B0811CAB03EB98
:103860008103CA1E032A01EB410253F858CC53F8D6
:10387000400C08EB820309EB82022CBFF0EE687A61
:10388000F0EE487AC2F800C0C3F83002C3ED9E7A69
:103890000CAA30460593FFF793FDD4F82C13059B33
:1038A000052983EDB00A00F289811CAB03EB81038B
:1038B000CA1E032A01EB410253F858CC53F8400CBE
:1038C00008EB820309EB82022CBFF0EE687AF0EE7F
:1038D000487AC2F800C0C3F83002C3ED9E7A0CAA41
:1038E00030460593FFF76CFDD4F83013059B05298E
:1038F00083EDB00A00F262811CAB03EB8102CB1EA8
:10390000032B01EB410308EB830809EB830352F817
:10391000580C18602CBFF0EE687AF0EE487A52F836
:10392000403CC8F83032C8ED9E7A0CAA3046FFF70A
:1039300047FDD4F8341388EDB00A052900F23E8122
:10394000049B304601EB410603EB860304EB86063D
:103950003E443B441CAF07EB810CA1F1030EBEF1CA
:10396000030F5CF858ECC3F800E028BFB0EE688A9B
:103970005CF8403CC6F830320CAA86ED9E8AFFF710
:103980001FFD86EDB00A039F0137C4F80C7110E6E5
:103990000D2E04D00E2E40F024819C4B00E09C4B59
:1039A000C8440CAAC8F878323046FFF709FDD4F8AD
:1039B000241388EDB00A052900F200811CAB03EB4B
:1039C000810301EB410853F858CC53F8400C049B99
:1039D00003EB0902174602EB880204EB0903C2F865
:1039E00000C003EB88024FEA8808C2F83002CA1E02
:1039F000022A8BBF9FED877A9FED877ADFED877A6A
:103A0000DFED877A05930D2E18BFF0EE477A9844C4
:103A1000C8ED9E7A0CAA3046FFF7D2FCD4F82813E2
:103A200088EDB00A052900F2C9801CAB03EB8102C6
:103A300001EB4108059B52F858CC52F8400C059315
:103A400007EB8802C2F800C003EB88024FEA88083F
:103A5000C2F83002CA1E022A8BBF9FED6E7A9FED1C
:103A60006E7ADFED6E7ADFED6E7A0D2E18BFF0EE16
:103A7000477A9844C8ED9E7A0CAA3046FFF7A0FC1E
:103A8000D4F82C1388EDB00A052900F297801CABFE
:103A900003EB810201EB4108059B52F858CC52F828
:103AA000400C059307EB8802C2F800C003EB8802C4
:103AB0004FEA8808C2F83002CA1E022A8BBF9FED67
:103AC000557A9FED557ADFED557ADFED557A0D2E5B
:103AD00018BFF0EE477A9844C8ED9E7A0CAA30469B
:103AE000FFF76EFCD4F8301388EDB00A052965D8CD
:103AF0001CAB03EB810201EB4108059B52F858CC4B
:103B000007EB8800C0F800C052F8400C03EB8802B5
:103B10004FEA8808C2F83002CA1E022A8BBF9FED06
:103B20003D7A9FED3D7ADFED3D7ADFED3D7A0D2E5A
:103B300018BFF0EE477A9844C8ED9E7A0CAA30463A
:103B4000FFF73EFCD4F8341388EDB00A052935D8C8
:103B5000049B01EB41081CAA02EB810203EB8803E2
:103B60004B4452F8580C186004EB880808EB090322
:103B700052F8402CC3F83022CB1E022B95BF9FED8C
:103B8000267A9FED247ADFED267ADFED247A0D2E5A
:103B900018BFF0EE477AC844C8ED9E7A0CAA3046AA
:103BA000FFF70EFC88EDB00AEDE61E4BF8E61E4B63
:103BB0001E4A1F4840F2AB11E6F768FA1D4B1E4A39
:103BC0001E486021E6F762FA1A4B1D4A1B486A211B
:103BD000E6F75CFA1B4B1C4A1C4840F25D11E6F705
:103BE00055FA184B184A19484FF4BE71E6F74EFAC9
:103BF000174B184A18487F21E6F748FA114B174A25
:103C000012484FF49571E6F741FA00BF4D7F873CAB
:103C10007F3A893C937FB23F4D7F873C29A37B3F0E
:103C20007F3A893C29A37B3F68EA040888EA0408B4
:103C300044EB0408C4DA0408102B050894E60408D1
:103C4000641F0508D8DE04087C350508E828050847
:103C50007CE80408E0E8040870E90408D0330508AB
:103C60002DE9F04FF0223D4CA5B00D4600218046D5
:103C700027F08FFA4FF0FF320023C4E93D22C4E958
:103C80003F22C4E941222946782206A8C4E93133FB
:103C9000C4E93333C4E93533C4E93733C4E93933CC
:103CA000C4E93B33C4F80C3127F008FC06A92046D0
:103CB000FFF758FC04F54777CDF8148002E0284B55
:103CC000BB4239D057F8046F052E41D806EB4605A4
:103CD000AD0005F5F47905F51E7A05F50C7305F5CB
:103CE00030752544009504EB4618D4F80C21019258
:103CF00008F10408A144A2442344524649464046E0
:103D00000493FEF7B5F804EB860B0328049BCBF86D
:103D1000C400D4D13D3604EB860600950296D4F853
:103D20000C510195524649464046FDF781FE0C4B29
:103D3000CBF8DC00BB42C5D1DDF81480A3F54D7093
:103D4000424606A9FEF7AAFC404625B0BDE8F08F22
:103D5000044B054A05486021E6F798F9503C0120DC
:103D6000843F0120C4DA0408C41D050894E6040851
:103D700008B50348FEF70CF90248FEF7CBF908BD79
:103D8000983F0120503C012002460B46014800F0BC
:103D900005BF00BFE0420120014800F009BF00BF9D
:103DA000E042012030B583B0044600920348224629
:103DB0000B4600F00DFF03B030BD00BFE042012014
:103DC00010B50349044600F0DBFF204610BD00BFDC
:103DD000E0420120014800F0E3BF00BFE0420120C3
:103DE000DFED157AB4EEE70AF1EE10FA06DADFED50
:103DF000137AB4EEE70AF1EE10FA02D89FED100A3A
:103E00007047DFED107ADFED100A87EE800A08B503
:103E100025F02CFBF7EE007A30EE670A9FED0B7A67
:103E2000DFED0B7A20EE070A20EE277A77EEC07AD4
:103E300087EE270A08BD00BF0092F9470058B14637
:103E40000000C07F80E6C54754D442BEC42A2DC7B7
:103E50003CFEC14ADFED1E7AB4EEE70AF1EE10FA3D
:103E600010DA08B5DFED1B7AB4EEE70AF1EE10FACE
:103E70002DED028BB0EE408A07D8BDEC028B9FED92
:103E8000160A08BD9FED140A70479FED140ADFED76
:103E9000140A80EE080A25F0E9FADFED126A9FEDB8
:103EA000126AF7EE007A30EE677AF0EE665AE7EEC5
:103EB000465AC0EE087ABDEC028B86EEA57A9FEDDD
:103EC0000B6A27EE077A27EE067A27EEC70A08BDA7
:103ED0000092F9470058B1460000C07F80E6C54710
:103EE00054D442BE3CFEC14AC42A2DC709CA034667
:103EF000D0ED020A90ED010A70B5F1EE600AB1EE64
:103F0000400A04460E46154625F08EFA86ED000A54
:103F1000D4ED027AD4ED016A94ED007A67EEA77AC7
:103F2000E6EEA67AE7EE077AB1EEE70A87EE000A38
:103F300025F04EFA85ED000A70BD00BFF8B52DEDF5
:103F4000068B0F4616461D460446E8F719FA20462A
:103F5000B0EE409AE8F71AFA2046F0EE408AE8F709
:103F600003FA2046B0EE408AE8F704FA68EE007AD9
:103F70002046E9EE287AF7EE00AA37EEA78AE8F79E
:103F8000F9F92046F0EE409AE8F7F4F92046B0EE51
:103F9000409AE8F7F5F92046F0EE408AE8F7F0F9A4
:103FA00068EE808AB0EE00AAE9EE898AF0EE6A0A2D
:103FB000E8EECA0AB0EE480A25F036FA204687ED48
:103FC000000AE8F7D7F92046F0EE408AE8F7DEF974
:103FD0002046B0EE408AE8F7C7F92046B0EE409A96
:103FE000E8F7CEF960EE497AE8EE887A37EEA70A6C
:103FF00025F0EEF9B1EE400A204686ED000AE8F71A
:10400000B9F92046B0EE409AE8F7BAF92046F0EE4A
:10401000408AE8F7A9F92046B0EE408AE8F7B6F9F9
:1040200068EE007A2046E9EE287A37EEA78AE8F7AC
:10403000A7F92046F0EE409AE8F7A2F92046B0EE44
:10404000409AE8F7A3F92046F0EE408AE8F79EF997
:1040500068EE808AF0EE6A0AE9EE898AB0EE480AD4
:10406000E8EECA0A25F0E0F9BDEC068B85ED000A02
:10407000F8BD00BF10B52DED0A8BF6EE00AAB0EE2C
:10408000408AF0EE608AF0EE419A0446E7F7C0FFFE
:1040900028EE2A8A68EEAA8AB0EE480A25F05CFA71
:1040A000B0EE409AB0EE480A25F0C8FAB0EE408A69
:1040B000B0EE680A25F050FAB0EE40AAB0EE680AF9
:1040C00025F0BCFA69EEAA9AF0EE40AAB0EE690AB1
:1040D00025F042FAF0EE408AB0EE690A25F0AEFA19
:1040E00028EE2ACA69EE0ABA2CEE00BA2046F0EE93
:1040F000409AABEEA8BAE8F735F929EE2A9A28EEED
:104100000A8A29EEC9AA80ED00BAA8EE28AA20469C
:10411000E8F72EF928EE298A80ED00AAA9EE288A70
:104120002046E8F72BF968EECC8A80ED008AEBEEAA
:10413000A98A2046E8F728F9C0ED008ABDEC0A8B71
:10414000204610BD38B505462DED048B08460C46BB
:10415000E8F710F92046F0EE409AE8F70BF9204610
:10416000B0EE409AE8F70CF92046B0EE408AE8F746
:1041700007F9204628EE008AE8F708F92046F0EE15
:10418000408AE8F703F968EE807AF0EE485AB0EE1C
:10419000675AE9EE895A2046A9EE895A38EE278AED
:1041A000F7EE007AB0EE007AB0EE676AF0EE676A7A
:1041B000A8EE476AE5EEC77AE5EE476A85ED006A44
:1041C000C5ED046AC5ED087AE8F7D4F82046B0EEEC
:1041D000409AE8F7D5F82046F0EE408AE8F7C4F8B0
:1041E0002046B0EE408AE8F7D1F868EE007A204623
:1041F000B0EE677A99EE287AE9EE287A37EE077AF8
:1042000077EEA77A85ED037AC5ED017AE8F7B2F883
:104210002046B0EE409AE8F7B9F82046F0EE408A22
:10422000E8F7A2F82046B0EE408AE8F7A9F868EE71
:10423000007A2046B0EE677AA9EE287AD9EE287A7D
:1042400037EE077A77EEA77A85ED067AC5ED027A22
:10425000E8F796F82046B0EE409AE8F797F820463F
:10426000F0EE408AE8F780F82046B0EE408AE8F7A2
:1042700081F868EE007A2846B0EE677A99EE287ADF
:10428000E9EE287ABDEC048B37EE077A77EEA77A51
:1042900085ED077AC5ED057A38BD00BFDFED246AEC
:1042A000B0EEC07AB4EEE67AF1EE10FA08DC9FEDDB
:1042B000217AF0EEE07AF4EEC77AF1EE10FA02DB42
:1042C0009FED1D0A704730B591B00DF1370121F017
:1042D0000F0504469FED191A2846FFF7CBFE294625
:1042E00001A8FFF72FFFD4ED020A9DED080ADDEDCE
:1042F000076A94ED017ADDED057A9DED046A20EE02
:10430000800A60EEA60AA7EE270AE6EE070AD4EDB9
:10431000007ADDED026A9DED017AA7EEA60AE7EECE
:10432000270AB1EE400A11B0BDE8304025F07CB854
:10433000DA0F4940DA0FC93F0000C07F00000000DB
:1043400010B52DED068BD0ED008A88B0B0EE680A6E
:10435000044625F001F9B0EE408AB0EE680A25F077
:104360006DF994ED019AF0EE408AB0EE490A25F01D
:10437000F3F8F0EE40AAB0EE490A25F05FF994EDAB
:10438000029AB0EE40AAB0EE490A25F0E5F8F0EE48
:10439000409AB0EE490A25F051F9B0EE409A2AEE63
:1043A000A80A25F015F86AEE880AF0EE407AB0EE19
:1043B0004A0AF0EE67AA25F037F868EECA8AF0EEEE
:1043C000407A69EE880A29EE080AE8EEC90AA8EEE2
:1043D000A90AB0EE678A25F027F8F0EE480AB0EE99
:1043E000401AB0EE6A0A08B0BDEC068B10BD00BFE3
:1043F00010B511460446482227F060F8204610BD4B
:104400002DE9F04704463D4E3D4B05468EB044F83D
:10441000043B0FCE0FC40FCE0FC40FCE0FC496E8CF
:104420000F0000274FF0FF3C84E80F004822394678
:10443000C5E91177C5E91377C5E915CCEF6505F135
:10444000600026F0A6FE012100230022C5E9487184
:10445000C5E94A71C5E94223C5E94423C5E94623B4
:104460000223C5F8303105F58E7805F5927A05F509
:10447000987958F8046F6846314600F015FD694692
:1044800006A8FDF7BFFA012E31D80DF1180CBCE8D3
:104490000F0005EB461404340FC49CE80F0084E8B9
:1044A0000F0006EBC606B600574657F8044F022C1D
:1044B00017D804EB440406EB840460342C442046F3
:1044C000FDF780FADDED050A9DED040A2046FDF7B3
:1044D0007FFAB945E9D1C245CBD128460EB0BDE837
:1044E000F087084B084A09486021E5F7CFFD054BE6
:1044F000074A06486021E5F7C9FD00BFA4C30408C8
:104500001C7D0508C4DA0408BCE6040894E6040827
:104510004C39050810B50A4C2368BFF35B8FDB07E5
:1045200001D5022010BD204623F064FC0028F8D0FD
:104530000448FFF765FF204623F06BFC022010BD06
:1045400030430120384301202DE9F04F2DED028B3F
:1045500000F5927BDFED6B8A8FB0044688465D469E
:1045600000F5987A55F804EFBEF1020F00F2B7801B
:104570000EEB4E0608EBC6060FCE08AF0FC796E847
:1045800003009DF82C3087E803004FEA4E0933B949
:104590005545E7D10FB0BDEC028BBDE8F08F04EBC1
:1045A000CE020899D2F808310998D2F80C61CDED05
:1045B000048A994270EB0607CDED058ACDED068A97
:1045C000CDED078A79D25B1AC3F1000766EB0006CE
:1045D0000197B3F1004F76F1000680F08C8009EB73
:1045E0000E06C2E9421004F58E77B60002950397D5
:1045F0003D46B14655F8047F08A8394600F0EEFB69
:10460000012FB0EE408A70D807EBC7060EAB03EB64
:1046100087073D4A019B07ED0A0A09EB86066036CB
:104620002644934230464DD8FDF7B8F93046FDF7A1
:10463000B1F95D4507ED080ADCD1DDE9025757F80D
:10464000049FB9F1010F50D80EAAE36D02EB890166
:1046500009EB4906B600022B51F8280C06F1A80216
:1046600036D804EB83031A44334451F8201C1060FD
:10467000C3F8C01008AA0A98494600F0C5FBE36DCC
:10468000022B06F1D80223D804EB8303134483EDF5
:10469000000A0A98494606AA00F0DEFBE36D022BE9
:1046A00006F1F00614D804EB830232445F4582ED34
:1046B000000AC4D10133E3656AE7CB1A60EB060652
:1046C000019386E7FDF77EF9B0EE480A3046ABE786
:1046D0000E4B0F4A0F4840F2AB11E5F7D7FC0E4BDB
:1046E0000E4A0F486A21E5F7D1FC0B4B0D4A0C48E6
:1046F0006021E5F7CBFC0C4B0C4A0D487F21E5F718
:10470000C5FC00BF0000000040420F0068EA04083A
:1047100088EA040844EB0408C4DA04082C3A0508C3
:1047200094E60408203B05087CE80408E0E8040857
:1047300070E904082DE9F04F89B013460446019250
:104740008A4650220021184626F023FD04F58E7675
:1047500004F5927B56F8047F012F00F2538104EB9D
:104760008708BB000093D8F844305A1E012A07D9A5
:10477000032B00F088805E45ECD109B0BDE8F08FD6
:10478000D4F82851022D00F2378105EB45050AEBDC
:10479000C5050FCD0DF10809CC46ACE80F0095E832
:1047A00003009DF814308CE80300002B62D19E4674
:1047B00001230093D4F82C51022D00F21D8105EB4A
:1047C00045050AEBC5050FCDCC46ACE80F0095E8D2
:1047D00003009DF814308CE803002BB1D8F8543056
:1047E0009E451AD1DDF800E0D4F83051022D00F2D8
:1047F000038105EB45050AEBC5050FCDCC46ACE8BA
:104800000F0095E803009DF814308CE80300002B9E
:10481000B1D0D8F854309E45ADD04846394600F066
:10482000DDFA019ABB00DDE902013B4402EBC30360
:10483000049A1A61D8F8542083ED000AC3E90201F2
:10484000D8F844105961D8F84C109961002A08DB57
:10485000022A00F3E48002EB42020AEBC2029268F1
:10486000DA61019ABB003B4402EBC303012283F8E7
:10487000202080E7D8F85430002BCED102230093BB
:104880004FF0010E96E7D8F84C30022B3FF478AF8A
:10489000D4F82851022D00F2AF8005EB45050AEB54
:1048A000C5050FCD0DF10809CC46ACE80F0095E821
:1048B00003009DF814308CE80300002B40F0828048
:1048C000D4F82C51022D00F2978005EB45050AEB38
:1048D000C5050FCDCC46ACE80F0095E803009DF868
:1048E00014308CE80300002B52D1D4F83051022D43
:1048F00000F2828005EB45050AEBC5050FCDCC46DD
:10490000ACE80F0095E803009DF814308CE8030034
:1049100023BBE26D002A7BDD019BBD0007EE902AE0
:104920003D4403EBC505D5ED006AB8EEE77AD31731
:10493000C6EE877AD5E90201C5ED007AE3F75EFE9F
:10494000C5E90201D8F844106961D8F84C10A96192
:10495000002201232A6185F820300CE748463946B9
:1049600000F03CFA019A0298BB003B4402EBC303FF
:10497000D3ED007A9A6877EE807A12181946D868D3
:10498000C3ED007A9A60039B40EB0303CB60C0E762
:104990003946484600F022FA019A0298BB003B448F
:1049A00002EBC303D3ED007A9A6877EE807A12188F
:1049B0001946D868C3ED007A9A60039B40EB030365
:1049C000CB6092E73946484600F008FA019A02980F
:1049D000BB003B4402EBC303D3ED007A9A6877EE49
:1049E000807A12181946D868C3ED007A9A60039B42
:1049F00040EB0303CB6063E70C4B0D4A0D486A2183
:104A0000E5F744FB094B0C4A0A486021E5F73EFBF9
:104A10000A4B0B4A0B484FF4AF71E5F737FB0A4BD3
:104A2000074A084840F23911E5F730FBC4DA0408B8
:104A30002C3A050894E60408F83B0508D8DE04087B
:104A4000E83C0508C4EE04086CEC04082DE9F04FBE
:104A50000C469BB0154600215022814626F099FB5A
:104A60004FF0FF32C4E9152222680023C4E9113354
:104A7000C4E91333E3651368314A93420DF1200A08
:104A800053D148222946504626F018FD514620466B
:104A9000FFF75AFD04F59273CDE9053904F58E78D8
:104AA000CDF81CA058F8046F012E43D806EB46053C
:104AB000AD0005F1A80905F1D80A05F1C003F035EC
:104AC000254404EB46170095E26D01920437A1449A
:104AD000A24423445246494638460493FDF7C8F998
:104AE00004EB860B0328049BCBF844004FEA8606B0
:104AF0000DD0059B4345D5D1DDE9069A20464A46AF
:104B00005146FFF717FE48461BB0BDE8F08F5436FC
:104B1000264400950296E56D019552464946384671
:104B2000FCF786FFCBF84C00E3E72A4621465046C7
:104B30009847ABE7034B044A04486021E5F7A6FA1F
:104B4000F1430208C4DA04084C39050894E6040865
:104B500070B5104E3368BFF35B8FDB0704460D461C
:104B600006D520460C492A46FFF770FF204670BD47
:104B7000304623F03FF90028F3D00748FFF740FC08
:104B8000304623F046F9204603492A46FFF75EFFE8
:104B9000204670BD3043012038430120C0E9002386
:104BA0000123C0ED030A80ED020A0374704700BFC1
:104BB0000346416853F8182B8261D0F80CC0826814
:104BC0009A60C3F80CC05960027C1A74704700BF29
:104BD00070B52DED028B90F8281084B004460A9829
:104BE00000293FD015461E46D0E904329D4276EB9F
:104BF00002013BD25B1B62EB0602B3F1004F72F184
:104C0000000280F0A780D4E90621002BB8BF5B42E8
:104C1000954276EB010C2DD3AA1A66EB0101B2F195
:104C2000004F71F1000180F095804D498B4204DC0A
:104C3000002AB8BF52428A4220DD002300252562A7
:104C4000A361E361656284F8283023606360A56036
:104C5000E5602374A5632364636484F8483084F8B2
:104C60003430256304B0BDEC028B70BDEB1A66EBEB
:104C70000202C2E7521B61EB0601D0E703684268FB
:104C80000193D4ED090A836894ED080A029201A801
:104C90000393FFF703FBB4EE400AF1EE10FAE1D6FE
:104CA00094F8343013B394ED0C7ADFED2E6A70EE85
:104CB000477AF4EEE67AF1EE10FA31DDDFED2A6A9A
:104CC00077EEE67A9FED296ADFED266AA7EE867A0F
:104CD000B4EEE67AF1EE10FAB0EE470A2CDDDFED25
:104CE000227A37EE670A84ED0C0A04E0012384ED92
:104CF0000C0A84F834309FED1C8A0123C4E9105655
:104D0000F0EE480A84F8483024F090FBB5EEC00A73
:104D1000F1EE10FA48BF30EE080A84ED0E0AA1E762
:104D2000DFED136AF4EEE67AF1EE10FA44BFDFED40
:104D30000E6A77EEA67AC5E7DFED0D7AB4EEE77A74
:104D4000F1EE10FA44BFDFED087A37EE270A84ED62
:104D50000C0AD0E7074B084A08487F21E5F796F987
:104D6000400D0300DA0F4940DA0FC940A6AA2A3ED7
:104D7000DA0F49C07CE80408E0E8040870E9040898
:104D800001F1380C10B504468646BCE80F00AEE8C9
:104D90000F009CE803008EE80300204610BD00BF12
:104DA00000B54FF0000E00237146C0F820E083618B
:104DB000C361416280F8283003604360C0F808E0B6
:104DC000C160037481630364436480F8483080F8F1
:104DD0003430C0F830E05DF804FB00BF21B1012998
:104DE00005D190ED050A704790ED040A704708B5AB
:104DF000024A034B03481C21E5F748F9D83E050851
:104E0000D8DE04089C3F050808B521B101290DD161
:104E10009FED0C0A08BD0A2805D00B3801280BD8D5
:104E20009FED090A08BDB3EE090A08BD074B084A01
:104E300008484421E5F72AF9044B054A05483C2176
:104E4000E5F724F9398EE33C0000C842D8DE0408B7
:104E5000184005089C3F050808B521B101290DD16E
:104E60009FED0C0A08BD0A2805D00B3801280BD885
:104E70009FED090A08BDB3EE090A08BD074B084AB1
:104E800008486C21E5F702F9044B054A05486421FE
:104E9000E5F7FCF8398EE33C0000C842D8DE040890
:104EA000004205089C3F0508012908B50ED8DFF827
:104EB0003CC00949094AC0F800C0DFF834C041606D
:104EC000C160C0F808C00261426108BD044B054AD8
:104ED00005488C21E5F7DAF8002474490000C8423F
:104EE000D8DE0408F44305089C3F0508F628D440A2
:104EF000295C1341036C70B5856B04462BB90668B9
:104F0000013546B31846A56370BD164682B91A46E8
:104F1000406826F0D3FA6368216CA2680B44934280
:104F2000636024BF2368636001350020A56370BD02
:104F30001A46C06826F0C2FA226CE36851429B1AF6
:104F40002268E360934202D2A3680B44E360022E1E
:104F500006D00135E9E7806802F03CFFA660D2E7A1
:104F6000012D38BF01250020CDE700BF38B5E0B1E5
:104F700004460D4605F0D8F8D4E90F232168616096
:104F800003FB02F2D31A0A44A2600022A2630B447C
:104F9000FF2284F84420E36084F8452075B9236932
:104FA000C3B905F0E3F8012038BD4FF0500383F397
:104FB0001188BFF36F8FBFF34F8FFEE704F110002E
:104FC00005F000FE04F1240005F0FCFD05F0CEF82C
:104FD000012038BD04F1100002F0F8FC0028E0D0F8
:104FE0004FF0E0234FF08052C3F8042DBFF34F8FF2
:104FF000BFF36F8FD5E700BF30B583B09DF8185071
:1050000040B94FF0500383F31188BFF36F8FBFF3A4
:105010004F8FFEE71C4683B1002A4AD0B1B150231E
:105020000193019B502B1AD04FF0500383F311884A
:10503000BFF36F8FBFF34F8FFEE74FF0500383F343
:105040001188BFF36F8FBFF34F8FFEE74FF0500310
:1050500083F31188BFF36F8FBFF34F8FFEE7019B80
:1050600022600123C4E90F0184F8463005F05CF8A2
:10507000D4E90F232168616003FB02F2D31A0A44CA
:10508000A26000220B44A263FF2284F84420E36064
:1050900084F8452004F1100005F094FD04F124008B
:1050A00005F090FD05F062F8204684F84C5003B0FE
:1050B00030BD39B950230193019B502BB4D1019BD2
:1050C0002246CDE74FF0500383F31188BFF36F8F73
:1050D000BFF34F8FFEE700BFF8B540B94FF0500364
:1050E00083F31188BFF36F8FBFF34F8FFEE7054641
:1050F00001FB00F050300E46174605F07BF90446E0
:1051000040B3002380F8463036B300F150032360EB
:10511000C4E90F5605F008F8D4E90F23216861604F
:1051200003FB02F2D31A0A44A26000220B44A263DA
:10513000FF2284F84420E36084F8452004F1100045
:1051400005F040FD04F1240005F03CFD05F00EF8EB
:1051500084F84C702046F8BD0346D8E710B50446E5
:1051600004F0E2FF236823B9A46804F0FFFF20469F
:1051700010BD002404F0FAFF204610BD28B10368DA
:105180000BB980687047002070474FF0500383F3DD
:105190001188BFF36F8FBFF34F8FFEE740B94FF019
:1051A000500383F31188BFF36F8FBFF34F8FFEE778
:1051B000884208D24FF0500383F31188BFF36F8FFA
:1051C000BFF34F8FFEE730B5144685B0002A3BD0C1
:1051D00050230393039B502B08D04FF0500383F3CD
:1051E0001188BFF36F8FBFF34F8FFEE700250123B8
:1051F00082F846302260C2E90F050191039B04F05A
:1052000093FFD4E90F232068A56303FB02F2D31AAE
:1052100002440344A260FF2284F84420E36084F83F
:105220004520606004F1100005F0CCFC04F124007E
:1052300005F0C8FC04F09AFF0199A16302232046FF
:1052400084F84C3005B030BD4FF0500383F3118823
:10525000BFF36F8FBFF34F8FFEE700BFF8B540B9C4
:105260004FF0500383F31188BFF36F8FBFF34F8F5D
:10527000FEE788420E46044608D24FF0500383F3FF
:105280001188BFF36F8FBFF34F8FFEE7502005F0FB
:10529000B1F8054630B30027C0E90F4780F84670E3
:1052A000006004F041FFD5E90F232968AF6303FBD9
:1052B00002F2D31A0A440B44AA60FF2285F8442064
:1052C000EB60696085F8452005F1100005F07AFC77
:1052D00005F1240005F076FC04F048FF022385F870
:1052E0004C30AE632846F8BD2DE9F04385B00192FD
:1052F000002800F01A8188461F460446002900F065
:10530000AE80022F0BD1E36B012B08D04FF050037E
:1053100083F31188BFF36F8FBFF34F8FFEE702F067
:1053200009FD002800F00A8104F0FEFEA26BE36B89
:105330009A427AD3022F78D0002304F12406019AEE
:10534000002A00F00881002B00F0EB8004F00EFF33
:1053500002F00CF904F0E8FE94F84430FF2B04BF8F
:10536000002384F8443094F84530FF2B04BF002319
:1053700084F8453004F0FAFE01A902A802F0D6FB39
:10538000002840F0EC8004F0CFFEA26BE36B9A4261
:1053900072D004F0EBFE04F0C7FE94F8452055B23D
:1053A000002D04DC11E06A1ED3B255B26BB1636A02
:1053B000304653B102F00AFB0028F4D002F0F8FBAB
:1053C0006A1ED3B255B2002BF1D1FF2384F84530C9
:1053D00004F0CCFE04F0A8FE94F8442055B2002D51
:1053E00014DD04F1100903E06A1ED3B255B26BB1AB
:1053F0002369484653B102F0E9FA0028F4D002F0DC
:10540000D7FB6A1ED3B255B2002BF1D1FF2384F82B
:10541000443004F0ABFE02F0B1F804F085FEA16B5D
:10542000E26B91424FF0010389D23A464146204651
:10543000FFF760FD636A002B40F0CE8048B14FF06B
:10544000E0234FF08052C3F8042DBFF34F8FBFF31A
:105450006F8F04F08BFE012005B0BDE8F083036C74
:10546000002B3FF44EAF4FF0500383F31188BFF38E
:105470006F8FBFF34F8FFEE704F1100904F076FE43
:105480000199484602F0BEF904F04EFE94F845300A
:105490005DB2002D04DC11E06B1EDAB25DB26AB1C0
:1054A000636A304653B102F091FA0028F4D002F05A
:1054B0007FFB6B1EDAB25DB2002AF1D1FF2384F8C4
:1054C000453004F053FE04F02FFE94F844305DB2F2
:1054D000002D04DC11E06B1EDAB25DB26AB1236903
:1054E000484653B102F072FA0028F4D002F060FB93
:1054F0006B1EDAB25DB2002AF1D1FF2384F844308A
:1055000004F034FE02F03AF8002886D14FF0E02390
:105510004FF08052C3F8042DBFF34F8FBFF36F8F4E
:105520007BE702A802F0F6FA10E74FF0500383F38E
:105530001188BFF36F8FBFF34F8FFEE7019B002BE6
:105540003FF4F2AE4FF0500383F31188BFF36F8F37
:10555000BFF34F8FFEE704F009FE00207CE704F064
:10556000E3FD94F845305DB2002D10DD04F1240612
:1055700003E06B1EDAB25DB24AB1636A304633B102
:1055800002F024FA0028F4D002F012FBF1E7FF2326
:1055900084F8453004F0EAFD04F0C6FD94F8443088
:1055A0005DB2002D10DD04F1100603E06B1EDAB2CF
:1055B0005DB24AB12369304633B102F007FA0028E0
:1055C000F4D002F0F5FAF1E7FF2384F8443004F058
:1055D000CDFD01F0D3FFC0E704F1240002F0F6F99D
:1055E00000283FF436AF2AE7002944D070B582B0D6
:1055F00050230193019B502B08D04FF0500383F3AD
:105600001188BFF36F8FBFF34F8FFEE70C46002664
:105610000123C1E90F3681F8463009600546019B38
:1056200004F082FD216CE36B2268626001FB03F3EE
:10563000591A13440A44C4E90232FF23A66304F151
:10564000100084F8443084F8453005F0BBFA04F1CA
:10565000240005F0B7FA04F089FD84F84C50A660E8
:105660002660E6603346324631462046FFF73CFE70
:10567000204602B070BD4FF0500383F31188BFF392
:105680006F8FBFF34F8FFEE738B538B1856804469A
:1056900002F04AFB85420AD0002038BD4FF050038B
:1056A00083F31188BFF36F8FBFF34F8FFEE7E3687B
:1056B000013BE3600BB1012038BD1A461946204674
:1056C000FFF712FEF7E700BF70B50646502004F062
:1056D00091FE044670B30025012380F846502060F7
:1056E000C0E90F3504F020FDD4E90F232168616083
:1056F00003FB02F2D31A0B440A44E360FF23A260C7
:10570000A56304F1100084F8443084F8453005F0B6
:1057100059FA04F1240005F055FA04F027FD84F845
:105720004C60A5602560E5602B462A462946204648
:10573000FFF7DAFD204670BD002848D02DE9F04182
:105740000E4617461D46044621B3022D0BD1E36BCE
:10575000012B08D04FF0500383F31188BFF36F8FF4
:10576000BFF34F8FFEE704F017FEEFF311884FF001
:10577000500383F31188BFF36F8FBFF34F8FA26B7A
:10578000E36B9A4212D3022D10D0002088F31188C7
:10579000BDE8F081036C002BD7D04FF0500383F3AA
:1057A0001188BFF36F8FBFF34F8FFEE72A4694F83F
:1057B0004550A36B31466DB22046FFF79BFB6B1C37
:1057C0000ED06B1C5BB284F845300120DEE74FF051
:1057D000500383F31188BFF36F8FBFF34F8FFEE742
:1057E000636A002BF1D004F1240002F0EFF80028E6
:1057F000EBD0002FE9D001233B60E6E760B3036CF8
:1058000070B5044643B14FF0500383F31188BFF3E2
:105810006F8FBFF34F8FFEE703680D462BB304F085
:10582000BBFDEFF311864FF0500383F31188BFF3F4
:105830006F8FBFF34F8FA36BE26B9A4221D994F81D
:1058400045200133FF2AA36353B21ED001335BB25C
:1058500084F84530012015E04FF0500383F31188A0
:10586000BFF36F8FBFF34F8FFEE78368002BD6D057
:105870004FF0500383F31188BFF36F8FBFF34F8F47
:10588000FEE7002086F3118870BD636A002BE1D02B
:1058900004F1240002F09AF80028DBD0002DD9D0C2
:1058A00001232B60D6E700BF2DE9F04385B00192BC
:1058B000002800F047810F46044600297BD002F003
:1058C00039FA002800F0838004F02EFCA56B002D2F
:1058D00040F04181019B002B00F0D78002A802F02C
:1058E00019F9A84604F1240604F040FC01F03EFE3C
:1058F00004F01AFC94F84430FF2B08BF84F844806D
:1059000094F84530FF2B08BF84F8458004F02EFC46
:1059100001A902A802F00AF9002865D104F004FCEC
:10592000A36B002B00F0B78004F020FC04F0FCFB1C
:1059300094F845305DB2002D14DD04F1240903E034
:105940006B1EDAB25DB26AB1636A484653B102F0C7
:105950003DF80028F4D002F02BF96B1EDAB25DB2EC
:10596000002AF1D1FF2384F8453004F0FFFB04F056
:10597000DBFB94F844305DB2002D14DD04F1100916
:1059800003E06B1EDAB25DB26AB12369484653B1D7
:1059900002F01CF80028F4D002F00AF96B1EDAB20B
:1059A0005DB2002AF1D1FF2384F8443004F0DEFB1D
:1059B00001F0E4FD60E0036C002B80D04FF0500359
:1059C00083F31188BFF36F8FBFF34F8FFEE7019B07
:1059D000002B3FF479AF4FF0500383F31188BFF3EE
:1059E0006F8FBFF34F8FFEE704F09EFB94F84530B6
:1059F0005DB2002D04DC11E06B1EDAB25DB26AB15B
:105A0000636A304653B101F0E1FF0028F4D002F0A0
:105A1000CFF86B1EDAB25DB2002AF1D1FF2384F811
:105A2000453004F0A3FB04F07FFB94F844305DB2F2
:105A3000002D14DD04F1100903E06B1EDAB25DB233
:105A40006AB12369484653B101F0C0FF0028F4D081
:105A500002F0AEF86B1EDAB25DB2002AF1D1FF237C
:105A600084F8443004F082FB01F088FD04F05CFB14
:105A7000A36B53B104F07AFB04F056FBA56B002D29
:105A800069D1019B002B7FF42FAF04F06FFB002046
:105A900005B0BDE8F08304F1240904F067FB019927
:105AA000484601F0AFFE04F03FFB94F845305DB28C
:105AB000002D04DC11E06B1EDAB25DB26AB1636ADC
:105AC000484653B101F082FF0028F4D002F070F88C
:105AD0006B1EDAB25DB2002AF1D1FF2384F84530A3
:105AE00004F044FB04F020FB94F844305DB2002D38
:105AF00014DD04F1100903E06B1EDAB25DB26AB185
:105B00002369484653B101F061FF0028F4D002F048
:105B10004FF86B1EDAB25DB2002AF1D1FF2384F890
:105B2000443004F023FB01F029FD0028A4D14FF0FC
:105B3000E0234FF08052C3F8042DBFF34F8FBFF323
:105B40006F8F99E74FF0500383F31188BFF36F8F86
:105B5000BFF34F8FFEE7226C52B1E168A368114496
:105B60009942E16024BF2168E160384625F0A6FC37
:105B7000013DA56323691BB904F0F8FA012087E70A
:105B800004F1100001F022FF0028F5D04FF0E023CF
:105B90004FF08052C3F8042DBFF34F8FBFF36F8FC8
:105BA000EAE700BF2DE9F04385B0019100285FD0FE
:105BB000036C044643B14FF0500383F31188BFF3E5
:105BC0006F8FBFF34F8FFEE702F0B4F8002858D074
:105BD00004F0AAFAA56B002D40F05581019B002B23
:105BE00000F0458102A801F095FF2F46A84604F178
:105BF000240604F0BBFA01F0B9FC04F095FA94F81D
:105C00004430FF2B08BF84F8448094F84530FF2BC4
:105C100008BF84F8458004F0A9FA01A902A801F0A0
:105C200085FF002839D104F07FFAA36B002B00F028
:105C3000C08004F09BFA04F077FA94F845305DB226
:105C4000002D40F3918004F1240905E06B1EDAB2C7
:105C50005DB2002A00F08880636A4846002B00F09D
:105C6000838001F0B3FE0028F0D001F0A1FFEDE742
:105C70004FF0500383F31188BFF36F8FBFF34F8F43
:105C8000FEE7019B002BA3D04FF0500383F3118854
:105C9000BFF36F8FBFF34F8FFEE704F045FA94F820
:105CA00045305DB2002D04DC11E06B1EDAB25DB24E
:105CB0006AB1636A304653B101F088FE0028F4D01F
:105CC00001F076FF6B1EDAB25DB2002AF1D1FF233C
:105CD00084F8453004F04AFA04F026FA94F8443087
:105CE0005DB2002D14DD04F1100903E06B1EDAB281
:105CF0005DB26AB12369484653B101F067FE0028DE
:105D0000F4D001F055FF6B1EDAB25DB2002AF1D17A
:105D1000FF2384F8443004F029FA01F02FFC04F04A
:105D200003FAA36B43B904F021FA002F40F09480EA
:105D3000002005B0BDE8F08304F018FA04F0F4F98F
:105D4000A56B002D40F09F80019B002B7FF451AF8D
:105D5000002F00F08C804FF0500383F31188BFF3C5
:105D60006F8FBFF34F8FFEE7FF2384F8453004F0B9
:105D7000FDF904F0D9F994F844305DB2002D10DD3E
:105D800004F1100903E06B1EDAB25DB24AB1236977
:105D9000484633B101F01AFE0028F4D001F008FFA4
:105DA000F1E7FF2384F8443004F0E0F901F0E6FB6A
:105DB000C4E704F0DBF92368002B5BD004F124096D
:105DC0000199484601F01EFD04F0AEF994F8453003
:105DD0005DB2002D04DC0DE06B1EDAB25DB24AB19B
:105DE000636A484633B101F0F1FD0028F4D001F0B8
:105DF000DFFEF1E7FF2384F8453004F0B7F904F043
:105E000093F994F844305DB2002D10DD04F11009CF
:105E100003E06B1EDAB25DB24AB12369484633B182
:105E200001F0D4FD0028F4D001F0C2FEF1E7FF2319
:105E300084F8443004F09AF901F0A0FB00287FF4C4
:105E40007DAF4FF0E0234FF08052C3F8042DBFF335
:105E50004F8FBFF36F8F71E704F066F9616A19B174
:105E6000236B1968C1F13801A06801F0F7FF04F055
:105E70007DF95DE704F058F9A06801F06BFF074673
:105E800004F074F99AE72368013DA5632BB12369F7
:105E90003BB904F06BF901204BE702F01BF9A0605D
:105EA000F5E704F1100001F091FD0028F1D04FF06A
:105EB000E0234FF08052C3F8042DBFF34F8FBFF3A0
:105EC0006F8FE6E7A8B170B586680D46044601F00D
:105ED0002BFF864208D029462046FFF763FE10B10B
:105EE000E3680133E36070BDE36801200344E360CD
:105EF00070BD4FF0500383F31188BFF36F8FBFF372
:105F00004F8FFEE72DE9F04385B00192002800F0A5
:105F100049810F46044600297CD001F00BFF002880
:105F200000F0858004F000F9D4F83880B8F1000F53
:105F300040F04181019B002B00F0D78002A801F0C6
:105F4000E9FD04F1240604F011F901F00FFB04F05F
:105F5000EBF894F84430FF2B08BF84F8448094F8A1
:105F60004530FF2B08BF84F8458004F0FFF801A9F5
:105F700002A801F0DBFD002866D104F0D5F8A36B80
:105F8000002B00F0B88004F0F1F804F0CDF894F89C
:105F900045305DB2002D14DD04F1240903E06B1ED1
:105FA000DAB25DB26AB1636A484653B101F00EFDE0
:105FB0000028F4D001F0FCFD6B1EDAB25DB2002ABD
:105FC000F1D1FF2384F8453004F0D0F804F0ACF8A8
:105FD00094F844305DB2002D14DD04F1100903E0A3
:105FE0006B1EDAB25DB26AB12369484653B101F063
:105FF000EDFC0028F4D001F0DBFD6B1EDAB25DB2DF
:10600000002AF1D1FF2384F8443004F0AFF801F006
:10601000B5FA61E0036C002B3FF47FAF4FF0500303
:1060200083F31188BFF36F8FBFF34F8FFEE7019BA0
:10603000002B3FF477AF4FF0500383F31188BFF389
:106040006F8FBFF34F8FFEE704F06EF894F8453082
:106050005DB2002D04DC11E06B1EDAB25DB26AB1F4
:10606000636A304653B101F0B1FC0028F4D001F06E
:106070009FFD6B1EDAB25DB2002AF1D1FF2384F8D6
:10608000453004F073F804F04FF894F844305DB2F2
:10609000002D14DD04F1100903E06B1EDAB25DB2CD
:1060A0006AB12369484653B101F090FC0028F4D04E
:1060B00001F07EFD6B1EDAB25DB2002AF1D1FF2342
:1060C00084F8443004F052F801F058FA04F02CF847
:1060D000A36B53B104F04AF804F026F8A36B002B2D
:1060E00069D1019B002B7FF42EAF04F03FF8002014
:1060F00005B0BDE8F08304F1240904F037F80199F4
:10610000484601F07FFB04F00FF894F845305DB28B
:10611000002D04DC11E06B1EDAB25DB26AB1636A75
:10612000484653B101F052FC0028F4D001F040FD84
:106130006B1EDAB25DB2002AF1D1FF2384F845303C
:1061400004F014F803F0F0FF94F844305DB2002D31
:1061500014DD04F1100903E06B1EDAB25DB26AB11E
:106160002369484653B101F031FC0028F4D001F016
:106170001FFD6B1EDAB25DB2002AF1D1FF2384F855
:10618000443003F0F3FF01F0F9F90028A4D14FF0F7
:10619000E0234FF08052C3F8042DBFF34F8FBFF3BD
:1061A0006F8F99E74FF0500383F31188BFF36F8F20
:1061B000BFF34F8FFEE7226CE5684AB1A368A918C8
:1061C0009942E16024BF2168E160384625F076F904
:1061D000636AE5601BB903F0C9FF012088E704F199
:1061E000240001F0F3FB0028F5D04FF0E0234FF03E
:1061F0008052C3F8042DBFF34F8FBFF36F8FEAE7D0
:106200002DE9F84310B30E461746044691B104F049
:10621000C3F8EFF311894FF0500383F31188BFF3F4
:106220006F8FBFF34F8FA56BCDB9284689F31188C7
:10623000BDE8F883036C002BE9D04FF0500383F3E3
:106240001188BFF36F8FBFF34F8FFEE74FF05003FE
:1062500083F31188BFF36F8FBFF34F8FFEE794F87E
:106260004480226C4FFA88F852B1E168A368114467
:106270009942E16024BF2168E160304625F01EF9B3
:10628000013DB8F1FF3FA56306D008F101035BB201
:1062900084F844300120C9E72369002BFAD004F1C7
:1062A000100001F093FB0028F4D0002FF2D001235E
:1062B0003B60EFE7F8B5C0B1036C0D46044649B149
:1062C000E3B94FF0500383F31188BFF36F8FBFF32F
:1062D0004F8FFEE7002BF4D04FF0500383F311886B
:1062E000BFF36F8FBFF34F8FFEE74FF0500383F381
:1062F0001188BFF36F8FBFF34F8FFEE704F04CF8A8
:10630000EFF311864FF0500383F31188BFF36F8FC3
:10631000BFF34F8FA06B10B986F31188F8BD226CC4
:10632000E7684AB1A368B9189942E16024BF2168BF
:10633000E160284625F0C2F8E7600120ECE700BFE5
:1063400040B110B5044603F0EFFEA46B03F00EFF5E
:10635000204610BD4FF0500383F31188BFF36F8FB9
:10636000BFF34F8FFEE700BF50B110B5044603F0F6
:10637000DBFEA36BE46BE41A03F0F8FE204610BDCD
:106380004FF0500383F31188BFF36F8FBFF34F8F2C
:10639000FEE700BF08B1806B70474FF0500383F3F6
:1063A0001188BFF36F8FBFF34F8FFEE7000000002F
:1063B000F0B1214B5A68904225D0DA6890422CD037
:1063C0005A6990422BD0DA6990422AD05A6A904298
:1063D00029D0DA6A90421ED05A6B904225D0DA6BEF
:1063E000904208BF07220FD090F846304BB170475B
:1063F0004FF0500383F31188BFF36F8FBFF34F8FBC
:10640000FEE704F0B5B800229FED097B03EBC20361
:1064100083ED007BE8E70522F6E70122F4E702229C
:10642000F2E70322F0E70422EEE70622ECE700BFE2
:10643000000000000000000070440120806C7047E4
:106440008164704790F84C00704700BF20B1806BAA
:10645000B0FA80F0400970474FF0500383F3118881
:10646000BFF36F8FBFF34F8FFEE700BF30B1836B79
:10647000C06BC01AB0FA80F0400970474FF050036B
:1064800083F31188BFF36F8FBFF34F8FFEE700BF19
:10649000124B1A687AB19A6862B11A6992B19A6914
:1064A00092B11A6A92B19A6A92B11A6B92B19A6BCE
:1064B00092B17047012203EBC20C43F83210CCF8C2
:1064C000040070470222F6E70322F4E70422F2E711
:1064D0000522F0E70622EEE70722ECE770440120F0
:1064E000164B5A68904218D0DA68904219D05A690F
:1064F000904218D0DA69904217D05A6A904216D06A
:10650000DA6A904215D05A6B904214D0DA6B82420C
:1065100008BF072202D000207047002253F8320043
:1065200070470122FAE70222F8E70322F6E7042285
:10653000F4E70522F2E70622F0E700BF70440120ED
:10654000174B5A68904217D0DA6890421CD05A69AB
:1065500090421BD0DA6990421AD05A6A904219D000
:10656000DA6A904218D05A6B904217D0DA6B8242A6
:1065700008BF072201D07047002203EBC2030020AE
:106580000021C3E9000170470122F6E70222F4E787
:106590000322F2E70422F0E70522EEE70622ECE709
:1065A0007044012070B505460E46144603F0BCFD4C
:1065B00095F84430FF2B04BF002385F8443095F84C
:1065C0004530FF2B04BF002385F8453003F0CEFD96
:1065D000AB6B002B43D003F0A7FD95F845305CB2C0
:1065E000002C14DD05F1240603E0631EDAB25CB270
:1065F0006AB16B6A304653B101F0E8F90028F4D073
:1066000001F0D6FA631EDAB25CB2002AF1D1FF23A0
:1066100085F8453003F0AAFD03F086FD95F8443077
:106620005CB2002C14DD05F1100603E0631EDAB243
:106630005CB26AB12B69304653B101F0C7F900284A
:10664000F4D001F0B5FA631EDAB25CB2002AF1D1DF
:10665000FF2385F84430BDE8704003F087BD224633
:10666000314605F1240001F067F9B4E72DE9F04166
:10667000054603F059FD334A334E13680133136066
:106680003368002B31D0314CE86A236833B3304F84
:10669000304A31491368013313606B650B688342DC
:1066A00038BF086000EB800007EB8000291D04F074
:1066B00099FA03F05BFD236873B13268EB6AD26A22
:1066C0009A4209D24FF0E0234FF08052C3F8042DD4
:1066D000BFF34F8FBFF36F8FBDE8F08133681C4F5E
:1066E000DB6A834298BF3560D2E735601368012BBF
:1066F00003D0E86A164F154CCAE7154F3C4607F51C
:106700008C682046143404F05DFAA045F9D1DFF816
:106710006480124C404604F055FA204604F052FAC8
:106720000F4804F04FFA0F4804F04CFA0E4804F0FA
:1067300049FA0E4BE86AC3F800800D4B1C60034C0D
:10674000A6E700BFD8440120AC490120CC44012079
:106750004C450120BC440120D044012024450120A7
:1067600008450120F4440120DC440120204501209B
:106770001C4501203845012038B5274B274C002205
:106780001A60E2F7DFFD264B1968884204D92568B4
:106790006A6E521A02446A66216822680968126B9E
:1067A0001860914231D91F4D1F492B6803EB8302BA
:1067B000920098008A5842B9F3B1013B03EB83027F
:1067C000980051F82220002AF6D0184401EB800CE2
:1067D0006246DCF804104968CCF804100832914293
:1067E00004BF4968CCF80410CA6822602B60236893
:1067F0000E4A6833136038BD4FF0500383F311889D
:10680000BFF36F8FBFF34F8FFEE7206821683431ED
:10681000E2F79AFDC7E700BFC4440120AC4901205C
:10682000B0440120D04401204C45012054040020F4
:106830002DE9F0470A9CDDF8248095002A4606469B
:106840008946206BA5211F4624F0A3FC236B043D41
:106850001D4425F00705B9F1000F48D009F1FF3CB0
:1068600009F11F0104F1330301E08C4505D01CF848
:10687000012F03F8012F002AF7D1002384F85330A9
:10688000089B372B28BF37234FF0000AE362E365EC
:10689000201DC4F860A0994604F0A0F904F1180086
:1068A00004F09CF9C9F13803A361C4F8B4A05146BF
:1068B0004C2224616462C4F864A084F8B8A004F196
:1068C000680024F066FC0B4BE366284603F168057C
:1068D000D0333A4631462567636703F0E7FB206013
:1068E000B8F1000F01D0C8F80040BDE8F08784F887
:1068F0003490C5E7848E012080B51A4D1A4F1B4E87
:106900002B68002BFCD003F00FFCFB68DC68201D1B
:1069100004F08EF93368013B33602B68013B2B6038
:1069200003F024FC04F1680024F0E2FC94F8B93090
:1069300063B1012B11D0022BE2D04FF0500383F34F
:106940001188BFF36F8FBFF34F8FFEE7206B03F00B
:106950000FFE204603F00CFED2E7204603F008FEAF
:10696000CEE700BFF0440120F4440120D8440120C8
:106970002DE9F04F464B1E68013683B01E60002E95
:106980003ED0444B01931B689E4246D3424FDFF8F2
:1069900018913B68DFF814A11D68002D73D0DFF853
:1069A0001081002520E004F043F9A36A04F11800E7
:1069B0000BB104F03DF9E36AD8F8002003EB830043
:1069C0009342594609EB800088BFC8F8003004F0B4
:1069D00009F9DAF800203B68E16AD26A1B68914243
:1069E00028BF0125002B4ED03B68DB68DC6863685C
:1069F00004F1040B9E425846D5D2019A136011E06F
:106A0000254B1A6812680AB34FF0500383F31188BC
:106A1000BFF36F8FBFF34F8FFEE7DFF88C90DFF887
:106A20008CA00025DAF800301C49DB6A03EB8303F5
:106A30009B0059F803200B68022A28BF0125002B70
:106A40000CBF2846012003B0BDE8F08F144A186837
:106A500011681960134910600A6801320A601A68E7
:106A600012683AB90B4B01931A464FF0FF3313608B
:106A7000134688E71B68074ADB680192DB685B689E
:106A8000136013467FE7019A4FF0FF331360C9E7A5
:106A9000D4440120B844012020450120C4440120F1
:106AA0001C450120C04401204C450120AC49012077
:106AB000D04401202DE9F84F424D03F035FB2B68FF
:106AC000013B2B602B68002B65D13F4B1B68002BD3
:106AD00061D03E4E3368002B70D03D4FDFF80091FF
:106AE000DFF80081DFF800A1F368DC6804F1040B33
:106AF00004F1180004F09CF8584604F099F8E36A91
:106B00003A6803EB83009342594609EB800088BF43
:106B10003B6004F067F8D8F80030E26ADB6A9A421A
:106B20003FD30123CAF800303368002BDCD1294B56
:106B30001A681268002A3CD01A68274BD268D268BB
:106B400052681A60254E346894B1012706E0FFF7B9
:106B50000FFF08B1CAF80070013C08D02B68002B69
:106B6000F5D03368013C03F101033360F6D13460A2
:106B7000DAF800307BB14FF0E0234FF08052C3F8D9
:106B8000042DBFF34F8FBFF36F8F012403F0EEFA94
:106B90002046BDE8F88F002403F0E8FA2046BDE85F
:106BA000F88F3368002B9FD10A4B1A681268002AAD
:106BB000C2D1094B4FF0FF321A60C3E7DFF828A0BB
:106BC000C0E700BFB4440120D8440120084501209B
:106BD000D044012020450120B8440120C8440120B0
:106BE0004C450120AC490120C44401204B685B683E
:106BF0002DE9F04F01F1080A534508BFCB68DFF8D3
:106C0000E0B09146DA6883B00F4604464FF00008C2
:106C10005B687B609A4504BFDAF804307B60DE680D
:106C200076B33546EB6A23616B6D296BA360EB6D20
:106C300063616B6E2560A361DBF80030E16105F1F3
:106C400034009D4260601ED0B9F1030F84F80C90AF
:106C50002AD00B78A52B1BD10B461D4613F8010F2C
:106C6000A528FAD0C1F101032B44C3F38F03B2422C
:106C7000238408F1010804F1240411D07B68C7E7DC
:106C8000DBF80050CEE7002323730B78A52BE3D06D
:106C90000023B242238408F1010804F12404EDD159
:106CA000404603B0BDE8F08F0C490B6801330B6020
:106CB000AB6A0BB1022323730B6843B94FF0500347
:106CC00083F31188BFF36F8FBFF34F8FFEE70192FD
:106CD000FFF7F0FE296B019ABBE700BFB444012027
:106CE000AC49012030B587B00B9CC4B10C9D6DB18F
:106CF000BC250595059DBC2D1AD04FF0500383F39C
:106D00001188BFF36F8FBFF34F8FFEE74FF0500333
:106D100083F31188BFF36F8FBFF34F8FFEE74FF000
:106D2000500383F31188BFF36F8FBFF34F8FFEE7DC
:106D30000C9D2C63022485F8B94004ACCDE90145D3
:106D40000A9C0094059CFFF773FD0C98FFF78EFCDE
:106D5000049807B030BD00BF2DE9F043074685B069
:106D6000900015468846994603F044FBF0B104466E
:106D7000BC2003F03FFB0646A8B10463002486F85C
:106D8000B9400D9C01940C9C02964B462A46414604
:106D900038460094FFF74CFD3046FFF767FC0120B2
:106DA00005B0BDE8F083204603F0E2FB4FF0FF3072
:106DB00005B0BDE8F08300BF70B50446384D03F060
:106DC000B3F9002C48D0261D304603F031FFA36AEA
:106DD0001BB104F1180003F02BFF324A1368013392
:106DE00013602B68A3422ED02F4A136804F1680069
:106DF000013B136024F07CFA94F8B93063B1012BA5
:106E00003FD0022B0ED04FF0500383F31188BFF315
:106E10006F8FBFF34F8FFEE7206B03F0A9FB204677
:106E200003F0A6FB214B1A681268BAB9204B4FF049
:106E3000FF321A6003F09AF91E4B1B6813B12B68DE
:106E4000A34212D070BD1C48314603F0CBFE1B4A52
:106E5000136801331360EDE72C68B4E71A68144B2C
:106E6000D268D26852681A60E4E7154B1B6863B1B8
:106E70004FF0500383F31188BFF36F8FBFF34F8F31
:106E8000FEE7204603F074FBCCE74FF0E0234FF021
:106E90008052C3F8042DBFF34F8FBFF36F8F70BDC7
:106EA000AC490120BC440120D844012020450120E8
:106EB000B8440120CC440120F4440120F0440120D6
:106EC000B444012040B341B94FF0500383F311881B
:106ED000BFF36F8FBFF34F8FFEE72DE9F041314DC8
:106EE0002B6813BB2B6801332B602F4E036832686D
:106EF0005C182CBF0121002193421FD9F9B904600D
:106F00002B68002B33D14FF0500383F31188BFF36C
:106F10006F8FBFF34F8FFEE74FF0500383F311885D
:106F2000BFF36F8FBFF34F8FFEE74FF0500383F334
:106F30001188BFF36F8FBFF34F8FFEE709B9A242ED
:106F4000DDD21A4FD6F8008004603868A8EB02063C
:106F5000043003F06DFE34443B68A0455C6015D9F5
:106F6000134B18683968043103F04AFEC8E7FFF78D
:106F7000A1FD48B94FF0E0234FF08052C3F8042D33
:106F8000BFF34F8FBFF36F8FBDE8F081094B1868D7
:106F90003968043103F034FE074B1A68944238BF55
:106FA0001C60ADE7B4440120D4440120AC49012069
:106FB0001C45012020450120B8440120F8B550B9F6
:106FC0004FF0E0234FF08052C3F8042DBFF34F8FF2
:106FD000BFF36F8FF8BD1E4D2B6843B14FF05003C8
:106FE00083F31188BFF36F8FBFF34F8FFEE72B68DA
:106FF000013304462B60174B174E1F68306804306E
:1070000003F016FE3368E4195C6010D3134B186864
:107010003168043103F0F4FD2B68A3B94FF050033D
:1070200083F31188BFF36F8FBFF34F8FFEE70C4BD5
:1070300018683168043103F0E3FD0A4B1A68944282
:1070400038BF1C60E8E7FFF735FD0028B8D0F8BD71
:10705000B4440120D4440120AC4901201C45012046
:1070600020450120B8440120F8B5F0B11A4B1B6847
:107070008342044617D003F057F8184A184B166895
:1070800065691F6803F072F8B54219D0BD4217D088
:10709000144B9D4212D0144B9D421AD0002D0CBFB0
:1070A00004200120F8BD0020F8BD4FF0500383F309
:1070B0001188BFF36F8FBFF34F8FFEE7A36A0BB149
:1070C0000220F8BD94F8B830012B0CBF0220032039
:1070D000F8BD0420F8BD00BFAC49012020450120C7
:1070E0001C450120DC440120F444012010B5044675
:1070F00003F01AF824B1E46A03F038F8204610BD12
:10710000034B1C68E46A03F031F8204610BD00BF51
:10711000AC49012010B5044603F03EF9EFF31183AA
:107120004FF0500282F31188BFF36F8FBFF34F8F80
:107130001CB1E06A83F3118810BD034A1468E06A49
:1071400083F3118810BD00BFAC4901203729F8B581
:1071500008D94FF0500383F31188BFF36F8FBFF34B
:107160004F8FFEE704460D4602F0DEFF002C35D0BF
:10717000E26D95422ED0254B09D91968A14242D023
:107180001B68DE6AAE428CBF0026012604E01E6842
:10719000361BB6FA86F67609E36AE5659A42A26975
:1071A00008BFE562002AA4BFC5F13805A561184DE6
:1071B000626903EB830305EB83039A4211D04EB15E
:1071C0004FF0E0234FF08052C3F8042DBFF34F8FF0
:1071D000BFF36F8FBDE8F84002F0C8BF0B4B1C68CF
:1071E000C6E7271D384603F023FD0A4BE06A1A68FC
:1071F000904288BF186000EB8000394605EB8000A4
:1072000003F0F0FCDBE70026C6E700BFAC49012035
:107210004C450120D044012070B50446324E02F0A6
:1072200083FF002C3CD0251D284603F001FDA36AF6
:107230001BB104F1180003F0FBFC29462B482C4D30
:1072400003F0D0FC94F8B830012B04BF002384F87D
:10725000B83002F08BFF2B689BB93368A34200D093
:1072600070BD2B681BBB2149224A096812689142F4
:1072700034D0214B1B68002B32D0204B01221A60E6
:1072800070BD02F051FF1E4B1A68126852B11A68A5
:107290001C4BD268D26852681A6002F067FFDCE7C4
:1072A0003468C0E7174B4FF0FF321A60F5E7124B16
:1072B0001B6843B14FF0500383F31188BFF36F8F06
:1072C000BFF34F8FFEE74FF0E0234FF08052C3F83B
:1072D000042DBFF34F8FBFF36F8F70BD336070BD50
:1072E000BDE87040FFF748BAAC490120DC440120FA
:1072F000CC440120D8440120B4440120C4440120DE
:1073000020450120B844012080B170B5204D2B6884
:107310008342044609D002F007FF1E4B62699A427D
:107320000DD0BDE8704002F021BF70BD4FF050039A
:1073300083F31188BFF36F8FBFF34F8FFEE7A36A0C
:10734000154A9342EDD0002BEBD1261D304603F0B9
:107350006FFC124AE36A10688342114888BF1360C9
:1073600003EB830300EB8300314603F03BFC2B6807
:10737000E26ADB6A9A42D4D34FF0E0234FF08052A6
:10738000C3F8042DBFF34F8FBFF36F8FC9E700BF62
:10739000AC490120DC44012008450120D0440120F3
:1073A0004C450120F8B5D0B1044602F0F5FFEFF3EB
:1073B00011854FF0500383F31188BFF36F8FBFF334
:1073C0004F8F1D4B62699A4204D1A36A1B488342C6
:1073D00000D06BB1002685F311883046F8BD4FF020
:1073E000500383F31188BFF36F8FBFF34F8FFEE716
:1073F000134B1B68D3B9134BE66A1B68DB6A271D66
:107400009E42384634BF0026012603F011FC0E4A86
:10741000E36A106883420D4888BF136003EB83035F
:10742000394600EB830003F0DDFBD4E704F11801DB
:1074300003F0D8FBCEE700BFDC4401200845012063
:10744000B4440120AC490120D04401204C45012026
:1074500030B58BB007AA002406A905A8CDE90544DC
:1074600002F0C8FDDDE90632059DBBB16DB1BC215E
:1074700009910999BC291AD04FF0500383F3118860
:10748000BFF36F8FBFF34F8FFEE74FF0500383F3CF
:107490001188BFF36F8FBFF34F8FFEE74FF050039C
:1074A00083F31188BFF36F8FBFF34F8FFEE72B631A
:1074B000022108AB85F8B91009981D491D480094B0
:1074C000CDE901352346FFF7B3F92846FFF7CEF89B
:1074D000089B7BB101F012FA012803460CD001335E
:1074E00008D14FF0500383F31188BFF36F8FBFF3C0
:1074F0004F8FFEE70BB030BD4FF0500282F3118882
:10750000BFF36F8FBFF34F8F0B4A0C4912680C48C3
:1075100068320A600B490C4A4FF0FF3505600B607A
:107520001460E1F70DFF0BB0BDE8304002F094BEEF
:10753000A4440508F9680208AC490120540400205D
:10754000B8440120CC440120D44401204FF0500322
:1075500083F31188BFF36F8FBFF34F8F024B00226D
:107560001A6002F0CFBD00BFCC440120024A13686C
:1075700001331360704700BFB4440120064B1B6801
:1075800043B94FF0500383F31188BFF36F8FBFF3FC
:107590004F8FFEE7FFF78EBAB4440120014B186805
:1075A000704700BFD444012008B502F0F5FE014B3E
:1075B000186808BDD4440120014B1868704700BF0B
:1075C000D844012008B134307047064B18680028B1
:1075D000F9D14FF0500383F31188BFF36F8FBFF3DE
:1075E0004F8FFEE7AC4901202DE9F04F5C4C23683A
:1075F000013383B023605B4B1B688B4200F2A28097
:10760000DFF874E1DFF874811546382300268346DD
:10761000AEF2544A1A463146A946013A02EB8203B9
:107620005AF82330002B47D05EF8043C5F68BE4513
:1076300008BFDEF80470CDE9002101EBC100FE684F
:107640000BEB80004FF0000C7F684EF8047CBE45C9
:1076500004BFDEF804704EF8047CFD68002D6CD089
:107660002B46DA6A02615A6D196B8260DA6D03602B
:107670004261D8F800205C6EC1619A1A18BF0122DD
:1076800034338461027343600B78A52B58D10B46C9
:107690001C4613F8012FA52AFAD0C1F1010121449B
:1076A000C1F38F01AE4201840CF1010C00F1240002
:1076B000CAD1DDE900216144AEF1140E002AACD13B
:1076C000294B01EBC1000E4619680B684D460BEBC8
:1076D00080003BB10222FFF789FA064406EBC600A0
:1076E0000BEB8000214B19680B683BB10222FFF7BE
:1076F0007DFA064406EBC6000BEB80001C490B68C4
:107700003BB10422FFF772FA064406EBC6000BEB0E
:10771000800018490B681BB10322FFF767FA064483
:107720008DB1E1F70FFE0E4B28601B687BB1FFF7B0
:10773000C1F9304603B0BDE8F08FD8F8003090E7CB
:107740000021AFE70026064B1B68002BEFD14FF05E
:10775000500383F31188BFF36F8FBFF34F8FFEE7A2
:10776000B4440120D8440120204501201C450120BB
:10777000F4440120DC440120A0490120AC4901204F
:107780000F4B1A6842B14FF0500383F31188BFF3D7
:107790006F8FBFF34F8FFEE71A6801321A600949F5
:1077A0000A6802440A601B6843B94FF0500383F330
:1077B0001188BFF36F8FBFF34F8FFEE7FFF77AB9E2
:1077C000B4440120C8440120054B1B680BB9FFF7E6
:1077D000CFB8044A1368013300201360704700BF1C
:1077E000B4440120C8440120044B1B681BB1044B66
:1077F00001221A607047FEF7BFBF00BFB4440120EA
:10780000C4440120D0B170B51A4D0C462968183116
:1078100003F0F6F9184B1E682868043003F008FAE4
:10782000631C14D02B68A4195C6017D3134B186821
:107830002968BDE87040043103F0E2B94FF050030D
:1078400083F31188BFF36F8FBFF34F8FFEE7296873
:107850000B48BDE87040043103F0C4B9094B186807
:107860002968043103F0CCF9074B1A68944238BFF9
:107870001C6070BDAC490120D44401201C4501208E
:10788000DC44012020450120B844012050B3234BA3
:107890001B6843B94FF0500383F31188BFF36F8F18
:1078A000BFF34F8FFEE770B51D4D2B6841F00041CF
:1078B000996129681831144603F094F9194B1E6830
:1078C0002868043003F0B4F9631C14D02B68A419A1
:1078D0005C6017D3144B18682968BDE87040043108
:1078E00003F08EB94FF0500383F31188BFF36F8F0D
:1078F000BFF34F8FFEE729680C48BDE870400431A4
:1079000003F070B90A4B18682968043103F078F95C
:10791000084B19688C4238BF1C6070BDB44401200C
:10792000AC490120D44401201C450120DC44012045
:1079300020450120B844012030B370B51D4E0C46DF
:1079400031681546183103F04DF91B4B85B91D6898
:107950003068043003F06CF9336864195C601CD340
:10796000164B18683168BDE87040043103F048B91F
:107970001B683068043003F05BF931681048BDE8DB
:107980007040043103F02EB94FF0500383F3118897
:10799000BFF36F8FBFF34F8FFEE70A4B1868316854
:1079A000043103F02DF9084B1A68944238BF1C606B
:1079B00070BD00BFAC490120D44401201C4501200A
:1079C000DC44012020450120B844012038B5C368BB
:1079D000DC684CB304F11805284603F029F9174B6D
:1079E0001B6873B11648294603F0FCF8154BE26A90
:1079F0001B68DB6A9A4283BF134B0120186000208A
:107A000038BD251D284603F013F9104AE36A1168B2
:107A10000F488B4288BF136003EB8303294600EBBA
:107A2000830003F0DFF8E1E74FF0500383F31188A0
:107A3000BFF36F8FBFF34F8FFEE700BFB444012049
:107A400008450120AC490120C4440120D044012054
:107A50004C45012038B51C4B1A6842B94FF0500311
:107A600083F31188BFF36F8FBFF34F8FFEE7C468B6
:107A700041F000410160ECB1251D03F0D9F8284622
:107A800003F0D6F8114AE36A116811488B4288BFA7
:107A9000136003EB830300EB8300294603F0A2F895
:107AA0000C4BE26A1B68DB6A9A4202D90A4B01223C
:107AB0001A6038BD4FF0500383F31188BFF36F8F06
:107AC000BFF34F8FFEE700BFB4440120D044012034
:107AD0004C450120AC490120C444012068B110B5D7
:107AE000044602F021FB094A094B12681B68C4E9ED
:107AF0000023BDE8104002F039BB4FF0500383F380
:107B00001188BFF36F8FBFF34F8FFEE7C044012092
:107B1000D4440120034A044B12681B68C0E90023C7
:107B2000704700BFC0440120D4440120F8B508B319
:107B30000D46B1B1044602F0F7FA2B681A4A581CF8
:107B400011682CD0DFF864C0D4E90060DCF8007064
:107B5000BE4218D0884216D8012402F007FB204606
:107B6000F8BD4FF0500383F31188BFF36F8FBFF35D
:107B70004F8FFEE74FF0500383F31188BFF36F8FF1
:107B8000BFF34F8FFEE7A1EB000E734509D95B1AD7
:107B9000DCF80010126803442B60C4E900120024D2
:107BA000DBE700232B60D7E7D4440120C044012049
:107BB000014B01221A607047C444012000B1806D5E
:107BC000704700BF00B18165704700BF2DE9F843E1
:107BD0000D46164650B3404A0446E16A2961216BBE
:107BE000E961616DA960E16D6961616EA961052B53
:107BF00004F134012C60696033D01268A24218D0BD
:107C0000032B2B731AD076B1266B3378A52B55D165
:107C10003346184613F8011FA529FAD0C6F101060C
:107C20000644C6F38F062E84BDE8F8832A4A1468FA
:107C3000D3E700232B73002EF5D0E5E7274B1A6816
:107C400001321A60A26A0AB102222A731B685BBB66
:107C50004FF0500383F31188BFF36F8FBFF34F8F43
:107C6000FEE713689C421CD002F05EFA1C4A1D4BD2
:107C7000D2F800806769D3F8009002F077FA4745A0
:107C800019D04F4517D0184B9F4212D0174B9F4227
:107C90001ED0002F0CBF042301232B73002EC2D053
:107CA000B2E700232B73F9E7FEF704FF002EBAD0EA
:107CB000AAE7A36A23B102232B73EFE70026B2E7FA
:107CC00094F8B830012B0CBF022303232B73E5E794
:107CD00004232B73E2E700BFAC490120B444012028
:107CE000204501201C450120DC440120F4440120F2
:107CF00078B1006B0378A52B11D103469C4613F88D
:107D0000012FA52AFAD0C0F101006044C0F38F0012
:107D10007047044B1868006B0378A52BEDD000204A
:107D2000704700BFAC490120014B1868704700BF85
:107D3000AC490120054B1B6833B1054B1868B0FAFC
:107D400080F040094000704701207047CC4401207A
:107D5000B4440120F8B50446C8B11B4DC36A2A6873
:107D6000D26A934214D28269002A04DB2A68D26A5A
:107D7000C2F138028261154E626903EB830306EBA0
:107D800083039A420CD02B68DB6AE3620120F8BDC2
:107D90002B68C06DDB6A98422CBF00200120F8BD23
:107DA000271D384602F044FF2A68094BD06A1A683A
:107DB000E062904288BF186000EB8000394606EB15
:107DC000800002F00FFFE1E7AC4901204C450120A3
:107DD000D044012008B338B51D4B1C68844208D03C
:107DE0004FF0500383F31188BFF36F8FBFF34F8FB2
:107DF000FEE7236E43B1E16AE26D013B91422366E7
:107E000000D063B1002038BD4FF0500383F31188D8
:107E1000BFF36F8FBFF34F8FFEE700207047251D24
:107E2000284602F005FFE36D0A4AE362C3F1380019
:107E3000A06110688342084888BF136003EB830386
:107E400000EB8300294602F0CDFE012038BD00BFC3
:107E5000AC490120D04401204C45012000283DD0F0
:107E6000036E70B504464BB1C06DE26A814238BF03
:107E700001468A4201D0012B09D070BD4FF050035A
:107E800083F31188BFF36F8FBFF34F8FFEE7184B5B
:107E90001B68A34223D0A369E162002BA8BFC1F1F4
:107EA0003801144DA8BFA16102EB8202616905EBA4
:107EB00082039942E1D1261D304602F0B9FE0E4BF5
:107EC000E06A1A68904288BF186000EB8000314673
:107ED00005EB8000BDE8704002F084BE70474FF0B3
:107EE000500383F31188BFF36F8FBFF34F8FFEE70B
:107EF000AC4901204C450120D04401202DE9F04F30
:107F0000344B1D681B684FF0000803EBC30383B0BC
:107F1000044680F80080980002F06CFA002855D0E2
:107F2000294642468146FFF75FFBA0B300EBC00045
:107F3000DFF8A8B0DFF8A0A04D4609EB80072B7B47
:107F40006968042B20464FF0000698BF1BF80360B9
:107F500023F0ACFA2046E0F73BFD03461E2BC0F1B0
:107F60001F024FF0200120441BD823F012F984F89F
:107F70001F80AA682B6901922A8C00921F34324616
:107F80005146204623F074F82046E0F721FD2435C1
:107F9000AF420444D3D1484603B0BDE8F04F02F0ED
:107FA000E7BA0021E154A9681C442B690191298C8E
:107FB000009132460849204623F05AF82046E0F75F
:107FC00007FD2435AF420444B9D1E4E703B0BDE86E
:107FD000F08F00BFD8440120AC440508207D05087F
:107FE0002DE9F04F314B1D681B68002203EBC303E2
:107FF00083B004460270980002F0FCF9002851D0CA
:1080000001AA29462A4E8146FFF7EEFA019BA6FBFC
:1080100003267609632B01962DD960B300EBC000CF
:10802000DFF890B0DFF890A04D4609EB8008696852
:10803000AF69204623F03AFA2046E0F7C9FC1E2833
:1080400006D8C0F11F022021204423F0A2F81F20EF
:1080500000232354BE4204445146204611D8B7FBA6
:10806000F6F3AA6923F004F82046E0F7B1FC2435C2
:1080700045450444DBD1484603B0BDE8F04F02F06B
:1080800077BAAA69594622F0F3FF2046E0F7A0FC30
:108090002435A8450444CAD1484603B0BDE8F04F92
:1080A00002F066BA03B0BDE8F08F00BFD8440120EB
:1080B0001F85EB51C8440508BC440508044A1168F3
:1080C00013681268DB6A8869C3F1380393617047EB
:1080D000AC490120044B1A681AB119680A6E0132C2
:1080E0000A661868704700BFAC490120F8B52B4CF0
:1080F00006460D4602F018F82368D3F8B43023B9C9
:108100002368012283F8B820C5B902F02FF802F0E5
:108110000BF82368D3F8B45025B1236856B1002278
:10812000C3F8B4202368002283F8B82002F01EF8B8
:108130002846F8BD6A1EC3F8B420F3E7184B1F6841
:108140002068043002F074FD6B1C14D02368ED1914
:108150005D6016D3134B18682168043102F050FD9E
:108160004FF0E0234FF08052C3F8042DBFF34F8F40
:10817000BFF36F8FC9E721680B48043102F032FD6D
:10818000EEE70A4B18682168043102F039FD084B0C
:108190001A68954238BF1D60E2E700BFAC49012074
:1081A000D44401201C450120DC440120204501204D
:1081B000B84401202DE9F041334C1E46074688465D
:1081C000154601F0B1FF236893F8B830022B0BD0AD
:1081D0002268D2F8B43023EA0703C2F8B430236827
:1081E000012183F8B810BEB901F0C0FF01F09CFF77
:1081F0001DB12368D3F8B4302B60236893F8B830EE
:10820000022B26D000252368002283F8B82001F035
:10821000ADFF2846BDE8F0811C4B1F682068043084
:1082200002F006FD731C1DD02368F6195E601FD393
:10823000174B18682168043102F0E2FC4FF0E0238C
:108240004FF08052C3F8042DBFF34F8FBFF36F8FF1
:10825000CAE72268D2F8B43023EA08030125C2F83D
:10826000B430D0E721680B48043102F0BBFCE5E7ED
:10827000094B18682168043102F0C2FC074B1A68E8
:10828000964238BF1E60D9E7AC490120D444012092
:108290001C450120DC44012020450120B844012078
:1082A000F8B508B31E460F461546044601F03CFFDC
:1082B00016B1D4F8B430336094F8B8300222DBB28F
:1082C00084F8B820042D54D8DFE805F007171D0501
:1082D0000300022B3AD0C4F8B470012B19D001244A
:1082E00001F044FF2046F8BD4FF0500383F311889E
:1082F000BFF36F8FBFF34F8FFEE7D4F8B4203A433C
:10830000C4F8B420E9E7D4F8B4200132C4F8B420AA
:10831000E3E7251D284602F08BFC1C4AE36A11683E
:108320001B488B4288BF136003EB830300EB830081
:10833000294602F057FCA36A53B14FF0500383F370
:108340001188BFF36F8FBFF34F8FFEE70024C7E79D
:10835000104BE26A1B68DB6A9A42C0D94FF0E023F7
:108360004FF08052C3F8042DBFF34F8FBFF36F8FD0
:10837000B5E7D4F8B4200132AFD04FF0500383F307
:108380001188BFF36F8FBFF34F8FFEE7D0440120FA
:108390004C450120AC49012068B32DE9F0410F465E
:1083A00016461D46044601F0F7FFEFF311884FF023
:1083B000500383F31188BFF36F8FBFF34F8F15B155
:1083C000D4F8B4302B6094F8B8300222DBB284F8D1
:1083D000B820042E5BD8DFE806F007171D05030060
:1083E000022B28D0C4F8B470012B19D0012088F3D7
:1083F0001188BDE8F0814FF0500383F31188BFF37B
:108400006F8FBFF34F8FFEE7D4F8B4203A43C4F820
:10841000B420E9E7D4F8B4200132C4F8B420E3E78B
:10842000A36A53B14FF0500383F31188BFF36F8FEA
:10843000BFF34F8FFEE70020D9E71B4B1B6803BB40
:10844000251D284602F0F4FB184AE36A1168184813
:108450008B4288BF136003EB8303294600EB830044
:1084600002F0C0FB134BE26A1B68DB6A9A42BDD97B
:10847000069B13B11A46012313600F4B01221A60A9
:10848000B4E70E4804F1180102F0ACFBEAE7D4F8B7
:10849000B4200132A8D04FF0500383F31188BFF30A
:1084A0006F8FBFF34F8FFEE7B4440120D04401200B
:1084B0004C450120AC490120C4440120084501205D
:1084C000F8B5E8B10D46044601F066FFEFF31186FA
:1084D0004FF0500383F31188BFF36F8FBFF34F8FBB
:1084E000022394F8B82084F8B830D4F8B430012AC4
:1084F00003F10103C4F8B4300BD086F31188F8BD42
:108500004FF0500383F31188BFF36F8FBFF34F8F8A
:10851000FEE7A36A43B14FF0500383F31188BFF322
:108520006F8FBFF34F8FFEE7134B1B688BB1134860
:1085300004F1180102F056FB114BE26A1B68DB6A7A
:108540009A42DAD90DB101232B600E4B01221A6039
:10855000D3E7271D384602F06BFB0B4BE06A1A6825
:10856000904288BF1860094B00EB8000394603EB4E
:10857000800002F037FBDFE7B4440120084501200A
:10858000AC490120C4440120D04401204C450120C5
:1085900010B578B1044601F0C7FD94F8B830022B4D
:1085A00005BF002384F8B8300024012401F0DEFD6B
:1085B000204610BD014B1C68EDE700BFAC4901200F
:1085C00070B50D4680B10A4E044601F0ADFD33682A
:1085D000D3F8B460D4F8B43023EA0503C4F8B43057
:1085E00001F0C4FD304670BD014E3468EDE700BFB8
:1085F000AC4901202DE9F041214E84B00DE0DB684B
:10860000DC681F68251D284602F012FB236A2046FD
:10861000984794F828305B070AD433681A68002A10
:10862000EDD1184A11683160136004B0BDE8F081E3
:10863000A369DFF854803B449F42294605D2306845
:108640006360246102F0DCFAE7E7D8F80030002527
:108650006BB1CDE900570294FFF76CFBD8F800002E
:108660002B462A466946FCF73FFE0028D5D14FF03D
:10867000500383F31188BFF36F8FBFF34F8FFEE773
:10868000B04A0120AC4A0120A84A01202DE9F04F50
:10869000964E974D974C8BB04FF0E0294FF0805895
:1086A00032681768002F40F0A780FEF75FFFFEF7E3
:1086B00075FF2A6890428246C0F0AD808E4B2860DC
:1086C0001A681268B2FA82F252092068A7EB0A010E
:1086D000FDF768FFFEF752FF28B9C9F8048DBFF314
:1086E0004F8FBFF36F8F2068002202A9FDF7DCF8DF
:1086F0000028D5D0029B0498002B75DB049F7B6972
:1087000013B1381D02F094FAFEF748FF2B68984227
:108710008346C0F08780029BC5F800B0092BE2D8E1
:10872000DFE803F0050505523C590505523C97F872
:108730002820039B3F6142F0010287F82820BA6994
:1087400099182CBF01200020594579606DD8ABEBFA
:1087500003039A4232D83B6A3846984797F8283044
:108760005907C0D52168039BBA6971B11344CDE99B
:10877000073700270697FFF7DDFA20683B463A46A1
:1087800006A9FCF7B1FD0028ADD14FF0500383F3EB
:108790001188BFF36F8FBFF34F8FFEE797F8282044
:1087A000039BBB6142F0010287F82820002B00F0F8
:1087B00093805B445B457B603F613AD84E4B391DEB
:1087C000186802F01DFA8EE797F8283023F00103AD
:1087D00087F8283087E797F828309A0749D523F09B
:1087E000010387F828307EE7039B05999847029B91
:1087F000002BFFF678AF81E7D3681F68FEF7B6FE5F
:10880000FEF7CCFE2A688242824604D8874228605E
:1088100014D9002259E7FFF7EDFEC5F800A0FEF7D6
:10882000ADFE60E7FFF7E6FE75E75B4501D900287E
:1088300091D03068391D02F0E3F954E7FEF79EFE4F
:108840003268D268D2F80CB00BF1040108460191ED
:1088500002F0EEF99BF82820019912F0040F0CD1D8
:1088600022F001028BF82820DBF820305846984788
:1088700039E7384601F07CFE35E7DBF81800CBF825
:1088800010B03A185245CBF8042003D9306802F0F2
:10889000B7F9E9E7AAEB070A504518D822686AB188
:1088A000CDE9077B00270697FFF744FA20683B468F
:1088B0003A4606A9FCF718FD0028D5D14FF0500321
:1088C00083F31188BFF36F8FBFF34F8FFEE70A4B1F
:1088D000186802F095F9C7E74FF0500383F3118849
:1088E000BFF36F8FBFF34F8FFEE700BFB04A012089
:1088F000A04A0120A84A0120AC4A0120F0B5234C2F
:1089000089B001F011FC256835B301F02FFC236814
:10891000CBB1002407AA06A905A8CDE9054401F0BA
:1089200077FBDDE905023023CDE9012000931849EA
:10893000079A18482346FEF7D5F9174B186010B16F
:10894000012009B0F0BD4FF0500383F31188BFF34D
:108950006F8FBFF34F8FFEE7104F114E384602F076
:1089600031F9304602F02EF90E4A009517600E4A92
:108970000E4B166010210E4A0A20FCF73DFB2060CA
:108980000028C2D00B49FDF783FDBEE7A84A0120AD
:10899000DC4405088D860208A44A0120C84A01204B
:1089A000B44A0120B04A0120AC4A0120B04901205C
:1089B000004A0120D44405082DE9F04F074685B050
:1089C0002C20884616461D4601F014FD0446E8B1E9
:1089D000002380F82830B8F1000F1BD0DFF89C90FE
:1089E00001F0A2FBD9F80030EBB101F0BFFB0E9B08
:1089F0002760C4E906852362201D02F0EFF82EB13E
:108A000094F8283043F0040384F82830204605B059
:108A1000BDE8F08F4FF0500383F31188BFF36F8FE1
:108A2000BFF34F8FFEE7DFF858B0DFF858A003938D
:108A3000584602F0C7F8504602F0C4F8039B009372
:108A4000094B0A4AC3F800B0094B1021C3F800A033
:108A50000A20084BFCF7D0FAC9F800000028C4D05F
:108A60000549FDF715FDC0E7B04A0120004A012085
:108A7000AC4A0120B0490120D4440508A84A01208D
:108A8000C84A0120B44A01202DE9F04F85B02C24BA
:108A90000394039C2C2C08D04FF0500383F31188CF
:108AA000BFF36F8FBFF34F8FFEE71D46039B0F9BF6
:108AB00043B316461A4602230F4682F8283051B3B4
:108AC000294C804601F030FBD4F800B0BBF1000F18
:108AD0002AD001F04BFB0F9B0E9AC3F80080C3E92C
:108AE00006751A62181D02F079F83EB10F9B0F9AB5
:108AF00093F8283043F0040382F828300F9805B02B
:108B0000BDE8F08F4FF0500383F31188BFF36F8FF0
:108B1000BFF34F8FFEE74FF0500383F31188BFF38D
:108B20006F8FBFF34F8FFEE7DFF854A0DFF854904C
:108B3000504602F047F8484602F044F80B4A0C4B06
:108B4000CDF800B01021C2F800A0C3F80090094A87
:108B5000094B0A20FCF750FA20600028B9D00749D9
:108B6000FDF796FCB5E700BFA84A0120B04A0120F6
:108B7000AC4A0120004A0120B0490120D444050834
:108B8000C84A0120B44A0120C0B130B5184D2C6844
:108B900085B084B10529CDE90012029017DCFFF7FA
:108BA000C9F802281CD0002328681A466946FCF739
:108BB0009BFB05B030BD204605B030BD4FF05003E3
:108BC00083F31188BFF36F8FBFF34F8FFEE79C468F
:108BD0006246002369462046FCF7AEFD05B030BD75
:108BE0002868089A00236946FCF77EFBE4E700BF8B
:108BF000A84A0120064B186800B170474FF0500397
:108C000083F31188BFF36F8FBFF34F8FFEE700BF71
:108C1000A44A012008B1806970474FF0500383F3E4
:108C20001188BFF36F8FBFF34F8FFEE738B5B0B138
:108C300004460D4601F078FA94F828303DB903F067
:108C4000FB0384F82830BDE8384001F08FBA43F0C8
:108C5000040384F82830BDE8384001F087BA4FF0AB
:108C6000500383F31188BFF36F8FBFF34F8FFEE77D
:108C700058B110B5044601F057FA94F82840C4F3EF
:108C8000800401F073FA204610BD4FF0500383F3C7
:108C90001188BFF36F8FBFF34F8FFEE708B14068B5
:108CA00070474FF0500383F31188BFF36F8FBFF30A
:108CB0004F8FFEE708B1006870474FF0500383F311
:108CC0001188BFF36F8FBFF34F8FFEE758B110B518
:108CD000044601F029FA94F8284004F0010401F058
:108CE00045FA204610BD4FF0500383F31188BFF3BF
:108CF0006F8FBFF34F8FFEE740B110B5044601F010
:108D000013FAE46901F032FA204610BD4FF0500327
:108D100083F31188BFF36F8FBFF34F8FFEE700BF60
:108D200038B540B104460D4601F0FEF9E561BDE8F5
:108D3000384001F01BBA4FF0500383F31188BFF3A2
:108D40006F8FBFF34F8FFEE730B5144685B01A46DC
:108D5000064B01900291186803946FF001050023FF
:108D600069460095FCF7E8FC05B030BDA84A012033
:108D700030B50E4C256885B075B11446CDE90214A6
:108D80001A4601900023284669464FF0FF340094AC
:108D9000FCF7AAFA05B030BD4FF0500383F31188F9
:108DA000BFF36F8FBFF34F8FFEE700BFA84A0120CC
:108DB000406A70474162704710B5FFF79DFF20B1D0
:108DC000BDE81040D0E90030184710BD08B54FF09D
:108DD000E0231B69FEF7AEFF012800D108BDBDE806
:108DE000084001F00FBA00BFEFF305832BB9064B23
:108DF000186828B901221A6070476FF005007047A3
:108E00004FF0FF30704700BF5452012010B50C46A0
:108E100010B10849C0E9001104B10AB9002010BD21
:108E2000112A054928BF1122204622F047FB0020C5
:108E300010BD00BF31F5F505E444050808B5FEF79F
:108E400079FF48B1022806D0044B1868A0F1010050
:108E5000B0FA80F0400908BD032008BD545201203B
:108E600010B5EFF3058474B9084B1A68012A07D1CD
:108E700007490222CC771A60FEF7EAFA204610BDB5
:108E80004FF0FF3010BD6FF0050010BD54520120AF
:108E900000ED00E010B5EFF305846CB9FEF74AFF72
:108EA00040B1022802D04FF0FF3010BDFEF75EFB4C
:108EB000204610BD012010BD6FF0050010BD00BFA1
:108EC00008B5EFF30583A3B9FEF734FF20B10238EC
:108ED00018BF4FF0FF3008BDFEF750FB012801D14D
:108EE000012008BDFEF726FF0028F9D14FF0FF3022
:108EF00008BD6FF0050008BDEFF30583F3B910B5A9
:108F00000446FEF717FF30F0020302D04FF0FF30A7
:108F100010BD012C0ED0002CF8D1FEF72FFB01283C
:108F200001D1204610BDFEF705FF023818BF4FF0F3
:108F3000FF3010BDFEF71AFB204610BD6FF0050094
:108F4000704700BFEFF305830BB1FEF72DBBFEF7B3
:108F500025BB00BF4FF47A70704700BF38B5EFF300
:108F60001083EBB9EFF31184003C18BF012472B6F3
:108F7000FEF714FB4FF0E0235A699D691969C90394
:108F800009D4531B4FF0E022526902FB0000184441
:108F900004B962B638BD5A699B690130D31AF1E74A
:108FA0000124E4E7014B1868704700BF0800002067
:108FB000F0B587B0002514460595EFF3058212B190
:108FC000002007B0F0BD0028FAD004B3A369D3B9DC
:108FD00018236268D207F3D465692DB3AA08A6687E
:108FE000D4F800C0E7680EB3BB2FE9D92469002C80
:108FF000E6D0002DE4D00093CDE901460B46614652
:10900000FDF770FEDDE75D1E372DE2D9D8E780223F
:10901000182300930B46214605AC0194FDF79CFEF6
:109020000128CDD10598CCE78022D8E7002FC7D101
:109030002469002CC4D192B26446EAE7EFF30582BA
:1090400012B908B1FEF7BEBA00207047FEF76CBE39
:10905000EFF3058262B908B538B1FEF705F80428C8
:1090600003D8054B53F8200008BD4FF0FF3008BD72
:109070004FF0FF30704700BF287D050808B5EFF3BB
:1090800005832BB910B1FEF733FE8300184608BDE7
:109090000023184608BD00BF10B5EFF3058454B98E
:1090A00030B14B1E372B03D8FEF750F8204610BDC9
:1090B0006FF0030010BD6FF0050010BDEFF30582E7
:1090C00012B908B1FEF712B84FF0FF30704700BF79
:1090D000EFF3058050B94FF0E0234FF08052C3F812
:1090E000042DBFF34F8FBFF36F8F70476FF00500F4
:1090F000704700BF10B5EFF3058424B930B1FEF717
:109100008BF8204610BD6FF0050010BD6FF0030016
:1091100010BD00BF10B5EFF3058424B930B1FEF7E0
:10912000F3F8204610BD6FF0050010BD6FF003008E
:1091300010BD00BF08B50020FDF73EFEFEE700BFF2
:1091400038B5EFF305846CB9054670B1FDF78CFFB7
:10915000042804D02846FDF72FFE204638BD6FF0C6
:10916000020038BD6FF0050038BD6FF0030038BD58
:10917000EFF305830BB100207047FEF71DBA00BF67
:109180002DE9F041EFF3058434B9054608B10E46E8
:1091900031B92046BDE8F08100242046BDE8F081C9
:1091A000FEF7E4F9FEF708FA804600EBC000800005
:1091B00001F020F90746D8B141462246FEF714FADD
:1091C000014668B1281F234601E0A64208D00134B9
:1091D00057F8232040F8042FA14203F10903F4D1EA
:1091E000FEF7CCF9384601F0C3F92046BDE8F0811E
:1091F0004446F5E7F0B100291CDB30B585B04FF0EF
:10920000FF3304460293EFF30585B5B1002503ABA8
:10921000009301222B460395FFF7BEF802AB0095A1
:109220002A4629462046FFF7B7F8039B93B90298D0
:1092300005B030BD6FF0030070472B460122FFF7E9
:109240002FF802AB2A4629462046FFF729F8029854
:1092500005B030BD4FF0E0234FF08052C3F8042D2D
:10926000BFF34F8FBFF36F8FE1E700BFF0B583B05F
:10927000EFF30585B5B9002804460EDBFEF754FD73
:1092800001AB2A4629460746FFF70AF801280ED007
:109290004FF0FF36304603B0F0BD6FF003063046A6
:1092A00003B0F0BD6FF00506304603B0F0BD019E7F
:1092B0002B4626EA0401032238460191FEF7F0FF0F
:1092C0000128E5D1E6E700BF10B582B0EFF30584D1
:1092D0001CB16FF0050002B010BDFEF725FD01AB1B
:1092E00022462146FEF7DCFF012803D04FF0FF3075
:1092F00002B010BD019802B010BD00BF2DE9F047CB
:1093000082B0EFF30585002D6FD1002807466FDB93
:1093100011F0020F0E4614460CBF81464FF00009B3
:10932000FEF73CF906F0010682460DF104088CB107
:10933000BEBB2346424649460020FEF73BFF0128BC
:1093400043D0002859D06FF00106F2E76FF0020415
:10935000002850D00023424649461846FEF72AFF0F
:109360000128F3D1019B04EA07051D4307EA050321
:109370001EB39F4218BF6FF00205284602B0BDE839
:10938000F087019B3D401D4337EA0503F5D0FEF70A
:1093900005F9A0EB0A039C425444A4EB000400D25C
:1093A00000242346424649460020FEF703FF0128D9
:1093B000E7D010B36FF00105F3E7002B08BF6FF0A3
:1093C0000205284602B0BDE8F087019B3E401E43DF
:1093D00017EA060514D1FEF7E1F8A0EB0A039C4258
:1093E000544400D3251A2C46A3E76FF00505C4E7C3
:1093F0006FF00305C1E72546BFE76FF00105BCE745
:109400003546BAE7EFF305823AB908B508B9002046
:1094100008BDFDF7D3FD002008BD6FF005007047C3
:1094200030B583B0EFF3058565B90446FEF7B6F8AD
:10943000211A0029019008DD01A8FDF743FD284607
:1094400003B030BD6FF00500FAE76FF00300F7E7F7
:109450002DE9F0411C4682B0EFF30583BBB9064607
:10946000A8B108200D46904600F0C4FF074670B131
:109470002A1EC0E9006818BF01227CB1A3682068D9
:10948000E16843B12B2915D8384601F071F8002066
:1094900002B0BDE8F0810029F6D104460A4B0093E2
:1094A00001213B462046FFF787FA0028ECD002B0A6
:1094B000BDE8F0810449CDE900133B460121FFF7E7
:1094C000E3FA0028F3D1DFE7B98D0208EFF3058254
:1094D00012B908B1FFF7EEBB00207047EFF3058328
:1094E00073B910B582B070B10A4600930421FFF73A
:1094F0004BFB012814BF6FF00200002002B010BD2A
:109500006FF0050070476FF00300F7E730B583B0E8
:10951000EFF30585A5B90446A8B1FFF7D7FB60B105
:1095200000952B462A4603212046FFF72DFB0138E4
:1095300018BF4FF0FF3003B030BD6FF00200FAE704
:109540006FF00500F7E76FF00300F4E7EFF3058233
:1095500012B908B1FFF7BABB0020704770B582B0EE
:10956000EFF30584B4B90546B8B1FFF7C5FB009425
:1095700006462346224628460521FFF705FB01281B
:1095800005D1304600F0F4FF204602B070BD6FF008
:109590000200FAE76FF00500F7E76FF00300F4E769
:1095A000EFF305832BB940B1D0E902321BB11F2A7A
:1095B00005D800207047002AFBD101F027B91846D2
:1095C00001F0FEB840B310B5B1F1807F82B00C4617
:1095D0001BD2EFF305839BB1002301AA019301F095
:1095E000E1FAB0B1019B4BB14FF0E0234FF0805254
:1095F000C3F8042DBFF34F8FBFF36F8F204606E0F3
:1096000002B0BDE8104001F0E3B96FF0030002B012
:1096100010BD6FF00200FAE76FF00300704700BF63
:1096200070B5C0B1B1F1807F0D4614D2EFF3058360
:109630006BB1044601F0BEF929460646204601F00A
:10964000AFF9002808BF6FF00206304670BDBDE8D4
:10965000704001F081B96FF00306304670BD00BF65
:1096600030B1EFF3058109B101F0A4B901F074B98B
:10967000704700BF48B370B5B1F1807F82B00C462F
:1096800018D21D46EFF30583C3B902F0010682F03C
:1096900002020095C2F34002334601F0C5F88EB9CC
:1096A000044209D1002D14BF6FF001006FF00200D9
:1096B00002B070BD6FF0030002B070BD6FF0050026
:1096C00002B070BD8443EDD1F6E76FF00300704740
:1096D00010B5EFF3058424B930B101F03BFA204610
:1096E00010BD6FF0050010BD6FF0030010BD00BF8E
:1096F00038B5EFF305833BB90446E0B1436803F0A6
:109700000802DB0703D402B30025284638BD002A2F
:10971000FAD1D0E9021389B34F2BF5D90420FBF716
:1097200063FF05460028EFD0216845F00105FCF7EE
:10973000AFFE284638BD0120FBF7C6FF05460028CE
:10974000E3D02146FCF7A4FEDFE7D0E9021361B1C4
:109750004F2BD9D90120FBF747FF05460028D4D06D
:109760002168FCF795FE284638BD002BCCD101209E
:10977000FBF7AAFF05460028F2D1C6E7002BC3D1AC
:109780000420FBF7A1FF05460028CDD1BCE700BFB0
:10979000EFF30582D2B9012838B5034619D903F091
:1097A00001050C4620F0010055B9FCF7FBF9012832
:1097B0000AD0002C14BF6FF001006FF0020038BD1A
:1097C000FCF780FB0128F4D1002038BD6FF00500C4
:1097D00070476FF0030038BDEFF30581B9B9012878
:1097E000024617D908B502F0010320F001003BB989
:1097F0001A461946FBF778FD012805D1002008BD5F
:10980000FBF742FF0128F9D06FF0020008BD6FF0AE
:10981000050070476FF00300704700BFEFF305834A
:109820002BB9012803D920F00100FBF797BC0020D9
:10983000704700BF38B5EFF3058474B9012809D922
:1098400020F001052846FCF77BFE2846FCF7B0FD1A
:10985000204638BD6FF0030038BD6FF0050038BDFD
:10986000F0B583B0EFF3058656B948B188420F468C
:1098700006D31546FAB1D2E902232AB14F2B28D8D4
:109880000024204603B0F0BD002BF9D1012806D0FA
:10989000FBF7E4FC04460028F2D02D6812E0032216
:1098A00000210120FBF718FC04460028E8D0C7B9C6
:1098B000002DF2D106E00128F1D0FBF7CFFC0446E1
:1098C0000028DDD020462946FCF7E2FD204603B003
:1098D000F0BD012810D0FBF761FC04460028DCD164
:1098E000CEE700231A461946FBF7FEFC0128DFD01D
:1098F0002046FCF75DFDC3E7134603220092314684
:109900003246FBF779FB04460028B9D0002FC4D0BB
:10991000334632463146FBF7E7FC0128BDD0E7E786
:1099200060B310B50C4682B0EFF30583B3B111BB41
:1099300001AA0191FCF764FC012818D1019B13B91D
:10994000002002B010BD4FF0E0234FF08052C3F86A
:10995000042DBFF34F8FBFF36F8FF1E7FCF722F9B0
:109960000128EDD01CB16FF0010002B010BD6FF006
:10997000020002B010BD6FF00300E2E76FF00300D9
:10998000704700BF28B300B583B0EFF305839BB1E8
:10999000002301A90193FBF731FF012816D1019B98
:1099A00083B14FF0E0234FF08052C3F8042DBFF392
:1099B0004F8FBFF36F8F05E01A461946FBF794FCF3
:1099C000012803D1002003B05DF804FB6FF0020012
:1099D000F9E76FF00300704730B1EFF305830BB187
:1099E000FCF7D8BCFCF7ACBC704700BF38B5EFF350
:1099F000058444B9054648B1FCF7A2FD2846FCF7AA
:109A0000D7FC204638BD6FF0050038BD6FF003006D
:109A100038BD00BFF0B585B0EFF3058787B90546BF
:109A200070B169B11446E2B1D2E902325BB14F2A9A
:109A300006D9226922B1666901FB05F5AE421BD247
:109A4000002005B0F0BD002AFAD12369002BF7D120
:109A50006269002AF4D1FBF73FFB0028F0D02468AC
:109A600003E0FBF739FB0028EAD021460390FCF71E
:109A70000FFD039805B0F0BD0097FBF7BDFA002875
:109A8000EDD1DDE770B51C4682B0EFF30586BEB1BF
:109A900038B331B32BBB01AA0193FBF74DFE01286C
:109AA0001BD1019B4BB14FF0E0234FF08052C3F824
:109AB000042DBFF34F8FBFF36F8F002002B070BD36
:109AC00078B171B133462246FBF70EFC0128F4D081
:109AD0001CB16FF0010002B070BD6FF0020002B067
:109AE00070BD6FF00300E9E730B51C4683B0EFF3BB
:109AF0000583BBB130B329B324BB01AA0194FCF7A1
:109B00007FFB01281AD1019B4BB14FF0E0234FF0AE
:109B10008052C3F8042DBFF34F8FBFF36F8F002027
:109B200003B030BD70B169B12246FBF7BDFE01281C
:109B3000F5D01CB16FF0010003B030BD6FF0020032
:109B400003B030BD6FF00300EAE700BF00B1C06BA7
:109B5000704700BF00B1006C704700BF30B1EFF339
:109B600005830BB1FCF716BCFCF7EABB704700BFDE
:109B7000A0B1EFF305827AB1EFF311824FF05001FB
:109B800081F31188BFF36F8FBFF34F8FD0E90E01C0
:109B9000081A82F311887047FCF7E6BB704700BFD4
:109BA00010B5EFF305842CB938B12146FBF7DEF987
:109BB000204610BD6FF0050010BD6FF0030010BD12
:109BC00038B5EFF3058444B9054648B1FCF7B8FC55
:109BD0002846FCF7EDFB204638BD6FF0050038BD88
:109BE0006FF0030038BD00BF2DE9F84FEFF3058398
:109BF000002B38D10746002835D08846002932D0BE
:109C0000CE1C26F00306154600FB06F622B3946828
:109C1000D2F800A0D2E90323002C5BD0732A08D924
:109C2000002B7CD0990763D04FF0FF394FF0010B28
:109C30001FE0002B7AD09A0762D004F1240201467B
:109C4000FBF7ACFA606000287DD02B69A36053B1AC
:109C50004FF0FF39CB461BE092469146742000F04E
:109C6000C9FB044618B900242046BDE8F88F4FF020
:109C7000000B04F1240239463846FBF78FFA606086
:109C800008B3B9F1000F20D02869A06000283FD0A8
:109C9000344B23620023C4E9036AC4F81480A7612B
:109CA0002360E361BBF1000F03D1236A43F001039A
:109CB0002362B9F1000FD7D1236A43F00203236274
:109CC0002046BDE8F88FA068E0E7304600F092FB40
:109CD000A060DBE7002AC6D1002B38D09B073DD11E
:109CE0006B699E428CBF4FF0FF394FF00109B5E719
:109CF0006B699E4294BF4FF001094FF0FF3995E721
:109D00006B699E421BD84FF001094FF0FF3BB0E753
:109D1000BBF1000FA7D1204600F02AFCA3E76B6936
:109D2000003B18BF0123C3F100097FE76B69003BCB
:109D300018BF0123C3F100094FF0FF3B99E74FF033
:109D4000FF39CB4695E7A368002B81D18BE76B6980
:109D5000003B18BF0123C3F100097FE74FF0FF3933
:109D60007CE700BF0000ED5EEFF3058313B910B18F
:109D70000069704700207047002833D030B52B4B66
:109D80000446006A00EA0305834383B027D1EFF35A
:109D90000583DBB10A4611BB6068FCF731FA012884
:109DA0001DD1236A35EA030319D1EFF311834FF074
:109DB000500282F31188BFF36F8FBFF34F8F20687B
:109DC000E8B10268226083F3118809E06068FBF75C
:109DD000E9FE012803D1236A35EA030304D00020F9
:109DE00003B030BD0020704700F09EF9206888B1B4
:109DF00003682360019000F0B9F90198F0E7D4E915
:109E000006128A42DFD26169A06801FB02000132BA
:109E1000E261D8E7D4E906239342EBD26169A068F6
:109E20005A1C01FB0300E261E4E700BF0000ED5EA5
:109E3000002858D070B50D4682B0002950D0026A73
:109E40002A4B9343044648D183688B4248D8C26862
:109E5000013A1344994243D8EFF305864068A6B906
:109E6000FCF76EFAA369984237D000F05DF92368D9
:109E70002B60256000F07AF960683346324631463F
:109E8000FBF732FA002002B070BDFCF783FAA36939
:109E9000984222D0EFF311834FF0500282F31188E1
:109EA000BFF36F8FBFF34F8F22682A60256083F363
:109EB000118800236068019301A9FBF79FFC019BB7
:109EC000002BDFD04FF0E0234FF08052C3F8042D79
:109ED000BFF34F8FBFF36F8FD4E76FF00200D2E76D
:109EE0006FF00300CFE76FF0030070470000ED5EF6
:109EF00020B1026A034B934301D000207047806970
:109F0000704700BF0000ED5E20B1026A034B93432F
:109F100001D0002070474069704700BF0000ED5E2F
:109F200010B5044618B1026A084B934301D00020D3
:109F300010BDEFF30583406823B9FCF701FAA4696B
:109F4000201A10BDFCF726FAF9E700BF0000ED5E0D
:109F500018B1026A064B934301D000207047EFF31B
:109F6000058340680BB1FCF715BAFCF7E9B900BFEF
:109F70000000ED5E80B3EFF3058353BB10B50446DC
:109F800000F0D2F8236A03F0030323620023606821
:109F90001A461946FBF7A8F90128F7D0226A0023D0
:109FA0009207C4E90533236006D4236ADB0709D48A
:109FB00000F0DCF8002010BDA06800F0D9FA236A98
:109FC000DB07F5D5204600F0D3FA00F0CFF80020EB
:109FD00010BD6FF0050070476FF00300704700BFC1
:109FE0004FF0500383F31188BFF36F8FBFF34F8F90
:109FF000FEE700BF044B10B40360044C0C608023E8
:10A000005DF8044B1360704798510120984F012070
:10A01000054B10B40360054C0C604FF480735DF881
:10A02000044B1360704700BFDC4E0120DC4A012066
:10A0300008480068006880F308884FF0000080F34B
:10A04000148862B661B6BFF34F8FBFF36F8F00DF26
:10A0500000BF000008ED00E0DFF80C00016841F4EB
:10A06000700101607047000088ED00E00E4B1B6836
:10A0700082B000220133019208D04FF0500383F3E5
:10A080001188BFF36F8FBFF34F8FFEE74FF0500380
:10A0900083F31188BFF36F8FBFF34F8F019B002BAA
:10A0A000FCD002B0704700BF3C04002010B44FF059
:10A0B0008073074C40F8043C21F001016FF002036B
:10A0C00040E9034140E909325DF8044B44387047E8
:10A0D0006DA0020800000000000000000000000069
:10A0E000074B19680868B0E8F04F80F30988BFF3A0
:10A0F0006F8F4FF0000080F311887047AFF300803E
:10A10000AC490120074B1B68B3F57A7F08D04FF0AC
:10A11000500383F31188BFF36F8FBFF34F8FFEE7B8
:10A12000704700BF3C0400204FF0500383F31188B8
:10A13000BFF36F8FBFF34F8F0B4A13680133012BAF
:10A14000136000D070474FF0E023D3F8043DDBB23A
:10A15000002BF7D04FF0500383F31188BFF36F8FBC
:10A16000BFF34F8FFEE700BF3C040020084A13688E
:10A1700043B94FF0500383F31188BFF36F8FBFF3E0
:10A180004F8FFEE7013B13600BB983F311887047D3
:10A190003C0400200000000000000000000000005F
:10A1A000EFF30980BFF36F8F154B1A681EF0100F85
:10A1B00008BF20ED108A20E9F04F10602DE909005A
:10A1C0004FF0500080F31188BFF34F8FBFF36F8FB4
:10A1D000FDF70AFB4FF0000080F3118809BC1968F5
:10A1E0000868B0E8F04F1EF0100F08BFB0EC108AFE
:10A1F00080F30988BFF36F8F704700BFAFF3008013
:10A20000AC49012008B54FF0500383F31188BFF328
:10A210006F8FBFF34F8FFDF7D7FA28B14FF0E023D0
:10A220004FF08052C3F8042D002383F3118808BD3A
:10A230004FF0E02200230649136193610B68054942
:10A24000A1FB03139B090720013B53611061704779
:10A2500008000020D34D62104FF0E023484AD3F8A5
:10A26000001D914241D0D3F8002D464B9A4233D085
:10A2700070B5454B454C1A78454884B0FF21D2B2A1
:10A28000029219701B78DBB28DF807309DF8073009
:10A290009DF8072003F05003072112062370016088
:10A2A00048BF06220FD59DF807305B00DBB28DF862
:10A2B00007309DF807301B06114602F1FF32F2D439
:10A2C00003291BD001604FF0500383F31188BFF3C3
:10A2D0006F8FBFF34F8FFEE74FF0500383F311886A
:10A2E000BFF36F8FBFF34F8FFEE74FF0500383F341
:10A2F0001188BFF36F8FBFF34F8FFEE7029B224A97
:10A30000244E4FF0E0244FF44071DBB20160137033
:10A31000D4F8203D43F47003C4F8203DD4F8203D28
:10A3200043F07043C4F8203D0025FFF781FF3560FE
:10A33000FFF792FED4F8343F43F04043C4F8343F73
:10A34000FFF776FEFDF750FA33680395013308D026
:10A350004FF0500383F31188BFF36F8FBFF34F8F1C
:10A36000FEE74FF0500383F31188BFF36F8FBFF305
:10A370004F8F039B002BFCD0002004B070BD00BFAA
:10A3800071C20F4170C20F4100E400E05C52012035
:10A39000585201203C040020EFF305830F2B0ED907
:10A3A0001149124A5B5C12789A4208D94FF0500367
:10A3B00083F31188BFF36F8FBFF34F8FFEE74FF02A
:10A3C000E0230B4AD3F80C3D126803F4E063934298
:10A3D00008D94FF0500383F31188BFF36F8FBFF399
:10A3E0004F8FFEE7704700BFF0E300E05C520120B2
:10A3F000585201202DE9F8430546FDF7B7F8544AB5
:10A400001668002E35D0534B1F683D422BD155B3F3
:10A4100005F1080468071CBF24F00704083414B3CE
:10A42000DFF844C1DCF80050A5421CD34A48036859
:10A4300003E01A6822B1184613465968A142F8D3BE
:10A44000B34210D01A680260081B102847D91A19A5
:10A4500051072CD04FF0500383F31188BFF36F8F57
:10A46000BFF34F8FFEE7FDF789F800242046BDE8D3
:10A47000F8833A4B3A4E38485C0718BF073326F04A
:10A48000070618BF23F007031660364A0360194613
:10A49000F31A1360344A2F4C13604FF00047002228
:10A4A00042602760C6E90022C1E90063ADE72A499E
:10A4B00050605C60084609688A42FBD8D0F804E026
:10A4C000D2F8048000EB0E094A4527D002EB080EB3
:10A4D00071452BD011602146824218BF0260214A8B
:10A4E00010686D1A8542214838BF15600F43016816
:10A4F000CCF800500024C3E90047013103F10804FF
:10A500000160FDF73BF86307B0D04FF0500383F3D1
:10A510001188BFF36F8FBFF34F8FFEE70EEB08027A
:10A520008418A14242600AD05968D8E7B142D1D01C
:10A530004C6809681160444454605968CCE7B142E2
:10A54000F2D04C6814440A6844600260ECE700BF33
:10A550007452012060520120785201208052012063
:10A56000788E01206C520120705201206852012027
:10A57000D0B12F4A50F8043C126813420BD050F867
:10A58000081C91B14FF0500383F31188BFF36F8F14
:10A59000BFF34F8FFEE74FF0500383F31188BFF3F3
:10A5A0006F8FBFF34F8FFEE7704730B523EA02038A
:10A5B00083B040F8043C1F4D0190A0F10804FCF763
:10A5C000D5FF01982A6850F8041C1B4B0A442A60E6
:10A5D0001A461B689C42FBD8556802EB050E744571
:10A5E00011D004EB010C63451DD040F8083CA24299
:10A5F00018BF1460114A13680133136003B0BDE83B
:10A600003040FCF7BBBF2944501883425160F1D160
:10A610000B4800688342EDD01446D3E90030014472
:10A6200023606160E3E7064D2D68AB42F5D1DCE7BE
:10A6300060520120705201207852012064520120A2
:10A6400074520120014B1868704700BF70520120FE
:10A65000014B1868704700BF6C520120704700BF63
:10A66000F8B50746FCF782FF184B1B6843B3184A3E
:10A67000002411684FF0FF362546D3E9003294429A
:10A6800038BF1446964228BF1646994205F1010587
:10A69000F3D1FCF773FFC7E90146FD60FFF744FD06
:10A6A0000C490D4A0D480E4B096812681B6800687A
:10A6B0003860C7E905123B61BDE8F840FFF756BDB9
:10A6C0001C464FF0FF361D46E3E700BF78520120DD
:10A6D00074520120685201206452012070520120FE
:10A6E0006C52012038B5B8B1B1F1807F0D4608D366
:10A6F0004FF0500383F31188BFF36F8FBFF34F8F79
:10A70000FEE70446FFF710FD236823EA05032360F4
:10A71000BDE83840FFF72ABD4FF0500383F311889E
:10A72000BFF36F8FBFF34F8FFEE700BF2DE9F843F4
:10A7300000283BD0B1F1807F0C4608D34FF0500386
:10A7400083F31188BFF36F8FBFF34F8FFEE7064689
:10A7500000F10C09FCF70AFF336835692343A9456A
:10A7600033601ED04FF0000809E037B1D30148BF75
:10A7700048EA0408FDF76EF93368A9450FD02A6846
:10A7800022F07F4412F0806F284643F000716D681C
:10A7900004EA0307E9D0BC42E8D0A945EFD123EA97
:10A7A00008033360BDE8F843FCF7E8BE4FF0500300
:10A7B00083F31188BFF36F8FBFF34F8FFEE700BFA6
:10A7C00078B110B582B020230193019B202B11D0CA
:10A7D0004FF0500383F31188BFF36F8FBFF34F8F98
:10A7E000FEE74FF0500383F31188BFF36F8FBFF381
:10A7F0004F8FFEE70023044640F8043B00F0E2F9E7
:10A8000001232046237702B010BD00BF38B52020B9
:10A81000FFF7F0FD044628B1002540F8045B00F086
:10A82000D1F92577204638BDC0B1B1F1807F2DE93F
:10A83000F0410C4609D2D1B94FF0500383F311888F
:10A84000BFF36F8FBFF34F8FFEE74FF0500383F3DB
:10A850001188BFF36F8FBFF34F8FFEE74FF05003A8
:10A8600083F31188BFF36F8FBFF34F8FFEE7174657
:10A870001E460546FDF75EFAC0B9069B6BB9FCF7AC
:10A8800075FED5F80080002E3AD034EA08033AD09D
:10A89000FCF774FE4046BDE8F0814FF0500383F3AF
:10A8A0001188BFF36F8FBFF34F8FFEE7FCF75EFE9B
:10A8B000D5F800807EBB14EA080F24D1069B002B3C
:10A8C000E6D0391E18BF012109061A462143281D6A
:10A8D000FCF7DCFFFCF752FE48B94FF0E0234FF0E5
:10A8E0008052C3F8042DBFF34F8FBFF36F8FFDF776
:10A8F000E5FB10F0007F80461BD028F07F48C9E7B9
:10A9000018EA040FC4D0002FC2D028EA04042C6037
:10A91000FCF734FEBEE734EA0803F4D0069B002BB4
:10A92000B6D0391E18BF0121090641F080611A46D0
:10A93000CCE7FFF7F9FBD5F800804EB914EA080F11
:10A9400003D017B128EA04042C60FFF70FFCD4E70A
:10A9500034EA0803F9D1F4E7C0B1B1F1807F70B5F2
:10A960000D4608D34FF0500383F31188BFF36F8F68
:10A97000BFF34F8FFEE70446FFF7D6FB266826EAB3
:10A9800005052560FFF7F2FB304670BD4FF0500320
:10A9900083F31188BFF36F8FBFF34F8FFEE700BFC4
:10A9A00084460A46024800236146FEF7CDB900BF3F
:10A9B000E5A60208EFF311834FF0500282F31188ED
:10A9C000BFF36F8FBFF34F8F006883F31188704719
:10A9D0002DE9F84300283CD0B1F1807F0C4608D324
:10A9E0004FF0500383F31188BFF36F8FBFF34F8F86
:10A9F000FEE7064600F10C09FCF7B8FD336835693F
:10AA00002343A94533601ED04FF0000809E037B159
:10AA1000D30148BF48EA0408FDF71CF83368A9458C
:10AA20000FD02A6822F07F4412F0806F284643F04E
:10AA300000716D6804EA0307E9D0BC42E8D0A9457B
:10AA4000EFD123EA08033360FCF798FD3068BDE8D6
:10AA5000F8834FF0500383F31188BFF36F8FBFF378
:10AA60004F8FFEE7B2F1807F08D34FF0500383F39E
:10AA70001188BFF36F8FBFF34F8FFEE72DE9F041D1
:10AA8000144642B94FF0500383F31188BFF36F8F20
:10AA9000BFF34F8FFEE707460D461E46FDF74AF906
:10AAA000D0B946B14FF0500383F31188BFF36F8FD5
:10AAB000BFF34F8FFEE7FCF759FD3E682946384645
:10AAC0003543FFF785FF34EA05032FD03D68FCF7D7
:10AAD00055FD2846BDE8F081FCF748FDD7F8008019
:10AAE0002946384648EA0505FFF772FF34EA0503B0
:10AAF0001CD0002EEAD0324644F0A061381DFCF78D
:10AB0000C5FEFCF73BFD48B94FF0E0234FF0805203
:10AB1000C3F8042DBFF34F8FBFF36F8FFDF7CEFA4D
:10AB20008301054609D525F07F45D2E73B6823EA36
:10AB300004033B60FCF722FDCBE7FFF7F5FA3D6825
:10AB400034EA050304BF25EA04043C60FFF70EFB6A
:10AB5000E9E700BF38B50446FCF708FD6368A3B118
:10AB600004F10C0503E0FCF775FF63686BB1206925
:10AB7000A8424FF00071F6D14FF0500383F31188D3
:10AB8000BFF36F8FBFF34F8FFEE7237F1BB1BDE88D
:10AB90003840FCF7F3BC2046FFF7EAFCBDE838403C
:10ABA000FCF7ECBC8446134602480A466146FEF7B1
:10ABB000CBB800BF2DA7020800B18069704700BF65
:10ABC0008161704700F108034FF0FF310022C0E9B6
:10ABD0000131C0E903330260704700BF0023036105
:10ABE000704700BF4268036810B494680133C1E93C
:10ABF0000124616091605DF8044B08610360704757
:10AC000030B40D686B1C10D000F108031C465B6863
:10AC10001A68AA42FAD902684B60013299608C60C6
:10AC20006160086130BC0260704704696368F2E7E4
:10AC3000036910B4D0E901125C688A6084425160F3
:10AC400008BF5A601A685DF8044B0021013A01619F
:10AC50001A601868704700BF704700BF704700BF98
:10AC600010B50A4B0A490B4A196200241C620A48B3
:10AC70005A62812103225C6218611C6159615C6126
:10AC80009A619C61FFF7EAFF204610BD0038024040
:10AC9000FFC9FF3F3379C700FF10602038B50E4A67
:10ACA0000E4B1278054618684FF47A73B3FBF2F333
:10ACB000B0FBF3F001F06AF808B90F2D01D90120BB
:10ACC00038BD0446024629464FF0FF3000F0DAFF57
:10ACD000034B20461D6038BD4004002008000020C2
:10ACE0004404002008B50B4B1A6842F400721A6045
:10ACF0001A6842F480621A601A6842F480721A601C
:10AD0000032000F0A1FF0F20DFF74EFBDFF72CFB45
:10AD1000002008BD003C0240034A044B11681B7828
:10AD20000B441360704700BF808E01204004002058
:10AD3000014B1868704700BF808E0120014B1868D6
:10AD4000704700BF44040020642870B5044608D052
:10AD50000A2806D0012804D009484FF4AD71DFF766
:10AD6000A9F9084D2E78A64201D1002070BD064BEE
:10AD70002C701868DFF718FB0028F7D02E7070BD14
:10AD8000F84405084004002044040020014B1878D2
:10AD9000704700BF4004002038B50446FFF7C8FFE5
:10ADA000631C054602D0044B1B781C44FFF7C0FF10
:10ADB000401BA042FAD338BD400400204FF0E022EF
:10ADC000136923F002031361704700BF4FF0E022C4
:10ADD000136943F002031361704700BF00487047D6
:10ADE00000030801014B1868000C7047002004E0C4
:10ADF000024B1868C0F30B00704700BF002004E04E
:10AE0000024A536843F0010353607047002004E096
:10AE1000024A536823F0010353607047002004E0A6
:10AE2000024A536843F0020353607047002004E075
:10AE3000024A536823F0020353607047002004E085
:10AE4000024A536843F0040353607047002004E053
:10AE5000024A536823F0040353607047002004E063
:10AE6000024B0122C3F80024704700BF00002742B4
:10AE7000024B0022C3F80024704700BF00002742A5
:10AE8000014BD3F8100A70470070FF1F014BD3F835
:10AE9000140A70470070FF1F014BD3F8180A70475F
:10AEA0000070FF1F704700BF002800F01F8138B5F9
:10AEB0008F4A03689342044608D002F580629342A9
:10AEC00004D08C484FF48F71DFF7F4F8237E012B08
:10AED00000F2EE80637E012B00F2E080A37E012B66
:10AEE00000F2D280E37E012B00F2C480237F012B8D
:10AEF00000F2B680637F012B00F2A780A36833F0D5
:10AF0000404304D07B4840F22511DFF7D3F8E368D3
:10AF100033F0407304D077484FF49371DFF7CAF8E9
:10AF2000236933F440330DD0B3F5802F0AD0B3F545
:10AF3000002F07D0B3F5402F04D06E4840F2271100
:10AF4000DFF7B8F8636933F4401340F0C5806368F5
:10AF5000013BB3F5806F80F0B98094F82030002B6E
:10AF600000F0B0802268136843F001031360FFF71C
:10AF7000DFFE054604E0FFF7DBFE401B0A285BD836
:10AF800023685A68D107F6D51A6822F002021A60BF
:10AF9000FFF7CEFE054604E0FFF7CAFE401B0A2875
:10AFA0004AD823685A689207F6D4227E012A1A6882
:10AFB0000CBF42F0800222F080021A60627E012AF9
:10AFC0001A680CBF42F0400222F040021A60A27ED2
:10AFD000012A1A680CBF42F0200222F020021A60F7
:10AFE000E27E012A1A680CBF22F0100242F0100221
:10AFF0001A60227F012A1A680CBF42F0080222F070
:10B0000008021A60627F012A1A680CBF42F004022B
:10B0100022F004021A60D4E90220216902430A43A3
:10B0200060696168024301390A4300200121DA6145
:10B03000606284F8201038BD636A052243F400334F
:10B04000636284F82020012038BD2A484FF49271B1
:10B05000DFF730F8A36833F040433FF458AF51E7CF
:10B06000244840F22311DFF725F8637F012B7FF698
:10B0700045AFEAE71F484FF49171DFF71BF8237FD4
:10B08000012B7FF637AFEBE71A4840F22111DFF7CB
:10B0900011F8E37E012B7FF629AFEBE715484FF45B
:10B0A0009071DFF707F8A37E012B7FF61BAFEBE76C
:10B0B000104840F21F11DEF7FDFF637E012B7FF683
:10B0C0000DAFEBE72046DDF7D7FF4BE7094840F22D
:10B0D0002911DEF7EFFF40E7B3F5800F3FF437AFFC
:10B0E00004484FF49471DEF7E5FF30E70120704724
:10B0F00000640040A0450508704700BF00283ED00E
:10B1000038B5244A03689342044608D002F58062A9
:10B11000934204D0204840F2D511DEF7CBFF94F8DB
:10B120002030022B11D0636A43F4801363622046FF
:10B13000DDF7F6FF21680A68002342F400420A6046
:10B14000636284F82030184638BD2268136843F0E3
:10B1500001031360FFF7ECFD054604E0FFF7E8FD8F
:10B16000401B0A280DD823685A68D207F6D51A68FA
:10B17000012122F002021A6084F82010D7E7012092
:10B180007047636A052243F40033636284F8202029
:10B19000CDE700BF00640040A045050838B590F831
:10B1A0002020013A012A06D9426A034642F480224D
:10B1B00001205A6238BD0B68B3F5803F0C4680F021
:10B1C000D4806368B3F5803F80F0C980A368B3F58D
:10B1D000803F80F0BE80E368B3F5803F80F0B380AD
:10B1E000A369012B04D9644840F25631DEF762FFAF
:10B1F000E369012B04D9604840F25731DEF75AFF6A
:10B200002369012B04D95C484FF45671DEF752FFD5
:10B21000236A012B04D9584840F25931DEF74AFF1E
:10B2200063691B2B00F28980606A1B287ED8534B10
:10B23000D3F8002201210A43C3F80022D3F80022E8
:10B2400022F47C52C3F80022D3F8002242EA002202
:10B25000C3F80022626902F01F008140D3F81C028B
:10B2600020EA0100C3F81C02E569C843002D44D15F
:10B27000D3F80C520540C3F80C52D200E568A388FD
:10B2800002F1804202F5C84243EA0543C2F8403267
:10B29000A568238843EA0543C2F84432A369374AC4
:10B2A0002BBBD2F804320340C2F804322369BBB985
:10B2B000324BD3F814221040C3F81402236A012B36
:10B2C00005D12E4AD2F81C320B43C2F81C322B4A4D
:10B2D000D2F8003223F001030020C2F8003238BD5A
:10B2E000264AD2F814320B43C2F81432E6E7D2F8F9
:10B2F00004320B43C2F80432D8E7012DCED1D3F883
:10B300000C520D43C3F80C52D2002568A38802F1F9
:10B31000804202F5C84243EA0543C2F84032A568BC
:10B32000A38943EA0543C2F84432B7E7124840F222
:10B330007531DEF7BFFE606A79E70F484FF45D7143
:10B34000DEF7B8FE70E70C4840F25531DEF7B2FE8A
:10B3500046E709484FF45571DEF7ACFE3BE7064877
:10B3600040F25331DEF7A6FE30E7034840F2523197
:10B37000DEF7A0FE25E700BFA045050800640040F9
:10B3800038B590F82030012B044605D0436A43F4C9
:10B3900000234362012038BD0268022380F8203078
:10B3A000136823F001031360FFF7C2FC054604E0B5
:10B3B000FFF7BEFC431B0A2B07D823685B6813F01A
:10B3C0000103F5D16362184638BD636A052243F470
:10B3D0000033636284F82020DCE700BF38B590F8C2
:10B3E0002030022B044605D0436A43F480134362A5
:10B3F000012038BD0268136843F001031360FFF7B2
:10B4000097FC054604E0FFF793FC431B0A2B0CD87E
:10B4100023685A68D207F6D51A68012122F0020281
:10B420001A6084F82010002038BD636A052243F4B6
:10B430000033636284F82020DAE700BF90F8202010
:10B44000013A012A034605D9426A42F480220120CA
:10B450005A6270470268136843F0020300201360C9
:10B46000704700BF82B00023019390F82030013B69
:10B47000012B17D802680F49136823F002031360E9
:10B4800003E0536813F0020311D0019B01330193D1
:10B49000019B8B42F5D9436A43F400334362012098
:10B4A00002B07047436A43F480234362F7E71846CB
:10B4B00002B0704740420F0090F82030013B012B52
:10B4C0009DBF03685868C0F340000020704700BF6C
:10B4D0002DE9F8439946036890F820609F688B68CF
:10B4E00033F0040305460C469046F6B204D04348B8
:10B4F00040F2EA41DEF7DEFDE36833F0020304D0F8
:10B500003E4840F2EB41DEF7D5FD2369082B5FD8BA
:10B51000A368002B4DD12368B3F5006F5ED2237D65
:10B52000012B04D9354840F2F541DEF7C3FD013E59
:10B53000012E48D817F0E05F06D16B6A43F4001380
:10B540006B620120BDE8F883C7F301670122BA40AE
:10B550002B68C9F80020A268002A45D0E1680A4398
:10B56000616842EAC10207F1180109015A5003EB70
:10B5700007122169C2F88411217D01294FEA0717BA
:10B5800005D1D2F8841141F48071C2F884113B4492
:10B59000D8F80410C3F88C11D8F80010C3F888113B
:10B5A000D2F8803143F001030020C2F88031BDE8B9
:10B5B000F8836368B3F1005FB1D3104840F2F34100
:10B5C000DEF778FDABE76B6A43F480236B62B8E784
:10B5D0000A4840F2EC41DEF76DFD99E7074840F27A
:10B5E000EF41DEF767FD9AE7E268216842EA4151E0
:10B5F00007F1180212019950B9E700BFA0450508EC
:10B6000070B590F82040072905460E46E4B21FD8D1
:10B61000013C012C05D96B6A43F4802301206B6245
:10B6200070BDF10704D52A68936843F080039360E6
:10B63000B20704D52A68936843F400439360730704
:10B6400004D52A68936843F400039360002070BD1A
:10B65000024840F24B51DEF72DFDD9E7A045050821
:10B6600090F82030013B012B01D90020704703687E
:10B6700098689A689B681201C0F3806048BF0130E7
:10B68000DB00F3D50130704770B590F820400729F2
:10B6900006460D46E4B20ED8013C012C01D900202B
:10B6A00070BD33689B6803EA8563B3EB856F14BF95
:10B6B0000120002070BD03484FF4B561DEF7FAFCAD
:10B6C000EAE700BFA045050870B54B1E90F8205072
:10B6D000012B06460C46EDB201D9042904D1013DE7
:10B6E000012D09D9002070BD094840F2C951013D22
:10B6F000DEF7E0FC012DF5D894FAA4F43368B4FA2F
:10B7000084F4183403EB04135868000C70BD00BFB8
:10B71000A04505082DE9F041044690F820000129D4
:10B720000F4690461E46C5B214D8681E01280BD895
:10B730002268C1B9D3689B0718D1636A43F4001328
:10B7400063620120BDE8F081636A43F48023636291
:10B750000120F7E73C4840F2E951DEF7ABFC681EF8
:10B760000128F1D8226813699D07E6D002EB071182
:10B770003B01D1F8B00100F00400C8F8080000282F
:10B7800056D0D1F8B001C008C8F80400D1F8B00113
:10B7900000F00200C8F80C00D1F8B401000756BF51
:10B7A000D1F8B401082000F00F00C8F81000D1F85B
:10B7B000B401D1F8B4111A44C0F30720C8F8180036
:10B7C000090CD2F8B801C8F81410307022681A4475
:10B7D000D2F8B821120A727022681A44D2F8B8213D
:10B7E000120CB27022681A44D2F8B821120EF2700C
:10B7F00022681A44D2F8BC21327122681A44D2F865
:10B80000BC21120A727122681A44D2F8BC21120CAF
:10B81000B27122681A44D2F8BC311B0EF37122684F
:10B8200067B9D36843F02003D3600020BDE8F081FE
:10B83000D1F8B001400DC8F80000A7E7136943F044
:10B8400020031361F1E700BFA045050838B590F863
:10B85000203001290546DCB20AD8631E012B01D92C
:10B86000002038BD036861B9D86800F0030038BD16
:10B87000064840F24E61DEF71DFC631E012BEFD837
:10B880002B68186900F0030038BD00BFA04505080B
:10B8900070B50E4B90F82040994205460E46E4B232
:10B8A0000ED8013C012C05D96B6A43F4802301209A
:10B8B0006B6270BD2A68536933430020536170BDC9
:10B8C000034840F28261DEF7F5FBEAE77F8F030071
:10B8D000A045050870B50F4B90F8204099420546E9
:10B8E0000E46E4B20FD8013C012C05D96B6A43F433
:10B8F000802301206B6270BD2A68536923EA060326
:10B900000020536170BD044840F2A361DEF7D2FB12
:10B91000E9E700BF7F8F0300A0450508704700BF1F
:10B92000704700BF704700BF704700BF704700BF3F
:10B93000704700BF704700BF704700BF704700BF2F
:10B94000704700BF704700BF704700BF704700BF1F
:10B950002DE9F04F03685C69D3F804809F68D3F841
:10B960000CB0D3F81090D3F818A014F0010683B0EF
:10B97000054625D0FA0700F191804FF400564FF4A8
:10B9800080400021FB0540F19D802B684FF48072C0
:10B990009A60BA0500F191807B0503D43E0540F121
:10B9A000F9800646F9030BD52B684FF480329A6074
:10B9B000BA0300F1D9807B0340F1D18046F4004600
:10B9C000210702D51BF0100F62D1620702D51BF0D0
:10B9D000080F79D1A30704D52B68DB689F0740F0D7
:10B9E0009380600602D519F0100F4BD1A10602D545
:10B9F00019F0080F6FD1E20603D52B681B699B076E
:10BA000077D1A70302D518F0100F76D1E00302D545
:10BA100018F0080F66D121042FD518F0040F2B68F9
:10BA200029D0E20544BF0AF001021643A70517D545
:10BA30001AF0020F14D0600546F0020604F400620A
:10BA40006BD51AF0040F66D192B904225A606B6A62
:10BA5000334328466B62FFF779FF03B0BDE8F08FF0
:10BA6000610504F4006202D51AF0040F53D112B13B
:10BA70001AF0700A56D104225A60002EE7D103B0A2
:10BA8000BDE8F08F2B68102246F480661A61ADE79E
:10BA90002B68102246F40076DA6096E70122BE0792
:10BAA0009A6035D4790753D43A0770D54FF440568D
:10BAB0004FF4A0404FF4805164E728460191ECF721
:10BAC000ABF901990E466DE72B680822DA6028462B
:10BAD000FFF732FF7EE72B6808221A612846FFF73E
:10BAE0002FFF88E72B6808225A602846FFF72CFFB3
:10BAF00091E72846ECF704FC83E72B6810225A6094
:10BB00002846FFF71FFF81E72846ECF731FB68E77F
:10BB1000ECF7ACF831E746F00406002A95D01AF0AD
:10BB2000700A92D0BAF1400F44D021D8BAF1200F58
:10BB30005BD0BAF1300F4FD0BAF1100F35D19A69FE
:10BB4000042122F070029A6146F0080659607EE7EF
:10BB50004FF420564FF490404FF4006112E7380341
:10BB60001FD546F480362BE72846ECF72BFA27E75B
:10BB7000BAF1500F27D0BAF1600F16D19A6904219B
:10BB800022F070029A6146F4807659605FE7FFF711
:10BB9000CBFEF2E628460191FFF7C8FE01990E465A
:10BBA00000E72846FFF7C4FE0AE79A6922F0700210
:10BBB0009A6160E79A69042122F070029A6146F066
:10BBC0004006596043E79A69042122F070029A61A5
:10BBD00046F0800659603AE79A69042122F0700223
:10BBE0009A6146F02006596031E79A69042122F0F3
:10BBF00070029A6146F01006596028E790F82030EC
:10BC0000591E01290246D8B200D9704713685A68F4
:10BC1000920705D41B6813F0020F18BF032070476A
:10BC200004207047406A704790F82020013A012AAA
:10BC3000034605D9426A42F4802201205A627047C5
:10BC400000205862704700BFC31E042B10B5044685
:10BC50000ED80A49CA6823024FF6FF0003F4E063D6
:10BC60000240134343F0BF6343F40033CB6010BD85
:10BC700003489021DEF71EFAEBE700BF00ED00E07D
:10BC80004C4605080F2A70B5164605460C4634D8B2
:10BC90000F2C2DD81B4BDB68C3F30223C3F1070223
:10BCA000042A03F1040128BF0422062917D9D91E4A
:10BCB0004FF0FF338B4026EA03064FF0FF339340EB
:10BCC00024EA03038B4033431B01002DDBB209DB65
:10BCD00005F1604505F5614585F8003370BD002626
:10BCE0003146EAE7084A05F00F052A44137670BD8D
:10BCF0000648A921DEF7DEF9CCE70448A821DEF7E3
:10BD0000D9F9C5E700ED00E0FCEC00E04C46050881
:10BD1000002808DB064A4109012300F01F00834088
:10BD200042F8213070470348BC21DEF7C3B900BF99
:10BD300000E100E04C46050800280DDB43090849F6
:10BD400000F01F0020330122824041F82320BFF37E
:10BD50004F8FBFF36F8F70470248CC21DEF7AAB92F
:10BD600000E100E04C460508BFF34F8F0549064B44
:10BD7000CA6802F4E0621343CB60BFF34F8F00BF89
:10BD8000FDE700BF00ED00E00400FA050138B0F166
:10BD9000807F01D30120704710B44FF0E023074C9F
:10BDA00058614FF0F00C84F823C0002207211046A0
:10BDB0009A615DF8044B1961704700BF00ED00E027
:10BDC000BFF35F8F044B5A6A002122F480325A621B
:10BDD000C3F89410704700BF00ED00E0064B40F040
:10BDE0000100C3F894005A6A42F480325A62BFF3E9
:10BDF0004F8FBFF36F8F704700ED00E0072810B53D
:10BE0000044609D8074BC3F89840D3F8A02042F065
:10BE10000102C3F8A02010BD034840F22B11DEF749
:10BE200049F9EFE700ED00E04C460508072810B59A
:10BE3000044609D8074BC3F89840D3F8A02022F055
:10BE40000102C3F8A02010BD034840F23B11DEF709
:10BE500031F9EFE700ED00E04C46050810B54378F6
:10BE6000072B04466ED82378012B04D93F484FF4A2
:10BE7000A771DEF71FF9237B012B04D93B4840F261
:10BE80004F11DEF717F9E37A032B02D9053B012B9B
:10BE90004AD8A37A022B4FD8637B012B04D93348AD
:10BEA0004FF4A971DEF706F9A37B012B04D92F48C3
:10BEB00040F25311DEF7FEF8E37B012B04D92B4847
:10BEC0004FF4AA71DEF7F6F8637AFF2B47D0217A98
:10BED0000B1F1B2B3CD8264A6378C2F89830D2F847
:10BEE000A03023F00103C2F8A0306368C2F89C3090
:10BEF000E37A207B94F80FC01B0643EA0073207896
:10BF00000343A07A43EAC043607B43EA8043A07BBB
:10BF100043EA4043607A43EA0C4343EA002343EA9E
:10BF20004103C2F8A03010BD10484FF4A871DEF7ED
:10BF3000C1F8A37A022BAFD90C4840F25111DEF7B9
:10BF4000B9F8A9E7094840F24D11DEF7B3F88AE7DE
:10BF50004FF4AB710548DEF7ADF8217ABBE7034833
:10BF600040F25511DEF7A6F8B1E700BF4C460508D0
:10BF700000ED00E040BF20BF704700BF024BD86813
:10BF8000C0F30220704700BF00ED00E0F8B50D4699
:10BF900003390429044617461E462BD8002C22DB01
:10BFA00004F1604404F5614494F80003000905F0CD
:10BFB0000701C1F10704042C01F1040328BF042484
:10BFC000062B0ED903394FF0FF338B4020EA0303D1
:10BFD000C8404FF0FF32A24020EA020038603360D0
:10BFE000F8BD0023F5E7064B04F00F042344187E48
:10BFF0000009DCE703484FF4CC71DEF75BF8CDE7CE
:10C00000FCEC00E04C460508002809DB4309074921
:10C0100000F01F0001224033824041F82320704786
:10C02000034840F2A711DEF745B800BF00E100E089
:10C030004C460508002808B50BDB4309084A403385
:10C0400000F01F0052F8233023FA00F000F0010046
:10C0500008BD044840F2B911DEF72CF8002008BDF5
:10C0600000E100E04C460508002809DB43090749C8
:10C0700000F01F0001226033824041F82320704706
:10C08000034840F2C911DEF715B800BF00E100E037
:10C090004C460508002808B50BDB4309084A8033E5
:10C0A00000F01F0052F8233023FA00F000F00100E6
:10C0B00008BD04484FF4ED71DDF7FCFF002008BD1A
:10C0C00000E100E04C460508042808B513D030B95B
:10C0D0004FF0E022136923F00403136108BD0948FF
:10C0E00040F2EB11DDF7E6FF4FF0E022136923F099
:10C0F00004031361F2E74FF0E022136943F00403F5
:10C10000136108BD4C460508704700BF08B5FFF72E
:10C11000FBFF08BD704700BFC8B10E4B02689A42D2
:10C1200010B5044603D00C486821DDF7C3FF6379DE
:10C1300003F0FF021BB101236371002010BD2046F4
:10C140002271DDF71FF801236371002010BD01206B
:10C15000704700BF00300240FC460508704700BF32
:10C16000E8B138B502680F4B9A42044603D00E4836
:10C170008721DDF79FFF6379022BD8B20ED02368A9
:10C18000022262719A68002542F001029A602046FC
:10C190001D71DDF711F865712571284638BD012044
:10C1A000704700BF00300240FC460508022310B46F
:10C1B0008446046843713AB1043901EB820251F8B4
:10C1C000043F23609142FAD1012320688CF80530A6
:10C1D0005DF8044B704700BF10B40223046843713C
:10C1E000A36843F001038446A3603AB1043901EB2C
:10C1F000820251F8043F23609142FAD10123206862
:10C200008CF805305DF8044B704700BF40797047EB
:10C2100038B50446FEF78CFD002C00F02181236820
:10C220009E4A9342054631D0183293422ED018329E
:10C2300093422BD01832934228D01832934225D003
:10C240001832934222D0183293421FD018329342B0
:10C250001CD002F55672934218D01832934215D072
:10C260001832934212D0183293420FD018329342B0
:10C270000CD01832934209D01832934206D01832AB
:10C28000934203D08648B721DDF714FF636833F08B
:10C29000C06306D0B3F1006F03D08148B821DDF749
:10C2A00009FFA36833F0400240F09A80E36833F45A
:10C2B000007303D07A48BA21DDF7FCFE236933F41A
:10C2C000806303D07648BB21DDF7F4FE636933F465
:10C2D000006203D0B3F5805F40F09180A36933F42E
:10C2E000005203D0B3F5804F40F09380E36933F000
:10C2F000200206D0B3F5807F03D06948BE21DDF768
:10C30000D9FE236A33F4403303D06548BF21DDF7FB
:10C31000D1FE636ADBB1042B05D06148C021DDF793
:10C32000C9FE636A9BB1A36A032B00F29B80E36A98
:10C3300033F0C07303D05A48C621DDF7BBFE236B30
:10C3400033F4C00303D05648C721DDF7B3FE23689A
:10C350000022022184F8351084F834201A6822F073
:10C3600001021A6005E0FEF7E3FC401B05283FD8F8
:10C3700023681A68D107F6D4D4E90120E1680243A2
:10C380000A43D4E90451A0692A430A43E1691D68BC
:10C3900002430A4343492940256A2A430A43616A02
:10C3A000042940D01A605A6922F007021143D8B21A
:10C3B0003D4A59611038A2FB005212093B496FF304
:10C3C0000903895CE1655F2888BF04333F228A4006
:10C3D000A36500209A600123606584F8353038BD7C
:10C3E000802B3FF463AF2E48B921DDF763FE5DE794
:10C3F00003232022626584F83530184638BD28486A
:10C40000BC21DDF757FEA36933F400523FF46EAF51
:10C4100068E72348BD21DDF74DFEE36933F02002D4
:10C420003FF46FAF66E7D4E90B512943114319601C
:10C430005969A26A21F00701114341F00401002D5E
:10C44000B5D0A0B1B0F5005F1BD0022A03D9032AF2
:10C45000ADD1EA01ABD540220123626584F83530C5
:10C46000012038BD0E48C521DDF724FE5FE7012A13
:10C4700003D032F002029AD1EBE7B5F1C07F96D13A
:10C48000E9E7032A93D801A050F822F057C4020824
:10C4900053C4020857C402087BC40208106002405B
:10C4A000A84705083F8010F0ABAAAAAA3C7D050862
:10C4B00000286AD038B590F83530022B0446D8B23F
:10C4C00062D02368324A934233D01832934230D03C
:10C4D000183293422DD0183293422AD01832934208
:10C4E00027D01832934224D01832934221D01832E8
:10C4F00093421ED002F5567293421AD018329342DC
:10C5000017D01832934214D01832934211D01832F7
:10C5100093420ED0183293420BD01832934208D077
:10C520001832934205D01B4840F24711DDF7C2FD97
:10C530002368194AD8B21038A2FB0012196821F0FA
:10C54000010119600021196059609960D960196171
:10C5500021215961120911496FF309038D5CE565C9
:10C560005F2888BF04333F210022A940C4E90F227D
:10C57000C4E91122C4E91322A365104699606265DB
:10C5800084F8342084F8352038BD0120704700BF7E
:10C5900010600240A8470508ABAAAAAA3C7D05087E
:10C5A000F8B503F1FF3C1D464FF6FE739C4504466B
:10C5B0000F46164627D894F83430012B09D00123B2
:10C5C00084F8343094F83530012B04D0002384F8FB
:10C5D00034300220F8BD022384F83530002363652F
:10C5E0002368A1681A68402922F480221A605D60DD
:10C5F0000BBF9E609F60DF60DE601A6842F0010240
:10C6000000201A60F8BD03484FF4CE71DDF752FDEB
:10C61000D1E700BFA84705082DE9F843D0F85880B6
:10C6200004461E46581E4FF6FE739842894617462A
:10C630003CD894F83430012B09D094F835300122DD
:10C64000934284F8342005D0002384F8343002204B
:10C65000BDE8F883022384F835302568E26D0023B5
:10C6600063652B6823F480232B60A3686E60402BE6
:10C670004FF03F0303FA02F30BBFAF60C5F8089019
:10C68000C5F80C90EF60C8F808302B68226C43F0B6
:10C6900016032B601AB12B6843F008032B602B683C
:10C6A00043F0010300202B60BDE8F883024840F20C
:10C6B000CB11DDF7FFFCBCE7A847050870B50446C1
:10C6C000866DFEF735FB94F83530022B06D08023BB
:10C6D0006365002384F83430012070BD23681A6834
:10C6E00022F016021A605A6922F080025A61226C06
:10C6F000054642B31A6822F008021A601A6822F04E
:10C7000001021A6005E0FEF713FB431B052B10D84E
:10C7100023681B6813F00103F5D1E16D3F228A40C5
:10C72000184601210023B26084F8351084F83430B3
:10C7300070BD032320226265184684F8353000233B
:10C7400084F8343070BDA26C002AD3D1D6E700BF84
:10C7500090F83530022B03D08023436501207047C9
:10C760000268052380F83530136823F001030020A8
:10C77000136070472DE9F04F044683B016460191CF
:10C78000FEF7D6FA94F83530022B08D08022002329
:10C79000626584F83430012003B0BDE8F08F23686F
:10C7A0001B68DD0558D4019BE16D8346002B57D0F3
:10C7B0004FF0100A0AFA01FAA56D2B681AEA030F66
:10C7C00038D1701C60D0002E4FD04FF008094FF0C8
:10C7D000010804272BE0FEF7ABFAA0EB0B00864222
:10C7E00046D3E16D2B6809FA01FC13EA0C0F08FA35
:10C7F00001F007FA01F207D0D4F854E04EF0010E30
:10C80000C4F854E0C5F808C0034206D0D4F854C0B8
:10C810004CF0020CC4F854C0A860134204D0606D00
:10C8200040F004006065AA601AEA030F02D1636D4C
:10C83000DA07D0D5636D13B1636DDB074CD4019873
:10C84000002845D130238B400122AB6084F835208D
:10C8500084F8340000209FE74FF4807363659AE703
:10C860004FF0200A0AFA01FAA6E7636DDA07E1D46D
:10C870002021012300220320616584F8342084F8FC
:10C88000353003B0BDE8F08F0827012604208F4023
:10C890008E40884018E02B681F4204D0626D42F041
:10C8A00001026265AF60334204D0626D42F0020261
:10C8B0006265AE60034204D0626D42F004026265BC
:10C8C000A86013EA0A0FB5D1636DDB07B2D4E2E7C3
:10C8D00010238B40AB60BDE72046FFF7EFFEE26D13
:10C8E0003023934001210022AB6084F8351084F896
:10C8F000342050E7F0B583B0674A876D166800238F
:10C900000193C36D3D6808229A402A42044603D031
:10C9100001680868400778D401229A402A4203D06F
:10C920002168496908066AD404229A402A4203D041
:10C930002168096889075CD410229A402A4203D0F2
:10C9400021680868000741D420229A402A4214D066
:10C9500021680868C00610D5BA6094F83520052A09
:10C9600063D00B6813F4802F0B687ED0190340F15D
:10C970008980E36B0BB120469847636D23B3636DE9
:10C98000DA071AD522684549052384F8353013683B
:10C99000A1FB061623F00103B60A136002E0136838
:10C9A000DB0704D5019B0133B3420193F7D9012280
:10C9B000002384F8352084F83430E36C23B120461A
:10C9C00003B0BDE8F040184703B0F0BDBA600A6894
:10C9D00012F4802F0A6822D1D20503D40A6822F00B
:10C9E00008020A60226C002AAED020469047E36D10
:10C9F000AAE7BA60626D42F0040262659CE7BA6021
:10CA0000626D42F0020262658EE7086820F0040061
:10CA10000860BA60626D42F0010262657CE7110352
:10CA2000E0D5A26C002AE0D18EE70A6822F0160257
:10CA30000A604A6922F080024A61226C3AB30A68AD
:10CA400022F008020A603F2202FA03F3216DBB6064
:10CA50000122002384F8352084F834300029B3D033
:10CA6000204603B0BDE8F040084713F4807380D13E
:10CA70000A6822F010020A60012284F8352084F846
:10CA8000343076E7636C002B7FF475AF75E7A26CEA
:10CA9000002AD4D1D7E700BF08000020B5814E1B83
:10CAA000034690F83400012812D093F835C0BCF149
:10CAB000010F5FFA8CF004D00120002283F83420AB
:10CAC00070470529F9D8DFE801F0080A0C0E1005B7
:10CAD000022070471A650020EFE7DA63FBE71A646B
:10CAE000F9E75A64F7E79A64F5E7DA64F3E700BF19
:10CAF00090F83420012A034615D090F835204FF0E5
:10CB0000010C624580F834C0D0B204D060460022E7
:10CB100083F8342070470629F9D8DFE801F00F12B6
:10CB200015181B1E0600022070470022C3E90F22C1
:10CB3000C3E91122C3E913220020E8E70022DA63E7
:10CB4000FAE700221A64F7E700225A64F4E70022A9
:10CB50009A64F1E70022DA64EEE700221A65EBE757
:10CB600090F83500704700BF406D70472DE9F041E7
:10CB700014461E4602681E4BDDF818809A4207468E
:10CB80000D4604D01B4841F6B141DDF793FA36F06B
:10CB9000807307D0B6F1007F04D0164841F6B24149
:10CBA000DDF788FA144B984508D0A3F5005328F414
:10CBB00080629A4202D0B8F1000F13D138680F4951
:10CBC000426848EA044444EA0603C5F309052B43D6
:10CBD00041EA585123F0004322EA01021343436023
:10CBE000BDE8F081034841F6B341DDF763FAE5E7BC
:10CBF000006000405448050800400080FF63FF03C8
:10CC000003689A69120440F197802DE9F0410446C7
:10CC10000E4610279A6912F010087FD0DF61354662
:10CC20009A6912F020087BD1FEF782F8401B192880
:10CC300023683DD89A699006F6D52022DA6148F03B
:10CC4000040801259A69D10552D54FF48071550524
:10CC5000D96148F0010804D54FF48061D96148F0EA
:10CC60000808910504D54FF4007248F00208DA6113
:10CC70009A69950744BF00229A629A69D00703D443
:10CC80009A6942F001029A615A682C4802405A603F
:10CC9000636C2021002243EA0803636484F8411096
:10CCA00084F84220002384F840300120BDE8F08160
:10CCB000586894F8422099690904D2B20BD541040E
:10CCC00009D4202A07D05A6842F480425A60FEF7FD
:10CCD0002FF8236805469A699006A1D4FEF728F834
:10CCE000401B19282368F6D99A694FF02008A6E757
:10CCF0005005B1D49205B6D4002DB9D1FEF718F87D
:10CD0000801B1928236802D99A6911040BD49A69E7
:10CD100012043FF57FAF0020BDE8F081454691E762
:10CD20004FF0000889E7636C20221343636484F8A2
:10CD3000412084F84250B5E70020704700E800FE2B
:10CD400003682DE9F04781460D46904610262027BE
:10CD50009C6914F0020468D19A6912F0100C62D038
:10CD60006A1CDE6164D19A699106FCD5DF6144F0EA
:10CD7000040C01219A69D00534D54FF48071540513
:10CD8000D9614CF0010C04D54FF48061D9614CF0AD
:10CD9000080C950504D54FF400724CF0020CDA61D2
:10CDA0009A69900744BF00229A629A69D10703D416
:10CDB0009A6942F001029A615A683B4802405A60FF
:10CDC000D9F844302021002243EA0C03C9F844304A
:10CDD00089F8411089F84220002389F84030012069
:10CDE000BDE8F0875005CFD49405D4D40029D7D11D
:10CDF0006A1CADD0FDF79CFFA0EB0803AB42D9F84D
:10CE0000003001D8002DA2D19A6912F002029ED101
:10CE1000D9F8443020210B43C9F8443089F8411037
:10CE200089F84220D8E76146A4E70020BDE8F087F2
:10CE3000C2469A69920699D4FDF77AFFA0EB0A00E0
:10CE4000854200D31DBBD9F80030586899F84220BC
:10CE500099690904D2B20CD541040AD4202A08D019
:10CE60005A6842F480425A60FDF762FFD9F80030F8
:10CE700082469A699006DCD4FDF75AFFA0EB0A00BF
:10CE80001928D9F80030F4D99A6920246FE7D9F825
:10CE900000309A6990063FF569AFFDF749FFA0EBB6
:10CEA0000A008542F3D2CEE700E800FE2DE9F04704
:10CEB000044600680F4616461D464FF010084FF016
:10CEC0002009836937EA03030CBF01230023B3421F
:10CED0006CD1836913F0100366D06B1CC0F81C8002
:10CEE00067D183699A06FCD5C0F81C90002343F0F3
:10CEF00004030121826912F4807F31D04FF48071E4
:10CF0000C161510543F0010304D54FF48061C16153
:10CF100043F00803910504D54FF4007243F0020377
:10CF2000C2618269910744BF002282628269D2078E
:10CF300003D4826942F001028261426839490A40A1
:10CF40004260626C202500211343636484F84150E1
:10CF500084F84210002384F840300120BDE8F087B7
:10CF600012F4806FD1D19205D6D40029D9D16B1C8F
:10CF7000A7D0FDF7DDFE089BC31AAB42206801D89D
:10CF8000002D9CD1836937EA03030CBF01230023E2
:10CF9000B34294D1636C20210B430022636484F874
:10CFA000411084F84220D5E71946A3E70020BDE8E8
:10CFB000F087DDF820A083699B0695D4FDF7B8FEC5
:10CFC000A0EB0A00854200D305BB2068416894F8B5
:10CFD000423082691204DBB20BD54A0409D4202BFB
:10CFE00007D0436843F480434360FDF7A1FE8246C7
:10CFF000206883699906DED4FDF79AFEA0EB0A004B
:10D0000019282068F5D98369202370E7206883698F
:10D0100099063FF569AFFDF78BFEA0EB0A0085424C
:10D02000F4D2D2E700E800FE2DE9F8430368044695
:10D03000986980065FD40D46164610274FF02008E9
:10D040009A6912F0100C59D06A1CDF6161D19A699B
:10D050009106FCD5C3F81C804FF0000C4CF0040C7A
:10D0600001219A69D00532D54FF480715505D961F7
:10D070004CF0010C04D54FF48061D9614CF0080CE0
:10D08000910504D54FF400724CF0020CDA619A69F4
:10D09000900744BF00229A629A69D10703D49A6923
:10D0A00042F001029A615A68364802405A60636C45
:10D0B0002021002243EA0C03636484F8411084F8C1
:10D0C0004220002384F840300120BDE8F883500559
:10D0D000D1D49205D6D40029D9D1FDF729FE801BE1
:10D0E000A842236800D81DB99A6912F0200207D01F
:10D0F0009A699206A4D50020BDE8F8836146B0E79E
:10D10000636C20210B43636484F8411084F842204F
:10D11000D7E7B1469A6992069CD4FDF709FEA0EBC9
:10D120000900854200D30DBB2368586894F842205B
:10D1300099690904D2B20BD5410409D4202A07D039
:10D140005A6842F480425A60FDF7F2FD2368814636
:10D150009A699006DED4FDF7EBFDA0EB09001928D3
:10D160002368F5D99A694FF0200C77E723689A690C
:10D1700090063FF56FAFFDF7DBFDA0EB09008542A0
:10D18000F4D2D1E700E800FE2DE9F8430368044635
:10D190009869400700F19A800D46164610274FF017
:10D1A00020089A6912F0100C6BD06A1CDF6140F005
:10D1B00094809A699106FCD5C3F81C804FF0000C4E
:10D1C0004CF0040C01219A69D00538D54FF48071D8
:10D1D0005505D9614CF0010C04D54FF48061D9613B
:10D1E0004CF0080C910504D54FF400724CF0020C81
:10D1F000DA619A69950744BF00229A629A69D0075A
:10D2000003D49A6942F001029A615A685048024078
:10D210005A60626C0021202042EA0C02626484F8A9
:10D22000401084F8410084F842109B69990623D489
:10D23000FDF77EFD23689B690120BDE8F88350055A
:10D24000CBD49205D0D40029D3D19A6992061AD5AD
:10D250009A699A69D0062BD5202010250422DD6119
:10D260006264D8615A683A4D2A405A6084F8410095
:10D2700084F8401084F84210FDF75AFD23689B693A
:10D28000DAE761469FE7FDF753FD801B854215D223
:10D2900021688A6912F004020B4619D1636C84F884
:10D2A000402020200343636484F841008B69C3E776
:10D2B0006164FDF73DFD801B8542E9D32368194673
:10D2C000002DE6D09A6952077FF56BAF0020B4E7D6
:10D2D0008A6951077FF565AFF8E7B1469A6992060A
:10D2E0003FF56AAFFDF724FDA0EB0900854200D3AE
:10D2F0000DBB2368586894F8422099690904D2B29A
:10D300000BD5410409D4202A07D05A6842F4804240
:10D310005A60FDF70DFD236881469A699006DDD4B9
:10D32000FDF706FDA0EB090019282368F5D99A69D5
:10D330004FF0200C44E723689A6990063FF53CAF14
:10D34000FDF7F6FCA0EB09008542F4D2D1E700BF5F
:10D3500000E800FE704700BF002800F0B2805A4B82
:10D3600002689A4210B5044604D0584840F2212180
:10D37000DCF7A0FEA368B3F5806F80F09C80E368C3
:10D38000013B012B00F28C80236933F4004371D1FF
:10D390006369FF2B76D8A369072B7BD8E36933F445
:10D3A000002304D0494840F22721DCF783FE236A9A
:10D3B00033F400334DD194F8413003F0FF02002BD9
:10D3C00052D02368242284F841201968626821F031
:10D3D000010122F0706219601A619A68E16822F412
:10D3E000004201299A60A26809D042F4044202294D
:10D3F0009A6007D15A6842F400625A6006E042F42B
:10D4000000429A605A6822F400625A6059682269A0
:10D4100041F0007141F4004159606169D8680A43E4
:10D42000A16920F4004042EA0122E169D860206A43
:10D43000DA6001431960196841F0010119600022A6
:10D440002023626484F84130226384F8422010462D
:10D4500010BD1E484FF40A71DCF72CFE94F84130E1
:10D4600003F0FF02002BACD184F840202046DBF70C
:10D4700001FFA6E715484FF40971DCF71BFE63694D
:10D48000FF2B88D9114840F22521DCF713FEA36950
:10D49000072B83D90D4840F22621DCF70BFE7DE7F0
:10D4A0000A4840F22321DCF705FE236933F40043E8
:10D4B0003FF46EAFDEE7054840F22221DCF7FAFDCB
:10D4C0005DE70120704700BF006000405448050838
:10D4D000704700BF00B30368104A934210B504467A
:10D4E00005D00F484FF42571DCF7E4FD23682422B2
:10D4F00084F841201A6822F0010220461A60DBF706
:10D5000003FF0023636484F8403084F841302363D0
:10D5100084F84230184610BD01207047006000407A
:10D52000544805082DE9F04F154690F8412083B086
:10D53000202A0C9E40F0A0801F4690F84030012B1E
:10D54000044600F09980012380F840308A46FDF7B8
:10D55000EFFB834601462046FFF752FB002840F0D0
:10D560008780212384F84130102384F8423060649E
:10D570006785628D2368656292B2FF2A60637FD9F6
:10D58000FF2222854FF47F08FE204FF0807715F8A8
:10D59000012B9A62628D8F496562013A92B28B4289
:10D5A0002085628505D08C4841F6B141DCF782FDCB
:10D5B00023685968894A1140CAF309020A4342EABA
:10D5C00008023A4342F400525A60CAF3090A628DD3
:10D5D00092B2002A00F0AD804FF010084FF0200901
:10D5E0009D6915F0020540F08E809A6912F01002D4
:10D5F00063D0771CC3F81C8040F0F6809A699106CE
:10D60000FCD5C3F81C90996945F00402CD054FF094
:10D61000010056D54FF48070D861480542F00102F0
:10D6200004D54FF48060D86142F008028E0504D51D
:10D630004FF4007142F00202D9619969880744BF32
:10D64000002199629969C90703D4996941F00101E0
:10D6500099615968624D29405960636C002020210E
:10D660001343636484F8400084F8411084F8420056
:10D67000012003B0BDE8F08F022003B0BDE8F08FB9
:10D68000608D80B22085002840F0E480514A9342AA
:10D6900005D0514841F6B141DCF70CFD23685968CB
:10D6A0004E4A1140CAF309020A4342F0007242F4A2
:10D6B00000525A60CAF3090A89E79969CD051046F4
:10D6C000A8D44F05ADD48D05B2D40028B5D1721CB5
:10D6D00086D0FDF72DFBA0EB0B039E42236802D3FF
:10D6E000002E7FF47BAF9A6912F002027FF476AFCE
:10D6F000636C84F8402020210B43636484F841105C
:10D7000084F84220B4E7606A228D10F8011B996208
:10D71000618D6062013989B26185618D013A92B291
:10D7200089B2228501B1CAB1628D92B2002A7FF41A
:10D7300055AF5A4631462046FFF776FC002897D170
:10D740002368274D2021D9615A682A405A6084F8FD
:10D75000411084F8400084F842008AE7CDF800B018
:10D76000334680212046FFF7A1FB002880D1628D3F
:10D77000236892B2FF2A15D9164AFF2193422185C8
:10D7800005D0154841F6B141DCF794FC23685A688E
:10D7900014490A404AEA020242F0FF7242F480321F
:10D7A0005A60C1E7628D92B22285D5B2094A93428E
:10D7B00005D0094841F6B141DCF77CFC23685A6882
:10D7C00008490A404AEA020242EA054242F000726F
:10D7D0005A60A9E70060004054480508009800FC22
:10D7E00000E800FE009C00FC5F469A6992063FF547
:10D7F00008AFFDF79DFAC01B864200D3FEB923682F
:10D80000586894F8422099690904D2B20BD54104B2
:10D8100009D4202A07D05A6842F480425A60FDF7A2
:10D8200087FA236807469A699006DED4FDF780FAE6
:10D83000C01B19282368F6D99A692025E3E62368D6
:10D840009A6990063FF5DDAEFDF772FAC01B86427D
:10D85000F5D2D4E7013880B200F101085FFA88F808
:10D860004FEA08484FF0007791E600BF2DE9F047F6
:10D870000F4690F8411082B020290A9E40F0A18006
:10D88000984690F84030012B044600F09A804FF003
:10D89000010A80F840A09146FDF74AFA0546014684
:10D8A0002046FFF7ADF9002840F08780222384F856
:10D8B0004130102384F842306064A4F82A80638DDC
:10D8C0002268C4F824909BB2FF2B60637DD8638DDF
:10D8D0009BB223855FFA83F8544B9A4205D0544893
:10D8E00041F6B141DCF7E6FB22685168514B194023
:10D8F000C7F309030B4343EA084343F0007343F4BF
:10D9000010535360C7F30907638D9BB22A46314613
:10D910002046002B40D0FFF737FC00284DD122686D
:10D92000636A526A1A70638D228D616A013B9BB2F1
:10D930006385638D013A013192B29BB261622285A7
:10D94000002BE1D0002ADFD100953346802120460C
:10D95000FFF7ACFA002830D1638D22689BB2FF2B11
:10D960004CD9324BFF219A42218505D0304841F6EF
:10D97000B141DCF79FFB226853682F490B403B43C2
:10D9800043F0FF7343F480335360638D9BB22A46A8
:10D9900031462046002BBED1FFF746FB68B923680D
:10D9A000264D2021D9615A682A405A6084F84110D6
:10D9B00084F8400084F8420000E0012002B0BDE895
:10D9C000F087022002B0BDE8F087184BA4F828A029
:10D9D0009A4205D0164841F6B141DCF76BFB22684C
:10D9E0005168144B1940C7F309030B4343F080738C
:10D9F00043F492335360C7F3090785E7638D9BB205
:10DA000023855FFA83F8094B9A4205D0084841F60E
:10DA1000B141DCF74FFB2268536807490B403B4399
:10DA200043EA084343F0007353606DE70060004031
:10DA300054480508009800FC009C00FC00E800FE2B
:10DA40002DE9F041044690F84100202882B040F0D2
:10DA5000AE800E46002900F097801746002A00F09D
:10DA600093801D4694F84030012B00F0A0800123E4
:10DA700084F840305FFA80F8FDF75AF92168666251
:10DA80000022212384F8413084F842806264678553
:10DA90004B68626323F400434B60064600902B46BC
:10DAA00008212046FFF702FA00287AD1226A23686B
:10DAB000B2F5003F08D1626A12F8011B99626262F6
:10DAC000628D013A92B262850827DF61E368022B1A
:10DAD0005FD000962B4600224FF480312046FFF79E
:10DAE000E5F9A8B15DE0324629462046FFF728F95E
:10DAF000002856D1636A226813F8011B9162B4F8BA
:10DB00002AC063620CF1FF3C1FFA8CFCA4F82AC007
:10DB1000638D9BB2002BE6D100962B46002210218C
:10DB20002046FFF7C3F9002848D123689A69910776
:10DB300048BF98629A69D20703D49A6942F00102F9
:10DB40009A611022DA61294632462046FFF76CFAC4
:10DB500038BB23682022DA6100962B4601224FF45D
:10DB600000412046FFF7A2F9D8B922685368202166
:10DB700043F40043536084F8411084F8400084F873
:10DB8000420002B0BDE8F0814FF4007363640120ED
:10DB9000F7E700962B46002239462046FFF786F924
:10DBA00048B12268536843F400435360EFE7022012
:10DBB00002B0BDE8F0812368DF618AE7638D626CA3
:10DBC000042A9BB2EDD1002BEBD16364C4E700BF04
:10DBD0002DE9F043044690F84100202883B037D166
:10DBE0000E4681B3174672B31D4694F84030012BA0
:10DBF0002ED04FF0010984F840905FFA80F8FDF7CD
:10DC000097F80022222384F84130216884F842806A
:10DC100062646785638D23854B68666223F40043E5
:10DC2000626306464B6000902B4608212046FFF7B2
:10DC30003DF988B12268536843F4004353600120E2
:10DC400003B0BDE8F0834FF4007363640120F7E78D
:10DC5000022003B0BDE8F08323680821D9614A4659
:10DC60002B4600964FF480312046FFF71FF900281D
:10DC7000E0D1638D9BB2ABB931E02268636A526A2E
:10DC80001A70B4F82AC0616A228D0CF1FF3C1FFAA9
:10DC90008CFCA4F82AC0638D0131013A9BB2616209
:10DCA0002285E3B1324629462046FFF76DFA002867
:10DCB000E3D023685A6842F400425A609A695207D6
:10DCC000C4D5626A5B6A1370638D616A228D013B01
:10DCD00001319BB2013A616263852285B6E7324623
:10DCE00029462046FFF7A0F90028A3D12368202762
:10DCF000DF6101222B4600964FF400412046FFF7DA
:10DD0000D5F8002896D12268536843F40043536045
:10DD100084F8417084F8400084F8420090E700BF26
:10DD20002DE9F041044690F8410020283FD12668B3
:10DD30000D46B16911F4004139D194F84000012831
:10DD400035D0212784F8417033486262102784F867
:10DD5000427061646385314BE0626363638D9BB2A3
:10DD60000121FF2B84F8401024D8638D9BB22385BA
:10DD7000002B45D12A4B9E4205D02A4841F6B1419D
:10DD8000DCF798F926687368274AC5F3090513403C
:10DD90001D4345F0007545F400557560002084F87A
:10DDA0004000336843F0F2033360BDE8F0810220A5
:10DDB000BDE8F081FF2323854FF47F08FE234FF059
:10DDC000807712F8010BB0622385638D144962627B
:10DDD000013B9BB28E42638505D0124841F6B141AA
:10DDE000DCF768F9266872680F49C5F309030A4031
:10DDF000134343EA08033B4343F400537360CDE706
:10DE0000013B9BB203F101085FFA88F84FEA08482A
:10DE10004FF00077D5E700BF0000FFFF850403083F
:10DE20000060004054480508009800FC70B50446A6
:10DE300090F84100202841D10D462168886910F4EE
:10DE400000403BD194F84060012E37D0222684F860
:10DE5000416062621026264A84F8426060646385ED
:10DE6000E262638D234A62639BB20122FF2B84F836
:10DE7000402025D8628D204B92B299422285D6B29D
:10DE80002DD041F6B1411D48DCF714F921684FF05F
:10DE9000007C32044868C5F30903194D2840034348
:10DEA000134343EA0C03002043F410534B6084F8FF
:10DEB00040000B6843F0F4030B6070BD022070BD9E
:10DEC0000D4B228599420ED041F6B1410B48DCF74B
:10DED000F1F821684FF480324FF0807CDAE73204A9
:10DEE0004FF0007CD6E74FF480324FF0807CD1E7D2
:10DEF0000000FFFF85040308006000405448050847
:10DF0000009800FC034690F8410020282CD15FFACD
:10DF100080FC93F84000012826D0012010B483F83B
:10DF20004000212083F841001C6883F842C0002093
:10DF30005864606820F40040606012485A855A8D29
:10DF4000D86211485863186A596292B2B0F5003F1E
:10DF50001A850BD0002083F84000236843F0FA03B1
:10DF600023605DF8044B70470220704711F8010BE5
:10DF7000A062588D5962411E013A89B259851A85AD
:10DF8000E8E700BF0000FFFF85140308034690F890
:10DF90004100202821D130B4C5B293F840000128B7
:10DFA0001DD0222083F841001C6883F842500020D5
:10DFB0005864656825F4004565605A855A8D1A8550
:10DFC000084A83F84000DA622268596242F0FC0293
:10DFD00005495963226030BC704702207047022017
:10DFE00030BC70470000FFFF85140308F8B50446F5
:10DFF00090F84100202842D12668B76917F40047FD
:10E000003DD10D4694F84010012938D0212084F8E4
:10E01000410059496262102084F8420067646385B8
:10E02000E162638D554961639BB20121FF2B84F846
:10E03000401026D8638D9BB22385002B7AD1504B9C
:10E040006363504B9E4205D04F4841F6B141DCF727
:10E0500031F8266872684D49C5F309030A40134335
:10E060003B4343F0007343F400530022736084F891
:10E070004020336843F0F20333600020F8BD0220F3
:10E08000F8BD1146FF23238511F8013BB362638D70
:10E09000A06B6162013B9BB26385FE2323854FF039
:10E0A0008077002858D0DFF8E8C0C0F83CC006F1FF
:10E0B0002802DFF8E0C0C0F84CC000260664066500
:10E0C000FEF7AAFA60B1202384F8413084F8426058
:10E0D000636C84F8406043F0100363640120F8BD72
:10E0E000208D2268274B461C9A42F6B206D026485D
:10E0F00041F6B141DBF7DEFF208D22685168C5F3A0
:10E100000903224D29400B4343EA06433B4343F4B2
:10E1100000535360638D1B1A9BB20021638584F802
:10E120004010136843F090031360136843F4804376
:10E130001360A2E71146013B11F8012BB262628D18
:10E140006162013A9BB292B22385628583B1A06B72
:10E150004FF000770028A6D1202384F8413084F8BE
:10E160004200636C84F8400043F080036364B5E7C9
:10E170004FF4803763E700BF0000FFFF5109030839
:10E18000850403080060004054480508009800FC1E
:10E190007D0C0308350C0308F8B5044690F84100DF
:10E1A000202834D10D462168886910F400402ED112
:10E1B00094F84060012E2AD04FF0220C84F841C020
:10E1C000494E62624FF0100C84F842C0606463856F
:10E1D000E662608D454B636380B20123FF2884F8BB
:10E1E000403016D8638D9BB22385A3B3E06B4FF00C
:10E1F0000077A0B9202384F8413084F84200636C92
:10E2000084F8400043F0800363640120F8BD0220DD
:10E21000F8BDE06B23854FF080770028EAD0DFF867
:10E22000E0C0C0F83CC00026DFF8D8C00664243146
:10E230000665C0F84CC0FEF7EFF958B3202384F808
:10E24000413084F84260636C84F8406043F010030E
:10E2500063640120F8BD264B264A6263994205D0CB
:10E2600041F6B1412448DBF725FF21684B68234A7A
:10E27000C5F3090513401D4345F00075002345F41F
:10E2800010554D6084F840300B6843F0F4030B6088
:10E290000020F8BD2268164B208D9A42C6B206D0E7
:10E2A000154841F6B141DBF705FF208D2268516822
:10E2B000C5F30903114D29400B4343EA06433B4391
:10E2C00043F410535360638D1B1A9BB20021638586
:10E2D00084F84010136843F090031360136843F40C
:10E2E00000431360D4E700BF0000FFFF510903089B
:10E2F000006000408504030854480508009800FCAD
:10E300001D0D0308350C030838B590F84130202B5B
:10E3100054D1044600294CD0002A4AD0D8B294F8EF
:10E320004030012B4AD0012384F84030212384F867
:10E330004130002384F8420063646285638D226A61
:10E340003148E0629BB231486162B2F5003F2385FB
:10E3500060630BD1226811F8010B9062628D6162DB
:10E36000013B013A92B29BB262852385628D92B2E3
:10E37000002A31D0A06B18B3254AC263254AC26473
:10E3800022680025056405652832FEF745F978BB4B
:10E3900023685A6822F400425A6084F840001A68E0
:10E3A00042F0B8021A601A6842F480421A600020F3
:10E3B00038BD4FF400736364012038BD022038BDBE
:10E3C000282384F8413084F84200636C84F84000CC
:10E3D00043F080036364EFE72368596821F4004148
:10E3E000596084F840201A6842F0B8021A60DEE7EB
:10E3F000282384F8413084F84250636C84F84050FC
:10E4000043F010036364D7E70000FFFFED12030839
:10E41000E1FF0208350C030890F84130202B41D170
:10E4200070B50446002938D0002A36D0D8B294F806
:10E430004030012B50D0012384F8403000252223A6
:10E4400084F8413084F8420065646285638D234A14
:10E45000E06BE2629BB2224A61622385626300281C
:10E460002ED0204E05640A462168C6631E4E0565FF
:10E470002431C664FEF7D0F8B0B923685A6822F494
:10E4800000425A6084F840001A6842F0B8021A60EC
:10E490001A6842F400421A6070BD4FF4007363645E
:10E4A000012070BD02207047282384F8413084F891
:10E4B0004250636C84F8405043F010036364EFE70C
:10E4C000282384F8413084F84200636C84F84000CB
:10E4D00043F080036364E3E7022070BD0000FFFFA8
:10E4E000ED12030891000308350C03082DE9F047ED
:10E4F000984682B0013B012BBDF82CA00C9F04462E
:10E500000D46914604D9904840F6D611DBF7D2FD6E
:10E5100094F84130202B40F0BA800A9B002B00F089
:10E52000AF80BAF1000F00F0AB8094F84030012BBF
:10E5300000F0AD80012384F84030FCF7F9FB06467B
:10E5400001462046FEF75CFB002840F09C800A9BB9
:10E55000226863627D4B6063212184F841109A42F6
:10E560004FF0400184F842106064A4F82AA05FFADA
:10E5700088FA05D0744841F6B141DBF79BFD22686B
:10E5800053687349C5F309050B402B4343EA0A431B
:10E5900043F0807343F400535360394632462046BB
:10E5A000FEF7CEFB002876D1B8F1010F236876D1B3
:10E5B0005FFA89F29A6200963B460022802120464B
:10E5C000FEF774FC002866D1638D22689BB2FF2B96
:10E5D00040F28C805D4BFF219A42218505D05A483C
:10E5E00041F6B141DBF766FD2268536859490B409B
:10E5F0002B4343F0FF7343F48033536004E0638D97
:10E600009BB2002B00F08A80324639462046FEF746
:10E6100097FB002837D1626A236812F8011B9962C0
:10E62000638D6262013B9BB2228D6385638D013AEB
:10E6300092B29BB22285002BE1D0002ADFD1009656
:10E640003B4680212046FEF731FCE0B9638D22680D
:10E650009BB2FF2B32D93D4BFF219A42218505D039
:10E66000394841F6B141DBF725FD22685368394945
:10E670000B402B4343F0FF7343F480335360BEE7FA
:10E680004FF400736364012002B0BDE8F0870220FC
:10E6900002B0BDE8F087002384F84030F3E74FEA8A
:10E6A00019229A62394632462046FEF749FB002875
:10E6B000F1D122685FFA89F393627CE7638D9BB2A4
:10E6C00023855FFA83F8214B9A4205D01E4841F614
:10E6D000B141DBF7EFFC226853681E490B402B4326
:10E6E00043EA084343F00073536088E7638D9BB2AD
:10E6F00023855FFA83F8154B9A4205D0124841F6FC
:10E70000B141DBF7D7FC2268536812490B402B4319
:10E7100043EA084343F00073536075E732463946D5
:10E720002046FEF781FC0028ADD123680A4D202148
:10E73000D9615A682A405A6084F8411084F8400030
:10E7400084F84200A0E700BF54480508006000407C
:10E75000009800FC009C00FC00E800FE2DE9F0475A
:10E76000984682B0013B012BBDF82CA00C9F0446BB
:10E770000D46914604D9914840F65F21DBF79AFC9B
:10E7800094F84130202B40F0BB800A9B002B00F016
:10E79000B080BAF1000F00F0AC8094F84030012B4B
:10E7A00000F0AE80012384F84030FCF7C1FA064641
:10E7B00001462046FEF724FA002840F09D800A9B7F
:10E7C000226863627E4B6063222184F841109A4282
:10E7D0004FF0400184F842106064A4F82AA05FFA68
:10E7E00088FA05D0754841F6B141DBF763FC226831
:10E7F00053687449C5F309050B402B4343EA0A43A8
:10E8000043F400535360394632462046FEF798FAE7
:10E81000002879D1B8F1010F236879D15FFA89F224
:10E820009A6200963B46002240212046FEF73EFBBE
:10E83000002869D1638D22689BB2FF2B40F28F8044
:10E840005F4B01219A42218505D05C4841F6B141D8
:10E85000DBF730FC226853685A490B402B4343F0E6
:10E86000807343F49233536004E0638D9BB2002BBA
:10E8700000F08F8000963B46002204212046FEF7E0
:10E8800015FB002838D12268636A526A1A70638DBA
:10E89000228D616A013B9BB26385638D013A013130
:10E8A00092B29BB261622285002BDED0002ADCD1BD
:10E8B00000963B4680212046FEF7F8FAE0B9638DCA
:10E8C00022689BB2FF2B32D93D4B01219A42218510
:10E8D00005D03A4841F6B141DBF7ECFB22685368BA
:10E8E00039490B402B4343F0807343F4803353602A
:10E8F000BBE74FF400736364012002B0BDE8F0870A
:10E90000022002B0BDE8F087002384F84030F3E72E
:10E910004FEA19229A62394632462046FEF710FA2B
:10E920000028F1D122685FFA89F3936279E7638D59
:10E930009BB223855FFA83F8214B9A4205D01F488A
:10E9400041F6B141DBF7B6FB226853681E490B4024
:10E950002B4343EA084343F00073536085E7638D1C
:10E960009BB223855FFA83F8154B9A4205D0134872
:10E9700041F6B141DBF79EFB2268536811490B4019
:10E980002B4343EA084343F0007343F410535360AE
:10E9900070E7324639462046FEF746FB0028ABD1E9
:10E9A00023680A4D2021D9615A682A405A6084F8A8
:10E9B000411084F8400084F842009EE7544805085E
:10E9C00000600040009800FC009C00FC00E800FE95
:10E9D0002DE9F8430446581E0128BDF824901D4631
:10E9E0008846164604D9304840F6E621DBF762FB3C
:10E9F00094F84100202853D1089B002B4AD0B9F14C
:10EA0000000F47D02768BB6913F4004348D194F83E
:10EA10004020012A44D025496163012184F8401037
:10EA2000212184F84110089A2385402184F842105E
:10EA3000012D63646262F3B21D4AA4F82A9018BFE4
:10EA4000360AE262C4F84C8006BFBB624FF0FF3367
:10EA5000BE622365174B9F42EDB205D0124841F6C6
:10EA6000B141DBF727FB27687B681349C8F309022C
:10EA70000B401A4342EA054343F08073002043F4FD
:10EA800000537B6084F840003B6843F0F2033B6036
:10EA9000BDE8F8834FF4007363640120BDE8F88398
:10EAA0000220BDE8F88300BF54480508D10D0308D3
:10EAB0000000FFFF00600040009800FC2DE9F041DD
:10EAC0000446581E0128BDF81C801D460F461646F8
:10EAD00004D92E4840F63E31DBF7ECFA94F84100B9
:10EAE00020284FD1069B002B46D0B8F1000F43D011
:10EAF00021688B6913F4004344D194F84020012A23
:10EB000040D023486063012084F84000222084F82C
:10EB10004100069A6262402084F84200012D63643D
:10EB20001C4AA4F82A80F3B2E26218BF360AE764EE
:10EB300006BF8B624FF0FF338E622365164B9942FE
:10EB4000EDB205D041F6B1411048DBF7B3FA2168C8
:10EB50004B681248C7F3090203401A4342EA0543CF
:10EB6000002043F400534B6084F840000B6843F0EE
:10EB7000F2030B60BDE8F0814FF400736364012081
:10EB8000BDE8F0810220BDE8F08100BF54480508CF
:10EB9000D10D03080000FFFF00600040009800FC5A
:10EBA0002DE9F0411D46013B012BBDF81C700446C8
:10EBB0000E46904604D94A4840F69731DBF77AFA78
:10EBC00094F84130202B55D1069B002B4BD0002FC1
:10EBD00049D021688B6913F400434BD194F840204D
:10EBE000012A47D0069A6262212084F841003D4AFA
:10EBF000402084F8420063646785E262E664638DC6
:10EC0000394A62639BB2FF2B96BF638DFF239BB291
:10EC10000122012D84F8402023855FFA88F02DD051
:10EC20004FEA18228A622065A06B60B32F4FC7633A
:10EC30004FF000082E4FC76401F12802C0F8408051
:10EC40000699C0F85080FDF7E7FC074638B320234B
:10EC500084F8413084F84280636C84F8408043F04B
:10EC60001003636402E04FF40073636401273846C5
:10EC7000BDE8F08102273846BDE8F0814FF0FF3251
:10EC800088622265D0E7202384F8413084F842006E
:10EC9000636C84F8400043F080036364E6E7226815
:10ECA000144B9A42EDB205D00D4841F6B141DBF765
:10ECB00001FA226851681048C6F3090301400B436A
:10ECC00043EA054343F0807343F40053002153604B
:10ECD00084F84010136843F0F2031360C7E700BFE5
:10ECE000544805080000FFFFE10603087D0C0308F7
:10ECF000350C030800600040009800FC2DE9F0414D
:10ED00001D46013B012BBDF81C7004460E46904683
:10ED100004D9484840F62941DBF7CCF994F8413052
:10ED2000202B54D1069B002B4AD0002F48D02168BD
:10ED30008B6913F400434AD194F84020012A46D04D
:10ED4000069A6262222084F841003B4A402084F8FF
:10ED5000420063646785E262E664638D374A6263FA
:10ED60009BB2FF2B96BF638DFF239BB20122012D27
:10ED700084F8402023855FFA88F02CD04FEA1822CF
:10ED80008A622065E06B58B32D4FC7634FF00008CF
:10ED90002C4FC764069AC0F840802431C0F85080D8
:10EDA000FDF73AFC074638B3202384F8413084F855
:10EDB0004280636C84F8408043F01003636402E097
:10EDC0004FF40073636401273846BDE8F0810227E1
:10EDD0003846BDE8F0814FF0FF3288622265D1E706
:10EDE000202384F8413084F84200636C84F84000AA
:10EDF00043F080036364E6E72268134B9A42EDB266
:10EE000005D00C4841F6B141DBF754F9226851684E
:10EE10000E48C6F3090301400B4343EA054343F49C
:10EE200000530021536084F84010136843F0F2034C
:10EE30001360C9E7544805080000FFFFE106030816
:10EE40001D0D0308350C030800600040009800FC0D
:10EE50002DE9F04385B004460020039094F841006A
:10EE600020284CD11E46236890469A6912F400422D
:10EE700045D194F84000012841D00120C1F3090791
:10EE800084F8400047F000792420751C84F8410084
:10EE900049F4205962644ED0002E00F09B80E26855
:10EEA000012A0ABF47F000724A4642F400525A60F3
:10EEB000FBF73EFF21688B698A6903F0200302F0AB
:10EEC00010021343054609D053E021688B698A6913
:10EED00003F0200302F0100213434AD1FBF728FF8E
:10EEE000401B8642F1D2202384F84130636C00221B
:10EEF00043F02003636484F84020012000E00220F6
:10EF000005B0BDE8F0839369D8067BD500954FF036
:10EF1000FF33002220212046FDF7C8FF0028ECD156
:10EF200023681022DA612022DA61039A0132039207
:10EF3000039A9045D7D9E268012A0ABF47F00072C8
:10EF40004A4642F400525A60FBF7F2FE2268936987
:10EF5000916903F0200301F010010B430546D2D163
:10EF60009169936901F0200103F010031943F7D070
:10EF7000C9E78B69D90645D5009533460022202183
:10EF80002046FDF793FF0028B7D123681022DA61ED
:10EF90002022DA61039A01320392039A90453FF6E8
:10EFA0007EAFA0E79269D2064FF000032AD5009009
:10EFB0001A4620212046FDF779FF102200289CD117
:10EFC0002368DA612022DA61039A01320392039AFC
:10EFD000424588D2E16801294A4604BF47F00072E1
:10EFE00042F400525A60FBF7A3FE226893699169CC
:10EFF00003F0200301F010010B430546D2D1FBF7CB
:10F0000097FE70E700953346002220212046FDF749
:10F010004DFF00287FF471AF22682023D36184F86C
:10F02000413084F840006BE7F0B585B00E460A9D8C
:10F0300035F08071044610D0B5F1007F0DD0AA2DB7
:10F040000BD0B5F52A4F08D0534840F63A51CDE9D8
:10F050000223DBF72FF8DDE9022394F84110202981
:10F0600052D194F8401001294ED0212184F841104A
:10F07000102184F84210002161646385474BE562EA
:10F080006363638D62629BB20121FF2B84F84010A1
:10F090000DD9FF2020854FF0807325F00077394689
:10F0A000002F34D0226B112A61D000200AE0608D3D
:10F0B000E36A80B220850028EFD1226B112A41D06B
:10F0C00025F00071E26AAA2A34D0E26AB2F52A4F2A
:10F0D00004BF4FF00072E262628D92B2FF2A2FD815
:10F0E000E36A2F4F01B1208D0097C2B2314620460E
:10F0F000FDF73CFD2268002084F84000136843F0CF
:10F10000F203136005B0F0BD022005B0F0BD9446D7
:10F1100022681CF8015B9562628DC4F824C0013A34
:10F1200092B26285226B451E112A2585DCD0E26AE7
:10F13000AA2ACAD10022E262628D92B2FF2ACFD9F6
:10F14000174FCFE7AA2D04D1E26AAA2A08D0294690
:10F15000BBE7B5F52A4FF7D025F000710746C1E7A8
:10F16000E062628D92B2FF2A0ED90D4FBCE7AA2D44
:10F170000DD1E26AAA2A01D00020A6E70022E262AD
:10F18000628D92B2FF2AF0D8E36A054FABE7B5F57E
:10F190002A4FEED00027A7E7544805088504030846
:10F1A000002000802DE9F04784B00E460C9D35F01C
:10F1B0008071044610D0B5F1007F0DD0AA2D0BD080
:10F1C000B5F52A4F08D0954840F6AD51CDE9022358
:10F1D000DAF770FFDDE9022394F84110202940F0AE
:10F1E000AF8094F84010012900F0AA80212184F812
:10F1F0004110102184F84210002161646385884B1E
:10F20000E5626363638D62629BB20121FF2B84F828
:10F2100040101ED9FF2323854FF0807735F000780A
:10F2200040F09280216812F8010B88626262628D60
:10F23000013A92B26285226B591E9946112A8BB20D
:10F24000238500F0AB80E26AAA2A11D1C4F82C8091
:10F2500015E0638DE76A9BB22385002BDED1226B1C
:10F26000112A00F09180E26AAA2A47D04FF00009E3
:10F27000E26AB2F52A4F04BF4FF00072E262628D7B
:10F2800092B2FF2A41D9DFF8A881002B42D0A06BAF
:10F29000002800F0928022686249C1634FF0000AA2
:10F2A0006149C1642832616AC0F840A0C0F850A02A
:10F2B000FDF7B2F9002858D135F0007300F08980CD
:10F2C00094F82820CDF800803B4631462046FDF7D3
:10F2D0004DFC638D218D22685B1A9BB200216385F2
:10F2E00084F84010136843F090031360136843F4EC
:10F2F00080431360002004B0BDE8F087E362628DB4
:10F3000092B2FF2A6FD84FF00009E76ADFF8208138
:10F31000002BBCD1454B636335F0007343D0CDF86F
:10F3200000803B46002231462046FDF71FFC226844
:10F33000002384F84030136843F0F2031360D9E7E8
:10F34000022004B0BDE8F087226B112A50D0E26A97
:10F35000AA2A8BD10022E262628D92B2FF2AD2D910
:10F36000DFF8CC804FF0000991E7202384F841308A
:10F3700084F842A0636C84F840A043F010036364F7
:10F38000012004B0BDE8F087AA2D3FF46CAFB5F5BD
:10F390002A4F3FF468AF99469846BBE7002B7FF4AD
:10F3A00076AF224B6363CDF800803B465FFA89F26B
:10F3B00031462046FDF7DAFBB9E7202384F84130D7
:10F3C00084F84200636C84F8400043F08003636477
:10F3D000D6E7CDF800803B465FFA89F231462046F9
:10F3E000FDF7C4FB75E7DFF848804FF0000991E7AF
:10F3F000AA2D0BD1E26AAA2A7FF438AF0021E1627C
:10F40000628D92B2FF2AABD889467EE7B5F52A4FC6
:10F410009DD04FF00009C84639E700BF54480508A1
:10F42000510903087D0C0308350C03088504030803
:10F43000002000802DE9F04182B00D46089E36F094
:10F440008071044610D0B6F1007F0DD0AA2E0BD0EB
:10F45000B6F52A4F08D06A484FF46761CDE900231A
:10F46000DAF728FEDDE9002394F84110202940F066
:10F47000948094F84010012900F08F806262614A04
:10F480006263222284F84120102284F84220002264
:10F4900062646385E662638D9BB20122FF2B84F870
:10F4A00040204CD8B4F82A80E76A22681FFA88F313
:10F4B0002385236B5FFA88F8122B4FEA084848D05F
:10F4C000E36AAA2B74D0E36AB3F52A4F04BF4FF066
:10F4D0000073E362638D9BB2FF2B51D84A4BE76AFE
:10F4E0009A4250D0464841F6B141DAF7E3FDB7F110
:10F4F000807F56D0B7F1007F5DD0002F7CD0404890
:10F50000424E41F6B241DAF7D5FD47F00047226896
:10F5100047F41057C5F30903516843EA08033B4316
:10F52000314023F0004300200B43536084F8400037
:10F53000136843F0F403136002B0BDE8F081FF23C9
:10F540002385236B2268122B4FF47F084FF08077BE
:10F55000B6D1AA2EB4D0B6F52A4FB1D02A4B9A42D2
:10F560002DD0274841F6B141DAF7A4FDB7F1807FED
:10F5700003D0B7F1007F00D04FBB2268244EC9E70B
:10F58000214B9A42AED1B7F1807F0ED0B7F1007F08
:10F5900023D02FBB1D4E1F4FBCE7022002B0BDE899
:10F5A000F0812268194E1C4FB4E7184E1A4FB1E78C
:10F5B0000023E3628EE72268144E184FAAE7B7F1E2
:10F5C000807FDBD0B7F1007FD8D0002FD6D00C4899
:10F5D00041F6B241DAF76EFDCFE70C4E0F4F99E7D7
:10F5E00007480A4E47F0004741F6B241DAF762FD9C
:10F5F00047F4105722688DE72268044E054F89E7CB
:10F60000544805088504030800600040009800FC89
:10F61000009C00FC00240080002400810024008263
:10F620002DE9F04385B00D460C9E36F080710446FE
:10F6300010D0B6F1007F0DD0AA2E0BD0B6F52A4F10
:10F6400008D0634840F6C861CDE90223DAF732FDFD
:10F65000DDE9022394F84110202940F0898094F8D4
:10F660004010012900F08480222184F841101021EB
:10F6700084F84210002161646385564BE66263633F
:10F68000638D62629BB20121FF2B84F840103DD84C
:10F69000638DE76A216B9BB2122923853DD0E16A15
:10F6A000AA296CD0E16AB1F52A4F04BF4FF000716E
:10F6B000E162618D89B2FF295ED8E76ADFF82481B3
:10F6C000002B33D0E06B00285CD02168DFF818C134
:10F6D000C0F83CC00026DFF814C10664243106657A
:10F6E000C0F84CC0FCF798FF8146002856D0202374
:10F6F00084F8413084F84260636C84F8406043F0E1
:10F7000010036364012005B0BDE8F083216BFF2383
:10F7100012294FF080772385C1D1AA2EBFD0B6F52C
:10F720002A4FBCD04FF00008002BCBD123682A4AC7
:10F730002A496163934205D0254841F6B141DAF781
:10F74000B9FC23685A682649C5F309050A401543E0
:10F7500045F00075002245F410555D6084F84020A6
:10F760001A6842F0F4021A60002005B0BDE8F08388
:10F77000022005B0BDE8F083DFF86880A0E7002133
:10F78000E16296E7202384F8413084F84200636CFC
:10F7900084F8400043F080036364B3E7CDF8008051
:10F7A00094F828203B4629462046FDF7DFF9638D73
:10F7B000218D226884F840905B1A9BB263851368A0
:10F7C00043F090031360136843F400431360CBE7E6
:10F7D00054480508510903080060004085040308E7
:10F7E000009800FC002400801D0D0308350C030860
:10F7F000F0B51F4637F0807383B004460E460ED036
:10F80000B7F1007F0BD0AA2F09D0B7F52A4F06D049
:10F810003B48019240F66D71DAF74CFC019A94F87E
:10F82000410000F02800282802D0012003B0F0BDDC
:10F83000002E37D0002A35D0256894F841302B6847
:10F8400023F0FA032B6094F84030012B4ED094F84B
:10F85000413001212A2B84F8401027D0292384F835
:10F860004130202384F84230002363646B6823F422
:10F8700000436B606285638DE762A9692385AB698C
:10F88000204A6263DA03666203D50B0744BF08238C
:10F89000EB61002084F840002B6843F0FA032B60F2
:10F8A00003B0F0BD4FF400736364BEE794F84130D9
:10F8B00003F02803282B2B6814BF6FF0F4016FF0BE
:10F8C00044010B402B602B681904C7D52B68E06BF3
:10F8D00023F400432B600028C0D00B4B036501923A
:10F8E000FCF736FF019A18B92568B7E702209DE7B3
:10F8F000E06B0192036D98472568019AAEE700BF5F
:10F900005448050885140308BD0103082DE9F0419A
:10F910001D4635F0807304460F4616460CD0B5F1EF
:10F92000007F09D0AA2D07D0B5F52A4F04D067482B
:10F9300040F6D271DAF7BEFB94F8413003F02803A9
:10F94000282B02D00120BDE8F081002F5BD0002ED3
:10F9500059D094F84030012B00F0B5802268012383
:10F9600084F8403094F84130136823F0FA031360B0
:10F9700094F841302A2B94F8413048D0292BA06BC1
:10F98000D9B263D0292384F841304FF000082023F6
:10F9900084F84230C4F8448053684D4923F400434E
:10F9A00053606685638D67629BB2E5622385616300
:10F9B00000287BD0474DC563474DC0F84080C0F854
:10F9C000508028323946C564FCF726FE002850D105
:10F9D000628D218D2368521A92B2628599699A6963
:10F9E0002085D50303D50A0744BF0822DA61002227
:10F9F00084F840201A6842F480421A601A6842F083
:10FA0000B8021A609FE74FF4007363649AE703F04B
:10FA10002803282B136814BF6FF0F4016FF0440122
:10FA20000B4013601368190421D5E06BF8B113681B
:10FA300023F400431360294B0365FCF789FEA8B14A
:10FA4000E06B036D98472268A06B9BE713685B042B
:10FA500098D5136823F480431360B0B11F4B03653E
:10FA6000FCF776FE10B1A06B036D98472268A06B7F
:10FA700088E7282384F8413084F84280636C84F856
:10FA8000408043F0100363645CE7202384F8411056
:10FA900084F842306064536823F400435360668501
:10FAA000628D0B4B67622285E56263630022282327
:10FAB00084F8413084F84220636C84F8402043F09D
:10FAC000800363643EE702203DE700BF5448050819
:10FAD000ED120308E1FF0208350C0308BD0103081D
:10FAE000F0B51F4637F0807383B004460E460ED043
:10FAF000B7F1007F0BD0AA2F09D0B7F52A4F06D057
:10FB00003B48019241F28901DAF7D4FA019A94F85C
:10FB1000410000F02800282802D0012003B0F0BDE9
:10FB2000002E37D0002A35D0256894F841302B6854
:10FB300023F0FC032B6094F84030012B4ED094F856
:10FB400041300121292B84F8401027D02A2384F842
:10FB50004130202384F84230002363646B6823F42F
:10FB600000436B606285638DE762A9692385AB6999
:10FB7000204A6263DA03666203D40B0744BF08239A
:10FB8000EB61002084F840002B6843F0FC032B60FD
:10FB900003B0F0BD4FF400736364BEE794F84130E6
:10FBA00003F02803282B2B6814BF6FF0F2016FF0CD
:10FBB00042010B402B602B685904C7D52B68A06B02
:10FBC00023F480432B600028C0D00B4B03650192C7
:10FBD000FCF7BEFD019A18B92568B7E702209DE73A
:10FBE000A06B0192036D98472568019AAEE700BFAC
:10FBF0005448050885140308BD0103082DE9F041A8
:10FC00001D4635F0807304460F4616460CD0B5F1FC
:10FC1000007F09D0AA2D07D0B5F52A4F04D0674838
:10FC200041F2EE01DAF746FA94F8413003F0280386
:10FC3000282B02D00120BDE8F081002F5BD0002EE0
:10FC400059D0216894F841300B6823F0FC030B6015
:10FC500094F84030012B00F0AE8094F8413001223E
:10FC6000292B84F8402094F8413048D02A2BE06BAF
:10FC7000DAB263D02A2384F841304FF00008202301
:10FC800084F84230C4F844804B684D4A23F4004362
:10FC90004B606685638D67629BB2E5622385626314
:10FCA00000287BD0474DC563474DC0F84080C0F861
:10FCB00050803A462431C564FCF7AEFC002850D190
:10FCC000628D218D2368521A92B2628599699A6970
:10FCD0002085D50303D40A0744BF0822DA61002235
:10FCE00084F840201A6842F400421A601A6842F010
:10FCF000FC021A609FE74FF4007363649AE703F015
:10FD00002803282B0B6814BF6FF0F2026FF0420239
:10FD100013400B600B685A0421D5A06BF8B10B6837
:10FD200023F480430B60294B0365FCF711FDA8B158
:10FD3000A06B036D98472168E06B9BE70B681B0481
:10FD400098D50B6823F400430B60B0B11F4B0365DB
:10FD5000FCF7FEFC10B1E06B036D98472168E06B87
:10FD600088E7282384F8413084F84280636C84F863
:10FD7000408043F0100363645CE7202384F8412053
:10FD800084F8423060644B6823F400434B6066851E
:10FD9000628D0B4B67622285E56263630022282334
:10FDA00084F8413084F84220636C84F8402043F0AA
:10FDB000800363643EE702203DE700BF5448050826
:10FDC000ED12030891000308350C0308BD01030878
:10FDD00090F84130202B01D002207047026805497D
:10FDE000282380F841301368416343F0B8030020B2
:10FDF000136070478514030890F84130282B01D018
:10FE00000220704710B490F8411090F84220046826
:10FE100001F0030100230A432021026380F841100E
:10FE200080F842302268436322F0B802226018460C
:10FE30005DF8044B704700BF38B590F84230102B86
:10FE40003CD190F84030012B044639D090F8413035
:10FE50000122212B80F840200D46026844D090F802
:10FE60004130222B2ED0284B60219A4284F8411039
:10FE700005D0264841F6B141DAF71CF922685368EB
:10FE80002348C5F30901034019432248636B41F03D
:10FE9000007141F4A03100258342516084F8405044
:10FEA00020D01D498B421DD01C498B4214BF2023FA
:10FEB000602311680B430020136038BD012038BD5A
:10FEC000022038BD90F84110136801F0280128295C
:10FED00014BF6FF0F4016FF044010B401221136066
:10FEE0000163C0E76023E4E790F84110136801F074
:10FEF0002801282914BF6FF0F2016FF042010B4076
:10FF0000112113600163AEE700600040544805080A
:10FF1000009800FC51090308ED120308E1060308EC
:10FF20000268436B9169126803B11847704700BFBC
:10FF3000704700BF704700BF704700BF704700BFE9
:10FF4000016808B50B68002280F842205A0424D5C5
:10FF50000B6823F480430B6090F84130292B26D0A6
:10FF600090F841302A2B00D008BD2822222380F8A7
:10FF70004120036390F841300A6803F02803282BDE
:10FF800014BF6FF0F4036FF04403134000220B60C2
:10FF900080F84020FFF7D2FF08BD1B04DCD50B68BA
:10FFA00023F400430B6090F84130292BD8D128224C
:10FFB000212380F84120036390F841300A6803F060
:10FFC0002803282B14BF6FF0F2036FF04203134095
:10FFD00000220B6080F84020FFF7AEFF08BD00BF95
:10FFE000806B08B5C36A33F0807300D008BD026827
:10FFF000116821F480411160116880F842304B048F
:020000040803EF
:1000000023D5136823F48043136090F84130292BE3
:1000100025D090F841302A2BE8D12821222380F8DE
:100020004110036390F84130116803F02803282B36
:1000300014BF6FF0F4036FF044030B400021136012
:1000400080F84010FFF77AFF08BD0B04DDD5136878
:1000500023F40043136090F84130292BD9D1282193
:10006000212380F84110036390F84130116803F0B8
:100070002803282B14BF6FF0F2036FF042030B40EC
:100080000021136080F84010FFF756FF08BD00BF45
:10009000806B08B5C36BC26A1B685B6813B912F545
:1000A000803F00D108BD0268116821F40041116051
:1000B000116880F842304B0425D40B0403D5136833
:1000C00023F40043136090F84130292B20D090F89E
:1000D00041302A2BE6D12821222380F841100363E6
:1000E00090F84130116803F02803282B14BF6FF0FB
:1000F000F4036FF044030B400021136080F84010BC
:10010000FFF71CFF08BD136823F480431360DAE790
:100110002821212380F84110036390F841301168B1
:1001200003F02803282B14BF6FF0F2036FF0420393
:100130000B400021136080F84010FFF7FDFE08BD62
:10014000704700BF70B50468C368A169A269A5685B
:10015000E668120C022B8446C1F3004102F0FE0255
:100160000FD182EAD51313F00603C5F3090206D1B5
:10017000856C01358564856C022D0CD070BD06F050
:10018000FE02236823F0B803236000238CF840307C
:10019000FFF7D6FF70BD08258364E56180F8403025
:1001A000FFF7CEFF70BD00BF704700BF704700BFB4
:1001B000704700BF704700BF704700BF806B08B535
:1001C000836B0BB100221A65C36B0BB100221A6559
:1001D00090F84130602B4FF0000305D0036380F8A6
:1001E0004030FFF7E7FF08BD202280F8412080F86B
:1001F00040300363FFF7E0FF08BD00BF10B50446C1
:10020000554A94F84130002084F84200E26260854B
:10021000626C1143A3F128026164022A236894F8F6
:10022000412062D894F8410002F02802282A00F008
:10023000280018BF6FF0F6011A6808BF6FF046017A
:10024000282818BF6FF0F6010A40282043491A6099
:1002500084F84100A06B226B616318B1112A14D09D
:10026000212A12D0E06B18B1122A24D0222A22D0DF
:1002700094F84130602B4FF0000363D0236384F87F
:1002800040302046FFF796FF10BD1A68510454D441
:10029000FCF766FC0128EBD0A06B314A0265002315
:1002A00084F84030FCF754FA0028EDD0A06BBDE88C
:1002B0001040036D18471A68120403D51A6822F417
:1002C00000421A60FCF74CFC0128D1D0E06B244AB4
:1002D0000265002384F84030FCF73AFA0028D3D0B6
:1002E000E06BBDE81040036D184794F841201A6890
:1002F00022F0FE021A609A69920748BF98629A69D2
:10030000D10703D49A6942F001029A6194F841201E
:10031000602A10D0202284F841209A6992060AD5DA
:100320009A69D00605D51022DA61626C42F00402A7
:1003300062642022DA6100218CE71A6822F480428C
:100340001A60A5E7202284F8412084F84030236316
:100350002046FFF731FF10BD0000FFFF85140308A2
:10036000BD01030830B50368202283B0DA6190F83C
:100370004120212A90F841204ED0222A35D05A68B7
:100380003E4C002522405A603D4C4563CD06C46278
:1003900005D51022DA61426C42F00402426490F802
:1003A0004120602A31D09A69910744BF00229A62A5
:1003B0009A69D20703D49A6942F001029A61436CA8
:1003C00090F84120602A0AD04BB990F84120212AA8
:1003D0003FD090F84120222A2CD003B030BD416C90
:1003E00003B0BDE83040FFF709BF90F841201C681A
:1003F00002F02802282A14BF6FF0F4026FF04402C2
:10040000224012241A600463B9E74C07CBD55A6A1C
:10041000D2B20192019AC6E702F028021C68282A8B
:1004200014BF6FF0F2026FF04202224011241A60F2
:100430000463A4E7202280F84120036390F842205F
:1004400080F84030402A80F8423014D0FFF772FD27
:10045000C3E7202280F84120036390F8422080F80F
:100460004030402A80F8423002D0FFF761FDB4E707
:10047000FFF79CFEB1E7FFF79BFEAEE700E800FE4A
:100480000000FFFF2DE9F84390F84030012B00F009
:10049000CA80012380F84030CB0604460D4616463C
:1004A0001AD5D70618D503681022DA61426C42F0DB
:1004B000040242649A69900744BF00229A629A69D2
:1004C000D1077DD5AA0602D5B30600F1A78000208A
:1004D00084F84000BDE8F8836A0717D46F0628D473
:1004E000A8073CD5B2073AD5638D9BB2002BE9D063
:1004F000626A236812F8011B9962638D218D626222
:10050000013B01399BB221856385DBE77307E5D5A4
:100510002268636A526A1A70626A638D0132013B13
:100520006262228D9BB26385531E25F004052385EC
:10053000C8E72B0615D47106C4D5638D9BB2002B7A
:1005400067D12268536813F00073BBD1E16A11F5DB
:10055000803F3ED1536843F480435360B2E72F0697
:10056000B0D57006AED5638D22689BB2002B2CD01F
:10057000238D53BB5768638D9BB2FF2BC7F30907CD
:1005800069D99369C3F30043002B524B0BBFFF2182
:1005900001214FF47F084FF480389A42218505D01D
:1005A0004D4841F6B141D9F785FD226853684B4962
:1005B0000B403B4343EA080343F08073536081E7F9
:1005C0009A6942F001029A617CE7536813F0007364
:1005D0001FD184F8423094F84110636321294FF011
:1005E000200184F8411021D01221216394F8411098
:1005F000106801F02801282914BF6FF0F4016FF092
:10060000440101401160204684F84030FFF792FC1D
:1006100058E740212046FFF7F1FD53E729462046E1
:10062000FFF7A0FE53E70220BDE8F8831121216304
:1006300094F84110106801F02801282914BF6FF0C8
:10064000F2016FF0420101401160204684F8403011
:10065000FFF76EFC36E7638DE16A9BB211F5803FD0
:10066000238522D05FFA83F91A4BD4F82C809A4262
:1006700004D0194841F6B141D9F71CFD38F0807318
:1006800007D0B8F1007F04D0134841F6B241D9F742
:1006900011FD216811484A6848EA09433B4323F0A9
:1006A0000043024013434B600CE75FFA83F8094BA9
:1006B0009A4205D0084841F6B141D9F7FBFC2268BF
:1006C000536806490B4043EA08433B4343F0007339
:1006D0005360F7E60060004054480508009C00FCA9
:1006E000F8B590F84030012B00F0E4800123044677
:1006F00080F84030C80629D5D30627D523688B4813
:100700001022DA61616C626B41F004018242616423
:1007100000F0CE8086498A4200F0CA8085498A422C
:1007200014BF2022602219680A431A609A69970749
:1007300044BF00229A629A69D60703D49A6942F0AC
:1007400001029A61002084F84000F8BD8D0742D470
:100750000B064CD557064CD594F84110236801F090
:1007600028011A68282914BF6FF0F2016FF04201C6
:100770000A401A601A6842F090021A60628D92B2C2
:10078000002A00F09980628D92B2FF2A40F2B88070
:100790009A69E56CC2F30042002A674A0BBFFF2149
:1007A00001214FF47F064FF4803693422185ADB28C
:1007B00006D041F6B1416148D9F77CFC2368218D10
:1007C0005868C5F309025E4D28400243324342F0A7
:1007D00080725A6059E09007BAD52268216D916203
:1007E0004FF0FF330020236584F84000ADE74D064D
:1007F00007D48E06A6D59306A4D52046FFF7B2FDF2
:10080000A0E75006F5D594F8412023684D4E1968AD
:1008100002F02802282A14BF6FF0F2026FF04202A1
:100820000A401A601A6842F090021A6094F8411067
:10083000454A222918BF1646628D92B2FF2A40D936
:100840009A69E56CC2F30042002A3B4A0BBFFF21C4
:1008500001214FF47F074FF4803793422185ADB2D9
:1008600006D041F6B1413548D9F724FC2368218DE3
:100870005868C5F309023243344D3A4322F000422E
:100880002840024342F080725A60628D521A92B23E
:10089000628594F84120222A1A684FF000000CBFAC
:1008A00042F4004242F480421A6084F840004CE76F
:1008B000602238E70220F8BD40212046FFF79EFC69
:1008C00040E7618D1C4AE56C89B293422185ADB247
:1008D000CFB206D041F6B1411848D9F7EBFB2368F7
:1008E000218DC5F3090242EA07423243174D22F037
:1008F000004258682840024342F000725A60C4E740
:10090000618D0D4AE56C89B293422185ADB2CEB2BC
:1009100006D041F6B1410948D9F7CCFB2368218DB7
:10092000C5F3090242EA0642054DE2E75109030810
:10093000ED120308E1060308006000405448050872
:10094000009C00FC0024008000200080009800FC37
:10095000F8B590F84030012B00F09D800123CD06C2
:10096000044680F8403029D5D00627D52368AB4807
:100970001022DA61616C626B41F0040182426164B1
:1009800000F08780A6498A4200F08380A5498A4208
:1009900014BF2022602219680A431A609A699107DD
:1009A00044BF00229A629A69D20703D49A6942F03E
:1009B00001029A61002084F84000F8BD0B064AD578
:1009C00057065ED523681A6822F040021A60628DCD
:1009D00092B2002A61D05E68628D92B2FF2AC6F39D
:1009E000090600F28380618DE26A89B212F5803FC8
:1009F000218500F0D8808C4AE56A9342CFB204D0BA
:100A00008A4841F6B141D9F755FBB5F1807F4FEAED
:100A1000074705D0B5F1007F02D0002D40F0D3800C
:100A2000218D2368586845EA0702814D324322F040
:100A30000042284002435A60628D521A92B2628587
:100A400094F84120222A1A680CBF42F4004242F472
:100A500080421A60AEE74D0613D5500611D5638D5E
:100A60009BB2002B3DD12268536813F00073A1D1D3
:100A7000E16A11F5803F5ED1536843F480435360CF
:100A800098E78E0696D5930694D52046FFF76AFC24
:100A900090E760227FE70220F8BD5A6812F00072EA
:100AA0001FD184F8422094F8411021294FF02000F2
:100AB00061D0122184F84100216394F84110186834
:100AC000626301F02801282914BF6FF0F4016FF070
:100AD000440101401960204684F84020FFF72AFABB
:100AE00068E740212046FFF789FB63E79A6912F423
:100AF000803F4D4A0FD001219342218569D041F6B4
:100B0000B1414A48D9F7D6FA4FF48037218D23688E
:100B10004FF0807586E7FF21934221855ED041F634
:100B2000B1414248D9F7C6FA4FF47F07218D2368B7
:100B30004FF0807576E784F8423094F8411021290F
:100B40004FF020004FD0122184F84100216394F827
:100B500041101068636301F02801282914BF6FF069
:100B6000F4016FF0440101401160204684F84030E8
:100B7000FFF7E0F91EE7112184F84100216394F8A2
:100B800041101868626301F02801282914BF6FF032
:100B9000F2016FF0420101401960204684F84020C4
:100BA000FFF7C6F906E7204ACFB293424FEA07475C
:100BB00031D041F6B1411D48D9F77CFA4FF00075AC
:100BC000218D23682EE7194841F6B241D9F772FA10
:100BD00026E74FF480374FF0807523E74FF47F0707
:100BE0004FF080751EE7112184F84100216394F8CD
:100BF00041101068636301F02801282914BF6FF0C9
:100C0000F2016FF0420101401160204684F840304B
:100C1000FFF78EF9CEE64FF0007503E751090308A0
:100C2000ED120308E106030800600040544805087F
:100C3000009C00FC38B5856BAC6B24B123685C6804
:100C4000B4FA84F46409EB6B8BB11B685B6873B90D
:100C5000FBF78AFF022810D02A68536843F4004348
:100C6000284653601021BDE83840FFF7C7BAFBF7AC
:100C70007BFF022801D0002CEED138BD10B5846B6B
:100C80002268136823F480431360638D9BB28BB991
:100C9000636B1F498B420BD01E498B4208D01E4903
:100CA0008B4214BF2023602311680B43136010BDD7
:100CB0006023F9E7638D616A208D9BB20144FF2BAD
:100CC00061621AD8608D80B2034620852832A06BFD
:100CD000FBF7A2FCB0B9636B0D4A934210D00D4AEA
:100CE00093420DD00C4A9B1AB3FA83F35B099B0124
:100CF00021680A6813430B6010BDFF231846E4E720
:100D00004023F5E720461021BDE81040FFF776BAF2
:100D100051090308ED120308E106030810B5846BBE
:100D200021680B6823F400430B60638D9BB2A3B969
:100D3000636B244A93420BD0234A934208D0234A40
:100D4000934214BF202360230A6813430B6010BD35
:100D50000A68602313430B6010BD638D626A208DA7
:100D60009BB20244FF2B626205D98B69DB031DD560
:100D70000120034602E0608D80B2034620852431C5
:100D8000E06BFBF749FCB0B9636B0E4A934210D09D
:100D90000D4A93420DD00D4A9B1AB3FA83F35B09B7
:100DA0009B0121680A6813430B6010BDFF200346B6
:100DB000E4E74023F5E720461021BDE81040FFF7A7
:100DC0001DBA00BF51090308ED120308E10603082C
:100DD0002DE9F84390F84030012B00F0D480012336
:100DE000CF0604460D46164680F840301BD5D00687
:100DF00019D523681022DA61626C42F00402626441
:100E00009A69910744BF00229A629A69D20740F119
:100E1000AB80AA0602D5B30600F1B080002084F8AA
:100E20004000BDE8F8836B070ED4A8071FD5B207B2
:100E30001DD5236D2268013300F0C880236D9362B5
:100E40004FF0FF332365E4E77707EED52268636A46
:100E5000526A1A70626A638D0132013B6262228DAE
:100E60009BB26385531E25F004052385D1E72B062D
:100E700031D57706CDD5638D9BB2002B79D0238DEC
:100E8000002B76D1638D22689BB2FF2B40F2AB80A2
:100E90009369E76CC3F30043002B614B0BBFFF2149
:100EA00001214FF47F084FF480389A42BFB2218568
:100EB00005D05C4841F6B141D9F7FCF82268516889
:100EC0005948C7F3090301400B4343EA080343F0C1
:100ED000807353609DE768069BD5710699D594F899
:100EE000413022685148116803F02803282B14BFB1
:100EF0006FF0F2036FF042030B40136013684C492C
:100F000043F0F403136094F84170638D9BB2222F79
:100F10000CBF80468846FF2B38D99369E76CC3F332
:100F20000043002B3E4B0BBFFF2101214FF47F09F3
:100F30004FF480399A42BFB2218505D0394841F635
:100F4000B141D9F7B7F8226851683A48C7F30903A5
:100F500043EA080343EA090323F0004301400B433B
:100F600043F08073536054E79A6942F001029A613A
:100F70004FE740212046FFF741F94AE7294620463E
:100F8000FFF7F0F94AE70220BDE8F883638DE76CCC
:100F90009BB223855FFA83F9214B9A42BFB205D0F9
:100FA000204841F6B141D9F785F8226851682148B7
:100FB000C7F3090343EA094343EA080323F0004364
:100FC00001400B4343F00073536022E7616A238DB5
:100FD00011F8010B9062013B2385638D6162013B37
:100FE0009BB2638515E7638DE76C9BB223855FFA3F
:100FF00083F80B4B9A42BFB205D00A4841F6B14183
:10100000D9F758F8226851680748C7F3090343EA3B
:10101000084301400B4343F000735360F9E600BFFF
:101020000060004054480508009C00FC002400803B
:1010300000200080009800FC03689A69196810B4C9
:10104000D40529D50C0606D4416C11F00B0F1FD125
:101050005DF8044B7047416C41F0010141644FF46D
:1010600080745105DC6121D5416C4FF4806441F0FE
:10107000080192054164DC61E6D5426C4FF40071D1
:1010800042F002024264D961416C11F00B0FDFD0D3
:101090005DF8044BFFF7B2B8540502D50906E3D456
:1010A000D2E79405D0D50906E7D4CDE79205E4D47C
:1010B000CAE700BF70B5036804461868E56A94F88B
:1010C00041202026213ADE61092A0ED8DFE802F00D
:1010D0006F050D0D0D0D0DA26F0594F841201A68D6
:1010E00022F0FC021A60222222635A687D4E42F4EA
:1010F00000425A605A6832405A609A69920744BF67
:1011000000229A629A69D60703D49A6942F00102D2
:101110009A61420440F189801A6822F480421A6080
:10112000A26B1AB11268526892B262854A070AD558
:101130005A6A636A1A70636A01336362238D21F00D
:101140000401002B5FD1638D9BB21BB1636C43F034
:1011500004036364CE0601D5C00631D4002684F8AA
:101160004260656C6663002D6BD1E36A5E4EB342EC
:101170000FD194F8413084F84050222B4FF02003D7
:1011800084F841302046256300F08C80FEF7D4FEC1
:1011900070BD2046FEF7D4FE2023E66284F840505E
:1011A00084F8413020462563FEF7FEFF70BD94F8B9
:1011B00041201A6822F0FA021A602122226394E781
:1011C000638D22689BB2002B5DD194F841102829D1
:1011D0006BD094F84130292B4FF01003D361BDD16F
:1011E00015F5803FBAD09369990744BF00239362F5
:1011F0009369DB0703D4936943F0010393612046AD
:10120000FEF79EFEAAE7013B2385638D013B9BB25F
:10121000638598E794F8412094F841201A6822F0F9
:10122000FE021A60002222635FE706047FF57EAFAC
:101230001A6822F400421A60E26B002A7FF472AF4F
:1012400074E7616C2046FEF7D9FF94F84130282BF3
:101250009ED123682449E1622022266384F841203C
:1012600084F8426094F8412094F841201A6866633B
:10127000102122F0FE021A602046D96184F84060F5
:10128000FEF792FF70BD1023D361636C43F004033B
:10129000636435F080737FF461AF616C2046FEF7C4
:1012A000ADFF5BE7FEF74AFE70BDB5F1007F90D160
:1012B0000D48E0622021236384F8411084F8423015
:1012C00094F8411094F8411011686363102021F0E4
:1012D000FE011160D061204684F84030FEF764FFC3
:1012E0003CE700BF00E800FE0000FFFF38B590F8C3
:1012F00040C0C56ABCF1010F5AD04FF0010C11F08B
:10130000200F04460B4680F840C002D012F0200F98
:101310002DD1D8061DD5D1061BD5500421682CD55A
:10132000E06B10B1120400F18C80A26B52B3126812
:1013300052683ABB94F84120282A45D094F84130AD
:10134000292B4FF01003CB6168D0002084F84000B7
:1013500038BD1907F9D51307F7D594F8413003F0D4
:101360002803282B7CD023680822DA61EDE7FFF7F9
:10137000A1FE002084F84000EAE710041AD5E26BD1
:10138000002AD4D11023CB61636C43F0040363645F
:1013900094F8413035F08072DBB2D6D1213B092B75
:1013A0000DD8DFE803F00A5A0C0C0C0C0C0C0A5A8E
:1013B000022038BD1023CB61C7E721232363616C72
:1013C0002046FEF71BFFC0E7B5F1007FB6D12C48E1
:1013D000E062002220205B072263626384F8410000
:1013E00084F8422009D5636A4A6A1A70636A228DBA
:1013F00001336362002A37D1216894F8413094F8B0
:1014000041300B68102023F0FE0300220B60C861FE
:10141000204684F84020FEF7C7FE96E715F5803F8A
:1014200093D08B699D0744BF00238B628B69D807DB
:1014300003D48B6943F001038B612046FEF780FDE6
:1014400083E702685268002A7FF46FAFA26B002A1C
:101450003FF470AF126852686CE722232363AEE753
:101460002046FEF76FFE70E7638D2168013B9BB25B
:101470006385636C013A43F0040322856364BCE72F
:101480000000FFFF38B590F840C0C56ABCF1010FFD
:101490006CD04FF0010C11F0200F04460B4680F881
:1014A00040C002D012F0200F5AD1D80615D5D1066F
:1014B00013D5628D216892B2002A59D194F8410067
:1014C00028287BD094F84130292B4FF01003CB61B2
:1014D00060D0002084F8400038BD59070DD41907AA
:1014E00029D5100727D594F8413003F02803282B7D
:1014F00060D023680822DA61EBE75007EFD5638DEF
:101500009BB26BB12268636A526A1A70638D616A1A
:10151000228D013B0131013A9BB2616222856385D4
:10152000638D9BB2002BD4D115F5803FD1D02046DE
:10153000FEF706FDCDE79907CBD59307C9D5638D97
:101540009BB21BB3616A236811F8012B9A62638D09
:10155000228D6162013B9BB2013A63852285B8E727
:10156000FFF7A8FD002084F84000B5E7022038BD51
:101570001023CB61636C43F00403636435F0807324
:10158000A7D1616C2046FEF739FEA2E735F08073E3
:101590009FD1CCE715F5803F9BD08B699D0744BF59
:1015A00000238B628B69D807C1D48B6943F0010398
:1015B0008B61BCE72046FEF7C5FD8AE7B5F1007FE9
:1015C00080D11948E0625B074FF02000226362631C
:1015D00084F8410084F8422008D5636A4A6A1A7088
:1015E000636A228D013363628AB9216894F84130BD
:1015F00094F841300B68102023F0FE0300220B60AA
:10160000C861204684F84020FEF7CEFD61E7638D77
:101610002168013B9BB26385636C013A43F004038C
:1016200022856364E2E700BF0000FFFF90F84100FD
:10163000704700BF90F84200704700BF406C704791
:1016400038B502681A4B9A4204460D4603D0194831
:101650005F21D8F72FFD35F4805303D01548602162
:10166000D8F728FD94F84130202BD9B21DD194F839
:101670004030012B19D02368242284F841201A68B5
:1016800022F001021A601A6822F480521A601A6865
:101690002A431A601A68002542F001021A6084F891
:1016A000411084F84050284638BD022038BD00BFA4
:1016B000006000400449050838B502681A4B9A4298
:1016C00004460D4603D019488D21D8F7F3FC0F2DA1
:1016D00024D894F84130202B5FFA83FC1CD194F875
:1016E0004030012B18D02368242284F841201A6846
:1016F00022F001021A601A6822F4706242EA05229E
:101700001A601A68002142F001021A6084F841C090
:1017100084F84010084638BD022038BD03488E21A9
:10172000D8F7C8FCD5E700BF0060004004490508B1
:1017300010B5830782B0044611D00B4B0B49002231
:1017400001925A6C42F480425A645B6C03F4804309
:101750000193019BCB6A2343CB6202B010BD0448C6
:10176000D421D8F7A7FCE8E7003802400038014050
:101770000449050810B5830782B0044612D00C4B0B
:101780000C49002201925A6C42F480425A645B6C0C
:1017900003F480430193019BCB6A23EA0403CB62E9
:1017A00002B010BD0448EB21D8F784FCE7E700BF86
:1017B0000038024000380140044905082DE9F04F87
:1017C0007C4B984283B006460F461FD003F58063DA
:1017D00098421BD003F58063984217D003F58063CD
:1017E000984213D003F5806398420FD003F58063CD
:1017F00098420BD003F58063984207D003F58063CD
:10180000984203D06C48AC21D8F754FC3B689AB29C
:10181000002A00F0CA80B3F5803F80F0C6807B6864
:10182000B3F5041F0CD000F2BF81B3F5881F07D0B9
:1018300000F2E781032B03D9113B012B00F2BE819B
:101840005C4BDFF894B19E424FF0000504D143E1B8
:101850000135102D00F0A6803B680124AC4004EA5D
:10186000030834EA0303F3D17A6802F003034FEA72
:10187000450A4FF00309591E09FA0AF901296FEACE
:10188000090940F23281032B22D0B968022900F203
:101890003F81F06801FA0AF100EA09000143022BD6
:1018A000F16015D1386910B10D2800F25981EC08AA
:1018B00006EB840405F00701D4F820C089004FF03E
:1018C0000F0E88400EFA01F12CEA0101014321625A
:1018D000316803FA0AF301EA09010B4312F4403FAD
:1018E0003360B5D000230193DBF8443043F48043E8
:1018F000CBF84430DBF8443003F48043019325F007
:10190000030303F1804303F59C3305F003040199BD
:101910009868A4000F21A14020EA010027498E42C7
:1019200000F05A8126498E4200F0638125498E429B
:1019300000F0638124498E4200F0688123498E4281
:1019400000F0688122498E420CBF06210721A14088
:10195000014399601F4B9B68D0026FEA08011D4844
:1019600054BF0B4048EA03038360C36819489402DC
:1019700054BF0B4048EA0303C36043689003154813
:1019800054BF0B4048EA030343600368D20305F1E8
:101990000105104A54BF0B4048EA0303102D1360A1
:1019A0007FF45AAF03B0BDE8F08F0348AD21D8F7FC
:1019B00081FB34E700000240B849050800040240FA
:1019C00000080240000C02400010024000140240D7
:1019D00000180240003C014000380240796801F0E4
:1019E00003034FEA450A4FF003085A1E08FA0AF8A3
:1019F000012A6FEA080840F29480032B24D0BA68C9
:101A0000022A00F2ED80F06802FA0AF208EA000009
:101A10000243022BF26017D13C69002C40F0AC80ED
:101A2000EA08920002F1804202F5003205F0070058
:101A3000D2F820C080004FF00F0E84400EFA00F064
:101A40002CEA000020431062326803FA0AF302EA2B
:101A50000802134311F4403F336039D0002301934F
:101A6000DBF8443043F48043CBF84430DBF84430B7
:101A700003F480430193019B25F0030303F18043AA
:101A800003F59C3305F003049A68A4000F20A040DE
:101A900022EA00029A60614BC8029B686FEA090261
:101AA0005BD413405D488C028360C36800F1918071
:101AB00013405A48C3604368880300F1878013408D
:101AC0005648CC03436003687DD41340534A1360E7
:101AD0000135102D3FF466AF3B680124AC4004EAA9
:101AE000030934EA0303F3D178E7F96803292BD813
:101AF000B06801FA0AF100EA09000143B1607068B8
:101B0000C2F3001120EA0400A94001437160BAE663
:101B1000D1214348D8F7CEFAD7E9012102F00303D7
:101B2000B7E6FA68032A36D8B06802FA0AF208EA79
:101B300000000243B2607068C1F3001220EA0400A2
:101B4000AA400243726058E7C0213548D8F7B2FA7C
:101B50007A68F96802F00303CAE743EA0903A1E7D8
:101B60000F283FF4A4AE2E48DE21D8F7A3FA7A68F6
:101B7000386902F003039AE60D2C7FF651AF0F2C63
:101B80003FF44EAFDE212648D8F794FA79683C69D5
:101B900001F0030344E7C0212148D8F78BFA7968A4
:101BA000FA6801F00303BFE7B3F5441F3FF448AE02
:101BB00023F48013B3F5081F3FF442AE1848AE215A
:101BC000D8F778FA3CE643EA09037FE749EA0303DA
:101BD00076E743EA09036CE70121A1400143B8E637
:101BE000D1210F48D8F766FAD7E9011201F00303B3
:101BF00009E70221A1400143ABE60321A1400143D3
:101C0000A7E6B3F5901F3FF41BAED7E70421A14030
:101C100001439EE60521A14001439AE6003C0140B4
:101C2000B84905082DE9F04F914B984283B004461E
:101C30000D4600F0AC8003F5806398421CD003F59C
:101C40008063984218D003F58063984214D003F55E
:101C50008063984210D003F5806398420CD003F55E
:101C60008063984208D003F58063984204D081488D
:101C70004FF49771D8F71EFA7F4F002301264FF0DB
:101C80000F094FF0030A02E00133102B34D006FA9B
:101C900003F232EA050102EA050CF5D123F0030153
:101CA00001F1804103F00300800001F59C3109FA45
:101CB00000F801907148D1F808E0844208EA0E0E5D
:101CC0001DD06F48844256D06E48844259D06E4829
:101CD000844200F0C180DFF8B4B15C4500F0C280FE
:101CE000DFF8ACB101985C450CBF4FF0060B4FF02C
:101CF000070B0BFA00F005E003B0BDE8F08F019888
:101D000006FA00F0704513D1386820EA0C003860FC
:101D1000786820EA0C007860F86820EA0C00F86027
:101D2000B86820EA0C00B860886820EA080088607B
:101D3000216858000AFA00F04FEAD30C21EA0001AA
:101D400004EB8C0C216003F00701DCF820E0890033
:101D500009FA01F12EEA0101CCF82010E16821EA2C
:101D60000001E160616821EA02026260A26822EA81
:101D70000002A26088E701984FF0020B0BFA00F016
:101D8000C0E701984FF0030B0BFA00F0BAE73A4FA7
:101D9000002301264FF00F0C4FF0030E02E0013339
:101DA000102BA9D006FA03F205EA0200AA43F6D1E5
:101DB00023F0030202F1804202F59C3203F003019A
:101DC000D2F8089089000CFA01F111EA090F6FEAC4
:101DD00000081DD1D7F8008028EA0008C7F8008065
:101DE000D7F8048028EA0008C7F80480D7F80C80E8
:101DF00028EA0008C7F80C80D7F8088028EA00080D
:101E0000C7F808806FEA0008906820EA0101916035
:101E1000226859000EFA01F122EA01022260DA0872
:101E2000920002F1804202F5003203F00700D2F87E
:101E3000209080000CFA00F029EA00001062E268AD
:101E400022EA0102E260626808EA02026260A268B5
:101E500022EA0102A260A2E701984FF0040B0BFAFC
:101E600000F04FE701984FF0050B0BFA00F049E73F
:101E700000000240B8490508003C0140000402404F
:101E800000080240000C0240001002400014024012
:101E90000018024038B505460C4629B103691942BD
:101EA00014BF0120002038BD03484FF4BE71D8F79D
:101EB00001F92B69204638BDB849050870B50646BA
:101EC00015460C4661B1012D03D805B92404B4614F
:101ED00070BD06484FF4CF71D8F7ECF8B46170BD0F
:101EE000024840F29D11D8F7E5F8ECE7B84905083B
:101EF00038B505460C4641B16B6904EA030224EA91
:101F0000030444EA0244AC6138BD03484FF4DB717A
:101F1000D8F7D0F8F0E700BFB849050830B583B06E
:101F20004FF48033044601930D4681B1019B2B434E
:101F30000193019BE361E561019BE361E369019327
:101F4000E06980F48030C0F3004003B030BD034846
:101F500040F2CF11D8F7AEF8E8E700BFB84905085E
:101F6000704700BF044A5169014200D1704708B56B
:101F70005061D8F719F808BD003C014030B504465F
:101F8000481C83B021D1236802E05A69550505D465
:101F90005A699207F9D5002003B030BD1A6842F49F
:101FA00000721A6000216FF4806020225861216362
:101FB00084F83D2084F83E10236C43F0040323642E
:101FC000002384F83C300120E6E720684569AD072E
:101FD0000346E0D440694005E0D4CDE90012F8F7AB
:101FE000A7FE019A0099831A9942206801D300291B
:101FF000ECD143699B07E9D400232022236384F8B2
:102000003D2084F83E30236C13432364D8E700BF9F
:1020100030B50446481C83B021D1236802E05A69D8
:10202000550505D45A691207F9D5002003B030BD13
:102030001A6842F400721A6000216FF48060202256
:102040005861216384F83D2084F83E10236C43F0EE
:1020500004032364002384F83C300120E6E7206871
:1020600045692D070346E0D440694005E0D4CDE939
:102070000012F8F75DFE019A0099831A99422068D0
:1020800001D30029ECD143691B07E9D400232022A6
:10209000236384F83D2084F83E30236C134323648B
:1020A000D8E700BF2DE9F041056884B006460A9CD8
:1020B0002868984640F48070631C1746286037D122
:1020C0006C69E407FCD501F0FE0129610B9A4FF021
:1020D000FF313046FFF752FF18B1012004B0BDE8D0
:1020E000F081336803905A6903929A690392039AC4
:1020F0005A69100642D45A695105F9D500226FF485
:10210000806020215861326386F83D1086F83E20B9
:10211000326C42F004023264326C0021042A86F8E8
:102120003C10DAD11A6842F400721A60D5E75CB14B
:102130006B69DB0734D40191F8F7FAFD0B9B356826
:102140000199C31A9C42F2D26B69D807F0D40022DD
:102150002023326386F83D3086F83E20336C86F8C3
:102160003C2043F0200333642B68DA0502D54FF49A
:1021700000733364032004B0BDE8F081B8F1010FAF
:1021800008D03A0A1A615A69140603D45A695005EC
:10219000F9D5B3E7FFB200201F6104B0BDE8F081BC
:1021A00001F0FE0129610B9A21463046FFF7E6FE59
:1021B000002892D1336803905A6903929A69039276
:1021C000039A5A69150619D45A69520596D4F8F734
:1021D000AFFD0B9BC31A9C42336801D3002CF0D196
:1021E0005A6912F08002ECD12021326386F83D104A
:1021F00086F83E20326C0A4332648DE7B8F1010F55
:10220000C8D03A0A1A615A691206C3D45A695105EC
:102210003FF574AFF8F78CFD0B9BC31A9C423368F3
:1022200001D3002CEFD15A6912F08002EBD1DBE729
:102230002DE9F043056898462B6885B043F4806328
:102240002B602B68DDF8309043F48073B9F1FF3FC9
:10225000064617462B603AD16C69E207FCD501F0BF
:10226000FE03CCB20D9A2B614FF0FF313046FFF7E1
:1022700085FE18B1012005B0BDE8F08303903068F9
:102280004369039383690393039B4369190667D4E6
:1022900043695A05F9D500236FF48061202241611A
:1022A000336386F83D2086F83E30336C43F00403F8
:1022B0003364336C0022042B86F83C20DAD10368A7
:1022C00043F400730360D5E7B9F1000F0BD06B69DD
:1022D000D8076DD40191F8F72BFD0D9B3568019956
:1022E000C31A9945F0D26B69DB07F0D40022202392
:1022F000326386F83D3086F83E20336C86F83C2009
:1023000043F0200333642B68DC0525D40320B2E7B7
:10231000036843F4807303604369DB073CD4F8F738
:1023200007FD0D9BC31A9945306802D3B9F1000F20
:10233000F2D14369D907EFD400222023326386F813
:102340003D3086F83E20336C86F83C2043F0200375
:1023500033640368DA05D9D54FF400733364D5E7E5
:10236000B8F1010F08D03B0A03614369190603D491
:1023700043695A05F9D58EE7FFB2076143691A062A
:1023800003D443695B05F9D585E7036843F480739B
:1023900003604369DD07FCD544F0010404610D9A34
:1023A00049463046FFF7EAFD003818BF012062E7D2
:1023B00001F0FE03CCB20D9A2B6149463046FFF77F
:1023C000DDFD00287FF456AF039030684369039326
:1023D00083690393039B43691D061BD443695B0513
:1023E0003FF559AFF8F7A4FC0D9BC31A9945306827
:1023F00002D3B9F1000FEED1436913F08003EAD1A3
:102400002022336386F83D2086F83E30336C134338
:1024100033644EE7B8F1010F17D03B0A03614369FB
:102420001D0612D443695B053FF535AFF8F780FC14
:102430000D9BC31A9945306802D3B9F1000FEED154
:10244000436913F08003EAD1DAE7FFB20761436919
:102450001F063FF55DAF436959053FF51CAFF8F71F
:1024600067FC0D9BC31A9945306802D3B9F1000F80
:10247000EDD1436913F08003E9D1C1E7704700BF94
:10248000002800F032810368994A934270B50446EF
:102490000CD002F58062934208D002F5806293422C
:1024A00004D0944840F2C911D7F704FE6368924AF9
:1024B000013B934200F20181A36833F4804340F072
:1024C000DA80E368B3F5806F80F0DF80236923F45E
:1024D0000043B3F5804F04D0864840F2CD11D7F7C2
:1024E000E9FD6369012B00F2D680A36933F0FE0396
:1024F00040F0DB80E36933F0400304D07D484FF4C3
:10250000E871D7F7D7FD236A33F0800340F0A1804C
:1025100094F83D3003F0FF02002B00F0A680236802
:10252000242284F83D201A6822F001021A601A68F9
:1025300042F400421A601A6822F400421A6004F061
:102540005DFE6E4B65689D4251D86D4B984240F2DE
:10255000B2806C4B6A00A3FB0035431EB3FBF2F361
:102560002268516821F03F0141EA95415160116AAA
:102570004FEA954C0CF1010C21F03F0141EA0C01AE
:102580001162D16940F6FC70013321F44F410342DE
:1025900021F0FF0140F0978004230B43D361D4E97D
:1025A00007301168034321F0C0010B4313609168A9
:1025B000D4E9030321F40341034321F0FF010B435A
:1025C0009360D4E90530D168034321F0FF010B4348
:1025D000D3601168002341F00101202011602364C1
:1025E00084F83D00236384F83E30184670BD464BA6
:1025F000984260D92268434B444EA3FB003C431EE3
:10260000506820F03F0040EA9C4050604FEA9C41F7
:102610004FF4967000FB01F1A6FB0161106A890975
:1026200020F03F00013101431162D169A06821F41B
:102630004F4121F0FF01002848D105EB4505B3FBD0
:10264000F5F30133C3F30B03002B4CD043F40043E9
:10265000A3E7284840F2D111D7F72CFD94F83D307C
:1026600003F0FF02002B7FF45AAF84F83C20204691
:10267000D7F790FA53E71F4840F2CB11D7F71AFD6E
:10268000E368B3F5806FFFF421AF1A484FF4E671A9
:10269000D7F710FD1AE717484FF4E771D7F70AFD8F
:1026A000A36933F0FE033FF425AF124840F2CF1187
:1026B000D7F700FD1EE7012070BD0E484FF4E5710D
:1026C000D7F7F8FCF8E6C3F30B0366E705EB8505DF
:1026D00005EB8505B3FBF5F30133C3F30B0313B12E
:1026E00043F4404359E7012357E70120704700BFF7
:1026F00000540040644A05087F1A0600A0860100C5
:102700007F841E0083DE1B43FF083D00D34D621013
:10271000704700BF40B30368144A934210B50446A3
:102720000DD002F58062934209D002F58062934297
:1027300005D00F4840F23921D7F7BCFC236824228A
:1027400084F83D201A6822F0010220461A60D7F76B
:10275000C7FA0023236484F83C3084F83D302363B7
:1027600084F83E30184610BD0120704700540040E8
:10277000644A05082DE9F047044682B099460A9F4D
:1027800088469246F8F7D4FA94F83D30202B04D0CE
:102790000225284602B0BDE8F08725680646AB69E9
:1027A0009B0717D5F8F7C4FA801B19282568F6D9B6
:1027B000AB69DB4313F00203F1D12022236384F8D9
:1027C0003D2084F83E30226C84F83C3042F02002F8
:1027D0002264DDE794F83C30012BD9D0012384F842
:1027E0003C302B68D80765D52B68864A23F40063F4
:1027F0002B60212384F83D30102384F83E300023E1
:102800002364A4F82A90638DE2622385E36AC4F806
:1028100024A0082B06D0012B04D0934202D0236BB6
:10282000122B03D12B6843F480732B60791C40F08A
:10283000C1806B69DA07FCD52369B3F5804F3ED1BF
:1028400008F0FE032B61324639462046FFF796FB1F
:102850000546002829D1236801905A6901929A6996
:10286000208D0192019A002869D07A1C79D15A6989
:10287000110638D45A695205F9D500226FF48060E8
:1028800020215861226384F83D1084F83E20226C98
:1028900042F004022264226C0021042A84F83C10D5
:1028A00003D11A6842F400721A600125284602B06A
:1028B000BDE8F0872B6843F001032B6094E74FEAF3
:1028C000E81303F0060343F0F0032B613246394668
:1028D0002046FFF79DFB0028E7D122685FFA88F3C6
:1028E0001361B0E7208DD4F824C0614611F8012BA4
:1028F0001A61628D6162013A92B262855969421E23
:1029000092B2490722850CD55AB19CF801201A6170
:102910000CF102026262628D013A023892B22085A5
:102920006285781C2BD15A69510705D45A69520522
:10293000A3D45A695107F9D5208D002897D11A6878
:10294000002142F4007220201A6084F83D0084F8CF
:102950003C1084F83E101CE71FB95A6912F080023F
:102960001ED05A691006BDD45A69520585D4F8F7AD
:10297000DFF9831B9F422368EFD3EDE767B15A6904
:1029800051073BD45A6950053FF577AFF8F7D0F9B6
:10299000831B9F422368F1D25A6912F00402EED1E0
:1029A0002021226384F83D1084F83E20226C0A43E3
:1029B000226470E76B69D9073FF53EAFF8F7B8F9C5
:1029C000831B9F42256801D3002FF3D16B69DB077E
:1029D000F0D400222023226384F83D3084F83E2086
:1029E000236C84F83C2043F0200323642B68D80533
:1029F0007FF55BAF4FF40073236456E7208D00280A
:102A0000AFD19CE70000FFFF2DE9F043044687B0FB
:102A100098460E9E0F469146F8F78AF994F83D3095
:102A2000202B04D00227384607B0BDE8F0830546C6
:102A3000206883699B0717D5F8F77AF9401B192896
:102A40002068F6D98369DB4313F00203F1D1202219
:102A5000236384F83D2084F83E30226C84F83C30B7
:102A600042F020022264DDE794F83C30012BD9D0FB
:102A7000012384F83C300368D90753D503689C4A86
:102A800023F400630360222384F83D30102384F88C
:102A90003E3000232364A4F82A80638DE262E26A58
:102AA00023850368C4F8249043F48063082A0360F4
:102AB00007D0012A05D012F5803F02D0236B112BDD
:102AC00003D1036843F480730360721C40F02081DB
:102AD0004369DB07FCD52369B3F5804F27D147F065
:102AE0000103DBB203612A4631462046FFF746FA6E
:102AF0000746002833D1228D2368002A34D1019063
:102B00005A6901929A690192019A1A6842F4007214
:102B10001A600023202284F83D2084F83C3084F899
:102B20003E3080E7036843F001030360A6E74FEA05
:102B3000E71808F0060848F0F00303612A4631461A
:102B40002046FFF765FA50B92368FFB21F612A4695
:102B500031462046FFF712FA002800F0B380012723
:102B6000384607B0BDE8F083012A196800F07C817F
:102B7000022A00F0BF8041F4806119600490596915
:102B80000491996904910499032A47D8012A00F015
:102B90004281022A00F01681711C67D15A695207DE
:102BA000FCD51A68616A22F480621A601B690B7096
:102BB000638D616A228D013B9BB2013A01316385CD
:102BC000731C2285616222686CD153695807FCD559
:102BD000136843F40073136013690B70638D228DC7
:102BE000606A2168013B9BB263850969531E00F14D
:102BF000010C2385C4F824C04170228D638D616A65
:102C0000013A013B013192B29BB261622285638538
:102C1000002A3FF47EAF032A2368B7D95A695206C7
:102C200000F1A780002E00F0A0800CE0F8F780F8FB
:102C3000401B8642236802D25A69510624D55A693C
:102C4000520600F196805A69D006EFD500226FF047
:102C5000100020215861226384F83D1084F83E2042
:102C6000236C236484F83C20012779E75A695207D2
:102C700097D4F8F75DF8431B9E42236801D3002EDA
:102C8000F4D15A695107F1D400222023226384F839
:102C90003D3084F83E20236C84F83C2043F0200330
:102CA00023645CE753695B0700F1EC80F8F740F8B8
:102CB000431B9E42226801D3002EF3D1536959076A
:102CC000F0D4E1E722680590536905939369059371
:102CD000059B1368711C43F48073136040F0D4802B
:102CE0005369DB07FCD548F0F1031361FBE600BF35
:102CF0000000FFFF21F480611960196841F4006150
:102D000019600390596903919969039103993BE70D
:102D10004369DB073FF5DFAEF8F70AF8431B9E4235
:102D2000206801D3002EF3D14369D907F0D40022E3
:102D30002023226384F83D3084F83E20236C84F8FD
:102D40003C2043F0200323640368DA057FF507AFD6
:102D50004FF40073236402E7F7F7EAFF23685A6928
:102D6000510691D55A69520603D45A69D006F3D553
:102D70006CE7626A1B691370638D2168228D606A3B
:102D8000013B9BB263854B69013A92B200F1010CA1
:102D90005B072285C4F824C07FF53AAF032A03D12C
:102DA0000B6823F480630B600B694370636A228DA8
:102DB00001336362638D013A013B92B29BB222857B
:102DC000638525E7701C17D15A695107FCD51A682D
:102DD00042F400721A601A69636A1A70638D626A3B
:102DE000013B9BB26385238D013B23852368511CE6
:102DF0001B6961625370D9E75A695007E7D4F7F746
:102E000097FF431B9E42236801D3002EF4D15A69D9
:102E10005207F1D438E75A69500621D4E6B10CE0E4
:102E2000F7F786FF401BB042236803D95A69520660
:102E30007FF52AAF5A69500612D45A69D1063FF578
:102E400005AFEDE7F7F774FF23685A6952067FF57F
:102E50001BAF5A69500603D45A69D106F2D5F5E67C
:102E60001A69636A1A70A1E721F4806119600290FF
:102E700059690291996902910299196841F40071A6
:102E8000196081E6616AA3E65369D9073FF52BAF64
:102E9000F7F74EFF431B9E42226801D3002EF3D169
:102EA0005369DF07F0D400212023216384F83D30EB
:102EB00084F83E10236C84F83C1043F02003236414
:102EC0001368D8053FF544AF49E600BF2DE9F0434C
:102ED000044683B098460E461746F7F729FF94F844
:102EE0003D30202B40F0BF80002E56D0002F54D014
:102EF00094F83C30012B00F0B6800123256884F85B
:102F00003C302B688146D80740F1B1802B6823F410
:102F100000632B60212384F83D30202384F83E3069
:102F2000002323646785638D23858E4BE3622B68C2
:102F3000666243F48063B8F1FF3F2B6040F09C80F1
:102F40006A69D24312F00202FAD100926B690093CF
:102F5000AB6900932369009AB3F5404F55D0238D98
:102F6000002B3FD06B691E0619D46B695805F9D543
:102F700000236FF4806120226961236384F83D207F
:102F800084F83E30236C43F004032364002384F868
:102F90003C302B6823F480632B60012064E0606A7E
:102FA000B4F828C001460CF1FF3211F8013B2B6147
:102FB000638D013B9BB263856B69616292B2590775
:102FC00022850DD572B143782B61638DACF1020C73
:102FD000013B1FFA8CF202309BB26062638522854E
:102FE000002ABFD16B695905FCD56FF480636B6112
:102FF0002B68002023F4806320222B6084F83D207E
:1030000084F83C0084F83E002EE06B699A07FCD5FA
:10301000002301936B690193AB690193238D019A9E
:10302000002B49D0B8F1FF3F9CD06B691F0657D4E5
:103030006B695B059CD4F7F77BFEA0EB0903984511
:10304000256802D3B8F1000FEFD16B6913F080034C
:10305000EBD12022236384F83D2084F83E30236C9A
:103060001343236492E7022003B0BDE8F0832B688A
:1030700043F001032B6049E76B69DB4313F0020364
:103080004FD0F7F755FEA0EB09039845256802D30A
:10309000B8F1000FF0D16B699907EDD4002220231D
:1030A000226384F83D3084F83E20236C84F83C2071
:1030B00043F02003236470E7B8F1FF3F92D06B69BF
:1030C0005B0592D4F7F734FEA0EB09039845256819
:1030D00002D3B8F1000FF2D16B695A05EFD4DDE7E6
:1030E000616A208D0B46421E13F8016B2E616362EC
:1030F000638D013B9BB263856B6992B25E0722854B
:103100000CD5002ADBD04B782B61638D0238013B54
:1031100082B202319BB2616222856385002A84D12A
:10312000CDE700936B690093AB6900932369009A24
:10313000B3F5404F11D16B699F073FF569AFF7F7C2
:10314000F7FDA0EB09039845256802D3B8F1000FFD
:10315000F1D16B699B07EED4A0E7238D002B7FF4A0
:1031600064AFACE70000FFFF2DE9F043054683B0F4
:103170001E4688469146F7F7DBFD95F83D30202B3B
:1031800040F08F80B8F1000F59D0B9F1000F56D040
:1031900095F83C30012B00F0848001232C6885F8E1
:1031A0003C3023680746D80740F18E80236823F41B
:1031B00000632360222385F83D30202385F83E30CC
:1031C00000232B64A5F82A906B8D2B858B4BEB622B
:1031D0002368C5F8248043F48063711C236040F0A9
:1031E000D6806269D24312F00202FAD1009263697A
:1031F0000093A3690093009A2B8D002B34D0636950
:103200005B061ED46369D8063ED4F7F791FDC01B58
:1032100086422C68F3D263695906F0D40023202239
:103220002B6385F83D2085F83E302B6C13432B64CF
:10323000002385F83C30236823F480632360012059
:1032400030E06B6A22691A706A8D696A2C68013AEB
:103250004B1C92B26B626A852B8D6269013B9BB2FB
:1032600052072B85C9D503BB6369DB0631D463697B
:103270005A057DD4F7F75CFDC31B9E422C68F3D240
:103280006369DB06F0D4C9E700236FF01001202248
:1032900061612B6385F83D2085F83E302B6C2B64F3
:1032A000C6E7022003B0BDE8F08323694B702B8D85
:1032B0006A8D696A2C68013B013A01319BB292B276
:1032C00069626A852B8598E7236843F001032360D0
:1032D0006CE70023019362690192226842F00102C7
:1032E0002260019A2268202122F48062226018461E
:1032F00085F83D1085F83C3085F83E30D2E70093E4
:1033000063690093A36900932B8D009A002B6DD005
:1033100056B174E76369DB06B6D4F7F709FD2C688C
:1033200063695F067FF57AAF63695806F2D56B6A09
:1033300022691A706A8D2C682B8D696A013A92B2E3
:103340006A856269013B9BB2481C56072B856862FF
:1033500049D53BB139E0F7F7EBFC2C686369D90636
:103360007FF55CAF6369DA06B3D463695805F2D5BB
:1033700000236FF48061202261612B6385F83D207A
:1033800085F83E302B6C43F004032B6450E76369EF
:10339000DB4313F00203B2D0F7F7CAFCC31B9E4213
:1033A0002C6801D3002EF2D163699A07EFD4002272
:1033B00020232A6385F83D3085F83E202B6C85F864
:1033C0003C2043F020032B6439E723694B702B8D9D
:1033D0006A8D696A2C68013B013A01319BB292B255
:1033E00069622B856A85002B9ED1BBE76369D9068C
:1033F0003FF56FAF002EB8D039E700BF0000FFFFE8
:1034000010B582B08446002001909CF83D00202831
:1034100024D12D482D4C0068C008A4FB0040000AB0
:1034200000EB800000EB8000019004E0DCF800403D
:10343000A069800715D5019C013C019401980028E2
:10344000F4D12023CCF830008CF83D308CF83E00CD
:10345000DCF8403043F02003CCF84030022002B0CA
:1034600010BD9CF83C000128F8D02068C00703D4A8
:10347000206840F00100206020684FF0210E20F409
:10348000006020608CF83DE000204FF0100E8CF8BA
:103490003EE0CCF82420CCF840000D4AACF82A30AD
:1034A000BCF82A308CF83C00CCF82C20CCF8441026
:1034B000ACF82830636843F4E0636360236843F446
:1034C0008073236002B010BD0800002089B5F81495
:1034D0000000FFFF10B582B08446002001909CF8E8
:1034E0003D00202824D12F482F4C0068C008A4FBA1
:1034F0000040000A00EB800000EB8000019004E037
:10350000DCF80040A069800715D5019C013C0194BE
:1035100001980028F4D12023CCF830008CF83D30FD
:103520008CF83E00DCF8403043F02003CCF840300B
:10353000022002B010BD9CF83C000128F8D02068A1
:10354000C00703D4206840F00100206020684FF0DD
:10355000220E20F4006020608CF83DE000204FF047
:10356000100E8CF83EE0CCF82420CCF840000F4A36
:10357000ACF82A30BCF82A308CF83C00CCF82C206F
:10358000CCF84410ACF82830636843F4E06363601F
:10359000236843F480632360236843F480732360CB
:1035A00002B010BD0800002089B5F8140000FFFF2C
:1035B000034690F83D0020282FD161B35AB393F809
:1035C0003C00012829D030B41C682068C00703D40F
:1035D000206840F001002060206820F40060206036
:1035E000212083F83D000025202083F83E001D6443
:1035F0005A855A8D1A850A4ADA622268596242F45B
:103600008062226083F83C50636843F4E06328469C
:10361000636030BC7047012070470220704700BFD4
:103620000000FFFF034690F83D0020282FD161B332
:103630005AB393F83C00012829D030B41C682068A4
:10364000C00703D4206840F001002060206820F407
:1036500000602060222083F83D000025202083F8B0
:103660003E001D645A855A8D1A850A4ADA6222681C
:10367000596242F48062226083F83C50636843F4EC
:10368000E0632846636030BC704701207047022029
:10369000704700BF0000FFFFF0B583B00546002073
:1036A000019095F83D00202822D10E461146494A46
:1036B0001068494AC008A2FB0020000A00EB800005
:1036C00000EB8000019003E02C68A069800712D510
:1036D000019C013C019401980028F5D12023286326
:1036E00085F83D3085F83E002B6C43F020032B64B9
:1036F000022003B0F0BD95F83C20012AF8D0012249
:1037000085F83C202268D20703D4226842F00102E7
:103710002260226822F400622260212285F83D2086
:103720000027102285F83E202F646B856B8D2B4A75
:10373000EA629BB269622B856E6423B3686B0028D2
:103740003ED004F11002264CC463264C8764C0E9C5
:1037500010770765C464F8F75FFF18BB2B6885F81E
:103760003C005A6842F440725A605A6842F400625F
:103770005A601A6842F480621A601A6842F48072D1
:103780001A600020B5E7226842F480622260226855
:1037900042F48072226085F83C30636843F4E06351
:1037A0006360EEE7202385F83D3085F83E702B6C92
:1037B00043F010032B64002385F83C30012098E788
:1037C000202385F83D3085F83E002B6C43F08003C4
:1037D0002B64F0E70800002089B5F8140000FFFF13
:1037E00005570308BD56030870B582B00546002092
:1037F000019095F83D00202820D14948494C0068A7
:10380000C008A4FB0040000A00EB800000EB800031
:10381000019003E02C68A069860712D5019C013C49
:10382000019401980028F5D12023286385F83D30C4
:1038300085F83E002B6C43F020032B64022002B07D
:1038400070BD95F83C000128F8D0012085F83C00B7
:103850002068C00703D4206840F001002060206881
:1038600020F400602060222085F83D000026102012
:1038700085F83E002E646B856B8D2B48E8629BB209
:103880006A622B85696423B3A86B00283ED004F1DB
:103890001001264CC463264C8664C0E91066066598
:1038A000C464F8F7B9FE18BB2B681A6842F480624A
:1038B0001A601A6842F480721A6085F83C005A68EF
:1038C00042F440725A605A6842F400625A60002022
:1038D000B5E785F83C30636843F4E06363602368D0
:1038E00043F480632360236843F480732360EEE72E
:1038F000202385F83D3085F83E602B6C43F01003A3
:103900002B64002385F83C30012098E7202385F8BC
:103910003D3085F83E002B6C43F080032B64F0E7CC
:103920000800002089B5F8140000FFFF05570308C0
:10393000BD560308F8B590F83D30202B42D1002940
:103940004CD0002A4AD090F83C30012B044639D0A4
:103950000123076880F83C303B68DB0740D53B68B3
:10396000606B23F400633B6020262123002584F84C
:103970003D3084F83E6025646285638D214A616232
:103980009BB22385E26200282FD007F110021E4F60
:10399000C7631E4F8564C0E910550565C764F8F715
:1039A0003BFE88B923681A6842F480621A6084F882
:1039B0003C005A6842F440725A605A6842F400620D
:1039C0005A60F8BD0220F8BD84F83D6084F83E508E
:1039D000236C84F83C5043F0100323640120F8BDAD
:1039E0003B6843F001033B60B9E7282384F83D308E
:1039F00084F83E00236C84F83C0043F08003236489
:103A0000ECE700BF0000FFFF05570308BD560308A1
:103A1000F8B590F83D30202B43D100294DD0002A35
:103A20004BD090F83C30012B04463AD00123076874
:103A300080F83C303B68DB0741D53B68A06B23F442
:103A400000633B6020262223002584F83D3084F863
:103A50003E6025646285638D214A61629BB2238545
:103A6000E262002830D00A4607F110011D4FC763FB
:103A70001D4F8564C0E910550565C764F8F7CCFD96
:103A800088B923681A6842F480621A6084F83C009E
:103A90005A6842F440725A605A6842F400625A60AE
:103AA000F8BD0220F8BD84F83D6084F83E50236CD8
:103AB00084F83C5043F0100323640120F8BD3B68B8
:103AC00043F001033B60B8E7282384F83D3084F8D5
:103AD0003E00236C84F83C0043F080032364ECE751
:103AE0000000FFFF05570308BD5603082DE9F0430A
:103AF00083B01E46BDF82C9004460F469046F7F75B
:103B000017F9012E054601D0102E08D194F83D304A
:103B1000202B0DD00226304603B0BDE8F083854847
:103B200040F6CD11D6F7C6FA94F83D30202BF1D1EE
:103B3000206883699A0717D5F7F7FAF8401B192808
:103B40002068F6D98369DB4313F00203F1D1202208
:103B5000236384F83D2084F83E30226C84F83C30A6
:103B600042F020022264D5E794F83C30012BD1D0FA
:103B7000012384F83C300368DB076DD533460668C3
:103B800026F4006606600A9860620C980090212076
:103B9000019584F83D00402084F83E000020206418
:103BA000A4F82A90608D20856348E0624246394639
:103BB0002046FEF777FA064628BB228D2368002AA6
:103BC00000F0B3800C9A01325ED15A6910061CD401
:103BD0005A695105F9D500226FF48060202158619F
:103BE000226384F83D1084F83E20226C42F00402E7
:103BF0002264226C0021042A84F83C1003D11A6844
:103C000042F400721A60012685E7656A278D28460E
:103C1000791E10F8012B1A61628D013A92B2628509
:103C20005A69606289B25207218512D531B95A6941
:103C3000550744D45A695005F9D5CCE76A781A611A
:103C4000628D023F013AB9B2023592B265622185B6
:103C500062850029B9D1EAE7036843F001030360F4
:103C60008CE7606A278D0246791E12F801CBC3F8F3
:103C700010C06262628D013A92B262855A6989B25D
:103C80005207218528D441B35A691106E9D45A69EB
:103C90005005A0D4F7F74CF80C9A431B9A422CD24B
:103CA00023685A6912F08002EED12021226384F841
:103CB0003D1084F83E20226C0A43226499E71A687A
:103CC000002142F4007220201A6084F83D0084F83C
:103CD0003C1084F83E101EE799B95A695207EED499
:103CE0005A6951053FF577AFF7F722F80C9A431B55
:103CF0009A4214D39AB12368EFE7002AD0D0236800
:103D0000C2E742781A61628D023F013AB9B20230CD
:103D100092B26062218562850029B5D1DDE7236812
:103D20005A6912F00402D8D1BFE70C9A0132D4D1FB
:103D30007DE700BF644A05080000FFFF2DE9F0475A
:103D400086B01F46BDF83CA0109E044688469146AA
:103D5000F6F7EEFF012F054601D0102F08D194F899
:103D60003D30202B0DD00227384606B0BDE8F08745
:103D7000994840F64821D6F79DF994F83D30202B1C
:103D8000F1D1206883699B0717D5F6F7D1FF401B57
:103D900019282068F6D98369DB4313F00203F1D1B7
:103DA0002022236384F83D2084F83E30226C84F87E
:103DB0003C3042F020022264D5E794F83C30012BDD
:103DC000D1D0012384F83C300368D90761D53B4644
:103DD000076827F4006707600E9860622220CDE92B
:103DE000006584F83D00402084F83E0000202064F7
:103DF000A4F82AA0608D20857848E0624A464146B2
:103E00002046FEF715FA074600283DD1228D23688B
:103E1000002A43D102905A6902929A690292029A48
:103E20001A6842F400721A600023202284F83D20B0
:103E300084F83C3084F83E3096E75A69520600F127
:103E4000CF80002E00F0C3800DE0F6F771FF401B1D
:103E50008642236803D25A69510640F181805A692B
:103E6000520600F1BD805A69D006EED500226FF0EF
:103E7000100020215861226384F83D1084F83E2010
:103E8000236C236484F83C200127384606B0BDE843
:103E9000F087036843F00103036098E7012A00F00C
:103EA0001981022A7BD0059059690591996905917C
:103EB0000599032AC1D8012A00F0E380022A00F004
:103EC000B780711C3ED15A695207FCD51A68616AE5
:103ED00022F480621A601B690B70638D616A228D07
:103EE000013B9BB2013A01316385731C22856162FB
:103EF000226844D153695807FCD5136843F4007312
:103F0000136013690B70638D228D606A2168013B19
:103F10009BB263850969531E00F1010C2385C4F827
:103F200024C04170228D638D616A013A013B0131E9
:103F300092B29BB2616222856385002A3FF474AF1E
:103F40002368B6E75A695207C0D4F6F7F1FE431B5F
:103F50009E42236801D3002EF4D15A695107F1D44F
:103F600000222023226384F83D3084F83E20236C15
:103F700084F83C2043F020032364012785E753693C
:103F80005B0700F1B680F6F7D3FE431B9E42226822
:103F900001D3002EF3D153695907F0D4E0E7196833
:103FA00021F480611960196841F40061196004907E
:103FB000596904919969049104997AE7F6F7B8FE72
:103FC00023685A695106CBD55A69520608D45A69F2
:103FD000D006F3D54AE700BF644A05080000FFFF9A
:103FE000626A1B691370638D2168228D606A013BD0
:103FF0009BB263854B69013A92B200F1010C5B07F9
:104000002285C4F824C098D5032A03D10B6823F471
:1040100080630B600B694370636A228D01336362B6
:10402000638D013A013B92B29BB22285638584E79E
:10403000701C17D15A695107FCD51A6842F40072F6
:104040001A601A69636A1A70638D626A013B9BB2D7
:104050006385238D013B23852368511C1B696162A5
:104060005370D9E75A695007E7D4F6F761FE431B4E
:104070009E42236801D3002EF4D15A695207F1D42D
:104080006EE75A69500621D4E6B10CE0F6F750FE0F
:10409000401B8642236803D25A6952067FF560AFFF
:1040A0005A69500612D45A69D1063FF5DFAEEDE7E2
:1040B000F6F73EFE23685A6952067FF551AF5A69FA
:1040C000500603D45A69D106F2D5CFE61A69636A5D
:1040D0001A70A1E7196821F4806119600390596989
:1040E0000391996903910399196841F4007119606A
:1040F000DFE6616A01E700BF2DE9F0431E4683B0A9
:104100000023012EBDF82C900193054688461746E2
:1041100001D0102E28D195F83D30202B20D12E4BE8
:104120002E4A1B68DB08A2FB03231B0A03EB830355
:1041300003EB8303019303E02C68A069820719D580
:10414000019C013C019401980028F5D120232863AB
:1041500085F83D3085F83E002B6C43F020032B643E
:10416000022003B0BDE8F0831D4840F64331D5F787
:10417000A1FFD0E795F83C30012BF1D02368DB0795
:1041800003D4236843F0010323602368154923F413
:104190000063236021220A9B85F83D206B62402248
:1041A000002385F83E202B64A5F82A906A8DE962E9
:1041B000C5F84480AF64EE642B652A85226842F41A
:1041C0008072226085F83C301846636843F4E063EF
:1041D000636003B0BDE8F0830800002089B5F814DF
:1041E000644A05080000FFFF2DE9F0431E4683B036
:1041F0000023012EBDF82C900193054688461746F2
:1042000001D0102E28D195F83D30202B20D1314BF4
:10421000314A1B68DB08A2FB03231B0A03EB830361
:1042200003EB8303019303E028688469A20719D58F
:10423000019C013C019401980028F5D120232863BA
:1042400085F83D3085F83E002B6C43F020032B644D
:10425000022003B0BDE8F083204840F69831D5F73E
:1042600029FFD0E795F83C30012BF1D00368DB073C
:1042700003D4036843F0010303600368184923F47F
:10428000006303600A9B6B62222385F83D300022A5
:10429000402385F83E302A64A5F82A906B8DE962A8
:1042A000C5F84480AF64EE642A6501689BB241F4AE
:1042B00080612B850160016841F48071016085F89F
:1042C0003C201BB1436843F4E0634360002003B02B
:1042D000BDE8F0830800002089B5F814644A050899
:1042E0000000FFFF2DE9F04784B01E460023BDF813
:1042F00034A0029305460F469046F6F719FD012EAD
:10430000814601D0102E27D195F83D30202B1FD1AA
:104310005D4B5E4A1B68DB08A2FB03231B0A03EB11
:10432000830303EB8303029303E02A6893699907ED
:1043300018D5029C013C0294029B002BF5D120224F
:104340002B6385F83D2085F83E302B6C13432B649E
:10435000022004B0BDE8F0874D4840F6F731D5F7AC
:10436000A9FED1E795F83C30012BF1D0012385F867
:104370003C301368DB0703D4136843F00103136078
:104380001368444923F4006313600C9B6B62212380
:1043900085F83D300024402385F83E302C64A5F894
:1043A0002AA06B8DE9629BB26F642B85C5F84880AB
:1043B000EE642C65002B2ED0686B002844D0364963
:1043C000C1633649C164C0E910440C998464046532
:1043D0001032F8F721F9824650BB23200090CDF827
:1043E00004903346424639462846FDF75BFE0028D6
:1043F00036D12B6803905A6903929A69039285F823
:104400003C00039A5A6842F480725A605A6842F437
:1044100000625A609DE7202285F83D2085F83E30F5
:104420002A6C85F83C3042F040022A64012090E773
:10443000202385F83D3085F83E402B6C85F83C40C4
:1044400043F010032B64F1E7202385F83D3085F815
:104450003E002B6C85F83C0043F080032B64E5E7BD
:10446000686BF8F775F92B68696B1A68C1F83CA09E
:1044700022F480621A60A5F82AA01A68A5F828A07C
:1044800022F001021A60D1E70800002089B5F81473
:10449000644A05080000FFFF05570308BD560308DE
:1044A0002DE9F04786B01E46BDF83CA005460F46F4
:1044B0009046F6F73DFC0023012E8146039301D080
:1044C000102E27D195F83D30202B1FD16D4B6E4A11
:1044D0001B68DB08A2FB03231B0A03EB830303EB2C
:1044E0008303039303E029688B699A0718D5039C1B
:1044F000013C0394039B002BF5D120222B6385F80C
:104500003D2085F83E302B6C13432B64022006B00F
:10451000BDE8F0875D4840F6AC41D5F7CBFDD1E76B
:1045200095F83C30012BF1D0012385F83C300B6825
:10453000DB0703D40B6843F001030B600B68544A9C
:1045400023F400630B600E9B6B62222385F83D30E1
:104550000024402385F83E302C64A5F82AA06B8DFA
:10456000EA629BB26F642B85C5F84880EE642C65C7
:10457000002B37D0A86B00285ED0464AC263464A5B
:10458000C264C0E910440E9A846404651031F8F7DF
:1045900043F88246002842D123200090CDF80490B1
:1045A0003346424639462846FDF742FE00284FD1A1
:1045B0002A8D2B68012A5FD05A6842F480525A60D3
:1045C00000220492596904919969049185F83C206C
:1045D000049A5A6842F480725A605A6842F400623F
:1045E0005A601AE023230093CDF8049033464246E4
:1045F00039462846FDF71CFEE0B92B6805905A693C
:1046000005929A690592059A1A68202142F400726F
:104610001A6085F83D1085F83C00002077E72023DC
:1046200085F83D3085F83E402B6C85F83C4043F0E2
:1046300010032B6401206AE7202385F83D3085F8BC
:104640003E002B6C85F83C0043F080032B64F1E7BF
:10465000A86BF8F77DF82B68A96B1A68C1F83CA025
:1046600022F480621A60A5F82AA01A68A5F828A08A
:1046700022F001021A60DDE71A6822F480621A60F3
:104680009EE700BF0800002089B5F814644A0508B9
:104690000000FFFF05570308BD5603082DE9F0474A
:1046A000044682B01F4689469246F6F741FB94F8CD
:1046B0003D30202B03D0022002B0BDE8F0872368F4
:1046C00005469A69900717D5F6F732FB401B192863
:1046D0002368F6D99A69D24312F00202F1D120235D
:1046E000226384F83D3084F83E20236C84F83C201B
:1046F00043F020032364DEE794F83C20012ADAD05B
:10470000012284F83C201A68D10740F197801A688A
:104710006D4922F400621A602420002284F83D00D2
:1047200009F0FE0922649046E162A0261A6842F46C
:1047300080721A607A1C6ED15A69D507FCD5C3F80D
:104740001090F6F7F5FA236805465A69596994F806
:104750003D00A02802F0020201F4806118D00A4353
:1047600016D1002F43D001E00A4311D1F6F7E0FA49
:10477000401BB842236888BF84F83D6059695A6974
:1047800094F83D00A02801F0020102F48062EBD110
:10479000202284F83D205A6912F0020F1A6867D16E
:1047A0006FF4806142F400721A6059619A6992074D
:1047B0003BD5F6F7BDFA401B19282368F6D99A694C
:1047C000D24312F00202F1D12023226384F83D305B
:1047D00084F83E20236C43F020032364002301204F
:1047E00084F83C3002B0BDE8F0870A43D0D1F6F738
:1047F0009FFA236884F83D605A69596994F83D002E
:10480000A02802F0020201F48061EED1C0E717B9DE
:104810005A69D00717D55A69D20790D4F6F788FAA3
:10482000431B9F422368F3D3F1E708F10108D04509
:10483000FFF47CAF202384F83D30CFE71A6842F0C4
:1048400001021A6063E700212022216384F83D20E1
:1048500084F83E10226C84F83C1042F0200222645E
:104860001B68D90502D54FF400732364032023E7A6
:1048700042F4007200211A6001915A6901929A690A
:104880000192019A9B6998070DD5F6F751FA401BE2
:104890001928226804D99369DB4313F0020309D075
:1048A00093699907F1D40020202384F83D3084F8DF
:1048B0003C0001E72022236384F83D2084F83E3049
:1048C000236C1343236489E70000FFFF2DE9F047C1
:1048D00082B099460A9F0023202F00930546884600
:1048E000924601936ED8032F3FD9424B3A1FD340D3
:1048F000D8073DD595F83D30202B5FD12E68336821
:1049000099053BD4082F39D0012F37D095F83C308A
:10491000012B53D03368DB0760D5336823F4006381
:104920003360212385F83D30102385F83E30002385
:104930002B64A5F82A906A8DEF62C5F844802B6B32
:104940000093009BC5F824A0112B2A854BD0336817
:1049500043F480733360002085F83C00736843F4AF
:10496000E063736002B0BDE8F0877B1E012BC1D904
:10497000214840F6F651D5F79DFBBBE71F4B204A77
:104980001B68DB08A2FB03231B0A03EB830303EB77
:104990008303019302E0B0698207B7D5019C013C13
:1049A0000194019C002CF6D120232C6385F83D3026
:1049B00085F83E402B6C43F020032B64022002B0AC
:1049C000BDE8F087B7F52A0F94D0B7F12A4F91D000
:1049D000094840F6F651D5F76DFB8BE7336843F095
:1049E0000103336099E7B7F52A0FB0D0B7F12A4F2A
:1049F000B1D1ACE711100010644A0508080000208E
:104A000089B5F8142DE9F04782B09A460A9F002331
:104A1000202F0093054689469046019300F29B8023
:104A2000032F6BD9754B3A1FD340DE0769D595F834
:104A30003D30202B40F08B802E6833689C0566D477
:104A4000082F64D0012F62D095F83C30012B7ED026
:104A5000012385F83C303368D90740F18A803368F8
:104A600023F400633360212385F83D3000241023B4
:104A700085F83E302C64A5F82AA06B8DEF62C5F84E
:104A800044902A6BC5F824809BB22B850092002BA2
:104A900000F08280686B002870D006F11002584E3A
:104AA000C663584E046404654146C664F7F7B4FD16
:104AB000002840F084802B681A6842F480621A60F3
:104AC000009A112A00F08C801A6842F480721A60F1
:104AD000043F00221C2F85F83C2007D84A4AFA40A0
:104AE000D20703D55A6842F400625A605A6842F409
:104AF00040725A60002002B0BDE8F0877B1E012B97
:104B000095D9424840F65661D5F7D4FA8FE7404B25
:104B1000404A1B68DB08A2FB03231B0A03EB830349
:104B200003EB8303019302E0B06980078CD5019CFD
:104B3000013C019401980028F6D12023286385F8D0
:104B40003D3085F83E002B6C43F020032B6402209F
:104B500002B0BDE8F087B7F52A0F3FF468AFB7F1B0
:104B60002A4F3FF464AF294840F65661D5F7A2FAC0
:104B70005DE7336843F00103336070E7202385F875
:104B80003D3085F83E002B6C43F080032B640023FE
:104B900085F83C300120DBE7336843F48063336001
:104BA000009B112B15D0336843F4807333600023CE
:104BB00085F83C30736843F4E06373609AE7202320
:104BC00085F83D3085F83E402B6C43F010032B6494
:104BD000DDE7B7F52A0FE6D0B7F12A4FE7D1E2E7D4
:104BE000B7F52A0F03D0B7F12A4F7FF471AF1A68D7
:104BF00042F480721A6085F83C0077E711100010CB
:104C000005570308BD56030801100010644A050843
:104C10000800002089B5F8142DE9F04782B09946C4
:104C20000A9F0023202F0093054688469246019351
:104C30007AD8032F4BD9574B3A1FD340D80749D5C1
:104C400095F83D30202B6BD12E683368990547D4F9
:104C5000082F45D0012F43D095F83C30012B5FD071
:104C6000012385F83C303368DB0769D5336823F4CA
:104C700000633360222385F83D30102385F83E30F1
:104C800000232B64A5F82A906A8DEF62C5F8448052
:104C90002B6B00936B8DC5F824A09BB2022B2A8549
:104CA0005AD0336843F480633360009B122B4CD09E
:104CB0004FF4E062336843F480733360002085F87A
:104CC0003C0073681343736002B0BDE8F0877B1E3D
:104CD000012BB5D9304840F60A71D5F7EBF9AFE7AB
:104CE0002E4B2F4A1B68DB08A2FB03231B0A03EB96
:104CF000830303EB8303019302E0B0698207ABD522
:104D0000019C013C019401980028F6D120232863DE
:104D100085F83D3085F83E002B6C43F020032B6472
:104D2000022002B0BDE8F087B7F52A0F88D0B7F1AE
:104D30002A4F85D0184840F60A71D5F7BBF97FE7AE
:104D4000336843F00103336090E7B7F52A0FAFD023
:104D5000B7F12A4F0ED1ABE7202F01D0102FA0D1F1
:104D6000009B122B336808D043F480633360009BB0
:104D7000122B9DD14FF4E062A0E723F480633360EF
:104D8000336843F400633360009B122B4FF440728E
:104D900090D193E711100010644A05080800002024
:104DA00089B5F8142DE9F04683B09A460A9F00238E
:104DB000202F0093054689461646019300F2B280E3
:104DC000032F40F28180934B3A1FD340DA077ED500
:104DD00095F83D30202B40F0A18029680B689B0599
:104DE0007BD4082F79D0012F77D095F83C30012B58
:104DF00000F09480012385F83C300B68D80740F11F
:104E00009F800B6823F400630B604B6823F480538E
:104E10004B60222385F83D30102385F83E30002377
:104E20002B64A5F82AA06B8DEF62C5F844902A6B1D
:104E30006E629BB22B850092002B00F092806A8DEF
:104E400092B2022A00F081800A68202F42F4806228
:104E50000A6004D0B7F12A4F01D0102F03D14A685D
:104E600042F480524A60A86B002800F09B803246D2
:104E7000694EC6630024694E046410310465C6643B
:104E8000F7F7CAFB00287FD1009A2B68122A00F09E
:104E9000A2801A6842F480724FF440711A60043F95
:104EA00000221C2F85F83C2007D85D4AFA40D20723
:104EB00003D55A6842F400625A605A680A435A603D
:104EC000002003B0BDE8F0867B1E012B80D9554839
:104ED00040F68471D5F7EEF87AE7534B534A1B68D6
:104EE000DB08A2FB03231B0A03EB830303EB83030F
:104EF000019303E0886984077FF577AF019C013C4B
:104F0000019401980028F5D12023286385F83D30CD
:104F100085F83E002B6C43F020032B64022003B085
:104F2000BDE8F086B7F52A0F3FF452AFB7F12A4F2C
:104F30003FF44EAF3B4840F68471D5F7BBF847E7E6
:104F40000B6843F001030B605BE7202F34D0102F78
:104F500032D00A68B7F12A4F42F480620A6082D1E7
:104F60007DE70B6843F480630B60009B122B2BD012
:104F70000B6843F480730B60002385F83C304B686A
:104F800043F4E0634B609BE7202385F83D3085F8D0
:104F90003E402B6C43F010032B64002385F83C301B
:104FA0000120BCE7202385F83D3085F83E002B6CBE
:104FB00043F080032B64F0E7009A122A0A6813D0AA
:104FC00042F480620A604EE7B7F52A0FD0D0B7F1FD
:104FD0002A4FD1D1CCE7B7F52A0F11D0B7F12A4F1C
:104FE0000ED04FF480715AE722F480620A600A689A
:104FF00042F400620A604A6842F480524A6032E732
:105000001A6842F480721A60002285F83C204FF43E
:10501000407152E71110001005570308BD560308F0
:1050200001100010644A05080800002089B5F81432
:10503000F0B5202B83B01D4604460F46164648D8CF
:10504000032B35D91A1F2D4BD340D90733D594F8EC
:105050003D3003F02803282B38D1002F45D0002EF7
:1050600043D094F83C30012B30D023681A68D20723
:105070003ED51A6822F400621A60292284F83D2085
:105080000020202284F83E2020646685618DE56240
:1050900001905A6901929A69019284F83C00019A40
:1050A0005A68676242F4E06221855A6003B0F0BD3D
:1050B000013B012BCBD9124841F25601D4F7FAFF3C
:1050C00094F83D3003F02803282BC6D0022003B00B
:1050D000F0BDB3F52A0FBAD0B3F12A4FB7D00848C4
:1050E00041F25601D4F7E6FFEAE7012003B0F0BD34
:1050F0001A6842F001021A60BBE700BF11100010ED
:10510000644A05082DE9F043202B83B01D46044670
:105110000E46914669D8032B55D91A1F644BD340CC
:10512000DF0753D594F83D3003F02803282B58D1DE
:10513000002E46D0B9F1000F43D094F83C30012B3B
:105140004FD02268012384F83C30536823F4407325
:10515000536094F83D302A2B00F0878094F83D305E
:10516000606B292B6AD01368DB074AD5136823F4D8
:10517000006313604FF020082923002784F83D3096
:1051800084F83E802764A4F82A90638D66629BB2FF
:10519000E562238500287ED0464DC563464D0764F1
:1051A000076510323146C564F7F736FA70B384F8F4
:1051B0003D8084F83E70236C84F83C7043F010030B
:1051C000236401200EE0013B012BABD93B4841F2A7
:1051D0009A01D4F76FFF94F83D3003F02803282B91
:1051E000A6D0022003B0BDE8F083B3F52A0F99D012
:1051F000B3F12A4F96D0314841F29A01D4F75AFFC1
:10520000E9E7136843F001031360AFE723681A6806
:1052100042F480621A6001905A6901929A6901927F
:1052200084F83C00019A5A6842F440725A605A6805
:1052300042F400625A6003B0BDE8F0835368190578
:1052400091D5536823F40063536000288BD01C4B26
:105250000365F7F77DFA10B1606B036D984722681C
:105260001368606BDB0781D4CBE753681805F7D56B
:10527000A06B0028F4D0536823F400635360104BF4
:105280000365F7F765FA0028E9D0A06B036D98472E
:105290002268606B67E7282384F83D3084F83E007D
:1052A000236C84F83C0043F08003236489E700BF4B
:1052B0001110001005570308BD560308644A05087D
:1052C00025580308F0B5202B83B01D4604460F4631
:1052D000164648D8032B35D91A1F2D4BD340D90772
:1052E00033D594F83D3003F02803282B38D1002F14
:1052F00045D0002E43D094F83C30012B30D02368A9
:105300001A68D2073ED51A6822F400621A602A226F
:1053100084F83D200020202284F83E202064668509
:10532000618DE56201905A6901929A69019284F84F
:105330003C00019A5A68676242F4E06221855A6033
:1053400003B0F0BD013B012BCBD9124841F246110D
:10535000D4F7B0FE94F83D3003F02803282BC6D0D4
:10536000022003B0F0BDB3F52A0FBAD0B3F12A4F33
:10537000B7D0084841F24611D4F79CFEEAE7012075
:1053800003B0F0BD1A6842F001021A60BBE700BF2B
:1053900011100010644A05082DE9F043202B83B05A
:1053A0001D4604460E46914669D8032B55D91A1F4F
:1053B000634BD340DB0753D594F83D3003F028030B
:1053C000282B58D1002E46D0B9F1000F43D094F8C5
:1053D0003C30012B4FD02168012384F83C304B68CE
:1053E00023F440734B6094F83D302A2B00F0848006
:1053F00094F83D30292B6BD0A06B0B68DB074AD5A6
:105400000B6823F400630B604FF020082A23002769
:1054100084F83D3084F83E802764A4F82A90638D98
:1054200066629BB2E562238500287DD0454DC56349
:10543000454D0764076532461031C564F7F7ECF84F
:1054400070B384F83D8084F83E70236C84F83C701F
:1054500043F01003236401200EE0013B012BABD984
:105460003A4841F28A11D4F725FE94F83D3003F012
:105470002803282BA6D0022003B0BDE8F083B3F5A3
:105480002A0F99D0B3F12A4F96D0304841F28A11B1
:10549000D4F710FEE9E70B6843F001030B60AFE7B8
:1054A00023681A6842F480621A6001905A69019276
:1054B0009A69019284F83C00019A5A6842F40062A9
:1054C0005A605A6842F440725A6003B0BDE8F083F3
:1054D0004B681A0590D54B68606B23F400634B60F2
:1054E000002889D01A4B0365F7F732F910B1606BC9
:1054F000036D984721687FE74B68A06B1F057FF518
:105500007CAF00283FF479AF4B6823F400634B6015
:105510000F4B0365F7F71CF90028EBD0A06B036D68
:1055200098472168A06B68E7282384F83D3084F809
:105530003E00236C84F83C0043F0800323648AE738
:105540001110001005570308BD560308644A0508EA
:105550002558030890F83D30202B01D002207047D9
:105560002822036880F83D201A68D20703D41A68FD
:1055700042F001021A601A6842F480621A605A68A6
:1055800042F4407200205A60704700BF90F83D30EE
:10559000282B01D00220704790F83DC090F83E10B3
:1055A00002680CF0030C002341EA0C014FF0200CC0
:1055B000016380F83DC080F83E30116821F48061BD
:1055C00011601846536823F440735360704700BF5E
:1055D000704700BF704700BF704700BF704700BFF3
:1055E000704700BF704700BF704700BF90F83D2074
:1055F000016D034659B9C26C0168012A826C1CD046
:10560000C2F307220A61026D013202657047016D23
:1056100001290AD0016D022915D003685A691206C2
:1056200002D500221A6170477047826C0168D2B2BD
:105630000A61026D013202657047D2B20A61026DE1
:10564000023202657047D2B2222A1FD0418D89B240
:10565000C1B9418D89B20029E6D1212AE4D102687D
:1056600010B5546824F4E0645460146844F4007481
:1056700014602022016380F83D2080F83E10FFF77F
:10568000B3FF10BD212A0AD05B8D704701680A68FC
:1056900042F480720A60026D013202657047416A0D
:1056A000026811F8010B10615A8D5962013A92B2E9
:1056B0005A857047704700BF704700BF10B5846BB4
:1056C000636B0BB10022DA63A36B0BB10022DA63C8
:1056D000F7F74AFA022800D110BD21680B680022B2
:1056E000202023F480630B60628584F83D0084F8F9
:1056F0003E20236C43F0100320462364FFF7DCFFB9
:1057000010BD00BF70B5846B94F83D20236894F8F9
:105710003E10E56AC8B2596821F440715960616B66
:10572000D2B209B10026CE63A16B09B10026CE63C7
:1057300002F0210121293ED002F02201222938D095
:1057400094F83E20002A33D0628D92B2012A41D0D3
:105750005A6815F5803F22F440725A6006D0082D31
:1057600004D0B5F12A4F01D0202D03D11A6842F49C
:1057700000721A605A6822F480525A605A680021F6
:1057800022F400625A606185236C43BB202284F8B6
:105790003D2094F83E2084F83E30402A3AD0082D2F
:1057A00021D0202D1FD0122323632046FFF712FFA4
:1057B00070BD2028C4D15968002021F40061292A35
:1057C0005960608512D02A2A1AD05A6842F4407271
:1057D0005A6070BD1A6822F480621A60B8E72046E9
:1057E000FFF76AFF70BD00232363DEE72823212231
:1057F0002263204684F83D30FFF7EEFE2368E4E79D
:10580000282322222263204684F83D30FFF7E6FE5B
:105810002368DAE720462363FFF74CFF70BD00BF23
:10582000704700BF70B53A4B3A4A1B68806B82B034
:10583000DB080021A2FB032301911B0A90F83D1015
:10584000026803EB8303C3EBC303C9B2019305E012
:10585000019B013B019313689B0506D5019B002B1F
:10586000F6D1036C43F020030364D0E90D4344B345
:105870000025E563F3B11668DD6326F480661660E3
:105880004585256500241C65136823F0010313601A
:1058900090F83D30602B29D001F02801282918D03C
:1058A0002022002380F83D2080F83E30FFF704FFDF
:1058B00002B070BD156825F48065156043852365C9
:1058C000E2E7F3B11568DC6325F480651560448573
:1058D000D8E7136843F0010313601368002443F40E
:1058E00080631360046380F83D10DFE7002320220B
:1058F00080F83D2080F83E300364FFF791FF02B04E
:1059000070BD146824F4806414604385BCE700BF54
:105910000800002089B5F81410B590F83D2090F8E3
:105920003E30102B0446D2B239D0D9B2402936D0FD
:1059300002F02801282923683CD05968080507D4BB
:10594000602A05D02021002284F83D1084F83E20F2
:10595000002222635A6812F4006233D194F83D1099
:10596000602974D05A69500605D5626A1B691370A4
:10597000636A013363622046FFF79EFE236C1907BA
:1059800004D02268536823F4E063536094F83D30F8
:10599000226C5207DBB201D5282B2ED010BD222A53
:1059A000C6D123681A6822F400621A605A68120588
:1059B000C8D5CDE70022226384F83D105A6812F45E
:1059C0000062CBD05A68606B22F400625A6090F893
:1059D0003530012B1ED0294B0365F6F7B9FE0028A0
:1059E000CCD02268606B1368202123F00103136080
:1059F00084F83D10036D9847C0E700232049E16219
:105A000020222363204684F83D2084F83E30FFF7AF
:105A1000E9FD10BDA06B194B0365F6F799FE002850
:105A2000ACD023685A69510606D5626A1B691370A7
:105A3000626A2368013262621A68A06B22F0010276
:105A400020211A6084F83D10036D984796E72021C5
:105A500084F83D1022645A69520606D5626A1B69B1
:105A60001370626A2368013262621A6822F00102CE
:105A700020461A60FFF7D4FE80E700BF25580308D0
:105A80000000FFFF026890F83E309169890721D538
:105A9000DBB2102B01D0402B1CD190F83C30012BF5
:105AA0001AD010B560230024046380F83D301368D9
:105AB00023F480631360136843F400731360448518
:105AC000536823F4E063536080F83C40FFF724FF01
:105AD000204610BD0120704702207047F0B50368D2
:105AE0005F68C56A90F83E2090F83D10102A044681
:105AF0008FB0C9B2D0B223D0402821D0226C002A66
:105B000000F0CE805A69002012F0020500F08E806D
:105B1000BD0540F18D80226C02B1986994F83D205A
:105B200002F02802282A00F04F8200220C925969C4
:105B30000C919B690C930C9B84F83C200FB0F0BD3A
:105B40009E695A6912F0010F20D1B5F52A0FF5D0E0
:105B5000B5F12A4FF2D012F0080540F0CE8012F0D5
:105B6000020F36D017F4007F33D094F83E20E06A5D
:105B7000266B94F83D102229D2B200F0FE810A95DE
:105B80005A690A929B690A930A9BD7E7BD0520D5FB
:105B9000E26AB2F52A0F00F01482E26AB2F12A4FEB
:105BA00004BF0822E26294F83E20402A00F00282FC
:105BB0002269B2F5804F00F0C681226D002A40F0C4
:105BC0001782626CD21102F0060242F0F0021A61F2
:105BD000B4E7760767D55D682D05AFD4160602F0E9
:105BE000040540F147817A0540F14481002D40F0E1
:105BF000448194F83D20208D94F83E10E56AD2B29D
:105C0000C9B2002840F09D82212A00F0A4834029D7
:105C100094D1222A92D1628D92B2002A00F024837C
:105C200094F83E20402A40F00C812FE1D60677D42C
:105C300001F0F701212902F0040000F0CD805506A3
:105C400040F10981790540F10681002840F0068184
:105C500094F83D10628D92B2C9B2002A3FF46EAF43
:105C6000626A1B691370638D626A013B9BB2638534
:105C7000638D01329BB26262002B7FF45FAF2A29F1
:105C80007FF45CAF226853682225282123F48063C7
:105C900053602046256384F83D10FFF79FFC4DE7D5
:105CA00098695A6930E759680D053FF547AF5006C6
:105CB00002F0040100F1F08000293FF43FAFBE057F
:105CC0007FF53CAFE06A628D616A92B2042A00F00F
:105CD0000682628D92B2032A00F04582628D92B2F2
:105CE000022A00F076821B690B70638D626A013BA9
:105CF00001329BB26262638520E7BD057FF569AF23
:105D0000626C616BD2B21A61002900F02D81CA6BFE
:105D1000002A00F029815A6842F400625A600DE7B7
:105D2000B80585D594F83D605A6822F4E0625A605F
:105D30000D955A690D921A6842F001021A600D9A87
:105D40001A6822F480621A605A681105F6B200F1EE
:105D5000C980638D9BB213B323685A6952070AD571
:105D6000626A1B691370628D636A013A591C92B2B0
:105D70002368616262855A69570609D5626A1B69A0
:105D80001370638D626A013B01329BB2626263856C
:105D9000638D9BB21BB1236C43F004032364236C1B
:105DA000002B40F0CA802A2E00F0558194F83D3037
:105DB000282B00F06081236B222B02D0222E7FF44F
:105DC000BDAE002320222363204684F83D2084F8C2
:105DD0003E30FFF703FCB1E6150627D57A0525D539
:105DE00038BB94F83D00628D92B2C0B2002A3FF4F5
:105DF000A5AE626A12F8015B1D616262628D013AB2
:105E000092B26285628D92B2002A7FF497AE292801
:105E10007FF494AE5A68282522F480625A602046A6
:105E2000216384F83D50FFF7D7FB87E600283FF455
:105E300085AEBE057FF582AE628D92B2002A3FF438
:105E40007DAE626A12F8011B1961638D6262013BCB
:105E50009BB2638572E600283FF470AEBA057FF509
:105E60006DAE628D92B2002A3FF468AE626A1B6921
:105E700013703AE7002D3FF461AEBE057FF55EAECC
:105E8000212900F0338140287FF458AE20460FB01E
:105E9000BDE8F040FFF7AABB7A057FF50DAF0029FA
:105EA0007FF40DAF94F83D20222A7FF447AEE06ADC
:105EB000628D92B2032A40F21782626A1B691370E4
:105EC000638D626A013B9BB26385638D9BB2013235
:105ED000032B62627FF432AE2268536823F480633E
:105EE00053602BE606F0F702222A00F09380606BE5
:105EF0000268526892B26285628D92B21AB1226CC7
:105F000042F0040222645A6822F400625A60F6F7F2
:105F100027FE012808D0606B9A4B0365F6F718FC42
:105F200010B1606B036D9847638D9BB2002B7FF4BB
:105F300013AF236C002B3FF439AF20460FB0BDE800
:105F4000F040FFF7E9BC94F83D20212A626C16BFAF
:105F500042F0010202F0FE02D2B21A61626B1AB183
:105F6000D26B002A7FF4D7AEA26B002A3FF4E6ADD5
:105F7000D26B002A7FF4CFAEE0E5216D11B9402A43
:105F800000F0D880226D22B92169B1F5404F00F0B0
:105F9000DC80628D92B2002A7AD103925A69039210
:105FA0009A690392039A1A6842F400721A600023F5
:105FB0002365C3E5226D3ABB626C02F0FE021A61F2
:105FC000BCE50122E262EEE55A6822F480625A6082
:105FD000070680F004014FF0000354BFA289228B12
:105FE00084F83C30C1F380012046FFF7F9FAA5E5BB
:105FF000226D012A7FF4A2AD626CD21102F006027A
:1060000042F0F1021A6199E5626C42F00102D2B2EB
:106010001A6193E5A06B0268526892B26285628D44
:1060200092B21AB1226C42F0040222645A6822F43D
:1060300000625A60F6F794FD01283FF48AAEA06B27
:10604000504B0365F6F784FB00283FF482AEA06B4B
:10605000036D98477DE628222363204684F83D207F
:10606000FFF7BCFA94F83D30282B04D0236B222B89
:106070007FF464ADA5E600234349E1622022236357
:10608000204684F83D2084F83E30FFF7ABFA55E512
:10609000628D92B2012A7BD0628D92B2022A00F008
:1060A000E8801A6842F480621A605A6812050ED5B8
:1060B000202800F2A781072840F2A081334A08383F
:1060C000C240D70703D55A6842F480525A60002272
:1060D00009925A6909929B690993099B67E75A6873
:1060E00022F480625A601B690B70FEE5E16A94F845
:1060F0003D20212A7FF422AD628D92B2002A7FF4E6
:10610000A0AE082900F0D880202900F0D58011F534
:10611000803F00F0D180596821F4E061596011207E
:106120002023206384F83E20204684F83D30FFF78A
:106130004FFA03E501915A6901929B690193019B12
:10614000FCE4212A7FF463AD65E502925A6902926C
:106150009A690292029A1A6842F480721A60236D58
:1061600001332365EAE45A68042822F480625A6005
:106170003FF4B9AD02283FF4B6AD1A6822F480624C
:106180001A60B0E5255803080000FFFF0101000177
:1061900010F5803F00F01B81082800F0F4802028D3
:1061A00000F0F180122E00F04C81102800F24B819B
:1061B0009A4A0241D20700F146811A6842F480628D
:1061C0001A60002206925A6906929B690693069B02
:1061D000EDE6421E0F2A09D8DFE802F0413C083CF8
:1061E0000808080808080808080808411A6842F45E
:1061F00000721A601B690B70638D626A013B9BB26F
:1062000063852368511C1B6961625370638D21682B
:10621000626A013B9BB263854B68013223F4407391
:1062200062624B60202384F83D3094F83E30402B6E
:106230004FF0000384F83E3000F0E980082800F0B9
:10624000DA80202800F0D780122323632046FFF74E
:10625000C1F973E41A6842F480621A60CAE71A68E6
:1062600022F480621A60C5E75A6822F480625A609C
:1062700064E4102800F29780694AC240D70740F1D1
:1062800092801A6842F480621A605A6815050BD52C
:10629000072840F2DD80634A0838C240D10703D5A1
:1062A0005A6842F480525A60002208925A69089251
:1062B0009B690893089B7AE6596821F4E06159606C
:1062C00019680022202041F400711960226384F8CB
:1062D0003D0094F83E3084F83E20402B20467FF469
:1062E00026AFFFF781F929E4E56A022DBCD0012A27
:1062F000BAD84D4A0B91126846F2A811B2FBF1F2DE
:1063000002EB82020B9204E01A6812F4007200F0B1
:10631000A3800B9A013A0B920B990029F4D1226CBD
:10632000606A42F0200222645A6822F4E0625A60F5
:106330001B690370638D626A013B01329BB22020AE
:106340006385626284F83D00204684F83E10FFF7C2
:10635000B3F9FFF7F3BB082DAED0202DACD015F567
:10636000803FA9D05A6822F4E0625A6011200021CF
:106370002023206384F83E10204684F83D30FFF748
:1063800027F9FFF7DBBB1A68002122F480621A604C
:1063900007915A6907929A690792079A1A6842F414
:1063A00000721A6003E61A6822F480621A601A68A2
:1063B00042F400621A605A6816057FF575AF20280E
:1063C0007FF666AF10F5803F7FF46EAF68E71A681E
:1063D00022F480621A605A6812F4006226D01A68A9
:1063E000002122F480621A6004915A6904929B6928
:1063F0000493049BDBE50023236327E701287FF454
:1064000066AE60E610F5803F7FF461AE5BE6204645
:106410002363FFF74FF9FFF791BB00BFEBFFFEFFD0
:1064200014000100010100010800002005925A69D2
:1064300005929A690592059A1A6842F400721A60E8
:10644000B5E501289FD11A6822F480621A60B8E687
:1064500001287FF429AF23E7196821F480611960CE
:10646000596821F4E06159601969636A1970638D94
:10647000013B20219BB2638584F83D10636A94F848
:106480003E1084F83E200133402963627FF4D6AE8B
:1064900020462263FFF70EF9FFF750BB70B5026884
:1064A0005369546890F83E10DD0582B0C9B20AD530
:1064B000E4051BD56FF480749E05546144D54FF0FC
:1064C0000B0C032507E013F4007511D0E5050DD57D
:1064D0004FF00A0C02256FF4007454615C050CD473
:1064E000190525D4AC4626E0002DFBD102B070BDC5
:1064F00013F4806C2FD0E405F8D503F40064438DC9
:1065000090F83DC0066B20299BB25FFA8CFC29D025
:106510006FF480631029536145F0040C01D04029C9
:1065200026D1136843F40073136024B145F00C0CBA
:106530006FF400635361036C43EA0C03036402B01D
:10654000BDE87040FFF7E8B95E0514D41D054FF0B3
:10655000010C04D4EFE71B05C8D5E305C6D54CF004
:10656000080CE5E74BB16FF48063536145F0040C10
:10657000002CE0D0F3E70125BFE70CF0F703212B57
:106580000CD0BCF1280FEED1212E07D06FF4806320
:106590005361002CCAD145F0040CCCE790F83D3093
:1065A000C16A0829DBB20CD020290AD0212B23D0C4
:1065B0006FF480635361002C96D0026845F0080C9C
:1065C000B6E7282BF2D11B4BC3625368019023F42A
:1065D000E06353606FF480635361136823F4806356
:1065E000136000232022036380F83D2080F83E30B2
:1065F000FEF7F8FF0198DEE70E49C1620363002150
:10660000202380F83D3080F83E105368019023F439
:10661000E06353606FF480635361136823F4806315
:10662000136053691E0648BF1161FEF7D5FF01983C
:10663000C1E700BF0000FFFF90F83D00704700BFBA
:1066400090F83E00704700BF006C704738B50B4BA8
:106650000B4D0122C3F8A420F4F76AFB044605E0C1
:10666000F4F766FB001BB0F57A7F04D86B681B0754
:10667000F6D5002038BD032038BD00BF00000E4213
:106680000070004038B50B4B0B4D0022C3F8A4201E
:10669000F4F74EFB044605E0F4F74AFB001BB0F5A7
:1066A0007A7F05D86B6813F00803F5D1184638BD1A
:1066B000032038BD00000E4200700040014B012253
:1066C0005A62704700000E42014B00225A62704726
:1066D00000000E42024B186800F44040704700BFB3
:1066E0000070004070B520F40043B3F5804F82B0D5
:1066F000064607D0B0F5004F04D02B484FF49271F6
:10670000D3F7D8FC294C00220092236C43F080532D
:106710002364236C03F080530093009BA36803F071
:106720000C03082B3DD0224B1A66F4F701FB0546FB
:1067300004E0F4F7FDFA431B022B2FD8236813F073
:106740000073F6D11B4A019313681949174D23F4BE
:10675000404333431360136803F440430193012221
:10676000019B0A66F4F7E4FA044604E0F4F7E0FA61
:10677000001B022812D82B689A01F7D5F4F7D8FA33
:106780000C4D044605E0F4F7D3FA001BB0F57A7F10
:1067900004D86B685B04F6D5002000E0032002B04B
:1067A00070BD012002B070BD104B050800380240DA
:1067B000000047420070004030B583B0194B1A49C1
:1067C0001A4D002201921A6C42F080521A641B6C1E
:1067D00003F0805301930122019B0A64F4F7A8FAA5
:1067E000044605E0F4F7A4FA001BB0F57A7F16D84A
:1067F0006B68DA03F6D50C4B0C4D01225A64F4F7A2
:1068000097FA044605E0F4F793FA001BB0F57A7F97
:1068100005D86B689B03F6D5002003B030BD03207C
:1068200003B030BD0038024000000E42007000404E
:1068300030B583B0194B1A481A4D002101911A6CDA
:1068400042F080521A641B6C03F080530193019B49
:106850004164F4F76DFA044605E0F4F769FA001BA9
:10686000B0F57A7F17D86B6813F40033F5D10C4A72
:106870000C4D1364F4F75CFA044605E0F4F758FA9B
:10688000001BB0F57A7F06D86B6813F48033F5D11E
:10689000184603B030BD032003B030BD00380240BD
:1068A00000000E420070004030B5B0F5006F83B0BC
:1068B00004460D4603D040F2014398422ED16B1E90
:1068C000022B33D81D4A00230193116C1C4B41F05D
:1068D00080511164126C1B4902F080520192019A9E
:1068E0005A6842F440225A601A6842F440221A6000
:1068F0001A6822F4406222F0030214431C600B6900
:10690000012D43F004030B6116D020BF0D4A13691B
:10691000002023F00403136103B030BD0A4840F2A5
:106920001D21D3F7C7FB6B1E022BCBD9064840F2C3
:106930001E21D3F7BFFBC5E730BFE7E700380240B1
:106940000070004000ED00E0104B0508002070478B
:10695000002800F075822DE9F04103680F2B82B00A
:10696000044600F23881DD0737D5636833F480329E
:1069700003D0B3F5A02F40F0A081A84A936803F09C
:106980000C03042B00F07C81936803F00C03082BAC
:1069900000F072816368B3F5803F00F07B81B3F54E
:1069A000A02F00F00A829D4D2A6822F480322A60CE
:1069B0002A6822F480222A60002B40F07081F4F7CC
:1069C000B7F9064605E0F4F7B3F9801B642800F236
:1069D00096812B689F03F6D42368990730D5E36826
:1069E000012B00F20B8123691F2B00F210818B4BCE
:1069F0009A6812F00C0F00F0F8809A6802F00C020E
:106A0000082A00F0EE80E368002B00F09481844BAC
:106A1000824E01221A60F4F78BF9054605E0F4F77F
:106A200087F9401B022800F26A8133689F07F6D578
:106A30003368226923F0F80343EAC2033360236812
:106A40001A0700F1AF805D0744D5A368012B06D972
:106A5000052B04D073484FF4C571D3F72BFB6F4A55
:106A6000136C13F0805340F0FB800193136C43F0E0
:106A700080531364136C03F080530193019B012531
:106A8000694E3368D80540F12A81A368012B00F0D4
:106A90003A81052B00F0C481604E326F22F0010272
:106AA0003267326F22F004023267002B40F03081EF
:106AB000F4F73EF941F28838074605E0F4F738F973
:106AC000C01B404500F21B81336F9B07F6D4002D9D
:106AD00040F07D81A369022B00F2C480002B5DD0C1
:106AE0004E4DAA6802F00C02082A00F03581022BF4
:106AF00040F08581E36933F4800304D049484FF4C2
:106B0000EB71D3F7D7FA236A023B3D2B00F26B817E
:106B1000636A323BB3F5BF7F00F25F81A26A082A45
:106B200000F267814FF4AA73D340D80740F1618126
:106B3000E36A023B0D2B00F27D81394B374E002278
:106B40001A66F4F7F5F8054605E0F4F7F1F8401B8E
:106B5000022800F2D48033689901F6D4D4E90731D1
:106B6000626A2E4D0B4343EA8213D4E90A2052088D
:106B70002B4943EA0063013A43EA0243012273606E
:106B80000A66F4F7D5F8044605E0F4F7D1F8001BDF
:106B9000022800F2B4802B689A01F6D5002002B0DA
:106BA000BDE8F0816369012B51D8002B3ED01C4B0E
:106BB0001A4E0122C3F8802EF4F7BAF8054605E014
:106BC000F4F7B6F8401B022800F29980736F9B0718
:106BD000F6D5236837E71348E621D3F76BFA236825
:106BE000C1E65B685A023FF50EAF0C4B1B689B0772
:106BF00068D5E368012B65D00120D0E7094840F251
:106C00001D11D3F757FA23691F2B7FF6F0AE054805
:106C10004FF48F71D3F74EFAE9E600BF0038024017
:106C200000004742C04B050800700040854A864E70
:106C3000C2F8803EF4F77CF8054604E0F4F778F8F3
:106C4000401B02285BD8736F9F07F7D4C1E77F48CA
:106C50004FF4AF71D3F72EFA6369002BE6D0A6E7A5
:106C600000250DE7794840F2CD11D3F723FAA36947
:106C7000002B7FF435AF91E7536859027FF58AAE58
:106C8000714B1B689A037FF5A7AE6368002B7FF4F6
:106C9000A3AEB1E76C4A136843F480331360F4F792
:106CA00047F8694E054604E0F4F742F8401B6428B3
:106CB00025D833689B03F7D58EE66448EB21D3F7DC
:106CC000F9F95AE6604A2169136823F0F80343EAA8
:106CD000C103136023681A077FF5B5AE62E7336816
:106CE00043F480733360F4F723F807463368D9051B
:106CF0003FF5CBAEF4F71CF8C01B0228F6D90320F1
:106D000002B0BDE8F081504A136F43F001031367EE
:106D1000F4F70EF84C4F064641F2883804E0F4F7D9
:106D200007F8801B4045EAD83B6F9A07F7D5002D3E
:106D30003FF4D0AE4BE0434A434E1360F3F7F8FF05
:106D4000054604E0F3F7F4FF401B0228D7D8336868
:106D50009907F7D4236873E6012B3FF44DAF6B68B6
:106D6000E26903F4800191427FF446AF226A03F0A6
:106D70003F0191427FF440AF616A47F6C0721A400A
:106D8000B2EB811F7FF438AFA26A520803F440319E
:106D9000013AB1EB024F7FF42FAFE16A03F070626A
:106DA000B2EB016F7FF428AF226B03F0E043B3EB4B
:106DB000027F14BF01200020F1E6234B1A6842F441
:106DC00080221A601A6842F480321A6067E71E4A0D
:106DD000136C23F0805313647CE61C484FF4EC7171
:106DE000D3F768F99AE6194840F2D711D3F762F958
:106DF0008EE6164840F2D911D3F75CF998E6114BAC
:106E000000221A66F3F794FF044605E0F3F790FFBB
:106E1000001B02283FF673AF2B689B01F6D4BDE63A
:106E2000094B1A6F42F004021A671A6F42F001020E
:106E30001A676DE705484FF4ED71D3F73BF97CE62F
:106E4000012070470000474200380240C04B05084F
:106E5000F0B5012889B014460D4622F0806730D87D
:106E6000064647B1B2F1A06F05D0B2F1C06F02D0B3
:106E7000B2F1E06F6BD16EBB35F4C00355D1374E24
:106E8000374800220092336B43F001033363336BC6
:106E9000069203F0010300934FF480720223CDE9C0
:106EA000022302A900220323CDE90423009BFAF761
:106EB00085FCB36823F0EC632B432343B36009B034
:106EC000F0BD284840F20B31D3F7F4F817B1B4F114
:106ED000A06F30D135F0404304D022484FF44A71BE
:106EE000D3F7E8F81D4E204800220192336B43F09F
:106EF00004033363336B069203F0040301934FF4EE
:106F000000720223CDE9022302A900220323CDE966
:106F10000423019BFAF752FCB36823F078432B4318
:106F200043EAC403B36009B0F0BD0E484FF44471A6
:106F3000D3F7C0F8A3E7B4F1C06FCBD0B4F1E06FE2
:106F4000C8D008484FF44371D3F7B4F8C2E70548F6
:106F50004FF44371D3F7AEF88DE700BF003802401D
:106F600000000240C04B050800080240014B01220E
:106F7000DA64704700004742014B0022DA64704730
:106F800000004742104908B58B6803F00C03082B3A
:106F900001D00E4808BD4A684B6849680B4813F495
:106FA0008003C1F3881118BF002302F03F02A1FB48
:106FB0000001D1F723FB044B5B68C3F301430133AA
:106FC0005B00B0FBF3F008BD003802400024F40081
:106FD000002800F0FE800368013B0E2B2DE9F041F4
:106FE0000D46044600F2C6800F2D00F2B7807A4AA3
:106FF000136803F00F03AB42C0F0C6802368980704
:1070000028D5590704D575498A6842F4E0528A6048
:107010001A0704D571498A6842F460428A60A168FF
:1070200091B1C02910D000F2C780A0290CD000F285
:10703000CC8021F01002802A06D040F27E216848E0
:10704000D3F738F8A16823686448826822F0F00218
:107050000A438260DF0727D56368032B00F2A38011
:10706000012B00F09A809A1E012A5C4A126840F2B5
:107070008780910725D5594EB26822F00302134349
:10708000B360F3F755FE41F28838074605E0F3F7A1
:107090004FFEC01B404500F28D80B368626803F06C
:1070A0000C03B3EB820FF2D14B4A136803F00F03CA
:1070B000AB4209D9EBB21370136803F00F03AB4274
:1070C00002D00120BDE8F08123685A0718D5E16895
:1070D00031F480520ED021F40062B2F5A05F09D0E5
:1070E000B1F5C05F06D040F2C3213D48D2F7E2FFC0
:1070F000E16823683948826822F4E0520A438260DA
:107100001B0718D5226932F480530DD022F4006396
:10711000B3F5A05F08D0B2F5C05F05D0304840F2AB
:10712000CA21D2F7C7FF22692C498B6823F4604338
:1071300043EAC2038B6000F071FF284A294C926831
:107140002949C2F303120346A25C2848D3400068D1
:107150000B60D3F729F90020BDE8F081204840F208
:107160005B21D2F7A7FF1C4BEDB21A681D701B689C
:107170000120A7E71A4840F25A21D2F79BFF33E7D4
:1071800090013FF578AF9CE7EBB21370136803F002
:107190000F03AB423FF432AF93E7104A12689603F5
:1071A0003FF569AF8DE70E4840F28521D2F782FFA7
:1071B000636855E70320CFE7E0293FF445AF21F0AE
:1071C0002002D02A7FF439AF3EE7B0293FF43CAF2C
:1071D00033E70120704700BF003C02400038024006
:1071E000C04B050810540508080000204404002086
:1071F000014B1868704700BF08000020044B054988
:107200009B68054A0868C3F38223D35CD840704763
:10721000003802400800002008540508044B0549C6
:107220009B68054A0868C3F34233D35CD840704773
:10723000003802400800002008540508214B0F22A6
:1072400002601A68510358BF1A681E4B54BF02F4FB
:1072500080324FF4A02242601A6802F00102C2603C
:107260001A68C2F3C40202611A6F520758BF1A6F3C
:10727000144B54BF02F00102052282605A6F02F0E3
:10728000010242611A6812F0807F0CBF01220222C3
:1072900082615A6802F48002C2615A6802F03F02B9
:1072A00002625A68C2F3881242625A6802F440329B
:1072B00002F58032D20B82625B68C3F30363C36260
:1072C000704700BF003802400E4B0F2210B402601E
:1072D0009A680D4C02F0030242609A6802F0F002D4
:1072E00082609A6802F4E052C2609B68DB0803F493
:1072F000E053036123685DF8044B03F00F030B6058
:10730000704700BF00380240003C0240704700BF99
:1073100010B5054CE3681B0600D410BDFFF7F6FF5F
:107320008023A37310BD00BF003802402DE9F04355
:10733000036840F6FE72591E914283B0044600F283
:107340004B8213F001070FD0A76B37F0C06240F0FB
:1073500049825549D1F88C2022F0C0623A43B7FAED
:1073600087F7C1F88C207F099D071ED5E26B002AA4
:1073700000F0F98122F08051B1F1006F00F05782E6
:10738000B2F1805F00F053827A214848D2F792FE32
:107390004549E26BD1F88C3023F0C0531343C1F858
:1073A0008C302368002A00F0BD8313F004050ED052
:1073B000256B002D40F0F2813B49D1F88C2022F45E
:1073C00040122A43C1F88C20B5FA85F56D091807DB
:1073D00020D5626B002A00F0CF81B2F5800F00F05B
:1073E0002F8222F48001B1F5000F00F0E3829F218B
:1073F0002E48D2F75FFE2C49626BD1F88C3023F413
:1074000040031343B2F5800FC1F88C3040F03C8349
:1074100023680127990640F18980236CB3F5807FAA
:107420002DD0B3F5007F2AD0214A23F4A021914228
:1074300025D023F4102102F5003291421FD01D49BE
:1074400023F440328A421AD001F5C02123F4881077
:10745000884214D001F500318A4210D001F5802114
:107460008A420CD001F580218A4208D0124A23F4C6
:107470008033934203D00D48B521D2F71BFE0A4B4F
:107480000E4E002201921A6C42F080521A641B6C5C
:1074900003F080530193019B336843F4807333609E
:1074A000F3F746FC804612E0003802406C4C0508B9
:1074B000000302000003080000031C0000700040ED
:1074C000F3F736FCA0EB0803022B00F24881336887
:1074D000DA05F5D5AD4E236C326F12F4407203F429
:1074E000407113D08A4211D0336FA94A0121C2F8EA
:1074F000401E23F440730021C2F8401E3367336FEF
:10750000DB0700F1A382236C03F44071B1F5407FE7
:1075100000F0AD819D498A6822F4F8128A609B4A86
:10752000116FC3F30B030B4313672368D90605D50B
:10753000984B94F85820C3F8E02123681A0614D514
:10754000E16C31F4800208D0B1F5000F05D0F321D1
:107550009148D2F7AFFDE16C23688C48D0F89420B5
:1075600022F440020A43C0F894205E0611D5A16CB3
:1075700031F0806205D0FE218748D2F79BFDA16CD7
:1075800023688248D0F8942022F080620A43C0F831
:107590009420D8051AD5626D002A00F02A81B2F134
:1075A000006F00F07B8140F209117B48D2F782FD29
:1075B0007649626DD1F8943023F000631343C1F82B
:1075C0009430B2F1006F236808BF0125990512D5E8
:1075D000616C31F0805206D04FF48D716E48D2F755
:1075E00069FD616C23686948D0F8942022F08052CC
:1075F0000A43C0F894205A0517D5236D002B00F0DC
:107600000381B3F1005F1CD040F225116248D2F72C
:1076100051FD5E49226DD1F8943023F0005313439D
:10762000B2F1005FC1F8943012D08FB92368B3F57E
:10763000006F0DD0012D00F03A81002003B0BDE8AD
:10764000F083524AD2F8943043F00053C2F8943099
:107650004F4B4E4F00229A66F3F76AFB064604E052
:10766000F3F766FB831B022B79D83B681B01F7D429
:107670006368023B3D2B00F20B81A368323BB3F5FC
:10768000BF7F00F2FF802368D80740F1C880A26B5B
:10769000002A40F0C4806769BA1E052A00F2C6813C
:1076A0003A496068D1F88420D1F8846002F440320D
:1076B00006F0706632430243A06842EA801242EA52
:1076C0000772C1F884205A0704D5226BB2F5801FD7
:1076D00000F04A811F0704D5626BB2F5800F00F0FD
:1076E00043815E0504D5226DB2F1005F00F06B812D
:1076F000190524D5E268082A00F292814FF4AA7392
:10770000D340DA0740F18C816369023B052B00F21C
:107710007A8121698B1E0D2B00F27B816369A2683F
:107720001B0743EA821362681343E2685208013A76
:1077300043EA0243154A43EA0163C2F88430144B1A
:10774000124F01229A66F3F7F3FA06463B681B01D3
:107750003FF570AFF3F7ECFA801B0228F6D903204F
:1077600003B0BDE8F0830949D1F88C2022F0C05263
:107770000127C1F88C2018E60449D1F88C2022F4A6
:107780004002C1F88C20012544E600BF00380240C9
:1077900000004742001047426C4C0508B5F5801FB9
:1077A00059D025F48012B2F5001F3FF405AEB94858
:1077B0008A21D2F77FFCB84A256BD2F88C3023F4AB
:1077C00040132B43C2F88C30B5F5801F23687FF43B
:1077D000FBAD00250127FAE5AE486421D2F76AFC2B
:1077E0002368AEE5AB486A21D2F764FCA76B236837
:1077F000AFE5A949D1F8942022F00062C1F89420A5
:1078000099057FF5F8AEE3E6A34AD2F8943023F069
:107810000053C2F89430002F3FF408AF18E79907DF
:107820007FF551AFE26B002A7FF44DAF33E79A4802
:10783000D0F88C1021F0C0510A43C0F88C20B4E578
:107840009549D1F88C2022F4400242F48002C1F81C
:107850008C200127DEE59049D1F88C2022F44012DB
:1078600042F480120025C1F88C200127AFE58A4838
:10787000826823F0704121F4407122F4F8120A4327
:1078800082604CE683484FF4A371D2F713FCFAE60A
:10789000804840F24511D2F70DFCEEE67E49D1F862
:1078A000942042F00062C1F8942001258EE67B4BC3
:1078B000794E00221A67F3F73BFA054605E0F3F725
:1078C00037FA401B02283FF64AAF33689F00F6D4D0
:1078D000A3693F2B00F2EA80E369323BB3F5BF7F37
:1078E00000F2DE8023685E0740F1A880226B002A48
:1078F00040F0A480636A023B0D2B00F2FE80E26A36
:10790000013A1F2A00F2FF806349A069D1F888304C
:1079100003F440330343E06943EA8013606A43EAB7
:107920000063C1F88830D1F88C3023F4F85343EA6F
:107930000223C1F88C302368D80504D5636DB3F1F8
:10794000006F00F0C180554B534D01221A67F3F7C9
:10795000EFF904462B689B003FF56FAEF3F7E8F9AB
:10796000001B0228F6D9FAE62369023B0D2B00F230
:107970008580A16A01391F2978D8474AD2F8843016
:10798000D2F8840003F4403300F0E0400343606821
:107990000343A06843EA8013206943EA0063C2F806
:1079A0008430D2F88C3023F01F030B43C2F88C30A4
:1079B000236896E63848D0F88C1021F440010A4339
:1079C000C0F88C2026E5E268082A75D84FF4AA7121
:1079D000D140C80770D5304E6768D6F88400520889
:1079E000511ED6F8842002F0E0423A43A768C0F363
:1079F0000140013042EA871242EA406242EA014213
:107A0000C6F8842074E6234840F28711D2F752FB6F
:107A10007FE64FF4C4711F48D2F74CFB21697DE625
:107A20001C484FF4C371D2F745FB6DE619484FF47B
:107A3000A771D2F73FFB6769236831E61D077FF521
:107A40007BAF626B002A7FF477AF53E7F3F770F9EF
:107A500041F288398046336F98073FF554ADF3F70C
:107A600067F9A0EB08004845F5D978E64FF4B17105
:107A70000848D2F71FFBA16A01397EE705484FF499
:107A8000B071D2F717FB74E7002A236808BF0125FD
:107A9000C0E400BF6C4C05080038024000004742BB
:107AA00021484FF4DA71D2F705FB1BE71E4840F27C
:107AB000B311D2F7FFFA0FE71B4840F27711D2F764
:107AC000F9FAE268236886E7226A082A23D84FF485
:107AD000AA73D340D9071ED51449A569D1F88830B7
:107AE000E06903F070632B43520843EA8013013AC4
:107AF00043EA0243C1F8883025E70B484FF4DE71B2
:107B0000D2F7D8FAFBE608484FF4DF71D2F7D2FA81
:107B1000E26A013AF8E604484FF4E971D2F7CAFA8A
:107B2000226AD9E7012740E46C4C0508003802407E
:107B30003D4B40F2FF720260D3F8842002F03F0216
:107B40004260D3F88420C2F388128260D3F8842084
:107B5000C2F3014201325200C260D3F88420C2F362
:107B600003620261D3F88420C2F302724261D3F847
:107B7000882002F03F028261D3F88820C2F3881285
:107B8000C261D3F88820C2F301420132520002627E
:107B9000D3F88820C2F303624262D3F88C2002F04B
:107BA0001F028262D3F88C20C2F30422C262D3F88F
:107BB0008C2002F440120263D3F88C2002F44002BD
:107BC0004263D3F88C2002F0C0628263D3F88C2029
:107BD00002F0C052C26399681A6F01F4F81102F4FE
:107BE00040720A430264D3F8942002F080628264F7
:107BF000D3F8942002F44002C264D3F8942002F037
:107C000000624265D3F8942002F080524264D3F8B7
:107C1000942002F000520265D3F88C30C3F3006365
:107C200080F85830704700BF0038024001380728FC
:107C300009D8DFE800F05333080A0808080AB3F14E
:107C4000C05F00F09C80002070475D4AD2F88C3005
:107C500003F47003B3F5401F4BD04CD9B3F5000FBC
:107C600000F09A80B3F5400F00F08980B3F5800FE3
:107C7000E9D1534B53495A68D3F8843003F03F039A
:107C8000B1FBF3F14E4BD3F88420D3F88400D3F842
:107C90008C30C0F3881003F01F0347E0484AD2F845
:107CA0008C3003F0C053B3F1805F49D0C7D803BB19
:107CB0005368D2F88430434A03F03F03B2FBF3F237
:107CC0003F4BD3F88400D3F88430C0F3881002FB14
:107CD00000F0C3F30273B0FBF3F07047384AD2F8F8
:107CE0008C3003F0C063B3F1806F3CD043D8002BDD
:107CF00049D035487047B3F5801FBAD0B3F5001F9F
:107D00004AD0002B9FD15368D2F888302D4903F018
:107D10003F03B1FBF3F12A4BD3F88820D3F8880056
:107D2000D3F88C30C0F38810C3F3042301FB00F0B8
:107D3000C2F303620133B0FBF2F0B0FBF3F0704723
:107D4000536853681F4A03F03F03B2FBF3F21C4B26
:107D500058685B68C0F3881002FB00F0C3F302733D
:107D6000B0FBF3F0704753685368164A03F03F03C3
:107D7000B2FBF3F2EBE7B3F1C06F7FF464AF104BEB
:107D800010485B6870475368D2F884300D4A03F09E
:107D90003F03B2FBF3F293E7094B09495A685B686A
:107DA000084A03F03F03B2FBF3F24B684868C0F3A4
:107DB0008810C3F3027302FB00F0B0FBF3F07047CE
:107DC000003802400024F4000080BB00012808B500
:107DD00006D80AD1084A136F43F00803136708BD99
:107DE000064840F6FC21D2F765F9034A136F23F0E9
:107DF0000803136708BD00BF003802406C4C05083B
:107E00004368323BB3F5BF7F70B5064660D833692F
:107E1000023B052B56D83368023B3D2B4CD8B26849
:107E2000082A43D84FF4AA73D340D9073ED5F36844
:107E3000023B0D2B34D8294B294D00229A66F2F7CC
:107E400077FF044604E0F2F773FF001B022825D8F1
:107E50002B681A01F7D4D6E90021F36830691B06B4
:107E600043EA81131343B2681C49520843EA007382
:107E7000013A43EA02430122C5F884308A66F2F7E8
:107E800057FF174D044604E0F2F752FF001B02288B
:107E900004D82B681B01F7D5002070BD032070BDEE
:107EA000104840F62C31D2F705F9C4E70D4840F6EA
:107EB0002931D2F7FFF8BAE70A4840F62631D2F75F
:107EC000F9F8ACE7074840F62431D2F7F3F8A2E717
:107ED000044840F62331D2F7EDF898E70000474216
:107EE000003802406C4C050838B50A4B0A4D002298
:107EF0009A66F2F71DFF044604E0F2F719FF001B33
:107F0000022805D82B6813F00063F6D1184638BD57
:107F1000032038BD00004742003802404368323B2E
:107F2000B3F5BF7F70B5064651D8F368023B0D2B01
:107F300047D833683F2B3ED8B268082A35D84FF46B
:107F4000AA73D340D90730D5244B254D00221A6798
:107F5000F2F7EEFE044604E0F2F7EAFE001B022808
:107F600021D82B689A00F7D4301D0DC831681B0644
:107F700043EA801352080B43013A184943EA02438B
:107F80000122C5F888300A67F2F7D2FE144D044684
:107F900004E0F2F7CDFE001B022804D82B689B00FA
:107FA000F7D5002070BD032070BD0E4840F69A3111
:107FB000D2F780F8C8E70B4840F69731D2F77AF845
:107FC000BAE7084840F69531D2F774F8B1E70548AA
:107FD00040F69431D2F76EF8A7E700BF00004742A1
:107FE000003802406C4C050838B50A4B0A4D002297
:107FF0001A67F2F79DFE044604E0F2F799FE001BB3
:10800000022805D82B6813F00053F6D1184638BD66
:10801000032038BD00004742003802401D4908B522
:108020008B6803F00C03082B1AD00C2B01D01A48D4
:1080300008BD4A684B684968174813F48003C1F3C8
:10804000881118BF002302F03F02A1FB0001D0F706
:10805000D5FA104B5B68C3F30273B0FBF3F008BDB5
:108060004A684B6849680C4813F48003C1F38811CF
:1080700018BF002302F03F02A1FB0001D0F7BEFAB7
:10808000044B5B68C3F3014301335B00B0FBF3F0C7
:1080900008BD00BF003802400024F40070B5504C09
:1080A000F2F746FE236843F001030546236005E02E
:1080B000F2F73EFE401B022800F28F8023689E07E5
:1080C000F6D52368464E43F080032360F2F730FE76
:1080D0000023A360054641F2883404E0F2F728FE4D
:1080E000401BA04279D8B36813F00C0FF6D1F2F719
:1080F0001FFE33683A4D23F450230446336004E0F6
:10810000F2F716FE001B642867D82B689803F7D493
:10811000F2F70EFE2B68324E23F0807304462B607C
:1081200004E0F2F705FE001B022856D833689901D7
:10813000F7D4F2F7FDFD3368294D23F08063044640
:10814000336004E0F2F7F4FD001B022845D82B68E9
:108150001A01F7D4F2F7ECFD2B68214C23F0805381
:1081600006462B6004E0F2F7E3FD801B022834D8BA
:1081700023689B00F7D41B4B1B4A6360C4F8843010
:10818000C4F88820E3681948194A1A4923F4F853B7
:10819000E360E36823F40053E360E36823F480437F
:1081A000E360E36843F41F03E360E36843F4001310
:1081B000E360E36843F48003E360636F23F001034B
:1081C0006367636F43F08073636700681160D2F781
:1081D000EBF8003818BF012070BD032070BD00BF50
:1081E0000038024010300024103000044404002005
:1081F000080000200024F400002800F098822DE9F7
:10820000F04103680F2B82B0044600F25581DE076F
:108210003ED5636833F4803203D0B3F5A02F40F02D
:10822000AB81A94A936803F00C03042B00F058813A
:10823000936803F00C03082B00F04E81A24A936868
:1082400003F00C030C2B00F092816368B3F5803FC0
:1082500000F0B281B3F5A02F00F049829A4D2A6850
:1082600022F480322A602A6822F480222A60002BBD
:1082700040F0A781F2F75CFD064605E0F2F758FDF5
:10828000801B642800F28E812B689F03F6D423683C
:108290009D073BD5E368012B04D98C4840F67C51FF
:1082A000D1F708FF23691F2B00F28081864B9A6863
:1082B00012F00C0F00F0F7809A6802F00C02082A06
:1082C00000F0ED80804A936803F00C030C2B00F063
:1082D0000982E368002B00F09A817D4B7A4E0122DF
:1082E0001A60F2F725FD054605E0F2F721FD401B77
:1082F000022800F2578133689F07F6D53368226958
:1083000023F0F80343EAC203336023681A0700F13D
:10831000AD805D073AD5A368012B06D9052B04D0A3
:108320006A4840F6F151D1F7C5FE674A136C13F065
:10833000805300F006810025664E3368D80540F171
:108340002181A368012B00F04A81052B00F0D9811F
:108350005D4E326F22F001023267326F22F004026A
:108360003267002B40F04081F2F7E2FC41F288389E
:10837000074605E0F2F7DCFCC01B404500F2128125
:10838000336F9B07F6D4002D40F09481A369022B34
:1083900000F2E380002B65D04B4DAA6802F00C027E
:1083A000082A00F04581022B40F07381E36933F421
:1083B000800304D0454840F63D61D1F77BFE236A37
:1083C000023B3D2B00F28281636A323BB3F5BF7FF3
:1083D00000F27681A26A082A00F27E814FF4AA7325
:1083E000D340D80740F17881E36A023B0D2B00F2BD
:1083F0009881236B023B052B00F28D81344B324E6A
:1084000000221A66F2F794FC054605E0F2F790FCAC
:10841000401B022800F2C68033689901F6D4D4E9E3
:108420000731626A284D0B4343EA8213D4E90A20DC
:10843000216B43EA0063520843EA0173013A24497D
:1084400043EA0243012273600A66F2F771FC0446B4
:1084500005E0F2F76DFC001B022800F2A3802B68F8
:108460009A01F6D5002002B0BDE8F0816369012BC6
:1084700051D8002B3ED0164B134E0122C3F8802E4C
:10848000F2F756FC054605E0F2F752FC401B0228C5
:1084900000F28880736F9B07F6D5236839E75B6825
:1084A00059023FF50FAF084B1B689B073CD5E368AB
:1084B000012B39D00120D6E7044840F63D51D1F7D1
:1084C000F9FD2368A3E600BF003802406C4C0508A4
:1084D000000047420070004053685D027FF5AEAE79
:1084E000944B1B689A037FF5D2AE6368002B7FF430
:1084F000CEAEDFE7904A8F4EC2F8803EF2F718FC0E
:10850000054604E0F2F714FC401B02284AD8736FBA
:108510009F07F7D4C1E7894840F6C551D1F7CAFD96
:108520006369002BE6D0A6E7824A2169136823F02D
:10853000F80343EAC103136023681A077FF5E9AE25
:1085400094E70193136C43F080531364136C03F0AE
:1085500080530193019B0125EEE6784840F6346193
:10856000D1F7A8FDA369002B7FF416AF7AE7536813
:1085700059027FF56AAEB3E7704840F64251D1F731
:1085800099FD4EE6336843F480733360F2F7D0FB15
:1085900007463368D9053FF5D4AEF2F7C9FBC01BD7
:1085A0000228F6D9032002B0BDE8F081634840F606
:1085B0007D51D1F77FFD79E65E4A136843F480333D
:1085C0001360F2F7B5FB5B4E054604E0F2F7B0FB33
:1085D000401B6428E6D833689B03F7D557E6554A15
:1085E000136F43F001031367F2F7A2FB514F0646E6
:1085F00041F2883804E0F2F79BFB801B4045D1D85C
:108600003B6F9A07F7D5002D3FF4C0AE52E04A4ABF
:10861000484E1360F2F78CFB054604E0F2F788FB46
:10862000401B0228BED833689907F7D423686DE64B
:10863000012B3FF43FAF6B68E26903F48001914284
:108640007FF438AF226A03F03F0191427FF432AFEA
:10865000616A47F6C0721A40B2EB811F7FF42AAFFD
:10866000A26A520803F44031013AB1EB024F7FF4A1
:1086700021AFE16A03F07062B2EB016F7FF41AAFD1
:10868000226B03F0E043B3EB027F14BF0120002014
:10869000E9E6294B00221A66F2F74AFB044605E098
:1086A000F2F746FB001B02283FF67CAF2B689B01CC
:1086B000F6D4D7E61F4A136C23F08053136465E6A3
:1086C0001E4840F63F61D1F7F5FC83E61B4840F6B3
:1086D0003E61D1F7EFFC77E618484FF46461D1F7BB
:1086E000E9FC81E653685A023FF5F3ADDBE6114B36
:1086F0001A6842F480221A601A6842F480321A60C2
:108700005FE70C4B1A6F42F004021A671A6F42F0CF
:1087100001021A6768E7094840F64261D1F7CAFCCE
:108720006CE6064840F64161D1F7C4FC61E60120E1
:10873000704700BF00380240000047426C4C0508FB
:10874000234B0F2202601A68510358BF1A68204B4E
:1087500054BF02F480324FF4A02242601A6802F043
:108760000102C2601A68C2F3C40202611A6F5207A2
:1087700058BF1A6F164B54BF02F0010205228260E7
:108780005A6F02F0010242611A6812F0807F0CBF3A
:108790000122022282615A6802F48002C2615A6890
:1087A00002F03F0202625A68C2F3881242625A68BB
:1087B00002F4403202F58032D20B82625A68C2F370
:1087C0000362C2625B68C3F302730363704700BF56
:1087D00000380240154B164A1B68A2FB032382B0E7
:1087E00064225B0A02FB03F30021009102680193FB
:1087F00005E0019B013B019393689B0706D4019B15
:10880000002BF6D1436D43F040034365136823F01A
:1088100040031360536823F0E0035360D368009370
:10882000009B072180F8511002B07047080000201B
:10883000F119760503685A6822F080025A601A68B6
:10884000072122F040021A6080F85110704700BFE3
:108850002DE9F04383B01F4615460A9E0C4680461C
:10886000F2F766FA3E44361AF2F762FA2D4B1A68AE
:10887000C2F3CB3206FB02F2013701920DD1D8F8D8
:108880000020936834EA03030CBF012300239D42B8
:10889000F7D1002003B0BDE8F0838146D8F800305E
:1088A0009B6834EA03030CBF01230023AB42F0D0E2
:1088B000F2F73EFAA0EB0903B34208D2019B002B6A
:1088C000019B03F1FF3308BF00260193E6E7D8E9D7
:1088D00000315A68B1F5827F22F0E0025A6014D06C
:1088E000D8F82820B2F5005F07D11A6822F40052A8
:1088F0001A601A6842F400521A600122002388F8B4
:10890000512088F850300320C4E7D8F80820B2F589
:10891000004F02D0B2F5806FE2D11A6822F0400217
:108920001A60DDE7080000202DE9F04184B00F4611
:10893000904600920B46012202210446FFF788FF71
:1089400040BB194B1D68194BA3FB05356D0D4FF44A
:108950007A7303FB05F563680395B3F5827F0646DA
:1089600007D10DE0039B2168013B03938B681B0635
:1089700002D5039B002BF5D1304604B0BDE8F08151
:108980000246CDF800803B4680212046FFF760FF7D
:108990000028F1D0636D032643F020033046636561
:1089A00004B0BDE8F08100BF08000020819F5E1682
:1089B0002DE9F04182B01C460E4615468046F2F77E
:1089C000B7F96434241AF2F7B3F92D4B1B68C3F3DB
:1089D000CB3304FB03F30193D8F800309B6836EAED
:1089E00003030CBF01230023AB4237D0074610E03E
:1089F0000199019BD8F80020013B0193936800295D
:108A000008BF002436EA03030CBF01230023AB4256
:108A100024D0F2F78DF9C01BA042E9D3D8E9003188
:108A20005A68B1F5827F22F0E0025A601AD0D8F875
:108A30002820B2F5005F07D11A6822F400521A60AC
:108A40001A6842F400521A6001220023032088F8B9
:108A5000512088F8503002B0BDE8F081002002B00B
:108A6000BDE8F081D8F80820B2F5004F02D0B2F589
:108A7000806FDCD11A6822F040021A60D7E700BF8D
:108A800008000020F0B50B4683B00F4601220221FA
:108A90000446FFF78DFF28BB164A174B1568A3FB4A
:108AA00005356D0D4FF47A7303FB05F56368019589
:108AB000B3F5827F064607D10CE0019B2168013B9C
:108AC00001938B681B0602D5019B002BF5D1304624
:108AD00003B0F0BD02463B4680212046FFF768FF09
:108AE0000028F4D0636D032643F02003304663650D
:108AF00003B0F0BD08000020819F5E164268B2F509
:108B0000827F10B50B46044606D000220121FFF7F4
:108B10004FFF78B9002010BD8268B2F5004F15D024
:108B2000B2F5806F0CD0002280212046FFF740FF75
:108B30000028EFD0636D43F020036365032010BD70
:108B400001680A6822F040020A60DEE701680A68EC
:108B500022F040020A60204600228021FFF728FF11
:108B60000028D7D0E6E700BF704700BF002800F01C
:108B7000088138B5934A03689342044610D0A2F5A1
:108B8000784293420CD002F58062934208D002F5FD
:108B90007842934204D08C484FF4A071D1F78AFAFE
:108BA00063683BB1B3F5827F04D0874840F241113E
:108BB000D1F780FAA36833F4806240F0A180E368C3
:108BC00033F4006304D0804840F24311D1F772FAC5
:108BD000A36933F4007203D0B3F5802F40F0B8805E
:108BE000E3695BB1182B00F29E80072B40F2A58051
:108BF000764A22FA03F3DD0740F19F80236A33F0BF
:108C0000800304D070484FF4A371D1F753FA636A1C
:108C1000002B5CD1236933F0020304D06A484FF47F
:108C2000A571D1F747FA6369012B04D9664840F270
:108C30004B11D1F73FFA6368B3F5827F00F0A38050
:108C40000023E36194F851300021A16203F0FF0298
:108C5000002B5FD0D4E90130E268256800F40440BD
:108C600003F48273034302F4006003432069A269A2
:108C700000F002000343022084F85100606900F014
:108C800001000343E06902F4007E00F0380C206A22
:108C900043EA0E0300F0800043EA0C0303430B4356
:108CA000616A120C01F0100102F004020A43296803
:108CB00021F0400129602B606A60EB6923F40063B6
:108CC000EB6100200123606584F8513038BD102B22
:108CD00007D03D4840F24711D1F7ECF9636A002B09
:108CE00098D0E36943B1182B3CD8072B43D9374AB6
:108CF00022FA03F3DB073ED50023C4E90433A1E7DE
:108D0000B3F5004F3FF45BAF2F484FF4A171D1F79B
:108D1000D1F954E784F850202046D1F733FAA16AFC
:108D200001F4005196E7203B182B06D84FF0013292
:108D300022FA03F3DB073FF561AF234840F2451108
:108D4000D1F7B8F9236A33F080033FF460AF59E7F5
:108D50001D484FF4A271D1F7ADF9E369002B3FF440
:108D60004DAF3FE7203B182B05D84FF0013222FAD8
:108D700003F3DA07C0D4144840F25911D1F79AF935
:108D8000BAE701207047E369002B3FF45BAF182B73
:108D90000DD8072B05D90D4A22FA03F3D9073FF561
:108DA00051AF094840F24F11D1F784F94AE7203B0F
:108DB000182BF6D84FF0013222FA03F3D8073FF50B
:108DC00041AFEEE7003001401C4D050800010101F4
:108DD000704700BF48B30368154A934210B5044674
:108DE00011D0A2F5784293420DD002F580629342F1
:108DF00009D002F57842934205D00E484FF4DF7156
:108E0000D1F758F92368022284F851201A6822F019
:108E1000400220461A60D1F763FA0023636584F8A4
:108E2000503084F85130184610BD0120704700BF03
:108E3000003001401C4D05082DE9F04104468068D2
:108E40001D4630F4004382B00F46904604D081485E
:108E500040F20731D1F72EF9F1F76AFF94F851305B
:108E6000012B0646D8B274D1002F6FD0B8F1000F95
:108E70006CD094F85030012B6BD0A26884F850006D
:108E80002068276300230321B2F5004F84F85110B6
:108E9000C4E910336365A4F83480A4F83680A36372
:108EA000A387E387014607D1036823F040030360EB
:108EB000036843F48043036003685B064DD5E368B1
:108EC0006268B3F5006F51D0002A40F08D803B7886
:108ED0000373E38E226B013B01329BB22263E38674
:108EE000E38E9BB2BBB1681C74D123689A6891076A
:108EF0007FD5226B12781A73B4F836C0236B0CF14D
:108F0000FF3C1FFA8CFCA4F836C0E18E013389B215
:108F100023630029E9D1324629462046FFF704FDA4
:108F200008B120236365A36833B922680193D3682D
:108F3000019393680193019B012384F85130606D84
:108F40000023C01A84F8503018BF012002B0BDE8D9
:108F5000F081022002B0BDE8F0810368626843F04E
:108F600040030360E368B3F5006FADD1002A67D01A
:108F7000B8F1010F64D0E38E9BB2002BCBD06B1CF9
:108F80004ED183689F070FD5226B32F8023BC36036
:108F9000E38E2263013B9BB2E386E38E9BB2002B00
:108FA000B9D083689F07EFD4F1F7C2FEE38E9BB27E
:108FB000002BB0D02068E4E7226B12781A73E38E9E
:108FC000226B013B01329BB22263E386E38E9BB2AC
:108FD000002BA0D023689A689207EDD4F1F7A8FE81
:108FE000801BA842F2D323E0B8F1010F7FF478AFE1
:108FF0006DE7F1F79DFEE38E9BB2002B7FF475AF1A
:1090000089E7226B32F8023BCB60E38E2263013B9F
:109010009BB2E386E38E9BB2002B3FF47CAF2168CA
:109020008B689A07EDD4F1F783FE831BAB42F1D333
:10903000012384F85130002384F85030032085E761
:1090400037F8023BC360E38E2763013B9BB2E386A4
:1090500091E700BF1C4D05082DE9F04104468068EA
:1090600082B00F4690461E46002840F09F80F1F7E0
:109070005FFE94F851306268012B0546D9B20AD0E0
:10908000B2F5827F40F08E80A368002B40F08A808A
:10909000042940F08780002F00F00E81B8F1000F06
:1090A00000F00A81002E00F0078194F85030012B67
:1090B00078D094F85130C4F83880042B1CBF0523B5
:1090C00084F85130002363650121C4E9103323681B
:1090D000E68784F85010E6861968A6874906276354
:1090E000A68603D4196841F040011960E168B1F522
:1090F000006F61D0002A00F0D080012E00F0CD80FA
:10910000089B01334FF0010628D093E021688B685B
:109110009B070FD5E38E9BB263B15EB1236B1B78C7
:109120000B73E38E226B2168013B01329BB2002658
:10913000E38622638B6813F001030DD0E28F92B2B5
:1091400052B1A26BC9681170E28FA16B013A013173
:1091500092B2A163E2871E46F1F7EAFDE38E9BB26D
:10916000002BD3D1E38F9BB2002BCFD108992A4695
:109170002046FFF7D9FB002840F09980A36833B957
:1091800022680193D368019393680193019B0123A3
:1091900084F85130606D0023C01A84F8503018BF35
:1091A000012000E0022002B0BDE8F081644840F2F6
:1091B0007E41D0F77FFF5AE7002A7FD137F8022B94
:1091C000DA60E38E2763013B9BB2E386089B0133A1
:1091D0004FF0010625D074E02268936898070DD5FA
:1091E000E38E9BB253B146B1216B31F8023BD360A1
:1091F000E38E2163013B9BB2E3860026936813F064
:1092000001030CD0E18F89B249B1A16BD26821F87A
:10921000022B1E46E38FA163013B9BB2E387F1F76C
:1092200087FDE38E9BB2002BD6D1E38F9BB2002B40
:10923000D2D19BE7E38E9BB21BB9E38F9BB2002B8D
:1092400094D02268936899070FD5E38E9BB263B1DF
:109250005EB1236B1B781373E38E216B2268013B95
:1092600001319BB20026E3862163936813F001036A
:1092700003D0E18F89B2002955D1F1F759FD089B40
:10928000401B9842D6D3012384F851300320002399
:1092900084F8503002B0BDE8F0813A781A73E38E5A
:1092A000226B013B01329BB22263E38628E7202236
:1092B0000023626584F85030012074E7012E85D1C7
:1092C0007CE7E38E9BB223B9E38F9BB2002B3FF484
:1092D0004DAF226893689F070DD5E38E9BB253B1C3
:1092E00046B1216B31F8023BD360E38E2163013B31
:1092F0009BB2E3860026936813F001030CD0E18F44
:1093000089B249B1A16BD26821F8022B1E46E38FC6
:10931000A163013B9BB2E387F1F70AFD089B401B69
:109320009842CED3AFE7A16BD2680A70E28FA16BEF
:10933000013A013192B2A163E2871E469DE700BF68
:109340001C4D05082DE9F0431D4690F85130012BC6
:1093500083B077D15FFA83F84368B3F5827F044620
:109360001746894603D18368002B00F0D280F1F7BD
:10937000DFFC0646B9F1000F60D0002F5ED094F8F4
:109380005030012B5ED0A2682168C4F838900120CB
:10939000002384F85000B2F5004F4FF0040084F829
:1093A0005100C4E9103363652363A386E787A78769
:1093B000E3860B4600F0A4800A68500603D40A68CE
:1093C00042F040020A60E268002A41D1E28F92B284
:1093D000CAB16F1C0ED06BE0A26B1B7B1370E28FC7
:1093E000A16B013A92B2E287E38F01319BB2A16394
:1093F0004BB123689A68D007EED4F1F799FCE38F5C
:109400009BB2002BF5D16368B3F5827F00F08B80AF
:1094100000962B46002201212046FFF719FA00286A
:1094200040F09280012384F85130606D0023B0EB4E
:10943000030884F8503018BF4FF00108404603B0CD
:10944000BDE8F0834FF00208404603B0BDE8F0836A
:10945000E28F92B2002AD6D06A1C40D18B68DB071B
:109460000FD5A36BCA6823F8022BE28FA363013ADE
:1094700092B2E287E38F9BB2002BC4D08B68DB07EC
:10948000EFD4F1F755FCE38F9BB2002BBBD02168E2
:10949000E4E7A26B1B7B1370E38FA26B013B0132ED
:1094A0009BB2A263E387E38F9BB2002BABD0236810
:1094B0009A68D107EDD4F1F73BFC801BA842F2D3A8
:1094C00015E0A26BDB6822F8023BE38FA263013B4D
:1094D0009BB2E387E38F9BB2002B94D023689A68FA
:1094E000D207EED4F1F724FC801BA842F2D301236B
:1094F00084F85130002384F850304FF003089DE782
:109500000A6822F040020A600A6822F480420A6077
:1095100052E700950425134680F851500A46FFF79C
:109520009BFD80468AE7A368B3F5004F23D0B3F5CF
:10953000806F10D000962B46002280212046FFF736
:1095400087F900283FF46EAF636D43F02003636535
:109550002023636566E721680A6822F040020A60FA
:109560002B460022009601212046FFF771F90028C2
:109570003FF458AFE8E72268136823F04003136014
:10958000D8E700BF836833F4004370B504460E4645
:10959000154604D0234840F26D51D0F78BFD002EC4
:1095A0003DD0002D3BD094F85130012BDAB234D1AC
:1095B00094F85030012B30D0032084F85100E1683A
:1095C000194884F85020194A26630023994218BF8D
:1095D0000246A1686365B1F5004FC4E91032E58623
:1095E000A363A387E387A586236807D11A6822F0BF
:1095F00040021A601A6842F480421A601A685206E1
:1096000003D41A6842F040021A60002084F8500027
:109610005A6842F0A0025A6070BD022070BD01205D
:1096200070BD00BF1C4D0508D99D0308B59D0308FA
:10963000F8B5044680680E4617461D46002846D1F8
:1096400094F851306268012BD9B207D0B2F5827F0D
:1096500039D1A368002B36D1042934D1002E34D05F
:10966000002F32D0002D30D094F85030012B2AD06A
:1096700094F85130194A1A482663042B1CBF05235D
:1096800084F8513000236365E368E586002B154BB1
:10969000E58718BF134663642368134A1968A586D3
:1096A00018BF024622644A06A763A58703D41A6836
:1096B00042F040021A60002084F850005A6842F0DC
:1096C000E0025A60F8BD0220F8BD0120F8BD07484D
:1096D00040F21D61D0F7EEFCB2E700BF899F03089E
:1096E000C19F0308219F0308559F03081C4D0508CF
:1096F00070B590F851E0BEF1010F50D185688446F5
:109700000C465FFA8EF3002D3CD0002C38D0002A96
:1097100036D09CF85030012B41D001238CF85030CA
:1097200004238CF851300023CCF85430DCF80C10B2
:10973000ACF83E20ACF83C20CCF830301E4AACF8F7
:109740003430ACF83630CCF844301C4BCCF83840D0
:10975000002918BF1346B5F5004FDCF80020CCF8FF
:1097600040301FD013685B0603D4136843F04003F6
:10977000136000238CF85030516841F06001516053
:10978000184670BD4668B6F5827FBED1042480F8C5
:1097900051401346BDE870400A46FFF749BF022317
:1097A000184670BD136823F040031360136823F458
:1097B00080431360D6E700BFFDA20308059E03089F
:1097C000836C70B504460D461646002B5FD0A36827
:1097D00033F4004304D0314840F27361D0F76AFC9F
:1097E00094F85130012BDAB247D1002D4DD0002E24
:1097F0004BD094F85030012B3FD0032184F8511006
:10980000A16884F850200023B1F5004F6365C4E9D6
:109810001033E68622682563A686A363A387E387C1
:1098200007D1136823F040031360136843F48043A7
:109830001360A06C1A4B03641A4BC3631A4BC364C6
:10984000E38E002606650C3229469BB2F2F7E4FE51
:10985000A8B923681A68520603D41A6842F0400275
:109860001A60002284F850205A6842F020025A60A0
:109870005A6842F002025A6070BD022070BD636DEA
:1098800084F8506043F010036365012070BD034805
:109890004FF4CE61D0F70EFC99E700BF1C4D0508D0
:1098A000F99C03081DA00308F99F03082DE9F04166
:1098B0000446C06C0F4616461D46002800F08780FF
:1098C000A36C002B00F08C80A368002B54D194F87B
:1098D00051306268012BD9B207D0B2F5827F48D1EE
:1098E000A368002B45D1042943D1002F3FD0002E7F
:1098F0003DD0002D3BD094F85030012B39D00123BE
:1099000084F8503094F851303C49A586042B18BF98
:1099100005234FF0000818BF84F85130C4F8548074
:10992000E586E58794F85130A587E06C344D2763D0
:10993000042B344BA66318BF0B46C4E91088324988
:10994000036418BF2946314BC364E38FC1632168A8
:10995000C0F8508032469BB20C31F2F75DFE0546EE
:1099600080B1636D84F8508043F01003636501207B
:1099700000E00220BDE8F081254840F24D71D0F7AB
:1099800099FBA4E72268A06C5368216B43F00103A4
:109990005360E38E0C32C0E90F55C0E913559BB2FA
:1099A000F2F73AFE10BB23681A68520603D41A680D
:1099B00042F040021A60002284F850205A6842F0B7
:1099C00020025A605A6842F002025A60D2E71048F8
:1099D00040F24971D0F76EFBA36C002B7FF474AF9B
:1099E0000B4840F24A71D0F765FB6DE7636D84F870
:1099F000505043F010036365B9E700BF199D030899
:109A000045A10308099D030889A00308F99F0308DD
:109A10001C4D0508C36C70B504460D461646002B58
:109A200069D094F85130012B45D1A2681AB9636806
:109A3000B3F5827F52D0002D45D0002E43D094F84C
:109A40005030012B37D0012384F85030042384F8A0
:109A50005130B2F5004F4FF000036365C4E9103395
:109A6000E6872168A563A687A386E3862DD0E06CF0
:109A7000274B0364274BC363274BC364E38F002644
:109A800006652A460C319BB2F2F7C6FDA8B92368D9
:109A90001A68520603D41A6842F040021A60002283
:109AA00084F850205A6842F020025A605A6842F006
:109AB00001025A6070BD022070BD636D84F8506071
:109AC00043F010036365012070BD0B6823F0400371
:109AD0000B600B6823F480430B60C8E7A36C04227F
:109AE00084F851206BB133462A4629462046BDE80A
:109AF0007040FFF7DBBE094840F2D761D0F7DAFAD1
:109B00008FE7064840F2E361D0F7D4FAEBE700BFF5
:109B1000099D030889A00308F99F03081C4D050847
:109B200010B5484B484A1B68A2FB032384B064224B
:109B30005B0A02FB03F30193019B026800935368E5
:109B400023F02003536053681906044613D53F4B96
:109B50004364009B4BB1009B013B009394F8513050
:109B6000072B06D0009B002BF5D1636D43F040031B
:109B70006365019B009353685B0612D5344B2364E5
:109B800006E0009B013B009394F85130072B06D070
:109B9000009B002BF5D1636D43F040036365019B8F
:109BA0000093536898071AD5A06CC0B100230365D1
:109BB000F2F784FD002841D12268536823F00203A4
:109BC000536005E0009B013B00939368990706D41E
:109BD000009B002BF6D1636D43F04003636553682F
:109BE000DB0711D5E06C78B100230365F2F766FD61
:109BF00008B1402363652268136823F040031360B3
:109C0000536823F0010353600020E087E086636D12
:109C1000402B4FF0000318BF60650293D16802919A
:109C2000916802910299039393680393039A08BF82
:109C30000120012384F8513004B010BD4023636536
:109C4000BAE700BF08000020F1197605358803083F
:109C5000D587030890F85020012A0DD010B404686D
:109C600062680346002122F00302626083F850100C
:109C700008465DF8044B70470220704790F850206A
:109C8000012A0DD010B4046862680346002142F036
:109C90000302626083F8501008465DF8044B704779
:109CA0000220704738B50446806C10B1F2F706FD0B
:109CB000A0B90025E06C38B1F2F700FD20B1636D6A
:109CC00043F010030125636522685368012123F0E6
:109CD0000303536084F85110284638BD636D43F088
:109CE000100301256365E5E7704700BF704700BFBB
:109CF000704700BF704700BF08B5806BFFF7FAFFE1
:109D000008BD00BF704700BF08B5806BFFF7FAFFC2
:109D100008BD00BF704700BF08B5806BFFF7FAFFB2
:109D200008BD00BF704700BF10B5204B204A1B681C
:109D3000A2FB0323642182B05B0A01FB03F3044608
:109D40000093F0F7F5FF2268014605E0009B013B18
:109D5000009393689B0706D4009B002BF6D1636D9C
:109D600043F020036365536823F0A003536020464B
:109D7000FEF788FE18B1636D43F020036365A368A6
:109D800033B922680193D368019393680193019BCF
:109D9000012384F85130636D20461BB1FFF7C2FFE9
:109DA00002B010BDFFF7A0FF02B010BD08000020F8
:109DB000F1197605016B026809781173C28E016B87
:109DC000013A92B2C286C28E013192B2016302B1EF
:109DD0007047FFF7A9BF00BF016B026810B431F8EC
:109DE000024BD460C28E0163013A92B2C286C38E26
:109DF0009BB213B15DF8044B70475DF8044BFFF75D
:109E000093BF00BF0268836B127B1A70C38F826B93
:109E1000013B9BB2C387C38F01329BB2826303B104
:109E2000704710B50268536823F0600382B0536036
:109E30000446F0F77DFF01462046FEF75FFE18B1AD
:109E4000636D43F020036365A36833B9226801930F
:109E5000D368019393680193019B012384F85130E7
:109E6000636D20461BB1FFF75DFF02B010BDFFF729
:109E70003DFF02B010BD00BF10B5274B274A1B683D
:109E8000A2FB0323642182B004465B0A01FB03F3B7
:109E90000093F0F74DFF2268536823F0200301463A
:109EA000536005E0009B013B009393689B0706D439
:109EB000009B002BF6D1636D43F0200363652046C1
:109EC000FEF7E0FD18B1636D43F020036365A368FE
:109ED00033B922680193D368019393680193019B7E
:109EE000636D83B994F85130042B4FF0010384F86B
:109EF0005130204603D0FFF7FBFE02B010BDFFF744
:109F0000F5FE02B010BD012384F851302046FFF762
:109F100009FF02B010BD00BF08000020F11976054E
:109F2000016B026809781173C28E016B013A92B21B
:109F3000C286C28E013192B201633AB901684A68A1
:109F400022F080024A60C38F9BB203B17047FFF7D3
:109F500093BF00BF0168826B097B1170C28F816B58
:109F6000013A92B2C287C28F013192B281633AB98B
:109F700001684A6822F060024A60C38E9BB203B156
:109F80007047FFF779BF00BF016B10B4046831F868
:109F9000022BE260C28E0163013A92B2C286C28E87
:109FA00092B232B9626822F080026260C38F9BB2C3
:109FB00013B15DF8044B70475DF8044BFFF75CBFCD
:109FC00010B40468816BE26821F8022BC28F8163B0
:109FD000013A92B2C287C28F92B232B9626822F05D
:109FE00040026260C38E9BB213B15DF8044B7047B0
:109FF0005DF8044BFFF740BF806B026808B55368FB
:10A0000023F003035360436D012143F010034365C4
:10A0100080F85110FFF786FE08BD00BF30B5054639
:10A0200083B0846BF0F784FE2B681B68DB0521D4BA
:10A0300023685A6822F020025A605A6822F002020D
:10A0400001465A602046FEF71DFD18B1636D43F0CE
:10A0500020036365A36833B922680193D368019331
:10A0600093680193019B01230022E28684F851301A
:10A07000636D23B92046FFF737FE03B030BD20469D
:10A08000FFF750FE03B030BD70B50546846BF0F7A6
:10A090004FFE2A68126812F480721CD121684D6844
:10A0A00025F0200503464D60D4E90150B8B14E6853
:10A0B000B5F5827F26F001064E601CD000220121FA
:10A0C0002046FEF775FC20BB01230022E28784F8BE
:10A0D0005130636D5BB92046FFF708FE70BDB5F5E2
:10A0E000827F4A681CD022F001024A60E6E72046DF
:10A0F000FFF718FE70BDB0F5004F15D10A6822F0C9
:10A1000040020A60002280212046FEF751FC002810
:10A11000DAD0636D43F02003636520236365D3E7E2
:10A1200022F003024A60EDE7B0F5806FEAD10868DB
:10A1300020F04000086001212046FEF739FC00288D
:10A14000C2D0E6E738B50546846BF0F7F1FD2B6821
:10A150001B68DB051AD42268536823F020030146EC
:10A1600053602046FEF78EFC18B1636D43F0200368
:10A17000636521684B68002223F0030301204B60D4
:10A18000E286E28784F85100636D1BB92046FFF731
:10A19000AFFD38BD2046FFF7C5FD38BD30B50268BC
:10A1A0005168936813F0400F85B00446C3F38015DF
:10A1B00016D113F0010F53D198076AD508067CD445
:10A1C000980613D4DB0568D58D0666D5636D00202F
:10A1D00043F008036365039093680393039B18E0BF
:10A1E000980742D5080668D4980640D5880654D505
:10A1F000002D56D1606D40F0010060650020029096
:10A2000090680290106820F0400010600298DB0512
:10A21000DCD4636D002B40D05368012023F0E003B1
:10A220008D07536084F8510059D05368E06C23F0D7
:10A230000303536040B12C4B0365F2F789FA18B160
:10A24000636D43F040036365A06C30B3264B036538
:10A25000F2F77EFA08B3636D43F0400363651CE0D8
:10A2600011F0400FA8D0036C29E09D0617D4880692
:10A2700013D594F85100032817D0606D40F0040006
:10A28000606500200090D068009090680090009871
:10A29000BDE7980696D58806ACD405B030BD8D06CE
:10A2A000FBD594F8510003280DD100230193D36806
:10A2B000019393680193019BEFE7636C204605B01F
:10A2C000BDE830401847606D40F004006065002034
:10A2D0000090D06800909068009000988AE720462F
:10A2E000FFF720FDD9E700BFEDA2030808B5806B9A
:10A2F0000023C387C386FFF715FD08BD0168826B85
:10A30000CB6822F8023BC38F8263013B9BB2C387B9
:10A31000C38F9BB203B1704710B54B6823F0600345
:10A3200082B04B600446F0F703FD01462046FEF77D
:10A33000E5FB18B1636D43F020036365A36833B98F
:10A3400022680193D368019393680193019B0123D1
:10A3500084F85130636D20461BB1FFF7E3FC02B077
:10A3600010BDFFF7C3FC02B010BD00BF704700BFB7
:10A3700030B55B4B5B4A1B68A2FB032385B06422AC
:10A380005B0A02FB03F30193019B0268009353688D
:10A3900023F02003536053681D06044613D5524B27
:10A3A0004364009B4BB1009B013B009394F85130F8
:10A3B000072B06D0009B002BF5D1636D43F04003C3
:10A3C0006365019B00935368580612D5474B23647D
:10A3D00006E0009B013B009394F85130072B06D018
:10A3E000009B002BF5D1636D43F040036365019B37
:10A3F0000093D4E91201002853D0536813F00203EC
:10A4000018D10365D1B1536813F0010F384B08BF61
:10A4100000230B6553689B0700D590B95368D80794
:10A4200020D50846F2F794F9002851D10025284696
:10A4300005B030BD2F4B03650029E4D1536899075F
:10A4400044D5F2F785F9054600282FD0A16C226883
:10A4500040230020086563655368DD0702D5E16C81
:10A460000029DED10025E587E586636D402B4FF09E
:10A47000000318BF65650293D1680291916802914B
:10A4800002990393936803934FF00103039A84F8AE
:10A490005130204608BF0125FFF768FF284605B068
:10A4A00030BD0029AFD153685368DBE723685B6890
:10A4B000DB07BBD5E06C0028B8D0F2F749F90028DB
:10A4C000B4D0E26C402315656365AFE75368C9E714
:10A4D000E26C00214023116522686365C2E700BF7A
:10A4E00008000020F119760535880308D587030890
:10A4F000F9A4030871A5030830B5846B2368E16CE7
:10A500001A6822F0400283B01A605A68002522F0CF
:10A5100001020D655A60F0F70BFC01462046FEF77C
:10A52000B1FA18B1636D43F040036365A36C1BB1CE
:10A530001B6D0BB103B030BD0023E387E386626D72
:10A54000402A18BF6365002223680092D9680091F1
:10A5500099680091009901929B6801930123019AE7
:10A5600084F851302046FFF701FF03B030BD00BF33
:10A5700010B5204B204A1B68806BA2FB032384B0DC
:10A5800064215B0A026801FB03F301935368816C49
:10A59000002423F002030C65536005E0019B013B9E
:10A5A000019393689B0706D4019B002BF6D1436D62
:10A5B00043F040034365C36C1BB11B6D0BB104B08A
:10A5C00010BD0023C387C386416D402918BF436572
:10A5D00000230293D168029191680291029903933A
:10A5E000936803930123039A80F85130FFF7BEFE6E
:10A5F00004B010BD08000020F119760590F8510054
:10A60000704700BF406D70472DE9F041056A036A4D
:10A610000A6823F0010303624768836923F0730328
:10A6200043EA02088B6825F002051D431C4B984243
:10A6300004460E460BD003F58063984207D073683A
:10A640006760C4F8188063632562BDE8F081F36831
:10A6500033F0080205D0134841F6D021CFF72AFD88
:10A66000F36825F008051D43B36933F4007325F042
:10A67000040504D00B4841F6DD21CFF71BFD7369BB
:10A6800033F4807205D0074841F6DE21CFF712FD82
:10A690007369B16927F440720A4342EA0307CEE7BF
:10A6A00000000140C84D05082DE9F041056A036A24
:10A6B0000A6823F4807303624768C36923F0730355
:10A6C00043EA02088B6825F4007545EA03251D4B13
:10A6D000984204460E460BD003F58063984207D09B
:10A6E00073686760C4F81C80E3632562BDE8F0818D
:10A6F000F36833F0080205D0134841F66731CFF70D
:10A70000D9FCF36825F4006545EA0325B36933F401
:10A71000007325F4806504D00B4841F67431CFF7FF
:10A72000C9FC726932F4807305D0074841F675316F
:10A73000CFF7C0FC7269B36927F440571A4347EA60
:10A740000217CDE700000140C84D05080268936874
:10A7500070B50C46496823F0700305460B4320682A
:10A7600023F007030343502993607ED04BD960291F
:10A7700000F0CE80702950D1874B9A421FD0B2F1A1
:10A78000804F1CD0A3F57C439A4218D003F5806318
:10A790009A4214D003F580639A4210D003F57843AF
:10A7A0009A420CD003F570539A4208D0A3F5943323
:10A7B0009A4204D0794841F6EE31CFF77BFCE3684A
:10A7C00033F4405304D0754841F6EF31CFF772FCB3
:10A7D000A368B3F5004F05D033F0020202D00A2B74
:10A7E00040F0428121690F2900F223812868E36843
:10A7F0008268A46822F47F422343134343EA01237F
:10A800008360002070BD402900F0CA8005D820294F
:10A8100007D004D831F0100303D0012070BD3029D7
:10A82000FBD15D4B9A42ECD0B2F1804FE9D0A3F559
:10A830007C439A42E5D003F580639A42E1D003F568
:10A8400080639A42DDD003F578439A42D9D003F56C
:10A8500070539A42D5D0A3F594339A42D1D04F4841
:10A8600041F63641CFF726FCCBE74B4B9A422FD02F
:10A87000B2F1804F2CD0A3F57C439A4228D003F547
:10A8800080639A4224D003F580639A4220D003F576
:10A8900078439A421CD003F570539A4218D003F5BE
:10A8A00080639A4214D003F580639A4210D0A3F5D6
:10A8B00098339A420CD003F580639A4208D003F58E
:10A8C00080639A4204D0354841F61741CFF7F2FB36
:10A8D000A368B3F5004F05D033F0020202D00A2B73
:10A8E00040F0CE8026690F2E00F2B1802B68A1685F
:10A8F000186A1A6A22F001021A629A6920F00A00A4
:10A9000022F0F002014342EA06129A61196278E7E6
:10A91000214B9A421FD0B2F1804F1CD0A3F57C434B
:10A920009A4218D003F580639A4214D003F58063ED
:10A930009A4210D003F578439A420CD003F5705335
:10A940009A4208D0A3F594339A4204D0134841F6B2
:10A950002541CFF7AFFBA368B3F5004F05D033F027
:10A96000020202D00A2B40F0858020690F2867D8A8
:10A970002B68A4681A6A196A21F010011962996992
:10A9800022F0A00221F4704142EA041241EA0031AF
:10A9900099611A6235E700BF00000140C84D050803
:10A9A0003A4B9A422FD0B2F1804F2CD0A3F57C4382
:10A9B0009A4228D003F580639A4224D003F580633D
:10A9C0009A4220D003F578439A421CD003F5705385
:10A9D0009A4218D003F580639A4214D003F580633D
:10A9E0009A4210D0A3F598339A420CD003F58063B5
:10A9F0009A4208D003F580639A4204D0244841F675
:10AA0000FD31CFF757FB23690F2B27D82368052B80
:10AA10003FF403AF2B682069196A1A6A22F0010219
:10AA20001A629A6922F0F00242EA00129A611962EF
:10AA3000E7E641F6F1311648CFF73CFB2169D5E650
:10AA4000134841F62741CFF735FB206990E71048BE
:10AA500041F61941CFF72EFB266947E70C4841F62E
:10AA6000FE31CFF727FBD1E7094841F6F031CFF7A8
:10AA700021FBB7E6064841F62641CFF71BFB74E7FA
:10AA8000034841F61841CFF715FB2BE700000140C2
:10AA9000C84D0508704700BF002800F0118138B587
:10AAA000884A03689342044637D0B3F1804F34D0CC
:10AAB000A2F57C42934230D002F5806293422CD0C2
:10AAC00002F58062934228D002F58062934224D03E
:10AAD00002F58062934220D002F5704293421CD06E
:10AAE00002F57052934218D002F58062934214D05E
:10AAF00002F58062934210D0A2F5983293420CD0B6
:10AB000002F58062934208D002F58062934204D03D
:10AB10006D4840F21311CFF7CDFAA36833F010025D
:10AB20000AD023F04002202A06D0402B04D06648E9
:10AB30004FF48A71CFF7BEFA236933F480725DD186
:10AB40002268E368B2F1804F65D060498A4262D0E2
:10AB5000013B4FF6FE7293428CBF00230123002B72
:10AB600000F0A880A36933F0800304D0564840F277
:10AB70001711CFF79FFA94F83D3003F0FF02002B36
:10AB800000F0928022684F49022384F83D308A42C7
:10AB9000136875D0B2F1804F41D0A1F57C418A4253
:10ABA0003DD001F580618A4239D001F580618A4249
:10ABB00035D001F578418A4262D045498A4232D087
:10ABC00001F580618A422ED001F580618A422AD047
:10ABD000A1F598318A4226D001F580618A4222D0BF
:10ABE00001F580618A421ED0A5696168E06823F0A2
:10ABF00080032B431360D062916221E0B3F5007FA4
:10AC00009ED0314840F21511CFF754FA2268E3681C
:10AC1000B2F1804F99D1003B18BF01239FE7A16893
:10AC200023F070030B432069A16923F440730343AD
:10AC300023F08003E0680B4361681360D062916287
:10AC4000012353611369DB0703D5136923F0010363
:10AC50001361012384F8463084F83E3084F83F3095
:10AC600084F8403084F8413084F8423084F843302E
:10AC700084F8443084F8453084F83D30002038BDF5
:10AC8000A068216923F07003034323F440730B434E
:10AC9000A16923F080030B431360E368D362636808
:10ACA000936263691363CBE784F83C202046D0F7B6
:10ACB000D9F967E704484FF48B71CFF7FBF951E7F7
:10ACC0000120704700000140C84D0508000C0040FD
:10ACD00000400140704700BF354A0368934210B5F9
:10ACE000044638D0B3F1804F35D0A2F57C42934270
:10ACF00031D002F5806293422DD002F580629342FA
:10AD000029D002F58062934225D002F580629342F9
:10AD100021D002F5704293421DD002F57052934249
:10AD200019D002F58062934215D002F580629342F9
:10AD300011D0A2F5983293420DD002F58062934271
:10AD400009D002F58062934205D01A4840F24911B9
:10AD5000CFF7B0F92368022284F83D20196A41F246
:10AD60001112114208D1196A40F24442114203D132
:10AD70001A6822F001021A602046D0F7EBF9002091
:10AD800084F8460084F83C0084F83E0084F83F00D4
:10AD900084F8400084F8410084F8420084F84300BD
:10ADA00084F8440084F8450084F83D0010BD00BFDD
:10ADB00000000140C84D0508384A0368934210B5A9
:10ADC000044637D0B3F1804F34D0A2F57C42934291
:10ADD00030D002F5806293422CD002F5806293421B
:10ADE00028D002F58062934224D002F5806293421B
:10ADF00020D002F5704293421CD002F5705293426B
:10AE000018D002F58062934214D002F5806293421A
:10AE100010D0A2F5983293420CD002F58062934292
:10AE200008D002F58062934204D01D4840F295118B
:10AE3000CFF740F994F83D30012B2CD12368174A05
:10AE40000221934284F83D101AD0B3F1804F17D0FD
:10AE5000A2F57C42934213D002F5806293420FD058
:10AE600002F5806293420BD002F57842934207D0FC
:10AE700002F57052934203D0A2F59432934204D16A
:10AE80009A6802F00702062A03D01A6842F001020B
:10AE90001A60002010BD012010BD00BF000001405D
:10AEA000C84D0508284A0368934210B5044638D0B7
:10AEB000B3F1804F35D0A2F57C42934231D002F5F8
:10AEC000806293422DD002F58062934229D002F530
:10AED0008062934225D002F58062934221D002F530
:10AEE000704293421DD002F57052934219D002F580
:10AEF0008062934215D002F58062934211D0A2F590
:10AF0000983293420DD002F58062934209D002F547
:10AF10008062934205D00D484FF4DD71CFF7CAF837
:10AF20002368196A41F21112114208D1196A40F2DC
:10AF30004442114203D11A6822F001021A6001232F
:10AF400084F83D30002010BD00000140C84D0508C8
:10AF5000394A0368934210B5044637D0B3F1804FA5
:10AF600034D0A2F57C42934230D002F58062934205
:10AF70002CD002F58062934228D002F58062934281
:10AF800024D002F58062934220D002F570429342B1
:10AF90001CD002F57052934218D002F580629342A1
:10AFA00014D002F58062934210D0A2F598329342F9
:10AFB0000CD002F58062934208D002F58062934281
:10AFC00004D01E484FF4E871CFF774F894F83D3080
:10AFD000012B2FD123681849022284F83D20DA681A
:10AFE0008B4242F00102DA6019D0B3F1804F16D0E3
:10AFF000134A934213D002F5806293420FD002F5B8
:10B00000806293420BD002F57842934207D002F55A
:10B010007052934203D0A2F59432934204D19A68BD
:10B0200002F00702062A03D01A6842F001021A60F1
:10B03000002010BD012010BD00000140C84D0508D2
:10B04000000400402A4A0368934210B5044638D0F1
:10B05000B3F1804F35D0A2F57C42934231D002F556
:10B06000806293422DD002F58062934229D002F58E
:10B070008062934225D002F58062934221D002F58E
:10B08000704293421DD002F57052934219D002F5DE
:10B090008062934215D002F58062934211D0A2F5EE
:10B0A000983293420DD002F58062934209D002F5A6
:10B0B0008062934205D00F484FF4FC71CEF7FAFF3F
:10B0C0002368DA6822F00102DA601A6A41F211118B
:10B0D0000A4208D1196A40F24442114203D11A6867
:10B0E00022F001021A60012384F83D30002010BDD7
:10B0F00000000140C84D050870B53B4D044600688E
:10B10000A84282B00E4620D0B0F1804F1DD0374B00
:10B1100098421AD003F58063984216D003F58063F5
:10B12000984212D003F5806398420ED003F58063F5
:10B1300098420AD003F57043984206D02C480192F9
:10B1400040F21321CEF7B6FF019A94F83DC0BCF14E
:10B15000020F5FFA8CF006D094F83D30012B01D13C
:10B1600006B112B9012002B070BD206A2149022344
:10B1700084F83D301346204A0264204AC2642268A3
:10B18000C1632C323146F1F747FA0028EAD123682F
:10B190001549DA688B4242F48072DA6019D0B3F153
:10B1A000804F16D0114A934213D002F58062934229
:10B1B0000FD002F5806293420BD002F578429342A1
:10B1C00007D002F57052934203D0A2F59432934215
:10B1D00004D19A6802F00702062AC4D01A6842F025
:10B1E00001021A60BFE700BF0000014000040040F8
:10B1F000C84D0508312104084D210408AD24040878
:10B20000204A0368934210B5044620D0B3F1804F22
:10B210001DD0A2F57C42934219D002F58062934280
:10B2200015D002F58062934211D002F580629342FC
:10B230000DD002F58062934209D002F5704293422C
:10B2400005D0114840F25621CEF734FF2368DA6862
:10B25000206A22F48072DA60F1F77AFA2368196AB8
:10B2600041F21112114208D1196A40F244421142CE
:10B2700003D11A6822F001021A60012384F83D30DC
:10B28000002010BD00000140C84D0508704700BFF8
:10B29000002800F0118138B5884A036893420446BB
:10B2A00037D0B3F1804F34D0A2F57C42934230D0F6
:10B2B00002F5806293422CD002F58062934228D03E
:10B2C00002F58062934224D002F58062934220D03E
:10B2D00002F5704293421CD002F57052934218D08E
:10B2E00002F58062934214D002F58062934210D03E
:10B2F000A2F5983293420CD002F58062934208D0B6
:10B3000002F58062934204D06D4840F29321CEF75B
:10B31000D1FEA36833F010020AD023F04002202AA5
:10B3200006D0402B04D066484FF42571CEF7C2FEFC
:10B33000236933F480725DD12268E368B2F1804FF3
:10B3400065D060498A4262D0013B4FF6FE7293425B
:10B350008CBF00230123002B00F0A880A36933F0E9
:10B36000800304D0564840F29721CEF7A3FE94F80C
:10B370003D3003F0FF02002B00F0928022684F491D
:10B38000022384F83D308A42136875D0B2F1804FB1
:10B3900041D0A1F57C418A423DD001F580618A42CD
:10B3A00039D001F580618A4235D001F578418A4271
:10B3B00062D045498A4232D001F580618A422ED05E
:10B3C00001F580618A422AD0A1F598318A4226D0BF
:10B3D00001F580618A4222D001F580618A421ED047
:10B3E000A5696168E06823F080032B431360D06295
:10B3F000916221E0B3F5007F9ED0314840F2952163
:10B40000CEF758FE2268E368B2F1804F99D1003B35
:10B4100018BF01239FE7A16823F070030B43206945
:10B42000A16923F44073034323F08003E0680B43D6
:10B4300061681360D0629162012353611369DB0775
:10B4400003D5136923F001031361012384F8463007
:10B4500084F83E3084F83F3084F8403084F841303E
:10B4600084F8423084F8433084F8443084F845301E
:10B4700084F83D30002038BDA068216923F07003B6
:10B48000034323F440730B43A16923F080030B4370
:10B490001360E368D3626368936263691363CBE705
:10B4A00084F83C202046FFF7F1FE67E7044840F2AD
:10B4B0009621CEF7FFFD51E70120704700000140C3
:10B4C000C84D0508000C004000400140704700BF17
:10B4D000354A0368934210B5044638D0B3F1804F23
:10B4E00035D0A2F57C42934231D002F5806293427E
:10B4F0002DD002F58062934229D002F580629342FA
:10B5000025D002F58062934221D002F57042934229
:10B510001DD002F57052934219D002F58062934219
:10B5200015D002F58062934211D0A2F59832934271
:10B530000DD002F58062934209D002F580629342F9
:10B5400005D01A4840F2C921CEF7B4FD2368022283
:10B5500084F83D20196A41F21112114208D1196A8A
:10B5600040F24442114203D11A6822F001021A60EB
:10B570002046FFF7ABFF002084F8460084F83C002B
:10B5800084F83E0084F83F0084F8400084F84100CD
:10B5900084F8420084F8430084F8440084F84500AD
:10B5A00084F83D0010BD00BF00000140C84D0508F3
:10B5B0000368AB4A934270B505460C461E4648D018
:10B5C000B3F1804F45D0A2F57C42934241D002F5C1
:10B5D000806293423DD002F58062934239D002F5F9
:10B5E0007842934235D09F4A934240F0E280002C4B
:10B5F00041D0042C00F0FC809B4840F21A31CEF779
:10B6000059FD082C40F0678195F84030012B40F03F
:10B61000BE802B68924A0221934285F840101E4654
:10B6200000F0F380B3F1804F00F0B380A2F57C42CC
:10B63000934200F02F818D4A934200F0398102F548
:10B640008062934200F06181894A934233D1884EEF
:10B6500050E00C2C00F23A81DFE814F00D003801C4
:10B660003801380179003801380138017900380192
:10B6700038013801790095F83E30012B40F0878081
:10B680002B68774A0221934285F83E101E4600F04F
:10B69000BC80B3F1804F7CD0764A934200F0FA80B0
:10B6A000724A934223D002F58062934200F02B81CC
:10B6B0006F4A934269D06B4A934218D002F5806278
:10B6C000934214D002F58062934210D0A2F59832D2
:10B6D00093420CD002F58062934208D002F580625A
:10B6E000934204D0604841F69F51CEF7E3FC0C2C06
:10B6F00000F2CC8041F21113E340DB0704D45A4836
:10B700004FF4ED51CEF7D6FC2B68316A012204F0DC
:10B710001F0402FA04F421EA04013162316A504A3A
:10B720000C43934234627CD002F5806293427FD115
:10B730005A6C42F400425A649A6802F00702062AE0
:10B7400003D01A6842F001021A60002070BD042C78
:10B750004ED0082C3FF458AF95F84120012A16D15D
:10B76000022285F841203E4A93424ED0B3F1804FE9
:10B77000CBD0404A9342C8D002F580629342B9D000
:10B7800002F58062934200F0BE80394EAFE701209F
:10B7900070BD4FF0804204F01F04116A0123A340E2
:10B7A00021EA03011162116A0B4313624FF08043D7
:10B7B000C2E7314A934200F0B680304A934200F02B
:10B7C000B280A2F5983293423FF411AF2C4A9342D3
:10B7D00003D02C4A934240F09A80002C3FF44BAFA8
:10B7E000214840F21A31CEF765FC042C7FF409AFF2
:10B7F00095F83F30012BCAD12B68194A0221934298
:10B8000085F83F101E467FF40DAF154A04F01F0463
:10B81000116A0123A34021EA03011162116A0B435B
:10B8200013620F4A516C41F400411346516483E79F
:10B83000B3F1804FBAD00F4A934237D00B4A9342AC
:10B8400042D0114A93423FF477AF064A93423FF405
:10B8500073AFA2F5943293427FF473AF6CE700BFED
:10B860000000014000400140C84D050800080040AC
:10B870000004014000040040004401400048014031
:10B88000001C004000200040000C00403C2C7FF4D5
:10B8900036AF39E7284A04F01F04116A0123A34098
:10B8A00021EA03011162116A0B431362224B43E741
:10B8B000224A04F01F04116A0123A34021EA030174
:10B8C0001162116A0B4313621C4B35E71C4840F2AE
:10B8D0001A31CEF7EFFB95F84130012B7FF457AFCB
:10B8E0002B68184A0221934285F841101E463FF406
:10B8F000FEAEB3F1804F3FF4FAAEA2F57C42934224
:10B900007FF4CEAEF3E6104EF1E60F4EF2E60C48B1
:10B9100040F21A31CEF7CEFB002C3FF4ACAE042C33
:10B920003FF466AF6DE6002C3FF4A5AE044840F24C
:10B930001A31CEF7BFFBF2E70004004000080040D8
:10B94000C84D050800000140000C004070B57B4A5E
:10B950000468944206460D46234679D0B4F1804FE0
:10B9600000F09C80A2F57C42944271D002F5806286
:10B9700094426DD002F58062944269D002F578421B
:10B98000944265D002F57052944240F0B78031F095
:10B9900004023CD06A4840F24E31CEF78BFB33684C
:10B9A000664A93421C462DD0B3F1804F2AD0A2F5AF
:10B9B0007C42934226D002F58062934222D0614AB3
:10B9C00093421FD0604A93421CD002F570529342BA
:10B9D00018D002F58062934214D002F5806293423F
:10B9E00010D0A2F5983293420CD002F580629342B7
:10B9F00008D002F58062934204D0514841F69F512D
:10BA0000CEF758FB0C2D52D93C2D55D13368226A04
:10BA100005F01F000121814022EA01022262226A10
:10BA20002262464A93421BD002F58062934217D0AD
:10BA3000196A41F21112114204D1196A40F24442CA
:10BA4000114226D00123D5B986F83E30002070BDC2
:10BA50000C2D3CD841F21112EA40D207D7D499E715
:10BA6000196A41F211121142E2D1196A40F24442BC
:10BA70001142DDD15A6C22F400425A64D8E7042DF9
:10BA800021D0082D0CBF86F8403086F841300020C8
:10BA900070BD1A6822F001021A60D3E70C293FF644
:10BAA00079AF41F21113CB40DB077FF573AF41F261
:10BAB0001113EB40D907A9D421484FF4ED51CEF72B
:10BAC000F9FA3368A3E786F83F30002070BD1C48C0
:10BAD00040F24E31CEF7EEFA3368184A93421C46D4
:10BAE00092D0B3F1804F8FD0A2F57C4293428BD09D
:10BAF00002F5806293427FF462AF85E7134A944275
:10BB000008D0134A944205D0124A94420ED0124AE9
:10BB1000944203D1002D3FF47AAF3BE70F4A9442A1
:10BB20007FF438AF002D3FF472AF33E700293FF4C4
:10BB30006EAF04297FF42EAF44E700BF0000014040
:10BB4000C84D0508000C00400004014000440140BD
:10BB50000048014000180040001C00400020004048
:10BB60000368A14A934270B505460C461E4600F094
:10BB7000A680B3F1804F00F0A280A2F57C429342F0
:10BB800000F09D8002F58062934200F0988002F5FB
:10BB90008062934200F0938002F57842934200F075
:10BBA0008E80924A934240F02D81002C00F09980C3
:10BBB000042C00F043818E484FF45D71CEF77AFA81
:10BBC000082C40F07C8195F84030012B40F08081BA
:10BBD0002B688549022285F84020DA688B4242F0C2
:10BBE0000802DA601E4600F0EB80B3F1804F00F0EF
:10BBF000C980804A934200F0D5807F4A934200F08A
:10BC000069817E4A93422DD002F57842934200F03A
:10BC10003881764A93421AD0794A934214D002F579
:10BC20008062934210D0A2F5983293420CD002F574
:10BC30008062934208D002F58062934204D06C483F
:10BC400041F69F51CEF736FA0C2C00F22F8141F2CB
:10BC50001113E340DB0704D465484FF4ED51CEF7F0
:10BC600029FA2B68316A012204F01F0402FA04F455
:10BC700021EA04013162316A5B4A0C439342346227
:10BC800000F0AA8002F58062934200F0FC80B3F1DC
:10BC9000804F00F08480574A934200F08F80564ACC
:10BCA000934240F0F580544B9A6802F00702062A4E
:10BCB00003D01A6842F001021A60002070BD0C2CFB
:10BCC00000F2F880DFE814F00D00F600F600F60050
:10BCD0003300F600F600F6003300F600F600F6003A
:10BCE000330095F83E30012B40F0F2802B683E493E
:10BCF000022285F83E20DA688B4242F00202DA60C6
:10BD00001E465DD0B3F1804F3CD03A4A934249D0B1
:10BD1000394A934298D0394A934295D002F57842F5
:10BD2000934291D0314A93427FF476AF8CE7042C52
:10BD300000F08480082C3FF446AF95F84120012A9A
:10BD400040F0C680022285F84120DA6842F01002F5
:10BD5000DA60254A934233D0B3F1804F12D0A2F576
:10BD60007C4293421ED0244A9342D4D1196A04F0F3
:10BD70001F040122A24021EA02011962196A0A4342
:10BD80001A6290E74FF0804204F01F04116A012309
:10BD9000A34021EA03011162116A0B4313624FF0C1
:10BDA000804381E7134A04F01F04116A0123A34072
:10BDB00021EA03011162116A0B4313620D4B73E711
:10BDC000094B04F01F04196A0122A24021EA020172
:10BDD0001962196A0A431A62034A516C41F400411C
:10BDE0001346516460E700BF00000140004001407D
:10BDF000C84D05080004004000080040000C004049
:10BE000000440140404A934274D0404A934271D06A
:10BE1000A2F5983293423FF4C8AE3D4A934202D015
:10BE20003C4A934258D1002C3FF45BAF3A484FF460
:10BE30005D71CEF73FF9042C7FF4C2AE95F83F3028
:10BE4000012B45D12B683549022285F83F20DA685D
:10BE50008B4242F00402DA601E46B1D0B3F1804F4B
:10BE600090D02F4A93429DD02E4A934232D002F571
:10BE7000806293423FF4EBAE02F5784293427FF446
:10BE800051AF294EE3E65A6C42F400425A640BE784
:10BE9000264A93423FF408AF254A93423FF404AF49
:10BEA000A2F5943293427FF404AFFDE63C2C7FF47C
:10BEB000D3AED6E618484FF45D71CEF7FBF895F88F
:10BEC0004130012B04D102230C2C85F841300ED0D7
:10BED000012070BD134EC5E60F484FF45D71CEF7DB
:10BEE000E9F8002C3FF4FDAE042CA7D068E62B68DF
:10BEF0001E462AE7002C3FF4F4AE07484FF45D716C
:10BF0000CEF7D8F8F0E700BF0044014000480140F8
:10BF1000001C004000200040C84D05080000014002
:10BF2000000400400008004000040140000C0040F4
:10BF30000040014070B5934B04689C4206460D4694
:10BF400042D0B4F1804F1DD0A3F57C439C422AD04F
:10BF500003F580639C4226D003F580639C4222D087
:10BF600003F578439C421ED0874B9C4240F04281AF
:10BF7000002900F04F8104293BD1E36823F004033A
:10BF8000E36092E00C2934D8DFE811F0650133005A
:10BF9000330033006C01330033003300730133008E
:10BFA000330033005B010C2D23D8DFE815F0FD00D2
:10BFB0002200220022001401220022002200190186
:10BFC0002200220022001E010C290ED8DFE811F009
:10BFD00027010D000D000D0022000D000D000D00C9
:10BFE00033010D000D000D002D01684B9C4200F047
:10BFF0004A8167484FF47471CEF75CF80C2D00F25B
:10C00000BF80DFE805F03BBDBDBDA0BDBDBD97BD98
:10C01000BDBD8E005B4AD36823F00403D360594B47
:10C0200005F01F001A6A0121814022EA01021A620A
:10C030001A6A1A62534B196A41F21112114208D15D
:10C04000196A40F24442114203D15A6C22F4004270
:10C050005A64196A41F21112114208D1196A40F268
:10C060004442114203D11A6822F001021A600123EE
:10C07000002D71D186F83E30002070BD3468414AF1
:10C08000E368944223F00203E360C8D0B4F1804F28
:10C0900000F0DD803F4B9C4200F0F2803E4B9C4222
:10C0A00000F08C803D4B9C421DD03D4B9C421AD0F1
:10C0B000354B9C4217D03B4B9C4214D003F5806318
:10C0C0009C4210D0A3F598339C420CD003F58063BA
:10C0D0009C4208D003F580639C4204D02C4841F672
:10C0E0009F51CDF7E7FF0C2D42D841F21113EB40E1
:10C0F000DB0704D426484FF4ED51CDF7DBFF226A6D
:10C10000336805F01F000121814022EA010222620A
:10C11000226A22621B4A93428CD0214A93428AD0DF
:10C1200097E73468174AE368944223F01003E3600A
:10C13000ACD174E73468134AE368944223F00803EF
:10C14000E360A3D16BE734680E4AE368944223F0BE
:10C150000403E3609AD162E7042D06D0082D0CBFDA
:10C1600086F8403086F8413086E786F83F3083E72E
:10C170003C2DC4D006484FF4ED51CDF79BFFBEE7F0
:10C18000012070BD0000014000400140002000403F
:10C19000C84D05080004004000080040000C0040A5
:10C1A0000004014000440140E368474A23F00203D1
:10C1B0009442E36064D0454B9C4294D1434B1A4671
:10C1C000116A05F01F040120A04021EA000111625C
:10C1D000116A11623DE7E36823F00403E36059E765
:10C1E000E36823F00803E36054E7E36823F01003F7
:10C1F000E3604FE7364B9C4245D0364B9C424AD0D9
:10C20000354B9C4250D0354B9C427FF4EEAE00291A
:10C210007FF4EFAEE36823F00203E36042E7304AC5
:10C22000D36823F00203D360F9E62D4AD36823F0E4
:10C230001003D360F3E62A4AD36823F00803D360DF
:10C24000EDE64FF08042D36823F01003D3604FF047
:10C2500080431A46B4E74FF08042D36823F00203CC
:10C26000D360F4E74FF08042D36823F00403D36037
:10C27000EDE74FF08042D36823F00803D360E6E790
:10C28000114B1A469CE7002D7FF4B3AEE36823F010
:10C290000203E3600CE700297FF4ABAE1A46DB68CB
:10C2A00023F00203D36003E729B91A46DB6823F0C1
:10C2B0000203D360F6E604297FF49BAE064AD368F6
:10C2C00023F00403D360F6E60004004000080040B9
:10C2D000004401400048014000180040001C00409C
:10C2E00000000140974A0368934270B506460C4629
:10C2F00000F08680B3F1804F00F08280A2F57C428E
:10C3000093427DD002F58062934279D002F580623B
:10C31000934275D002F57842934271D08A4A934293
:10C3200040F0CC80002C40F08B80DA68706A22F4F8
:10C330000072DA60F0F70CFA824B35689D4200F02B
:10C34000B080B5F1804F00F08280A3F57C439D4220
:10C3500000F0F5807D4B9D4208BF2B467AD07C4B88
:10C360009D4220D003F578439D421CD003F57053C5
:10C370009D4218D003F580639D4214D003F580637D
:10C380009D4210D0A3F598339D420CD003F58063F5
:10C390009D4208D003F580639D4204D06D4841F66C
:10C3A0009F51CDF787FE0C2C00F2BA8041F2111399
:10C3B000E340DB0704D467484FF4ED51CDF77AFE34
:10C3C0002A6A336804F01F000121814022EA010239
:10C3D0002A622A6A2A625B4A93426DD05E4A93427D
:10C3E00042D1196A41F2111211423DD1196A40F24B
:10C3F0004442114238D15A6C22F400425A6433E06C
:10C400000C2C6ED801A252F824F000BF2BC30308F5
:10C41000E3C40308E3C40308E3C4030845C40308F2
:10C42000E3C40308E3C40308E3C4030805C5030821
:10C43000E3C40308E3C40308E3C4030811C5030805
:10C44000042C4ED1DA68B06A22F4806271E74FF0B2
:10C4500080431D462A6A04F01F000121814022EA20
:10C4600001022A622A6A2A62196A41F211121142F1
:10C4700008D1196A40F24442114203D11A6822F0ED
:10C4800001021A6001231CB986F83E30002070BDFD
:10C49000042C42D0082C0CBF86F8403086F841307E
:10C4A000F4E7284B04F01F001A6A0121814022EAB8
:10C4B00001021A621A6A1A62224B92E7274A9342D1
:10C4C0000CD0274A934209D0264A93423FF42AAF20
:10C4D000254A934202D0254A934202D1002C3FF4D0
:10C4E00024AF1C4840F2C141CDF7E4FD0C2C20D80C
:10C4F000DFE804F0231F1F1F211F1F1F071F1F1F1F
:10C500000D003368DA68F06A22F4006211E73368DC
:10C51000DA68306B22F480520BE786F83F30B5E7DB
:10C520003C2C3FF44DAF0B484FF4ED51CDF7C2FD1D
:10C5300046E7012070BD336884E73368F5E60C4BAD
:10C540001D4687E700000140004001400008004010
:10C55000000C0040C84D05080004014000440140A3
:10C560000048014000180040001C0040002000402E
:10C5700000040040704700BF002800F0118138B56A
:10C58000884A03689342044637D0B3F1804F34D0D1
:10C59000A2F57C42934230D002F5806293422CD0C7
:10C5A00002F58062934228D002F58062934224D043
:10C5B00002F58062934220D002F5704293421CD073
:10C5C00002F57052934218D002F58062934214D063
:10C5D00002F58062934210D0A2F5983293420CD0BB
:10C5E00002F58062934208D002F58062934204D043
:10C5F0006D4840F22C51CDF75DFDA36833F0100279
:10C600000AD023F04002202A06D0402B04D06648EE
:10C6100040F22D51CDF74EFD236933F480725DD188
:10C620002268E368B2F1804F65D060498A4262D0E7
:10C63000013B4FF6FE7293428CBF00230123002B77
:10C6400000F0A880A36933F0800304D056484FF46B
:10C65000A661CDF72FFD94F83D3003F0FF02002BCB
:10C6600000F0928022684F49022384F83D308A42CC
:10C67000136875D0B2F1804F41D0A1F57C418A4258
:10C680003DD001F580618A4239D001F580618A424E
:10C6900035D001F578418A4262D045498A4232D08C
:10C6A00001F580618A422ED001F580618A422AD04C
:10C6B000A1F598318A4226D001F580618A4222D0C4
:10C6C00001F580618A421ED0A5696168E06823F0A7
:10C6D00080032B431360D062916221E0B3F5007FA9
:10C6E0009ED0314840F22E51CDF7E4FC2268E36839
:10C6F000B2F1804F99D1003B18BF01239FE7A16899
:10C7000023F070030B432069A16923F440730343B2
:10C7100023F08003E0680B4361681360D06291628C
:10C72000012353611369DB0703D5136923F0010368
:10C730001361012384F8463084F83E3084F83F309A
:10C7400084F8403084F8413084F8423084F8433033
:10C7500084F8443084F8453084F83D30002038BDFA
:10C76000A068216923F07003034323F440730B4353
:10C77000A16923F080030B431360E368D36263680D
:10C78000936263691363CBE784F83C202046FFF78C
:10C79000F1FE67E7044840F22F51CDF78BFC51E7DB
:10C7A0000120704700000140C84D0508000C004002
:10C7B00000400140704700BF354A0368934210B5FE
:10C7C000044638D0B3F1804F35D0A2F57C42934275
:10C7D00031D002F5806293422DD002F580629342FF
:10C7E00029D002F58062934225D002F580629342FF
:10C7F00021D002F5704293421DD002F5705293424F
:10C8000019D002F58062934215D002F580629342FE
:10C8100011D0A2F5983293420DD002F58062934276
:10C8200009D002F58062934205D01A4840F2625165
:10C83000CDF740FC2368022284F83D20196A41F2BA
:10C840001112114208D1196A40F24442114203D137
:10C850001A6822F001021A602046FFF7ABFF0020A1
:10C8600084F8460084F83C0084F83E0084F83F00D9
:10C8700084F8400084F8410084F8420084F84300C2
:10C8800084F8440084F8450084F83D0010BD00BFE2
:10C8900000000140C84D05080368AB4A934270B5DB
:10C8A00005460C461E4648D0B3F1804F45D0A2F550
:10C8B0007C42934241D002F5806293423DD002F522
:10C8C0008062934239D002F57842934235D09F4A34
:10C8D000934240F0E280002C41D0042C00F0FC8018
:10C8E0009B4840F2B351CDF7E5FB082C40F067813F
:10C8F00095F84030012B40F0BE802B68924A02210F
:10C90000934285F840101E4600F0F380B3F1804F4B
:10C9100000F0B380A2F57C42934200F02F818D4A53
:10C92000934200F0398102F58062934200F0618108
:10C93000894A934233D1884E50E00C2C00F23A8160
:10C94000DFE814F00D0038013801380179003801B2
:10C95000380138017900380138013801790095F83B
:10C960003E30012B40F087802B68774A02219342AA
:10C9700085F83E101E4600F0BC80B3F1804F7CD09D
:10C98000764A934200F0FA80724A934223D002F52D
:10C990008062934200F02B816F4A934269D06B4AC8
:10C9A000934218D002F58062934214D002F580625F
:10C9B000934210D0A2F5983293420CD002F58062D7
:10C9C000934208D002F58062934204D0604841F659
:10C9D0009F51CDF76FFB0C2C00F2CC8041F211136C
:10C9E000E340DB0704D45A484FF4ED51CDF762FB26
:10C9F0002B68316A012204F01F0402FA04F421EAD0
:10CA000004013162316A504A0C43934234627CD053
:10CA100002F5806293427FD15A6C42F400425A641C
:10CA20009A6802F00702062A03D01A6842F001024F
:10CA30001A60002070BD042C4ED0082C3FF458AF73
:10CA400095F84120012A16D1022285F841203E4A5C
:10CA500093424ED0B3F1804FCBD0404A9342C8D0DE
:10CA600002F580629342B9D002F58062934200F0F1
:10CA7000BE80394EAFE7012070BD4FF0804204F018
:10CA80001F04116A0123A34021EA03011162116A04
:10CA90000B4313624FF08043C2E7314A934200F0E8
:10CAA000B680304A934200F0B280A2F598329342A9
:10CAB0003FF411AF2C4A934203D02C4A934240F0EA
:10CAC0009A80002C3FF44BAF214840F2B351CDF790
:10CAD000F1FA042C7FF409AF95F83F30012BCAD14D
:10CAE0002B68194A0221934285F83F101E467FF4B5
:10CAF0000DAF154A04F01F04116A0123A34021EA77
:10CB000003011162116A0B4313620F4A516C41F425
:10CB100000411346516483E7B3F1804FBAD00F4A06
:10CB2000934237D00B4A934242D0114A93423FF48A
:10CB300077AF064A93423FF473AFA2F59432934223
:10CB40007FF473AF6CE700BF00000140004001407C
:10CB5000C84D0508000800400004014000040040E2
:10CB60000044014000480140001C004000200040FB
:10CB7000000C00403C2C7FF436AF39E7284A04F023
:10CB80001F04116A0123A34021EA03011162116A03
:10CB90000B431362224B43E7224A04F01F04116A3D
:10CBA0000123A34021EA03011162116A0B431362BE
:10CBB0001C4B35E71C4840F2B351CDF77BFA95F892
:10CBC0004130012B7FF457AF2B68184A0221934262
:10CBD00085F841101E463FF4FEAEB3F1804F3FF49E
:10CBE000FAAEA2F57C4293427FF4CEAEF3E6104E4D
:10CBF000F1E60F4EF2E60C4840F2B351CDF75AFA87
:10CC0000002C3FF4ACAE042C3FF466AF6DE6002C74
:10CC10003FF4A5AE044840F2B351CDF74BFAF2E72A
:10CC20000004004000080040C84D05080000014015
:10CC3000000C004070B57B4A0468944206460D46DD
:10CC4000234679D0B4F1804F00F09C80A2F57C425D
:10CC5000944271D002F5806294426DD002F58062F8
:10CC6000944269D002F57842944265D002F5705240
:10CC7000944240F0B78031F004023CD06A4840F260
:10CC8000E751CDF717FA3368664A93421C462DD018
:10CC9000B3F1804F2AD0A2F57C42934226D002F510
:10CCA0008062934222D0614A93421FD0604A9342ED
:10CCB0001CD002F57052934218D002F58062934264
:10CCC00014D002F58062934210D0A2F598329342BC
:10CCD0000CD002F58062934208D002F58062934244
:10CCE00004D0514841F69F51CDF7E4F90C2D52D9AB
:10CCF0003C2D55D13368226A05F01F000121814087
:10CD000022EA01022262226A2262464A93421BD030
:10CD100002F58062934217D0196A41F21112114252
:10CD200004D1196A40F24442114226D00123D5B9F8
:10CD300086F83E30002070BD0C2D3CD841F2111217
:10CD4000EA40D207D7D499E7196A41F21112114289
:10CD5000E2D1196A40F244421142DDD15A6C22F408
:10CD600000425A64D8E7042D21D0082D0CBF86F864
:10CD7000403086F84130002070BD1A6822F0010270
:10CD80001A60D3E70C293FF679AF41F21113CB407B
:10CD9000DB077FF573AF41F21113EB40D907A9D43C
:10CDA00021484FF4ED51CDF785F93368A3E786F8B4
:10CDB0003F30002070BD1C4840F2E751CDF77AF9B2
:10CDC0003368184A93421C4692D0B3F1804F8FD0FB
:10CDD000A2F57C4293428BD002F5806293427FF4AD
:10CDE00062AF85E7134A944208D0134A944205D0B3
:10CDF000124A94420ED0124A944203D1002D3FF4BD
:10CE00007AAF3BE70F4A94427FF438AF002D3FF4EE
:10CE100072AF33E700293FF46EAF04297FF42EAFE1
:10CE200044E700BF00000140C84D0508000C004069
:10CE30000004014000440140004801400018004047
:10CE4000001C0040002000400368A14A934270B5D6
:10CE500005460C461E4600F0A680B3F1804F00F058
:10CE6000A280A2F57C42934200F09D8002F5806290
:10CE7000934200F0988002F58062934200F0938024
:10CE800002F57842934200F08E80924A934240F03D
:10CE90002D81002C00F09980042C00F043818E48F5
:10CEA00040F20D61CDF706F9082C40F07C8195F831
:10CEB0004030012B40F080812B688549022285F8A3
:10CEC0004020DA688B4242F00802DA601E4600F029
:10CED000EB80B3F1804F00F0C980804A934200F0AC
:10CEE000D5807F4A934200F069817E4A93422DD0DB
:10CEF00002F57842934200F03881764A93421AD084
:10CF0000794A934214D002F58062934210D0A2F580
:10CF1000983293420CD002F58062934208D002F519
:10CF20008062934204D06C4841F69F51CDF7C2F81D
:10CF30000C2C00F22F8141F21113E340DB0704D4E3
:10CF400065484FF4ED51CDF7B5F82B68316A0122F1
:10CF500004F01F0402FA04F421EA04013162316A88
:10CF60005B4A0C439342346200F0AA8002F580626F
:10CF7000934200F0FC80B3F1804F00F08480574A68
:10CF8000934200F08F80564A934240F0F580544B14
:10CF90009A6802F00702062A03D01A6842F00102DA
:10CFA0001A60002070BD0C2C00F2F880DFE814F04D
:10CFB0000D00F600F600F6003300F600F600F6006D
:10CFC0003300F600F600F600330095F83E30012BF2
:10CFD00040F0F2802B683E49022285F83E20DA6854
:10CFE0008B4242F00202DA601E465DD0B3F1804F00
:10CFF0003CD03A4A934249D0394A934298D0394A70
:10D00000934295D002F57842934291D0314A9342AF
:10D010007FF476AF8CE7042C00F08480082C3FF47A
:10D0200046AF95F84120012A40F0C680022285F8DB
:10D030004120DA6842F01002DA60254A934233D088
:10D04000B3F1804F12D0A2F57C4293421ED0244A05
:10D050009342D4D1196A04F01F040122A24021EAAC
:10D0600002011962196A0A431A6290E74FF080427E
:10D0700004F01F04116A0123A34021EA0301116295
:10D08000116A0B4313624FF0804381E7134A04F0A7
:10D090001F04116A0123A34021EA03011162116AEE
:10D0A0000B4313620D4B73E7094B04F01F04196A1D
:10D0B0000122A24021EA02011962196A0A431A6296
:10D0C000034A516C41F400411346516460E700BFCC
:10D0D0000000014000400140C84D05080004004028
:10D0E00000080040000C004000440140404A9342C8
:10D0F00074D0404A934271D0A2F5983293423FF4E3
:10D10000C8AE3D4A934202D03C4A934258D1002CCB
:10D110003FF45BAF3A4840F20D61CCF7CBFF042CF3
:10D120007FF4C2AE95F83F30012B45D12B683549CD
:10D13000022285F83F20DA688B4242F00402DA606E
:10D140001E46B1D0B3F1804F90D02F4A93429DD06C
:10D150002E4A934232D002F5806293423FF4EBAE06
:10D1600002F5784293427FF451AF294EE3E65A6CC0
:10D1700042F400425A640BE7264A93423FF408AF58
:10D18000254A93423FF404AFA2F5943293427FF4D0
:10D1900004AFFDE63C2C7FF4D3AED6E6184840F24F
:10D1A0000D61CCF787FF95F84130012B04D10223A4
:10D1B0000C2C85F841300ED0012070BD134EC5E611
:10D1C0000F4840F20D61CCF775FF002C3FF4FDAE27
:10D1D000042CA7D068E62B681E462AE7002C3FF4F3
:10D1E000F4AE074840F20D61CCF764FFF0E700BFF2
:10D1F0000044014000480140001C00400020004065
:10D20000C84D05080000014000040040000800402F
:10D2100000040140000C00400040014070B5934BF9
:10D2200004689C4206460D4642D0B4F1804F1DD0A2
:10D23000A3F57C439C422AD003F580639C4226D010
:10D2400003F580639C4222D003F578439C421ED0B4
:10D25000874B9C4240F04281002900F04F81042915
:10D260003BD1E36823F00403E36092E00C2934D857
:10D27000DFE811F065013300330033006C01330047
:10D280003300330073013300330033005B010C2D96
:10D2900023D8DFE815F0FD0022002200220014014F
:10D2A00022002200220019012200220022001E0179
:10D2B0000C290ED8DFE811F027010D000D000D003C
:10D2C00022000D000D000D0033010D000D000D00BA
:10D2D0002D01684B9C4200F04A81674840F2696129
:10D2E000CCF7E8FE0C2D00F2BF80DFE805F03BBD77
:10D2F000BDBDA0BDBDBD97BDBDBD8E005B4AD368A1
:10D3000023F00403D360594B05F01F001A6A012172
:10D31000814022EA01021A621A6A1A62534B196AA0
:10D3200041F21112114208D1196A40F244421142ED
:10D3300003D15A6C22F400425A64196A41F2111264
:10D34000114208D1196A40F24442114203D11A68CD
:10D3500022F001021A600123002D71D186F83E30BF
:10D36000002070BD3468414AE368944223F0020310
:10D37000E360C8D0B4F1804F00F0DD803F4B9C42A9
:10D3800000F0F2803E4B9C4200F08C803D4B9C4272
:10D390001DD03D4B9C421AD0354B9C4217D03B4B85
:10D3A0009C4214D003F580639C4210D0A3F59833BF
:10D3B0009C420CD003F580639C4208D003F5806347
:10D3C0009C4204D02C4841F69F51CCF773FE0C2DA3
:10D3D00042D841F21113EB40DB0704D426484FF446
:10D3E000ED51CCF767FE226A336805F01F0001217A
:10D3F000814022EA01022262226A22621B4A93428F
:10D400008CD0214A93428AD097E73468174AE36860
:10D41000944223F01003E360ACD174E73468134AFC
:10D42000E368944223F00803E360A3D16BE7346818
:10D430000E4AE368944223F00403E3609AD162E762
:10D44000042D06D0082D0CBF86F8403086F84130F8
:10D4500086E786F83F3083E73C2DC4D006484FF47A
:10D46000ED51CCF727FEBEE7012070BD0000014062
:10D470000040014000200040C84D05080004004065
:10D4800000080040000C004000040140004401403E
:10D49000E368474A23F002039442E36064D0454BBB
:10D4A0009C4294D1434B1A46116A05F01F04012097
:10D4B000A04021EA00011162116A11623DE7E368B0
:10D4C00023F00403E36059E7E36823F00803E36013
:10D4D00054E7E36823F01003E3604FE7364B9C42C8
:10D4E00045D0364B9C424AD0354B9C4250D0354BB0
:10D4F0009C427FF4EEAE00297FF4EFAEE36823F0A8
:10D500000203E36042E7304AD36823F00203D360AA
:10D51000F9E62D4AD36823F01003D360F3E62A4AD4
:10D52000D36823F00803D360EDE64FF08042D36860
:10D5300023F01003D3604FF080431A46B4E74FF056
:10D540008042D36823F00203D360F4E74FF08042B7
:10D55000D36823F00403D360EDE74FF08042D36833
:10D5600023F00803D360E6E7114B1A469CE7002D31
:10D570007FF4B3AEE36823F00203E3600CE7002915
:10D580007FF4ABAE1A46DB6823F00203D36003E7F7
:10D5900029B91A46DB6823F00203D360F6E60429B2
:10D5A0007FF49BAE064AD36823F00403D360F6E60B
:10D5B00000040040000800400044014000480140D1
:10D5C00000180040001C004000000140974A03681A
:10D5D000934270B506460C4600F08680B3F1804F4A
:10D5E00000F08280A2F57C4293427DD002F58062F9
:10D5F000934279D002F58062934275D002F5784269
:10D60000934271D08A4A934240F0CC80002C40F083
:10D610008B80DA68706A22F40072DA60EFF798F8AB
:10D62000824B35689D4200F0B080B5F1804F00F02C
:10D630008280A3F57C439D4200F0F5807D4B9D42A6
:10D6400008BF2B467AD07C4B9D4220D003F578430F
:10D650009D421CD003F570539D4218D003F58063A2
:10D660009D4214D003F580639D4210D0A3F59833FA
:10D670009D420CD003F580639D4208D003F5806382
:10D680009D4204D06D4841F69F51CCF713FD0C2C00
:10D6900000F2BA8041F21113E340DB0704D467487B
:10D6A0004FF4ED51CCF706FD2A6A336804F01F00F1
:10D6B0000121814022EA01022A622A6A2A625B4A27
:10D6C00093426DD05E4A934242D1196A41F21112DF
:10D6D00011423DD1196A40F24442114238D15A6C8C
:10D6E00022F400425A6433E00C2C6ED801A252F8A6
:10D6F00024F000BF13D60308CBD70308CBD7030809
:10D70000CBD703082DD70308CBD70308CBD7030803
:10D71000CBD70308EDD70308CBD70308CBD7030833
:10D72000CBD70308F9D70308042C4ED1DA68B06AC6
:10D7300022F4806271E74FF080431D462A6A04F0AC
:10D740001F000121814022EA01022A622A6A2A621C
:10D75000196A41F21112114208D1196A40F2444289
:10D76000114203D11A6822F001021A6001231CB988
:10D7700086F83E30002070BD042C42D0082C0CBF2F
:10D7800086F8403086F84130F4E7284B04F01F005B
:10D790001A6A0121814022EA01021A621A6A1A6297
:10D7A000224B92E7274A93420CD0274A934209D052
:10D7B000264A93423FF42AAF254A934202D0254A93
:10D7C000934202D1002C3FF424AF1C4840F259711F
:10D7D000CCF770FC0C2C20D8DFE804F0231F1F1FAF
:10D7E000211F1F1F071F1F1F0D003368DA68F06A13
:10D7F00022F4006211E73368DA68306B22F4805259
:10D800000BE786F83F30B5E73C2C3FF44DAF0B48B3
:10D810004FF4ED51CCF74EFC46E7012070BD336864
:10D8200084E73368F5E60C4B1D4687E700000140AE
:10D830000040014000080040000C0040C84D0508B1
:10D84000000401400044014000480140001800402D
:10D85000001C00400020004000040040704700BF52
:10D86000002800F0118138B5884A036893420446C5
:10D8700037D0B3F1804F34D0A2F57C42934230D000
:10D8800002F5806293422CD002F58062934228D048
:10D8900002F58062934224D002F58062934220D048
:10D8A00002F5704293421CD002F57052934218D098
:10D8B00002F58062934214D002F58062934210D048
:10D8C000A2F5983293420CD002F58062934208D0C0
:10D8D00002F58062934204D06D4840F2C471CCF7E7
:10D8E000E9FBA36833F010020AD023F04002202A9B
:10D8F00006D0402B04D0664840F2C571CCF7DAFB65
:10D90000236933F480725DD12268E368B2F1804FFD
:10D9100065D060498A4262D0013B4FF6FE72934265
:10D920008CBF00230123002B00F0A880A36933F0F3
:10D93000800304D056484FF4F961CCF7BBFB94F850
:10D940003D3003F0FF02002B00F0928022684F4927
:10D95000022384F83D308A42136875D0B2F1804FBB
:10D9600041D0A1F57C418A423DD001F580618A42D7
:10D9700039D001F580618A4235D001F578418A427B
:10D9800062D045498A4232D001F580618A422ED068
:10D9900001F580618A422AD0A1F598318A4226D0C9
:10D9A00001F580618A4222D001F580618A421ED051
:10D9B000A5696168E06823F080032B431360D0629F
:10D9C000916221E0B3F5007F9ED0314840F2C671EC
:10D9D000CCF770FB2268E368B2F1804F99D1003B2D
:10D9E00018BF01239FE7A16823F070030B43206950
:10D9F000A16923F44073034323F08003E0680B43E1
:10DA000061681360D0629162012353611369DB077F
:10DA100003D5136923F001031361012384F8463011
:10DA200084F83E3084F83F3084F8403084F8413048
:10DA300084F8423084F8433084F8443084F8453028
:10DA400084F83D30002038BDA068216923F07003C0
:10DA5000034323F440730B43A16923F080030B437A
:10DA60001360E368D3626368936263691363CBE70F
:10DA700084F83C202046FFF7F1FE67E7044840F2B7
:10DA8000C771CCF717FB51E7012070470000014038
:10DA9000C84D0508000C004000400140704700BF21
:10DAA000354A0368934210B5044638D0B3F1804F2D
:10DAB00035D0A2F57C42934231D002F58062934288
:10DAC0002DD002F58062934229D002F58062934204
:10DAD00025D002F58062934221D002F57042934234
:10DAE0001DD002F57052934219D002F58062934224
:10DAF00015D002F58062934211D0A2F5983293427C
:10DB00000DD002F58062934209D002F58062934203
:10DB100005D01A4840F2FA71CCF7CCFA23680222F9
:10DB200084F83D20196A41F21112114208D1196A94
:10DB300040F24442114203D11A6822F001021A60F5
:10DB40002046FFF7ABFF002084F8460084F83C0035
:10DB500084F83E0084F83F0084F8400084F84100D7
:10DB600084F8420084F8430084F8440084F84500B7
:10DB700084F83D0010BD00BF00000140C84D0508FD
:10DB8000F8B504687C4B9C4206460D46274670D08B
:10DB9000B4F1804F75D0A3F57C439C4269D003F566
:10DBA00080639C4265D003F580639C4261D003F59D
:10DBB00078439C425DD003F570539C4240F0BD8099
:10DBC00031F004033CD06D4840F67D01CCF772FA89
:10DBD0003468694B9C4227462DD0B4F1804F2AD03F
:10DBE000A3F57C439C4226D003F580639C4222D05F
:10DBF000634B9C421FD0634B9C421CD003F5705377
:10DC00009C4218D003F580639C4214D003F58063D6
:10DC10009C4210D0A3F598339C420CD003F580634E
:10DC20009C4208D003F580639C4204D0534841F6DF
:10DC30009F51CCF73FFA0C2D2AD93C2D2DD13468B9
:10DC40003A6A05F01F000121814022EA01023A628E
:10DC50003A6A3A62216A41F211121142234631D0E6
:10DC6000002D3AD1012386F83E3086F8423000205C
:10DC7000F8BD0C2D4AD841F21113EB40DA07DFD47E
:10DC8000A1E70C299FD841F21113CB40DB079AD5AD
:10DC900041F21113EB40D907D1D44FF4ED5137487D
:10DCA000CCF708FA236A05F01F0101228A4023EA13
:10DCB00002032362226A33682262196A41F2111256
:10DCC000114213D1196A40F244421142C8D11A6874
:10DCD00022F001021A60002DC4D0042D0DD10123C1
:10DCE00086F83F3086F843300020F8BD012386F8DF
:10DCF000413086F845300020F8BD082DF6D10123CB
:10DD000086F8403086F844300020F8BD1B4840F6C5
:10DD10007D01CCF7CFF93468174B9C4227468CD055
:10DD2000B4F1804F89D0A3F57C439C4285D003F5A4
:10DD300080639C427FF45CAF7FE7134B9C4208D02A
:10DD4000124B9C4205D0124B9C420ED0114B9C4270
:10DD500003D1002D3FF474AF35E70F4B9C427FF4A5
:10DD600032AF002D3FF46CAF2DE700293FF468AFD0
:10DD700004297FF428AF3EE700000140C84D0508A4
:10DD8000000C0040000401400044014000480140F4
:10DD900000180040001C00400020004070B5A64B59
:10DDA00004689C4206460D4662D0B4F1804F4ED0C6
:10DDB000A3F57C439C424AD003F580639C4200F06B
:10DDC0000F8103F580639C4241D003F578439C4268
:10DDD0003DD003F570539C425CD1002900F0618175
:10DDE000042969D1E36823F00403E360934C0C2D0C
:10DDF00000F2ED8041F21113EB40DB0704D49048B0
:10DE00004FF4ED51CCF756F93168236A05F01F0045
:10DE10000122824023EA02032362236A23620A6A00
:10DE200041F211131A4208D10A6A40F244431A42DD
:10DE300003D10B6823F001030B600123002D40F098
:10DE4000B48086F83E3086F84230002070BD0C2D3C
:10DE500032D8DFE815F0150131003100310007013B
:10DE60003100310031001A013100310031001F0151
:10DE70000C2900F2D580DFE811F02501D300D30092
:10DE8000D3003600D300D300D3001901D300D30050
:10DE9000D3001F016B4B9C420BD06B4B9C4200F09C
:10DEA00035816A4B9C4200F03A81694B9C4240F0BC
:10DEB000B780002D00F0F580614840F6F901CCF7FD
:10DEC000F9F80C2D00F2EB80DFE815F01500E90001
:10DED000E900E9006600E900E900E9005D00E90009
:10DEE000E900E9005400544AD36823F00403D360E6
:10DEF00051490C4689E734684F4AE368944223F05D
:10DF00000203E360F4D0B4F1804F00F0FB80514B8A
:10DF10009C4200F0B280504B9C4200F0DE804F4BA0
:10DF20009C423FF464AF03F578439C423FF45FAFFB
:10DF3000424B9C423FF45AAF424B9C423FF457AF96
:10DF400003F580639C423FF452AFA3F598339C42A3
:10DF50003FF44DAF03F580639C423FF448AF03F5B7
:10DF600080639C423FF443AF354841F69F51CCF764
:10DF7000A1F83CE73468304AE368944223F0100388
:10DF8000E360C0D1B4E734682B4AE368944223F0DD
:10DF90000803E360B7D1ABE73468274AE3689442EB
:10DFA00023F00403E360AED1A2E7042D0AD0082DCC
:10DFB0000BBF86F8403086F8413086F8443086F84A
:10DFC000453042E786F83F3086F843303DE73C2D48
:10DFD0003FF41AAF1A484FF4ED51CCF76BF813E742
:10DFE0000C293FF669AF01A353F821F0D1E00308F3
:10DFF000B9DE0308B9DE0308B9DE0308E1E003086F
:10E00000B9DE0308B9DE0308B9DE0308F9E0030846
:10E01000B9DE0308B9DE0308B9DE0308EDE0030842
:10E020000F4B9C427FF448AF002D7FF445AFE3686F
:10E0300023F00203E3607BE7000001400040014061
:10E04000C84D050800440140004801400018004048
:10E05000001C00400004004000080040000C00408C
:10E0600000200040E368B4F1804F23F00403E36034
:10E0700048D0334B9C427FF452AF31490C46C4E642
:10E08000E36823F00203E3603DE7E36823F008035D
:10E09000E36038E7E36823F01003E36033E701202F
:10E0A00070BDE36823F00203E36038E7254AD368D4
:10E0B00023F00803D3601BE7224AD36823F0100340
:10E0C000D36015E71F4AD36823F00203D3600FE73C
:10E0D0001D4AD36823F00203D3601B490C4694E623
:10E0E000194AD36823F00403D36010E7164AD368B3
:10E0F00023F01003D3600EE7134AD36823F008031C
:10E10000D36008E74FF080410C467EE600297FF49B
:10E11000D3AE1A46DB6823F00203D36008E729B9BF
:10E120001A46DB6823F00203D360F8E604297FF483
:10E13000C3AE064AD36823F00403D360FCE600BFF5
:10E1400000040040000001400008004000180040AA
:10E150002DE9F041A64B04689C4205460E4660D06E
:10E16000B4F1804F5DD0A3F57C439C4259D003F5B8
:10E1700080639C4255D003F580639C4251D003F5E7
:10E1800078439C424DD09B4B9C4264D136F00403B3
:10E1900074D1994840F6E111CBF78CFF944B2C6871
:10E1A0009C4200F05981B4F1804F00F09680934B6F
:10E1B0009C4200F0538103F580639C4200F067812C
:10E1C0008F4B9C4200F04E8103F578439C4275D002
:10E1D000884B9C4218D003F580639C4214D003F511
:10E1E00080639C4210D0A3F598339C420CD003F579
:10E1F00080639C4208D003F580639C4204D07E4833
:10E2000041F69F51CBF756FF0C2E68D93C2E6BD1AF
:10E21000236A23F080532362236A23620120BDE82E
:10E22000F0810C2E4CD841F21113F340DA0725D5BA
:10E230006F4B9C4200F01081B4F1804F4DD06F4B7A
:10E240009C4200F00B816F4B9C4200F020816C4B94
:10E250009C4233D143E06C4B9C420DD06B4B9C42B3
:10E260000AD0A3F598339C4290D0694B9C4203D0CE
:10E2700003F580639C4201D1002E8AD05E484FF4A2
:10E280001E61CBF717FF5A4B2C689C4200F0E880C8
:10E29000B4F1804F00F0FF80584FBC4200F0F9808D
:10E2A000DFF86081444500F0F080554B9C4200F05F
:10E2B000D98003F578439C4240F0D680554CA3E7C3
:10E2C0004D484FF41E61CBF7F5FE494B2C689C423C
:10E2D0009CD0B4F1804FDFD198E74FF0804441F2F9
:10E2E0001113F340DB0704D443484FF4ED51CBF74F
:10E2F000E1FE236A06F01F0101228A4023EA02039D
:10E300002362236A23620C2E88D801A353F826F0D7
:10E3100019E403081DE203081DE203081DE20308D7
:10E32000B5E303081DE203081DE203081DE203082C
:10E3300077E303081DE203081DE203081DE203085A
:10E3400045E303082A68286BD36823F48053D3601D
:10E35000EEF7FEF92B68196A41F21112114204D14D
:10E36000196A40F24442114218D0012385F8413025
:10E3700085F8453063E02A68E86AD36823F40063CF
:10E38000D360EEF7E5F92B68196A41F211121142D8
:10E390000AD1196A40F24442114205D11A68082E86
:10E3A00022F001021A60E0D1012385F8403085F89F
:10E3B000443044E02A68A86AD36823F48063D360B9
:10E3C000EEF7C6F92B68196A41F21112114208D111
:10E3D000196A40F24442114203D11A6822F0010244
:10E3E0001A60012385F83F3085F8433027E000BFED
:10E3F0000000014000400140C84D050800040040F5
:10E40000000C00400008004000440140004801406A
:10E41000001C0040000401402A68686AD36823F4A5
:10E420000073D360EEF794F92B68196A41F2111268
:10E43000114207D0012385F83E3085F84230002094
:10E44000BDE8F081196A40F244421142F2D11A68E3
:10E4500022F001021A60EDE7104C4AE7104C3EE74B
:10E460000E4CD1E60F4CCFE60F4840F6E111CBF74A
:10E4700021FE2C68094B9C42F2D0B4F1804F0AD0A7
:10E48000BC4206D044457FF49BAE084CBCE6074C2A
:10E4900025E7034CB8E64FF08044B5E600000140A4
:10E4A00000040040000C0040C84D05080008004072
:10E4B000704700BF002800F0158138B58A4A03680C
:10E4C00093420D46044637D0B3F1804F34D0A2F5C5
:10E4D0007C42934230D002F5806293422CD002F508
:10E4E0008062934228D002F58062934224D002F5E4
:10E4F0008062934220D002F5704293421CD002F514
:10E500007052934218D002F58062934214D002F503
:10E510008062934210D0A2F5983293420CD002F55B
:10E520008062934208D002F58062934204D06F4823
:10E5300040F64D21CBF7BEFDA36833F010020AD0A0
:10E5400023F04002202A06D0402B04D0674840F632
:10E550004E21CBF7AFFD236933F4807265D135F0DE
:10E56000080304D061484FF42561CBF7A3FD22686E
:10E57000E368B2F1804F61D05D498A425ED0013BD1
:10E580004FF6FE7293428CBF00230123002B00F054
:10E59000A380A36933F0800304D0544840F652218D
:10E5A000CBF788FD94F83D3003F0FF02002B00F01C
:10E5B0008D8023684C49022284F83D208B421A68E2
:10E5C00070D0B3F1804F3DD0A1F57C418B4239D062
:10E5D00001F580618B4235D001F580618B4231D0ED
:10E5E00001F578418B425DD042498B422ED001F536
:10E5F00080618B422AD001F580618B4226D0A1F543
:10E6000098318B4222D001F580618B421ED001F5FA
:10E6100080618B421AD0A069616822F080020243B7
:10E62000E0681A60D86299621DE0B3F5007F96D069
:10E630002E4840F64F21CBF73DFD90E7003B18BF39
:10E640000123A3E7A16822F070020A43216922F4A2
:10E6500040720A43A16922F080020A43E1681A600D
:10E660006268D9629A6201225A611A69D20703D597
:10E670001A6922F001021A61196821F00801196073
:10E68000196801222943196084F8462084F83E2045
:10E6900084F83F2084F8422084F8432084F83D2009
:10E6A000002038BDA16822F070020A43216922F4DB
:10E6B00040720A43A16922F080020A431A60E268AC
:10E6C000DA6262689A6262691A63CCE784F83C2075
:10E6D0002046FFF7EDFE6CE7044840F65121CBF7EA
:10E6E000E9FC56E70120704700000140C84D0508CD
:10E6F000000C004000400140704700BF314A0368F1
:10E70000934210B5044638D0B3F1804F35D0A2F50E
:10E710007C42934231D002F5806293422DD002F5C3
:10E720008062934229D002F58062934225D002F59F
:10E730008062934221D002F5704293421DD002F5CF
:10E740007052934219D002F58062934215D002F5BF
:10E750008062934211D0A2F5983293420DD002F517
:10E760008062934209D002F58062934205D0164838
:10E7700040F68C21CBF79EFC2368022284F83D20D2
:10E78000196A41F21112114208D1196A40F2444249
:10E79000114203D11A6822F001021A602046FFF7E5
:10E7A000ABFF002084F8460084F83C0084F83E006B
:10E7B00084F83F0084F8420084F8430084F83D0068
:10E7C00010BD00BF00000140C84D050890F83EC0D4
:10E7D00090F83F3090F8422090F84310BCF1010FC0
:10E7E00007D1DBB2012B70B504465FFA8CF002D082
:10E7F00070BD01207047D2B2012AF9D1C9B20129F6
:10E80000F6D125688D4A0223954284F83E3084F87B
:10E810003F3084F8423084F8433047D0B5F1804F20
:10E8200055D0874B9D4265D0864B9D426CD0864B20
:10E830009D4273D0854B9D427AD0854B9D4200F01E
:10E840008A80844B9D4200F09080834B9D4200F073
:10E850009680824B9D4200F09C80814B9D4200F04F
:10E86000E280804B9D4200F0D4807F4841F69F516A
:10E87000CBF720FC2B6A2668704A23F001032B6239
:10E880002B6A964243F001032B6240F08C80336A7E
:10E8900023F010033362336A43F010033362674A94
:10E8A000536C43F400435364002070BD2B6A23F083
:10E8B00001032B622B6A43F001032B622B6A23F0C6
:10E8C00010032B622B6A43F010032B62E7E72B6ADD
:10E8D00023F001032B622B6A43F001032B624FF0FC
:10E8E00080431A6A22F010021A621A6A42F0100279
:10E8F0001A62D9E72B6A23F001032B622B6A43F0DB
:10E9000001032B624E4BECE72B6A23F001032B62D1
:10E910002B6A43F001032B624A4BE2E72B6A23F098
:10E9200001032B622B6A43F001032B62464BD8E7AD
:10E930001A6A22F001021A621A6A42F001021A628D
:10E94000424B1A6A22F010021A621A6A42F010024E
:10E950001A623E4AA4E72B6A23F001032B622B6A5A
:10E9600043F001032B623A4BBBE72B6A23F0010310
:10E970002B622B6A43F001032B62364BB1E72B6A03
:10E9800023F001032B622B6A43F001032B62324B0D
:10E99000A7E72B6A23F001032B622B6A43F00103E4
:10E9A0002B622E4B9DE7B6F1804F98D0244B9E42B0
:10E9B000A8D0244B9E42AFD0234B9E42B6D0234DCD
:10E9C000AE42BDD0224B9E42CDD0224B9E42D4D0EF
:10E9D000214B9E42DBD0214B9E42E2D0204B9E42F7
:10E9E00029D0204B9E421CD041F69F511E48CBF7A8
:10E9F00061FB326A2368114922F010023262326AE6
:10EA00008B4242F0100232623FF449AFAB42A0D0D9
:10EA10004AE72B6A23F001032B622B6A43F00103C0
:10EA20002B62104B5DE72B6A23F001032B622B6AEC
:10EA300043F001032B620A4B53E700BF0000014083
:10EA40000004004000080040000C004000040140A9
:10EA500000400140004401400048014000180040CF
:10EA6000001C004000200040C84D050838B57E4B12
:10EA700004689C42054600F09B80B4F1804F3AD078
:10EA80007A4B9C425FD07A4B9C4200F0B680794B27
:10EA90009C4258D0784B9C4200F0BF80774B9C4200
:10EAA00000F0BB80764B9C4200F0CF80754B9C42BF
:10EAB00049D0754B9C4200F0CF80744B9C4242D0B1
:10EAC000734B9C4200F0998041F69F517148CBF7FF
:10EAD000F1FA226A2B68644922F001022262226A5A
:10EAE00022628B4240F0A8801A6A22F010021A6259
:10EAF0001A6A1A6268E0236A23F001032362236A18
:10EB000023624FF080431C461A6A22F010021A62F8
:10EB10001A6A1A62226A41F211131A4208D1226A51
:10EB200040F244431A4203D1236823F001032360D7
:10EB3000012385F83E3085F83F3085F8423085F86E
:10EB40004330002038BD236A23F001032362236A87
:10EB50002362464B9C4247D0464B9C4256D0464B84
:10EB60009C4261D0454B9C4250D0454B9C424DD07D
:10EB7000444B9C424AD0444B9C4247D0434B9C421E
:10EB800044D0434B9C4241D041F69F514148CBF782
:10EB900091FA236A2A68344923F010032362236A16
:10EBA00023628A4210D0344B9A4243D01446B1E7D4
:10EBB000236A23F001032362236A2362236A23F07A
:10EBC00010032362236A2362274C226A41F2111345
:10EBD0001A429FD1226A40F244431A429AD1636C8E
:10EBE00023F40043636495E7204B1A6A22F0100275
:10EBF0001A621A6A1A621C468CE7236A23F0010320
:10EC00002362236A23621A4B9C42A5D1236A23F014
:10EC100010032362236A23627CE7236A23F0010343
:10EC20002362236A23629AE7236A23F01003236294
:10EC3000236A2362104CC8E7B3F1804F3FF461AF01
:10EC40000A4A9342D0D01C46DDE7236A23F0010331
:10EC50002362236A23627FE71A6A22F001021A62A2
:10EC60001A6A1A627EE700BF0000014000040040FB
:10EC700000080040000C004000040140004001403A
:10EC8000004401400048014000180040001C0040C2
:10EC900000200040C84D050890F83EC090F83F3075
:10ECA00090F8422090F84310BCF1010F07D1DBB27D
:10ECB000012B70B504465FFA8CF002D070BD0120C4
:10ECC0007047D2B2012AF9D1C9B20129F6D125681B
:10ECD000914A022384F83E3084F83F3084F8423071
:10ECE00084F84330EB6843F00203EB60EB68954235
:10ECF00043F00403EB6047D0B5F1804F55D0874B0C
:10ED00009D4265D0864B9D426CD0864B9D4273D010
:10ED1000854B9D427AD0854B9D4200F08A80844B82
:10ED20009D4200F09080834B9D4200F09680824B84
:10ED30009D4200F09C80814B9D4200F0E280804B20
:10ED40009D4200F0D4807F4841F69F51CBF7B2F945
:10ED50002B6A2668704A23F001032B622B6A9642C5
:10ED600043F001032B6240F08C80336A23F01003E0
:10ED70003362336A43F010033362674A536C43F4DF
:10ED800000435364002070BD2B6A23F001032B6203
:10ED90002B6A43F001032B622B6A23F010032B62D2
:10EDA0002B6A43F010032B62E7E72B6A23F0010381
:10EDB0002B622B6A43F001032B624FF080431A6AE7
:10EDC00022F010021A621A6A42F010021A62D9E79F
:10EDD0002B6A23F001032B622B6A43F001032B62A1
:10EDE0004E4BECE72B6A23F001032B622B6A43F0B6
:10EDF00001032B624A4BE2E72B6A23F001032B62EB
:10EE00002B6A43F001032B62464BD8E71A6A22F0C3
:10EE100001021A621A6A42F001021A62424B1A6A2D
:10EE200022F010021A621A6A42F010021A623E4A76
:10EE3000A4E72B6A23F001032B622B6A43F0010342
:10EE40002B623A4BBBE72B6A23F001032B622B6A40
:10EE500043F001032B62364BB1E72B6A23F0010329
:10EE60002B622B6A43F001032B62324BA7E72B6A1C
:10EE700023F001032B622B6A43F001032B622E4B1C
:10EE80009DE7B6F1804F98D0244B9E42A8D0244BEA
:10EE90009E42AFD0234B9E42B6D0234DAE42BDD052
:10EEA000224B9E42CDD0224B9E42D4D0214B9E423B
:10EEB000DBD0214B9E42E2D0204B9E4229D0204BFA
:10EEC0009E421CD041F69F511E48CBF7F3F8326AA0
:10EED0002368114922F010023262326A8B4242F0FA
:10EEE000100232623FF449AFAB42A0D04AE72B6A2E
:10EEF00023F001032B622B6A43F001032B62104BBA
:10EF00005DE72B6A23F001032B622B6A43F00103B8
:10EF10002B620A4B53E700BF000001400004004091
:10EF200000080040000C0040000401400040014087
:10EF3000004401400048014000180040001C00400F
:10EF400000200040C84D050838B50468814AE368D0
:10EF500023F00203E360E368944223F004030546D0
:10EF6000E36000F09B80B4F1804F3AD07A4B9C4232
:10EF70005FD07A4B9C4200F0B680794B9C4258D0CF
:10EF8000784B9C4200F0BF80774B9C4200F0BB80E6
:10EF9000764B9C4200F0CF80754B9C4249D0754B1C
:10EFA0009C4200F0CF80744B9C4242D0734B9C42F9
:10EFB00000F0998041F69F517148CBF77BF8226AA7
:10EFC0002B68644922F001022262226A22628B428B
:10EFD00040F0A8801A6A22F010021A621A6A1A62B5
:10EFE00068E0236A23F001032362236A23624FF05F
:10EFF00080431C461A6A22F010021A621A6A1A62C8
:10F00000226A41F211131A4208D1226A40F24443A3
:10F010001A4203D1236823F001032360012385F8FA
:10F020003E3085F83F3085F8423085F84330002087
:10F0300038BD236A23F001032362236A2362464B0F
:10F040009C4247D0464B9C4256D0464B9C4261D096
:10F05000454B9C4250D0454B9C424DD0444B9C422A
:10F060004AD0444B9C4247D0434B9C4244D0434BF4
:10F070009C4241D041F69F514148CBF71BF8236A8F
:10F080002A68344923F010032362236A23628A42E8
:10F0900010D0344B9A4243D01446B1E7236A23F090
:10F0A00001032362236A2362236A23F0100323628D
:10F0B000236A2362274C226A41F211131A429FD11C
:10F0C000226A40F244431A429AD1636C23F400430B
:10F0D000636495E7204B1A6A22F010021A621A6ADA
:10F0E0001A621C468CE7236A23F001032362236A19
:10F0F00023621A4B9C42A5D1236A23F0100323629A
:10F10000236A23627CE7236A23F001032362236AD4
:10F1100023629AE7236A23F010032362236A23629F
:10F12000104CC8E7B3F1804F3FF461AF0A4A9342F5
:10F13000D0D01C46DDE7236A23F001032362236A53
:10F1400023627FE71A6A22F001021A621A6A1A62BF
:10F150007EE700BF000001400004004000080040BE
:10F16000000C004000040140004001400044014008
:10F170000048014000180040001C004000200040F2
:10F18000C84D0508704700BF704700BF314A03688B
:10F19000934210B5044638D0B3F1804F35D0A2F574
:10F1A0007C42934231D002F5806293422DD002F529
:10F1B0008062934229D002F58062934225D002F505
:10F1C0008062934221D002F5704293421DD002F535
:10F1D0007052934219D002F58062934215D002F525
:10F1E0008062934211D0A2F5983293420DD002F57D
:10F1F0008062934209D002F58062934205D016489E
:10F2000040F64141CAF756FF2368022284F83D20A8
:10F21000196A41F21112114208D1196A40F24442AE
:10F22000114203D11A6822F001021A602046FFF74A
:10F23000ABFF002084F8460084F83C0084F83E00D0
:10F2400084F83F0084F8420084F8430084F83D00CD
:10F2500010BD00BF00000140C84D05082DE9F8436E
:10F2600090F83E5090F83F2090F842305FFA83F8D3
:10F2700090F843305FFA82F9DFB2A84A03689342FC
:10F2800004460E46EDB21FD0B3F1804F1CD0A2F55C
:10F290007C42934218D002F58062934214D002F56A
:10F2A0008062934210D002F5784293420CD002F56E
:10F2B0007052934208D0A2F59432934204D09848F9
:10F2C00040F69641CAF7F6FE002E46D1012D03D036
:10F2D00001252846BDE8F883B8F1010FF9D125686A
:10F2E0008E4A0223954284F83E3084F8423000F082
:10F2F0008F80B5F1804F00F08B808A4B9D4200F0EB
:10F30000878003F580639D4200F0828003F580636F
:10F310009D427DD003F578439D4279D003F570532B
:10F320009D4275D003F580639D4271D003F58063E3
:10F330009D426DD0A3F598339D4269D003F580635B
:10F340009D4265D003F580639D4261D0744841F6CB
:10F350009F51CAF7AFFE26685BE0042E69D0012DED
:10F36000B6D1B9F1010FB4D1B8F1010FB1D1012F6C
:10F37000AFD12668694A0223964284F83E3084F869
:10F380003F3084F8423084F8433000F09C80B6F17E
:10F39000804F00F0A180634B9E4200F0A980624B39
:10F3A0009E4200F0B080614B9E4200F0CF80604BE7
:10F3B0009E4200F0D6805F4B9E4200F0DD805E4BA7
:10F3C0009E4200F0E4805D4B9E4200F0EB805C4B7F
:10F3D0009E4200F0F2805B4B9E4200F025815A4B2A
:10F3E0009E4200F017814E4841F69F51CAF762FED7
:10F3F000336A2568494A23F001033362336A954230
:10F4000043F00103336240F0E380444D2E4651E067
:10F410002E462B6A23F001032B622B6A43F0010373
:10F420002B623368002543F0010333602846BDE8B2
:10F43000F883B9F1010F7FF44BAF012F7FF448AF90
:10F440002568364A0223954284F83F3084F84330D9
:10F450002FD0B5F1804F2CD0324B9D4229D003F5EF
:10F4600080639D4225D003F580639D4221D003F542
:10F4700078439D421DD003F570539D4219D003F58A
:10F4800080639D4215D003F580639D4211D0A3F5A2
:10F4900098339D420DD003F580639D4209D02A4BDD
:10F4A0009D4206D01E4841F69F51CAF703FE2668CA
:10F4B00000E02E462B6A23F010032B622B6A43F0E8
:10F4C00010032B62ADE7336A23F001033362336A22
:10F4D00043F00103336298E7336A23F00103336298
:10F4E000336A43F0010333624FF080452E46E1E773
:10F4F000336A23F001033362336A43F0010333625A
:10F50000084D2E46D6E71A6A22F001021A621A6ADC
:10F5100042F001021A62044D2E46CBE70000014082
:10F52000C84D05080004004000080040000C0040E1
:10F5300000040140004001400044014000480140F7
:10F5400000180040001C004000200040336A23F0F7
:10F5500001033362336A43F001033362374D2E46B1
:10F56000A8E7336A23F001033362336A43F00103EF
:10F570003362334D2E469DE7336A23F00103336235
:10F58000336A43F0010333622E4D2E4692E7336A0D
:10F5900023F001033362336A43F0010333622A4DDF
:10F5A0002E4687E7336A23F001033362336A43F060
:10F5B00001033362254D2E467CE7336A23F00103B5
:10F5C0003362336A43F001033362214D2E4671E703
:10F5D000B5F1804F88D01F4B9D4291D01E4B9D426C
:10F5E00099D0164B9D42B9D0154B9D42C1D0154BB9
:10F5F0009D42C9D0144B9D42D1D0144B9D42D9D0CD
:10F60000134B9D42E1D0154B9D427FF448AF134D03
:10F610002E464FE7336A23F001033362336A43F027
:10F6200001033546336245E7336A23F00103336251
:10F63000336A43F001033362E9E700BF000C004086
:10F6400000040140004001400044014000480140E6
:10F65000001800400004004000080040001C00406A
:10F66000F8B5A64F0468BC4205460E4600F09B80E4
:10F67000B4F1804F6CD0A24B9C4200F0C38003F5E4
:10F6800080639C4200F0E28003F580639C4200F0BE
:10F69000908003F578439C4200F0F78003F57053A7
:10F6A0009C4200F0AD81A3F594339C4200F0F880B9
:10F6B000944840F6EF41CAF7FDFC002E00F02C8183
:10F6C000042E00F0A5812C688C4B9C4200F0C78072
:10F6D000B4F1804F00F0CD80894B9C4200F09780C0
:10F6E000894B9C4240F04D81226A22F00102226245
:10F6F000226A22622346844A93421F4600F0958084
:10F70000824B9F4200F09080814B9F4200F08C80A2
:10F71000804B9F4200F0888003F580639F4200F099
:10F72000838003F580639F427ED0A3F598339F4288
:10F730007AD003F580639F4276D003F580639F42C1
:10F7400072D0704841F69F51CAF7B4FC2B686CE048
:10F75000002900F0A180042940F08B804FF0804305
:10F760001C46226A22F010022262226A2262196A70
:10F7700041F2111211423ED1196A40F24442114243
:10F7800039D11A6822F001021A606EB3042E32D009
:10F79000012385F83E3085F83F3085F8423085F802
:10F7A00043300020F8BD69B1042958D1534B1C46A1
:10F7B000D7E7002900F0BD80042940F01581534BA4
:10F7C0001C46CEE74D4C2346226A22F001022262FB
:10F7D000226A2262196A41F21112114204D1196A95
:10F7E00040F244421142CCD0012385F83E3085F8E6
:10F7F00042300020F8BD012385F83F3085F84330C2
:10F800000020F8BD002941D0042900F033813C4B91
:10F810001A6A22F001021A621A6A1A621F46384BEB
:10F820009F427FF46DAFDCE03B463A6A22F0100263
:10F830003A623A6A3A62196A41F211121142A7D148
:10F84000196A40F244421142A2D19AE7002900F01D
:10F850000E8104297FF444AF2B4B1C4681E7274BD4
:10F860001A6A22F001021A621A6A1A62234F3B4690
:10F87000DBE74FF080431A6A22F001021A621A6A2B
:10F880001A624FF080473B46CFE791BB1C4B9C422E
:10F890004CD01F4C234697E74FF08044234693E714
:10F8A00000294DD0042940F09F801A4B9C4200F063
:10F8B000A58003F580639C4200F0A08003F580637F
:10F8C0009C4200F09B80A3F598339C4200F0968008
:10F8D00003F580639C4200F0918003F580639C42B5
:10F8E00000F08C80074841F69F51CAF7E3FB2B6874
:10F8F00037E7042978D1064B1C4632E70000014067
:10F9000000040040C84D050800080040000C0040FD
:10F9100000040140004001402C68BC423FF452AF5B
:10F92000B4F1804FB8D0594B9C4202D1574C23467A
:10F930004AE7574B9C4200F09A80564B9C425BD062
:10F94000554B9C42A5D0554B9C4200F08580544BB2
:10F950009C4251D003F580639C424DD0A3F598336F
:10F960009C4249D003F580639C4245D003F58063F7
:10F970009C4241D04B4841F69F51CAF79BFB2B68F4
:10F9800022E7444B9C426AD0434B9C4275D0434B88
:10F990009C4251D0424B9C4256D0434B9C424BD050
:10F9A000424B9C4248D0424B9C4258D0414B9C42D7
:10F9B00042D03C4841F69F51CAF77CFB226A2B6833
:10F9C00022F001022262226A22623B4A93423FF401
:10F9D0004DAFB3F1804F3FF454AF2C4A93427FF4C4
:10F9E0008AAE2A4F3B4620E7236A23F001032362B5
:10F9F000236A2362274683E62346E5E62346B0E6EC
:10FA000051B30429F0D1244B9C427FF44EAF72E7EE
:10FA10002C68294B9C423FF4C9AEB4F1804F3FF4AF
:10FA20009DAE1A4B9C4225D0194B9C423FF414AF1B
:10FA3000184B9C42E7D1C2E6236A23F001032362FC
:10FA4000236A236227465FE6236A23F001032362C9
:10FA5000236A236227465BE6104C2346B4E6236AFA
:10FA600023F001032362236A23622746D7E6084C6A
:10FA70002346A9E6054B1C4673E6236A23F00103DF
:10FA80002362236A236227463AE600BF000400404F
:10FA900000080040000C004000040140004001400C
:10FAA00000440140C84D05080048014000180040CE
:10FAB000001C004000200040000001402DE9F843F8
:10FAC00090F83E5090F83F2090F842305FFA83F86B
:10FAD00090F843305FFA82F9DFB2AC4A0368934290
:10FAE00004460E46EDB21FD0B3F1804F1CD0A2F5F4
:10FAF0007C42934218D002F58062934214D002F502
:10FB00008062934210D002F5784293420CD002F505
:10FB10007052934208D0A2F59432934204D09C488C
:10FB20004FF45361CAF7C6FA002E4AD1012D03D013
:10FB300001252846BDE8F883B8F1010FF9D1256801
:10FB4000924A0223954284F83E3084F8423000F015
:10FB5000A380B5F1804F00F09F808E4B9D4200F056
:10FB60009B8003F580639D4200F0968003F58063DF
:10FB70009D4200F0918003F578439D4200F08C8017
:10FB800003F570539D4200F0878003F580639D422A
:10FB900000F0828003F580639D427DD0A3F5983309
:10FBA0009D4279D003F580639D4275D003F5806353
:10FBB0009D4271D0764841F69F51CAF77BFA26687C
:10FBC0006BE0042E7DD0012DB2D1B9F1010FB0D17F
:10FBD000B8F1010FADD1012FABD126686B4A0223DA
:10FBE000964284F83E3084F83F3084F8423084F8FE
:10FBF000433000F0B580B6F1804F00F0BA80654B1D
:10FC00009E4200F0DB80644B9E4200F0E280634B3A
:10FC10009E4200F0E980624B9E4200F0F080614B12
:10FC20009E4200F0F780604B9E4200F0FE805F4BEA
:10FC30009E4200F005815E4B9E4200F00C815D4BC0
:10FC40009E4200F045815C4B9E4200F03781504857
:10FC500041F69F51CAF72EFA336A25684B4A23F0C2
:10FC600001033362336A954243F00103336240F08B
:10FC7000FD80464D2E462B6A23F010032B622B6A23
:10FC800043F010032B62F36843F00203F360F36860
:10FC900043F00403F3600CE02E462B6A23F00103CB
:10FCA0002B622B6A43F001032B62F36843F00203DB
:10FCB000F3603368002543F0010333602846BDE854
:10FCC000F883B9F1010F7FF433AF012F7FF430AF28
:10FCD00025682E4A0223954284F83F3084F8433049
:10FCE00030D0B5F1804F2DD02A4B9D422AD003F55C
:10FCF00080639D4226D003F580639D4222D003F5A8
:10FD000078439D421ED003F570539D421AD003F5EF
:10FD100080639D4216D003F580639D4212D0A3F507
:10FD200098339D420ED003F580639D420AD003F5BF
:10FD300080639D4206D0164841F69F51CAF7BAF932
:10FD4000266800E02E462B6A23F010032B622B6AF4
:10FD500043F010032B62F36843F00403F360A8E759
:10FD6000336A23F001033362336A43F001033362E1
:10FD70007FE7336A23F001033362336A43F0010300
:10FD800033624FF080452E4675E700BF000001400A
:10FD9000C84D05080004004000080040000C004069
:10FDA000000401400040014000440140004801407F
:10FDB00000180040001C004000200040336A23F07F
:10FDC00001033362336A43F001033362474D2E4629
:10FDD00051E71A6A22F001021A621A6A42F001021D
:10FDE0001A62434D2E4646E7336A23F0010333621D
:10FDF000336A43F0010333623E4D2E463BE7336ADC
:10FE000023F001033362336A43F0010333623A4D56
:10FE10002E4630E7336A23F001033362336A43F03E
:10FE200001033362354D2E4625E7336A23F0010383
:10FE30003362336A43F001033362314D2E461AE7D1
:10FE4000336A23F001033362336A43F00103336200
:10FE50002C4D2E460FE7336A23F001033362336AD9
:10FE600043F001033362284D2E4604E7B5F1804F7D
:10FE700087D01E4B9D42A9D01D4B9D42B1D01D4B3A
:10FE80009D42B9D01C4B9D42C1D01C4B9D42C9D054
:10FE90001B4B9D42D1D01B4B9D42D9D01A4B9D424A
:10FEA000E1D01A4B9D421BD0194B9D421BD01948E3
:10FEB00041F69F51CAF7FEF82668DCE6336A23F064
:10FEC00001033362336A43F0010335463362D2E6FD
:10FED000336A23F001033362336A43F00103336270
:10FEE0000A4D2E46C7E62E46C5E600BF0004004078
:10FEF00000080040000C00400004014000400140A8
:10FF0000004401400048014000180040001C00402F
:10FF100000200040C84D0508F8B5AF4F0568BD4248
:10FF200004460E4600F09980B5F1804F5ED0AB4B91
:10FF30009D4200F0048103F580639D4200F03D8105
:10FF400003F580639D4200F0978003F578439D425E
:10FF500000F0648103F570539D4200F0C981A3F560
:10FF600094339D4200F081819D4840F68F51CAF73D
:10FF7000A1F82568002E40F0C981BD4200F00A8238
:10FF8000B5F1804F00F0B280944B9D4200F0F981B2
:10FF9000944B9D4200F0F281934B9D4200F096817C
:10FFA000924B9D4200F09581914B9D4200F0EC8177
:10FFB000904B9D4200F0C58103F580639D4200F0A7
:10FFC000C081A3F598339D4200F0E1818A4B9D42A8
:10FFD00000F0B78103F580639D4200F0B281804854
:10FFE00041F69F51CAF766F8236882E000297DD068
:10FFF000042900F0A8814FF080431A6A22F0010220
:020000040804EE
:100000001A621A6A1A624FF080473B463A6A22F037
:1000100010023A623A6A3A62DA6822F00202DA6060
:10002000DA6822F00402DA601A6A41F211110A4217
:100030007AD1196A40F24442114275D11A6822F00D
:1000400001021A60002E68D0042E6DD1012384F8BD
:100050003F3084F843300020F8BD002900F09A8139
:10006000042900F0E9802B6A23F001032B622B6A3C
:100070002B62594F3B46C9E7002900F0278104292C
:1000800000F07981584B1A6A22F001021A621A6A4A
:100090001A621F46544B9F4200F02681534B9F42E9
:1000A00000F0C780524B9F4200F01E8103F5806331
:1000B0009F4200F0198103F580639F4200F0148194
:1000C000A3F598339F4200F00F8103F580639F42B0
:1000D00000F00A8103F580639F4200F005814048EB
:1000E00041F69F51C9F7E6FF23688FE74FF0804341
:1000F0001D462A6A22F001022A622A6A2A62DA6806
:1001000022F00202DA601A6A41F211110A4204D1A5
:10011000196A40F24442114290D0012384F83E30E3
:1001200084F842300020F8BD012384F83E3084F882
:100130003F3084F8423084F843300020F8BD002975
:1001400000F01F81042900F01381244B9D425BD0F5
:10015000274D274B9D4200F0BF80264B9D4200F06B
:10016000CD80264B9D4200F0C980254B9D4200F07A
:10017000C580214B9D4200F0EA80224B9D4200F059
:10018000E680174841F69F51C9F794FF2B6A27680C
:1001900023F001032B622B6A2B620F4B9F423FF42B
:1001A00068AFB7F1804F3FF42EAF0C4B9F4232D077
:1001B0000C4B9F427FF46EAF0BE0002900F0DE8015
:1001C000042976D0074B1A6A22F001021A621A6AD1
:1001D0001A62044F3B4619E700000140000400404A
:1001E000C84D050800080040000C00400004014014
:1001F0000040014000440140001C00400048014014
:100200000018004000200040644B1A6A22F00102EE
:100210001A621A6A1A62614F3B46F7E6002958D003
:10022000042950D05E4B1A6A22F001021A621A6A3F
:100230001A625B4F3B46E9E65A4D2B462A6A22F08A
:1002400010022A622A6A2A62DA6822F00402DA605C
:100250001A6A41F211110A427FF4F8AE196A40F2AB
:10026000444211427FF4F2AEE8E6002900F08F80AC
:1002700004297FF46EAF4C4B9D4237D003F5806369
:100280009D4233D003F580639D422FD0A3F5983370
:100290009D422BD003F580639D4227D003F58063F8
:1002A0009D4223D0414841F69F51C9F703FF23687F
:1002B000C4E73F4B9D4219D003F580639D425AD05D
:1002C000374B9D42D7D1364D2B46B7E7394B1D46AC
:1002D0000FE7334B1D460CE72B6A23F001032B621B
:1002E0002B6A2B622F46D9E63B468FE62B46A5E7C5
:1002F000002949D004297FF428AFE1E72B6A23F0D5
:1003000001032B622B6A2B622F46CBE6042E254B72
:1003100025D09D423FF4A7AEB5F1804F3FF46BAEC0
:100320001E4B9D423FF470AF214B9D423FF44AAFBC
:10033000204B9D423FF4A6AE194B9D423FF472AF55
:1003400007E72B46D5E64FF080452B4676E72B6A2C
:1003500023F001032B622B6A2B622F469AE69D4203
:100360003FF46AAFB5F1804FEDD00C4B9D42A0D168
:100370000A4D2B4662E70F4D2B465FE70C4B1D469F
:10038000B7E6064B1D46B4E6074B1D46B1E60A4BE1
:100390001D46AEE6034B1D46ABE600BF0004004021
:1003A000000401400000014000400140C84D050824
:1003B00000080040000C0040001800402DE9F04FFC
:1003C0000E46994601687F4B90F83E5090F83F806A
:1003D00090F8427090F843B083B09942BDF830A0D5
:1003E0000446EDB25FFA88F8FFB25FFA8BFB21D0CA
:1003F000B1F1804F1ED0A3F57C4399421AD003F58A
:100400008063994216D003F58063994212D003F5B8
:10041000784399420ED003F5705399420AD0A3F560
:100420009433994206D06848019240F6D651C9F7F4
:1004300041FE019A2EBB022D1FD0022F00F05381E6
:10044000012D19D1012F17D1B2B1BAF1000F13D07C
:10045000606A022184F83E1084F842105B49C1634F
:100460005B4901645B49C164216853463431ECF750
:10047000D3F8002800F03D810125284603B0BDE8EF
:10048000F08F042E00F0BC80022DF6D0B8F1020FE0
:1004900000F02B81022F00F02681BBF1020F00F04B
:1004A0002681012DE8D1B8F1010FE5D1012FE3D16B
:1004B000BBF1010FE0D1002ADED0B9F1000FDBD093
:1004C000BAF1000FD8D02168606A404F404E414DCC
:1004D000022384F83E30343184F83F3084F84230CF
:1004E00084F84330C7630664C5645346ECF794F858
:1004F0000028C1D1A06A2168C564C0E90F765346BF
:100500004A463831ECF788F80028B5D125682D4ADD
:10051000EB6843F40073EB60EB68954243F480634F
:10052000EB6000F03281B5F1804F00F037812A4B4B
:100530009D4200F03F81294B9D4200F04681284BAF
:100540009D4200F04D81274B9D4200F05481264B87
:100550009D4200F05B81254B9D4200F08A81244B37
:100560009D4200F0D081234B9D4200F0C181224B7F
:100570009D4200F09381214B9D4200F085811248FD
:1005800041F69F51C9F796FD2B6A26680D4A23F064
:1005900001032B622B6A964243F001032B6240F069
:1005A0004081084E3546336A23F010033362336AC4
:1005B00043F0100333622B6843F001032B600025E6
:1005C0005BE700BF00000140C84D05086121040839
:1005D000F9210408AD24040800040040000800408C
:1005E000000C004000040140004001400044014074
:1005F0000048014000180040001C0040002000405E
:10060000B8F1020F71D0BBF1020F70D0B8F1010F39
:100610007FF432AFBBF1010F7FF42EAFB9F1000FC1
:100620003FF42AAFBAF1000F3FF426AFA06A216869
:10063000022284F83F2084F843209E4AC2639E4AE7
:1006400002649E4AC26453464A463831EBF7E4FFDF
:1006500000287FF411AF2568994AEB68954243F46E
:100660008063EB6000F08A80B5F1804F00F08680F7
:10067000944B9D4200F0828003F580639D427DD0C3
:1006800003F580639D4279D003F578439D4275D090
:1006900003F570539D4271D003F580639D426DD088
:1006A00003F580639D4269D0A3F598339D4265D0E0
:1006B00003F580639D4261D003F580639D425DD068
:1006C000814841F69F51C9F7F5FC22682B6A23F057
:1006D00010032B622B6A43F010032B62136843F064
:1006E000010313606BE73D46C7E64546C5E65D4638
:1006F000C3E62568724AEB68954243F40073EB60E9
:100700003ED0B5F1804F3DD06E4B9D4238D003F5C1
:1007100080639D4234D003F580639D4230D003F561
:1007200078439D422CD003F570539D4228D003F5A9
:1007300080639D4224D003F580639D4220D0A3F5C1
:1007400098339D421CD003F580639D4218D003F579
:1007500080639D4214D05C4841F69F51C9F7AAFCC2
:1007600022682B6A23F001032B622B6A43F00103FA
:100770002B62136843F00103136020E72A46A5E7C4
:100780002A46EEE74FF08042EBE72B6A23F00103A5
:100790002B622B6A43F001032B6202E72B6A23F0E2
:1007A00001032B622B6A43F001032B624FF080465A
:1007B0003546F8E62B6A23F001032B622B6A43F0DF
:1007C00001032B623F4E3546EDE62B6A23F0010311
:1007D0002B622B6A43F001032B623C4E3546E2E666
:1007E0001A6A22F001021A621A6A42F001021A62BF
:1007F000374E3546D7E62B6A23F001032B622B6A6E
:1008000043F001032B62334E3546CCE62B6A23F0CE
:1008100001032B622B6A43F001032B622E4E3546F7
:10082000C1E6B6F1804FC1D0264B9E42CAD0274BBD
:100830009E42D2D0264B9E42DAD0264B9E42E2D038
:10084000254B9E42EAD0254B9E421AD0244B9E4215
:1008500061D0244B9E4253D0234B9E4226D0234B43
:100860009E425BD0184841F69F51C9F723FC25688A
:1008700099E62B6A23F001032B622B6A43F00103F4
:100880002B62164E35468EE62B6A23F001032B624F
:100890002B6A43F001032E462B6284E62B6A23F079
:1008A00001032B622B6A43F001032B620E4E354687
:1008B00079E600BF61210408F9210408AD24040889
:1008C0000000014000040040C84D05080008004039
:1008D000000C004000040140004001400044014081
:1008E0000048014000180040001C0040002000406B
:1008F0002B6A23F001032B622B6A43F001032B6266
:10090000074E35464FE62B6A23F001032B622B6A14
:1009100043F001032B62034E354644E6354642E67A
:100920000018004000480140F8B5AE4F0568BD42D0
:1009300004460E4600F0A180B5F1804F5ED0AA4B70
:100940009D4200F0108103F580639D4200F06281BA
:1009500003F580639D4200F09F8003F578439D423C
:1009600000F0718103F570539D4200F0DA81A3F528
:1009700094339D4200F092819C4840F6A561C9F7EE
:1009800099FB2568002E40F0DA81BD4200F01B8201
:10099000B5F1804F00F0BA80934B9D4200F00A827F
:1009A000934B9D4200F00382924B9D4200F0A78141
:1009B000914B9D4200F0A681904B9D4200F0FD813D
:1009C0008F4B9D4200F0D68103F580639D4200F07D
:1009D000D181A3F598339D4200F0F281894B9D426D
:1009E00000F0C88103F580639D4200F0C3817F4819
:1009F00041F69F51C9F75EFB22688AE0002900F0AA
:100A00008580042900F0B8814FF080431A6A22F0F3
:100A100001021A621A6A1A624FF080473B463A6A2C
:100A2000606A22F010023A623A6A3A62DA6822F4A4
:100A30000072DA60DA6822F48062DA60EBF788FE2E
:100A4000A06AEBF785FE2368196A41F21112114280
:100A50007ED1196A40F24442114279D11A6822F0DB
:100A600001021A60002E6CD0042E71D1012384F88B
:100A70003F3084F843300020F8BD002900F0A38106
:100A8000042900F0EE802B6A23F001032B622B6A0D
:100A90002B62544F3B46C2E7002900F03081042905
:100AA00000F08281534B1A6A22F001021A621A6A1C
:100AB0001A621F464F4B9F4200F02F814E4B9F42C0
:100AC00000F0CC804D4B9F4200F0278103F58063FE
:100AD0009F4200F0228103F580639F4200F01D8158
:100AE000A3F598339F4200F0188103F580639F427D
:100AF00000F0138103F580639F4200F00E813B48B4
:100B000041F69F51C9F7D6FA236888E74FF0804233
:100B100015462B6A606A23F001032B622B6A2B6255
:100B2000D36823F40073D360EBF712FE2368196ACD
:100B300041F21112114204D1196A40F244421142A9
:100B40008CD0012384F83E3084F842300020F8BD78
:100B5000012384F83E3084F83F3084F8423084F832
:100B600043300020F8BD002900F02481042900F062
:100B700018811D4B9D425CD0204D204B9D4200F0C2
:100B8000C4801F4B9D4200F0D2801F4B9D4200F05D
:100B9000CE801E4B9D4200F0CA801A4B9D4200F051
:100BA000EF801B4B9D4200F0EB80104841F69F51B7
:100BB000C9F780FA2B6A276823F001032B622B6A9E
:100BC0002B62084B9F423FF464AFB7F1804F3FF474
:100BD00023AF054B9F4233D0054B9F427FF46AAF52
:100BE00024E000BF0000014000040040C84D05089B
:100BF00000080040000C004000040140004001409B
:100C000000440140001C0040004801400018004022
:100C100000200040002900F0CA80042962D06B4BFC
:100C20001A6A22F001021A621A6A1A62674F3B4678
:100C3000F5E6674B1A6A22F001021A621A6A1A6212
:100C4000634F3B46EBE600295CD0042954D0614B4E
:100C50001A6A22F001021A621A6A1A625D4F3B4652
:100C6000DDE65D4D2A462B6AA06A23F010032B6255
:100C70002B6A2B62D36823F48063D360EBF768FDA3
:100C80002368196A41F2111211427FF4EFAE196A1A
:100C900040F2444211427FF4E9AEDFE6002900F061
:100CA0008F8004297FF469AF4C4B9D4237D003F508
:100CB00080639D4233D003F580639D422FD0A3F51E
:100CC00098339D422BD003F580639D4227D003F5D6
:100CD00080639D4223D0424841F69F51C9F7EAF90B
:100CE0002268C0E7394B9D4219D003F580639D42CD
:100CF0005AD0384B9D42D7D1364D2A46B3E7394AB0
:100D0000154606E7334A154603E72B6A23F001032D
:100D10002B622B6A2B622F46D0E63B467FE62A46A3
:100D2000A1E7002949D004297FF423AFE1E72B6A2A
:100D300023F001032B622B6A2B622F46C2E6042E9E
:100D4000254B25D09D423FF49EAEB5F1804F3FF438
:100D50005BAE1F4B9D423FF46CAF1C4B9D423FF47A
:100D60005EAF204B9D423FF49DAE1A4B9D423FF437
:100D70006EAF02E72A46CCE64FF080452A4672E77E
:100D80002B6A23F001032B622B6A2B622F4691E61C
:100D90009D423FF466AFB5F1804FEDD00C4B9D42C4
:100DA000A0D10B4D2A465EE70E4D2A465BE7074A67
:100DB0001546AEE6064A1546ABE6084A1546A8E6CD
:100DC000094A1546A5E6044A1546A2E60008004071
:100DD00000040040000401400000014000400140C8
:100DE000C84D0508000C004000180040F8B5054645
:100DF00098482B6883420C4616462ED0B3F1804F9C
:100E00002BD0954A934228D002F58062934224D099
:100E100002F58062934220D002F5784293421CD0C2
:100E200002F57052934218D002F58062934214D0BA
:100E300002F58062934210D0A2F5983293420CD012
:100E400002F58062934208D002F58062934204D09A
:100E5000824841F21D01C9F72DF9236833F00202DF
:100E600001D00A2B41D16368013B022B2CD8A36827
:100E700053B1043B082B00F23A8140F2111222FADE
:100E800003F3DB0740F13381E3680F2B22D895F899
:100E90003C30012B27D0012385F83C300C2E0ED896
:100EA000DFE816F029000D000D000D00DE000D003A
:100EB0000D000D005D000D000D000D0099000120DA
:100EC000002385F83C30F8BD644841F21F01C9F7A2
:100ED000F1F8CCE7614841F22101C9F7EBF895F848
:100EE0003C30012BD7D10220F8BD5C4841F21E01F5
:100EF000C9F7E0F8B7E72B68DFF858C1186A1E6A2F
:100F0000E76826F00106D4E9002163451E629E6968
:100F100000F0F380B3F1804F00F0EF80ACF57C4C33
:100F2000634500F0EA800CF5806C634500F0E580D5
:100F30000CF5806C634500F0E0800CF5784C63455F
:100F400000F0DB800CF5705C634500F0D680ACF5FA
:100F5000943C634500F0D18046F00101D0E02B685D
:100F60003C4A934218D0B3F1804F15D0A2F57C4291
:100F7000934211D002F5806293420DD002F5806257
:100F8000934209D002F57842934205D0334841F2AA
:100F90004701C9F78FF82B68186AE668D4E9002181
:100FA000120220F4206002F420620243186AA4684E
:100FB00020F480701862D86920F00300014366F3C2
:100FC0000711D9611A62DA6922F00C02DA61DA6972
:100FD0002243DA6189E02B681E4A934218D0B3F1AC
:100FE000804F15D0A2F57C42934211D002F5806269
:100FF00093420DD002F58062934209D002F5784207
:10100000934205D0154841F25701C9F753F82B68B0
:10101000196AE668D4E90020120321F4204102F4A1
:1010200020420A43196AA46821F480511962D969DF
:1010300021F4407141EA002166F30F31D9611A624F
:10104000DA6922F44062DA61DA6942EA0422DA619A
:101050004BE000BF0000014000040040C84D0508FF
:101060002B68304A934220D0B3F1804F1DD0A2F5B7
:101070007C42934219D002F58062934215D002F56A
:101080008062934211D002F5784293420DD002F56E
:101090007052934209D0A2F59432934205D022486F
:1010A00041F23701C9F706F82B68196AE668D4E9F6
:1010B0000020120121F0A00102F0A0020A43196AE7
:1010C000A46821F010011962996921F4407141EA84
:1010D000002166F30F3199611A629A6922F4406225
:1010E0009A619A6942EA04229A610020E8E60E4871
:1010F0004FF48151C8F7DEFFC6E626F00306314300
:1011000067F30711996102F00A0220F00A010A430D
:101110001A629A69A16822F00C029A619A690A43DC
:101120009A61E2E700000140C84D05082DE9F84347
:1011300015461F46604A0368DDF82080DDF82490DC
:10114000934204460E4617D0B3F1804F14D0A2F557
:101150007C42934210D002F5806293420CD002F59B
:101160008062934208D002F57842934204D05348FB
:1011700041F2BD11C8F79EFF112E67D835F4FE432A
:101180004CD1002D4AD038F4407312D0B3F5806FA3
:101190000FD0B3F5006F0CD0B3F5406F09D028F431
:1011A0008073B3F5805F04D044484FF48E51C8F784
:1011B00081FF09F1FF324FF6FE739A424CD894F842
:1011C0004630022BD8B227D094F84630012B49D0B4
:1011D000B5F5006F4DD027D8B5F5007F5AD0B5F5DD
:1011E000806F4AD0B5F5807F64D1206A2268394685
:1011F000334FC763334F4B464C320764324FC7649B
:10120000EBF70AFA002855D1236846EA08069E64DF
:10121000DA682A430020DA60BDE8F883274841F203
:10122000BF11C8F747FFAEE7B5F5005F36D0B5F59B
:10123000804F26D0B5F5805F3CD1206B4B463946B8
:101240002268224FC7634C32214FD6E71B4841F238
:10125000BE11C8F72FFF91E7184841F2C111C8F736
:1012600029FFACE71FB30223B5F5006F84F84630C1
:10127000B1D1E06A4B463946E2E7A06A4B463946AF
:10128000DEE72268A06B3946124FC7634B46124F08
:101290004C32B2E7606A4B463946D1E72268606B50
:1012A00039460E4FC7634B460D4F4C32A5E7B8F198
:1012B000000FD8D00120AFE700000140C84D05085D
:1012C000312104084D210408AD2404085D220408DE
:1012D000E5220408812404089D24040811610408FF
:1012E0002561040810B582B0049C0094240A0134DE
:1012F0000194FFF71BFF02B010BD00BF38B531F4F9
:10130000FE430C46054607D159B9234841F27321E3
:10131000C8F7D0FE012038BD1F4841F27321C8F73D
:10132000C9FEB4F5006F2FD015D8B4F5007F1FD0DB
:10133000B4F5806F24D0B4F5807FEBD1286AEBF749
:1013400007FA2A68D368012123EA0403D36085F8E9
:101350004610002038BDB4F5005F0DD0B4F5804FC5
:1013600016D0B4F5805FD5D1286BEBF7F1F9E8E73B
:10137000686AEBF7EDF9E4E7686BEBF7E9F9E0E7AA
:10138000A86AEBF7E5F9DCE7E86AEBF7E1F9D8E7FB
:10139000A86BEBF7DDF9D4E7C84D05082DE9F84354
:1013A00015461F46604A0368DDF82080DDF824906A
:1013B000934204460E4617D0B3F1804F14D0A2F5E5
:1013C0007C42934210D002F5806293420CD002F529
:1013D0008062934208D002F57842934204D0534889
:1013E00041F20D31C8F766FE112E67D835F4FE4381
:1013F0004CD1002D4AD038F4407312D0B3F5806F31
:101400000FD0B3F5006F0CD0B3F5406F09D028F4BE
:101410008073B3F5805F04D0444841F21031C8F7BF
:1014200049FE09F1FF324FF6FE739A424CD894F808
:101430004630022BD8B227D094F84630012B49D041
:10144000B5F5006F4DD027D8B5F5007F5AD0B5F56A
:10145000806F4AD0B5F5807F64D1206A21683A4612
:10146000334FC763334F4B464C310764324FC76429
:10147000EBF7D2F8002855D1236846EA08069E64A7
:10148000DA682A430020DA60BDE8F883274841F291
:101490000F31C8F70FFEAEE7B5F5005F36D0B5F5F2
:1014A000804F26D0B5F5805F3CD1206B4B463A4645
:1014B0002168224FC7634C31214FD6E71B4841F2C8
:1014C0000E31C8F7F7FD91E7184841F21131C8F71E
:1014D000F1FDACE71FB30223B5F5006F84F8463089
:1014E000B1D1E06A4B463A46E2E7A06A4B463A463B
:1014F000DEE72168A06B3A46124FC7634B46124F96
:101500004C31B2E7606A4B463A46D1E72168606BDE
:101510003A460E4FC7634B460D4F4C31A5E7B8F125
:10152000000FD8D00120AFE700000140C84D0508EA
:10153000312104084D210408AD2404086121040868
:10154000F9210408812404089D2404081161040879
:101550002561040810B582B0049C0094240A01346B
:101560000194FFF71BFF02B010BD00BF38B531F486
:10157000FE430C46054607D159B9234841F2C33111
:10158000C8F798FD012038BD1F4841F2C331C8F7A4
:1015900091FDB4F5006F2FD015D8B4F5007F1FD0A2
:1015A000B4F5806F24D0B4F5807FEBD1286AEBF7D7
:1015B000CFF82A68D368012123EA0403D36085F8B1
:1015C0004610002038BDB4F5005F0DD0B4F5804F53
:1015D00016D0B4F5805FD5D1286BEBF7B9F8E8E702
:1015E000686AEBF7B5F8E4E7686BEBF7B1F8E0E7AA
:1015F000A86AEBF7ADF8DCE7E86AEBF7A9F8D8E7FB
:10160000A86BEBF7A5F8D4E7C84D050838B52E4A06
:101610000368934204460D4637D0B3F1804F34D06F
:10162000A2F57C42934230D002F5806293422CD0E6
:1016300002F58062934228D002F58062934224D062
:1016400002F58062934220D002F5704293421CD092
:1016500002F57052934218D002F58062934214D082
:1016600002F58062934210D0A2F5983293420CD0DA
:1016700002F58062934208D002F58062934204D062
:10168000124841F21441C8F715FD6B1EFE2B10D80D
:1016900094F83C30012B15D02168022284F83D20BB
:1016A000002301224D6184F83D2084F83C30184627
:1016B00038BD064841F21541C8F7FCFC94F83C30AF
:1016C000012BE9D1022038BD00000140C84D0508BA
:1016D00070B504465D48236883420D46164616D011
:1016E000B3F1804F13D05A4A934210D002F5806272
:1016F00093420CD002F58062934208D002F5784202
:10170000934204D0534841F23D41C8F7D3FC6B6883
:10171000012B04D94F4841F23E41C8F7CBFC94F865
:101720003C30012B71D00223012084F83C0084F866
:101730003D306B6843B3834206D00122002384F816
:101740003D2084F83C3070BDAB6833F4004304D0D6
:10175000404841F25141C8F7ADFCEB6823B323F494
:101760000052B2F5805F52D0B3F5005F4FD03948D8
:1017700041F25241C8F79EFC2B690F2B3FD8EB6812
:10178000002B47D1296912E023689A6822F47F422E
:101790009A600C2E1CD8DFE806F0241B1B1B1D1BB7
:1017A0001B1B2B1B1B1B140029690F2927D823681F
:1017B000A8689A6822F47F42024342EA01229A60B2
:1017C000E7E72A68002A3BD0DA6942F40042DA618E
:1017D0000020B2E72A6872B39A6942F400429A6123
:1017E000F6E72A6812B39A6942F080029A61EFE73D
:1017F0002A68B2B1DA6942F08002DA61E8E7154896
:1018000041F25341C8F756FCB9E7022070BD2B697D
:101810000F2BF4D80120002384F83D0084F83C30DD
:1018200070BDDA6922F08002DA61D1E79A6922F0AC
:1018300080029A61CCE79A6922F400429A61C7E774
:10184000DA6922F40042DA61C2E700BF0000014019
:1018500000040040C84D050838B590F83C30012B15
:1018600000F0C3810223012280F83C2080F83D3043
:101870000B68702B04460D4600F05D8225D823F0DE
:101880001002402A00F0DE80602B00F0B08133F0BF
:1018900030026ED12268916821F47F4121F07701F6
:1018A0009160402B00F2D880202B00F0708100F274
:1018B0006B8133F0100100F06A81012001220023C6
:1018C00084F83D2084F83C3038BDB3F5805F00F0EB
:1018D0001381B3F5005FDAD10268936823F47F4384
:1018E00023F077039360A64B9A4217D0B2F1804F52
:1018F00014D0A3F57C439A4210D003F580639A423A
:101900000CD003F580639A4208D003F578439A42DD
:1019100004D09C4841F2EE41C8F7CCFBAB6833F4ED
:10192000405304D0974841F2F141C8F7C3FB6B68BC
:10193000B3F5004F09D033F0020206D00A2B04D0D1
:10194000904841F2F241C8F7B5FBE8680F2800F271
:1019500001822268D5E9015391682B4321F47F412C
:101960000B4343EA00239360936843F480439360FE
:1019700039E141F2C3418348C8F79CFB22682B68D8
:10198000916821F47F4121F07701602B916000F094
:10199000358140F28181B3F5805F00F0B480B3F50A
:1019A000005FA0D0702B88D1754B9A421FD0B2F146
:1019B000804F1CD0A3F57C439A4218D003F5806376
:1019C0009A4214D003F580639A4210D003F578430D
:1019D0009A420CD003F570539A4208D0A3F5943381
:1019E0009A4204D0674841F2D641C8F763FBAB681E
:1019F00033F4405304D0634841F2D941C8F75AFB4D
:101A00006B68B3F5004F09D033F0020206D00A2B01
:101A100004D05C4841F2DA41C8F74CFBE8680F2873
:101A200000F29F812268D5E9015391682B4321F48C
:101A30007F410B4343EA00239360936843F07703AD
:101A40009360D0E00268916821F47F4121F0770132
:101A5000402B916000F02381502B7FF42EAF484B38
:101A60009A421FD0B2F1804F1CD0A3F57C439A421A
:101A700018D003F580639A4214D003F580639A422C
:101A800010D003F578439A420CD003F570539A4274
:101A900008D0A3F594339A4204D03A4841F2025157
:101AA000C8F708FB6B68B3F5004F09D033F00202AA
:101AB00006D00A2B04D0334841F20551C8F7FAFA90
:101AC000E8680F2800F25B81236869681A6A22F0CF
:101AD0000A0211431A6A22F001021A629A6922F07C
:101AE000F00242EA00129A6119629A6822F07002CA
:101AF00042F057029A6076E00268936823F47F43CD
:101B000023F0770393601E4B9A426CD0B2F1804F62
:101B100069D0A3F57C439A4265D003F580639A426D
:101B200061D003F580639A425DD003F580639A42E9
:101B300059D003F580639A4255D003F570439A4219
:101B400051D003F570539A424DD003F580639A4209
:101B500049D003F580639A4245D0A3F598339A4261
:101B600041D003F580639A423DD003F580639A42E9
:101B700039D0044841F2CF41C8F79CFA33E000BFA6
:101B800000000140C84D0508302B7FF496AE7F4918
:101B90008A4221D0B2F1804F1ED0A1F57C418A4209
:101BA0001AD001F580618A4216D001F580618A421F
:101BB00012D001F578418A420ED001F570518A4267
:101BC0000AD0A1F594318A4206D0714841F23551CC
:101BD000C8F770FA22682B68916821F070010B43F6
:101BE00043F007039360002068E6022038BD0268D6
:101BF000936823F47F4323F077039360634B9A4207
:101C00001FD0B2F1804F1CD0A3F57C439A4218D06C
:101C100003F580639A4214D003F580639A4210D092
:101C200003F578439A420CD003F570539A4208D0DA
:101C3000A3F594339A4204D0554841F21251C8F7A3
:101C400039FA6B68B3F5004F09D033F0020206D0C1
:101C50000A2B04D04E4841F21551C8F72BFAE86818
:101C60000F2800F28580236869681A6A22F0A002B2
:101C700042EA0112196A21F010011962996921F4EE
:101C8000704141EA003199611A629A6822F070024B
:101C900042F067029A60A6E7402B7FF402AE3B4B0E
:101CA0009A421FD0B2F1804F1CD0A3F57C439A42D8
:101CB00018D003F580639A4214D003F580639A42EA
:101CC00010D003F578439A420CD003F570539A4232
:101CD00008D0A3F594339A4204D02D4841F2225102
:101CE000C8F7E8F96B68B3F5004F09D033F002028A
:101CF00006D00A2B04D0264841F22551C8F7DAF95C
:101D0000E8680F281FD8236869681A6A22F00A0257
:101D100011431A6A22F001021A629A6922F0F00253
:101D200042EA00129A6119629A6822F0700242F047
:101D300047029A6057E70268936823F47F4323F0D1
:101D40007703936030E6124841F22651C8F7B2F9A2
:101D5000E868D8E70E4841F2F341C8F7ABF9E86804
:101D6000F7E50B4841F2DB41C8F7A4F9E86859E60A
:101D7000074841F21651C8F79DF9E86873E704482F
:101D800041F20651C8F796F9E8689DE60000014067
:101D9000C84D050838B5174A0368934205460C46F6
:101DA00017D0B3F1804F14D0A2F57C42934210D0EB
:101DB00002F5806293420CD002F58062934208D013
:101DC00002F57842934204D00B4841F25751C8F7CC
:101DD00071F934F0800304D0074841F25851C8F734
:101DE00069F92A68536823F080031C43002054607B
:101DF00038BD00BF00000140C84D0508374A0368E0
:101E0000934270B504460D461FD0B3F1804F1CD0ED
:101E1000A2F57C42934218D002F58062934214D01E
:101E200002F58062934210D002F5784293420CD0C2
:101E300002F57052934208D0A2F59432934204D036
:101E4000274841F27551C8F735F92B6813B1043BA7
:101E5000032B3DD86B6833F040020CD0402B27D8C1
:101E6000202B08D023F02003102B04D01C4841F273
:101E70007751C8F71FF994F83C30012B26D0012682
:101E8000022384F83C6084F83D3029462046F8F768
:101E90005DFCA0B92368DA6822F04002DA60DA68F3
:101EA00022F48042DA6084F83D6084F83C0070BD22
:101EB000602BE0D023F02003502BD7D1DBE70023A9
:101EC00084F83D6084F83C30304670BD022070BD1F
:101ED000034841F27651C8F7EDF8BBE70000014036
:101EE000C84D0508374A0368934270B504460D464D
:101EF0001FD0B3F1804F1CD0A2F57C42934218D082
:101F000002F58062934214D002F58062934210D0B1
:101F100002F5784293420CD002F57052934208D0F9
:101F2000A2F59432934204D0274841F29E51C8F75B
:101F3000C1F82B6813B1043B032B3DD86B6833F019
:101F400040020CD0402B27D8202B08D023F02003B0
:101F5000102B04D01C484FF4AD51C8F7ABF894F8DF
:101F60003C30012B26D00126022384F83C6084F803
:101F70003D3029462046F8F7E9FBA0B92368DA6826
:101F800042F04002DA60DA6822F48042DA6084F8D3
:101F90003D6084F83C0070BD602BE0D023F020034E
:101FA000502BD7D1DBE7002384F83D6084F83C3028
:101FB000304670BD022070BD034841F29F51C8F702
:101FC00079F8BBE700000140C84D050810B504468C
:101FD0000C2908D8DFE801F06E0707074707070755
:101FE000280707070900002010BD03684D4A9342E7
:101FF00018D0B3F1804F15D0A2F57C42934211D096
:1020000002F5806293420DD002F58062934209D0BE
:1020100002F57842934205D0434841F2EE51C8F7A9
:1020200049F82368186C10BD03683E4A934218D0E3
:10203000B3F1804F15D0A2F57C42934211D002F546
:10204000806293420DD002F58062934209D002F57E
:102050007842934205D0344841F2E351C8F72AF858
:102060002368D86B10BD03682E4A934220D0B3F189
:10207000804F1DD0A2F57C42934219D002F58062B8
:10208000934215D002F58062934211D002F5784256
:1020900093420DD002F57052934209D0A2F59432CA
:1020A000934205D0204841F2D851C8F703F823687D
:1020B000986B10BD03681B4A934230D0B3F1804F38
:1020C0002DD0A2F57C42934229D002F58062934242
:1020D00025D002F58062934221D002F578429342E6
:1020E0001DD002F57052934219D002F580629342DE
:1020F00015D002F58062934211D0A2F59832934236
:102100000DD002F58062934209D002F580629342BD
:1021100005D0054841F2CE51C7F7CCFF2368586B74
:1021200010BD00BF00000140C84D0508704700BF4A
:10213000806B08B5036ADB6913B9012380F83D3071
:10214000C7F7ACFF08BD00BF704700BF08B5806B84
:10215000FFF7FAFF08BD00BF704700BF704700BF20
:1021600010B5846B636A83421ED0A36A83420BD08E
:10217000E36A834227D0236B83422FD02046FFF7A8
:10218000EDFF0023237710BD02222277DB69002BAD
:10219000F4D1012384F83F30204684F84330FFF720
:1021A000DDFF0023237710BD01222277DB69002B9E
:1021B000E4D184F83E20204684F84220FFF7CEFF89
:1021C0000023237710BD04222277DB69002BD5D1B1
:1021D000012384F8403084F84430CFE70822227786
:1021E000DB69002BCAD1012384F8413084F84530E3
:1021F000C4E700BF704700BF10B5846B626A8242BB
:1022000019D0A26A824203460DD0E26A82421AD0F5
:10221000226B824204BF082323772046FFF7EAFFA0
:102220000023237710BD022323772046FFF7E2FF28
:102230000023237710BD012323772046FFF7DAFF21
:102240000023237710BD042323772046FFF7D2FF16
:102250000023237710BD00BF704700BF10B5846B0B
:10226000636A83421CD0A36A83420BD0E36A834231
:1022700023D0236B834229D02046FFF7EDFF0023B4
:10228000237710BD02222277DB69002BF4D10123D2
:1022900084F83F302046FFF7DFFF0023237710BD8F
:1022A00001222277DB69002BE6D184F83E2020460C
:1022B000FFF7D2FF0023237710BD04222277DB69CA
:1022C000002BD9D1012384F84030D5E708222277AA
:1022D000DB69002BD0D1012384F84130CCE700BF6B
:1022E000704700BF10B5846B626A824219D0A26A3F
:1022F000824203460DD0E26A82421AD0226B8242A9
:1023000004BF082323772046FFF7EAFF0023237743
:1023100010BD022323772046FFF7E2FF0023237737
:1023200010BD012323772046FFF7DAFF0023237730
:1023300010BD042323772046FFF7D2FF0023237725
:1023400010BD00BF704700BF036870B5DE681D692F
:10235000A907044601D5B20751D4690701D5720710
:102360003AD42B0701D5300724D4EA0601D5F30669
:1023700010D4E80701D5F10757D42A0601D5330652
:102380005BD4680601D571065FD4AA0601D5B306F1
:1023900042D470BD23686FF010021A6108222277C0
:1023A000DB6913F4407F204663D0FFF7D7FE00239C
:1023B0002377DEE723686FF008021A610422227790
:1023C000DB699907204651D1D6F710FA2046FFF76E
:1023D00043FF00232377C8E723686FF004021A61E4
:1023E000022222779B6913F4407F20463BD1D6F727
:1023F000FDF92046FFF730FF00232377B1E76FF0A8
:1024000002021A61012202779B699B0725D0FFF720
:10241000A5FE00232377A0E723686FF02002204663
:102420001A61BDE8704003F071BE23686FF00102CD
:102430001A612046C7F732FE9FE723686FF08002DB
:102440001A61204603F076FE9BE723686FF0400296
:102450001A612046FFF776FF97E7D6F7C7F92046BF
:10246000FFF7FAFED5E7FFF779FEC5E7FFF776FE3F
:10247000AFE7D6F7BBF92046FFF7EEFE97E700BFC0
:10248000806B08B5836BDB6913B9012380F83D309D
:10249000FFF758FF08BD00BF704700BF08B5806B4D
:1024A000FFF7FAFF08BD00BF704700BF10B5846B8F
:1024B000636A83421CD0A36A83420ED0E36A8342DC
:1024C00020D0236B834228D0012384F83D3020465E
:1024D000FFF7EAFF0023237710BD0123022284F8CF
:1024E0003F3022772046FFF7DFFF0023237710BD20
:1024F0000123237784F83E302046FFF7D5FF0023E1
:10250000237710BD0123042284F84030227720462F
:10251000FFF7CAFF0023237710BD0123082284F8A8
:10252000413022772046FFF7BFFF0023237710BDFD
:1025300090F83D00704700BF90F83D00704700BF25
:1025400090F83D00704700BF90F83D00704700BF15
:1025500090F83D00704700BF90F83D00704700BF05
:10256000007F704738B5334A0368934205460C46EE
:102570001ED0B3F1804F1BD0A2F57C42934217D0FE
:1025800002F58062934213D002F5806293420FD02D
:1025900002F5784293420BD0274A934213D144B3B9
:1025A000042C3DD0254841F61611C7F783FD2DE0D8
:1025B0000C2C39D8DFE804F01D3838382838383882
:1025C0002838383828001E4A934216D01D4A9342B4
:1025D00013D0A2F598329342E1D01B4A93420CD01B
:1025E0001A4A934209D0154841F61611C7F762FD01
:1025F00054B995F83E00C0B238BD002CF9D00F4850
:1026000041F61611C7F756FD042C09D0082C03D04B
:1026100095F84100C0B238BD95F84000C0B238BD51
:1026200095F83F00C0B238BD044841F61611C7F70F
:1026300041FDEDE70000014000400140C84D0508A4
:102640000044014000480140001C004000200040C0
:10265000104A0368934210B5044617D0B3F1804F77
:1026600014D0A2F57C42934210D002F580629342CE
:102670000CD002F58062934208D002F57842934272
:1026800004D0054841F62511C7F714FD94F846001B
:1026900010BD00BF00000140C84D0508344A036862
:1026A000904210B450D0B0F1804F3BD0A2F57C42A4
:1026B000904237D002F58062904233D002F58062BA
:1026C00090422FD002F5784290423DD0294A904264
:1026D0002CD002F58062904228D002F580629042B0
:1026E00024D0A2F59832904220D002F58062904228
:1026F0001CD002F58062904218D00A688C68496943
:1027000023F080030B430360C462826201234361B0
:102710000369DB0703D5036923F0010303615DF857
:10272000044B70474A6823F070031343CC684A692E
:1027300023F44073234323F080038C6813430A6817
:102740000360C4628262E1E74C68CA6823F07003E8
:10275000234323F4407313434A6923F08003134354
:1027600003608B68C3620B6883620B690363CDE708
:102770000000014000400140002800F04081F8B511
:10278000A04A036893420C4605461FD0B3F1804F20
:102790001CD0A2F57C42934218D002F5806293428D
:1027A00014D002F58062934210D002F57842934231
:1027B0000CD002F57052934208D0A2F594329342A5
:1027C00004D0914840F6D831C7F774FCAB6833F0B9
:1027D00010020AD023F04002202A06D0402B04D059
:1027E000894840F6D931C7F765FC2B6933F480720C
:1027F00003D0B3F5007F40F0ED80AB6933F0800388
:1028000040F0C4802368013B022B00F2C980A3681A
:10281000013B022B00F2CE80A369013B022B00F2A8
:10282000D380636833F0020304D0774840F6DF3189
:10283000C7F740FC636933F0020304D072484FF4D9
:102840003E61C7F737FCE36853B1043B082B00F245
:10285000CC8040F2111222FA03F3DA0740F1C5806E
:10286000E369002B5CD123690F2B6AD8236A0F2BF5
:102870006FD82A68EB68B2F1804F74D063498A42FE
:1028800071D0013B4FF6FE7293426ED895F83D3001
:1028900003F0FF02002B73D02946022385F83D3058
:1028A00051F8040B836823F4804323F0070383600B
:1028B000FFF7F4FE86688369A169A268276A23F49A
:1028C000407323F0030342EA01221A432369E169BA
:1028D0001B0143EA0123E16822F47C420B4322F00E
:1028E000FC0243EA0733016A67691343626821F017
:1028F000AA0142EA071211432268164301228660A8
:102900008361016285F8462085F83E2085F83F20E6
:1029100085F8422085F8432085F83D200020F8BD49
:10292000043B082B05D840F2111222FA03F3DB070F
:1029300099D4354840F6E231C7F7BCFB23690F2B29
:1029400094D9314840F6E331C7F7B4FB236A0F2B23
:102950008FD92D4840F6E431C7F7ACFB2A68EB6805
:10296000B2F1804F8AD1002B90D1274840F6E53153
:10297000C7F7A0FB95F83D3003F0FF02002B8BD189
:1029800085F83C202846FCF7FDFB85E71E4840F60D
:10299000DB31C7F78FFB2368013B022B7FF637AF94
:1029A000194840F6DC31C7F785FBA368013B022BD1
:1029B0007FF632AF144840F6DD31C7F77BFBA369E1
:1029C000013B022B7FF62DAF0F4840F6DE31C7F7F3
:1029D00071FB26E70C4840F6DA31C7F76BFBAB69B1
:1029E00033F080033FF40EAFD0E7074840F6E13103
:1029F000C7F760FBE369002B3FF435AF90E7012098
:102A0000704700BF00000140C84D0508000C0040A1
:102A10002DE9F041056A036A0A6823F01003036296
:102A20004768836923F4E64343EA02288B6825F06C
:102A3000200545EA03151D4B984204460E460BD06F
:102A400003F58063984207D073686760C4F8188004
:102A5000A3632562BDE8F081F36833F0080205D076
:102A6000134841F61C31C7F725FBF36825F08005B4
:102A700045EA0315B36933F4007325F0400504D02B
:102A80000B4841F62931C7F715FB726932F48073A0
:102A900005D0074841F62A31C7F70CFB7269B369C4
:102AA00027F440671A4347EA8207CDE70000014058
:102AB000C84D05080C2A2DE9F84F144605460E4668
:102AC00034D841F21113D340DB0731D533685BB101
:102AD000302B09D032D8102B06D0202B04D09748A9
:102AE00040F6D171C7F7E6FAB36833F0020304D0B9
:102AF000924840F6D271C7F7DDFA95F83C30012BC9
:102B000000F0F880012385F83C300C2C08D8DFE871
:102B100004F0410707077A0707071F070707A30005
:102B20000120002385F83C30BDE8F88F3C2ACDD049
:102B300082484FF47D61C7F7BDFAC7E723F0100361
:102B4000402BD1D07D4840F6D171C7F7B3FACBE71F
:102B500028687B4B984218D0B0F1804F15D0A3F570
:102B60007C43984211D003F5806398420DD003F561
:102B70008063984209D003F57843984205D06F48A6
:102B80004FF47F61C7F796FA28683146F7F78CFD56
:102B90000020C6E728686A4B984230D0B0F1804FD9
:102BA0002DD0A3F57C43984229D003F58063984249
:102BB00025D003F58063984221D003F578439842ED
:102BC0001DD003F57053984219D003F580639842E5
:102BD00015D003F58063984211D0A3F5983398423D
:102BE0000DD003F58063984209D003F580639842C5
:102BF00005D0524840F6DC71C7F75CFA28683146C8
:102C0000F7F702FDC4E728684D4B984220D0B0F199
:102C1000804F1DD0A3F57C43984219D003F5806303
:102C2000984215D003F58063984211D003F578439C
:102C300098420DD003F57053984209D0A3F5943310
:102C4000984205D03D4840F6E671C7F733FA286848
:102C50003146FFF7DDFE9BE72C68DFF8E4A0544522
:102C60004BD0B4F1804F2BD0364B9C4228D003F58B
:102C700080639C4224D003F580639C4220D0DFF81F
:102C8000C8B05C4539D02D4840F6FA71C7F712FA42
:102C90002C683268276A236A23F480532362D4F8AD
:102CA0000480E36923F4E64343EA0229B36827F486
:102CB0000057544547EA033731D05C452FD011E027
:102CC000276A236A326823F480532362D4F804808D
:102CD000E36923F4E64343EA0229B36827F4005783
:102CE00047EA03377368C4F80480C4F81C9023646F
:102CF00027624DE70220BDE8F88F276A236A23F494
:102D000080532362D4F80480E369326823F4E643F5
:102D100043EA0229B36827F4005747EA0337726988
:102D200032F4807305D0054841F6B431C7F7C2F9D3
:102D3000726928F4804848EA8218D3E7C84D05082C
:102D40000000014000040040000401402DE9F0476C
:102D50000C2A82B0164605460C463AD841F21113A9
:102D6000D340DB0737D5236823F01003602B04D052
:102D7000A54841F28301C7F79DF9A36833F0020328
:102D800004D0A14841F28401C7F794F9236933F0D4
:102D9000040304D09C4841F28501C7F78BF995F8EC
:102DA0003C30012B00F02B81012385F83C300C2EA8
:102DB00008D8DFE806F05207070798070707CF078C
:102DC000070716000120002385F83C3002B0BDE85B
:102DD000F0873C2AC7D08C4841F28201C7F76AF9D4
:102DE000C1E72E68DFF82882464500F01581B6F16C
:102DF000804F00F0DE80854B9E4200F0DA8003F5C4
:102E000080639E4200F0D58003F580639E4200F00F
:102E1000D080DFF800A2564500F0FE8041F2C201EA
:102E20007948C7F747F92E682168376A336A23F46F
:102E3000805333627268F36923F4E649A36827F488
:102E40000057464549EA012947EA033700F0F58073
:102E5000564500F0F2803346BDE028686C4B98423E
:102E600030D0B0F1804F2DD0A3F57C43984229D0CB
:102E700003F58063984225D003F58063984221D002
:102E800003F5784398421DD003F57053984219D04A
:102E900003F58063984215D003F58063984211D002
:102EA000A3F5983398420DD003F58063984209D07A
:102EB00003F58063984205D0534841F28F01C7F76C
:102EC000F9F828682146F7F79FFB2B6821699A6972
:102ED00042F008029A619A6922F004029A619A69A2
:102EE0000A439A6163E02868494B984220D0B0F1C8
:102EF000804F1DD0A3F57C43984219D003F5806321
:102F0000984215D003F58063984211D003F57843B9
:102F100098420DD003F57053984209D0A3F594332D
:102F2000984205D038484FF48551C7F7C3F8286850
:102F30002146FFF76DFD2B6821699A6942F4006212
:102F40009A619A6922F480629A619A6942EA01223E
:102F50009A612CE028682E4B984218D0B0F1804F2F
:102F600015D0A3F57C43984211D003F580639842B5
:102F70000DD003F58063984209D003F57843984259
:102F800005D0214841F2B101C7F794F828682146DD
:102F9000F7F78AFB2B682169DA6942F00802DA61E7
:102FA000DA6922F00402DA61DA690A43DA610020A0
:102FB00009E7376A336A23F4805333627268F3692E
:102FC00023F4E649236849EA0329A36827F4005754
:102FD00047EA0337334672606268C6F81C90326471
:102FE0003762DA69216942F40062DA61DA6922F44F
:102FF0008062DA61DA6942EA0122DA61D7E7022007
:1030000002B0BDE8F08700BFC84D050800040040CD
:103010000000014000040140376A336A23F4805302
:1030200033627268F36923F4E649236849EA0329A5
:10303000A36827F4005747EA0337616931F48073C6
:103040000DD041F6B43107480192C7F733F86169F2
:103050002B68019A22F4804242EA8112BBE7334690
:10306000F8E700BFC84D0508F0B5074689B00C4623
:103070001E461546002A40F0AB8013B9012009B066
:10308000F0BD042B40F0AC8097F83C30012B00F0F1
:10309000B180012387F83C30022387F83D30636814
:1030A000029363690793A3680393E3680493236817
:1030B000019323690693002D00F0B180042D7ED189
:1030C0003868A44B984220D0B0F1804F1DD0A3F5B2
:1030D0007C43984219D003F58063984215D003F5DC
:1030E0008063984211D003F5784398420DD003F5E0
:1030F0007053984209D0A3F59433984205D096486E
:1031000041F21211C6F7D6FF386801A9FFF780FC1B
:10311000002E00F0BF80042E51D13B688D4A9342AF
:1031200020D0B3F1804F1DD0A2F57C42934219D03C
:1031300002F58062934215D002F58062934211D06D
:1031400002F5784293420DD002F57052934209D0B5
:10315000A2F59432934205D07F4841F23711C6F769
:10316000A9FF3B68196A206AD4E90625120121F0FB
:10317000A00102F0A0020A43196A21F010011962AD
:10318000996921F4407141EA052160F30F31996199
:103190001A629A6922F440629A619A6822F0700277
:1031A0009A609A6842F060029A609A6822F0070278
:1031B0009A609A6842F006029A60002000E00120BE
:1031C0000122002387F83D2087F83C3009B0F0BD8C
:1031D000042A12D1002B3FF457AF042B3FF44EAF1B
:1031E0005D4841F2F501C6F765FF97F83C30012BC9
:1031F0007FF44FAF022009B0F0BD574841F2F4010F
:10320000C6F758FF36F004033FF43EAF524841F290
:10321000F501C6F74FFFB5427FF436AF2EE73868A9
:103220004C4B984230D0B0F1804F2DD0A3F57C4369
:10323000984229D003F58063984225D003F5806336
:10324000984221D003F5784398421DD003F570537E
:10325000984219D003F58063984215D003F5806336
:10326000984211D0A3F5983398420DD003F58063AE
:10327000984209D003F58063984205D0364841F260
:103280000A11C6F717FF386801A9F7F7BDF9002E34
:103290007FF441AF3B682F4A93425FD0B3F1804F38
:1032A0005CD0A2F57C42934258D002F580629342F2
:1032B00054D002F58062934250D002F57842934296
:1032C0004CD002F57052934248D002F5806293428E
:1032D00065D002F58062934261D0A2F598329342A4
:1032E0003CD002F58062934259D002F5806293424D
:1032F00055D01948174E41F22311C6F7DBFE3B6843
:10330000186A1A6A22F00102D4E90615B342246A47
:103310001A629A692BD0B3F1804F28D0A6F57C466B
:10332000B34224D006F58066B34220D006F580660D
:10333000B3421CD006F57846B34218D006F5705655
:10334000B34214D0A6F59436B34210D042F0010235
:1033500010E000BF00000140C84D0508186A1A6A55
:1033600022F00102D4E90615246A1A629A6922F051
:1033700003022A4320F00A0001F00A0164F3071255
:1033800001439A6119629A6922F00C029A619A6863
:1033900022F070029A609A6842F0500204E7186ABC
:1033A0001A6AA169246A22F001021A629A69CDE7B9
:1033B00070B4056A046A1A4E24F001040462B04233
:1033C000846994461CD0B0F1804F19D0154A9042C0
:1033D00016D002F58062904212D002F580629042CF
:1033E0000ED002F5784290420AD002F57052904217
:1033F00006D0A2F59432904202D044F0010203E0DC
:1034000024F0030242EA0C0225F00A0501F00A0149
:10341000294363F30712826170BC0162704700BFE9
:10342000000001400004004010B484680A4324F402
:103430007F4442EA0322224382605DF8044B7047D6
:10344000294B984270B504460D4616462FD0B0F170
:10345000804F2CD0A3F57C43984228D003F580639D
:10346000984224D003F58063984220D003F5784336
:1034700098421CD003F57053984218D003F580632E
:10348000984214D003F58063984210D0A3F5983386
:1034900098420CD003F58063984208D003F580630E
:1034A000984204D0114841F69F51C6F703FE0C2DF7
:1034B00011D841F21113EB40DB070ED5236A05F05A
:1034C0001F050122AA4023EA02032362236AAE40B9
:1034D0001E43266270BD3C2DF0D004484FF4ED51E0
:1034E000C6F7E8FDEAE700BF00000140C84D050847
:1034F000F0B59C4E04460068B04283B00D461746B6
:1035000021D0B0F1804F1ED0974A90421BD002F5D7
:103510008062904217D002F58062904213D002F58B
:10352000784290420FD0914A90421ED1002D37D060
:10353000042D00F0CB808E48019340F21F41C6F766
:10354000B9FD019B8BE00C2D00F22481DFE815F022
:1035500028002201220122018500220122012201EC
:1035600085002201220122018500824A90426BD00F
:10357000814A904268D0A2F598329042D6D07F4AD4
:10358000904200F097807E4A904200F09380784805
:10359000019340F21F41C6F78DFD019B002D5CD1C8
:1035A00094F83E20022A00F0828094F83E20012AFE
:1035B00040F09680002F00F09380002B00F0908068
:1035C000606A704E022284F83E202268C6636E4E06
:1035D00006646E4EC66439463432E9F71DF8002899
:1035E0007ED12068C36843F40073C360012229467A
:1035F000FFF726FF5B4A2368934200F0AE8002F596
:103600008062934200F0A980B3F1804F10D0564AF7
:1036100093420DD002F58062934209D05C4A9342F6
:1036200006D0524A934203D0A2F59432934204D179
:103630009A6802F00702062A03D01A6842F00102D3
:103640001A60002003B0F0BD002DA9D048480193B6
:1036500040F21F41C6F72EFD019B042D36D0082DE8
:1036600041D094F84120022A21D094F84120012A27
:1036700036D1002F34D0002B32D00222082D84F80E
:1036800041203FD00C2D2BD1206B3E4E2268C663CB
:103690003D4E06643D4EC66439464032E8F7BCFFF5
:1036A000F0B92068C36843F48053C3609EE70220EA
:1036B00003B0F0BD002D3FF473AF2D48019340F2ED
:1036C0001F41C6F7F7FC042D019BC8D194F83F2099
:1036D000022AECD094F83F20012A01D107B12BBB7C
:1036E000012003B0F0BD94F84020022ADFD094F806
:1036F0004020012AF4D1002FF2D0002BF0D002227A
:1037000084F84020E06A1F4E2268C6631E4E06649D
:103710001E4EC66439463C32E8F77EFF0028DFD1F2
:103720002068C36843F40063C3605FE7A06A154E76
:10373000022284F83F202268C663134E0664134EAB
:10374000C66439463832E8F767FF0028C8D12068D8
:10375000C36843F48063C36048E75A6C42F4004294
:103760005A6465E700000140000400400040014049
:10377000C84D05080044014000480140001C0040BD
:10378000002000405D220408E5220408AD2404085E
:10379000000C00400348019340F21F41C6F78AFC29
:1037A000019B5EE7C84D0508F0B59C4E04460068D5
:1037B000B04283B00D46174621D0B0F1804F1ED0E5
:1037C000974A90421BD002F58062904217D002F5D2
:1037D0008062904213D002F5784290420FD0914A15
:1037E00090421ED1002D37D0042D00F0CB808E48A2
:1037F00001934FF4D761C6F75DFC019B8BE00C2D64
:1038000000F22481DFE815F02800220122012201C4
:1038100085002201220122018500220122012201CC
:103820008500824A90426BD0814A904268D0A2F5CE
:1038300098329042D6D07F4A904200F097807E4ADC
:10384000904200F09380784801934FF4D761C6F717
:1038500031FC019B002D5CD194F83E20022A00F03F
:10386000828094F83E20012A40F09680002F00F0DC
:103870009380002B00F09080606A704E022284F8E2
:103880003E202268C6636E4E06646E4EC66439469C
:103890003432E8F7C1FE00287ED12068C36843F4C3
:1038A0000073C36001222946FFF7CAFD5B4A236803
:1038B000934200F0AE8002F58062934200F0A9804E
:1038C000B3F1804F10D0564A93420DD002F580627A
:1038D000934209D05C4A934206D0524A934203D0A5
:1038E000A2F59432934204D19A6802F00702062AA4
:1038F00003D01A6842F001021A60002003B0F0BD44
:10390000002DA9D0484801934FF4D761C6F7D2FBE8
:10391000019B042D36D0082D41D094F84120022A75
:1039200021D094F84120012A36D1002F34D0002B29
:1039300032D00222082D84F841203FD00C2D2BD10B
:10394000206B3E4E2268C6633D4E06643D4EC66403
:1039500039464032E8F760FEF0B92068C36843F4A6
:103960008053C3609EE7022003B0F0BD002D3FF4FA
:1039700073AF2D4801934FF4D761C6F79BFB042D1D
:10398000019BC8D194F83F20022AECD094F83F2044
:10399000012A01D107B12BBB012003B0F0BD94F87F
:1039A0004020022ADFD094F84020012AF4D1002FD1
:1039B000F2D0002BF0D0022284F84020E06A1F4EA3
:1039C0002268C6631E4E06641E4EC66439463C32EB
:1039D000E8F722FE0028DFD12068C36843F40063C3
:1039E000C3605FE7A06A154E022284F83F20226878
:1039F000C663134E0664134EC66439463832E8F780
:103A00000BFE0028C8D12068C36843F48063C360FC
:103A100048E75A6C42F400425A6465E700000140EE
:103A20000004004000400140C84D0508004401402A
:103A300000480140001C0040002000405D220408B6
:103A4000E5220408AD240408000C0040034801935B
:103A50004FF4D761C6F72EFB019B5EE7C84D050802
:103A6000F8B5036804460D46184600293FD1914A2F
:103A700094F83E6094F842709342F6B2FFB232D0AE
:103A8000B3F1804F2FD08C4A93422CD08B4A934273
:103A900029D08B4A934200F0908002F578429342FD
:103AA00000F08180874A934200F0D080864A93429A
:103AB0000CD0864A934209D0854A934200F0C680D2
:103AC000844A934202D0844A934271D1002D40F03F
:103AD000C280012E09D1012F07D1022384F83E3084
:103AE00084F842302DE0012E59D00120F8BD042980
:103AF0006CD0082900F08A806E4A94F8416094F8EE
:103B000045709342F6B2FFB20AD0B3F1804F07D0AE
:103B1000694A934204D002F58062934240F0B68035
:103B20000C2D40D96D4840F64D01C6F7C3FA012E61
:103B3000DBD1012FD9D10223206884F8413084F8E9
:103B4000453001222946FFF77BFC5A4A23689342FD
:103B50001AD0B3F1804F17D0A2F57C42934213D014
:103B600002F5806293420FD002F5806293420BD03F
:103B700002F57842934207D002F57052934203D087
:103B8000A2F59432934204D19A6802F00702062A01
:103B900003D01A6842F001021A600020F8BD012F1C
:103BA000A3D1184699E741F21113EB40DB0704D487
:103BB0004A4840F64D01C6F77DFA012E95D1012FF6
:103BC00093D1002D52D12368184686E7394A94F8DC
:103BD0003F6094F843709342F6B2FFB209D0B3F15C
:103BE000804F06D0344A934203D0344A93427FF444
:103BF00050AF012E7FF479AF012F7FF476AF1846D6
:103C0000022384F83F3084F843309AE7294A94F835
:103C1000406094F844709342F6B2FFB209D0B3F119
:103C2000804F06D0244A934203D0244A93427FF423
:103C300030AF012E7FF459AF012F7FF456AF02222F
:103C400084F84020184684F844207AE7002D3FF499
:103C500040AF042D11D0214840F64D01C6F72AFA95
:103C6000012E7FF442AF012F7FF43FAF042D0BD024
:103C7000082D7FF460AF2368E1E7012E7FF435AFB4
:103C8000012F7FF432AFBBE72368B8E702F580620B
:103C900093423FF445AF02F5784293423FF440AF80
:103CA00002F570529342D6D002F5806293427FF4BF
:103CB00000AFD0E7000001400004004000080040D1
:103CC000000C004000400140004401400048014019
:103CD00000180040001C004000200040C84D0508AE
:103CE000F8B5036804460D461846002971D1984A74
:103CF00094F83E6094F842709342F6B2FFB262D0FC
:103D0000B3F1804F5FD0934A93425CD0924A934282
:103D100059D0924A934200F0898002F5784293424A
:103D20007AD08F4A934200F0CE808E4A93420CD0D4
:103D30008D4A934209D08D4A934200F0C4808C4A48
:103D4000934202D08B4A93426BD1002D40F0C08049
:103D5000012E5FD1012F5DD1022284F83E2084F82C
:103D60004220DA6842F00202DA6001222946FFF7B7
:103D700067FB774A236893421AD0B3F1804F17D07C
:103D8000A2F57C42934213D002F5806293420FD099
:103D900002F5806293420BD002F57842934207D03D
:103DA00002F57052934203D0A2F59432934204D1AB
:103DB0009A6802F00702062A03D01A6842F001024C
:103DC0001A600020F8BD012E24D1012F22D11846FF
:103DD000C2E7042933D0082953D05D4A94F84160E2
:103DE00094F845709342F6B2FFB20AD0B3F1804F17
:103DF00007D0584A934204D002F58062934240F0C3
:103E000093800C2D08D95C4840F6A101C6F752F901
:103E1000012E6CD00120F8BD41F21113EB40DB07FD
:103E200004D4554840F6A101C6F744F9012EF1D15A
:103E3000012FEFD1002D54D1236818468CE7444A56
:103E400094F83F6094F843709342F6B2FFB209D001
:103E5000B3F1804F06D03F4A934203D03E4A93428B
:103E60007FF457AF012ED5D1012FD3D118460222AE
:103E700084F83F2084F84320DA6842F00402DA60D4
:103E800073E7334A94F8406094F844709342F6B272
:103E9000FFB209D0B3F1804F06D02E4A934203D02F
:103EA0002D4A93427FF435AF012EB3D1012FB1D10A
:103EB000022284F8402084F844201846DB6843F04E
:103EC0000803C36051E7002D3FF442AF042D16D024
:103ED000294840F6A101C6F7EDF8012E9AD1012F2D
:103EE00098D1042D1ED0082D0ED12368E0E7012FB4
:103EF00090D1022384F8413084F845308AE7012EBE
:103F000088D1012F86D1B2E702230C2D84F84130ED
:103F100084F845307FF47EAF2068C36843F0100317
:103F2000C36022E72368A1E702F5806293423FF471
:103F300068AF02F5784293423FF463AF02F57052E6
:103F40009342C5D002F5806293427FF4F1AEBFE7A1
:103F5000000001400004004000080040000C004048
:103F6000004001400044014000480140001800406A
:103F7000001C004000200040C84D05082DE9F84312
:103F80000546174600689846894600296ED1A64A1C
:103F900095F83E4095F842609042E4B2F6B230D0D7
:103FA000B0F1804F2DD0A14B98422AD0A04B98421F
:103FB00000F0878003F58063984200F0828003F56B
:103FC0007843984277D09B4B984200F00B819A4BF4
:103FD000984200F00C81994B984200F0F880984B81
:103FE000984240F0638139F004035BD1954B9842CD
:103FF00007D0954B984204D0944840F64611C6F736
:1040000059F8022C05D0022E00F08580012C03D037
:1040100001242046BDE8F883012EF9D1002FF7D006
:10402000B8F1000FF4D02868B9F1000F77D102235E
:10403000224685F83E30494685F84230FFF700FABF
:10404000686A834A834B2968C0E90F23824BC364A3
:104050003A4643463431E8F7DFFA04460028D7D120
:104060002B68DA6842F40072DA606DE0042939D016
:10407000082945D06C4B95F8414095F84560984229
:10408000E4B2F6B224D0B0F1804F21D0674B984211
:104090001ED003F58063984240F01481B9F10C0FF3
:1040A00040F2FC80694840F64511C6F703F85E4BC4
:1040B00028689842A5D0B0F1804FA2D05B4B9842BF
:1040C0009FD05B4B98429CD05E4B984291D198E731
:1040D000B9F10C0FE6D841F2111323FA09F3DB070B
:1040E000E0D58EE7504B95F83F4095F843609842F5
:1040F000E4B2F6B285D0B0F1804F7FF454AF80E7E0
:10410000494B95F8404095F844609842E4B2F6B2C5
:104110007FF446AF75E734462046BDE8F883B9F131
:10412000040F34D0B9F1080F00F09880022385F80D
:104130004130324685F845304946FFF781F9B9F1FB
:104140000C0F59D02B680124374A934244D0B3F165
:10415000804F41D0A2F57C4293423DD002F580626F
:10416000934239D002F58062934235D002F578420D
:10417000934231D002F5705293422DD0A2F5943281
:10418000934229D01A6842F001021A6041E70223E3
:10419000224685F83F30494685F84330FFF750F90D
:1041A000A86A2B4A2B4B2968C0E90F232A4BC3640A
:1041B0003A4643463831E8F72FFA044600287FF4A0
:1041C00027AF2B68DA6842F48062DA60BCE7B9F1A5
:1041D000000F3FF40EAF65E79A6802F00702062A67
:1041E000D0D116E739F004037FF45CAF04E7B9F1EE
:1041F000000F3FF401AF55E7286B154B2968C363E7
:10420000144B0364144BC3643A4643464031E8F709
:1042100003FA044600287FF4FBAE2B68DA6842F408
:104220008052DA6090E700BF0000014000040040C7
:1042300000080040004001400044014000480140A7
:1042400000180040000C004000040140C84D050863
:1042500061210408F9210408AD2404080223224640
:1042600085F84030494685F84430FFF7E9F8E86AB8
:104270001E4A1F4B2968C0E90F231E4BC3643A46F0
:1042800043463C31E8F7C8F9044600287FF4C0AE45
:104290002B68DA6842F40062DA6055E741F21113E4
:1042A00023FA09F3DA077FF5FDAE07E7124B9842D0
:1042B0008DD0124B98427FF4F5AEB9F1000F3FF468
:1042C00095AEEFE603F5806398423FF4E7AE03F561
:1042D000784398423FF4E2AE03F57053984281D0A0
:1042E00003F5806398427FF476AEDBE66121040833
:1042F000F9210408AD240408001C004000200040FF
:1043000010B5846B636A834216D0A36A834208D0D7
:10431000E36A83421AD02046FEF7C6F800232377CB
:1043200010BD0123022284F8433022772046FEF795
:10433000BBF80023237710BD0123237784F8423094
:104340002046FEF7B1F80023237710BD0123042295
:1043500084F8443022772046FEF7A6F8002323771E
:1043600010BD00BF10B5846B626A824219D0A26A88
:10437000824208D0E26A824220D02046FDF76CFFDC
:104380000023237710BD02232377D369002BF4D1B8
:10439000012384F843302046FDF75EFF0023237796
:1043A00010BD01232377D269002AE6D184F8423078
:1043B0002046FDF751FF0023237710BD0423237708
:1043C000D369002BD9D1012384F84430D5E700BF4D
:1043D000704700BF002800F0DC8030B50368704AE9
:1043E000934289B00D46044616D0B3F1804F13D0E6
:1043F000A2F57C4293420FD002F5806293420BD02B
:1044000002F58062934207D002F57842934203D0CE
:1044100064489521C5F74EFEA36833F0100209D019
:1044200023F04002202A05D0402B03D05D4896217E
:10443000C5F740FE236933F4807203D0B3F5007FE3
:1044400040F09D80A36933F0800303D05548982144
:10445000C5F730FE2B6833F0020273D12268E3689F
:10446000B2F1804F79D050498A4276D0013B4FF665
:10447000FE72934273D86B6853B1043B082B00F271
:104480008A8040F2111222FA03F3DB0740F18380A5
:10449000AB680F2B6ED894F83D3003F0FF02002B71
:1044A00062D02146022384F83D3051F8040BFEF718
:1044B000F5F8AB68296820680322FEF779FF2068C9
:1044C00069688369EA6823F00C03836183690B439D
:1044D0008361436843F0800343608368029223F062
:1044E00070038360836843F040038360836823F034
:1044F00007038360836843F004038360002501A9F8
:1045000070230193CDE90555CDE903550795FEF7D5
:104510007FFA2268516821F07001516051680123CF
:10452000284641F05001516084F8463084F83E300E
:1045300084F83F3084F8423084F8433084F83D30CA
:1045400009B030BD0A2B89D016489921C5F7B2FDB4
:104550002268E368B2F1804F85D1002B8BD11148DE
:104560009A21C5F7A7FD86E784F83C202046FFF78F
:104570002FFF96E70B489C21C5F79CFD8BE7094868
:104580009721C5F797FDA36933F080033FF462AF2D
:104590005CE70120704703489B21C5F78BFD77E757
:1045A00000000140744E0508000C0040704700BF39
:1045B000304A0368934210B5044637D0B3F1804FB8
:1045C00034D0A2F57C42934230D002F5806293420F
:1045D0002CD002F58062934228D002F5806293428B
:1045E00024D002F58062934220D002F570429342BB
:1045F0001CD002F57052934218D002F580629342AB
:1046000014D002F58062934210D0A2F59832934202
:104610000CD002F58062934208D002F5806293428A
:1046200004D01548F321C5F745FD2368022284F81C
:104630003D20196A41F21112114208D1196A40F263
:104640004442114203D11A6822F001021A60204646
:10465000FFF7ACFF002084F8460084F83C0084F8A3
:104660003E0084F83F0084F8420084F8430084F858
:104670003D0010BD00000140744E05082DE9F041D9
:1046800090F83E5090F83F1090F8423090F8432058
:104690005FFA81F8DFB2334903688B420446EDB21A
:1046A000D6B216D0B3F1804F13D02F4A934210D018
:1046B00002F5806293420CD002F58062934208D0EA
:1046C00002F57842934204D028484FF4A271C5F70E
:1046D000F1FC012D05D1B8F1010F06D02846BDE847
:1046E000F08101252846BDE8F081012FF6D1012E89
:1046F000F4D1022384F83E30324684F83F302068FB
:1047000084F84230002184F84330FEF799FE154AC0
:104710002368934220D0B3F1804F1DD0A2F57C4294
:10472000934219D002F58062934215D002F580625F
:10473000934211D002F5784293420DD002F57052A7
:10474000934209D0A2F59432934205D01A6842F000
:1047500001021A600025C1E79A6802F00702062AE2
:10476000F4D1F7E70000014000040040744E050852
:1047700010B51E4B04460068984218D0B0F1804F27
:1047800015D0A3F57C43984211D003F5806398427D
:104790000DD003F58063984209D003F57843984221
:1047A00005D013484FF4BA71C5F784FC2068002285
:1047B0001146FEF745FE2368196A41F211121142B3
:1047C00008D1196A40F24442114203D11A6822F01A
:1047D00001021A60012384F83E3084F83F3084F8E7
:1047E000423084F84330002010BD00BF000001407B
:1047F000744E05082DE9F04190F83E5090F83F10B6
:1048000090F8423090F843205FFA81F8DFB23549E2
:1048100003688B420446EDB2D6B216D0B3F1804F96
:1048200013D0314A934210D002F5806293420CD0EB
:1048300002F58062934208D002F57842934204D098
:104840002A484FF4CB71C5F735FC012D05D1B8F1DD
:10485000010F06D02846BDE8F08101252846BDE8B5
:10486000F081012FF6D1012EF4D10223206884F8C3
:104870003E3084F83F3084F8423084F84330C368D7
:1048800043F002033246C3600021FEF7D9FD154A0A
:104890002368934220D0B3F1804F1DD0A2F57C4213
:1048A000934219D002F58062934215D002F58062DE
:1048B000934211D002F5784293420DD002F5705226
:1048C000934209D0A2F59432934205D01A6842F07F
:1048D00001021A600025BDE79A6802F00702062A65
:1048E000F4D1F7E70000014000040040744E0508D1
:1048F00010B5204B04460068984218D0B0F1804FA4
:1049000015D0A3F57C43984211D003F580639842FB
:104910000DD003F58063984209D003F5784398429F
:1049200005D0154840F2C911C5F7C4FB2068002224
:104930001146FEF785FD2368DA6822F00202DA608C
:104940001A6A41F211110A4208D1196A40F244422E
:10495000114203D11A6822F001021A60012384F87F
:104960003E3084F83F3084F8423084F843300020F1
:1049700010BD00BF00000140744E05082DE9F0474E
:104980000668424F90F83E4090F84250BE42804642
:1049900089469246E4B2EDB216D0B6F1804F13D0FC
:1049A0003B4B9E4210D003F580639E420CD003F532
:1049B00080639E4208D003F578439E4204D0354878
:1049C0004FF4F771C5F776FB022C04D0022D52D0BC
:1049D000012C03D001242046BDE8F087012DF9D138
:1049E000B9F1000FF6D0BAF1000FF3D0022388F826
:1049F0003E302246D8F8000088F842300021FEF709
:104A00001FFDD8F82400244A244BD8F80010C0E930
:104A10000F23234BC3644A4653463431E7F7FCFD6A
:104A200004460028D6D1D8F800301849DA688B42FD
:104A300042F40072DA6022D0B3F1804F1FD0144AE2
:104A400093421CD002F58062934218D002F5806236
:104A5000934214D002F57842934210D002F570527E
:104A600093420CD0A2F59432934208D01A6842F0D7
:104A700001021A60AFE72C462046BDE8F0879A682D
:104A800002F00702062AF1D1A5E700BF00000140AD
:104A900000040040744E050861210408F92104084F
:104AA000AD24040810B5204B04460068984218D085
:104AB000B0F1804F15D0A3F57C43984211D003F597
:104AC000806398420DD003F58063984209D003F5C6
:104AD0007843984205D0154840F23621C5F7EAFAE6
:104AE000206800221146FEF7ABFC2268606AD3689A
:104AF00023F40073D360E7F72BFE2368196A41F2B1
:104B00001112114208D1196A40F24442114203D1F4
:104B10001A6822F001021A60012384F83E3084F8FA
:104B20004230002010BD00BF00000140744E050857
:104B300038B5434A0368934205460C4649D002F50E
:104B40008062934245D03F4840F27621C5F7B2FAE1
:104B5000002C50D195F84230012B4AD102222B680B
:104B600085F84220196A04F00F040422A24021EAC9
:104B700002011962186A324902431A625A6C8B4266
:104B800042F400425A6419D0B3F1804F16D02E4A35
:104B9000934213D002F5806293420FD002F58062F7
:104BA00093420BD002F57842934207D002F570523F
:104BB000934203D0A2F59432934204D19A6802F052
:104BC0000702062A03D01A6842F001021A60002088
:104BD00038BD002CBED0042C1AD0082C25D0194882
:104BE00040F27621C5F766FA09E095F84430012BCA
:104BF00016D0012038BD042C1CD0082CF5D095F817
:104C00004530012BF5D102222B6885F84520A9E714
:104C100095F84320012AECD1022285F84320A1E730
:104C20002B68022285F844209CE795F84420012A4D
:104C3000F7D0DEE795F84330012BDAD12B68EBE7AC
:104C400000000140744E05080004004038B52A4AAF
:104C50000368934205460C462DD002F580629342CC
:104C600029D0264840F2A721C5F724FA2B681A6AF2
:104C700004F00F000421814022EA01021A621A6A3C
:104C80001A62196A41F21112114204D1196A40F2F2
:104C90004442114226D0196A41F21112114204D144
:104CA000196A40F24442114217D001235CB985F8D9
:104CB0004230002038BD082CD3D840F21112E24017
:104CC000D207D4D4CDE7042C11D0082C0CBF85F822
:104CD000443085F84530002038BD1A6822F00102C2
:104CE0001A60E2E75A6C22F400425A64D3E785F86E
:104CF0004330002038BD00BF00000140744E05085D
:104D000038B54D4A0368934205460C4651D002F52A
:104D1000806293424DD0494840F2CA21C5F7CAF992
:104D2000002C57D195F84230012B51D12B6802222B
:104D300085F84220DA6842F00202DA60DA6842F06E
:104D40008002DA60196A04F00F040422A24021EA0A
:104D500002011962186A384902431A625A6C8B427E
:104D600042F400425A6419D0B3F1804F16D0344A4D
:104D7000934213D002F5806293420FD002F5806215
:104D800093420BD002F57842934207D002F570525D
:104D9000934203D0A2F59432934204D19A6802F070
:104DA0000702062A03D01A6842F001021A600020A6
:104DB00038BD002CB6D0042C19D0082C30D01F4898
:104DC00040F2CA21C5F776F995F84530012B09D094
:104DD000012038BD042C28D0082C14D095F845307B
:104DE000012BF5D1022385F845300120F1E795F834
:104DF0004320012AECD1022285F84320DA6842F0F0
:104E00000402DA609AE795F84430012BE0D12B6870
:104E1000022285F84420DA6842F00802DA608DE761
:104E200095F84420012AF3D0D2E795F84330012BBE
:104E3000CED12B68DFE700BF00000140744E0508AB
:104E40000004004038B53A4A0368934205460C46D0
:104E500048D002F58062934244D0364840F2213176
:104E6000C5F728F9042C4AD0082C57D0002C44D17F
:104E70002B68DA6822F00202DA601A6A04F00F0086
:104E80000421814022EA01021A621A6A1A62196A2E
:104E900040F24442114203D1DA6822F08002DA6023
:104EA000196A41F21112114208D1196A40F24442C2
:104EB000114203D15A6C22F400425A64196A41F239
:104EC0001112114208D1196A40F24442114203D131
:104ED0001A6822F001021A600123B4B985F8423041
:104EE000002038BD002CC4D0042C09D0082C16D0CA
:104EF000104840F22131C5F7DDF8012038BD2B689C
:104F0000DA6822F00402DA60B7E7042C0CD0082C2F
:104F10000CBF85F8443085F84530E1E72B68DA6846
:104F200022F00802DA60A8E785F84330D8E700BF2E
:104F300000000140744E05082DE9F0416E4E044614
:104F40000068B0420D4690461F4665D06B4B9842B4
:104F500062D06B4840F26D31C5F7ACF8002D6AD1D4
:104F600094F84230022B63D094F84230012B75D173
:104F7000B8F1000F72D0002F70D0606A614E2268C5
:104F8000022384F84230C6635F4E06645F4EC664F7
:104F90003B4641463432E7F73FFB00285ED12368A9
:104FA000DA6842F40072DA60196A05F00F0504222B
:104FB000AA4021EA02011962186A4F4902431A62A3
:104FC0005A6C8B4242F400425A6419D0B3F1804FBC
:104FD00016D04F4A934213D002F5806293420FD00D
:104FE00002F5806293420BD002F57842934207D0DB
:104FF00002F57052934203D0A2F59432934204D149
:105000009A6802F00702062A03D01A6842F00102E9
:105010001A600020BDE8F081002DA1D0042D20D021
:10502000082D43D0364840F26D31C5F743F806E00D
:105030000220BDE8F081042D13D0082D36D094F85D
:105040004530022BF4D094F84530012B06D1B8F14D
:10505000000F03D017B1022384F845300120BDE8CA
:10506000F08194F84330022BE2D094F84330012BC6
:10507000F4D1B8F1000FF1D0002FEFD0A06A214E8B
:105080002268022384F84330C6631F4E06641F4E15
:10509000C6643B4641463832E7F7BEFA0028DDD108
:1050A0002368DA6842F48062DA607DE794F844307D
:1050B000022BBDD094F84430012BCFD1B8F1000FB2
:1050C000CCD0002FCAD0E06A0E4E2268022384F8AA
:1050D0004430C6630C4E06640C4EC6643B464146E3
:1050E0003C32E7F799FA0028B8D12368DA6842F42D
:1050F0000062DA6058E700BF000001400004014090
:10510000744E050865430408E522040801430408B9
:105110000004004038B53A4A0368934205460C46FD
:1051200043D002F5806293423FD0364840F2F531D9
:10513000C4F7C0FF042C45D0082C55D0002C3FD11B
:105140002B68DA68686A22F40072DA60E7F700FB1D
:105150002B6804F00F001A6A0421814022EA010240
:105160001A621A6A1A62196A41F21112114208D1BE
:10517000196A40F24442114203D15A6C22F40042AF
:105180005A64196A41F21112114208D1196A40F2A7
:105190004442114203D11A6822F001021A6001232D
:1051A000CCB985F84230002038BD002CC9D0042C81
:1051B00009D0082C19D0134840F2F531C4F77AFF12
:1051C000012038BD2B68DA68A86A22F48062DA60B0
:1051D000E7F7BEFABCE7042C0FD0082C0CBF85F80B
:1051E000443085F84530DEE72B68DA68E86A22F457
:1051F0000062DA60E7F7ACFAAAE785F84330D2E755
:1052000000000140744E050838B5434A03689342D4
:1052100005460C4649D002F58062934245D03F488E
:1052200040F24F41C4F746FF002C50D195F8423070
:10523000012B4AD102222B6885F84220196A04F01A
:105240000F040422A24021EA02011962186A3249BD
:1052500002431A625A6C8B4242F400425A6419D0DB
:10526000B3F1804F16D02E4A934213D002F58062DC
:1052700093420FD002F5806293420BD002F5784240
:10528000934207D002F57052934203D0A2F59432B4
:10529000934204D19A6802F00702062A03D01A68E2
:1052A00042F001021A60002038BD002CBED0042C50
:1052B0001AD0082C25D0194840F24F41C4F7FAFE05
:1052C00009E095F84430012B16D0012038BD042C9C
:1052D0001CD0082CF5D095F84530012BF5D10222D1
:1052E0002B6885F84520A9E795F84320012AECD1E1
:1052F000022285F84320A1E72B68022285F844208A
:105300009CE795F84420012AF7D0DEE795F8433072
:10531000012BDAD12B68EBE700000140744E050841
:105320000004004038B52A4A0368934205460C46FB
:105330002DD002F58062934229D0264840F27F4169
:10534000C4F7B8FE2B681A6A04F00F0004218140EC
:1053500022EA01021A621A6A1A62196A41F21112E9
:10536000114204D1196A40F24442114226D0196A0E
:1053700041F21112114204D1196A40F24442114221
:1053800017D001235CB985F84230002038BD082CC5
:10539000D3D840F21112E240D207D4D4CDE7042C86
:1053A00011D0082C0CBF85F8443085F8453000201A
:1053B00038BD1A6822F001021A60E2E75A6C22F442
:1053C00000425A64D3E785F84330002038BD00BF5F
:1053D00000000140744E050838B54D4A03689342F9
:1053E00005460C4651D002F5806293424DD04948A3
:1053F00040F2A241C4F75EFE002C57D195F842302E
:10540000012B51D12B68022285F84220DA6842F044
:105410000202DA60DA6842F08002DA60196A04F0A7
:105420000F040422A24021EA02011962186A3849D5
:1054300002431A625A6C8B4242F400425A6419D0F9
:10544000B3F1804F16D0344A934213D002F58062F4
:1054500093420FD002F5806293420BD002F578425E
:10546000934207D002F57052934203D0A2F59432D2
:10547000934204D19A6802F00702062A03D01A6800
:1054800042F001021A60002038BD002CB6D0042C76
:1054900019D0082C30D01F4840F2A241C4F70AFEB0
:1054A00095F84530012B09D0012038BD042C28D0B7
:1054B000082C14D095F84530012BF5D1022385F83E
:1054C00045300120F1E795F84320012AECD1022272
:1054D00085F84320DA6842F00402DA609AE795F82A
:1054E0004430012BE0D12B68022285F84420DA6891
:1054F00042F00802DA608DE795F84420012AF3D0E3
:10550000D2E795F84330012BCED12B68DFE700BFFF
:1055100000000140744E05080004004038B53A4AC6
:105520000368934205460C4648D002F580629342D8
:1055300044D036484FF49F61C4F7BCFD042C4AD0D8
:10554000082C57D0002C44D12B68DA6822F00202D4
:10555000DA601A6A04F00F000421814022EA010295
:105560001A621A6A1A62196A40F24442114203D15D
:10557000DA6822F08002DA60196A41F211121142EF
:1055800008D1196A40F24442114203D15A6C22F404
:1055900000425A64196A41F21112114208D1196A83
:1055A00040F24442114203D11A6822F001021A600B
:1055B0000123B4B985F84230002038BD002CC4D096
:1055C000042C09D0082C16D010484FF49F61C4F762
:1055D00071FD012038BD2B68DA6822F00402DA6020
:1055E000B7E7042C0CD0082C0CBF85F8443085F8A4
:1055F0004530E1E72B68DA6822F00802DA60A8E7B4
:1056000085F84330D8E700BF00000140744E05081C
:105610002DE9F0416E4E04460068B0420D469046BA
:105620001F4665D06B4B984262D06B4840F24451A4
:10563000C4F740FD002D6AD194F84230022B63D0AC
:1056400094F84230012B75D1B8F1000F72D0002FC1
:1056500070D0606A614E2268022384F84230C663CB
:105660005F4E06645F4EC6643B4641463432E6F701
:10567000D3FF00285ED12368DA6842F40072DA6052
:10568000196A05F00F050422AA4021EA02011962F5
:10569000186A4F4902431A625A6C8B4242F4004224
:1056A0005A6419D0B3F1804F16D04F4A934213D0A9
:1056B00002F5806293420FD002F5806293420BD0D4
:1056C00002F57842934207D002F57052934203D01C
:1056D000A2F59432934204D19A6802F00702062A96
:1056E00003D01A6842F001021A600020BDE8F08180
:1056F000002DA1D0042D20D0082D43D0364840F2F3
:105700004451C4F7D7FC06E00220BDE8F081042D27
:1057100013D0082D36D094F84530022BF4D094F8ED
:105720004530012B06D1B8F1000F03D017B1022389
:1057300084F845300120BDE8F08194F84330022B15
:10574000E2D094F84330012BF4D1B8F1000FF1D03E
:10575000002FEFD0A06A214E2268022384F8433044
:10576000C6631F4E06641F4EC6643B464146383230
:10577000E6F752FF0028DDD12368DA6842F4806240
:10578000DA607DE794F84430022BBDD094F84430C1
:10579000012BCFD1B8F1000FCCD0002FCAD0E06AD6
:1057A0000E4E2268022384F84430C6630C4E066411
:1057B0000C4EC6643B4641463C32E6F72DFF0028BE
:1057C000B8D12368DA6842F40062DA6058E700BFB3
:1057D0000000014000040140744E050865430408C0
:1057E000E5220408014304080004004038B53A4AA1
:1057F0000368934205460C4643D002F5806293420B
:105800003FD0364840F2CC51C4F754FC042C45D06C
:10581000082C55D0002C3FD12B68DA68686A22F436
:105820000072DA60E6F794FF2B6804F00F001A6A42
:105830000421814022EA01021A621A6A1A62196A74
:1058400041F21112114208D1196A40F24442114248
:1058500003D15A6C22F400425A64196A41F21112BF
:10586000114208D1196A40F24442114203D11A6828
:1058700022F001021A600123CCB985F842300020E1
:1058800038BD002CC9D0042C09D0082C19D01348DD
:1058900040F2CC51C4F70EFC012038BD2B68DA6809
:1058A000A86A22F48062DA60E6F752FFBCE7042CB3
:1058B0000FD0082C0CBF85F8443085F84530DEE762
:1058C0002B68DA68E86A22F40062DA60E6F740FFE3
:1058D000AAE785F84330D2E700000140744E05087E
:1058E0002DE9F04790F83E5090F83F8090F84290B4
:1058F00090F843A003682F4A04460E46EDB25FFAC3
:1059000088F85FFA89F95FFA8AFAA9B9934225D033
:10591000294A934222D00427284840F22B61C4F739
:10592000C9FB012D1ED1B8F1010F02D1B9F1010F50
:105930001CD02846BDE8F087934205D002F580626E
:10594000934201D00027E7E7082EFBD840F2111759
:10595000F74017F00107DFD00027E2E7012D4FF0F5
:105960000407E0D001252846BDE8F087BAF1010F11
:10597000DFD12068022384F83E3084F83F3084F879
:10598000423084F843302A4606F00F06056A0423A5
:10599000B34025EA03050562056A2B4303623946D5
:1059A000FDF74EFD2268536C43F400430025536419
:1059B000BFE700BF0000014000040140744E05082D
:1059C00070B52C4B04460D46006841B998424FD043
:1059D00003F5806398424FF0040608D10DE0984229
:1059E0004FF000063FD003F5806398423BD0224839
:1059F0004FF4CB61C4F75EFB2068036A05F00F0526
:105A00000422AA4023EA02030362036A03623146C6
:105A10000022FDF715FD2368196A41F211121142A7
:105A200008D1196A40F24442114203D15A6C22F45F
:105A300000425A64196A41F21112114208D1196ADE
:105A400040F24442114203D11A6822F001021A6066
:105A5000012384F83E3084F83F3084F8423084F8E3
:105A60004330002070BD042DC7D0082DBFD1C4E73E
:105A70000426C2E700000140744E05082DE9F047F6
:105A800090F83E5090F83F8090F8429090F843A0F4
:105A90000368334A04460E46EDB25FFA88F85FFAAF
:105AA00089F95FFA8AFAA9B9934225D02D4A93421F
:105AB00022D004272C4840F28361C4F7FBFA012D61
:105AC0001ED1B8F1010F02D1B9F1010F1CD0284647
:105AD000BDE8F087934205D002F58062934201D081
:105AE0000027E7E7082EFBD840F21117F74017F020
:105AF0000107DFD00027E2E7012D4FF00407E0D0D7
:105B000001252846BDE8F087BAF1010FDFD12068F2
:105B1000022384F83E3084F83F3084F8423084F821
:105B20004330C36843F00203C360C36843F0040317
:105B3000C3602A4606F00F06056A0423B34025EA2F
:105B400003050562056A2B4303623946FDF778FCBD
:105B50002268536C43F4004300255364B7E700BF49
:105B60000000014000040140744E050870B5304B40
:105B700004460D46006841B9984257D003F580634A
:105B800098424FF0040608D10DE098424FF000060D
:105B900047D003F58063984243D0264840F2B6616F
:105BA000C4F788FA2068C36823F00203C360C3689F
:105BB00023F00403C360036A05F00F050422AA4022
:105BC00023EA02030362036A036231460022FDF7FF
:105BD00037FC2368196A41F21112114208D1196A7F
:105BE00040F24442114203D15A6C22F400425A64FA
:105BF000196A41F21112114208D1196A40F2444265
:105C0000114203D11A6822F001021A60012384F8BC
:105C10003E3084F83F3084F8423084F8433000202E
:105C200070BD042DBFD0082DB7D1BCE70426BAE75C
:105C300000000140744E050870B504462C482368E6
:105C400083420D46164607D02A4A934204D02A487A
:105C500040F20471C4F72EFA202D39D02CD835F03B
:105C6000100335D0244840F20571C4F723FA94F8A4
:105C70003C30012B39D00123202D84F83C3023689F
:105C800002D835F0100228D05A6842F001025A605A
:105C90005A6822F004025A605A6832435A60DA683D
:105CA00022F02002DA60DA68002122F40052DA6081
:105CB00084F83C10084670BD302D09D04FF6FF73B4
:105CC0009D42CFD194F83C30012B0ED02368DBE706
:105CD00094F83C30012B08D023689A6822F07002B7
:105CE0009A609A682A439A60CEE7022070BD00BF8E
:105CF0000000014000040140744E050870B50446E0
:105D00002C48236883420D46164607D02A4A934200
:105D100004D02A4840F23C71C4F7CCF9202D39D088
:105D20002CD835F0100335D0244840F23D71C4F72B
:105D3000C1F994F83C30012B39D00123202D84F88F
:105D40003C30236802D835F0100228D05A6842F05F
:105D500001025A605A6822F004025A605A683243BB
:105D60005A60DA6822F40052DA60DA68002142F000
:105D70002002DA6084F83C10084670BD302D09D04E
:105D80004FF6FF739D42CFD194F83C30012B0ED0DB
:105D90002368DBE794F83C30012B08D023689A682D
:105DA00022F070029A609A682A439A60CEE7022035
:105DB00070BD00BF0000014000040140744E0508A2
:105DC00070B504462F48236883420D46164607D017
:105DD0002D4A934204D02D4840F27571C4F76AF9F8
:105DE000202D40D033D835F010033CD0274840F266
:105DF0007671C4F75FF994F83C30012B40D0012351
:105E0000202D84F83C30236802D835F010022FD0C2
:105E10005A68616B1E4842F001025A605A6822F0CB
:105E200004025A605A6832435A60DA68C8631948F3
:105E3000086422F020021848C864DA60DA68002199
:105E400042F40052DA6084F83C10084670BD302DF0
:105E500009D04FF6FF739D42C8D194F83C30012B16
:105E60000ED02368D4E794F83C30012B08D0236887
:105E70009A6822F070029A609A682A439A60C7E78B
:105E8000022070BD0000014000040140744E05086E
:105E90001161040825610408AD24040838B5414A9D
:105EA0000368934204460D461FD0B3F1804F1CD0C7
:105EB000A2F57C42934218D002F58062934214D03E
:105EC00002F58062934210D002F5806293420CD0BA
:105ED00002F58062934208D002F57042934204D0EA
:105EE000314840F2A971C4F7E5F82B6833F040025D
:105EF0000CD0402B4CD8202B08D023F02003102BA3
:105F000004D0294840F2AA71C4F7D4F86B6833F082
:105F1000800304D0244840F2AB71C4F7CBF894F866
:105F20003C30012B3BD02368022284F83D205A6884
:105F30002868996822F0700202435A60194A934215
:105F40001AD0B3F1804F17D0A2F57C42934213D000
:105F500002F5806293420FD002F5806293420BD02B
:105F600002F57842934207D002F57052934203D073
:105F7000A2F59432934204D16A6821F08001114362
:105F800099600020012384F83D3084F83C0038BD3E
:105F9000602BBBD023F02003502BB2D1B6E70220F8
:105FA00038BD00BF00000140744E050838B53A4ABC
:105FB0000368934204460D4608D002F5806293427E
:105FC00004D0364840F2E671C4F774F82B6833F415
:105FD000006304D0314840F2E771C4F76BF86B6896
:105FE00033F4806304D02D484FF4FD61C4F762F8A8
:105FF000AB6833F4407304D0284840F2E971C4F729
:1060000059F8EB68FF2B3ED82B6933F4805304D04A
:10601000224840F2EB71C4F74DF86B6933F400533A
:1060200004D01E4840F2EC71C4F744F8EB6933F435
:10603000804304D0194840F2ED71C4F73BF894F85E
:106040003C30012B25D0D5E9021323F440736A6854
:10605000E8690B4323F480632968134323F4006346
:106060002A690B4323F4805313436A69216823F49C
:106070000053134323F48043002203434B6484F80A
:106080003C20104638BD054840F2EA71C4F712F8CA
:10609000BAE7022038BD00BF00000140744E050879
:1060A00038B50368B3F1804F04460D4620D0144A3A
:1060B00093420FD0134A93420FD102290DD894F87E
:1060C0003C30012B12D022680023156584F83C3047
:1060D000184638BD31F0C003F1D00B4840F62E0110
:1060E000C3F7E8FF94F83C30012BECD1022038BD17
:1060F00031F40063E3D0B1F5406FEED1DFE700BFCC
:10610000000C004000480140744E0508704700BF75
:1061100008B5806B012380F83D30FFF7F7FF08BD1D
:10612000704700BF08B5806B012380F83D30FFF752
:10613000F7FF08BD704700BF90F83D00704700BFF3
:1061400038B5184A0368934204460D460DD002F54F
:106150008062934209D0144840F6B501C3F7AAFF04
:106160007DB994F84200C0B238BD002DF9D0042D9D
:106170000FD0082D11D00C4840F6B501C3F79AFF97
:1061800003E0042D05D0082D07D094F84500C0B2D7
:1061900038BD94F84300C0B238BD94F84400C0B292
:1061A00038BD00BF00000140744E050838B5426894
:1061B000454B9A4204467AD8E36833F4005304D03E
:1061C000424840F67661C3F775FF236933F4806275
:1061D00002D0B3F5C06F70D160694FF6F373184207
:1061E00043D1002841D02268E1681369256923F46E
:1061F00040530B431361A368D1682B43E56921F435
:10620000164121F00C012B430B430343D360536928
:10621000A0692F4923F4407303438A42536105D098
:106220002C4B9A4202D0F0F7E9FF01E0F0F7F6FFBD
:10623000E2691921B2F5004FD4E90053A0FB010136
:106240001AD09A009B0FC2F7D9F9234AA2FB001378
:106250005B09642101FB130000013230A2FB002026
:106260001B0103EB5013AB6038BD184840F6786152
:10627000C3F720FF6069B6E7DA184FF000035B410F
:10628000C2F7BCF9144AA2FB00314909642303FB9D
:106290001103DB003233A2FB0323C3F342121B09B9
:1062A00002EB011203F4F8731344AB6038BD0748E6
:1062B00040F67561C3F7FEFE7EE7044840F677615D
:1062C000C3F7F8FE88E700BFA037A000244F0508F9
:1062D00000100140001401401F85EB51704700BFC2
:1062E000002800F091808269036810B50446002AF6
:1062F00059D046498B4273D0A1F54C418B426FD0A7
:1063000001F580618B426BD001F580618B4267D0D3
:1063100001F580618B4263D001F544418B425FD02F
:106320003B4840F27311C3F7C5FEA269002A57D15A
:10633000A36833F4805304D035484FF4BD71C3F7DC
:10634000B9FEE36933F4004304D0314840F27B11D5
:10635000C3F7B0FE94F8413003F0FF02002B4DD09C
:106360002268242384F84130D36823F40053204664
:10637000D360FFF71BFF2368196921F4904119616D
:10638000596921F02A015961D96800224FF0200C87
:1063900041F40051D960626484F841C084F842C07D
:1063A0001046626310BD194A9342C1D0A2F54C4217
:1063B0009342BDD002F580629342B9D002F580626B
:1063C0009342B5D002F580629342B1D002F54442C7
:1063D0009342ADD00E484FF4BC71C3F76BFEA7E7F4
:1063E00022F40073B3F5807FA2D0B2F5007F9FD076
:1063F00007484FF4BA71C3F75DFE99E784F840206F
:106400002046C4F707FFABE70120704700100140AA
:10641000244F0508002869D00368354A934210B517
:10642000044618D0A2F54C42934214D002F5806283
:10643000934210D002F5806293420CD002F5806244
:10644000934208D002F54442934204D029484FF4C5
:10645000DE71C3F72FFEA36833F4805304D02548C0
:1064600040F2BD11C3F726FEE36933F400432CD19B
:1064700094F8413003F0FF02002B31D0226824232E
:1064800084F84130D36823F400532046D360FFF7EB
:106490008DFE2368196921F490411961596921F031
:1064A00022015961596941F008015961D9680022F6
:1064B0004FF0200C41F40051D960626484F841C06F
:1064C00084F842C01046626310BD0A484FF4DF7181
:1064D000C3F7F0FD94F8413003F0FF02002BCDD15B
:1064E00084F840202046C4F795FEC7E70120704796
:1064F00000100140244F050800287DD038B53F4AE0
:10650000036893420D46044618D0A2F54C429342CC
:1065100014D002F58062934210D002F5806293425B
:106520000CD002F58062934208D002F544429342B7
:1065300004D0334840F20621C3F7BCFD35F02003F8
:1065400039D1A368002B3ED1E369002B43D194F8E5
:10655000413003F0FF02002B48D02268242384F846
:106560004130D36823F400532046D360FFF71EFE6A
:106570002368196921F400611961596921F02A0120
:106580005961196941F480411961196921F02001AB
:106590001961196929431961D96800224FF0200C4B
:1065A00041F40051D960626484F841C084F842C06B
:1065B0001046626338BD124840F20921C3F77AFDE4
:1065C000A368002BC0D00E4840F20A21C3F772FD29
:1065D000E369002BBBD00A4840F20B21C3F76AFDE8
:1065E00094F8413003F0FF02002BB6D184F840202C
:1065F0002046C4F70FFEB0E70120704700100140AD
:10660000244F0508002800F0878070B503681646FF
:10661000424A93420D46044618D0A2F54C4293429A
:1066200014D002F58062934210D002F5806293424A
:106630000CD002F58062934208D002F544429342A6
:1066400004D037484FF41671C3F734FD36F40063B5
:1066500055D10F2D5AD8A36833F4805304D0304855
:1066600040F25D21C3F726FDE36933F4004335D1E1
:1066700094F8413003F0FF02002B3AD02268242323
:1066800084F84130D36823F40053D3602046FFF7E9
:106690008DFD23681A6922F490421A615A6922F02A
:1066A0002A025A611A6922F00F021A611A69154307
:1066B0001D61D96821F40061D960D9683143D9607E
:1066C000D9680022202541F40051D960626484F821
:1066D000415084F842501046626370BD104840F249
:1066E0005E21C3F7E7FC94F8413003F0FF02002B72
:1066F000C4D184F840202046C4F78CFDBEE708488A
:1067000040F25B21C3F7D6FC0F2DA4D904484FF407
:106710001771C3F7CFFC9EE70120704700100140BE
:10672000244F0508704700BFA8B303681B4A934273
:1067300010B5044619D0A2F54C42934215D002F58B
:106740008062934211D002F5806293420DD002F52F
:106750008062934209D002F54442934205D010482A
:1067600040F2A621C3F7A6FC2368242284F8412026
:10677000DA6822F400522046DA60C4F7C7FD00232D
:10678000636484F8403084F8413084F8423018461D
:106790002363636310BD0120704700BF00100140F8
:1067A000244F05082DE9F843044690F841002028BD
:1067B00055D10D4609B1164612B90120BDE8F8833E
:1067C0001F464FF000082123C4F8448084F841306C
:1067D000E4F7AEFAA368A684B3F5805F8146E68449
:1067E00040D0E38C22689BB2002B47D07B1C24D185
:1067F00013681F06FCD5002D2CD015F8013B536003
:10680000E38C013B9BB2E384E38C9BB2002BEFD182
:1068100013685906FCD5202384F841300020BDE8D8
:10682000F883002D3DD015F8013B5360E38C013B0C
:106830009BB2E384E38C9BB213B313681E06F0D4BF
:10684000E4F776FAA0EB09039F4211D387B12268DF
:10685000D368F2E738F8023BC3F30803CFE702201E
:10686000BDE8F8832369002BBBD1A8461D46B8E7D5
:10687000202384F841300320BDE8F883781CC7D07A
:1068800013685B06C7D4E4F753FAA0EB09039F42F1
:10689000EED3002FECD02268D36813685B06F2D5E4
:1068A000B9E738F8023BC3F30803BEE72DE9F0432C
:1068B000044690F84200202883B04AD10D4609B121
:1068C00016461AB9012003B0BDE8F0834FF0000866
:1068D0001F462223C4F8448084F84230C4F8308034
:1068E000E4F726FAA368A685B3F5805F8146E685BE
:1068F00000F099804646E38D9BB2CBB17B1C41D121
:10690000226813689F06FCD5EDB1A368B3F5805FDC
:1069100002D0A3B9236993B95368DBB205F8013BF0
:10692000E38D013B9BB2E385E38D9BB2002BE7D166
:106930002023002084F8423003B0BDE8F083536880
:1069400003F07F03EAE75368C3F3080326F8023B2A
:10695000E6E7022003B0BDE8F083002D70D0A26806
:10696000B2F5805F69D0002A64D05B6803F07F03D2
:1069700005F8013BE38D013B9BB2E385E38D9BB2C0
:10698000002BD5D023681A6812F02008E5D1E4F76F
:10699000CFF9A0EB09039F423ED3002F3CD02368E0
:1069A000D96848071A46EED519680907EBD5CDF81E
:1069B00004801968019159680191019903F10C0152
:1069C00051E8001F21F490710C3343E8001058B1D6
:1069D00002F10C0353E8003F23F4907302F10C0022
:1069E00040E800310029F3D102F1140353E8003FDD
:1069F00023F0010302F1140040E800310029F3D133
:106A0000236B012B22D000232021082284F842107E
:106A100084F84030236362642023032084F84230EA
:106A200003B0BDE8F0832369002B7FF463AF2E46EB
:106A30001D4660E72269002A97D15B68DBB297E7C1
:106A40005B68C3F3080326F8023B93E702F10C03EB
:106A500053E8003F23F0100302F10C0040E800313E
:106A60000029F3D1CFE700BF90F84130202B15D19A
:106A700001B10AB90120704710B400230468016213
:106A80002121C284436480F84110E168828441F08E
:106A90008001E16018465DF8044B704702207047A2
:106AA00090F84230202B20D101B10AB90120704763
:106AB00010B4046981620023222103638285C285A8
:106AC0004364036880F842101CB1DA6842F48072B3
:106AD000DA605A695DF8044B42F001025A61DA68E3
:106AE00042F020020020DA6070470220704700BFA9
:106AF000F8B5044690F84100202803D101B11AB935
:106B00000120F8BD0220F8BDE284A284A06BDFF86A
:106B100054C0124F124E21621346226800254FF0D6
:106B2000210E6564043284F841E0C0E90FC7C0E972
:106B30001365E5F771FD22686FF04003136002F101
:106B4000140353E8003F43F0800302F1140040E8CF
:106B500000310029F3D10020F8BD00BFDD71040829
:106B6000F57104088D7104080368596990F8412093
:106B7000212A06D0596990F84220222A10D00020FC
:106B800070470906F6D503F1140252E8002F22F0EF
:106B9000800203F1140C4CE800210029F3D1E9E74D
:106BA0004A06ECD503F10C0252E8002F22F4807261
:106BB00003F10C0040E800210029F3D103F1140295
:106BC00052E8002F22F0010203F1140040E80021F6
:106BD0000029F3D103F1140252E8002F22F0400201
:106BE00003F1140040E800210029F3D1C7E700BFFA
:106BF00090F84130212B05D090F84230222B12D052
:106C000000207047036803F1140252E8002F42F09D
:106C1000800203F1140C4CE800210029F3D190F814
:106C20004230222BECD182B00368002201921A6814
:106C3000019259680269019101995AB103F10C025C
:106C400052E8002F42F4807203F10C0040E800216A
:106C50000029F3D103F1140252E8002F42F001029F
:106C600003F1140040E800210029F3D103F11402DC
:106C700052E8002F42F0400203F1140040E80021E6
:106C80000029F3D1002002B0704700BF10B503689F
:106C9000596990F84120212A044606D0596994F890
:106CA0004220222A28D0002010BD0906F6D503F183
:106CB000140252E8002F22F0800203F1140040E891
:106CC00000210029F3D1A06B10B1E5F7F7FC236890
:106CD00003F10C0252E8002F22F0C00203F10C0075
:106CE00040E800210029F3D1202284F8412059698D
:106CF00094F84220222AD6D14A06D4D503F11402B0
:106D000052E8002F22F0400203F1140040E8002175
:106D10000029F3D1E06B10B1E5F7D0FC236803F153
:106D20000C0252E8002F22F4907203F10C0040E8AC
:106D300000210029F3D103F1140252E8002F22F0C0
:106D4000010203F1140040E800210029F3D1226B75
:106D5000012A06D02022002384F842200020236349
:106D600010BD03F10C0252E8002F22F0100203F1D3
:106D70000C0040E800210029F3D1EBE72DE9F047B2
:106D80001D4690F8423082B0202BDDF8289040F06C
:106D900092800E4609B117461AB9012002B0BDE82B
:106DA000F0874FF0000822230446C0F8448080F8A2
:106DB000423001230363C0F83480E3F7B9FFA368CE
:106DC000A785B3F5805F8246E78500F084800027C1
:106DD0002F80E38D9BB2002B2CD0B9F1FF3F4AD11D
:106DE00023681A68D20608D501971A6801925A6872
:106DF0000192019A2A88002A79D11A68900615D53D
:106E0000002E5CD0A268B2F5805F04D0002A4ED17B
:106E10002269002A4BD15B68DBB206F8013B2B8864
:106E200001332B80E38D013B9BB2E385E38D9BB265
:106E3000002BD5D1E18DA38D20225B1A2B8084F805
:106E400042200020AAE75B68DBB206F8013B2B88F2
:106E500001332B80E38D013B9BB2E385E3F768FFB1
:106E6000A0EB0A0048453DD8B9F1000F3AD0E38DB8
:106E70009BB2002BDED023681A68D10607D5019794
:106E80001A6801925A680192019A2A887ABB1A6894
:106E90009206E3D5CEB1A268B2F5805FD3D012B925
:106EA0002269002ACFD05B6803F07F03CDE75B68DF
:106EB00003F07F03B1E7022002B0BDE8F0875B6812
:106EC000C3F3080328F8023BA9E75B68C3F3080390
:106ED00028F8023BBBE72369002B7FF478AFB0466C
:106EE0001E4674E7202384F84230032056E702222E
:106EF0002023626384F84230A3E700BF90F8423059
:106F0000202B27D101B10AB90120704710B400230A
:106F1000012483B004634363C285436403698162CF
:106F20002221828580F8421002681BB1D36843F4A5
:106F30008073D360536943F001035361D36843F016
:106F40002003D360036B012B06D0012003B05DF852
:106F5000044B70470220704700230193136801938C
:106F600053680193019B02F10C0353E8003F43F087
:106F7000100302F10C0040E800310029F3D1002099
:106F8000E4E700BF406B7047036810B5044603F1A7
:106F90000C0252E8002F22F4F07203F10C0040E8DA
:106FA00000210029F3D103F1140252E8002F22F04E
:106FB000010203F1140040E800210029F3D1226B03
:106FC000012A3BD05A69110622D45A69520613D5B8
:106FD00003F1140252E8002F22F0400203F11400E2
:106FE00040E800210029F3D1E06B28B100230365BC
:106FF000E5F764FB002837D100232022E384E385F2
:10700000636484F8422084F841201846236310BD4D
:1070100003F1140252E8002F22F0800203F1140061
:1070200040E800210029F3D1A06B0028CDD0002337
:107030000365E5F743FB70B92368C6E703F10C026B
:1070400052E8002F22F0100203F10C0040E800216A
:107050000029F3D1B6E7A06BE5F786FD2028EBD138
:1070600010236364032010BDE06BE5F77DFD20284D
:10707000C2D1F5E7026810B5044602F10C0353E8EB
:10708000003F23F0C00302F10C0040E8003100296A
:10709000F3D153691B0605D400202023E08484F833
:1070A000413010BD02F1140353E8003F23F0800388
:1070B00002F1140040E800310029F3D1A06B002850
:1070C000EAD000230365E5F7F9FA0028E4D0A06BC5
:1070D000E5F74AFD2028DFD110236364032010BDAB
:1070E000036810B5044603F10C0252E8002F22F4A5
:1070F000907203F10C0040E800210029F3D103F164
:10710000140252E8002F22F0010203F1140040E8BB
:1071100000210029F3D1226B012A28D05A69520696
:1071200007D400232022E38584F8422018462363F5
:1071300010BD03F1140252E8002F22F0400203F1C7
:10714000140040E800210029F3D1E06B0028E8D0CA
:1071500000230365E5F7B2FA0028E2D0E06BE5F71B
:1071600003FD2028DDD110236364032010BD03F14B
:107170000C0252E8002F22F0100203F10C0040E84C
:1071800000210029F3D1C9E7704700BF08B50368A3
:10719000806B1B6813F480731AD10268C38402F1F8
:1071A000140353E8003F23F0800302F1140040E889
:1071B00000310029F3D102F10C0353E8003F43F002
:1071C000400302F10C0040E800310029F3D108BD72
:1071D000C2F7CEFE08BD00BF704700BF08B5806B88
:1071E000FFF7FAFF08BD00BF704700BF704700BF40
:1071F000704700BF08B5806B0368596990F841205B
:10720000212A0BD0596990F84220222A1ED0436CC3
:1072100043F010034364FFF7EBFF08BD0906F1D507
:107220000022C28403F10C0252E8002F22F0C002B7
:1072300003F10C0C4CE800210029F3D1202280F846
:107240004120596990F84220222AE0D14A06DED531
:107250000022C28503F10C0252E8002F22F4907242
:1072600003F10C0C4CE800210029F3D103F11402C6
:1072700052E8002F22F0010203F1140C4CE8002127
:107280000029F3D1026B012A05D02022002380F8C7
:1072900042200363BBE703F10C0252E8002F22F007
:1072A000100203F10C0C4CE800210029F3D1ECE7AB
:1072B00008B5806B0023C385C384FFF799FF08BD21
:1072C000704700BF036870B5054603F10C0252E831
:1072D000002F22F4F07203F10C0040E80021002995
:1072E000F3D103F1140252E8002F22F0010203F15E
:1072F000140141E80024002CF3D12A6B012A55D057
:10730000AE6B2EB15A6912F0800218BF324A326554
:10731000E86B28B15A6912F0400218BF2F4A026583
:107320005A69120626D45A69510614D5012403F16C
:10733000140252E8002F22F0400203F1140646E83E
:1073400000210029F3D100283DD0E5F701FA78B1FA
:10735000EB6B00221A6500232022EB842846EB8584
:107360006B6485F8412085F842202B63FFF7A8FF66
:10737000002070BD03F1140252E8002F22F08002B9
:1073800003F1140C4CE800210029F3D1002ECAD0DF
:107390003046E5F7DDF92B68C8B15A69A96B0020C2
:1073A00008655006D7D5E86B0124C0E703F10C024D
:1073B00052E8002F22F0100203F10C0040E80021F7
:1073C0000029F3D19CE7012CC5D0002070BD5A697B
:1073D0005206CDD5E86BAAE711740408E1730408DE
:1073E000806B08B5D0E90E320021116513B11B6D19
:1073F00003B108BD00232022C384C385436480F801
:10740000412080F842200363FFF75AFF08BD00BF08
:10741000806B08B5D0E90E230021116513B11B6DF7
:1074200003B108BD00232022C384C385436480F8D0
:10743000412080F842200363FFF742FF08BD00BFF0
:10744000704700BF026810B5044602F10C0353E810
:10745000003F23F0C00302F10C0040E80031002996
:10746000F3D1536913F0800320D002F1140353E8E1
:10747000003F23F0800302F1140040E800310029AE
:10748000F3D1A06B48B10E4B0365E5F761F910B17C
:10749000A06B036D9847002010BD2023E084204698
:1074A00084F84130FFF7CCFF002010BD2022E38498
:1074B000204684F84120FFF7C3FF002010BD00BF25
:1074C000C574040808B5806B00222023C28480F8AC
:1074D0004130FFF7B5FF08BD704700BF036810B526
:1074E000044603F10C0252E8002F22F4907203F1DB
:1074F0000C0040E800210029F3D103F1140252E806
:10750000002F22F0010203F1140040E800210029BD
:10751000F3D1226B012A1CD05A6912F040022FD0FD
:1075200003F1140252E8002F22F0400203F114008C
:1075300040E800210029F3D1E36BBBB1154A1A657D
:107540001846E5F705F910B1E06B036D9847002088
:1075500010BD03F10C0252E8002F22F0100203F1DB
:107560000C0040E800210029F3D1D5E72022E38573
:10757000204684F842202363FFF7AEFF002010BDB1
:107580002023E285204684F842302263FFF7A4FFDF
:10759000002010BD9975040808B5806B00232022D7
:1075A000C38580F842200363FFF796FF08BD00BF44
:1075B000704700BF806B08B501234363036B012B49
:1075C00002D0FFF713FE08BD818D4908C2F7E2FC27
:1075D00008BD00BF08B50368806B1A6812F480729A
:1075E0002BD10368C28503F10C0252E8002F22F46C
:1075F000807203F10C0C4CE800210029F3D103F157
:10760000140252E8002F22F0010203F1140C4CE89E
:1076100000210029F3D103F1140252E8002F22F0D7
:10762000400203F1140C4CE800210029F3D1202280
:1076300080F84220026B012A07D000234363036BCA
:10764000012B0FD0FFF7D0FD08BD03F10C0252E86B
:10765000002F22F0100203F10C0C4CE8002100294D
:10766000F3D1EAE7818DC2F795FC08BD8368016814
:10767000826AB3F5805F42D0002B39D04B6803F0AB
:107680007F031370826A0132C38D8262013B9BB219
:10769000C385002B32D100B50268D16821F02001EA
:1076A00083B0D160D16821F48071D16051694FF00D
:1076B000200C21F00101516180F842C04363016B4D
:1076C000012925D1036302F10C0353E8003F23F0A5
:1076D000100302F10C0C4CE800310029F3D11368BF
:1076E000DB061AD4818DC2F755FC03B05DF804FBAC
:1076F0000369002BC2D14B68DBB2C2E77047036954
:10770000002BF8D14B68C3F3080322F8023BBBE718
:10771000FFF76AFD03B05DF804FB002301931368D3
:10772000019353680193019BDCE700BF30B5036808
:107730001A68DD68596912F00F0F83B0044670D1E2
:10774000910602D5A90600F1A380216B01290BD077
:10775000100602D5290600F1A580520602D568065A
:1077600000F1BF8003B030BDD006F1D5E906EFD5FA
:10777000002201921A6801925A680192019A5A698C
:10778000550640F13C81E06B0268526892B2002AD3
:10779000E8D0A18D9142E5D9E285C269B2F5807F3A
:1077A00036D003F10C0252E8002F22F4807203F16C
:1077B0000C0545E800210029F3D103F1140252E839
:1077C000002F22F0010203F1140545E800210029F1
:1077D000F3D103F1140252E8002F22F0400203F12A
:1077E000140545E800210029F3D1202284F8422025
:1077F000216303F10C0252E8002F22F0100203F182
:107800000C0545E800210029F3D1E4F757FFA18DCD
:1078100002236363E38DC91A204689B2C2F7BAFB1B
:10782000A0E711F0010140F0CF8015F4907F8CD0DB
:10783000D0070BD5E80540F1DE80606C40F0010018
:10784000606450075CD5002940F0C280900766D57F
:10785000100700F1CD80616C002983D0910609D515
:10786000AA0607D594F84220222A03D12046FFF722
:10787000FDFE23685A69616C02F0400201F00801C4
:1078800052EA010555D12046FFF7B2FC656469E76D
:1078900090F84230222B7FF465AF03B0BDE8304052
:1078A000FFF7E4BE94F84120212A7FF45BAFA16882
:1078B000226AB1F5805F00F0DD80511C21621278F0
:1078C0005A60E28C013A92B2E284002A7FF44AAF15
:1078D000DA6822F08002DA60DA6842F04002DA60A8
:1078E00040E7DA68202122F04002DA60204684F87E
:1078F0004110C2F73DFB35E7E8059ED4500767D439
:1079000090070CD50029A3D0616C41F0040161649B
:107910001107A0D5616C41F0080161649BE7100775
:1079200099D505F020000843F4D1626C002AA1D15A
:1079300018E703F10C0252E8002F22F4907203F1D1
:107940000C0040E800210029F3D103F1140252E8B1
:10795000002F22F0010203F1140040E80021002969
:10796000F3D1226B012A22D00022202184F8421078
:1079700022635A69550634D503F1140252E8002FE8
:1079800022F0400203F1140040E800210029F3D165
:10799000E06B30B33D4B0365E4F7DAFE00283FF4BB
:1079A000E1AEE06B036D03B0BDE83040184703F172
:1079B0000C0252E8002F22F0100203F10C0040E804
:1079C00000210029F3D1CFE7D00795D450070CD57B
:1079D000616C41F002016164910795D4110799D45B
:1079E00039E72046FFF704FCBCE691078CD4F5E7A5
:1079F000A9068FD499E750073FF528AF80E7E18DBE
:107A0000E28DA08D92B289B2002A3FF4ABAE411A4A
:107A100089B200293FF4A6AE03F10C0252E8002F10
:107A200022F4907203F10C0545E800200028F3D100
:107A300003F1140252E8002F22F0010203F11405B1
:107A400045E800200028F3D1202284F8422020635A
:107A500003F10C0252E8002F22F0100203F10C0592
:107A600045E800200028F3D1022363632046C2F7D3
:107A700091FA77E6216900297FF41FAF32F8021BE3
:107A8000C1F30801596022621BE700BFB17204080C
:107A90001E4B02689A4210B5044618D0A3F54C4319
:107AA0009A4214D003F580639A4210D003F58063A4
:107AB0009A420CD003F580639A4208D003F5444300
:107AC0009A4204D0124840F6C421C2F7F3FA94F85F
:107AD0004030012B18D001212423226884F8401063
:107AE00084F8413002F10C0353E8003F43F00103F6
:107AF00002F10C0141E800300028F3D1202384F882
:107B0000413084F8400010BD022010BD001001403B
:107B1000244F05081F4B02689A4210B5044618D03E
:107B2000A3F54C439A4214D003F580639A4210D0D7
:107B300003F580639A420CD003F580639A4208D023
:107B400003F544439A4204D0134840F6DF21C2F7BC
:107B5000B1FA94F84030012B19D001212423226876
:107B600084F8401084F8413002F10C0353E8003FE0
:107B700043F0020302F10C0141E800300028F3D188
:107B8000202384F8413084F84000606310BD022057
:107B900010BD00BF00100140244F05081F4B0268B4
:107BA0009A4210B5044618D0A3F54C439A4214D01B
:107BB00003F580639A4210D003F580639A420CD09B
:107BC00003F580639A4208D003F544439A4204D0F7
:107BD000134840F6FB21C2F76DFA94F84030012BB0
:107BE00019D001212423226884F8401084F8413000
:107BF00002F10C0353E8003F23F0020302F10C01F1
:107C000041E800300028F3D1202384F8413084F883
:107C10004000606310BD022010BD00BF0010014095
:107C2000244F050890F84030012B12D0016824231E
:107C300080F84130CB6823F00C03002243F00803A6
:107C40004FF0200CCB6080F841C080F840201046F7
:107C500070470220704700BF90F84030012B12D0CF
:107C60000168242380F84130CB6823F00C03002204
:107C700043F004034FF0200CCB6080F841C080F843
:107C80004020104670470220704700BF90F8412006
:107C900090F8420010437047406C704730B404695C
:107CA000C285222300254564816280F842308285A6
:107CB00003681CB1DA6842F48072DA605A6942F0F3
:107CC00001025A61DA6842F02002002030BCDA601A
:107CD000704700BF70B513460025222282B00446CB
:107CE0004564816280F842208385C06B1D4E056526
:107CF0000A462168C6631C4E06641C4EC6640431E5
:107D0000E4F78AFC236801951A6801925968226990
:107D1000019101995AB103F10C0252E8002F42F48B
:107D2000807203F10C0040E800210029F3D103F137
:107D3000140252E8002F42F0010203F1140040E85F
:107D400000210029F3D103F1140252E8002F42F080
:107D5000400203F1140141E800200028F3D102B0F1
:107D600070BD00BFD5750408B5750408F571040829
:107D700090F842C0BCF1200F05D130B401B122B956
:107D8000012030BC7047022070470024046330BCDF
:107D9000FFF7A0BF90F842C0BCF1200F06D139B365
:107DA00030B583B022B9012003B030BD0220704746
:107DB00001230363002343630446FFF78BFF00287E
:107DC000F2D1236B012BEED122680190136801934D
:107DD00053680193019B02F10C0353E8003F43F009
:107DE000100302F10C0444E800310029F3D1DBE771
:107DF000012070470268D207034605D4427802B1D9
:107E0000FFDE012058707047002070470023437048
:107E100070470123036070470AB103F04FBB7047FE
:107E20000B4611461A460BB1C0F782BD1846704783
:107E30000AB103F084B910467047081E08B501DA8C
:107E400001F09AFABDE80840C0F7F2BD0160704742
:107E500041607047006870470830704708307047CD
:107E6000816070470368416000225A54704750F89F
:107E7000083B1B1A58425841704700000B68B3F189
:107E8000804F10B502D30B4801F08BFA93420BD907
:107E9000B3EB420F4FEA420406D2B4F1804F2ABF3F
:107EA0006FF040430C600B6009680131FFF7C5FFBC
:107EB00010BD00BF447D05080068C0F701BE10B5C5
:107EC0000446FFF7D4FF18B9A1682046FFF7F4FF76
:107ED00010BD7047704770470830704708B50346BB
:107EE00008465B689842114603D90246014801F0F2
:107EF0005EFA08BD5C7D0508406801F180410139EA
:107F0000091A914208B502D2184601F04AFA08BD92
:107F10004068401A904228BF1046704703688B4261
:107F200006D842681344994294BF0020012070474C
:107F300001207047012A10B404D10A785DF8044B7F
:107F4000027070475DF8044BFFF766BF012A30B43A
:107F500003D10B78037030BC7047002AFBD030BCD3
:107F600003F0FDB80B46012B10B41146044603D1B3
:107F700022705DF8044B7047002BFAD05DF8044B7B
:107F80001A4603F006B937B50F2904460191154684
:107F900006D9002201A9FFF771FF019B2060A360B1
:107FA000019919B120682A46FFF7DCFF019B22687E
:107FB00063600021D15403B030BD08B5FFF7E3FF83
:107FC00008BD08B5521AFFF7B5FF08BD08B5FFF7A1
:107FD000F8FF08BD08B5521AFFF7ACFF08BD08B599
:107FE000FFF7F8FF08BD401A704738B5044615463C
:107FF000084611446268521A05D025B12368194415
:108000001844FFF7A3FF636822685B1B00216360CD
:10801000D15438BD00F108020260002242600272B1
:10802000704700F10802026000224260027270474D
:1080300010B500F1080304460360FFF7A4FF2046D3
:1080400010BDF8B500F108070760054608460C4664
:10805000FFF70DFF04F10806626860B10132314696
:108060003846FFF7D9FE63686B60002323722660F1
:1080700063602846F8BD23682B60A368AB60F2E715
:1080800070B500F108060660054608460C46FFF785
:10809000EEFE626804F1080158B101323046FFF784
:1080A000BBFE636822686B60002363601370284620
:1080B00070BD2368C5E90032A368AB60C4E9001055
:1080C0002072F4E710B50446FFF7F9FE204610BD14
:1080D000F8B5054608460C46FFF7C9FE064690B1BE
:1080E000A5420AD062681AB121682868FFF722FF0A
:1080F00063682A686B600021D154226800236360A2
:1081000013702846F8BD2846FFF7B1FE08B92E685F
:10811000AF6823682B6063686B60A368AB6016B1BF
:108120002660A760E9E704F108032360E5E700683B
:10813000704700687047D0E9002010447047D0E9CC
:10814000002010447047D1E90032134403607047A7
:10815000D1E900321344036070470B680360704735
:108160000B680360704700687047D0E90020104436
:108170007047D1E900321344036070470B68036015
:10818000704740687047406870476FF040407047E4
:1081900010B50446FFF76BFE08B9A06810BD0F20AC
:1081A000FCE78842F7B504460E461DD04D68FFF740
:1081B000EFFFA842024611D201A920460195FFF720
:1081C0005DFE07462046FFF77AFE019B2760A3600D
:1081D000316820682A46FFF7ADFE01E0002DF7D197
:1081E0002368656000225A5503B0F0BD10B50446FF
:1081F000FFF7D7FF204610BD2DE9F3470A9E1F4623
:10820000436801EB0208B21A1A4404460D46A3EB78
:1082100008090192FFF7BCFF01A902462046FFF7BB
:108220002DFE82461DB121682A46FFF783FE37B135
:108230002EB1324639460AEB0500FFF77BFEB9F155
:10824000000F07D0216835444A4641440AEB050037
:10825000FFF770FE2046FFF732FE019BC4F800A036
:10826000A36002B0BDE8F08737B504460191FFF77F
:108270008FFF019B834202460FD901A92046FFF7D9
:10828000FDFD6268216801320546FFF753FE204676
:10829000FFF715FE019B2560A36003B030BD70B5EC
:1082A0000446FFF7E4FD78B962680F2A0CD825462A
:1082B000A66855F8081B01322846FFF73BFE3146F9
:1082C0002046FFF7F9FD256070BD08B5FFF7E7FF11
:1082D00008BD026800234360137070474068B0FA1D
:1082E00080F04009704700680844704700680844FF
:1082F000704700004268914208B502D3024801F07D
:1083000056F80068084408BD937D0508426891420C
:1083100008B502D3024801F04AF80068084408BDD5
:10832000937D0508006870470068704743680068DF
:10833000013B1844704743680068013B184470478C
:10834000F7B5466804460F46FFF722FF751C8542C5
:1083500007D90123009300231A4631462046FFF730
:108360004BFF23689F552368656000225A5503B070
:10837000F0BD10B50446FFF7E3FF204610BD10B571
:108380000446FFF70EFF204610BD08B5FFF7A0FE1C
:1083900008BD000070B516460C4A04460D46FFF7AE
:1083A0009DFD731C05D12368656000225A55204647
:1083B00070BD002EFBD06268521BB24228BF32460D
:1083C00029462046FFF711FEF1E700BFD77D0508DB
:1083D00038B503680546CC1A01222146FFF705FE91
:1083E0002868204438BD70B5436805684E1B1D449D
:1083F000AA42044605D1002246600A702068304433
:1084000070BD521A3146FFF7F0FDF7E708B5416835
:1084100001220139FFF7E9FD08BD00002DE9F7430E
:1084200016461D4604461B4B2A460F463146FFF7AB
:1084300063FD2046FFF7ACFED4F80490A5EB0608D8
:10844000C84440451DD3F319B9EB030207D0AE422F
:1084500005D02068384481192844FFF777FD35B1ED
:1084600020689DF8282029463844FFF77BFD2368C3
:10847000C4F804800022204603F8082003B0BDE8B9
:10848000F08300950023324639462046FFF7B4FEBC
:10849000E5E700BFEB7D050807B500920B4600221B
:1084A0004168FFF7BBFF03B05DF804FB10B54468FB
:1084B0008C42034603D2091BFFF7EEFF10BD81BFBC
:1084C0000368416000225A54F8E708B50022FFF71C
:1084D000EDFF08BD07B500920B4642680021FFF78B
:1084E0009DFF03B05DF804FB10B50A460446012168
:1084F000FFF7F0FF204610BD73B51546064A1E462D
:108500000446FFF7EBFC009601462B46002220466E
:10851000FFF784FF02B070BD087E050837B5036819
:108520000092CC1A0546012300222146FFF776FF70
:108530002868204403B030BDF7B5044615460A4A02
:108540000F461E46FFF7CAFC62689DF82030009374
:10855000D21BAA420146334628BF2A462046FFF7CF
:108560005DFF03B0F0BD00BF1D7E050837B5046890
:108570009DF818500095521A091BFFF74FFF03B0E2
:1085800030BD73B506680093044613460A468E1B39
:10859000FFF7ECFF2068304402B070BD2DE9F041D8
:1085A000DDE906680D4617461C4636B1964230D8BE
:1085B000324619462846FFF7C9FCB8F1000F11D022
:1085C000BE420FD04246E919A819FFF7BFFCBE42D0
:1085D00008D9EB19A219934206D332462146284600
:1085E000FFF7B4FCBDE8F081A34208D8641BE41B8C
:1085F0003444324629192846FFF79CFCF2E71F1B3A
:108600003A4621462846FFF7A1FCF21BA919E819B2
:10861000F2E7B8F1000FD5D1DBE700002DE9F74F05
:108620000C9E1546044632460F4698462946214B75
:10863000FFF762FC2046FFF7ABFDD4F804B0A6EBD1
:10864000050ADA4450452DD32368414603EB070958
:1086500020462F44ABEB0707FFF760FCC8B147B1DA
:10866000B54206D03A4609EB050109EB0600FFF7D3
:108670006DFC26B1324641464846FFF75BFC236855
:10868000C4F804A00022204603F80A2003B0BDE885
:10869000F08FCDE9006743462A4649462046FFF75A
:1086A0007DFFECE7009643462A4639462046FFF711
:1086B000A3FDE4E7337E05082DE9F7430C46164693
:1086C000D0F80480D1F800900B4A05463146204688
:1086D0001F46FFF703FC6268921BBA4294BF0092E8
:1086E000009709EB0003424600212846FFF796FF5A
:1086F00003B0BDE8F08300BF4C7E050807B50092CB
:108700000B4642680021FFF789FF03B05DF804FBC8
:1087100013B502AB044603E90600FFF7EFFF20465E
:1087200002B010BD07B502AB03E90600FFF7E6FF94
:1087300003B05DF804FB37B5044608460D46C0F7A4
:1087400047F9009062682B4600212046FFF766FF3C
:1087500003B030BD08B5FFF7EEFF08BDF7B504461E
:108760001546094A0F461E46FFF7B8FB6268089B8C
:108770000093D21BAA420146334628BF2A46204610
:10878000FFF74CFF03B0F0BD1D7E050807B5536829
:10879000009313680022FFF7E1FF03B05DF804FBCC
:1087A0002DE9F3411446D2F800800C4A06460F46E4
:1087B000204619461D46FFF791FB6268089B521B35
:1087C0009A4294BF00920093394608EB00030022BE
:1087D0003046FFF7C3FF02B0BDE8F081087E050810
:1087E00007B5009313460022FFF7B8FF03B05DF80A
:1087F00004FB13B502AC04E90C000468091BFFF785
:10880000EFFF02B010BD73B50546104614460E4684
:10881000C0F7DEF823460090002231462846FFF7D5
:108820009DFF02B070BD13B55C6800941B68FFF734
:1088300095FF02B010BD00002DE9F743DDF8288058
:10884000D3F800901C4605460E46174641460B4A93
:108850001846FFF743FB61680B9BA1EB08019942A7
:1088600094BF009100933A4609EB00033146284635
:10887000FFF774FF03B0BDE8F08300BF1D7E05085D
:10888000F7B5054618460E4617461C46C0F7A0F831
:10889000234600903A4631462846FFF75FFF03B073
:1088A000F0BD37B50468069D0095521A091BFFF705
:1088B00055FF03B030BD13B55C6800941B68FFF72B
:1088C000F0FF02B010BDF7B5054618460E46174634
:1088D0001C46C0F77DF8234600903A4631462846AC
:1088E000FFF7DFFF03B0F0BD82B013B5069C009424
:1088F0000593FFF7D6FF02B0BDE8104002B0704705
:1089000037B5069C0568E41A521A0094491BFFF714
:1089100025FF03B030BD37B5069C0568E41A521A2E
:108920000094491BFFF71AFF03B030BD7FB504AEBA
:1089300006E90C001346039A06681A44044600929E
:108940000A468E1BFFF7E7FF2068304404B070BD75
:1089500037B5069C0568E41A521A0094491BFFF7C4
:10896000FDFE03B030BD37B5069C0568E41A521A07
:108970000094491BFFF7F2FE03B030BD2DE9F3412F
:10898000D0F80480044602EB08070E461546FFF7B0
:10899000FFFBB8420ED32DB120682A463146404431
:1089A000FFF7C8FA2368676000222046DA5502B054
:1089B000BDE8F08100953346002241462046FFF78E
:1089C0001BFCEFE770B5064B04460D46164600212A
:1089D000FFF792FA324629462046FFF7CFFF70BDD7
:1089E000617E050807B502AB03E90600FFF7EAFF61
:1089F00003B05DF804FB08B5D1E90012FFF7E2FF10
:108A000008BD08B5FFF7F7FF08BD00002DE9F041EC
:108A10000C461546D1F80080094A064629462046EC
:108A20001F46FFF75BFA6268521BBA4208EB00016F
:108A300028BF3A463046FFF7C5FFBDE8F08100BFCA
:108A4000617E050807B502AB03E90600FFF7BAFF30
:108A500003B05DF804FB000070B5044608460D46FF
:108A6000BFF7B6FF064B0646024600212046FFF739
:108A700043FA324629462046FFF780FF70BD00BF0B
:108A8000617E050808B5FFF7E7FF08BD2DE9F04155
:108A9000064690460F460A4A19461D46FFF71EFA3B
:108AA0007468641B444528BF44462CB13168224693
:108AB00029443846FFF73EFA2046BDE8F08100BF62
:108AC000767E05082DE9F043884285B005460C46C0
:108AD00035D0FFF7CCF906462046FFF7C8F9002E3F
:108AE0004AD06F68002838D06668D7B104F108080A
:108AF00005F1080901372EB3013632464146684672
:108B0000FFF78AF93A4649464046FFF785F932466B
:108B100069464846FFF780F96B6862686A6063607F
:108B20000DE0002EF8D0721C04F1080105F10800D8
:108B3000FFF772F963686B60236867601F7005B0A8
:108B4000BDE8F0833A4649464046FFF765F96B6851
:108B500063602B686E601E70F1E726467A1C56F83B
:108B6000088F05F108013046FFF756F923682B609E
:108B70002660C5F80880CFE7AF6868B1626805F184
:108B80000806013204F108013046FFF745F92B6869
:108B900023602E60A760BFE722682B682A602360ED
:108BA000A368AB60F6E700687047006870477047DD
:108BB0002DE9F0470E461D46416833B9914238BF52
:108BC0004FF0FF321046BDE8F08791420AD907689E
:108BD00096F8008007EB0109B818891AC3F1010A59
:108BE000A94202D24FF0FF32ECE742465144FFF770
:108BF00017F904460028F5D02A463146FFF718F940
:108C000008B9E21BDEE7601CA9EB0001E8E708B544
:108C1000D1E90013FFF7CCFF08BD70B50546084643
:108C20000C461646BFF7D4FE324603462146284678
:108C3000FFF7BEFF70BD38B54568AA42134608D29B
:108C400004680A46E018E91AFFF7EAF808B1001BC1
:108C500038BD4FF0FF30FBE7F8B54468A3420E463D
:108C60001D460CD8E41A9442076828BF14462A46C9
:108C700031463819FFF7DCF818B1631E1CB94FF004
:108C8000FF342046F8BD1C46F1E708B5D1E90013D2
:108C9000FFF7E2FF08BD70B5054608460C461646CC
:108CA000BFF796FE3246034621462846FFF7D4FF1B
:108CB00070BD10B504461046626862B1013A824246
:108CC00028BF024623689B5C8B42104602F1FF32AC
:108CD00003D0531CF6D14FF0FF3010BDF8B5064657
:108CE0000F4614461D461BB94FF0FF340BE001340C
:108CF00073689C42F8D2336829461A5D3846FFF7FC
:108D00008FF80028F3D02046F8BD08B5D1E900134C
:108D1000FFF7E4FF08BD70B5054608460C46164649
:108D2000BFF756FE3246034621462846FFF7D6FFD8
:108D300070BD08B5FFF77FFF08BDF8B544680E4663
:108D40001D467CB173B1013C9442076828BF1446AC
:108D50003A5D29463046FFF763F808B9013CF7D27F
:108D60002046F8BD4FF0FF34FAE708B5D1E900130B
:108D7000FFF7E3FF08BD70B5054608460C461646EA
:108D8000BFF726FE3246034621462846FFF7D5FFA9
:108D900070BD08B5FFF78DFF08BD2DE9F041D0F893
:108DA000048005460E461F461446444504D34FF042
:108DB000FF342046BDE8F0812B6839461A5D304605
:108DC000FFF72EF80028F4D00134EEE708B5D1E91A
:108DD0000013FFF7E2FF08BD70B5054608460C46D4
:108DE0001646BFF7F5FD3246034621462846FFF7F3
:108DF000D4FF70BD10B5034644681046A04202D3AC
:108E00004FF0FF3010BD1A68125C8A42FAD101306F
:108E1000F4E7F8B544680D461E4674B1013C94422F
:108E2000076828BF14463A5D31462846FEF7F8FF2A
:108E300008B1013CF7D22046F8BD4FF0FF34FAE705
:108E400008B5D1E90013FFF7E4FF08BD70B505468A
:108E500008460C461646BFF7BBFD32460346214680
:108E60002846FFF7D6FF70BD10B50446406850B1E4
:108E700001389042236828BF10461A5C8A4201D10B
:108E80000138FAD210BD4FF0FF30FBE738B5456826
:108E90004C6800680968A5422A4628BF2246FEF7AA
:108EA000C7FF00B9281B38BD2DE9F04107469046A1
:108EB0000C4A0D461E46FFF711F87C683868316889
:108EC000641B444528BF4446D6F80480A04542466A
:108ED000284428BF2246FEF7ABFF08B9A4EB0800E0
:108EE000BDE8F081897E05082DE9F843DDF8209082
:108EF0001E4614468046124A0F46FEF7EFFF104A00
:108F000049463046FEF7EAFFD8F80450099B31681D
:108F1000D8F80000ED1BA54228BF25467468A4EBD5
:108F200009049C4228BF1C46AC422246494428BF43
:108F30002A463844FEF77CFF00B9281BBDE8F883B9
:108F4000897E0508F8B54768054608460E46BFF70E
:108F50003FFD874204463A46314628BF024628680C
:108F6000FEF766FF00B9381BF8BD00002DE9F0419F
:108F7000074615460D4A0E469846FEF7AFFF7C6839
:108F8000A41BAC42404628BF2C46BFF721FD054636
:108F90003868A5422A46414628BF22463044FEF79B
:108FA00047FF00B9601BBDE8F08100BF897E05085E
:108FB0002DE9F843064691460B4A089F0D46984610
:108FC000FEF78CFF74683068641B4C4528BF4C4624
:108FD000A7423A46414628BF22462844FEF728FFCA
:108FE00000B9E01BBDE8F883897E05080160704781
:108FF000016070472DE9F0410446174608460D46CA
:10900000BFF7E6FCD7E9008704F1080323600023DB
:1090100063602372391806462046FFF725F9324669
:1090200029462046FFF7CEFC3A4641462046FFF748
:10903000C9FC2046BDE8F08173B5D2E9006500F1B6
:109040000803036000230446436003728DF8071091
:10905000691CFFF709F90DF1070101222046FFF70E
:10906000B1FC2A4631462046FFF7ACFC204602B050
:1090700070BD2DE9F041D2E90075D1E9008600F11B
:109080000803036000230446436003727119FFF76D
:10909000EBF8324641462046FFF794FC2A46394613
:1090A0002046FFF78FFC2046BDE8F08173B5531AC8
:1090B0000F2B04460D461646019306D9002201A93E
:1090C000FEF7DCFE019B2060A36032462946206843
:1090D000FEF777FF019B226863600021D15402B044
:1090E00070BD10B500F1080303600023044643601F
:1090F000FFF7DCFF204610BD73B5531A0F2B044653
:109100000D461646019306D9002201A9FEF7B6FEC8
:10911000019B2060A360324629462068FEF75AFF73
:10912000019B226863600021D15402B070BD00F140
:10913000080210B50260D1E9001204464FF00003A6
:109140000A44FFF7D9FF204610BD73B5531A0F2B01
:1091500004460D461646019306D9002201A9FEF7E2
:109160008DFE019B2060A360324629462068FEF7F1
:1091700028FF019B226863600021D15402B070BDBA
:1091800000F1080210B50260D1E9001204464FF068
:1091900000030A44FFF7D9FF204610BD10B500F1C7
:1091A00008030360002304464360FFF7CEFF204618
:1091B00010BD73B5531A0F2B04460D461646019386
:1091C00006D9002201A9FEF759FE019B2060A36089
:1091D000324629462068FEF7FDFE019B2268636047
:1091E0000021D15402B070BDF8B500F108030D465E
:1091F000174603600E68084A044639462846FEF7BB
:109200006DFE6A683118D21B20464FF000030A44F5
:10921000FFF7CFFF2046F8BD9F7E05082DE9F041FE
:10922000984600F108030D46174603600E680B4A86
:10923000044639462846FEF751FE6A683118D21BAB
:1092400020464FF00003424594BF8A1801EB080204
:10925000FFF7AFFF2046BDE8F08100BF9F7E050805
:1092600070B50D46044611462846064A1E46FEF7CE
:1092700035FE3346024629462046FFF7CFFF2046FB
:1092800070BD00BFBA7E05082DE9F041984600F197
:1092900008030D46174603600E680B4A044639461C
:1092A0002846FEF71BFE6A683118D21B20464FF095
:1092B0000003424594BF8A1801EB0802FFF779FFCB
:1092C0002046BDE8F08100BFCF7E050800F108030D
:1092D00010B50446036019B912B1054800F058F8FA
:1092E00020464FF000030A44FFF763FF204610BDFD
:1092F000DE7E050838B500F10803044603600D461C
:1093000011B9074800F044F80846BFF761FB4FF079
:1093100000032A1829462046FFF74BFF204638BD98
:10932000DE7E050813B502AB03E9060000F1080371
:1093300003600A444FF000030446FFF73AFF20465B
:1093400002B010BD10B500F108030360002304460D
:109350004360FFF72EFF204610BD00680B68C31A5C
:1093600058425841704700680B68C31A5842584128
:10937000704708B501F08EFC08B501F08BFC08B50C
:1093800001F088FC08B501F085FC08B501F082FC0D
:1093900008B501F07FFC08B501F07CFC08B501F0D0
:1093A00079FC08B501F076FC08B501F073FC0FB448
:1093B00008B501F06FFC08B501F06CFC08B501F0D0
:1093C00069FC08B501F066FC08B501F063FC00001B
:1093D00008B52DED028BB0EE408A00F08FFAB4EEA6
:1093E000488AF1EE10FAF0EE408A15D6B0EE480A3F
:1093F00000F0F6F8F7EE007AB4EEE70AF1EE10FAB4
:109400000ADD02F01DF8BDEC028B21230360BDE8EC
:109410000840044800F0C8B9B0EE680ABDEC028B01
:1094200008BD00BF157F050800F04CBB08B52DED49
:10943000028BF0EE408AB0EE608A00F0E3FBF4EEBF
:10944000488AF1EE10FA0CD6DFED078AB4EE688A8E
:10945000F1EE10FA05D101F0F3FF88EEA80A2123FE
:109460000360BDEC028B08BD0000000008B52DEDC7
:10947000048BB0EE608AB0EE409A00F045FCB4EE8A
:10948000488AF1EE10FAF0EE408A3ED6B5EE409AE8
:10949000F1EE10FA12D1B5EE408AF1EE10FA39D0A1
:1094A000B0EE480A00F010F978B3B5EEC08AF1EEDC
:1094B00010FA2AD501F0C4FF222314E000F004F9C9
:1094C00098B9B0EE490A00F0FFF870B1B0EE480A62
:1094D00000F0FAF848B1F4EE688AF1EE10FAE9D734
:1094E00001F0AEFF212303600FE0F5EE408AF1EEBC
:1094F00010FA0AD1B0EE490A00F0E6F828B1B0EE51
:10950000480A00F0E1F80028D4D1B0EE680ABDECBA
:10951000048B08BDF7EE008AF7E7000008B52DEDD3
:10952000028BB0EE408A00F045F9B4EE488AF1EEC5
:1095300010FA0CD6DFED078AB4EEE88AF1EE10FAE5
:1095400005D501F07DFF88EEA80A21230360BDEC5C
:10955000028B08BD0000000010EE103A07B51E4A4D
:1095600023F00043934206D8DFED1C0A03B05DF8F8
:1095700004EB00F023B9B3F1FF4F04D330EE400AFF
:1095800003B05DF804FB684600F08CFE00F00300B9
:10959000012809D0022810D0B0B9DDED010A9DEDF7
:1095A000000A00F00BF9EBE7DDED010A9DED000A82
:1095B00000F05CF9B1EE400AE2E7DDED010A9DED55
:1095C000000A00F0FBF8F5E7DDED010A9DED000A69
:1095D000012000F04BF9D3E7D80F493F000000000D
:1095E00010EE103A23F0004300EE103A704710B529
:1095F0002DED028B0446B0EE408A00F065F8B8B15C
:10960000B5EE408AF1EE10FA12D0B0EE480A2046CC
:1096100000F064F8B0EE408A00F056F820B1B5EEE4
:10962000408AF1EE10FA03D101F00AFF2223036011
:10963000B0EE480ABDEC028B10BD000010EE103AEF
:1096400007B51F4A23F00043934207D8DFED1D0AF8
:10965000002003B05DF804EB00F008B9B3F1FF4F50
:1096600004D330EE400A03B05DF804FB684600F016
:1096700019FE00F0030001280AD002280FD0C0B95B
:10968000DDED010A9DED000A012000F0EFF8EAE7A8
:10969000DDED010A9DED000A00F090F8E3E7DDED55
:1096A000010A9DED000A012000F0E0F8B1EE400A49
:1096B000D9E7DDED010A9DED000A00F07FF8F5E73E
:1096C000D80F493F0000000010EE103A23F0004090
:1096D000B0F1FF4FACBF00200120704710EE103AF0
:1096E00033F000422BD0B2F1FF4F02D330EE000A2C
:1096F000704713F0FF4F23D1244BDFED257A9842BA
:1097000020EE270A17DB10EE103AC3F3C752193ABE
:109710004CF25031884215DDDFED1E7ADFED1E6A16
:1097200010EE103AB0EE677A002BB8BFF0EE667A12
:1097300027EE870A7047DFED197A27EE800A704717
:10974000D20DE5E71044FE28E6DC002806DD23F014
:10975000FF4343EAC05300EE103A704710F1160F72
:1097600009DADFED0E7ADFED0E6A10EE103AB0EE98
:10977000677A002BD9E7193023F0FF4343EAC0533F
:109780009FED080A07EE903AD7E700BFB03CFFFF15
:109790000000004CCAF24971CAF249F16042A20DC0
:1097A0006042A28D000000339FED010A704700BFA8
:1097B0000000C07FB1EEC00A7047000010EE103A02
:1097C00023F00043B3F1485FF0EE406AB7EE000AC1
:1097D00004D2FDEEE67A17EE902A42B326EEA67A80
:1097E000DFED1A7A9FED1A6A1A4AA7EE276A9342AA
:1097F000DFED197AE6EE077A9FED186AA7EE876A21
:10980000DFED177AE6EE077A9FED166AA7EE876A14
:1098100060EEE60A26EE076AF6EE007AE7EE060A42
:1098200067EE277A04D877EEE07A30EE670A704761
:109830000D4A93429ABF03F17F4307EE103AB5EE0B
:10984000027A30EE470A77EEC77AECE74ED747AD9B
:10985000F6740F319999993E7CF293B4010DD0378B
:10986000610BB6BAABAA2A3D0000483F10EE103A91
:1098700023F00043B3F1485F04D2FDEEC07A17EE47
:10988000903A5BB320EE007ADFED157A9FED156A12
:10989000A7EE276ADFED147AE6EE077A9FED136AEA
:1098A000A7EE876ADFED127A60EE076AE6EE077AC6
:1098B00030B99FED106AA7EE276AA6EE260A704718
:1098C00067EEE67AB6EE006AE0EE867AD7EE870AB1
:1098D000DFED097AE6EEA70A30EE600A704700BFB6
:1098E000D3C92E2F342FD7B21BEF3836010D50B904
:1098F0008988083CABAA2ABEABAA2A3E38B510EE2E
:10990000105A25F00044B4F17E5F2DED048B0CD18C
:10991000DFED5C7A9FED5C7A60EE277AE0EE077A05
:10992000B0EE670ABDEC048B38BD04D970EE407A06
:1099300087EEA70AF6E7B4F17C5FF7EE008A0BD258
:10994000B4F1485F52D2DFED517A70EE277AF4EE2F
:10995000E87AF1EE10FAE5DCFFF742FE38EEC08A55
:10996000F6EE007A28EE278A9FED497ADFED497AF4
:109970009FED499AA8EE277ADFED487AE7EE087A5C
:109980009FED477AA7EE887ADFED467AE7EE087A10
:109990009FED457AA7EE889ADFED447AE8EE077AE4
:1099A0009FED437AA7EE887ADFED427AE7EE087AF8
:1099B000B0EE480AE7EE888AFFF7FCFE3E4B29EE40
:1099C000089A9C4289EE286AF0EE006A3DD9A0EE22
:1099D000060ADFED3A7AE0EE267A9FED2B0A30EEAA
:1099E000670A002DD8BFB1EE400A9BE760EE007A0F
:1099F000DFED286A9FED267A9FED2B6AA7EEA67A07
:109A0000DFED266AE7EE276A9FED257AA6EEA77AB4
:109A1000DFED246AE7EE276A9FED1F7AA6EEA77AAC
:109A2000DFED226AE7EE866A9FED216AA6EEA76A5D
:109A3000DFED206AE6EE276A27EE277AE6EEA78AB0
:109A4000C7EE287AA0EE270A6CE710EE103A6FF303
:109A50000B0307EE103AA7EE478A70EE005A30EE7D
:109A6000070ADFED087A88EE005A9FED150AE5EE49
:109A7000667AD5EE867AB0EE406AA7EE666A77EE31
:109A8000C67AACE72EBD3BB3DB0FC93FCAF24971C2
:109A9000047F4F3A08EF1138ABAA2A3E461124BD85
:109AA000A80A4E3E90B0A6BE2EC69D3D613330BF83
:109AB0002D57014039D119C09999793F2EBD3B33BB
:109AC000DB0F493F10EE902A22F00041B1F1FF4F29
:109AD00010B5F0EE407A06D810EE100A20F00043E0
:109AE000B3F1FF4F04D977EEA07AB0EE670A10BD4C
:109AF000B2F17E5F03D1BDE8104000F003BD9417C2
:109B000004F0020444EAD07443B9022C5ED09FED05
:109B1000347A032C08BFF0EE477AE6E741B9DFED6F
:109B2000317A9FED317A0028A8BFF0EE477ADCE762
:109B3000B1F1FF4F10D1B3F1FF4F04F1FF3407D162
:109B4000022C46D8294B03EB8403D3ED007ACCE7F3
:109B5000022C41D8264BF6E7B3F1FF4FDFD05B1A5A
:109B6000B3F1F45F4FEAE3511ADA002A01DA3C312B
:109B700019DB87EEA00AFFF733FD00F0C3FCF0EE1F
:109B8000407A012C12D0022C17D0002CADD09FEDC2
:109B9000197A77EE877A9FED187A77EEC77AA4E77D
:109BA000DFED117AEDE7DFED157AEAE717EE903A8F
:109BB00003F1004307EE903A97E79FED0E7A77EEB8
:109BC000877A9FED0D7A77EE677A8EE7DFED0A7A76
:109BD0008BE7DFED0B7A88E7DFED087A85E700BFDA
:109BE000DB0F49C0DB0FC9BFDB0FC93F547F05083E
:109BF000487F05082EBDBB33DB0F49400000000045
:109C0000DB0F493F70B510EE906A26F000435A1EF4
:109C1000B2F1FF4F06D210EE104A24F00041B1F12C
:109C2000FF4F04D360EE200A80EEA00A70BD994277
:109C3000FCDB04F0004505D1324B03EB557393ED8B
:109C4000000AF3E714F0FF4F46D10A026FF07D00DF
:109C5000002A3EDC16F0FF4F01BF1A02B2FA82F270
:109C6000C2F1FF2202F57F0216BFDA1582327F3A77
:109C700010F17E0FBBBF6FF07D04241AC4F31604ED
:109C8000A140A8BF44F4000112F17E0FB5BF6FF0F0
:109C90007D04C6F31606A41A46F40004B8BF03FAFE
:109CA00004F4801A0B1BD0B933EA230328BF0B46F8
:109CB000002BC1D0B3F5000F19DB12F17E0F19DBB9
:109CC000A3F500037F322B4343EAC25300EE103A60
:109CD000ACE701385200BBE7C8157F38BAE7002B64
:109CE00002DA49000138DDE7A6D05900FAE75B0047
:109CF000013ADFE7C2F1FF2202F57F02823213410F
:109D00002B43E3E7607F05082DE9F84310EE904A06
:109D100034F000492DED028B10EE106AB0EE408A4F
:109D2000F0EE608A0CD186F48006760016F5000FFE
:109D300040F2748238EE280ABDEC028BBDE8F8834D
:109D400026F00048B8F1FF4F02D8B9F1FF4F08D90B
:109D5000B6F17E5FEED184F48004640014F5000F48
:109D6000E6E7002E1FDAB9F1974F80F06082B9F173
:109D70007E5F2FD34FEAE953C3F1960349FA03F507
:109D800005FA03F34B4523D105F00105C5F10205A2
:109D9000B9F17E5F1FD1002C80F24682F7EE007A87
:109DA00087EE880AC8E7B9F1FF4F11D1B8F17E5F9D
:109DB00000F0348206D99FEDC50A002CA8BFB0EE92
:109DC000680AB9E7002C80F22C82B1EE680AB3E78A
:109DD0000025DDE70025B4F1804F02D128EE080A06
:109DE000AAE7B4F17C5F40F02782002EC0F2248203
:109DF000B0EE480ABDEC028BBDE8F843FFF7DABCD1
:109E0000012D99D1B1EE400A96E7F00F013855EADD
:109E1000000304D138EE488A88EE080A8CE7B9F1CD
:109E20009A4F6DD9AA4B984508D8002C0BDA002020
:109E3000BDEC028BBDE8F84300F058BCA54B98453B
:109E400008D9002CF3DC0020BDEC028BBDE8F84300
:109E500000F046BCF7EE007A30EE670ADFED9E6A4E
:109E6000F5EE007AE0EE676AF6EE007AE6EEC07A8A
:109E700020EE007ADFED996A27EE277ADFED987AF7
:109E800067EEC77A9FED977AE0EE077AB0EE677AD1
:109E9000A0EE267A17EE103A6FF30B0307EE103A96
:109EA000B0EE476AA0EE666A77EEC67A013D0543DA
:109EB000F7EE006ABFEE008A6FF30B0418BFB0EE36
:109EC000668A06EE904A67EEA80A38EEE66A67EE02
:109ED000267AE6EE070A30EEA77A17EE101A002966
:109EE00021F0004340F3DD80B3F1864F40F2CA8099
:109EF000B5EEC08AF1EE10FA4CBF0120002097E7C2
:109F000016F0FF4F01BFDFED787A60EE277A6FF031
:109F1000170317EE907A4FEAE75218BF00237F3AF3
:109F20001A44724BC7F316079F4247F07E5106DD75
:109F30006F4B9F4240F3A4800132A1F5000100263F
:109F40006C4B03EB860307EE101AD3ED005A6A4BF5
:109F500075EE877AF7EE006AC6EEA74A491041F01F
:109F6000005101F5802101EB465137EE656A07EE9D
:109F7000901A26EE245A77EEE55A15EE107A1F4015
:109F800006EE907AA6EEE76A37EE657A65EE057A18
:109F9000A6EEC76ADFED595A9FED597AE7EE875A68
:109FA0009FED587AA5EEA77ADFED4B5AE7EE275AD8
:109FB0009FED557AA5EEA77ADFED545A26EE246A76
:109FC000E7EE275A35EE267A67EEA74A27EE067A9D
:109FD000F0EE087AA4EEA57AF0EE675AE6EEA65AFD
:109FE00075EE875A15EE901A194005EE901A75EE27
:109FF000E77AE6EEE67A77EE677A67EE857AE6EE5E
:10A00000257AB0EE676AA6EEA56A16EE101A194018
:10A0100006EE101AB0EE467AA6EEE57A3C4901EB60
:10A02000860177EEC77A9FED3B7ADFED3B5A67EE0C
:10A03000877A9FED3A7AE6EE077A91ED007A77EE2D
:10A04000877A07EE102A364AF8EEC76AB0EE677ACA
:10A05000A6EE257A02EB860292ED005A37EE057ADB
:10A0600037EE267A17EE102A1A4007EE102A77EEFE
:10A07000666A76EEC56AE6EE656A77EEE67A15E719
:10A0800001265DE752D1DFED276A37EE677A70EE81
:10A09000A66AF4EEC76AF1EE10FA3FF729AF8623FD
:10A0A00048E0214A934207D9B5EEC08AF1EE10FA92
:10A0B0004CBF01200020C7E638D137EE677AB4EEF6
:10A0C000E07AF1EE10FAEADBEEE700BF00000000F4
:10A0D000F3FF7F3F0700803FABAAAA3E00AAB83F2C
:10A0E0003BAAB83F70A5EC360000804B71C41C0041
:10A0F000D6B35D00787F050800F0FFFF55326C3E57
:10A1000042F1533E05A38B3EB76DDB3E9A99193F52
:10A11000687F05084F38763F0038763FA0C39D36EC
:10A12000707F05083CAA383300001643B3F17C5F0A
:10A130006FD9DB157E3B4FF4000018410844C0F393
:10A14000C7534E4A7F3B1A41024007EE102AC0F324
:10A15000160040F40000C3F117031841002977EE00
:10A16000C77AB8BF404277EEA06A9FED457A9FED6F
:10A17000456A16EE903A6FF30B0306EE903A76EED0
:10A18000E77AB7EE000A70EEE70ADFED3F7A66EE97
:10A19000A77AE0EE877AB0EE677AA6EE867AF0EEDE
:10A1A000475AE6EEC65A67EE076A77EEE57A9FED04
:10A1B000376ADFED375AA6EEA56ADFED365AE6EECE
:10A1C000265A9FED356AA5EEA66ADFED345AE6EE13
:10A1D000265AB0EE476AA5EEE66AF0EE006A67EE30
:10A1E000065A36EE666AE7EE277AC5EE866A76EE9E
:10A1F000E77A77EEC77A30EE670A10EE103A03EB93
:10A20000C053B3F5000F06DAFFF768FA20EE080A2C
:10A2100092E50020A7E700EE103AF7E7B7EE000A54
:10A220008AE59FED1F0A87E5B0EE480A84E5B9F19B
:10A23000FF4F3FF4BBAD0225B0EE480AFFF7D0F95F
:10A2400026F04043B3F17E5F474603D0B8F1000FDC
:10A250007FF4DBAD002CBCBFF7EE007A87EE800AFE
:10A26000002EBFF669ADA8F17E5858EA05087FF4C4
:10A27000C7AD70EE407A87EEA70A5DE5000080FF6B
:10A280001872313F0072313F8CBEBF350EEADDB52A
:10A290004CBB313355B38A38610B36BBABAA2A3E6F
:10A2A00000000000F0B510EE106A884B26F0004563
:10A2B0009D4287B0044605D8002380ED000A436024
:10A2C000002022E0824B9D423AD826F00043002E27
:10A2D0009FED807A804A23F00F0318DD934270EEE1
:10A2E000477A09BF9FED7D7ADFED7D6ADFED7D6AFC
:10A2F00077EEC77A37EEE67A77EEC77A80ED007AA6
:10A3000077EEE67AC0ED017A012007B0F0BD934206
:10A3100070EE077A09BF9FED717ADFED716ADFEDAC
:10A32000716A77EE877A37EEA67A77EEC77A80ED94
:10A33000007A77EEA67AC0ED017A4FF0FF30E4E7BD
:10A34000694B9D4273D8FFF74BF99FED687AF6EEA3
:10A35000007AE0EE077AFDEEE77AB8EEE77A17EEDC
:10A36000900ADFED5C7AA7EE670A1F28DFED5C7AC2
:10A3700067EE277AB1EE476A70EE676A16EE901ABA
:10A3800009DC5B4A471E26F0004352F8272023F0E1
:10A39000FF03934207D1C1F3C752C2EBD552082A3B
:10A3A0004FEAE55314DC216094ED007A30EE470A61
:10A3B000002E30EE670A84ED010AA6DAB1EE477A84
:10A3C000B1EE400A84ED007A84ED010A40429CE738
:10A3D000DFED425AF0EE406AE6EE256A70EE667AEC
:10A3E000E6EE257ADFED3F5AD7EE257A76EEE75A8C
:10A3F00015EE902AC2F3C7515B1A192B04DCC4ED89
:10A40000005AB0EE660ACFE7DFED3A5AB0EE660AC0
:10A41000A6EE250A76EEC07ADFED376AE6EE257AFB
:10A42000D7EE267A30EE677A84ED007ABCE7B5F194
:10A43000FF4F06D370EE407AC0ED017AC0ED007A8E
:10A440003EE7EA15863AA5EBC25307EE903ABDEE19
:10A45000E77ADFED2A6AB8EEC77A77EEC77A8DED34
:10A46000037A67EEA67ABDEEE77AB8EEC77A77EEA2
:10A47000C77A8DED047A67EEA67AF5EE407AF1EEB2
:10A4800010FACDED057A1ED1B5EE407AF1EE10FA54
:10A490000CBF012302231A4901910221009103A854
:10A4A000214600F04BF9002EBFF62FAFD4ED007A15
:10A4B000F1EE677AC4ED007AD4ED017AF1EE677AB5
:10A4C000C4ED017A82E70323E5E700BFD80F493FD7
:10A4D000E3CB1640800FC93FD00FC93F004435374A
:10A4E0004344353708A3852E800F494384F9223F22
:10A4F000807F050800A3852E32318D240000804323
:10A500000080050838B510EE105A25F00044B4F16B
:10A51000A14FF0EE407A10D3B4F1FF4F04D970EEA2
:10A52000007AB0EE670A38BDDFED4D7A9FED4D7AC7
:10A53000002DC8BFF0EE477AF3E74B4B9C4210D892
:10A54000B4F1445F0AD29FED497A30EE077AF7EE14
:10A55000006AB4EEE67AF1EE10FAE2DC4FF0FF3377
:10A5600013E0FFF73DF8424B9C424FD8A3F5D003D0
:10A570009C4241D8F0EE007ABFEE007AA0EE277A36
:10A58000002330EE270AC7EE007A5A1C27EEA76A8E
:10A590009FED387ADFED385A9FED385A66EE066A3D
:10A5A000E6EE875A9FED367AA5EEA67ADFED355AAC
:10A5B000E7EE265A9FED347AA5EEA67ADFED335A00
:10A5C000E7EE265A9FED327AA6EE875A9FED317A52
:10A5D000A5EE267A9FED305AA7EE265A9FED2F7AE8
:10A5E000A5EE267A27EE267AA5EE867A27EE877ADA
:10A5F00021D177EEC77A94E7F7EE007A30EE677AEA
:10A6000030EE270A0123C7EE007ABEE7244B9C42B6
:10A610000BD8F7EE087AB7EE007AA0EE277A02237D
:10A6200070EE676AC6EE877AAFE7BFEE007AC7EED4
:10A63000007A0323A9E71B4A1B4902EB830201EBC3
:10A640008303D3ED006A37EE667A002D37EE677A22
:10A65000D2ED007A77EEC77AB8BFF1EE677A60E79D
:10A66000DB0FC9BFDB0FC93FFFFFDF3ECAF24971F5
:10A67000FFFF973FD769853C59DA4B3D6BF16EBDC3
:10A68000356B883D6E2EBA3D2549123EABAAAA3ED7
:10A6900021A215BD95879DBD388EE3BDCDCC4CBEA6
:10A6A000FFFF1B40288305081883050810B52DED12
:10A6B000028BB0EE408A044600F0C2FEB0EE480ABB
:10A6C000BDEC028B046010BD30B1F1EE407A27EE94
:10A6D000800A2220FFF7EABFF0EE407AF7E7000099
:10A6E0009FED010AFFF7F0BF000000109FED010A87
:10A6F000FFF7EABF0000007000289FED070AF7EEA1
:10A70000007ABFEE007A18BFF0EE477A87EE800A33
:10A710002220FFF7CBBF00BF00000000F0EE407A20
:10A7200030EE407AF4EE677AF1EE10FA87EE070A1F
:10A7300002D62120FFF7BABF704700002DE9F04F85
:10A740002DED048BD9B090460190B64A669818F169
:10A75000040F52F820A00F4603F1FF3B26DBB8F1AF
:10A76000030248BF08F10402D210551C67999FEDFF
:10A77000B17AE800A2EB0B060290A8EBC5050AEB44
:10A780000B0C1CAC01EB860E0020604510DD1CA9F3
:10A7900001EB83000DF588790026564524DCDDF8B1
:10A7A00004E0DFEDA47A8446002416E00022DCE712
:10A7B000C6425DBF5EF8201007EE901AF8EEE77A09
:10A7C000F0EE477AE4EC017A0130DEE7FEEC016A54
:10A7D0003CED017AE6EE877A01345C45F6DDE9EC82
:10A7E000017A01360430D8E708A901EB8A01049107
:10A7F0006799DFED8F8A9FED8D9A01EB82020392BC
:10A800005446A200059258AA02EB840212ED140AE3
:10A8100044A908AA01EB840094462646002E4CDC8D
:10A820002846CDE90623FEF759FFB0EE408AB4EE84
:10A83000000A28EE000A00F0E9F9F2EE007AA0EE34
:10A84000678A002DDDE90623FDEEC87A17EE909A9F
:10A85000F8EEE77A38EE678A41DD04F1FF3C08A99B
:10A86000C5F1080E51F82C6046FA0EF0814400FA4A
:10A870000EF0361AC5F1070041F82C600641002E93
:10A880003CDD4FF0000E09F101097046744568DCAB
:10A89000002D03DD012D74D0022D7DD0022E2DD18F
:10A8A000B7EE000A30EE488A40B328460693FEF71A
:10A8B00015FF069B38EE408A20E060EE287A013EC4
:10A8C000FDEEE77AF8EEE77AA7EEC90ABDEEC00A18
:10A8D000ACEC010A30ED010A37EE800A9EE705D1A3
:10A8E000601E08A951F82060F611C8E7F6EE007A5C
:10A8F000B4EEE78AF1EE10FA31DA0026B5EE408ABE
:10A90000F1EE10FA40F09880601E002250454BDABC
:10A91000002A65D0013C08AB083D53F82430002BD9
:10A92000F8D02846B7EE000AFEF7D8FE631C44AA0A
:10A930009FED3F7A990002EB83022346002B80F2C1
:10A94000A9802346002BC0F2C78044AA02EB8305EE
:10A95000DFF8D4C0DFED377A0020E21AB1E002263A
:10A960008FE752F8041B48B921B1C1F5807142F854
:10A97000041C01210EF1010E084687E7C1F1FF0119
:10A98000F5E704F1FF3C08AA52F82C2002F07F0200
:10A9900008A941F82C2081E704F1FF3C08AA52F8ED
:10A9A0002C2002F03F02F3E708A951F820100138EB
:10A9B0000A43ABE7013250F8046D002EFAD0059936
:10A9C00001F5B0710DEB0100E6181CA904F1010CB2
:10A9D0004C3801EB86062244624504DA144610E73F
:10A9E00004980122E7E70399DDF804E051F82C1000
:10A9F000059107EE901AF8EEE77A0024E6EC017A6A
:10AA0000DFED0C7AB1465C4504DDE0EC017A0CF137
:10AA1000010CE1E7FEEC016A39ED017A0134E6EE62
:10AA2000877AF0E7648305083883050800008043CF
:10AA30000000803B00000000029BB0EE480AA3EB40
:10AA40000800FEF74BFE1FED077AB4EEC70AF1EEE1
:10AA500010FA19DB5FED0A7A60EE277A08AAFDEE9C
:10AA6000E77A0835F8EEE77AA7EEC70AFDEEE77A4F
:10AA7000BDEEC00A10EE103A42F8243017EE903ABC
:10AA8000013442F824304CE7BDEEC00A08AA10EEAB
:10AA9000103AF6E708A850F82300019007EE900A54
:10AAA000F8EEE77A013B67EE807A20EE070A62ED66
:10AAB000017A43E7FCEC016AB5EC017AE6EE877AAD
:10AAC0000130504501DC9042F4DD58A800EB8202D1
:10AAD00042ED287A013B35E7669B022B09DC002B0F
:10AAE00027DC40D009F0070059B0BDEC048BBDE86D
:10AAF000F08F669B032BF5D130AA0B1F13441A4627
:10AB00002046002850DC2246012A5DDC30AB5FED98
:10AB1000377A0B44012C67DCDDED306A9DED317A2C
:10AB2000002E67D1C7ED006A87ED017AC7ED027A82
:10AB3000D8E730AB1FED417A0B442246002A24DAD5
:10AB40004EB3F1EE477AC7ED007ADDED307A77EE5D
:10AB5000C77A31AA01239C4220DA0EB1F1EE677A5E
:10AB6000C7ED017ABEE730AB5FED4E7A0B44002CA7
:10AB700005DA0EB1F1EE677AC7ED007AB2E733ED90
:10AB8000017A013C77EE877AF1E773ED017A013AB9
:10AB900037EE277AD2E7F0EE477AD4E7B2EC017AC3
:10ABA000013377EE877AD6E772ED017AD2ED016A4A
:10ABB00037EEA67A013877EEC77A82ED007A77EE23
:10ABC000A67AC2ED017A9CE773ED017AD3ED016AB2
:10ABD00037EEA67A013A77EEC77A83ED007A77EE00
:10ABE000A67AC3ED017A8FE733ED017A013C77EE67
:10ABF000877A8FE7F1EE666AB1EE477AC7ED006AB1
:10AC000087ED017AF1EE677A90E700BF10EE103A17
:10AC1000C3F3C7527F3A162A23F000412BDC002AE7
:10AC200012DADFED197A30EE270AB5EEC00AF1EE3E
:10AC300010FA06DD002B24DA0029144B08BF4FF070
:10AC4000004300EE103A7047114911410B42FAD00F
:10AC5000DFED0D7A30EE270AB5EEC00AF1EE10FAFC
:10AC6000EFDD002BBEBF4FF4000040FA02F29B184C
:10AC700023EA0103E5E7B1F1FF4FE4D330EE000A28
:10AC800070470023DDE700BFCAF24971000080BFB2
:10AC9000FFFF7F0008B5062000F0FCFA0120BFF797
:10ACA00071FC002301461A46184600F015BC00004E
:10ACB00008B5064B044613B1002100F069FC044BB3
:10ACC0001B6803B198472046BFF75CFC91B50408A8
:10ACD000BC8F0120002310B50446C0E90033C0E951
:10ACE0000433836081814366C281836119460822EF
:10ACF0005C3000F04EFA0D4B63620D4BA3620D4BBE
:10AD0000E3620D4B23630D4B24629C4206D003F19A
:10AD10006802944202D0D0339C4205D104F158001D
:10AD2000BDE8104000F0B7BB10BD00BFB5B00408CF
:10AD3000DBB0040813B1040837B10408848E012085
:10AD4000024A0349034800F0EFB800BF480400205E
:10AD500005C004085804002041680C4B994210B506
:10AD6000044601D001F04EF9A168094B994202D086
:10AD7000204601F047F9E168064B994204D020468D
:10AD8000BDE8104001F03EB910BD00BF848E012027
:10AD9000EC8E0120548F012008B54B6EDA0705D4E4
:10ADA0008B899B0502D4886D00F079FB002008BDDB
:10ADB00008B54B6EDA0705D48B899B0502D4886DE4
:10ADC00000F073FB002008BD10B50B4B0B4C0C4A78
:10ADD0001A60204600220421FFF77CFF04F168007E
:10ADE00001220921FFF776FF04F1D0000222BDE81D
:10ADF00010401221FFF76EBFBC8F0120848E01200E
:10AE000041AD0408014800F04ABB00BFCB8F0120D0
:10AE1000014800F04ABB00BFCB8F0120F8B50746C0
:10AE2000FFF7F0FF234B1B680BB9FFF7CDFF224E56
:10AE3000D6E90134013B0FD53568002D37D14FF4E9
:10AE4000D671384600F06EFC044628BB3060FFF730
:10AE5000DFFF0C233B601BE0B4F90C50D5B9174B56
:10AE6000E36004F15800656600F015FBFFF7D0FFC2
:10AE7000C4E90155C4E904552560A56108222946A5
:10AE800004F15C0000F085F9C4E90D55C4E91255E0
:10AE90002046F8BD6834CDE70423056043600C30DC
:10AEA000A0604FF4D072294600F073F93460366820
:10AEB000BEE700BFBC8F0120480400200100FFFF57
:10AEC00010B50446FFF79EFF236A1BB1BDE8104092
:10AED000FFF79EBF044B2362044B1B68002BF5D188
:10AEE000FFF772FFF2E700BF59AD0408BC8F0120E5
:10AEF00008B5FFF787FFBDE80840024A0249002075
:10AF000000F012B84804002099AD040808B5044ABE
:10AF10000449002000F008F8BDE80840FFF778BFBA
:10AF200048040020B1AD04082DE9F84307468846DF
:10AF300014460026D4E90195B9F1010905D5246824
:10AF4000002CF7D13046BDE8F883AB89012B07D937
:10AF5000B5F90E30013303D029463846C0470643C1
:10AF60006835E9E708B430B5141E9CB0054608DA28
:10AF70008B2303604FF0FF301CB0BDE8304001B0C0
:10AF800070474FF40273ADF814304FF000031B9379
:10AF900014BF04F1FF332346049307934FF6FF7366
:10AFA00002910691ADF816301F9A20AB02A90193C9
:10AFB00000F01CFD431CBCBF8B232B60002CDBD09E
:10AFC000029B00221A70D7E70CB430B5184B0C1E48
:10AFD0001D689DB008DA8B232B604FF0FF301DB049
:10AFE000BDE8304002B070474FF40273ADF8143042
:10AFF0004FF000031B9314BF04F1FF332346049367
:10B0000007934FF6FF7302900690ADF81630209A22
:10B0100021AB02A92846019300F0E8FC431CBCBF09
:10B020008B232B60002CDAD0029B00221A70D6E70B
:10B03000540400200CB410B59CB01EAB02910691D4
:10B040006FF0004107910491084953F8042B0591D2
:10B05000002402A901931B9400F0C8FC029B1C7001
:10B060001CB0BDE8104002B0704700BF0802FFFFEF
:10B070000EB410B59DB01FAB029006906FF000416A
:10B080000A48079104910A4953F8042B05910024BA
:10B0900002A9006801931B9400F0A8FC029B1C709D
:10B0A0001DB0BDE8104003B0704700BF540400203D
:10B0B0000802FFFF10B50C46B1F90E1000F088F938
:10B0C0000028ABBF636DA3891B1823F48053ACBF6A
:10B0D0006365A38110BD002070472DE9F0411F4634
:10B0E0008B89DB0505460C46164605D5B1F90E10D1
:10B0F0000223002200F05AF9A389B4F90E1023F4B8
:10B100008053A38132463B462846BDE8F04100F01B
:10B1100085B910B50C46B1F90E1000F047F9431C83
:10B12000A38915BF606523F4805343F48053A38142
:10B1300018BFA38110BDB1F90E1000F0C9B810B549
:10B1400001390244904201D1002005E0037811F852
:10B15000014FA34201D0181B10BD0130F2E7884215
:10B1600010B501EB020402D98442234607D8431EDE
:10B17000A14208D011F8012B03F8012FF8E702448F
:10B1800001468A4200D110BD13F8014D02F8014D6D
:10B19000F7E702440346934200D1704703F8011BCE
:10B1A000F9E738B5C56B044655B9802100F0BAFA05
:10B1B000E06338B1031F7C3043F8045F8342FBD166
:10B1C000002038BD4FF0FF30FBE71F2970B5044663
:10B1D0000D46164604D9162303604FF0FF3006E0F3
:10B1E000C36B2BB1E36B53F8250043F8256070BDAA
:10B1F000FFF7D7FF0028F5D0EFE71F2938B5054640
:10B200000C4604D9162303604FF0FF3038BDC26BE3
:10B2100012B152F821304BB9284600F0FDF8224611
:10B2200001462846BDE8384000F0E4B8012B0AD0BA
:10B23000591C03D1162303600120E7E7002142F8DF
:10B240002410204698470020E0E71F2938B504461F
:10B250000D4602D94FF0FF3038BDC36B2BB1E26B06
:10B2600052F8253033B90120F6E7FFF79AFF00289E
:10B27000F5D0EFE7591C08D0012B08D00024284650
:10B2800042F8254098472046E6E70220E4E70320FD
:10B29000E2E70000024B01461868FFF7AEBF00BFAF
:10B2A00054040020024B0A4601461868FFF78DBF80
:10B2B00054040020014B1868FFF773BF54040020AA
:10B2C000024B01461868FFF7C0BF00BF54040020BE
:10B2D00038B5064D0023044608462B60BFF774F9C5
:10B2E000431C02D12B6803B1236038BDC08F0120FD
:10B2F0002D4B1B68834270B5044653D0C3691BB302
:10B30000DB6863B10025E369DB685959B1B90435DD
:10B31000802DF8D1E3692046D96800F097F9E369F8
:10B32000196811B1204600F091F9E3699D685DB19B
:10B33000294620462D6800F089F9F8E70E68204676
:10B3400000F084F93146E1E7616911B1204600F06F
:10B350007DF9E16911B1204600F078F9216B11B156
:10B36000204600F073F9616B11B1204600F06EF9D0
:10B37000A16B11B1204600F069F9A16C11B1204612
:10B3800000F064F9616C11B1204600F05FF9E16AE8
:10B3900011B1204600F05AF9236A1BB12046BDE8DE
:10B3A0007040184770BD00BF5404002038B5074DE9
:10B3B00004460846114600222A601A46BFF710F9D3
:10B3C000431C02D12B6803B1236038BDC08F01201C
:10B3D00038B5074D04460846114600222A601A4631
:10B3E000BFF7D6F8431C02D12B6803B1236038BDE8
:10B3F000C08F012038B5074D00230446084611468A
:10B400002B60BFF7B7F8431C02D12B6803B1236050
:10B4100038BD00BFC08F0120BFF7AAB838B5074DAF
:10B4200004460846114600222A601A46BFF7BEF8B5
:10B43000431C02D12B6803B1236038BDC08F0120AB
:10B44000014B1868704700BF5404002070B50D4DC3
:10B450000D4C641BA4100026A64209D10B4D0C4CC8
:10B4600000F090FE641BA4100026A64205D170BD1A
:10B4700055F8043B98470136EEE755F8043B9847EA
:10B480000136F2E778830508788305087883050894
:10B490009083050870477047704770477047704742
:10B4A000012070470120704770477047034611F82C
:10B4B000012B03F8012B002AF9D170470A4491426D
:10B4C00000F1FF3300D1704710B511F8014B03F8BC
:10B4D000014F9142F9D110BD2DE9F843274D0746A0
:10B4E000286891460E469846FFF7D9FF244A14680B
:10B4F0003CB9244B1360244A12B11268C3F8882067
:10B50000204C63681F2B06DD2868FFF7CEFF4FF045
:10B51000FF30BDE8F8832FB3D4F8880068B91B4B1F
:10B52000002BF1D04FF48470BDF762FA0028EBD005
:10B530000023C0E94033C4F88800636840F82390D2
:10B5400001229A4000EB8301D0F800311343C0F888
:10B550000031022FC1F8808002BFD0F804311343BC
:10B56000C0F80431636828685A1C0233626044F8EA
:10B570002360FFF79AFF0020CBE700BFA80400205C
:10B5800058900120CC8F012000000000F1890008B4
:10B590002DE9F74FDFF8AC800190D8F80000DFF814
:10B5A000A8900F46FFF77BFFD9F8005035B9D8F8BF
:10B5B000000003B0BDE8F04FFFF777BF6C68D5F827
:10B5C00088B0661E013405EB84040BF1800A002E5E
:10B5D000EDDB4FB1BBF1000F02D1013E043CF6E7B9
:10B5E0005AF82620BA42F8D1696822680139B14276
:10B5F00016BF00236E602360002AEED06B680093B4
:10B60000BBF1000F07D0DBF80011012303FA06FCA1
:10B610001CEA010F09D190476968009BD9F8002006
:10B620009942C1D19542D8D0BEE7DBF804015BF85E
:10B6300026101CEA000F02D101989047ECE708465B
:10B640009047E9E7A80400205890012038B5054646
:10B65000002941D051F8043C0C1F002BB8BFE4185E
:10B6600000F0E0F81D4A136833B96360146028469F
:10B67000BDE8384000F0DCB8A34208D920682118A2
:10B680008B4201BF19685B6809182160EDE71A4613
:10B690005B680BB1A342FAD911685018A0420BD1D4
:10B6A00020680144501883421160E0D118685B683B
:10B6B000536008441060DAE702D90C232B60D6E708
:10B6C000206821188B4204BF19685B68636004BF5F
:10B6D000091821605460CAE738BD00BF609001209E
:10B6E00070B50F4E0C463168054611B900F0C6FC26
:10B6F00030602146284600F0C1FC431C03D14FF0C6
:10B70000FF34204670BDC41C24F00304A042F8D0CE
:10B71000211A284600F0B2FC0130F2D1EFE700BF59
:10B720005C9001202DE9F843CD1C25F00305083578
:10B730000C2D38BF0C25002D064601DBA94204D98B
:10B740000C2333600020BDE8F883DFF8D48000F0DC
:10B7500069F8D8F800301C4644BB29463046FFF74C
:10B76000BFFF431C044658D1D8F800402746002F9D
:10B7700043D1002C4BD023683946304604EB0309F3
:10B7800000F07CFC814542D121686D1A2946304683
:10B79000FFF7A6FF01303AD023682B442360D8F886
:10B7A00000305A6862BBC8F800700FE02268521B74
:10B7B00020D40B2A17D96119A342256018BF5960FC
:10B7C000636808BFC8F8001062514B60304600F053
:10B7D0002FF804F10B00231D20F00700C21A1CBF34
:10B7E0001B1AA350AFE76268A3420CBFC8F8002041
:10B7F0005A60EBE723466468AEE73C467F68B6E7ED
:10B800001A465B68A342FBD100235360DEE70C239A
:10B810003360304600F00CF894E70560D6E700BFCF
:10B82000609001200148FFF73ABE00BFC88F012099
:10B830000148FFF73ABE00BFC88F01202DE9F0474D
:10B840008E681F46BE420B6882460C4690462DD835
:10B85000B1F90C2012F4906F26D06569096905EBE7
:10B860004505A3EB010905EBD5757B1C4B446D1019
:10B870009D4238BF1D46530527D52946FFF752FF85
:10B88000064660B321694A46FFF718FEA38923F4F0
:10B89000906343F08003A381266165614E44A5EB6C
:10B8A00009052660A5603E46BE4200D93E46206896
:10B8B00032464146FFF753FCA3689B1BA3602368F5
:10B8C000334423600020BDE8F0872A4600F0E6FB01
:10B8D00006460028E0D121695046FFF7B7FE0C2349
:10B8E000CAF80030A38943F04003A3814FF0FF3032
:10B8F000E9E72DE9F74F9368D2F800B001900C46C4
:10B900001746002B57D1002000237B6003B0BDE811
:10B91000F08FDBE900A80BF1080BA6682068B8F1EE
:10B92000000FF6D0B0452ED3B4F90C2012F4906F6E
:10B930002CD021696569A0EB010905EB450505EBF4
:10B94000D57509F101006D104044854238BF0546A8
:10B95000530534D501982946FFF7E4FE0646002832
:10B9600038D04A462169FFF7A9FDA28922F49062E6
:10B9700042F08002A281266165614E44A5EB090573
:10B980002660A5604646464528BF46463246514693
:10B990002068FFF7E4FBA268921BA2602268324491
:10B9A0002260BA68A2EB0803C244BB60002BAAD095
:10B9B0004FF00008B1E74FF0000AD046ADE701981C
:10B9C0002A4600F06BFB06460028D4D12169019875
:10B9D000FFF73CFE019A0C231360A38943F0400358
:10B9E000A3810023BB604FF0FF308DE72DE9F04FBE
:10B9F00098468B891B069DB007460D46144610D508
:10BA00000B6973B94021FFF78DFE2860286130B9BA
:10BA10000C233B604FF0FF301DB0BDE8F08F40239A
:10BA20006B610023099320238DF82930CDF80C8019
:10BA30003023DFF89C818DF82A304FF0010923462E
:10BA40009A4613F8012B0AB1252AF9D1BAEB040B57
:10BA50000BD05B46224629463846FFF7EFFE013001
:10BA600000F0A780099A5A4409929AF80030002BF6
:10BA700000F09F8000234FF0FF32CDE905230AF14B
:10BA8000010A049307938DF853301A935446052204
:10BA900014F8011B4E48BCF74BFF049AD8B9D006E6
:10BAA00044BF20238DF85330110744BF2B238DF85A
:10BAB00053309AF800302A2B15D0079A54460020AC
:10BAC0004FF00A0C214611F8013B303B092B4BD9B2
:10BAD000B0B1079214E0A0EB080309FA03F3134393
:10BAE0000493A246D2E7039B191D1B680391002B08
:10BAF000BBBF5B4242F0020207930793B8BF0492B8
:10BB000023782E2B0AD163782A2B32D1039B1A1D5E
:10BB10001B68039243EAE37302340593DFF8C0A085
:10BB2000217803225046BCF703FF38B1049BA0EBF9
:10BB30000A004022824013430134049314F8011B8D
:10BB400024488DF828100622BCF7F2FE002836D0D3
:10BB5000214B1BBB039B073323F0070308330393DD
:10BB6000099B334409936AE70CFB02320C4601201F
:10BB7000A8E700230134059319464FF00A0C20462C
:10BB800010F8012B303A092A03D9002BC6D00591B1
:10BB9000C4E70CFB012104460123F0E703AB00934B
:10BBA0002A460E4B04A93846AFF30080421C0646D5
:10BBB000D6D1AB895B063FF52DAF09982CE703ABD7
:10BBC00000932A46054B04A9384600F079F8EDE7C2
:10BBD000107F05081A7F0508000000003DB8040822
:10BBE000167F05082DE9F047164698468A680B69C6
:10BBF000DDF820909342B8BF1346336091F843209C
:10BC000007460C460AB1013333602368990642BFE8
:10BC1000336802333360256815F0060506D104F158
:10BC2000190AE36832689B1AAB4226DC94F8433069
:10BC30002268003B18BF012392062BD404F1430273
:10BC400041463846C84701301ED02368226903F0B8
:10BC50000603042B02BFE5683368ED1AA3680CBF26
:10BC600025EAE57500259342C4BF9B1AED1800260E
:10BC70001A34B5421AD1002008E001235246414649
:10BC80003846C847013003D14FF0FF30BDE8F08798
:10BC90000135C6E7E1185A1C302081F843002244E0
:10BCA00094F8451082F843100233C7E70123224677
:10BCB00041463846C8470130E6D00136D9E7000092
:10BCC0002DE9FF470F7E0C9E782F914680460C464B
:10BCD0009A4601F1430207D8622F0AD8002F00F0DC
:10BCE000D180582F00F0B88004F1420684F84270E9
:10BCF0003AE0A7F16303152BF6D801A151F823F020
:10BD000059BD04086DBD0408E9BC0408E9BC040879
:10BD1000E9BC0408E9BC04086DBD0408E9BC0408DA
:10BD2000E9BC0408E9BC0408E9BC04086BBE0408CB
:10BD300097BD040825BE0408E9BC0408E9BC040852
:10BD40008DBE0408E9BC040897BD0408E9BC0408DA
:10BD5000E9BC04082DBE040833681A1D1B68326054
:10BD600004F1420684F8423001239CE033682068E5
:10BD7000191D3160060601D51D6803E04506FBD597
:10BD8000B3F90050002D03DA2D236D4284F84330BF
:10BD900058480A2311E021683368080653F8045B09
:10BDA00002D4490648BFADB26F2F5248336014BF6A
:10BDB0000A230823002184F843106668A660002E39
:10BDC00005DB21682E4321F0040121604BD016468B
:10BDD000B5FBF3F103FB1157C75D06F8017D2F4654
:10BDE000BB420D46F4D9082B0BD12368DF0708D5D9
:10BDF000236961689942DEBF302306F8013C06F1F1
:10BE0000FF36921B2261CDF800A04B4603AA2146C3
:10BE10004046FFF7E7FE01304AD14FF0FF3004B053
:10BE2000BDE8F087236843F0200323603248782779
:10BE300084F84570236831681F0651F8045B02D40A
:10BE40005F0648BFADB23160D90744BF43F020035D
:10BE500023601DB11023ADE72648E9E7236823F0EE
:10BE600020032360F6E71646BDE73368256861695D
:10BE7000181D30602E061B6801D5196002E06806A7
:10BE8000FBD51980002323611646BCE733681A1DD1
:10BE900032601E68626800213046BCF749FD08B177
:10BEA000801B606063682361002384F84330AAE745
:10BEB0002369324649464046D0470130ADD0236819
:10BEC0009B0713D4E068039B9842B8BF1846A6E7C7
:10BED0000123324649464046D04701309DD00135C6
:10BEE000E36803995B1AAB42F2DCEBE7002504F14F
:10BEF0001906F5E7217F0508327F0508B1F90C2006
:10BF00002DE9F041160705460C4654D44B68002B2A
:10BF100002DC0B6C002B48DDE66A002E45D00023C6
:10BF200012F480522F68216A2B6030D0626DA38991
:10BF3000590705D56368D21A636B0BB1236CD21A0B
:10BF40000023E66A216A2846B047431CA38906D12C
:10BF500029681D292BD82A4ACA40D60727D500228E
:10BF60006260D9042269226004D5421C01D12B6889
:10BF700003B96065616B2F60B9B104F14403994264
:10BF800002D02846FFF762FB002363630DE0012324
:10BF90002846B0470246501CC9D12B68002BC6D09A
:10BFA0001D2B01D0162B1ED12F60002022E043F064
:10BFB00040031BB21BE00F69002FF6D093070E68F9
:10BFC00008BF4B690F6018BF0023A6EB07088B6002
:10BFD000B8F1000FE9DD216AA66A43463A462846D1
:10BFE000B047002808DCB4F90C3043F04003A381CB
:10BFF0004FF0FF30BDE8F0810744A8EB0008E7E709
:10C000000100402038B50B6905460C4613B90025E0
:10C01000284638BD18B1036A0BB9FEF751FFB4F9D1
:10C020000C30002BF3D0626ED00704D4990502D4F3
:10C03000A06DFFF734FA28462146FFF75FFF636ED5
:10C04000DA070546E4D4A3899B05E1D4A06DFFF788
:10C050002CFADDE7014620B9044A05490548FEF7F8
:10C0600063BF054B1868FFF7CDBF00BF4804002031
:10C0700005C00408580400205404002038B5064DBB
:10C080000023044608462B60BCF7AAFC431C02D1DF
:10C090002B6803B1236038BDC08F01202DE9F0412A
:10C0A000074614460D4621B9BDE8F0411146FFF799
:10C0B00039BB2AB9FFF7CAFA25462846BDE8F08100
:10C0C00000F01AF88442064602D8B4EB500FF4D8B8
:10C0D00021463846FFF726FB804608B94546ECE77F
:10C0E000B4422246294628BF3246FFF7E7F92946DF
:10C0F0003846FFF7ABFAF1E751F8043C181F002B64
:10C10000BCBF0B58C01870471000000000000000B2
:10C11000017A5200027C0E011B0C0D003800000059
:10C12000180000000CC8FBFF9E00000000510E101C
:10C1300084048503860287015BC7C6C5C40E004C14
:10C140000A420B0A420B0E10840485038602870103
:10C1500051C7C6C5C40E000010000000000000005A
:10C16000017A5200027C0E011B0C0D001000000031
:10C17000180000005CC8FBFF100000000000000079
:10C1800000000000F8B500BFF8BC08BC9E46704730
:0CC19000F8B500BFF8BC08BC9E46704724
:10C19C003E410C41114127413641034106411541B5
:10C1AC000F410E41264113412941024119410A41D7
:10C1BC000B4100007806002024060020D00500204A
:10C1CC004E450300F30000004E450300FF00000045
:10C1DC004E450300010000004E4503000500000021
:10C1EC004E450300040000004E4503000300000010
:10C1FC004E450300010000004E4503000500000001
:10C20C004E4503000200000000000000000000008A
:10C21C0000000000000000004E4503000400000078
:10C22C004E450300030000004E45030006000000CD
:10C23C004E4503000F0000004E4503001F00000098
:10C24C0000000000000000000000000000000000E2
:10C25C000000803F0000803F000000000000000054
:10C26C0000000000000000000000000000000000C2
:10C27C000000803F0000803F000000000000000034
:10C28C0000000000000000000000000000000000A2
:10C29C000000803F0000803F000000000000000014
:10C2AC00000000000100000002000000040000007B
:10C2BC00070000000A0000000D0000001000000044
:10C2CC000000000000000000000000000000000062
:10C2DC000000803F0000803F0000000000000000D4
:10C2EC000000000000000000000000000000000042
:10C2FC000000803F0000803F0000000000000000B4
:10C30C000000000000000000000000000000000021
:10C31C000000803F0000803F000000000000000093
:10C32C000000000000000000000000000000000001
:10C33C000000803F0000803F000000000000000073
:10C34C0000000000000000000000000000000000E1
:10C35C000000803F0000803F000000000000000053
:10C36C0000000000000000000000000000000000C1
:10C37C000000803F0000803F000000000000000033
:10C38C0000000000000000000000000000000000A1
:10C39C000000803F0000803F000000000000000013
:10C3AC0000000000000000000000803F0000803F03
:10C3BC000000000000000000000000000000000071
:10C3CC0000000000000000000000803F0000803FE3
:10C3DC0000000000000000003E410C4111412741CB
:10C3EC0036410341064115410F410E41264113418F
:10C3FC002941024119410A410B4100005F736272ED
:10C40C006B0000006D616C6C6F630000667265659B
:10C41C000000000063616C6C6F6300007265616CFE
:10C42C006C6F6300616C6C6F636174654F72417308
:10C43C0073657274000000006F70657261746F72C6
:10C44C00206E6577000000006F70657261746F720A
:10C45C00206E6577205B5D006672656549664E6F80
:10C46C00744E756C6C000000616C6C6F636174656C
:10C47C004E6F5468726F77006F70657261746F7273
:10C48C002064656C657465006F70657261746F72A1
:10C49C002064656C657465205B5D00005461736B92
:10C4AC00526F7574696E65426168727346696C741B
:10C4BC00657200000D0A535441434B204F564552B0
:10C4CC00464C4F573A2000004576656E74426168C1
:10C4DC00727346696C74657273436F6D706C6574BE
:10C4EC00656400000000000053656D5461736B427D
:10C4FC006168727346696C746572330053656D5470
:10C50C0061736B426168727346696C746572320058
:10C51C0053656D5461736B426168727346696C74D8
:10C52C006572310053656D5461736B356D7300002A
:10C53C0053656D5461736B43616E53656E646572C4
:10C54C000000000053656D5461736B52656365693F
:10C55C00766553636861363354446174610000003E
:10C56C0061736D3333306C6868496E743153656D2B
:10C57C000000000054696D65724379636C69635403
:10C58C0061736B54726967676572000051756575EC
:10C59C00655461736B50726F6365737353796E631B
:10C5AC000000000051756575655461736B426D6DCB
:10C5BC0033353054696D657374616D700000000023
:10C5CC0051756575655461736B4C69733354696D42
:10C5DC00657374616D700000517565756554617398
:10C5EC006B4D6D633539383354696D657374616D9A
:10C5FC007000000051756575655461736B4963700B
:10C60C00323031303054696D655374616D70000097
:10C61C0051756575655461736B4C70733232546926
:10C62C006D655374616D70005175657565546173FA
:10C63C006B426D7033383454696D655374616D7031
:10C64C000000000051756575655461736B426D692E
:10C65C0032373054696D655374616D7000000000A1
:10C66C0051756575655461736B41736D333330541B
:10C67C00696D655374616D700000000051756575CE
:10C68C00655461736B527332333253656E646572E9
:10C69C00000000005461736B50726F6365737353C9
:10C6AC00796E6350756C7365000000005461736B98
:10C6BC00426D6D33353000005461736B4C697333CC
:10C6CC00000000005461736B356D73005461736B23
:10C6DC00426168727346696C7465723300000000C5
:10C6EC005461736B426168727346696C7465723223
:10C6FC00000000005461736B426168727346696C90
:10C70C0074657231000000005461736B4D6D6335BC
:10C71C00393833005461736B31306D730000000095
:10C72C005461736B43616E52656365697665720023
:10C73C005461736B43616E53656E646572000000E7
:10C74C005461736B4963703230313030000000003B
:10C75C005461736B526563656976655363686136C2
:10C76C0033544461746100005461736B4C707332C8
:10C77C00320000005461736B426D7033383400002A
:10C78C005461736B41736D33333000005461736BC0
:10C79C00527332333253656E646572005461736B3D
:10C7AC00426D6932373000005461736B496E6974A5
:10C7BC000000000052756E5461736B496E69740011
:10C7CC0043536F667477617265436F6D706F6E65FE
:10C7DC006E74506F72744261736500000A0A4153A3
:10C7EC0053455254494F4E204641494C45443A20FA
:10C7FC0066756E6374696F6E200000002C206C6986
:10C80C006E6520002E0A000030303031303230336B
:10C81C0030343035303630373038303931303131E2
:10C82C0031323133313431353136313731383139C8
:10C83C0032303231323232333234323532363237C0
:10C84C0032383239333033313332333333343335A6
:10C85C00333633373338333934303431343234338C
:10C86C003434343534363437343834393530353172
:10C87C003532353335343535353635373538353958
:10C88C003630363136323633363436353636363750
:10C89C003638363937303731373237333734373536
:10C8AC00373637373738373938303831383238331C
:10C8BC003834383538363837383838393930393102
:10C8CC0039323933393439353936393739383939E8
:10C8DC000000000028696E7465726E616C3A3A55FE
:10C8EC00496E7450747228656967656E5F756E6108
:10C8FC006C69676E65645F61727261795F61737395
:10C90C006572745F776F726B61726F756E645F675F
:10C91C0063633437286172726179292920262028B3
:10C92C0031352929203D3D203020262620227468CF
:10C93C00697320617373657274696F6E20697320FB
:10C94C006578706C61696E656420686572653A2003
:10C95C00222022687474703A2F2F656967656E2ED9
:10C96C0074757866616D696C792E6F72672F646F60
:10C97C00782D646576656C2F67726F75705F5F5488
:10C98C006F706963556E616C69676E656441727234
:10C99C0061794173736572742E68746D6C222022F8
:10C9AC00202A2A2A2A2052454144205448495320FF
:10C9BC00574542205041474520212121202A2A2A2F
:10C9CC002A220000456967656E3A3A696E74657291
:10C9DC006E616C3A3A706C61696E5F61727261790A
:10C9EC003C542C2053697A652C204D617472697803
:10C9FC004F7241727261794F7074696F6E732C2033
:10CA0C0031363E3A3A706C61696E5F61727261796F
:10CA1C002829205B776974682054203D20666C6F50
:10CA2C0061743B20696E742053697A65203D203413
:10CA3C003B20696E74204D61747269784F7241723B
:10CA4C007261794F7074696F6E73203D20305D0098
:10CA5C002E2E2F2E2E2F2E2E2F39395F3372645FF0
:10CA6C0070617274792F656967656E2D332E342E63
:10CA7C00302F456967656E2F7372632F436F726534
:10CA8C002F44656E736553746F726167652E680011
:10CA9C005343422D3E494353522026205343425F79
:10CAAC00494353525F564543544143544956455F9D
:10CABC004D736B00766F696420446961676E6F73A8
:10CACC007469634D6F6465554152545278496E7464
:10CADC0065727275707448616E646C6572287569E4
:10CAEC006E7431365F742900433A2F557365727337
:10CAFC002F6665646F722F446174612F50726F6A78
:10CB0C006563745F4E452F34315F436F64655F64BA
:10CB1C006576656C6F706D656E745F776F726B2F79
:10CB2C0062616872732D73772F30325F50726F6A47
:10CB3C00656374732F53746D333242616872732F53
:10CB4C005461726765744170705F48575F56332F3C
:10CB5C006273772F7377632D646961676E6F73747B
:10CB6C0069632D6D6F64652F7372632F4344696124
:10CB7C00676E6F737469634D6F6465577261707023
:10CB8C0065722E637070000075496E7374616E630C
:10CB9C0065496E646578203D3D20305500000000ED
:10CBAC00737461746963204352733233324F7574FA
:10CBBC0070757448616E646C6572262043527332D2
:10CBCC0033324F757470757448616E646C65723A6B
:10CBDC003A676574496E7374616E6365496D706C08
:10CBEC0028756E7369676E656420696E7429000020
:10CBFC00433A2F55736572732F6665646F722F44B9
:10CC0C006174612F50726F6A6563745F4E452F3487
:10CC1C00315F436F64655F646576656C6F706D65DD
:10CC2C006E745F776F726B2F62616872732D73779E
:10CC3C002F30325F50726F6A656374732F53746D4B
:10CC4C00333242616872732F54617267657441703C
:10CC5C00705F48575F56332F6273772F7377632D4E
:10CC6C0072733233322D6F75747075742D68616EFA
:10CC7C00646C65722F7372632F4352733233324F6D
:10CC8C00757470757448616E646C65722E63707027
:10CC9C0000000000287553697A65203E2030292059
:10CCAC00262620287553697A65203C3D20736B75C8
:10CCBC004275666665724C656E6774685F29000024
:10CCCC00626F6F6C204352733233324F75747075D0
:10CCDC007448616E646C65723A3A5472616E736D2D
:10CCEC0069744D6573736167652875696E74385F17
:10CCFC00742A2C2075696E7431365F74290000001B
:10CD0C00766F6964204352733233324F7574707589
:10CD1C007448616E646C65723A3A55415254547859
:10CD2C00496E7465727275707448616E646C65726C
:10CD3C002875696E7431365F742900006765744913
:10CD4C006E7374616E6365496D706C00737461749D
:10CD5C006963204353636861363354447269766562
:10CD6C007226204353636861363354447269766586
:10CD7C00723A3A676574496E7374616E6365496D96
:10CD8C00706C28756E7369676E656420696E7429A2
:10CD9C0000000000433A2F55736572732F6665646B
:10CDAC006F722F446174612F50726F6A6563745F88
:10CDBC004E452F34315F436F64655F646576656CF7
:10CDCC006F706D656E745F776F726B2F62616872D6
:10CDDC00732D73772F30325F50726F6A6563747383
:10CDEC002F53746D333242616872732F54617267C2
:10CDFC0065744170705F48575F56332F6273772F9D
:10CE0C007377632D736368613633742D647269763E
:10CE1C0065722F7372632F435363686136335444C6
:10CE2C0072697665722E6370700000002828737525
:10CE3C00436F756E746572202D20315529203E3D4F
:10CE4C002030292026262028287375436F756E7490
:10CE5C006572202D20315529203C206F4C61746562
:10CE6C007374446174617365745F2E6F4D65617387
:10CE7C007572656D656E74735F2E73697A6528299A
:10CE8C0029000000766F6964204353636861363370
:10CE9C00544472697665723A3A506F6C6C53656E95
:10CEAC00736F7228290000002530356425303178E5
:10CEBC002530345800000000676574427573537454
:10CECC00617465004D656D52656164004D656D570B
:10CEDC0072697465000000005472616E736D697440
:10CEEC0000000000526563656976650073746174B7
:10CEFC0069632043426D70333834447269766572CD
:10CF0C00262043426D703338344472697665723A28
:10CF1C003A676574496E7374616E6365496D706CC4
:10CF2C0028756E7369676E656420696E74290000DC
:10CF3C00433A2F55736572732F6665646F722F4475
:10CF4C006174612F50726F6A6563745F4E452F3444
:10CF5C00315F436F64655F646576656C6F706D659A
:10CF6C006E745F776F726B2F62616872732D73775B
:10CF7C002F30325F50726F6A656374732F53746D08
:10CF8C00333242616872732F5461726765744170F9
:10CF9C00705F48575F56332F6273772F7377632D0B
:10CFAC00626D703338342D6472697665722F7372CA
:10CFBC00632F43426D703338344472697665722E38
:10CFCC00637070006F70496E7374616E63650000FE
:10CFDC0073746174696320696E74204343616E4895
:10CFEC00616E646C65723A3A64727653656E64284D
:10CFFC0043616E6173496E7374616E63652A2C2094
:10D00C00696E742C20636F6E73742043616E617350
:10D01C0043616E4672616D652A290000433A2F55B3
:10D02C00736572732F6665646F722F446174612F20
:10D03C0050726F6A6563745F4E452F34315F436F76
:10D04C0064655F646576656C6F706D656E745F7733
:10D05C006F726B2F62616872732D73772F30325F32
:10D06C0050726F6A656374732F53746D33324261FF
:10D07C006872732F5461726765744170705F4857A2
:10D08C005F56332F6273772F7377632D63616E2D29
:10D09C006165726F2F696E632F4343616E48616ED9
:10D0AC00646C65722E680000694966616365203E98
:10D0BC003D203020262620694966616365203C208E
:10D0CC0043414E5F49464143455F434F554E5400E3
:10D0DC006B6F704672616D65000000007374617453
:10D0EC00696320766F69642A204343616E48616EE0
:10D0FC00646C65723A3A7374617469634D616C6CFB
:10D10C006F632843616E6173496E7374616E6365FE
:10D11C002A2C20696E742900433A2F55736572735B
:10D12C002F6665646F722F446174612F50726F6A41
:10D13C006563745F4E452F34315F436F64655F6484
:10D14C006576656C6F706D656E745F776F726B2F43
:10D15C0062616872732D73772F30325F50726F6A11
:10D16C00656374732F53746D333242616872732F1D
:10D17C005461726765744170705F48575F56332F06
:10D18C006273772F7377632D63616E2D6165726F98
:10D19C002F7372632F4343616E48616E646C6572CA
:10D1AC002E637070000000006953697A65203E2080
:10D1BC00300000006F70506C6174666F726D00000F
:10D1CC0073746174696320696E74204343616E48A3
:10D1DC00616E646C65723A3A64727646696C746519
:10D1EC00722843616E6173496E7374616E63652A54
:10D1FC002C20696E742C20636F6E73742043616EE7
:10D20C00617343616E46696C746572436F6E6669D7
:10D21C00672A2C20696E7429000000006B6F704621
:10D22C00696C746572730000694E756D46696C7437
:10D23C00203E20300000000043616E61734D757418
:10D24C0065780000737461746963204343616E48B0
:10D25C00616E646C657226204343616E48616E6436
:10D26C006C65723A3A676574496E7374616E636586
:10D27C00496D706C28756E7369676E656420696E94
:10D28C007429000073746174696320766F6964207B
:10D29C004343616E48616E646C65723A3A526563E1
:10D2AC006569766543616E4672616D657328290008
:10D2BC0030203D3D2063616E6173506172616D4140
:10D2CC00647665727469736528266F72496E73741F
:10D2DC00616E63652E6F43616E6173496E73746129
:10D2EC006E63652C2043414E41535F4E4F445F4467
:10D2FC0045465F424F44595F4C4F4E474954554445
:10D30C00494E414C5F414343454C45524154494F72
:10D31C004E2C2066616C736529000000766972746E
:10D32C0075616C20766F6964204343616E4F757430
:10D33C0070757448616E646C65723A3A496E6974C2
:10D34C0028290000433A2F55736572732F66656464
:10D35C006F722F446174612F50726F6A6563745FD2
:10D36C004E452F34315F436F64655F646576656C41
:10D37C006F706D656E745F776F726B2F6261687220
:10D38C00732D73772F30325F50726F6A65637473CD
:10D39C002F53746D333242616872732F546172670C
:10D3AC0065744170705F48575F56332F6273772FE7
:10D3BC007377632D63616E2D6165726F2F7372636A
:10D3CC002F4343616E4F757470757448616E646C55
:10D3DC0065722E637070000030203D3D2063616EDD
:10D3EC006173506172616D416476657274697365C5
:10D3FC0028266F72496E7374616E63652E6F43617C
:10D40C006E6173496E7374616E63652C2043414E7B
:10D41C0041535F4E4F445F4445465F424F44595F12
:10D42C004C41544552414C5F414343454C4552415C
:10D43C0054494F4E2C2066616C7365290000000026
:10D44C0030203D3D2063616E6173506172616D41AE
:10D45C00647665727469736528266F72496E73748D
:10D46C00616E63652E6F43616E6173496E73746197
:10D47C006E63652C2043414E41535F4E4F445F44D5
:10D48C0045465F424F44595F4E4F524D414C5F41B0
:10D49C004343454C45524154494F4E2C2066616CD8
:10D4AC007365290030203D3D2063616E61735061CE
:10D4BC0072616D41647665727469736528266F724A
:10D4CC00496E7374616E63652E6F43616E6173494F
:10D4DC006E7374616E63652C2043414E41535F4EF5
:10D4EC004F445F4445465F424F44595F5049544353
:10D4FC00485F524154452C2066616C7365290000CD
:10D50C0030203D3D2063616E6173506172616D41ED
:10D51C00647665727469736528266F72496E7374CC
:10D52C00616E63652E6F43616E6173496E737461D6
:10D53C006E63652C2043414E41535F4E4F445F4414
:10D54C0045465F424F44595F524F4C4C5F524154D9
:10D55C00452C2066616C73652900000030203D3D30
:10D56C002063616E6173506172616D4164766572A6
:10D57C007469736528266F72496E7374616E636586
:10D58C002E6F43616E6173496E7374616E63652CAB
:10D59C002043414E41535F4E4F445F4445465F42EA
:10D5AC004F44595F5941575F524154452C20666195
:10D5BC006C7365290000000030203D3D2063616ED6
:10D5CC006173506172616D416476657274697365E3
:10D5DC0028266F72496E7374616E63652E6F43619A
:10D5EC006E6173496E7374616E63652C2043414E9A
:10D5FC0041535F4E4F445F4445465F424F44595F31
:10D60C0050495443485F414E474C452C2066616C51
:10D61C007365290030203D3D2063616E617350615C
:10D62C0072616D41647665727469736528266F72D8
:10D63C00496E7374616E63652E6F43616E617349DD
:10D64C006E7374616E63652C2043414E41535F4E83
:10D65C004F445F4445465F424F44595F524F4C4CD8
:10D66C005F414E474C452C2066616C736529000068
:10D67C0030203D3D2063616E6173506172616D417C
:10D68C00647665727469736528266F72496E73745B
:10D69C00616E63652E6F43616E6173496E73746165
:10D6AC006E63652C2043414E41535F4E4F445F44A3
:10D6BC0045465F414C5449545544455F524154458D
:10D6CC002C2066616C7365290000000030203D3D04
:10D6DC002063616E6173506172616D416476657235
:10D6EC007469736528266F72496E7374616E636515
:10D6FC002E6F43616E6173496E7374616E63652C3A
:10D70C002043414E41535F4E4F445F4445465F4D6D
:10D71C0041474E455449435F48454144494E472C87
:10D72C002066616C7365290030203D3D2063616E7D
:10D73C006173506172616D41647665727469736571
:10D74C0028266F72496E7374616E63652E6F436128
:10D75C006E6173496E7374616E63652C2043414E28
:10D76C0041535F4E4F445F4445465F5354414E44D2
:10D77C004152445F414C5449545544452C206661F8
:10D78C006C7365290000000030203D3D2063616E04
:10D79C006173506172616D41647665727469736511
:10D7AC0028266F72496E7374616E63652E6F4361C8
:10D7BC006E6173496E7374616E63652C2043414EC8
:10D7CC0041535F4E4F445F4445465F535441544967
:10D7DC00435F50524553535552452C2066616C7330
:10D7EC0065290000737461746963204343616E4F53
:10D7FC00757470757448616E646C65722620434351
:10D80C00616E4F757470757448616E646C65723AB4
:10D81C003A676574496E7374616E6365496D706CBB
:10D82C0028756E7369676E656420696E74290000D3
:10D83C0073746174696320434D6D633539383344B7
:10D84C0072697665722620434D6D633539383344E1
:10D85C0072697665723A3A676574496E7374616E73
:10D86C006365496D706C28756E7369676E656420AD
:10D87C00696E742900000000433A2F55736572736A
:10D88C002F6665646F722F446174612F50726F6ADA
:10D89C006563745F4E452F34315F436F64655F641D
:10D8AC006576656C6F706D656E745F776F726B2FDC
:10D8BC0062616872732D73772F30325F50726F6AAA
:10D8CC00656374732F53746D333242616872732FB6
:10D8DC005461726765744170705F48575F56332F9F
:10D8EC006273772F7377632D6D6D63353938332DF4
:10D8FC006472697665722F7372632F434D6D633555
:10D90C003938334472697665722E6370700000008A
:10D91C0073746174696320434174746974756465CC
:10D92C004D6F6E69746F7253776326204341747424
:10D93C0069747564654D6F6E69746F725377633A71
:10D94C003A676574496E7374616E6365496D706C8A
:10D95C0028756E7369676E656420696E74290000A2
:10D96C00433A2F55736572732F6665646F722F443B
:10D97C006174612F50726F6A6563745F4E452F340A
:10D98C00315F436F64655F646576656C6F706D6560
:10D99C006E745F776F726B2F62616872732D737721
:10D9AC002F30325F50726F6A656374732F53746DCE
:10D9BC00333242616872732F7368617265642F61D0
:10D9CC0073772F7377632D61747469747564652D27
:10D9DC006D6F6E69746F722F7372632F4341747421
:10D9EC0069747564654D6F6E69746F725377632ECD
:10D9FC00637070004E41747469747564654D6F6E1C
:10DA0C0069746F724170693A3A43526564756E6419
:10DA1C00616E74496E707574446174613A3A4973FD
:10DA2C0053656E736F72537570706F727465642882
:10DA3C006553656E736F7249642900007374617469
:10DA4C00696320626F6F6C204341747469747564F0
:10DA5C00654D6F6E69746F725377633A3A697341AF
:10DA6C007474697475646544617461536166652886
:10DA7C004E467573696F6E4C6962436F6D6D6F6E58
:10DA8C003A3A4553656E736F7249642C20636F6E1E
:10DA9C007374204E41747469747564654D6F6E694E
:10DAAC00746F724170693A3A434F7574707574446F
:10DABC00617461262900000075496E646578203C0C
:10DACC0020736B7553697A655F000000636F6E732A
:10DADC0074204172726179456C656D656E74547910
:10DAEC0070652620544C6162656C6564417272618C
:10DAFC0079496E7465726E616C3C417272617945E4
:10DB0C006C656D656E74547970652C204C61626522
:10DB1C006C456E756D3E3A3A6F70657261746F72DA
:10DB2C005B5D284C6162656C456E756D2920636F79
:10DB3C006E7374205B7769746820417272617945E9
:10DB4C006C656D656E7454797065203D204E4D6F1B
:10DB5C006E69746F7254797065733A3A534D756C83
:10DB6C00746964696D656E73696F6E616C53696716
:10DB7C006E616C426173653A3A535363616C6172C6
:10DB8C005369676E616C3B204C6162656C456E75C8
:10DB9C006D203D204E41747469747564654D6F6ED3
:10DBAC0069746F724170693A3A5341727261794C7F
:10DBBC006162656C656442794174746974756465FD
:10DBCC005369676E616C733A3A456E756D54797032
:10DBDC00655D0000433A2F55736572732F6665645B
:10DBEC006F722F446174612F50726F6A6563745F3A
:10DBFC004E452F34315F436F64655F646576656CA9
:10DC0C006F706D656E745F776F726B2F6261687287
:10DC1C00732D73772F30325F50726F6A6563747334
:10DC2C002F53746D333242616872732F5461726773
:10DC3C0065744170705F48575F56332F2E2E2F2E10
:10DC4C002E2F2E2E2F30315F4C6962726172792F1C
:10DC5C00486561646572732F426168727353656EB7
:10DC6C00736F72467573696F6E2F544C6162656C7D
:10DC7C00656441727261792E680000006F70657284
:10DC8C0061746F722829000043426168727346699F
:10DC9C006C7465725377630077726974654F757431
:10DCAC00707574546F506F7274000000726561640B
:10DCBC00496D7544617461506F7274004261687291
:10DCCC007346696C746572537763536574496D75EB
:10DCDC00496E7075740000007265616450726573F2
:10DCEC007375726544617461506F7274000000004A
:10DCFC00697350726573737572654D656173757276
:10DD0C00656D656E745361666500000041727261E9
:10DD1C0079456C656D656E74547970652620544C2C
:10DD2C006162656C65644172726179496E74657289
:10DD3C006E616C3C4172726179456C656D656E7497
:10DD4C00547970652C204C6162656C456E756D3E26
:10DD5C003A3A6F70657261746F725B5D284C6162E8
:10DD6C00656C456E756D29205B776974682041720E
:10DD7C00726179456C656D656E7454797065203D82
:10DD8C00204E467573696F6E4C6962436F6D6D6F93
:10DD9C006E3A3A534261726F6D6574657244617488
:10DDAC00613B204C6162656C456E756D203D204E6B
:10DDBC004D6F6E69746F7254797065733A3A535241
:10DDCC006564756E64616E7453656E736F724461D5
:10DDDC007461417272617954656D706C6174653AED
:10DDEC003A456E756D547970655D000041727261D3
:10DDFC0079456C656D656E74547970652620544C4C
:10DE0C006162656C65644172726179496E746572A8
:10DE1C006E616C3C4172726179456C656D656E74B6
:10DE2C00547970652C204C6162656C456E756D3E45
:10DE3C003A3A6F70657261746F725B5D284C616207
:10DE4C00656C456E756D29205B776974682041722D
:10DE5C00726179456C656D656E7454797065203DA1
:10DE6C00204E467573696F6E4C6962436F6D6D6FB2
:10DE7C006E3A3A53496D754D6561737572656D6592
:10DE8C006E743B204C6162656C456E756D203D2057
:10DE9C004E4D6F6E69746F7254797065733A3A5364
:10DEAC00526564756E64616E7453656E736F724403
:10DEBC00617461417272617954656D706C617465E5
:10DECC003A3A456E756D547970655D0066616C7398
:10DEDC0065000000434D61676E6574696348656158
:10DEEC0064696E6746696C7465725377633A3A433A
:10DEFC004D61676E6574696348656164696E6746F8
:10DF0C00696C74657253776328290000433A2F5566
:10DF1C00736572732F6665646F722F446174612F21
:10DF2C0050726F6A6563745F4E452F34315F436F77
:10DF3C0064655F646576656C6F706D656E745F7734
:10DF4C006F726B2F62616872732D73772F30325F33
:10DF5C0050726F6A656374732F53746D3332426100
:10DF6C006872732F7368617265642F6173772F7396
:10DF7C0077632D6D61676E657469632D6865616487
:10DF8C00696E672D66696C7465722F7372632F43AB
:10DF9C004D61676E6574696348656164696E674657
:10DFAC00696C7465725377632E63707000000000A7
:10DFBC0073746174696320434D61676E6574696342
:10DFCC0048656164696E6746696C74657253776302
:10DFDC002620434D61676E657469634865616469A9
:10DFEC006E6746696C7465725377633A3A67657409
:10DFFC00496E7374616E6365496D706C28756E73D0
:10E00C0069676E656420696E7429000073746174AD
:10E01C00696320434D61676E65746F6D65746572DD
:10E02C00436F6D70656E7361746F722620434D6122
:10E03C00676E65746F6D65746572436F6D70656E38
:10E04C007361746F723A3A676574496E7374616E7A
:10E05C006365496D706C28756E7369676E656420B5
:10E06C00696E742900000000433A2F557365727372
:10E07C002F6665646F722F446174612F50726F6AE2
:10E08C006563745F4E452F34315F436F64655F6425
:10E09C006576656C6F706D656E745F776F726B2FE4
:10E0AC0062616872732D73772F30325F50726F6AB2
:10E0BC00656374732F53746D333242616872732FBE
:10E0CC007368617265642F6173772F7377632D6D3D
:10E0DC0061676E65746F6D657465722D636F6D70BD
:10E0EC00656E7361746F722F7372632F434D61672A
:10E0FC006E65746F6D65746572436F6D70656E736C
:10E10C0061746F722E637070000000004350726572
:10E11C007373757265436F6D70656E7361746F7236
:10E12C0000000000777269746550726573737572C4
:10E13C006544617461506F727400000050726573B5
:10E14C0073757265436F6D70656E7361746F725326
:10E15C007763436F6D70656E7361746500000000CA
:10E16C007374617469632043566572746963616C7E
:10E17C004368616E6E656C4D6F6E69746F72537728
:10E18C0063262043566572746963616C4368616EE3
:10E19C006E656C4D6F6E69746F725377633A3A6744
:10E1AC006574496E7374616E6365496D706C287526
:10E1BC006E7369676E656420696E742900000000D7
:10E1CC00433A2F55736572732F6665646F722F44D3
:10E1DC006174612F50726F6A6563745F4E452F34A2
:10E1EC00315F436F64655F646576656C6F706D65F8
:10E1FC006E745F776F726B2F62616872732D7377B9
:10E20C002F30325F50726F6A656374732F53746D65
:10E21C00333242616872732F7368617265642F6167
:10E22C0073772F7377632D766572746963616C2DC8
:10E23C006368616E6E656C2D6D6F6E69746F722F95
:10E24C007372632F43566572746963616C436861C2
:10E25C006E6E656C4D6F6E69746F725377632E635F
:10E26C00707000004E566572746963616C4368612E
:10E27C006E6E656C4D6F6E69746F724170693A3A6F
:10E28C0043526564756E64616E74496E7075744446
:10E29C006174613A3A497353656E736F725375705A
:10E2AC00706F72746564286553656E736F72496420
:10E2BC002900000073746174696320626F6F6C20B5
:10E2CC0043566572746963616C4368616E6E656C0C
:10E2DC004D6F6E69746F725377633A3A6973446128
:10E2EC00746173657453616665284E467573696F06
:10E2FC006E4C6962436F6D6D6F6E3A3A4553656E45
:10E30C00736F7249642C20636F6E7374204E566564
:10E31C0072746963616C4368616E6E656C4D6F6E8F
:10E32C0069746F724170693A3A434F7574707574C1
:10E33C004461746126290000636F6E73742041720E
:10E34C00726179456C656D656E74547970652620C3
:10E35C00544C6162656C65644172726179496E748A
:10E36C0065726E616C3C4172726179456C656D656C
:10E37C006E74547970652C204C6162656C456E75B9
:10E38C006D3E3A3A6F70657261746F725B5D284CCA
:10E39C006162656C456E756D2920636F6E737420B8
:10E3AC005B77697468204172726179456C656D6543
:10E3BC006E7454797065203D204E4D6F6E69746F8C
:10E3CC007254797065733A3A534D756C746964691B
:10E3DC006D656E73696F6E616C5369676E616C42CB
:10E3EC006173653A3A535363616C61725369676E3A
:10E3FC00616C3B204C6162656C456E756D203D20F7
:10E40C004E566572746963616C4368616E6E656CBF
:10E41C004D6F6E69746F724170693A3A5341727202
:10E42C0061794C6162656C65644279566572746998
:10E43C0063616C4368616E6E656C5369676E616C89
:10E44C00733A3A456E756D547970655D0000000045
:10E45C00737461746963204353796E6350756C7384
:10E46C006548616E646C657226204353796E635007
:10E47C00756C736548616E646C65723A3A67657465
:10E48C00496E7374616E6365496D706C28756E733B
:10E49C0069676E656420696E74290000433A2F55D4
:10E4AC00736572732F6665646F722F446174612F8C
:10E4BC0050726F6A6563745F4E452F34315F436FE2
:10E4CC0064655F646576656C6F706D656E745F779F
:10E4DC006F726B2F62616872732D73772F30325F9E
:10E4EC0050726F6A656374732F53746D333242616B
:10E4FC006872732F7368617265642F6273772F7300
:10E50C0077632D73796E632D70756C73652D6861EF
:10E51C006E646C65722F7372632F4353796E635004
:10E52C00756C736548616E646C65722E63707000F7
:10E53C004353657269616C4D6573736167654275B0
:10E54C00696C64657200000043616C63756C617486
:10E55C0065437263000000002530387820200000ED
:10E56C0020202020202530337820200020525452A7
:10E57C000000000020253032780000002020270009
:10E58C0025630000270000004E25303278204425FA
:10E59C00303278205325303278204D253032782097
:10E5AC0020205B25303278202530327820253032FF
:10E5BC007820253032785D004172726179456C6546
:10E5CC006D656E74547970652620544C6162656C6F
:10E5DC0065644172726179496E7465726E616C3CEE
:10E5EC004172726179456C656D656E7454797065B4
:10E5FC002C204C6162656C456E756D3E3A3A6F70BD
:10E60C00657261746F725B5D284C6162656C456EFE
:10E61C00756D29205B776974682041727261794548
:10E62C006C656D656E7454797065203D2043506146
:10E63C00726974794D6F6E69746F723B204C6162B4
:10E64C00656C456E756D203D204E41747469747512
:10E65C0064654D6F6E69746F724170693A3A5341DB
:10E66C00727261794C6162656C6564427941747453
:10E67C0069747564655369676E616C733A3A456E7B
:10E68C00756D547970655D002E2E2F2E2E2F2E2E2B
:10E69C002F30315F4C6962726172792F6170692F12
:10E6AC00544C6162656C656441727261792E6800CC
:10E6BC004172726179456C656D656E7454797065E3
:10E6CC002620544C6162656C6564417272617949B3
:10E6DC006E7465726E616C3C4172726179456C65E9
:10E6EC006D656E74547970652C204C6162656C4557
:10E6FC006E756D3E3A3A6F70657261746F725B5DE8
:10E70C00284C6162656C456E756D29205B77697468
:10E71C0068204172726179456C656D656E745479CF
:10E72C007065203D20434C6F777061737346696C44
:10E73C007465723B204C6162656C456E756D203D55
:10E74C00204E4D6F6E69746F7254797065733A3ADE
:10E75C0053526564756E64616E7453656E736F723B
:10E76C0044617461417272617954656D706C61744D
:10E77C00653A3A456E756D547970655D0000000020
:10E78C00636F6E7374204172726179456C656D654F
:10E79C006E74547970652620544C6162656C6564A6
:10E7AC004172726179496E7465726E616C3C417232
:10E7BC00726179456C656D656E74547970652C2049
:10E7CC004C6162656C456E756D3E3A3A6F70657260
:10E7DC0061746F725B5D284C6162656C456E756D22
:10E7EC002920636F6E7374205B77697468204172A3
:10E7FC00726179456C656D656E7454797065203DF8
:10E80C00204E467573696F6E4C6962436F6D6D6F08
:10E81C006E3A3A5341747469747564654F757470CB
:10E82C007574446174613B204C6162656C456E7516
:10E83C006D203D204E4D6F6E69746F72547970650A
:10E84C00733A3A53526564756E64616E7453656EB7
:10E85C00736F7244617461417272617954656D7049
:10E86C006C6174653A3A456E756D547970655D00EE
:10E87C007374617469635F636173743C5769646535
:10E88C0072547970655F743E2875446966662920F8
:10E89C003C3D207374617469635F636173743C57AE
:10E8AC0069646572547970655F743E287374643A58
:10E8BC003A6E756D657269635F6C696D6974733CF2
:10E8CC00696E7433325F743E3A3A6D617828292947
:10E8DC0000000000696E7433325F74204E4E617616
:10E8EC0069676174696F6E5574696C697469657375
:10E8FC003A3A446966664F66556E7369676E65642D
:10E90C002874556E7369676E6564547970652C2034
:10E91C0074556E7369676E65645479706529205BF4
:10E92C00776974682074556E7369676E6564547981
:10E93C007065203D206C6F6E67206C6F6E67207564
:10E94C006E7369676E656420696E743B20696E74C2
:10E95C0033325F74203D206C6F6E6720696E745D7E
:10E96C00000000002E2E2F2E2E2F2E2E2F30315F3A
:10E97C004C6962726172792F6170692F4E61766990
:10E98C00676174696F6E5574696C69746965732E0F
:10E99C00680000004172726179456C656D656E743A
:10E9AC00547970652620544C6162656C65644172C3
:10E9BC00726179496E7465726E616C3C4172726100
:10E9CC0079456C656D656E74547970652C204C615D
:10E9DC0062656C456E756D3E3A3A6F706572617426
:10E9EC006F725B5D284C6162656C456E756D29209C
:10E9FC005B77697468204172726179456C656D65ED
:10EA0C006E7454797065203D20666C6F61743B2088
:10EA1C004C6162656C456E756D203D204E41747481
:10EA2C0069747564654D6F6E69746F724170693A83
:10EA3C003A5341727261794C6162656C65644279DA
:10EA4C0041747469747564655369676E616C733A6B
:10EA5C003A456E756D547970655D0000696E64653C
:10EA6C0078203E3D203020262620696E6465782073
:10EA7C003C2073697A6528290000000045696765A8
:10EA8C006E3A3A44656E7365436F656666734261B0
:10EA9C0073653C446572697665642C20313E3A3A64
:10EAAC005363616C61722620456967656E3A3A441E
:10EABC00656E7365436F65666673426173653C444E
:10EACC006572697665642C20313E3A3A6F706572D6
:10EADC0061746F72282928456967656E3A3A496EE8
:10EAEC0064657829205B776974682044657269765F
:10EAFC006564203D20456967656E3A3A4D617472D4
:10EB0C0069783C666C6F61742C20332C20313E3B51
:10EB1C00205363616C6172203D20666C6F61743BA5
:10EB2C0020456967656E3A3A496E646578203D20E8
:10EB3C00696E745D000000002E2E2F2E2E2F2E2EAF
:10EB4C002F39395F3372645F70617274792F656924
:10EB5C0067656E2D332E342E302F456967656E2F09
:10EB6C007372632F436F72652F44656E7365436FC9
:10EB7C0065666673426173652E680000417272614E
:10EB8C0079456C656D656E74547970652620544CAE
:10EB9C006162656C65644172726179496E7465720B
:10EBAC006E616C3C4172726179456C656D656E7419
:10EBBC00547970652C204C6162656C456E756D3EA8
:10EBCC003A3A6F70657261746F725B5D284C61626A
:10EBDC00656C456E756D29205B7769746820417290
:10EBEC00726179456C656D656E7454797065203D04
:10EBFC00204E4D6F6E69746F7254797065733A3A2A
:10EC0C0045446574656374696F6E526573756C7495
:10EC1C003B204C6162656C456E756D203D204E410C
:10EC2C00747469747564654D6F6E69746F7241703C
:10EC3C00693A3A5341727261794C6162656C6564F0
:10EC4C00427941747469747564655369676E616C5B
:10EC5C00733A3A456E756D547970655D000000002D
:10EC6C00286F724661756C747953656E736F724957
:10EC7C006E64696365735B655369676E616C5D2077
:10EC8C003E3D20302920262620286F724661756C67
:10EC9C00747953656E736F72496E64696365735BE7
:10ECAC00655369676E616C5D203C20737461746997
:10ECBC00635F636173743C696E743E28455265648E
:10ECCC00756E64616E7453656E736F724C616265C0
:10ECDC006C733A3A65436F756E7429290000000015
:10ECEC00766F6964205453656E736F724D6F6E69E5
:10ECFC00746F723C4D6F6E69746F72506F6C696398
:10ED0C00793E3A3A707265706172654F75747075C0
:10ED1C007428636F6E737420526564756E64616ED3
:10ED2C0074496E70757444617461262C204F75742F
:10ED3C00707574446174612629205B77697468204E
:10ED4C004D6F6E69746F72506F6C696379203D20E2
:10ED5C004341747469747564654D6F6E69746F7238
:10ED6C00506F6C6963793B20526564756E64616E9B
:10ED7C0074496E70757444617461203D204E4D6F02
:10ED8C006E69746F7254797065733A3A5452656453
:10ED9C00756E64616E7453656E736F7244617461E9
:10EDAC003C4E467573696F6E4C6962436F6D6D6F47
:10EDBC006E3A3A5341747469747564654F75747026
:10EDCC007574446174612C204E467573696F6E4C7A
:10EDDC006962436F6D6D6F6E3A3A4553656E736F32
:10EDEC007249643A3A65426168727346696C74653B
:10EDFC0072312C204E467573696F6E4C6962436F8D
:10EE0C006D6D6F6E3A3A4553656E736F7249643A25
:10EE1C003A65426168727346696C746572322C2073
:10EE2C004E467573696F6E4C6962436F6D6D6F6E94
:10EE3C003A3A4553656E736F7249643A3A6542616A
:10EE4C0068727346696C746572333E3B204F7574FF
:10EE5C0070757444617461203D204E4D6F6E697401
:10EE6C006F7254797065733A3A544D756C74696469
:10EE7C00696D656E73696F6E616C5369676E616CF9
:10EE8C003C4E41747469747564654D6F6E69746F32
:10EE9C00724170693A3A5341727261794C616265A0
:10EEAC006C656442794174746974756465536967FF
:10EEBC006E616C733E5D0000433A2F55736572733F
:10EECC002F6665646F722F446174612F50726F6A84
:10EEDC006563745F4E452F34315F436F64655F64C7
:10EEEC006576656C6F706D656E745F776F726B2F86
:10EEFC0062616872732D73656E736F722D667573B4
:10EF0C00696F6E2D6C69622F30315F4C6962726172
:10EF1C0072792F7372632F5453656E736F724D6FCA
:10EF2C006E69746F722E68007546696C74657249EF
:10EF3C006E646578203C2042414852535F46494CF0
:10EF4C005445525F434F554E540000004342616894
:10EF5C00727346696C74657226204E4261687273D6
:10EF6C0046696C7465724170693A3A4E42616872D6
:10EF7C007356323A3A7B616E6F6E796D6F75737D35
:10EF8C003A3A67657446696C746572496E7374615C
:10EF9C006E63652875696E7433325F7429000000E6
:10EFAC00433A2F55736572732F6665646F722F44E5
:10EFBC006174612F50726F6A6563745F4E452F34B4
:10EFCC00315F436F64655F646576656C6F706D650A
:10EFDC006E745F776F726B2F62616872732D7365DD
:10EFEC006E736F722D667573696F6E2D6C69622FFF
:10EFFC0030315F4C6962726172792F7372632F4288
:10F00C006168727346696C7465724170692E6370C5
:10F01C007000000043426168727346696C746572DB
:10F02C0026204E426168727346696C746572417039
:10F03C00693A3A4E426168727356333A3A7B616E62
:10F04C006F6E796D6F75737D3A3A67657446696C4E
:10F05C00746572496E7374616E63652875696E743C
:10F06C0033325F7429000000636F6E737420417239
:10F07C00726179456C656D656E7454797065262086
:10F08C00544C6162656C65644172726179496E744D
:10F09C0065726E616C3C4172726179456C656D652F
:10F0AC006E74547970652C204C6162656C456E757C
:10F0BC006D3E3A3A6F70657261746F725B5D284C8D
:10F0CC006162656C456E756D2920636F6E7374207B
:10F0DC005B77697468204172726179456C656D6506
:10F0EC006E7454797065203D204E467573696F6E51
:10F0FC004C6962436F6D6D6F6E3A3A534261726F39
:10F10C006D65746572446174613B204C6162656C21
:10F11C00456E756D203D204E4D6F6E69746F725447
:10F12C00797065733A3A53526564756E64616E74A6
:10F13C0053656E736F72446174614172726179547C
:10F14C00656D706C6174653A3A456E756D54797085
:10F15C00655D000073746174696320666C6F617423
:10F16C0020434261726F6D657465724D6F6E697488
:10F17C006F72506F6C6963793C53656E736F724933
:10F18C0064312C2053656E736F724964322C20539A
:10F19C00656E736F724964333E3A3A6765745363B4
:10F1AC00616C61725369676E616C42794C61626526
:10F1BC006C496D706C28636F6E7374204E4675735A
:10F1CC00696F6E4C6962436F6D6D6F6E3A3A534264
:10F1DC0061726F6D6574657244617461262C204E8A
:10F1EC004261726F4D6F6E69746F724170693A3A19
:10F1FC005341727261794C6162656C6564427950FD
:10F20C00726573737572655369676E616C3A3A45D2
:10F21C006E756D5479706529205B77697468204E22
:10F22C00467573696F6E4C6962436F6D6D6F6E3AA4
:10F23C003A4553656E736F7249642053656E736FF4
:10F24C0072496431203D204E467573696F6E4C696E
:10F25C0062436F6D6D6F6E3A3A4553656E736F72A4
:10F26C0049643A3A65426D703338343B204E4675EA
:10F27C0073696F6E4C6962436F6D6D6F6E3A3A4590
:10F28C0053656E736F7249642053656E736F724968
:10F29C006432203D204E467573696F6E4C69624333
:10F2AC006F6D6D6F6E3A3A4553656E736F7249644C
:10F2BC003A3A6549636D32303738394261726F3191
:10F2CC003B204E467573696F6E4C6962436F6D6D72
:10F2DC006F6E3A3A4553656E736F7249642053658D
:10F2EC006E736F72496433203D204E467573696F9F
:10F2FC006E4C6962436F6D6D6F6E3A3A4553656E35
:10F30C00736F7249643A3A6549636D3230373839F4
:10F31C004261726F325D0000433A2F557365727310
:10F32C002F6665646F722F446174612F50726F6A1F
:10F33C006563745F4E452F34315F436F64655F6462
:10F34C006576656C6F706D656E745F776F726B2F21
:10F35C0062616872732D73656E736F722D6675734F
:10F36C00696F6E2D6C69622F30315F4C696272610E
:10F37C0072792F7372632F434261726F6D6574657E
:10F38C00724D6F6E69746F722E68000041727261FB
:10F39C0079456C656D656E74547970652620544C96
:10F3AC006162656C65644172726179496E746572F3
:10F3BC006E616C3C4172726179456C656D656E7401
:10F3CC00547970652C204C6162656C456E756D3E90
:10F3DC003A3A6F70657261746F725B5D284C616252
:10F3EC00656C456E756D29205B7769746820417278
:10F3FC00726179456C656D656E7454797065203DEC
:10F40C0020666C6F61743B204C6162656C456E7557
:10F41C006D203D204E4261726F4D6F6E69746F723C
:10F42C004170693A3A5341727261794C6162656C10
:10F43C006564427950726573737572655369676E52
:10F44C00616C3A3A456E756D547970655D000000DB
:10F45C0073746174696320666C6F617420434261DC
:10F46C00726F6D657465724D6F6E69746F72506FEB
:10F47C006C6963793C53656E736F724964312C20EF
:10F48C0053656E736F724964322C2053656E736FC3
:10F49C00724964333E3A3A6765745369676E616CBE
:10F4AC0056617269616E6365496D706C284E467564
:10F4BC0073696F6E4C6962436F6D6D6F6E3A3A454E
:10F4CC0053656E736F7249642C204E4261726F4D9E
:10F4DC006F6E69746F724170693A3A53417272611E
:10F4EC00794C6162656C65644279507265737375B1
:10F4FC0072655369676E616C3A3A456E756D5479F5
:10F50C0070652C20636F6E737420747970656E61F6
:10F51C006D65204342617365436C6173733A3A4382
:10F52C004D6561737572656D656E742629205B7708
:10F53C00697468204E467573696F6E4C6962436FCF
:10F54C006D6D6F6E3A3A4553656E736F72496420F8
:10F55C0053656E736F72496431203D204E4675734E
:10F56C00696F6E4C6962436F6D6D6F6E3A3A4553BD
:10F57C00656E736F7249643A3A65426D7033383414
:10F58C003B204E467573696F6E4C6962436F6D6DAF
:10F59C006F6E3A3A4553656E736F724964205365CA
:10F5AC006E736F72496432203D204E467573696FDD
:10F5BC006E4C6962436F6D6D6F6E3A3A4553656E72
:10F5CC00736F7249643A3A6549636D323037383932
:10F5DC004261726F313B204E467573696F6E4C6998
:10F5EC0062436F6D6D6F6E3A3A4553656E736F7211
:10F5FC0049642053656E736F72496433203D204E0D
:10F60C00467573696F6E4C6962436F6D6D6F6E3AC0
:10F61C003A4553656E736F7249643A3A6549636D46
:10F62C0032303738394261726F323B2074797065F1
:10F63C006E616D65204342617365436C6173733A0F
:10F64C003A434D6561737572656D656E74203D202E
:10F65C004E467573696F6E4C6962436F6D6D6F6E5C
:10F66C003A3A534261726F6D6574657244617461AC
:10F67C003B204342617365436C617373203D20549E
:10F68C004D6F6E69746F72506F6C69637942617300
:10F69C00653C434261726F6D657465724D6F6E6946
:10F6AC00746F72506F6C6963793C4E467573696FF9
:10F6BC006E4C6962436F6D6D6F6E3A3A4553656E71
:10F6CC00736F7249643A3A65426D703338342C204A
:10F6DC004E467573696F6E4C6962436F6D6D6F6EDC
:10F6EC003A3A4553656E736F7249643A3A654963A9
:10F6FC006D32303738394261726F312C204E46757D
:10F70C0073696F6E4C6962436F6D6D6F6E3A3A45FB
:10F71C0053656E736F7249643A3A6549636D323062
:10F72C003738394261726F323E2C204E4675736900
:10F73C006F6E4C6962436F6D6D6F6E3A3A534261F6
:10F74C00726F6D65746572446174612C204E4675E0
:10F75C0073696F6E4C6962436F6D6D6F6E3A3A45AB
:10F76C0053656E736F7249643A3A65426D70333803
:10F77C00342C204E467573696F6E4C6962436F6D05
:10F78C006D6F6E3A3A4553656E736F7249643A3ACF
:10F79C006549636D32303738394261726F312C20D4
:10F7AC004E467573696F6E4C6962436F6D6D6F6E0B
:10F7BC003A3A4553656E736F7249643A3A654963D8
:10F7CC006D32303738394261726F322C204E4261C3
:10F7DC00726F4D6F6E69746F724170693A3A534132
:10F7EC00727261794C6162656C65644279507265C4
:10F7FC0073737572655369676E616C2C2032353E7C
:10F80C005D0000004172726179456C656D656E74C6
:10F81C00547970652620544C6162656C6564417244
:10F82C00726179496E7465726E616C3C4172726181
:10F83C0079456C656D656E74547970652C204C61DE
:10F84C0062656C456E756D3E3A3A6F7065726174A7
:10F85C006F725B5D284C6162656C456E756D29201D
:10F86C005B77697468204172726179456C656D656E
:10F87C006E7454797065203D2043506172697479BF
:10F88C004D6F6E69746F723B204C6162656C456E96
:10F89C00756D203D204E4261726F4D6F6E69746FB5
:10F8AC00724170693A3A5341727261794C61626586
:10F8BC006C656442795072657373757265536967D0
:10F8CC006E616C3A3A456E756D547970655D0000E9
:10F8DC004172726179456C656D656E7454797065B1
:10F8EC002620544C6162656C656441727261794981
:10F8FC006E7465726E616C3C4172726179456C65B7
:10F90C006D656E74547970652C204C6162656C4524
:10F91C006E756D3E3A3A6F70657261746F725B5DB5
:10F92C00284C6162656C456E756D29205B77697436
:10F93C0068204172726179456C656D656E7454799D
:10F94C007065203D204E4D6F6E69746F72547970E6
:10F95C0065733A3A45446574656374696F6E5265B4
:10F96C0073756C743B204C6162656C456E756D20D3
:10F97C003D204E4261726F4D6F6E69746F724170B3
:10F98C00693A3A5341727261794C6162656C656493
:10F99C00427950726573737572655369676E616CE9
:10F9AC003A3A456E756D547970655D00766F696491
:10F9BC00205453656E736F724D6F6E69746F723C29
:10F9CC004D6F6E69746F72506F6C6963793E3A3A21
:10F9DC00707265706172654F757470757428636FA1
:10F9EC006E737420526564756E64616E74496E70CA
:10F9FC00757444617461262C204F75747075744451
:10FA0C006174612629205B77697468204D6F6E697B
:10FA1C00746F72506F6C696379203D204342617240
:10FA2C006F6D657465724D6F6E69746F72506F6C2B
:10FA3C006963793C4E467573696F6E4C6962436FAE
:10FA4C006D6D6F6E3A3A4553656E736F7249643AD9
:10FA5C003A65426D703338342C204E467573696F9D
:10FA6C006E4C6962436F6D6D6F6E3A3A4553656EBD
:10FA7C00736F7249643A3A6549636D32303738397D
:10FA8C004261726F312C204E467573696F6E4C69F2
:10FA9C0062436F6D6D6F6E3A3A4553656E736F725C
:10FAAC0049643A3A6549636D32303738394261728C
:10FABC006F323E3B20526564756E64616E74496EA4
:10FACC0070757444617461203D204E4D6F6E697485
:10FADC006F7254797065733A3A54526564756E64FA
:10FAEC00616E7453656E736F72446174613C4E4603
:10FAFC007573696F6E4C6962436F6D6D6F6E3A3AD8
:10FB0C00534261726F6D65746572446174612C202F
:10FB1C004E467573696F6E4C6962436F6D6D6F6E97
:10FB2C003A3A4553656E736F7249643A3A65426D61
:10FB3C00703338342C204E467573696F6E4C696285
:10FB4C00436F6D6D6F6E3A3A4553656E736F7249C4
:10FB5C00643A3A6549636D32303738394261726FB5
:10FB6C00312C204E467573696F6E4C6962436F6D14
:10FB7C006D6F6E3A3A4553656E736F7249643A3ADB
:10FB8C006549636D32303738394261726F323E3BB2
:10FB9C00204F757470757444617461203D204E4D16
:10FBAC006F6E69746F7254797065733A3A544D750F
:10FBBC006C746964696D656E73696F6E616C5369A1
:10FBCC00676E616C3C4E4261726F4D6F6E69746F03
:10FBDC00724170693A3A5341727261794C61626553
:10FBEC006C6564427950726573737572655369679D
:10FBFC006E616C3E5D000000737461746963206615
:10FC0C006C6F617420434261726F6D657465724DE7
:10FC1C006F6E69746F72506F6C6963793C53656E6B
:10FC2C00736F724964312C2053656E736F72496423
:10FC3C00322C2053656E736F724964333E3A3A67C7
:10FC4C0065745363616C61725369676E616C427960
:10FC5C004C6162656C496D706C28636F6E737420B7
:10FC6C004E467573696F6E4C6962436F6D6D6F6E46
:10FC7C003A3A534261726F6D657465724461746196
:10FC8C00262C204E4261726F4D6F6E69746F7241FB
:10FC9C0070693A3A5341727261794C6162656C6574
:10FCAC0064427950726573737572655369676E61DE
:10FCBC006C3A3A456E756D5479706529205B77699D
:10FCCC007468204E467573696F6E4C6962436F6D34
:10FCDC006D6F6E3A3A4553656E736F72496420537B
:10FCEC00656E736F72496431203D204E46757369A1
:10FCFC006F6E4C6962436F6D6D6F6E3A3A4553652A
:10FD0C006E736F7249643A3A6549637032303130C0
:10FD1C00303B204E467573696F6E4C6962436F6D54
:10FD2C006D6F6E3A3A4553656E736F72496420532A
:10FD3C00656E736F72496432203D204E467573694F
:10FD4C006F6E4C6962436F6D6D6F6E3A3A455365D9
:10FD5C006E736F7249643A3A65426D703338343B56
:10FD6C00204E467573696F6E4C6962436F6D6D6F93
:10FD7C006E3A3A4553656E736F7249642053656EE3
:10FD8C00736F72496433203D204E467573696F6EF4
:10FD9C004C6962436F6D6D6F6E3A3A4553656E7385
:10FDAC006F7249643A3A654C707332325D000000F0
:10FDBC0073746174696320666C6F61742043426173
:10FDCC00726F6D657465724D6F6E69746F72506F82
:10FDDC006C6963793C53656E736F724964312C2086
:10FDEC0053656E736F724964322C2053656E736F5A
:10FDFC00724964333E3A3A6765745369676E616C55
:10FE0C0056617269616E6365496D706C284E4675FA
:10FE1C0073696F6E4C6962436F6D6D6F6E3A3A45E4
:10FE2C0053656E736F7249642C204E4261726F4D34
:10FE3C006F6E69746F724170693A3A5341727261B4
:10FE4C00794C6162656C6564427950726573737547
:10FE5C0072655369676E616C3A3A456E756D54798B
:10FE6C0070652C20636F6E737420747970656E618D
:10FE7C006D65204342617365436C6173733A3A4319
:10FE8C004D6561737572656D656E742629205B779F
:10FE9C00697468204E467573696F6E4C6962436F66
:10FEAC006D6D6F6E3A3A4553656E736F724964208F
:10FEBC0053656E736F72496431203D204E467573E5
:10FECC00696F6E4C6962436F6D6D6F6E3A3A455354
:10FEDC00656E736F7249643A3A65496370323031BA
:10FEEC0030303B204E467573696F6E4C6962436FC0
:10FEFC006D6D6F6E3A3A4553656E736F724964203F
:10FF0C0053656E736F72496432203D204E46757393
:10FF1C00696F6E4C6962436F6D6D6F6E3A3A455303
:10FF2C00656E736F7249643A3A65426D703338345A
:10FF3C003B204E467573696F6E4C6962436F6D6DF5
:10FF4C006F6E3A3A4553656E736F72496420536510
:10FF5C006E736F72496433203D204E467573696F22
:10FF6C006E4C6962436F6D6D6F6E3A3A4553656EB8
:10FF7C00736F7249643A3A654C707332323B207439
:10FF8C007970656E616D65204342617365436C6188
:10FF9C0073733A3A434D6561737572656D656E7432
:10FFAC00203D204E467573696F6E4C6962436F6DD0
:10FFBC006D6F6E3A3A534261726F6D65746572443F
:10FFCC006174613B204342617365436C61737320C0
:10FFDC003D20544D6F6E69746F72506F6C6963790C
:10FFEC00426173653C434261726F6D657465724D1D
:04FFFC006F6E697447
:020000040805ED
:100000006F72506F6C6963793C4E467573696F6EA1
:100010004C6962436F6D6D6F6E3A3A4553656E730E
:100020006F7249643A3A6549637032303130302C2E
:10003000204E467573696F6E4C6962436F6D6D6FCC
:100040006E3A3A4553656E736F7249643A3A654247
:100050006D703338342C204E467573696F6E4C6961
:1000600062436F6D6D6F6E3A3A4553656E736F7292
:1000700049643A3A654C707332323E2C204E4675D4
:1000800073696F6E4C6962436F6D6D6F6E3A3A5370
:100090004261726F6D65746572446174612C204EAB
:1000A000467573696F6E4C6962436F6D6D6F6E3A22
:1000B0003A4553656E736F7249643A3A65496370A5
:1000C00032303130302C204E467573696F6E4C697A
:1000D00062436F6D6D6F6E3A3A4553656E736F7222
:1000E00049643A3A65426D703338342C204E467577
:1000F00073696F6E4C6962436F6D6D6F6E3A3A450E
:1001000053656E736F7249643A3A654C707332325C
:100110002C204E4261726F4D6F6E69746F72417028
:10012000693A3A5341727261794C6162656C6564F7
:10013000427950726573737572655369676E616C4D
:100140002C2032353E5D0000766F69642054536583
:100150006E736F724D6F6E69746F723C4D6F6E6926
:10016000746F72506F6C6963793E3A3A7072657061
:100170006172654F757470757428636F6E73742047
:10018000526564756E64616E74496E707574446115
:100190007461262C204F75747075744461746126E7
:1001A00029205B77697468204D6F6E69746F725097
:1001B0006F6C696379203D20434261726F6D657495
:1001C00065724D6F6E69746F72506F6C6963793CC4
:1001D0004E467573696F6E4C6962436F6D6D6F6EDD
:1001E0003A3A4553656E736F7249643A3A654963AA
:1001F0007032303130302C204E467573696F6E4C42
:100200006962436F6D6D6F6E3A3A4553656E736FF9
:100210007249643A3A65426D703338342C204E4648
:100220007573696F6E4C6962436F6D6D6F6E3A3AAC
:100230004553656E736F7249643A3A654C70733218
:10024000323E3B20526564756E64616E74496E7017
:10025000757444617461203D204E4D6F6E69746FFA
:100260007254797065733A3A54526564756E64617C
:100270006E7453656E736F72446174613C4E467563
:1002800073696F6E4C6962436F6D6D6F6E3A3A536E
:100290004261726F6D65746572446174612C204EA9
:1002A000467573696F6E4C6962436F6D6D6F6E3A20
:1002B0003A4553656E736F7249643A3A65496370A3
:1002C00032303130302C204E467573696F6E4C6978
:1002D00062436F6D6D6F6E3A3A4553656E736F7220
:1002E00049643A3A65426D703338342C204E467575
:1002F00073696F6E4C6962436F6D6D6F6E3A3A450C
:1003000053656E736F7249643A3A654C707332325A
:100310003E3B204F757470757444617461203D20BC
:100320004E4D6F6E69746F7254797065733A3A54BA
:100330004D756C746964696D656E73696F6E616C1F
:100340005369676E616C3C4E4261726F4D6F6E69AE
:10035000746F724170693A3A5341727261794C61BB
:1003600062656C656442795072657373757265532A
:1003700069676E616C3E5D007374617469632066C9
:100380006C6F6174204341747469747564654D6F5A
:100390006E69746F72506F6C6963793A3A6765740D
:1003A0005363616C61725369676E616C42794C6131
:1003B00062656C496D706C28636F6E7374204E4675
:1003C0007573696F6E4C6962436F6D6D6F6E3A3A0B
:1003D0005341747469747564654F757470757444B1
:1003E000617461262C204E41747469747564654D86
:1003F0006F6E69746F724170693A3A5341727261FB
:10040000794C6162656C6564427941747469747594
:1004100064655369676E616C733A3A456E756D54E5
:100420007970652900000000433A2F557365727397
:100430002F6665646F722F446174612F50726F6A0A
:100440006563745F4E452F34315F436F64655F644D
:100450006576656C6F706D656E745F776F726B2F0C
:1004600062616872732D73656E736F722D6675733A
:10047000696F6E2D6C69622F30315F4C69627261F9
:1004800072792F7372632F43417474697475646554
:100490004D6F6E69746F722E637070007374617447
:1004A000696320666C6F617420434174746974756C
:1004B00064654D6F6E69746F72506F6C6963793AE1
:1004C0003A6765745369676E616C56617269616EF3
:1004D0006365496D706C284E467573696F6E4C6923
:1004E00062436F6D6D6F6E3A3A4553656E736F720E
:1004F00049642C204E41747469747564654D6F6E47
:1005000069746F724170693A3A5341727261794C01
:100510006162656C6564427941747469747564657F
:100520005369676E616C733A3A456E756D547970B4
:10053000652C20636F6E737420544D6F6E69746FF9
:1005400072506F6C696379426173653C43417474A6
:1005500069747564654D6F6E69746F72506F6C6904
:1005600063792C204E467573696F6E4C6962436FD8
:100570006D6D6F6E3A3A5341747469747564654F6A
:100580007574707574446174612C204E467573697E
:100590006F6E4C6962436F6D6D6F6E3A3A4553658D
:1005A0006E736F7249643A3A654261687273466964
:1005B0006C746572312C204E467573696F6E4C6990
:1005C00062436F6D6D6F6E3A3A4553656E736F722D
:1005D00049643A3A65426168727346696C7465723F
:1005E000322C204E467573696F6E4C6962436F6D95
:1005F0006D6F6E3A3A4553656E736F7249643A3A5D
:1006000065426168727346696C746572332C204E62
:1006100041747469747564654D6F6E69746F72416D
:1006200070693A3A5341727261794C6162656C65E6
:1006300064427941747469747564655369676E6165
:100640006C732C203130303E3A3A434D65617375FE
:1006500072656D656E742629000000007374617404
:10066000696320666C6F61742043417474697475AA
:1006700064654D6F6E69746F72506F6C6963793A1F
:100680003A67657446696C74657265645369676E30
:10069000616C56617269616E6365496D706C284E5C
:1006A000467573696F6E4C6962436F6D6D6F6E3A1C
:1006B0003A4553656E736F7249642C204E417474D1
:1006C00069747564654D6F6E69746F724170693AD3
:1006D0003A5341727261794C6162656C656442792A
:1006E00041747469747564655369676E616C733ABB
:1006F0003A456E756D547970652C20636F6E737416
:1007000020544D6F6E69746F72506F6C69637942DB
:100710006173653C4341747469747564654D6F6EB3
:1007200069746F72506F6C6963792C204E467573D3
:10073000696F6E4C6962436F6D6D6F6E3A3A5341EB
:10074000747469747564654F7574707574446174FC
:10075000612C204E467573696F6E4C6962436F6DF4
:100760006D6F6E3A3A4553656E736F7249643A3AEB
:1007700065426168727346696C746572312C204EF3
:10078000467573696F6E4C6962436F6D6D6F6E3A3B
:100790003A4553656E736F7249643A3A65426168CF
:1007A000727346696C746572322C204E467573699B
:1007B0006F6E4C6962436F6D6D6F6E3A3A4553656B
:1007C0006E736F7249643A3A654261687273466942
:1007D0006C746572332C204E417474697475646551
:1007E0004D6F6E69746F724170693A3A534172721B
:1007F00061794C6162656C656442794174746974B5
:100800007564655369676E616C732C203130303EBE
:100810003A3A435363616C61725369676E616C73FA
:100820002629000073746174696320435061726902
:1008300074794D6F6E69746F723A3A535061726198
:100840006D65746572732043417474697475646571
:100850004D6F6E69746F72506F6C6963793A3A6765
:1008600065745061726974794D6F6E69746F7250FE
:100870006172616D6574657273496D706C284E416B
:10088000747469747564654D6F6E69746F724170CC
:10089000693A3A5341727261794C6162656C656480
:1008A000427941747469747564655369676E616CEB
:1008B000733A3A456E756D547970652900000000F1
:1008C000726F77203E3D203020262620726F7720E1
:1008D0003C20726F7773282920262620636F6C20B6
:1008E0003E3D203020262620636F6C203C20636F25
:1008F0006C73282900000000456967656E3A3A4428
:10090000656E7365436F65666673426173653C44EB
:100910006572697665642C20313E3A3A5363616CA6
:1009200061722620456967656E3A3A44656E736563
:10093000436F65666673426173653C4465726976B0
:1009400065642C20313E3A3A6F70657261746F7243
:10095000282928456967656E3A3A496E6465782C9E
:1009600020456967656E3A3A496E64657829205B6F
:10097000776974682044657269766564203D204516
:100980006967656E3A3A4D61747269783C666C6F5E
:1009900061742C20312C2031392C20312C20312C29
:1009A0002031393E3B205363616C6172203D2066EB
:1009B0006C6F61743B20456967656E3A3A496E64B5
:1009C0006578203D20696E745D00000045696765AB
:1009D0006E3A3A44656E7365436F6566667342614D
:1009E00073653C446572697665642C20313E3A3A01
:1009F0005363616C61722620456967656E3A3A44BB
:100A0000656E7365436F65666673426173653C44EA
:100A10006572697665642C20313E3A3A6F70657272
:100A200061746F72282928456967656E3A3A496E84
:100A30006465782C20456967656E3A3A496E64654D
:100A40007829205B776974682044657269766564EB
:100A5000203D20456967656E3A3A4D617472697848
:100A60003C666C6F61742C2031392C2031392C207C
:100A7000302C2031392C2031393E3B205363616CBE
:100A80006172203D20666C6F61743B20456967652B
:100A90006E3A3A496E646578203D20696E745D0057
:100AA0007374617274526F77203E3D203020262689
:100AB00020426C6F636B526F7773203E3D20302075
:100AC0002626207374617274526F77202B20426C3B
:100AD0006F636B526F7773203C3D207870722E727B
:100AE0006F77732829202626207374617274436FF0
:100AF0006C203E3D203020262620426C6F636B43E5
:100B00006F6C73203E3D2030202626207374617266
:100B100074436F6C202B20426C6F636B436F6C735C
:100B2000203C3D207870722E636F6C732829000082
:100B3000456967656E3A3A426C6F636B3C587072F8
:100B4000547970652C20426C6F636B526F77732CF5
:100B500020426C6F636B436F6C732C20496E6E6523
:100B60007250616E656C3E3A3A426C6F636B285806
:100B7000707254797065262C20456967656E3A3A23
:100B8000496E6465782C20456967656E3A3A496E0E
:100B900064657829205B776974682058707254798D
:100BA0007065203D20456967656E3A3A4D61747203
:100BB00069783C666C6F61742C2031392C20313996
:100BC0002C20302C2031392C2031393E3B20696ECD
:100BD0007420426C6F636B526F7773203D20323B01
:100BE00020696E7420426C6F636B436F6C73203DA1
:100BF00020323B20626F6F6C20496E6E65725061CF
:100C00006E656C203D2066616C73653B20456967AD
:100C1000656E3A3A496E646578203D20696E745D70
:100C2000000000002E2E2F2E2E2F2E2E2F39395F52
:100C30003372645F70617274792F656967656E2DB8
:100C4000332E342E302F456967656E2F7372632FF4
:100C5000436F72652F426C6F636B2E68000000005B
:100C60002869496E646578203E202D31292026268A
:100C7000202869496E646578203C206953697A654B
:100C80005F2920262620286953697A655F203E2047
:100C900030290000745479706526204352696E67CC
:100CA0004275666665723C74547970652C206943A0
:100CB000617061636974793E3A3A6F70657261740C
:100CC0006F72282928696E7429205B7769746820FF
:100CD0007454797065203D204E467573696F6E4C73
:100CE0006962436F6D6D6F6E3A3A534261726F6D18
:100CF00065746572446174613B20696E7420694358
:100D000061706163697479203D20335D00000000EB
:100D1000433A2F55736572732F6665646F722F4463
:100D20006174612F50726F6A6563745F4E452F3432
:100D3000315F436F64655F646576656C6F706D6588
:100D40006E745F776F726B2F62616872732D73655B
:100D50006E736F722D667573696F6E2D6C69622F7D
:100D600030315F4C6962726172792F7372632F4305
:100D700052696E674275666665722E6800000000F3
:100D8000745479706526204352696E6742756666B1
:100D900065723C74547970652C206943617061639D
:100DA0006974793E3A3A6F70657261746F7228297E
:100DB00028696E7429205B7769746820745479708F
:100DC00065203D2043426168727346696C746572A8
:100DD0003A3A53496D75446174613B20696E7420E1
:100DE000694361706163697479203D20335D00005F
:100DF000456967656E3A3A426C6F636B3C58707236
:100E0000547970652C20426C6F636B526F77732C32
:100E100020426C6F636B436F6C732C20496E6E6560
:100E20007250616E656C3E3A3A426C6F636B285843
:100E3000707254797065262C20456967656E3A3A60
:100E4000496E6465782C20456967656E3A3A496E4B
:100E500064657829205B77697468205870725479CA
:100E60007065203D20456967656E3A3A4D61747240
:100E700069783C666C6F61742C2031392C203139D3
:100E80002C20302C2031392C2031393E3B20696E0A
:100E90007420426C6F636B526F7773203D20323B3E
:100EA00020696E7420426C6F636B436F6C73203DDE
:100EB00020333B20626F6F6C20496E6E657250610B
:100EC0006E656C203D2066616C73653B20456967EB
:100ED000656E3A3A496E646578203D20696E745DAE
:100EE00000000000636F6E7374207454797065267F
:100EF000204352696E674275666665723C74547928
:100F000070652C206943617061636974793E3A3A77
:100F10006F70657261746F72282928696E74292058
:100F2000636F6E7374205B77697468207454797092
:100F300065203D2043426168727346696C74657236
:100F40003A3A53496D75446174613B20696E74206F
:100F5000694361706163697479203D20335D0000ED
:100F6000456967656E3A3A44656E7365436F6566B9
:100F70006673426173653C446572697665642C20D2
:100F8000313E3A3A5363616C617226204569676568
:100F90006E3A3A44656E7365436F65666673426187
:100FA00073653C446572697665642C20313E3A3A3B
:100FB0006F70657261746F72282928456967656E64
:100FC0003A3A496E64657829205B776974682044F1
:100FD000657269766564203D20456967656E3A3AB9
:100FE0004D61747269783C666C6F61742C20313984
:100FF0002C20312C20302C2031392C20313E3B202C
:101000005363616C6172203D20666C6F61743B209C
:10101000456967656E3A3A496E646578203D206996
:101020006E745D00456967656E3A3A426C6F636B3A
:101030003C587072547970652C20426C6F636B520F
:101040006F77732C20426C6F636B436F6C732C2033
:10105000496E6E657250616E656C3E3A3A426C6FD5
:10106000636B2858707254797065262C2045696727
:10107000656E3A3A496E6465782C20456967656EFD
:101080003A3A496E64657829205B7769746820581C
:10109000707254797065203D20456967656E3A3AF3
:1010A0004D61747269783C666C6F61742C203139C3
:1010B0002C2031392C20302C2031392C2031393E54
:1010C0003B20696E7420426C6F636B526F777320A4
:1010D0003D2031393B20696E7420426C6F636B4355
:1010E0006F6C73203D20313B20626F6F6C20496E26
:1010F0006E657250616E656C203D2066616C736533
:101100003B20456967656E3A3A496E646578203DD3
:1011100020696E745D0000006B6F72426C6F636BD0
:101120004D61702E476574426C6F636B53746172CE
:1011300074526F77496E646578286B6F72426C6F7A
:10114000636B4D61702E476574426C6F636B5374B3
:10115000617274526F77496E646578436F756E740F
:101160002829202D203129203C206B6F724C656688
:10117000742E726F77732829000000004569676537
:101180006E3A3A4D61747269783C74547970652C8A
:101190002069526F77734C6566742C2069436F6CBD
:1011A0007352696768743E204D6174726978507239
:1011B0006F64756374426C6F636B4C65667428630F
:1011C0006F6E737420456967656E3A3A4D6174724B
:1011D00069783C74547970652C2069526F77734C30
:1011E0006566742C2069436F6C734C6566743E268B
:1011F0002C20636F6E737420456967656E3A3A4DB3
:1012000061747269783C74547970652C2069436FFD
:101210006C734C6566742C2069436F6C73526967FC
:1012200068743E262C20636F6E73742043426C6F8B
:10123000636B4D61747269784D61702629205B770C
:10124000697468207454797065203D20666C6F6104
:10125000743B20696E742069526F77734C656674B5
:10126000203D2031393B20696E742069436F6C73D7
:101270004C656674203D2031393B20696E742069CD
:10128000436F6C735269676874203D2031395D008B
:10129000433A2F55736572732F6665646F722F44DE
:1012A0006174612F50726F6A6563745F4E452F34AD
:1012B000315F436F64655F646576656C6F706D6503
:1012C0006E745F776F726B2F62616872732D7365D6
:1012D0006E736F722D667573696F6E2D6C69622FF8
:1012E00030315F4C6962726172792F7372632F4380
:1012F000426C6F636B4D61747269784D61702E68DA
:10130000000000006B6F72426C6F636B4D61702E5A
:10131000476574426C6F636B5374617274436F6C96
:10132000756D6E496E646578286B6F72426C6F6381
:101330006B4D61702E476574426C6F636B537461C3
:101340007274436F6C756D6E496E646578436F752A
:101350006E742829202D203129203C206B6F724C7F
:101360006566742E636F6C73282900004569676594
:101370006E3A3A44656E7365436F656666734261A3
:1013800073653C446572697665642C20303E3A3A58
:10139000436F65666652657475726E547970652028
:1013A000456967656E3A3A44656E7365436F656675
:1013B0006673426173653C446572697665642C208E
:1013C000303E3A3A6F70657261746F722829284511
:1013D0006967656E3A3A496E6465782C204569679D
:1013E000656E3A3A496E6465782920636F6E73744E
:1013F000205B776974682044657269766564203D76
:1014000020456967656E3A3A4D61747269783C6649
:101410006C6F61742C2031392C2031392C20302C08
:101420002031392C2031393E3B20436F65666652AE
:10143000657475726E54797065203D20636F6E73AC
:101440007420666C6F6174263B20456967656E3A4F
:101450003A496E646578203D20696E745D00000035
:101460006B6F72426C6F636B4D61702E4765744297
:101470006C6F636B5374617274526F77496E6465FD
:1014800078286B6F72426C6F636B4D61702E47658D
:1014900074426C6F636B5374617274526F77496EF0
:1014A000646578436F756E742829202D20312920BA
:1014B0003C206B6F7252696768742E726F77732865
:1014C00029000000456967656E3A3A4D617472699A
:1014D000783C74547970652C2069526F77734C6531
:1014E00066742C2069436F6C7352696768743E2080
:1014F0004D617472697850726F64756374426C6F79
:10150000636B526967687428636F6E7374204569F2
:1015100067656E3A3A4D61747269783C74547970BB
:10152000652C2069526F77734C6566742C20694373
:101530006F6C734C6566743E262C20636F6E7374FB
:1015400020456967656E3A3A4D61747269783C74FA
:10155000547970652C2069436F6C734C6566742CEC
:101560002069436F6C7352696768743E262C206350
:101570006F6E73742043426C6F636B4D617472695C
:10158000784D61702629205B7769746820745479DE
:101590007065203D20666C6F61743B20696E74201D
:1015A00069526F77734C656674203D2031393B205A
:1015B000696E742069436F6C734C656674203D20BE
:1015C00031393B20696E742069436F6C73526967CF
:1015D0006874203D2031395D000000006B6F72425D
:1015E0006C6F636B4D61702E476574426C6F636BFB
:1015F0005374617274436F6C756D6E496E64657877
:10160000286B6F72426C6F636B4D61702E4765740F
:10161000426C6F636B5374617274436F6C756D6E63
:10162000496E646578436F756E742829202D2031CA
:1016300029203C206B6F7252696768742E636F6C4F
:101640007328290073746174696320696E74204380
:10165000426168727346696C7465723A3A434572C6
:10166000726F7253746174654D61703A3A5374616C
:101670007274496E64657828454572726F7253744E
:101680006174657329000000433A2F5573657273C6
:101690002F6665646F722F446174612F50726F6A98
:1016A0006563745F4E452F34315F436F64655F64DB
:1016B0006576656C6F706D656E745F776F726B2F9A
:1016C00062616872732D73656E736F722D667573C8
:1016D000696F6E2D6C69622F30315F4C6962726187
:1016E00072792F7372632F43426168727346696C1B
:1016F0007465724572726F7253746174654D617076
:101700002E6370700000000073746174696320635D
:101710006F6E73742043426168727346696C7465BE
:10172000723A3A5354756E696E67506172616D73A7
:10173000262043426168727346696C7465723A3A56
:10174000434B6654756E696E67506172616D734488
:10175000617461626173653A3A47657450617261A0
:101760006D73284E467573696F6E4C6962436F6D79
:101770006D6F6E3A3A4553656E736F724964290016
:10178000433A2F55736572732F6665646F722F44E9
:101790006174612F50726F6A6563745F4E452F34B8
:1017A000315F436F64655F646576656C6F706D650E
:1017B0006E745F776F726B2F62616872732D7365E1
:1017C0006E736F722D667573696F6E2D6C69622F03
:1017D00030315F4C6962726172792F7372632F438B
:1017E000426168727346696C74657254756E696E95
:1017F00067506172616D7344617461626173652EDB
:101800006370700073746174696320666C6F6174D7
:101810002043426168727346696C7465723A3A4358
:101820004B6654756E696E67506172616D73446189
:101830007461626173653A3A476574507265737397
:101840007572654E6F697365566172284E46757381
:10185000696F6E4C6962436F6D6D6F6E3A3A4553B6
:10186000656E736F724964290000000069426C6FF5
:10187000636B5374617274526F77496E6465784319
:101880006F756E745F203E203000000043426C6F25
:10189000636B4D61747269784D61703A3A43426C82
:1018A0006F636B4D61747269784D617028737464F5
:1018B0003A3A696E697469616C697A65725F6C69DC
:1018C00073743C696E743E2C207374643A3A696E8A
:1018D000697469616C697A65725F6C6973743C697B
:1018E0006E743E2C207374643A3A696E697469614F
:1018F0006C697A65725F6C6973743C7374643A3AAC
:10190000696E697469616C697A65725F6C69737418
:101910003C626F6F6C3E203E29000000433A2F5519
:10192000736572732F6665646F722F446174612FE3
:1019300050726F6A6563745F4E452F34315F436F39
:1019400064655F646576656C6F706D656E745F77F6
:101950006F726B2F62616872732D73656E736F7235
:101960002D667573696F6E2D6C69622F30315F4C17
:101970006962726172792F7372632F43426C6F6375
:101980006B4D61747269784D61702E6370700000E8
:1019900069426C6F636B5374617274436F6C756DE5
:1019A0006E496E646578436F756E745F203E2030BB
:1019B0000000000069426C6F636B53746172745273
:1019C0006F77496E646578436F756E745F203C3D38
:1019D00020736B694D6178426C6F636B436F756EFA
:1019E000745F000069426C6F636B5374617274437F
:1019F0006F6C756D6E496E646578436F756E745F5C
:101A0000203C3D20736B694D6178426C6F636B4382
:101A10006F756E745F00000030203D3D2069456C9D
:101A2000656D656E7400000069456C656D656E746A
:101A3000203E206950726576696F75730000000062
:101A40006F49735A65726F426C6F636B4D61702E94
:101A500073697A652829203D3D2073746174696338
:101A60005F636173743C73697A655F743E28694291
:101A70006C6F636B5374617274526F77496E6465F7
:101A800078436F756E745F29000000006B6F724CB5
:101A90006973742E73697A652829203D3D2073741B
:101AA000617469635F636173743C73697A655F74C1
:101AB0003E2869426C6F636B5374617274436F6C40
:101AC000756D6E496E646578436F756E745F29003D
:101AD00069496E646578203E3D203000696E74204F
:101AE00043426C6F636B4D61747269784D61703AFB
:101AF0003A476574426C6F636B5374617274526FD2
:101B000077496E64657828696E742920636F6E73F7
:101B10007400000069496E646578203C2069426C5D
:101B20006F636B5374617274526F77496E6465783A
:101B3000436F756E745F0000696E742043426C6F72
:101B4000636B4D61747269784D61703A3A476574A0
:101B5000426C6F636B5374617274436F6C756D6E1E
:101B6000496E64657828696E742920636F6E73749A
:101B70000000000069496E646578203C2069426C71
:101B80006F636B5374617274436F6C756D6E496EE5
:101B9000646578436F756E745F00000069526F77FB
:101BA000496E646578203E3D20300000626F6F6CA6
:101BB0002043426C6F636B4D61747269784D617044
:101BC0003A3A49735A65726F426C6F636B28696E5B
:101BD000742C20696E742920636F6E73740000008A
:101BE00069436F6C496E646578203E3D203000008B
:101BF00069526F77496E646578203C2069426C6F4A
:101C0000636B5374617274526F77496E6465784385
:101C10006F756E745F00000069436F6C496E646598
:101C200078203C2069426C6F636B5374617274431B
:101C30006F6C756D6E496E646578436F756E745F19
:101C40000000000073746174696320666C6F6174D6
:101C500020435061726974794D6F6E69746F723A86
:101C60003A636F6D707574654465636973696F6E0F
:101C70005661726961626C6528636F6E737420458A
:101C80006967656E3A3A566563746F723366262CDF
:101C900020636F6E737420456967656E3A3A5665C6
:101CA00063746F723366262C20696E7429000000FD
:101CB000433A2F55736572732F6665646F722F44B4
:101CC0006174612F50726F6A6563745F4E452F3483
:101CD000315F436F64655F646576656C6F706D65D9
:101CE0006E745F776F726B2F62616872732D7365AC
:101CF0006E736F722D667573696F6E2D6C69622FCE
:101D000030315F4C6962726172792F7372632F4355
:101D10005061726974794D6F6E69746F722E637061
:101D20007000000073746174696320666C6F617485
:101D300020435061726974794D6F6E69746F723AA5
:101D40003A6765744465636973696F6E5468726558
:101D500073686F6C6428636F6E7374205350617284
:101D6000616D6574657273262C20696E742900009C
:101D700073746174696320666C6F61742043506191
:101D8000726974794D6F6E69746F723A3A676574EF
:101D90004C6F77706173734465636973696F6E54D8
:101DA00068726573686F6C6428636F6E7374205318
:101DB000506172616D6574657273262C20696E7452
:101DC000290000004172726179456C656D656E7421
:101DD000547970652620544C6162656C656441726B
:101DE000726179496E7465726E616C3C41727261A8
:101DF00079456C656D656E74547970652C204C6105
:101E000062656C456E756D3E3A3A6F7065726174CD
:101E10006F725B5D284C6162656C456E756D292043
:101E20005B77697468204172726179456C656D6594
:101E30006E7454797065203D2043506172697479E5
:101E40004D6F6E69746F723B204C6162656C456EBC
:101E5000756D203D204E496D754D6F6E69746F72C2
:101E60004170693A3A5341727261794C6162656CB2
:101E700065644279496D755369676E616C733A3A6E
:101E8000456E756D547970655D0000004172726138
:101E900079456C656D656E74547970652620544C77
:101EA0006162656C65644172726179496E746572D4
:101EB0006E616C3C4172726179456C656D656E74E2
:101EC000547970652C204C6162656C456E756D3E71
:101ED0003A3A6F70657261746F725B5D284C616233
:101EE000656C456E756D29205B7769746820417259
:101EF000726179456C656D656E7454797065203DCD
:101F0000204E4D6F6E69746F7254797065733A3AF2
:101F100045446574656374696F6E526573756C745E
:101F20003B204C6162656C456E756D203D204E49CD
:101F30006D754D6F6E69746F724170693A3A5341B5
:101F4000727261794C6162656C65644279496D7544
:101F50005369676E616C733A3A456E756D5479706A
:101F6000655D0000636F6E73742041727261794524
:101F70006C656D656E74547970652620544C616291
:101F8000656C65644172726179496E7465726E61E7
:101F90006C3C4172726179456C656D656E74547903
:101FA00070652C204C6162656C456E756D3E3A3AE9
:101FB0006F70657261746F725B5D284C6162656CF5
:101FC000456E756D2920636F6E7374205B7769743D
:101FD00068204172726179456C656D656E745479E3
:101FE0007065203D204E467573696F6E4C69624383
:101FF0006F6D6D6F6E3A3A53496D754D65617375CE
:1020000072656D656E743B204C6162656C456E75E2
:102010006D203D204E4D6F6E69746F7254797065FE
:10202000733A3A53526564756E64616E7453656EAB
:10203000736F7244617461417272617954656D703D
:102040006C6174653A3A456E756D547970655D00E2
:10205000766F6964205453656E736F724D6F6E694D
:10206000746F723C4D6F6E69746F72506F6C696300
:10207000793E3A3A707265706172654F7574707529
:102080007428636F6E737420526564756E64616E3C
:1020900074496E70757444617461262C204F757498
:1020A000707574446174612629205B7769746820B7
:1020B0004D6F6E69746F72506F6C696379203D204B
:1020C00043496D754D6F6E69746F72506F6C6963C3
:1020D000793C4E467573696F6E4C6962436F6D6DE6
:1020E0006F6E3A3A4553656E736F7249643A3A655A
:1020F000536368613633542C204E467573696F6E96
:102100004C6962436F6D6D6F6E3A3A4553656E73FD
:102110006F7249643A3A6549636D323037383949EC
:102120006D75312C204E467573696F6E4C69624334
:102130006F6D6D6F6E3A3A4553656E736F72496499
:102140003A3A6549636D3230373839496D75323EF8
:102150003B20526564756E64616E74496E7075746F
:1021600044617461203D204E4D6F6E69746F7254EE
:10217000797065733A3A54526564756E64616E7431
:1021800053656E736F72446174613C4E467573693A
:102190006F6E4C6962436F6D6D6F6E3A3A53496D65
:1021A000754D6561737572656D656E742C204E4654
:1021B0007573696F6E4C6962436F6D6D6F6E3A3AFD
:1021C0004553656E736F7249643A3A65536368614B
:1021D0003633542C204E467573696F6E4C696243DA
:1021E0006F6D6D6F6E3A3A4553656E736F724964E9
:1021F0003A3A6549636D3230373839496D75312C5B
:10220000204E467573696F6E4C6962436F6D6D6FDA
:102210006E3A3A4553656E736F7249643A3A65494E
:10222000636D3230373839496D75323E3B204F751A
:102230007470757444617461203D204E4D6F6E69F9
:10224000746F7254797065733A3A544D756C746951
:1022500064696D656E73696F6E616C5369676E61F9
:102260006C3C4E496D754D6F6E69746F724170694B
:102270003A3A5341727261794C6162656C656442AD
:1022800079496D755369676E616C733E5D0000003E
:10229000766F6964205453656E736F724D6F6E690B
:1022A000746F723C4D6F6E69746F72506F6C6963BE
:1022B000793E3A3A707265706172654F75747075E7
:1022C0007428636F6E737420526564756E64616EFA
:1022D00074496E70757444617461262C204F757456
:1022E000707574446174612629205B776974682075
:1022F0004D6F6E69746F72506F6C696379203D2009
:1023000043496D754D6F6E69746F72506F6C696380
:10231000793C4E467573696F6E4C6962436F6D6DA3
:102320006F6E3A3A4553656E736F7249643A3A6517
:10233000536368613633542C204E467573696F6E53
:102340004C6962436F6D6D6F6E3A3A4553656E73BB
:102350006F7249643A3A65426D693237302C204ECB
:10236000467573696F6E4C6962436F6D6D6F6E3A3F
:102370003A4553656E736F7249643A3A6541736DBD
:102380003333303E3B20526564756E64616E744930
:102390006E70757444617461203D204E4D6F6E699E
:1023A000746F7254797065733A3A54526564756EFD
:1023B00064616E7453656E736F72446174613C4EF8
:1023C000467573696F6E4C6962436F6D6D6F6E3ADF
:1023D0003A53496D754D6561737572656D656E74BF
:1023E0002C204E467573696F6E4C6962436F6D6D3C
:1023F0006F6E3A3A4553656E736F7249643A3A6547
:10240000536368613633542C204E467573696F6E82
:102410004C6962436F6D6D6F6E3A3A4553656E73EA
:102420006F7249643A3A65426D693237302C204EFA
:10243000467573696F6E4C6962436F6D6D6F6E3A6E
:102440003A4553656E736F7249643A3A6541736DEC
:102450003333303E3B204F75747075744461746142
:10246000203D204E4D6F6E69746F725479706573A4
:102470003A3A544D756C746964696D656E73696F31
:102480006E616C5369676E616C3C4E496D754D6F42
:102490006E69746F724170693A3A53417272617930
:1024A0004C6162656C65644279496D755369676E0C
:1024B000616C733E5D000000737461746963206633
:1024C0006C6F61742043496D754D6F6E69746F72E6
:1024D000506F6C6963793C53656E736F72496431F8
:1024E0002C2053656E736F724964322C2053656ED5
:1024F000736F724964333E3A3A67657446696C7427
:10250000657265645369676E616C56617269616E6C
:102510006365496D706C284E467573696F6E4C69C2
:1025200062436F6D6D6F6E3A3A4553656E736F72AD
:1025300049642C20747970656E616D652043426139
:102540007365436C6173733A3A455363616C6172AE
:102550005369676E616C4C6162656C732C20636FAC
:102560006E737420747970656E616D65204342618D
:102570007365436C6173733A3A435363616C617280
:102580005369676E616C732629205B7769746820D4
:102590004E467573696F6E4C6962436F6D6D6F6EF9
:1025A0003A3A4553656E736F7249642053656E7392
:1025B0006F72496431203D204E467573696F6E4CD1
:1025C0006962436F6D6D6F6E3A3A4553656E736F16
:1025D0007249643A3A65536368613633543B204E1E
:1025E000467573696F6E4C6962436F6D6D6F6E3ABD
:1025F0003A4553656E736F7249642053656E736F0D
:1026000072496432203D204E467573696F6E4C6985
:1026100062436F6D6D6F6E3A3A4553656E736F72BC
:1026200049643A3A6549636D3230373839496D75D6
:10263000313B204E467573696F6E4C6962436F6D16
:102640006D6F6E3A3A4553656E736F7249642053ED
:10265000656E736F72496433203D204E4675736911
:102660006F6E4C6962436F6D6D6F6E3A3A4553659C
:102670006E736F7249643A3A6549636D3230373828
:1026800039496D75323B20747970656E616D6520D6
:102690004342617365436C6173733A3A45536361B6
:1026A0006C61725369676E616C4C6162656C73201A
:1026B0003D204E496D754D6F6E69746F7241706942
:1026C0003A3A5341727261794C6162656C65644259
:1026D00079496D755369676E616C733A3A456E75E9
:1026E0006D547970653B204342617365436C61733F
:1026F00073203D20544D6F6E69746F72506F6C691A
:102700006379426173653C43496D754D6F6E6974C1
:102710006F72506F6C6963793C4E467573696F6E6A
:102720004C6962436F6D6D6F6E3A3A4553656E73D7
:102730006F7249643A3A65536368613633542C20AA
:102740004E467573696F6E4C6962436F6D6D6F6E47
:102750003A3A4553656E736F7249643A3A65496314
:102760006D3230373839496D75312C204E467573CE
:10277000696F6E4C6962436F6D6D6F6E3A3A455387
:10278000656E736F7249643A3A6549636D323037EA
:102790003839496D75323E2C204E467573696F6E1F
:1027A0004C6962436F6D6D6F6E3A3A53496D754D6A
:1027B0006561737572656D656E742C204E46757318
:1027C000696F6E4C6962436F6D6D6F6E3A3A455337
:1027D000656E736F7249643A3A6553636861363364
:1027E000542C204E467573696F6E4C6962436F6D51
:1027F0006D6F6E3A3A4553656E736F7249643A3A3B
:102800006549636D3230373839496D75312C204E4A
:10281000467573696F6E4C6962436F6D6D6F6E3A8A
:102820003A4553656E736F7249643A3A6549636D10
:102830003230373839496D75322C204E496D754D1F
:102840006F6E69746F724170693A3A534172726186
:10285000794C6162656C65644279496D755369674D
:102860006E616C732C203230303E3B207479706581
:102870006E616D65204342617365436C6173733AA9
:102880003A435363616C61725369676E616C732084
:102890003D20544C6162656C656441727261794996
:1028A0006E7465726E616C3C666C6F61742C204E48
:1028B000496D754D6F6E69746F724170693A3A5324
:1028C00041727261794C6162656C65644279496DEF
:1028D000755369676E616C733A3A456E756D5479DC
:1028E00070653E5D00000000433A2F5573657273BA
:1028F0002F6665646F722F446174612F50726F6A26
:102900006563745F4E452F34315F436F64655F6468
:102910006576656C6F706D656E745F776F726B2F27
:1029200062616872732D73656E736F722D66757355
:10293000696F6E2D6C69622F30315F4C6962726114
:1029400072792F7372632F43496D754D6F6E697481
:102950006F722E68000000007374617469632066F2
:102960006C6F61742043496D754D6F6E69746F7241
:10297000506F6C6963793C53656E736F7249643153
:102980002C2053656E736F724964322C2053656E30
:10299000736F724964333E3A3A6765745363616C8E
:1029A00061725369676E616C42794C6162656C4912
:1029B0006D706C28636F6E7374204E467573696F0B
:1029C0006E4C6962436F6D6D6F6E3A3A53496D7527
:1029D0004D6561737572656D656E74262C204E4968
:1029E0006D754D6F6E69746F724170693A3A5341FB
:1029F000727261794C6162656C65644279496D758A
:102A00005369676E616C733A3A456E756D547970AF
:102A10006529205B77697468204E467573696F6E0F
:102A20004C6962436F6D6D6F6E3A3A4553656E73D4
:102A30006F7249642053656E736F72496431203D33
:102A4000204E467573696F6E4C6962436F6D6D6F92
:102A50006E3A3A4553656E736F7249643A3A6553FC
:102A60006368613633543B204E467573696F6E4C14
:102A70006962436F6D6D6F6E3A3A4553656E736F61
:102A80007249642053656E736F72496432203D2031
:102A90004E467573696F6E4C6962436F6D6D6F6EF4
:102AA0003A3A4553656E736F7249643A3A654963C1
:102AB0006D3230373839496D75313B204E4675736C
:102AC000696F6E4C6962436F6D6D6F6E3A3A455334
:102AD000656E736F7249642053656E736F724964DB
:102AE00033203D204E467573696F6E4C6962436FAB
:102AF0006D6D6F6E3A3A4553656E736F7249643A05
:102B00003A6549636D3230373839496D75325D0049
:102B10004172726179456C656D656E74547970654A
:102B20002620544C6162656C65644172726179491A
:102B30006E7465726E616C3C4172726179456C6550
:102B40006D656E74547970652C204C6162656C45BE
:102B50006E756D3E3A3A6F70657261746F725B5D4F
:102B6000284C6162656C456E756D29205B776974D0
:102B700068204172726179456C656D656E74547937
:102B80007065203D20666C6F61743B204C6162650E
:102B90006C456E756D203D204E496D754D6F6E69AB
:102BA000746F724170693A3A5341727261794C6143
:102BB00062656C65644279496D755369676E616CD5
:102BC000733A3A456E756D547970655D000000008A
:102BD00073746174696320666C6F61742043496D1E
:102BE000754D6F6E69746F72506F6C6963793C5389
:102BF000656E736F724964312C2053656E736F720A
:102C00004964322C2053656E736F724964333E3AC7
:102C10003A6765745369676E616C56617269616E7B
:102C20006365496D706C284E467573696F6E4C69AB
:102C300062436F6D6D6F6E3A3A4553656E736F7296
:102C400049642C20747970656E616D652043426122
:102C50007365436C6173733A3A455363616C617297
:102C60005369676E616C4C6162656C732C20636F95
:102C70006E737420747970656E616D652043426176
:102C80007365436C6173733A3A434D656173757252
:102C9000656D656E742629205B77697468204E46E1
:102CA0007573696F6E4C6962436F6D6D6F6E3A3A02
:102CB0004553656E736F7249642053656E736F720E
:102CC000496431203D204E467573696F6E4C6962D0
:102CD000436F6D6D6F6E3A3A4553656E736F72490F
:102CE000643A3A65536368613633543B204E467507
:102CF00073696F6E4C6962436F6D6D6F6E3A3A45E2
:102D000053656E736F7249642053656E736F7249B9
:102D10006432203D204E467573696F6E4C69624384
:102D20006F6D6D6F6E3A3A4553656E736F7249649D
:102D30003A3A6549636D3230373839496D75313B00
:102D4000204E467573696F6E4C6962436F6D6D6F8F
:102D50006E3A3A4553656E736F7249642053656EDF
:102D6000736F72496433203D204E467573696F6EF0
:102D70004C6962436F6D6D6F6E3A3A4553656E7381
:102D80006F7249643A3A6549636D32303738394970
:102D90006D75323B20747970656E616D65204342BC
:102DA000617365436C6173733A3A455363616C6157
:102DB000725369676E616C4C6162656C73203D2073
:102DC0004E496D754D6F6E69746F724170693A3A14
:102DD0005341727261794C6162656C6564427949F4
:102DE0006D755369676E616C733A3A456E756D54D3
:102DF0007970653B204342617365436C6173732056
:102E00003D20544D6F6E69746F72506F6C696379B9
:102E1000426173653C43496D754D6F6E69746F72A5
:102E2000506F6C6963793C4E467573696F6E4C697F
:102E300062436F6D6D6F6E3A3A4553656E736F7294
:102E400049643A3A65536368613633542C204E46E0
:102E50007573696F6E4C6962436F6D6D6F6E3A3A50
:102E60004553656E736F7249643A3A6549636D32D2
:102E700030373839496D75312C204E467573696F7E
:102E80006E4C6962436F6D6D6F6E3A3A4553656E75
:102E9000736F7249643A3A6549636D323037383935
:102EA000496D75323E2C204E467573696F6E4C69C4
:102EB00062436F6D6D6F6E3A3A53496D754D656142
:102EC000737572656D656E742C204E467573696FEF
:102ED0006E4C6962436F6D6D6F6E3A3A4553656E25
:102EE000736F7249643A3A65536368613633542CA0
:102EF000204E467573696F6E4C6962436F6D6D6FDE
:102F00006E3A3A4553656E736F7249643A3A654951
:102F1000636D3230373839496D75312C204E467526
:102F200073696F6E4C6962436F6D6D6F6E3A3A45AF
:102F300053656E736F7249643A3A6549636D323016
:102F4000373839496D75322C204E496D754D6F6E8D
:102F500069746F724170693A3A5341727261794C87
:102F60006162656C65644279496D755369676E612C
:102F70006C732C203230303E3B20747970656E616A
:102F80006D65204342617365436C6173733A3A43E4
:102F90004D6561737572656D656E74203D204E469A
:102FA0007573696F6E4C6962436F6D6D6F6E3A3AFF
:102FB00053496D754D6561737572656D656E745DB0
:102FC0000000000073746174696320666C6F617443
:102FD0002043496D754D6F6E69746F72506F6C69E7
:102FE00063793C53656E736F724964312C2053656D
:102FF0006E736F724964322C2053656E736F724921
:1030000064333E3A3A67657446696C746572656408
:103010005369676E616C56617269616E6365496D73
:10302000706C284E467573696F6E4C6962436F6DA4
:103030006D6F6E3A3A4553656E736F7249642C201A
:10304000747970656E616D65204342617365436C90
:103050006173733A3A455363616C61725369676E89
:10306000616C4C6162656C732C20636F6E737420AD
:10307000747970656E616D65204342617365436C60
:103080006173733A3A435363616C61725369676E5B
:10309000616C732629205B77697468204E467573CE
:1030A000696F6E4C6962436F6D6D6F6E3A3A45534E
:1030B000656E736F7249642053656E736F724964F5
:1030C00031203D204E467573696F6E4C6962436FC7
:1030D0006D6D6F6E3A3A4553656E736F7249643A1F
:1030E0003A65536368613633543B204E46757369C5
:1030F0006F6E4C6962436F6D6D6F6E3A3A45536502
:103100006E736F7249642053656E736F72496432D7
:10311000203D204E467573696F6E4C6962436F6D3A
:103120006D6F6E3A3A4553656E736F7249643A3A01
:1031300065426D693237303B204E467573696F6E5C
:103140004C6962436F6D6D6F6E3A3A4553656E73AD
:103150006F7249642053656E736F72496433203D0A
:10316000204E467573696F6E4C6962436F6D6D6F6B
:103170006E3A3A4553656E736F7249643A3A6541E7
:10318000736D3333303B20747970656E616D6520EB
:103190004342617365436C6173733A3A45536361AB
:1031A0006C61725369676E616C4C6162656C73200F
:1031B0003D204E496D754D6F6E69746F7241706937
:1031C0003A3A5341727261794C6162656C6564424E
:1031D00079496D755369676E616C733A3A456E75DE
:1031E0006D547970653B204342617365436C617334
:1031F00073203D20544D6F6E69746F72506F6C690F
:103200006379426173653C43496D754D6F6E6974B6
:103210006F72506F6C6963793C4E467573696F6E5F
:103220004C6962436F6D6D6F6E3A3A4553656E73CC
:103230006F7249643A3A65536368613633542C209F
:103240004E467573696F6E4C6962436F6D6D6F6E3C
:103250003A3A4553656E736F7249643A3A65426D06
:10326000693237302C204E467573696F6E4C696237
:10327000436F6D6D6F6E3A3A4553656E736F724969
:10328000643A3A6541736D3333303E2C204E4675B7
:1032900073696F6E4C6962436F6D6D6F6E3A3A532E
:1032A000496D754D6561737572656D656E742C2021
:1032B0004E467573696F6E4C6962436F6D6D6F6ECC
:1032C0003A3A4553656E736F7249643A3A6553638F
:1032D00068613633542C204E467573696F6E4C69A5
:1032E00062436F6D6D6F6E3A3A4553656E736F72E0
:1032F00049643A3A65426D693237302C204E467542
:1033000073696F6E4C6962436F6D6D6F6E3A3A45CB
:1033100053656E736F7249643A3A6541736D333326
:10332000302C204E496D754D6F6E69746F7241700F
:10333000693A3A5341727261794C6162656C6564B5
:103340004279496D755369676E616C732C20323018
:10335000303E3B20747970656E616D65204342613B
:103360007365436C6173733A3A435363616C617282
:103370005369676E616C73203D20544C6162656CCB
:1033800065644172726179496E7465726E616C3CFC
:10339000666C6F61742C204E496D754D6F6E69744B
:1033A0006F724170693A3A5341727261794C61624D
:1033B000656C65644279496D755369676E616C73BC
:1033C0003A3A456E756D547970653E5D00000000B7
:1033D00073746174696320666C6F61742043496D16
:1033E000754D6F6E69746F72506F6C6963793C5381
:1033F000656E736F724964312C2053656E736F7202
:103400004964322C2053656E736F724964333E3ABF
:103410003A6765745363616C61725369676E616C7E
:1034200042794C6162656C496D706C28636F6E7394
:1034300074204E467573696F6E4C6962436F6D6D93
:103440006F6E3A3A53496D754D6561737572656D6E
:10345000656E74262C204E496D754D6F6E69746FC4
:10346000724170693A3A5341727261794C61626596
:103470006C65644279496D755369676E616C733A26
:103480003A456E756D5479706529205B776974686B
:10349000204E467573696F6E4C6962436F6D6D6F38
:1034A0006E3A3A4553656E736F7249642053656E88
:1034B000736F72496431203D204E467573696F6E9B
:1034C0004C6962436F6D6D6F6E3A3A4553656E732A
:1034D0006F7249643A3A65536368613633543B20EE
:1034E0004E467573696F6E4C6962436F6D6D6F6E9A
:1034F0003A3A4553656E736F7249642053656E7333
:103500006F72496432203D204E467573696F6E4C70
:103510006962436F6D6D6F6E3A3A4553656E736FB6
:103520007249643A3A65426D693237303B204E4603
:103530007573696F6E4C6962436F6D6D6F6E3A3A69
:103540004553656E736F7249642053656E736F7275
:10355000496433203D204E467573696F6E4C696235
:10356000436F6D6D6F6E3A3A4553656E736F724976
:10357000643A3A6541736D3333305D00737461743E
:10358000696320666C6F61742043496D754D6F6E81
:1035900069746F72506F6C6963793C53656E736FB9
:1035A000724964312C2053656E736F724964322CFA
:1035B0002053656E736F724964333E3A3A6765749F
:1035C0005369676E616C56617269616E6365496DBE
:1035D000706C284E467573696F6E4C6962436F6DEF
:1035E0006D6F6E3A3A4553656E736F7249642C2065
:1035F000747970656E616D65204342617365436CDB
:103600006173733A3A455363616C61725369676ED3
:10361000616C4C6162656C732C20636F6E737420F7
:10362000747970656E616D65204342617365436CAA
:103630006173733A3A434D6561737572656D656E7A
:10364000742629205B77697468204E467573696F0C
:103650006E4C6962436F6D6D6F6E3A3A4553656E9D
:10366000736F7249642053656E736F7249643120C1
:103670003D204E467573696F6E4C6962436F6D6D88
:103680006F6E3A3A4553656E736F7249643A3A65A4
:10369000536368613633543B204E467573696F6ED1
:1036A0004C6962436F6D6D6F6E3A3A4553656E7348
:1036B0006F7249642053656E736F72496432203DA6
:1036C000204E467573696F6E4C6962436F6D6D6F06
:1036D0006E3A3A4553656E736F7249643A3A654281
:1036E0006D693237303B204E467573696F6E4C6999
:1036F00062436F6D6D6F6E3A3A4553656E736F72CC
:1037000049642053656E736F72496433203D204EC7
:10371000467573696F6E4C6962436F6D6D6F6E3A7B
:103720003A4553656E736F7249643A3A6541736DF9
:103730003333303B20747970656E616D6520434290
:10374000617365436C6173733A3A455363616C61AD
:10375000725369676E616C4C6162656C73203D20C9
:103760004E496D754D6F6E69746F724170693A3A6A
:103770005341727261794C6162656C65644279494A
:103780006D755369676E616C733A3A456E756D5429
:103790007970653B204342617365436C61737320AC
:1037A0003D20544D6F6E69746F72506F6C69637910
:1037B000426173653C43496D754D6F6E69746F72FC
:1037C000506F6C6963793C4E467573696F6E4C69D6
:1037D00062436F6D6D6F6E3A3A4553656E736F72EB
:1037E00049643A3A65536368613633542C204E4637
:1037F0007573696F6E4C6962436F6D6D6F6E3A3AA7
:103800004553656E736F7249643A3A65426D693229
:1038100037302C204E467573696F6E4C6962436F6A
:103820006D6D6F6E3A3A4553656E736F7249643AC7
:103830003A6541736D3333303E2C204E46757369C3
:103840006F6E4C6962436F6D6D6F6E3A3A53496D9E
:10385000754D6561737572656D656E742C204E468D
:103860007573696F6E4C6962436F6D6D6F6E3A3A36
:103870004553656E736F7249643A3A655363686184
:103880003633542C204E467573696F6E4C69624313
:103890006F6D6D6F6E3A3A4553656E736F72496422
:1038A0003A3A65426D693237302C204E467573695D
:1038B0006F6E4C6962436F6D6D6F6E3A3A4553653A
:1038C0006E736F7249643A3A6541736D3333302CCD
:1038D000204E496D754D6F6E69746F724170693A13
:1038E0003A5341727261794C6162656C65644279E8
:1038F000496D755369676E616C732C203230303EB0
:103900003B20747970656E616D652043426173651B
:10391000436C6173733A3A434D6561737572656DBB
:10392000656E74203D204E467573696F6E4C6962FA
:10393000436F6D6D6F6E3A3A53496D754D656173A6
:103940007572656D656E745D000000004172726194
:1039500079456C656D656E74547970652620544C9C
:103960006162656C65644172726179496E746572F9
:103970006E616C3C4172726179456C656D656E7407
:10398000547970652C204C6162656C456E756D3E96
:103990003A3A6F70657261746F725B5D284C616258
:1039A000656C456E756D29205B776974682041727E
:1039B000726179456C656D656E7454797065203DF2
:1039C00020435061726974794D6F6E69746F723BF8
:1039D000204C6162656C456E756D203D204E5665CC
:1039E00072746963616C4368616E6E656C4D6F6E75
:1039F00069746F724170693A3A5341727261794CDD
:103A00006162656C65644279566572746963616C64
:103A10004368616E6E656C5369676E616C733A3AA8
:103A2000456E756D547970655D000000636F6E734F
:103A300074204172726179456C656D656E7454795C
:103A400070652620544C6162656C656441727261D8
:103A500079496E7465726E616C3C41727261794530
:103A60006C656D656E74547970652C204C6162656F
:103A70006C456E756D3E3A3A6F70657261746F7227
:103A80005B5D284C6162656C456E756D2920636FC6
:103A90006E7374205B776974682041727261794536
:103AA0006C656D656E7454797065203D204E467569
:103AB00073696F6E4C6962436F6D6D6F6E3A3A5306
:103AC000566572746963616C4368616E6E656C44BF
:103AD0006174613B204C6162656C456E756D203D83
:103AE000204E4D6F6E69746F7254797065733A3AF7
:103AF00053526564756E64616E7453656E736F7254
:103B000044617461417272617954656D706C617465
:103B1000653A3A456E756D547970655D0000000038
:103B20004172726179456C656D656E74547970652A
:103B30002620544C6162656C6564417272617949FA
:103B40006E7465726E616C3C4172726179456C6530
:103B50006D656E74547970652C204C6162656C459E
:103B60006E756D3E3A3A6F70657261746F725B5D2F
:103B7000284C6162656C456E756D29205B776974B0
:103B800068204172726179456C656D656E74547917
:103B90007065203D20666C6F61743B204C616265EE
:103BA0006C456E756D203D204E566572746963617B
:103BB0006C4368616E6E656C4D6F6E69746F7241B7
:103BC00070693A3A5341727261794C6162656C6511
:103BD000644279566572746963616C4368616E6EA4
:103BE000656C5369676E616C733A3A456E756D54D6
:103BF0007970655D000000004172726179456C6505
:103C00006D656E74547970652620544C6162656CE4
:103C100065644172726179496E7465726E616C3C63
:103C20004172726179456C656D656E745479706529
:103C30002C204C6162656C456E756D3E3A3A6F7032
:103C4000657261746F725B5D284C6162656C456E74
:103C5000756D29205B7769746820417272617945BE
:103C60006C656D656E7454797065203D204E4D6FA6
:103C70006E69746F7254797065733A3A454465742D
:103C8000656374696F6E526573756C743B204C612B
:103C900062656C456E756D203D204E566572746987
:103CA00063616C4368616E6E656C4D6F6E69746FB5
:103CB000724170693A3A5341727261794C6162653E
:103CC0006C65644279566572746963616C436861BE
:103CD0006E6E656C5369676E616C733A3A456E75CA
:103CE0006D547970655D0000766F6964205453658A
:103CF0006E736F724D6F6E69746F723C4D6F6E694B
:103D0000746F72506F6C6963793E3A3A7072657085
:103D10006172654F757470757428636F6E7374206B
:103D2000526564756E64616E74496E707574446139
:103D30007461262C204F757470757444617461260B
:103D400029205B77697468204D6F6E69746F7250BB
:103D50006F6C696379203D204356657274696361B5
:103D60006C4368616E6E656C4D6F6E69746F7250F6
:103D70006F6C6963793B20526564756E64616E7423
:103D8000496E70757444617461203D204E4D6F6EB4
:103D900069746F7254797065733A3A5452656475F8
:103DA0006E64616E7453656E736F72446174613CCE
:103DB0004E467573696F6E4C6962436F6D6D6F6EC1
:103DC0003A3A53566572746963616C4368616E6E0A
:103DD000656C446174612C204E467573696F6E4C3E
:103DE0006962436F6D6D6F6E3A3A4553656E736FDE
:103DF0007249643A3A65426168727346696C7465E7
:103E000072312C204E467573696F6E4C6962436F38
:103E10006D6D6F6E3A3A4553656E736F7249643AD1
:103E20003A65426168727346696C746572322C201F
:103E30004E467573696F6E4C6962436F6D6D6F6E40
:103E40003A3A4553656E736F7249643A3A65426116
:103E500068727346696C746572333E3B204F7574AB
:103E600070757444617461203D204E4D6F6E6974AD
:103E70006F7254797065733A3A544D756C74696415
:103E8000696D656E73696F6E616C5369676E616CA5
:103E90003C4E566572746963616C4368616E6E6511
:103EA0006C4D6F6E69746F724170693A3A5341722A
:103EB0007261794C6162656C6564427956657274B1
:103EC0006963616C4368616E6E656C5369676E61AE
:103ED0006C733E5D0000000073746174696320665A
:103EE0006C6F61742043566572746963616C4368DA
:103EF000616E6E656C4D6F6E69746F72506F6C6938
:103F000063793A3A6765745363616C6172536967A8
:103F10006E616C42794C6162656C496D706C2863AE
:103F20006F6E7374204E467573696F6E4C69624391
:103F30006F6D6D6F6E3A3A53566572746963616C5A
:103F40004368616E6E656C44617461262C204E5628
:103F50006572746963616C4368616E6E656C4D6F08
:103F60006E69746F724170693A3A53417272617945
:103F70004C6162656C65644279566572746963610F
:103F80006C4368616E6E656C5369676E616C733A01
:103F90003A456E756D54797065290000433A2F5586
:103FA000736572732F6665646F722F446174612F3D
:103FB00050726F6A6563745F4E452F34315F436F93
:103FC00064655F646576656C6F706D656E745F7750
:103FD0006F726B2F62616872732D73656E736F728F
:103FE0002D667573696F6E2D6C69622F30315F4C71
:103FF0006962726172792F7372632F4356657274AE
:104000006963616C4368616E6E656C4D6F6E697457
:104010006F722E6370700000737461746963206640
:104020006C6F61742043566572746963616C436898
:10403000616E6E656C4D6F6E69746F72506F6C69F6
:1040400063793A3A6765745369676E616C56617259
:1040500069616E6365496D706C284E467573696F52
:104060006E4C6962436F6D6D6F6E3A3A4553656E83
:10407000736F7249642C204E566572746963616C6B
:104080004368616E6E656C4D6F6E69746F724170DE
:10409000693A3A5341727261794C6162656C656448
:1040A0004279566572746963616C4368616E6E65CE
:1040B0006C5369676E616C733A3A456E756D5479ED
:1040C00070652C20636F6E737420544D6F6E69742D
:1040D0006F72506F6C696379426173653C435665DA
:1040E00072746963616C4368616E6E656C4D6F6E6E
:1040F00069746F72506F6C6963792C204E467573CA
:10410000696F6E4C6962436F6D6D6F6E3A3A5356CC
:104110006572746963616C4368616E6E656C44615D
:1041200074612C204E467573696F6E4C6962436FE3
:104130006D6D6F6E3A3A4553656E736F7249643AAE
:104140003A65426168727346696C746572312C20FD
:104150004E467573696F6E4C6962436F6D6D6F6E1D
:104160003A3A4553656E736F7249643A3A654261F3
:1041700068727346696C746572322C204E46757392
:10418000696F6E4C6962436F6D6D6F6E3A3A45535D
:10419000656E736F7249643A3A654261687273463C
:1041A000696C746572332C204E5665727469636154
:1041B0006C4368616E6E656C4D6F6E69746F7241B1
:1041C00070693A3A5341727261794C6162656C650B
:1041D000644279566572746963616C4368616E6E9E
:1041E000656C5369676E616C732C203130303E3AD8
:1041F0003A434D6561737572656D656E742629006D
:1042000073746174696320666C6F617420435665D2
:1042100072746963616C4368616E6E656C4D6F6E3C
:1042200069746F72506F6C6963793A3A6765744666
:10423000696C74657265645369676E616C5661720E
:1042400069616E6365496D706C284E467573696F60
:104250006E4C6962436F6D6D6F6E3A3A4553656E91
:10426000736F7249642C204E566572746963616C79
:104270004368616E6E656C4D6F6E69746F724170EC
:10428000693A3A5341727261794C6162656C656456
:104290004279566572746963616C4368616E6E65DC
:1042A0006C5369676E616C733A3A456E756D5479FB
:1042B00070652C20636F6E737420544D6F6E69743B
:1042C0006F72506F6C696379426173653C435665E8
:1042D00072746963616C4368616E6E656C4D6F6E7C
:1042E00069746F72506F6C6963792C204E467573D8
:1042F000696F6E4C6962436F6D6D6F6E3A3A5356DB
:104300006572746963616C4368616E6E656C44616B
:1043100074612C204E467573696F6E4C6962436FF1
:104320006D6D6F6E3A3A4553656E736F7249643ABC
:104330003A65426168727346696C746572312C200B
:104340004E467573696F6E4C6962436F6D6D6F6E2B
:104350003A3A4553656E736F7249643A3A65426101
:1043600068727346696C746572322C204E467573A0
:10437000696F6E4C6962436F6D6D6F6E3A3A45536B
:10438000656E736F7249643A3A654261687273464A
:10439000696C746572332C204E5665727469636162
:1043A0006C4368616E6E656C4D6F6E69746F7241BF
:1043B00070693A3A5341727261794C6162656C6519
:1043C000644279566572746963616C4368616E6EAC
:1043D000656C5369676E616C732C203130303E3AE6
:1043E0003A435363616C61725369676E616C732603
:1043F000290000007374617469632043506172691D
:1044000074794D6F6E69746F723A3A53506172618C
:104410006D65746572732043566572746963616C6F
:104420004368616E6E656C4D6F6E69746F72506F2C
:104430006C6963793A3A6765745061726974794D51
:104440006F6E69746F72506172616D6574657273BD
:10445000496D706C284E566572746963616C43686F
:10446000616E6E656C4D6F6E69746F724170693A02
:104470003A5341727261794C6162656C656442794C
:10448000566572746963616C4368616E6E656C53E6
:1044900069676E616C733A3A456E756D54797065F3
:1044A0002900000049444C4500000000092563092B
:1044B00025750925750925750D0A00000925750959
:1044C00009257525250D0A0009257509093C3125A1
:1044D000250D0A00546D725100000000546D7220C9
:1044E000537663004672656552544F5320563130FF
:1044F0002E332E3100000000433A2F55736572733E
:104500002F6665646F722F446174612F50726F6AF9
:104510006563745F4E452F34315F436F64655F643C
:104520006576656C6F706D656E745F776F726B2FFB
:1045300062616872732D73772F30325F50726F6AC9
:10454000656374732F53746D333242616872732FD5
:104550005461726765744170705F48575F56332FBE
:1045600062616872732D76332D637562652F4472B4
:1045700069766572732F53544D3332463478785FC1
:1045800048414C5F4472697665722F5372632F7392
:10459000746D3332663478785F68616C2E63000026
:1045A000433A2F55736572732F6665646F722F449B
:1045B0006174612F50726F6A6563745F4E452F346A
:1045C000315F436F64655F646576656C6F706D65C0
:1045D0006E745F776F726B2F62616872732D737781
:1045E0002F30325F50726F6A656374732F53746D2E
:1045F000333242616872732F54617267657441701F
:10460000705F48575F56332F62616872732D76333F
:104610002D637562652F447269766572732F5354EA
:104620004D3332463478785F48414C5F4472697646
:1046300065722F5372632F73746D333266347878DA
:104640005F68616C5F63616E2E630000433A2F55B3
:10465000736572732F6665646F722F446174612F86
:1046600050726F6A6563745F4E452F34315F436FDC
:1046700064655F646576656C6F706D656E745F7799
:104680006F726B2F62616872732D73772F30325F98
:1046900050726F6A656374732F53746D3332426165
:1046A0006872732F5461726765744170705F485708
:1046B0005F56332F62616872732D76332D63756296
:1046C000652F447269766572732F53544D333246A9
:1046D0003478785F48414C5F4472697665722F5335
:1046E00072632F73746D3332663478785F68616CEF
:1046F0005F636F727465782E63000000433A2F5534
:10470000736572732F6665646F722F446174612FD5
:1047100050726F6A6563745F4E452F34315F436F2B
:1047200064655F646576656C6F706D656E745F77E8
:104730006F726B2F62616872732D73772F30325FE7
:1047400050726F6A656374732F53746D33324261B4
:104750006872732F5461726765744170705F485757
:104760005F56332F62616872732D76332D637562E5
:10477000652F447269766572732F53544D333246F8
:104780003478785F48414C5F4472697665722F5384
:1047900072632F73746D3332663478785F68616C3E
:1047A0005F6372632E630000433A2F557365727323
:1047B0002F6665646F722F446174612F50726F6A47
:1047C0006563745F4E452F34315F436F64655F648A
:1047D0006576656C6F706D656E745F776F726B2F49
:1047E00062616872732D73772F30325F50726F6A17
:1047F000656374732F53746D333242616872732F23
:104800005461726765744170705F48575F56332F0B
:1048100062616872732D76332D637562652F447201
:1048200069766572732F53544D3332463478785F0E
:1048300048414C5F4472697665722F5372632F73DF
:10484000746D3332663478785F68616C5F646D6173
:104850002E630000433A2F55736572732F666564AB
:104860006F722F446174612F50726F6A6563745F59
:104870004E452F34315F436F64655F646576656CC8
:104880006F706D656E745F776F726B2F62616872A7
:10489000732D73772F30325F50726F6A6563747354
:1048A0002F53746D333242616872732F5461726793
:1048B00065744170705F48575F56332F626168724C
:1048C000732D76332D637562652F44726976657238
:1048D000732F53544D3332463478785F48414C5FE0
:1048E0004472697665722F5372632F73746D33321D
:1048F000663478785F68616C5F666D706932632ECC
:1049000063000000433A2F55736572732F66656428
:104910006F722F446174612F50726F6A6563745FA8
:104920004E452F34315F436F64655F646576656C17
:104930006F706D656E745F776F726B2F62616872F6
:10494000732D73772F30325F50726F6A65637473A3
:104950002F53746D333242616872732F54617267E2
:1049600065744170705F48575F56332F626168729B
:10497000732D76332D637562652F44726976657287
:10498000732F53544D3332463478785F48414C5F2F
:104990004472697665722F5372632F73746D33326C
:1049A000663478785F68616C5F666D706932635FEA
:1049B00065782E6300000000433A2F5573657273CB
:1049C0002F6665646F722F446174612F50726F6A35
:1049D0006563745F4E452F34315F436F64655F6478
:1049E0006576656C6F706D656E745F776F726B2F37
:1049F00062616872732D73772F30325F50726F6A05
:104A0000656374732F53746D333242616872732F10
:104A10005461726765744170705F48575F56332FF9
:104A200062616872732D76332D637562652F4472EF
:104A300069766572732F53544D3332463478785FFC
:104A400048414C5F4472697665722F5372632F73CD
:104A5000746D3332663478785F68616C5F67706953
:104A60006F2E6300433A2F55736572732F6665642A
:104A70006F722F446174612F50726F6A6563745F47
:104A80004E452F34315F436F64655F646576656CB6
:104A90006F706D656E745F776F726B2F6261687295
:104AA000732D73772F30325F50726F6A6563747342
:104AB0002F53746D333242616872732F5461726781
:104AC00065744170705F48575F56332F626168723A
:104AD000732D76332D637562652F44726976657226
:104AE000732F53544D3332463478785F48414C5FCE
:104AF0004472697665722F5372632F73746D33320B
:104B0000663478785F68616C5F6932632E63000099
:104B1000433A2F55736572732F6665646F722F4425
:104B20006174612F50726F6A6563745F4E452F34F4
:104B3000315F436F64655F646576656C6F706D654A
:104B40006E745F776F726B2F62616872732D73770B
:104B50002F30325F50726F6A656374732F53746DB8
:104B6000333242616872732F5461726765744170A9
:104B7000705F48575F56332F62616872732D7633CA
:104B80002D637562652F447269766572732F535475
:104B90004D3332463478785F48414C5F44726976D1
:104BA00065722F5372632F73746D33326634787865
:104BB0005F68616C5F7077725F65782E63000000DC
:104BC000433A2F55736572732F6665646F722F4475
:104BD0006174612F50726F6A6563745F4E452F3444
:104BE000315F436F64655F646576656C6F706D659A
:104BF0006E745F776F726B2F62616872732D73775B
:104C00002F30325F50726F6A656374732F53746D07
:104C1000333242616872732F5461726765744170F8
:104C2000705F48575F56332F62616872732D763319
:104C30002D637562652F447269766572732F5354C4
:104C40004D3332463478785F48414C5F4472697620
:104C500065722F5372632F73746D333266347878B4
:104C60005F68616C5F7263632E630000433A2F5587
:104C7000736572732F6665646F722F446174612F60
:104C800050726F6A6563745F4E452F34315F436FB6
:104C900064655F646576656C6F706D656E745F7773
:104CA0006F726B2F62616872732D73772F30325F72
:104CB00050726F6A656374732F53746D333242613F
:104CC0006872732F5461726765744170705F4857E2
:104CD0005F56332F62616872732D76332D63756270
:104CE000652F447269766572732F53544D33324683
:104CF0003478785F48414C5F4472697665722F530F
:104D000072632F73746D3332663478785F68616CC8
:104D10005F7263635F65782E63000000433A2F552E
:104D2000736572732F6665646F722F446174612FAF
:104D300050726F6A6563745F4E452F34315F436F05
:104D400064655F646576656C6F706D656E745F77C2
:104D50006F726B2F62616872732D73772F30325FC1
:104D600050726F6A656374732F53746D333242618E
:104D70006872732F5461726765744170705F485731
:104D80005F56332F62616872732D76332D637562BF
:104D9000652F447269766572732F53544D333246D2
:104DA0003478785F48414C5F4472697665722F535E
:104DB00072632F73746D3332663478785F68616C18
:104DC0005F7370692E630000433A2F5573657273E9
:104DD0002F6665646F722F446174612F50726F6A21
:104DE0006563745F4E452F34315F436F64655F6464
:104DF0006576656C6F706D656E745F776F726B2F23
:104E000062616872732D73772F30325F50726F6AF0
:104E1000656374732F53746D333242616872732FFC
:104E20005461726765744170705F48575F56332FE5
:104E300062616872732D76332D637562652F4472DB
:104E400069766572732F53544D3332463478785FE8
:104E500048414C5F4472697665722F5372632F73B9
:104E6000746D3332663478785F68616C5F74696D35
:104E70002E630000433A2F55736572732F66656485
:104E80006F722F446174612F50726F6A6563745F33
:104E90004E452F34315F436F64655F646576656CA2
:104EA0006F706D656E745F776F726B2F6261687281
:104EB000732D73772F30325F50726F6A656374732E
:104EC0002F53746D333242616872732F546172676D
:104ED00065744170705F48575F56332F6261687226
:104EE000732D76332D637562652F44726976657212
:104EF000732F53544D3332463478785F48414C5FBA
:104F00004472697665722F5372632F73746D3332F6
:104F1000663478785F68616C5F74696D5F65782E60
:104F200063000000433A2F55736572732F66656402
:104F30006F722F446174612F50726F6A6563745F82
:104F40004E452F34315F436F64655F646576656CF1
:104F50006F706D656E745F776F726B2F62616872D0
:104F6000732D73772F30325F50726F6A656374737D
:104F70002F53746D333242616872732F54617267BC
:104F800065744170705F48575F56332F6261687275
:104F9000732D76332D637562652F44726976657261
:104FA000732F53544D3332463478785F48414C5F09
:104FB0004472697665722F5372632F73746D333246
:104FC000663478785F68616C5F756172742E630017
:104FD000010000000200000004000000D4C4040826
:104FE000000000005C05002020000000F4C404085C
:104FF00000000000800500205000000008C50408E3
:1050000000000000D4050020500000001CC504086A
:1050100000000000280600205000000030C50408F1
:10502000000000007C060020500000003CC5040881
:1050300000000000D00600205000000050C5040809
:105040000000000024070020500000006CC5040888
:1050500000000000780700205000000080C5040810
:1050600000000000CC0700202C00000098C50408B8
:1050700000000000FC070020500000004C08002049
:1050800008000000B0C50408000000005808002017
:1050900050000000A808002008000000CCC504084B
:1050A00000000000B40800205000000004090020A7
:1050B00008000000E4C504080000000010090020FA
:1050C00050000000600900200800000000C604082D
:1050D000000000006C09002050000000BC09002006
:1050E000080000001CC6040800000000C8090020D9
:1050F00050000000180A00200800000034C6040810
:1051000000000000240A002050000000740A002063
:105110000800000050C6040800000000800A0020BB
:1051200050000000D00A0020080000006CC60408EF
:1051300000000000DC0A0020500000002C0B0020C2
:105140000800000088C6040800000000380B00209A
:1051500050000000880B002008000000A0C60408D2
:1051600000000000940B0020BC000000500C002048
:105170000002000029000000000000000000000004
:10518000B8C6040800000000540E0020BC00000057
:10519000100F0020000400002800000000000000A4
:1051A00000000000C4C60408000000001413002022
:1051B000BC000000D0130020000400002800000004
:1051C0000000000000000000D0C60408000000003D
:1051D000D4170020BC000000901800200008000038
:1051E000210000000000000000000000D8C60408F4
:1051F0000000000094200020BC000000502100208E
:105200000020000018000000000000000000000066
:10521000ECC604080000000054410020BC0000005F
:1052200010420020002000001800000000000000D4
:105230000000000000C70408000000001462002005
:10524000BC000000D0620020002000001800000018
:10525000000000000000000014C704080000000067
:10526000D4820020BC0000009083002000040000D5
:1052700028000000000000000000000020C7040813
:105280000000000094870020BC000000508800202F
:1052900000100000180000000000000000000000E6
:1052A0002CC704080000000054980020BC00000037
:1052B00010990020000400002800000000000000F9
:1052C000000000003CC7040800000000149D0020FE
:1052D000BC000000D09D0020000400002000000061
:1052E00000000000000000004CC70408000000009F
:1052F000D4A10020BC00000090A200200004000007
:105300002800000000000000000000005CC7040846
:105310000000000094A60020BC00000050A7002060
:10532000000800002800000000000000000000004D
:1053300074C704080000000054AF0020BC00000047
:1053400010B0002000040000280000000000000051
:105350000000000080C704080000000014B4002012
:10536000BC000000D0B400200004000028000000B1
:1053700000000000000000008CC7040800000000CE
:10538000D4B80020BC00000090B900200004000048
:1053900028000000000000000000000098C704087A
:1053A0000000000094BD0020BC00000050BE0020A2
:1053B00000040000200000000000000000000000C9
:1053C000A8C704080000000054C20020BC00000070
:1053D00010C30020000400002800000000000000AE
:1053E00000000000B4C704080000000014C700203B
:1053F000BC000000D0C700200004000037000000FF
:105400000000000000000000000000000102030492
:105410000000000000000000010203040607080964
:105420000000000000000000A5B30008B1B30008B0
:105430000000000000000000A5B30008B1B30008A0
:105440000000000000000000A5B30008B1B3000890
:105450000000000000000000A5B30008B1B3000880
:105460000000000000000000A5B30008B1B3000870
:105470000000000000000000A5B30008B1B3000860
:105480000000000000000000A5B30008B1B3000850
:105490000000000000000000A5B30008B1B3000840
:1054A0000000000000000000A5B30008B1B3000830
:1054B0000000000000000000A5B30008B1B3000820
:1054C0000000000000000000A5B30008B1B3000810
:1054D000000000000000000025B4000800000000EB
:1054E0000000000021B400080000000000000000DF
:1054F0001DB40008000000000000000019B40008FE
:10550000000000000000000015B4000800000000CA
:105510000000000011B400080000000000000000BE
:105520000DB40008000000000000000009B40008ED
:10553000000000000000000005B4000800000000AA
:105540000000000001B4000800000000000000009E
:10555000FDB300080000000000000000F9B30008DF
:105560000000000000000000F5B30008000000008B
:1055700000000000F1B3000800000000000000007F
:10558000EDB300080000000000000000E9B30008CF
:105590000000000000000000E5B30008000000006B
:1055A00000000000E1B3000800000000000000005F
:1055B000DDB300080000000000000000D9B30008BF
:1055C0000000000000000000D5B30008000000004B
:1055D00000000000D1B3000800000000000000003F
:1055E000CDB300080000000000000000C9B30008AF
:1055F0000000000000000000C5B30008000000002B
:1056000000000000C1B3000800000000000000001E
:10561000BDB300080000000000000000B9B300089E
:105620000000000000000000B5B30008000000000A
:10563000000000000000000000000000000000006A
:1056400005CA0008F9C900080000000000000000B9
:10565000E9D30008F9D200080C0402C9028901004C
:105660000E000000C82E002E802E3DB1C82E002E48
:10567000802E9103802EBCB0802EA303C82E002E56
:10568000802E00B05030212E59F51030212E6AF5B1
:10569000802E3B0300000000081901002200750065
:1056A00000100010D100B343802E00C1802E00C135
:1056B000802E00C1802E00C1802E00C1802E00C12E
:1056C000802E00C1802E00C1802E00C1802E00C11E
:1056D000802E00C1802E00C1802E00C1802E00C10E
:1056E000802E00C1802E00C1802E00C1802E00C1FE
:1056F000802E00C1802E00C1802E00C1802E00C1EE
:10570000802E00C1802E00C1802E00C1802E00C1DD
:10571000802E00C1802E00C1802E00C1802E00C1CD
:10572000802E00C1802E00C1802E00C1802E00C1BD
:10573000802E00C1802E00C1802E00C1802E00C1AD
:10574000802E00C1802E00C1802E00C1802E00C19D
:10575000E05F000000000100000000000000000009
:1057600000009200000000000000000000000000A7
:105770000000000008190000880000000000000080
:1057800005E0AA3805E09030FA0096004B091100B8
:10579000110002002D01D47B3B01DB7A04003F7B2A
:1057A000CD6CC3048509C304ECE60C460100270058
:1057B00019009600A00001000C00F03C000101005F
:1057C000030001000E00000032000500EE06040098
:1057D000C80000000400A805EE060004BC02B300E7
:1057E000850700000000000000000000000000002D
:1057F000000000000000B4000100B90001009800A2
:105800000000000000000000010080000400000013
:105810000000000000000000000000000000000088
:105820000000000000000000000000000000000078
:105830000000000000000000000000000000000068
:105840000000000000000000000000000000000058
:105850000000000000000000000000000000802E9A
:1058600000C1FD2DDE00EB00DA00000CFF0F00048C
:10587000C0005BF5C9011EF280003FFF19F458F526
:1058800066F564F5C0F1F000E000CD01D301DB0165
:10589000FF7FFF01E40074F7F300FA00FF3FCA0343
:1058A0006C3856FE44FDBC02F90600FC1202AE0143
:1058B00058FA9AFD7705BB02960195017F01820196
:1058C0008901870188018A018C018F018D01920174
:1058D0009101DD009F017E01DB00B601706926D3D6
:1058E0009C071F059D000008BC0537FAA201AA010C
:1058F000A101A801A001A805B401B401CE00D00007
:10590000FC00C501FFFBB10000380030FDF5FCF5DF
:10591000CD01A0005FFF0040FF0000806D0FEB0095
:105920007FFFC2F568F7B3F1670F5B0F610F800F60
:1059300058F75BF7830F8600720F850FC6F17F0F54
:105940006CF700E000FFD1F5870F8A0FFF03F03FEF
:105950008B008E009000B9002DF5CAF5CB0120F226
:105960000000000000000000000000000000000037
:105970000000000000000000000000000000000027
:105980000000000000000000000000000000000017
:105990000000000000000000000000000000000007
:1059A00000000000000000000000000000000000F7
:1059B00000000000000000000000000000000000E7
:1059C00000000000000000000000000000000000D7
:1059D00000000000000000000000000000000000C7
:1059E00000000000000000000000000000000000B7
:1059F00000000000000000000000000000000000A7
:105A00000000000000000000000000000000000096
:105A10000000000000000000000000000000000086
:105A20000000000000000000000000000000000076
:105A30000000000000000000000000003050982E20
:105A4000D70E5032982EFA030030F07F002E002E31
:105A5000D02E002E018008A2FB2F982EBA03212EF3
:105A60001900012EEE0000B2072F012E190000B21E
:105A7000032F01500352982E07CC012EDD0000B2F7
:105A8000272F052E8A000552982EC7C1032EE90044
:105A900040B2F07F082F012E190000B2042F003011
:105AA000212EE900982EB4B1012E180000B2102F5B
:105AB0000550982E4DC30550982E5AC7982EF9B40C
:105AC000982E54B2982E67B6982E17B21030212E09
:105AD0007700012EEF0000B2042F982E7AB7003025
:105AE000212EEF00012ED40004AE0B2F012EDD007D
:105AF00000B2072F0552982E8E0E00B2022F1030E2
:105B0000212E7D00012E7D000090902EF102012EAD
:105B1000D70000B2042F982E2F0E0030212E7B00CC
:105B2000012E7B0000B2122F012ED4000090022F14
:105B3000982E1F0E092D982E810D012ED400049051
:105B4000022F5032982EFA030030212E7B00012EB6
:105B50007C0000B2902E0903012E7C000131010867
:105B600000B2042F982E47CB1030212E77008130C1
:105B7000012E7C00010800B2612F032E8900012E46
:105B8000D40098BC98B805B20F58232F0790095439
:105B90000030372F15410441DCBE44BEDCBA2C0175
:105BA00061000F564A0F0C2FD14294B8C1421130F8
:105BB000052E6AF72CBD2FB980B20822982EC3B7E4
:105BC000212D6130232ED400982EC3B70030212E12
:105BD0005AF5182DE17F5030982EFA030F520750D6
:105BE000504270300D5442427E82E26F80B2424297
:105BF000052F212ED4001030982EC3B7032D60300E
:105C0000212ED400012ED4000690182F012E7600EC
:105C10000B540752E07F982E7AC1E16F081A40308A
:105C2000082F212ED4002030982EAFB75032982E56
:105C3000FA03052D982E380E0030212ED4000030A6
:105C4000212E7C00182D012ED40003AA012F982E9E
:105C5000450E012ED4003F8003A2012F002E022DFD
:105C6000982E5B0E3030982ECEB70030212E7D005E
:105C70005032982EFA03012E770000B2242F982E6E
:105C8000F5CB032ED5001154010ABC848386212E46
:105C9000C901E0401352C4408240A8B9524243BEF9
:105CA0005342040A5042E17FF0314140F26F25BD7A
:105CB0000808020AD07F982EA8CF06BCD16FE26FE9
:105CC000080A8042982E58B70030212EEE00212E6F
:105CD0007700212EDD00802EF4011A242200802E70
:105CE000EC011050FB7F982EF3035750FB6F0130EF
:105CF00071541142420EFC2FC02E0142F05F802EE3
:105D000000C1FD2D010000000000000000000000A7
:105D10009A013403000000000000000000000000B1
:105D20000000000000000000000000000000000073
:105D30000000000000000000000000000000000063
:105D40000000000000000000000000000000000053
:105D50000000000000000000000000000000000043
:105D60000000000000000000000000000000000033
:105D70000000000000000000000000000000000023
:105D80000000000000002050E77FF67F06320F2E53
:105D900061F5FE09C0B3042F17302F2EEF002D2E12
:105DA00061F5F66FE76FE05FC82E2050E77FF67F62
:105DB00046300F2EA4F1BE0980B3062F0D2ED4005D
:105DC00084AF022F16302D2E7B0086302D2E60F5ED
:105DD000F66FE76FE05FC82E012E77F709BC0FB8AA
:105DE00000B21050FB7F10300B2F032E8A0096BCA0
:105DF0009FB840B2052F032E68F79EBC9FB840B2F3
:105E0000072F032E7E004190012F982EDC03032CD8
:105E10000030212E7E00FB6FF05FB82E2050E07F17
:105E2000FB7F002E2750982E3BC82950982EA7C8DC
:105E30000150982E55CCE16F2B50982EE0C9FB6F86
:105E40000030E05F212E7E00B82E73500130575491
:105E50001142420EFC2FB82E212E59F51030C02EC3
:105E6000212E4AF19050F77FE67FD57FC47FB37F24
:105E7000A17F907F827F7B7F982E35B700B2902ED6
:105E800097B0032E8F00072E9100052EB1003FBA68
:105E90009FB8012EB100A3BD4C0A052EB10004BE6F
:105EA000BFB9CB0A4FBA22BD012EB300DC0A2FB90D
:105EB000032EB8000ABE9A0ACFB99BBC012E9700E8
:105EC0009FB8930A0FBC910A0FB8900A252E1800AC
:105ED000052EC1F52EBD2EB9012E190031308A04D0
:105EE0000090072F012ED40004A2032F012E1800CA
:105EF00000B20C2F19500552982E4DB7052E780080
:105F000080901030012F212E7800252EDD00982E54
:105F10003EB700B202300130042F012E190000B24A
:105F2000002F2130012EEA00081A0E2F232EEA003E
:105F300033301B500B090140175646BE4B084C0A24
:105F400001420A8015520142002E012E180000B2B3
:105F50001F2F032EC0F5F030480847AA7430072ED3
:105F60007A0061224B1A052F072E66F5BFBDBFB917
:105F7000C0900B2F1D562B30D242DB420104C2428F
:105F800004BDFE808184232E7A0002420232252E37
:105F900062F5052ED6008184252ED6000231252EED
:105FA00060F5052E8A000B50900880B20B2F052E4D
:105FB000CAF5F03E9008252ECAF5052E59F5E03FAA
:105FC0009008252E59F5906FA16FB36FC46FD56FF0
:105FD000E66FF76F7B6F826F705FC82EC050907F47
:105FE000E57FD47FC37FB17FA27F877FF67F7B7FF2
:105FF000002E012E60F5607F982E35B70230636F5A
:106000001552507F627F5A2C02321A0900B3142FA6
:1060100000B2032F092E180000910C2F437F982EF9
:1060200097B71F50028A02320430252E64F51552AC
:10603000506F436F4443252E60F5D908C0B2362F08
:10604000982E3EB700B2062F012E190000B2022F83
:10605000506F00900A2F012E79000090192F1030F8
:10606000212E79000030982EDC03132D012EC3F56C
:106070000CBC0FB81230100403B026252150035277
:10608000982E4DB71030212EEE000230607F252E65
:106090007900606F0090052F0030212EEA00155026
:1060A000212E64F51552232E60F50232506F0090B8
:1060B000022F0330272E7800072E60F51A09009171
:1060C000A32F19090091A02F906FA26FB16FC36F1A
:1060D000D46FE56F7B6FF66F876F405FC82EC0503F
:1060E000E77FF67F26300F2E61F52F2E7C000F2ED6
:1060F0007C00BE09A27F807F80B3D57FC47FB37F41
:10610000917F7B7F0B2F23501A251240427F748290
:106110001240527F002E0040607F982E6AD6813058
:10612000012E7C00010800B2422F032E8900012EAF
:10613000890097BC06BC9FB80FB80090232ED800EA
:10614000103001302A2F032ED40044B2052F47B25D
:1061500000302D2F212E7C002B2D032EFDF59EBC13
:106160009FB84090142F032EFCF599BC9FB8409027
:106170000E2F032E49F125544A084090082F982EDF
:1061800035B700B21030032F5030212ED400102D1F
:10619000982EAFB70030212E7C000A2D052E69F70E
:1061A0002DBD2FB980B2012F212E7D00232E7C0022
:1061B000E031212E61F5F66FE76F806FA26FB36F4C
:1061C000C46FD56F7B6F916F405FC82E60510A25F9
:1061D0003688F47FEB7F0032315232301330982E04
:1061E00015CB0A253384D27F433005502D52982E8B
:1061F00095C1D26F2752982ED7C72A25B086C07F67
:10620000D37FAF842950F16F982E4DC82A25AE8ACE
:10621000AA88F26E2B50C16FD36FF47F982EB6C848
:10622000E06E00B2322F33548386F16FC37F0430A7
:106230003030F47FD07FB27FE330C56F56404541A8
:10624000280803140EB408BC8240100A2F542605F7
:10625000917F4428A37F982ED9C008B933305309C1
:10626000C16FD36FF46F831747406C15B26FBE09CF
:10627000750B90424542510E32BC0289A16F7E8659
:10628000F47FD07FB27F0430916FD62FEB6FA05E8A
:10629000B82E032E97001BBC60509FBC0CB8F07F3B
:1062A00040B2EB7F2B2F032E7F004140012EC80010
:1062B000011A112F3758232EC8001041A07F3881B2
:1062C0000141D07FB17F982E64CFD06F0780A16F3E
:1062D0001142002EB16F01421130012EFC0000A8C6
:1062E0000330CB224A25012E7F003C8935520554CC
:1062F000982EC4CEC16FF06F982E95CF042D01302B
:10630000F06F982E95CFEB6FA05FB82E032EB300E1
:106310000232F030033130508A080808CB08E07FA1
:1063200080B2F37FDB7F252F032ECA004190042F1C
:106330000130232ECA00982E3F03C0B2052F032E32
:10634000DA0000304104232EDA00982E92B2102594
:10635000F06F00B2052F012EDA0002301004212E5A
:10636000DA0040B2012F232EC801DB6FE06FD05F4F
:10637000802E95CF0130E06F982E95CF1130232ECF
:10638000CA00DB6FD05FB82ED0500A253384555039
:10639000D27FE27F038CC07FBB7F0030055A395427
:1063A0005141A57F967F807F982ED9C00530F57F1B
:1063B0002025916F3B583D5C3B56982E67CCC16FB2
:1063C000D56F52405043C17FD57F1025982EFEC90E
:1063D0001025982E74C0866F3028926F828CA56F1E
:1063E0006F52690E3954DB2F19A01530032F00307E
:1063F000212E81010A2D012E810105284236212EF0
:106400008101020E012F982EF303575012300140E4
:10641000982EFEC9516F0B5C8E0E3B6F57580230A1
:10642000212E9501456F2A8DD27FCB7F132F02300D
:106430003F50D27FA80E0E2FC06F5354020051540C
:10644000420E103059520230012F002E032D5042BF
:1064500042421230D27F80B2032F0030212E8001C1
:10646000122D012EC9000280052E800111309128C5
:106470000040252E8001100E052F012E7F01019076
:10648000012F982EF303002EA0410190A67F902E9D
:10649000E3B4012E950100A8902EE3B45B549580DF
:1064A000824080B202402D8C3F52967F902EC2B324
:1064B000290E762F012EC900004081284552B330A5
:1064C000982E0FCA5D54807F002EA140727F82807B
:1064D0008240607F982EFEC91025982E74C0626F8E
:1064E00005308740C0910430052F052E830180B20E
:1064F0001430002F0430052EC900736F8140E24034
:106500006904110FE1401630FE29CB40022F836F42
:10651000830F222F4756130F1230772F4954420E04
:106520001230732F00910A2F012E8B0119A802300F
:106530006C2F6350002E17420542682C12300B2539
:10654000080F5030022F212E8301032D4030212EC1
:1065500083012B2E85015A2C123000912B25042FFC
:10656000635002301742172C0242982EFEC91025A4
:10657000982E74C0052EC90081845B308240372E6E
:106580008301020E072F5F52403062404140910E5E
:10659000012F212E830105302B2E85011230362C40
:1065A00016301525817F982EFEC91025982E74C0AF
:1065B00019A21630152F052E9701806F820E052F18
:1065C000012E86010628212E86010B2D032E870120
:1065D0005F544E289142002E8240900E012F212EB2
:1065E00088010230132C0530C06F081CA80F16302C
:1065F00005305B50092F02802D2E82010542058057
:10660000002E02423E80002E06420230906F3E88ED
:10661000014004414C2801420780102524400040DD
:1066200000A8F522232944427A827E88434004410F
:1066300000ABF523DF284342D9A0142F0090022F8E
:10664000D26F81B2052F6354062890428542092CEF
:1066500002305B500380292E7E012B2E82010542E1
:1066600012302B2E83014582002E40407A8202A0F8
:10667000082F63503B30154205423780372E7E018C
:1066800005421230012EC900028C404084417A8CB0
:10669000040F032F012E8B0119A4042F2B2E82012E
:1066A000982EF303123081906152082F65426542A3
:1066B0004380398482880542454285420543002E45
:1066C00080410090902EE1B46554C16F804000B2CB
:1066D00043586950442F555CB7878C0F0D2E960197
:1066E000C440362F41568B0E2A2F0B52A10E0A2F73
:1066F000052E8F011425982EFEC94B54020F6950A8
:1067000005306554152F032E8E014D5C8E0F3A2FE8
:10671000052E8F01982EFEC94F54820F0530695007
:106720006554302F6D521530428C454204302B2C6D
:1067300084436B52428C002E85431530242C4542F5
:106740008E0F202F0D2E8E01B10E1C2F232E8E01A9
:106750001A2D0E0E172FA10F152F232E8D01132D7D
:10676000982E74C04354C20E0A2F655004800B301B
:1067700006820B42798041401230252E8C01014265
:1067800005306950655484824384BE8C84408641C0
:1067900026299442BE8ED57F19A143400B2E8C0131
:1067A0008440C7415D29272945428442C27F012F89
:1067B000C0B31D2F052E940199A0012F80B3132F74
:1067C00080B3182FC0B3162F12400140927F982E2D
:1067D00074C0926F100F2030032F1030212E7E01D5
:1067E0000A2D212E7E01072D2030212E7E01032D22
:1067F0001030212E7E01C26F012EC900BC840280A0
:1068000082400040900ED56F022F1530982EF30372
:1068100041910530072F67503D802B2E8F01054297
:106820000480002E0542022C00300030A26F988AAE
:10683000864080A7052F982EF303C030212E9501A6
:1068400006251A25E26F768296405643510EFB2F9D
:10685000BB6F305FB82E012EB8000131410840B245
:106860002050F2300208FB7F0130102F052ECC00A3
:106870008190E07F032F232ECC00982E55B6982EC2
:106880001DB51025FB6FE06FE05F802E95CF982E31
:1068900095CF1030212ECC00FB6FE05FB82E005159
:1068A0000558EB7F2A2589526F5A895013410640BB
:1068B000B3011642CB160640F3021342650EF52FC4
:1068C000054014302C29044208A10030902E52B605
:1068D000B388B08AB684A47FC47FB57FD57F927F0A
:1068E00073300430554042408A17F3086B01900220
:1068F00053B84B82ADBE717F450A0954847F982EF0
:10690000D9C0A36F7B54D042A37FF27F607F202544
:10691000716F755A7758795C7556982E67CCB16F40
:10692000626F5042B17FB3301025982E0FCA846F2A
:106930002029716F926FA56F76826A0E73300030D6
:10694000D02FD26FD17FB47F982E2BB715BD0BB847
:10695000020AC26FC07F982E2BB715BD0BB8420A32
:10696000C06F081741188916E118D018A17F272594
:106970001625982E79C08B54907FB330824080903A
:106980000D2F7D52926F982E0FCAB26F900E062F68
:106990008B501430426F516F144212420142002E4C
:1069A000316F982E74C0416F807F982E74C0826FB3
:1069B00010044352010F052ECB0000300430212F6C
:1069C000516F43588C0E04301C2F8588416F044151
:1069D0008C0F0430162F8488002E044104058C0E81
:1069E00004300F2F8288316F044104058C0E04306F
:1069F000082F8388002E04418C0F0430022F212E93
:106A0000AD0114300091142F032EA10141900E2FDF
:106A1000032EAD0114304C28232EAD0146A0062FC5
:106A200081848D5248828240212EA10142425C2CF9
:106A30000230052EAA0180B20230552F032EA90183
:106A4000926FB330982E0FCAB26F900F00300230A1
:106A50004A2FA26F875291008552510E022F002EAD
:106A6000432C0230C26F7F52910E02303C2F516F87
:106A70008154982EFEC91025B3302125982E0FCAB7
:106A8000326FC07FB3301225982E0FCA426FB07F8D
:106A9000B3301225982E0FCAB26F90288352982EC9
:106AA000FEC9C26F900F003002301D2F052EA101CC
:106AB00080B212300F2F426F032EAB01910E0230C5
:106AC000122F526F032EAC01910F02300C2F212E8A
:106AD000AA010A2C1230032ECB008D5808894140A0
:106AE00011430043252EA101D46F8F5200433A89F0
:106AF000002E10431043610EFB2F032EA001111A2C
:106B0000022F0225212EA001EB6F005FB82E9152BB
:106B100010300230955652424B0EFC2F8D54888215
:106B2000935680425342404242868354C02EC24212
:106B3000002EA3520051524047401A25012E9700C3
:106B40008FBE7286FB7F0B307CBFA5501008DFBA6A
:106B50007088F8BFCB42D37F6CBBFCBBC50A907F6B
:106B60001B7F0B43C0B2E57FB77FA67FC47F902E0B
:106B70001CB7072ED200C0B20B2F9752012ECD00AA
:106B8000827F982EBBCC0B30372ED200826F906F55
:106B90001A2500B28B7F142FA6BD25BDB6B92FB91B
:106BA00080B2D4B00C2F99549B560B300B2EB100F1
:106BB000A1589B42DB426C092B2EB1008B42CB4289
:106BC000867F7384A756C30839520550727F637F4E
:106BD000982EC2C0E16F626FD10A012ECD00D56F31
:106BE000C46F726F97529D5C982E06CD236F906F85
:106BF0009952C0B204BD5440AFB94540E17F023064
:106C0000062FC0B20230032F9B5C123094438543A1
:106C100003BF6FBB80B3202F066F2601166F6E0374
:106C20004542C090292ECE009B52142F9B5C002E13
:106C300093418641E304AE0780AB042F80910A2F75
:106C4000866F730F072F836FC0B2042F54424542E3
:106C50001230042C1130022C1130113002BC0FB84C
:106C6000D27F00B20A2F012EFC00052EC701101A98
:106C7000022F212EC701032D022C01300130B06FED
:106C8000982E95CFD16FA06F982E95CFE26F9F521F
:106C9000012ECE00824050420C2C42421130232E55
:106CA000D2000130B06F982E95CFA06F0130982E92
:106CB00095CF002EFB6F005FB82E83860130003029
:106CC000944024180600530E4F02F92FB82EA952F3
:106CD000002E604041400DBC98BCC02E010A0FB888
:106CE000AB52533C524040404B00821626B901B88B
:106CF0004140100897B80108C02E113001084386A2
:106D000025400440D8BE2C0B2211544203804B0E68
:106D1000F62FB82E9F501050AD52052ED300FB7F9A
:106D2000002E13409342410EFB2F982EA5B7982EAC
:106D300087CF012ED90000B2FB6F0B2F012E69F710
:106D4000B13F01080130F05F232ED900212E69F7F1
:106D5000802E7AB7F05FB82E012EC0F8032EFCF516
:106D60001554AF5682080B2E69F7CB0AB1588090A4
:106D7000DDBE4C085FB959228090072F0334C30849
:106D8000F23A0A080235C0904A0A4822C02E232E41
:106D9000FCF51050FB7F982E56C7982E49C3103033
:106DA000FB6FF05F212ECC00212ECA00B82E032EDF
:106DB000D30016B802344A0C212E2DF5C02E232EF6
:106DC000D30003BC212ED500032ED50040B21030D5
:106DD000212E77000130052F052ED8008090012F3D
:106DE000232E6FF5C02E212ED90011308108012EDF
:106DF0006AF7713F23BD0108020AC02E212E6AF7EF
:106E000030250030212E5AF51050212E7B00212EE6
:106E10007C00FB7F982EC3B74030212ED400FB6F3F
:106E2000F05F0325802EAFB7802E00C1802E00C1F9
:106E3000802E00C1802E00C1802E00C1802E00C196
:106E4000802E00C1802E00C1802E00C1802E00C186
:106E5000802E00C1802E00C1802E00C1802E00C176
:106E6000802E00C1012E5DF708BC80AC0EBB022F46
:106E7000003041048206C0A40030112F40A9032F26
:106E800040910D2F00A70B2F80B3B358022F90A174
:106E90002613202380901030012FCC0E002F0030BD
:106EA000B82EB550180808BC88B60D17C6BD56BC1C
:106EB000B758DABA04011D0A1050053032254503CF
:106EC000FB7FF6302125982E37CA16B59ABC06B836
:106ED00080A8410A0E2F8090022F2D50480F092FB5
:106EE000BFA0042FBF90062FB754CA0F032F002E48
:106EF000022CB7522D52F233982ED9C0FB6FF137C6
:106F0000C02E0108F05FBF56B954D040C4400B2ECC
:106F1000FDF3BF529042944295420530C1500F8814
:106F2000064004419642C54248BE73300D2ED8003B
:106F30004FBA8442034281B3022F2B2E6FF5062DE8
:106F4000052E77F7BD569308252E77F7BB54252ECF
:106F5000C2F5072EFDF34230B433DA0A4C00272E77
:106F6000FDF34340D43FDC084342002E002E434053
:106F70002430DC0A43420480032EFDF34A0A232E08
:106F8000FDF36134C02E0142002E60501A257A862E
:106F9000E07FF37F0325C3524184DB7F3330982E9B
:106FA00016C21A257D82F06FE26F3225164094409A
:106FB000260185408E17C4426E039542410EF42F80
:106FC000DB6FA05FB82EB051FB7F982EE80D5A25DD
:106FD000982E0F0ECB583287C47F65896B8DC55AAA
:106FE000657FE17F837FA67F747FD07FB67F947FAC
:106FF0001730C752C954517F002E856F427F002E33
:1070000051414581424113403B8A00404B04D00628
:10701000C0AC857F022F02305104D3064184053075
:107020005D02C916DF08D3008D02AFBCB1B9590AA1
:10703000656F1143A1B4524153410143347F657FD1
:107040002631E56FD46F982E37CA326F756F834043
:107050004241237F127FF63040255125982E37CAB2
:10706000146F2005706F256F6907A26F316F0B30A9
:1070700004429B428B425542327F40A9C36F717FCD
:107080000230D040C37F032F4091152F00A7132F4C
:1070900000A4112F84BD982E79CA556FB75454415E
:1070A0008200F33F4541CB02F630982E37CA356F48
:1070B000A46F4143032C0043A46F356F1730426F18
:1070C000516F934042820041C3000343517F002E21
:1070D000944041414C02C46FD156630E746F5143CA
:1070E000A57F8A2F092ED80001B3212FCB58906F8E
:1070F0001341B66FE47F002E914114409241154038
:10710000172E6FF5B67FD07FCB7F982E000C07151A
:10711000C26F140B292E6FF5C3A3C18FE46FD06F1C
:10712000E62F1430052E6FF5140B292E6FF5182D50
:10713000CD560432B56F1C0151415241C340B57F59
:10714000E47F982E1F0CE46F218700430432CF5454
:107150005A0EEF2F1554092E77F7220B292E77F7A9
:10716000FB6F505EB82E1050012ED40000B2FB7F92
:10717000512F01B2482F02B2422F0390562FD752FF
:1071800079804240818400404242982E930CD95429
:10719000D750A14098BD82403E82DA0A44408B1607
:1071A000E3005342002E43409A025242002E4140D7
:1071B00015544A0E3A2F3A8200304140212E850F55
:1071C00040B20A2F982EB10C982E450E982E5B0EC9
:1071D000FB6FF05F0030802ECEB7DD52D3544242B9
:1071E0004F847330DB5283421B306B422330272E97
:1071F000D700372ED400212ED6007A84172C424295
:107200003030212ED400122D21300030232ED40016
:10721000212E7BF70B2D1730982E510CD5500C8258
:1072200072302F2ED400252E7BF74042002EFB6FAC
:10723000F05FB82E70500A253986FB7FE13262304C
:10724000982EC2C4B556A56FAB08916F4B08DF5698
:10725000C46F23094DBA93BC8C0BD16F0B09CB5271
:10726000E15E5642AF094DBA23BD940AE56F68BB93
:10727000EB08BDB963BEFB6F5242E30AC02E434226
:10728000905FD150032E25F3134000409BBC9BB46C
:1072900008BDB8B998BCDA0A08B68916C02E19001C
:1072A00062021050FB7F982E810D012ED4003130E8
:1072B0000804FB6F0130F05F232ED600212ED7008B
:1072C000B82E012ED700032ED600480E012F802E97
:1072D0001F0EB82EE350213401428230C132252ED8
:1072E00062F50100223001404A0A0142B82EE354FF
:1072F000F03B8340D808E55283420030833050424F
:10730000C432272E64F5940050424042D33F84405B
:107310007D82E30840428342B82EDD520030404275
:107320007C86B952092E700FBF54C442D386544094
:10733000554094428542212ED7004240252EFDF330
:10734000C0427E82052E7D0080B2142F052E89005A
:1073500027BD2FB98090022F212E6FF50C2D072EFF
:10736000710F14301C09052E77F7BD5647BE9308E0
:10737000940A252E77F7E75450424A0EFC2FB82E78
:10738000505002304386E550FB7FE37FD27FC07FC1
:10739000B17F002E414000404804982E74C01EAAC0
:1073A000D36F1430B16FE322C06F5240E46F4C0EC4
:1073B0001242D37FEB2F032E860F40901130032F04
:1073C000232E860F022C0030D06FFB6FB05FB82EDB
:1073D0004050F17F0A253C86EB7F41332230982EC6
:1073E000C2C4D36FF430DC094758C26F9409EB581C
:1073F0006ABBDC08B4B9B1BDE95A950821BDF6BF36
:10740000770B51BEF16FEB6F52425442C02E434294
:10741000C05F5050F55031301142FB7F7B300B4242
:1074200011300280233301420300072E8003052E12
:10743000D3002352E27FD37FC07F982EB60ED16F48
:10744000080A1A257B86D07F01331230982EC2C4D9
:10745000D16F080A00B20D2FE36F012E8003513067
:10746000C786232E21F208BCC042982EA5B7002E55
:10747000002ED02EB06F0BB8032E1B00081AB07F61
:107480007030042F212E21F2002E002ED02E982EA7
:107490006DC0982E5DC0ED50982E44CBEF50982EC5
:1074A00046C3F150982E53C73550982E64CF1030F4
:1074B000982EDC032026C06F02311242AB330B4200
:1074C000378001300142F337F752FB504440A20AA3
:1074D00042428B31092E5EF7F954E30883421B4286
:1074E00023334B00BC840B40333083420B42E07F9C
:1074F000D17F982E58B7D16F803040420330E06F73
:10750000F3540430002E002E0189620EFA2F4342FC
:107510001130FB6FC02E0142B05FC14A00006D57B1
:107520000000778E0000E0FFFFFFD3FFFFFFE5FFC5
:10753000FFFFEEE1FFFF7C13000046E6FFFF0000C7
:10754000000000000000000000000000000000003B
:10755000000000000000000000000000000000002B
:10756000000000000000000000000000000000001B
:107570000000000000000000802E00C1802E00C12D
:10758000802E00C1802E00C1802E00C1802E00C13F
:10759000802E00C1802E00C1802E00C1802E00C12F
:1075A000802E00C1802E00C1802E00C1802E00C11F
:1075B000802E00C1802E00C1802E00C1802E00C10F
:1075C000802E00C1802E00C1802E00C1802E00C1FF
:1075D000802E00C1802E00C1802E00C1802E00C1EF
:1075E000802E00C1802E00C1802E00C1802E00C1DF
:1075F000802E00C1802E00C1802E00C1802E00C1CF
:10760000802E00C1802E00C1802E00C1802E00C1BE
:10761000802E00C1802E00C1802E00C1802E00C1AE
:10762000802E00C1802E00C1802E00C1802E00C19E
:10763000802E00C1802E00C1802E00C1802E00C18E
:10764000802E00C1802E00C1802E00C1802E00C17E
:10765000802E00C1802E00C1802E00C1802E00C16E
:10766000802E00C1000000000000000091E500082D
:107670003DDB000888CC002030CC0020D8CB002097
:107680000000000000000000D9EB0008A9EB000892
:107690000000000000000000B1F0000885F00008C4
:1076A0000000000000000000C1F7000835F60008E7
:1076B00005065402005E0201000000000000000008
:1076C000D501010819FC00080000000000000000BE
:1076D00005060108490501080412043003000000F2
:1076E0000000000000000000150B0108D908010887
:1076F00010EB04080000000000000000C9110108A0
:10770000A510010800000000000000005918010841
:107710001D140108000000000000000041220108C3
:10772000352201080000000000000000F9280108CF
:10773000F52801080C00F000000000000000000027
:10774000793501085D2C0108010007800000000068
:107750000000000031370108353701080000000043
:1077600000000000D53C0108D93C010801000000E0
:1077700003000000030000000300000003000000FD
:1077800003000000030000000300000003000000ED
:1077900003000000030000000300000003000000DD
:1077A00000000000020000000000000000000000D7
:1077B00035490108394901080000000003000000B4
:1077C00003000000030000000300000003000000AD
:1077D000030000000300000003000000030000009D
:1077E0000300000003000000010000000200000090
:1077F0000000000000000000F94D0108FD4D0108E7
:107800000000000000000000555101085951010816
:1078100000000000000000006D53010869530108DA
:1078200000000000000000005955010855550108EE
:107830000000000000000000AD590108A559010832
:107840000000000000000000A5B30008B1B300086C
:107850000000000000000000156B0108196B010812
:107860000000000000000000A5710108A9710108D6
:1078700000000000963007772C610EEEBA5109998E
:1078800019C46D078FF46A7035A563E9A395649EEA
:107890003288DB0EA4B8DC791EE9D5E088D9D2970E
:1078A0002B4CB609BD7CB17E072DB8E7911DBF906A
:1078B0006410B71DF220B06A4871B9F3DE41BE848E
:1078C0007DD4DA1AEBE4DD6D51B5D4F4C785D383EA
:1078D00056986C13C0A86B647AF962FDECC9658A8E
:1078E0004F5C0114D96C0663633D0FFAF50D088DEA
:1078F000C8206E3B5E10694CE44160D5727167A28E
:10790000D1E4033C47D4044BFD850DD26BB50AA5E9
:10791000FAA8B5356C98B242D6C9BBDB40F9BCAC0D
:10792000E36CD832755CDF45CF0DD6DC593DD1AB69
:10793000AC30D9263A00DE518051D7C81661D0BF8D
:10794000B5F4B42123C4B3569995BACF0FA5BDB8E9
:107950009EB802280888055FB2D90CC624E90BB18D
:10796000877C6F2F114C6858AB1D61C13D2D66B6E9
:107970009041DC760671DB01BC20D2982A10D5EF4D
:107980008985B1711FB5B606A5E4BF9F33D4B8E8A9
:10799000A2C9077834F9000F8EA8099618980EE14D
:1079A000BB0D6A7F2D3D6D08976C6491015C63E6A9
:1079B000F4516B6B62616C1CD83065854E0062F2CD
:1079C000ED95066C7BA5011BC1F4088257C40FF529
:1079D000C6D9B06550E9B712EAB8BE8B7C88B9FC4D
:1079E000DF1DDD62492DDA15F37CD38C654CD4FBA9
:1079F0005861B24DCE51B53A7400BCA3E230BBD44D
:107A000041A5DF4AD795D83D6DC4D1A4FBF4D6D3A8
:107A10006AE96943FCD96E34468867ADD0B860DA4C
:107A2000732D0444E51D03335F4C0AAAC97C0DDDA8
:107A30003C710550AA41022710100BBE86200CC9CC
:107A400025B56857B3856F2009D466B99FE461CE28
:107A50000EF9DE5E98C9D9292298D0B0B4A8D7C74C
:107A6000173DB359810DB42E3B5CBDB7AD6CBAC0A8
:107A70002083B8EDB6B3BF9A0CE2B6039AD2B174C4
:107A80003947D5EAAF77D29D1526DB048316DC7320
:107A9000120B63E3843B64943E6A6D0DA85A6A7AC4
:107AA0000BCF0EE49DFF099327AE000AB19E077D20
:107AB00044930FF0D2A3088768F2011EFEC2066944
:107AC0005D5762F7CB67658071366C19E7066B6EA0
:107AD000761BD4FEE02BD3895A7ADA10CC4ADD67C4
:107AE0006FDFB9F9F9EFBE8E43BEB717D58EB06020
:107AF000E8A3D6D67E93D1A1C4C2D83852F2DF4FC4
:107B0000F167BBD16757BCA6DD06B53F4B36B2481F
:107B1000DA2B0DD84C1B0AAFF64A0336607A0441C3
:107B2000C3EF60DF55DF67A8EF8E6E3179BE69461F
:107B30008CB361CB1A8366BCA0D26F2536E2685243
:107B400095770CCC03470BBBB91602222F2605559F
:107B5000BE3BBAC5280BBDB2925AB42B046AB35CC3
:107B6000A7FFD7C231CFD0B58B9ED92C1DAEDE5B1F
:107B7000B0C2649B26F263EC9CA36A750A936D0203
:107B8000A906099C3F360EEB85670772135700055F
:107B9000824ABF95147AB8E2AE2BB17B381BB60C83
:107BA0009B8ED2920DBED5E5B7EFDC7C21DFDB0BDF
:107BB000D4D2D38642E2D4F1F8B3DD686E83DA1F03
:107BC000CD16BE815B26B9F6E177B06F7747B7185F
:107BD000E65A0888706A0FFFCA3B06665C0B011103
:107BE000FF9E658F69AE62F8D3FF6B6145CF6C165F
:107BF00078E20AA0EED20DD75483044EC2B3033903
:107C0000612667A7F71660D04D476949DB776E3E5E
:107C10004A6AD1AEDC5AD6D9660BDF40F03BD83782
:107C200053AEBCA9C59EBBDE7FCFB247E9FFB530DE
:107C30001CF2BDBD8AC2BACA3093B353A6A3B42402
:107C40000536D0BA9306D7CD2957DE54BF67D9235E
:107C50002E7A66B3B84A61C4021B685D942B6F2A02
:107C600037BE0BB4A18E0CC31BDF055A8DEF022D5E
:107C700000000000000000007D99010800000000E5
:107C80000000000055A701080000000000000000EF
:107C900065A701080000000000000000D5B501083C
:107CA000000000000000000011CB010865ED010894
:107CB00009F3010825FE0108FD010208F5F001089D
:107CC00069CC0108B5C50108A5D301083DBA010872
:107CD00045BA01089DC90108CDBF01080000000098
:107CE0000100000002000000040000000700000086
:107CF0000A0000000D00000010000000000000005D
:107D000000000000711F02080000000000000000D9
:107D1000811F02080000000000000000F14302087B
:107D200058524253440000000200000001000000CD
:107D3000030000000300000004000000000610160D
:107D40000006101662617369635F737472696E670F
:107D50003A3A5F4D5F6372656174650025733A203E
:107D60005F5F706F7320287768696368206973208C
:107D7000257A7529203E20746869732D3E73697ACF
:107D80006528292028776869636820697320257A27
:107D900075290062617369635F737472696E673A13
:107DA0003A61743A205F5F6E2028776869636820C3
:107DB000697320257A7529203E3D20746869732DEA
:107DC0003E73697A65282920287768696368206985
:107DD0007320257A75290062617369635F73747219
:107DE000696E673A3A6572617365006261736963CF
:107DF0005F737472696E673A3A5F4D5F7265706C5B
:107E00006163655F6175780062617369635F737454
:107E100072696E673A3A696E736572740062617373
:107E200069635F737472696E673A3A7265706C6108
:107E300063650062617369635F737472696E673A48
:107E40003A5F4D5F7265706C616365006261736972
:107E5000635F737472696E673A3A61737369676ED0
:107E60000062617369635F737472696E673A3A6145
:107E70007070656E640062617369635F73747269C8
:107E80006E673A3A636F70790062617369635F731A
:107E90007472696E673A3A636F6D70617265006201
:107EA000617369635F737472696E673A3A62617392
:107EB00069635F737472696E670062617369635F9F
:107EC000737472696E673A3A737562737472007391
:107ED0007472696E673A3A737472696E67006261B0
:107EE0007369635F737472696E673A20636F6E7350
:107EF0007472756374696F6E2066726F6D206E7533
:107F00006C6C206973206E6F742076616C696400FC
:107F1000232D302B2000686C4C0065666745464772
:107F200000303132333435363738394142434445F5
:107F30004600303132333435363738396162636464
:107F400065660000FFFFFFFF00000080DB0F494077
:107F5000DB0F49C0DB0F49BFE4CB1640E4CB16C0B2
:107F6000000000000000008000000000DCCFD135E0
:107F70000000000000C0153F0000803F0000C03F2F
:107F8000000FC93F000F494000CB9640000FC94089
:107F90000053FB4000CB164100ED2F41000F49413B
:107FA0000031624100537B41003A8A4100CB964147
:107FB000005CA34100EDAF41007EBC41000FC94110
:107FC00000A0D5410031E24100C2EE410053FB4127
:107FD00000F20342003A0A420083104200CB1642EC
:107FE00000141D42005C234200A5294200ED2F42EF
:107FF00000363642007E3C4200C74242000F4942F2
:10800000A2000000F9000000830000006E000000E4
:108010004E00000044000000150000002900000090
:10802000FC0000002700000057000000D100000005
:10803000F500000034000000DD000000C00000007A
:10804000DB000000620000009500000099000000C5
:108050003C000000430000009000000041000000D0
:10806000FE0000005100000063000000AB000000B3
:10807000DE000000BB000000C50000006100000041
:10808000B7000000240000006E0000003A0000006D
:10809000420000004D000000D2000000E00000009F
:1080A00006000000490000002E000000EA00000069
:1080B00009000000D1000000920000001C00000038
:1080C000FE0000001D000000EB0000001C0000008E
:1080D000B100000029000000A70000003E000000E1
:1080E000E80000008200000035000000F5000000FC
:1080F0002E000000BB0000004400000084000000CF
:10810000E90000009C000000700000002600000054
:10811000B40000005F0000007E000000410000008D
:108120003900000091000000D60000003900000076
:10813000830000005300000039000000F40000003C
:108140009C000000840000005F0000008B00000025
:10815000BD000000F9000000280000003B00000006
:108160001F000000F800000097000000FF00000062
:10817000DE00000005000000980000000F00000075
:10818000EF0000002F000000110000008B00000035
:108190005A0000000A0000006D0000001F000000EF
:1081A0006D000000360000007E000000CF000000DF
:1081B00027000000CB00000009000000B70000000D
:1081C0004F000000460000003F0000006600000075
:1081D0009E0000005F000000EA0000002D0000008B
:1081E0007500000027000000BA000000C700000072
:1081F000EB000000E5000000F10000007B00000043
:108200003D0000000700000039000000F7000000FA
:108210008A0000005200000092000000EA00000006
:108220006B000000FB0000005F000000B1000000D8
:108230001F0000008D0000005D000000080000002D
:10824000560000000300000030000000460000005F
:10825000FC0000007B0000006B000000AB00000091
:10826000F0000000CF000000BC0000002000000073
:108270009A000000F4000000360000001D0000001D
:10828000A9000000E3000000910000006100000070
:108290005E000000E60000001B0000000800000077
:1082A0006500000099000000850000005F000000EC
:1082B00014000000A0000000680000004000000062
:1082C0008D000000FF000000D800000080000000CA
:1082D0004D00000073000000270000003100000086
:1082E0000600000006000000150000005600000017
:1082F000CA00000073000000A8000000C9000000D0
:1083000060000000E20000007B000000C0000000F0
:108310008C0000006B0000006937AC31682122330B
:10832000B40F14336821A2333863ED3EDA0F493FAE
:108330005E987B3FDA0FC93F0000C93F0000F0396B
:108340000000DA370000A2330000842E0000502B1A
:108350000000C2270000D0220000C41F0000C61B7E
:10836000000044170400000007000000090000009E
:08837000A0FEFA7F01000000ED
:10837800F58100084D7B0108BDB50108750B0208A1
:08838800C5120208713D020854
:08839000D1810008717B010896
:108398000000000030CE00200024F40050560508EC
:1083A80000000000A876050800000000D076050847
:1083B80000000000E8760508000000001C770508AA
:1083C800000000002C770508000000004077050831
:1083D8000000000000000000000000000000000095
:1083E8000000000000000000000000000000000085
:1083F8000000000000000000000000000000000075
:108408000000000000000000000000000000000064
:108418000000000000000000000000000000000054
:1084280054770508B0770508F877050858780508DF
:1084380060F40020140000000000000000000000AC
:1084480000000000D404002058CF00200000204184
:108458000000A04000000000000000000000000034
:108468000000000000000000000000000000000004
:1084780000000000000000000000000000000000F4
:1084880000000000000000000000000000000000E4
:1084980000000000000000000000000000000000D4
:1084A80000000000000000000000000000000000C4
:1084B80000000000000000000000000000000000B4
:1084C80000000000000000000000000000000000A4
:1084D8000000000000000000000000000000000094
:1084E8000000000000000000000000000000000084
:1084F8000000000000000000000000000000000074
:108508000000000000000000000000000000000063
:108518000000000000000000000000000000000053
:10852800C3642A3B9A99D93F9A99993F0000204100
:108538000000A04000000000000000000000000053
:108548000000000000000000000000000000000023
:108558000000000000000000000000000000000013
:108568000000000000000000000000000000000003
:1085780000000000000000000000000000000000F3
:1085880000000000000000000000000000000000E3
:1085980000000000000000000000000000000000D3
:1085A80000000000000000000000000000000000C3
:1085B80000000000000000000000000000000000B3
:1085C80000000000000000000000000000000000A3
:1085D8000000000000000000000000000000000093
:1085E8000000000000000000000000000000000083
:1085F8000000000000000000000000000000000073
:10860800C3642A3B9A99D93F9A99993F000020411F
:108618000000A04000000000000000000000000072
:108628000000000000000000000000000000000042
:108638000000000000000000000000000000000032
:108648000000000000000000000000000000000022
:108658000000000000000000000000000000000012
:108668000000000000000000000000000000000002
:1086780000000000000000000000000000000000F2
:1086880000000000000000000000000000000000E2
:1086980000000000000000000000000000000000D2
:1086A80000000000000000000000000000000000C2
:1086B80000000000000000000000000000000000B2
:1086C80000000000000000000000000000000000A2
:1086D8000000000000000000000000000000000092
:1086E800C3642A3B0000C03F0000803F00002041D7
:1086F8000000A04000000000000000000000000092
:108708000000000000000000000000000000000061
:108718000000000000000000000000000000000051
:108728000000000000000000000000000000000041
:108738000000000000000000000000000000000031
:108748000000000000000000000000000000000021
:108758000000000000000000000000000000000011
:108768000000000000000000000000000000000001
:1087780000000000000000000000000000000000F1
:1087880000000000000000000000000000000000E1
:1087980000000000000000000000000000000000D1
:1087A80000000000000000000000000000000000C1
:1087B80000000000000000000000000000000000B1
:1087C800C3642A3B9A99D93F9A99993FAAAAAAAA17
:1087D800010000001000000000000000030000007D
:1087E800848E01205804002000000000848E01209F
:1087F800EC8E0120548F01200000000000000000D2
:108808000000000000000000000000000000000060
:108818000000000000000000000000000000000050
:108828000000000000000000000000000000000040
:0C8838000000000091B50408CA8F012068
:040000050800B351EB
:00000001FF
