:020000040800F2
:108000000000022031B90008ADA60008B1A60008A2
:10801000B5A60008B9A60008BDA60008000000002B
:10802000000000000000000000000000E1BC0208A9
:10803000C1A6000800000000A1BD0208CDA90208E9
:1080400081B9000881B9000881B9000881B9000828
:1080500081B9000881B90008C5A60008CDA60008AE
:1080600081B90008D5A60008DDA60008E5A600082D
:10807000F1A60008FDA6000881B9000881B9000832
:1080800009A7000815A7000881B9000821A7000862
:108090002DA7000839A7000881B9000845A70008E6
:1080A00081B9000859A7000881B9000881B9000802
:1080B00081B9000865A7000881B9000871A7000808
:1080C0007DA7000889A7000895A7000881B90008C6
:1080D00081B9000881B90008A1A7000881B900088A
:1080E000ADA7000881B9000881B9000881B900086E
:1080F00081B9000881B9000881B9000881B9000878
:1081000081B9000881B9000881B9000881B9000867
:1081100081B9000881B90008D5A70008E1A70008C7
:1081200081B9000881B9000881B9000881B9000847
:1081300081B90008000000000000000081B90008BB
:1081400081B9000881B9000881B9000881B9000827
:1081500081B9000881B9000881B9000881B9000817
:10816000F5A7000801A8000881B9000881B9000836
:1081700081B9000881B9000881B900080000000039
:108180000000000081B900080000000000000000AD
:1081900081B90008000000000000000081B900085B
:1081A00000000000000000000000000081B900088D
:1081B00081B9000881B9000881B9000881B90008B7
:0481C00081B9000879
:1081D00010B5054C237833B9044B13B10448AFF301
:1081E00000800123237010BDD00400200000000097
:1081F00020DF040808B5034B1BB103490348AFF364
:10820000008008BD00000000D404002020DF040826
:10821000A3F5803A704700BF174B002B08BF134BE4
:108220009D46FFF7F5FF00218B460F461348144A81
:10823000121A44F0BAFE0E4B002B00D098470D4B9B
:10824000002B00D098470020002104000D000D48AD
:10825000002802D00C4844F030FC45F003F8200020
:10826000290001F0E1FE44F02FFC00BF00000800EF
:10827000000000000000000000000000D00400200A
:1082800024960120BBCA0408000000005CA4050875
:1082900000000020C8040020D00400202496012003
:1082A0004FEA4102B2F1E04324BFB3F5001CDCF118
:1082B000FE5C0DD901F0004C4FEAC0024CEA507050
:1082C000B2F1004F40EB830008BF20F0010070477F
:1082D00011F0804F21D113F13872BCBF01F0004082
:1082E000704741F480114FEA5252C2F11802C2F1B4
:1082F000200C10FA0CF320FA02F018BF40F0010035
:108300004FEAC1234FEAD32303FA0CFC40EA0C00E6
:1083100023FA02F34FEA4303CCE77FEA625307D123
:1083200050EA01331EBF4FF0FE4040F4400070475A
:1083300001F0004040F0FE4040F40000704700BFF4
:1083400080F0004002E000BF81F0004142001FBF0A
:108350005FEA410392EA030F7FEA226C7FEA236C13
:108360006AD04FEA1262D2EB1363C1BFD218414008
:1083700048404140B8BF5B42192B88BF704710F09E
:10838000004F40F4000020F07F4018BF404211F041
:10839000004F41F4000121F07F4118BF494292EAA9
:1083A000030F3FD0A2F1010241FA03FC10EB0C00D5
:1083B000C3F1200301FA03F100F0004302D5494262
:1083C00060EB4000B0F5000F13D3B0F1807F06D30F
:1083D00040084FEA310102F10102FE2A51D2B1F107
:1083E000004F40EBC25008BF20F0010040EA0300FC
:1083F0007047490040EB0000013A28BFB0F5000F7C
:10840000EDD2B0FA80FCACF1080CB2EB0C0200FA31
:108410000CF0AABF00EBC25052421843BCBFD04080
:108420001843704792F0000F81F4000106BF80F4FA
:1084300000000132013BB5E74FEA41037FEA226CBD
:1084400018BF7FEA236C21D092EA030F04D092F088
:10845000000F08BF0846704790EA010F1CBF0020BC
:10846000704712F07F4F04D1400028BF40F0004019
:10847000704712F100723CBF00F50000704700F039
:10848000004343F0FE4040F4000070477FEA226260
:1084900016BF08467FEA23630146420206BF5FEA31
:1084A000412390EA010F40F4800070474FF0000331
:1084B00004E000BF10F0004348BF40425FEA000CF8
:1084C00008BF704743F0964301464FF000001CE0A0
:1084D00050EA010208BF70474FF000030AE000BFF6
:1084E00050EA010208BF704711F0004302D5404234
:1084F00061EB41015FEA010C02BF844601460020A6
:1085000043F0B64308BFA3F18053A3F50003BCFAC0
:108510008CF2083AA3EBC25310DB01FA02FC63446D
:1085200000FA02FCC2F12002BCF1004F20FA02F274
:1085300043EB020008BF20F00100704702F1200267
:1085400001FA02FCC2F1200250EA4C0021FA02F2C8
:1085500043EB020008BF20EADC7070477BB972B9B8
:108560000029BEBF00204FF0004106E008BF0028F0
:108570001CBF6FF000414FF0FF3000F0D3B9ADF1F8
:10858000080C6DE904CE002909DB002B1ADB00F092
:108590004DF8DDF804E0DDE9022304B07047404205
:1085A00061EB4101002B1BDB00F040F8DDF804E03B
:1085B000DDE9022304B0404261EB4101524263EB2A
:1085C00043037047524263EB430300F02FF8DDF89A
:1085D00004E0DDE9022304B0404261EB4101704751
:1085E000524263EB430300F021F8DDF804E0DDE9DB
:1085F000022304B0524263EB4303704753B94AB9B4
:10860000002908BF00281CBF4FF0FF314FF0FF309A
:1086100000F088B9ADF1080C6DE904CE00F006F861
:10862000DDF804E0DDE9022304B070472DE9F047EE
:10863000089D8E4604468846002B4AD18A4217463A
:1086400062D9B2FA82F64EB1C6F1200301FA06F8F9
:1086500020FA03F3B74043EA0808B4404FEA174E44
:108660001FFA87FCB8FBFEF1230C0EFB118843EACE
:10867000084301FB0CF29A4209D9FB1801F1FF30C3
:1086800080F0EA809A4240F2E78002393B449A1A2D
:10869000A3B2B2FBFEF00EFB102243EA024300FB42
:1086A0000CFC9C4509D9FB1800F1FF3280F0D68004
:1086B0009C4540F2D3803B44023840EA0140A3EBA2
:1086C0000C0300211DB1F3400022C5E90032BDE8D2
:1086D000F0878B4205D90DB1C5E90001002108469C
:1086E000F5E7B3FA83F1002946D1734502D38242FC
:1086F00000F20581841A6EEB030201209046002DE2
:10870000E5D0C5E90048E2E7002A00F09080B2FA1F
:1087100082F6002E40F0A4808A1A030C4FEA174E0E
:1087200080B2BCB20121B2FBFEFC0EFB1C2243EA6C
:10873000024304FB0CF29A4207D9FB180CF1FF38F4
:1087400002D29A4200F2E080C4469B1AB3FBFEF2CA
:108750000EFB123340EA034302FB04F49C4207D9A8
:10876000FB1802F1FF3002D29C4200F2CA8002469E
:108770001B1B42EA0C40A5E7C1F120068B4022FA00
:1087800006F71F430EFA01F420FA06F32EFA06FE4E
:108790004FEA1749234300FA01F81FFA87FCBEFB92
:1087A000F9F01C0C09FB10EE44EA0E4400FB0CFE31
:1087B000A64502FA01F209D93C1900F1FF3A80F00E
:1087C0009C80A64540F2998002383C44A4EB0E04FC
:1087D0001FFA83FEB4FBF9F309FB13444EEA044489
:1087E00003FB0CFCA44508D93C1903F1FF3E80F0C3
:1087F0008280A4457FD9023B3C4443EA0040A4EB7D
:108800000C04A0FB02EC64457346E14662D35FD0E2
:108810005DB1B8EB030264EB090404FA06F622FA30
:1088200001F31E43CC40C5E9006400214FE7B1FBD2
:10883000F2FC010C41EA0E4180B240EA01423B46A3
:1088400038463C46B846BE462026B1FBF7F1A2EBBF
:10885000080241EA0C4166E7014618E710462CE79A
:10886000C6F120022EFA02F3B740B14020FA02F21C
:108870004FEA174E0A43B3FBFEF8BCB20EFB1833A7
:10888000110C41EA034108FB04F9B04089454FEA65
:10889000104380B23ED9791808F1FF3C01D28945D6
:1088A0001FD8A1EB0901B1FBFEF909FB04F80EFB8F
:1088B000191192B242EA0142424529D2BA1809F18D
:1088C000FF31C4D24245C2D2A9F102013A44BEE707
:1088D000F0459DD2BEEB02036CEB070C0138E1467C
:1088E00096E7A7EB09094944A8F1020CB1FBFEF990
:1088F00009FB04F8DBE773467FE7504666E7084666
:10890000FDE63B44023A33E7ACF1020C3B441CE782
:1089100049469CE7A1EB0901C446B1FBFEF909FBFE
:1089200004F8C4E7704700BF00000000000000002A
:1089300001F0FF01102A2BDB10F0070F08D010F810
:10894000013B013A8B422DD010F0070F42B3F6D114
:10895000F0B441EA012141EA014122F007047FF02D
:1089600000070023F0E80256083C85EA010586EA84
:10897000010685FA47F5A3FA87F586FA47F6A5FAC0
:1089800087F68EB9EED1F0BC01F0FF0102F00702CC
:1089900032B110F8013B013A83EA010313B1F8D177
:1089A0000020704701387047002D06BF3546033858
:1089B000073815F0010F07D1013015F4807F02BF91
:1089C000013015F4C03F0130F0BC0138704700BFE2
:1089D000034613F8012B002AFBD1181A01387047FF
:1089E00008B50248192103F06BFD00BF20E204081E
:1089F00008B50248212103F063FD00BF28E2040806
:108A000008B50248292103F05BFD00BF30E20408ED
:108A100008B50248302103F053FD00BF38E20408D6
:108A200008B50248372103F04BFD00BF40E20408BF
:108A300010B5EFF305834BB9044620F07BFF012806
:108A400008D0204623F0D6FA40B110BD0548662173
:108A500003F036FD03486C2103F032FD0148732119
:108A600003F02EFD48E2040810B5EFF305834BB97F
:108A7000044620F05FFF012808D0204623F0BAFA10
:108A800040B110BD0548662103F01AFD03486C2172
:108A900003F016FD0148732103F012FD48E20408BB
:108AA00008B50248A42103F00BFD00BF5CE20408F6
:108AB00008B50248AB2103F003FD00BF6CE20408D7
:108AC00010B5EFF3058353B9044620F033FF0128B6
:108AD0000AD044B12046BDE8104023F049BB044809
:108AE000882103F0EDFC10BD0148892103F0E8FC6A
:108AF0007CE2040810B5EFF3058353B9044620F077
:108B000019FF01280AD044B12046BDE8104023F0E7
:108B10002FBB0448882103F0D3FC10BD01488921F4
:108B200003F0CEFC7CE2040810B5EFF305834BB9EB
:108B3000044620F0FFFE012808D02046BDE8104082
:108B400023F058BA03487B2103F0BAFC0148812185
:108B500003F0B6FC8CE2040810B5EFF305834BB9C3
:108B6000044620F0E7FE012808D02046BDE810406A
:108B700023F040BA03487B2103F0A2FC0148812185
:108B800003F09EFC8CE2040808B50248CA2103F0F9
:108B900097FC00BF5CE2040808B50248D12103F04D
:108BA0008FFC00BF6CE2040810B5EFF3058353B9E6
:108BB000044620F0BFFE01280AD044B12046BDE89B
:108BC000104023F0D5BA0448882103F079FC10BD89
:108BD0000148892103F074FC7CE2040810B5EFF32E
:108BE000058353B9044620F0A5FE01280AD044B1FC
:108BF0002046BDE8104023F0BBBA0448882103F0AA
:108C00005FFC10BD0148892103F05AFC7CE2040896
:108C100010B5EFF3058353B9044620F08BFE01280D
:108C20000AD044B12046BDE8104023F0A1BA044860
:108C3000882103F045FC10BD0148892103F040FC68
:108C40007CE2040810B5EFF3058353B9044620F025
:108C500071FE01280AD044B12046BDE8104023F03F
:108C600087BA0448882103F02BFC10BD01488921F4
:108C700003F026FC7CE2040808B50248F42103F066
:108C80001FFC00BF9CE2040808B50248FA2103F06B
:108C900017FC00BFACE2040808B502484FF480712D
:108CA00003F00EFC9CE2040808B502484FF48371FF
:108CB00003F006FCACE2040808B502484FF48871E2
:108CC00003F0FEFB9CE2040808B502484FF48B71E8
:108CD00003F0F6FBACE204082DE9F0412C4D2D4CDD
:108CE0002D4F2E4E04E0023008D02368013323605C
:108CF0002868072122F014FC0028F4D1D4F8008061
:108D0000B8F1000F21D000200DF0FCF80DF006F9AD
:108D100000200EF007FB0FF0B9F9206810F00708EB
:108D200020D0002004F0D6F9012104F00FFA2368C6
:108D300007FB03F2B6EBB20F4FF00000D6D304F0FE
:108D4000C9F9052104F002FACFE7404604F0C2F960
:108D50000F2104F0FBF9404604F0BCF91F2104F098
:108D6000F5F9D0E740460CF01DFE0CF029FE404618
:108D70000CF000F80CF0D8FD01200BF0FBFF0CF01C
:108D8000D3FD02200BF0F6FF0CF0CEFDC9E700BFCB
:108D9000E8070020F0040020CDCCCCCCCCCCCC0C0F
:108DA0002DE9F041264D274C274F284E04E0072B94
:108DB0000DD0236801332360142301222868072182
:108DC00022F058FA03469A1C4FF00000EFD10EF043
:108DD000A9FA0EF0D9FA00200BF0D6FC0BF0D2FD68
:108DE00000200FF0DFFA0FF0A5FB00200DF014FAC1
:108DF0000DF054FA00200DF00FFA804610F016FB2B
:108E000002460B4640460DF07FFA002004F062F95E
:108E1000022104F09BF9236807FB03F2B6EB720F03
:108E20004FF00000C6D304F055F9032104F08EF989
:108E3000002004F04FF9042104F088F9B9E700BFDD
:108E40009C050020EC040020CDCCCCCC999999193C
:108E500030B5022885B03DD8204B1B68002B35D09B
:108E60001F4B1B6873B31F4B1B683BB31E4B044661
:108E700093E8070004AB03E9070003EB84034FF01A
:108E8000FF3153F80C3C186822F04AFB08B105B0DA
:108E900030BD20460BF06EFF054610F0C7FA0246C3
:108EA0000B4628460CF06AFA104A114B52F824106F
:108EB000186805B0BDE8304022F084B90D48702133
:108EC00003F0FEFA0B486F2103F0FAFA09486E210D
:108ED00003F0F6FA07486D2103F0F2FA9407002038
:108EE00040070020EC060020D8DF04082C7005089D
:108EF0009C050020C0E2040880B5154D154F164EA4
:108F00002868C8B13B68FBB13368CBB14FF0FF3183
:108F100022F006FB0028F3D10BF02CFF044610F0E2
:108F200085FA02460B4620460CF028FA0B4B01212D
:108F3000186822F047F9E3E709486E2103F0C0FA08
:108F40000748702103F0BCFA05486F2103F0B8FA16
:108F50009407002040070020EC0600209C0500201C
:108F6000C0E2040880B5164D164F174E2B68D3B1DA
:108F7000386800B33368D3B14FF0FF3122F0D0FA34
:108F80000028F3D101200BF0F5FE044610F04EFA54
:108F900002460B4620460CF0F1F90C4B02211868F2
:108FA00022F010F9E2E70A486E2103F089FA084836
:108FB000702103F085FA06486F2103F081FA00BFA3
:108FC0009407002040070020EC0600209C050020AC
:108FD000C0E2040880B5164D164F174E2B68D3B16A
:108FE0003B6803B33068D0B14FF0FF3122F098FAFC
:108FF0000028F3D102200BF0BDFE044610F016FA53
:1090000002460B4620460CF0B9F90C4B04211868B7
:1090100022F0D8F8E2E70A486E2103F051FA084836
:10902000702103F04DFA06486F2103F049FA00BFA2
:109030009407002040070020EC0600209C0500203B
:10904000C0E204080D480E4A10B500230D4C046020
:109050001221C0E901134FF48034C3604FF4801132
:109060004FF48073C0E904418261838323F01CFDC7
:1090700000B910BDBDE8104001F034B9F40400207F
:10908000000101000064004030B5274B026889B040
:1090900000249A42CDE90244CDE90444069401D06B
:1090A00009B030BD03F5EA3300941A6C1F4842F052
:1090B00000721A641A6C02F000720092009A019415
:1090C0001A6B42F001021A631B6B9FED157B03F0D4
:1090D0000103019302A909230322CDE905238DEDA4
:1090E000027B019D2AF06AF922460521132024F013
:1090F000C9FB132024F00CFC22460521142024F087
:10910000C1FB142024F004FC22460521152024F084
:10911000B9FB152024F0FCFB09B030BDAFF3008093
:10912000001800000200000000640040000002403F
:1091300008B502680C4B9A4200D008BD0B4A0C4897
:10914000136C23F0007313644FF4C0512AF06AFBD0
:10915000132024F0F1FB142024F0EEFBBDE80840BE
:10916000152024F0E9BB00BF006400400038024035
:1091700000000240054808B5054B036024F0CCFD13
:1091800000B908BDBDE8084001F0ACB81C050020DE
:10919000003002400B4B02689A4200D0704782B008
:1091A00000220192D3F8302842F48052C3F83028CC
:1091B00003F500631B6B03F480530193019B02B022
:1091C000704700BF00300240054B02689A4200D051
:1091D0007047044A136B23F480531363704700BF36
:1091E000003002400038024010B582B000241B4B12
:1091F0000194196B41F4001119631B6B03F4001304
:109200002246052101930B20019B24F03BFB0B2000
:1092100024F07EFB224605210C2024F033FB0C2099
:1092200024F076FB224605210D2024F02BFB0D2097
:1092300024F06EFB22460521102024F023FB102091
:1092400024F066FB22460521112024F01BFB11208F
:1092500002B0BDE8104024F05BBB00BF0038024004
:1092600010B51148114C124900230122C0E90041F8
:10927000C0E90232C0E90433C0E90633036225F0D5
:109280006BFE28B90848002129F0DAFF40B910BD6B
:1092900001F028F80448002129F0D2FF0028F6D078
:1092A000BDE8104001F01EB8280500200060004015
:1092B0005016400030B504469FB000215C2207A83C
:1092C000CDE90211CDE90411069143F06EFE1B4B6E
:1092D00022689A4201D01FB030BD802307A80793AF
:1092E0002FF024FE30BB164C164800250095236B4A
:1092F00043F008032363236B03F0080300934FF448
:1093000040421223CDE9022301220323CDE90423A5
:1093100002A904230693009A2AF050F80195236CC1
:1093200043F080732364236C03F080730193019BEB
:109330001FB030BD00F0D6FFD5E700BF0060004091
:1093400000380240000C0240074B02689A4200D0ED
:109350007047064A0648136C23F080734FF440416F
:1093600013642AF05FBA00BF00600040003802407A
:10937000000C024008B5012021F044FEFBE700BFCD
:10938000704700BF0020704710B50C4672B61748F2
:10939000174A00F1200E0D2113681B06FCD5516001
:1093A00010F8011F09B17045F6D184B1601E104A52
:1093B00010F8011F04F1200C49B1844507D013684F
:1093C0001C06FCD5516010F8011F0029F5D1084991
:1093D0000B681A06FCD50D23054A4B6013681B0663
:1093E000FCD50A23536000BFFDE700BFD8E20408A4
:1093F0000044004010B5A74A0021012022F030F8B7
:10940000A54BA64A0446002101201C6022F028F842
:10941000A34BA44A0446002101201C6022F020F83E
:10942000A14BA24A0446002101201C6022F018F83A
:109430009F4BA04A0446002101201C6022F010F836
:109440009D4B9E4A0446002101201C6022F008F832
:109450009B4B9C4A0446002101201C6022F000F82E
:10946000994B9A4A0446002101201C6021F0F8FF24
:10947000974B984A0446002101201C6021F0F0FF20
:10948000954B964A0446002101201C6021F0E8FF1C
:10949000934C944B206000220121934821F0D8FD89
:1094A000924B0121186021F019FE914A01210820F8
:1094B00022F0B0F88F4B904A0446082101201C602E
:1094C00022F0A8F88D4B8E4A0446082101201C602A
:1094D00022F0A0F88B4B8C4A0446082101201C6026
:1094E00022F098F8894B8A4A0446082101201C6022
:1094F00022F090F8874B884A0446082101201C601E
:1095000022F088F8854B864A0446082101201C6019
:1095100022F080F8834B844A0446082101201C6015
:1095200022F078F8814B824A0446082101201C6011
:1095300022F070F87F4B804A0446082101201C600D
:1095400022F068F87D4B7E4A044600217D481C606D
:1095500021F02EFB7C4B7D4A044600217C481C6098
:1095600021F026FB7B4B7C4A044600217B481C6093
:1095700021F01EFB7A4B7B4A044600217A481C608E
:1095800021F016FB794B7A4A0446002179481C6089
:1095900021F00EFB784B794A0446002178481C6084
:1095A00021F006FB774B784A0446002177481C607F
:1095B00021F0FEFA764B774A0446002176481C607B
:1095C00021F0F6FA754B764A0446002175481C6076
:1095D00021F0EEFA744B754A0446002174481C6071
:1095E00021F0E6FA734B744A0446002173481C606C
:1095F00021F0DEFA724B734A0446002172481C6067
:1096000021F0D6FA714B724A0446002171481C6061
:1096100021F0CEFA704B714A0446002170481C605C
:1096200021F0C6FA6F4B704A044600216F481C6057
:1096300021F0BEFA6E4B6F4A044600216E481C6052
:1096400021F0B6FA6D4B6E4A044600216D481C604D
:1096500021F0AEFA6C4B6D4A044600216C481C6048
:1096600021F0A6FA6B4B6C4A002104466B481C6043
:1096700021F09EFA6A4B024600201A6021F090FD0C
:10968000684B024668481A6021F08AFD674B1860F3
:1096900010BD00BFD8700508E4080020C870050898
:1096A00090080020B87005083C080020A870050844
:1096B000E8070020987005089407002088700508C6
:1096C0004007002078700508EC0600206870050847
:1096D00098060020587005084406002048700508C8
:1096E000F0050020E8700508D1AB0008140900203F
:1096F000D0710508AC0C0020B8710508500C002092
:10970000A0710508F40B002088710508980B002053
:10971000707105083C0B002058710508E00A002014
:1097200040710508840A002028710508280A0020D5
:1097300010710508CC090020F87005087009002098
:10974000707405086DA90008ECCC00204C74050865
:1097500011AC00082CC80020287405083DAD000895
:109760006CC300200474050871AC0008ACBE002076
:10977000E073050801AE0008ECB90020BC730508D1
:10978000F9AC00082CB500209873050845AE000818
:109790006CB000207473050891AE0008ACA70020DF
:1097A00050730508D5B10008ECA200202C73050801
:1097B000C9B300082C9E002008730508A18D00087D
:1097C0006C990020E4720508D5AE0008AC88002032
:1097D000C0720508F98E0008EC8300209C72050811
:1097E000658F00082C63002078720508D58F00086B
:1097F0006C42002054720508D98C0008AC2100206E
:1098000030720508E5AF0008EC1800200C7205085E
:10981000DDB000082C140020E8710508D1B3000861
:109820006C0F0020F0CC0020387005089C0500204B
:109830002DE9F04F00248FB0CDE90844CDE90A446A
:10984000C14B00940C941A6BDFF810A3DFF810B32F
:10985000DFF81093BD4F42F004021A631A6B02F056
:1098600004020092009A01941A6B42F010021A63EB
:109870001A6B02F010020192019A02941A6B42F0E4
:1098800002021A631A6B02F002020292029A039415
:109890001A6B42F008021A631A6B02F00802039274
:1098A000039A04941A6B42F001021A631A6B02F0D5
:1098B00001020492049A05941A6B42F020021A6382
:1098C0001A6B02F020020592059A06941A6B42F078
:1098D00080021A631A6B02F080020692069A0794BD
:1098E0001A6B42F040021A631B6B03F040030793AC
:1098F000504601221821079B2AF0E0F822465046E4
:1099000040F607012AF0DAF82246914880212AF031
:10991000D5F82246584648F210212AF0CFF848469A
:10992000012244F201012AF0C9F8224638464FF4D8
:1099300000712AF0C3F82246864843F208012AF053
:10994000BDF85846012205212AF0B8F882480122C4
:1099500002212AF0B3F8384601224FF400412AF0E0
:10996000ADF84FF4205208A948464FF4881301255A
:10997000CDE908230A9429F021FD40F6190308A92E
:10998000504606264FF00208CDE90835CDE90A44D5
:1099900029F014FD08A95046CDE909540896CDF8E0
:1099A0002C8029F00BFD3023089308A903233846A7
:1099B0000B93CDE909840C9629F000FD802208A9BB
:1099C00063480892CDE909540B9429F0F7FC48F25A
:1099D000152208A958460892CDE909540B9429F09C
:1099E000EDFC44F2010208A948460892CDE9095469
:1099F0000B9429F0E3FC9FED527B504608A98DEDB6
:109A0000087B0A9429F0DAFC4FF4007208A9384662
:109A10000892CDE90954CDF82C8029F0CFFC03231E
:109A20000B9308A94FF4806348460893CDE9098455
:109A30000C9629F0C3FC48F21002484608A94FF4DE
:109A40000413CDE908230A9429F0B8FC43F2080373
:109A500008A940480893CDE909540B9429F0AEFCBD
:109A600008A940F201224FF488133B480A94CDE93B
:109A7000082329F0A3FC4FF40072002308A93548FD
:109A80000A94CDE9082329F099FC08A93248CDF8B9
:109A90002080CDE909540B9429F090FC08A94FF4DB
:109AA000806200232A480A94CDE9082329F086FC25
:109AB0000A22584608A94FF48813CDE908230A94CE
:109AC00029F07CFC4FF4004308A938460893CDE9FF
:109AD0000A44099529F072FC22460521304623F0FC
:109AE000D1FE304623F014FF22460521072023F043
:109AF000C9FE072023F00CFF22460521092023F090
:109B0000C1FE092023F004FF224605210A2023F08C
:109B1000B9FE0A2023F0FCFE22460521172023F07F
:109B2000B1FE172023F0F4FE22460521282023F061
:109B3000A9FE282023F0ECFE0FB0BDE8F08F00BF97
:109B40002004000000002100003802400004024010
:109B5000000C0240001402400018024000100240B5
:109B6000000002400008024010B50B480B4C0C49A5
:109B700000234FF48042C0E90041C0E90233C0E94C
:109B80000423C0E9063303622AF07AFA00B910BD53
:109B9000BDE8104000F0A6BBC8CE00200054004035
:109BA000801A060010B50B480B4C0C4900234FF4EB
:109BB0008042C0E90041C0E90233C0E90423C0E9A2
:109BC000063303622AF05CFA00B910BDBDE810400C
:109BD00000F088BB70CE002000580040801A0600BC
:109BE00010B50B480B4C0C4900234FF48042C0E9E0
:109BF0000041C0E90233C0E90423C0E9063303622F
:109C00002AF03EFA00B910BDBDE8104000F06ABB72
:109C100018CE0020005C0040801A06002DE9F041BB
:109C200003688F4A8EB000249342CDE90844CDE901
:109C30000A4405460C9409D08A4A934255D08A4A70
:109C4000934200F09F800EB0BDE8F081874F0194F1
:109C50003B6B874843F002033B633B6B03F002031B
:109C600001934FF4C072019B1223CDE9082308A988
:109C700004230326CDE90B6329F0A0FB02943B6C7F
:109C80007C4E7D4AB46043F400133B643B6C32600D
:109C900003F4001302934FF48063C6E903434FF0CB
:109CA00000724FF400333046C6E90544C6E9074365
:109CB00002997260746224F0ABF8002840F0C7800B
:109CC000AE63002205211F20B56323F0DBFD1F20BA
:109CD00023F01EFE00220521202023F0D3FD2020AA
:109CE00023F016FE0EB0BDE8F081604F03943B6B8D
:109CF000624E43F020033B633B6B03F0200303936E
:109D00000322039B1223CDE9082303200423CDE97A
:109D10000B0308A95A4829F051FB04943B6CB4602A
:109D200043F480033B643B6C564A326003F4800387
:109D300004934FF48063C6E903434FF060624FF42D
:109D400000333046C6E90544C6E90743049972600A
:109D5000746224F05DF800287CD1AE6300220521F6
:109D60002120B56323F08EFD212023F0D1FD0022B8
:109D70000521222023F086FD222023F0C9FD0EB00C
:109D8000BDE8F081394F05943B6B3F4843F0040335
:109D90003B633B6B03F004030593059B06943B6B0D
:109DA00043F001033B633B6B03F0010306934FF465
:109DB00000720426069B4FF00308122308A9CDE980
:109DC0000823CDE90B8629F0F9FA4FF480721223AB
:109DD0002E480C9608A9CDE90823CDF82C800A94CA
:109DE00029F0ECFA07943B6C294E2A4AB46043F4FC
:109DF00000033B643B6C326003F4000307934FF4B1
:109E00008063C6E903434FF000724FF400333046DD
:109E1000C6E90544C6E9074307997260746223F0F6
:109E2000F7FFD0B9AE63002205214820B56323F0C7
:109E300029FD482023F06CFD00220521492023F054
:109E400021FD492023F064FD0EB0BDE8F08100F053
:109E500049FA35E700F046FA7FE700F043FAE1E718
:109E60000054004000580040005C004000380240B0
:109E700000040240B4CD00201060024054CD002008
:109E8000001402404060024000080240000002400E
:109E9000F4CC0020286002402D4A0368934210B59C
:109EA000044606D02B4A93421DD02B4A934233D00E
:109EB00010BD02F5F2322948136C23F40013136429
:109EC0004FF4807129F0AEFC8021244829F0AAFCCF
:109ED000A06B24F0EDF81F2023F02EFDBDE810400C
:109EE000202023F029BD02F5F0321D48136C23F425
:109EF00080031364012129F095FC0221184829F000
:109F000091FCA06B24F0D4F8212023F015FDBDE8CE
:109F10001040222023F010BD02F5EE321148136CE0
:109F200023F4000313644FF4007129F07BFC4FF419
:109F300080710D4829F076FCA06B24F0B9F8482018
:109F400023F0FAFCBDE81040492023F0F5BC00BF27
:109F50000054004000580040005C004000040240F3
:109F6000001402400008024000000240000000000F
:109F700030B5002397B0CDE90A33CDE90C33CDE9F4
:109F80000333CDE90533264901930793086C254A2D
:109F900040F080500864096C01F0805101910199F2
:109FA0000293136843F440431360136803F440437F
:109FB000022402934FF480019FED177BCDE90E41FF
:109FC0000298149402200221CDE912010822B42340
:109FD00008A88DED087B109211932FF00DFF08B1AA
:109FE00072B6FEE72EF0E8F9034608B172B6FEE756
:109FF0000F22CDE903244FF4A0554FF4805203A85B
:10A000000521CDE9053507922EF0E2FD08B172B6C3
:10A01000FEE717B030BD00BF0100000000000100E6
:10A02000003802400070004008B522F05BFC0120BF
:10A0300000F0D4FAFFF79CFFFFF7FAFBFFF7D4F824
:10A0400001F0DEF901F080FA01F0B8FB00F092F9BE
:10A05000FFF790F800F04AF901F0B2FA01F0DAFAED
:10A0600000F066F9FFF7FCF801F006FA324832F02A
:10A07000A3FC324832F0A0FC31480122082129F02B
:10A080001DFD002201212F4829F018FD0A2022F091
:10A0900083FC2C480122102129F010FD2A480122BE
:10A0A0004FF4805129F00AFD00220221274829F0AF
:10A0B00005FD0A2022F070FC214801224FF40061C6
:10A0C00029F0FCFC204801224FF4005129F0F6FC55
:10A0D000002201211E4829F0F1FC0A2022F05CFC3C
:10A0E0001C4801224FF4007129F0E8FC14480122B9
:10A0F000022129F0E3FC12480122042129F0DEFCB0
:10A10000002204210F4829F0D9FC0A2022F044FC47
:10A11000FFF72AFDFFF746FDFFF762FD0E490F48E6
:10A1200002F032FD02F058FD20F05EFCFFF762F90C
:10A1300020F096FCFEE700BFE0D1002050D10020C7
:10A1400000100240000002400014024000180240CB
:10A15000000802400004024028D20020E8D200207B
:10A16000074B02689A4200D0704710B5044602F0CF
:10A1700055FD00B110BDA08CBDE8104003F00CBC33
:10A1800000440040034B02689A4200D070470846E2
:10A1900002F0C2BC0044004030B5012883B03BD07F
:10A1A000102832D002280CD0B0F5806F27D00828B4
:10A1B0001FD0202814D10FF039F9274A04460D4644
:10A1C00004E00FF033F9254A04460D4600231068D9
:10A1D00069461A46CDE9004521F054FA03B030BD76
:10A1E000B0F5005F1ED10FF021F91D4A04460D465F
:10A1F000ECE70FF01BF91B4A04460D46E6E70FF0AB
:10A2000015F9194A04460D46E0E7184B186803B0E3
:10A21000BDE8304021F0B6B90FF008F9144A044601
:10A220000D46D3E7B0F5007F05D10FF0FFF8114AD6
:10A2300004460D46CAE7B0F5004F05D10FF0F6F819
:10A240000D4A04460D46C1E7B0F5006FC6D103B014
:10A25000BDE830400EF0EEBBE00A0020500C0020BC
:10A26000840A00203C0B0020980B0020E40800200A
:10A27000F40B0020280A0020CC0900200A4B984249
:10A2800006D00A4B984207D0094B984208D0704735
:10A29000084B186821F076B9074B186821F072B99D
:10A2A000064B186821F06EB9C8CE002070CE002091
:10A2B00018CE0020F005002098060020440600205B
:10A2C00008B5104602F0FCF808B5104602F0F8F8A0
:10A2D000034B02689A4200D0704722F01DBB00BFBA
:10A2E0000010004072B6FEE7704700BF0E480F49ED
:10A2F0004FF4827210B50023C0E900124FF40074CD
:10A3000018210A22C0E90233C0E90433C0E906413A
:10A31000C0E90833C0E90A3230F028FA00B910BDAC
:10A32000BDE81040FFF7DEBFD0CF00200030014075
:10A330000E480F494FF4827210B50023C0E9001295
:10A340004FF4007408210A22C0E90233C0E9043343
:10A35000C0E90641C0E90833C0E90A3230F006FA24
:10A3600000B910BDBDE81040FFF7BCBF78CF00209A
:10A37000003800400E480F494FF4827210B5002398
:10A38000C0E900124FF4007418210A22C0E9023318
:10A39000C0E90433C0E90641C0E90833C0E90A3224
:10A3A00030F0E4F900B910BDBDE81040FFF79ABFE6
:10A3B00020CF002000340140F0B503684D4A8FB033
:10A3C00000249342CDE90844CDE90A440C9407D017
:10A3D000494A934227D0494A934266D00FB0F0BD14
:10A3E000474B01945A6C474842F480525A645A6C65
:10A3F00002F480520192019A02941A6B42F0010217
:10A400001A631B6B03F0010302930322052308A9BF
:10A41000E0240225CDE90845CDE90B23029C28F074
:10A42000CDFF0FB0F0BD364B03941A6C364842F4A2
:10A4300080421A641A6C02F480420392039A0494D4
:10A440001A6B42F008021A631A6B02F008020492B7
:10A45000049A05941A6B42F004021A631B6B03F012
:10A460000403082205930325052708A90223CDE943
:10A4700008230226059BCDE90B5728F09FFF0723F1
:10A4800008A922480C93CDE90866CDE90A4528F0D1
:10A4900095FF04231D48099608A9CDE90A450C97A4
:10A4A000089328F08BFF0FB0F0BD154B06945A6C43
:10A4B000174842F400525A645A6C02F40052069251
:10A4C000069A07941A6B42F010021A631B6B03F092
:10A4D000100307930322052308A94FF4E044022543
:10A4E000CDE90845CDE90B23079C28F067FF0FB0A5
:10A4F000F0BD00BF00300140003800400034014092
:10A500000038024000000240000C024000080240F7
:10A510000010024008B51A4A0368934206D0194A4F
:10A5200093420FD0184A93421CD008BD02F58432E2
:10A530001648536C23F480535364E021BDE808406F
:10A5400029F070B902F500321148136C23F48043EE
:10A550000821136429F066F9BDE808400D4806217A
:10A5600029F060B902F582320B48536C23F4005392
:10A5700053644FF4E041BDE8084029F053B900BFEF
:10A58000003001400038004000340140000002402B
:10A59000000C0240000802400010024082B00E4B46
:10A5A00000220092596C41F480415964586C00F4C7
:10A5B0008040009000980192186C40F08050186420
:10A5C0001B6C03F080530193019B0F216FF001007E
:10A5D00002B023F057B900BF0038024070B588B010
:10A5E000234B002202921A6C42F010021A641B6C78
:10A5F00003F010030293054601A903A8029B2EF065
:10A6000063FC069BD3B92EF0F9FB0346194A1A4C9A
:10A610001A49A2FB03239B0C013B0022C4E900134F
:10A62000204640F2E7332261A260A261E36032F08B
:10A6300033F8064630B1304608B070BD2EF0DEFB70
:10A640004300E3E7204632F083FA06460028F2D1C1
:10A65000362023F05DF90F2D01D90126EBE73246B4
:10A660002946362023F00EF9054B1D60E3E700BFB5
:10A670000038024083DE1B4328D000200010004039
:10A6800060040020034B1A68D36823F00103D360F1
:10A69000704700BF28D00020034B1A68D36843F0EE
:10A6A0000103D360704700BF28D00020FEE700BF41
:10A6B000FEE700BFFEE700BFFEE700BFFEE700BF0A
:10A6C000704700BF012029F04DBA00BF022029F0D9
:10A6D00049BA00BF082029F045BA00BF102029F070
:10A6E00041BA00BF014823F005BF00BFB4CD002030
:10A6F000014823F0FFBE00BFF4CC0020014823F046
:10A70000F9BE00BF54CD0020014823F0F3BE00BFC6
:10A7100028D20020014823F0EDBE00BF88D20020DF
:10A72000014822F015BF00BFF4040020014822F0C8
:10A730000FBF00BFF4040020014822F009BF00BF92
:10A74000F404002008B5202029F00CFABDE80840E8
:10A750004FF4007029F006BA014B186820F012BFC0
:10A7600090080020014839F0EFBB00BF98D10020CD
:10A7700001482CF0B3BF00BFC8CE002001482DF027
:10A780008DBC00BFC8CE002001482CF0A7BF00BF81
:10A7900070CE002001482DF081BC00BF70CE00209B
:10A7A00001483EF0C3BD00BFE8D2002008B54FF419
:10A7B000806029F0D7F94FF4006029F0D3F94FF405
:10A7C000005029F0CFF9BDE808404FF4004029F0CF
:10A7D000C9B900BF014839F0B7BB00BF28D000207D
:10A7E00008B504F0F1F9BDE80840014839F0ACBB08
:10A7F00008D1002001482CF071BF00BF18CE002006
:10A8000001482DF04BBC00BF18CE0020704700BFA0
:10A810000120704708B542F01FFD162303604FF07A
:10A82000FF3008BD08B542F017FD16230360FEE7B0
:10A8300070B5161E07DD0C468D19AFF3008004F8C5
:10A84000010BA542F9D1304670BD00BF70B5161E90
:10A8500007DD0C468D1914F8010BAFF30080A542FB
:10A86000F9D1304670BD00BF4FF0FF30704700BFD8
:10A870004FF400534B600020704700BF0120704729
:10A88000002070470EB44FF0FF3003B0704700BF98
:10A8900008B542F0E1FC0A2303604FF0FF3008BD29
:10A8A00008B542F0D9FC022303604FF0FF3008BD29
:10A8B0004FF0FF30704700BF4FF400534B60002053
:10A8C000704700BF08B542F0C7FC1F2303604FF07C
:10A8D000FF3008BD08B542F0BFFC0B2303604FF00A
:10A8E000FF3008BD08B542F0B7FC0C2303604FF001
:10A8F000FF3008BD044B0549D3F8882042F47002AC
:10A90000C3F888209960704700ED00E000800008DF
:10A91000124A936803F00C03082B0AD0104B0F4A1D
:10A92000104892681049C2F30312825CD3400B6056
:10A930007047536851685368094AC3F3881301F09C
:10A940003F01B2FBF1F202FB03F3044A5268C2F387
:10A95000014201325200B3FBF2F3E0E7003802405B
:10A960000024F4009C7405080800002038B5964DBA
:10A9700001F04EFD01F06CFD002004F0E7FC0368DF
:10A980001B689847002004F0E1FC03685B68984767
:10A99000002800F01581002005F024F803681B68EA
:10A9A0009847002005F01EF803685B689847002868
:10A9B00000F00681002002F0FBFF03681B68984747
:10A9C000002002F0F5FF03685B689847002800F05C
:10A9D000F780002005F0B6FA03681B68984700204E
:10A9E00005F0B0FA03685B689847002800F0E8803B
:10A9F000002003F079FC03681B689847002003F0EF
:10AA000073FC03685B689847002800F0D980002039
:10AA100006F064FA03681B689847002006F05EFAA7
:10AA200003685B689847002800F0CA80002005F0A2
:10AA3000A3FD03681B689847002005F09DFD03688F
:10AA40005B689847002800F0BB80002006F02AFCD5
:10AA500003681B689847002006F024FC03685B68C5
:10AA60009847002800F0AC80002008F061F90368E6
:10AA70001B689847002008F05BF903685B689847FB
:10AA8000002800F09D80002008F02AFE03681B6863
:10AA90009847002008F024FE03685B689847002868
:10AAA00000F08E80002009F01BF803681B689847AF
:10AAB000002009F015F803685B68984700287FD0EC
:10AAC000002002F007FB03681B689847002002F093
:10AAD00001FB03685B689847002871D000200CF0E8
:10AAE00021FC03681B68984700200CF01BFC0368DE
:10AAF0005B689847002863D0002420460CF0A4F936
:10AB000003681B68984720460CF09EF903685B6851
:10AB10009847002854D00134032CEED1002420465D
:10AB20000BF078FD03681B68984720460BF072FD18
:10AB300003685B689847002842D00134032CEED1AB
:10AB400000200BF093FC03681B68984700200BF073
:10AB50008DFC03685B68984790B3002007F0D6F837
:10AB600003681B689847002007F0D0F803685B680B
:10AB7000984728B3002007F01BFF03681B6898471D
:10AB8000002007F015FF03685B689847C0B10020FC
:10AB90000AF0F0F8002200230AF0F0FB01200AF08E
:10ABA000E9F8002200230AF0E9FB02200AF0E2F8AB
:10ABB000002200230AF0E2FB286820F09BF8D7E689
:10ABC0000248D52101F07CFCECCC002014E60408FE
:10ABD0000B4B10B50B4C186820F0D4FC0A4A2368C4
:10ABE00003FB02F2B2F1333F02D90133236010BDFF
:10ABF000064B186820F0C6FC23680133236010BDA3
:10AC00003C080020B8D00020CDCCCCCCE8070020F8
:10AC1000F8B5144D144E154F002415E002F0C8FE8F
:10AC2000D5E9002303F0F4F901200BF0F3FC0BF05D
:10AC30005DFE01200AF09EF80AF07EFDE30702D4D3
:10AC4000386820F09FFC0134306832230022294606
:10AC500020F04AFD0028E1D0002002F0A9FE02F019
:10AC6000B3FEE1E7B0D00020F40B00204007002045
:10AC70002DE9F8431C4E1D4FDFF87490DFF8748007
:10AC800000251BE0D9F8000020F04AFC30BB05F09D
:10AC900059F9D6E9002305F04DFB02200BF0BAFC70
:10ACA0000BF024FE02200AF065F80AF045FDEB07E0
:10ACB00003D4D8F8000020F065FC0135314638682F
:10ACC0003223002220F010FD044603210020002C36
:10ACD000D8D005F037F905F041F9DEE7204605F058
:10ACE00031F905F03BF9D8E7A8D00020500C00203E
:10ACF000E4080020EC06002038B50E4C0E4D0AE0AA
:10AD000006F0ECF8D4E9002306F03EFA02200CF03D
:10AD10009BF80CF047F9286896230022214620F082
:10AD2000E3FC0028ECD0002006F0D8F806F0E2F8AA
:10AD3000ECE700BFA0D000203C0B002030B52F4D29
:10AD400083B0002428688DF807404FF0FF330022BD
:10AD50000DF1070120F0C8FC0028F3D19DF8073061
:10AD6000013B0E2BEED801A252F823F0F1AD000802
:10AD7000E5AD0008D9AD0008CDAD0008C1AD0008B3
:10AD8000B5AD000845AD000845AD000845AD00086B
:10AD900045AD000845AD000845AD000845AD0008CB
:10ADA00045AD0008A9AD0008002002F093F902F0BB
:10ADB000DFF9C7E7002002F08DF902F079FDC1E765
:10ADC000002002F087F902F059FBBBE7002002F0F7
:10ADD00081F902F0C1FBB5E7002002F07BF902F037
:10ADE0002DFCAFE7002002F075F902F091FCA9E715
:10ADF000002002F06FF902F0D9FAA3E7AC0C0020B2
:10AE000038B50E4C0E4D0AE005F0B6FBD4E9002330
:10AE100005F0FEFC01200CF017F80CF0C3F82868D0
:10AE200096230022214620F05FFC0028ECD0002071
:10AE300005F0A2FB05F0CCFBECE700BF98D00020AA
:10AE4000980B0020F8B5104D104F002628684FF0E1
:10AE5000FF3120F065FB04460028F7D103F044FAE7
:10AE600003F0B8FA20460BF0D5FB0BF03FFD20466F
:10AE700009F080FF0AF060FCF30702D4386820F084
:10AE800081FB0136E2E700BF900800209407002014
:10AE900038B50E4C0E4D0AE006F004FAD4E9002352
:10AEA00006F0A6FC00200BF0CFFF0CF07BF8286822
:10AEB00096230022214620F017FC0028ECD0002029
:10AEC00006F0F0F906F0FAF9ECE700BF90D00020A8
:10AED000E00A00202DE9F0413F4EDFF804813F4FAA
:10AEE000D8F800004FF496730022314620F0FCFBA6
:10AEF000044608BB2146386820F012FB204607F0C4
:10AF000017FF08F0B7F8C0B13868032120F008FB3C
:10AF1000054600284CD107F00BFFD6E9002308F0C6
:10AF2000BDF828460BF0A2FA0BF0CCFA28460CF03C
:10AF3000F9F90CF0CFFFD3E7002007F0F9FE08F095
:10AF400041F900200BF092FA0BF0BCFA00200CF053
:10AF5000E9F90CF0BFFF1FF079FE05461FF0AEFEC9
:10AF6000431C04460FD0102128461FF095FE0020F8
:10AF700004F0ECF9002104F02DFC60B921462846CC
:10AF80001FF08AFEACE7002004F0E0F9002104F095
:10AF900021FC0028A4D0322020F034F8002004F056
:10AFA000D5F9002104F0ECFB60B9621C98D0E5E70C
:10AFB0002146386820F0B4FA204607F0B9FE08F0C0
:10AFC00001F9BEE7322020F01DF8002007F0B0FEA6
:10AFD00003681B689847E8E788D00020F005002048
:10AFE000840A00202DE9F041394D3A4F3A4E386835
:10AFF0004FF496730022294620F076FB0446A8B948
:10B000002146306820F08CFA204608F069FB08F0F1
:10B0100073FC60B13068032120F082FA002841D12E
:10B0200008F05EFB296808F07BFCE0E7002008F0F0
:10B0300057FB08F0C7FC1FF009FE80461FF03EFEDC
:10B04000421C04460FD0102140461FF025FE002070
:10B0500004F07CF9022104F0BDFB68BB21464046A8
:10B060001FF01AFEC3E7002004F070F9022104F07B
:10B07000B1FB0028BBD032201FF0C4FF002004F039
:10B0800065F9022104F07CFB0028B0D032201FF0CB
:10B09000B9FF002008F024FB03681B689847631C75
:10B0A000A5D0DBE72146306820F03AFA204608F0C8
:10B0B00017FB08F087FCBEE732201FF0A3FF00203B
:10B0C00004F044F9022104F05BFB0028C6D0DDE760
:10B0D00080D00020280A0020440600202DE9F041FD
:10B0E000394D3A4F3A4E38684FF49673002229464C
:10B0F00020F0FAFA0446A8B92146306820F010FA88
:10B10000204608F0EDFC09F0A5F860B13068032195
:10B1100020F006FA002841D108F0E2FC296809F085
:10B12000ABF8E0E7002008F0DBFC09F05FF91FF066
:10B130008DFD80461FF0C2FD421C04460FD0102139
:10B1400040461FF0A9FD002004F000F9012104F0A1
:10B1500041FB68BB214640461FF09EFDC3E700202F
:10B1600004F0F4F8012104F035FB0028BBD03220B4
:10B170001FF048FF002004F0E9F8012104F000FB73
:10B180000028B0D032201FF03DFF002008F0A8FCBE
:10B1900003681B689847631CA5D0DBE7214630682D
:10B1A00020F0BEF9204608F09BFC09F01FF9BEE72D
:10B1B00032201FF027FF002004F0C8F8012104F01E
:10B1C000DFFA0028C6D0DDE778D00020CC090020C7
:10B1D00098060020F8B507F057FC794E794C0546E3
:10B1E00033E0A8682768002848D128692768002824
:10B1F00052D1A869276800285CD1286A27680028EE
:10B2000066D1A86A2768002870D1286B27680028B3
:10B210007AD1A86B2768002840F08680286C2768C0
:10B22000002840F09180A86C2768002840F09C809E
:10B23000286D2768002840F0A780A86D276800289F
:10B2400040F0B28023680133236030684FF0FF3153
:10B2500020F066F90028F5D1286827680028C0D0BA
:10B2600007F0BAFCB7FBF0F303FB1077002FB8D15F
:10B270006B689847A86827680028B6D007F0ACFC30
:10B28000B7FBF0F303FB1077002FAED1EB689847C4
:10B29000286927680028ACD007F09EFCB7FBF0F3C4
:10B2A00003FB1077002FA4D16B699847A869276822
:10B2B0000028A2D007F090FCB7FBF0F303FB107757
:10B2C000002F9AD1EB699847286A2768002898D000
:10B2D00007F082FCB7FBF0F303FB1077002F90D14F
:10B2E0006B6A9847A86A276800288ED007F074FC1C
:10B2F000B7FBF0F303FB1077002F86D1EB6A98477A
:10B30000286B2768002884D007F066FCB7FBF0F3B1
:10B3100003FB1077002F7FF47CAF6B6B9847A86B13
:10B32000276800283FF47AAF07F056FCB7FBF0F32C
:10B3300003FB1077002F7FF471AFEB6B9847286CFD
:10B34000276800283FF46FAF07F046FCB7FBF0F327
:10B3500003FB1077002F7FF466AF6B6C9847A86CE7
:10B36000276800283FF464AF07F036FCB7FBF0F322
:10B3700003FB1077002F7FF45BAFEB6C9847286DD1
:10B38000276800283FF459AF07F026FCB7FBF0F31D
:10B3900003FB1077002F7FF450AF6B6D9847A86DBB
:10B3A000276800283FF44EAF07F016FCB7FBF0F318
:10B3B00003FB1077002F7FF445AFEB6D984741E713
:10B3C0003C08002074D0002008B506F0D3FCFCE750
:10B3D00070B50A4E82B00024002530684FF0FF336C
:10B3E00000226946CDE9004520F07EF90028F4D11D
:10B3F000DDE900010DF0A4FBEFE700BF70090020BC
:10B4000000B51B484FF0804287B0026059220023EC
:10B4100042604FF0FF32CDE90233CDE90433CDE98C
:10B420000033C0E902320361836131F035F998B924
:10B430004FF480530E48029302A938F00DF898B9E2
:10B44000202200230A486946CDE900233CF026FB70
:10B4500028B907B05DF804FBFEF744FFE8E7FEF704
:10B4600041FF07B05DF804FBFEF73CFFE8E700BFD3
:10B47000E0D100200000000000B53148314A8FB013
:10B480000023CDE90233CDE90433CDE90033CDE922
:10B490000633CDE90833CDE90A330C9383600361A9
:10B4A000836140F23F63C0E900234FF6FF73C3603E
:10B4B00031F0F2F848BB4FF480532148029302A9BF
:10B4C00037F0CAFF90BB1E4831F0E2FC58BB0022A7
:10B4D00000231B486946CDE900233CF0DFFAF8B9A8
:10B4E0009FED157B00221648089206A98DED067B7C
:10B4F0000A9239F0DFF880B91148042206A939F020
:10B50000D9F828B90FB05DF804FBFEF7EBFED2E7DF
:10B51000FEF7E8FE0FB05DF804FBFEF7E3FEEBE795
:10B52000FEF7E0FEDCE7FEF7DDFED0E7FEF7DAFE31
:10B53000C9E700BFAFF3008000000000000000007A
:10B5400098D100200004004000B51B481B4A89B078
:10B55000002302604FF0FF32CDE90233CDE904331E
:10B56000CDE90033C0E90133C0E9032306938361C9
:10B5700031F092F8A0B9072200230F4802A9CDE9C3
:10B58000022338F03BFA98B9002200230A486946A2
:10B59000CDE900233CF082FA28B909B05DF804FB3C
:10B5A000FEF7A0FEE7E7FEF79DFE09B05DF804FB9D
:10B5B000FEF798FEE8E700BF50D10020000C0040E5
:10B5C00000B51248124943F6652283B00023C0E952
:10B5D00000120122CDE90033C0E90232836131F06B
:10B5E0005BF858B90022002308486946CDE90023DA
:10B5F0003CF054FA28B903B05DF804FBFEF772FE84
:10B60000F0E7FEF76FFE03B05DF804FB08D1002001
:10B610000014004009480A4908B54FF6FF7200239C
:10B62000C0E90013C0E902320361836131F034F8EC
:10B6300000B908BDBDE80840FEF754BEC0D00020E8
:10B640000044014000B50368B3F1804F87B00ED0CD
:10B65000334A93422AD0334A934218D0324A934213
:10B660003AD0324A934249D007B05DF804FB03F563
:10B670000E33002201921A6C42F001021A641B6C14
:10B6800003F001030193019B07B05DF804FB284B15
:10B69000002203921A6C42F008021A641B6C03F039
:10B6A00008030393039B07B05DF804FB204B0022C3
:10B6B0000292196C41F0020119641B6C03F0020341
:10B6C00002931D200521029B22F0DCF81D2007B00B
:10B6D0005DF804EB22F01CB9154B00220492196CA2
:10B6E00041F0200119641B6C03F020030493372000
:10B6F0000221049B22F0C6F83720E8E70C4B002219
:10B700000592596C41F4003159645B6C03F40033C9
:10B71000059319200521059B22F0B4F81920D6E7DE
:10B7200000040040000C00400014004000440140B0
:10B73000003802400368B3F1804F0CD01A4A93429C
:10B7400016D01A4A93420CD0194A934219D0194A7A
:10B7500093421FD07047184A136C23F001031364FF
:10B76000704702F50B32136C23F008031364704723
:10B7700002F50D321D20136C23F00203136422F036
:10B78000DBB802F509323720136C23F02003136471
:10B7900022F0D2B802F574421920536C23F400331E
:10B7A000536422F0C9B800BF00040040000C004000
:10B7B00000140040004401400038024010B50B481E
:10B7C0000B4C00234FF4E1310C22C0E90041C0E9E9
:10B7D0000233C0E90432C0E906333CF081FB00B912
:10B7E00010BDBDE81040FEF77DBD00BFE8D20020CF
:10B7F0000044004070B5374B026888B000249A427C
:10B80000CDE90244CDE90444069401D008B070BDEE
:10B8100003F5FA3300941A6C2F4E42F400321A6486
:10B820001A6C02F400320092009A01941A6B42F0F2
:10B8300008021A631B6B03F00803019360220223C2
:10B84000CDE902230546032207230198234802A9D4
:10B85000CDE9052327F0B2FD214A74624FF0006361
:10B86000C6E90023304640224FF48063C6E9022433
:10B87000C6E90544C6E90744336122F0C9FA10BBA2
:10B88000184C194A22604FF000620023AE636260D8
:10B8900020464FF48062C4E90233C4E90423C4E9BA
:10B8A0000633C4E90833B56322F0B2FA70B9002256
:10B8B0000521EC632620A56321F0E4FF262022F079
:10B8C00027F808B070BDFEF70DFDD9E7FEF70AFDB9
:10B8D000EDE700BF0044004088D20020000C024089
:10B8E000A060024028D20020886002400D4B026810
:10B8F0009A4200D070470C4A136C10B523F4003301
:10B90000044660211364094827F08CFFA06B22F0E5
:10B91000CFFBE06B22F0CCFBBDE81040262022F0EC
:10B920000BB800BF0044004000380240000C024049
:10B93000DFF834D0FEF7DEFF0C480D490D4A002336
:10B9400002E0D458C4500433C4188C42F9D30A4AD4
:10B950000A4C002301E013600432A242FBD341F001
:10B9600081FCFEF761FB7047000002200000002010
:10B97000C80400205CA40508D004002024960120FF
:10B98000FEE700000022C0E900228260704700BF8D
:10B99000002070471F2070471E2070471D207047F1
:10B9A0001C2070471B2070471A20704719207047D1
:10B9B00018207047172070471620704715207047D1
:10B9C00014207047132070471220704711207047D1
:10B9D000102070470F2070470E2070470D207047D1
:10B9E0000C2070470B2070470A20704709207047D1
:10B9F00008207047072070470620704705207047D1
:10BA000004207047032070470220704701207047D0
:10BA10000020704738B5704C704B04F5805505F523
:10BA20008160C5F8083400F031FD6D4BC5F8703306
:10BA300005F55C7000F02AFD6A4BC5F8D83205F5B3
:10BA4000367000F023FD684BC5F8503205F51470D0
:10BA500000F01CFD654BC5F8C03104F58E5000F0B8
:10BA600015FD634BC5F8303105F5987000F00EFDFB
:10BA7000604BC5F8A03004F5855000F007FD5E4B23
:10BA80002B6105F1100000F001FD5C4BC4F8D03EC5
:10BA900004F56D6000F0FAFC594BC4F8903D04F5D4
:10BAA000596000F0F3FC574BC4F8503C04F5456076
:10BAB00000F0ECFC544BC4F8C83B04F6C83000F06E
:10BAC000E5FC524BC4F8403B04F5346000F0DEFC6A
:10BAD0004F4BC4F8B83A04F6B82000F0D7FC4D4BF1
:10BAE000C4F8583904F6581000F0D0FC4A4BC4F89A
:10BAF000C83804F6C80000F0C9FC484BC4F8483800
:10BB000004F6480000F0C2FC454BC4F8B83704F511
:10BB1000F76000F0BBFC434BC4F8203704F5E46049
:10BB200000F0B4FC404BC4F8A83604F5D56000F032
:10BB3000ADFC3E4BC4F8183604F5C36000F0A6FC1B
:10BB40003B4BC4F8883504F5B16000F09FFC394BDD
:10BB5000C4F8F83404F59F6000F098FC364BC4F844
:10BB6000703404F58E6000F091FC344BC4F8E83377
:10BB700004F57A7000F08AFC314BC4F8603304F5A8
:10BB8000587000F083FC2F4BC4F8D83204F536709F
:10BB900000F07CFC2C4BC4F8503204F5147000F01B
:10BBA00075FC2A4BC4F8C83104F5E47000F06EFC53
:10BBB000274BC4F8303104F5987000F067FC20463C
:10BBC000244B40F8983F00F061FC234B2360204653
:10BBD000BDE8384000F05ABC40D30020D8760508B4
:10BBE000CC760508C0760508B4760508A876050861
:10BBF0009C76050890760508847605087876050811
:10BC00006C760508607605085476050848760508C0
:10BC10003C76050830760508247605081876050870
:10BC20000C76050800760508F4750508E875050822
:10BC3000DC750508D0750508C4750508B8750508D4
:10BC4000AC750508A0750508947505088875050884
:10BC50007C7505087075050864750508000000000E
:10BC60002DE9F04F2DED048B044683B000F0F2FB7C
:10BC700020464FF0300AE24BDFF8F8B340F8683B5B
:10BC80005246002141F091F9C4F868B004F19800DF
:10BC900000F0E0FBDB4BC4F898305246002104F57D
:10BCA000807041F082F9C4F800B104F5987000F09A
:10BCB000D1FBD54BC4F830315246002104F5CC708D
:10BCC00041F073F9C4F898B104F5E4704FF020081E
:10BCD00000F0C0FBCD4BCE4DC4F8C8314246002128
:10BCE00004F50C7041F061F9C4F8305204F5147099
:10BCF00000F0B0FBC74BC4F850324246002104F5B7
:10BD00002E7041F052F9C4F8B85204F5367000F0C4
:10BD1000A1FBC14BC4F8D8324246002104F5507053
:10BD200041F043F9C4F8405304F5587000F092FB19
:10BD3000BA4BC4F860334246002104F5727041F0FA
:10BD400034F9C4F8C85304F57A7000F083FBB44B9F
:10BD5000C4F8E8334246002104F58A6041F025F931
:10BD6000C4F8505404F58E6000F074FBAD4BC4F879
:10BD700070344246002104F59B6041F016F9C4F886
:10BD8000D85404F59F604FF0280900F063FBA64BE0
:10BD9000A64FC4F8F8344A46002104F5AC6041F0DF
:10BDA00004F9C4F8607504F5B16000F053FBA04BD2
:10BDB000C4F888354A46002104F5BE6041F0F5F824
:10BDC000C4F8F07504F5C36000F044FB994BC4F867
:10BDD00018364A46002104F5D06041F0E6F89FEDA0
:10BDE000869BC4F8807604F5D56000F033FB924B57
:10BDF000C4F8A83604F5D662904B82ED1A9B04F580
:10BE0000E460C4F8103700F025FB8D4BC4F82037F0
:10BE10005246002104F5F16041F0C7F8894BC4F89F
:10BE2000883704F5F76000F015FB874BC4F8B83786
:10BE30004A46002104F5026041F0B7F8C4F82078C2
:10BE400004F6480000F006FB804BC4F84838002692
:10BE50007F4BC4F8B038C4F8B468C4F8B868C4F804
:10BE6000BC68C4F8C068C4F8C46804F6C80000F030
:10BE7000F1FA784BC4F8C8384A46314604F51360E5
:10BE800041F093F8C4F8307904F6581000F0E2FA63
:10BE9000714BC4F858393146F82204F51C6041F062
:10BEA00084F86E4BC4F8C03904F6B82000F0D2FA1A
:10BEB0006B4BC4F8B83A4246314604F5326041F063
:10BEC00074F8C4F8205B04F5346000F0C3FA654BE5
:10BED000C4F8403B4246314604F6A83041F065F8CC
:10BEE000C4F8A85B04F6C83000F0B4FA5E4BC4F89E
:10BEF000C83B4246314604F5436041F056F8C4F869
:10BF0000305C04F5456000F0A5FAD027574BC4F823
:10BF1000503C31463A4604F54C6041F046F804F591
:10BF20004D6204F54E60019200F0CCFB04F54F60C9
:10BF30000025056004F6F440B7EE008A056004F6BB
:10BF4000F84004F55361056004F6FC40484B056079
:10BF500004F55060056004F60450056004F60850CE
:10BF600080ED008A04F60C5080ED008A04F55160E3
:10BF700080ED008A04F6145080ED008A04F6185013
:10BF800080ED008A04F61C5080ED008A04F55260B2
:10BF9000056004F62450056004F6285005600D6025
:10BFA0004D6004F6385104F559600D6004F63C51BB
:10BFB0000D6004F554610D6004F644510D6004F603
:10BFC00048510D6004F64C510D6004F555610D604B
:10BFD00004F654510D6004F658510D6004F65C519E
:10BFE0000D6004F556610D6004F664510D6004F6B1
:10BFF00068510D6040E000BF00000000000000003C
:10C0000064750508707505087C7505088875050850
:10C01000F474050894750508A0750508AC75050845
:10C02000B8750508C4750508D075050804750508B8
:10C03000DC750508E8750508F4750508E47405085D
:10C0400000760508347505080C760508187605088D
:10C05000D47405082476050830760508147505089B
:10C060003C7605084876050854760508607605088C
:10C0700024750508B474050804F66C510D6004F5C8
:10C0800057610D6004F674510D6004F67851019A01
:10C090000D6004F67C510D6082ED2C9BC4F8C03C11
:10C0A000C4F8886D84F88C6D00F0D4F9CA4AC4F8DD
:10C0B000902D31463A4604F5606040F076FF04F575
:10C0C000616204F56260019200F0FCFA04F56360BD
:10C0D00004F56761056004F63460C04B056004F642
:10C0E0003860056004F63C60056004F56460056036
:10C0F00004F64460056004F6486080ED008A04F6AA
:10C100004C6080ED008A04F5656080ED008A04F6DD
:10C11000546080ED008A04F6586080ED008A04F6D1
:10C120005C6080ED008A04F56660056004F664607A
:10C13000056004F6686005600D604D6004F6786186
:10C1400004F56D600D6004F67C610D6004F56861B6
:10C150000D6004F684610D6004F688610D6004F6DC
:10C160008C610D6004F569610D6004F694610D60E9
:10C1700004F698610D6004F69C610D6004F56A6137
:10C180000D6004F6A4610D6004F6A8610D6004F66C
:10C19000AC610D6004F56B610D6004F6B4610D6077
:10C1A00004F6B861019A0D6004F6BC610D6082ED81
:10C1B0002C9BC4F8003EC4F8C86E84F8CC6E00F026
:10C1C00049F98749C4F8D01E3A46314604F57460EF
:10C1D00040F0EBFE04F5756204F57660019200F024
:10C1E00071FA04F5776004F57B61056004F67470FC
:10C1F00004F58057056004F67870784B056004F606
:10C200007C70056004F57860056004F68470056054
:10C2100004F6887080ED008A04F68C7080ED008A48
:10C2200004F5796080ED008A04F6947080ED008A50
:10C2300004F6987080ED008A04F69C7080ED008A08
:10C2400004F57A60056004F6A470056004F6A87031
:10C25000683040F8685C0D604D6004F6B8710D60A0
:10C2600004F6BC710D6004F57C610D6004F6C471C8
:10C270000D6004F6C8710D6004F6CC710D6004F514
:10C280007D610D6004F6D4710D6004F6D8710D6007
:10C2900004F6DC710D6004F57E610D6004F6E47156
:10C2A0000D6004F6E8710D6004F6EC710D6004F5A4
:10C2B0007F610D6004F6F4710D6004F6F871019A67
:10C2C0000D6004F6FC710D6082ED2C9BBE603E7328
:10C2D000C4F8403F00F0BEF8424B434D3B614A4634
:10C2E000314607F1780040F060FEBD6704F58550E7
:10C2F00000F0B0F83D4BC7F8A0304A46314607F58C
:10C30000847040F052FE04F58950C7F8085110308F
:10C3100000F0A0F8364BC7F830314A46314607F5F1
:10C32000CC7040F042FEC7F8985104F58E5000F0F2
:10C3300091F8304BC7F8C0314A46314607F50A70CC
:10C3400040F033FE2C4BC7F8283204F592501030E1
:10C3500000F080F8294BC7F850324246314607F5C5
:10C360002E7040F022FE264BC7F8B83204F59650E6
:10C37000183000F06FF8234BC7F8D83252463146D8
:10C3800004F59A5040F011FE04F59B50C7F840B3F5
:10C39000103000F05FF81C4BC7F87033524631463E
:10C3A00007F5767040F001FE04F5A050C7F8D8B349
:10C3B000083000F04FF8154BC7F8083452463146A4
:10C3C00007F58E6040F0F1FD2046C7F870B403B069
:10C3D000BDEC048BBDE8F08F6C760508247505086C
:10C3E0007876050884760508C474050890760508F3
:10C3F0009C760508A876050844750508B4760508F6
:10C4000054750508C0760508CC760508D876050869
:10C4100010B50C4C2368BFF35B8FDB0701D50A48CE
:10C4200010BD20463DF0E6FA0028F8D00648FFF798
:10C4300017FC064840F041FB20463DF0EAFA02486E
:10C4400010BD00BF30D3002040D3002015BA000833
:10C45000704700BF10B5044600230A48206004F16D
:10C4600008015022C4E91633C4E9181204F1580037
:10C470001EF03EFF606008B1204610BD02480F214B
:10C4800000F01EF8E476050820E6040810B504461E
:10C49000034B406823601EF0CDFF204610BD00BF57
:10C4A000E476050808B5012140681EF071FFB0FA76
:10C4B00080F0400908BD00BF40681EF08DBF00BF7E
:10C4C00080B50E46BAB0074672B66C486C4C6B4DE0
:10C4D0003CF05AFB64232146012228463BF062FFD0
:10C4E00014F8013F002BF5D13B7853B1634C642322
:10C4F0003946012220463BF055FF17F8013F002B3B
:10C50000F5D1604C5D4D64232146012228463BF065
:10C5100049FF14F8013F002BF5D186EAE674A4EB3D
:10C52000E674092C4FEAD67640F29580632C40F2EF
:10C530009F80B4F57A7F72D342F20F739C4240F22F
:10C540009580514B9C4240F29580504B9C4298BF45
:10C5500005230BD94E4B9C4238BF052360D34D4B6E
:10C560009C4271D94C4B9C4272D9092303F10108BA
:10C5700001AD03AB08EB06012D222846019307AF5E
:10C580003DF001FB019B4549C92238461E4440F05D
:10C59000A1FE632C3AD9A8F10202DFF808813244E7
:10C5A0004FF0640E42F20F7CA8FB04135B090EFBF4
:10C5B0001340214637F8100022F8020961451C4655
:10C5C000F2D8B1F57A7F21D204F13003DBB23370B7
:10C5D000019C237853B1294E642321460122304621
:10C5E0003BF0E0FE14F8013F002BF5D128463DF06A
:10C5F00066FA2B4C214D64232146012228463BF04C
:10C60000D1FE14F8013F002BF5D1FEE73AAB03EB66
:10C61000440414F8CB2C14F8CC3C7270D7E70123F7
:10C6200003F1020801AD03AB08EB060128462D22F9
:10C63000019307AF3DF0A7FA019B1849C92238467C
:10C640001E4440F047FEA6E7052303F10308E9E78F
:10C650004FF00908E6E701AD03AB711C2D22284617
:10C6600001933DF090FA019B1E44ADE70123ECE7F6
:10C6700001237BE74FF00508D4E700BFE8D2002094
:10C680003CE604085CE604089F8601003F420F0078
:10C6900080969800FFE0F505FFC99A3B68E604081C
:10C6A00064E604081F85EB5108B5034A034B0448B0
:10C6B0006D21FDF705FE00BF24E8040834E70408F7
:10C6C000B0E8040808B5030707D100224FF07E51F7
:10C6D000016042608260C26008BDFFF7E5FF00BFF5
:10C6E00008B503070CD10A6842604FF0000C8A6855
:10C6F000C0F800C0D1F804C0C0F808C0C26008BDCE
:10C70000FFF7D2FF08B5030708D180ED000AC0ED9E
:10C71000010A80ED021AC0ED031A08BDFFF7C4FF3D
:10C7200091ED007AD0ED007AD0ED016A77EE877A4C
:10C7300090ED027AC0ED007A91ED016AD0ED037AB6
:10C7400076EE866AC0ED016AD1ED026A37EE267A8E
:10C7500080ED027A91ED037A77EE877AC0ED037A65
:10C76000704700BFD1ED016A92ED014A91ED027A66
:10C77000D2ED024AD1ED037A92ED035A91ED006AAF
:10C78000D2ED005A76EE846A37EE247A77EE857A17
:10C7900036EE256AC0ED016A80ED006A80ED027A0E
:10C7A000C0ED037A704700BF91ED007AD0ED007ABA
:10C7B000D0ED016A77EEC77A90ED027AC0ED007A8B
:10C7C00091ED016AD0ED037A76EEC66AC0ED016A9A
:10C7D000D1ED026A37EE667A80ED027A91ED037A46
:10C7E00077EEC77AC0ED037A704700BFD1ED016ADA
:10C7F00092ED014A91ED027AD2ED024AD1ED037A2F
:10C8000092ED035A91ED006AD2ED005A76EEC46AB9
:10C8100037EE647A77EEC57A36EE656AC0ED016A66
:10C8200080ED006A80ED027AC0ED037A704700BFA8
:10C8300008B5030774D14FF07E5CC0F800C04FF01C
:10C84000000CC0F804C0C0F808C0C0F80CC091EDDE
:10C85000016AD2ED017AD1ED006A92ED007AD1ED54
:10C86000025A67EEC67A92ED026AE6EE877AD1ED59
:10C87000036A92ED037AE5EEC67AE6EEC77AC0ED7A
:10C88000007A91ED016AD2ED007AD1ED006A92ED65
:10C89000017AD1ED025A67EE867A92ED036AE6EEEE
:10C8A000877AD1ED036A92ED027AE5EE867AE6EEBA
:10C8B000C77AC0ED017A91ED026AD2ED007AD1ED2E
:10C8C000006A92ED027AD1ED015A67EE867A92ED16
:10C8D000036AE6EE877AD1ED036A92ED017AE5EE1E
:10C8E000C67AE6EE877AC0ED027AD2ED007A91ED53
:10C8F000036AD1ED006A92ED037AD1ED015A67EE39
:10C90000867A92ED026AE6EE877AD1ED026A92EDBE
:10C91000017AE5EE867AE6EEC77AC0ED037A08BDC5
:10C92000FFF7C2FE90ED006AD0ED016A90ED027A49
:10C93000D0ED037A26EE006A66EE806A27EE007A72
:10C9400067EE807A80ED006AC0ED016A80ED027AC0
:10C95000C0ED037A704700BFD1ED016A91ED027A14
:10C96000D1ED037A91ED006A60EE266A20EE077A37
:10C9700060EE277A26EE006AC0ED016A80ED006A5B
:10C9800080ED027AC0ED037A704700BF10B504460F
:10C9900051EC100BFBF784FCD4ED005A94ED016AC6
:10C9A000D4ED026A94ED037A07EE900A65EEA75A79
:10C9B00026EE276A66EEA76A67EE277AC4ED005A6C
:10C9C00084ED016AC4ED026AC4ED037A204610BD0D
:10C9D00038B504460D4651EC100BFBF761FCD5ED64
:10C9E000015AD5ED026A95ED037A95ED006A07EEDE
:10C9F000900A67EEA55A67EEA66A27EE877A66EE7A
:10CA0000277A2046C4ED015AC4ED007AC4ED026ACB
:10CA100084ED037A38BD00BF704700BF90ED000A77
:10CA2000704700BF0430704790ED010A704700BFA7
:10CA30000830704790ED020A704700BF0C30704715
:10CA400090ED030A704700BFD0ED015AD0ED036AA4
:10CA500090ED005A90ED026A65EEA57A26EEA67A70
:10CA6000E5EE057AA6EE067A77EE877AF5EEC07ADD
:10CA7000F1EE10FA11DDB1EEE77AC5EE074AC6EE27
:10CA8000877A85EE875AC6EE075AC0ED004A80EDD8
:10CA9000015AC0ED025AC0ED037A7047D1ED016A28
:10CAA00091ED027AD1ED037A91ED006A60EE266A8B
:10CAB00020EE077A60EE277A26EE006AC0ED016A62
:10CAC00080ED006A80ED027AC0ED037A704700BF06
:10CAD00038B504460D4651EC100BFBF7E1FBD5EDE4
:10CAE000015AD5ED026A95ED037A95ED006A07EEDD
:10CAF000900A67EEA55A67EEA66A27EE877A66EE79
:10CB0000277A2046C4ED015AC4ED007AC4ED026ACA
:10CB100084ED037A38BD00BF154B5B68C3F308038F
:10CB200070B5FBB1134E3468BFF35B8F14F0010492
:10CB3000054605D029461048BDE8704000F0D8B938
:10CB400030463CF057FF0028F4D00B4B3046C3E989
:10CB50001544DC653CF05DFF29460748BDE87040A0
:10CB600000F0C6B9054B064A06480B21FDF7A8FBA5
:10CB700000ED00E0E0E70020E4E70020F0E8040832
:10CB800014E9040848E90408F8B5114F3C68BFF3FC
:10CB90005B8F14F0010405460E4606D03246294646
:10CBA0000C48BDE8F84000F063B838463CF022FF7E
:10CBB0000028F3D0074B3846C3E91544DC653CF048
:10CBC00028FF324629460348BDE8F84000F050B837
:10CBD000E0E70020E4E7002038B50E4D2C68BFF3F5
:10CBE0005B8F14F0010404D0BDE838400A4800F01F
:10CBF00035BA28463CF0FEFE0028F5D0064B284604
:10CC0000C3E91544DC653CF004FFBDE83840024848
:10CC100000F024BAE0E70020E4E7002038B50E4D2C
:10CC20002C68BFF35B8F14F0010404D0BDE83840DA
:10CC30000A4800F015B828463CF0DCFE0028F5D084
:10CC4000064B2846C3E91544DC653CF0E2FEBDE82E
:10CC50003840024800F004B8E0E70020E4E7002094
:10CC600090F956000028D4BF00200120704700BF73
:10CC7000C0E91612704700BFF0B5F22991B0044622
:10CC800071D0F3290B464ED1944A4579ADF80D3059
:10CC900092E80300F92D4FF0000202908DF80C107D
:10CCA0008DF80F208DF810208DF811208DF81220AE
:10CCB00040F29080FF238DF80E304FF0FF320721B5
:10CCC00002A80CF09DFB02ABCDF80F0003CBC4F81B
:10CCD0002A001A88628604F12A079A78C4F82E106E
:10CCE0000B23BA72A4F85430A36D002B38D00CF08B
:10CCF0009DFB7B4D4519A06D41F100063BF0C6FD43
:10CD000004E00CF093FBA842B14129D2A06D90F849
:10CD10004130202BF5D1B4F8542039463BF0E8FCE3
:10CD2000012011B0F0BD6D4A8DF8193092E8030072
:10CD3000002305908DF818104FF0FF32072105A849
:10CD40008DF81A308DF81B308DF81C308DF81D30A1
:10CD50008DF81E300CF054FB05ABCDF81B00B5E789
:10CD6000002011B0F0BD5F4A43798DF8193092E888
:10CD70000300F92B05908DF8181065D902AD574ABC
:10CD800092E803008DF80C104FF6F2710023029028
:10CD90004FF0FF32ADF80D10284607218DF80F3007
:10CDA0008DF810308DF811308DF812300CF028FB12
:10CDB0002A46CDF80F0003CA04F12A0713886386B8
:10CDC0009278C4F82A000B23C4F82E10BA72A4F883
:10CDD000543089E744484FF4004126F06FFED4F800
:10CDE0000630CDF81630D4F81630D4F80A20D4F82E
:10CDF0000E60CDF826306623D4F81210CDF81A2034
:10CE0000CDF81E60D4F81A20D4F81E6000936D018E
:10CE1000CDF82210D4F82210CDF82A206DBACDF822
:10CE200032103248ADF81450222305AAA021CDF8C3
:10CE30002E6022F077F9002849D02B4801224FF4C8
:10CE4000004126F03BFE35E75B0159BA012202ADF5
:10CE50000092ADF80810254802232A46A02122F0AE
:10CE600061F900288BD12023204800930DF11A028C
:10CE7000A02122F0FBFA002881D14FF0FF322621B9
:10CE800005A80CF0BDFA04F12A07CDF83A000DF11F
:10CE9000140C3E460DF1340E65460FCD754506F176
:10CEA00010060CF1100C46F8100C46F80C1C46F855
:10CEB000082C46F8043CEFD1BCE803003060BCF815
:10CEC000002032812A237160A4F854300CE7064810
:10CED00001224FF4004126F0F1FDEEE6ECDF0408FC
:10CEE00040420F00E4DF040800040240280500204F
:10CEF0002A2938B504460ED9FE2380F856302A2256
:10CF0000A06D21463CF046FDE36D1A68136823F0DE
:10CF10000803136038BD0D1F4FF0FF3229460CF097
:10CF20006FFA6359984203D0FF2384F85630E6E73E
:10CF300023784E2BE3D16378452BE0D16388032B14
:10CF4000DDD12179F12914D00DD8F029D7D10123D1
:10CF500084F856302046FFF78FFE0028CFD1FD23FE
:10CF600084F85630CBE701F10E03DBB2012BF1D987
:10CF7000C5E7002384F85630ECE700BF00F12A0330
:10CF80002DE9F04303EB020E9AB1AEEB0004A4F1DD
:10CF90002B05052D01F1010C03D9A3EB0C05022D86
:10CFA0000BD81CF8011C03F8011B9E450CF1010C69
:10CFB000F7D1A0F85420BDE8F083A4F12A0626F0AA
:10CFC00003088C461C464FEA960908EB01075CF8FB
:10CFD000045B44F8045BBC45F9D1464503EB080407
:10CFE000E7D011F8291003F82910631C9E45E0D002
:10CFF0009CF801306370A31C9E45DAD09CF8023087
:10D00000A370A0F85420BDE8F08300BF836D03B384
:10D0100070B504460CF00AFA0F4B0546ED18A06DEA
:10D0200041F100063BF032FC04E00CF0FFF9A842AD
:10D03000B1410CD2A06D90F84130202BF5D1B4F85D
:10D04000542004F12A013BF053FB012070BD002065
:10D0500070BD0020704700BF40420F0070B505460C
:10D060002A222946806D104C3CF094FCEB6D1A6826
:10D07000136823F0080313600CF0D8F9041941F188
:10D0800000060CF0D3F9A042B141FAD395F956301D
:10D09000002BF6DCA86D90F84130202BF1D1BDE8D3
:10D0A00070403CF01BB800BF404B4C00D0F814025D
:10D0B000003818BF01207047D0F8143203B1704710
:10D0C00010B5044600F51A701EF012F9C4F81402E7
:10D0D00010BD00BFF8B5174E3468BFF35B8F14F076
:10D0E0000104054602D0F5B91348F8BD30463CF0BE
:10D0F00081FC0028F7D0104F104B384640F8043B15
:10D100000BF03AFD07F50673C7F87032304650232E
:10D11000C7E98344C7E99A44C7F81442C7F8743290
:10D120003CF077FCDFE7064B064A07481821FDF77D
:10D13000C7F800BF44E8002048E80020F076050862
:10D14000ECE9040804EA040854EA040800B5074AB4
:10D1500083B000238C4610688DF807C01A460DF185
:10D1600007011EF08FFA03B05DF804FBAC0C002041
:10D1700070B586B0011D044601A80CF023F81EF01E
:10D18000D3FDD4E98335EB1A54BF143303F505738B
:10D19000B3F5007F23D205F1140305F10A0EB3F5B0
:10D1A000007F04EB0E0C1FD9C5F50076324601A9AD
:10D1B000604640F08FF801ABA5F5F672991904F1BD
:10D1C0000A0040F087F81648D4F8103290F8412051
:10D1D0001433C3F30803202AC4F8103213D006B066
:10D1E000BDE870401EF0C2BD01AD0FCD44F80E0089
:10D1F0002868CCF804101426CCF80820CCF80C30A1
:10D20000CCF81000DFE7D4F80C120A31B2B2214496
:10D210003BF06EFA06B0BDE870401EF0A7BD00BF3F
:10D22000E8D2002070B586B0011D044668460CF0B7
:10D2300001F81EF079FDD4E98335EB1A54BF183399
:10D2400003F50673B3F5007F23D205F1180305F14A
:10D250000A0EB3F5007F04EB0E0C1FD9C5F500765E
:10D2600032466946604640F035F8A5F5F4720DEB9C
:10D27000060104F10A0040F02DF81748D4F81032E6
:10D2800090F841201833C3F30803202AC4F8103261
:10D2900015D006B0BDE870401EF068BD6D460FCDDC
:10D2A00044F80E00CCF8041003CD1826CCF8082062
:10D2B000CCF80C30CCF81000CCF81410DDE7D4F822
:10D2C0000C120A31B2B221443BF012FA06B0BDE8AA
:10D2D00070401EF04BBD00BFE8D20020531EB3F5D6
:10D2E000007F2DE9F04152D2054614460F461EF04C
:10D2F0001BFDD5E98336F31A48BF03F500732344B9
:10D30000B3F5007F1DD2A31906F10A00B3F5007F23
:10D3100028441CD8224639463FF0DCFFA046D5F809
:10D3200010321E481C4490F84130C4F30804202BEE
:10D33000C5F810421BD001241EF018FD2046BDE8A0
:10D34000F08100241EF012FD2046BDE8F081C6F5F4
:10D350000078424639463FF0BDFFA6F500722244F0
:10D3600007EB080105F10A003FF0B4FFD7E7D5F855
:10D370000C120A311FFA88F229443BF0B9F9B0FACD
:10D3800080F464091EF0F2FC2046BDE8F081044BF5
:10D39000044A0548D921FCF793FF00BFE8D20020DA
:10D3A000F8EA040824EB040854EA040870B59CB0B9
:10D3B0000546FFF72DF82C220446002111A83FF066
:10D3C000F4FD2C4A92E8030004F5E46600232A4A9F
:10D3D0000990304610928DF828108DF82930CDF83C
:10D3E0002A30CDF82E30CDF83230ADF836300F93EC
:10D3F000FFF758F808B91CB070BD04F5F16330466A
:10D400005A6811929A681292DA6813921A695969E5
:10D4100014929A69169204F5F263D3E906231591E2
:10D42000B4F8B017ADF86810CDE91823FFF744F849
:10D43000D5F8140201211DF0ABFF0028DBD110AAA2
:10D44000291D68460BF0ACFB00980199029A039BDA
:10D4500009AC0FC404980599069A07C41C2209A9AF
:10D460002846FFF73BFFD5F814021DF0B5FF1CB0AE
:10D4700070BD00BFF4DF04083475050870B598B0BE
:10D480000546FEF7C5FF2C22044600210DA83FF0FB
:10D490008CFD2F4A92E8030004F5E46600232D4A30
:10D4A000079030460C928DF82010ADF821308DF8A1
:10D4B00023300B938DF824308DF825308DF82630ED
:10D4C0008DF827308DF828308DF829308DF82A30E6
:10D4D000FEF7E8FF08B918B070BD04F5F1633046F7
:10D4E0005A680D929A680E92DA680F921A69596911
:10D4F00010929A69129204F5F263D3E9062311910E
:10D50000B4F8B017ADF85810CDE91423FEF7D4FFE6
:10D51000D5F8140201211DF03BFF0028DBD10CAA35
:10D52000291D68460BF04CFC00980199029A039B58
:10D5300007AC0FC404982060142207A92846FFF7FF
:10D54000CDFED5F814021DF047FF18B070BD00BF26
:10D55000FCDF04083475050870B5364B054693E8C2
:10D56000030096B00023079033480C9000228DF8FA
:10D57000201000200021CDE91201ADF821308DF8F6
:10D5800023308DF824308DF825308DF826308DF835
:10D5900027308DF828308DF829308DF82A300B93FC
:10D5A0000D920E920F9210928DF85030FEF730FFD0
:10D5B00000F58E5604463046FEF774FF08B916B0E3
:10D5C00070BD04F580543046D4F82C22D4F83032A3
:10D5D0000D920E93D4F83422D4F838320F9210936F
:10D5E000D4E9902394F848128DF85010CDE9122315
:10D5F000FEF762FFD5F8140201211DF0C9FE0028D4
:10D60000DDD10CAA291D68460BF0EEFC00980199AB
:10D61000029A039B07AC0FC404982060142207A948
:10D620002846FFF75BFED5F814021DF0D5FE16B0B4
:10D6300070BD00BF04E004084475050870B5324BA6
:10D64000054693E803009AB0002309902F488DF80F
:10D6500028100022109000210020CDE90C33CDE9E4
:10D6600016018DF82930CDF82A30ADF82E300F9301
:10D670008DF860301192129213921492FEF7C8FE48
:10D6800000F58E5604463046FEF70CFF08B91AB076
:10D6900070BD04F580543046D4F82C22D4F83032D2
:10D6A00011921293D4F83422D4F83832139214938E
:10D6B000D4E9902394F848128DF86010CDE9162330
:10D6C000FEF7FAFED5F8140201211DF061FE0028D4
:10D6D000DDD110AA291D68460BF0D2FC00980199F3
:10D6E000029A039B09AC0FC404980599069A07C4D3
:10D6F0001C2209A92846FFF7F1FDD5F814021DF0F8
:10D700006BFE1AB070BD00BF0CE00408447505083C
:10D710002DE9F043624A6349A7B00023CDE91033F5
:10D72000CDE91332ADF848308DF868308DF890307F
:10D730008DF830305C4B1C9300244FF000084FF004
:10D7400000095A4B0E9102250F95CDE91889CDE9B4
:10D750002289CDE90A890646159416941D941E94D3
:10D760001F94209409940893FEF752FE00F59257F7
:10D77000103705463846FEF795FE002835D1CDE92D
:10D780001889159416948DF86800FEF741FE00F58F
:10D790008E5504462846FEF785FE002866D10024F3
:10D7A0000025CDE9224500231D931E931F9320934E
:10D7B0008DF89000FEF72CFE00F64805044628463A
:10D7C000FEF770FE002841D100240025CDE90A456E
:10D7D000002309938DF83000D6F8140201211DF0C2
:10D7E000D7FDB0B127B0BDE8F08305F580553846C8
:10D7F000D5F8BC22D5F8C03215921693D5E9B223DC
:10D8000095F8D0128DF86810CDE91823FEF754FE74
:10D81000BBE708AB009314AA1CAB311D02A80BF0A8
:10D8200019FB02980399049A059B0EAC0FC4069845
:10D830000799182203C40EA93046FFF74FFDD6F80A
:10D8400014021DF0C9FD27B0BDE8F08304F50B6399
:10D8500094F8C0185A680992D3E902232846CDE902
:10D860000A238DF83010FEF727FEB5E704F5805443
:10D870002846D4F82C22D4F830321D921E93D4F8C6
:10D880003422D4F838321F922093D4E9902394F8AC
:10D8900048128DF89010CDE92223FEF70DFE89E79E
:10D8A000547505084E45030044750508D4740508F1
:10D8B00070B586B00646FEF7ABFD00F5D5650446AB
:10D8C0002846FEF7EFFD08B906B070BD284604F5FE
:10D8D000E264D4E90245FEF7EFFDD6F81402012117
:10D8E0001DF056FD0028EFD12B462246311D01A820
:10D8F0000BF02EFC142201A93046FFF7EFFCD6F8FE
:10D9000014021DF069FD06B070BD00BF08B5164BCE
:10D910005B68C3F3080303B3D0E983321944C1F34E
:10D920000801521A002A8446C0F80C1201DC08D102
:10D9300008BD0A31BDE808400C4892B261443AF093
:10D94000D7BEC1F5007201F10A030CEB03010748D1
:10D95000BDE8084092B23AF0CBBE054B054A0648F6
:10D960004FF48271FCF7ACFC00ED00E0E8D200203F
:10D97000F0E8040864EB040854EA0408D0E98303DF
:10D98000181A48BF01F500710844B0F5007F2CBF9C
:10D9900000200120704700BF10B504460020FFF7AB
:10D9A00099FB2146BDE81040FFF7B0BF00797047F2
:10D9B00008B90348704708B502481521FEF780FDF5
:10D9C0000C000020A0EB040838B5FEF721FD00F1A3
:10D9D000980504462846FEF765FD00B938BD0022CB
:10D9E000002300200021A4F82821C4E94801C4F83C
:10D9F0000431C4F80831C4F80C31C4F81031C4F84B
:10DA00001431C4F81831C4F81C312846BDE8384038
:10DA1000FEF752BD30B5002487B0802320460D4666
:10DA2000ADF814408DF8143001F0DCFF0223012220
:10DA3000CDE90123009505AA214602F0E9F807B0D7
:10DA400030BD00BF30B5002487B0A12320460D466D
:10DA5000ADF814408DF8143001F0C4FF0223012208
:10DA6000CDE90123009505AA214602F0D1F807B0BF
:10DA700030BD00BF70B5002486B07D2320468DF8F0
:10DA800014308DF8134001F0ADFF164B012502262E
:10DA90008DE8680005AA2B46214601F0E7FF10B982
:10DAA000002006B070BDFD232046ADF814408DF86F
:10DAB000143001F097FF0DF113030093CDE90156E7
:10DAC000334605AA214602F0A3F80028E8D09DF8C5
:10DAD000130000F00E00A0F10E00B0FA80F0400933
:10DAE00006B070BD107705082DE9F047002486B018
:10DAF000802307462046ADF8144002258DF81430E7
:10DB00008DF810408DF811408DF812408DF81340BB
:10DB1000012601F067FF0DF112030093CDE90165C5
:10DB20002B4605AA214602F073F818B19DF8123071
:10DB3000242B08D001201EF02FFF14201EF02CFFF4
:10DB400006B0BDE8F0874FF0FC0920460DF1100843
:10DB5000ADF814408DF8149001F044FFCDE9016553
:10DB6000CDF800802B4605AA214602F051F830B9C5
:10DB700030461EF011FF14201EF00EFFE0E79DF866
:10DB8000103023F001038DF8103020467C238DF8EF
:10DB9000143001F027FFCDE90165CDF80080334650
:10DBA00005AA214601F062FF824630461EF0F4FECF
:10DBB000BAF1000FC1D02046ADF814408DF8149092
:10DBC00001F010FFCDE90165CDF800802B4605AAD4
:10DBD000214602F01DF80028AFD09DF81030DB433D
:10DBE00013F0010340F097801C4614201EF0D4FE71
:10DBF000002CA5D00024A1232046ADF81440022615
:10DC00008DF8143001F0EEFE0123CDE901360DF15F
:10DC10001103009305AA3346214601F0F9FF9DF850
:10DC2000115005F00F05012D8AD1002888D0384603
:10DC3000FFF720FF002883D0402320468DF81430C2
:10DC400001F0D0FE614B0093CDE901562B4605AAA9
:10DC5000214601F00BFF00283FF472AF412320461C
:10DC60008DF8143001F0BEFE594B0093CDE90156FA
:10DC70002B4605AA214601F0F9FE00283FF460AFCB
:10DC8000422320468DF8143001F0ACFE514B009336
:10DC9000CDE901562B4605AA214601F0E7FE0028F2
:10DCA0003FF44EAF432320468DF8143001F09AFE26
:10DCB000494B0093CDE901562B4605AA214601F0B8
:10DCC000D5FE00283FF43CAF532320468DF8143096
:10DCD00001F088FE414B0093CDE901562B4605AA81
:10DCE000214601F0C3FE00283FF42AAF5823204606
:10DCF0008DF8143001F076FE2146394C0094CDE9C0
:10DD000001562B4605AA01F0B1FE00283FF418AFDA
:10DD100001233B7114E7592320468DF8143001F09C
:10DD200061FE304A0092CDE90165334605AA2146DD
:10DD300001F09CFE00283FF400AFDFF8B0804FF008
:10DD40005E0900208DF8149001F04CFE4FF4007332
:10DD500001930295CDF80080012305AA002101F06E
:10DD600085FE00283FF4E9AE04F580739CB2C3F34E
:10DD70000B138DF8133000205C238DF8143001262E
:10DD800001F030FE0DF11303009302950196334626
:10DD900005AA002101F06AFE00283FF4CEAEB4F5DA
:10DDA000805F08F50078CCD1592300208DF814301D
:10DDB00001F018FE0C4B0295CDE9003605AA33465A
:10DDC000002101F053FE04460FE700BF0D77050860
:10DDD0000C7705080B7705080A770508087705080A
:10DDE000097705080F7705080E77050814770508E9
:10DDF00030B587B0402300208DF81730012401F0A2
:10DE0000F1FD02250F4B0093CDE9014523460DF1AD
:10DE10001702002101F02AFE08B907B030BD4123E6
:10DE200000208DF8173001F0DDFD074B0295CDE99C
:10DE300000340DF117022346002101F017FE07B050
:10DE400030BD00BF0D7705080C77050830B587B0E9
:10DE5000422300208DF81730012401F0C3FD022574
:10DE60000F4B0093CDE9014523460DF11702002128
:10DE700001F0FCFD08B907B030BD432300208DF848
:10DE8000173001F0AFFD074B0295CDE900340DF1DD
:10DE900017022346002101F0E9FD07B030BD00BFA5
:10DEA0000B7705080A77050830B587B053230020A3
:10DEB0008DF81730012401F095FD02250F4B0093DA
:10DEC000CDE9014523460DF11702002101F0CEFDF9
:10DED00008B907B030BD582300208DF8173001F085
:10DEE00081FD074B0295CDE900340DF11702234661
:10DEF000002101F0BBFD07B030BD00BF0877050869
:10DF00000977050810B5002486B09D232046ADF89A
:10DF100014408DF813408DF8143001F063FD012199
:10DF20000DF113020223CDE901130092214605AA47
:10DF300001F06EFE40B19DF8130000F0C000A0F1AA
:10DF4000C000B0FA80F0400906B010BDF0B5002462
:10DF500089B08C232046ADF810400E468DF8103065
:10DF60001546CDE9054405AF079401F03BFD0C22B1
:10DF70000223CDE901230097214604AA01F048FEBF
:10DF8000F8B3BDF916309FED204ADFED204A05EECB
:10DF9000903ABDF9183006EE103ABDF91A3006EE87
:10DFA000903ABDF91C3007EE103ABDF91E3007EE6D
:10DFB000903ABDF9143005EE103AF8EEE55AB8EE95
:10DFC000C66AF8EEE66AB8EEC77AB8EEC55AF8EE59
:10DFD000E77A25EE045A65EE845A26EE046A66EE68
:10DFE000A46A27EE247A67EEA47A86ED005AC6ED7D
:10DFF000015A86ED026AC5ED006A85ED017AC5ED2C
:10E00000027A09B0F0BD00BF0AE81C3B55A08B396D
:10E010002DE9F04701682DED088B49681D46584BE6
:10E0200099428AB00446164640F0A580007900BBAC
:10E030009FED548A0027F0EE48AAF0EE488AB0EE31
:10E04000489AB0EE48BAF0EE489AB0EE48AAB946FF
:10E050003E463D46FEF7DCF900F19808044640468E
:10E06000FEF720FA002868D10AB0BDEC088BBDE8A5
:10E07000F0874FF000089D234FF0020A40464FF012
:10E08000010904AFADF81C808DF810808DF81C30AC
:10E0900001F0A8FCCDE9019A0097534607AA414632
:10E0A00001F0B6FD0028C3D09DF8103003F0C00386
:10E0B000C02BBDD1204607AA3946CDE90488CDE959
:10E0C0000688CDE90888FFF741FF0028B0D0A223D9
:10E0D00040469DED079A9DED04AADDED059ADDED24
:10E0E000088AADF81C809DED06BA8DF81C30DDED78
:10E0F00009AAADF8108001F075FC0097CDE901AADE
:10E10000534607AA414601F083FDB1EE4AAAF1EE5B
:10E11000699AB1EE499AF1EE688A074668B3BDF98B
:10E1200010309FED197A07EE903AF8EEE77AB3EEE9
:10E13000078AA7EE878A4F468CE74046C4F82061DD
:10E1400084ED41AAC4ED429A84ED43BA84ED449A29
:10E15000C4ED458AC4ED46AA84ED478AC4F824512B
:10E1600084F8289184F829710AB0BDEC088BBDE8C9
:10E17000F047FEF7A1B9884759E79FED028A69E7A2
:10E18000ADD90008000000000000003B30B50024BD
:10E1900087B0A2232046ADF814400D468DF8143008
:10E1A000ADF8104001F01EFC04AA02230092CDE954
:10E1B000013305AA214601F02BFD68B1BDF91030ED
:10E1C000DFED066A07EE103AB8EEC77AF3EE077A8B
:10E1D000E7EE267AC5ED007A07B030BD0000003BBF
:10E1E00070B5002486B061F07F01204615461E46BA
:10E1F000ADF814408DF8141001F0F4FB0223CDE9C2
:10E20000005605AA2146029301F002FD06B070BD3A
:10E2100030B587B0002014461D468DF8171001F068
:10E22000E1FB0222CDE90152012300940DF1170216
:10E23000002101F01BFC07B030BD00BF0079704722
:10E240000246264B2DE9F041044642F8043B0025E6
:10E2500000234FF07E504FF48776656088469560C6
:10E260005560C2F80B5029466061A361E3612362E7
:10E270006062A362E36223636063A063E363236479
:10E280006364A064E36423656365A065324604F1BA
:10E2900060003EF08AFE002732460026C4E95C6733
:10E2A000C4E95E67294604F5C0703EF07EFEC4E90D
:10E2B000A467C4E9A66784F8A052C4F8A252C4F8BF
:10E2C000A652C4F8AA52C4F8AE52C4F8B25284F8A6
:10E2D000B652C4F8B8822046BDE8F0811C97050804
:10E2E0000048704778CF00202DE9F843324F3D6851
:10E2F000BFF35B8F15F00105064604D0002E55D103
:10E300002E48BDE8F88338463BF074FB0028F5D072
:10E310002A4C2B4A65602346294643F8042BC3E95F
:10E320000155C3F80B504FF07E5363616362636322
:10E33000A363A364A3654FF48772002304F1600014
:10E340004FF000084FF00009A361E3612362A3626C
:10E35000E3622363E36323646364E36423656365C7
:10E360003EF023FE4FF48772294604F5C070C4E9DD
:10E370005C89C4E95E893EF018FE124B84F8A05215
:10E380003846C4E9A489C4E9A689C4F8A252C4F8ED
:10E39000A652C4F8AA52C4F8AE52C4F8B25284F8D5
:10E3A000B652C4F8B8323BF034FBA7E7064B074A35
:10E3B00007483121FBF784FFC4EA0020C8EA0020A7
:10E3C0001C97050878CF0020ECE90408B0EB04089E
:10E3D000F8EB04082DE9F0412DED068BC8B0054699
:10E3E000FEF716F89A4F4FF49072002104464FF44E
:10E3F000000868463EF0D9FD1DF096FCC7F8848001
:10E40000BFF34F8FBFF36F8F95F8B632EBB9C7F8F4
:10E4100004801DF0ABFCDFED8F8A00252046B0EEB6
:10E42000689AB0EE688AF0EE689AB0EE68AAF0EEEC
:10E4300068AA2F462E46FEF735F8002840F0E980FE
:10E4400048B0BDEC068BBDE8F081BFF35F8F4FF4A1
:10E45000907205F5C071684600263EF03BFF85F8D6
:10E46000B662C7F804801DF081FC2B79002BD2D056
:10E47000DFED783A0DF11203F0EE634AB0EE633A45
:10E48000B0EE632AB0EE634AF0EE632A48A813F8B0
:10E49000022C012A30D133F9122C05EE102A33F95F
:10E4A000102C05EE902A33F90E2C06EE102A33F9C3
:10E4B0000C2C06EE902A33F90A2C07EE102A33F9B9
:10E4C000082C07EE902AB8EEC55AF8EEE55AB8EED9
:10E4D000C66AF8EEE66AB8EEC77AF8EEE77A72EE48
:10E4E000852A34EE254A32EE062A33EE263A74EEB9
:10E4F000874A73EEA73A013612339842C7D1002EED
:10E5000089D007EE906ADFED546A9FED547ADFED13
:10E51000545A9FED546A95ED0FAAD5ED159A95EDD5
:10E52000069A95ED0E5AD5ED0C8AF8EE677ADDE97C
:10E53000467267EEA66A67EE877A85EEA67ADDE90F
:10E5400044367F085B0843EAC67347EAC277FF1880
:10E550004FEA5606204646EB5206C6EE276A24EEE0
:10E56000074AD5ED127AD5ED095A95ED106A66EE97
:10E57000A44A62EE872A24EE0AAA64EE299A24EEBF
:10E58000274AD5ED117A23EE263AA2EEA74A24EEC9
:10E59000899AD5ED057AA2EE85AAA3EE279A95ED84
:10E5A000145AD5ED0B7A64EEA88A24EEA58AE2EE21
:10E5B000859AD5ED085AD5ED074A95ED0D5AE3EE4B
:10E5C000278A27EE027A66EEA37AA3EE258AD5ED96
:10E5D000163AD5ED135AD5ED0A6AA7EE06AA01251B
:10E5E000E7EE239AA7EEA49AE7EE858AA7EE254ADE
:10E5F000A7EEA68AF0EE44AAB1EE4AAAF1EE699A15
:10E60000B1EE499AF1EE688AFDF74CFF00283FF41D
:10E6100017AF0023C4F8843020460023C4E92276D3
:10E62000C4ED1BAA84ED1CAAC4ED1D9A84ED1E8ABC
:10E6300084ED1F9AC4ED208A84F8905084F89130BC
:10E6400048B0BDEC068BBDE8F041FDF735BF00BF1B
:10E6500000E100E000000000004899450000A042F1
:10E66000CDCC1C4135FA8E3C10B5FDF7D1FE0446E9
:10E67000FDF718FF00B910BD002200230020002183
:10E68000A4F89020C4E92201E36623676367A367C7
:10E69000E367C4F88030C4F884302046BDE81040F9
:10E6A000FDF70ABF81B1A0F1040C002201E0914204
:10E6B0000AD05CF8043F03F04073B3F1807F02F1AD
:10E6C0000102F4D001207047002070472DE9F0418D
:10E6D000174684B00D46002219462DBA0446384626
:10E6E000984625F0EBF902950AF0A0FE05460E4685
:10E6F000D4F8B8022DF082FD012813D10223D4F8FA
:10E70000B802009303AA042302A92CF0A5FA98B139
:10E71000002438460122414625F0D0F9204604B0B5
:10E72000BDE8F0810AF082FE401B61EB060114286F
:10E7300071F10001DCD3EBE7039C24BAE9E700BFE9
:10E74000024A4FF40073FFF7C1BF00BF000402404C
:10E7500070B5114E114D0446324629464FF40073F0
:10E76000FFF7B4FF324629464FF400732046FFF707
:10E77000ADFF03201EF010F94FF400733246294616
:10E780002046FFF7A3FF00F04070A0F18070B0FAC0
:10E7900080F0400970BD00BF00040240D500003881
:10E7A000014A0223FFF792BF0010024070B50F4EDE
:10E7B0000F4D0446324629460223FFF787FF3246B3
:10E7C000294602232046FFF781FF03201EF0E4F8CC
:10E7D0000223324629462046FFF778FF00F04070BA
:10E7E000A0F18070B0FA80F0400970BD00100240C6
:10E7F000D50000382DE9F04FDFF890B3DBF800309A
:10E800000133012B83B00446CBF8003000F00681C1
:10E810000F2B00F07D81CC4ACC4902232046FFF724
:10E8200055FFC94ACA4902232046FFF74FFFC64A8F
:10E83000C849022381462046FFF748FFC24AC5491E
:10E84000009002232046FFF741FFC34AC0490190D0
:10E850004FF400732046FFF739FFBF4ABF494FF41A
:10E8600000732046FFF732FFBB4ABD494FF40073E7
:10E8700080462046FFF72AFFB74ABA494FF4007393
:10E8800005462046FFF722FFB34AB2494FF4007312
:10E8900006462046FFF71AFFAF4AAE4907464FF437
:10E8A00000732046FFF712FF8246002D00F084809F
:10E8B000002E00F08180002F7ED0B8F1000F7BD0B9
:10E8C000B9F1000F78D0009B002B75D0002873D0D1
:10E8D000019B002B70D005F04073B3F1807F40F0B6
:10E8E000A28006F04073B3F1807F40F09C8007F077
:10E8F0004073B3F1807F40F0968008F04073B3F12D
:10E90000807F40F0908009F04073B3F1807F40F049
:10E910008A80009B03F04073B3F1807F40F08380D6
:10E9200000F04073B3F1807F7DD1019B03F0407311
:10E93000B3F1807F77D1002384F8A032009B4FEAA7
:10E94000132C019B0022390A180A174613462D0A78
:10E950004FEA1929360A61F30F074FEA1A2A1946B6
:10E9600065F30F0269F30F0366F31F426CF31F4355
:10E970004FEA18286AF30F01164668F31F4760F341
:10E980001F411A464FF0010CDBF800506B1E0E2B96
:10E9900000F2D38003EBC30304F160000F2D40F8B5
:10E9A000136000EB43035F609A60D96083F810C086
:10E9B0000BD003B0BDE8F08F012384F8A032002211
:10E9C0001146164617469446DEE794F8B632002BF9
:10E9D00000F0A380002384F8703084F8823084F83B
:10E9E000943084F8A63084F8B83084F8CA3084F8BB
:10E9F000DC3084F8EE3084F8003184F8123184F889
:10EA0000243184F8363184F8483184F85A3184F856
:10EA10006C31CBF8003003B0BDE8F08F0AF006FD92
:10EA2000C4E95C01F7E601234B4A4F4984F8A03260
:10EA300020464FF40073FFF749FE474A4B494FF415
:10EA400000732046FFF742FE000A434A4849A4F8F3
:10EA5000A2024FF400732046FFF738FE000A3E4A38
:10EA60004449A4F8A4024FF400732046FFF72EFE99
:10EA7000000A394A4049A4F8A6024FF40073204620
:10EA8000FFF724FE000A344A3B49A4F8A8024FF4D9
:10EA900000732046FFF71AFE000A2B4A3249A4F8F9
:10EAA000AA0202232046FFF711FE274A2F4902231C
:10EAB0002046FFF70BFE000A234A3049A4F8AC02B7
:10EAC00002232046FFF702FE000A1F4A2949A4F844
:10EAD000AE0202232046FFF7F9FD000A1A4A264932
:10EAE000A4F8B00202232046FFF7F0FD000AA4F8C4
:10EAF000B2020223144A20492046FFF7E7FD94F8AA
:10EB0000A032000AA4F8B402002B3FF417AF56E776
:10EB10000AF08CFCC4E95E017DE601464FF4907278
:10EB200004F5C0703EF0D6FBBFF35F8F012384F87D
:10EB3000B63219201FF068F84CE7114B114A124801
:10EB400040F23311FBF7BCFB00100240FB00000C4D
:10EB5000F7000004E300001C00040240E90000107C
:10EB6000EF000014E5000018D500003891000040C7
:10EB70009D000048890000508F0000549700004419
:10EB800090EC0408E8EC0408F8EB0408C0EA002064
:10EB900008B5094B5A68C2F3080232B103791BB1B8
:10EBA000BDE80840FFF726BE08BD044B044A0548EF
:10EBB000DE21FBF785FB00BF00ED00E0F0E8040874
:10EBC000E8EC0408F8EB04082DE97043374E35688B
:10EBD000BFF35B8F15F001050ED0354B5B68C3F3B7
:10EBE0000803002B5BD0334803791BB1BDE87043A9
:10EBF000FFF700BEBDE8708330463AF0FBFE002808
:10EC0000EBD02C4C2C4B65602246294642F8043B45
:10EC10004FF07E53C2E901556362C2F80B50636343
:10EC20006361A363A364A3654FF48772002304F1B7
:10EC300060004FF000084FF00009A361E361236218
:10EC4000A362E3622363E36323646364E364236591
:10EC500063653EF0AAF94FF48772294604F5C07047
:10EC6000C4E95C89C4E95E893EF09FF9134B84F8DE
:10EC7000A0523046C4E9A489C4E9A689C4F8A252C6
:10EC8000C4F8A652C4F8AA52C4F8AE52C4F8B2529C
:10EC900084F8B652C4F8B8323AF0BBFE9DE7084B90
:10ECA000084A0948DE21FBF70BFB00BFC4EA00203D
:10ECB00000ED00E0C8EA00201C97050878CF00208E
:10ECC000F0E80408E8EC0408F8EB04082DE9F04F3C
:10ECD0004FF0010B85B00446394A3A4980F804B038
:10ECE0004FF40073FFF7F2FC374A384902232046FD
:10ECF000FFF7ECFC344A334902232046FFF7E6FCD9
:10ED000019201DF049FE2E4A31494FF40073204668
:10ED1000FFF7DCFC2A4A2F494FF400732046FFF727
:10ED2000D5FC274A2C494FF4007306462046FFF7CE
:10ED3000CDFC234A28494FF4007305462046FFF7CF
:10ED4000C5FCC5F30F25C0F30F2224490095C6F377
:10ED50000343601D3EF098F81B4A214902232046D8
:10ED6000FFF7B4FC184A1F4902232046FFF7AEFC08
:10ED7000154A1D4902232046FFF7A8FC124A1949EB
:10ED800002232046FFF7A2FC0F4A1849022320461F
:10ED9000FFF79CFC0C4A134902232046FFF796FC20
:10EDA000094A104902232046FFF790FC00F4E06076
:10EDB000B0F5E06F1CD00023237105B0BDE8F08FE3
:10EDC000000402407C0100E000100240730000FCDF
:10EDD000B9000070BF000074B50000780CED0408A5
:10EDE000AA1000E4A70000648F0800E4E02000E41B
:10EDF000DA4ADB4902232046FFF768FCD74AD949A3
:10EE000002232046FFF762FCD44AD749022320465A
:10EE1000FFF75CFCD14AD549814602232046FFF723
:10EE200055FCCE4AD249064602232046FFF74EFC47
:10EE3000CA4AD049804602232046FFF747FCC74A0A
:10EE4000CD49039002232046FFF740FCC34ACB493B
:10EE5000824602232046FFF739FCC04AC849029087
:10EE600002232046FFF732FCBC4AC649074602236C
:10EE70002046FFF72BFCB94AC2490546022320462B
:10EE8000FFF724FC49F3072206EE102A49F3074254
:10EE900006EE902ADFEDBC7A039BF8EEE66AB7EE49
:10EEA000007AB8EEC66A66EEA76AF0EE475A48F3F3
:10EEB0000722E6EE275A06EE102A48F30742C4ED71
:10EEC000066A06EE902AB8EEC66AF8EEE66AC4ED67
:10EED000055AF0EE475AE6EE275A4AF307224AF35C
:10EEE000074A66EEA76A06EE102AC4ED0A6A06EE25
:10EEF00090AAB8EEC66AF8EEE66AC4ED095AF0EEDA
:10EF0000475AE6EE275A47F30742B0EE476AA6EEA5
:10EF1000A76AC4ED0D5A84ED0E6A06EE102A47F377
:10EF2000072206EE902AF8EEE66AB8EEC66A66EEAA
:10EF3000A76AF0EE475A40F30742E6EE275A06EE7C
:10EF4000102A40F30722C4ED116A06EE902AB8EEAB
:10EF5000C66AF8EEE66AA6EE277A46F3072266EE60
:10EF6000A76A84ED167AC4ED156A06EE902A46F378
:10EF7000074207EE102AF8EEE66AB8EEC77A66EEA8
:10EF8000A76A27EE277A43F30722C4ED076A06EE45
:10EF9000902A43F3074284ED087A07EE102AF8EE30
:10EFA000E66A029BC4ED125AB8EEC77A66EEA76A0B
:10EFB00027EE277A43F3072243F30743C4ED0B6A96
:10EFC00006EE903A45F3072345F3074506EE103A5F
:10EFD00005EE902A84ED0C7A07EE105AF8EEE55A09
:10EFE000F8EEE66AB8EEC66AB8EEC77A65EEA75ADA
:10EFF00066EEA76A26EE276A2379C4ED0F5A67EEFC
:10F00000277AC4ED106A84ED136AC4ED147A002BDC
:10F010003FF4D3AE514A5D4902232046FFF756FB29
:10F020004E4A5B4902232046FFF750FB19201DF092
:10F03000B3FC584A58494FF400732046FFF746FB8B
:10F04000464A554902232046FFF740FB434A5249AE
:10F0500002232046FFF73AFB46201DF09DFC4D4A57
:10F060004E494FF400732046FFF730FB494A4C49A4
:10F070004FF400732046FFF729FB384A4449022326
:10F080002046FFF723FB19201DF086FC334A424936
:10F0900002232046FFF71AFB304A3F49022320464D
:10F0A000FFF714FB58461DF077FC2C4A3B4902231E
:10F0B0002046FFF70BFB40F295101DF06DFC354A22
:10F0C00038494FF400732046FFF700FB234A3549C7
:10F0D00002232046FFF7FAFA2E4A33494FF4007311
:10F0E0002046FFF7F3FA2B4A2F494FF400732046CE
:10F0F000FFF7ECFA03201DF04FFC264A2A494FF493
:10F1000000732046FFF7E2FA144A27490223054616
:10F110002046FFF7DBFA114A234902232046FFF776
:10F12000D5FA03201DF038FC05F040750B4A1E4946
:10F1300002232046FFF7CAFAB5F1807F00F0BB80BA
:10F14000144A13494FF400732046FFF7BFFA034AED
:10F150000F4902232046FFF7B9FA27E000100240CA
:10F160001A0500FCCB00002C9B00004C89000050CD
:10F170008F000054850000588300005CA1000060EF
:10F18000AB00006CB900007000008039730000FC17
:10F190007C0100E000040240670000E49E1212D8E7
:10F1A000482202E85B0200E0D500003819201DF07B
:10F1B000F3FB444A44494FF400732046FFF786FAB4
:10F1C000424A414902232046FFF780FA3F4A3E491E
:10F1D00002232046FFF77AFA32201DF0DDFB394A80
:10F1E0003B494FF400732046FFF770FA354A39491E
:10F1F0004FF400732046FFF769FA344A344902237A
:10F200002046FFF763FA2D201DF0C6FB40F2951053
:10F210001DF0C2FB2B4A30494FF400732046FFF724
:10F2200055FA2A4A2C4902232046FFF74FFA254A6D
:10F230002A494FF400732046FFF748FA214A27492C
:10F240004FF400732046FFF741FA03201DF0A4FBA2
:10F250001C4A22494FF400732046FFF737FA1B4A35
:10F260001E49022305462046FFF730FA174A1B497C
:10F2700002232046FFF72AFA03201DF08DFB05F03C
:10F280004075124A154902232046FFF71FFAB5F1CF
:10F29000807F7FF490AD00F04070B0F1807F7FF40C
:10F2A0008AAD2379002B3FF488AD0D4805B0BDE849
:10F2B000F04F2DF04DBC00F04070B0F1807F7FF436
:10F2C0003FAFEEE700040240670000E40010024098
:10F2D0009E1212D8482202E85B0200E0D5000038F6
:10F2E00008D100200079704710B5084C084B204623
:10F2F00040F8E03B0AF0D0F804F174000AF0CCF8D2
:10F3000004F10800BDE810400AF0C6B88CED0020FA
:10F310003897050870B5054600F1080400F5A67693
:10F32000B44207D020460AF08DF86C340028F7D19B
:10F33000287170BD0120287170BD00BF08B502485A
:10F3400040F21111FDF7BCF81CED04082DE9F8435B
:10F35000294F3C68BFF35B8F14F00104054604D0CD
:10F36000002D44D12548BDE8F88338463AF042FBE9
:10F370000028F5D0214E21464FF4A67230463DF0CC
:10F3800014FE30461E4B40F8083B214668223DF0F3
:10F390000CFE4FF0020906F10C034FF05008214615
:10F3A000682206F174007366C6F86090C6F868803B
:10F3B0003DF0FBFD06F178032146682206F1E000EE
:10F3C000C6F8D030C6F8CC90C6F8D4803DF0EDFD3C
:10F3D00006F1E4030B48C6F83891C6F83C31C6F88C
:10F3E00040813DF06AFB38463AF013FBB8E7064827
:10F3F0000D21FDF765F800BF88ED00208CED0020A1
:10F4000038970508E9F20008A0EB04082DE9F04F51
:10F4100087B01F46BDF84090BDF848A0EFF30583C4
:10F42000002B49D1119B002B4AD003790446002BB5
:10F4300046D002290D4677D86C2303FB010308331D
:10F4400002211846164605930AF010F88046002857
:10F4500036D0364B53F825B0BBF1000F36D01DF037
:10F4600067FADBF8003004909B699A073AD4139B43
:10F470000293119B0093CDF804A04B463A463146C7
:10F48000584626F05BFA00283BD06C22431E02FB54
:10F490000542DBB2012B92F8702017D9092A05D951
:10F4A0006C2303FB054393F8713083B34FF00008DE
:10F4B000059809F0E9FF05E01D482A21FDF700F84D
:10F4C0004FF00008404607B0BDE8F08F6C2303FB07
:10F4D000054393F87020092AE2D80132D2B283F8AA
:10F4E0007020DBE71DF024FA049BC01A1928EDD820
:10F4F00001201BF087FDDBF800309B699B07B6D528
:10F50000F0E76C2303FB054383F87000D0E71BF0A2
:10F510009DFB10B118211BF0BFFB6C2303FB0544BE
:10F52000012384F87130C1E7FFF708FF249705082D
:10F5300028ED04082DE9F04F85B01F46BDF838903E
:10F54000BDF840A0EFF30583002B47D10F9B002BA4
:10F5500048D003790446002B44D002290D4675D8C3
:10F560006C2303FB0103083302211846164603935C
:10F5700009F07CFF8046002834D0354B53F825B085
:10F58000BBF1000F34D01DF0D3F9DBF8003002904E
:10F590009B699A0738D40F9B0093CDF804A04B4683
:10F5A0003A463146584626F07BFD00283BD06C2277
:10F5B000431E02FB0542DBB2012B92F8702017D9E3
:10F5C000092A05D96C2303FB054393F8713083B3F3
:10F5D0004FF00008039809F057FF05E01D4852213D
:10F5E000FCF76EFF4FF00008404605B0BDE8F08F15
:10F5F0006C2303FB054393F87020092AE2D80132FB
:10F60000D2B283F87020DBE71DF092F9029BC01A9A
:10F610001928EDD801201BF0F5FCDBF800309B69C0
:10F620009B07B8D5F0E76C2303FB054383F8700014
:10F63000D0E71BF00BFB10B118211BF02DFB6C2346
:10F6400003FB0544012384F87130C1E7FFF776FE20
:10F650002497050830ED04082DE9F04F87B01F46C8
:10F66000BDF84090BDF848A0EFF30583002B49D1C9
:10F67000119B002B4AD003790446002B46D0022967
:10F680000D4677D86C2303FB01030833022118468B
:10F690001646059309F0EAFE8046002836D0364B20
:10F6A00053F825B0BBF1000F36D01DF041F9DBF85F
:10F6B000003004909B699A073AD4139B0293119BE4
:10F6C0000093CDF804A04B463A463146584626F002
:10F6D0000DF800283BD06C22431E02FB0542DBB232
:10F6E000012B92F8702017D9092A05D96C2303FB46
:10F6F000054393F8713083B34FF00008059809F083
:10F70000C3FE05E01D487A21FCF7DAFE4FF0000841
:10F71000404607B0BDE8F08F6C2303FB054393F828
:10F720007020092AE2D80132D2B283F87020DBE7D8
:10F730001DF0FEF8049BC01A1928EDD801201BF01B
:10F7400061FCDBF800309B699B07B6D5F0E76C23C2
:10F7500003FB054383F87000D0E71BF077FA10B184
:10F7600018211BF099FA6C2303FB0544012384F84C
:10F770007130C1E7FFF7E2FD249705083CED04086E
:10F7800002292DE9F04112D8114B53F82180B8F12C
:10F79000000F0CD06C2303FB01F404F108070744AD
:10F7A00006460221384609F061FE054618B90025D3
:10F7B0002846BDE8F081404624F062FC20B10025D7
:10F7C000384609F061FEF3E7264486F87000F7E753
:10F7D0002497050802292DE9F04112D8114B53F85E
:10F7E0002180B8F1000F0CD06C2303FB01F404F16D
:10F7F0000807074406460221384609F037FE054649
:10F8000018B900252846BDE8F081404624F082FD65
:10F8100020B10025384609F037FEF3E7264486F884
:10F820007000F7E724970508022908B508D86C236B
:10F8300003FB01000830BDE80840022109F016BEB4
:10F84000FFF77CFD022908B507D86C2303FB0100F4
:10F850000830BDE8084009F017BEFFF76FFD00BF94
:10F86000F8B50C46064615461DF062F8C4F307438A
:10F87000012B07460AD11FE01DF05AF80346DB1B97
:10F88000192B4FF0010022D81BF0BCFB33689B6999
:10F8900024EA03039BB2B3FA83F35B099D42EBD0E6
:10F8A0000120F8BD1DF044F80346DB1B192B4FF077
:10F8B00001000CD81BF0A6FB33685B6924EA030344
:10F8C0009BB2B3FA83F35B09AB42EBD0E8E70020CD
:10F8D000F8BD00BF022938B52AD86C230C4605466E
:10F8E00003FB01036AB1013A012A93F870100BD9A6
:10F8F000092905D96C2303FB045393F8713053B1E4
:10F9000038BD83F8702038BD0929F3D80131C9B258
:10F9100083F87010ECE71BF099F910B118211BF077
:10F92000BBF96C2303FB0455012385F8713038BD06
:10F93000FFF704FD08B51BF089F920B1BDE80840C8
:10F9400018211BF0A9B908BD022908B504D86C23F9
:10F9500003FB0100083008BDFFF7F0FC022908B5E1
:10F9600004D86C2303FB0100083008BD02484FF4A3
:10F970008C71FCF7A5FD00BF1CED040802289ABF9E
:10F98000024B53F820000020704700BF2497050861
:10F9900090F8D400704700BF10B5064C064B2046C7
:10F9A00040F86C3B09F078FD201DBDE8104009F0DF
:10F9B00073BD00BFDCEE00204897050890F8D430F6
:10F9C00010B5044633B104F16C0009F03BFD84F836
:10F9D000D40010BD043009F035FD84F8D4000028AF
:10F9E000F1D110BD70B51C4E3468BFF35B8F14F0BD
:10F9F0000104054602D055BB184870BD304639F0A9
:10FA0000F9FF0028F7D0154B154A1A600222C3E906
:10FA10001642C3F8C42003F17002C3F8C820502274
:10FA20005A66C3F8CC200F485C6003F1080283F8E3
:10FA30006840DC66C3F8C04083F8D04083F8D44007
:10FA40001A663DF03AF8304639F0E3FFD3E706484E
:10FA50000B21FCF735FD00BFD8EE0020DCEE0020C6
:10FA60004897050899F90008A0EB04082DE9F84328
:10FA70000446BDF8246091461D46032900F2B88073
:10FA8000DFE801F03D581202DFF874815A4FB845A3
:10FA90000CBF043004F16C00022109F0E7FC0028DF
:10FAA0006CD10020BDE8F883DFF85481524FB8458F
:10FAB0000CBF043004F16C00022109F0D7FC0028CF
:10FAC000EFD04E480022102123F0F8FF2A460A9B6F
:10FAD0004B4849462AF0B0FF0546002868D0474801
:10FAE0000122102123F0EAFFB8455DD004F16C003B
:10FAF00009F0CAFCB5FA85F04009BDE8F883043482
:10FB00000221204609F0B2FC0028CAD03D4800225C
:10FB10004FF4006123F0D2FF2A460A9B364849463B
:10FB20002AF08AFF054600284AD0364801224FF4C1
:10FB3000006119E004340221204609F097FC0028F6
:10FB4000AFD0314800224FF4005123F0B7FF2A46CE
:10FB50000A9B294849462AF06FFF0546002837D0FE
:10FB6000294801224FF4005123F0A8FF204609F054
:10FB70008BFCB5FA85F04009BDE8F88322480022E5
:10FB80004FF4805123F09AFF2A460A9B1C484946AD
:10FB90002AF052FF054618B31B4801224FF480514A
:10FBA00023F08CFFB845A1D1201D09F06DFCA1E721
:10FBB0000A9B1348089932462AF03EFF05468EE715
:10FBC0000D480A9B089932462AF036FF0546ACE7F5
:10FBD00009480A9B089932462AF02EFF0546BFE7DE
:10FBE0000A9B0748089932462AF026FF0546D3E7C4
:10FBF00006483321FCF764FC20CF002000000240BF
:10FC0000D0CF0020001002400014024048ED04084C
:10FC10002DE9F8430446BDF8246091461D460329AA
:10FC200000F2B880DFE801F03D581202DFF874817D
:10FC30005A4FB8450CBF043004F16C00022109F0A2
:10FC400015FC00286CD10020BDE8F883DFF8548152
:10FC5000524FB8450CBF043004F16C00022109F08A
:10FC600005FC0028EFD04E480022102123F026FF8B
:10FC70002A460A9B4B4849462AF0DEFE05460028E4
:10FC800068D047480122102123F018FFB8455DD005
:10FC900004F16C0009F0F8FBB5FA85F04009BDE805
:10FCA000F88304340221204609F0E0FB0028CAD082
:10FCB0003D4800224FF4006123F000FF2A460A9BD2
:10FCC000364849462AF0B8FE054600284AD036484C
:10FCD00001224FF4006119E004340221204609F0AA
:10FCE000C5FB0028AFD0314800224FF4005123F06B
:10FCF000E5FE2A460A9B294849462AF09DFE05460C
:10FD0000002837D0294801224FF4005123F0D6FEB5
:10FD1000204609F0B9FBB5FA85F04009BDE8F88343
:10FD2000224800224FF4805123F0C8FE2A460A9B45
:10FD30001C4849462AF080FE054618B31B4801229C
:10FD40004FF4805123F0BAFEB845A1D1201D09F02F
:10FD50009BFBA1E70A9B1348089932462BF0F2F867
:10FD600005468EE70D480A9B089932462BF0EAF8C3
:10FD70000546ACE709480A9B089932462BF0E2F8A1
:10FD80000546BFE70A9B0748089932462BF0DAF888
:10FD90000546D3E706484D21FCF792FB20CF002013
:10FDA00000000240D0CF00200010024000140240AA
:10FDB00054ED04082DE9F047244F9DF82450BDF878
:10FDC0002CA0B9420C4680461646994605D0204BD9
:10FDD000994224D00020BDE8F0870221043009F0C8
:10FDE00045FB0028F6D000224946304623F066FE47
:10FDF0002A460C9B089920462AF01EFE054698B11B
:10FE000049463046012223F059FEBC4214D0104B23
:10FE10009C4216D0B5FA85F04009BDE8F087022172
:10FE20006C3009F023FBDCE70C9B0A995246204614
:10FE30002AF002FE0546E3E708F1040009F024FB7E
:10FE4000E8E708F16C0009F01FFBE3E720CF002092
:10FE5000D0CF00202DE9F047244F9DF82450BDF865
:10FE60002CA0B9420C4680461646994605D0204B38
:10FE7000994224D00020BDE8F0870221043009F027
:10FE8000F5FA0028F6D000224946304623F016FE47
:10FE90002A460C9B089920462AF0CEFD054698B1CB
:10FEA00049463046012223F009FEBC4214D0104BD3
:10FEB0009C4216D0B5FA85F04009BDE8F0870221D2
:10FEC0006C3009F0D3FADCE70C9B0A9952462046C5
:10FED0002BF038F80546E3E708F1040009F0D4FAFE
:10FEE000E8E708F16C0009F0CFFAE3E720CF002043
:10FEF000D0CF0020074B994204D0074B994205D040
:10FF0000002070470221043009F0B0BA02216C30A1
:10FF100009F0ACBA20CF0020D0CF0020064B994288
:10FF200003D0064B994203D07047043009F0ACBAB5
:10FF30006C3009F0A9BA00BF20CF0020D0CF00203C
:10FF40000079704708B90348704708B50248152181
:10FF5000FCF7B6FA14000020A0EB040838B5FCF753
:10FF600057FA00F5987504462846FCF79BFA00B945
:10FF700038BD0022002300200021A4F8C021C4E9DC
:10FF80006E01C4F89C31C4F8A031C4F8A431C4F89F
:10FF9000A831C4F8AC31C4F8B031C4F8B431284643
:10FFA000BDE83840FCF788BA10B586B004468F2308
:10FFB00000208DF81730FFF715FD01230221CDE950
:10FFC000013100940DF11702FFF722FE06B010BDBB
:10FFD00030B587B0102300208DF817300224FFF7CA
:10FFE00001FD01250F4B0093CDE901542B460DF186
:10FFF00017022146FFF73AFD08B907B030BD1723B5
:020000040801F1
:1000000000208DF81730FFF7EDFCCDE901542146B3
:10001000054C00942B460DF11702FFF727FD07B0A2
:1000200030BD00BF659705086497050800B587B027
:10003000112300208DF81730FFF7D4FC0221012393
:10004000054A0092CDE901310DF11702FFF70EFDCF
:1000500007B05DF804FB00BF6297050870B5002685
:1000600086B08B2330468DF81730012502248DF899
:100070001660FFF7B7FC0DF116030093CDE90154AC
:100080002B460DF117022146FFF7C2FD10B90020E3
:1000900006B070BD9DF8163063F07F038DF8163002
:1000A00030460B238DF81730FFF79CFC0DF116033B
:1000B0000093CDE901542B460DF117022146FFF7BD
:1000C000D5FC0028E3D00D2330468DF81730FFF71C
:1000D00089FC0F4B0093CDE901542B460DF117021B
:1000E0002146FFF7C3FC0028D1D00E2330468DF8FF
:1000F0001730FFF777FC074B0093CDE901542B46EF
:100100000DF117022146FFF7B1FC06B070BD00BF2C
:100110006797050866970508F0B5002687B08F2316
:10012000074630468DF81730012402258DF81660F9
:10013000FFF758FC0DF116030093CDE90145234666
:100140000DF117022946FFF763FD18B19DF816302F
:100150006B2B01D007B0F0BD182330468DF8173057
:10016000FFF740FC354B0093CDE9014523460DF1E7
:1001700017022946FFF77AFC0028EBD013233046FC
:100180008DF81730FFF72EFC2D4B0093CDE901457C
:1001900023460DF117022946FFF768FC0028D9D045
:1001A000152330468DF81730FFF71CFC254B0093C4
:1001B000CDE9014523460DF117022946FFF756FC0C
:1001C0000028C7D0102330468DF81730FFF70AFCFF
:1001D0001D4B0093CDE9014523460DF11702294639
:1001E000FFF744FC0028B5D0172330468DF81730B0
:1001F000FFF7F8FB154B0093CDE9014523460DF1C0
:1002000017022946FFF732FC0028A3D011233046FD
:100210008DF81730FFF7E6FB0D4B0093CDE9014554
:100220000DF1170229462346FFF720FC002891D044
:10023000FFF714FF00288DD03C718BE7639705080A
:100240006197050860970508659705086497050894
:100250006297050810B586B004469E2300208DF8ED
:100260001730FFF7BFFB01230221CDE901310094D4
:100270000DF11702FFF7CCFC06B010BD30B589B008
:10028000A223044600200D468DF81330FFF7AAFB89
:100290000C230221CDE9013105AB00930DF11302CE
:1002A0000123FFF7B5FCF8B3BDF916309FED1F4AE7
:1002B000DFED1F4A05EE903ABDF9183006EE103A10
:1002C000BDF91A3006EE903ABDF91C3007EE103A2F
:1002D000BDF91E3007EE903ABDF9143005EE103A24
:1002E000F8EEE55AB8EEC66AF8EEE66AB8EEC77AF6
:1002F000B8EEC55AF8EEE77A25EE045A65EE845A50
:1003000026EE046A66EEA46A27EE247A67EEA47AE3
:1003100085ED005AC5ED015A85ED026AC4ED006A0B
:1003200084ED017AC4ED027A09B030BD7722A0399C
:10033000E7D01C3B2DE9F0432DED088B8DB0002458
:100340008DF817400468154662681C465C4B9A425B
:1003500032D1007920B90DB0BDEC088BBDE8F08337
:100360009E2300208DF824300126FFF73BFB0DF182
:10037000170302210093CDE90161334609AAFFF773
:1003800047FCD8B19DF8173003F00302032A6CD064
:10039000DFED4C8A4FF00009B0EE689AF0EE689AF3
:1003A000B0EE68AAF0EE68AAB0EE68BA5B073DD47A
:1003B0009FED448A002711E09047CBE79FED418AEB
:1003C0000746F0EE488AB0EE489AF0EE489AB0EE52
:1003D00048AAF0EE48AAB0EE48BA8146FCF718F8F1
:1003E00000F5987806464046FCF75CF80028B2D045
:1003F000C6F8B85186ED67BAC6ED68AA86ED69AA57
:10040000C6ED6A9A86ED6B9AC6ED6C8A86ED6D8AAA
:10041000C6F8BC4186F8C09186F8C1714046FCF729
:100420004BF80DB0BDEC088BBDE8F083A023002095
:100430008DF81830FFF7D6FA09AB02210093CDE909
:100440000111012306AAFFF7E3FB0028B0D0BDF994
:1004500024309FED1D7A07EE903AF8EEE77AB3EE7E
:10046000098AA7EE878A0127B8E7002306A809A909
:10047000CDE90633CDE9093308930B93FFF7FEFE70
:10048000814678B19DED06BADDED07AA9DED08AA7B
:10049000DDED099A9DED0A9ADDED0B8AB1469DF8D6
:1004A000173083E7DFED078AB0EE689AF0EE689ABE
:1004B000B0EE68AAF0EE68AAB0EE68BAEFE700BF47
:1004C00041FF0008000000000000803B10B586B02E
:1004D000A022044600208DF81320FFF783FA05AA16
:1004E00002210092CDE9011101230DF11302FFF762
:1004F0008FFB68B1BDF91430DFED066A07EE103AE4
:10050000B8EEC77AF3EE097AE7EE267AC4ED007A00
:1005100006B010BD0000803B30B587B060F07F03AF
:1005200000200C4615468DF81730FFF75BFA0221C4
:10053000CDE90151012300940DF11702FFF768FB8B
:1005400007B030BD30B587B0034600200C461546D5
:100550008DF81730FFF746FA0221CDE9015101234A
:1005600000940DF11702FFF781FA07B030BD00BF0C
:1005700090F85100704700BF70B50F4E3468BFF35C
:100580005B8F14F00104054602D07DB90B4870BDA5
:10059000304639F02FFA0028F7D0084B084A1A6085
:1005A000304683F8514039F034FAEEE7054B064AFD
:1005B00006481D21F9F784FEB4EF0020B8EF0020B3
:1005C00070970508ECE904085CED0408A0ED040848
:1005D00038B5FBF71DFF00F5147504462846FBF7F8
:1005E00061FF00B938BD002200230020002184F8FB
:1005F000D022C4E9B201C4F8BC32C4F8C0322846E3
:10060000BDE83840FBF758BF10B586B08023002006
:100610000C46ADF814008DF81430FFF7E3F9012112
:100620000223CDE90113009405AAFFF7F1FA06B001
:1006300010BD00BF10B586B07E22B62300208DF815
:1006400016208DF81730FFF7CDF9012302210DF1A7
:100650001702CDE90131009219460DF11602FFF79C
:1006600005FA044610B9204606B010BD4FF4FA60F2
:100670001CF092F9204606B010BD00BF00B587B04F
:100680001922412300208DF816208DF81730FFF72E
:10069000A9F901230DF117020221CDE901310092E0
:1006A00019460DF11602FFF7E1F907B05DF804FBFA
:1006B00000B5012987B01AD002290CBF33220322CA
:1006C0001B2300208DF816308DF81720FFF78AF9CC
:1006D00001230DF117020221CDE9013100921946E3
:1006E0000DF11602FFF7C2F907B05DF804FB132203
:1006F000E6E700BFF0B589B000238424ADF81430DC
:100700008DF81440044618460E4615460693ADF87B
:100710001C3006AFFFF766F906220223CDE901235C
:10072000009705AA0121FFF773FA00286BD09DF806
:100730001C309DF81D20D4ED017A94ED036AD4EDB0
:10074000026A9DF81A101B0243EA02439DF81B201F
:10075000134307EE103AB8EEC77A9DF819309DF8AA
:10076000182037EE677A1B0267EE077A43EA0143E7
:1007700067EE867A1343E7EE267AC6ED007A94EDAB
:10078000056AD4ED046AD4ED095A94ED087A94ED23
:10079000065AD4ED0A4A94ED0D4AE7EE866AA7EEB2
:1007A000A57A27EE855A94ED076AD4ED0B5A67EEC9
:1007B000A44AE7EE856A27EE866AA7EEA47A67EE7A
:1007C000A55A26EE276A94ED0C5AD4ED0E4A65EE32
:1007D000A75AE7EE866AB0EE456AA7EEA57AA7EEBD
:1007E000846A07EE903AF8EEE77A67EEA75AA7EE2A
:1007F000A67A67EEA57A67EEA47AE5EE867A77EEBA
:10080000877AC5ED007A09B0F0BD00BF0000000096
:10081000F0B51D46036832495B688FB09FED2E7BB3
:100820001646304A069100210791089193424FF0F5
:1008300000018DED0A7B04468DF830104AD190F806
:10084000510050B9FBF7E4FD00F514750446284645
:10085000FBF728FE50BB0FB0F0BD00208323ADF89E
:10086000140001278DF814308DF81300FFF7BAF843
:100870000DF1130202230092CDE9017305AA394656
:10088000FFF7C6F90028DDD09DF8133003F06003B0
:10089000602BD7D107AA204608A9CDE90A65FFF742
:1008A00029FF0028CED08DF83070CBE7079B9DF84C
:1008B0003020C4F8BC32DDE90A67089B84F8D022F6
:1008C0002846C4E9B267C4F8C0320FB0BDE8F040B2
:1008D000FBF7F2BD9847B4E70000000000000000FD
:1008E000F474050871050108F0B58FB0044608F0EE
:1008F0009DFD0023304A06920793002208930023AF
:10090000CDE90A2323682D4A5B68002593428DF8C0
:10091000305006460D464AD194F8513053B9FBF792
:1009200077FD00F5147504462846FBF7BBFD50BB68
:100930000FB0F0BD00208323ADF8140001278DF81F
:1009400014308DF81300FFF74DF80DF11302022358
:100950000092CDE9017305AA3946FFF759F900283D
:10096000DDD09DF8133003F06003602BD7D107AAC8
:10097000204608A9CDE90A65FFF7BCFE0028CED0C5
:100980008DF83070CBE7079B9DF83020C4F8BC325F
:10099000DDE90A67089B84F8D0222846C4E9B267DB
:1009A000C4F8C0320FB0BDE8F040FBF785BD20466B
:1009B00098470346B2E700BFF474050871050108C3
:1009C00030B52DED028B002387B0B12204461846C6
:1009D000ADF814308DF81420FFF704F80223152128
:1009E00004F13C02CDE901130092012105AAFFF7B1
:1009F0000FF9054620B9284607B0BDEC028B30BD83
:100A0000A38F9FED578A00EE103A0820B8EE400AF7
:100A10003AF0EDFBE38F84ED010A07EE903A6FF0B8
:100A20001D00B8EE670A3AF0E2FB94F9403084ED1D
:100A3000020A07EE903A6FF02F00B8EEE70A3AF09C
:100A4000D6FBB4F9413084ED030A07EE903AB8EED4
:100A5000E70A6FF0130030EE480A3AF0C8FBB4F929
:100A6000433084ED040A07EE903AB8EEE70A6FF0DF
:100A70001C0030EE480A3AF0BAFB94F9453084ED98
:100A8000050A07EE903A6FF01F00B8EEE70A3AF059
:100A9000AEFB94F9463084ED060A07EE903A6FF00B
:100AA0002400B8EEE70A3AF0A2FBB4F8473084ED30
:100AB000070A07EE903A0320B8EE670A3AF097FB70
:100AC000B4F8493084ED080A07EE903A6FF005005B
:100AD000B8EE670A3AF08BFB94F94B3084ED090AC3
:100AE00007EE903A6FF00700B8EEE70A3AF07FFBA6
:100AF00094F94C3084ED0A0A07EE903A6FF00E003C
:100B0000B8EEE70A3AF073FBB4F94D3084ED0B0A06
:100B100007EE903A6FF02F00B8EEE70A3AF067FB65
:100B200094F94F3084ED0C0A07EE903A6FF02F00E5
:100B3000B8EEE70A3AF05BFB94F9503084ED0D0A09
:100B400007EE903A6FF04000B8EEE70A3AF04FFB3C
:100B5000284684ED0E0A07B0BDEC028B30BD00BF05
:100B600000008046F0B5002487B080230746204669
:100B7000ADF8144001258DF8143002268DF812408E
:100B8000FEF730FF0DF112030093CDE90156334615
:100B900005AA2946FFF73CF818B19DF81230502BF2
:100BA00001D007B0F0BD3846FFF70AFF0028F8D0A3
:100BB0001F2320468DF813308DF81440FEF712FFE6
:100BC00005AB0093CDE901562B460DF113022946E2
:100BD000FEF74CFF0028E4D01D238DF8133020468B
:100BE00003238DF81430FEF7FDFE05AB0093CDE92D
:100BF00001562B460DF113022946FEF737FF002858
:100C0000CFD01C238DF8133020460C238DF81430E0
:100C1000FEF7E8FE05AB0093CDE901562B460DF13A
:100C200013022946FEF722FF0028BAD019238DF8B7
:100C30001330204641238DF81430FEF7D3FE05AB68
:100C40000093CDE901562B460DF113022946FEF71C
:100C50000DFF0028A5D01B238DF813302046332329
:100C60008DF81430FEF7BEFE05AB0093CDE90156BA
:100C70002B460DF113022946FEF7F8FE002890D00E
:100C800087F851508DE700BF00B587B01F2349009A
:100C900000208DF816308DF81710FEF7A3FE012303
:100CA0000DF117020221CDE90131009219460DF133
:100CB0001602FEF7DBFE07B05DF804FB00B587B057
:100CC0001D2300208DF816308DF81710FEF78AFED0
:100CD00001230DF117020221CDE9013100921946DD
:100CE0000DF11602FEF7C2FE07B05DF804FB00BF6F
:100CF00000B587B041EAC2011C2300208DF81630F0
:100D00008DF81710FEF76EFE01230DF11702022178
:100D1000CDE90131009219460DF11602FEF7A6FE4B
:100D200007B05DF804FB00BF00B587B01C230020AE
:100D30008DF816308DF81710FEF754FE01230DF1D3
:100D400017020221CDE90131009219460DF1160278
:100D5000FEF78CFE07B05DF804FB00BF00B587B05E
:100D60001C2300208DF816308DF81710FEF73AFE80
:100D700001230DF117020221CDE90131009219463C
:100D80000DF11602FEF772FE07B05DF804FB00BF1E
:100D900000B587B000208323ADF814008DF8130050
:100DA0008DF81430FEF71EFE0DF11302022301210F
:100DB0000092CDE9011305AAFEF72AFF40B19DF884
:100DC000130000F06000A0F16000B0FA80F040096C
:100DD00007B05DF804FB00BF90ED096AD0ED056A2D
:100DE000D0ED087A90ED047AD0ED0D4AE6EE207A47
:100DF000A6EEA07A90ED0A6AD0ED066A20EE865A39
:100E000060EEA65A90ED0B6AD0ED076AE5EE207A07
:100E1000A5EEA07A20EE866A60EEA66A26EE206A2B
:100E200066EEA06AD0ED0C5A20EE005AE6EE207A6B
:100E3000A6EEA07AB0EE656AA4EEA06A60EE056A3E
:100E4000D0ED0E5AE7EE007A26EEA50AA5EE060AC8
:100E500037EE800A704700BFD0ED017AD0ED036A0B
:100E600090ED027A70EE677A27EEA70A20EE260A46
:100E7000A7EE270A704700BF00B587B000208DF8A5
:100E800017108DF81620FEF7ADFD01230DF11602A7
:100E90000221CDE90131009219460DF11702FEF74A
:100EA000E5FD07B05DF804FB30B587B062F07F0266
:100EB00000200C461D46ADF814008DF81420FEF7F6
:100EC00091FD0223CDE90153009405AA0121FEF70B
:100ED0009FFE07B030BD00BF0079704708B90348D6
:100EE000704708B502481021FBF7EAFA1C00002001
:100EF000A0EB040838B5FBF78BFA00F5367504460D
:100F00002846FBF7CFFA00B938BD002200230020A5
:100F1000002184F85823C4E9D401C4F84433C4F848
:100F200048332846BDE83840FBF7C6BA10B586B04E
:100F300004468F2300208DF81730FEF753FD012360
:100F40000222CDE9013200940DF117020321FEF7D0
:100F50005FFE06B010BD00BF70B5002586B011233E
:100F600028468DF817308DF81650FEF73BFD164BCE
:100F7000012402268DE858000DF1170223460321B3
:100F8000FEF774FD10B9002006B070BD20461BF0BE
:100F900003FD912328468DF81730FEF723FD0DF150
:100FA00016038DE85800032123460DF11702FEF7C2
:100FB0002FFE0028E7D09DF8160080F00400C0F353
:100FC000800006B070BD00BF8A970508F0B5002507
:100FD00087B08F23074628468DF8173001248DF8F7
:100FE00016500226FEF7FEFC0DF116030093CDE924
:100FF000014623460DF117020321FEF709FE18B141
:101000009DF81630B32B01D007B0F0BDFFF7A4FF59
:101010000028F9D00E2328468DF81730FEF7E2FCA1
:10102000214B0093CDE9014623460DF11702032120
:10103000FEF71CFD0028E7D0112328468DF8173055
:10104000FEF7D0FC194B0093CDE9014623460DF184
:1010500017020321FEF70AFD0028D5D010232846E9
:101060008DF81730FEF7BEFC114B0093CDE9014619
:1010700023460DF117020321FEF7F8FC0028C3D028
:10108000122328468DF81730FEF7ACFC094B029668
:10109000CDE900340DF1170223460321FEF7E6FCEB
:1010A0000028B1D03C71AFE78C97050889970508F7
:1010B0008B9705088897050800B587B0A7230020FF
:1010C0008DF817308DF81600FEF78CFC02210DF11B
:1010D00016020123CDE90131009203210DF117021F
:1010E000FEF796FD40B19DF8160000F00300A0F158
:1010F0000300B0FA80F0400907B05DF804FB00BFC0
:1011000070B5002388B0A82206AE054618468DF8B3
:1011100017200C4606938DF81C30FEF763FC052162
:1011200000960226CDE9011601230DF117020321D5
:10113000FEF76EFD08B39DF819309DF81A209FED5B
:10114000106ADFED106A1B0443EA02639DF8182061
:1011500043EA0223BDF91B201B1207EE102A07EEFB
:10116000903AB8EEC77AF8EEE77A27EE267A67EE7D
:10117000867AC5ED007A84ED007A08B070BD00BFB4
:101180000000C83C0AD7233C2DE9F04788B0002472
:1011900006940794046816461D466268284B9A42D6
:1011A0004BD1007990B94FF000084FF00009CA46C2
:1011B00046464546FBF72CF900F536770446384697
:1011C000FBF770F958BB08B0BDE8F087A7230020F3
:1011D0008DF817308DF81600FEF704FC0223012469
:1011E00002930DF11603CDE900340DF117022346E9
:1011F0000321FEF70DFD0028D5D09DF8163003F031
:101200000303032BCFD106A907A8FFF779FF002816
:10121000C9D0DDF81CA0DDF81890A046CAE7384612
:10122000C4E9D465C4F844A3C4F8489384F8588347
:1012300008B0BDE8F047FBF73FB99047B2E700BF01
:10124000D90E010830B587B060F07F0300200C464E
:1012500015468DF81730FEF7C5FB0222CDE9015285
:10126000012300940DF117020321FEF7D1FC07B012
:1012700030BD00BF30B587B0034600200C46154690
:101280008DF81730FEF7AEFB0222CDE901520123A3
:1012900000940DF117020321FEF7E8FB07B030BD03
:1012A0000079704708B90348704708B50248102113
:1012B000FBF706F924000020A0EB040838B5FBF783
:1012C000A7F800F5E47504462846FBF7EBF800B9EB
:1012D00038BD002200230020002184F84822C4E900
:1012E0009001C4F83432C4F838322846BDE838409A
:1012F000FBF7E2B830B583B000220421054640F682
:101300003C440F48ADF8044022F0D8FB02230D48BE
:101310001A4601A929F090FB50B104460848012261
:10132000042122F0CBFBB4FA84F0400903B030BDB5
:10133000044802230122294629F004FE0446EDE771
:101340000010024078CF002030B583B00022042185
:1013500005464DF23C340F48ADF8044022F0AEFB98
:1013600002230D481A4601A929F066FB50B1044634
:1013700008480122042122F0A1FBB4FA84F04009BC
:1013800003B030BD044802230122294629F0DAFDCA
:101390000446EDE70010024078CF002010B582B07F
:1013A00000224CF23C1316488DF803200421ADF8BE
:1013B000043022F083FB022312481A4601A929F0C7
:1013C0003BFB38B10E480122042122F077FB0020BC
:1013D00002B010BD01220DF103010A48022329F0D9
:1013E000B1FD012204460421054822F067FB002CD0
:1013F000EDD19DF80300C0F3800002B010BD00BF26
:101400000010024078CF002010B582B04CF23313A8
:101410001048ADF804300022042122F04FFB0223D3
:101420000D481A4601A929F007FB50B104460948A6
:101430000122042122F042FBB4FA84F0400902B0F8
:1014400010BD064904480223012229F0F5FA04469A
:10145000EDE700BF0010024078CF0020A2970508FA
:1014600010B582B000224CF23C4328488DF803208E
:101470000421ADF8043022F021FB022324481A464F
:1014800001A929F0D9FA38B120480122042122F01B
:1014900015FB002002B010BD01220DF103011C4814
:1014A000022329F04FFD012204460421174822F0AF
:1014B00005FB002CEDD19DF8033014484CF233416C
:1014C00063F07F032246ADF8041004218DF8033049
:1014D00022F0F4FA02230E481A4601A929F0ACFAC8
:1014E000044648B109480122042122F0E7FAB4FA7F
:1014F00084F0400902B010BD0548022301220DF11D
:10150000030129F099FA0446ECE700BF00100240FD
:1015100078CF00202DE9F043044683B0002240F646
:101520003C437848627104218DF801208DF8022037
:101530008DF80320ADF8043022F0C0FA022372487F
:101540001A4601A929F078FA38B16E48012204211F
:1015500022F0B4FA03B0BDE8F08301220DEB0201E2
:101560006948022329F0EEFC012205460421654862
:1015700022F0A4FA002DEDD19DF80130632BE9D1C2
:101580004DF23C335F48ADF804302A46042122F086
:1015900095FA02235C481A4601A929F04DFA002861
:1015A000D3D102230DEB03010122574829F0CAFCD5
:1015B000012204210546534822F080FA9DF80230AA
:1015C000B22BC7D1002DC5D105F18045DFF8388198
:1015D00005F5043502264CF63C5900220421284624
:1015E000ADF8049022F06AFA02231A4601A9404697
:1015F00029F022FA012250B10421284622F05EFA95
:1016000001201BF0C9F9012EA4D00126E5E7012233
:101610000DF103010223404629F094FC0122074604
:101620000421284622F04AFA002FE9D19DF8033020
:10163000DB07E5D54CF233233248ADF804303A46A7
:10164000042122F03BFA02232F481A4601A929F06F
:10165000F3F900287FF479AF2C492B4801220223AB
:1016600029F0EAF9012205460421264822F026FA4B
:10167000002D7FF46FAF4CF233332248ADF80430C5
:101680002A46042122F01AFA02231F481A4601A909
:1016900029F0D2F900287FF458AF1D491A480122D9
:1016A000022329F0C9F9012205460421154822F038
:1016B00005FA002D7FF44EAFFFF7D2FE4CF2330354
:1016C0001048ADF804302A46042122F0F7F902232D
:1016D0000D481A4601A929F0AFF900287FF435AF6B
:1016E0000C4909480122022329F0A6F901220546E6
:1016F0000421044822F0E2F9002D7FF42BAF0123EE
:10170000237127E70010024078CF0020A197050839
:10171000A0970508A397050870B584B000224FF67E
:101720003C2305460C462D48ADF8043004210292B6
:10173000ADF80C2022F0C2F9022329481A4601A96B
:1017400029F07AF938B125480122042122F0B6F9AE
:10175000002004B070BD062202A92148022329F00E
:10176000F1FB0122064604211C4822F0A7F9002EB5
:10177000EED19DF809209DF80A109DF80C309FEDE0
:10178000195A9FED196ADFED195A120542EA0172E2
:101790009DF8081042EA01329DF80D101B0543EA3E
:1017A00001739DF80B10121343EA013307EE102A60
:1017B0001B1307EE903ABAEEE77AFAEEC77AF3EE29
:1017C000096AA7EE056A0120B0EE667AA7EEA57A4F
:1017D00085ED006A84ED007A04B070BD001002400F
:1017E00078CF002000401C4700B8884700008242A4
:1017F0002DE9F04784B000210291039100218DF87A
:101800000210016817461E464A68734B9A42044606
:101810004FD1057985B94FF000090027CA463E46E9
:10182000FAF7F6FD00F5E47804464046FAF73AFE8A
:1018300088BB04B0BDE8F0871AF076FA674B4FF426
:101840000002C3F88420BFF34F8FBFF36F8F0022D5
:101850004CF23C1362488DF803200421ADF80430AB
:1018600022F02CF902235F481A4601A929F0E4F876
:1018700010B35B480122042122F020F900254FF02B
:101880000009CA462F462E46544B4FF400025A60B8
:101890001AF06CFAC4E7C4E99076C4F834A2C4F82C
:1018A000389284F848524046FAF706FE04B0BDE884
:1018B000F08790470546ADE701220DF10301494845
:1018C000022329F03FFB012205460421444822F06F
:1018D000F5F8002DD2D19DF803305B07CED503A9D2
:1018E00002A8FFF719FF4CF23C432A460421804628
:1018F0003B48ADF8043022F0E1F8022339481A469B
:1019000001A929F099F878B335480122042122F081
:10191000D5F84CF233133248ADF8043000220421DC
:1019200022F0CCF802232F4801A91A4629F084F8A6
:1019300098B12B480122042122F0C0F863790D2BC5
:1019400002D80133637199E7B8F1000F96D0DDF842
:1019500008A0DDF80C90012596E7234921480223D1
:10196000012229F069F8E4E7022301220DEB0301CB
:101970001C4829F0E7FA012205460421184822F004
:101980009DF8002DC5D19DF8023013F04002C0D162
:1019900063F07F0312488DF8023004214CF2334388
:1019A000ADF8043022F08AF802230E481A4601A945
:1019B00029F042F838B10A480122042122F07EF8C9
:1019C0004FF00008A5E70DF10201022301220548AE
:1019D00029F032F8EFE700BFA112010800E100E0B2
:1019E0000010024078CF0020A297050870B582B0A1
:1019F00004464FF03C0C12488DF804C016460D46C4
:101A0000002204218DF8054022F058F802230D48E9
:101A10001A4601A929F010F850B1044608480122DD
:101A2000042122F04BF8B4FA84F0400902B070BDF2
:101A3000044802233246294629F084FA0446EDE799
:101A40000010024078CF002070B582B004464FF0FD
:101A5000330C12488DF804C016460D4600220421AE
:101A60008DF8054022F02AF802230D481A4601A9F4
:101A700028F0E2FF50B1044608480122042122F078
:101A80001DF8B4FA84F0400902B070BD0448022386
:101A90003246294628F0D0FF0446EDE70010024008
:101AA00078CF002090F8A804704700BF08B538B17F
:101AB000084689B911464AB1BDE8084008F0C6B9E0
:101AC000084B094A09484621F8F7FAFB084B064A31
:101AD00006484821F8F7F4FB064B034A0348472120
:101AE000F8F7EEFB38EE040844EE040890EE040824
:101AF00048EF040820EF040807F098BC08B5A8B127
:101B000000291FDDC36ABBB1D3F8000411F007023E
:101B10001CBFC2F108028918C0F580628A42C3BFA7
:101B20000918C3F80014C018002008BD084B094A62
:101B300009489E21F8F7C4FB084B064A0648A12134
:101B4000F8F7BEFB064B034A03489F21F8F7B8FBA2
:101B500038EE040854EF040890EF04082CF0040851
:101B600020F0040810B550B10846D1B9114692B121
:101B7000002B1A4609DDBDE8104008F06FBA0C4B87
:101B80000C4A0D489521F8F79BFB0C4B094A0A4873
:101B90009821F8F795FB0A4B064A07489721F8F772
:101BA0008FFB084B034A04489621F8F789FB00BFD6
:101BB00038EE040838F0040890EF0408A0F0040898
:101BC00094F0040820EF040890F8A83403B170479B
:101BD0002DE9F04FABB0012345F2024104460093DA
:101BE000ADF83C10414802230FAAA0211DF09AFA3B
:101BF00070B14FF008084FF000094FF02D0A3C4932
:101C00003C4808F087F80546C8B12BB0BDE8F08F16
:101C10004023364800931AAAA0211DF027FC002873
:101C2000E7D14FF0FF323C211AA807F0E9FB299BCE
:101C30009842DED1DDE91AA9DDF87080DFE702A85D
:101C400008F086FA0DF1080CBCE80F000DF13C0E0F
:101C5000AEE80F00BCE80F00AEE80F009CE80700FC
:101C6000254B264F8EE807000F93254B109304F168
:101C70005006244B8DF864A029464FF48B6240F641
:101C8000016B3046CDE91173ADF854B08DF8659015
:101C90008DF85F803BF089F91B4AC4F8AC245023CF
:101CA00004F58B61C4F8B414C4F8B83404F2AC4041
:101CB00019F01EFBC4F854040028A6D004F108054E
:101CC00032460FA9284608F06DFA00289DD140F24F
:101CD000011302460EA928460E9309F0C1F9002807
:101CE00093D1012384F8A8348FE700BF2805002092
:101CF00040420F0020A10700AD1A0108F91A01089F
:101D0000651B0108FD1A0108B0F0040870B50F4EFC
:101D10003468BFF35B8F14F00104054602D07DB92F
:101D20000B4870BD304637F065FE0028F7D0084BF1
:101D3000084A1A60304683F8A84437F06AFEEEE796
:101D4000054B064A06481121F8F7BAFA0CF00020B4
:101D500010F00020AC970508ECE90408BCF004087A
:101D600090EF040802490160002280F8A82470471F
:101D7000AC97050830B587B0224D4FF0FF33019383
:101D80002C68BFF35B8F14F001041FD042F2107275
:101D900002A901A808F012F9041E01DA07B030BD4B
:101DA000194D0121D5F8540419F0F2FA0028F5D1A3
:101DB000D4B1019901BB02AA05F1080008F05AFA52
:101DC000D5F8540419F008FB07B030BD284637F0A9
:101DD00011FE0028DAD00C4B0C4A1A60284683F812
:101DE000A84437F016FED1E722464FF0FF3105F147
:101DF000080008F03FFAE3E7054B064A06488B2146
:101E0000F8F75EFA0CF0002010F00020AC970508FF
:101E100020EF0408FCF0040890EF040890F8640038
:101E2000704700BF30B52DED028B83B0FAF7F0FAA2
:101E300000F5E46504462846FAF734FB30B903B0F0
:101E4000BDEC028BBDE83040FFF760BF04F5F163E5
:101E5000284693ED048A94F8B157FAF72DFB002039
:101E6000FFF754FF04461DB903B0BDEC028B30BD33
:101E7000D0F85404012119F08BFA0028F4D19FED19
:101E8000167ADFED167A28EE078A0223B0EEC87ABA
:101E9000B4EE677AF1EE10FA8DF8003017D8DFED66
:101EA000107AB4EEE78AF1EE10FA10D8DFED0D7A71
:101EB000B4EEE78AF1EE10FA09DB03466A464FF406
:101EC000987104F108008DED018A08F0D5FBD4F873
:101ED000540419F081FAC7E7E22E6542FFFF7F7FC5
:101EE00000009643000096C330B52DED028B83B001
:101EF000FAF78EFA00F58E5504462846FAF7D2FA1C
:101F000030B903B0BDEC028BBDE83040FFF7FEBE38
:101F100004F58054284694ED8C8A94F84852FAF7D8
:101F2000CBFA0020FFF7F2FE04461DB903B0BDEC6A
:101F3000028B30BDD0F85404012119F029FA002891
:101F4000F4D19FED167ADFED167A28EE078A022388
:101F5000B0EEC87AB4EE677AF1EE10FA8DF8003080
:101F600017D8DFED107AB4EEE78AF1EE10FA10D848
:101F7000DFED0D7AB4EEE78AF1EE10FA09DB0346E5
:101F80006A4640F2371104F108008DED018A08F02D
:101F900073FBD4F8540419F01FFAC7E7E22E654228
:101FA000FFFF7F7F0000B4420000B4C230B52DEDCA
:101FB000028B83B0FAF72CFA00F5925510350446DF
:101FC0002846FAF76FFA30B903B0BDEC028BBDE8D2
:101FD0003040FFF79BBE04F58054284694EDB08A4C
:101FE00094F8D052FAF768FA0020FFF78FFE044603
:101FF0001DB903B0BDEC028B30BDD0F854040121F3
:1020000019F0C6F90028F4D19FED157AF0EEC87AE0
:10201000F4EE477A0223F1EE10FA8DF8003019D869
:10202000DFED107AB4EEE78AF1EE10FA12DBDFEDA5
:102030000E7AB4EEE78AF1EE10FA0BD8B1EE488AC8
:1020400003466A464FF49D7104F108008DED018A44
:1020500008F012FBD4F8540419F0BEF9C9E700BF28
:10206000FFFF7F7F000096C30000964330B52DED43
:10207000028B83B0FAF7CCF900F6480504462846EF
:10208000FAF710FA30B903B0BDEC028BBDE830406E
:10209000FFF73CBE04F50B63284693ED018A94F8E4
:1020A000C058FAF709FA0020FFF730FE04461DB9C0
:1020B00003B0BDEC028B30BDD0F85404012119F0FF
:1020C00067F90028F4D19FED167ADFED167A28EE35
:1020D000078A0223B0EEC87AB4EE677AF1EE10FAFE
:1020E0008DF8003017D8DFED107AB4EEE78AF1EE04
:1020F00010FA10D8DFED0D7AB4EEE78AF1EE10FA9F
:1021000009DB03466A4640F22D4104F108008DEDDB
:10211000018A08F0B1FAD4F8540419F05DF9C7E760
:10212000E22E6542FFFF7F7F00003443000034C38E
:1021300030B52DED028B83B0FAF76AF900F6B825B9
:1021400004462846FAF7AEF9D0B9FAF761F900F576
:10215000346504462846FAF7A5F9002855D1FAF760
:1021600057F900F6C83504462846FAF79BF90028C7
:1021700057D103B0BDEC028BBDE83040FFF7C6BDC0
:1021800004F5326394F8384B93ED018A2846FAF748
:1021900093F9002CD9D00020FFF7B8FD0446D4F8FD
:1021A0005404012119F0F4F858BBDFED276A9FEDC4
:1021B000277AC8EE267A02238DF80030F0EEE76A1F
:1021C000F4EE476AF1EE10FA17D89FED217AF4EE9B
:1021D000C77AF1EE10FA10D89FED1E7AF4EEC77AA6
:1021E000F1EE10FA09DB03466A464FF4A37104F1DD
:1021F0000800CDED017A08F03FFAD4F8540419F044
:10220000EBF803B0BDEC028B30BD04F6A83394F8B4
:10221000C04B93ED018A2846FAF74EF9002C9ED068
:10222000B9E704F54363284693ED018A94F8485CC6
:10223000FAF742F90020FFF769FD0446002DAED100
:1022400003B0BDEC028B30BD0000C842FFFF7F7FB2
:1022500000409C440000964390F8643003B17047FE
:1022600030B595B0012345F2024104460093ADF824
:102270000C107148022303AAA0211CF053FF08B1DF
:1022800015B030BD40236C48009304AAA0211DF076
:10229000EDF80028F4D14FF0FF323C2104A807F0FC
:1022A000AFF8139B984217D1DDE90701DDE9092357
:1022B0006060E1606261DDE90B01E361DDE90D234E
:1022C0006062E1626263DDE90F01E363DDE911232E
:1022D0006064E1646265E3650020FFF717FD00F1CB
:1022E000080500224FF49671284608F06FF902465F
:1022F000002859D140F22D11284608F067F902460E
:10230000002840F093804FF49771284608F05EF95A
:102310000246002840F0848040F22F11284608F041
:1023200055F90246002875D14FF49871284608F0F7
:102330004DF90246002867D140F23111284608F0D5
:1023400045F90246002859D140F23711284608F0D5
:102350003DF9024600284BD14FF49C71284608F005
:1023600035F9024600283DD14FF49D71284608F00A
:102370002DF9024680BB40F22D41284608F026F98F
:1023800020BB00224FF4A171284608F01FF9024635
:10239000B0B94FF4A371284608F018F950B90123D9
:1023A00084F8643015B030BD244B254A25485521AA
:1023B000F7F786FF244B224A22486021F7F780FF77
:1023C000224B1F4A1F485F21F7F77AFF204B1C4A18
:1023D0001C485E21F7F774FF1E4B194A19485D210E
:1023E000F7F76EFF1C4B164A16485C21F7F768FF9B
:1023F0001A4B134A13485B21F7F762FF184B104A38
:1024000010485A21F7F75CFF164B0D4A0D48592129
:10241000F7F756FF144B0A4A0A485821F7F750FFBE
:10242000124B074A07485721F7F74AFF104B044A57
:1024300004485621F7F744FF2805002028F1040836
:1024400094F10408BCF1040804F60408A4F5040897
:1024500048F50408ECF4040890F4040834F4040883
:10246000D8F304087CF3040820F30408BCF2040841
:1024700054F2040830B52DED028B83B0F9F7C8FF94
:1024800000F59255103504462846FAF70BF830B996
:1024900003B0BDEC028BBDE83040FFF737BC04F55C
:1024A0008054284694EDAF8A94F8D052FAF704F895
:1024B0000020FFF72BFC04461DB903B0BDEC028BD6
:1024C00030BDD0F85404012118F062FF0028F4D187
:1024D0009FED147AF0EEC87AF4EE477A0223F1EE1B
:1024E00010FA8DF8003017D8DFED0F7AB4EEE78AD6
:1024F000F1EE10FA10D8DFED0D7AB4EEE78AF1EEC6
:1025000010FA09DB03466A464FF4A17104F1080092
:102510008DED018A08F0B0F8D4F8540418F05CFF8F
:10252000CBE700BFFFFF7F7F00401C4600007AC45E
:1025300030B52DED028B83B0F9F76AFF00F58E55AB
:1025400004462846F9F7AEFF30B903B0BDEC028B64
:10255000BDE83040FFF7DABB04F58054284694ED1F
:102560008B8A94F84852F9F7A7FF0020FFF7CEFBBB
:1025700004461DB903B0BDEC028B30BDD0F8540445
:10258000012118F005FF0028F4D19FED167ADFED48
:10259000167A28EE078A0223B0EEC87AB4EE677A7C
:1025A000F1EE10FA8DF8003017D8DFED107AB4EEA6
:1025B000E78AF1EE10FA10D8DFED0D7AB4EEE78A73
:1025C000F1EE10FA09DB03466A464FF49C7104F100
:1025D00008008DED018A08F04FF8D4F8540418F083
:1025E000FBFEC7E7E22E6542FFFF7F7F000034431A
:1025F000000034C330B52DED028B83B0F9F708FF2E
:1026000000F5E46504462846F9F74CFF30B903B0FD
:10261000BDEC028BBDE83040FFF778BB04F5F163F9
:10262000284693ED018A94F8B057F9F745FF00204A
:10263000FFF76CFB04461DB903B0BDEC028B30BD47
:10264000D0F85404012118F0A3FE0028F4D1DFEDE6
:10265000166A9FED167AC8EE267A02238DF80030AE
:10266000F0EEE76AF4EE476AF1EE10FA17D8B1EE31
:10267000047AF4EEC77AF1EE10FA10D8B9EE047AC3
:10268000F4EEC77AF1EE10FA09DB03466A464FF41E
:10269000967104F10800CDED017A07F0EDFFD4F852
:1026A000540418F099FEC7E70AE81C41FFFF7F7F3A
:1026B00030B52DED028B83B0F9F7AAFE00F5E46585
:1026C00004462846F9F7EEFE30B903B0BDEC028BA4
:1026D000BDE83040FFF71ABB04F5F163284693EDDF
:1026E000068A94F8B157F9F7E7FE0020FFF70EFBD2
:1026F00004461DB903B0BDEC028B30BDD0F85404C4
:10270000012118F045FE0028F4D19FED167ADFED87
:10271000167A28EE078A0223B0EEC87AB4EE677AFA
:10272000F1EE10FA8DF8003017D8DFED107AB4EE24
:10273000E78AF1EE10FA10D8DFED0D7AB4EEE78AF1
:10274000F1EE10FA09DB03466A4640F2311104F15A
:1027500008008DED018A07F08FFFD4F8540418F0BB
:102760003BFEC7E7E22E6542FFFF7F7F00009643F6
:10277000000096C330B52DED028B83B0F9F748FE0B
:1027800000F5E46504462846F9F78CFE30B903B03D
:10279000BDEC028BBDE83040FFF7B8BA04F5F16339
:1027A000284693ED028A94F8B057F9F785FE002089
:1027B000FFF7ACFA04461DB903B0BDEC028B30BD87
:1027C000D0F85404012118F0E3FD0028F4D1DFED26
:1027D000166A9FED167AC8EE267A02238DF800302D
:1027E000F0EEE76AF4EE476AF1EE10FA17D8B1EEB0
:1027F000047AF4EEC77AF1EE10FA10D8B9EE047A42
:10280000F4EEC77AF1EE10FA09DB03466A4640F2AD
:102810002D1104F10800CDED017A07F02DFFD4F859
:10282000540418F0D9FDC7E70AE81C41FFFF7F7F79
:1028300030B52DED028B83B0F9F7EAFD00F5E465C4
:1028400004462846F9F72EFE30B903B0BDEC028BE2
:10285000BDE83040FFF75ABA04F5F163284693ED1E
:10286000038A94F8B057F9F727FE0020FFF74EFAD5
:1028700004461DB903B0BDEC028B30BDD0F8540442
:10288000012118F085FD0028F4D1DFED166A9FEDD7
:10289000167AC8EE267A02238DF80030F0EEE76A49
:1028A000F4EE476AF1EE10FA17D8B1EE047AF4EEBE
:1028B000C77AF1EE10FA10D8B9EE047AF4EEC77ABE
:1028C000F1EE10FA09DB03466A464FF4977104F102
:1028D0000800CDED017A07F0CFFED4F8540418F0CB
:1028E0007BFDC7E70AE81C41FFFF7F7F30B52DED78
:1028F000028B83B0F9F78CFD00F5E46504462846A9
:10290000F9F7D0FD30B903B0BDEC028BBDE8304023
:10291000FFF7FCB904F5F163284693ED058A94F8B6
:10292000B157F9F7C9FD0020FFF7F0F904461DB9CA
:1029300003B0BDEC028B30BDD0F85404012118F077
:1029400027FD0028F4D19FED167ADFED167A28EEE8
:10295000078A0223B0EEC87AB4EE677AF1EE10FA75
:102960008DF8003017D8DFED107AB4EEE78AF1EE7B
:1029700010FA10D8DFED0D7AB4EEE78AF1EE10FA16
:1029800009DB03466A4640F22F1104F108008DED81
:10299000018A07F071FED4F8540418F01DFDC7E752
:1029A000E22E6542FFFF7F7F00009643000096C342
:1029B00070B5234E3468BFF35B8F14F001040546F5
:1029C00003D0002D35D11F4870BD304637F012F8C6
:1029D0000028F6D01B4B1C4983F864405022C3E901
:1029E00000121A49DA605A61DA615A62DA625A638D
:1029F000DA635A64DA645A650A24154A1A66C3E926
:102A00001614144A144999601A611449144A9961B8
:102A10001A621449144A99621A631449144A996350
:102A20001A641449144A996430461A6536F0F1FF65
:102A3000C7E7124B124A13481521F7F741FC00BFB4
:102A4000D0F40020D4F40020BC97050875240108B8
:102A50003121010875270108F525010831280108F1
:102A6000ED280108251E0108B1260108E91E01080C
:102A700031250108AD1F01086D200108ECE90408AB
:102A800060F60408BCF1040838B51F4D2C68BFF38C
:102A90005B8F14F0010401D01C4838BD284636F085
:102AA000A9FF0028F8D01A4B1A4919601A4983F86F
:102AB00064405022C3E901211849C3E903211849A0
:102AC000C3E905211749C3E907211749C3E90921CA
:102AD0001649C3E90B211649C3E90D211549C3E97C
:102AE0000F211549C3E911211449C3E913211449E0
:102AF000C3E91521134A28460A21C3E9171236F003
:102B000088FF024838BD00BFD0F40020D8F4002070
:102B1000D4F40020BC970508F525010875270108A5
:102B200031280108ED280108251E0108B1260108F9
:102B3000E91E010831250108AD1F01086D200108BB
:102B40007524010831210108164930B48160164905
:102B5000164C174D85655022C0E90521154942657F
:102B6000C0E90042144CC0E909211449C0E903241A
:102B7000134CC0E90D211349C0E90724124CC0E9E8
:102B800011211249C0E90B24114CC0E9132111494C
:102B9000C0E90F240A240022C0E9174180F864200C
:102BA00030BC7047F525010831280108BC9705089D
:102BB00075240108251E010875270108E91E010872
:102BC000ED280108AD1F0108B12601086D2001089C
:102BD000312501083121010818B14FF47A73B3FB94
:102BE000F0F07047DFED127AB0EEE07AB4EE677A7B
:102BF000F1EE10FA1AD8B0EEC17AB4EE677AF1EEBF
:102C000010FA13D8B0EEC07AB4EE677AF1EE10FA8B
:102C10000CD8B4EEC01AF1EE10FA07DBF4EEC00ADD
:102C2000F1EE10FA94BF0120002070470020704799
:102C3000FFFF7F7F407BB0FA80F04009704700BF04
:102C40002DE9F04186B00124802305464FF00308AA
:102C50000DF1170700208DF81730FCF777FB0A23DA
:102C600060220021CDE90248CDE90047FCF7F4FCE1
:102C700000260B2019F090FE30468DF81760FCF707
:102C800065FB2F23CDE90248CDE90047602231469C
:102C9000FCF7BCFB9DF81730302B2B6807D06C730A
:102CA0005B68224A934239D106B0BDE8F0816E7369
:102CB0005B681E4A934231D1002401250326204639
:102CC0008DF81740FCF742FB21466022CDE9025601
:102CD000CDE900570A23FCF7BFFC0A2320468DF8F4
:102CE0001730FCF733FB21466022CDE90256CDE9CF
:102CF00000570B23FCF7B0FC242320468DF8173037
:102D0000FCF724FBCDE90256CDE9005709236022E8
:102D10002146FCF7A1FC06B0BDE8F08128469847A3
:102D20000028C9D106B0BDE8F08100BF352C0108EC
:102D300008B90448704708B5034A044B04481821F1
:102D4000F7F7BEFA2C000020ACF60408ECE9040802
:102D5000F4F604082DE9F04704682DED048B64684F
:102D60001D465B4B9C4288B016461AD1437BDBB1B3
:102D70009FED588A0027B0EE489AF0EE488A3E460A
:102D80003D46F9F745FB00F59F6804464046F9F7D4
:102D900089FB002840F0838008B0BDEC048BBDE8BF
:102DA000F087A0470028E3D04FF000084FF001095A
:102DB00040464FF0030A05AC8DF81480FCF7C6FAC4
:102DC0000823CDE9029ACDF8009001946022414693
:102DD000FCF71CFB9DF8143013EA0907C8D043F038
:102DE000030340468DF81430FCF7B0FA0823602244
:102DF0004146CDE90094CDE9029AFCF72DFCCDF8CF
:102E000014804046C4F8048084F80880FCF79EFAD9
:102E10000923CDE900940293414643466022CDF850
:102E20000CA0FCF7F3FA9DF815309DF814109DF8EE
:102E30001A209DF817009DF816409FED277A9FED08
:102E4000278A9B0043EA812343EA9213800008EE1D
:102E5000903A40EA8420C2F3011303439DF819100D
:102E600009EE103A9DF818308900C2F3810241EA58
:102E700083231A4307EE902AF8EEE88AB8EEC99A3F
:102E8000F8EEE77A78EEC78A39EE479A77EEC77A96
:102E900068EE888A29EE089A28EE678A71E704F5B9
:102EA000AC6300224046C4F87865C4F87C55C3ED95
:102EB000018A83ED029A83ED038A1A6184F8807592
:102EC00008B0BDEC048BBDE8F047F9F7F5BA00BFD8
:102ED000352C010800000000000000480000803888
:102EE0002DE9F0472DED048B044688B006F09EFADC
:102EF00023685C4A5B68934206460D461AD1637BA1
:102F0000E3B19FED598A0027B0EE489AF0EE488A67
:102F10003E463D46F9F77CFA00F59F680446404678
:102F2000F9F7C0FA002840F0848008B0BDEC048BAB
:102F3000BDE8F087204698470028E2D04FF000080F
:102F40004FF0010940464FF0030A05AC8DF814809C
:102F5000FCF7FCF90823CDE9029ACDF80090019422
:102F600060224146FCF752FA9DF8143013EA090733
:102F7000C7D043F0030340468DF81430FCF7E6F960
:102F8000082360224146CDE90094CDE9029AFCF77E
:102F900063FBCDF814804046C4F8048084F80880B0
:102FA000FCF7D4F90923CDE9009402934146434646
:102FB0006022CDF80CA0FCF729FA9DF815309DF899
:102FC00014109DF81A209DF817009DF816409FEDEB
:102FD000277A9FED278A9B0043EA812343EA9213D5
:102FE000800008EE903A40EA8420C2F301130343C4
:102FF0009DF8191009EE103A9DF818308900C2F3B7
:10300000810241EA83231A4307EE902AF8EEE88A08
:10301000B8EEC99AF8EEE77A78EEC78A39EE479AA1
:1030200077EEC77A68EE888A29EE089A28EE678AD2
:1030300070E704F5AC6300224046C4F87865C4F834
:103040007C55C3ED018A83ED029A83ED038A1A61F0
:1030500084F8807508B0BDEC048BBDE8F047F9F743
:103060002BBA00BF352C010800000000000000480A
:103070000000803810B5044684B00020FCF766F9E3
:103080000434002309210122CDE9014100921946AF
:103090006022FCF74FFA04B010BD00BF2DE9F041EB
:1030A00001682DED048B49681D46424B994286B05C
:1030B0000446164619D1437BD3B1DFED3F8A002782
:1030C000B0EE689AB0EE688A3E463D46F9F7A0F940
:1030D00000F59F6804464046F9F7E4F9002851D10D
:1030E00006B0BDEC048BBDE8F08188470028E4D031
:1030F000237BDFED328A43F0030300208DF8173085
:10310000FCF724F90323012703930DF1170301931F
:1031100060220823002102970097FCF79DFA61794D
:103120002379A27AE0799FED267A890041EA83210A
:1031300041EA921108EE101AA179637A800040EA00
:103140008120217A9B0043EA8121C2F30113C2F35B
:10315000810203430A4309EE103A07EE902AB8EEC3
:10316000C88AB8EEC99AF8EEE77A38EE478A39EE9F
:10317000479A77EEC77A28EE288A29EE289A68EED1
:10318000E78AA3E704F5AC6300224046C4F87865FB
:10319000C4F87C5583ED018A83ED029AC3ED038A5E
:1031A0001A6184F8807506B0BDEC048BBDE8F0416F
:1031B000F9F782B9352C01080000000000008038C2
:1031C0000000004838B5F9F723F900F59F6504467B
:1031D0002846F9F767F900B938BD04F5AC63002259
:1031E00000200021C3E906015A609A60DA601A6182
:1031F000002384F880352846BDE83840F9F75CB9EB
:1032000010B5002486B020468DF81740FCF79EF8D4
:1032100001230DF117020321CDE90231CDE900327E
:1032200021462F236022FCF7F1F89DF8170006B025
:1032300010BD00BF2DE9F041002788B038460E468A
:1032400015461C46CDE905778DF81C70FCF77EF815
:1032500009230322CDE902320DF114080123009362
:1032600039463B46CDF804806022FCF7CFF89DF844
:1032700015009DF814309DF81AC0DFED1F6A9DF807
:1032800017109FED1E7A9DF81920800040EA8320D8
:1032900040EA9C1307EE903AF8EEE77A9DF81600A4
:1032A00077EEE67A890067EE877ACCF3011341EA7C
:1032B00080210B43C6ED007A07EE903AF8EEE77AEC
:1032C0009DF8183077EEE67A920067EE877A42EA48
:1032D0008323CCF3810C4CEA030CC5ED007A07EE96
:1032E00090CAF8EEE77A77EEE67A27EE677A84ED11
:1032F000007A08B0BDE8F081000000480000803886
:1033000030B590F801C0047890F806E09FED1D6A92
:10331000DFED1D6AC5784FEA8C0C4CEA842C4CEA30
:103320009E1C07EE90CAF8EEE77A447990F802C046
:10333000007977EEC67AAD0067EEA67AA400C1EDFB
:10334000007A45EA8C2CCEF3011144EA8024CEF3B6
:10335000810E41EA0C014EEA040E07EE101A07EE48
:1033600090EAB8EEC77AF8EEE77A37EE467A77EE6B
:10337000C67A27EE267A66EEE76A82ED007AC3ED1A
:10338000006A30BD0000004800008038F0B500271A
:1033900087B00223384601248DF8173003258DF8B5
:1033A00015708DF81670FBF7D1FF0DF11703602231
:1033B0003946CDE90043CDE902450923FCF74CF934
:1033C000204619F0E9FA0DF115063846FBF7BEFF65
:1033D00008236022CDE90245CDE900463946FCF7D5
:1033E00015F89DF815309A070FD40020FBF7AEFFB3
:1033F0000823CDE90245CDE9004660220021FCF713
:1034000005F89DF815309B07EFD50020FBF79EFFD0
:1034100001230DF116020321CDE90231CDE900327D
:10342000002107236022FBF7F1FF9DF816309FED86
:10343000067A9FED060A07EE903AF8EE677AA7EE55
:10344000870A07B0F0BD00BFCDCC4C3F000096C24C
:1034500000B587B0802300208DF81730FBF776FF8A
:1034600001230DF117020321CDE90231CDE900322C
:1034700000210A236022FCF7EFF80B2007B05DF86B
:1034800004EB19F089BA00BF00B587B01023002003
:103490008DF81730FBF75AFF01230DF117020321B6
:1034A000CDE90231CDE90032002109236022FCF789
:1034B000D3F807B05DF804FB00B587B008230020FF
:1034C0008DF81730FBF742FF01230DF1170203219E
:1034D000CDE90231CDE90032002109236022FCF759
:1034E000BBF807B05DF804FB00B587B041F00801F8
:1034F00000208DF81710FBF729FF01230DF11702AB
:103500000321CDE90231CDE9003200210B236022F5
:10351000FCF7A2F807B05DF804FB00BF00B587B068
:1035200000208DF81710FBF711FF01230DF1170292
:103530000321CDE90231CDE9003200210A236022C6
:10354000FCF78AF807B05DF804FB00BF00B587B050
:10355000202300208DF81730FBF7F8FE01230DF132
:1035600017020321CDE90231CDE900320021092300
:103570006022FCF771F807B05DF804FB10B5002479
:1035800086B020468DF81740FBF7E0FE01230DF1D1
:1035900017020321CDE90231CDE90032214608238B
:1035A0006022FBF733FF9DF8170006B010BD00BF87
:1035B00010B586B000200C468DF81720FBF7C6FE2C
:1035C00001230DF117020321CDE90231CDE90032CB
:1035D000002123466022FCF73FF806B010BD00BF73
:1035E00070B5002084B00D4614461E46FBF7AEFEB3
:1035F0000323039301230093CDE901562346602260
:103600000021FBF703FF04B070BD00BF007B7047D3
:10361000F0B5002487B00746047320460125022632
:103620008DF81740FBF792FE294B0193CDE9025626
:10363000009521233C223146FCF70EF808B907B06B
:10364000F0BD322019F0A8F92046FBF77FFE0DF1FE
:1036500017030193CDE9025600950F233C22314612
:10366000FBF7D4FE0028EAD09DF817303D2BE6D1B9
:103670002046FBF76BFE174B0193CDE902560095F0
:1036800020233C223146FBF7E7FF0028D7D0204615
:10369000FBF75CFE104B0193CDE902560095222307
:1036A0003C223146FBF7D8FF0028C8D02046FBF764
:1036B0004DFE0A4BCDE90256CDE900533146232396
:1036C0003C22FBF7C9FF0028B9D03D73B7E700BF24
:1036D000E6970508E7970508E5970508E4970508C4
:1036E00008B90348704708B502481221F8F7E8FE08
:1036F0003C000020A0EB0408F0B587B000200E4687
:1037000015461C4604AF0490ADF81400FBF71EFEEE
:10371000012306220221CDE90221009301972823EB
:103720003C22FBF773FE08B3BDF91030BDF912C09F
:10373000DFED0F6A07EE103ACCF1000307EE903A86
:10374000F8EEE77ABDF9143067EEA67AB8EEC77ADC
:10375000C6ED007A07EE903AF8EEE77A27EE267A81
:1037600067EEA67A85ED007AC4ED007A07B0F0BD69
:103770007A4119392DE9F0412DED048B4FF0000C01
:1037800088B000210446604616461D460591069104
:1037900007918DF810C0FBF7D9FD01230221CDE977
:1037A0000231009304AB01933C222723FBF72EFE4A
:1037B000F8B19DF810301B071BD52368344A5B68AD
:1037C000934261D1207B88BB9FED328A4FF0000885
:1037D000F0EE488AB0EE489AF0EE489A46464546E2
:1037E000F8F716FE00F5C36704463846F8F75AFEA8
:1037F00020B908B0BDEC048BBDE8F08104F5D063BE
:103800003846C4F89866C4F89C56C3ED019A83ED17
:10381000029AC3ED038A83ED048A84F8A08608B077
:10382000BDEC048BBDE8F041F8F746BE07AB20467F
:1038300006AA05A9FFF760FF0028C5D00020ADF853
:1038400010000124FBF782FD04AB02210193CDE9B6
:10385000021100942E233C22FBF7D8FD0028B3D0A0
:10386000BDF91030DDED059A9DED069ADDED078A74
:1038700007EE903AF8EEE77AB4EE007AB3EE098AF2
:10388000A7EE878AA046ABE7204698479BE700BF94
:103890000D3601080000000010B5044605F0C6FD15
:1038A00002460B462046BDE81040FFF763BF00BF4D
:1038B00010B586B000200C46ADF81400FBF746FDAD
:1038C000012305AA0221CDE90032CDE902112E2300
:1038D0003C22FBF79BFD68B1BDF9143007EE103AAE
:1038E000B8EEC77AF4EE006AF3EE097AE7EE267ACC
:1038F000C4ED007A06B010BD10B5044684B00020B7
:10390000FBF724FD043408220123CDE90142009392
:103910003C2228230221FBF70DFE04B010BD00BF9E
:103920002DE9F0470E46B0F80480C5880789B0F845
:103930000A90F8F76DFD00F5C36A04465046F8F7A3
:10394000B1FD08B9BDE8F0870FFA89F907EE909A42
:103950000FFA88F32DB206EE903A6D423BB2B8EE04
:10396000E76A07EE103A07EE905AF4EE004AF3EEDB
:10397000095A9FED135AC4F89866E6EE245A0023BC
:10398000C4F89C36F8EEE77AF8EEE66AB8EEC77A45
:1039900067EE857A66EE856A27EE057A04F5D063D0
:1039A0000122C3ED017AC3ED026A83ED037AC3ED10
:1039B000045A84F8A0265046BDE8F047F8F77CBDCD
:1039C0007A41193938B5F8F723FD00F5C365044687
:1039D0002846F8F767FD00B938BD04F5D06300222A
:1039E00000200021C3E906015A609A60DA601A617A
:1039F000002384F8A0362846BDE83840F8F75CBDBF
:103A000000B587B000208DF81700FBF79FFC01235D
:103A10000DF117020221CDE90032CDE902313C223D
:103A20002723FBF7F3FC18B19DF81700C0F3C00083
:103A300007B05DF804FB00BF10B5002084B00C4651
:103A4000FBF784FC01230221CDE90231CDE90034EA
:103A50003C220F23FBF7DAFC04B010BD00B50020B8
:103A600085B0FBF773FC074A02210123CDE9003240
:103A7000CDE902313C222123FBF7EEFD05B05DF8D4
:103A800004FB00BFE697050870B5002084B00C4623
:103A900015461E46FBF75AFC02210123CDE90035ED
:103AA000CDE9026123463C22FBF7B0FC04B070BDB7
:103AB00070B5002084B00C4615461E46FBF746FC48
:103AC00002210123CDE90035CDE9026123463C22E4
:103AD000FBF7C2FD04B070BD90F85F00704700BFF7
:103AE00008B90348704708B502481221F8F7E8FC06
:103AF0004C000020A0EB040830B5A5B004AD7F2237
:103B00000C462846002139F050FA0020FBF71EFC35
:103B1000032302220121CDE90232CDE90015002361
:103B20002A22FBF773FC10B19DF81230237025B0E8
:103B300030BD00BF70B54D8D4A8BDFED6D6A8C8D49
:103B4000DFED6C3ACB8B8E8BB1F826E0B1F828C054
:103B5000DFED695A9FED695A9FED696A45F30725C4
:103B600007EE905A91F92A50F8EEE77AB1EE044A3E
:103B7000C7EEA62A07EE905A55B207EE105AF8EE95
:103B8000E77AB8EEC77A42F3072287EEA62A0D8CB1
:103B900007EE902A62B244F30724C7EE041A04EE3B
:103BA000102A07EE104AB1F930204C8CC0ED081AEB
:103BB000B8EEC44AB8EEC77AF8EEE77A84EE263A51
:103BC00087EE264A07EE102A8A8C91F9241080EDA0
:103BD000102A67EEA37A42F30722B8EEC77AC0ED47
:103BE000097AF3EE074A07EE902AF0EE646AE7EEF0
:103BF000236A1A0102F47F6207EE101AF8EEE77AE0
:103C0000B8EEC77A67EEA57A06F4704146F30B0664
:103C100027EE057AC0ED0D7A0A4307EE906A42F36B
:103C20000B1280ED0A7A03F47063B8EEE77A07EEC0
:103C3000902AEAB2134345F3072280ED017A07EE9A
:103C4000102AF8EEE77A43F30B03B8EEC77AC0ED1B
:103C5000027A07EE903A27EE067AF8EEE77A63B238
:103C600080ED047A07EE103A44F30723C0ED037A9F
:103C700007EE903AB8EEC77AF8EEE77A4FFA8EF38D
:103C800027EE067A67EE867A06EE103A4FFA8CF344
:103C9000C0ED076A06EE903A4EF3072380ED057AF1
:103CA00007EE103A4CF30723C0ED067A07EE903A80
:103CB000B8EEC66AF8EEE66AB8EEC77AF8EEE77ACA
:103CC00026EE056A66EE856A27EE257A67EEA57A06
:103CD000C0ED112A80ED133A80ED124A80ED0B6A97
:103CE000C0ED0C6A80ED0E7AC0ED0F7A70BD00BF9A
:103CF000000048440000003B000080380000003D08
:103D00000000803B2DE9F04FB7B0834640220021F0
:103D100006A839F04AF94FF0000802270DF11809FA
:103D20000DF1170A012648F0200300208DF8173006
:103D3000FBF70CFBCDE90267CDE9006A50232A228C
:103D40000121FBF789FCB8B1032416AD012018F05E
:103D500023FE7F220021284639F027F90020FBF7B7
:103D6000F5FA0322CDE90227CDE9006555232A2281
:103D70000121FBF74BFB20B90024204637B0BDE8FA
:103D8000F08F9DF85A301F2B04F1FF34F4D814F053
:103D9000FF04F1D0DB07D9D57F220021284639F076
:103DA00004F90020FBF7D2FA0422CDE90227CDE97D
:103DB000006552232A220121FBF728FB0028DBD0D3
:103DC000BDF85A3008F101085BBAB8F1200F29F8A4
:103DD000023BA8D10020FBF7B9FA0A4B0397CDE9C3
:103DE0000136009650232A220121FBF735FC0446B8
:103DF0000028C1D0584606A9FFF79CFE204637B0E0
:103E0000BDE8F08FFC97050830B5A9B008AD7F225A
:103E10000C462846002139F0C8F80020FBF796FA36
:103E200001210E230222CDE90232CDE90015312312
:103E30002A22FBF7EBFA844600285FD0DDF8261033
:103E4000DDF82A20DDF822009FED2E4ADFED2E5A04
:103E50009FED2E5ADFED2E4A05AB07C39DF81820C3
:103E60009DF817109DF81B30120442EA01229DF8BC
:103E7000191042EA01629DF81A101B0443EA01235B
:103E800012129DF81C1007EE102A9DF81E2043EA1E
:103E900001639DF81D10120442EA01221B129DF8D5
:103EA0001F1007EE903A9DF8153042EA01629DF826
:103EB00014101B0443EA01239DF81610121206EE9B
:103EC000902A43EA01631B12B8EEE66A06EE903AC6
:103ED000E6EE045AB8EEC77AF8EEE77AF8EEE66A4C
:103EE00027EE057A66EE856A67EEA47AC4ED006A6D
:103EF00084ED017AC4ED027AC4ED035A604629B01C
:103F000030BD00BF5B9E803A85EBCBC147ABE73B42
:103F1000F61BEB3BD1ED086A90ED036AD1ED071A71
:103F200091ED067AD1ED0D4A91ED045A90ED014ADA
:103F3000D0ED003A91ED123AD1ED092AF7EE007A70
:103F400076EEA76AF0EE675AE6EE861A88B091ED33
:103F50000C6AD1ED036A31EEC77A35EE275AE7EEE7
:103F6000245AF0EE674AE6EE074A87EEA56AC7EEE6
:103F7000A45AD1ED014AE5EE044A91ED0A4A91EDC9
:103F8000005A76EEA76AE7EE044AA6EEA35A91ED30
:103F9000104AD1ED0F3AD1ED116A26EE246AF0EE07
:103FA000434AA7EE225AD4EE264AE3EEC36A65EEF0
:103FB000855AD1ED0E2A66EE666AB0EE675AB0EE0B
:103FC000673AA3EEC45AE4EEA56AA7EE223AF0EEF1
:103FD000654A86EE851AE3EEC64AA4EE656AC7EE28
:103FE000835AD1ED056A84EE850AC6EE050A76EE9F
:103FF000A76A90ED025AD1ED027A91ED0B6AE6EED6
:10400000857ADFED076AE7EE067A20EE260AA5EE4E
:10401000A71A60EEA60A21EE261A08B0704700BF64
:104020000AD7233CF0B5ADB000250CAE7F22074681
:104030000C4630462946CDE90855CDE90A5538F0F9
:10404000B4FF2846FBF782F901210E230222CDE9B5
:1040500002320196009131232A22FBF7D7F9054657
:1040600000286DD0DDF83200DDF83610DDF83A209A
:10407000DFED355A9FED357ADFED356A9FED356A14
:1040800005AB07C318469DF81E309DF81D609DF8CE
:1040900018C09DF817201B0443EA06239DF81F60F3
:1040A0004FEA0C4C4CEA022C43EA06639DF81B20B5
:1040B0009DF81A601B1207EE903A12049DF8153015
:1040C00042EA06229DF814601B0443EA06239DF889
:1040D0001960F8EEE77A4CEA066C4FEA2C26A7EE58
:1040E000A57A391D07EE906A9DF81C608DED0B7A5C
:1040F000F8EEE77A42EA066267EEA67A1212CDED92
:10410000097A07EE902A9DF81620F8EEE77A43EA3E
:10411000026367EE867A1B12CDED0A7A07EE903ABB
:10412000F8EEE77A67EEA67ACDED087AFFF7F2FEB1
:1041300084ED000AC4ED010A84ED021AC4ED031AED
:1041400028462DB0F0BD00BF5B9E803A85EBCBC109
:1041500047ABE73BF61BEB3B2DE9F04101682DED4A
:10416000048B49681D46394B9942A8B0044616464F
:1041700069D190F85F00C8B99FED358A0027F0EE4D
:10418000488AB0EE489AF0EE489A3E463D46F8F727
:104190003FF900F5B16804464046F8F783F9002876
:1041A00039D128B0BDEC048BBDE8F0810DF12008B9
:1041B0007F220021404638F0F8FE0020FBF7C6F8C9
:1041C000012703230222CDE90232CDF804800097B3
:1041D00030232A223946FBF719F90028CCD09DF864
:1041E00022305B07C8D5002341462046CDE908337D
:1041F000CDE90A33FFF708FE0028BDD0211D404657
:10420000FFF788FEF0EE409AB0EE618AB1EE609A58
:10421000F1EE418ABBE704F5BE634046C4F8086688
:10422000C4F80C56C3ED019A83ED029AC3ED038ADC
:1042300083ED048A84F8107628B0BDEC048BBDE8C9
:10424000F041F8F739B9884795E700BFD93A010836
:104250000000000010B5044684B00020FBF776F89B
:10426000503401210F23CDE90143009130232A224C
:10427000FBF760F904B010BD2DE9F0412DED048B82
:1042800090F852208CB0002412F00406CDE90444CA
:10429000CDE906447CD003460D46D3F85B20D3F825
:1042A0005710D0F85300DFED4C5A9FED4C7ADFEDFC
:1042B0004C6A9FED4C6A01AE07C6191D9DF80E3081
:1042C0009DF807209DF80F7030469DF80D601B0487
:1042D00043EA06239DF80860360446EA022643EACC
:1042E00007639DF80B209DF80A701B1207EE903AA9
:1042F00012049DF8053042EA07229DF804701B0461
:1043000043EA07239DF80970F8EEE77A46EA076664
:104310003612A7EEA57A07EE906A9DF80C608DED37
:10432000077AF8EEE77A42EA066267EEA67A121298
:10433000CDED057A07EE902A9DF80620F8EEE77A93
:1043400043EA026367EE867A1B12CDED067A07EE2A
:10435000903AF8EEE77A012667EEA67ACDED047A78
:10436000FFF7D8FDF0EE409AB0EE618AB1EE609AA8
:10437000F1EE418AF8F74CF800F5B168074640467F
:10438000F8F790F878B90CB0BDEC048BBDE8F0817B
:104390009FED158A3546F0EE488AB0EE489AF0EE69
:1043A000489A3446E6E707F5BE634046C7F8085624
:1043B000C7F80C46C3ED019A83ED029AC3ED038A58
:1043C00083ED048A87F810660CB0BDEC048BBDE861
:1043D000F041F8F771B800BF5B9E803A85EBCBC126
:1043E00047ABE73BF61BEB3B0000000038B5F8F7A6
:1043F0000FF800F5B16504462846F8F753F800B900
:1044000038BD04F5BE63002200200021C3E9060187
:104410005A609A60DA601A61002384F810362846E0
:10442000BDE83840F8F748B8F0B5A7B0002506AFAA
:104430007F22294638468DF8175038F0B6FD2846B9
:10444000FAF784FF012403230226CDE90236CDE9E1
:1044500000472E232A222146FAF7D8FF98B19DF86B
:104460001A30284663F077038DF81730FAF76EFF9D
:104470000DF11701CDE90041CDE902462E232A2294
:104480002146FBF7E9F827B0F0BD00BFF0B5A7B0B3
:10449000002506AF7F22294638468DF8175038F0A0
:1044A00084FD2846FAF752FF012403230226CDE9B2
:1044B0000236CDE9004704232A222146FAF7A6FF57
:1044C00098B19DF81A30284643F037038DF817301D
:1044D000FAF73CFF0DF11701CDE90041CDE90246A5
:1044E00004232A222146FBF7B7F827B0F0BD00BF0E
:1044F00000B5002085B0FAF729FF074B0121022201
:10450000CDE90212CDE900132A220523FBF7A4F816
:1045100005B05DF804FB00BFFB97050870B5A4B0BB
:1045200004AD7F220021284638F03FFD0020FAF735
:104530000DFF012403230226CDE90236CDE9004513
:1045400006232A222146FAF761FF18B900242046E3
:1045500024B070BD9DF81230082BF7D8013B012B19
:1045600014D90020FAF7F2FE124B01210222CDE904
:104570000212CDE900132A220623FBF76DF8044648
:104580000028E3D0262018F007FAE0E70020FAF729
:10459000DDFE094ACDE90246CDE9004206232A2282
:1045A0002146FBF759F80028D0D0062018F0F4F97E
:1045B000D7E700BFF9970508FA9705082DE9F041FC
:1045C0000025A6B0064680F85F502846FAF7BEFEE2
:1045D00001243D4B01930227CDE9024700947E233D
:1045E0002A222146FBF738F810B926B0BDE8F08141
:1045F000322018F0D1F97F22294606A838F0D5FCE0
:104600002846FAF7A3FE4FF0030806ABCDE90043B6
:104610000397CDF808802B462A222146FAF7F6FEAA
:104620000028E2D09DF81A30332BDED13046FFF758
:1046300069FB0028D9D07F22294606A88DF817509B
:1046400038F0B3FC2846FAF781FE06AB0193CDF8AB
:104650000880039700942E232A222146FAF7D6FEDB
:104660000028C2D09DF81A30284663F077038DF8F1
:104670001730FAF76BFE0DF117030193CDE90247EE
:1046800000942E232A222146FAF7E6FF0028ACD018
:104690003046FFF7FBFE0028A7D02846FAF756FE63
:1046A0000A4BCDE90247CDE900432A2205232146E2
:1046B000FAF7D2FF002898D03046FFF72FFF0028E6
:1046C00093D086F85F4090E7F8970508FB970508B8
:1046D00000B5002085B0FAF739FE074B0121022210
:1046E000CDE90212CDE900132A227E23FAF7B4FFA6
:1046F00005B05DF804FB00BFF8970508F0B51C464F
:10470000A5B017460D467F22002104A8A61C38F04C
:104710004CFC7F2E03D90025284625B0F0BD002093
:10472000FAF714FEB6B204AB012102220193039200
:104730002B46029600912A22FAF768FE05460028C9
:10474000E9D0002CE8D022460DF11201384638F0AD
:10475000C1FD284625B0F0BD70B5002084B00C46E0
:1047600015461E46FAF7F2FD012102230393CDE917
:104770000156009123462A22FAF76EFF04B070BD5D
:10478000704700BF0120704708B90448704708B55A
:10479000034A044B04481921F5F792FDAC000020B0
:1047A0008CF70408ECE90408DCF70408F8B5A0F17C
:1047B0000A03022B46D8264F3B68BFF35B8FDB070B
:1047C00005460C4626D5234E3368012B34D803EB1F
:1047D000830304EBC3035A69022A07D0032A29D1B1
:1047E0009A69022A26D1DB699D4223D07368012B86
:1047F00022D803EB830304EBC3014B69022B17D0D0
:10480000032B17D18B69022B14D1C869401B18BF29
:104810000120F8BD384635F0EDF80E4E0028D3D013
:10482000002201233846C6E9002335F0F2F8CBE731
:104830000120F8BD0020F8BD074B084A08486A214E
:10484000F5F73EFD074B084A08484E21F5F738FDBD
:104850003CF5002040F5002038F904084CF9040824
:1048600054FA040874F80408BCF80408DCF70408D7
:104870009FED117B10B4002380ED067B43608360C5
:10488000C36003610E4C0460002380F8203091F86F
:1048900020306BB191ED067B4C688B68836044607F
:1048A0000B69CC68C46080ED067B036180F8202032
:1048B0005DF8044B704700BF0000000000000000DE
:1048C0004475050800000000F8B59FED297B2A4CCF
:1048D00004604FF0000C91F82040C0F804C0C0F80C
:1048E00008C0C0F80CC0C0F810C04FF0000C80ED3C
:1048F000067B80F820C014B391F84840FCB1022434
:1049000080F820400E690C6844608C6A8460D1E9AC
:10491000025416B18F6BBE4212D0184BC3600361B4
:10492000D1E90C316A085B0842EAC47243EAC173F8
:104930009B184FEA540444EB5104C0E90634F8BD17
:104940000B2EC0E9065408D00C2E08D00A2E08D130
:10495000D16813690361C160F8BD1A46F8E7069A89
:10496000F6E707489521F7F7ABFD00BFAFF30080EE
:10497000000000000000000044750508910A863F11
:10498000FCFA04082DE9F04FD3B0482200210CA80E
:1049900038F00BFB502200211EA838F006FBF7F779
:1049A00037FD0446F7F734FD0646F7F731FD04F509
:1049B000805581468022002132A8103538F0F5FA62
:1049C0002846F7F76FFD68B9F7F722FD00F58E5519
:1049D00004462846F7F766FD002840F0F18053B002
:1049E000BDE8F08F06F585573846F7F75BFD0028E0
:1049F00000F09C8009F5895808F110084046F7F747
:104A000051FD002840F0F4802846F7F755FD384660
:104A1000F7F752FD9DF84031002BD5D09DF8386155
:104A20009EB1479B0693489B07930A200123CDE93B
:104A30000403DDE94C23CDE9022302AC0FCC0CAD1D
:104A40000FC594E8030085E803009DF810719FB13D
:104A50003D9B06933E9B07930B210123CDE9041355
:104A6000DDE94223CDE9022302AC0FCC12AD0FC524
:104A700094E8030085E803009DF8E880B8F1000F92
:104A800013D0339B0693349B07930C220123CDE96B
:104A90000423DDE93823CDE9022302AC0FCC18ADA5
:104AA0000FC594E8030085E803000CA91EA806F0D2
:104AB00051FF002E3ED1002F68D1B8F1000F06D073
:104AC0001EA90C20FFF772FE002840F0E980F7F7DE
:104AD0009FFC32AB0446009302A83CAB46AA1EA939
:104AE00004F58E55FFF7F0FE2846F7F7DBFC0028AB
:104AF0003FF475AF04F58054039A049BC4F82C224C
:104B0000C4F83032059A069BC4F83422C4F838320F
:104B1000DDE908239DF8281084F84812C4E99023A1
:104B20002846F7F7C9FC53B0BDE8F08F2846F7F7E1
:104B3000C3FC6FE71EA90A20FFF738FE0028BAD091
:104B4000F7F766FC00F58E5504462846DDE94CABC8
:104B5000DDF81C91DDF82081499F4A9EF7F7A2FC01
:104B600000283FF43CAF04F580540123C4E990AB26
:104B7000C4F82C92C4F83082C4F83472C4F8386295
:104B800084F848322846F7F797FC28E71EA90B203F
:104B9000FFF70CFE002890D0F7F73AFC00F58E5591
:104BA00004462846DDE942ABDDF8F490DDF8F880F4
:104BB0003F9F409EF7F776FC00283FF410AFD2E706
:104BC00004F580540023002100220020C4E9900154
:104BD000C4F82C32C4F83032C4F83432C4F8383255
:104BE00084F848222846F7F767FC53B0BDE8F08FF9
:104BF00006F5805209F58053D2F80C113D91D2F898
:104C000010113E91D2F814113F91D2F81811409131
:104C100004F58054D3F89C113391D3F8A011D4F843
:104C200080E0D4F884C0D4F87C90D4F888603491C3
:104C300094ED247B92ED486BD3F8A411359128466E
:104C400094F8985092F8284193F8B821D3F8A81115
:104C50008DF8E820D3E96C233691CDE938231A4941
:104C6000329101238DED426B3C918DF810414691BC
:104C70008DF840318DED4C7BCDF820E1CDF824C18D
:104C8000CDF81C914A968DF83851F7F715FC384647
:104C9000F7F712FC4046F7F70FFC9DF84031BBE6F2
:104CA000F7F7B6FB00F58E5504462846DDE938AB2C
:104CB000DDF8CC90DDF8D080359F369EF7F7F2FB1B
:104CC00000283FF48CAE4EE7C474050890F82030FD
:104CD00053B100B587B000230393A1F10A03022B5F
:104CE00003D907B05DF804FB704703EB430302EB05
:104CF000C30C4368049383680593D0E90623CDE988
:104D00000023029101218DF80C10EE46BEE80F0041
:104D1000ACE80F009EE803008CE8030007B05DF8E4
:104D200004FB00BF704700BF0120704710B500238F
:104D300004460E48C4E9173304F10C02502302293B
:104D4000C4E90001C4E9192307D804F15C0016F096
:104D5000CFFAA06028B1204610BD05482921F7F7F9
:104D6000AFFB03483021F7F7ABFB00BF18980508ED
:104D700008FB04080228F8B570D83C4E3568BFF32C
:104D80005B8F15F00105044633D0394E3568BFF30B
:104D90005B8F15F0010510D0364E3568BFF35B8F81
:104DA00015F001053FD0012C05D0334B3348022CC0
:104DB00018BF1846F8BD3248F8BD304634F01AFE28
:104DC0000028E9D02E4F2F4B3B6001237B6007F179
:104DD0000C037B6607F15C005023C7E91755BB66DF
:104DE00016F086FAB86000283CD0304634F011FE48
:104DF000D2E7304634F0FEFD0028C6D01E4F214BCE
:104E00003B6007F10C037B6607F15C005023C7E9A8
:104E100017557D60BB6616F06BFAB86010B330466C
:104E200034F0F7FDB1E7304634F0E4FD0028BAD0A5
:104E3000124F144B3B6002237B6007F10C037B662F
:104E400007F15C005023C7E91755BB6616F050FA0E
:104E5000B86038B1304634F0DCFDA4E70A4841219F
:104E6000F7F72EFB09483021F7F72AFB28F6002038
:104E7000B8F5002048F500202CF600204CF5002065
:104E8000BCF5002018980508A0EB040808FB0408EE
:104E90004368012B70B50C4600F0DC80022B0ED06D
:104EA000002B40F06482F7F7B3FA00F5456605463B
:104EB0003046F7F7F7FA002840F0988170BDF7F711
:104EC000A7FA00F56D6605463046F7F7EBFA0028BD
:104ED000F4D005F5756322691A6062695A6005F5B8
:104EE0007662216A116005F66472616A116005F6E6
:104EF0006872A16A116005F66C72E16A116005F5CD
:104F00007762216B116005F67472616B116005F6B2
:104F10007872A16B116005F67C72E16B116005F58A
:104F20007862216C116005F68472616C116005F67F
:104F30008872A16C116005F68C72E16C116005F548
:104F40007962216D116005F69472616D116005F64C
:104F50009872A16D116005F69C72E16D116005F506
:104F60007A62216E116005F6A472616E116005F619
:104F7000A872A16E116005F57B62616F3046266FE5
:104F80001660516005F6B872A16F116005F6BC722B
:104F9000E16F116005F57C62D4F88010116005F6B0
:104FA000C472D4F88410116005F6C872D4F8881061
:104FB000116005F6CC72D4F88C10116005F57D6295
:104FC000D4F89010116005F6D472D4F894101160E2
:104FD00005F6D872D4F89810116005F6DC72D4F892
:104FE0009C10116005F57E62D4F8A010116005F6E2
:104FF000E472D4F8A410116005F6E872D4F8A81091
:10500000116005F6EC72D4F8AC10116005F57F6202
:10501000D4F8B010116005F6F472D4F8B410116031
:1050200005F6F872D4F8B810116094ED307B05F5F0
:10503000805205F6FC75D4F8BC10296083ED2C7BFA
:10504000D4F8C81094F8CC301373BDE87040916068
:10505000F7F732BAF7F7DCF900F55966054630463E
:10506000F7F720FA00283FF429AF05F561632269BC
:105070001A6062695A6005F56262216A116005F67C
:105080002462616A116005F62862A16A116005F662
:105090002C62E16A116005F56362216B116005F60F
:1050A0003462616B116005F63862A16B116005F620
:1050B0003C62E16B116005F56462216C116005F6DC
:1050C0004462616C116005F64862A16C116005F6DE
:1050D0004C62E16C116005F56562216D116005F6A9
:1050E0005462616D116005F65862A16D116005F69C
:1050F0005C62E16D116005F56662216E116005F676
:105100006462616E116005F66862A16E116005F55A
:105110006762616F3046266F1660516005F67862EF
:10512000A16F116005F67C62E16F116005F56862A0
:10513000D4F88010116005F68462D4F884101160F0
:1051400005F68862D4F88810116005F68C62D4F8F0
:105150008C10116005F56962D4F89010116005F6A5
:105160009462D4F89410116005F69862D4F89810FF
:10517000116005F69C62D4F89C10116005F56A6216
:10518000D4F8A010116005F6A462D4F8A410116040
:1051900005F6A862D4F8A810116005F6AC62D4F840
:1051A000AC10116005F56B62D4F8B010116005F613
:1051B000B462D4F8B410116005F6B862D4F8B8102F
:1051C000116094ED307BD4F8BC60D4F8C81094F82A
:1051D000CC2005F6BC64266083ED2C7BC5F8C81E88
:1051E00085F8CC2EBDE87040F7F766B905F54D633C
:1051F00022691A6062695A6005F54E62216A11607F
:1052000005F6E442616A116005F6E842A16A1160A0
:1052100005F6EC42E16A116005F54F62216B116001
:1052200005F6F442616B116005F6F842A16B11605E
:1052300005F6FC42E16B116005F55062216C1160CE
:1052400005F60452616C116005F60852A16C1160FC
:1052500005F60C52E16C116005F55162216D11608B
:1052600005F61452616D116005F61852A16D1160BA
:1052700005F61C52E16D116005F55262216E116058
:1052800005F62452616E116005F62852A16E116078
:1052900005F55362616F3046266F1660516005F662
:1052A0003852A16F116005F63C52E16F116005F5AF
:1052B0005462D4F88010116005F64452D4F884107A
:1052C000116005F64852D4F88810116005F64C526A
:1052D000D4F88C10116005F55562D4F89010116067
:1052E00005F65452D4F89410116005F65852D4F8CB
:1052F0009810116005F65C52D4F89C10116005F509
:105300005662D4F8A010116005F66452D4F8A410C7
:10531000116005F66852D4F8A810116005F66C52B9
:10532000D4F8AC10116005F55762D4F8B0101160D4
:1053300005F67452D4F8B410116005F67852D4F81A
:10534000B810116094ED307BD4F8BC60D4F8C8106C
:1053500094F8CC2005F67C54266083ED2C7BC5F8B0
:10536000881D85F88C2DBDE87040F7F7A5B8024878
:10537000E121F7F7A5F800BF18FB04082DE9F04F6D
:105380000746F7B00DF14F0020F00F060121B86875
:1053900015461C4615F0FCFF002800F0F280284658
:1053A00021467A6806F052FDB868012115F0F0FF39
:1053B000002800F0ED8006F1200500242846346125
:1053C0007461F7F77FF94FF07E533046B364F364AE
:1053D00033657365B365F36500220023346374633A
:1053E000B463F4633464746434667466B4663467B6
:1053F0007467B467F467C6F88040C6F88440C6F89E
:105400008840C6F88C40C6F89040C6F89440C6F86C
:105410009840C6F89C40C6F8A040C6F8A440C6F81C
:10542000A840C6F8AC40C6F8B040C6F8B440C6E9DB
:1054300030235B4A40F8D02B00237968C6F8B84087
:10544000C6F8BC40C6F8C83086F8CC3006F082FDFD
:10545000D6F8D0203261D6F8D420726106F1480126
:1054600006F584720292019106F58A7006F5907134
:1054700006F1A802039005910C9206F5B47106F5A9
:10548000BA7006F1B40206F1E0030D910F900E928E
:105490000FCB06F1600CCDF810C006F59C7CCDF862
:1054A0001CC006F1F00B06F1780C85E80F00CDF872
:1054B00018C09BE8070006F5A27CCDF824C006F1D1
:1054C000840CCDF820C006F5A87CCDF82CC006F1E0
:1054D000300A06F1900C06F1FC09CDF828C08AE8E4
:1054E000070099E8070006F13C0888E80700029ADF
:1054F000019B07CA83E807000398D6F8303107C834
:1055000006F1540484E807000599D6F8342172673F
:1055100007C9049C84E8070033670798069B07C8FF
:1055200083E807000999089B07C983E807000B98DF
:105530000A9B07C806F5AE7E83E807009EE80700D1
:10554000D6F88831C6F8C83006F19C0C8CE8070004
:1055500096F88C310D9986F8CC3007C90C9B83E8FE
:1055600007000F980E9B07C883E80700D6E9602361
:1055700031463846C6E93023FFF78AFC77B0BDE8EC
:10558000F08F786806F022FCB86815F025FF06E772
:10559000786806F09FFCB86815F01EFF0BE700BFA7
:1055A000247505082DE9F84F4368012B2DED068B76
:1055B0000C46164653D0022B3DD0002B40F0B58050
:1055C000F6F726FF00F5965808F1180807464046FA
:1055D000F6F768FF054638B307F5805393EDD8AB6F
:1055E000404693EDD19AD3EDD28A93EDD38AD3F886
:1055F00050B3D3F854A3D3F85893D3F85C83B3F8DB
:105600006873F6F759FF84ED08AB84ED019AC4ED99
:10561000028A84ED038AC4F810B0C4F814A0C4F858
:105620001890C4F81C802785BDEC068B0123284602
:105630003360BDE8F88FF6F7EBFE00F5A05808F1EF
:10564000080807464046F6F72DFF0546002841D1D9
:10565000BDEC068B0E2328463360BDE8F88FF6F7C5
:10566000D7FE00F59B5808F1100807464046F6F7AC
:1056700019FF054638B307F5805393EDFEAB40465E
:1056800093EDF79AD3EDF88A93EDF98AD3F8E8B35E
:10569000D3F8ECA3D3F8F093D3F8F483B3F8007401
:1056A000F6F70AFF84ED08AB84ED019AC4ED028A97
:1056B00084ED038AC4F810B0C4F814A0C4F818909C
:1056C000C4F81C802785BDEC068B0D23284633606B
:1056D000BDE8F88F07F5805707F58E6393ED08ABAB
:1056E00093ED019AD3ED028A93ED038AB7F898748B
:1056F000D3F810B0D3F814A0D3F818904046D3F8DC
:105700001C80F6F7D9FE84ED08AB84ED019AC4ED58
:10571000028A84ED038AC4F810B0C4F814A0C4F857
:105720001890C4F81C80278592E702484FF48771CF
:10573000F6F7C6FE2CFB040810B598B004462C22E0
:1057400000210DA837F031FC164B0C9301AA0CA9CF
:105750002046FFF727FF10B19DF858300BB918B05D
:1057600010BD019B04939DED147B0E9B0D9A0F9829
:105770000793109B06920121119A08900993A06843
:10578000129B0A928DED027B0B93059115F000FEA2
:105790000028E4D102A8616806F094FAA06815F028
:1057A0001BFEDCE7B474050810B5022898B035D8A4
:1057B000FFF7E0FA2C22044600210DA837F0F5FB94
:1057C000184B0C9301AA0CA92046FFF7EBFE10B171
:1057D0009DF858300BB918B010BDDDE914230198BD
:1057E0000490CDE9022301210D9B0E9A109805919A
:1057F00006930F9B07920893119A129B0990A06839
:105800000A920B9315F0C4FD0028E4D102A8616848
:1058100006F058FAA06815F0DFFDDCE702488121A8
:10582000F6F74EFEB47405083CFB04082DE9F84F6A
:105830004368012B0C46164635D0022B24D0002B92
:105840006BD1F6F7E5FD00F6B82807464046F6F7B7
:1058500029FE054698B107F53263D3E904AB40460B
:1058600097F8387BD3F80490D3F80880F6F724FE35
:10587000C4E904ABC4F80490C4F8088027760F2369
:1058800033602846BDE8F88FF6F7C2FD00F6C83849
:1058900007464046F6F706FE054648BB1023336030
:1058A0002846BDE8F88FF6F7B3FD00F534680746E3
:1058B0004046F6F7F7FD0546A8B107F53B62D2E989
:1058C00002AB07F6A833404697F8C07BD3F80490A4
:1058D000D3F80880F6F7F0FDC4E904ABC4F80490EF
:1058E000C4F808802776022333602846BDE8F88F85
:1058F00007F54363D3E904AB97F8487CD3F80490E9
:105900004046D3F80880F6F7D7FDC4E904ABC4F8E5
:105910000490C4F808802776C0E702484FF49471D9
:10592000F6F7CEFD58FB040830B59FED197B91B01A
:10593000194A08920023002401AA08A98DED0C7BC6
:10594000054609930A938DF83840FFF76FFF10B1B1
:105950009DF838300BB911B030BDDDE90C23099842
:10596000CDF81540CDE902230121019B0690A868DE
:10597000079404938DF8141015F00AFD0028EAD15D
:1059800002A8696806F0E0F9A86815F025FDE2E7CD
:105990000000000000000000F4740508704700BF1C
:1059A0000120704708B90348704708B502481B2119
:1059B000F6F786FDB0000020A0EB04080000000010
:1059C0002DE9F04F2DED048BB9B0482200210CA831
:1059D00037F0EBFAF6F71CFD0446F6F719FD05461D
:1059E000F6F716FD04F558776822064600211EA832
:1059F00037F0DBFA3846F6F755FD28BBF6F708FD19
:105A000000F6B82504462846F6F74CFD002840F07D
:105A1000D180F6F7FDFC00F5346504462846F6F71C
:105A200041FD002840F08181F6F7F2FC00F6C83510
:105A300004462846F6F736FD002840F0628139B06A
:105A4000BDEC048BBDE8F08F05F57A784046F6F79B
:105A500029FD002871D006F58E694846F6F722FD2B
:105A6000002840F0B7803846F6F726FD4046F6F7A6
:105A700023FD9DF8D830002BC0D09DF8D050002DCC
:105A800040F0E3809DF8B0600DF1080E002E40F06C
:105A9000F8809DF89070002F40F00D810CA97046A1
:105AA00007F072F8099B0193DDE90789002D40F0AA
:105AB0001A814FF0000B9FEDBA9B08EE10BAF6F773
:105AC000A7FC00F6B82A04465046F6F7EBFC00287F
:105AD00037D1002E44D100259FEDB19B08EE105A1E
:105AE000F6F796FC00F5346B04465846F6F7DAFCF8
:105AF00000283FD1002F4DD100264FF0000A4FF073
:105B0000000BB046F6F784FC00F6C835044628467C
:105B1000F6F7C8FC002892D004F54363C3E904AB50
:105B2000C3F804809E60284684F8487CF6F7C4FCDD
:105B300039B0BDEC048BBDE8F08F3846F6F7BCFCFD
:105B400097E704F5326383ED049B83ED018AC3F884
:105B500008B0504684F8385BF6F7AEFC002EBAD099
:105B6000B8F1020F00F00781B8F1030F00F0FB80DD
:105B70000026B0E704F6A83383ED018A9D6004F5A2
:105B80003B6383ED029B584684F8C06BF6F794FCA8
:105B9000002FB1D0B8F1020F00F0FB80B8F1030F75
:105BA00000F0EF8000260027B0464FF0000A4FF0CB
:105BB000000BA7E704F53263002200200021C3E9AF
:105BC00004015A609A60002384F8383B2846F6F7AF
:105BD00073FC1EE795F868248DF8B02006F59C61EB
:105BE00005F58A6306F59B6296F8F0548DF890509F
:105BF0003846D1E90267D4F8CC132F91D4F8D013EA
:105C0000309159682791CDE9226799682891D3E9A5
:105C1000046753681F939368209394F8E0338DF8DA
:105C2000D030D4E9F623CDE9322301238DF8D830E2
:105C3000CDE92A67F6F740FC4046F6F73DFC4846BA
:105C4000F6F73AFC9DF8D83015E701218DF81410CD
:105C5000DDE932010023CDE90201CDF815300793CB
:105C60000F222F9B04920DF1080E069376460FCE5D
:105C70000CAC0FC433689DF8B0602360002E3FF475
:105C800008AF0023CDF81530079301238DF81430A9
:105C900002230493DDE92A23CDE90223279B0693FF
:105CA00077460FCF12AC0FC43B689DF8907023600D
:105CB000002F3FF4F3AE0023CDF8153007931F9B60
:105CC000069301238DF8143010230493DDE9222379
:105CD000CDE90223F446BCE80F0018AC0FC4DCF891
:105CE00000302360DAE6B8F1020F35D0B8F1030FC7
:105CF0002DD04FF0000B9FED2A9B08EE10BA002527
:105D0000DDE604F54363002200210020C3E904011D
:105D10005A609A60002384F8483C2846F6F7CCFB8A
:105D200039B0BDEC048BBDE8F08F04F6A833002237
:105D30005A609A6004F53B6100220023C1E9022306
:105D4000002384F8C03B2846F6F7B6FB6CE6B9F1B1
:105D5000020FCED10F2BCCD09DED329B9DED2F8A23
:105D6000DDF8C0B0ABE6B9F1020F7FF401AF019BE3
:105D7000022B3FF4FDAE9DED2A9B9DED278A289DC9
:105D8000AEE6B9F1020F7FF40DAF019B102B3FF48B
:105D900009AFDDE922ABDDF87C80209EB2E600BFD2
:105DA000000000000000000008B5831E0E2B0BD879
:105DB0000C4A52F82330032B06D04B69022B07D034
:105DC000032B07D0002008BD07485B21F6F778FBBE
:105DD000012008BD8B69022BF4D1CB69181A18BFBA
:105DE000012008BD2098050870FB0408037E03B954
:105DF000704730B587B090ED047B012302910239E2
:105E000094468DF80C3000224368CDF80D200E2901
:105E10008DED007B049313D80D4B53F82130032BE9
:105E20000ED0022B0ED86C4603EB430E0FCC0CEBBE
:105E3000CE054CF83E0020686960AA60EB602861DE
:105E400007B030BD034B044A04486021F4F738FA28
:105E50002098050838F904088CFB040854FA040853
:105E6000704700BF0120704710B58AB00023ADF81D
:105E70000D308DF80F304B1E0D2B33D81D4C54F8C0
:105E80002330032B2ED0022B90ED086BD0F810C0DE
:105E9000D0ED057A846990ED017AD0F808E0C06809
:105EA00022D803EB83038DED006BCDF81CC002EB11
:105EB000C30C0123CDF814E00291EE468DF80C30AE
:105EC0000690BEE80F008DED047AACE80F00BEE846
:105ED0000F00ACE80F00CDED087A09949EE80300AE
:105EE0008CE803000AB010BD034B044A044860214B
:105EF000F4F7E6F96C98050838F904086CFC040816
:105F000054FA040808B90348704708B502481F212D
:105F1000F6F7D6FAB4000020A0EB04082DE9F04F04
:105F20002DED028BADF5037D78220021684637F018
:105F30003CF8F422002145A837F037F8F6F768FA64
:105F40000646F6F765FA0746F6F762FA06F596543E
:105F50000546982200211EA8183437F026F820465E
:105F6000F6F7A0FA68B307F59B5909F110094846FE
:105F7000F6F798FA002842D005F5A05808F108086D
:105F80004046F6F78FFA00283DD12046F6F794FAFE
:105F90004846F6F791FA9DF8083193B19DF8003123
:105FA000002B40F0B8809DF8D030002B40F0AD8041
:105FB0009DF8A030002B40F0A280694646A80FF063
:105FC0004FFCF6F725FA00F6581504462846F6F772
:105FD00069FA28B90DF5037DBDEC028BBDE8F08FA1
:105FE000F02246A904F6C81037F074F92846F6F7EF
:105FF00063FA0DF5037DBDEC028BBDE8F08F204602
:10600000F6F75AFAC7E705F58053204603F58E6484
:10601000B3F898A463681F93A368209307F5805290
:1060200006F58051E36894ED058A219394ED081BF1
:1060300091EDD82B92EDFE6B236991EDD17AD1EDE4
:10604000D27A94ED070AD2EDF70A92EDF83AD2ED42
:10605000F93A92EDFA4AD2EDFB4A92EDFC5AD2EDB2
:10606000FD5A22932F4BD1F84CE3D1F850C3D1F80D
:106070005473D1F85863D1F85C53D4F818B01E9318
:10608000B1F86843B2F800148DED238A2A93369351
:1060900001238DF808318DED261B8DED326B8DEDD2
:1060A0003E2B8DED250ACDED2B0A8DED2C3ACDED55
:1060B0002D3A8DED2E4ACDED2F4A8DED305ACDED96
:1060C000315AADF8D0108DED377ACDED387ACDF864
:1060D000E4E0CDF8E8C0CDF890B0ADF8A0A03B97D3
:1060E0003C963D95ADF80041F6F7E6F94846F6F7DF
:1060F000E3F94046F6F7E0F99DF808314DE76A46C6
:106100000E211EA8FFF7B0FE57E76A460D212AA808
:10611000FFF7AAFE4CE76A46012136A8FFF7A4FE66
:1061200041E700BFB474050890F8283003B9704700
:1061300010B58AB00023ADF80D308DF80F304B1E2E
:106140000D2B33D81D4C54F82330032B2ED0022BAB
:1061500090ED086BD0F810C0D0ED057A846990ED11
:10616000017AD0F808E0C06822D803EB83038DEDF4
:10617000006BCDF81CC002EBC30C0123CDF814E07A
:106180000291EE468DF80C300690BEE80F008DEDC2
:10619000047AACE80F00BEE80F00ACE80F00CDEDCC
:1061A000087A09949EE803008CE803000AB010BD49
:1061B000034B044A04486021F4F782F86C98050800
:1061C00038F904086CFC040854FA0408704700BF4E
:1061D0000120704710B5044600230B48206004F1ED
:1061E00008015022C4E91633C4E9181204F158001A
:1061F00015F07EF8606008B1204610BD034B044ADC
:1062000004481B21F4F75CF8BC9805084CFD040811
:1062100054FD04088CFD0408F8B5184E3468BFF32B
:106220005B8F14F00104054602D0D5B91448F8BDBF
:10623000304633F0DFFB0028F7D0114F114B3B60A5
:1062400007F108033B6607F158005023C7E91644DD
:106250007B6615F04DF8786048B1304633F0D9FBD5
:10626000E3E7094B094A0A482D21F4F729F8094BBD
:10627000094A07481B21F4F723F800BF98F60020CD
:106280009CF60020BC980508ECE9040830FE0408E0
:106290008CFD04084CFD040854FD04082DE97043EE
:1062A0002DED028B0646F6F7B3F800F58E55044641
:1062B0002846F6F7F7F818B9BDEC028BBDE87083F5
:1062C00004F58054D4E9908994ED8B8AD4ED8C8ABE
:1062D00094F848422846F6F7EFF8002CECD07068A6
:1062E000012115F055F80028E6D14046F0EE680A85
:1062F000B0EE480A49460FF047FBBDEC028B7068D0
:10630000BDE8704315F068B82DE9F0472DED028B1C
:1063100086B0054617461E46F6F77AF800F6C80816
:1063200004464046F6F7BEF8F0B96C4620460FF03A
:1063300047FB9DF810508DB1DDE90289009F0125D2
:10634000F6F766F800F6480604463046F6F7AAF86F
:1063500088BB06B0BDEC028BBDE8F08700274FF08C
:1063600000084FF00009EBE704F5136394F8504977
:10637000D3F804A0D3F80890404693ED068BD3F8E9
:106380000C80F6F799F8002CCFD000236868CDF880
:1063900000A001218DED048BCDF80490CDF808808C
:1063A000039314F0F5FFA8B16C46224638463146F7
:1063B0000FF0F8FABAE704F50B633046C3E9028937
:1063C0005F6084F8C05806B0BDEC028BBDE8F047B2
:1063D000F6F772B80FF0E0FA686814F0FDFFE3E733
:1063E00000797047037903B1704730B591B04FF42D
:1063F000E05101250446ADF808101B480095022322
:1064000002AAA02118F08EFE08B111B030BD3423CD
:106410001548009303AAA02119F028F80028F4D108
:106420004FF0FF32302103A802F0EAFF0F9B9842A1
:10643000EBD1049BE360069B6361089B0399059A7B
:10644000E3620A9BA16022610799099A63620C9B2F
:106450002162A2610B990D9AE3610E9B2163A262F6
:1064600063632571D1E700BF2805002070B50F4E8A
:106470003468BFF35B8F14F00104054602D075B990
:106480000B4870BD304633F0B5FA0028F7D0084B02
:10649000084A1A6030461C7133F0BBFAEFE7064B2E
:1064A000064A07480C21F3F70BFF00BF04F7002052
:1064B00008F70020CC980508ECE904088CFE0408D5
:1064C000E8FE04082DE9F04103792DED068BBBB9F8
:1064D0009FED3D8A4FF00008F0EE488AB0EE489AF2
:1064E00000260027F5F794FF00F5F76504462846D7
:1064F000F5F7D8FF002852D1BDEC068BBDE8F0813E
:106500000446F5F785FF00F59F6605463046F5F72A
:10651000C9FF0028DCD005F5AC6395F88055D3EDB4
:10652000019A93ED02AA93ED038A3046D3E90667F8
:10653000F5F7C2FF002DCBD0D4ED0D7A94ED0B9A78
:10654000D4ED0C8AD4ED086A94ED097A28EE099A04
:1065500068EE288A28EE278AD4ED0A7AAAEE269ACF
:106560004FF00108EAEE078AAAEE278AD4ED056A01
:1065700094ED067AD4ED077AA9EEA69AE9EE878A19
:10658000A9EEA78AD4ED026A94ED037AD4ED047AD9
:1065900039EE269A78EE878A38EE278AA2E704F544
:1065A00002630022C3E9066783ED019AC3ED028A04
:1065B00083ED038A1A6184F84088BDEC068B284677
:1065C000BDE8F041F5F778BF00000000407B704760
:1065D000437B03B1704710B590ED020ADFED0C0A62
:1065E000044610300CF0B2FEDFED090A94ED020A09
:1065F00004F13C000CF0AAFEDFED050A94ED020A5E
:1066000004F168000CF0A2FE0123637310BD00BF0B
:10661000000048432DE9F047554F3C68BFF35B8FBE
:1066200014F00104064608D0022E00F29D80514B62
:10663000942000FB0630BDE8F087384633F0DAF9E5
:106640000028F1D04B4DDFF834A1DFF83491C5F8C4
:1066500000A02146282205F114004FF07E582C712D
:10666000AC81C5F8089036F0A0FC2146282205F13F
:106670004000C5E90944C5E90B44C5F8108036F06F
:1066800094FC2146282205F16C00C5E91444C5E9B3
:106690001644C5F83C8036F088FC012321462822A8
:1066A00005F1A80085F89830C5E92044C5F8688050
:1066B000EC67C5F894A0C5F89C90A5F8A040C5F873
:1066C000884036F072FC2146282205F1D400C5E945
:1066D0002E44C5E93044C5F8A48036F066FC214656
:1066E000282205F58070C5E93944C5E93B44C5F861
:1066F000D08036F05AFC02232146282205F59E70F0
:1067000085F82C31C5E94544C5F828A1C5F8309174
:10671000C5F8FC80C5F81041A5F83441C5F81C4106
:1067200036F043FC2146282205F5B470C5E95344F0
:10673000C5E95544C5F8388136F037FC2822214692
:1067400005F5CA70C5E95E44C5E96044C5F86481D1
:1067500036F02BFC3846C5E96944C5E96B44C5F8F9
:10676000908133F056F95FE703481421F5F7A8FE4E
:1067700040F7002044F70020A0EB0408DC9805084F
:1067800000002041F0B583B002AB03E906000446E7
:10679000019B9DF800201049836000252C274FF0B5
:1067A0007E560160027185813A462946103036F0E6
:1067B000FCFB3A462946266104F13C0036F0F5FB25
:1067C000E6633A46294604F1680036F0EEFB2046BF
:1067D000A66603B0F0BD00BFDC9805080379012B65
:1067E00070B50C4636D0022B0AD0002B78D1F5F7C5
:1067F0000FFE0546F5F756FE002856D1002070BD65
:10680000F5F706FE00F5987605463046F5F74AFEA0
:106810000028F3D0D5F8A031D5F89C21A360D5F895
:10682000A8316260D5F8A4212361D5F8B031E260C7
:10683000D5F8AC21A361D5F8B4316261E361D5E943
:106840006E23C4E90823B5F8C03123853046F5F737
:1068500033FE28E0F5F7DCFD00F1980605463046EA
:10686000F5F720FE0028C9D0D5F80831D5F8042165
:10687000A360D5F810316260D5F80C212361D5F8FA
:106880001831E260D5F81421A361D5F81C3162619A
:10689000E361D5E94823C4E90823B5F82831238505
:1068A0003046F5F709FE012070BDEB6ED5E92201F7
:1068B00063602B6FA3606B6FE360AB6F2361EB6F63
:1068C0006361D5F88030A361D5F88430E361C4E911
:1068D0000801B5F8903023852846F5F7EDFDE2E78D
:1068E00001486D21F5F7ECFD2CFB04082DE9F04F74
:1068F0002DED048B04468DB02C22002101A836F02A
:1069000054FB637B7B4A0092002B7BD19FED7A8AFC
:1069100018EE107A18EE108A18EE109A4FF0000553
:10692000F0EE488AB0EE489AF0EE489A4FF0000A2E
:106930004FF0000B2379012B3DD0022B13D0002BFD
:1069400040F0D380F5F764FD00F5965618360446FE
:106950003046F5F7A7FD002840F09D800DB0BDEC56
:10696000048BBDE8F08FF5F753FD00F5A05608360F
:1069700004463046F5F796FD0028EFD004F5805424
:1069800004F58E633046C3E908ABC3F81090C3F832
:1069900014809F61C3ED019A83ED029AC3ED038ACF
:1069A00083ED078AA4F898540DB0BDEC048BBDE8C4
:1069B000F04FF5F781BDF5F72BFD00F59B5610362E
:1069C00004463046F5F76EFD0028C7D004F5805028
:1069D000C0E9FEABC0F8E893C0F8EC83C0EDF79ACD
:1069E00080EDF89AC0EDF98AC0F8F07380EDFD8A69
:1069F000A0F8005430460DB0BDEC048BBDE8F04F5C
:106A0000F5F75ABD69462046FFF7E8FEE0B39DF86A
:106A10002830CBB3237B042B04F1100857D804F1A2
:106A20003C0704F16806002540469DED010A2573E8
:106A30000CF036FC38469DED020A0CF031FC9DED61
:106A4000030A30460CF02CFC40460CF025FC38467E
:106A5000F0EE409A0CF020FC3046B0EE409A0CF07C
:106A60001BFC9DF82930DDF81090DDF81480069F9E
:106A70009DED078A012262F30705DDE908ABF0EE20
:106A8000408A63F30F2555E7237BFF2B3FF43EAF8E
:106A9000013323733AE704F58050C0E9D8ABC0F85E
:106AA0005093C0F85483C0EDD19A80EDD29AC0EDD6
:106AB000D38AC0F8587380EDD78AA0F8685330465F
:106AC0000DB0BDEC048BBDE8F04FF5F7F5BC4046CA
:106AD00004F13C070CF030FC04F1680638460CF079
:106AE0002BFC30460CF028FC9DE704488221F5F78A
:106AF000E7FC00BFB4740508000000008CFF040828
:106B00000379012B70B50C4639D0022B0ED0002B27
:106B100040F08680F5F77CFC00F596561836054661
:106B20003046F5F7BFFC002857D170BDF5F770FC73
:106B300000F5A055083506462846F5F7B3FC0028B1
:106B4000F3D006F5805606F58E6362685A60A26837
:106B50009A60E268DA6094ED087B22691A616269E2
:106B60005A61A2699A61E269DA6183ED087B238D3B
:106B7000A6F898342846BDE87040F5F79DBCF5F7B7
:106B800047FC00F59B56103605463046F5F78AFC63
:106B90000028CAD005F58053A2686168C3F8E023D5
:106BA00094ED087B2269C3F8DC13E168C3F8E8239D
:106BB000A269C3F8E4136169C3F8F023E269C3F87A
:106BC000EC1383EDFE7BC3F8F423228DA3F800249D
:106BD0003046BDE87040F5F76FBC05F58053A268FC
:106BE0006168C3F8482394ED087B2269C3F8441315
:106BF000E168C3F85023A269C3F84C136169C3F874
:106C00005823E269C3F8541383EDD87BC3F85C239F
:106C1000228DA3F868233046BDE87040F5F74CBCE0
:106C200001488221F5F74CFC8CFF040810B504469E
:106C300010300CF081FB04F13C000CF07DFB04F102
:106C40006800BDE810400CF077BB00BF02282DE9BA
:106C5000F04700F2B5805C4F3C68BFF35B8F14F0E7
:106C60000104064607D0594D942000FB0650BDE8AC
:106C7000F047FFF73BBE384632F0BCFE534D0028CC
:106C8000F2D0DFF85091DFF850A1C5F8009021460E
:106C9000282205F114004FF07E582C71AC81C5F804
:106CA00008A036F082F92146282205F14000C5E906
:106CB0000944C5E90B44C5F8108036F076F9214641
:106CC000282205F16C00C5E915442C65C5F83C8007
:106CD000EC6536F06AF901232146282205F1A80067
:106CE00085F89830C5E92044EC67C5F86880C5F898
:106CF0008840C5F89CA0C5F89490A5F8A04036F04F
:106D000054F92146282205F1D400C5E92F44C5F8DD
:106D1000B840C5F8A480C5F8C44036F046F921460D
:106D2000282205F58070C5E93A44C5F8E440C5F865
:106D3000D080C5F8F04036F038F9022321462822E9
:106D400005F59E7085F82C31C5E94544C5F830A19C
:106D5000C5F81041C5F8FC80C5F81C41C5F828915C
:106D6000A5F8344136F021F92146282205F5B47002
:106D7000C5E95444C5F84C41C5F83881C5F85841B7
:106D800036F013F92146282205F5CA70C5E95F449B
:106D9000C5F87841C5F86481C5F8844136F005F935
:106DA0003846C5E96944C5E96B44C5F8908132F0BD
:106DB00030FE942000FB0650BDE8F047FFF796BD7B
:106DC00003489021F5F77CFB40F7002044F70020B2
:106DD000A8FF0408DC9805080000204140797047AE
:106DE000437903B1704730B589B049F202410125BA
:106DF0000446ADF80C1013480095022303AAA02105
:106E000018F090F908B109B030BD10230D48009377
:106E10000DEB0302A02118F029FB0028F3D14FF05D
:106E2000FF320C2104A802F0EBFA079B9842EAD14A
:106E30002379657108AA02EB830353F8103CA36021
:106E4000E1E700BF2805002070B5154E3568BFF397
:106E50005B8F15F00105044607D0022C1CD81148A1
:106E600004EB440400EB840070BD304632F0C2FDF8
:106E70000028F2D00B4B0C4919600022D9609961AF
:106E80009A6002215A611A62304601229D809983DC
:106E90001A8232F0BEFDE0E704481921F5F710FB35
:106EA00000F9002004F90020EC980508A0EB040884
:106EB00010B50022074C04604FF0000C022901714C
:106EC00080F805C0826000D810BD03482021F5F786
:106ED000F7FA00BFEC980508BCFF04080379012B02
:106EE00070B50C462AD0022B0DD0002B53D1F5F7EC
:106EF0008FFA00F5E47605463046F5F7D3FA002818
:106F000038D1002070BDF5F783FA00F536760546D6
:106F10003046F5F7C7FA0028F3D0D5F84423D5F862
:106F20004833A3606260D5E9D423C4E9042395F80B
:106F3000583323763046F5F7BFFA19E0F5F768FACB
:106F400000F5147605463046F5F7ACFA0028D8D09F
:106F5000D5F8BC22D5F8C032A3606260D5E9B2236F
:106F6000C4E9042395F8D03223763046F5F7A4FA25
:106F7000012070BDD5F83422D5F83832A3606260A4
:106F8000D5E99023C4E9042395F8483223763046A6
:106F9000F5F792FAECE702486421F5F791FA00BFA1
:106FA00058FB04082DE9F0412DED028B88B04A4BC7
:106FB0009FED4A8A009343798DED018A00260446AD
:106FC0008DED028A049605968DF81860002B58D135
:106FD0009FED428A0027F0EE488A3E463D462379DF
:106FE000012B30D0022B10D0002B71D1F5F710FA05
:106FF00000F5587804464046F5F754FA002853D176
:1070000008B0BDEC028BBDE8F081F5F701FA00F5A0
:107010008E6804464046F5F745FA0028F0D004F59E
:107020009B624046C2ED018A82ED028AC4F8E864A0
:10703000C4F8EC5484F8F07408B0BDEC028BBDE8E1
:10704000F041F5F739BAF5F7E3F900F57A78044637
:107050004046F5F727FA0028D2D004F58A63404667
:10706000C4F86064C4F86454C3ED018A83ED028AF5
:1070700084F8687408B0BDEC028BBDE8F041F5F708
:107080001BBA6946FFF72AFF0028A1D09DF81870A7
:10709000D7B1D4ED028ADDED017A9DED028ADDE9FA
:1070A000046578EEA78A9AE74046C4E9F665C4ED20
:1070B000F38A84EDF48A84F8E07308B0BDEC028BA7
:1070C000BDE8F041F5F7F8B93546F0EE488A86E7B5
:1070D00003487921F5F7F4F9F4740508000000007D
:1070E000D4FF04080379012B70B50C462CD0022B79
:1070F0000CD0002B56D1F5F78BF900F558760546E4
:107100003046F5F7CFF900283AD170BDF5F780F990
:1071100000F58E6605463046F5F7C4F90028F4D030
:1071200005F59B6362685A6094ED047BA2689A60DF
:1071300005F59C6383ED027B237E85F8F0343046B1
:10714000BDE87040F5F7B8B9F5F762F900F57A7661
:1071500005463046F5F7A6F90028D6D094ED047B15
:1071600005F58A6362685A60A2689A6083ED047BC1
:10717000237E85F868343046BDE87040F5F79CB949
:107180006268A368C5F8D033C5F8CC23D4E90423DA
:10719000C5E9F623237E85F8E0333046BDE870402C
:1071A000F5F78AB901487921F5F78AF9D4FF04087F
:1071B0000228F8B52ED8194F3D68BFF35B8F15F044
:1071C0000105044608D0164E04EB440406EB840087
:1071D000BDE8F840FFF7E6BE384632F00BFC104E33
:1071E0000028F1D00F4A326000233846F260B261C5
:1071F000B360736133620222012304EB4404B5805F
:10720000B283338232F005FC06EB8400BDE8F8401F
:10721000FFF7C8BE04488021F5F752F900F90020B5
:1072200004F90020EC980508ECFF040890F84400ED
:10723000704700BF90F8443003B17047F0B52DEDB2
:10724000048B97B00DF14F014FF4406301260446C3
:1072500021F00F05ADF81C3031480096022307AA33
:10726000A02117F05FFF18B117B0BDEC048BF0BD83
:1072700010232B48009303AAA02118F0F7F8002848
:10728000F2D103A84FF0FF320C2102F0B9F8069BAF
:107290009842E9D19DED051ADDED040A9DED030A42
:1072A00028460EF0E7FC95E80F0004F1100787E888
:1072B0000F003846F5F7B0FB90ED009A3846F5F729
:1072C000B1FB90ED008A3846F5F7B2FBD0ED008AAD
:1072D0003846F5F7B3FBD0ED001AB1EE488AF1EE6F
:1072E000688AB0EE681AF0EE480AB0EE490AF1EE8C
:1072F000611A2846F5F706FA294607A807AD0EF0E9
:1073000021FD0FCD04F1200CACE80F000FCDACE84F
:107310000F002B68CCF8003084F84460A4E700BF6D
:107320002805002070B5144D2C68BFF35B8F14F056
:10733000010401D0114870BD284632F05BFB0028E3
:10734000F8D00E4E0E4B304640F8103BF5F7BAF928
:1073500000234FF07E52284632627362B362F362BA
:1073600032637363B363F363326486F8444032F08C
:1073700050FB024870BD00BF28F9002030F9002002
:10738000FC980508000000002DE9F04F2DED028B60
:1073900090F84460ADF5317D002E00F062810DF172
:1073A000470424F00F0404F5E07A00259FEDCC8B10
:1073B00007465046C4F8B051C4F8B451F5F782F905
:1073C00004F1F0034FF07E564FF0000BDFF8188306
:1073D000C4F8D0511846C4F8D451C4F8D851C4F8F0
:1073E000DC51C4F8E051C4F8E451C4F8E861C4F8D1
:1073F000EC61C4F8F061C4F8F461C4F8F861C4F851
:10740000FC61C4F80052C4F80452C4F80852C4F82D
:107410001052C4F81452C4F81852C4F81C52C4F8DC
:107420002052C4F82452C4F82852C4F82C52C4F88C
:107430003052C4F83452C4F83852C4F83C52C4F83C
:107440004052C4F84452C4F84852C4F84C52C4F8EC
:107450005052C4F85452C4F85852C4F85C52C4F89C
:10746000E050C4F8E4500093C4F868B284F86CB2F9
:1074700084ED988BC4F8A081F5F724F904F120037A
:107480001846C4F80051C4F80451C4F80851C4F8AF
:107490000C51C4F81051C4F81451C4F81861C4F860
:1074A0001C61C4F82061C4F82461C4F82861C4F8E0
:1074B0002C61C4F83051C4F83451C4F83851C4F8C0
:1074C0004051C4F84451C4F84851C4F84C51C4F870
:1074D0005051C4F85451C4F85851C4F85C51C4F820
:1074E0006051C4F86451C4F86851C4F86C51C4F8D0
:1074F0007051C4F87451C4F87851C4F87C51C4F880
:107500008051C4F884510193C4F88851C4F88C5157
:10751000C4F898B184F89CB12561656184ED648BF1
:10752000C4F8D080F5F7CEF825636563A563E563FD
:1075300025646564A664E66426656665A665E665F9
:1075400025666566A56625676567A567E567C4F86E
:107550008050C4F88450C4F88850C4F88C50C4F8E3
:107560009050C4F89450C4F89850C4F89C50C4F893
:10757000A050C4F8A450C4F8A850C4F8AC50C4F843
:10758000B050C4F8B450C4F8B850C4F8BC50C4F8F3
:10759000C8B084F8CCB084ED308BC4F80080F4F728
:1075A00037FF00F5456605463046F4F77BFF834616
:1075B000002840F07982F4F72BFF00F55968054662
:1075C0004046F4F76FFF0646002840F08F80F4F73E
:1075D0001FFF00F56D6980464846F4F763FF0546D6
:1075E000002840F08681BBF1000F04D0D4F8683247
:1075F000022B00F01884F4F70BFF00F5805B0BF111
:10760000100B82465846F4F74DFF002840F0568391
:1076100026B1D4F89831022B00F06683F4F7F8FE17
:1076200000F5855906464846F4F73CFF002840F02F
:10763000148325B1D4F8C830022B00F0A683F4F7E8
:10764000E7FE00F58955103504462846F4F72AFF71
:10765000002840F018830DF5317DBDEC028BBDE8AC
:10766000F08FF4F7D5FE00F5805510350446284616
:10767000F4F718FF002840F02881F4F7C9FE00F560
:10768000855504462846F4F70DFF002840F0078191
:10769000F4F7BEFE00F58955103504462846F4F788
:1076A00001FF0028D7D004F58054002000210023DA
:1076B000C4E96C0100222846C4F89C31C4F8A0310A
:1076C000C4F8A431C4F8A83184F8B8210DF5317D8F
:1076D000BDEC028BBDE8F04FF4F7EEBEAFF30080D7
:1076E00000000000000000002475050805F5626236
:1076F00005F561631268C4F8F02005F6246205F60A
:1077000058611268C4F8F42005F6286240461268F1
:10771000C4F8F82005F62C621268C4F8FC2005F5C0
:1077200063621268C4F8002105F634621268C4F876
:10773000042105F638621268C4F8082105F63C6297
:107740001268C4F80C2105F564621268C4F81021AF
:1077500005F644621268C4F8142105F648621268FE
:10776000C4F8182105F64C621268C4F81C2105F50E
:1077700065621268C4F8202105F654621268C4F8E4
:1077800024211A68C4F8E0205A68C4F8E420096883
:10779000C4F8281105F65C6105F567620968C4F84C
:1077A0002C1105F566610968C4F8301105F66461AD
:1077B0000968C4F8341105F668610968C4F838111D
:1077C00005F678610968C4F8481105F67C61096816
:1077D000C4F84C1105F568610968C4F8501105F644
:1077E00084610968C4F8541105F688610968C4F811
:1077F000581105F68C610968C4F85C1105F56961DA
:107800000968C4F8601105F694610968C4F8641148
:1078100005F698610968C4F8681111685268C4F8DF
:10782000442105F69C62C4F840111268C4F86C212A
:10783000D3E92C23C4E9642305F56A631B68C4F803
:10784000703105F6A4631B68C4F8743105F6A863AB
:107850001B68C4F8783105F6AC631B68C4F87C314A
:1078600005F56B631B68C4F8803105F6B4631B68CB
:10787000C4F8843105F6B8631B68C4F8883105F68E
:10788000BC631B68C4F88C31D5F8C83EC4F8983185
:1078900095F8CC3E84F89C31F4F70EFE97E604F59B
:1078A00080540023002000210022C4E94801C4F8CC
:1078B0000C31C4F81031C4F81431C4F8183184F80C
:1078C00028212846F4F7F8FDE2E604F58054002369
:1078D00000200021C4E9240184F89860E367C4F81B
:1078E0008030C4F88430C4F888302846F4F7E4FDCA
:1078F000C3E608F5766108F575620968216208F645
:10790000647108F6987C0968616208F6687108F687
:10791000FC730968A16208F66C7148460968E16267
:1079200008F577610968216308F674710968616375
:1079300008F678710968A16308F67C710968E1634B
:1079400008F578610968216408F684710968616442
:1079500008F688710968A16408F68C710968E16409
:1079600008F579610968216508F69471096861650F
:107970001168216151686161DCF800C0C4F858C029
:1079800008F69C7C08F57B61DCF800C0C4F85CC09C
:1079900008F57A6CDCF800C0C4F860C008F6A47C76
:1079A000DCF800C0C4F864C008F6A87CDCF800C0AD
:1079B000C4F868C008F6B87CDCF800C0C4F878C029
:1079C00008F6BC7CDCF800C0C4F87CC008F57C6C10
:1079D000DCF800C0C4F880C008F6C47CDCF800C045
:1079E000C4F884C008F6C87CDCF800C0C4F888C0BD
:1079F00008F6CC7CDCF800C0C4F88CC008F57D6CBF
:107A0000DCF800C0C4F890C008F6D47CDCF800C0F4
:107A1000C4F894C008F6D87CDCF800C0C4F898C05C
:107A2000D1F800C04968616708F6DC71C4F870C01D
:107A30000968C4F89C1092ED2C7B08F57E6208F56D
:107A400080511268C4F8A02008F6E4721B6812681E
:107A5000C4F8A42008F6E872C4F8BC301268C4F870
:107A6000A82008F6EC728B681268C4F8AC2008F500
:107A70007F62C4F8C8301268C4F8B02008F6F47207
:107A80000B7B1268C4F8B42008F6F87284ED307BE2
:107A90001268C4F8B82084F8CC30F4F70DFDBBF1BF
:107AA000000F7FF4A3ADA6E505F54E6205F54D6325
:107AB0001268C4F8C02105F6E44205F618511268B0
:107AC000C4F8C42105F6E84230461268C4F8C8215B
:107AD00005F6EC421268C4F8CC2105F54F62126835
:107AE000C4F8D02105F6F4421268C4F8D42105F692
:107AF000F8421268C4F8D82105F6FC421268C4F8AE
:107B0000DC2105F550621268C4F8E02105F6045244
:107B10001268C4F8E42105F608521268C4F8E82196
:107B200005F60C521268C4F8EC2105F55162126892
:107B3000C4F8F02105F614521268C4F8F4211A684A
:107B4000C4F8B0215A68C4F8B4210968C4F8F8111F
:107B500005F61C5105F553620968C4F8FC1105F5DA
:107B600052610968C4F8001205F624510968C4F886
:107B7000041205F628510968C4F8081205F63851B0
:107B80000968C4F8181205F63C510968C4F81C12BB
:107B900005F554610968C4F8201205F644510968D6
:107BA000C4F8241205F648510968C4F8281205F6ED
:107BB0004C510968C4F82C1205F555610968C4F8E0
:107BC000301205F654510968C4F8341205F65851BC
:107BD0000968C4F8381211685268C4F8142205F60E
:107BE0005C52C4F810121268C4F83C22D3E92C236A
:107BF000C4E9982305F556631B68C4F8403205F6BE
:107C000064531B68C4F8443205F668531B68C4F813
:107C1000483205F66C531B68C4F84C3205F55763BF
:107C20001B68C4F8503205F674531B68C4F854320C
:107C300005F678531B68C4F8583205F67C531B6868
:107C4000C4F85C32D5F8883DC4F8683295F88C3DAC
:107C500084F86C32F4F730FCADE406F5805600236E
:107C6000C6F80C31C6F81031C6F81431C6F8183110
:107C7000002386F8283100220023C6E9482348461D
:107C8000F4F71AFCD5E404F5805400230021002207
:107C90000020C4E96C01C4F89C31C4F8A031C4F8D8
:107CA000A431C4F8A83184F8B8212846F4F704FCBC
:107CB0000DF5317DBDEC028BBDE8F08F0AF5805AE1
:107CC0000023CAF87C30CAF88030CAF88430CAF879
:107CD000883000238AF8983000220023CAE9242340
:107CE0005846F4F7E9FB93E404F51C763046009916
:107CF00007F11002F4F79CFD754A0492002300225C
:107D00003046059306930793089303938DF830202C
:107D100003AB06AA05A94FF0000A4FF0000BCDE90E
:107D20000AAB0DF00BFF01238DF83030D4F8483149
:107D30000793D4F84C310893D4E96423CDE90A239E
:107D4000F4F766FB00F5855906464846F4F7AAFBAA
:107D500000283FF46EAC06F58056059BC6F80C3142
:107D6000069BC6F81031079BC6F81431089BC6F86D
:107D70001831DDE90A23C6E948239DF8303086F83A
:107D800028314846F4F798FB53E404F51C7507F1D5
:107D9000100228460199F4F74BFD4D4A0492002346
:107DA00000222846059306930793089303938DF8C2
:107DB000302003AB06AA05A900260027CDE90A67F3
:107DC0000DF0BCFED4E93001A36F07930122E36FED
:107DD0008DF83020CDE90A010893F4F719FB00F57E
:107DE0008955103504462846F4F75CFB00283FF41B
:107DF00032AC04F58054059A069BC4F8A031C4F84F
:107E00009C21089B079AC4F8A421C4F8A831DDE995
:107E10000A23C4E96C239DF8303084F8B831284631
:107E2000F4F74AFB17E4514604F51C7A504607F173
:107E30001002F4F7FDFC264A04920023002250466B
:107E4000059306930793089303938DF8302003ABB3
:107E500006AA05A94FF0000A4FF0000BCDE90AABC6
:107E60000DF06CFE01238DF83030D4F818320793F2
:107E7000D4F81C320893D4E99823CDE90A23F4F707
:107E8000C7FA00F5805A0AF1100A83465046F4F703
:107E900009FB00283FF4BCAB0BF5805B059BCBF8DE
:107EA0007C30069BCBF88030079BCBF88430089B56
:107EB000CBF88830DDE90A23CBE924239DF8303064
:107EC0008BF898305046F4F7F7FAFFF7A1BB00BFE4
:107ED000C47405082DE9704390F844502DED068BCD
:107EE000B5B99FED3C8A4FF00008F0EE488AB0EE3D
:107EF000489A4FF00009F4F78BFA00F6C8060446DA
:107F00003046F4F7CFFAC8B9BDEC068BBDE87083F4
:107F10000446F4F77DFA00F5F76605463046F4F7B7
:107F2000C1FA00BB9FED2B8A0025F0EE488AB0EE27
:107F3000489A4FF000084FF00009DCE704F513639E
:107F40000022C3E9068983ED019AC3ED028A83ED1D
:107F5000038A1A6184F85059BDEC068B3046BDE89F
:107F60007043F4F7A9BA05F5026395F84058D3EDCC
:107F7000019A93ED02AA93ED038A3046D3E906896C
:107F8000F4F79AFA002DCDD0D4ED107A94ED0E9A34
:107F9000D4ED0F8AD4ED0B6A94ED0C7A28EE099A91
:107FA00068EE288A28EE278AD4ED0D7AAAEE269A62
:107FB0000125EAEE078AAAEE278AD4ED086A94ED35
:107FC000097AD4ED0A7AA9EEA69AE9EE878AA9EE93
:107FD000A78A90E70000000090F8283013B390F8CB
:107FE0005030FBB190F87830E3B1C369022B04D074
:107FF000032B19D1036A022B16D1436C022B04D038
:10800000032B11D1836C022B0ED1C36E022B07D030
:10801000032B09D1036F022B14BF022001207047EC
:1080200001207047184670470220704790F8A03032
:1080300043B390F8C8302BB390F8F03013B3D0F8B6
:108040009430022B05D0032B1ED1D0F89830022B90
:108050001AD1D0F8BC30022B05D0032B14D1D0F8A4
:10806000C030022B10D1D0F8E430022B08D0032B03
:108070000AD1D0F8E830022B14BF0220012070474B
:108080000120704718467047022070472DE9F047DD
:108090002DED068B90F84440BEB0E4B99FEDBC8A4C
:1080A000B0EE489AF0EE489AF0EE488AB0EE48AA50
:1080B000F0EE48AAA0462646A146F4F7A9F900F535
:1080C000E46705463846F4F7EDF9C8B93EB0BDECB3
:1080D000068BBDE8F087F4220021054601A834F0A4
:1080E00064FFAC4B0093F4F793F900F6581604467E
:1080F0003046F4F7D7F908BB9FEDA58A0024CFE7F7
:1081000005F5F1633846C3ED01AA83ED02AAC3ED7C
:10811000038AC3ED049A83ED059A83ED068AC5F8B8
:10812000A867C5F8AC9785F8B08785F8B1473EB029
:10813000BDEC068BBDE8F047F4F7BEB904F6C811F4
:10814000F02202A835F0C6F83046F4F7B5F96846D3
:10815000FFF742FF80466846FFF768FF0446B8F124
:10816000000F40F095800028C6D0DFED898AD5ED5C
:10817000084A95ED0B3AD5ED0E6AD5ED0A5A95ED04
:108180000D4AD5ED102A95ED095AD5ED0C3A95ED2D
:108190000F7AB0EE68AAF0EE68AA41464046229DEA
:1081A000239F7D4BDDED347A9DED2A6AEA1942F179
:1081B0000002A3FB026C2CF0010606EB5C06921B8E
:1081C000AE1ADDE92CC567F100071CEB050242F190
:1081D0000002A3FB02EA2AF0010E0EEB5A0E4FF04A
:1081E000AA39A2EB0E02BCEB020209FB06FA03FB62
:1081F00007AA65F1000509FB02F703FB0575A6FB5D
:10820000036CDDE936E7D444A2FB032AB6185544D3
:1082100045EB0C051EEB070C4CF1000CA3FB0C2AE4
:108220002AF0010266EEA79A27EE279A27EEA28A85
:1082300002EB5A02ACEB020CBEEB0C02E6EE039A28
:1082400067F1000709FB02F9A3EE869A03FB079981
:10825000A2FB0323A6EE048A9944B618DDED207A2A
:1082600049EB0509E7EEA49AA7EE859AA7EEA58A41
:10827000B8F1000F3FF421AF7608490846EAC97605
:1082800041EAC0718E194FEA590949EB500914E7C8
:10829000DDE90460404BD5ED0E6A95ED0F7AD5ED22
:1082A000102A95ED0B3AD5ED0C3A95ED0D4AD5ED2A
:1082B000084A95ED095AD5ED0A5A0E9DDDED167A5C
:1082C0009DED0C6A321842F10002A3FB021727F061
:1082D000010101EB5701521A0F99B61A60F1000023
:1082E0006A1842F10002A3FB027C2CF0010707EBA5
:1082F0005C074FF0AA39D21BAA1A09FB06FC03FB44
:1083000000CC61F1000109FB02F0DDE9187503FB07
:108310000100A6FB03616144A2FB032CB618604474
:1083200040EB0100791941F10001A3FB012C2CF075
:10833000010267EEA6AA27EE87AA67EEA28A02EBE1
:108340005C02891A7A1AE6EE03AA65F1000109FBBC
:1083500002F9A6EE23AA03FB0199A2FB0323E6EE92
:10836000048A9944B618DDED027A49EB0009E7EE7C
:10837000A4AAA7EE85AAE7EEA58A34B99FED048AE0
:10838000B0EE489AF0EE489A97E63146484606E73E
:108390000000000014750508ABAAAAAA704700BF28
:1083A0000120704708B90448704708B5034A044BD8
:1083B00004481921F1F784FFB800002010000508D7
:1083C000ECE9040870000508134A026000220276F6
:1083D000D1F8C8209FED0E7B0023022A80ED047B9C
:1083E0004360836000D0704791F8CC30002BFAD105
:1083F00091ED307BD1F810C04A698260012380ED95
:10840000047BC0F804C00376704700BFAFF3008060
:1084100000000000000000000C990508037E53B125
:1084200000B587B000230393A1F10A03022B03D9FF
:1084300007B05DF804FB704703EB430302EBC30C8A
:108440004368049383680593D0E90423CDE90023AE
:10845000029101218DF80C10EE46BEE80F00ACE849
:108460000F009EE803008CE8030007B05DF804FBF2
:10847000F8B5A0F10A03022B46D8264F3B68BFF39C
:108480005B8FDB0705460C4626D5234E3368012B50
:1084900034D803EB830304EBC3035A69022A07D0E1
:1084A000032A29D19A69022A26D1DB699D4223D069
:1084B0007368012B22D803EB830304EBC3014B69E0
:1084C000022B17D0032B17D18B69022B14D1C8694B
:1084D000401B18BF0120F8BD384631F08BFA0E4E14
:1084E0000028D3D0002201233846C6E9002331F00A
:1084F00090FACBE70120F8BD0020F8BD074B084AF1
:1085000008486A21F1F7DCFE074B084A0848782141
:10851000F1F7D6FE80F9002088F9002038F9040828
:10852000EC01050854FA040818010508680105085B
:10853000700005082DE9F04F2DED068BB3B04822F1
:1085400000210CA834F031FD502200211EA834F087
:108550002CFDF3F75DFF0446F3F75AFF0546F3F7EA
:1085600057FF04F5456807464046F3F79BFF70B98F
:10857000F3F74EFF00F59255103504462846F3F701
:1085800091FFE0B933B0BDEC068BBDE8F08F05F587
:1085900059663046F3F786FF68B107F56D631846F4
:1085A0000593F3F77FFF00BB4046F3F785FF3046A6
:1085B000F3F782FFDCE74046F3F77EFFD8E704F5E8
:1085C00080540023002100220020C4E9B201C4F835
:1085D000BC32C4F8C03284F8D0222846F3F76CFFCE
:1085E00033B0BDEC068BBDE8F08F07F5756C07F571
:1085F000805304F54D6794F88C2DD4F888BDD5F8D8
:10860000C89E95F8CC4E049205F56161DCF8B02067
:108610001D7B00924046D3F80880D7F8B030DCF8D4
:10862000B4200293D7F8B43091ED008A91ED01AAFD
:108630009CED009ADCED019A01920393D7ED008A3C
:10864000D7ED01AAD1E92C7AF3F736FF3046F3F7DC
:1086500033FF0598F3F730FFBBF1020F00F01981EB
:10866000B9F1020F4BD0B8F1020F00F000810CA954
:108670001EA80EF06DF8F3F7CBFE9DF89840054666
:10868000BCB39DF8C040A4B3229BDDF878A0DDF810
:10869000A090DDE920781BB12C9A934200F03D8137
:1086A0002A9B2B9A7F085B0847EAC87743EAC27384
:1086B0004FEA5808DF1948EB5208022405F5925694
:1086C00010363046F3F7EEFE00283FF45BAF05F5B9
:1086D0008055C5E9B278C5F8BCA2C5F8C09285F846
:1086E000D0423046F3F7E8FE33B0BDEC068BBDE870
:1086F000F08F4FF00009CA462746A046DEE7002C5F
:10870000B1D1B8F1020F00F0FA800023DFED948AB6
:108710000293CDE90033A346B0EE689A0393F0EEDE
:1087200068AAF0EE689A06AE0B230125CDE908355C
:10873000CDE9067A8DED0A8A8DED0BAAB646BEE824
:108740000F000DF1480CACE80F009EE803008CE828
:108750000300A4B1009B0693019B079301240C2303
:10876000CDE908348DED0A9ACDED0B9A0FCE0DF1BF
:10877000600CACE80F0096E803008CE803000CA93D
:108780001EA80DF0E5FFBBF1000F2AD1002D4DD141
:10879000002C3FF470AF1EA90C20FFF769FE0028E3
:1087A0003FF469AFF3F734FE00F5925510350446F7
:1087B0002846F3F777FE00283FF4E4AE04F5805432
:1087C000009AC4F8C8220123019A84EDAF9AC4ED3F
:1087D000B09AC4F8CC2284F8D0322846F3F76CFE65
:1087E000D0E61EA90A20FFF743FE0028CED0F3F7FB
:1087F0000FFE00F59255103504462846F3F752FE59
:1088000000283FF4BFAE04F58054029AC4F8C82291
:108810000123039AC4EDAF8AC4EDB0AAC4F8CC22F8
:1088200084F8D0322846F3F747FEABE61EA90B20AA
:10883000FFF71EFE0028ABD0F3F7EAFD00F59255D6
:10884000103504462846F3F72DFE00283FF49AAE73
:1088500004F580540123C4E9B27A84EDAF8A84ED33
:10886000B0AA84F8D0322846F3F726FE8AE6002D17
:108870007FF4FDAEDFED3A8A0027AB460297B0EEFB
:10888000688A0397F0EE68AAB0EE68AABA4606AE08
:1088900060E7049B002B7FF4E3AEB9F1020F3ED0FA
:1088A000B8F1020F4AD000279FED2D8ACDE900775D
:1088B0009B46BA46B0EE48AAB0EE489AF0EE489A07
:1088C0001C46029B0693039B07934FF0010C0A235F
:1088D000CDE9083C06AECDED0A8ACDED0BAAB64631
:1088E000BEE80F000CAD0FC59EE8030085E803004D
:1088F000BBF1000F7FF418AF5D46E34629E7002D7A
:108900007FF403AFDFED168A0023AB460293F0EE4F
:1089100068AA0393012406AE06E70224CEE6002CE3
:10892000BED1B8F1020F14D09FED0D9A0023CDE90E
:1089300000334FF0010BF0EE499AC2E7002DB2D19F
:108940009FED078A0027AB46B0EE48AABA4601243D
:10895000B7E7002DE8D14FF0010B5C46B1E700BF4F
:1089600000000000000000009FED0D7B10B400210E
:1089700080ED047B416081600B4C04600021017636
:10898000117E41B192ED047B54689168816080ED65
:10899000047B446003765DF8044B7047AFF30080BE
:1089A00000000000000000005475050800000000F1
:1089B0001D4A02609FED1A7B91F8202000234FF0A2
:1089C000000C80ED047B4360836080F818C0F2B136
:1089D00091F84830DBB10B698A6A30B40C684460A6
:1089E00002258C6805768260CA688BB9D1E90C359E
:1089F00061085B0841EAC27143EAC5735B184FEA3C
:108A0000520242EB5502C0E9043230BC7047704755
:108A10008D6BAB42EAD1C0E90442F6E7AFF30080C8
:108A2000000000000000000054750508704700BFFA
:108A30000120704770B51A4C84B000F0F7FCD4E9FF
:108A40000023B0EB020E61EB030C164B00257345BF
:108A500075EB0C0CCDE9000103D3C4E9000104B0AF
:108A600070BD114E2B4630682A46694612F00AFE48
:108A7000033005D0DDE90001C4E9000104B070BD98
:108A80002B4630682A4602A912F02EFE0346002823
:108A9000F0D130681A46694612F0F4FDEAE700BFEB
:108AA00090F900208F5F01007009002008B5034A8B
:108AB000034B04482321F1F703FC00BF040305081E
:108AC0004CFD04085003050870B51A4C84B000F042
:108AD000ADFCD4E90023B0EB020E61EB030C164BA6
:108AE0000025734575EB0C0CCDE9000103D3C4E9F7
:108AF000000104B070BD114E2B4630682A4669460D
:108B000012F0C0FD033005D0DDE90001C4E9000129
:108B100004B070BD2B4630682A4602A912F0E4FD6D
:108B200003460028F0D130681A46694612F0AAFDC3
:108B3000EAE700BF90F900208F5F01007009002074
:108B4000F8B506460D46F3F763FC00F5D567044615
:108B50003846F3F7A7FC38B90020F4F7BBFABDE8B4
:108B6000F8400621F4F7F2BA3846C4F81867C4F89A
:108B70001C57F3F7A1FCEFE710B5044600230648A5
:108B80002360A38000F05EFC08B1204610BD0348BE
:108B90001921F3F795FC00BFB8F90020E803050898
:108BA000F8B57D4B04460D4619791868217192F885
:108BB0002810206000232878C4F80630C4F80A3052
:108BC000C4F80E30A374E37423766376A376E37659
:108BD000607100295AD0D2ED017A9FED707AF4EEDF
:108BE000C77AF1EE10FA40F3BE80D2ED027A9FED23
:108BF0006B7AF4EEC77AF1EE10FA40F39E80D2ED74
:108C0000037A9FED667AF4EEC77AF1EE10FA7EDD14
:108C1000638292F82910D9B1D2ED047A9FED607A7F
:108C2000F4EEC77AF1EE10FA5CDDD2ED057A9FED35
:108C30005C7AF4EEC77AF1EE10FA3EDDD2ED067AF8
:108C40009FED577AF4EEC77AF1EE10FA20DD6382D9
:108C5000544E96F8643000226261002B00F0978039
:108C60001421304600F002FC002800F0908006221B
:108C700021464D4815F0B0F80746304600F004FC98
:108C80002B78A76101332B702046F8BD0B46C0E757
:108C90009FED467AF4EEC77AF1EE10FAD7D49FED45
:108CA000447A67EE877A01F00301FDEEE77A43EA42
:108CB000812317EE902A2282C9E79FED3C7AF4EED9
:108CC000C77AF1EE10FAB9D49FED397A67EE877A58
:108CD00001F00300FDEEE77A43EA002317EE900A65
:108CE000E081ABE79FED317AF4EEC77AF1EE10FA4E
:108CF0009BD49FED2F7A67EE877A01F00300FDEE9B
:108D0000E77A43EA801317EE900AA0818DE79FED82
:108D1000297AF4EEC77AF1EE10FA3FF579AF9FEDBC
:108D2000267A67EE877A01F00301FDEEE77A43EADF
:108D3000011317EE901A61816AE79FED1E7AF4EE37
:108D4000C77AF1EE10FA3FF55AAF9FED1B7A67EE46
:108D5000877A01F00300FDEEE77A43EA800317EE1D
:108D6000900A20814BE79FED137AF4EEC77AF1EE7B
:108D700010FA3FF53AAF9FED107A67EE877A01F06F
:108D80000303FDEEE77A17EE900AE0802DE70B482B
:108D900040F27F11F3F794FB14E004080C224442E4
:108DA000368DA740B8F900201C050020368DA7C0DD
:108DB0004A90C3450C2244C2B2102744000405085F
:108DC000F8B5204B044698681B7B23710023E371A0
:108DD00023736373A373E372A3726372A371237427
:108DE0006374A374E3742372138D20600D46C978F5
:108DF00061713BB1D2E90832C4F807302B78C4F86E
:108E00000B20A371104E96F864300022E2739BB1E0
:108E10001421304600F02AFB70B1042221460B4891
:108E200014F0DAFF0746304600F02EFBEB7827619E
:108E30000133EB702046F8BD054840F27F11F3F78F
:108E40003FFB00BF14E00408B8F900201C05002017
:108E5000000405082DE9F843574D91F8019092F868
:108E60001880089F044696460E469C460FCD6160CA
:108E7000206003CDA260E36084F805902061616109
:108E8000B8F1000F28D0DEED017A9FED4C7AF4EEB8
:108E9000C77AF1EE10FA16DB9FED497AF4EEC77A45
:108EA000F1EE10FA0FD8DFED476A9FED477A77EEC3
:108EB000A67A08F0030367EE877A2382FCEEE77A4E
:108EC00017EE903AE380DEED027A9FED407AF4EE01
:108ED000C77AF1EE10FA50DA9CF82020FAB1DFEDF3
:108EE0003C6A9CED027ADCED017A27EE267A02F0EC
:108EF0000302BDEEC77A67EEA67A17EE103AA38199
:108F0000238A23F0300343EA0213FDEEE77A23F0CD
:108F1000C00343EA8213238217EE903A63813B7CBD
:108F200083B1D7ED017A9FED2A7A238A67EE877A9B
:108F300023F44073FCEEE77A43F4007317EE902AB3
:108F40002382E281234D95F86430002262826BB364
:108F50001421284600F08AFA40B3052221461E4813
:108F600014F03AFF0746284600F08EFA73786761DE
:108F7000013373702046BDE8F8839FED187AF4EE54
:108F8000C77AF1EE10FAA7D89FED157A238A67EE1B
:108F9000877A08F00308FDEEE77A23F00C0343EA32
:108FA0008803238217EE903A238195E70D4840F21B
:108FB0007F11F3F785FA00BF24E0040800007AC4AB
:108FC00000401C4600007A44B4A5BE40000096C391
:108FD000E1F82246B8F900201C0500200000964365
:108FE0003373DA4200040508F8B5214B0446986A49
:108FF00093F82C3023710023E37123736373A373FD
:10900000E372A3726372A37123746374A374E37431
:10901000237292F8203020600D46097961713BB1CE
:109020006B78A371D2E90603C4F80700C4F80B30CB
:10903000104E96F864300022E2739BB11421304642
:1090400000F014FA70B1042221460B4814F0C4FE5B
:109050000746304600F018FA2B79276101332B714F
:109060002046F8BD054840F27F11F3F729FA00BF0A
:1090700014E00408B8F900201C05002000040508CD
:10908000F8B52E4B04460D46186B93F83410217139
:109090000023C4F80630A372E37223736373A373CF
:1090A000E37323746374A374E37423766376A37603
:1090B000E37692F82030A97820606171FBB1DFED92
:1090C000206A92ED037AD2ED047A27EE267A67EED3
:1090D000A67ABCEEC77AFCEEE77A17EE103A99B2A0
:1090E00017EE903A01299BB238BF0121012B38BFFE
:1090F0000123E1802381D2E90613E1602361114E4F
:1091000096F86430002262619BB11421304600F071
:10911000ADF970B1062221460B4814F05DFE0746FA
:10912000304600F0B1F9AB78A7610133AB7020464F
:10913000F8BD064840F27F11F3F7C2F914E00408C5
:10914000E1F82246B8F900201C05002000040508BB
:10915000F8B5184F184EC0F80A3004460023C0F87E
:109160000620037443748374C374C38196F8642027
:1091700097F83C30B86B23714B7920606371A2B1D2
:109180000D463046142100F071F970B104222146D9
:109190000A4814F021FE0746304600F075F96B7955
:1091A000276101336B712046F8BD054840F27F11FD
:1091B000F3F786F914E00408B8F900201C05002034
:1091C00000040508174A70B50446174D106C92F854
:1091D0004420227195F86410206002220023A260CE
:1091E00044F25062E37123746374A374E374A4F8CB
:1091F0000520E36081B11421284600F037F958B109
:1092000004222146094814F0E7FD0646284600F0EE
:109210003BF92661204670BD054840F27F11F3F707
:109220004FF900BF14E00408B8F900201C05002025
:10923000000405082DE9F843484D2B68BFF35B8F08
:109240000446D80749D5DFF83C81454D2B68BFF36C
:109250005B8FD9076DD5DFF83091424D2B68BFF396
:109260005B8FDA0757D5404F404D2B68BFF35B8FBC
:10927000DB0742D53E4EB8F800303E4DA4F805302D
:1092800033683A68C4F80F303B4BD9F80010C4F883
:109290000B2095F86420986CC4F8071093F84C10D4
:1092A00020600023217123756375A375E375E37452
:1092B000002A4ED01421284600F0D8F8002848D0C3
:1092C000052221462D4814F087FD0646284600F069
:1092D000DBF866612046BDE8F883284630F08AFB5B
:1092E0000028B0D013F084FBDFF8988003462846AE
:1092F000A8F8003030F08DFBA7E7284630F07AFB65
:109300000028B7D013F0C8FB194E03462846336037
:1093100030F07FFBAFE7284630F06CFB0028A2D08E
:1093200013F0B4FB104F034628463B6030F071FB4E
:109330009AE7284630F05EFB00288CD013F0A0FBA3
:10934000DFF8449003462846C9F8003030F061FB4E
:1093500083E70B4840F27F11F3F7B2F8B0F9002031
:10936000A8F90020A0F90020A4F9002098F9002015
:109370009CF90020B8F9002014E004081C05002026
:1093800000040508B4F90020ACF9002070B50D4EBA
:1093900096F864308BB104460D463046142100F037
:1093A00065F850B121462A46074814F015FD0446D9
:1093B000304600F069F8204670BD044840F27F1145
:1093C000F3F77EF8B8F900201C050020000405081A
:1093D000074B10B400220224181D5021C3E91524A4
:1093E000C3E917015DF8044B1A6083F864207047E5
:1093F000B8F90020014800F04FB800BFB8F90020CC
:1094000081B110B4084C014410F8013B5340DBB269
:10941000884254F8233083EA1222F5D1D0435DF814
:10942000044B7047D043704734990508044B4FF004
:10943000804C596ADCF824005A6A9142F9D170478D
:10944000000C004090F864300BB10120704710B55B
:109450000446543011F04CFF206020B1012384F801
:109460006430012010BD94F8640010BD08B50346B7
:1094700090F8640000B908BD186811F089FFB0FACF
:1094800080F0400908BD00BF90F8643003B9704710
:10949000006811F0A1BF00BF90F8643010B5044619
:1094A0000BB9204610BD006811F0C4FF204610BD66
:1094B00070B90C4A936843F0801343F400439360FF
:1094C000094A52F8203043F0010342F82030704737
:1094D000064A936843F0801343F4004301289360E5
:1094E000EED0704700640040B8FB002000680040E8
:1094F0002DE9F043644A036893428DB005D0634A76
:10950000934216D00DB0BDE8F0839A6812F0E05F88
:10951000044662D19B685B01F4D55B4B9A681601E7
:1095200003D59B68DD0000F19E802368574A934273
:10953000E8D1554B9B6813F0E05F0FD1524B9A680E
:109540005001DFD59A681101DCD59B68DA00D9D5C6
:1095500000200DB0BDE8F04300F0F0BD4C4D2B698C
:10956000002BEBDDEE682C68013B06EB86022B61DD
:109570006B6804EB820401369E42A8BF00260FCC24
:109580000DF10408C446ACE80F002368CCF80030A5
:10959000039B9DF81020EE6000270DF1180EBB42D2
:1095A0000697CEE90177CEF814700A9265DBC3F313
:1095B0000A020692374A5B0F03F0020471466B46BB
:1095C00010680994424613F083FD334B196800205C
:1095D00001EB410100F078FDB0E72D4D296900292C
:1095E0003BDDEB6803EB83025F1C2B6803EB820C13
:1095F0006B6801399F42A8BF00272961BCE80F00B2
:109600000DF1040846460FC6DCF800303360039BBA
:109610009DF81020EF604FF000090DF1180E4B453A
:10962000CDF81890CEE90199CEF814900A921EDB7D
:10963000C3F30A020692174A5B0F03F00203106895
:10964000099371466B46424613F042FD124B19686E
:10965000002001EB410100F037FD0B4B9B685F01DF
:109660003FF55BAF61E7002000F068FD5DE723F0A8
:109670006042079204220892DDE723F06041042251
:10968000CDE9071296E700BF006400400068004083
:10969000BC000020D0000020B4FB00202DE9F043E6
:1096A000644A036893428DB005D0634A934216D052
:1096B0000DB0BDE8F0839A6812F0E05F044662D115
:1096C0009B685B01F4D55B4B9A68160103D59B68D8
:1096D000DD0000F19E802368574A9342E8D1554B44
:1096E0009B6813F0E05F0FD1524B9A685001DFD5B1
:1096F0009A681101DCD59B68DA00D9D500200DB03D
:10970000BDE8F04300F01ABD4C4D2B69002BEBDD9A
:10971000EE682C68013B06EB86022B616B6804EB5C
:10972000820401369E42A8BF00260FCC0DF104082A
:10973000C446ACE80F002368CCF80030039B9DF8CA
:109740001020EE6000270DF1180EBB420697CEE9FF
:109750000177CEF814700A9265DBC3F30A02069211
:10976000374A5B0F03F0020471466B461068099498
:10977000424613F0ADFC334B1968002001EB410168
:1097800000F0A2FCB0E72D4D296900293BDDEB6814
:1097900003EB83025F1C2B6803EB820C6B680139BF
:1097A0009F42A8BF00272961BCE80F000DF1040803
:1097B00046460FC6DCF800303360039B9DF810204E
:1097C000EF604FF000090DF1180E4B45CDF81890E1
:1097D000CEE90199CEF814900A921EDBC3F30A0277
:1097E0000692174A5B0F03F0020310680993714653
:1097F0006B46424613F06CFC124B1968002001EBDB
:10980000410100F061FC0B4B9B685F013FF55BAFD2
:1098100061E7002000F092FC5DE723F060420792D0
:1098200004220892DDE723F060410422CDE907120B
:1098300096E700BF0064004000680040BC000020C4
:10984000D0000020B4FB00202DE9F043644A0368F7
:1098500093428DB005D0634A934216D00DB0BDE857
:10986000F0839A6812F0E05F044662D19B685B0166
:10987000F4D55B4B9A68160103D59B68DD0000F1B7
:109880009E802368574A9342E8D1554B9B6813F05A
:10989000E05F0FD1524B9A685001DFD59A681101F1
:1098A000DCD59B68DA00D9D500200DB0BDE8F043C7
:1098B00000F044BC4C4D2B69002BEBDDEE682C68AE
:1098C000013B06EB86022B616B6804EB82040136D8
:1098D0009E42A8BF00260FCC0DF10408C446ACE898
:1098E0000F002368CCF80030039B9DF81020EE6039
:1098F00000270DF1180EBB420697CEE90177CEF88E
:1099000014700A9265DBC3F30A020692374A5B0FB2
:1099100003F0020471466B4610680994424613F046
:10992000D7FB334B1968002001EB410100F0CCFB61
:10993000B0E72D4D296900293BDDEB6803EB83027D
:109940005F1C2B6803EB820C6B6801399F42A8BF38
:1099500000272961BCE80F000DF1040846460FC638
:10996000DCF800303360039B9DF81020EF604FF06F
:1099700000090DF1180E4B45CDF81890CEE901996C
:10998000CEF814900A921EDBC3F30A020692174A1D
:109990005B0F03F002031068099371466B46424661
:1099A00013F096FB124B1968002001EB410100F007
:1099B0008BFB0B4B9B685F013FF55BAF61E70020C2
:1099C00000F0BCFB5DE723F060420792042208929E
:1099D000DDE723F060410422CDE9071296E700BFDE
:1099E0000064004000680040BC000020D00000205F
:1099F000B4FB0020F0B55E4A0368934295B004D0F2
:109A00005C4A934245D015B0F0BD5B4B00260DAAD1
:109A1000314604461868009601AB13F07BFC03AD99
:109A2000119F8DF81C60039601A9C5E90166EE60DF
:109A30003A46284633F04EFC0F9B8DF81870002BE9
:109A400066D10D9BC3F30A03109A4C4E0593022A6C
:109A500008BF43F08043306808BF05930EF006FB53
:109A60000346002860D13068009329466A460DF00D
:109A700063FC009B4BB14FF0E0234FF08052C3F8E2
:109A8000042DBFF34F8FBFF36F8F2368394A934282
:109A9000B9D1394B00241868009401AB0DAA2146B6
:109AA00013F038FC03AD119E8DF81C400394324630
:109AB000C5E9014401A9EC60284633F00BFC0F9B7B
:109AC0008DF8186053BB0D9BC3F30A03109A2B4CFF
:109AD0000593022A08BF43F08043206808BF05931E
:109AE0000EF0C4FA034688BB206800936A462946F4
:109AF0000DF022FC009B002B85D04FF0E0234FF0AF
:109B00008052C3F8042DBFF34F8FBFF36F8F7AE7F6
:109B10000E9B23F0604343F0004395E70E9B23F038
:109B2000604343F00043D1E76A4608A930680EF06D
:109B300067F900236A463068009329460DF0FCFB64
:109B40000F4A136843F00403136092E76A4608A9BA
:109B500020680EF055F900236A46206800932946D4
:109B60000DF0EAFB064A136843F004031360C1E7F3
:109B70000064004000680040D0000020B0FB0020DE
:109B8000B8FB0020F0B55E4A0368934295B004D05C
:109B90005C4A934245D015B0F0BD5B4B00260DAA40
:109BA000012104461868009601AB13F0B3FB03AD26
:109BB000119F8DF81C60039601A9C5E90166EE604E
:109BC0003A46284633F086FB0F9B8DF81870002B21
:109BD00066D10D9BC3F30A03109A4C4E0593022ADB
:109BE00008BF43F08043306808BF05930EF03EFA8B
:109BF0000346002860D13068009329466A460DF07C
:109C00009BFB009B4BB14FF0E0234FF08052C3F819
:109C1000042DBFF34F8FBFF36F8F2368394A9342F0
:109C2000B9D1394B00241868009401AB0DAA012169
:109C300013F070FB03AD119E8DF81C400394324667
:109C4000C5E9014401A9EC60284633F043FB0F9BB2
:109C50008DF8186053BB0D9BC3F30A03109A2B4C6D
:109C60000593022A08BF43F08043206808BF05938C
:109C70000EF0FCF9034688BB206800936A4629462B
:109C80000DF05AFB009B002B85D04FF0E0234FF0E6
:109C90008052C3F8042DBFF34F8FBFF36F8F7AE765
:109CA0000E9B23F0604343F0004395E70E9B23F0A7
:109CB000604343F00043D1E76A4608A930680EF0DC
:109CC0009FF800236A463068009329460DF034FB64
:109CD0000F4A136843F00403136092E76A4608A929
:109CE00020680EF08DF800236A462068009329460C
:109CF0000DF022FB064A136843F004031360C1E72A
:109D00000064004000680040D0000020B0FB00204C
:109D1000B8FB00207D2970B54ED92C4B0446196044
:109D200000F0C2F90246002849D1294D2949286886
:109D300001601221A4F59C43C0E9022280F8202092
:109D40004160254A4FF48031203B01614FF480147B
:109D500001F58071C0E9054193424FF48071818320
:109D60002FD812F0A1FE10BB1321286813F090FB2E
:109D700000F04EF9044640B9184E326882B12868A6
:109D800013F0FEF898B9204670BD2868EFF7D0F9B7
:109D900000F094F9631CA8BF4FF0FF34204670BD5B
:109DA000142180200CF098FF30600028E7D128684B
:109DB000EFF7BEF900F082F94FF0FF34E3E7044B10
:109DC0001868EFF7B5F900F079F9F5E7B4FB002072
:109DD000D00000200064004060361E00B0FB002070
:109DE00000282AD1164B1B681A68916993699069FB
:109DF00043F30003C1F3800103F0100343EA41136E
:109E000081071049C86848BF43F01003C00610D549
:109E10001021D16043F00803116172B60A4A11683B
:109E20001943116062B672B600231068136062B6FF
:109E300070470969C906F0D5EAE74FF0FF3070476F
:109E4000D000002000640040B8FB002000283AD178
:109E5000002938D02DE9F04105460FC992B002AC77
:109E6000514E84E80F0011F05FFFA446FF238DF8E8
:109E70001830BCE80F00B768D6F800E0D6F80480C8
:109E800007EB87040EEB84040137B7600FC4DCF8DE
:109E90000030236033694745B8BFB568B560984561
:109EA00014DCF468621C9045F2601CDC0022F26055
:109EB0003E4A926812F0E05F5ED0002B5CDD012428
:109EC000013B254627E04FF0FF307047374989684E
:109ED0005A1C11F0E05F326114D111F047FF0120EC
:109EE00012B0BDE8F0813149896811F0E05F43D0DC
:109EF000002B41DD02EB82020EEB820E013B0234AD
:109F0000012508E0002AE8DDF46804EB840200255E
:109F10000EEB820E01343361BEE80F0007AF0FC7AE
:109F2000DEF800303B604FF0000C1346A045D8BF70
:109F300000249DF82820F4606345CDE90CCCCDF8D1
:109F400038C0CDF844C0109228DBC3F30A020C924B
:109F5000174A5B0F03F0020310680F930CA901ABC3
:109F600007AA13F0B5F8134B1968002001EB410163
:109F700000F0AAF8002DB0D00F490C4A0B6843F04E
:109F800002030B60936843F0801343F40043936033
:109F900011F0ECFE012012B0BDE8F08123F0604228
:109FA0000D9204220E92D3E7BC0000200064004012
:109FB000D0000020B4FB0020B8FB0020F8B170B541
:109FC0000C4686B069B10F4B0F49A3FB023201AEBC
:109FD00005469209086831460DF066FA28B906B0C0
:109FE00070BD4FF0FF3006B070BD96E80F0084E8FA
:109FF0000F009DF814302B60012006B070BD4FF0AB
:10A00000FF307047D34D6210B0FB0020000000000D
:10A0100010B59FED0F7B8AB00F4800244FF480519C
:10A020004EF6E072CDE90014012302926946062241
:10A03000006805948DED087BCDE906330392049406
:10A0400012F0ACFE20460AB010BD00BFAFF3008096
:10A050000100000000000000D000002030B929B14C
:10A06000002ACCBF00220122504270474FF0FF303F
:10A07000704700BF0B4B02689A4200D0704710B582
:10A08000037F012B044602D0022B05D010BD002017
:10A09000FFF70EFA237FF7E7BDE810400120FFF736
:10A0A00007BA00BF0004004008B5034B1868F1F779
:10A0B000C9FA002008BD00BFD4000020014B186879
:10A0C000F1F738BBD4000020012828D870B5184E0D
:10A0D00084000D46306888B0214623F02BFDB5F58D
:10A0E000C80F18DB4FF6FF720023CDE90133CDE92D
:10A0F0000333CDE9053307930E4B30685B6A01A942
:10A100001344224602932AF0D5FA3068214623F000
:10A1100027FB08B070BDC72D02DC0222E4E77047C0
:10A12000054BEA1783FB0535C2EB6512DCE700BF80
:10A13000D4000020000400401F85EB51012804D802
:10A14000024B8100186823F0F5BC7047D400002052
:10A1500010B58CB004462C22002101A832F025FF56
:10A160000E4A089242F21072ADF824200C4B0A936A
:10A170000DF1040C20228DF82620BCE80F00A64625
:10A18000AEE80F00BCE80F00AEE80F009CE8070047
:10A190008EE8070020460CB010BD00BFA08601006D
:10A1A00080C3C901002862D0F0B50C4683B00029F5
:10A1B0003ED00B68002B3BD0CB68002B38D08B688F
:10A1C000B3B3064691F82300154600F02BFE78B392
:10A1D000237E013B072B2BD8238C4BB36268637E15
:10A1E000B2FA82F2B3FA83F352095B099A421FD1A1
:10A1F00094F82830E3B1E369D3B148220021304616
:10A2000032F0D3FEA646BEE80F00B446ACE80F001D
:10A21000BEE80F006768ACE80F009EE807008CE816
:10A220000700F5620FB1637E33B9002003B0F0BDC3
:10A230004FF0FF3003B0F0BD4FF080430022CDE976
:10A240000023237E002BF0D0002503E0237EAB42C9
:10A25000EBDD6768294601236A463046B847002887
:10A2600005F10105F2DA6FF0020003B0F0BD4FF026
:10A27000FF3070472DE9F04F054693B088461446ED
:10A2800000F0DAFD002D00F0FE8006460F46002C9F
:10A2900000F085802B7E984580F0F580227B043A83
:10A2A000D2B2042A00F2F280D4F808A01AF0804357
:10A2B00040F0EC80BAF1000F7CDA1AF0F85FCAF3D4
:10A2C0000C4340F0E680DBB205930DF11C0B00233C
:10A2D000CBF808300793CBF8043023788DF824307E
:10A2E000A3788DF82530E3788DF82630211D63782A
:10A2F000584600F017FCB0F1000952DB1AF4F06F79
:10A30000CAF30A0958D0A9F18003472B19D9A9F13A
:10A31000C803632B50D9A9F596739BB240F2DB5268
:10A32000934249D9A9F5E163632B45D9A9F26C732E
:10A33000632B41D9A9F5FA631F2B02D96FF00609E7
:10A340002FE06B698BB1059A8DF83E209BE80700E2
:10A350000DF1300CCDE90A678DF83F80ADF83C90E7
:10A360008CE807000AA9284698475A4649462846D5
:10A3700000F050FC98B1A96B9DF8252011B90EE0B2
:10A38000096861B10B7D9342FAD1CDE900B4CDE902
:10A3900002674B465FFA88F2284600F071FC4FF0E6
:10A3A000000932463B46284600F008FD484613B0F7
:10A3B000BDE8F08F059388E76B6983B1059A8DF846
:10A3C0003E209BE807000CACCDE90A678DF83F8082
:10A3D000ADF83C9084E807000AA928469847EB6B43
:10A3E0001BB9DCE71B68002BD9D09A894A45F9D103
:10A3F0009A7B05998A42D2D901EB410203EBC20252
:10A400004FEA410CD2E9040150EA010412D06C6A0F
:10A41000301A67EB0101A04271F100010AD292F8F3
:10A4200022109DF82620521A12F17F0F02DB013A0A
:10A430007D2AB4D8059AD3F804809444541C9BE830
:10A44000070004EB440403EBCC0C03EBC40484E8E6
:10A450000700CCE90467B8F1000FA0D00022CDE9D5
:10A460001022059A9B688DF842209BE807000C9308
:10A470000DABCDE90A67ADF8409083E807000AA963
:10A480002846C0478BE74FF0FF398FE76FF00A0986
:10A4900087E76FF0080984E7002841D07F292DE97C
:10A4A000F8430D4617469846064604D9A1F1C8035D
:10A4B000B3F5E16F2AD26FB3F46B14B909E02468E5
:10A4C0003CB1B4F80CC0AC45F9D16FF00400BDE864
:10A4D000F88310234FF0180919FB07394946304615
:10A4E00000F0ACFC0446C0B14A46002132F05DFDEC
:10A4F000089BC4F8048006F13C00A360A581A77303
:10A50000214600F085FA0020BDE8F8836FF00600D0
:10A51000BDE8F8836FF00800F6E76FF00100F3E79D
:10A520004FF0FF30704700BFB8B138B5C46B054677
:10A5300014B90FE024686CB1A3898B42FAD121468B
:10A5400005F13C0000F06AFA2846214600F07CFC48
:10A55000002038BD6FF0030038BD4FF0FF3070476A
:10A5600070B578B373B3C06B8E46144610B922E051
:10A57000006800B3B0F80CC0F445F9D1827BA24268
:10A580001DD9611C01EB410104EB440200EBC20246
:10A5900000EBC10192ED047B866807C903F10C0C46
:10A5A0008CE8070083ED007B0025A3F818E09E608F
:10A5B0009C76284670BD6FF00305284670BD6FF08D
:10A5C0000805F6E74FF0FF35F3E700BFA8B37F2992
:10A5D00070B50C461546064604D9A1F1C803B3F57B
:10A5E000E16F24D2336C13B908E01B6833B1B3F8C0
:10A5F00004C0A445F9D16FF0040070BD08213046B5
:10A6000000F01CFC0146A8B1002343600360848075
:10A61000337E012B86BF05F1FF3252B24FF0FF327D
:10A62000C27106F1400000F0F3F9002070BD6FF038
:10A63000060070BD6FF0010070BD4FF0FF30704735
:10A64000B8B138B5046C054614B90FE024686CB194
:10A65000A3888B42FAD1214605F1400000F0DEF9D3
:10A660002846214600F0F0FB002038BD6FF00300C3
:10A6700038BD4FF0FF307047002800F08E80002A70
:10A6800000F08B802DE9F0417F2988B0054604D980
:10A69000A1F1C800B0F5E16F7AD22C6C1CB96FE063
:10A6A0002468002C6CD0B4F804C08C45F8D194F91F
:10A6B0000760002E69DB701C40B2E0712F7EB8424B
:10A6C000A4BF0020E0710DF1040895F828E00F46C2
:10A6D0000021C8F808100191C8F804108DF80D3059
:10A6E0008DF80CE094F806C00CF10100A071059102
:10A6F000079192E8030088E8030095F829108DF887
:10A700000EC011BB9DF80440069700226EF30702AD
:10A7100064F30F2263F317426CF31F62414605A8EE
:10A72000049200F08DF900280CDB0430731C8DF8C6
:10A730001C000FD02B6804AA3146284698470128F0
:10A740001BD1002008B0BDE8F08147EA014141F08B
:10A750000047D7E72B7E83B1002634462B6821467D
:10A7600004AA284698472B7E012804F1010408BF5B
:10A7700001269C42F2DB002EE3D16FF00200E1E7FC
:10A780006FF0030008B0BDE8F0814FF0FF369AE7A4
:10A790006FF0060008B0BDE8F0814FF0FF30704761
:10A7A00000284BD070B50D4684B0002943D00A7AFA
:10A7B00090F828309A4204463AD090F823000121BC
:10A7C00000F014FA00282EDB2A7A0026334662F3C2
:10A7D00007032A78039662F30F236A7A62F317431A
:10A7E000AA7AC0F30A00CDE9016062F31F6301A8F1
:10A7F0002946009300F024F9002814DB237E04305E
:10A800008DF80C00354683B1236829466A462046F8
:10A810009847237E012805F1010508BF01269D42C6
:10A82000F2DB16B1002004B070BD6FF00200FAE751
:10A830006FF00700F7E74FF0FF30F4E74FF0FF301D
:10A84000704700BF002855D0002953D070B513467B
:10A85000044607C988B001AD85E807009DF80C20C3
:10A8600094F82810002A3CD08A4240D10021184692
:10A8700000F0BCF9002832DB9DF80C20002633469E
:10A8800062F307039DF80420059662F30F239DF8F9
:10A890000D20079662F317439DF80E20C0F30A00BF
:10A8A000069062F31F63294605A8049300F0C8F8D8
:10A8B000002814DB237E04308DF81C0035469BB144
:10A8C0002368294604AA20469847237E012805F1DB
:10A8D000010508BF01269D42F2DB2EB1002008B021
:10A8E00070BD8DF80C10C1E76FF00200F7E76FF054
:10A8F0000700F4E74FF0FF30704700BF002841D059
:10A900002DE9F047846B0D4691469846074614B9E9
:10A9100009E024683CB194F814C0AC45F9D16FF05B
:10A920000400BDE8F08797F822A01823102616FB34
:10A930000A3A5146384600F081FA0446F8B15246C8
:10A94000002132F032FB089BE360C4E90198099BC7
:10A95000236197F822206275257542B1234616FBC4
:10A960000242FF2183F8241010339A42FAD107F1F2
:10A970003800214600F04CF80020BDE8F0876FF069
:10A980000100FAE74FF0FF30704700BFB8B138B5AB
:10A99000846B054614B90FE024686CB1237D8B42AB
:10A9A000FAD1214605F1380000F038F82846214652
:10A9B00000F04AFA002038BD6FF0030038BD4FF0B8
:10A9C000FF30704768B1836B13B907E01B682BB188
:10A9D000187D8842FAD11A61002070476FF0030099
:10A9E00070474FF0FF30704778B172B1836B13B985
:10A9F00008E01B6833B1187D8842FAD11B691360E7
:10AA0000002070476FF0030070474FF0FF30704731
:10AA100018B111B103680B6001607047034668B15B
:10AA200049B1006818B907E00346006828B18842B8
:10AA3000FAD10A681A60084670477047704700BF2D
:10AA400010B582B000285AD0002958D0034603C957
:10AA500002AA02E903009DF800201F2A52D8DFE86D
:10AA600002F04B10101010102F2F2F2C2C2C3A3AD4
:10AA70003A20202037373710102C37202929292950
:10AA8000101001990022080E60F30702C1F307407D
:10AA900060F30F22C1F3072060F3174261F31F62D6
:10AAA00001920422144601A9184632F013FC2046F4
:10AAB00002B010BD03221446F5E701221446F2E766
:10AAC000BDF804208DF80520C2F307228DF804207C
:10AAD00002221446E7E7BDF80400BDF80610040A98
:10AAE000002264F3070260F30F22080A60F31742A2
:10AAF00061F31F620192D4E700221446D3E74FF0BE
:10AB0000FF34D4E7632A03D99DF80140042C02D90D
:10AB10006FF00504CBE7224601A9184632F0DAFBB4
:10AB2000C5E700BF002959D070B50446002858D0A9
:10AB3000042A16464FD80020C4F80200E0801D46C3
:10AB400023706270201D32F0C5FB1F2D41D8DFE855
:10AB500005F03E10101010102828282626262F2F2A
:10AB60002F2020202D2D2D1010262D2024242424AC
:10AB7000101062680023110E61F30703C2F307414E
:10AB800061F30F23C2F3072161F3174362F31F63DD
:10AB90006360042086421ED170BD0320FAE70120C5
:10ABA000F8E7A3886371C3F3072323710220F1E759
:10ABB000A188E288080A002360F3070361F30F23EA
:10ABC000110A61F3174362F31F636360E1E700203A
:10ABD000E0E7632D08D86FF0050070BD4FF0FF303F
:10ABE00070474FF0FF3070BD304670BD232809D943
:10ABF0006438C0B20F280AD800F57A70400029B92D
:10AC000001307047403040000029F9D070476FF0A4
:10AC10000900FBE7A1F18003472B84461CD9A1F56D
:10AC2000FA631F2B29D821F00103A3F5FA63C94366
:10AC30005B1001F00100643340B1137A9CF82820C6
:10AC40009A4208D0B3FA83F0400970479CF8231069
:10AC5000DBB299420AD0704721F00103C943803B1F
:10AC600001F001005B100028E7D1EFE7117A9CF8B2
:10AC70002830C81A18BF012070470020EBE700BF3A
:10AC80002DE9F04F80468DB0A3F180004728DDE923
:10AC9000189A179C6AD9A3F5FA601F2800F28580DC
:10ACA00023F00105A5F5FA65DB436D1003F0010003
:10ACB00005F1640B4F7D2668002F43D0CDE901B02C
:10ACC000012301F118054FF0000C03FA02F2E646E9
:10ACD0002B46039501EB0E10D0E906B51C685868A9
:10ACE0005C4570EB050538BFE64654EA00050CF1FB
:10ACF000010C16D09D68B54213D1D8F82450B9EB99
:10AD000004046AEB0000A5424FF0000474EB00005D
:10AD100007D31C7B144204D114431C730DB0BDE84F
:10AD2000F08F674503F11003D4D1039DDDE901B035
:10AD300005EB0E134FEA0E1E9E601A7345F80E9037
:10AD4000C3F804A0D8B9CC68002CE7D0169A0B69D8
:10AD5000CDF8109007CACDE905A307AB83E807003B
:10AD600004A94046A0470DB0BDE8F08F23F00100D4
:10AD70008038DB434FEA600B03F001009AE78B68F1
:10AD8000002BCBD00A69CDF81090CDE905A20022A6
:10AD90000A920B92169A8DF828B007CA07AC84E87D
:10ADA000070004A940469847B8E74F7D2668002F62
:10ADB000C9D000206FF0060B80E700BF2DE9F041FD
:10ADC0000546006B696B101A17462A8C63EB01016C
:10ADD000904271F1000184B002D204B0BDE8F0816C
:10ADE000AC6B98460023C5E90C78CDE90033CDE97A
:10ADF0000233002CF1D066686946284666B12369A3
:10AE00000293CDE90078B0472468002CE5D066684D
:10AE100069462846002EF2D12468002CEBD104B0FC
:10AE2000BDE8F081232805D964380F288CBF0020A5
:10AE300001207047012070478368184710B1C3682C
:10AE400003B118470020704710B1036903B11847D8
:10AE5000704700BF2DE9F84388460646322200219C
:10AE6000404608EB020732F0A0F8B368002BB5BFEC
:10AE70002E4A2F4A23F06043C3F30A03322140468F
:10AE800031F0AEFFB46814F0804408F10A0545D1F2
:10AE9000337B63B1DFF8A890335D791B28464A46BF
:10AEA00031F09EFF337B0134A3420544F4DC08F10A
:10AEB0002202954206D2541B28462246202132F017
:10AEC00074F825441B4A791B284631F089FF337BEF
:10AED0002C18DBB1DFF86C90002516F805C0ACF13A
:10AEE000200EBEF15E0FA7EB040120464FF02E03AB
:10AEF0008ABF391B634620464A4688BF4A4631F01E
:10AF00006FFF337B0135AB420444E6DC0A4A391B50
:10AF1000204631F065FF4046BDE8F883074A791BBB
:10AF2000284631F05DFF4046BDE8F883100405086F
:10AF300018040508340405083C0405082404050821
:10AF40002C0405083804050830B58379C5794279A1
:10AF500089B0CDE905350379857ACDE90332427AA6
:10AF6000037A0C4601780091CDE901253221034A8C
:10AF7000204631F035FF204609B030BD40040508B9
:10AF800030B58C6883B0F4B10B7B102B1BD12579C5
:10AF9000CDB191F814C00834002303E0AB4204F1B2
:10AFA000100410D0227B624503F10103F6D1A3689F
:10AFB00023B10A690192614601AA984700232360E0
:10AFC0006360A360E36003B030BD00BF2DE9F043D0
:10AFD000D1F8088083B0B8F1000F23D098F804208E
:10AFE00002B300250E46814608F108042F46217B56
:10AFF00099B1D6E9000301932368834263680198FD
:10B0000083410AD2A36800220BB1484698472760C3
:10B010006760A760E76098F804200135AA4204F150
:10B020001004E4DC03B0BDE8F08300BF30B58C68E9
:10B0300085B094B101F10C020B46844607CA0DF1AC
:10B04000040E8EE8070010258DF804501A7E236840
:10B05000029371466046FFF7F5FB05B030BD00BFB7
:10B060002DE9F04182B048B3082707EB0217884664
:10B07000394616460546FFF7E1FE044608B33A4650
:10B08000002131F092FF26710F49D8F800002060AE
:10B090000E4B0F4ACDE9001428460021FFF72EFC85
:10B0A000064618B9304602B0BDE8F0812846214670
:10B0B000FFF7CAFE304602B0BDE8F0814FF0FF3620
:10B0C000F0E76FF00106EDE781AF01082DB0010850
:10B0D000CDAF01082DE9F04184B0002800F08B804D
:10B0E0001646002A00F087800F466A460021054672
:10B0F0000091FFF779FC044680B9009B002B7DD0BE
:10B1000087B91B79FD2B73D9CDE90100039001A903
:10B110002846FFF745FB074660B33C46204604B08F
:10B12000BDE8F081CDE90200019001A928468DF823
:10B130000C70FFF735FB8046D0B92846FFF77CFE40
:10B14000009BEA6993F804C0121841F10001184607
:10B15000BCF1000F4CD0057D002D43D103EB08104E
:10B16000C0E9022107750661204604B0BDE8F08100
:10B170004446D3E72846FFF75FFEEA69009B8E4608
:10B1800011181A794EF1000E92B303EB021CB84667
:10B190001A46107D103208B908F101089445F8D11B
:10B1A000B8F1FD0F24DD4FF0010C1A7DC2B995F8FE
:10B1B00028201E61624504BF0CF1010C5FFA8CFC73
:10B1C000013783F814C0FE2F0CF1010CC3E9021EF5
:10B1D0005FFA8CFC03F11003A0D01A7D002AE6D0A0
:10B1E0001033E2E708F10108E04500F11000B2D1A8
:10B1F0006FF00B0492E74FF0FF348FE76FF00C0411
:10B200008CE700BF10B511460446482232F062F8C0
:10B21000204610BD2DE9F04704463D4E3D4B054606
:10B220008EB044F8043B0FCE0FC40FCE0FC40FCE28
:10B230000FC496E80F0000274FF0FF3C84E80F0092
:10B2400048223946C5E91177C5E91377C5E915CC18
:10B25000EF6505F1600031F0A8FE01210023002216
:10B26000C5E94871C5E94A71C5E94223C5E94423E6
:10B27000C5E946230223C5F8303105F58E7805F57A
:10B28000927A05F5987958F8046F6846314601F0CE
:10B29000F3FF694606A808F0B5F9012E31D80DF183
:10B2A000180CBCE80F0005EB461404340FC49CE8EE
:10B2B0000F0084E80F0006EBC606B600574657F8A5
:10B2C000044F022C17D804EB440406EB84046034CA
:10B2D0002C44204608F076F9DDED050A9DED040AC0
:10B2E000204608F075F9B945E9D1C245CBD12846C9
:10B2F0000EB0BDE8F087084B084A09486021EEF718
:10B30000DFFF054B074A06486021EEF7D9FF00BF73
:10B3100064E004083C9D050838F904086805050840
:10B32000400505087004050838B50C4C2368BFF3C8
:10B330005B8FDB0701D5022038BD20462EF05AFB7B
:10B340000028F8D0064D2846FFF764FF054B2B6018
:10B3500020462EF05EFB022038BD00BFC0FB00205F
:10B36000C8FB0020609D05082DE9F04F2DED028BF4
:10B3700000F5927BDFED6B8A8FB0044688465D4610
:10B3800000F5987A55F804EFBEF1020F00F2B7808D
:10B390000EEB4E0608EBC6060FCE08AF0FC796E8B9
:10B3A00003009DF82C3087E803004FEA4E0933B9BB
:10B3B0005545E7D10FB0BDEC028BBDE8F08F04EB33
:10B3C000CE020899D2F808310998D2F80C61CDED77
:10B3D000048A994270EB0607CDED058ACDED068A09
:10B3E000CDED078A79D25B1AC3F1000766EB000640
:10B3F0000197B3F1004F76F1000680F08C8009EBE5
:10B400000E06C2E9421004F58E77B6000295039746
:10B410003D46B14655F8047F08A8394601F0CEFEF6
:10B42000012FB0EE408A70D807EBC7060EAB03EBD6
:10B4300087073D4A019B07ED0A0A09EB860660363D
:10B440002644934230464DD808F0A8F8304608F01C
:10B45000A1F85D4507ED080ADCD1DDE9025757F890
:10B46000049FB9F1010F50D80EAAE36D02EB8901D8
:10B4700009EB4906B600022B51F8280C06F1A80288
:10B4800036D804EB83031A44334451F8201C10606F
:10B49000C3F8C01008AA0A98494601F0A5FEE36D5A
:10B4A000022B06F1D80223D804EB8303134483ED67
:10B4B000000A0A98494606AA01F0BAFEE36D022B7B
:10B4C00006F1F00614D804EB830232445F4582EDA6
:10B4D000000AC4D10133E3656AE7CB1A60EB0606C4
:10B4E000019386E708F06EF8B0EE480A3046ABE705
:10B4F0000E4B0F4A0F4840F2AB11EEF7E1FE0E4B38
:10B500000E4A0F486A21EEF7DBFE0B4B0D4A0C4842
:10B510006021EEF7D5FE0C4B0C4A0D487F21EEF76B
:10B52000CFFE00BF0000000040420F0014090508D4
:10B5300034090508F009050838F904083806050833
:10B54000400505084C080508280705088C0705086C
:10B550001C0805082DE9F04F89B0134604460192F6
:10B560008A4650220021184631F01FFD04F58E76E0
:10B5700004F5927B56F8047F012F00F2538104EB0F
:10B580008708BB000093D8F844305A1E012A07D917
:10B59000032B00F088805E45ECD109B0BDE8F08F48
:10B5A000D4F82851022D00F2378105EB45050AEB4E
:10B5B000C5050FCD0DF10809CC46ACE80F0095E8A4
:10B5C00003009DF814308CE80300002B62D19E46E6
:10B5D00001230093D4F82C51022D00F21D8105EBBC
:10B5E00045050AEBC5050FCDCC46ACE80F0095E844
:10B5F00003009DF814308CE803002BB1D8F85430C8
:10B600009E451AD1DDF800E0D4F83051022D00F249
:10B61000038105EB45050AEBC5050FCDCC46ACE82B
:10B620000F0095E803009DF814308CE80300002B10
:10B63000B1D0D8F854309E45ADD04846394601F0D7
:10B64000BDFD019ABB00DDE902013B4402EBC303EF
:10B65000049A1A61D8F8542083ED000AC3E9020164
:10B66000D8F844105961D8F84C109961002A08DBC9
:10B67000022A00F3E48002EB42020AEBC202926863
:10B68000DA61019ABB003B4402EBC303012283F859
:10B69000202080E7D8F85430002BCED1022300932D
:10B6A0004FF0010E96E7D8F84C30022B3FF478AFFC
:10B6B000D4F82851022D00F2AF8005EB45050AEBC6
:10B6C000C5050FCD0DF10809CC46ACE80F0095E893
:10B6D00003009DF814308CE80300002B40F08280BA
:10B6E000D4F82C51022D00F2978005EB45050AEBAA
:10B6F000C5050FCDCC46ACE80F0095E803009DF8DA
:10B7000014308CE80300002B52D1D4F83051022DB4
:10B7100000F2828005EB45050AEBC5050FCDCC464E
:10B72000ACE80F0095E803009DF814308CE80300A6
:10B7300023BBE26D002A7BDD019BBD0007EE902A52
:10B740003D4403EBC505D5ED006AB8EEE77AD317A3
:10B75000C6EE877AD5E90201C5ED007AECF74EFF17
:10B76000C5E90201D8F844106961D8F84C10A96104
:10B77000002201232A6185F820300CE7484639462B
:10B7800001F01CFD019A0298BB003B4402EBC3038D
:10B79000D3ED007A9A6877EE807A12181946D86845
:10B7A000C3ED007A9A60039B40EB0303CB60C0E7D4
:10B7B0003946484601F002FD019A0298BB003B441D
:10B7C00002EBC303D3ED007A9A6877EE807A121801
:10B7D0001946D868C3ED007A9A60039B40EB0303D7
:10B7E000CB6092E73946484601F0E8FC019A02989E
:10B7F000BB003B4402EBC303D3ED007A9A6877EEBB
:10B80000807A12181946D868C3ED007A9A60039BB3
:10B8100040EB0303CB6063E70C4B0D4A0D486A21F4
:10B82000EEF74EFD094B0C4A0A486021EEF748FD41
:10B830000A4B0B4A0B484FF4AF71EEF741FD0A4B30
:10B84000074A084840F23911EEF73AFD38F9040882
:10B850003806050840050508340A05084CFD0408AB
:10B86000980B0508700D0508180B05082DE9F04F19
:10B870000C469BB0154600215022804631F095FBC6
:10B880004FF0FF32C4E9152222680023C4E91133C6
:10B89000C4E913331668E3652A46214608A8B04771
:10B8A00008A92046FFF760FD04F59273CDE906383C
:10B8B00004F58E7757F8046F012E3FD806EB460546
:10B8C000AD0005F1A80905F1D80A05F1C003F0356E
:10B8D000254404EB46180095E26D019208F1040836
:10B8E000A144A2442344524649464046059308F0E9
:10B8F000BFF804EB860B0328059BCBF844004FEA06
:10B9000086060DD0069BBB42D4D1DDF81C802046B4
:10B91000424608A9FFF71EFE40461BB0BDE8F08F67
:10B920005436264400950296E56D019552464946E7
:10B93000404607F07DFECBF84C00E3E7024B034A9C
:10B9400003486021EEF7BCFC38F9040870040508D0
:10B9500040050508F8B5124E3368BFF35B8FDB076F
:10B9600004460D4606D520460E492A46FFF77EFFBF
:10B970002046F8BD30462EF03DF80028F3D0094FA0
:10B980003846FFF747FC084B3B6030462EF041F845
:10B99000204604492A46FFF769FF2046F8BD00BF4C
:10B9A000C0FB0020C8FB0020609D050870B5194E43
:10B9B0003368BFF35B8FDB0705460C460BD5022CC3
:10B9C00021D8154B4FF42C60294600FB0430BDE80C
:10B9D000704005F075B830462EF00CF80028EED017
:10B9E000022201210C4803F0FBFB052203210B4836
:10B9F00003F0F6FB06220421094803F0F1FB304670
:10BA00002EF007F8DBE7074B074A08481621EEF748
:10BA100057FC00BF501D0120601D0120202801207F
:10BA2000E0320120E40D0508080E05085C0E05084B
:10BA300070B5194E3368BFF35B8FDB0705460C46C4
:10BA40000BD5022C21D8154B4FF42C60294600FB56
:10BA50000430BDE8704003F09DBD30462DF0CAFFB4
:10BA60000028EED0022201210C4803F0B9FB052288
:10BA700003210B4803F0B4FB06220421094803F01C
:10BA8000AFFB30462DF0C5FFDBE7074B074A084800
:10BA90001621EEF715FC00BF501D0120601D01208E
:10BAA00020280120E0320120E40D0508080E0508D9
:10BAB0005C0E050838B5184D2B68BFF35B8FDB07AC
:10BAC00004460AD5022C20D8144B4FF42C6000FBFE
:10BAD0000430BDE8384003F04BBE28462DF08AFF05
:10BAE0000028EFD0022201210C4803F079FB052247
:10BAF00003210B4803F074FB06220421094803F0DC
:10BB00006FFB28462DF085FFDCE7074B074A084806
:10BB10001621EEF7D5FB00BF501D0120601D01204E
:10BB200020280120E0320120E40D0508080E050858
:10BB30005C0E05082DE9F041194E3368BFF35B8FA9
:10BB4000DB0707460D4614460CD5022C22D81549B2
:10BB50004FF42C603A462B4600FB0410BDE8F04140
:10BB600007F0DEBC30462DF045FF0028EDD0022264
:10BB700001210C4803F034FB052203210A4803F09D
:10BB80002FFB06220421094803F02AFB30462DF042
:10BB900040FFDAE7064B074A07481621EEF790FB0D
:10BBA000501D0120601D012020280120E0320120CD
:10BBB000E40D0508080E05085C0E050838B5184D9B
:10BBC0002B68BFF35B8FDB0704460AD5022C20D815
:10BBD000144B4FF42C6000FB0430BDE8384003F0F8
:10BBE000B3BE28462DF006FF0028EFD00222012127
:10BBF0000C4803F0F5FA052203210B4803F0F0FA94
:10BC000006220421094803F0EBFA28462DF001FF33
:10BC1000DCE7074B074A08481621EEF751FB00BF47
:10BC2000501D0120601D012020280120E03201204C
:10BC3000E40D0508080E05085C0E050870B5194EE0
:10BC40003368BFF35B8FDB0705460C460BD5022C30
:10BC500021D8154B4FF42C61284601FB043103F029
:10BC6000E1FC284670BD30462DF0C4FE0028EED021
:10BC7000022201210C4803F0B3FA052203210B48EC
:10BC800003F0AEFA06220421094803F0A9FA30466F
:10BC90002DF0BFFEDBE7074B074A08481621EEF7F9
:10BCA0000FFB00BF501D0120601D01202028012036
:10BCB000E0320120E40D0508080E05085C0E0508B9
:10BCC0000320704770B5194E3368BFF35B8FDB07F5
:10BCD00005460C460BD5022C21D8154B4FF42C6091
:10BCE000294600FB0430BDE8704004F0E9BE304650
:10BCF0002DF080FE0028EED00F2201210C4803F029
:10BD00006FFA02220D210B4803F06AFA10220E216D
:10BD1000094803F065FA30462DF07BFEDBE7074B60
:10BD2000074A08484B21EEF7CBFA00BF00FD002080
:10BD300010FD0020D007012090120120E40D05081D
:10BD4000D00E05085C0E050870B5194E3368BFF3B8
:10BD50005B8FDB0705460C460BD5022C21D8154B13
:10BD60004FF42C60294600FB0430BDE8704003F01E
:10BD700011BC30462DF03EFE0028EED00F220121EE
:10BD80000C4803F02DFA02220D210B4803F028FA8B
:10BD900010220E21094803F023FA30462DF039FE17
:10BDA000DBE7074B074A08484B21EEF789FA00BF4B
:10BDB00000FD002010FD0020D0070120901201207E
:10BDC000E40D0508D00E05085C0E050838B5184DC1
:10BDD0002B68BFF35B8FDB0704460AD5022C20D803
:10BDE000144B4FF42C6000FB0430BDE8384003F0E6
:10BDF000BFBC28462DF0FEFD0028EFD00F22012108
:10BE00000C4803F0EDF902220D210B4803F0E8F98C
:10BE100010220E21094803F0E3F928462DF0F9FD20
:10BE2000DCE7074B074A08484B21EEF749FA00BF09
:10BE300000FD002010FD0020D007012090120120FD
:10BE4000E40D0508D00E05085C0E05082DE9F0414B
:10BE5000194E3368BFF35B8FDB0707460D46144668
:10BE60000CD5022C22D815494FF42C603A462B46AB
:10BE700000FB0410BDE8F04107F052BB30462DF046
:10BE8000B9FD0028EDD00F2201210C4803F0A8F9DC
:10BE900002220D210A4803F0A3F910220E210948BD
:10BEA00003F09EF930462DF0B4FDDAE7064B074A61
:10BEB00007484B21EEF704FA00FD002010FD00209A
:10BEC000D007012090120120E40D0508D00E0508CE
:10BED0005C0E050838B5184D2B68BFF35B8FDB0788
:10BEE00004460AD5022C20D8144B4FF42C6000FBDA
:10BEF0000430BDE8384003F027BD28462DF07AFD18
:10BF00000028EFD00F2201210C4803F069F902222A
:10BF10000D210B4803F064F910220E21094803F0AB
:10BF20005FF928462DF075FDDCE7074B074A084806
:10BF30004B21EEF7C5F900BF00FD002010FD0020E9
:10BF4000D007012090120120E40D0508D00E05084D
:10BF50005C0E050870B5194E3368BFF35B8FDB07C5
:10BF600005460C460BD5022C21D8154B4FF42C61FD
:10BF7000284601FB043103F055FB284670BD3046CE
:10BF80002DF038FD0028EED00F2201210C4803F0DF
:10BF900027F902220D210B4803F022F910220E216D
:10BFA000094803F01DF930462DF033FDDBE7074B60
:10BFB000074A08484B21EEF783F900BF00FD002037
:10BFC00010FD0020D007012090120120E40D05088B
:10BFD000D00E05085C0E05080320704710B5114609
:10BFE0000446482231F076F9204610BD10B51146BE
:10BFF0000446482231F06EF9204610BDF0B50446E3
:10C00000324E334B8FB0054644F8043B0FCE0FC47D
:10C0100096E80F0000274FF0FF3C84E80F00C5E9C9
:10C020000BC73946C5E90977242205F1340030F001
:10C03000BCFF00220023C5E92223C5E92423C5E96A
:10C040002623C5E92823234B0293234B234903933B
:10C050000126234B234A00910227C5E92A6704934E
:10C060006946214B019206A8059307F0CBFA0DF122
:10C07000180CBCE80F0005F1040EAEE80F009CE8B8
:10C080000F0084E80F0005F1A00605F1AC0756F893
:10C09000043F022B13D803EB430305EB8304343432
:10C0A000204607F08FFADDED050A9DED040A2046D3
:10C0B00007F08EFAB742EAD128460FB0F0BD0B4B1D
:10C0C0000B4A0C486021EEF7FBF800BFA4E004081F
:10C0D000489D0508AEC7A541295C134115AE6E41C8
:10C0E00000004040F628D4400000C84138F9040858
:10C0F0006805050840050508F0B50446324E334B87
:10C100008FB0054644F8043B0FCE0FC496E80F00ED
:10C1100000274FF0FF3C84E80F00C5E90BC7394604
:10C12000C5E90977242205F1340030F03EFF0022F2
:10C130000023C5E92223C5E92423C5E92623C5E94F
:10C140002823234B0293234B234903930126234B9C
:10C15000234A00910227C5E92A6704936946214BC7
:10C16000019206A8059307F04DFA0DF1180CBCE8F2
:10C170000F0005F1040EAEE80F009CE80F0084E804
:10C180000F0005F1A00605F1AC0756F8043F022B9D
:10C1900013D803EB430305EB83043434204607F044
:10C1A00011FADDED050A9DED040A204607F010FAAC
:10C1B000B742EAD128460FB0F0BD0B4B0B4A0C48F2
:10C1C0006021EEF77DF800BFA4E00408549D050847
:10C1D000AEC7A541295C134115AE6E410000404039
:10C1E000F628D4400000C84138F90408680505085D
:10C1F00040050508F0B5D0F8A4702DED028B022F94
:10C2000087B000F2578107EB470C01EBCC0C0546D9
:10C210000C46BCE80F00EE46AEE80F009CE80300B9
:10C220009DF80C308EE803007E0093BBD5F8A86023
:10C23000022E00F23F8106EB460C04EBCC0CBCE86E
:10C240000F00EE46AEE80F009CE803009DF80C30AE
:10C250008EE803007700002B40F0BC80D5F8AC607E
:10C26000022E00F2278106EB460304EBC30CBCE868
:10C270000F00EE46AEE80F009CE803009DF80C307E
:10C280008EE803007700002B54D107B0BDEC028B81
:10C29000F0BD05EBC7000099D0F88830DDF804C088
:10C2A000D0F88C2099427CEB020E80F0E1805B1A82
:10C2B00062EB0C02C3F1000EB3F1004F72F1000209
:10C2C00080F01781D5F8A030C0E9221C002B40F087
:10C2D0000A818B4B9DED048A3E4405EB86069E4504
:10C2E00006F1340600F2DA80B0EE480A304607F074
:10C2F00055F9304607F04EF9D5F8A030002B40F044
:10C30000EC802B6B022B00F2DB80029905EB8302A1
:10C31000022982ED168A82ED190A00F0B7800539EC
:10C32000012900F2D480774911677749D167013339
:10C330002B637BE705EBC601DDE90004D1E922327E
:10C34000984274EB020C80F098801B1A62EB040296
:10C35000C3F1000CB3F1004F72F1000280F0C9800C
:10C36000D5F8A030C1E92204002B40F0BC80644B1A
:10C370009DED048ABC1905EB84049C4504F134044A
:10C3800000F29080B0EE480A204607F007F92046F8
:10C3900007F000F9D5F8A030002B40F09E802B6B01
:10C3A000022B00F28D80029905EB8302022982EDB7
:10C3B000168A82ED190A6DD00539012900F28780AD
:10C3C0005048514910670133D1672B6307B0BDEC6A
:10C3D000028BF0BD05EBC6000099D0F88830DDF87F
:10C3E00004C0D0F88C2099427CEB020E3BD25B1A41
:10C3F00062EB0C02C3F1000EB3F1004F72F10002C8
:10C4000077D2D5F8A030C0E9221C002B6BD13C4B71
:10C410009DED048A3E4405EB86069E4506F13406F2
:10C4200044D8B0EE480A304607F0B8F8304607F076
:10C43000B1F8D5F8A030002B4FD12B6B022B3FD891
:10C44000029905EB8302022982ED168A82ED190A10
:10C4500018D0053901293AD82A4911672A49D167E4
:10C4600001332B63FAE6CB1A6CEB02029E46C3E75C
:10C47000CB1A6CEB02029E461EE7C31A64EB020263
:10C480009C4667E7214911672149E8E71F49116781
:10C490001F494BE71D481E49106794E7304607F0D7
:10C4A00091F821E7204607F08DF86BE7304607F05A
:10C4B00089F8B6E7174B184A18486A21EDF700FFCC
:10C4C000174B184A184840F2AB11EDF7F9FE174B1D
:10C4D000174A1848DA21EDF7F3FE0E4B164A0F48BB
:10C4E0006021EDF7EDFE114B144A1248B921EDF72A
:10C4F000E7FE134B134A14487F21EDF7E1FE00BF1E
:10C5000040420F000024744500C8AF4590660F44B8
:10C510000008844438F90408240F0508400505087C
:10C520001409050834090508F00905084CFD04083C
:10C5300010130508D41105084C1205081010050841
:10C54000280705088C0705081C080508F0B52822EF
:10C5500097B0A24C0E460021054630F026FD002380
:10C560004FF0FF32C4E90B233146482204A8C4E946
:10C57000093330F0AFFE04A92046FFF73BFED4F8A4
:10C58000A030002B40F01581236B04F17C06CDE92F
:10C59000006304F1700204F1640304F15801201DEA
:10C5A00007F066FA0328606200F0E6802822002186
:10C5B000284630F0FAFCD4F8A030002B40F0F3808D
:10C5C000626A531E012B7AD9032A02D0284617B07B
:10C5D000F0BDA66A022E72D0D4F8A430022B00F26D
:10C5E000DC8016AA03EB430302EBC30313F83C2CD5
:10C5F0005AB153ED0E7A9FED7A7A53E9122377EE12
:10C60000877AC5E90223C5ED007AD4F8A830022B59
:10C6100000F2C38016AA03EB430302EBC30313F833
:10C620003C2C82B153E9120213ED0E7AAB68D5EDC2
:10C63000007A1B18AB60EB6877EE877A42EB030356
:10C64000C5ED007AEB60D4F8AC30022B00F2A58087
:10C6500016AA03EB430302EBC30313F83C2C82B18D
:10C6600053E9120213ED0E7AAB68D5ED007A1B1870
:10C67000AB60EB6877EE877A42EB0303C5ED007A97
:10C68000EB60226B002A40F3A18007EE902AD5EDE3
:10C69000006AB8EEE77AD5E90201C6EE877AD317C9
:10C6A000C5ED007AEBF7AAFF0322C5E902010123D9
:10C6B0002846C5E9052685F8203017B0F0BDD4F826
:10C6C000A430022B69D803EB430304A901EBC30098
:10C6D00016A901EBC303017B53F8386C806813ED96
:10C6E000127B11B1E36A83BB0121D4F8A830022B7D
:10C6F00053D803EB430304A800EBC30016AE06EBCC
:10C70000C303077B53F8386C806813ED127B1FB1AD
:10C71000E36A994219D10131D4F8AC30022B3CD8EC
:10C7200003EB430304A800EBC30016AE06EBC30300
:10C73000077B53F8386C806813ED127B002F3FF4B1
:10C7400045AFE36A99423FF441AFA16A2E60002BE6
:10C7500085ED027BC5E90402A96109DB022B2EDC11
:10C7600003EB430316AA02EBC30353F8403CEB610F
:10C77000012385F8203029E70096236B04F12C0073
:10C78000CDE9013004F1700204F1640304F15801B1
:10C79000201D06F04DFFA06208E7124B124A134815
:10C7A0006A21EDF78DFD0F4B114A10486021EDF71E
:10C7B00087FD0C4B0F4A0D486021EDF781FD0E4BB4
:10C7C0000E4A0F4840F23911EDF77AFD0D4B0B4A36
:10C7D0000B484FF4AF71EDF773FD00BF503E0120E1
:10C7E0000000000038F90408240F0508400505087A
:10C7F00090170508C4160508180B05086C180508DD
:10C80000700D05084CFD0408F0B5D0F8A4702DEDAE
:10C81000028B022F87B000F2688107EB470C01EB17
:10C82000CC0C05460C46BCE80F00EE46AEE80F0007
:10C830009CE803009DF80C308EE803007E0093BB5B
:10C84000D5F8A860022E00F2508106EB460C04EBEE
:10C85000CC0CBCE80F00EE46AEE80F009CE80300ED
:10C860009DF80C308EE803007700002B40F0BE806E
:10C87000D5F8AC60022E00F2388106EB460304EBDB
:10C88000C30CBCE80F00EE46AEE80F009CE80300C6
:10C890009DF80C308EE803007700002B56D107B0CE
:10C8A000BDEC028BF0BD05EBC7000099D0F88830D5
:10C8B000DDF804C0D0F88C2099427CEB020E80F0A9
:10C8C000E5805B1A62EB0C02C3F1000EB3F1004F7E
:10C8D00072F1000280F02881D5F8A030C0E9221C56
:10C8E000002B40F01B81934B9DED048A3E4405EBE9
:10C8F00086069E4506F1340600F2EB80B0EE480A4B
:10C90000304606F04BFE304606F044FED5F8A03027
:10C91000002B40F0FD802B6B022B00F2EC80029983
:10C9200005EB83020F2982ED168A82ED190A00F0C9
:10C93000C080102900F0B980022940F0E3807E49D0
:10C9400011677E49D16701332B6379E705EBC60197
:10C95000DDE90004D1E92232984274EB020CC0F008
:10C960009A80C31A64EB02029C46B3F1004F72F145
:10C97000000280F0D980D5F8A030C1E92204002B54
:10C9800040F0CC806B4B9DED048ABC1905EB840410
:10C990009C4504F1340400F2A080B0EE480A204621
:10C9A00006F0FCFD204606F0F5FDD5F8A030002B82
:10C9B00040F0AE802B6B022B00F29D80029905EBBC
:10C9C00083020F2982ED168A82ED190A7DD0102983
:10C9D00077D0022940F096805748584910670133B4
:10C9E000D1672B6307B0BDEC028BF0BD05EBC60031
:10C9F0000099D0F88830DDF804C0D0F88C20994236
:10CA00007CEB020E3DD25B1A62EB0C02C3F1000E0E
:10CA1000B3F1004F72F1000280F08680D5F8A030AB
:10CA2000C0E9221C002B79D1424B9DED048A3E4483
:10CA300005EB86069E4506F1340652D8B0EE480A4C
:10CA4000304606F0ABFD304606F0A4FDD5F8A03028
:10CA5000002B5DD12B6B022B4DD8029905EB830285
:10CA60000F2982ED168A82ED190A1AD0102924D0D6
:10CA7000022947D1304911673049D16701332B630F
:10CA8000F6E6CB1A6CEB02029E46C1E7CB1A6CEBC2
:10CA900002029E461AE71B1A62EB0402C3F1000C65
:10CAA00063E7274911672749E7E7274911672749BE
:10CAB00048E723491167234944E72349116723497C
:10CAC000DBE721482149106789E71D481D491067A8
:10CAD00085E7304606F076FD10E7204606F072FD49
:10CAE0005BE7304606F06EFDA8E7194B194A1A4875
:10CAF0006A21EDF7E5FB194B194A1A4840F2AB11D0
:10CB0000EDF7DEFB184B194A1948DA21EDF7D8FB8F
:10CB10000F4B184A10486021EDF7D2FB124B164A12
:10CB20001348B921EDF7CCFB144B154A15487F216A
:10CB3000EDF7C6FB40420F0090660F4400088444A6
:10CB40000000A24300401C447B5CA84400401C45FC
:10CB500038F90408240F05084005050814090508DC
:10CB600034090508F00905084CFD0408701C050887
:10CB7000D41105084C120508B81A0508280705083D
:10CB80008C0705081C080508F0B5282297B0A24CB0
:10CB90000E460021054630F008FA00234FF0FF3220
:10CBA000C4E90B233146482204A8C4E9093330F014
:10CBB00091FB04A92046FFF727FED4F8A030002BF4
:10CBC00040F01581236B04F17C06CDE9006304F18C
:10CBD000700204F1640304F15801201D06F048FFBF
:10CBE0000328606200F0E68028220021284630F009
:10CBF000DCF9D4F8A030002B40F0F380626A531EB9
:10CC0000012B7AD9032A02D0284617B0F0BDA66AB4
:10CC1000022E72D0D4F8A430022B00F2DC8016AAC7
:10CC200003EB430302EBC30313F83C2C5AB153ED5F
:10CC30000E7A9FED7A7A53E9122377EE877AC5E967
:10CC40000223C5ED007AD4F8A830022B00F2C3808D
:10CC500016AA03EB430302EBC30313F83C2C82B187
:10CC600053E9120213ED0E7AAB68D5ED007A1B186A
:10CC7000AB60EB6877EE877A42EB0303C5ED007A91
:10CC8000EB60D4F8AC30022B00F2A58016AA03EBBF
:10CC9000430302EBC30313F83C2C82B153E91202A5
:10CCA00013ED0E7AAB68D5ED007A1B18AB60EB681C
:10CCB00077EE877A42EB0303C5ED007AEB60226BD7
:10CCC000002A40F3A18007EE902AD5ED006AB8EE65
:10CCD000E77AD5E90201C6EE877AD317C5ED007A67
:10CCE000EBF78CFC0322C5E9020101232846C5E9C4
:10CCF000052685F8203017B0F0BDD4F8A430022BFB
:10CD000069D803EB430304A901EBC30016A901EBA7
:10CD1000C303017B53F8386C806813ED127B11B1AB
:10CD2000E36A83BB0121D4F8A830022B53D803EB6C
:10CD3000430304A800EBC30016AE06EBC303077B56
:10CD400053F8386C806813ED127B1FB1E36A994287
:10CD500019D10131D4F8AC30022B3CD803EB43039A
:10CD600004A800EBC30016AE06EBC303077B53F821
:10CD7000386C806813ED127B002F3FF445AFE36AF7
:10CD800099423FF441AFA16A2E60002B85ED027BF2
:10CD9000C5E90402A96109DB022B2EDC03EB430386
:10CDA00016AA02EBC30353F8403CEB61012385F85C
:10CDB000203029E70096236B04F12C00CDE90130E7
:10CDC00004F1700204F1640304F15801201D06F01F
:10CDD0002FFCA06208E7124B124A13486A21EDF7B4
:10CDE0006FFA0F4B114A10486021EDF769FA0C4BAE
:10CDF0000F4A0D486021EDF763FA0E4B0E4A0F48BB
:10CE000040F23911EDF75CFA0D4B0B4A0B484FF429
:10CE1000AF71EDF755FA00BFA03D01200000000002
:10CE200038F90408240F050840050508901705087F
:10CE3000C4160508180B0508FC1F0508700D050829
:10CE40004CFD040808B50348FFF7D8F80248FFF77F
:10CE500053F908BD503E0120A03D01202DE9F041CD
:10CE60002DED028B11469CB04822044630F032FA78
:10CE7000482200210AA830F098F8A646BEE80F0024
:10CE80000DF1100CACE80F009EE80300257B8CE848
:10CE9000030055B10DF1100CBCE80F000AAE0FC62F
:10CEA0009CE8030086E80300012504F1180EBEE8A3
:10CEB0000F000DF1100CACE80F009EE8030094F891
:10CEC00024608CE80300002E40F0AC8004F1300CAC
:10CED000BCE80F0004AE0FC69CE8030094F83C7059
:10CEE00086E80300002F00F0978005EB450C1CAB93
:10CEF00004AE03EBCC0C0FCEACF1480CACE80F0049
:10CF000096E803008CE803000135012D00F08480D1
:10CF1000DDED0F7A9FEDA57AF0EEE77AF4EEC77AB1
:10CF2000F1EE10FA40F29F80DDED157AF0EEE77A2F
:10CF3000F4EEC77AF1EE10FA40F29580032D09D194
:10CF4000DDED1B7AF0EEE77AF4EEC77AF1EE10FA37
:10CF500040F2EA809FED968A0AAE0027336901937A
:10CF600001A873698DED038A029308F0E9FF013788
:10CF7000BD4286ED040AC6ED050A8DED040ACDED2D
:10CF8000050A8DED061A06F11806E7D19DED0F8A08
:10CF9000DDED157A9FED870A77EEC87AB0EEE77A75
:10CFA000B4EEC07AF1EE10FA00F3A680032D0FD193
:10CFB0009DED0F8ADDED1B7A9FED7E0A77EEC87A34
:10CFC000B0EEE77AB4EEC07AF1EE10FA00F3D58055
:10CFD0000C9E0A3E022E0AD80AAF0FCF06EB460679
:10CFE00004EBC6060FC697E8030086E80300129E0E
:10CFF0000A3E022E0AD810AF0FCF06EB460604EB0E
:10D00000C6060FC697E8030086E80300032D03D188
:10D01000189D0A3D022D5ED920461CB0BDEC028B46
:10D02000BDE8F08105EB450C1CAB04AE03EBCC0C6A
:10D0300037460FCEACF1480CACE80F0096E8030081
:10D0400004F1300E8CE80300BEE80F000FC79EE825
:10D05000030094F83C8086E803000135B8F1000F26
:10D060003FF453AF41E79DED0E8ADDED147A9FED5D
:10D07000517A77EEC87AF0EEE76AF4EEC76AF1EE1D
:10D0800010FA60DC032DA3D19DED0E8ADDED1A7A36
:10D090009FED480A77EEC87AB0EEE77AB4EEC07A30
:10D0A000F1EE10FA94DDDFED448A37EE800AF0EEFF
:10D0B000680A2DF0BBFFB5EEC00AF1EE10FA48BFCA
:10D0C00030EE280ADFED3B7A70EE677A77EE887AE9
:10D0D000CDED1A7A7CE716AE0FCE05EB450504EBD5
:10D0E000C5050FC596E8030085E8030020461CB07F
:10D0F000BDEC028BBDE8F081DFED2F8A37EE800AB0
:10D10000F0EE680A2DF092FFB5EEC00AF1EE10FACB
:10D1100001D530EE280ADFED277A30EE670A30EECF
:10D12000080A8DED150A41E79DED0E8ADDED147AB2
:10D130009FED207A77EEC87AF0EEE76AF4EEC76AE0
:10D14000F1EE10FAA2DD9FED1B0ADFED1B8A37EE30
:10D15000800AF0EE680A2DF069FFB5EEC00AF1EE24
:10D1600010FA01D530EE280ADFED127A30EE670AA8
:10D1700030EE080A8DED140A84E7DFED0F8A37EEF2
:10D18000800AF0EE680A2DF051FFB5EEC00AF1EE0C
:10D1900010FA48BF30EE280ADFED067A70EE677AA3
:10D1A00077EE887ACDED1B7A12E700BFAA619C3F2B
:10D1B00000000000DA0F4940DA0FC94021B101290F
:10D1C00005D190ED050A704790ED040A704708B547
:10D1D000024A034B03481E21EDF772F82C22050882
:10D1E0004CFD0408DC220508012908B510D80A28DE
:10D1F00005D00B38012805D89FED080A08BD9FED22
:10D20000080A08BD074B084A08484021EDF758F8BE
:10D21000044B054A05484521EDF752F876FC5D3A86
:10D22000BEF39F394CFD040854230508DC22050891
:10D23000012908B510D80A2805D00B38012805D8CF
:10D240009FED080A08BD9FED080A08BD074B084A74
:10D2500008486721EDF734F8044B054A05486C216E
:10D26000EDF72EF876FC5D3ABEF39F394CFD0408CD
:10D2700014250508DC220508012908B50ED8DFF8B9
:10D280003CC00949094AC0F800C0DFF834C0416019
:10D29000C160C0F808C00261426108BD044B054A84
:10D2A00005488621EDF70CF8002474490000C842B7
:10D2B0004CFD0408DC260508DC220508F628D440CD
:10D2C000295C13410048704788400120004870479E
:10D2D000003F01202DE9F04FDFF898A15F4EC3B069
:10D2E00001ABD1460593B9E80F000DF1880E7446E5
:10D2F000CDF858E0AEE80F0099E80F00D0468EE870
:10D300000F00B8E80F0008250DF1A80CACE80F00DD
:10D31000179599E80F008CE80F004FF480710E917B
:10D320004FF0012111911EA93E910CA9CDE93215B2
:10D3300014A80EA9CDE93415CDE93A05484A494B60
:10D34000159310A91CA84FF00137CDE93615CDE98A
:10D350003C0512A920A8444B0F96CDE91227CDE930
:10D360003815CDE90C67CDE91C76109714971E97F8
:10D370001F93CDE9400532A8CDE91A051AA803C8C4
:10D38000CDE92072059A3F9582E803000DF1A80CC3
:10D390000DF1580B00959BE806006346334805F0F5
:10D3A0009BFDA3461C9454460FCCABE80F0099E8B4
:10D3B0000F00D6468BE80F00BEE80F000DF1A80C59
:10D3C000ACE80F0099E80F001D958CE80F0008A845
:10D3D00034904FF001100C900CA838900EA83A90A1
:10D3E00010A82049204B3C9012A83E9008912AA8F2
:10D3F0000F911B4A0E9332A90DF1180A0DF128085E
:10D40000CDE91E05CDE91233CDE90667CDE90A67FE
:10D41000CDE91066CDF8C8A0CDF8D880339509972E
:10D42000359537950D97149739953B953D953F95D3
:10D430001592209114A94091219520A9034603C972
:10D44000059A419582E803001CAA06CA084800957F
:10D4500005F042FD43B0BDE8F08F00BF01000101BF
:10D4600001010100000101010101000188400120CA
:10D47000003F0120C4E004082DE9F041D0E900603C
:10D480000D682DED028B9046B0EE408A114680006B
:10D49000002405F14C0C9FED517A2F46F0EE473AEF
:10D4A000B0EE474AF0EE474AB0EE475AF0EE475A20
:10D4B000B0EE476AF0EE476AB64606EB84032A46AA
:10D4C000F2EC017A93ED010AD3ED020A93ED031A0F
:10D4D000D3ED041A93ED052AD3ED062A93ED073A0E
:10D4E000D3ED008A9445E7EEA86A0344A7EE806A6C
:10D4F000E7EEA05AA7EE815AE7EEA14AA7EE824ACC
:10D50000E7EEA23AA7EE837ADAD191ED000AD1EDE7
:10D51000010A91ED021A91ED042AD1ED052A91ED4F
:10D52000063AD1ED031AD1ED077AA6EE880A20312A
:10D53000E6EE080AA5EE881AB0EE626AF0EE425AEC
:10D54000F0EE436AE5EE081AE4EE885AA4EE086AA3
:10D55000E3EE886AE7EE087A01ED080A41ED070A72
:10D5600001ED061A41ED051A41ED045A01ED036A79
:10D5700041ED026A41ED017A0CB908248BE79FED79
:10D58000177AF0EE476AB0EE476AF7EC017ADEED03
:10D59000104A9EED115ADEED125ABC45A7EEA46A60
:10D5A0008644E7EE856AA7EEA57AEED198ED105A8B
:10D5B000D8ED115AD8ED127AA8EE065AB0EE656A87
:10D5C000A8EE266AE8EE077ABDEC028B88ED105AC9
:10D5D00088ED116AC8ED127ABDE8F0810000000004
:10D5E0002DE9F04F2DED028B44680D68076887B078
:10D5F0004FEA8409B9F5FA4F0095134600F2D2803C
:10D6000009EB0402CDE90374920003F14006029293
:10D610001846394607EB0412019605F14C0C0593A8
:10D620009FED8B7A009B01EB490502EB490409EB66
:10D63000050A09EB040BF0EE473AB0EE474AF0EE6C
:10D64000474AB0EE475AF0EE475AB0EE476AF0EE5E
:10D65000476A09EB010809EB020E5F465646F3ECF8
:10D66000017AB1EC018AF8EC018AF5EC010AB6EC1A
:10D67000011AF2EC011ABEEC012AF4EC012AB7EC13
:10D68000013A9C45E7EE886AA7EEA86AE7EEA05A41
:10D69000A7EE815AE7EEA14AA7EE824AE7EEA23A48
:10D6A000A7EE837ADBD190ED008AD0ED010A90EDF0
:10D6B000021A90ED042AD0ED052A90ED063AD0ED3D
:10D6C000031AD0ED077A029BA6EE808A03EB0A01CB
:10D6D00003EB0B02E6EE000A019BA5EE801A203058
:10D6E000F0EE425AB0EE626AF0EE436AE5EE001ADE
:10D6F000E4EE805AA4EE006AE3EE806AE7EE007A78
:10D7000000ED088A40ED070A00ED061A40ED051A03
:10D7100040ED045A00ED036A40ED026A40ED017AE3
:10D7200083427FF47DAFDDE90374059B9FED487A6A
:10D73000009A07EB841707EB0900F0EE476A0446EE
:10D740001146F1EC017AF7EC015AB4EC016A8C4510
:10D75000E7EEA56AA7EE867AF3D1D3ED117A93EDC1
:10D76000106AE0EE077A00EB0901A0EE266AF0EEFF
:10D77000676ADFED377A83ED106AC3ED116AF2EC68
:10D78000016AB1EC017A9445E6EE877AF7D193ED20
:10D79000127AA0EE277A83ED127A07B0BDEC028BE5
:10D7A000BDE8F08FCDE9017404EB440E4FEA8E0E14
:10D7B0001E46394603F1400A4FEAC40805F14C0CF5
:10D7C000AB469FED237A09EB0107F0EE475AB0EE26
:10D7D000476AF0EE476A5A4608EB01050EEB010472
:10D7E0003846F2EC017AF1EC013AB0EC014AF5EC82
:10D7F000014AB4EC015A9445E7EEA36AA7EE846AA5
:10D80000E7EEA45AA7EE857AEBD196ED004A96EDA5
:10D81000025AD6ED014AD6ED037AA0EE264A10361A
:10D820000EEB0701F0EE456AE0EE064AE0EE256AEF
:10D83000E0EE077A06ED044A46ED034A46ED026A39
:10D8400046ED017AB245BCD1DDE901746EE700BF57
:10D85000000000002DE9F04100F2B45590B00446FC
:10D86000284604F0BFFD04F50F63D3ED007A77EE90
:10D87000807A2846C3ED007A04F0B8FD04F6F4037C
:10D88000D3ED007A0DF1270677EE807A26F00F06A9
:10D89000C3ED007A294601A806F1100804F0AAFD9C
:10D8A00004F510679FED631ADDED020A9DED010A94
:10D8B000404608F0DFF941463A463046EEF7B8FFF9
:10D8C00096E80F0087E80F003846EFF7BDF82946C5
:10D8D00003A804F097FD04F51163D3ED007A9DEDE4
:10D8E000037A77EE877A04F61412C3ED007AD2ED4C
:10D8F000007A9DED047A77EE877A04F61813C2ED6C
:10D90000007A9DED057AD3ED007A77EE877A294685
:10D91000C3ED007A03A804F083FD04F61C13D3EDD5
:10D92000007A9DED037A77EE877A04F51262C3EDF3
:10D93000007AD2ED007A9DED047A77EE877A04F6CC
:10D940002413C2ED007A9DED057AD3ED007A77EECF
:10D95000877A2946C3ED007A03A804F06FFD04F628
:10D960002813D3ED007A9DED037A77EE877A04F6DB
:10D970002C12C3ED007AD2ED007A9DED047A77EE99
:10D98000877A04F51363C2ED007A9DED057AD3ED35
:10D99000007A77EE877A2946C3ED007A03A804F06F
:10D9A0005BFD04F63413D3ED007A9DED037A77EE38
:10D9B000877A04F63812C3ED007AD2ED007A9DED35
:10D9C000047A77EE877A04F63C13C2ED007A9DED77
:10D9D000057AD3ED007A77EE877A294603A8C3ED5E
:10D9E000007A04F047FD04F51462D2ED007A9DED53
:10D9F000037A77EE877A04F64413C2ED007AD3ED0A
:10DA0000007A9DED047A77EE877A04F64814C3ED28
:10DA1000007AD4ED007A9DED057A77EE877A4C2274
:10DA200000212846C4ED007A10B0BDE8F0412FF087
:10DA3000BCBA00BF0000000010B5D0F82C41022C89
:10DA400000DD10BD642304FB03F370EE607A61EE29
:10DA5000811A00EB030C14338CED000ACCED010AA3
:10DA6000CCED027ACCED031A8CED041A0344D1F804
:10DA700000E0C3F800E0D1F804E0C3F804E0D1F816
:10DA800008E0C3F808E0D1F80CE0C3F80CE0D1F8E6
:10DA900010E0C3F810E0D1F814E0C3F814E0D1F8B6
:10DAA00018E0C3F818E0D1F81CE0C3F81CE0D1F886
:10DAB00020E0C3F820E0D1F824E0C3F824E0D1F856
:10DAC00028E0C3F828E0D1F82CE0C3F82CE0D1F826
:10DAD00030E0C3F830E0D1F834E0C3F834E0D1F8F6
:10DAE00038E0C3F838E0D1F83CE0C3F83CE0D1F8C6
:10DAF00040E0C3F840E0D1F844E0C3F844E0896C6A
:10DB00009964013401238CF860208CF86130C0F8EE
:10DB10002C4110BD4368022B00D070472DE9F04125
:10DB200004468068D4F85029E768D4F85439904204
:10DB300077EB030304F5156662D3D4F8281802299D
:10DB400061DDD4F82428D31C04F5026593FBF1FCB5
:10DB500001FB1C3305EB4313D3E904E8704577EB75
:10DB600008031CD200234FF0FF3101206060C5E99B
:10DB70000113C4F8941804F64C210022C4F8983814
:10DB80000A6004F5256100200A6004F654210A6049
:10DB90000021C6E9000184F8B53ABDE8F08102F140
:10DBA000020C01329CFBF1F301FB13CC92FBF1F36D
:10DBB00001FB132205EB4C1C05EB4213DCE90412BC
:10DBC000D3E904C3614572EB0303CBD38E4578EBF5
:10DBD0000202C7D3B0EB0E0067EB0801EAF778FC4E
:10DBE0009FED0C7A07EE900A04F5E86367EE877AFA
:10DBF00093ED007AF4EEC77AF1EE10FACDDDB1E7DD
:10DC000004F50265AEE7044B044A05484C21ECF7E5
:10DC100057FB00BFBD37863578270508AC270508B8
:10DC20001C2805082DE9F04F2DED068B044699B010
:10DC3000D0F8300704F010FF04F6A422D2ED007AE9
:10DC400090ED367AF0EEE77AF4EEC77AF1EE10FA5C
:10DC50000DD804F6A822D2ED007A90ED377AF0EED6
:10DC6000E77AF4EEC77AF1EE10FA804604D919B0DB
:10DC7000BDEC068BBDE8F08F04F69C2304F527620B
:10DC800004F69829D2ED007A93ED006AD9ED000AE6
:10DC9000019304F66C2292ED007A04F6542504F503
:10DCA0002A6292ED008A67EEA00A67EE867A95ED09
:10DCB000006A04F5296304F68C2ADAED006A0393FE
:10DCC00028EE068A93ED006A04F6942204F5256690
:10DCD000E6EE870A04F5286B04F68423E7EE067A5D
:10DCE00004F64C27002192ED006A96ED007ADBEDF8
:10DCF000006A029304F66822A6EE078A05A892ED50
:10DD0000007AE6EE870A04F68822D3ED006AE7EE91
:10DD1000267A92ED007AF0EE678AD7ED007A4C22EF
:10DD2000A7EE278AB0EE609A2FF03FF9022004F0A8
:10DD300043FB0130122800F2F78018AB03EB8000A0
:10DD400000ED138A032004F037FB1228DBF80010E3
:10DD500000F2EA8005AB03EB8002DAF800C0116044
:10DD60004FEA800200F0E08006AB99181128C1F854
:10DD700000C0D9F8001000F0D78007AB1A44052086
:10DD8000116004F019FBDBED007A97ED007A1228A0
:10DD900067EE877A00F2C8809AED007AD6ED006AC5
:10DDA00005AB03EB8002C2ED007A27EE267A4FEA3C
:10DDB000800200F0B980D9ED007AD5ED006A06AB9B
:10DDC0009918112867EEA67A81ED007A00F0AC80F0
:10DDD00007AB1A44C2ED007A072004F0EDFA1228CE
:10DDE00000F2A28018AB03EB800004F5E763D3EDEB
:10DDF000007AD8ED359ADFF850A19FED4F0A40F830
:10DE00004CACB7EE007A87EE27AA04F6AC2304F5F3
:10DE1000C069002205A94846D3ED007A04F51463D1
:10DE200079EEA79AD3ED000AF0EE4A1A79EE600A6D
:10DE3000B0EE691AFFF700FE4C22002105A82FF072
:10DE4000B4F8022004F0B8FA1228B1EE488A6BD870
:10DE500018AB03EB800000ED138A032004F0ACFA4A
:10DE6000029B12281A685FD805A901EB80031A608B
:10DE7000039A4FEA8003116856D006AA1A44112863
:10DE8000116001990A684FD007A8034405201A6061
:10DE900004F092FA029B97ED007AD3ED007A1228F3
:10DEA00067EE877A40D8039AD6ED006A92ED007A41
:10DEB00005AB03EB800327EE267AC3ED007A4FEA29
:10DEC000800231D00199D5ED006AD1ED007A06AB20
:10DED0001344112867EEA67A83ED007A24D007ABAD
:10DEE0001344C3ED007A072004F066FA01301228CB
:10DEF0001AD804F6441418AB03EB8003D4ED000ADF
:10DF00009FED0D0A43F84CAC78EEE00AF0EE4A1AA9
:10DF1000B0EE691A002205A94846FFF78DFD19B039
:10DF2000BDEC068BBDE8F08F044B054A05484FF465
:10DF3000B771ECF7C5F900BF000000008C28050898
:10DF4000C4280508F0090508000080BF2DE9F04F3E
:10DF50002DED048B06468FB0D0F830070F4604F045
:10DF60007BFD40F2A4520021044638462FF01DF8F4
:10DF7000012004F021FA06F68823D3ED007A94ED0F
:10DF8000147A67EEA77A06F6582567EE877A95ED3C
:10DF9000007A122867EE877A00F2B18100EB8000E8
:10DFA00007EB001393ED007A77EE877A06F694225A
:10DFB000C3ED007A92ED007A94ED156AD5ED006A12
:10DFC00027EE077A06F52A6227EE067AE7EE267A2A
:10DFD000C3ED007A92ED007A94ED166AD5ED006AF1
:10DFE00096F8B52A27EE077A27EE067AE7EE267A24
:10DFF000C3ED007A002A40F07F81D4ED178A94EDBA
:10E00000189A94ED198ACDED058A00230220CDE9F6
:10E010000633CDE90A3308930C938DED099A8DED03
:10E020000D8A04F0C9F906F52862D2ED003AD5ED63
:10E03000004A06F6842292ED004A06F68C22D2EDC2
:10E04000002A06F5296292ED003A00EBC00306F6BD
:10E05000982292ED007A034406F69C221128D2ED14
:10E06000006A07EBC30300F251819FEDAB6A67EED4
:10E07000087A26EE888A27EE065A66EE865AE2EE7F
:10E08000867A0320A3EE068AF0EE451AB0EE652AE2
:10E09000E2EE891AA3EE092AA4EE068AE3EE867A56
:10E0A000E3EE861AA4EE062AA2EE865AE3EE065A9C
:10E0B00027EE276A66EEA77A27EE087A66EE886A68
:10E0C000A3EEA85AE4EE285AA2EEA16AE3EE217A62
:10E0D000A2EE827AE3EE026AA3EE856AE4EE057AA6
:10E0E000A3EEA57AE4EE256A64EEA77A24EE877A99
:10E0F00024EE866A64EEA64A83ED017AC3ED137AB4
:10E1000083ED006AC3ED144A04F056F981460420F9
:10E1100004F052F98046062004F04EF983460520AB
:10E1200004F04AF98246072004F046F90290D6F836
:10E13000300704F091FC0190D6F8300704F08CFC15
:10E14000D5ED007A94ED1A7AB9F1120F67EE877A5D
:10E1500000F2D58009EB890607EB0616C6ED007ABA
:10E16000D5ED007A94ED1D7AB8F1120F67EE877A3B
:10E1700000F2C58008EB880207EB0212C2ED007ABC
:10E18000D5ED007A94ED207ABAF1120F67EE877A16
:10E1900000F2B5800AEB8A0C07EB0C1CCCED007A80
:10E1A000D5ED007A94ED237ABBF1120F67EE877AF2
:10E1B00000F2A5800BEB8B0E07EB0E1ECEED007A66
:10E1C000D0ED117A0199029B91ED326AD5ED006A8A
:10E1D000039067EEA77A122B77EEA77A87EE867AFE
:10E1E00067EE267A00F28B8003EB830007EB0017C3
:10E1F000C7ED007AD4ED1B7A95ED007AB9F1120FD4
:10E2000067EE877A7BD0C6ED147AD5ED007A94ED6F
:10E210001E7AB8F1120F67EE877A70D0C2ED147AC9
:10E22000D4ED217A95ED007ABAF1120F67EE877A74
:10E2300065D0CCED147AD4ED247A95ED007ABBF15B
:10E24000120F67EE877A5AD00398CEED147AD0ED8C
:10E25000127A91ED336AD5ED006A67EEA77A122B38
:10E2600077EEA77A87EE867A67EE267A47D0C7EDF3
:10E27000147AD4ED1C7A95ED007AB9F1110F67EE9E
:10E28000877A3CD0C6ED287AD4ED1F7A95ED007AD6
:10E29000B8F1110F67EE877A31D0C2ED287AD4ED4C
:10E2A000227A95ED007ABAF1110F67EE877A26D0BF
:10E2B000CCED287AD4ED257A95ED007ABBF1110FDB
:10E2C00067EE877A1BD0CEED287AD0ED137A91EDE8
:10E2D000346AD5ED006A67EEA77A112B77EEA77A3C
:10E2E00087EE867A67EE267A09D0C7ED287A0FB0D6
:10E2F000BDEC048BBDE8F08F00221A607DE6074B71
:10E30000074A08484FF4B771EBF7DAFF064B074AA4
:10E3100007488421EBF7D4FF000000008C28050893
:10E3200098290508F00905086C2A0508FC2A050843
:10E33000F02B05082DE9F041D0F898282DED048B3D
:10E340000025022A94B080F8615680F8C55680F8FE
:10E350002957C0F82C5740F38C80D0F894380333F9
:10E3600093FBF2F102FB113303EB430300F5096267
:10E3700002EBC303D3E9046793ED088AD0F8202A9F
:10E38000D0F8243A9F4208BF9642044600F522681E
:10E3900007D0D0F85009D4F85419B04271EB0703F4
:10E3A00008D294F8B03A002B5BD014B0BDEC048BCB
:10E3B000BDE8F081801B61EB0701EAF789F89FED6A
:10E3C000337A07EE900A04F2547367EE877A93ED7E
:10E3D000007AF4EEC77AF1EE10FAE2D8B0EE480A0D
:10E3E00007F0FEFAF0EE408AB0EE480A07F032FB82
:10E3F000F4EE408AF1EE10FAB0EE408AD1D64C220B
:10E40000294601A82EF0D1FD284603F0D5FF122899
:10E4100035D814AB03EB8000B7EE009A00ED139AE9
:10E42000D4F8340704F042FB04F24473D3ED001A2D
:10E4300028EE088A04F50F63B0EE021AA8EE001A5F
:10E440002A4601A9C9EE211A04F5C060D3ED000ADD
:10E45000B0EE680AFFF7F0FAC4F8206AC8F8047052
:10E460009FE7204614B0BDEC048BBDE8F041FFF7F8
:10E47000D9BB074B074A08484C21EBF721FF074B54
:10E48000074A08484FF4B771EBF71AFFBD378635D6
:10E49000782705082C2C05081C2805088C28050859
:10E4A000C4280508F00905082DE9F04FC5B00DF1A5
:10E4B000570525F00F050446C022002128462EF0FE
:10E4C00074FD05F1100318461193EEF7FBF8DFED2C
:10E4D0006C7A4FF07E5204F5166CAA63EA632A64E4
:10E4E0006A64AA64EA64C5ED087AC5ED097AC5EDE7
:10E4F0000A7AC5ED0B7AC5ED0C7AC5ED0D7AC5ED3E
:10E50000147AC5ED157AC5ED167AC5ED1A7AC5ED02
:10E510001B7AC5ED1C7AC5ED1D7AC5ED1E7AC5EDD9
:10E520001F7AC5ED207AC5ED217AC5ED227AC5EDB9
:10E53000237AC5ED247AC5ED257AC5ED267AC5ED99
:10E54000277AC5ED287AC5ED297AC5ED2A7AC5ED79
:10E550002B7A2A68CCF8002005F138016A68CCF8DB
:10E56000042005F1200305F12C02089105F1740146
:10E570000693079205F1500305F168020C9105F12D
:10E5800080010A930B9204F6C81304F6D4120D917D
:10E5900004F51E6100930192119B029105F18C021A
:10E5A00004F6EC110E92039105F1A40205F1980115
:10E5B0000F9110920FCB04F5176888E80F0005F152
:10E5C00044060698099604F6F815049504F6042501
:10E5D000059507C804F5186B8BE80700079807C86E
:10E5E00004F68C1A8AE80700089807C804F6981EF3
:10E5F0008EE80700099807C804F6A41787E8070003
:10E600000A9807C804F51B6686E807000B98009B6C
:10E6100007C804F51C69C9ED007AC9ED017A83E8E1
:10E6200007000C98019B07C883E807000D9A029B1E
:10E6300007CA83E807000E9A039B07CA83E807000E
:10E640000F98049D636807C885E80700109A059D28
:10E6500007CA9FED096B85E807004FF0000233F011
:10E6600002008CED2C6B84F81C2AC4F8183A09D0EF
:10E6700045B0BDE8F08F00BF0000000000000000C2
:10E680000000000004F50F631A685B68CCF80430E2
:10E6900004F51063CCF800201B68C8F8003004F6BD
:10E6A00004131A6804F674131A6004F608131A683F
:10E6B00004F678131A6004F60C131A6804F67C1337
:10E6C0001A6004F511631B68CBF8003004F61413CC
:10E6D0001A6804F684131A6004F618131A6804F60C
:10E6E00088131A6004F61C131B68CAF8003004F57E
:10E6F00012631A6804F519631A6004F624131A6881
:10E7000004F694131A6004F628131B68CEF8003040
:10E7100004F62C131A6804F69C131A6004F51363AC
:10E720001A6804F51A631A6004F634131B683B6018
:10E7300004F638131A6804F6A8131A6004F63C139A
:10E740001A6804F6AC131A6004F514631B6833608E
:10E7500004F644131A6804F6B4131A6004F515633A
:10E76000D3E9006704F6481304F6B812196894F860
:10E77000B53A116004F52162C2E9006784F81C3AD9
:10E7800003F01AFE122800F2808100EB800004F1F1
:10E79000100505EB001090ED000AB5EE400AF1EE11
:10E7A00010FA00F11A82F1EEC07A0120C9ED007A68
:10E7B00003F002FE122800F2688100EB800005EBF6
:10E7C000001090ED000AB5EE400AF1EE10FA00F1EB
:10E7D000FF81F1EEC07A0220C9ED017A03F0ECFD71
:10E7E000122800F2528100EB800605EB061696ED2A
:10E7F000000AB5EE400AF1EE10FA00F1E281F1EE06
:10E80000C07A009B1228C3ED007A00F03E8196ED9D
:10E81000140AB5EE400AF1EE10FA00F1CD81F1EEE6
:10E82000C07A04F6CC13D04A0320C3ED007A04F575
:10E830001D631A6003F0C0FD0646042003F0BCFD12
:10E840000746052003F0B8FD8046062003F0B4FD1E
:10E850008146072003F0B0FD122E824600F215819A
:10E8600006EB860B05EB0B1B9BED000AB5EE400A91
:10E87000F1EE10FA58BFF1EEC07A00F19881019BD9
:10E88000122FC3ED007A00F2008107EB870305EB3E
:10E89000031393ED000AB5EE400AF1EE10FA58BFEB
:10E8A000F1EEC07A00F17C81029AB8F1120FC2ED4C
:10E8B000007A00F2EA8008EB880205EB021292ED82
:10E8C000000AB5EE400AF1EE10FA58BFF1EEC07A38
:10E8D00000F15D810399B9F1120FC1ED007A00F2E8
:10E8E000D48009EB890105EB011191ED000AB5EE29
:10E8F000400AF1EE10FA58BFF1EEC07A00F13C8107
:10E900000498BAF1120FC0ED007A00F2BE800AEB53
:10E910008A0005EB001595ED000AB5EE400AF1EE10
:10E9200010FA58BFF1EEC07A00F112810598122E4C
:10E93000C0ED007A00F0A9809BED140AB5EE400A04
:10E94000F1EE10FA58BFF1EEC07A00F1F68004F64D
:10E95000D810122FC0ED007A00F0978093ED140AC2
:10E96000B5EE400AF1EE10FA58BFF1EEC07A00F1B0
:10E97000D98004F6E410B8F1120FC0ED007A00F06F
:10E98000848092ED140AB5EE400AF1EE10FA58BFF9
:10E99000F1EEC07A00F1BB8004F51F60B9F1120FEF
:10E9A000C0ED007A71D091ED140AB5EE400AF1EE97
:10E9B00010FA58BFF1EEC07A00F19E8004F6FC1008
:10E9C000BAF1120FC0ED007A5FD095ED140AB5EEE2
:10E9D000400AF1EE10FA58BFF1EEC07A00F18180E2
:10E9E00004F60820112EC0ED007A4ED09BED280AC7
:10E9F000B5EE400AF1EE10FA68D4F1EEC07A04F6F2
:10EA0000DC10112FC0ED007A3FD093ED280AB5EE4F
:10EA1000400AF1EE10FA50D4F1EEC07A04F6E81391
:10EA2000B8F1110FC3ED007A2FD092ED280AB5EEA0
:10EA3000400AF1EE10FA39D4F1EEC07A04F6F4137C
:10EA4000B9F1110FC3ED007A1FD091ED280AB5EE90
:10EA5000400AF1EE10FA24D4F1EEC07A04F52063F6
:10EA6000BAF1110FC3ED007A0FD095ED280AB5EE7B
:10EA7000400AF1EE10FA0FD4F1EEC07A04F60C243D
:10EA8000C4ED007A45B0BDE8F08F384B384A3948BC
:10EA90004FF4B771EBF714FC2CF040FBF0EE407A2A
:10EAA000ECE72CF03BFBF0EE407AD7E700912CF03E
:10EAB00035FB0099F0EE407AC0E7CDE900212CF05B
:10EAC0002DFBDDE90021F0EE407AA7E7CDE9013129
:10EAD00000922CF023FBDDE90131009AF0EE407A40
:10EAE0008DE7CDE9013100922CF018FBDDE9002320
:10EAF0000299F0EE407A73E7CDE9013100922CF0F3
:10EB00000DFBDDE900230299F0EE407A56E7CDE9EE
:10EB1000013100922CF002FBDDE900230299F0EEB6
:10EB2000407A39E7CDE9013100922CF0F7FADDE9BE
:10EB300000230299F0EE407A1BE7CDE90131009203
:10EB40002CF0ECFADDE900230299F0EE407AFEE6C3
:10EB5000CDE9013100922CF0E1FADDE900230299C0
:10EB6000F0EE407AE2E600BF880A863F8C2805086E
:10EB700098290508F0090508CDE9013100922CF02B
:10EB8000CDFADDE900230299F0EE407AB8E6CDE94E
:10EB900000232CF0C3FADDE90023F0EE407A99E679
:10EBA00000932CF0BBFA009BF0EE407A7CE62CF050
:10EBB000B5FAF0EE407A62E62CF0B0FAF0EE407A68
:10EBC0002FE606902CF0AAFA0698F0EE407A18E6A6
:10EBD0002CF0A4FAF0EE407AFDE52CF09FFAF0EE6E
:10EBE000407AE2E52DE9F84F00F69C232DED0C8BE1
:10EBF000D3ED009A00F6642393ED007A00F52663C6
:10EC0000D3ED005A00F6582600F6982200F52A6344
:10EC1000D6ED007A92ED009AD3ED00CA00F68C236F
:10EC200093ED00BA00F5296327EE899A67EEA99A59
:10EC300093ED00AA69EE076A27EE8AAA00F5286319
:10EC400029EE877AD3ED00BA00F6842327EE8BBA3B
:10EC5000AAEE257A00F65C220C46D3ED00AA92EDCE
:10EC6000006A67EEAAAAEBEE256A00F6882340F256
:10EC7000A452AAEE867A0021054667EEABBA93ED60
:10EC800000CAEBEE866A00F694232046F0EE478A2F
:10EC900093ED007A67EEACCA27EE8CCA27EE878A1E
:10ECA000B0EE66DA2EF081F9002003F085FB07460E
:10ECB000012003F081FB122FD6ED007A00F26A8268
:10ECC000122800F2678200EBC00300EB43033B44D1
:10ECD00004EB8303F1EE677AC3ED007A95F8B53A59
:10ECE000002B40F0FD81012003F066FB0746002069
:10ECF00003F062FB9FED3A7AD6ED007A122F67EEB1
:10ED0000877A00F24782122800F2448200EBC003A7
:10ED100000EB4300384404EB8000C0ED007A022091
:10ED200003F04AFB122800F2358200EBC00300EB2F
:10ED30004300384404EB8003F1EE4D6AC3ED008AD2
:10ED400000F02882C3ED136A032003F035FB12287C
:10ED500000F2208200EBC00300EB43033B4404EBD2
:10ED6000830282ED00CA00F01582112882ED138A19
:10ED700000F01082C2ED26CA052003F01DFB05F647
:10ED80004C23D3ED007A12286CEE277A00F202822F
:10ED900000EBC00300EB43033B4404EB8302C2EDF2
:10EDA000007A05F52562D2ED007A68EE277A00F048
:10EDB000F18104EB8302C2ED137A05F65422D2ED01
:10EDC000007A11286CEEA77A00F0E48104EB83034B
:10EDD000C3ED267A95F8B53A002B40F0AE8101E0FC
:10EDE00031615136022003F0E7FA0746042003F0B0
:10EDF000E3FA00EBC00300EB43033B44112F04EBA9
:10EE0000830300F2CE81102800F2CB81C3ED00BA5B
:10EE1000C3ED01AA83ED13BA83ED14AA83ED269AFC
:10EE2000C3ED279A062003F0C7FAD5F82828022A4E
:10EE300040F3BD81D5F82438033393FBF2F102FB94
:10EE4000113305EB431303F64403D3ED007A122884
:10EE50006BEEA77A00F29E8100EBC00200EB42024B
:10EE600007EB020104EB8101C1ED007AD3ED017AD9
:10EE70006BEE277A00F08E8102F1130107EB010C93
:10EE800004EB8C0CCCED007AD3ED027A112869EEFC
:10EE9000277A00F07F8102F1260C07EB0C0004EBCF
:10EEA0008000C0ED007AD3ED007A013767EEAA7AD0
:10EEB0003A4404EB8202C2ED007AD3ED017A394480
:10EEC00067EE8A7A04EB8101C1ED007AD3ED027A14
:10EED000674467EEA97A04EB8707C7ED007A032041
:10EEE00003F06AFA8146042003F066FA80460520A2
:10EEF00003F062FA0746062003F05EFA8246072016
:10EF000003F05AFA8346D5F8300703F0A5FDD0ED9B
:10EF1000266AFFEE007A87EEA67AB9F1120F034651
:10EF2000D6ED006A27EE267A00F2348109EB8900DB
:10EF300004EB001080ED007A93ED296AD6ED006AAB
:10EF400087EE867AB8F1120F27EE267A00F2228138
:10EF500008EB880104EB011181ED007A93ED2C6A36
:10EF6000D6ED006A87EE867A122F27EE267A00F217
:10EF7000118107EB870204EB021282ED007A93ED18
:10EF80002F6AD6ED006A87EE867ABAF1120F27EE65
:10EF9000267A00F2FF800AEB8A0504EB051585ED61
:10EFA000007A93ED326AD6ED006A87EE867ABBF17D
:10EFB000120F27EE267A00F2ED800BEB8B0C04EBA0
:10EFC0000C1484ED007A93ED276AD6ED006A87EE83
:10EFD000867AB9F1120F27EE267A00F0DB8080EDF9
:10EFE000147A93ED2A6AD6ED006A87EE867AB8F134
:10EFF000120F27EE267A00F0CD8081ED147A93ED82
:10F000002D6AD6ED006A87EE867A122F27EE267AD1
:10F0100000F0C08082ED147A93ED306AD6ED006A7C
:10F0200087EE867ABAF1120F27EE267A00F0B280C8
:10F0300085ED147A93ED336AD6ED006A87EE867A11
:10F04000BBF1120F27EE267A00F0A48084ED147A2B
:10F0500093ED286AD6ED006A87EE867AB9F1110F32
:10F0600027EE267A00F0968080ED287A93ED2B6AC1
:10F07000D6ED006A87EE867AB8F1110F27EE267A70
:10F0800000F0888081ED287A93ED2E6AD6ED006A33
:10F0900087EE867A112F27EE267A7BD082ED287AAA
:10F0A00093ED316AD6ED006A87EE867ABAF1110FD8
:10F0B00067EE267A6ED0C5ED287A93ED347AFFEEAE
:10F0C000006AC6EE877ABBF1110F96ED007A67EE03
:10F0D000877A5FD0BDEC0C8BC4ED287ABDE8F88F41
:10F0E00004EB870000F5856200230360C364C0F869
:10F0F0009830C0F8E430C0F83031C0F87C31C0F846
:10F10000C831C0F81432C0F86032C0F8AC32C0F870
:10F11000F832C0F84433C0F89033C0F8DC331360E1
:10F1200000F27442136000F59862136000F20C5212
:10F1300000F5AB6013600360D5E504EB870707F5C6
:10F14000856200233B60FB64C7F89830C7F8E43061
:10F15000C7F83031C7F87C31C7F8C831C7F8143266
:10F16000C7F86032C7F8AC32C7F8F832C7F8443392
:10F17000C7F89033C7F8DC33136007F274421360AA
:10F1800007F59862136007F20C5207F5AB6713603E
:10F190003B6027E6094B0A4A0A484FF4B771EBF780
:10F1A0008FF8094B094A0A488421EBF789F8094B83
:10F1B000094A0A484C21EBF783F800BF8C28050860
:10F1C00098290508F00905086C2A0508A82C0508E7
:10F1D000F02B050878270508AC2705081C2805082A
:10F1E0002DE9F84F01232DED028B9046436000225C
:10F1F0000023C0E902230446894600F2146300F5A7
:10F20000E8660025002743F8145C43F8105C43F8D7
:10F210000C5C43F8085C43F8045CA3F84C70184697
:10F220004C2200212DF0C1FE03466433B342EAD1E3
:10F23000D04BC4F83837D04BC4F84037CF4BD04A06
:10F24000C4F84837CF4BC4F83C27C4F8503702F114
:10F250007D4203F1CF7302F5570203F5DF3302F667
:10F260003D2277334FF0FF36C4F83487C4F8442783
:10F270004FF00308C44AC4F85437C44B2360C4F8A1
:10F280003097C4F84C27C4F85887C4F85C6720222C
:10F290000021C4F82C77C4F8607704F5ED602DF0F8
:10F2A00084FE2022002104F5F1602DF07EFE202254
:10F2B000002104F5F5602DF078FEC4F8C887C4F885
:10F2C000CC6748220021C4F8D07704F5FB602DF00C
:10F2D0006CFEC4F82088C4F8246820220021C4F8F9
:10F2E000287804F503602DF060FE2022002104F54B
:10F2F00005602DF05AFE2022002104F507602DF054
:10F3000054FE00214822C4F89088C4F89468C4F8D8
:10F31000987804F50A602DF048FE04F50F6304F5B3
:10F3200010601D605D60EDF7CDF904F511634FF0DD
:10F330007E561D6004F6141304F516681D6004F66D
:10F3400018134FF0000A1D6004F61C134FF0000B59
:10F350001D6004F5126304F517601D6004F62413A4
:10F3600004F5E7691D6004F62813B0EE008A1E60FC
:10F3700004F62C131E6004F513631E6004F63413A8
:10F380001E6004F638131E6004F63C131E6004F57C
:10F3900014631D6004F644131D6004F648131D60D9
:10F3A00004F51563C3E900ABC8F80050C8F8045071
:10F3B000EDF788F904F5186204F51C63156004F68E
:10F3C000841204F62820156004F68812156004F6ED
:10F3D0008C12156004F51962156004F6941215601C
:10F3E00004F69812166004F69C12166004F51A6270
:10F3F000166004F6A412166004F6A812166004F64D
:10F40000AC12166004F51B62156004F6B4121560A8
:10F4100004F6B81215601D605D6004F6C8131D6027
:10F4200004F6CC131D6004F51D631D6004F6D413AF
:10F430001D6004F6D8131D6004F6DC131D6004F58E
:10F440001E631D6004F6E4131D6004F6E8131D60DE
:10F4500004F6EC131D6004F51F631D6004F6F4133D
:10F460001D6004F6F8131D6004F6FC131D6004F51E
:10F4700020631D6004F604231D6004F608231D604C
:10F4800004F60C231D60D9ED000AC8E92CAB04F585
:10F49000226304F5E968C8EE200AC4F8187A84F8F3
:10F4A0001C7AC3E900AB98ED000A04F061F8D9EDCD
:10F4B000000A98ED000AC8EE200A04F6342004F091
:10F4C00057F804F52460D9ED000A98ED000AC8EE5B
:10F4D000200A04F04DF804F64C2304F65C211D606C
:10F4E00004F52563BDEC028B1D6004F65423284A05
:10F4F0001D6004F6582320461D600D6004F526614A
:10F500000D6004F664210D6004F668210D6004F6B8
:10F510006C210D6004F527610D6004F674210D6007
:10F5200004F678210D6004F67C210D6004F5286155
:10F530000E6004F684210D6004F688210D6004F647
:10F540008C210D6004F529610E6004F694210D6094
:10F5500004F698210D6004F69C210D6004F52A61E3
:10F560000E60DA641A655A6584F8B07AA4F8B47A41
:10F57000BDE8F88F0AD7233CCDCC4C3E0000C842F2
:10F58000CDCC4C3F23DBF93C00401C466C9D05086C
:10F59000002474490B7B23B1D0F834278B689A423E
:10F5A00000D0704700F5F96210B41CCA944203F110
:10F5B00001031BDA03EB430200EBC2020134C0F883
:10F5C000D047C0F8CC374C680B688868D1F80CC0BD
:10F5D000C2F8E4C7C2F8D837C2F8DC47C2F8E0077F
:10F5E0000B69C2F8E8375DF8044B704793FBF2F4FF
:10F5F00002FB143303EB430200EBC2020C68D1F8A8
:10F600000CC0C0F8CC3748688B68C2F8E037C2F845
:10F61000E4C7C2F8D847C2F8DC070C69C2F8E8476B
:10F62000E1E700BF2DE9F04F01F5166693B03268AF
:10F630000260726842608C4600F11002054600923A
:10F6400000F1200900F12C070CF6A41238300190CB
:10F6500004920CF51B6005F144020CF6C81E01F57E
:10F66000186A01F68C1803920690CDF820E005F197
:10F67000980005F1680E05F1A40201F5176301F683
:10F680009811029105F15004CDF81CE00E900CF693
:10F69000D41E10920FCB0594CDF828E00CF6F81488
:10F6A00005F1740ECDF824E00F940CF51E6E0CF6E7
:10F6B0000424CDF830E0119405F1800E009CCDF8C3
:10F6C0002CE00CF6EC1ECDF834E084E80F009AE84C
:10F6D000070089E8070098E8070087E80700029913
:10F6E000019B07C983E80700049B93E80700039B7D
:10F6F00083E807000CF51C6B0698DBF80040DBF88C
:10F70000043007C8059F87E80700089A6B6607CA98
:10F71000079B2C6683E807000A9C099B94E8070076
:10F7200083E807000C980B9B07C883E807000D9936
:10F730000E9BDCF8184A9CF81CCA07C905F18C0E10
:10F740008EE807000F9A07CAD6E92C6783E80700FE
:10F75000119B93E80700109B83E807002846C5E942
:10F760002C67C5F8B84085F8BCC013B0BDE8F08F71
:10F7700038B500F5EC620446D2E90201D4F86037EE
:10F78000D4F85C572DED028BC4F8283804F50263D9
:10F79000C4F82458C3E9040104F5EE6004F6380106
:10F7A0000068086004F27471086804F63C0108609F
:10F7B00004F5EF61086804F50461086004F27C71E7
:10F7C000086804F64401086004F5F061086804F66E
:10F7D0004801086004F28471086804F64C0108606E
:10F7E000D2E90A01C3E90C0104F5F26004F65801FC
:10F7F0000068086004F29471086804F65C0108600F
:10F8000004F5F361086804F50661086004F29C7170
:10F81000086804F66401086004F5F461086804F6F9
:10F820006801086004F2A471086804F66C010860BD
:10F8300092ED127B83ED147B04F5F66004F67801FB
:10F840000068086004F2B47204F67C0312681A605F
:10F8500004F5F763D4F8D0071A6804F508631A6052
:10F8600004F2BC731A6804F684031A6004F5F863A2
:10F870001A6804F688031A6004F2C4731A6804F65E
:10F880008C031A60D4F8D827C4F8A028D4F8E82745
:10F89000D4F8DC17C4F8B028D4F8CC27D4F8F4C7CF
:10F8A000D4F8F037C4F89808C4F8A418D4F8FC07C2
:10F8B000D4F8F817C4F89428D4F8E027C4F8A82896
:10F8C000D4F8E427C4F8AC28D4F80828C4F8D02821
:10F8D000D4F81828C4F8E028D4F80C28C4F8B838AC
:10F8E000C4F8C018D4F80038D4F81018C4F8D428D4
:10F8F000D4F81428C4F8C838C4F8DC28C4F8BCC844
:10F90000C4F8D818C4F8C40804F6282003F042FE4E
:10F9100004F63420F0EE408A03F03CFE04F5246047
:10F92000B0EE408A03F036FE04F64C2204F525635F
:10F93000C2ED008A83ED008ABDEC028B04F65424EC
:10F9400084ED000A38BD00BF70B5044600F65822A9
:10F9500004F65C25002390F8B46A13602B6004F56C
:10F9600026654FF07E502B6004F6642527492B60F6
:10F9700004F668252B6004F66C252B6004F52765DA
:10F980002B6004F674252B6004F678252B6004F6B2
:10F990007C252B6004F52865286004F684252B60FF
:10F9A00004F688252B6004F68C252B6004F5296568
:10F9B000286004F694252B6004F698252B6004F645
:10F9C0009C252B6004F52A6300251860D16411651D
:10F9D000516584F8B05A06B970BD4FF0FF33C4F8D2
:10F9E0005C37C4F8CC3704F62820C4F86057C4F854
:10F9F000D05703F0E7FD04F6342003F0E3FD04F5EF
:10FA0000246003F0DFFD84F8B45A70BD002474490B
:10FA100030B44FF0FF34C0F82448C0F8944800F6E2
:10FA20004C240022002301254560C0F82838C0F886
:10FA300098389FED097B226000F6542100F525647B
:10FA400022600A6000F5156282ED007B30BC80F810
:10FA5000B53A7047AFF300800000000000000000DE
:10FA60002DE9F04F2DED068B8FB00446002700F1F5
:10FA700010091E9D0760F7EE008A476048461E4643
:10FA800092468B46ECF71EFE27626762A762E7622A
:10FA90002763676327656765A765C4ED0E8AC4EDB4
:10FAA0000F8AC4ED108AC4ED118AC4ED128AC4ED28
:10FAB000138AD5ED017A05F11007F1EE677AC4EDEE
:10FAC000007A3846ECF7B0FF3846B0EE409AECF7D3
:10FAD000B7FF3846B0EE408AECF7A0FF3846F0EEAC
:10FAE000409AECF7A7FF60EE697A3846E9EE087AAB
:10FAF0000DF11F0828F00F0837EEA79AECF79AFFD0
:10FB00003846B0EE40AAECF79BFF3846F0EE409A3C
:10FB1000ECF784FF3846B0EE408AECF785FF68EEDC
:10FB2000007A3846EAEE297A37EEA78AECF77CFFAE
:10FB30003846F0EE40AAECF777FF3846B0EE40AA20
:10FB4000ECF778FF3846F0EE409AECF773FF69EE79
:10FB5000809ADBED017A9BED007ADBED025AEAEE4A
:10FB60008A9A01A968EE277AB0EE006AF0EE686A18
:10FB7000E9EEC66AE7EE097A9FED697AE5EEA67AC4
:10FB8000B6EE006A77EE877AC4ED017ADAED006AA4
:10FB90009AED017ADAED027A66EE866A27EE067A47
:10FBA00067EE867A08F1100A5046CDED016A8DEDB8
:10FBB000027ACDED037AECF793FD52463946404682
:10FBC000ECF736FE98E80F0089E80F0096ED006A22
:10FBD000D5ED086AFFEE007A87EE867A204627EE9A
:10FBE000267A84ED087A96ED036AD5ED0B6A87EEE6
:10FBF000867A27EE267A84ED0B7A96ED066AD5EDA5
:10FC00000E6A87EE867A76EEE86A27EE267A84ED2B
:10FC10000E7A96ED096AD5ED116A87EE867A76EE50
:10FC2000E86A27EE267A84ED117A96ED0C6AD5ED16
:10FC3000146A87EE867A27EE267A84ED147A96ED9A
:10FC4000016AD5ED096A87EE867A27EE267A84ED79
:10FC5000097A96ED046AD5ED0C6A87EE867A27EE6E
:10FC6000267A84ED0C7A96ED076AD5ED0F6A87EE59
:10FC7000867A76EEE86A27EE267A84ED0F7A96ED9C
:10FC80000A6AD5ED126A87EE867A76EEE86A27EE82
:10FC9000267A84ED127A96ED0D6AD5ED156A87EE17
:10FCA000867A27EE267A84ED157A96ED026AD5EDEE
:10FCB0000A6A87EE867A27EE267A84ED0A7A96ED2E
:10FCC000056AD5ED0D6A87EE867A27EE267A84EDF1
:10FCD0000D7A96ED086AD5ED106A87EE867A76EE93
:10FCE000E86A27EE267A84ED107A96ED0B6AD5ED58
:10FCF000136A87EE867A76EEE86A27EE267A84ED36
:10FD0000137A96ED0E6AD5ED166A87EE867A67EE5F
:10FD1000267AC4ED167A0FB0BDEC068BBDE8F08FE5
:10FD2000CDCC1C412DE9F04F2DED048B9A46ADF55D
:10FD3000077D81460292DAF800200260DAF804209A
:10FD4000426000F1100216460D460A9200F12001B1
:10FD500009F1380203910AF12C00059209F15001D2
:10FD60000AF1500210330490079206910FCB0AF16A
:10FD7000200B86E80F009BE80700039B83E8070041
:10FD8000049807C809F12C0888E807000AF1380729
:10FD900097E80700059B069E83E807000AF1440EDA
:10FDA0009EE8070009F1440C8CE80700079AAB684D
:10FDB00007CAB1EE087AF0EE087AF6EE008A002B58
:10FDC00080EE079A86E80700C0EE279A60EE288A40
:10FDD00040F32A81CDF800A0696801310DF13F049C
:10FDE00091FBF3F203FB121124F00F04490104F517
:10FDF000C07701F124021831029B2A442944384675
:10FE0000B0EE408AFFF72CFE3946B0EE490A204694
:10FE100002F078FD2146484602F03AFBAB68012B20
:10FE200040F302816E68023604F1600B96FBF3F238
:10FE300003FB1266B0EE680A76013946584602F0B6
:10FE400061FD06F11808524659462046243602F054
:10FE5000B1FB2E4404F59070A844029B00943246F6
:10FE600041460646FFF7FCFD3146B0EE690A2046E2
:10FE7000039602F047FD2146484602F009FBAB68B5
:10FE8000012B40F3D1806E680399023696FBF3F2A2
:10FE900003FB1266760104F1C002B0EE680A104658
:10FEA00006F118082436A8442E44049202F02AFDD4
:10FEB00004995246584602F07DFB32464146029B69
:10FEC000CDF800B02046FFF7CBFD2368C4F88031A1
:10FED00004F110026368C4F8843104F12000059035
:10FEE0000B920FCA04F5C87686E80F00059804F156
:10FEF0002C0C07C8CDF818C0069E04F5D07383E813
:10FF0000070096E8070004F1380CCDF81CC004F196
:10FF1000440C04F5D673CDF820C004F1500C83E8EE
:10FF20000700CDF824C0079E96E80700089E04F558
:10FF3000DC7888E8070096E8070004F5E27E8EE8A2
:10FF40000700099A07CA04F5E87C8CE80700B0EEC0
:10FF5000690A3946204602F0D5FC2146484602F09F
:10FF600097FAAA68022A5FDD6B680333394693FB70
:10FF7000F2F0049F02FB10335B01B0EE480A3846F2
:10FF800003F1180624332E441D4402F0BBFC5246F4
:10FF90003946584602F00EFB029BCDF800B02A46C7
:10FFA00031462046FFF75CFD23680B9AC4F82031E8
:10FFB0006368C4F824310FCA04F5987585E80F000A
:10FFC0000598069B07C804F5A07888E8070093E821
:10FFD000070004F5A67E8EE80700079807C804F519
:10FFE000AC7C8CE80700089B93E8070004F5B27727
:10FFF00087E80700099A07CA04F5B87686E807007B
:020000040802F0
:10000000B0EE490A0399204602F07CFC214648469E
:1000100002F03EFA0A98ECF717FD48460DF5077D09
:10002000BDEC048BBDE8F08F024B034A03486D2101
:10003000EAF746F9782705089C2D05081C280508CD
:100040002DE9F0412DED028BA4B00DF1270424F031
:100050000F049FED9E8A054604F11007384684ED93
:10006000008A84ED018AECF72DFBD5F8282884ED71
:10007000088A4FF07E56022A84ED098A84ED0A8AA6
:1000800084ED0B8A84ED0C8A84ED0D8AA663E66309
:1000900026646664A664E66484ED148A84ED158A99
:1000A00084ED168A40F30681D5F82418DFED884ADE
:1000B000CB1C05F5026093FBF2FC02FB1C3300EB4A
:1000C0004313D3ED086A93ED076AD3ED065A26EE83
:1000D000A67A05F23C73A6EE067A93ED005AA5EED9
:1000E000A57A05F64C2393ED004AF1EEC77A05F5A3
:1000F000256393ED007A77EEE47A05F65423F0EE6B
:10010000E77AB4EEE75AF1EE10FAD3ED003A00F1D7
:10011000CB8027EE077AA3EEA37AA4EE047AF1EE61
:10012000C77A77EEE47AF0EEE77AB4EEE75AF1EECA
:1001300010FA00F1B9804B1C93FBF2FC02FB1C335C
:1001400000EB4313023193ED065A93ED077AD3ED9A
:10015000087A91FBF2F302FB131100EB411090EDD2
:10016000063AD0ED073A90ED084ADFED5A4A8DED98
:10017000018A35EE035A37EE237A77EE847A75EEEC
:10018000255A37EE067A77EEA67A27EE247A65EEC0
:10019000A46A67EEA47A02AA01A903A804F1600880
:1001A000CDED036A8DED047ACDED057A8DED028AF1
:1001B00005F09EFC4046DDED020A9DED010AB0EE21
:1001C000481A05F057FD98E80F00D5F898C8BCF11B
:1001D000020F87E80F0073DDD5F89438033393FBE3
:1001E000FCF10CFB113305F5096203EB430302EB51
:1001F000C30393ED080A05F0F3FBB4EE400AF1EEF9
:1002000010FA51D605F50F6305F5106283ED000A6B
:1002100083ED018A2369136005F604136069186091
:1002200005F60813A2691A6005F60C13E169196056
:1002300005F5116205F6141382ED008A05F6181112
:1002400083ED008A05F61C1381ED008A05F5126224
:1002500083ED008A05F6241382ED008A05F6281145
:1002600083ED008A05F62C130E6005F513621E60FF
:1002700005F63413166005F638111E6005F63C13BA
:100280000E6005F514621E60012005F6441305F6A4
:10029000481582ED008A83ED008A85ED008A24B03E
:1002A000BDEC028BBDE8F081002024B0BDEC028BD8
:1002B000BDE8F081084B094A09484C21EAF700F8EB
:1002C000054B084A06484C21E9F7FAFF00000000F8
:1002D000CDCC1C41ABAAAA3E78270508AC2705085F
:1002E0001C2805082C2C05082DE9F047044694B07D
:1002F000D0F8300702F0B0FB0546002002F05CF8B1
:10030000D5ED007A122867EEA77A00F23D8114AB92
:1003100003EB800343ED137A012002F04DF8D5ED95
:10032000017A122867EEA77A00F22E8114AB03EB54
:10033000800343ED137A022002F03EF8D5ED027AF5
:10034000122827EEA77A00F21F81D5ED037A01ABC0
:1003500003EB800367EEA77A4FEA800083ED007A13
:1003600000F0128102AB1844C0ED007A032002F0C5
:1003700023F80746042002F01FF80646052002F085
:100380001BF88146062002F017F88046072002F08D
:1003900013F8122FD5ED057A00F2F68067EEA77AF2
:1003A00095ED087A01AB03EB8703002E67EE076A31
:1003B000C3ED007A4FEA870AC0F2E680122E00F3FE
:1003C000E380D5ED0B7A01AB03EB8603B9F1120F95
:1003D00027EEA77AC3ED006A4FEA860100F2D480C7
:1003E000D5ED0E7A01AB03EB8903B8F1120F67EE7E
:1003F000A76A83ED007A4FEA890200F2C580D5ED45
:10040000117A01AB03EB8803122827EEA77AC3ED1C
:10041000006A4FEA880C00F2B780D5ED067A01AB8E
:1004200003EB8003122F67EEA76A83ED007A4FEA91
:10043000800E00F0A980D5ED097A02AB5344122E4C
:1004400027EEA77AC3ED006A00F09E80D5ED0C7A06
:1004500002AB0B44B9F1120F67EEA77A83ED007A75
:1004600000F0928095ED0F7A02AB1344B8F1120FB1
:1004700027EE077AC3ED007A00F08680D5ED127A78
:1004800002AB6344122867EEA76A83ED007A7BD043
:10049000D5ED077A02AB7344112FC3ED006A67EE06
:1004A000A76A71D0D5ED0A7A03AB9A44112E27EED4
:1004B000A77ACAED006A67D0D5ED0D7A1944B9F173
:1004C000110F81ED007A27EEA77A5DD0D5ED107A75
:1004D0001A44B8F1110F82ED007A27EEA77A53D0B3
:1004E000D5ED137A9C44112867EEA77A8CED007A3B
:1004F0004AD07344C3ED007A40F2A452002104F1C3
:1005000010002CF052FD029B2366049BC4F80031BE
:10051000069BC4F8A031089BC4F84032039A0A9B9A
:10052000C4F8B020C4F8E0320199079A0C9B21610D
:10053000C4F8F021C4F8803305990B9AC4F850111F
:1005400004F58463C4F8302309990E9A0D9DC4F80C
:100550009012C4F8D0531A6004F58E630F99196095
:1005600004F59863109A1A6004F5A262119D156053
:100570001299139B04F5AC6204F5B6640120116076
:10058000236014B0BDE8F087034B044A044840F2EE
:10059000AB11E9F795FE00BF14090508182E0508F0
:1005A000F0090508D0F82028D0F828389A4200D061
:1005B0007047D0F89828D0F890389A4210B5044681
:1005C00000D010BDFFF73CFD0028FAD02046FFF711
:1005D0008BFE0028F5D0D4F82818022913DDD4F8B2
:1005E0002438033304F5026293FBF1F001FB10336E
:1005F00002EB4313D3E9040104F515620223C2E9B7
:100600000001636010BD034B034A04484C21E9F725
:1006100057FE00BF78270508AC2705081C280508E9
:100620002DE9F041D0F898182DED048B022994B0F3
:100630007DDDD0F894380333044600F5096293FB5E
:10064000F1F001FB103303EB430302EBC30304F5AA
:100650002267D3E9045693ED088AD4F8202A7B68F0
:100660009E4208BF95421BD0D4F85009D4F85419C3
:10067000A84271EB060313D3401B61EB0601E7F7B9
:1006800027FFDFED316A07EE900A04F2547898ED07
:10069000007A67EEA67AB4EEE77AF1EE10FA04DAA1
:1006A00014B0BDEC048BBDE8F081B0EE480A05F053
:1006B00097F9F0EE408AB0EE480A05F0CBF9F4EE77
:1006C000408AF1EE10FAB0EE408AE9D64C220021C1
:1006D00001A82CF06AFC002001F06EFE12282CD834
:1006E00014AB03EB8000B7EE009A00ED139AD4F838
:1006F000340702F0DBF904F24473D3ED001A28EE5C
:10070000088A04F50F63B0EE021AA8EE001A01A9D8
:100710000022C9EE211A04F5C060D3ED000AB0EE44
:10072000680AFDF789F9C4F8205A7E60B8E7074BDC
:10073000074A08484C21E9F7C3FD074B074A084818
:100740004FF4B771E9F7BCFDBD378635782705084A
:100750002C2C05081C2805088C280508C428050829
:10076000F009050890F8B03A03B17047FDF75ABA9E
:1007700070B50546002001F01FFE0446012001F07F
:100780001BFE122C00F2B88005F1100E04EB84065B
:100790000EEB061605F24C7296ED007AD2ED007A59
:1007A00095F8B53AB4EEE77A002B40F09D80F1EE73
:1007B00010FAC0F29880012385F8B53AC4EB847230
:1007C00006EB82026FF0470101FB042C0CF58565F6
:1007D0000023136053609360D3601361536193618E
:1007E000D361136253629362D3621363536393635F
:1007F000D363136453649364CCF80030CCF84C306A
:10080000CCF89830CCF8E430CCF83031CCF87C31EE
:10081000CCF8C831CCF81432CCF86032CCF8AC3219
:10082000CCF8F832CCF84433CCF89033CCF8DC3345
:100830002B600CF2744500EBC0042B600CF598653E
:1008400000EB44042B600CF20C550CF5AB6C122839
:100850000EEB84022B604FEA8404CCF8003052D8AF
:1008600001FB0020136053609360D36013615361F8
:100870009361D361136253629362D36213635363D0
:100880009363D36313645364936400F585620360D8
:10089000C364C0F89830C0F8E430C0F83031C0F814
:1008A0007C31C0F8C831C0F81432C0F86032C0F8EA
:1008B000AC32C0F8F832C0F84433C0F89033C0F816
:1008C000DC33136000F274420444136000F5986254
:1008D000136000F20C5200F5AB60136003600D4A28
:1008E0000D4B3260236070BDF1EE10FA7FF566AFFC
:1008F000002385F8B53A70BD084B094A09484FF402
:10090000B771E9F7DDFC084B084A09488421E9F78B
:10091000D7FC00BF4054094B00C8AF478C280508DE
:1009200098290508F00905086C2A0508DC2E050839
:10093000F02B050838B50446FFF71AFF022001F036
:100940003BFD122839D804F1100300EB800104F5B7
:10095000EA6203EB0113D2ED007A93ED007AB4EE74
:10096000E77AF1EE10FA08DC122826D093ED147A1B
:10097000F4EEC77AF1EE10FA1ED54FF0FF30C4F84E
:100980002408C4F8940804F64C2000220023012512
:100990006560C4F82838C4F8983804F65421026019
:1009A00004F5256002600A60002004F5156200214C
:1009B000C2E9000184F8B53A38BD034B034A044844
:1009C0004FF4B771E9F77CFC8C28050898290508D5
:1009D000F009050838B50446022001F0EDFC1228A4
:1009E00039D804F1100300EB800104F5EA6203EB4F
:1009F0000113D2ED007A93ED007AB4EEE77AF1EECE
:100A000010FA08DC122826D093ED147AF4EEC77A97
:100A1000F1EE10FA1ED54FF0FF30C4F82408C4F8E8
:100A2000940804F64C200022002301256560C4F8D8
:100A30002838C4F8983804F65421026004F525607B
:100A400002600A60002004F515620021C2E900017D
:100A500084F8B53A38BD034B034A04484FF4B771E4
:100A6000E9F72EFC8C28050898290508F0090508E7
:100A7000D0E9013210B404680133A24291ED007B49
:100A8000A4BF93FBF4F204FB12334360B8BF0132FE
:100A90004FEA4313B8BF8260C21882ED047B103363
:100AA00018448B688360CB68C3600B6903614B6932
:100AB00043618B698361CB695DF8044BC361704707
:100AC0000B7B03B9704710B5D0F830278B682DED3C
:100AD000048B9A4288B0044603D008B0BDEC048B66
:100AE00010BDD1E9002391ED049AD1ED058A91ED75
:100AF000068AC8690590CDE9002304F5EB600A6A0F
:100B00004B6A0692694607938DED029ACDED038AF2
:100B10008DED048AFFF7ACFFB0EE490A04F62820F9
:100B200002F03CFDB0EE680A04F6342002F036FD17
:100B3000B0EE480A04F5246008B0BDEC048BBDE8B3
:100B4000104002F02BBD00BF2DE9F04F2DED028BC0
:100B500000F65821CDB000230022CDE92A221B92B5
:100B6000239218921A921C931D931E931F93209305
:100B700021932292249325932693279328932993B4
:100B80000B602C932D932E932F93309331930291DE
:100B900080F8B02AD0F82878D0F85099D0F854A925
:100BA00003224FF0FF33002F00F5156BCDE916231C
:100BB00040F36E83D0F82468731C00F5026193FB48
:100BC000F7F207FB123201EB42120191D2E9041253
:100BD0000DF1D705924508BF8945044625F00F055C
:100BE00000F0F882012F00F0538306F1020898FB11
:100BF000F7F307FB1388019B03EB4813D3E9041CAD
:100C0000E24508BF89454FEA481803F1100200F099
:100C10004E82022F00F03C83F11C91FBF7F307FB9F
:100C20001311019B03EB411808F11007D8F810309D
:100C300003931A46D8F8143091457AEB0302C0F0BA
:100C4000038316AE39463046FFF712FF3946304669
:100C5000FFF70EFF39463046FFF70AFFA768D4F8C2
:100C60000C80B7EB090068EB0A01E7F731FC9FED58
:100C7000E67A029B07EE900A67EE877AC3ED007A68
:100C80000123C4F85079CBF8048084F8B03A18995D
:100C9000179A04F6281A00299AED003A40F3F882D0
:100CA000531C93FBF1F001FB10335B01059304F53A
:100CB00011691033334404F62C1099ED005AD3ED2A
:100CC000025A90ED002A0A9004F51360D0ED002A34
:100CD0000B90F0EE457A04F63810E3EE257A04F630
:100CE000341B012990ED004A93ED036AC3ED027AAB
:100CF00004F63C10D0ED004AD3ED046A93ED057A7A
:100D0000DBED003AD3ED061A93ED071A04F6141042
:100D1000D0ED005A0890F0EE657AE6EE027A04F61D
:100D20001810099090ED006AC3ED037AF0EE467A50
:100D3000E6EEA27A04F61C100690D0ED006AC3ED30
:100D4000047AF0EE667AE7EE237A04F5126090ED0D
:100D5000007AC3ED057AF0EE477AE1EE847A04F684
:100D60002410C3ED067AD0ED007AF0EE671AE1EEBA
:100D7000241AC3ED071A00F08B82931C93FBF1F049
:100D800001FB10335F0107F11003334493ED038A35
:100D900093ED041AD3ED051A93ED060A0797F0EECA
:100DA000650AE8EE020A0229C3ED030AF0EE460ADC
:100DB000E1EE220AB0EE661AA1EEA31AF0EE471A8F
:100DC000E0EE041AC3ED040AC3ED061AD3ED071AC8
:100DD000D3ED020A83ED051AB0EE671AA1EEA41A4C
:100DE000F0EE451AE3EE201A83ED071AC3ED021A5E
:100DF00000F04E82D31C93FBF1F201FB12335F0132
:100E000007F110033344D3ED031A93ED040A93ED75
:100E1000051AD3ED020AD4F83007E1EE825A04F540
:100E20000F68D3ED061A93ED072AC3ED035AA0EE1F
:100E3000226AA3EE205AE1EE236AA1EE847AE2EE62
:100E4000247A83ED025A83ED046AC3ED056A83EDCB
:100E5000067AC3ED077A01F0FFFD029A434692ED50
:100E6000000A314600F198022846FEF75BFF2A6827
:100E7000C8F800206A68C8F8042005F12C0105F1C3
:100E8000200205F1440005F1100302920391049041
:100E90000FCB04F5106C8CE80F00029A069B07CA72
:100EA00089E80700039907C905F1380E83E80700B0
:100EB0009EE807008AE80700049894F8B53A07C846
:100EC00050358BE8070095E8070004F5146B8BE8B4
:100ED00007002BB104F6F4020023C8F800301360B9
:100EE000059B079A1833183233443244D3ED006A15
:100EF00092ED005A93ED017AD3ED027AD2ED015AC8
:100F000092ED026A07F118033344D3ED004A76EEFE
:100F1000856A37EE257A93ED015AD3ED025A77EEC2
:100F2000867A76EEA46A9FED396A37EE057A07F184
:100F3000240377EEA57A66EE866A1E4427EE067ACB
:100F400004F65C23C3ED006A67EE867A04F5266337
:100F500083ED007A04F66423C3ED007A04F6682377
:100F6000C3ED004A04F66C2383ED005A04F52763B1
:100F7000C3ED005A04F6742335681D6004F6782327
:100F80007068186004F67C23B2681A6061460CA889
:100F90000CAD04F0D7FE0FCD04F52866D4F8287800
:100FA0000FC60FCD0FC6022F2B68336040F3708140
:100FB000D4F82438DFED166A033393FBF7F207FB0E
:100FC0001233019A02EB4313D3ED087A93ED076ACB
:100FD00093ED067A67EEA77A04F6A423E6EE067A86
:100FE000E7EE077AB1EEE77A77EE667AC3ED007A3C
:100FF00004F65423D3ED004A04F5256393ED006A0B
:1010000064EEA47A0AE000BFBD378635ABAAAA3EDB
:10101000CDCC1C410024F448BD37863504F64C2362
:10102000E6EE067A93ED005AE5EE057A04F6A8237B
:10103000B1EEE77A37EE667A83ED007A0B9B9AED94
:10104000004AD3ED003A099BD3ED007A0A9B93ED59
:10105000003A089BE3EEA47AD3ED005A04F52A6324
:10106000E3EE065AD3ED003A99ED006A04F69423B4
:10107000D3ED004A67EEA37AA4EE056A04F688234E
:1010800004F6AC24E5EEA47AD3ED005AE6EE257A18
:1010900077EEA67A37EE677AB0EEC77A27EE267A31
:1010A00084ED007A4DB0BDEC028BBDE8F08F022FCD
:1010B000CDE9033200F0EC80033696FBF7F007FB36
:1010C0001067019E06EB47197F01D9F81000401AFE
:1010D000D9F8141061EB0C01E7F7FAF95FED327AF9
:1010E000029B08EE100A08F1100128EE278A31440D
:1010F00016AE83ED008A3046FFF7BAFC01981FED6B
:101100003B7A039B049A1B69526808F1240101444D
:10111000D1ED004A91ED015AD1ED025A07F12401B7
:10112000014491ED003AD1ED013A91ED024A74EE9D
:10113000834A35EE235A75EE845AF6EE007A64EE51
:10114000A74A25EE275A65EEA75A28EE078A08F126
:10115000180807F118010144804498ED006AD8EDA1
:10116000016A98ED027ACDED114A8DED125AD1ED5A
:10117000004A91ED015ACDED135ABCEEC88AD1ED6B
:10118000025A36EE246A76EE856A37EE257A18EE34
:10119000101A26EE276A5B1866EEA76A67EE277AB2
:1011A00042F100020CA93046CDE90C328DED0E6AF9
:1011B000CDED0F6ACDED107AFFF75AFC019807F1DB
:1011C000100101443046FFF753FCD9E90423CBE971
:1011D00000235CE5022F03935ADD019B06F103080F
:1011E00098FBF7F207FB128803EB48124FEA481806
:1011F00010695169B0EB090061EB0A01E7F768F982
:10120000039B1FED7B7A07EE900A9A4667EE877A7A
:10121000029B06F10409C3ED007A16AE9AFBF7F1C2
:1012200007FB11A104EB411101F5036130460AF1FE
:10123000010AFFF71DFCD145F0D1019B9844D8E984
:101240000423CBE9002322E516AE39463046049349
:10125000FFF70EFC39463046FFF70AFC39463046A8
:10126000FFF706FC039BB3EB0900049B63EB0A0149
:10127000E7F72EF91FED987A029B07EE900A67EECA
:10128000877AC3ED007AD8E90423CBE90023FEE492
:10129000024B034A03484C21E9F712F87827050866
:1012A000AC2705081C2805082DE9F04F9A468BB09D
:1012B0000346504601930591039201F0D3FE411E6F
:1012C000504601F0D7FE122800F3C080504601F0CE
:1012D000CDFE411E504601F0EBFE122800F3BC800B
:1012E00040F2A452002101982BF05FFE504601F01D
:1012F000B9FE8146504601F0B9FEB9F1000F04462F
:101300001FDD00281DDD09F1FF330693631E0793DF
:10131000039B03F2A4534FF0000B089325460024CF
:1013200022464C4659465046009201F0E1FE009A92
:1013300058B101329542F5D10BF1010B5C45A14644
:10134000EDD101980BB0BDE8F08F5946504601F041
:1013500091FE009A07461146504601F0A9FE069BF1
:10136000009A5B45804661D1C7F11309079B934200
:1013700053D1C8F11303B9F1000FDADD09EB07010E
:1013800008EBC80E049108EB4E0E05990994BE4473
:1013900001EB8E0E039901EB88060899384601EBA4
:1013A000880903EB080C2C460199374601EB8005B0
:1013B000002B2CDD00930296122841D8B8F1120FB1
:1013C0003ED8D5ED007A08F101033E46714604E0AF
:1013D0000133142B01F14C0132D0F6EC016A91ED8E
:1013E000007AE6EE877A9C45C5ED007AF0D14C375D
:1013F000B94505F14C05DFD1009B029E04990130EF
:1014000088420EF1040ECFD12546099C91E74C3756
:101410004F4505F14C05CBD1F0E7511C50460092E9
:1014200001F046FE009AA0EB0803A4E70BF10101CE
:101430005046009201F01EFE009AA0EB070995E7C6
:10144000084B094A09487621E8F73AFF084B094A50
:1014500009483321E8F734FF084B064A064834218F
:10146000E8F72EFF8C28050824320508F009050846
:10147000D02F05083430050848310508BC3105086F
:101480002DE9F04F1E468DB003463046CDE90431BC
:10149000069201F0E7FD411E304601F0EBFD1228F7
:1014A00000F3C580304601F0E1FD411E304601F0F9
:1014B000FFFD122800F3C18040F2A45200210498DD
:1014C0002BF073FD304601F0CDFD8146304601F032
:1014D000CDFDB9F1000F82461ADD002818DD09F1B3
:1014E000FF3307930AF1FF33CDE908394FF0000BC2
:1014F000344600273A465946204601F0F9FD58B1D6
:101500000137BA45F6D1099B0BF1010B5B45F0D1D0
:1015100004980DB0BDE8F08F5946204601F0AAFDB1
:10152000394601900546204601F0C2FD079A5A450A
:1015300003466AD1C5F11306089ABA425CD1C3F1D9
:1015400013090199069803EBC30203EB42020A4414
:1015500000EB82020392059A4C2000FB01220499C1
:1015600000FB03100021B9F1000F58DD019DCDE90A
:101570000AA79944C5F1130C5F46002E2ADD019D90
:10158000122D33D8DDF80CB002939A468046BAF19A
:10159000120F92ED007A29D8D8ED007A96465D4672
:1015A000002305E0634521D09EED137A0EF14C0E29
:1015B000F5EC016AE6EE877A01339E42C8ED007AC7
:1015C000F0D10AF1010ACA450BF14C0B08F14C08A5
:1015D000DDD1029B0131132902F1040200F1040064
:1015E000CBD1BB46DDF828A00B9F89E7164B174AE5
:1015F00017487621E8F764FE791C2046029301F033
:1016000057FD029BA0EB03099BE702900BF1010140
:10161000204601F02FFD019BC61A029B8CE7013189
:10162000132902F1040200F104009CD168E7094B80
:10163000094A0A487021E8F743FE094B064A074861
:101640007121E8F73DFE00BF8C280508243205080B
:10165000F0090508183305087C33050848310508EA
:10166000943405082DE9F043036861495A6AADF5E1
:10167000B45D8A4285B0074640F0AD809A6A5D4904
:101680005D4C8A4240F0AF80DFF870911B6A69467A
:101690003846984707F110080DF587502346424613
:1016A00069460C30FFF700FE40F2A4520DF5875159
:1016B0000DEB02000C310DF2A4542BF00BFE0DF6D5
:1016C000483542462346D3ED007AB2EC017A77EEF4
:1016D000877AE3EC017A9D42F5D104AA02F13C0C31
:1016E0006E460DF648330DF585616A4652F8040BD7
:1016F000186051F8040B9863906C5860D2F894000D
:101700009860D2F8E000D860D2F82C011861D2F8C5
:1017100078015861D2F8C4019861D2F81002D861FA
:10172000D2F85C021862D2F8A8025862D2F8F40229
:101730009862D2F84003D862D2F88C031863D2F8CA
:10174000D8035863886CD863D1F894001864D1F832
:10175000E00058649445D1F82C01986403F14C03DF
:10176000C4D10DF587504B460DF648320DF2A45109
:101770000C30FFF785FE0DF5875140F2A4520C3175
:1017800068462BF0A7FD6A460DF2A453D3ED007A0C
:10179000B2EC017A77EE877AE3EC017A9D42F5D1DB
:1017A0003B686946DB6938469847D4ED007AB6EC69
:1017B000017A77EE877AE4EC017AA542F5D140F21E
:1017C000A4520DEB020140462BF084FD0DF5B45DF3
:1017D00005B0BDE8F08390473B6806499A6A8A42A3
:1017E00004463FF451AF384690473B6881464DE789
:1017F000C5D20108CDD2010888400120003F012058
:101800002DE9F043D0F82C67002EB5B061DD06F16C
:10181000FF39B9F1020F0546A8BF4FF0020900F5E4
:10182000C0644FF00008226863681B921C93A26892
:10183000E3681D921E93226963691F922093A26937
:10184000E36921922293226A636A23922493A26A13
:10185000E36A25922693226B636B27922893A26BEF
:10186000E36B2A932992226C2B92A26C2D92E26C4C
:101870002E92226DB4F860302F92626D3092A26D7C
:10188000616CADF8CC30319203F00107E26D2C9120
:10189000DB05329200D5FFB108F101034B4504F19D
:1018A000640440F3C980B34213DA08F10203B3427F
:1018B0000FDA08F10303B3420BDA08F10403B34271
:1018C00007DA08F10508B04503DA08F10108B04568
:1018D000FBD135B0BDE8F0834C22394607A82BF088
:1018E00064FB1323029305F11003B7EE000A019382
:1018F00007AA20AB03A901A80393FBF771FE9DED96
:10190000211ADDED084A9DED072A9DED206A9DED27
:10191000235ADDED0A3ADDED0F7ADDED251ADDED16
:101920000D2A9DED263ADDED0C5ADDED096A9DED9F
:10193000227ADDED240A9DED100A64EE814A9DEDC8
:10194000281AE2EE064A08F1010364349DED276A85
:101950009DED122A63EE853A67EE817A9DED0E5A6F
:101960009DED2D1AE5EE067A9DED146A9DED0B5A5C
:10197000E2EE837A65EEA15A26EE016ADDED2C2AAD
:101980009DED131ADDED291A9DED2F3AE6EE873A0B
:10199000E5EE205AA1EE226ADDED2A6A9DED117A6C
:1019A000DDED150A9DED2E1A27EE267ADDED2B6A68
:1019B000B0EE655AA2EE266AF0EE675ADDED167AB1
:1019C000DDED172A9DED322ADDED196AA0EE217AB0
:1019D00066EE826ADDED181A9DED312AE1EE826A2B
:1019E00067EE837A9DED303AE0EE817AE2EE836A2B
:1019F00075EE255A37EE067A74EEA34A77EEA67A8C
:101A000035EEA46A77EE877A9DED1F5ADDED1D5AFB
:101A100077EE867AB2EE024A77EE857A65EEA55ABF
:101A200067EE847AF4EEE57AF1EE10FA48BF04F836
:101A3000037C4B453FF737AF9846F4E62DE9F04F6E
:101A40002DED108BADF6245D074600F1100672AC4B
:101A500040F2A452314620462BF03CFC3B68BA4A87
:101A6000DB6A934240F0A184002387F8613687F84F
:101A7000C53687F82937C7F82C373846FEF7D0FD2A
:101A800097F8B03A002B00F08B843846FFF7B8FE89
:101A900007F2B4534C220021184614932BF085FA18
:101AA000D7F82C57002D40F33E816B1E022BCDE959
:101AB0001C56A8BF0223159307F5C06B4FF0000812
:101AC0000DF26C7A0DF61859DBF800305993DBF8FB
:101AD00004305A93DBF808305B93DBF80C305C93EE
:101AE000DBF810305D93DBF814305E93DBF81830D0
:101AF0005F93DBF81C306093DBF820306193DBF8F8
:101B000024306293DBF828306393DBF82C30649345
:101B1000DBF830306593DBF834306693DBF838302F
:101B20006793DBF83C306893DBF840306993DBF86F
:101B300044306A93DBF848306B93DBF84C306C939D
:101B4000DBF850306D93DBF854306E93DBF858308F
:101B50006F93DBF85C307093BBF86030ADF8C43144
:101B6000DB0540F1C1804C22002120A82BF01DFA9A
:101B70001323CDE946435EABB7EE000ACAF8003046
:101B800020AA514646A8FBF72BFDDDED257ADDEDB9
:101B90006A1ADDED288ADDED664ADDED676ACDED76
:101BA000017AF0EE617ADDED6B1A9DED647A9DEDC0
:101BB000686A9DED271A9DED654A9DED2DBACDED24
:101BC000046A28EEA42AF0EE616ADDED62DA9DED8A
:101BD00069DA9DED208ADDED5E2ADDED21FADDED8D
:101BE0005F3A9DED22FA9DED603ADDED23EADDEDF1
:101BF000615A9DED24EA9DED635ADDED260A9DEDC7
:101C0000299ADDED2A9A9DED2BAADDED2CAA8DED0A
:101C1000056A8DED077AA1EE042ADDED2EBACDED31
:101C20000C6A6BEE266ADDED6C1ACDED0B7AEAEEEE
:101C3000A76AA0EE872ACDED021A9DED707ADDED40
:101C4000321ADDED6F7A8DED0ADAEAEE0D6A8DED6E
:101C5000097A9DED31DACDED087A21EE877A2FEE03
:101C6000A36AADEE277A6EEEA57AA8EE226AEFEEB1
:101C7000037ADDED6DCA9DED2FCACDED03CA36EEB8
:101C8000276ADDED017ACDED06DA67EE857ADDEDC6
:101C900030CAEEEE2D7ADDED03DA77EE827A9DED35
:101CA000052A77EE867A29EE826A9DED042AA9EE4E
:101CB000026A9DED022A36EE266A6CEE2D6AEBEE84
:101CC000826A9DED6E2AACEE827A76EE876A9DED91
:101CD0005C7A76EE866A76EEA77A77EE877AF5EE0C
:101CE000C07AF1EE10FA31DC159A08F10103934243
:101CF0000BF1640B40F35183DDE91C56AB4212DA61
:101D000008F10203AB420EDA08F10303AB420ADA30
:101D100008F10403AB4206DA08F10503AB4202DA2C
:101D20000133AB42FCD13B6838461B6B984740F20D
:101D3000A452214630462BF0CDFA0DF6245DBDECC1
:101D4000108BBDE8F08F00BF35E30108C0EE276AB5
:101D500007F5B96307F5B76E07F2DC500F9007F58A
:101D6000BC60109007F2E45007F5B86607F2BC5C5F
:101D7000119007F5BD60129007F2D452DDED017AA3
:101D8000019307F5BA630D9307F5BB6326EEA07ABE
:101D90000E93DEED000A149B8DED397A26EEA70A2C
:101DA00066EE88DA66EE817A26EEA18A93ED001A55
:101DB0008DED130A66EEAFFA26EE8FFA66EEAEEA06
:101DC00026EE8EEA66EEA88A26EE899A66EEA99A33
:101DD00026EE8AAA66EEAAAA26EE8BBA66EEABBA01
:101DE00026EE8CCA66EEACCA26EE8DDA63EEA03A19
:101DF0008DED380AE2EE813A07F2C45507F2CC5174
:101E00008DED161ACDED33DACDED34FA8DED35FAD0
:101E1000CDED36EA8DED37EACDED3A7ACDED3B8A60
:101E20008DED3C9ACDED3D9A8DED3EAACDED3FAACC
:101E30008DED40BACDED41BA8DED42CACDED43CA2C
:101E40008DED44DA8DED458ADCED002A96ED001A21
:101E5000019B92ED000AD3ED001A0D9B9DED066AE1
:101E60001A9265EE815A64EE804AE3EE225A0F9A86
:101E700093ED003A0E9BCDED172A73EEA56AE4EEC2
:101E8000034A07F2FC50D5ED005AD1ED003ACDEDF2
:101E9000065A25EE215A93ED004A119B8DED183A12
:101EA000A6EE255A9DED076ADDED055A8DED054A32
:101EB000E6EE234ACDED073A35EE246AD2ED004A2C
:101EC000109A9DED5B5ACDED194A36EE266A65EE05
:101ED000A45ADDED046A8DED045AE6EE845A92EDC3
:101EE000004A129A93ED005AD2ED002ADDED0C6AF9
:101EF000DDED0B4A8DED0B5A66EEA26A1B90E4EE07
:101F0000856A07F2EC5207F2F4539DED0A5AD0EDC0
:101F1000004A92ED003A8DED0A4AE5EE046A07F5B3
:101F2000BF609DED024A75EEA66AD0ED005ACDED78
:101F30000C6ADDED096A099026EEA45ADDED086A07
:101F400007F5BE60D0ED003A0890A6EEA55A1498A9
:101F5000DDED036A66EEA36AE4EE036A93ED004AE0
:101F6000A2EE045A9DED0C2A76EE856A9DED135A79
:101F700076EE826A9DED042A76EE866A9DED166AFB
:101F800072EE666AA6EEAD6AE6EEAF0A80ED006A12
:101F90009DED176ACEED000AA6EE8F6A0198A6EEB7
:101FA000AE1A8CED006A9DED066A86ED001AA6EE6B
:101FB0008E6A0DF55166E6EE851A85ED006AC0ED74
:101FC000001A9DED076A9DED192A0998A6EE876A09
:101FD000A6EEA80A81ED006A9DED186A0D99A6EE9D
:101FE000A76AA6EEA92A81ED006A9DED056A1A99F5
:101FF000A6EE896A81ED000A0E9981ED006A9DEDD9
:102000000A6A0F99A6EE8A6A81ED002A109981ED7D
:10201000006A9DED0B6A1199A6EEAA6AE6EE8B2A7C
:10202000A6EEAB3A81ED006AE6EE8C3A1299A6EE86
:10203000AC4AB0EE656AC1ED002AA6EE8D6A20A911
:1020400082ED003AE6EE884A089AC2ED003A83ED46
:10205000004A1B9B80ED006A5246C3ED004AB0EE79
:10206000450A5346F1EC016A6DEEA63A2FEEA64AF8
:102070006FEE264A2EEEA65A6EEE265A20EE266AFD
:10208000C3ED003A83ED014AC3ED024A83ED035AE2
:10209000C3ED045A83ED056A67EE260A27EEA61AF9
:1020A00068EEA61A29EE262A69EEA62A2AEE263A14
:1020B0006AEEA63A2BEE264A6BEEA64A2CEE265A7C
:1020C0006CEEA65A2DEE266A68EE266AC3ED060A65
:1020D00083ED071AC3ED081A83ED092AC3ED0A2A16
:1020E00083ED0B3AC3ED0C3A83ED0D4AC3ED0E4A76
:1020F00083ED0F5AC3ED105A83ED116AC3ED126AD6
:102100004C339E42AED125462346D3ED006AB2EC55
:10211000016A76EEC66AE3EC016A9A45F5D14C2273
:10212000002146A88DED077ACDED067A2AF03DFF15
:102130005EABCAF800301EA81323B7EE000A46AA09
:1021400051461F931E94FBF797F9DDED467A9DEDFE
:10215000477ADDED486A9DED496ADDED4A5ACDEDDD
:10216000017A8DED027ADDED067A9DED077ACDEDEF
:10217000036A8DED046ACDED055ACDED08DACDED9B
:1021800009FA8DED0AFACDED0BEA8DED0CEA9DED25
:102190004B0ADDED4C0A9DED4D1ADDED4E1A9DED1D
:1021A0004F2ADDED502A9DED513ADDED523A9DED7D
:1021B000534ADDED544A9DED555ADDED565A9DEDDD
:1021C000576ADDED586A8DED077A33A9CDED067AB1
:1021D000DDED01DA9DED02EADDED03EA9DED04FAA5
:1021E000DDED05FA524653460846F0EC017A27EE3B
:1021F000AD7A4C3303ED137A27EE8E7AB34203EDBA
:10220000127A27EEAE7A03ED117A27EE8F7A03ED7C
:10221000107A27EEAF7A03ED0F7A27EE807A03ED7E
:102220000E7A27EEA07A03ED0D7A27EE817A03ED80
:102230000C7A27EEA17A03ED0B7A27EE827A03ED72
:102240000A7A27EEA27A03ED097A27EE837A03ED64
:10225000087A27EEA37A03ED077A27EE847A03ED56
:10226000067A27EEA47A03ED057A27EE857A03ED48
:10227000047A27EEA57A03ED037A27EE867A67EED5
:10228000A67A03ED027A43ED017AAED1DDED08DAEC
:10229000DDED09FA9DED0AFADDED0BEA9DED0CEAA4
:1022A0009DED077ADDED067A2346D3ED006AB2ECA8
:1022B000016A76EEC66AE3EC016A9A45F5D19DEDB6
:1022C0005C6ADDED130A5346F1EC016A6DEEA62A55
:1022D0002FEEA63A6FEE263A2EEEA64A6EEE264A6C
:1022E00020EEA65A67EEA65AC3ED022A83ED033A02
:1022F000C3ED043A83ED054AC3ED064A83ED075A60
:10230000C3ED095A27EE260A28EEA61A69EE261A08
:1023100029EEA62A6AEE262A2AEEA63A6BEE263A7D
:102320002BEEA64A6CEE264A2CEEA65A6DEE265AE5
:1023300068EE266A83ED080A83ED0A1AC3ED0B1ACC
:1023400083ED0C2AC3ED0D2A83ED0E3AC3ED0F3A4F
:1023500083ED104AC3ED114A83ED125AC3ED135AAF
:10236000C3ED146A4C33B342AED10DF6185383ED6E
:10237000006A0DF27473D5ED007AB3EC017AE6EEE3
:10238000077A9945E5EC017AF5D1159A08F1010330
:1023900093420BF1640B3FF7AFAC9846FFF794BB49
:1023A0003846FBF73FFCFFF770BB38469847FFF70E
:1023B0006CBB00BFFAF78EBF072808B503D8054BE2
:1023C00053F8200008BD044B044A05482A21E7F7CA
:1023D00077FF00BFA09D05084CFD0408FC340508EC
:1023E0004035050890ED000A704700BF90ED010AE6
:1023F000704700BFD1F808C0CA68C0F800C042608A
:10240000704700BF00B5D1F814C0D1F810E08A6958
:10241000C0F800E0C0F804C082605DF804FB00BFB3
:1024200000B5D1F820C0D1F81CE04A6AC0F800E03D
:10243000C0F804C082605DF804FB00BF00B5D1F8AD
:102440002CC0D1F828E00A6BC0F800E0C0F804C046
:1024500082605DF804FB00BF00B5D1F838C0D1F848
:1024600034E0CA6BC0F800E0C0F804C082605DF8D8
:1024700004FB00BF00B5D1F844C0D1F840E08A6C3D
:10248000C0F800E0C0F804C082605DF804FB00BF43
:1024900091ED006AD1ED016A90ED007AD0ED017AFC
:1024A00037EE067A77EEA67A38B504460D4680ED0B
:1024B000007AC0ED017A10311030EAF731F995ED6C
:1024C000087AD4ED087AD4ED096AD4ED0F4A94ED78
:1024D000105AD4ED0B5A77EE877A94ED0A7AC4ED50
:1024E000087A95ED096AD4ED0E7A76EE866A94ED57
:1024F0000C6AC4ED096AD5ED0A6A37EE267AD4ED86
:102500000D6A84ED0A7A95ED0E7A77EE877A94ED6E
:10251000117AC4ED0E7AD5ED0F7A74EEA74AD4ED98
:10252000127AC4ED0F4AD5ED104A35EE245A2046F2
:1025300084ED105A95ED0B5A75EE855AC4ED0B5A81
:10254000D5ED0C5A36EE256A84ED0C6A95ED0D6AD0
:1025500076EE866AC4ED0D6AD5ED116A37EE267AFD
:1025600084ED117A95ED127A77EE877AC4ED127ABE
:1025700095ED137AD4ED137AD4ED146A77EE877A59
:1025800094ED157AC4ED137A95ED146AD4ED167AAC
:1025900076EE866AC4ED146AD5ED156A37EE267AB2
:1025A00084ED157A95ED167A77EE877AC4ED167A72
:1025B00038BD00BF2DE9F04F9FB00DF11F0828F086
:1025C0000F08044601F14400914691ED006AD1EDF7
:1025D000016A039001F12C0E01F1500C01F1200A67
:1025E00001F1380B08F1380208F1500001F1100335
:1025F00008F144010092019102900FCB08F11005FF
:1026000085E80F009AE8070008F1200787E807002F
:102610009EE8070008F12C0686E807009BE8070003
:10262000009B99ED007AD9ED017A83E80700039ABF
:10263000019B07CA83E807009CE80700029B37EE6E
:10264000067A77EEA67A83E8070009F1100128469A
:1026500088ED007AC8ED017AEAF762F8D8ED082A29
:1026600098ED093AD8ED0A3A98ED0E4AD8ED0F4A9E
:1026700098ED105A99ED080AD9ED090A99ED0A1A50
:10268000D9ED0E1A99ED0F2AD9ED107AD8ED0B5A23
:1026900098ED0C6AD8ED0D6A98ED117A72EE802AE9
:1026A00033EE203A99ED0B0AD9ED0C0AC8ED082A51
:1026B00073EE813A34EE214A99ED0D1AD9ED111AD3
:1026C00088ED093A74EE824A35EE275A99ED122ABE
:1026D000D8ED127AC8ED0A3A75EE805A36EE206AC5
:1026E00076EE816A37EE217A77EE827A88ED0E4AAD
:1026F000C8ED0F4A88ED105AC8ED0B5A88ED0C6AE8
:10270000C8ED0D6A88ED117AC8ED127AD8F800305C
:1027100099ED134AD9ED144A99ED155AD9ED165A87
:102720002360D8F80430636095E80F0004F1100CC2
:102730008CE80F0098ED136AD8ED146A98ED157ABD
:10274000D8ED167A97E8070036EE046A76EEA46AAA
:1027500037EE057A77EEA57A04F1200B88ED136A3F
:10276000C8ED146A88ED157AC8ED167A8BE8070073
:1027700096E80700009B04F12C0A8AE8070093E81A
:102780000700019B04F1380989E8070093E8070076
:10279000029B04F1440888E8070093E8070004F16D
:1027A000500E8EE8070020461FB0BDE8F08F00BF36
:1027B0002DE9F04F2DED028B83B0044600F1100E91
:1027C00000F1200A00F12C0800F1380201F1100399
:1027D00001F1440091ED007AD1ED017A009201F10E
:1027E000500C01F1200B01F12C0901F13807019087
:1027F0000FCB8EE80F009BE807008AE8070099E8F6
:10280000070088E8070097E80700009B83E80700B7
:10281000019807C804F1440686E807009CE8070011
:1028200027EE007A67EE807A04F1500585E807000C
:1028300084ED007AC4ED017A7046B0EE408AEAF782
:1028400071F8D4ED080A94ED091AD4ED0A1A94ED42
:102850000E2AD4ED0F2A94ED103AD4ED0B3A94EDF4
:102860000C4AD4ED0D4A94ED115AD4ED125A94ED60
:10287000136AD4ED146A94ED157AD4ED167A60EEED
:10288000880A21EE081A61EE881A22EE082A62EE02
:10289000882A23EE083A63EE883A24EE084A64EE6A
:1028A000884A25EE085A65EE885A26EE086A66EED2
:1028B000886A27EE087A67EE887A2046C4ED080A0F
:1028C00084ED091AC4ED0A1A84ED0E2AC4ED0F2A0C
:1028D00084ED103AC4ED0B3A84ED0C4AC4ED0D4A78
:1028E00084ED115AC4ED125A84ED136AC4ED146AD2
:1028F00084ED157AC4ED167A03B0BDEC028BBDE809
:10290000F08F00BF2DE9F04F2DED028B83B0044610
:1029100000F1100E00F1200A00F12C0800F138023D
:1029200001F1100301F1440091ED007AD1ED017A3B
:10293000009201F1500C01F1200B01F12C0901F181
:10294000380701900FCB8EE80F009BE807008AE85C
:10295000070099E8070088E8070097E80700009B50
:1029600083E80700019807C804F1440686E80700D9
:102970009CE8070020EE077A60EE277A04F1500504
:1029800085E8070084ED007AC4ED017A7046B0EE68
:10299000408AE9F7C7FFD4ED080A94ED091AD4ED8F
:1029A0000A1A94ED0E2AD4ED0F2A94ED103AD4EDC4
:1029B0000B3A94ED0C4AD4ED0D4A94ED115AD4ED36
:1029C000125A94ED136AD4ED146A94ED157AD4ED8D
:1029D000167A60EE880A21EE081A61EE881A22EE55
:1029E000082A62EE882A23EE083A63EE883A24EE3B
:1029F000084A64EE884A25EE085A65EE885A26EEA3
:102A0000086A66EE886A27EE087A67EE887A2046BA
:102A1000C4ED080A84ED091AC4ED0A1A84ED0E2AE1
:102A2000C4ED0F2A84ED103AC4ED0B3A84ED0C4A44
:102A3000C4ED0D4A84ED115AC4ED125A84ED136AA7
:102A4000C4ED146A84ED157AC4ED167A03B0BDECBA
:102A5000028BBDE8F08F00BF013808B50D2810D8F3
:102A6000DFE800F0090F07070F0F0F0F0F0F0F0F11
:102A70000D0B074808BD074808BD074808BD0748B3
:102A800008BD074B074A08489721E7F719FC00BF24
:102A90007803002098020020D8000020B801002010
:102AA0004CFD0408C035050838360508023808B55D
:102AB0000E2815D8DFE800F00B14140808141414BD
:102AC00014141414140E1100B1EE000A08BD9FED89
:102AD000070A08BD9FED060A08BD9FED060A08BD5E
:102AE000054B064A0648B321E7F7EAFBFAED6B3DD2
:102AF0000BD7233CB2BFEC3D4CFD0408C0360508A3
:102B00003836050870B5DA48DFEDDA7A9FEDDA7A03
:102B1000DFEDDA5ADFEDDA2ADA4BDB4CDB49DC4A4F
:102B2000DFF8ACE39FEDDB3ADFEDDB3A9FEDDB4A0C
:102B3000DFEDDB4A9FEDDB5A9FEDDB0ADFEDDB0AC1
:102B40009FEDDB1ADFEDDB1A9FEDDB2A4361B6EE6A
:102B5000006A8361C361C465D84B04664466D84C7F
:102B6000DFF870C3D74ED84D8466F0EE006A80ED72
:102B7000027A80ED037AC0ED042AC0ED087AC0ED38
:102B8000097AC0ED0A7AC0ED0B7AC0ED0C7AC0ED7F
:102B90000D7AC0ED0E7AC0ED0F7AC0ED107A80ED9F
:102BA000116A80ED126A80ED136AC0F874E0C0F813
:102BB00078E0C0F87CE0C0F880E0C0F884E0C0EDC8
:102BC000145AC0ED155AC0ED165AC4660467BF4CBE
:102BD000C0F888E0C0F88CE0C0F890E0C0F894E05D
:102BE000C0F898C0C0F89CC0C0F8A0C0C0F8A4C08D
:102BF000C0F8A8C0C0F8ACC0C0F8B0C0C0F8B4C03D
:102C0000C0F8B8C0C0F8BCC0C0F8C0C0C0F8C4C0EC
:102C100081ED027A81ED037AC1ED042A81ED057A16
:102C200081ED067A81ED077AC1ED085AC1ED095AA6
:102C3000C1ED0A5A81ED0B3A81ED0C3A81ED0D3A66
:102C40008E63CE63C0ED326AC0ED336AC0ED346A84
:102C50000E6481ED116A81ED126A81ED136A0D65D2
:102C60004D658D65CC650C664C66C1ED1A3AC1EDBB
:102C70001B3AC1ED1C3A81ED1D4A81ED1E4A81EDE2
:102C80001F4AC1ED204AC1ED214AC1ED224A81ED22
:102C9000230A81ED240A81ED250AC1F898C0C1F804
:102CA0009CC0C1F8A0C0C1F8A4C0C1F8A8C0C1F8B8
:102CB000ACC0C1F8B0C0C1F8B4C0C1F8B8C0C1F868
:102CC000BCC0C1F8C0C0C1F8C4C0C1ED326AC1ED1A
:102CD000336AC1ED346A82ED027A82ED037AC2ED85
:102CE000042A82ED057A82ED067A82ED077AC2ED3A
:102CF000085AC2ED095AC2ED0A5A82ED0B3A82ED2A
:102D00000C3A82ED0D3AC2ED0E7AC2ED0F7AC2EDA9
:102D1000107A82ED116A82ED126A82ED136A82EDF9
:102D2000145A82ED155A82ED165AC2ED170AC2EDF9
:102D3000180AC2ED190AC2ED1A3AC2ED1B3AC2EDE9
:102D40001C3A82ED1D4A82ED1E4A82ED1F4AC3EDF8
:102D5000042AC2ED204AC2ED214AC2ED224AC2F83D
:102D60008CE0C2F890E0C2F894E0C2F898C0C2F8D3
:102D70009CC0C2F8A0C0C2F8A4C0C2F8A8C0C2F8E3
:102D8000ACC0C2F8B0C0C2F8B4C0C2F8B8C0C2F893
:102D9000BCC0C2F8C0C0C2F8C4C0C2ED326AC2ED45
:102DA000336AC2ED346A83ED027A83ED037A83EDF0
:102DB000051A83ED061A83ED071AC3ED087AC3EDF1
:102DC000097AC3ED0A7AC3ED0B7AC3ED0C7AC3ED31
:102DD0000D7AC3ED0E7AC3ED0F7AC3ED107A83ED51
:102DE000116A83ED126A83ED136A83ED145A83ED41
:102DF000155A83ED165AC3ED171AC3ED181AC3ED11
:102E0000191A83ED1A2A83ED1B2A83ED1C2AC3F8B5
:102E100074E0C3F878E0C3F87CE0C3F880E0C3F85E
:102E200084E0C3F888E0C3F88CE0C3F890E0C3F80E
:102E300094E0C3F898C0C3F89CC0C3F8A0C0C3F81E
:102E4000A4C0C3F8A8C0C3F8ACC0C3F8B0C0C3F8EE
:102E5000B4C0C3F8B8C0C3F8BCC0C3F8C0C0C3F89E
:102E6000C4C0C3ED326AC3ED336AC3ED346A70BDCA
:102E7000780300200AD7233CCDCCCC3D0AD7A33B16
:102E80009A99993ECDCC4C3E77CC2B3398020020BA
:102E9000B80100206F12033B1665BA36789C6E327B
:102EA0005BB51831C364AA3A77CCAB32D2539533B1
:102EB0009A99193E46F5D53217B75137D8000020F8
:102EC0006269BA37A69BC43B59854D37B5423B3240
:102ED000789C6E330000614582B02DE9F04F85B0DB
:102EE00004AC04E9060016460F9340228A46994630
:102EF0000021109B01938046DDE911472AF055F827
:102F0000402208EB020B0021584608F180052AF008
:102F10004CF84FF48072002128462AF046F8019BB5
:102F2000C8F88061002EC8F884314ADD002B7EDDB0
:102F3000102E76DC102B6EDC5146B2000AEB860CAC
:102F400051F8046B2EB160E051F8040BB04256DD2D
:102F500006468C45F8D149469E0009EB830C51F892
:102F6000043B2BB145E051F8040B83423BDA0346A6
:102F70008C45F8D15146404629F0FDFF324649467E
:102F8000584629F0F8FFD8F880319F4225D104EB4C
:102F9000C707BC420FD0D8F8846163689E4216D13F
:102FA00021681EB13246284629F0E5FF0834BC42AC
:102FB00005F11005F1D1404605B0BDE8F04F02B073
:102FC00070471E4B1E4A1F481221E7F779F91E4B26
:102FD0001B4A1C484F21E7F773F91C4B184A194844
:102FE0004A21E7F76DF91A4B154A16483521E7F7DC
:102FF00067F9184B124A13483021E7F761F9144B6F
:103000000F4A10482321E7F75BF9124B0C4A0D4891
:103010001E21E7F755F9104B094A0A481521E7F731
:103020004FF90E4B064A07481421E7F749F90C4BB4
:10303000034A04481321E7F743F900BF283705087E
:1030400048370508D83705084C3905080039050800
:10305000E8380508D8380508A43805087438050884
:1030600050380508D0F88001704700BFD0F88401BF
:10307000704700BF002908B506DBD0F880318B42CD
:1030800008DD50F8210008BD054B064A06486821B6
:10309000E7F716F9054B034A03486921E7F710F9EA
:1030A000903905089C390508D8370508D439050832
:1030B000002908B507DBD0F884318B4209DD00EB2D
:1030C0008100006C08BD064B064A07486F21E7F7F0
:1030D000F7F8064B034A04487021E7F7F1F800BF00
:1030E00090390508F8390508D8370508343A050835
:1030F000002908B50FDB002A1FDBD0F880318B4296
:1031000015DDD0F8843193420BDD00EB0110024451
:1031100092F8800008BD0C4B0C4A0D487621E7F769
:10312000CFF80C4B094A0A487921E7F7C9F80A4B4E
:10313000064A07487821E7F7C3F8084B034A0448D2
:103140007721E7F7BDF800BF5C3A05086C3A05083F
:10315000D8370508D83A0508B03A0508A03A050856
:1031600010B5DFED437AB0EEC07AB4EE677A2DED9C
:10317000028B00220023B7EE008AF1EE10FAC0E9BC
:103180000533C0E9073380ED008A42608260C26087
:103190000261426280F828304CD8B5EEC00AF1EEE8
:1031A00010FA5FDDB0EEE07AB4EE677AF1EE10FA75
:1031B00052D8F5EEC00AF1EE10FA47DDF6EE007ACD
:1031C00060EEA77AB4EEE70AF1EE10FA38D5DFED3B
:1031D000297A20EE270A044680EE200A28F074F8A7
:1031E0002046DFED256AB0EE487AA0EE267AB0EEF2
:1031F000486A60EE007AA0EE666A37EE877A37EEAC
:10320000C88AC7EE876A38EE088A77EE867AC8EEF3
:10321000075ABDEC028B87EE876A76EEA67AC4ED7C
:10322000006AC4ED017AC4ED026AC4ED035A84ED6C
:10323000046A10BD114B124A12483521E7F740F8D5
:10324000114B0F4A0F483921E7F73AF80F4B0C4A58
:103250000C483821E7F734F80D4B094A0948372163
:10326000E7F72EF80B4B064A06483621E7F728F811
:10327000FFFF7F7FDA0F4940F304B53F043B0508A9
:10328000283B0508643B0508403C0508243C05082C
:10329000003C0508E43B050890ED090A704700BFB3
:1032A00090F8283033B3D0ED056AD0ED064A90EDA2
:1032B000077A90ED086AD0ED017AD0ED005A90EDD2
:1032C000024A90ED035AC0ED066A66EEA77A80EDD9
:1032D000050AE5EE807AD0ED045A80ED087AE4EE36
:1032E000247AE5EE477AE5EEC67AC0ED097AC0EDBC
:1032F000077A704790ED016AD0ED006AD0ED037A4D
:10330000B7EE007A76EE866A77EE877A90ED026AFB
:1033100090ED047A76EE866A77EE877A012386EE60
:10332000A77A80F82830F0EE404A27EE007AF0EED7
:10333000406AB0EE476ABEE7002300224361836122
:10334000C3610362436280F828207047DFED3E7A54
:10335000B0EEC07AB4EE677AF1EE10FA38B555D80F
:10336000B5EEC00AF1EE10FA4FF0000566DDB0EEE2
:10337000E07AB4EE677AF1EE10FA59D8F5EEC00AA9
:10338000F1EE10FA4EDDF6EE007A60EEA77AF4EE7A
:10339000C07AF1EE10FA3FDDDFED2C7A20EE270A3D
:1033A000044680EE200A27F08FFF00236561A561A7
:1033B000E5612562656284F828309FED256AF7EEA5
:1033C000007AF0EE676AE0EE066AF0EE675A20EEE9
:1033D000007AE0EE465A77EE266A77EE677A87EE55
:1033E000266A77EEA77A37EE257AC7EEA65AC7EE99
:1033F000267A36EE067A84ED006A84ED017A84ED51
:10340000026AC4ED035AC4ED047A38BD114B124A66
:1034100012483521E6F754FF114B0F4A0F48392166
:10342000E6F74EFF0F4B0C4A0C483821E6F748FFF1
:103430000D4B094A09483721E6F742FF0B4B064A74
:1034400006483621E6F73CFFFFFF7F7FDA0F494051
:10345000F304B53F043B0508283B0508643B050819
:10346000403C0508243C0508003C0508E43B0508F1
:10347000DFED197A20EE270A10B580EE200A044607
:1034800027F022FF2046DFED156AF7EE007AB0EE56
:10349000677AA0EE267AF0EE675A20EE006AE0EE38
:1034A000665A37EE067A76EE677AC6EE076A77EEE8
:1034B000A77A35EE866AC7EE875AC6EE077A36EEE9
:1034C000A67AC4ED006A84ED017AC4ED026AC4ED07
:1034D000035AC4ED047A10BDDA0F4940F304B53F36
:1034E00090ED016A90ED007AD0ED037AF7EE006A74
:1034F00037EE067A77EEA67A90ED026AD0ED046A8E
:1035000037EE067A77EEA67A88B087EE271AF0EEC5
:10351000400A21EE001AF0EE411A08B0704700BFD1
:10352000016810B50446C0E902230B689847636838
:10353000012B18D0022B05D0236820469B69BDE8DB
:1035400010401847236820469B6898472368204608
:10355000DB689847236820461B6998472368204604
:103560005B699847E8E7236820465B689847E3E78C
:10357000F7EE006A86EEA07A002100224160027216
:10358000C6EE807A77EE877AC7EE276AC0ED006ACA
:10359000704700BF90ED010A704700BF037A23B95E
:1035A0000123037280ED010A7047D0ED017AD0ED5E
:1035B000006A30EE677AE6EE877AB0EE670A80ED51
:1035C000010A70470022002342600372704700BF67
:1035D000F7EE006A86EEA07AC6EE807A77EE877AFA
:1035E000C7EE276AC0ED006A704700BFF7EE006AB9
:1035F00086EEA07AC6EE807A77EE877A87EE270A83
:10360000704700BF8C4610B504468646BCE80F00E4
:10361000AEE80F009CE80300DFED047A8EE80300BB
:10362000C4ED067AC4ED077A204610BD0000000004
:1036300010B4029C032C07D0601E01288CBF002010
:1036400001205DF8044B7047D1ED012ADFED524AAD
:10365000D1ED027A9FED514ADFED515A92ED016AA8
:1036600092ED027A90ED005A019C93ED012A93EDC0
:10367000021AD4ED021A62EEA42A67EE847A26EECC
:10368000256A77EEA26A27EE257A66EEA66A37EEFD
:10369000063AC6EE833A94ED013AB4EEE35AF1EEFF
:1036A00010FA17D462EE244A63EE256AE1EE044A6A
:1036B000E1EEA56A64EEA44AD0ED015A84EEA64A72
:1036C000B4EEE54AF1EE10FA04DC0023039A02207E
:1036D0001360B6E7D1ED006ADFED2F4AD2ED005A54
:1036E0009FED2F4AD3ED003A019B66EEA46A65EE8A
:1036F000845A76EEA77A35EE877A67EEA77A93ED4D
:10370000000AC7EE870AF4EEC50AF1EE10FA14DCDF
:103710009FED227A63EEA44A60EE047AE1EE074A56
:10372000E1EE847A64EEA44A90ED017A84EEA74A31
:10373000B4EEC74AF1EE10FA2BDD76EEE27A75EEC2
:10374000865A67EEA77A87EEA57AB4EEC57AF1EECF
:1037500010FA18DC9FED107ADFED117A63EE873AEC
:103760009FED0E7A20EE270AE2EE073AA3EE270A33
:1037700063EEA33A90ED017AC3EE807AB4EEE77A75
:10378000F1EE10FA03D503205DF8044B70470223D5
:103790009CE701239AE700BFF304353FF30435BFEC
:1037A000FFFFFF3E90ED060A704700BF90ED070A4D
:1037B000704700BFDFED1C7A022AC0ED007AC0ED31
:1037C000017A21D0032A1ED191ED027A9FED175A7A
:1037D000D1ED016A9FED166ADFED165A67EE277A82
:1037E00027EE057AE6EEA57AA6EE867ADFED125A86
:1037F000D1ED006AA6EE867AE6EEA57A80ED017A32
:10380000C0ED007A70477047D1ED017A9FED097ADB
:10381000D1ED006A67EE877A9FED077AE6EE877A48
:10382000C0ED007A704700BF00000000EA0551BFFC
:10383000E805D13EF30435BFF304353F022910B546
:103840004FF01802044616D003294FF000010ED1A4
:1038500029F0ABFB0C4A0D4B0D48A26000210D4A2C
:10386000206021616360E3606261204610BD29F041
:103870009CFB204610BD002129F097FB044A024B17
:103880002260A360204610BDF30435BFE805D13E99
:10389000F304353FEA0551BF00B5022A0B4683B059
:1038A00001466FD0032A67D16846FFF783FF9FED7B
:1038B000406ADFED403A93ED027A9FED3F4A9FED7B
:1038C0003F5ADFED3F4A93ED001AF0EE467AF0EEF4
:1038D000466AE7EE067AE7EE236A93ED017AF0EEA8
:1038E000461AE7EE041AB0EE462AA7EE052A67EE5E
:1038F000A35A26EE867AE1EE855AF0EE462AB0EE1D
:10390000463AE1EE242AA1EE053AA2EE047A67EEE9
:10391000867A66EEA36AE1EE847AE2EE056AB0EE9C
:10392000656AA3EE247AA2EE856AE2EEA47AE3EE5B
:10393000056A26EE474AF7EE003AA7EEA64ADDED05
:10394000014A9DED005AC3EE845A27EEA50A26EEE1
:10395000656A27EE657A20EE240A66EEA56AA6EE71
:10396000050A27EE247A20EE240AA6EE857AA5EE33
:10397000070A03B05DF804FB124B134A1348EE210B
:10398000E6F79EFC6846FFF715FFDFED116AD3ED01
:10399000017A93ED006A9DED007A67EEA67A27EE34
:1039A000077AE6EE267A87EE270A03B05DF804FB75
:1039B00000000000EA0551BFF30435BFE805D13E21
:1039C000F304353F4CFD0408743C0508E03C050851
:1039D000FFFFFF3E70B52DED028B089D1E460023B4
:1039E00043608360012D4FF000030446036006D05E
:1039F000AB1E012B08D9BDEC028B204670BDBDEC7F
:103A0000028B0560204670BD084611462A46FFF726
:103A100043FF069984ED010A2A463046B0EE408AFB
:103A2000FFF73AFF022D079B84ED020A13D0D3ED76
:103A3000027AB4EEE78AF1EE10FA06DCD3ED037AEF
:103A4000B4EEE70AF1EE10FA0FDDBDEC028B0323B2
:103A50002046236070BDD3ED007AB4EEE78AF1EE24
:103A600010FAF2DCD3ED017AEAE702232360C2E721
:103A700070B52DED028B079C012C05460FD01E461C
:103A8000A31E012B17D99FED210A0020B0EE408A1A
:103A900085ED068ABDEC028B85ED070A70BD9FEDB2
:103AA0001B0AB0EE408A85ED068ABDEC028B2046EB
:103AB00085ED070A70BD084611462246FFF7ECFE69
:103AC000069922463046B0EE408AFFF7E5FE022C0A
:103AD00010D0D5ED027AB4EEE78AF1EE10FA10DCE0
:103AE000D5ED037AB4EEE70AF1EE10FACCBF03206D
:103AF0000220CDE7D5ED007AB4EEE78AF1EE10FAB8
:103B000001DD0320C4E7D5ED017AEBE700000000FA
:103B1000022904D0032905D190ED020A704790EDE7
:103B2000000A704708B5034A034B04484FF48171FB
:103B3000E6F7C6FB543D05084CFD0408E03C0508CB
:103B4000022904D0032905D190ED030A704790EDB6
:103B5000010A704708B5034A034B04484FF48B71C0
:103B6000E6F7AEFBA03D05084CFD0408E03C050867
:103B700010B511460446782229F0ACFB204610BD52
:103B800010B511460446782229F0A4FB204610BD4A
:103B90002DE9F04F2DED048B534B5449DFF870B1F4
:103BA000DFED539A9FED539ADFED538A82468FB033
:103BB000C02240F8043B29F08DFB00244FF0FF3376
:103BC000CAE93D33CAE93F33CAE94133D822214625
:103BD000CAE93144CAE93344CAE93544CAE9374439
:103BE000CAE93944CAE93B44CAF80C410AF588706D
:103BF00029F0DBF900220023CAE9C223CAE9C42361
:103C0000CAE9C623022303220121CAE9CA320420D9
:103C10000522CAE9C841CAE9CC02CAE9CE41CAF8BC
:103C200040330AF547770AF54D79B0EE088A0AF570
:103C30005078324E57F8044F0FCE6D460FC596E8B8
:103C40000300052C85E803003ED8694606A8CDF898
:103C500000B0CDED029ACDF804B08DED039A8DED54
:103C6000048ACDED058AFFF7CDFC0DF1180CBCE8F8
:103C70000F000AEB441604360FC69CE80F0086E8D6
:103C80000F0004EBC404A4004D4655F8046F022E47
:103C900024D806EB460604EB860606F588765644DD
:103CA0003046FFF78FFCDDED050A9DED040A304636
:103CB000FFF78EFC4545E8D14F45BAD150460FB0CD
:103CC000BDEC048BBDE8F08F694606A8FFF79AFCAF
:103CD0000B4B0C4A0C486021E6F7F2FA084B0B4AF2
:103CE00009486021E6F7ECFAC89D0508E4E00408FD
:103CF000295C134114AEBF4000004843A4E104080E
:103D000038F90408F43D050840050508680505086C
:103D1000F628D4402DE9F04F2DED048B534B544938
:103D2000DFF870B1DFED539A9FED539ADFED538AC0
:103D300082468FB0C02240F8043B29F0CBFA002421
:103D40004FF0FF33CAE93D33CAE93F33CAE9413393
:103D5000D8222146CAE93144CAE93344CAE9354484
:103D6000CAE93744CAE93944CAE93B44CAF80C41B4
:103D70000AF5887029F019F900220023CAE9C22344
:103D8000CAE9C423CAE9C623022303220121CAE9DE
:103D9000CA3204200522CAE9C841CAE9CC02CAE9EC
:103DA000CE41CAF840330AF547770AF54D79B0EEAF
:103DB000088A0AF55078324E57F8044F0FCE6D46F8
:103DC0000FC596E80300052C85E803003ED8694638
:103DD00006A8CDF800B0CDED029ACDF804B08DED77
:103DE000039A8DED048ACDED058AFFF70BFC0DF1EA
:103DF000180CBCE80F000AEB441604360FC69CE80A
:103E00000F0086E80F0004EBC404A4004D4655F8EB
:103E1000046F022E24D806EB460604EB860606F550
:103E2000887656443046FFF7CDFBDDED050A9DED63
:103E3000040A3046FFF7CCFB4545E8D14F45BAD1DF
:103E400050460FB0BDEC048BBDE8F08F694606A864
:103E5000FFF7D8FB0B4B0C4A0C486021E6F730FA11
:103E6000084B0B4A09486021E6F72AFAD49D050859
:103E7000E4E00408295C134114AEBF40000048434D
:103E8000A4E1040838F90408F43D050840050508D4
:103E900068050508F628D4402DE9F0479146044608
:103EA0000F46F0220021484629F07FF804F54775B7
:103EB00004F54D7801E045456CD055F8041F0529FF
:103EC00000F2BB8104EB81064FEA810AD6F8C430C8
:103ED0005A1E012A60D9032BEDD1D6F8DC30022B13
:103EE0005AD0D4F83823022A00F2A18102EB8203CF
:103EF00007EBC303900093F80CC0BCF1000F40F037
:103F0000E280D4F83C23022A00F2918102EB820382
:103F100007EBC303900093F80CC0BCF1000F40F016
:103F2000BD80D4F84023022A00F2818102EB820393
:103F300007EBC303900093F80CC0BCF1000F40F0F6
:103F40009880D4F80C21002A40F3848107EE902A4F
:103F50008A4409EBCA0ADAED006AB8EEE77AD317A9
:103F6000C6EE877ADAE90201CAED007AE4F746FB89
:103F7000CAE90201D6F8C410CAF81410D6F8DC1049
:103F8000CAF81810002201234545CAF810208AF803
:103F9000203092D1BDE8F087D4F83833022B00F2FC
:103FA000468103EB830307EBC30393ED007B1A7B8E
:103FB000D3ED044A9868D3F814E093ED065AD3ED94
:103FC000075A93ED086AD3ED096A22B1D6F8F430A6
:103FD000002B45D10122D4F83C33022B00F227817B
:103FE00003EB830307EBC30393ED007B93F80CC053
:103FF000D3ED044A9868D3F814E093ED065AD3ED54
:10400000075A93ED086AD3ED096ABCF1000F04D09A
:10401000D6F8F4309A4223D10132D4F84033022B3F
:1040200000F2058103EB830307EBC30393ED007BF1
:1040300093F80CC0D3ED044A9868D3F814E093EDDC
:10404000065AD3ED075A93ED086AD3ED096ABCF11D
:10405000000F3FF430AFD6F8F4309A423FF42BAF64
:104060004A1E042A00F20681DFE802F098DEDB96A1
:10407000D80093ED045AD3ED056A93ED066AD3EDAB
:10408000075A93ED087AD3ED097A4B1E042B00F200
:10409000EB80DFE803F0BABDC04B490093ED045A52
:1040A000D3ED056A93ED066AD3ED075A93ED087ACE
:1040B000D3ED097A4B1E042B00F2D380DFE803F026
:1040C000A2939652500093ED045AD3ED056A93EDF6
:1040D000066AD3ED075A93ED087AD3ED097A4B1EA1
:1040E000042B00F2C480DFE803F084878A05030014
:1040F000B0EE677A10440AEB010309EBC30307EB48
:10410000C00257F830E050689A68D3ED007A12EB9D
:104110000E02D3F80CE09A6077EE877A40EB0E003F
:10412000C3ED007AD860ECE6B0EE677A10440AEB93
:10413000010309EBC30307EBC00257F830E05068F6
:104140009A68D3ED007A12EB0E02D3F80CE09A6075
:1041500077EE877A40EB0E00C3ED007AD860F0E688
:10416000B0EE677A10440AEB010309EBC30307EBD7
:10417000C00257F830E050689A68D3ED007A12EB2D
:104180000E02D3F80CE09A6077EE877A40EB0E00CF
:10419000C3ED007AD860C4E616EE10EA0AEB010C13
:1041A00009EBCC0C8CED027BCCF800E0CCF81000D5
:1041B000D6F8C420CCF81420D6F8DC20CCF818208F
:1041C000002B08DB022B3EDC03EB830307EBC3036E
:1041D0009B68CCF81C300AEB010309EBC3030122F6
:1041E00083F8202067E6B0EE467ABBE7B0EE657A4A
:1041F000B8E7B0EE667A7DE7B0EE467A7AE7B0EEE1
:10420000657A77E7B0EE667AACE7B0EE667A8DE76E
:10421000B0EE467A8AE7B0EE657A87E716EE90EA66
:10422000BCE715EE90EAB9E715EE10EAB6E7134BD6
:10423000134A14486A21E6F743F8104B124A114812
:104240006021E6F73DF8114B114A124840F239114E
:10425000E6F736F8104B0E4A0E484FF4AF71E6F70A
:104260002FF8B0EE457A7DE7B0EE457A5EE7B0EE26
:10427000457A3FE714EE90EA90E700BF38F904086A
:10428000943F050840050508BC3E0508180B0508C5
:1042900080400508700D05084CFD04082DE9F04725
:1042A000914604460F46F0220021484628F07DFE44
:1042B00004F5477504F54D7801E045456CD055F897
:1042C000041F052900F2BB8104EB81064FEA810A35
:1042D000D6F8C4305A1E012A60D9032BEDD1D6F886
:1042E000DC30022B5AD0D4F83823022A00F2A18104
:1042F00002EB820307EBC303900093F80CC0BCF100
:10430000000F40F0E280D4F83C23022A00F29181B1
:1043100002EB820307EBC303900093F80CC0BCF1DF
:10432000000F40F0BD80D4F84023022A00F28181C2
:1043300002EB820307EBC303900093F80CC0BCF1BF
:10434000000F40F09880D4F80C21002A40F38481BB
:1043500007EE902A8A4409EBCA0ADAED006AB8EE41
:10436000E77AD317C6EE877ADAE90201CAED007A56
:10437000E4F744F9CAE90201D6F8C410CAF81410E7
:10438000D6F8DC10CAF81810002201234545CAF8F7
:1043900010208AF8203092D1BDE8F087D4F8383365
:1043A000022B00F2468103EB830307EBC30393ED7B
:1043B000007B1A7BD3ED044A9868D3F814E093EDA0
:1043C000065AD3ED075A93ED086AD3ED096A22B174
:1043D000D6F8F430002B45D10122D4F83C33022B1F
:1043E00000F2278103EB830307EBC30393ED007B0C
:1043F00093F80CC0D3ED044A9868D3F814E093ED19
:10440000065AD3ED075A93ED086AD3ED096ABCF159
:10441000000F04D0D6F8F4309A4223D10132D4F8F8
:104420004033022B00F2058103EB830307EBC30348
:1044300093ED007B93F80CC0D3ED044A9868D3F851
:1044400014E093ED065AD3ED075A93ED086AD3EDC5
:10445000096ABCF1000F3FF430AFD6F8F4309A424D
:104460003FF42BAF4A1E042A00F20681DFE802F077
:1044700098DEDB96D80093ED045AD3ED056A93EDF0
:10448000066AD3ED075A93ED087AD3ED097A4B1EED
:10449000042B00F2EB80DFE803F0BABDC04B49000B
:1044A00093ED045AD3ED056A93ED066AD3ED075AEE
:1044B00093ED087AD3ED097A4B1E042B00F2D380DA
:1044C000DFE803F0A2939652500093ED045AD3ED27
:1044D000056A93ED066AD3ED075A93ED087AD3ED9A
:1044E000097A4B1E042B00F2C480DFE803F08487B6
:1044F0008A050300B0EE677A10440AEB010309EB6A
:10450000C30307EBC00257F830E050689A68D3ED58
:10451000007A12EB0E02D3F80CE09A6077EE877AFD
:1045200040EB0E00C3ED007AD860ECE6B0EE677A9F
:1045300010440AEB010309EBC30307EBC00257F871
:1045400030E050689A68D3ED007A12EB0E02D3F88F
:104550000CE09A6077EE877A40EB0E00C3ED007AAC
:10456000D860F0E6B0EE677A10440AEB010309EB7D
:10457000C30307EBC00257F830E050689A68D3EDE8
:10458000007A12EB0E02D3F80CE09A6077EE877A8D
:1045900040EB0E00C3ED007AD860C4E616EE10EAD8
:1045A0000AEB010C09EBCC0C8CED027BCCF800E0A3
:1045B000CCF81000D6F8C420CCF81420D6F8DC20B3
:1045C000CCF81820002B08DB022B3EDC03EB830326
:1045D00007EBC3039B68CCF81C300AEB010309EB23
:1045E000C303012283F8202067E6B0EE467ABBE7DA
:1045F000B0EE657AB8E7B0EE667A7DE7B0EE467A5F
:104600007AE7B0EE657A77E7B0EE667AACE7B0EEBF
:10461000667A8DE7B0EE467A8AE7B0EE657A87E78C
:1046200016EE90EABCE715EE90EAB9E715EE10EA4F
:10463000B6E7134B134A14486A21E5F741FE104BC5
:10464000124A11486021E5F73BFE114B114A12480E
:1046500040F23911E5F734FE104B0E4A0E484FF484
:10466000AF71E5F72DFEB0EE457A7DE7B0EE457A05
:104670005EE7B0EE457A3FE714EE90EA90E700BFC0
:1046800038F90408943F050840050508BC3E0508B4
:10469000180B0508C0420508700D05084CFD0408FC
:1046A000022908B517D9CB1E022B7AD8012820D0B1
:1046B000033801287CD8DFED495A9FED495AB0EE06
:1046C000650A9FED487A013904297FD8DFE801F0B7
:1046D000625B544D1F00012812D0033801286ED8A8
:1046E000DFED3E5A9FED3E5AB6EE000A9FED3E7A50
:1046F000E9E7DFED3E5A9FED3E5A9FED3E0AE0E7C7
:10470000DFED3D5A9FED3D5A9FED3D0AEEE792EDFC
:10471000056AD2ED037AD2ED046AB0EEC66AB4EE51
:10472000467AF0EEE77AF1EE10FAF0EEE66AB4EED1
:10473000677A48BFB0EE476AF1EE10FAF4EE476AC6
:1047400048BFF0EE477AA6EE050AF1EE10FAC8BFB0
:10475000F0EE476A77EEA67AB6EE087AA7EEA50ADB
:1047600020EE070A20EE000A08BD92ED046AD2EDA1
:10477000037AD2ED056AD0E792ED036AD2ED047AAE
:10478000D2ED056AC9E792ED026AD2ED007AD2ED68
:10479000016AC2E792ED016AD2ED007AD2ED026AB7
:1047A000BBE7184B184A19484FF4EC71E5F788FD40
:1047B000144B154A154840F2D111E5F781FD114B14
:1047C000114A12484FF4DA71E5F77AFD92ED006A6A
:1047D000D2ED017AD2ED026A9FE700BF0AD7A33C6F
:1047E0008FC2F53CDA0FC9400F5CEB41728A0E3C78
:1047F000A69BC43B4260653BC3642A3B6F12033BEC
:104800008FC2F53D4CFD0408E84405081849050829
:104810002DE9F04F2DED028B9DB000F54D7B00F59D
:10482000507304460191DA46029300255AF804CFEA
:10483000BCF1020F00F20D83019B0CEB8C0603EB25
:10484000C6060FCE12AF0FC70FCE0FC796E80300F4
:104850009DF854E087E80300BEF1000F07D1029BEA
:104860005345E3D11DB0BDEC028BBDE8F08F04EBE6
:10487000CC011298D1F80833139ED1F80C23069579
:10488000984276EB0207CDE90755CDE90955CDE908
:104890000D55CDE90F550C950B95119580F0A8801D
:1048A0001B1A62EB06025F42B3F1004F72F1000285
:1048B00080F0D582584B0CEB4C0C9F42C1E9C206EC
:1048C00004F547794FEA8C0626D859F8047F052F5E
:1048D00000F2CB82DFE807F0898683807D349DED8E
:1048E000198A03EBC30706EB870707F588771CAA2D
:1048F000274402EB8308384608ED168AFEF762FE6D
:10490000B0EE480A3846FEF749FE3846FEF742FE4A
:10491000D94508ED100A2BD059F8043F052B00F2B9
:10492000A48201A252F823F0074A0208014A0208B1
:10493000FB490208DF480208134A02080D4A020830
:104940009DED1B0A07EBC70806EB880808F5887879
:104950001CABA04403EB8707404607ED160AFEF7A1
:104960001DFE4046FEF716FECB4507ED100AACD102
:10497000149E012E60D0F31E012B40F26481D4F806
:104980002023052A00F25882D4F80C111CA802EB4F
:10499000420300EB82009B00022950F8585C03F5AB
:1049A000F47600F24282234404EB8104344403EBA6
:1049B0008103033A50F8400C2560022AC3F8300204
:1049C00000F24082154B164A16484FF4BE71E5F7C7
:1049D00077FC9DED1A0AB5E79DED190AB2E79DED4A
:1049E000180AAFE79DED170AACE79DED160AA9E797
:1049F000C31A66EB02021F4656E79DED188A70E760
:104A00009DED178A6DE79DED168A6AE79DED1B8A7D
:104A100067E79DED1A8A64E740420F004CFD0408E9
:104A2000004C050818490508CABFE03CDD0A393BBF
:104A30001184DF3CF6FA6540D4F82013052900F212
:104A4000FB81D4F80C911CAB03EB810301EB410714
:104A500004F5F472B9F1020F53F8580C03924FEABF
:104A6000870700F2E28153F8402C1FED118A5FEDB9
:104A7000118ACB1E022B039B3B44274407EB89077B
:104A800003EB890394BFF0EE687AF0EE487A186081
:104A90004FEA890CC7F83022C7ED9E7A0CAA30463F
:104AA000CDF810C0FFF7FCFDD4F8241387EDB00A51
:104AB000052900F2C1811CA800EB8103CA1E53F82E
:104AC00058CC53F8400CDDE90337022A03EB070802
:104AD00001EB4102274407EB820308EB820294BFFB
:104AE000F0EE687AF0EE487AC2F800C0C3F83002FF
:104AF000C3ED9E7A0CAA30460593FFF7D1FDD4F89A
:104B00002813059B052983EDB00A00F295811CABA3
:104B100003EB8103CA1E022A01EB410253F858CC71
:104B200053F8400C07EB820308EB820294BFF0EECF
:104B3000687AF0EE487AC2F800C0C3F83002C3EDDC
:104B40009E7A0CAA30460593FFF7AAFDD4F82C13E1
:104B5000059B052983EDB00A00F26E811CAB03EBC7
:104B60008103CA1E022A01EB410253F858CC53F8C4
:104B7000400C07EB820308EB820294BFF0EE687AE8
:104B8000F0EE487AC2F800C0C3F83002C3ED9E7A56
:104B90000CAA30460593FFF783FDD4F83013059B2C
:104BA000052983EDB00A00F247811CAB03EB8102BB
:104BB000CB1E022B01EB410308EB830807EB8307B5
:104BC00052F8583CC8F8003094BFF0EE687AF0EE26
:104BD000487A52F8403CC7F83032C7ED9E7A0CAAAA
:104BE0003046FFF75DFDD4F8341387EDB00A052990
:104BF00000F22281039B049F304601EB410603EB48
:104C00008603A1F1030C04EB86063E443B44BCF151
:104C1000020F1CAF0CAA07EB810798BFB0EE688AA1
:104C200057F858CCC3F800C057F8403CC6F83032AB
:104C300086ED9E8AFFF734FD09F1010386EDB00A87
:104C4000C4F80C310BE6D4F82013052900F2F480E7
:104C5000D4F80C911CAB03EB810301EB410704F585
:104C6000F472B9F1020F53F8580C03924FEA870718
:104C700000F2DB8053F8402C1FED938A5FED938A9E
:104C8000CB1E032B039B3B44274407EB890703EB15
:104C900089032CBFF0EE687AF0EE487A18604FEA8C
:104CA000890CC7F83022C7ED9E7A0CAA3046CDF8A1
:104CB00010C0FFF7F5FCD4F8241387EDB00A0529DE
:104CC00000F2BA801CA800EB8103CA1E53F858CC2E
:104CD00053F8400CDDE90337032A03EB070801EB27
:104CE0004102274407EB820308EB82022CBFF0EE5F
:104CF000687AF0EE487AC2F800C0C3F83002C3ED1B
:104D00009E7A0CAA30460593FFF7CAFCD4F8281304
:104D1000059B052983EDB00A00F28E801CA800EBEC
:104D20008103CA1E032A01EB410253F858CC53F801
:104D3000400C07EB820308EB82022CBFF0EE687A8E
:104D4000F0EE487AC2F800C0C3F83002C3ED9E7A94
:104D50000CAA30460593FFF7A3FCD4F82C13059B4F
:104D6000052983EDB00A67D81CA800EB8103CA1E91
:104D7000032A01EB410253F858CC53F8400C07EBDF
:104D8000820308EB82022CBFF0EE687AF0EE487ADC
:104D9000C2F800C0C3F83002C3ED9E7A0CAA3046B8
:104DA0000593FFF77DFCD4F83013059B052983EDAF
:104DB000B00A41D8CA1E1CA800EB8103032A01EBEC
:104DC000410207EB820708EB82082CBFF0EE687AFD
:104DD000F0EE487A53F8582C53F8403CC8F80020BD
:104DE0003046C7F83032C7ED9E7A0CAAFFF758FC60
:104DF000D4F8341387EDB00A05291DD8039B049F0E
:104E0000304601EB410603EB8603A1F1030C04EBF2
:104E100086063E443B44BCF1030F1CAF0CAA07EBD3
:104E2000810728BFB0EE688AFAE6134B134A14488C
:104E300040F2AB11E5F744FA124B134A13486021D4
:104E4000E5F73EFA124B134A134840F25D11E5F7BD
:104E500037FA0C4B114A0D486A21E5F731FA104B2D
:104E6000104A11487F21E5F72BFA094B0F4A0A48EF
:104E70004FF49571E5F724FA14090508340905087B
:104E8000F009050838F90408404B050840050508F5
:104E90004CFD0408004C050818490508943F050816
:104EA000280705088C0705081C0805088849050817
:104EB0002DE9F04FF0223D4CA5B00D460021804673
:104EC00028F073F84FF0FF320023C4E93D22C4E913
:104ED0003F22C4E941222946782206A8C4E9313399
:104EE000C4E93333C4E93533C4E93733C4E939336A
:104EF000C4E93B33C4F80C3128F0ECF906A920468C
:104F0000FFF786FC04F54777CDF8148002E0284BC4
:104F1000BB4239D057F8046F052E41D806EB460541
:104F2000AD0005F5F47905F51E7A05F50C7305F568
:104F300030752544009504EB4618D4F80C210192F5
:104F400008F10408A144A24423445246494640467D
:104F50000493FEF78DFD04EB860B0328049BCBF82E
:104F6000C400D4D13D3604EB860600950296D4F8F1
:104F70000C510195524649464046FEF759FB0C4BF1
:104F8000CBF8DC00BB42C5D1DDF81480A3F54D7031
:104F9000424606A9FEF780FF404625B0BDE8F08FE7
:104FA000044B054A05486021E5F78AF95845012078
:104FB0008C48012038F90408F43D0508400505082F
:104FC000022908B513D9CB1E022B00F28D800D28C3
:104FD0007CD00E286CD0012840F08D809FED505A77
:104FE000DFED505A9FED500A9FED507A0EE00D28EC
:104FF00073D00E2863D0012840F084809FED4C5A76
:10500000DFED4C5A9FED4C0A9FED4C7A0139042993
:105010007FD8DFE801F0463F3831030092ED056AA2
:10502000D2ED037AD2ED046AB0EEC66AB4EE467AE7
:10503000F0EEE77AF1EE10FAF0EEE66AB4EE677A97
:1050400048BFB0EE476AF1EE10FAF4EE476A48BF87
:10505000F0EE477AA6EE250AF1EE10FAC8BFF0EEA0
:10506000476A77EEA67AB6EE087AA7EE850A20EEB2
:10507000070A20EE000A08BD92ED046AD2ED037A19
:10508000D2ED056AD0E792ED036AD2ED047AD2ED53
:10509000056AC9E792ED026AD2ED007AD2ED016AA3
:1050A000C2E792ED016AD2ED007AD2ED026ABBE767
:1050B000DFED235A9FED235AB0EE650A94E79FED8A
:1050C000215ADFED1F5A9FED200A9DE79FED1D5AE3
:1050D000DFED1B5A9FED1D0A86E79FED1A5ADFEDA3
:1050E0001C5A9FED1C0A8FE71B4B1C4A1C484FF4AF
:1050F000EC71E5F7E5F8184B184A194840F2D11160
:10510000E5F7DEF8144B154A15484FF4DA71E5F768
:10511000D7F892ED006AD2ED017AD2ED026A83E708
:10512000728A0E3CA69BC43B4260653BDA0FC940C5
:10513000C3642A3B6F12033B8FC2F53D0F5CEB410A
:105140000AD7A33C98F98E3C9A99993E0AD7233CFA
:105150000AD7A33BCDCC4C3E4CFD0408F44F0508C8
:10516000184905082DE9F04F2DED028B9DB000F593
:105170004D7B00F5507304460191DA4602930025F9
:105180005AF804CFBCF1020F00F21E83019B0CEB16
:105190008C0603EBC6060FCE12AF0FC70FCE0FC79C
:1051A00096E803009DF854E087E80300BEF1000F85
:1051B00007D1029B5345E3D11DB0BDEC028BBDE886
:1051C000F08F04EBCC011298D1F80833139ED1F87C
:1051D0000C230695984276EB0207CDE90755CDE9F9
:1051E0000955CDE90D55CDE90F550C950B95119548
:1051F00080F0AE801B1A62EB06025F42B3F1004FF3
:1052000072F1000280F0F4825B4B0CEB4C0C9F427D
:10521000C1E9C20604F547794FEA8C0626D859F849
:10522000047F052F00F2EA82DFE807F08F8C898681
:1052300083349DED198A03EBC30706EB870707F557
:1052400088771CAA274402EB8308384608ED168AA3
:10525000FEF7B8F9B0EE480A3846FEF79FF938462F
:10526000FEF798F9CB4508ED100A2BD059F8043F0A
:10527000052B00F2C38201A252F823F06753020803
:10528000615302085B530208335202087353020849
:105290006D5302089DED1B0A07EBC70806EB880853
:1052A00008F588781CABA04403EB8707404607ED60
:1052B000160AFEF773F94046FEF76CF9D94507ED7B
:1052C000100AACD1149ED4F82013012E5CD005290D
:1052D00000F27482D4F80C21039204F5F4721CAB32
:1052E00017460492039A03EB810301EB4108022A5B
:1052F00053F8580C4FEA880800F2598253F8402CB2
:105300003B46039F434403EB8703A044186008EB2C
:1053100087034FEA8709C3F83022CB1E022B40F2E5
:1053200037810D2E00F041820E2E40F05382134B38
:1053300036E19DED1A0AAFE79DED190AACE79DED48
:10534000180AA9E79DED170AA6E79DED160AA3E73F
:10535000C31A66EB02021F4650E79DED188A6AE702
:105360009DED178A67E79DED168A64E79DED1B8A20
:1053700061E79DED1A8A5EE740420F00937FB23FDE
:10538000DD0A393BCABFE03C052900F21782D4F898
:105390000C71039704F5F4721CAB1746039A03EBE8
:1053A000810301EB4108022A53F8580C4FEA8808A0
:1053B00000F2FD8153F8402C0497CB1E032B3B4693
:1053C000039F1FED118A5FED118A4344A04408EB4F
:1053D000870803EB87032CBFF0EE687AF0EE487A7B
:1053E0001860C8F83022BB00C8ED9E7A0CAA30467F
:1053F0001F46FFF7E5FDD4F8241388EDB00A052910
:1054000000F2DC811CA800EB8103CA1E53F858CCC3
:1054100053F8400C049B032A03EB070901EB4102FC
:1054200004EB070808EB820309EB82022CBFF0EEC5
:10543000687AF0EE487AC2F800C0C3F83002C3EDD3
:105440009E7A0CAA30460593FFF7BAFDD4F82813CC
:10545000059B052983EDB00A00F2B0811CAB03EB7C
:105460008103CA1E032A01EB410253F858CC53F8BA
:10547000400C08EB820309EB82022CBFF0EE687A45
:10548000F0EE487AC2F800C0C3F83002C3ED9E7A4D
:105490000CAA30460593FFF793FDD4F82C13059B17
:1054A000052983EDB00A00F289811CAB03EB81036F
:1054B000CA1E032A01EB410253F858CC53F8400CA2
:1054C00008EB820309EB82022CBFF0EE687AF0EE63
:1054D000487AC2F800C0C3F83002C3ED9E7A0CAA25
:1054E00030460593FFF76CFDD4F83013059B052972
:1054F00083EDB00A00F262811CAB03EB8102CB1E8C
:10550000032B01EB410308EB830809EB830352F8FB
:10551000580C18602CBFF0EE687AF0EE487A52F81A
:10552000403CC8F83032C8ED9E7A0CAA3046FFF7EE
:1055300047FDD4F8341388EDB00A052900F23E8106
:10554000049B304601EB410603EB860304EB860621
:105550003E443B441CAF07EB810CA1F1030EBEF1AE
:10556000030F5CF858ECC3F800E028BFB0EE688A7F
:105570005CF8403CC6F830320CAA86ED9E8AFFF7F4
:105580001FFD86EDB00A039F0137C4F80C7110E6C9
:105590000D2E04D00E2E40F024819C4B00E09C4B3D
:1055A000C8440CAAC8F878323046FFF709FDD4F891
:1055B000241388EDB00A052900F200811CAB03EB2F
:1055C000810301EB410853F858CC53F8400C049B7D
:1055D00003EB0902174602EB880204EB0903C2F849
:1055E00000C003EB88024FEA8808C2F83002CA1EE6
:1055F000022A8BBF9FED877A9FED877ADFED877A4E
:10560000DFED877A05930D2E18BFF0EE477A9844A8
:10561000C8ED9E7A0CAA3046FFF7D2FCD4F82813C6
:1056200088EDB00A052900F2C9801CAB03EB8102AA
:1056300001EB4108059B52F858CC52F8400C0593F9
:1056400007EB8802C2F800C003EB88024FEA880823
:10565000C2F83002CA1E022A8BBF9FED6E7A9FED00
:105660006E7ADFED6E7ADFED6E7A0D2E18BFF0EEFA
:10567000477A9844C8ED9E7A0CAA3046FFF7A0FC02
:10568000D4F82C1388EDB00A052900F297801CABE2
:1056900003EB810201EB4108059B52F858CC52F80C
:1056A000400C059307EB8802C2F800C003EB8802A8
:1056B0004FEA8808C2F83002CA1E022A8BBF9FED4B
:1056C000557A9FED557ADFED557ADFED557A0D2E3F
:1056D00018BFF0EE477A9844C8ED9E7A0CAA30467F
:1056E000FFF76EFCD4F8301388EDB00A052965D8B1
:1056F0001CAB03EB810201EB4108059B52F858CC2F
:1057000007EB8800C0F800C052F8400C03EB880299
:105710004FEA8808C2F83002CA1E022A8BBF9FEDEA
:105720003D7A9FED3D7ADFED3D7ADFED3D7A0D2E3E
:1057300018BFF0EE477A9844C8ED9E7A0CAA30461E
:10574000FFF73EFCD4F8341388EDB00A052935D8AC
:10575000049B01EB41081CAA02EB810203EB8803C6
:105760004B4452F8580C186004EB880808EB090306
:1057700052F8402CC3F83022CB1E022B95BF9FED70
:10578000267A9FED247ADFED267ADFED247A0D2E3E
:1057900018BFF0EE477AC844C8ED9E7A0CAA30468E
:1057A000FFF70EFC88EDB00AEDE61E4BF8E61E4B47
:1057B0001E4A1F4840F2AB11E4F782FD1D4B1E4A02
:1057C0001E486021E4F77CFD1A4B1D4A1B486A21E4
:1057D000E4F776FD1B4B1C4A1C4840F25D11E4F7D0
:1057E0006FFD184B184A19484FF4BE71E4F768FD75
:1057F000174B184A18487F21E4F762FD114B174AEE
:1058000012484FF49571E4F75BFD00BF4D7F873C74
:105810007F3A893C937FB23F4D7F873C29A37B3FF2
:105820007F3A893C29A37B3F140905083409050800
:10583000F009050838F90408404B0508400505083B
:10584000943F05084CFD0408AC55050818490508A7
:10585000280705088C0705081C08050800540508DA
:105860002DE9F04FF0223D4CA5B00D4600218046B9
:1058700027F09BFB4FF0FF320023C4E93D22C4E92F
:105880003F22C4E941222946782206A8C4E93133DF
:10589000C4E93333C4E93533C4E93733C4E93933B0
:1058A000C4E93B33C4F80C3127F014FD06A92046A7
:1058B000FFF758FC04F54777CDF8148002E0284B39
:1058C000BB4239D057F8046F052E41D806EB460588
:1058D000AD0005F5F47905F51E7A05F50C7305F5AF
:1058E00030752544009504EB4618D4F80C2101923C
:1058F00008F10408A144A2442344524649464046C4
:105900000493FEF7B5F804EB860B0328049BCBF851
:10591000C400D4D13D3604EB860600950296D4F837
:105920000C510195524649464046FDF781FE0C4B0D
:10593000CBF8DC00BB42C5D1DDF81480A3F54D7077
:10594000424606A9FEF7AAFC404625B0BDE8F08F06
:10595000044B054A05486021E4F7B2FC10420120DF
:105960004445012038F90408F43D050840050508C0
:1059700008B50348FEF70CF90248FEF7CBF908BD5D
:10598000584501201042012002460B46014800F014
:1059900005BF00BFA0480120014800F009BF00BFBB
:1059A000A048012030B583B0044600920348224647
:1059B0000B4600F00DFF03B030BD00BFA048012032
:1059C00010B50349044600F0DBFF204610BD00BFC0
:1059D000A0480120014800F0E3BF00BFA04801201B
:1059E000DFED157AB4EEE70AF1EE10FA06DADFED34
:1059F000137AB4EEE70AF1EE10FA02D89FED100A1E
:105A00007047DFED107ADFED100A87EE800A08B5E7
:105A100025F02CFBF7EE007A30EE670A9FED0B7A4B
:105A2000DFED0B7A20EE070A20EE277A77EEC07AB8
:105A300087EE270A08BD00BF0092F9470058B1461B
:105A40000000C07F80E6C54754D442BEC42A2DC79B
:105A50003CFEC14ADFED1E7AB4EEE70AF1EE10FA21
:105A600010DA08B5DFED1B7AB4EEE70AF1EE10FAB2
:105A70002DED028BB0EE408A07D8BDEC028B9FED76
:105A8000160A08BD9FED140A70479FED140ADFED5A
:105A9000140A80EE080A25F0E9FADFED126A9FED9C
:105AA000126AF7EE007A30EE677AF0EE665AE7EEA9
:105AB000465AC0EE087ABDEC028B86EEA57A9FEDC1
:105AC0000B6A27EE077A27EE067A27EEC70A08BD8B
:105AD0000092F9470058B1460000C07F80E6C547F4
:105AE00054D442BE3CFEC14AC42A2DC709CA03464B
:105AF000D0ED020A90ED010A70B5F1EE600AB1EE48
:105B0000400A04460E46154625F08EFA86ED000A38
:105B1000D4ED027AD4ED016A94ED007A67EEA77AAB
:105B2000E6EEA67AE7EE077AB1EEE70A87EE000A1C
:105B300025F04EFA85ED000A70BD00BFF8B52DEDD9
:105B4000068B0F4616461D460446E6F773FF2046B1
:105B5000B0EE409AE6F774FF2046F0EE408AE6F792
:105B60005DFF2046B0EE408AE6F75EFF68EE007A01
:105B70002046E9EE287AF7EE00AA37EEA78AE6F784
:105B800053FF2046F0EE409AE6F74EFF2046B0EE77
:105B9000409AE6F74FFF2046F0EE408AE6F74AFFCC
:105BA00068EE808AB0EE00AAE9EE898AF0EE6A0A11
:105BB000E8EECA0AB0EE480A25F036FA204687ED2C
:105BC000000AE6F731FF2046F0EE408AE6F738FF9C
:105BD0002046B0EE408AE6F721FF2046B0EE409A1C
:105BE000E6F728FF60EE497AE8EE887A37EEA70AF2
:105BF00025F0EEF9B1EE400A204686ED000AE6F700
:105C000013FF2046B0EE409AE6F714FF2046F0EE70
:105C1000408AE6F703FF2046B0EE408AE6F710FF21
:105C200068EE007A2046E9EE287A37EEA78AE6F792
:105C300001FF2046F0EE409AE6F7FCFE2046B0EE6B
:105C4000409AE6F7FDFE2046F0EE408AE6F7F8FEC1
:105C500068EE808AF0EE6A0AE9EE898AB0EE480AB8
:105C6000E8EECA0A25F0E0F9BDEC068B85ED000AE6
:105C7000F8BD00BF10B52DED0A8BF6EE00AAB0EE10
:105C8000408AF0EE608AF0EE419A0446E6F71AFD8B
:105C900028EE2A8A68EEAA8AB0EE480A25F05CFA55
:105CA000B0EE409AB0EE480A25F0C8FAB0EE408A4D
:105CB000B0EE680A25F050FAB0EE40AAB0EE680ADD
:105CC00025F0BCFA69EEAA9AF0EE40AAB0EE690A95
:105CD00025F042FAF0EE408AB0EE690A25F0AEFAFD
:105CE00028EE2ACA69EE0ABA2CEE00BA2046F0EE77
:105CF000409AABEEA8BAE6F78FFE29EE2A9A28EE74
:105D00000A8A29EEC9AA80ED00BAA8EE28AA204680
:105D1000E6F788FE28EE298A80ED00AAA9EE288AF7
:105D20002046E6F785FE68EECC8A80ED008AEBEE31
:105D3000A98A2046E6F782FEC0ED008ABDEC0A8BF8
:105D4000204610BD38B505462DED048B08460C469F
:105D5000E6F76AFE2046F0EE409AE6F765FE20463A
:105D6000B0EE409AE6F766FE2046B0EE408AE6F7CF
:105D700061FE204628EE008AE6F762FE2046F0EE3D
:105D8000408AE6F75DFE68EE807AF0EE485AB0EEA3
:105D9000675AE9EE895A2046A9EE895A38EE278AD1
:105DA000F7EE007AB0EE007AB0EE676AF0EE676A5E
:105DB000A8EE476AE5EEC77AE5EE476A85ED006A28
:105DC000C5ED046AC5ED087AE6F72EFE2046B0EE72
:105DD000409AE6F72FFE2046F0EE408AE6F71EFED8
:105DE0002046B0EE408AE6F72BFE68EE007A2046A9
:105DF000B0EE677A99EE287AE9EE287A37EE077ADC
:105E000077EEA77A85ED037AC5ED017AE6F70CFE09
:105E10002046B0EE409AE6F713FE2046F0EE408AA8
:105E2000E6F7FCFD2046B0EE408AE6F703FE68EE9A
:105E3000007A2046B0EE677AA9EE287AD9EE287A61
:105E400037EE077A77EEA77A85ED067AC5ED027A06
:105E5000E6F7F0FD2046B0EE409AE6F7F1FD204669
:105E6000F0EE408AE6F7DAFD2046B0EE408AE6F72B
:105E7000DBFD68EE007A2846B0EE677A99EE287A64
:105E8000E9EE287ABDEC048B37EE077A77EEA77A35
:105E900085ED077AC5ED057A38BD00BFDFED246AD0
:105EA000B0EEC07AB4EEE67AF1EE10FA08DC9FEDBF
:105EB000217AF0EEE07AF4EEC77AF1EE10FA02DB26
:105EC0009FED1D0A704730B591B00DF1370121F0FB
:105ED0000F0504469FED191A2846FFF7CBFE294609
:105EE00001A8FFF72FFFD4ED020A9DED080ADDEDB2
:105EF000076A94ED017ADDED057A9DED046A20EEE6
:105F0000800A60EEA60AA7EE270AE6EE070AD4ED9D
:105F1000007ADDED026A9DED017AA7EEA60AE7EEB2
:105F2000270AB1EE400A11B0BDE8304025F07CB838
:105F3000DA0F4940DA0FC93F0000C07F00000000BF
:105F400010B52DED068BD0ED008A88B0B0EE680A52
:105F5000044625F001F9B0EE408AB0EE680A25F05B
:105F60006DF994ED019AF0EE408AB0EE490A25F001
:105F7000F3F8F0EE40AAB0EE490A25F05FF994ED8F
:105F8000029AB0EE40AAB0EE490A25F0E5F8F0EE2C
:105F9000409AB0EE490A25F051F9B0EE409A2AEE47
:105FA000A80A25F015F86AEE880AF0EE407AB0EEFD
:105FB0004A0AF0EE67AA25F037F868EECA8AF0EED2
:105FC000407A69EE880A29EE080AE8EEC90AA8EEC6
:105FD000A90AB0EE678A25F027F8F0EE480AB0EE7D
:105FE000401AB0EE6A0A08B0BDEC068B10BD00BFC7
:105FF00010B511460446482227F06CF9204610BD22
:106000002DE9F04704463D4E3D4B05468EB044F821
:10601000043B0FCE0FC40FCE0FC40FCE0FC496E8B3
:106020000F0000274FF0FF3C84E80F00482239465C
:10603000C5E91177C5E91377C5E915CCEF6505F119
:10604000600026F0B2FF012100230022C5E948715B
:10605000C5E94A71C5E94223C5E94423C5E9462398
:106060000223C5F8303105F58E7805F5927A05F5ED
:10607000987958F8046F6846314600F015FD694676
:1060800006A8FDF7BFFA012E31D80DF1180CBCE8B7
:106090000F0005EB461404340FC49CE80F0084E89D
:1060A0000F0006EBC606B600574657F8044F022C01
:1060B00017D804EB440406EB840460342C442046D7
:1060C000FDF780FADDED050A9DED040A2046FDF797
:1060D0007FFAB945E9D1C245CBD128460EB0BDE81B
:1060E000F087084B084A09486021E4F7E9F8054BB6
:1060F000074A06486021E4F7E3F800BFBCE1040862
:10610000E09D050838F904086805050840050508FC
:106110007C59050810B50A4C2368BFF35B8FDB0779
:1061200001D5022010BD204623F064FC0028F8D0E1
:106130000448FFF765FF204623F06BFC022010BDEA
:10614000F0480120F84801202DE9F04F2DED028B99
:1061500000F5927BDFED6B8A8FB0044688465D4682
:1061600000F5987A55F804EFBEF1020F00F2B780FF
:106170000EEB4E0608EBC6060FCE08AF0FC796E82B
:1061800003009DF82C3087E803004FEA4E0933B92D
:106190005545E7D10FB0BDEC028BBDE8F08F04EBA5
:1061A000CE020899D2F808310998D2F80C61CDEDE9
:1061B000048A994270EB0607CDED058ACDED068A7B
:1061C000CDED078A79D25B1AC3F1000766EB0006B2
:1061D0000197B3F1004F76F1000680F08C8009EB57
:1061E0000E06C2E9421004F58E77B60002950397B9
:1061F0003D46B14655F8047F08A8394600F0EEFB4D
:10620000012FB0EE408A70D807EBC7060EAB03EB48
:1062100087073D4A019B07ED0A0A09EB86066036AF
:106220002644934230464DD8FDF7B8F93046FDF785
:10623000B1F95D4507ED080ADCD1DDE9025757F8F1
:10624000049FB9F1010F50D80EAAE36D02EB89014A
:1062500009EB4906B600022B51F8280C06F1A802FA
:1062600036D804EB83031A44334451F8201C1060E1
:10627000C3F8C01008AA0A98494600F0C5FBE36DB0
:10628000022B06F1D80223D804EB8303134483EDD9
:10629000000A0A98494606AA00F0DEFBE36D022BCD
:1062A00006F1F00614D804EB830232445F4582ED18
:1062B000000AC4D10133E3656AE7CB1A60EB060636
:1062C000019386E7FDF77EF9B0EE480A3046ABE76A
:1062D0000E4B0F4A0F4840F2AB11E3F7F1FF0E4BA4
:1062E0000E4A0F486A21E3F7EBFF0B4B0D4A0C48AF
:1062F0006021E3F7E5FF0C4B0C4A0D487F21E3F7E3
:10630000DFFF00BF0000000040420F001409050835
:1063100034090508F009050838F904085C5A05082D
:1063200040050508505B0508280705088C07050887
:106330001C0805082DE9F04F89B013460446019268
:106340008A4650220021184626F02FFE04F58E764C
:1063500004F5927B56F8047F012F00F2538104EB81
:106360008708BB000093D8F844305A1E012A07D989
:10637000032B00F088805E45ECD109B0BDE8F08FBA
:10638000D4F82851022D00F2378105EB45050AEBC0
:10639000C5050FCD0DF10809CC46ACE80F0095E816
:1063A00003009DF814308CE80300002B62D19E4658
:1063B00001230093D4F82C51022D00F21D8105EB2E
:1063C00045050AEBC5050FCDCC46ACE80F0095E8B6
:1063D00003009DF814308CE803002BB1D8F854303A
:1063E0009E451AD1DDF800E0D4F83051022D00F2BC
:1063F000038105EB45050AEBC5050FCDCC46ACE89E
:106400000F0095E803009DF814308CE80300002B82
:10641000B1D0D8F854309E45ADD04846394600F04A
:10642000DDFA019ABB00DDE902013B4402EBC30344
:10643000049A1A61D8F8542083ED000AC3E90201D6
:10644000D8F844105961D8F84C109961002A08DB3B
:10645000022A00F3E48002EB42020AEBC2029268D5
:10646000DA61019ABB003B4402EBC303012283F8CB
:10647000202080E7D8F85430002BCED1022300939F
:106480004FF0010E96E7D8F84C30022B3FF478AF6E
:10649000D4F82851022D00F2AF8005EB45050AEB38
:1064A000C5050FCD0DF10809CC46ACE80F0095E805
:1064B00003009DF814308CE80300002B40F082802C
:1064C000D4F82C51022D00F2978005EB45050AEB1C
:1064D000C5050FCDCC46ACE80F0095E803009DF84C
:1064E00014308CE80300002B52D1D4F83051022D27
:1064F00000F2828005EB45050AEBC5050FCDCC46C1
:10650000ACE80F0095E803009DF814308CE8030018
:1065100023BBE26D002A7BDD019BBD0007EE902AC4
:106520003D4403EBC505D5ED006AB8EEE77AD31715
:10653000C6EE877AD5E90201C5ED007AE2F75EF88A
:10654000C5E90201D8F844106961D8F84C10A96176
:10655000002201232A6185F820300CE7484639469D
:1065600000F03CFA019A0298BB003B4402EBC303E3
:10657000D3ED007A9A6877EE807A12181946D868B7
:10658000C3ED007A9A60039B40EB0303CB60C0E746
:106590003946484600F022FA019A0298BB003B4473
:1065A00002EBC303D3ED007A9A6877EE807A121873
:1065B0001946D868C3ED007A9A60039B40EB030349
:1065C000CB6092E73946484600F008FA019A0298F3
:1065D000BB003B4402EBC303D3ED007A9A6877EE2D
:1065E000807A12181946D868C3ED007A9A60039B26
:1065F00040EB0303CB6063E70C4B0D4A0D486A2167
:10660000E3F75EFE094B0C4A0A486021E3F758FEA7
:106610000A4B0B4A0B484FF4AF71E3F751FE0A4B9C
:10662000074A084840F23911E3F74AFE38F90408EE
:106630005C5A050840050508285C05084CFD04085F
:10664000185D0508700D0508180B05082DE9F04FB9
:106650000C469BB0154600215022814626F0A5FC31
:106660004FF0FF32C4E9152222680023C4E9113338
:10667000C4E91333E3651368314A93420DF1200AEC
:1066800053D148222946504626F024FE5146204642
:10669000FFF75AFD04F59273CDE9053904F58E78BC
:1066A000CDF81CA058F8046F012E43D806EB460520
:1066B000AD0005F1A80905F1D80A05F1C003F035D0
:1066C000254404EB46170095E26D01920437A1447E
:1066D000A24423445246494638460493FDF7C8F97C
:1066E00004EB860B0328049BCBF844004FEA860694
:1066F0000DD0059B4345D5D1DDE9069A20464A4693
:106700005146FFF717FE48461BB0BDE8F08F5436E0
:10671000264400950296E56D019552464946384655
:10672000FCF786FFCBF84C00E3E72A4621465046AB
:106730009847ABE7034B044A04486021E3F7C0FDE8
:10674000F15F020838F904087C590508400505087E
:1067500070B5104E3368BFF35B8FDB0704460D4600
:1067600006D520460C492A46FFF770FF204670BD2B
:10677000304623F03FF90028F3D00748FFF740FCEC
:10678000304623F046F9204603492A46FFF75EFFCC
:10679000204670BDF0480120F8480120C0E90023E0
:1067A0000123C0ED030A80ED020A0374704700BFA5
:1067B0000346416853F8182B8261D0F80CC08268F8
:1067C0009A60C3F80CC05960027C1A74704700BF0D
:1067D00070B52DED028B90F8281084B004460A980D
:1067E00000293FD015461E46D0E904329D4276EB83
:1067F00002013BD25B1B62EB0602B3F1004F72F168
:10680000000280F0A780D4E90621002BB8BF5B42CC
:10681000954276EB010C2DD3AA1A66EB0101B2F179
:10682000004F71F1000180F095804D498B4204DCEE
:10683000002AB8BF52428A4220DD0023002525628B
:10684000A361E361656284F8283023606360A5601A
:10685000E5602374A5632364636484F8483084F896
:106860003430256304B0BDEC028B70BDEB1A66EBCF
:106870000202C2E7521B61EB0601D0E703684268DF
:106880000193D4ED090A836894ED080A029201A8E5
:106890000393FFF703FBB4EE400AF1EE10FAE1D6E2
:1068A00094F8343013B394ED0C7ADFED2E6A70EE69
:1068B000477AF4EEE67AF1EE10FA31DDDFED2A6A7E
:1068C00077EEE67A9FED296ADFED266AA7EE867AF3
:1068D000B4EEE67AF1EE10FAB0EE470A2CDDDFED09
:1068E000227A37EE670A84ED0C0A04E0012384ED76
:1068F0000C0A84F834309FED1C8A0123C4E9105639
:10690000F0EE480A84F8483024F090FBB5EEC00A57
:10691000F1EE10FA48BF30EE080A84ED0E0AA1E746
:10692000DFED136AF4EEE67AF1EE10FA44BFDFED24
:106930000E6A77EEA67AC5E7DFED0D7AB4EEE77A58
:10694000F1EE10FA44BFDFED087A37EE270A84ED46
:106950000C0AD0E7074B084A08487F21E3F7B0FC50
:10696000400D0300DA0F4940DA0FC940A6AA2A3EBB
:10697000DA0F49C0280705088C0705081C08050818
:1069800001F1380C10B504468646BCE80F00AEE8AD
:106990000F009CE803008EE80300204610BD00BFF6
:1069A00000B54FF0000E00237146C0F820E083616F
:1069B000C361416280F8283003604360C0F808E09A
:1069C000C160037481630364436480F8483080F8D5
:1069D0003430C0F830E05DF804FB00BF21B101297C
:1069E00005D190ED050A704790ED040A704708B58F
:1069F000024A034B03481C21E3F762FC085F0508C9
:106A00004CFD0408CC5F050808B521B101290DD162
:106A10009FED0C0A08BD0A2805D00B3801280BD8B9
:106A20009FED090A08BDB3EE090A08BD074B084AE5
:106A300008484421E3F744FC044B054A05483C213F
:106A4000E3F73EFC398EE33C0000C8424CFD0408ED
:106A50004C600508CC5F050808B521B101290DD1AE
:106A60009FED0C0A08BD0A2805D00B3801280BD869
:106A70009FED090A08BDB3EE090A08BD074B084A95
:106A800008486C21E3F71CFC044B054A05486421C7
:106A9000E3F716FC398EE33C0000C8424CFD0408C5
:106AA00034620508CC5F0508012908B50ED8DFF867
:106AB0003CC00949094AC0F800C0DFF834C0416051
:106AC000C160C0F808C00261426108BD044B054ABC
:106AD00005488C21E3F7F4FB002474490000C84208
:106AE0004CFD040828640508CC5F0508F628D4404E
:106AF000295C1341036C70B5856B04462BB906689D
:106B0000013546B31846A56370BD164682B91A46CC
:106B1000406826F0DFFB6368216CA2680B44934257
:106B2000636024BF2368636001350020A56370BDE6
:106B30001A46C06826F0CEFB226CE36851429B1ACD
:106B40002268E360934202D2A3680B44E360022E02
:106B500006D00135E9E7806802F03CFFA660D2E785
:106B6000012D38BF01250020CDE700BF38B5E0B1C9
:106B700004460D4605F0D8F8D4E90F23216861607A
:106B800003FB02F2D31A0A44A2600022A2630B4460
:106B9000FF2284F84420E36084F8452075B9236916
:106BA000C3B905F0E3F8012038BD4FF0500383F37B
:106BB0001188BFF36F8FBFF34F8FFEE704F1100012
:106BC00005F000FE04F1240005F0FCFD05F0CEF810
:106BD000012038BD04F1100002F0F8FC0028E0D0DC
:106BE0004FF0E0234FF08052C3F8042DBFF34F8FD6
:106BF000BFF36F8FD5E700BF30B583B09DF8185055
:106C000040B94FF0500383F31188BFF36F8FBFF388
:106C10004F8FFEE71C4683B1002A4AD0B1B1502302
:106C20000193019B502B1AD04FF0500383F311882E
:106C3000BFF36F8FBFF34F8FFEE74FF0500383F327
:106C40001188BFF36F8FBFF34F8FFEE74FF05003F4
:106C500083F31188BFF36F8FBFF34F8FFEE7019B64
:106C600022600123C4E90F0184F8463005F05CF886
:106C7000D4E90F232168616003FB02F2D31A0A44AE
:106C8000A26000220B44A263FF2284F84420E36048
:106C900084F8452004F1100005F094FD04F124006F
:106CA00005F090FD05F062F8204684F84C5003B0E2
:106CB00030BD39B950230193019B502BB4D1019BB6
:106CC0002246CDE74FF0500383F31188BFF36F8F57
:106CD000BFF34F8FFEE700BFF8B540B94FF0500348
:106CE00083F31188BFF36F8FBFF34F8FFEE7054625
:106CF00001FB00F050300E46174605F07BF90446C4
:106D000040B3002380F8463036B300F150032360CF
:106D1000C4E90F5605F008F8D4E90F232168616033
:106D200003FB02F2D31A0A44A26000220B44A263BE
:106D3000FF2284F84420E36084F8452004F1100029
:106D400005F040FD04F1240005F03CFD05F00EF8CF
:106D500084F84C702046F8BD0346D8E710B50446C9
:106D600004F0E2FF236823B9A46804F0FFFF204683
:106D700010BD002404F0FAFF204610BD28B10368BE
:106D80000BB980687047002070474FF0500383F3C1
:106D90001188BFF36F8FBFF34F8FFEE740B94FF0FD
:106DA000500383F31188BFF36F8FBFF34F8FFEE75C
:106DB000884208D24FF0500383F31188BFF36F8FDE
:106DC000BFF34F8FFEE730B5144685B0002A3BD0A5
:106DD00050230393039B502B08D04FF0500383F3B1
:106DE0001188BFF36F8FBFF34F8FFEE7002501239C
:106DF00082F846302260C2E90F050191039B04F03E
:106E000093FFD4E90F232068A56303FB02F2D31A92
:106E100002440344A260FF2284F84420E36084F823
:106E20004520606004F1100005F0CCFC04F1240062
:106E300005F0C8FC04F09AFF0199A16302232046E3
:106E400084F84C3005B030BD4FF0500383F3118807
:106E5000BFF36F8FBFF34F8FFEE700BFF8B540B9A8
:106E60004FF0500383F31188BFF36F8FBFF34F8F41
:106E7000FEE788420E46044608D24FF0500383F3E3
:106E80001188BFF36F8FBFF34F8FFEE7502005F0DF
:106E9000B1F8054630B30027C0E90F4780F84670C7
:106EA000006004F041FFD5E90F232968AF6303FBBD
:106EB00002F2D31A0A440B44AA60FF2285F8442048
:106EC000EB60696085F8452005F1100005F07AFC5B
:106ED00005F1240005F076FC04F048FF022385F854
:106EE0004C30AE632846F8BD2DE9F04385B00192E1
:106EF000002800F01A8188461F460446002900F049
:106F0000AE80022F0BD1E36B012B08D04FF0500362
:106F100083F31188BFF36F8FBFF34F8FFEE702F04B
:106F200009FD002800F00A8104F0FEFEA26BE36B6D
:106F30009A427AD3022F78D0002304F12406019AD2
:106F4000002A00F00881002B00F0EB8004F00EFF17
:106F500002F00CF904F0E8FE94F84430FF2B04BF73
:106F6000002384F8443094F84530FF2B04BF0023FD
:106F700084F8453004F0FAFE01A902A802F0D6FB1D
:106F8000002840F0EC8004F0CFFEA26BE36B9A4245
:106F900072D004F0EBFE04F0C7FE94F8452055B221
:106FA000002D04DC11E06A1ED3B255B26BB1636AE6
:106FB000304653B102F00AFB0028F4D002F0F8FB8F
:106FC0006A1ED3B255B2002BF1D1FF2384F84530AD
:106FD00004F0CCFE04F0A8FE94F8442055B2002D35
:106FE00014DD04F1100903E06A1ED3B255B26BB18F
:106FF0002369484653B102F0E9FA0028F4D002F0C0
:10700000D7FB6A1ED3B255B2002BF1D1FF2384F80F
:10701000443004F0ABFE02F0B1F804F085FEA16B41
:10702000E26B91424FF0010389D23A464146204635
:10703000FFF760FD636A002B40F0CE8048B14FF04F
:10704000E0234FF08052C3F8042DBFF34F8FBFF3FE
:107050006F8F04F08BFE012005B0BDE8F083036C58
:10706000002B3FF44EAF4FF0500383F31188BFF372
:107070006F8FBFF34F8FFEE704F1100904F076FE27
:107080000199484602F0BEF904F04EFE94F84530EE
:107090005DB2002D04DC11E06B1EDAB25DB26AB1A4
:1070A000636A304653B102F091FA0028F4D002F03E
:1070B0007FFB6B1EDAB25DB2002AF1D1FF2384F8A8
:1070C000453004F053FE04F02FFE94F844305DB2D6
:1070D000002D04DC11E06B1EDAB25DB26AB12369E7
:1070E000484653B102F072FA0028F4D002F060FB77
:1070F0006B1EDAB25DB2002AF1D1FF2384F844306E
:1071000004F034FE02F03AF8002886D14FF0E02374
:107110004FF08052C3F8042DBFF34F8FBFF36F8F32
:107120007BE702A802F0F6FA10E74FF0500383F372
:107130001188BFF36F8FBFF34F8FFEE7019B002BCA
:107140003FF4F2AE4FF0500383F31188BFF36F8F1B
:10715000BFF34F8FFEE704F009FE00207CE704F048
:10716000E3FD94F845305DB2002D10DD04F12406F6
:1071700003E06B1EDAB25DB24AB1636A304633B1E6
:1071800002F024FA0028F4D002F012FBF1E7FF230A
:1071900084F8453004F0EAFD04F0C6FD94F844306C
:1071A0005DB2002D10DD04F1100603E06B1EDAB2B3
:1071B0005DB24AB12369304633B102F007FA0028C4
:1071C000F4D002F0F5FAF1E7FF2384F8443004F03C
:1071D000CDFD01F0D3FFC0E704F1240002F0F6F981
:1071E00000283FF436AF2AE7002944D070B582B0BA
:1071F00050230193019B502B08D04FF0500383F391
:107200001188BFF36F8FBFF34F8FFEE70C46002648
:107210000123C1E90F3681F8463009600546019B1C
:1072200004F082FD216CE36B2268626001FB03F3D2
:10723000591A13440A44C4E90232FF23A66304F135
:10724000100084F8443084F8453005F0BBFA04F1AE
:10725000240005F0B7FA04F089FD84F84C50A660CC
:107260002660E6603346324631462046FFF73CFE54
:10727000204602B070BD4FF0500383F31188BFF376
:107280006F8FBFF34F8FFEE738B538B1856804467E
:1072900002F04AFB85420AD0002038BD4FF050036F
:1072A00083F31188BFF36F8FBFF34F8FFEE7E3685F
:1072B000013BE3600BB1012038BD1A461946204658
:1072C000FFF712FEF7E700BF70B50646502004F046
:1072D00091FE044670B30025012380F846502060DB
:1072E000C0E90F3504F020FDD4E90F232168616067
:1072F00003FB02F2D31A0B440A44E360FF23A260AB
:10730000A56304F1100084F8443084F8453005F09A
:1073100059FA04F1240005F055FA04F027FD84F829
:107320004C60A5602560E5602B462A46294620462C
:10733000FFF7DAFD204670BD002848D02DE9F04166
:107340000E4617461D46044621B3022D0BD1E36BB2
:10735000012B08D04FF0500383F31188BFF36F8FD8
:10736000BFF34F8FFEE704F017FEEFF311884FF0E5
:10737000500383F31188BFF36F8FBFF34F8FA26B5E
:10738000E36B9A4212D3022D10D0002088F31188AB
:10739000BDE8F081036C002BD7D04FF0500383F38E
:1073A0001188BFF36F8FBFF34F8FFEE72A4694F823
:1073B0004550A36B31466DB22046FFF79BFB6B1C1B
:1073C0000ED06B1C5BB284F845300120DEE74FF035
:1073D000500383F31188BFF36F8FBFF34F8FFEE726
:1073E000636A002BF1D004F1240002F0EFF80028CA
:1073F000EBD0002FE9D001233B60E6E760B3036CDC
:1074000070B5044643B14FF0500383F31188BFF3C6
:107410006F8FBFF34F8FFEE703680D462BB304F069
:10742000BBFDEFF311864FF0500383F31188BFF3D8
:107430006F8FBFF34F8FA36BE26B9A4221D994F801
:1074400045200133FF2AA36353B21ED001335BB240
:1074500084F84530012015E04FF0500383F3118884
:10746000BFF36F8FBFF34F8FFEE78368002BD6D03B
:107470004FF0500383F31188BFF36F8FBFF34F8F2B
:10748000FEE7002086F3118870BD636A002BE1D00F
:1074900004F1240002F09AF80028DBD0002DD9D0A6
:1074A00001232B60D6E700BF2DE9F04385B00192A0
:1074B000002800F047810F46044600297BD002F0E7
:1074C00039FA002800F0838004F02EFCA56B002D13
:1074D00040F04181019B002B00F0D78002A802F010
:1074E00019F9A84604F1240604F040FC01F03EFE20
:1074F00004F01AFC94F84430FF2B08BF84F8448051
:1075000094F84530FF2B08BF84F8458004F02EFC2A
:1075100001A902A802F00AF9002865D104F004FCD0
:10752000A36B002B00F0B78004F020FC04F0FCFB00
:1075300094F845305DB2002D14DD04F1240903E018
:107540006B1EDAB25DB26AB1636A484653B102F0AB
:107550003DF80028F4D002F02BF96B1EDAB25DB2D0
:10756000002AF1D1FF2384F8453004F0FFFB04F03A
:10757000DBFB94F844305DB2002D14DD04F11009FA
:1075800003E06B1EDAB25DB26AB12369484653B1BB
:1075900002F01CF80028F4D002F00AF96B1EDAB2EF
:1075A0005DB2002AF1D1FF2384F8443004F0DEFB01
:1075B00001F0E4FD60E0036C002B80D04FF050033D
:1075C00083F31188BFF36F8FBFF34F8FFEE7019BEB
:1075D000002B3FF479AF4FF0500383F31188BFF3D2
:1075E0006F8FBFF34F8FFEE704F09EFB94F845309A
:1075F0005DB2002D04DC11E06B1EDAB25DB26AB13F
:10760000636A304653B101F0E1FF0028F4D002F084
:10761000CFF86B1EDAB25DB2002AF1D1FF2384F8F5
:10762000453004F0A3FB04F07FFB94F844305DB2D6
:10763000002D14DD04F1100903E06B1EDAB25DB217
:107640006AB12369484653B101F0C0FF0028F4D065
:1076500002F0AEF86B1EDAB25DB2002AF1D1FF2360
:1076600084F8443004F082FB01F088FD04F05CFBF8
:10767000A36B53B104F07AFB04F056FBA56B002D0D
:1076800069D1019B002B7FF42FAF04F06FFB00202A
:1076900005B0BDE8F08304F1240904F067FB01990B
:1076A000484601F0AFFE04F03FFB94F845305DB270
:1076B000002D04DC11E06B1EDAB25DB26AB1636AC0
:1076C000484653B101F082FF0028F4D002F070F870
:1076D0006B1EDAB25DB2002AF1D1FF2384F8453087
:1076E00004F044FB04F020FB94F844305DB2002D1C
:1076F00014DD04F1100903E06B1EDAB25DB26AB169
:107700002369484653B101F061FF0028F4D002F02C
:107710004FF86B1EDAB25DB2002AF1D1FF2384F874
:10772000443004F023FB01F029FD0028A4D14FF0E0
:10773000E0234FF08052C3F8042DBFF34F8FBFF307
:107740006F8F99E74FF0500383F31188BFF36F8F6A
:10775000BFF34F8FFEE7226C52B1E168A36811447A
:107760009942E16024BF2168E160384625F0B2FD0E
:10777000013DA56323691BB904F0F8FA012087E7EE
:1077800004F1100001F022FF0028F5D04FF0E023B3
:107790004FF08052C3F8042DBFF34F8FBFF36F8FAC
:1077A000EAE700BF2DE9F04385B0019100285FD0E2
:1077B000036C044643B14FF0500383F31188BFF3C9
:1077C0006F8FBFF34F8FFEE702F0B4F8002858D058
:1077D00004F0AAFAA56B002D40F05581019B002B07
:1077E00000F0458102A801F095FF2F46A84604F15C
:1077F000240604F0BBFA01F0B9FC04F095FA94F801
:107800004430FF2B08BF84F8448094F84530FF2BA8
:1078100008BF84F8458004F0A9FA01A902A801F084
:1078200085FF002839D104F07FFAA36B002B00F00C
:10783000C08004F09BFA04F077FA94F845305DB20A
:10784000002D40F3918004F1240905E06B1EDAB2AB
:107850005DB2002A00F08880636A4846002B00F081
:10786000838001F0B3FE0028F0D001F0A1FFEDE726
:107870004FF0500383F31188BFF36F8FBFF34F8F27
:10788000FEE7019B002BA3D04FF0500383F3118838
:10789000BFF36F8FBFF34F8FFEE704F045FA94F804
:1078A00045305DB2002D04DC11E06B1EDAB25DB232
:1078B0006AB1636A304653B101F088FE0028F4D003
:1078C00001F076FF6B1EDAB25DB2002AF1D1FF2320
:1078D00084F8453004F04AFA04F026FA94F844306B
:1078E0005DB2002D14DD04F1100903E06B1EDAB265
:1078F0005DB26AB12369484653B101F067FE0028C2
:10790000F4D001F055FF6B1EDAB25DB2002AF1D15E
:10791000FF2384F8443004F029FA01F02FFC04F02E
:1079200003FAA36B43B904F021FA002F40F09480CE
:10793000002005B0BDE8F08304F018FA04F0F4F973
:10794000A56B002D40F09F80019B002B7FF451AF71
:10795000002F00F08C804FF0500383F31188BFF3A9
:107960006F8FBFF34F8FFEE7FF2384F8453004F09D
:10797000FDF904F0D9F994F844305DB2002D10DD22
:1079800004F1100903E06B1EDAB25DB24AB123695B
:10799000484633B101F01AFE0028F4D001F008FF88
:1079A000F1E7FF2384F8443004F0E0F901F0E6FB4E
:1079B000C4E704F0DBF92368002B5BD004F1240951
:1079C0000199484601F01EFD04F0AEF994F84530E7
:1079D0005DB2002D04DC0DE06B1EDAB25DB24AB17F
:1079E000636A484633B101F0F1FD0028F4D001F09C
:1079F000DFFEF1E7FF2384F8453004F0B7F904F027
:107A000093F994F844305DB2002D10DD04F11009B3
:107A100003E06B1EDAB25DB24AB12369484633B166
:107A200001F0D4FD0028F4D001F0C2FEF1E7FF23FD
:107A300084F8443004F09AF901F0A0FB00287FF4A8
:107A40007DAF4FF0E0234FF08052C3F8042DBFF319
:107A50004F8FBFF36F8F71E704F066F9616A19B158
:107A6000236B1968C1F13801A06801F0F7FF04F039
:107A70007DF95DE704F058F9A06801F06BFF074657
:107A800004F074F99AE72368013DA5632BB12369DB
:107A90003BB904F06BF901204BE702F01BF9A06041
:107AA000F5E704F1100001F091FD0028F1D04FF04E
:107AB000E0234FF08052C3F8042DBFF34F8FBFF384
:107AC0006F8FE6E7A8B170B586680D46044601F0F1
:107AD0002BFF864208D029462046FFF763FE10B1EF
:107AE000E3680133E36070BDE36801200344E360B1
:107AF00070BD4FF0500383F31188BFF36F8FBFF356
:107B00004F8FFEE72DE9F04385B00192002800F089
:107B100049810F46044600297CD001F00BFF002864
:107B200000F0858004F000F9D4F83880B8F1000F37
:107B300040F04181019B002B00F0D78002A801F0AA
:107B4000E9FD04F1240604F011F901F00FFB04F043
:107B5000EBF894F84430FF2B08BF84F8448094F885
:107B60004530FF2B08BF84F8458004F0FFF801A9D9
:107B700002A801F0DBFD002866D104F0D5F8A36B64
:107B8000002B00F0B88004F0F1F804F0CDF894F880
:107B900045305DB2002D14DD04F1240903E06B1EB5
:107BA000DAB25DB26AB1636A484653B101F00EFDC4
:107BB0000028F4D001F0FCFD6B1EDAB25DB2002AA1
:107BC000F1D1FF2384F8453004F0D0F804F0ACF88C
:107BD00094F844305DB2002D14DD04F1100903E087
:107BE0006B1EDAB25DB26AB12369484653B101F047
:107BF000EDFC0028F4D001F0DBFD6B1EDAB25DB2C3
:107C0000002AF1D1FF2384F8443004F0AFF801F0EA
:107C1000B5FA61E0036C002B3FF47FAF4FF05003E7
:107C200083F31188BFF36F8FBFF34F8FFEE7019B84
:107C3000002B3FF477AF4FF0500383F31188BFF36D
:107C40006F8FBFF34F8FFEE704F06EF894F8453066
:107C50005DB2002D04DC11E06B1EDAB25DB26AB1D8
:107C6000636A304653B101F0B1FC0028F4D001F052
:107C70009FFD6B1EDAB25DB2002AF1D1FF2384F8BA
:107C8000453004F073F804F04FF894F844305DB2D6
:107C9000002D14DD04F1100903E06B1EDAB25DB2B1
:107CA0006AB12369484653B101F090FC0028F4D032
:107CB00001F07EFD6B1EDAB25DB2002AF1D1FF2326
:107CC00084F8443004F052F801F058FA04F02CF82B
:107CD000A36B53B104F04AF804F026F8A36B002B11
:107CE00069D1019B002B7FF42EAF04F03FF80020F8
:107CF00005B0BDE8F08304F1240904F037F80199D8
:107D0000484601F07FFB04F00FF894F845305DB26F
:107D1000002D04DC11E06B1EDAB25DB26AB1636A59
:107D2000484653B101F052FC0028F4D001F040FD68
:107D30006B1EDAB25DB2002AF1D1FF2384F8453020
:107D400004F014F803F0F0FF94F844305DB2002D15
:107D500014DD04F1100903E06B1EDAB25DB26AB102
:107D60002369484653B101F031FC0028F4D001F0FA
:107D70001FFD6B1EDAB25DB2002AF1D1FF2384F839
:107D8000443003F0F3FF01F0F9F90028A4D14FF0DB
:107D9000E0234FF08052C3F8042DBFF34F8FBFF3A1
:107DA0006F8F99E74FF0500383F31188BFF36F8F04
:107DB000BFF34F8FFEE7226CE5684AB1A368A918AC
:107DC0009942E16024BF2168E160384625F082FADB
:107DD000636AE5601BB903F0C9FF012088E704F17D
:107DE000240001F0F3FB0028F5D04FF0E0234FF022
:107DF0008052C3F8042DBFF34F8FBFF36F8FEAE7B4
:107E00002DE9F84310B30E461746044691B104F02D
:107E1000C3F8EFF311894FF0500383F31188BFF3D8
:107E20006F8FBFF34F8FA56BCDB9284689F31188AB
:107E3000BDE8F883036C002BE9D04FF0500383F3C7
:107E40001188BFF36F8FBFF34F8FFEE74FF05003E2
:107E500083F31188BFF36F8FBFF34F8FFEE794F862
:107E60004480226C4FFA88F852B1E168A36811444B
:107E70009942E16024BF2168E160304625F02AFA8A
:107E8000013DB8F1FF3FA56306D008F101035BB2E5
:107E900084F844300120C9E72369002BFAD004F1AB
:107EA000100001F093FB0028F4D0002FF2D0012342
:107EB0003B60EFE7F8B5C0B1036C0D46044649B12D
:107EC000E3B94FF0500383F31188BFF36F8FBFF313
:107ED0004F8FFEE7002BF4D04FF0500383F311884F
:107EE000BFF36F8FBFF34F8FFEE74FF0500383F365
:107EF0001188BFF36F8FBFF34F8FFEE704F04CF88C
:107F0000EFF311864FF0500383F31188BFF36F8FA7
:107F1000BFF34F8FA06B10B986F31188F8BD226CA8
:107F2000E7684AB1A368B9189942E16024BF2168A3
:107F3000E160284625F0CEF9E7600120ECE700BFBC
:107F400040B110B5044603F0EFFEA46B03F00EFF42
:107F5000204610BD4FF0500383F31188BFF36F8F9D
:107F6000BFF34F8FFEE700BF50B110B5044603F0DA
:107F7000DBFEA36BE46BE41A03F0F8FE204610BDB1
:107F80004FF0500383F31188BFF36F8FBFF34F8F10
:107F9000FEE700BF08B1806B70474FF0500383F3DA
:107FA0001188BFF36F8FBFF34F8FFEE70000000013
:107FB000F0B1214B5A68904225D0DA6890422CD01B
:107FC0005A6990422BD0DA6990422AD05A6A90427C
:107FD00029D0DA6A90421ED05A6B904225D0DA6BD3
:107FE000904208BF07220FD090F846304BB170473F
:107FF0004FF0500383F31188BFF36F8FBFF34F8FA0
:10800000FEE704F0B5B800229FED097B03EBC20345
:1080100083ED007BE8E70522F6E70122F4E7022280
:10802000F2E70322F0E70422EEE70622ECE700BFC6
:108030000000000000000000304A0120806C704702
:108040008164704790F84C00704700BF20B1806B8E
:10805000B0FA80F0400970474FF0500383F3118865
:10806000BFF36F8FBFF34F8FFEE700BF30B1836B5D
:10807000C06BC01AB0FA80F0400970474FF050034F
:1080800083F31188BFF36F8FBFF34F8FFEE700BFFD
:10809000124B1A687AB19A6862B11A6992B19A69F8
:1080A00092B11A6A92B19A6A92B11A6B92B19A6BB2
:1080B00092B17047012203EBC20C43F83210CCF8A6
:1080C000040070470222F6E70322F4E70422F2E7F5
:1080D0000522F0E70622EEE70722ECE7304A01200E
:1080E000164B5A68904218D0DA68904219D05A69F3
:1080F000904218D0DA69904217D05A6A904216D04E
:10810000DA6A904215D05A6B904214D0DA6B8242F0
:1081100008BF072202D000207047002253F8320027
:1081200070470122FAE70222F8E70322F6E7042269
:10813000F4E70522F2E70622F0E700BF304A01200B
:10814000174B5A68904217D0DA6890421CD05A698F
:1081500090421BD0DA6990421AD05A6A904219D0E4
:10816000DA6A904218D05A6B904217D0DA6B82428A
:1081700008BF072201D07047002203EBC203002092
:108180000021C3E9000170470122F6E70222F4E76B
:108190000322F2E70422F0E70522EEE70622ECE7ED
:1081A000304A012070B505460E46144603F0BCFD6A
:1081B00095F84430FF2B04BF002385F8443095F830
:1081C0004530FF2B04BF002385F8453003F0CEFD7A
:1081D000AB6B002B43D003F0A7FD95F845305CB2A4
:1081E000002C14DD05F1240603E0631EDAB25CB254
:1081F0006AB16B6A304653B101F0E8F90028F4D057
:1082000001F0D6FA631EDAB25CB2002AF1D1FF2384
:1082100085F8453003F0AAFD03F086FD95F844305B
:108220005CB2002C14DD05F1100603E0631EDAB227
:108230005CB26AB12B69304653B101F0C7F900282E
:10824000F4D001F0B5FA631EDAB25CB2002AF1D1C3
:10825000FF2385F84430BDE8704003F087BD224617
:10826000314605F1240001F067F9B4E72DE9F0414A
:10827000054603F059FD334A334E1368013313604A
:108280003368002B31D0314CE86A236833B3304F68
:10829000304A31491368013313606B650B688342C0
:1082A00038BF086000EB800007EB8000291D04F058
:1082B00099FA03F05BFD236873B13268EB6AD26A06
:1082C0009A4209D24FF0E0234FF08052C3F8042DB8
:1082D000BFF34F8FBFF36F8FBDE8F08133681C4F42
:1082E000DB6A834298BF3560D2E735601368012BA3
:1082F00003D0E86A164F154CCAE7154F3C4607F500
:108300008C682046143404F05DFAA045F9D1DFF8FA
:108310006480124C404604F055FA204604F052FAAC
:108320000F4804F04FFA0F4804F04CFA0E4804F0DE
:1083300049FA0E4BE86AC3F800800D4B1C60034CF1
:10834000A6E700BF984A01206C4F01208C4A01200B
:108350000C4B01207C4A0120904A0120E44A012074
:10836000C84A0120B44A01209C4A0120E04A012069
:10837000DC4A0120F84A012038B5274B274C00225F
:108380001A60E0F7FFFF264B1968884204D9256878
:108390006A6E521A02446A66216822680968126B82
:1083A0001860914231D91F4D1F492B6803EB83029E
:1083B000920098008A5842B9F3B1013B03EB830263
:1083C000980051F82220002AF6D0184401EB800CC6
:1083D0006246DCF804104968CCF804100832914277
:1083E00004BF4968CCF80410CA6822602B60236877
:1083F0000E4A6833136038BD4FF0500383F3118881
:10840000BFF36F8FBFF34F8FFEE7206821683431D1
:10841000E0F7BAFFC7E700BF844A01206C4F012094
:10842000704A0120904A01200C4B0120700400206A
:108430002DE9F0470A9CDDF8248095002A4606467F
:108440008946206BA5211F4624F0AFFD236B043D18
:108450001D4425F00705B9F1000F48D009F1FF3C94
:1084600009F11F0104F1330301E08C4505D01CF82C
:10847000012F03F8012F002AF7D1002384F853308D
:10848000089B372B28BF37234FF0000AE362E365D0
:10849000201DC4F860A0994604F0A0F904F118006A
:1084A00004F09CF9C9F13803A361C4F8B4A05146A3
:1084B0004C2224616462C4F864A084F8B8A004F17A
:1084C000680024F072FD0B4BE366284603F1680553
:1084D000D0333A4631462567636703F0E7FB2060F7
:1084E000B8F1000F01D0C8F80040BDE8F08784F86B
:1084F0003490C5E74494012080B51A4D1A4F1B4EA5
:108500002B68002BFCD003F00FFCFB68DC68201DFF
:1085100004F08EF93368013B33602B68013B2B601C
:1085200003F024FC04F1680024F0EEFD94F8B93067
:1085300063B1012B11D0022BE2D04FF0500383F333
:108540001188BFF36F8FBFF34F8FFEE7206B03F0EF
:108550000FFE204603F00CFED2E7204603F008FE93
:10856000CEE700BFB04A0120B44A0120984A01205A
:108570002DE9F04F464B1E68013683B01E60002E79
:108580003ED0444B01931B689E4246D3424FDFF8D6
:1085900018913B68DFF814A11D68002D73D0DFF837
:1085A0001081002520E004F043F9A36A04F11800CB
:1085B0000BB104F03DF9E36AD8F8002003EB830027
:1085C0009342594609EB800088BFC8F8003004F098
:1085D00009F9DAF800203B68E16AD26A1B68914227
:1085E00028BF0125002B4ED03B68DB68DC68636840
:1085F00004F1040B9E425846D5D2019A136011E053
:10860000254B1A6812680AB34FF0500383F31188A0
:10861000BFF36F8FBFF34F8FFEE7DFF88C90DFF86B
:108620008CA00025DAF800301C49DB6A03EB8303D9
:108630009B0059F803200B68022A28BF0125002B54
:108640000CBF2846012003B0BDE8F08F144A18681B
:1086500011681960134910600A6801320A601A68CB
:1086600012683AB90B4B01931A464FF0FF3313606F
:10867000134688E71B68074ADB680192DB685B6882
:10868000136013467FE7019A4FF0FF331360C9E789
:10869000944A0120784A0120E04A0120844A0120BE
:1086A000DC4A0120804A01200C4B01206C4F012044
:1086B000904A01202DE9F84F424D03F035FB2B681D
:1086C000013B2B602B68002B65D13F4B1B68002BB7
:1086D00061D03E4E3368002B70D03D4FDFF80091E3
:1086E000DFF80081DFF800A1F368DC6804F1040B17
:1086F00004F1180004F09CF8584604F099F8E36A75
:108700003A6803EB83009342594609EB800088BF27
:108710003B6004F067F8D8F80030E26ADB6A9A42FE
:108720003FD30123CAF800303368002BDCD1294B3A
:108730001A681268002A3CD01A68274BD268D2689F
:1087400052681A60254E346894B1012706E0FFF79D
:108750000FFF08B1CAF80070013C08D02B68002B4D
:10876000F5D03368013C03F101033360F6D1346086
:10877000DAF800307BB14FF0E0234FF08052C3F8BD
:10878000042DBFF34F8FBFF36F8F012403F0EEFA78
:108790002046BDE8F88F002403F0E8FA2046BDE843
:1087A000F88F3368002B9FD10A4B1A681268002A91
:1087B000C2D1094B4FF0FF321A60C3E7DFF828A09F
:1087C000C0E700BF744A0120984A0120C84A01202E
:1087D000904A0120E04A0120784A0120884A01207D
:1087E0000C4B01206C4F0120844A01204B685B68D0
:1087F0002DE9F04F01F1080A534508BFCB68DFF8B7
:10880000E0B09146DA6883B00F4604464FF00008A6
:108810005B687B609A4504BFDAF804307B60DE68F1
:1088200076B33546EB6A23616B6D296BA360EB6D04
:1088300063616B6E2560A361DBF80030E16105F1D7
:1088400034009D4260601ED0B9F1030F84F80C9093
:108850002AD00B78A52B1BD10B461D4613F8010F10
:10886000A528FAD0C1F101032B44C3F38F03B24210
:10887000238408F1010804F1240411D07B68C7E7C0
:10888000DBF80050CEE7002323730B78A52BE3D051
:108890000023B242238408F1010804F12404EDD13D
:1088A000404603B0BDE8F08F0C490B6801330B6004
:1088B000AB6A0BB1022323730B6843B94FF050032B
:1088C00083F31188BFF36F8FBFF34F8FFEE70192E1
:1088D000FFF7F0FE296B019ABBE700BF744A012045
:1088E0006C4F012030B587B00B9CC4B10C9D6DB1AD
:1088F000BC250595059DBC2D1AD04FF0500383F380
:108900001188BFF36F8FBFF34F8FFEE74FF0500317
:1089100083F31188BFF36F8FBFF34F8FFEE74FF0E4
:10892000500383F31188BFF36F8FBFF34F8FFEE7C0
:108930000C9D2C63022485F8B94004ACCDE90145B7
:108940000A9C0094059CFFF773FD0C98FFF78EFCC2
:10895000049807B030BD00BF2DE9F043074685B04D
:10896000900015468846994603F044FBF0B1044652
:10897000BC2003F03FFB0646A8B10463002486F840
:10898000B9400D9C01940C9C02964B462A464146E8
:1089900038460094FFF74CFD3046FFF767FC012096
:1089A00005B0BDE8F083204603F0E2FB4FF0FF3056
:1089B00005B0BDE8F08300BF70B50446384D03F044
:1089C000B3F9002C48D0261D304603F031FFA36ACE
:1089D0001BB104F1180003F02BFF324A1368013376
:1089E00013602B68A3422ED02F4A136804F168004D
:1089F000013B136024F088FB94F8B93063B1012B7C
:108A00003FD0022B0ED04FF0500383F31188BFF3F9
:108A10006F8FBFF34F8FFEE7206B03F0A9FB20465B
:108A200003F0A6FB214B1A681268BAB9204B4FF02D
:108A3000FF321A6003F09AF91E4B1B6813B12B68C2
:108A4000A34212D070BD1C48314603F0CBFE1B4A36
:108A5000136801331360EDE72C68B4E71A68144B10
:108A6000D268D26852681A60E4E7154B1B6863B19C
:108A70004FF0500383F31188BFF36F8FBFF34F8F15
:108A8000FEE7204603F074FBCCE74FF0E0234FF005
:108A90008052C3F8042DBFF34F8FBFF36F8F70BDAB
:108AA0006C4F01207C4A0120984A0120E04A0120B5
:108AB000784A01208C4A0120B44A0120B04A0120A2
:108AC000744A012040B341B94FF0500383F3118839
:108AD000BFF36F8FBFF34F8FFEE72DE9F041314DAC
:108AE0002B6813BB2B6801332B602F4E0368326851
:108AF0005C182CBF0121002193421FD9F9B90460F1
:108B00002B68002B33D14FF0500383F31188BFF350
:108B10006F8FBFF34F8FFEE74FF0500383F3118841
:108B2000BFF36F8FBFF34F8FFEE74FF0500383F318
:108B30001188BFF36F8FBFF34F8FFEE709B9A242D1
:108B4000DDD21A4FD6F8008004603868A8EB020620
:108B5000043003F06DFE34443B68A0455C6015D9D9
:108B6000134B18683968043103F04AFEC8E7FFF771
:108B7000A1FD48B94FF0E0234FF08052C3F8042D17
:108B8000BFF34F8FBFF36F8FBDE8F081094B1868BB
:108B90003968043103F034FE074B1A68944238BF39
:108BA0001C60ADE7744A0120944A01206C4F0120FB
:108BB000DC4A0120E04A0120784A0120F8B550B98A
:108BC0004FF0E0234FF08052C3F8042DBFF34F8FD6
:108BD000BFF36F8FF8BD1E4D2B6843B14FF05003AC
:108BE00083F31188BFF36F8FBFF34F8FFEE72B68BE
:108BF000013304462B60174B174E1F683068043052
:108C000003F016FE3368E4195C6010D3134B186848
:108C10003168043103F0F4FD2B68A3B94FF0500321
:108C200083F31188BFF36F8FBFF34F8FFEE70C4BB9
:108C300018683168043103F0E3FD0A4B1A68944266
:108C400038BF1C60E8E7FFF735FD0028B8D0F8BD55
:108C5000744A0120944A01206C4F0120DC4A012013
:108C6000E04A0120784A0120F8B5F0B11A4B1B68A0
:108C70008342044617D003F057F8184A184B166879
:108C800065691F6803F072F8B54219D0BD4217D06C
:108C9000144B9D4212D0144B9D421AD0002D0CBF94
:108CA00004200120F8BD0020F8BD4FF0500383F3ED
:108CB0001188BFF36F8FBFF34F8FFEE7A36A0BB12D
:108CC0000220F8BD94F8B830012B0CBF022003201D
:108CD000F8BD0420F8BD00BF6C4F0120E04A012020
:108CE000DC4A01209C4A0120B44A012010B5044608
:108CF00003F01AF824B1E46A03F038F8204610BDF6
:108D0000034B1C68E46A03F031F8204610BD00BF35
:108D10006C4F012010B5044603F03EF9EFF31183C8
:108D20004FF0500282F31188BFF36F8FBFF34F8F64
:108D30001CB1E06A83F3118810BD034A1468E06A2D
:108D400083F3118810BD00BF6C4F01203729F8B59F
:108D500008D94FF0500383F31188BFF36F8FBFF32F
:108D60004F8FFEE704460D4602F0DEFF002C35D0A3
:108D7000E26D95422ED0254B09D91968A14242D007
:108D80001B68DE6AAE428CBF0026012604E01E6826
:108D9000361BB6FA86F67609E36AE5659A42A26959
:108DA00008BFE562002AA4BFC5F13805A561184DCA
:108DB000626903EB830305EB83039A4211D04EB142
:108DC0004FF0E0234FF08052C3F8042DBFF34F8FD4
:108DD000BFF36F8FBDE8F84002F0C8BF0B4B1C68B3
:108DE000C6E7271D384603F023FD0A4BE06A1A68E0
:108DF000904288BF186000EB8000394605EB800088
:108E000003F0F0FCDBE70026C6E700BF6C4F012053
:108E10000C4B0120904A012070B50446324E02F0FE
:108E200083FF002C3CD0251D284603F001FDA36ADA
:108E30001BB104F1180003F0FBFC29462B482C4D14
:108E400003F0D0FC94F8B830012B04BF002384F861
:108E5000B83002F08BFF2B689BB93368A34200D077
:108E600070BD2B681BBB2149224A096812689142D8
:108E700034D0214B1B68002B32D0204B01221A60CA
:108E800070BD02F051FF1E4B1A68126852B11A6889
:108E90001C4BD268D26852681A6002F067FFDCE7A8
:108EA0003468C0E7174B4FF0FF321A60F5E7124BFA
:108EB0001B6843B14FF0500383F31188BFF36F8FEA
:108EC000BFF34F8FFEE74FF0E0234FF08052C3F81F
:108ED000042DBFF34F8FBFF36F8F70BD336070BD34
:108EE000BDE87040FFF748BA6C4F01209C4A012052
:108EF0008C4A0120984A0120744A0120844A0120AA
:108F0000E04A0120784A012080B170B5204D2B68DD
:108F10008342044609D002F007FF1E4B62699A4261
:108F20000DD0BDE8704002F021BF70BD4FF050037E
:108F300083F31188BFF36F8FBFF34F8FFEE7A36AF0
:108F4000154A9342EDD0002BEBD1261D304603F09D
:108F50006FFC124AE36A10688342114888BF1360AD
:108F600003EB830300EB8300314603F03BFC2B68EB
:108F7000E26ADB6A9A42D4D34FF0E0234FF080528A
:108F8000C3F8042DBFF34F8FBFF36F8FC9E700BF46
:108F90006C4F01209C4A0120C84A0120904A0120C0
:108FA0000C4B0120F8B5D0B1044602F0F5FFEFF309
:108FB00011854FF0500383F31188BFF36F8FBFF318
:108FC0004F8F1D4B62699A4204D1A36A1B488342AA
:108FD00000D06BB1002685F311883046F8BD4FF004
:108FE000500383F31188BFF36F8FBFF34F8FFEE7FA
:108FF000134B1B68D3B9134BE66A1B68DB6A271D4A
:109000009E42384634BF0026012603F011FC0E4A6A
:10901000E36A106883420D4888BF136003EB830343
:10902000394600EB830003F0DDFBD4E704F11801BF
:1090300003F0D8FBCEE700BF9C4A0120C84A0120BC
:10904000744A01206C4F0120904A01200C4B0120F2
:1090500030B58BB007AA002406A905A8CDE90544C0
:1090600002F0C8FDDDE90632059DBBB16DB1BC2142
:1090700009910999BC291AD04FF0500383F3118844
:10908000BFF36F8FBFF34F8FFEE74FF0500383F3B3
:109090001188BFF36F8FBFF34F8FFEE74FF0500380
:1090A00083F31188BFF36F8FBFF34F8FFEE72B63FE
:1090B000022108AB85F8B91009981D491D48009494
:1090C000CDE901352346FFF7B3F92846FFF7CEF87F
:1090D000089B7BB101F012FA012803460CD0013342
:1090E00008D14FF0500383F31188BFF36F8FBFF3A4
:1090F0004F8FFEE70BB030BD4FF0500282F3118866
:10910000BFF36F8FBFF34F8F0B4A0C4912680C48A7
:1091100068320A600B490C4A4FF0FF3505600B605E
:109120001460E0F72DF90BB0BDE8304002F094BEBA
:10913000D8640508F98402086C4F012070040020EF
:10914000784A01208C4A0120944A01204FF05003B4
:1091500083F31188BFF36F8FBFF34F8F024B002251
:109160001A6002F0CFBD00BF8C4A0120024A13688A
:1091700001331360704700BF744A0120064B1B681F
:1091800043B94FF0500383F31188BFF36F8FBFF3E0
:109190004F8FFEE7FFF78EBA744A0120014B186823
:1091A000704700BF944A012008B502F0F5FE014B5C
:1091B000186808BD944A0120014B1868704700BF29
:1091C000984A012008B134307047064B18680028CF
:1091D000F9D14FF0500383F31188BFF36F8FBFF3C2
:1091E0004F8FFEE76C4F01202DE9F04F5C4C236858
:1091F000013383B023605B4B1B688B4200F2A2807B
:10920000DFF874E1DFF874811546382300268346C1
:10921000AEF2544A1A463146A946013A02EB82039D
:109220005AF82330002B47D05EF8043C5F68BE45F7
:1092300008BFDEF80470CDE9002101EBC100FE6833
:109240000BEB80004FF0000C7F684EF8047CBE45AD
:1092500004BFDEF804704EF8047CFD68002D6CD06D
:109260002B46DA6A02615A6D196B8260DA6D03600F
:109270004261D8F800205C6EC1619A1A18BF0122C1
:1092800034338461027343600B78A52B58D10B46AD
:109290001C4613F8012FA52AFAD0C1F1010121447F
:1092A000C1F38F01AE4201840CF1010C00F12400E6
:1092B000CAD1DDE900216144AEF1140E002AACD11F
:1092C000294B01EBC1000E4619680B684D460BEBAC
:1092D00080003BB10222FFF789FA064406EBC60084
:1092E0000BEB8000214B19680B683BB10222FFF7A2
:1092F0007DFA064406EBC6000BEB80001C490B68A8
:109300003BB10422FFF772FA064406EBC6000BEBF2
:10931000800018490B681BB10322FFF767FA064467
:109320008DB1E0F72FF80E4B28601B687BB1FFF77B
:10933000C1F9304603B0BDE8F08FD8F8003090E7AF
:109340000021AFE70026064B1B68002BEFD14FF042
:10935000500383F31188BFF36F8FBFF34F8FFEE786
:10936000744A0120984A0120E04A0120DC4A012089
:10937000B44A01209C4A0120604F01206C4F01201B
:109380000F4B1A6842B14FF0500383F31188BFF3BB
:109390006F8FBFF34F8FFEE71A6801321A600949D9
:1093A0000A6802440A601B6843B94FF0500383F314
:1093B0001188BFF36F8FBFF34F8FFEE7FFF77AB9C6
:1093C000744A0120884A0120054B1B680BB9FFF73E
:1093D000CFB8044A1368013300201360704700BF00
:1093E000744A0120884A0120044B1B681BB1044BBE
:1093F00001221A607047FEF7BFBF00BF744A012008
:10940000844A0120D0B170B51A4D0C462968183134
:1094100003F0F6F9184B1E682868043003F008FAC8
:10942000631C14D02B68A4195C6017D3134B186805
:109430002968BDE87040043103F0E2B94FF05003F1
:1094400083F31188BFF36F8FBFF34F8FFEE7296857
:109450000B48BDE87040043103F0C4B9094B1868EB
:109460002968043103F0CCF9074B1A68944238BFDD
:109470001C6070BD6C4F0120944A0120DC4A012021
:109480009C4A0120E04A0120784A012050B3234B36
:109490001B6843B94FF0500383F31188BFF36F8FFC
:1094A000BFF34F8FFEE770B51D4D2B6841F00041B3
:1094B000996129681831144603F094F9194B1E6814
:1094C0002868043003F0B4F9631C14D02B68A41985
:1094D0005C6017D3144B18682968BDE870400431EC
:1094E00003F08EB94FF0500383F31188BFF36F8FF1
:1094F000BFF34F8FFEE729680C48BDE87040043188
:1095000003F070B90A4B18682968043103F078F940
:10951000084B19688C4238BF1C6070BD744A01202A
:109520006C4F0120944A0120DC4A01209C4A012012
:10953000E04A0120784A012030B370B51D4E0C4638
:1095400031681546183103F04DF91B4B85B91D687C
:109550003068043003F06CF9336864195C601CD324
:10956000164B18683168BDE87040043103F048B903
:109570001B683068043003F05BF931681048BDE8BF
:109580007040043103F02EB94FF0500383F311887B
:10959000BFF36F8FBFF34F8FFEE70A4B1868316838
:1095A000043103F02DF9084B1A68944238BF1C604F
:1095B00070BD00BF6C4F0120944A0120DC4A01209D
:1095C0009C4A0120E04A0120784A012038B5C3684E
:1095D000DC684CB304F11805284603F029F9174B51
:1095E0001B6873B11648294603F0FCF8154BE26A74
:1095F0001B68DB6A9A4283BF134B0120186000206E
:1096000038BD251D284603F013F9104AE36A116896
:109610000F488B4288BF136003EB8303294600EB9E
:10962000830003F0DFF8E1E74FF0500383F3118884
:10963000BFF36F8FBFF34F8FFEE700BF744A012067
:10964000C84A01206C4F0120844A0120904A012021
:109650000C4B012038B51C4B1A6842B94FF050032F
:1096600083F31188BFF36F8FBFF34F8FFEE7C4689A
:1096700041F000410160ECB1251D03F0D9F8284606
:1096800003F0D6F8114AE36A116811488B4288BF8B
:10969000136003EB830300EB8300294603F0A2F879
:1096A0000C4BE26A1B68DB6A9A4202D90A4B012220
:1096B0001A6038BD4FF0500383F31188BFF36F8FEA
:1096C000BFF34F8FFEE700BF744A0120904A01208C
:1096D0000C4B01206C4F0120844A012068B110B569
:1096E000044602F021FB094A094B12681B68C4E9D1
:1096F0000023BDE8104002F039BB4FF0500383F364
:109700001188BFF36F8FBFF34F8FFEE7804A0120B0
:10971000944A0120034A044B12681B68C0E90023E5
:10972000704700BF804A0120944A0120F8B508B371
:109730000D46B1B1044602F0F7FA2B681A4A581CDC
:1097400011682CD0DFF864C0D4E90060DCF8007048
:10975000BE4218D0884216D8012402F007FB2046EA
:10976000F8BD4FF0500383F31188BFF36F8FBFF341
:109770004F8FFEE74FF0500383F31188BFF36F8FD5
:10978000BFF34F8FFEE7A1EB000E734509D95B1ABB
:10979000DCF80010126803442B60C4E900120024B6
:1097A000DBE700232B60D7E7944A0120804A0120A1
:1097B000014B01221A607047844A012000B1806D7C
:1097C000704700BF00B18165704700BF2DE9F843C5
:1097D0000D46164650B3404A0446E16A2961216BA2
:1097E000E961616DA960E16D6961616EA961052B37
:1097F00004F134012C60696033D01268A24218D0A1
:10980000032B2B731AD076B1266B3378A52B55D149
:109810003346184613F8011FA529FAD0C6F10106F0
:109820000644C6F38F062E84BDE8F8832A4A1468DE
:10983000D3E700232B73002EF5D0E5E7274B1A68FA
:1098400001321A60A26A0AB102222A731B685BBB4A
:109850004FF0500383F31188BFF36F8FBFF34F8F27
:10986000FEE713689C421CD002F05EFA1C4A1D4BB6
:10987000D2F800806769D3F8009002F077FA474584
:1098800019D04F4517D0184B9F4212D0174B9F420B
:109890001ED0002F0CBF042301232B73002EC2D037
:1098A000B2E700232B73F9E7FEF704FF002EBAD0CE
:1098B000AAE7A36A23B102232B73EFE70026B2E7DE
:1098C00094F8B830012B0CBF022303232B73E5E778
:1098D00004232B73E2E700BF6C4F0120744A012080
:1098E000E04A0120DC4A01209C4A0120B44A0120C0
:1098F00078B1006B0378A52B11D103469C4613F871
:10990000012FA52AFAD0C0F101006044C0F38F00F6
:109910007047044B1868006B0378A52BEDD000202E
:10992000704700BF6C4F0120014B1868704700BFA3
:109930006C4F0120054B1B6833B1054B1868B0FA1A
:1099400080F0400940007047012070478C4A012098
:10995000744A0120F8B50446C8B11B4DC36A2A6891
:10996000D26A934214D28269002A04DB2A68D26A3E
:10997000C2F138028261154E626903EB830306EB84
:1099800083039A420CD02B68DB6AE3620120F8BDA6
:109990002B68C06DDB6A98422CBF00200120F8BD07
:1099A000271D384602F044FF2A68094BD06A1A681E
:1099B000E062904288BF186000EB8000394606EBF9
:1099C000800002F00FFFE1E76C4F01200C4B0120FB
:1099D000904A012008B338B51D4B1C68844208D05A
:1099E0004FF0500383F31188BFF36F8FBFF34F8F96
:1099F000FEE7236E43B1E16AE26D013B91422366CB
:109A000000D063B1002038BD4FF0500383F31188BC
:109A1000BFF36F8FBFF34F8FFEE700207047251D08
:109A2000284602F005FFE36D0A4AE362C3F13800FD
:109A3000A06110688342084888BF136003EB83036A
:109A400000EB8300294602F0CDFE012038BD00BFA7
:109A50006C4F0120904A01200C4B012000283DD082
:109A6000036E70B504464BB1C06DE26A814238BFE7
:109A700001468A4201D0012B09D070BD4FF050033E
:109A800083F31188BFF36F8FBFF34F8FFEE7184B3F
:109A90001B68A34223D0A369E162002BA8BFC1F1D8
:109AA0003801144DA8BFA16102EB8202616905EB88
:109AB00082039942E1D1261D304602F0B9FE0E4BD9
:109AC000E06A1A68904288BF186000EB8000314657
:109AD00005EB8000BDE8704002F084BE70474FF097
:109AE000500383F31188BFF36F8FBFF34F8FFEE7EF
:109AF0006C4F01200C4B0120904A01202DE9F04FC2
:109B0000344B1D681B684FF0000803EBC30383B0A0
:109B1000044680F80080980002F06CFA002855D0C6
:109B2000294642468146FFF75FFBA0B300EBC00029
:109B3000DFF8A8B0DFF8A0A04D4609EB80072B7B2B
:109B40006968042B20464FF0000698BF1BF803609D
:109B500023F0B8FB2046DEF73BFF03461E2BC0F187
:109B60001F024FF0200120441BD823F01EFA84F876
:109B70001F80AA682B6901922A8C00921F343246FA
:109B80005146204623F080F92046DEF721FF243598
:109B9000AF420444D3D1484603B0BDE8F04F02F0D1
:109BA000E7BA0021E154A9681C442B690191298C72
:109BB000009132460849204623F066F92046DEF738
:109BC00007FF2435AF420444B9D1E4E703B0BDE850
:109BD000F08F00BF984A0120E0640508E49D050865
:109BE0002DE9F04F314B1D681B68002203EBC303C6
:109BF00083B004460270980002F0FCF9002851D0AE
:109C000001AA29462A4E8146FFF7EEFA019BA6FBE0
:109C100003267609632B01962DD960B300EBC000B3
:109C2000DFF890B0DFF890A04D4609EB8008696836
:109C3000AF69204623F046FB2046DEF7C9FE1E280A
:109C400006D8C0F11F022021204423F0AEF91F20C6
:109C500000232354BE4204445146204611D8B7FB8A
:109C6000F6F3AA6923F010F92046DEF7B1FE243599
:109C700045450444DBD1484603B0BDE8F04F02F04F
:109C800077BAAA69594623F0FFF82046DEF7A0FE0E
:109C90002435A8450444CAD1484603B0BDE8F04F76
:109CA00002F066BA03B0BDE8F08F00BF984A012009
:109CB0001F85EB51FC640508F0640508044A11682F
:109CC00013681268DB6A8869C3F1380393617047CF
:109CD0006C4F0120044B1A681AB119680A6E0132E0
:109CE0000A661868704700BF6C4F0120F8B52B4C0E
:109CF00006460D4602F018F82368D3F8B43023B9AD
:109D00002368012283F8B820C5B902F02FF802F0C9
:109D10000BF82368D3F8B45025B1236856B100225C
:109D2000C3F8B4202368002283F8B82002F01EF89C
:109D30002846F8BD6A1EC3F8B420F3E7184B1F6825
:109D40002068043002F074FD6B1C14D02368ED19F8
:109D50005D6016D3134B18682168043102F050FD82
:109D60004FF0E0234FF08052C3F8042DBFF34F8F24
:109D7000BFF36F8FC9E721680B48043102F032FD51
:109D8000EEE70A4B18682168043102F039FD084BF0
:109D90001A68954238BF1D60E2E700BF6C4F012092
:109DA000944A0120DC4A01209C4A0120E04A01201B
:109DB000784A01202DE9F041334C1E46074688467B
:109DC000154601F0B1FF236893F8B830022B0BD091
:109DD0002268D2F8B43023EA0703C2F8B43023680B
:109DE000012183F8B810BEB901F0C0FF01F09CFF5B
:109DF0001DB12368D3F8B4302B60236893F8B830D2
:109E0000022B26D000252368002283F8B82001F019
:109E1000ADFF2846BDE8F0811C4B1F682068043068
:109E200002F006FD731C1DD02368F6195E601FD377
:109E3000174B18682168043102F0E2FC4FF0E02370
:109E40004FF08052C3F8042DBFF34F8FBFF36F8FD5
:109E5000CAE72268D2F8B43023EA08030125C2F821
:109E6000B430D0E721680B48043102F0BBFCE5E7D1
:109E7000094B18682168043102F0C2FC074B1A68CC
:109E8000964238BF1E60D9E76C4F0120944A0120EA
:109E9000DC4A01209C4A0120E04A0120784A012046
:109EA000F8B508B31E460F461546044601F03CFFC0
:109EB00016B1D4F8B430336094F8B8300222DBB273
:109EC00084F8B820042D54D8DFE805F007171D05E5
:109ED0000300022B3AD0C4F8B470012B19D001242E
:109EE00001F044FF2046F8BD4FF0500383F3118882
:109EF000BFF36F8FBFF34F8FFEE7D4F8B4203A4320
:109F0000C4F8B420E9E7D4F8B4200132C4F8B4208E
:109F1000E3E7251D284602F08BFC1C4AE36A116822
:109F20001B488B4288BF136003EB830300EB830065
:109F3000294602F057FCA36A53B14FF0500383F354
:109F40001188BFF36F8FBFF34F8FFEE70024C7E781
:109F5000104BE26A1B68DB6A9A42C0D94FF0E023DB
:109F60004FF08052C3F8042DBFF34F8FBFF36F8FB4
:109F7000B5E7D4F8B4200132AFD04FF0500383F3EB
:109F80001188BFF36F8FBFF34F8FFEE7904A012018
:109F90000C4B01206C4F012068B32DE9F0410F46B6
:109FA00016461D46044601F0F7FFEFF311884FF007
:109FB000500383F31188BFF36F8FBFF34F8F15B139
:109FC000D4F8B4302B6094F8B8300222DBB284F8B5
:109FD000B820042E5BD8DFE806F007171D05030044
:109FE000022B28D0C4F8B470012B19D0012088F3BB
:109FF0001188BDE8F0814FF0500383F31188BFF35F
:10A000006F8FBFF34F8FFEE7D4F8B4203A43C4F804
:10A01000B420E9E7D4F8B4200132C4F8B420E3E76F
:10A02000A36A53B14FF0500383F31188BFF36F8FCE
:10A03000BFF34F8FFEE70020D9E71B4B1B6803BB24
:10A04000251D284602F0F4FB184AE36A11681848F7
:10A050008B4288BF136003EB8303294600EB830028
:10A0600002F0C0FB134BE26A1B68DB6A9A42BDD95F
:10A07000069B13B11A46012313600F4B01221A608D
:10A08000B4E70E4804F1180102F0ACFBEAE7D4F89B
:10A09000B4200132A8D04FF0500383F31188BFF3EE
:10A0A0006F8FBFF34F8FFEE7744A0120904A012063
:10A0B0000C4B01206C4F0120844A0120C84A01202A
:10A0C000F8B5E8B10D46044601F066FFEFF31186DE
:10A0D0004FF0500383F31188BFF36F8FBFF34F8F9F
:10A0E000022394F8B82084F8B830D4F8B430012AA8
:10A0F00003F10103C4F8B4300BD086F31188F8BD26
:10A100004FF0500383F31188BFF36F8FBFF34F8F6E
:10A11000FEE7A36A43B14FF0500383F31188BFF306
:10A120006F8FBFF34F8FFEE7134B1B688BB1134844
:10A1300004F1180102F056FB114BE26A1B68DB6A5E
:10A140009A42DAD90DB101232B600E4B01221A601D
:10A15000D3E7271D384602F06BFB0B4BE06A1A6809
:10A16000904288BF1860094B00EB8000394603EB32
:10A17000800002F037FBDFE7744A0120C84A012063
:10A180006C4F0120844A0120904A01200C4B012091
:10A1900010B578B1044601F0C7FD94F8B830022B31
:10A1A00005BF002384F8B8300024012401F0DEFD4F
:10A1B000204610BD014B1C68EDE700BF6C4F01202D
:10A1C00070B50D4680B10A4E044601F0ADFD33680E
:10A1D000D3F8B460D4F8B43023EA0503C4F8B4303B
:10A1E00001F0C4FD304670BD014E3468EDE700BF9C
:10A1F0006C4F01202DE9F041214E84B00DE0DB6869
:10A20000DC681F68251D284602F012FB236A2046E1
:10A21000984794F828305B070AD433681A68002AF4
:10A22000EDD1184A11683160136004B0BDE8F081C7
:10A23000A369DFF854803B449F42294605D2306829
:10A240006360246102F0DCFAE7E7D8F8003000250B
:10A250006BB1CDE900570294FFF76CFBD8F8000012
:10A260002B462A466946FCF73FFE0028D5D14FF021
:10A27000500383F31188BFF36F8FBFF34F8FFEE757
:10A28000705001206C500120685001202DE9F04FE2
:10A29000964E974D974C8BB04FF0E0294FF0805879
:10A2A00032681768002F40F0A780FEF75FFFFEF7C7
:10A2B00075FF2A6890428246C0F0AD808E4B2860C0
:10A2C0001A681268B2FA82F252092068A7EB0A01F2
:10A2D000FDF768FFFEF752FF28B9C9F8048DBFF3F8
:10A2E0004F8FBFF36F8F2068002202A9FDF7DCF8C3
:10A2F0000028D5D0029B0498002B75DB049F7B6956
:10A3000013B1381D02F094FAFEF748FF2B6898420B
:10A310008346C0F08780029BC5F800B0092BE2D8C5
:10A32000DFE803F0050505523C590505523C97F856
:10A330002820039B3F6142F0010287F82820BA6978
:10A3400099182CBF01200020594579606DD8ABEBDE
:10A3500003039A4232D83B6A3846984797F8283028
:10A360005907C0D52168039BBA6971B11344CDE97F
:10A37000073700270697FFF7DDFA20683B463A4685
:10A3800006A9FCF7B1FD0028ADD14FF0500383F3CF
:10A390001188BFF36F8FBFF34F8FFEE797F8282028
:10A3A000039BBB6142F0010287F82820002B00F0DC
:10A3B00093805B445B457B603F613AD84E4B391DCF
:10A3C000186802F01DFA8EE797F8283023F0010391
:10A3D00087F8283087E797F828309A0749D523F07F
:10A3E000010387F828307EE7039B05999847029B75
:10A3F000002BFFF678AF81E7D3681F68FEF7B6FE43
:10A40000FEF7CCFE2A688242824604D88742286042
:10A4100014D9002259E7FFF7EDFEC5F800A0FEF7BA
:10A42000ADFE60E7FFF7E6FE75E75B4501D9002862
:10A4300091D03068391D02F0E3F954E7FEF79EFE33
:10A440003268D268D2F80CB00BF1040108460191D1
:10A4500002F0EEF99BF82820019912F0040F0CD1BC
:10A4600022F001028BF82820DBF82030584698476C
:10A4700039E7384601F07CFE35E7DBF81800CBF809
:10A4800010B03A185245CBF8042003D9306802F0D6
:10A49000B7F9E9E7AAEB070A504518D822686AB16C
:10A4A000CDE9077B00270697FFF744FA20683B4673
:10A4B0003A4606A9FCF718FD0028D5D14FF0500305
:10A4C00083F31188BFF36F8FBFF34F8FFEE70A4B03
:10A4D000186802F095F9C7E74FF0500383F311882D
:10A4E000BFF36F8FBFF34F8FFEE700BF70500120A7
:10A4F00060500120685001206C500120F0B5234CC1
:10A5000089B001F011FC256835B301F02FFC2368F8
:10A51000CBB1002407AA06A905A8CDE9054401F09E
:10A5200077FBDDE905023023CDE9012000931849CE
:10A53000079A18482346FEF7D5F9174B186010B153
:10A54000012009B0F0BD4FF0500383F31188BFF331
:10A550006F8FBFF34F8FFEE7104F114E384602F05A
:10A5600031F9304602F02EF90E4A009517600E4A76
:10A570000E4B166010210E4A0A20FCF73DFB2060AE
:10A580000028C2D00B49FDF783FDBEE768500120CB
:10A59000106505088DA20208645001208850012032
:10A5A00074500120705001206C500120704F012028
:10A5B000C04F0120086505082DE9F04F074685B01A
:10A5C0002C20884616461D4601F014FD0446E8B1CD
:10A5D000002380F82830B8F1000F1BD0DFF89C90E2
:10A5E00001F0A2FBD9F80030EBB101F0BFFB0E9BEC
:10A5F0002760C4E906852362201D02F0EFF82EB122
:10A6000094F8283043F0040384F82830204605B03D
:10A61000BDE8F08F4FF0500383F31188BFF36F8FC5
:10A62000BFF34F8FFEE7DFF858B0DFF858A0039371
:10A63000584602F0C7F8504602F0C4F8039B009356
:10A64000094B0A4AC3F800B0094B1021C3F800A017
:10A650000A20084BFCF7D0FAC9F800000028C4D043
:10A660000549FDF715FDC0E770500120C04F0120DE
:10A670006C500120704F01200865050868500120CA
:10A6800088500120745001202DE9F04F85B02C2412
:10A690000394039C2C2C08D04FF0500383F31188B3
:10A6A000BFF36F8FBFF34F8FFEE71D46039B0F9BDA
:10A6B00043B316461A4602230F4682F8283051B398
:10A6C000294C804601F030FBD4F800B0BBF1000FFC
:10A6D0002AD001F04BFB0F9B0E9AC3F80080C3E910
:10A6E00006751A62181D02F079F83EB10F9B0F9A99
:10A6F00093F8283043F0040382F828300F9805B00F
:10A70000BDE8F08F4FF0500383F31188BFF36F8FD4
:10A71000BFF34F8FFEE74FF0500383F31188BFF371
:10A720006F8FBFF34F8FFEE7DFF854A0DFF8549030
:10A73000504602F047F8484602F044F80B4A0C4BEA
:10A74000CDF800B01021C2F800A0C3F80090094A6B
:10A75000094B0A20FCF750FA20600028B9D00749BD
:10A76000FDF796FCB5E700BF68500120705001204E
:10A770006C500120C04F0120704F01200865050872
:10A780008850012074500120C0B130B5184D2C689C
:10A7900085B084B10529CDE90012029017DCFFF7DE
:10A7A000C9F802281CD0002328681A466946FCF71D
:10A7B0009BFB05B030BD204605B030BD4FF05003C7
:10A7C00083F31188BFF36F8FBFF34F8FFEE79C4673
:10A7D0006246002369462046FCF7AEFD05B030BD59
:10A7E0002868089A00236946FCF77EFBE4E700BF6F
:10A7F00068500120064B186800B170474FF05003B5
:10A8000083F31188BFF36F8FBFF34F8FFEE700BF55
:10A810006450012008B1806970474FF0500383F302
:10A820001188BFF36F8FBFF34F8FFEE738B5B0B11C
:10A8300004460D4601F078FA94F828303DB903F04B
:10A84000FB0384F82830BDE8384001F08FBA43F0AC
:10A85000040384F82830BDE8384001F087BA4FF08F
:10A86000500383F31188BFF36F8FBFF34F8FFEE761
:10A8700058B110B5044601F057FA94F82840C4F3D3
:10A88000800401F073FA204610BD4FF0500383F3AB
:10A890001188BFF36F8FBFF34F8FFEE708B1406899
:10A8A00070474FF0500383F31188BFF36F8FBFF3EE
:10A8B0004F8FFEE708B1006870474FF0500383F3F5
:10A8C0001188BFF36F8FBFF34F8FFEE758B110B5FC
:10A8D000044601F029FA94F8284004F0010401F03C
:10A8E00045FA204610BD4FF0500383F31188BFF3A3
:10A8F0006F8FBFF34F8FFEE740B110B5044601F0F4
:10A9000013FAE46901F032FA204610BD4FF050030B
:10A9100083F31188BFF36F8FBFF34F8FFEE700BF44
:10A9200038B540B104460D4601F0FEF9E561BDE8D9
:10A93000384001F01BBA4FF0500383F31188BFF386
:10A940006F8FBFF34F8FFEE730B5144685B01A46C0
:10A95000064B01900291186803946FF001050023E3
:10A9600069460095FCF7E8FC05B030BD6850012051
:10A9700030B50E4C256885B075B11446CDE902148A
:10A980001A4601900023284669464FF0FF34009490
:10A99000FCF7AAFA05B030BD4FF0500383F31188DD
:10A9A000BFF36F8FBFF34F8FFEE700BF68500120EA
:10A9B000406A70474162704710B5FFF79DFF20B1B4
:10A9C000BDE81040D0E90030184710BD08B54FF081
:10A9D000E0231B69FEF7AEFF012800D108BDBDE8EA
:10A9E000084001F00FBA00BFEFF305832BB9064B07
:10A9F000186828B901221A6070476FF00500704787
:10AA00004FF0FF30704700BF1458012010B50C46BE
:10AA100010B10849C0E9001104B10AB9002010BD05
:10AA2000112A054928BF1122204622F053FC00209C
:10AA300010BD00BF31F5F5051865050808B5FEF72E
:10AA400079FF48B1022806D0044B1868A0F1010034
:10AA5000B0FA80F0400908BD032008BD1458012059
:10AA600010B5EFF3058474B9084B1A68012A07D1B1
:10AA700007490222CC771A60FEF7EAFA204610BD99
:10AA80004FF0FF3010BD6FF0050010BD14580120CD
:10AA900000ED00E010B5EFF305846CB9FEF74AFF56
:10AAA00040B1022802D04FF0FF3010BDFEF75EFB30
:10AAB000204610BD012010BD6FF0050010BD00BF85
:10AAC00008B5EFF30583A3B9FEF734FF20B10238D0
:10AAD00018BF4FF0FF3008BDFEF750FB012801D131
:10AAE000012008BDFEF726FF0028F9D14FF0FF3006
:10AAF00008BD6FF0050008BDEFF30583F3B910B58D
:10AB00000446FEF717FF30F0020302D04FF0FF308B
:10AB100010BD012C0ED0002CF8D1FEF72FFB012820
:10AB200001D1204610BDFEF705FF023818BF4FF0D7
:10AB3000FF3010BDFEF71AFB204610BD6FF0050078
:10AB4000704700BFEFF305830BB1FEF72DBBFEF797
:10AB500025BB00BF4FF47A70704700BF38B5EFF3E4
:10AB60001083EBB9EFF31184003C18BF012472B6D7
:10AB7000FEF714FB4FF0E0235A699D691969C90378
:10AB800009D4531B4FF0E022526902FB0000184425
:10AB900004B962B638BD5A699B690130D31AF1E72E
:10ABA0000124E4E7014B1868704700BF080000204B
:10ABB000F0B587B0002514460595EFF3058212B174
:10ABC000002007B0F0BD0028FAD004B3A369D3B9C0
:10ABD00018236268D207F3D465692DB3AA08A66862
:10ABE000D4F800C0E7680EB3BB2FE9D92469002C64
:10ABF000E6D0002DE4D00093CDE901460B46614636
:10AC0000FDF770FEDDE75D1E372DE2D9D8E7802223
:10AC1000182300930B46214605AC0194FDF79CFEDA
:10AC20000128CDD10598CCE78022D8E7002FC7D1E5
:10AC30002469002CC4D192B26446EAE7EFF305829E
:10AC400012B908B1FEF7BEBA00207047FEF76CBE1D
:10AC5000EFF3058262B908B538B1FEF705F80428AC
:10AC600003D8054B53F8200008BD4FF0FF3008BD56
:10AC70004FF0FF30704700BFEC9D050808B5EFF3BB
:10AC800005832BB910B1FEF733FE8300184608BDCB
:10AC90000023184608BD00BF10B5EFF3058454B972
:10ACA00030B14B1E372B03D8FEF750F8204610BDAD
:10ACB0006FF0030010BD6FF0050010BDEFF30582CB
:10ACC00012B908B1FEF712B84FF0FF30704700BF5D
:10ACD000EFF3058050B94FF0E0234FF08052C3F8F6
:10ACE000042DBFF34F8FBFF36F8F70476FF00500D8
:10ACF000704700BF10B5EFF3058424B930B1FEF7FB
:10AD00008BF8204610BD6FF0050010BD6FF00300FA
:10AD100010BD00BF10B5EFF3058424B930B1FEF7C4
:10AD2000F3F8204610BD6FF0050010BD6FF0030072
:10AD300010BD00BF08B50020FDF73EFEFEE700BFD6
:10AD400038B5EFF305846CB9054670B1FDF78CFF9B
:10AD5000042804D02846FDF72FFE204638BD6FF0AA
:10AD6000020038BD6FF0050038BD6FF0030038BD3C
:10AD7000EFF305830BB100207047FEF71DBA00BF4B
:10AD80002DE9F041EFF3058434B9054608B10E46CC
:10AD900031B92046BDE8F08100242046BDE8F081AD
:10ADA000FEF7E4F9FEF708FA804600EBC0008000E9
:10ADB00001F020F90746D8B141462246FEF714FAC1
:10ADC000014668B1281F234601E0A64208D001349D
:10ADD00057F8232040F8042FA14203F10903F4D1CE
:10ADE000FEF7CCF9384601F0C3F92046BDE8F08102
:10ADF0004446F5E7F0B100291CDB30B585B04FF0D3
:10AE0000FF3304460293EFF30585B5B1002503AB8C
:10AE1000009301222B460395FFF7BEF802AB009585
:10AE20002A4629462046FFF7B7F8039B93B90298B4
:10AE300005B030BD6FF0030070472B460122FFF7CD
:10AE40002FF802AB2A4629462046FFF729F8029838
:10AE500005B030BD4FF0E0234FF08052C3F8042D11
:10AE6000BFF34F8FBFF36F8FE1E700BFF0B583B043
:10AE7000EFF30585B5B9002804460EDBFEF754FD57
:10AE800001AB2A4629460746FFF70AF801280ED0EB
:10AE90004FF0FF36304603B0F0BD6FF0030630468A
:10AEA00003B0F0BD6FF00506304603B0F0BD019E63
:10AEB0002B4626EA0401032238460191FEF7F0FFF3
:10AEC0000128E5D1E6E700BF10B582B0EFF30584B5
:10AED0001CB16FF0050002B010BDFEF725FD01ABFF
:10AEE00022462146FEF7DCFF012803D04FF0FF3059
:10AEF00002B010BD019802B010BD00BF2DE9F047AF
:10AF000082B0EFF30585002D6FD1002807466FDB77
:10AF100011F0020F0E4614460CBF81464FF0000997
:10AF2000FEF73CF906F0010682460DF104088CB1EB
:10AF3000BEBB2346424649460020FEF73BFF0128A0
:10AF400043D0002859D06FF00106F2E76FF00204F9
:10AF5000002850D00023424649461846FEF72AFFF3
:10AF60000128F3D1019B04EA07051D4307EA050305
:10AF70001EB39F4218BF6FF00205284602B0BDE81D
:10AF8000F087019B3D401D4337EA0503F5D0FEF7EE
:10AF900005F9A0EB0A039C425444A4EB000400D240
:10AFA00000242346424649460020FEF703FF0128BD
:10AFB000E7D010B36FF00105F3E7002B08BF6FF087
:10AFC0000205284602B0BDE8F087019B3E401E43C3
:10AFD00017EA060514D1FEF7E1F8A0EB0A039C423C
:10AFE000544400D3251A2C46A3E76FF00505C4E7A7
:10AFF0006FF00305C1E72546BFE76FF00105BCE729
:10B000003546BAE7EFF305823AB908B508B900202A
:10B0100008BDFDF7D3FD002008BD6FF005007047A7
:10B0200030B583B0EFF3058565B90446FEF7B6F891
:10B03000211A0029019008DD01A8FDF743FD2846EB
:10B0400003B030BD6FF00500FAE76FF00300F7E7DB
:10B050002DE9F0411C4682B0EFF30583BBB90646EB
:10B06000A8B108200D46904600F0C4FF074670B115
:10B070002A1EC0E9006818BF01227CB1A3682068BD
:10B08000E16843B12B2915D8384601F071F800204A
:10B0900002B0BDE8F0810029F6D104460A4B0093C6
:10B0A00001213B462046FFF787FA0028ECD002B08A
:10B0B000BDE8F0810449CDE900133B460121FFF7CB
:10B0C000E3FA0028F3D1DFE7B9A90208EFF305821C
:10B0D00012B908B1FFF7EEBB00207047EFF305830C
:10B0E00073B910B582B070B10A4600930421FFF71E
:10B0F0004BFB012814BF6FF00200002002B010BD0E
:10B100006FF0050070476FF00300F7E730B583B0CC
:10B11000EFF30585A5B90446A8B1FFF7D7FB60B1E9
:10B1200000952B462A4603212046FFF72DFB0138C8
:10B1300018BF4FF0FF3003B030BD6FF00200FAE7E8
:10B140006FF00500F7E76FF00300F4E7EFF3058217
:10B1500012B908B1FFF7BABB0020704770B582B0D2
:10B16000EFF30584B4B90546B8B1FFF7C5FB009409
:10B1700006462346224628460521FFF705FB0128FF
:10B1800005D1304600F0F4FF204602B070BD6FF0EC
:10B190000200FAE76FF00500F7E76FF00300F4E74D
:10B1A000EFF305832BB940B1D0E902321BB11F2A5E
:10B1B00005D800207047002AFBD101F027B91846B6
:10B1C00001F0FEB840B310B5B1F1807F82B00C46FB
:10B1D0001BD2EFF305839BB1002301AA019301F079
:10B1E000E1FAB0B1019B4BB14FF0E0234FF0805238
:10B1F000C3F8042DBFF34F8FBFF36F8F204606E0D7
:10B2000002B0BDE8104001F0E3B96FF0030002B0F6
:10B2100010BD6FF00200FAE76FF00300704700BF47
:10B2200070B5C0B1B1F1807F0D4614D2EFF3058344
:10B230006BB1044601F0BEF929460646204601F0EE
:10B24000AFF9002808BF6FF00206304670BDBDE8B8
:10B25000704001F081B96FF00306304670BD00BF49
:10B2600030B1EFF3058109B101F0A4B901F074B96F
:10B27000704700BF48B370B5B1F1807F82B00C4613
:10B2800018D21D46EFF30583C3B902F0010682F020
:10B2900002020095C2F34002334601F0C5F88EB9B0
:10B2A000044209D1002D14BF6FF001006FF00200BD
:10B2B00002B070BD6FF0030002B070BD6FF005000A
:10B2C00002B070BD8443EDD1F6E76FF00300704724
:10B2D00010B5EFF3058424B930B101F03BFA2046F4
:10B2E00010BD6FF0050010BD6FF0030010BD00BF72
:10B2F00038B5EFF305833BB90446E0B1436803F08A
:10B300000802DB0703D402B30025284638BD002A13
:10B31000FAD1D0E9021389B34F2BF5D90420FBF7FA
:10B3200063FF05460028EFD0216845F00105FCF7D2
:10B33000AFFE284638BD0120FBF7C6FF05460028B2
:10B34000E3D02146FCF7A4FEDFE7D0E9021361B1A8
:10B350004F2BD9D90120FBF747FF05460028D4D051
:10B360002168FCF795FE284638BD002BCCD1012082
:10B37000FBF7AAFF05460028F2D1C6E7002BC3D190
:10B380000420FBF7A1FF05460028CDD1BCE700BF94
:10B39000EFF30582D2B9012838B5034619D903F075
:10B3A00001050C4620F0010055B9FCF7FBF9012816
:10B3B0000AD0002C14BF6FF001006FF0020038BDFE
:10B3C000FCF780FB0128F4D1002038BD6FF00500A8
:10B3D00070476FF0030038BDEFF30581B9B901285C
:10B3E000024617D908B502F0010320F001003BB96D
:10B3F0001A461946FBF778FD012805D1002008BD43
:10B40000FBF742FF0128F9D06FF0020008BD6FF092
:10B41000050070476FF00300704700BFEFF305832E
:10B420002BB9012803D920F00100FBF797BC0020BD
:10B43000704700BF38B5EFF3058474B9012809D906
:10B4400020F001052846FCF77BFE2846FCF7B0FDFE
:10B45000204638BD6FF0030038BD6FF0050038BDE1
:10B46000F0B583B0EFF3058656B948B188420F4670
:10B4700006D31546FAB1D2E902232AB14F2B28D8B8
:10B480000024204603B0F0BD002BF9D1012806D0DE
:10B49000FBF7E4FC04460028F2D02D6812E00322FA
:10B4A00000210120FBF718FC04460028E8D0C7B9AA
:10B4B000002DF2D106E00128F1D0FBF7CFFC0446C5
:10B4C0000028DDD020462946FCF7E2FD204603B0E7
:10B4D000F0BD012810D0FBF761FC04460028DCD148
:10B4E000CEE700231A461946FBF7FEFC0128DFD001
:10B4F0002046FCF75DFDC3E7134603220092314668
:10B500003246FBF779FB04460028B9D0002FC4D09F
:10B51000334632463146FBF7E7FC0128BDD0E7E76A
:10B5200060B310B50C4682B0EFF30583B3B111BB25
:10B5300001AA0191FCF764FC012818D1019B13B901
:10B54000002002B010BD4FF0E0234FF08052C3F84E
:10B55000042DBFF34F8FBFF36F8FF1E7FCF722F994
:10B560000128EDD01CB16FF0010002B010BD6FF0EA
:10B57000020002B010BD6FF00300E2E76FF00300BD
:10B58000704700BF28B300B583B0EFF305839BB1CC
:10B59000002301A90193FBF731FF012816D1019B7C
:10B5A00083B14FF0E0234FF08052C3F8042DBFF376
:10B5B0004F8FBFF36F8F05E01A461946FBF794FCD7
:10B5C000012803D1002003B05DF804FB6FF00200F6
:10B5D000F9E76FF00300704730B1EFF305830BB16B
:10B5E000FCF7D8BCFCF7ACBC704700BF38B5EFF334
:10B5F000058444B9054648B1FCF7A2FD2846FCF78E
:10B60000D7FC204638BD6FF0050038BD6FF0030051
:10B6100038BD00BFF0B585B0EFF3058787B90546A3
:10B6200070B169B11446E2B1D2E902325BB14F2A7E
:10B6300006D9226922B1666901FB05F5AE421BD22B
:10B64000002005B0F0BD002AFAD12369002BF7D104
:10B650006269002AF4D1FBF73FFB0028F0D0246890
:10B6600003E0FBF739FB0028EAD021460390FCF702
:10B670000FFD039805B0F0BD0097FBF7BDFA002859
:10B68000EDD1DDE770B51C4682B0EFF30586BEB1A3
:10B6900038B331B32BBB01AA0193FBF74DFE012850
:10B6A0001BD1019B4BB14FF0E0234FF08052C3F808
:10B6B000042DBFF34F8FBFF36F8F002002B070BD1A
:10B6C00078B171B133462246FBF70EFC0128F4D065
:10B6D0001CB16FF0010002B070BD6FF0020002B04B
:10B6E00070BD6FF00300E9E730B51C4683B0EFF39F
:10B6F0000583BBB130B329B324BB01AA0194FCF785
:10B700007FFB01281AD1019B4BB14FF0E0234FF092
:10B710008052C3F8042DBFF34F8FBFF36F8F00200B
:10B7200003B030BD70B169B12246FBF7BDFE012800
:10B73000F5D01CB16FF0010003B030BD6FF0020016
:10B7400003B030BD6FF00300EAE700BF00B1C06B8B
:10B75000704700BF00B1006C704700BF30B1EFF31D
:10B7600005830BB1FCF716BCFCF7EABB704700BFC2
:10B77000A0B1EFF305827AB1EFF311824FF05001DF
:10B7800081F31188BFF36F8FBFF34F8FD0E90E01A4
:10B79000081A82F311887047FCF7E6BB704700BFB8
:10B7A00010B5EFF305842CB938B12146FBF7DEF96B
:10B7B000204610BD6FF0050010BD6FF0030010BDF6
:10B7C00038B5EFF3058444B9054648B1FCF7B8FC39
:10B7D0002846FCF7EDFB204638BD6FF0050038BD6C
:10B7E0006FF0030038BD00BF2DE9F84FEFF305837C
:10B7F000002B38D10746002835D08846002932D0A2
:10B80000CE1C26F00306154600FB06F622B394680C
:10B81000D2F800A0D2E90323002C5BD0732A08D908
:10B82000002B7CD0990763D04FF0FF394FF0010B0C
:10B830001FE0002B7AD09A0762D004F1240201465F
:10B84000FBF7ACFA606000287DD02B69A36053B190
:10B850004FF0FF39CB461BE092469146742000F032
:10B86000C9FB044618B900242046BDE8F88F4FF004
:10B87000000B04F1240239463846FBF78FFA60606A
:10B8800008B3B9F1000F20D02869A06000283FD08C
:10B89000344B23620023C4E9036AC4F81480A7610F
:10B8A0002360E361BBF1000F03D1236A43F001037E
:10B8B0002362B9F1000FD7D1236A43F00203236258
:10B8C0002046BDE8F88FA068E0E7304600F092FB24
:10B8D000A060DBE7002AC6D1002B38D09B073DD102
:10B8E0006B699E428CBF4FF0FF394FF00109B5E7FD
:10B8F0006B699E4294BF4FF001094FF0FF3995E705
:10B900006B699E421BD84FF001094FF0FF3BB0E737
:10B91000BBF1000FA7D1204600F02AFCA3E76B691A
:10B92000003B18BF0123C3F100097FE76B69003BAF
:10B9300018BF0123C3F100094FF0FF3B99E74FF017
:10B94000FF39CB4695E7A368002B81D18BE76B6964
:10B95000003B18BF0123C3F100097FE74FF0FF3917
:10B960007CE700BF0000ED5EEFF3058313B910B173
:10B970000069704700207047002833D030B52B4B4A
:10B980000446006A00EA0305834383B027D1EFF33E
:10B990000583DBB10A4611BB6068FCF731FA012868
:10B9A0001DD1236A35EA030319D1EFF311834FF058
:10B9B000500282F31188BFF36F8FBFF34F8F20685F
:10B9C000E8B10268226083F3118809E06068FBF740
:10B9D000E9FE012803D1236A35EA030304D00020DD
:10B9E00003B030BD0020704700F09EF9206888B198
:10B9F00003682360019000F0B9F90198F0E7D4E9F9
:10BA000006128A42DFD26169A06801FB020001329E
:10BA1000E261D8E7D4E906239342EBD26169A068DA
:10BA20005A1C01FB0300E261E4E700BF0000ED5E89
:10BA3000002858D070B50D4682B0002950D0026A57
:10BA40002A4B9343044648D183688B4248D8C26846
:10BA5000013A1344994243D8EFF305864068A6B9EA
:10BA6000FCF76EFAA369984237D000F05DF92368BD
:10BA70002B60256000F07AF9606833463246314623
:10BA8000FBF732FA002002B070BDFCF783FAA3691D
:10BA9000984222D0EFF311834FF0500282F31188C5
:10BAA000BFF36F8FBFF34F8F22682A60256083F347
:10BAB000118800236068019301A9FBF79FFC019B9B
:10BAC000002BDFD04FF0E0234FF08052C3F8042D5D
:10BAD000BFF34F8FBFF36F8FD4E76FF00200D2E751
:10BAE0006FF00300CFE76FF0030070470000ED5EDA
:10BAF00020B1026A034B934301D000207047806954
:10BB0000704700BF0000ED5E20B1026A034B934313
:10BB100001D0002070474069704700BF0000ED5E13
:10BB200010B5044618B1026A084B934301D00020B7
:10BB300010BDEFF30583406823B9FCF701FAA4694F
:10BB4000201A10BDFCF726FAF9E700BF0000ED5EF1
:10BB500018B1026A064B934301D000207047EFF3FF
:10BB6000058340680BB1FCF715BAFCF7E9B900BFD3
:10BB70000000ED5E80B3EFF3058353BB10B50446C0
:10BB800000F0D2F8236A03F0030323620023606805
:10BB90001A461946FBF7A8F90128F7D0226A0023B4
:10BBA0009207C4E90533236006D4236ADB0709D46E
:10BBB00000F0DCF8002010BDA06800F0D9FA236A7C
:10BBC000DB07F5D5204600F0D3FA00F0CFF80020CF
:10BBD00010BD6FF0050070476FF00300704700BFA5
:10BBE0004FF0500383F31188BFF36F8FBFF34F8F74
:10BBF000FEE700BF044B10B40360044C0C608023CC
:10BC00005DF8044B136070475857012058550120C8
:10BC1000054B10B40360054C0C604FF480735DF865
:10BC2000044B1360704700BF9C5401209C500120BE
:10BC300008480068006880F308884FF0000080F32F
:10BC4000148862B661B6BFF34F8FBFF36F8F00DF0A
:10BC500000BF000008ED00E0DFF80C00016841F4CF
:10BC6000700101607047000088ED00E00E4B1B681A
:10BC700082B000220133019208D04FF0500383F3C9
:10BC80001188BFF36F8FBFF34F8FFEE74FF0500364
:10BC900083F31188BFF36F8FBFF34F8F019B002B8E
:10BCA000FCD002B0704700BF5804002010B44FF021
:10BCB0008073074C40F8043C21F001016FF002034F
:10BCC00040E9034140E909325DF8044B44387047CC
:10BCD0006DBC020800000000000000000000000031
:10BCE000074B19680868B0E8F04F80F30988BFF384
:10BCF0006F8F4FF0000080F311887047AFF3008022
:10BD00006C4F0120074B1B68B3F57A7F08D04FF0CA
:10BD1000500383F31188BFF36F8FBFF34F8FFEE79C
:10BD2000704700BF580400204FF0500383F3118880
:10BD3000BFF36F8FBFF34F8F0B4A13680133012B93
:10BD4000136000D070474FF0E023D3F8043DDBB21E
:10BD5000002BF7D04FF0500383F31188BFF36F8FA0
:10BD6000BFF34F8FFEE700BF58040020084A136856
:10BD700043B94FF0500383F31188BFF36F8FBFF3C4
:10BD80004F8FFEE7013B13600BB983F311887047B7
:10BD90005804002000000000000000000000000027
:10BDA000EFF30980BFF36F8F154B1A681EF0100F69
:10BDB00008BF20ED108A20E9F04F10602DE909003E
:10BDC0004FF0500080F31188BFF34F8FBFF36F8F98
:10BDD000FDF70AFB4FF0000080F3118809BC1968D9
:10BDE0000868B0E8F04F1EF0100F08BFB0EC108AE2
:10BDF00080F30988BFF36F8F704700BFAFF30080F7
:10BE00006C4F012008B54FF0500383F31188BFF346
:10BE10006F8FBFF34F8FFDF7D7FA28B14FF0E023B4
:10BE20004FF08052C3F8042D002383F3118808BD1E
:10BE30004FF0E02200230649136193610B68054926
:10BE4000A1FB03139B090720013B5361106170475D
:10BE500008000020D34D62104FF0E023484AD3F889
:10BE6000001D914241D0D3F8002D464B9A4233D069
:10BE700070B5454B454C1A78454884B0FF21D2B285
:10BE8000029219701B78DBB28DF807309DF80730ED
:10BE90009DF8072003F0500307211206237001606C
:10BEA00048BF06220FD59DF807305B00DBB28DF846
:10BEB00007309DF807301B06114602F1FF32F2D41D
:10BEC00003291BD001604FF0500383F31188BFF3A7
:10BED0006F8FBFF34F8FFEE74FF0500383F311884E
:10BEE000BFF36F8FBFF34F8FFEE74FF0500383F325
:10BEF0001188BFF36F8FBFF34F8FFEE7029B224A7B
:10BF0000244E4FF0E0244FF44071DBB20160137017
:10BF1000D4F8203D43F47003C4F8203DD4F8203D0C
:10BF200043F07043C4F8203D0025FFF781FF3560E2
:10BF3000FFF792FED4F8343F43F04043C4F8343F57
:10BF4000FFF776FEFDF750FA33680395013308D00A
:10BF50004FF0500383F31188BFF36F8FBFF34F8F00
:10BF6000FEE74FF0500383F31188BFF36F8FBFF3E9
:10BF70004F8F039B002BFCD0002004B070BD00BF8E
:10BF800071C20F4170C20F4100E400E01C58012053
:10BF90001858012058040020EFF305830F2B0ED909
:10BFA0001149124A5B5C12789A4208D94FF050034B
:10BFB00083F31188BFF36F8FBFF34F8FFEE74FF00E
:10BFC000E0230B4AD3F80C3D126803F4E06393427C
:10BFD00008D94FF0500383F31188BFF36F8FBFF37D
:10BFE0004F8FFEE7704700BFF0E300E01C580120D0
:10BFF000185801202DE9F8430546FDF7B7F8544AD3
:10C000001668002E35D0534B1F683D422BD155B3D7
:10C0100005F1080468071CBF24F00704083414B3B2
:10C02000DFF844C1DCF80050A5421CD34A4803683D
:10C0300003E01A6822B1184613465968A142F8D3A2
:10C04000B34210D01A680260081B102847D91A1989
:10C0500051072CD04FF0500383F31188BFF36F8F3B
:10C06000BFF34F8FFEE7FDF789F800242046BDE8B7
:10C07000F8833A4B3A4E38485C0718BF073326F02E
:10C08000070618BF23F007031660364A03601946F7
:10C09000F31A1360344A2F4C13604FF0004700220C
:10C0A00042602760C6E90022C1E90063ADE72A4982
:10C0B00050605C60084609688A42FBD8D0F804E00A
:10C0C000D2F8048000EB0E094A4527D002EB080E97
:10C0D00071452BD011602146824218BF0260214A6F
:10C0E00010686D1A8542214838BF15600F430168FA
:10C0F000CCF800500024C3E90047013103F10804E3
:10C100000160FDF73BF86307B0D04FF0500383F3B5
:10C110001188BFF36F8FBFF34F8FFEE70EEB08025E
:10C120008418A14242600AD05968D8E7B142D1D000
:10C130004C6809681160444454605968CCE7B142C6
:10C14000F2D04C6814440A6844600260ECE700BF17
:10C15000345801202058012038580120405801202F
:10C16000389401202C5801203058012028580120F3
:10C17000D0B12F4A50F8043C126813420BD050F84B
:10C18000081C91B14FF0500383F31188BFF36F8FF8
:10C19000BFF34F8FFEE74FF0500383F31188BFF3D7
:10C1A0006F8FBFF34F8FFEE7704730B523EA02036E
:10C1B00083B040F8043C1F4D0190A0F10804FCF747
:10C1C000D5FF01982A6850F8041C1B4B0A442A60CA
:10C1D0001A461B689C42FBD8556802EB050E744555
:10C1E00011D004EB010C63451DD040F8083CA2427D
:10C1F00018BF1460114A13680133136003B0BDE81F
:10C200003040FCF7BBBF2944501883425160F1D144
:10C210000B4800688342EDD01446D3E90030014456
:10C2200023606160E3E7064D2D68AB42F5D1DCE7A2
:10C23000205801203058012038580120245801206E
:10C2400034580120014B1868704700BF3058012056
:10C25000014B1868704700BF2C580120704700BF81
:10C26000F8B50746FCF782FF184B1B6843B3184A22
:10C27000002411684FF0FF362546D3E9003294427E
:10C2800038BF1446964228BF1646994205F101056B
:10C29000F3D1FCF773FFC7E90146FD60FFF744FDEA
:10C2A0000C490D4A0D480E4B096812681B6800685E
:10C2B0003860C7E905123B61BDE8F840FFF756BD9D
:10C2C0001C464FF0FF361D46E3E700BF38580120FB
:10C2D00034580120285801202458012030580120CA
:10C2E0002C58012038B5B8B1B1F1807F0D4608D384
:10C2F0004FF0500383F31188BFF36F8FBFF34F8F5D
:10C30000FEE70446FFF710FD236823EA05032360D8
:10C31000BDE83840FFF72ABD4FF0500383F3118882
:10C32000BFF36F8FBFF34F8FFEE700BF2DE9F843D8
:10C3300000283BD0B1F1807F0C4608D34FF050036A
:10C3400083F31188BFF36F8FBFF34F8FFEE706466D
:10C3500000F10C09FCF70AFF336835692343A9454E
:10C3600033601ED04FF0000809E037B1D30148BF59
:10C3700048EA0408FDF76EF93368A9450FD02A682A
:10C3800022F07F4412F0806F284643F000716D6800
:10C3900004EA0307E9D0BC42E8D0A945EFD123EA7B
:10C3A00008033360BDE8F843FCF7E8BE4FF05003E4
:10C3B00083F31188BFF36F8FBFF34F8FFEE700BF8A
:10C3C00078B110B582B020230193019B202B11D0AE
:10C3D0004FF0500383F31188BFF36F8FBFF34F8F7C
:10C3E000FEE74FF0500383F31188BFF36F8FBFF365
:10C3F0004F8FFEE70023044640F8043B00F0E2F9CB
:10C4000001232046237702B010BD00BF38B520209D
:10C41000FFF7F0FD044628B1002540F8045B00F06A
:10C42000D1F92577204638BDC0B1B1F1807F2DE923
:10C43000F0410C4609D2D1B94FF0500383F3118873
:10C44000BFF36F8FBFF34F8FFEE74FF0500383F3BF
:10C450001188BFF36F8FBFF34F8FFEE74FF050038C
:10C4600083F31188BFF36F8FBFF34F8FFEE717463B
:10C470001E460546FDF75EFAC0B9069B6BB9FCF790
:10C4800075FED5F80080002E3AD034EA08033AD081
:10C49000FCF774FE4046BDE8F0814FF0500383F393
:10C4A0001188BFF36F8FBFF34F8FFEE7FCF75EFE7F
:10C4B000D5F800807EBB14EA080F24D1069B002B20
:10C4C000E6D0391E18BF012109061A462143281D4E
:10C4D000FCF7DCFFFCF752FE48B94FF0E0234FF0C9
:10C4E0008052C3F8042DBFF34F8FBFF36F8FFDF75A
:10C4F000E5FB10F0007F80461BD028F07F48C9E79D
:10C5000018EA040FC4D0002FC2D028EA04042C601B
:10C51000FCF734FEBEE734EA0803F4D0069B002B98
:10C52000B6D0391E18BF0121090641F080611A46B4
:10C53000CCE7FFF7F9FBD5F800804EB914EA080FF5
:10C5400003D017B128EA04042C60FFF70FFCD4E7EE
:10C5500034EA0803F9D1F4E7C0B1B1F1807F70B5D6
:10C560000D4608D34FF0500383F31188BFF36F8F4C
:10C57000BFF34F8FFEE70446FFF7D6FB266826EA97
:10C5800005052560FFF7F2FB304670BD4FF0500304
:10C5900083F31188BFF36F8FBFF34F8FFEE700BFA8
:10C5A00084460A46024800236146FEF7CDB900BF23
:10C5B000E5C20208EFF311834FF0500282F31188B5
:10C5C000BFF36F8FBFF34F8F006883F311887047FD
:10C5D0002DE9F84300283CD0B1F1807F0C4608D308
:10C5E0004FF0500383F31188BFF36F8FBFF34F8F6A
:10C5F000FEE7064600F10C09FCF7B8FD3368356923
:10C600002343A94533601ED04FF0000809E037B13D
:10C61000D30148BF48EA0408FDF71CF83368A94570
:10C620000FD02A6822F07F4412F0806F284643F032
:10C6300000716D6804EA0307E9D0BC42E8D0A9455F
:10C64000EFD123EA08033360FCF798FD3068BDE8BA
:10C65000F8834FF0500383F31188BFF36F8FBFF35C
:10C660004F8FFEE7B2F1807F08D34FF0500383F382
:10C670001188BFF36F8FBFF34F8FFEE72DE9F041B5
:10C68000144642B94FF0500383F31188BFF36F8F04
:10C69000BFF34F8FFEE707460D461E46FDF74AF9EA
:10C6A000D0B946B14FF0500383F31188BFF36F8FB9
:10C6B000BFF34F8FFEE7FCF759FD3E682946384629
:10C6C0003543FFF785FF34EA05032FD03D68FCF7BB
:10C6D00055FD2846BDE8F081FCF748FDD7F80080FD
:10C6E0002946384648EA0505FFF772FF34EA050394
:10C6F0001CD0002EEAD0324644F0A061381DFCF771
:10C70000C5FEFCF73BFD48B94FF0E0234FF08052E7
:10C71000C3F8042DBFF34F8FBFF36F8FFDF7CEFA31
:10C720008301054609D525F07F45D2E73B6823EA1A
:10C7300004033B60FCF722FDCBE7FFF7F5FA3D6809
:10C7400034EA050304BF25EA04043C60FFF70EFB4E
:10C75000E9E700BF38B50446FCF708FD6368A3B1FC
:10C7600004F10C0503E0FCF775FF63686BB1206909
:10C77000A8424FF00071F6D14FF0500383F31188B7
:10C78000BFF36F8FBFF34F8FFEE7237F1BB1BDE871
:10C790003840FCF7F3BC2046FFF7EAFCBDE8384020
:10C7A000FCF7ECBC8446134602480A466146FEF795
:10C7B000CBB800BF2DC3020800B18069704700BF2D
:10C7C0008161704700F108034FF0FF310022C0E99A
:10C7D0000131C0E903330260704700BF00230361E9
:10C7E000704700BF4268036810B494680133C1E920
:10C7F0000124616091605DF8044B0861036070473B
:10C8000030B40D686B1C10D000F108031C465B6847
:10C810001A68AA42FAD902684B60013299608C60AA
:10C820006160086130BC0260704704696368F2E7C8
:10C83000036910B4D0E901125C688A6084425160D7
:10C8400008BF5A601A685DF8044B0021013A016183
:10C850001A601868704700BF704700BF704700BF7C
:10C8600010B50A4B0A490B4A196200241C620A4897
:10C870005A62812103225C6218611C6159615C610A
:10C880009A619C61FFF7EAFF204610BD0038024024
:10C89000FFC9FF3F3379C700FF10602038B50E4A4B
:10C8A0000E4B1278054618684FF47A73B3FBF2F317
:10C8B000B0FBF3F001F06AF808B90F2D01D901209F
:10C8C00038BD0446024629464FF0FF3000F0DAFF3B
:10C8D000034B20461D6038BD5C040020080000208A
:10C8E0006004002008B50B4B1A6842F400721A600D
:10C8F0001A6842F480621A601A6842F480721A6000
:10C90000032000F0A1FF0F20DDF768FEDDF746FEF3
:10C91000002008BD003C0240034A044B11681B780C
:10C920000B441360704700BF409401205C0400205A
:10C93000014B1868704700BF40940120014B1868F4
:10C94000704700BF60040020642870B5044608D01A
:10C950000A2806D0012804D009484FF4AD71DDF74C
:10C96000C3FC084D2E78A64201D1002070BD064BB5
:10C970002C701868DDF732FE0028F7D02E7070BDDD
:10C980002C6505085C04002060040020014B187829
:10C99000704700BF5C04002038B50446FFF7C8FFAD
:10C9A000631C054602D0044B1B781C44FFF7C0FFF4
:10C9B000401BA042FAD338BD5C0400204FF0E022B7
:10C9C000136923F002031361704700BF4FF0E022A8
:10C9D000136943F002031361704700BF00487047BA
:10C9E00000030801014B1868000C7047002004E0A8
:10C9F000024B1868C0F30B00704700BF002004E032
:10CA0000024A536843F0010353607047002004E07A
:10CA1000024A536823F0010353607047002004E08A
:10CA2000024A536843F0020353607047002004E059
:10CA3000024A536823F0020353607047002004E069
:10CA4000024A536843F0040353607047002004E037
:10CA5000024A536823F0040353607047002004E047
:10CA6000024B0122C3F80024704700BF0000274298
:10CA7000024B0022C3F80024704700BF0000274289
:10CA8000014BD3F8100A70470070FF1F014BD3F819
:10CA9000140A70470070FF1F014BD3F8180A704743
:10CAA0000070FF1F704700BF002800F01F8138B5DD
:10CAB0008F4A03689342044608D002F5806293428D
:10CAC00004D08C484FF48F71DDF70EFC237E012BD0
:10CAD00000F2EE80637E012B00F2E080A37E012B4A
:10CAE00000F2D280E37E012B00F2C480237F012B71
:10CAF00000F2B680637F012B00F2A780A36833F0B9
:10CB0000404304D07B4840F22511DDF7EDFBE3689C
:10CB100033F0407304D077484FF49371DDF7E4FBB2
:10CB2000236933F440330DD0B3F5802F0AD0B3F529
:10CB3000002F07D0B3F5402F04D06E4840F22711E4
:10CB4000DDF7D2FB636933F4401340F0C5806368BE
:10CB5000013BB3F5806F80F0B98094F82030002B52
:10CB600000F0B0802268136843F001031360FFF700
:10CB7000DFFE054604E0FFF7DBFE401B0A285BD81A
:10CB800023685A68D107F6D51A6822F002021A60A3
:10CB9000FFF7CEFE054604E0FFF7CAFE401B0A2859
:10CBA0004AD823685A689207F6D4227E012A1A6866
:10CBB0000CBF42F0800222F080021A60627E012ADD
:10CBC0001A680CBF42F0400222F040021A60A27EB6
:10CBD000012A1A680CBF42F0200222F020021A60DB
:10CBE000E27E012A1A680CBF22F0100242F0100205
:10CBF0001A60227F012A1A680CBF42F0080222F054
:10CC000008021A60627F012A1A680CBF42F004020F
:10CC100022F004021A60D4E90220216902430A4387
:10CC200060696168024301390A4300200121DA6129
:10CC3000606284F8201038BD636A052243F4003333
:10CC4000636284F82020012038BD2A484FF4927195
:10CC5000DDF74AFBA36833F040433FF458AF51E798
:10CC6000244840F22311DDF73FFB637F012B7FF661
:10CC700045AFEAE71F484FF49171DDF735FB237F9D
:10CC8000012B7FF637AFEBE71A4840F22111DDF7B1
:10CC90002BFBE37E012B7FF629AFEBE715484FF422
:10CCA0009071DDF721FBA37E012B7FF61BAFEBE735
:10CCB000104840F21F11DDF717FB637E012B7FF652
:10CCC0000DAFEBE72046DCF7DFF94BE7094840F210
:10CCD0002911DDF709FB40E7B3F5800F3FF437AFCB
:10CCE00004484FF49471DDF7FFFA30E701207047F4
:10CCF00000640040D8650508704700BF00283ED09A
:10CD000038B5244A03689342044608D002F580628D
:10CD1000934204D0204840F2D511DDF7E5FA94F8AB
:10CD20002030022B11D0636A43F4801363622046E3
:10CD3000DCF7FEF921680A68002342F400420A6029
:10CD4000636284F82030184638BD2268136843F0C7
:10CD500001031360FFF7ECFD054604E0FFF7E8FD73
:10CD6000401B0A280DD823685A68D207F6D51A68DE
:10CD7000012122F002021A6084F82010D7E7012076
:10CD80007047636A052243F40033636284F820200D
:10CD9000CDE700BF00640040D865050838B590F8BD
:10CDA0002020013A012A06D9426A034642F4802231
:10CDB00001205A6238BD0B68B3F5803F0C4680F005
:10CDC000D4806368B3F5803F80F0C980A368B3F571
:10CDD000803F80F0BE80E368B3F5803F80F0B38091
:10CDE000A369012B04D9644840F25631DDF77CFA7F
:10CDF000E369012B04D9604840F25731DDF774FA3A
:10CE00002369012B04D95C484FF45671DDF76CFAA5
:10CE1000236A012B04D9584840F25931DDF764FAEE
:10CE200063691B2B00F28980606A1B287ED8534BF4
:10CE3000D3F8002201210A43C3F80022D3F80022CC
:10CE400022F47C52C3F80022D3F8002242EA0022E6
:10CE5000C3F80022626902F01F008140D3F81C026F
:10CE600020EA0100C3F81C02E569C843002D44D143
:10CE7000D3F80C520540C3F80C52D200E568A388E1
:10CE800002F1804202F5C84243EA0543C2F840324B
:10CE9000A568238843EA0543C2F84432A369374AA8
:10CEA0002BBBD2F804320340C2F804322369BBB969
:10CEB000324BD3F814221040C3F81402236A012B1A
:10CEC00005D12E4AD2F81C320B43C2F81C322B4A31
:10CED000D2F8003223F001030020C2F8003238BD3E
:10CEE000264AD2F814320B43C2F81432E6E7D2F8DD
:10CEF00004320B43C2F80432D8E7012DCED1D3F867
:10CF00000C520D43C3F80C52D2002568A38802F1DD
:10CF1000804202F5C84243EA0543C2F84032A568A0
:10CF2000A38943EA0543C2F84432B7E7124840F206
:10CF30007531DDF7D9F9606A79E70F484FF45D7113
:10CF4000DDF7D2F970E70C4840F25531DDF7CCF946
:10CF500046E709484FF45571DDF7C6F93BE7064847
:10CF600040F25331DDF7C0F930E7034840F2523167
:10CF7000DDF7BAF925E700BFD86505080064004071
:10CF800038B590F82030012B044605D0436A43F4AD
:10CF900000234362012038BD0268022380F820305C
:10CFA000136823F001031360FFF7C2FC054604E099
:10CFB000FFF7BEFC431B0A2B07D823685B6813F0FE
:10CFC0000103F5D16362184638BD636A052243F454
:10CFD0000033636284F82020DCE700BF38B590F8A6
:10CFE0002030022B044605D0436A43F48013436289
:10CFF000012038BD0268136843F001031360FFF796
:10D0000097FC054604E0FFF793FC431B0A2B0CD862
:10D0100023685A68D207F6D51A68012122F0020265
:10D020001A6084F82010002038BD636A052243F49A
:10D030000033636284F82020DAE700BF90F82020F4
:10D04000013A012A034605D9426A42F480220120AE
:10D050005A6270470268136843F0020300201360AD
:10D06000704700BF82B00023019390F82030013B4D
:10D07000012B17D802680F49136823F002031360CD
:10D0800003E0536813F0020311D0019B01330193B5
:10D09000019B8B42F5D9436A43F40033436201207C
:10D0A00002B07047436A43F480234362F7E71846AF
:10D0B00002B0704740420F0090F82030013B012B36
:10D0C0009DBF03685868C0F340000020704700BF50
:10D0D0002DE9F8439946036890F820609F688B68B3
:10D0E00033F0040305460C469046F6B204D043489C
:10D0F00040F2EA41DDF7F8F8E36833F0020304D0C8
:10D100003E4840F2EB41DDF7EFF82369082B5FD88A
:10D11000A368002B4DD12368B3F5006F5ED2237D49
:10D12000012B04D9354840F2F541DDF7DDF8013E29
:10D13000012E48D817F0E05F06D16B6A43F4001364
:10D140006B620120BDE8F883C7F301670122BA4092
:10D150002B68C9F80020A268002A45D0E1680A437C
:10D16000616842EAC10207F1180109015A5003EB54
:10D1700007122169C2F88411217D01294FEA07179E
:10D1800005D1D2F8841141F48071C2F884113B4476
:10D19000D8F80410C3F88C11D8F80010C3F888111F
:10D1A000D2F8803143F001030020C2F88031BDE89D
:10D1B000F8836368B3F1005FB1D3104840F2F341E4
:10D1C000DDF792F8ABE76B6A43F480236B62B8E754
:10D1D0000A4840F2EC41DDF787F899E7074840F24A
:10D1E000EF41DDF781F89AE7E268216842EA4151B0
:10D1F00007F1180212019950B9E700BFD865050878
:10D2000070B590F82040072905460E46E4B21FD8B5
:10D21000013C012C05D96B6A43F4802301206B6229
:10D2200070BDF10704D52A68936843F080039360CA
:10D23000B20704D52A68936843F4004393607307E8
:10D2400004D52A68936843F400039360002070BDFE
:10D25000024840F24B51DDF747F8D9E7D865050899
:10D2600090F82030013B012B01D900207047036862
:10D2700098689A689B681201C0F3806048BF0130CB
:10D28000DB00F3D50130704770B590F820400729D6
:10D2900006460D46E4B20ED8013C012C01D900200F
:10D2A00070BD33689B6803EA8563B3EB856F14BF79
:10D2B0000120002070BD03484FF4B561DDF714F87C
:10D2C000EAE700BFD865050870B54B1E90F82050FE
:10D2D000012B06460C46EDB201D9042904D1013DCB
:10D2E000012D09D9002070BD094840F2C951013D06
:10D2F000DCF7FAFF012DF5D894FAA4F43368B4FAF8
:10D3000084F4183403EB04135868000C70BD00BF9C
:10D31000D86505082DE9F041044690F82000012960
:10D320000F4690461E46C5B214D8681E01280BD879
:10D330002268C1B9D3689B0718D1636A43F400130C
:10D3400063620120BDE8F081636A43F48023636275
:10D350000120F7E73C4840F2E951DCF7C5FF681EC1
:10D360000128F1D8226813699D07E6D002EB071166
:10D370003B01D1F8B00100F00400C8F80800002813
:10D3800056D0D1F8B001C008C8F80400D1F8B001F7
:10D3900000F00200C8F80C00D1F8B401000756BF35
:10D3A000D1F8B401082000F00F00C8F81000D1F83F
:10D3B000B401D1F8B4111A44C0F30720C8F818001A
:10D3C000090CD2F8B801C8F81410307022681A4459
:10D3D000D2F8B821120A727022681A44D2F8B82121
:10D3E000120CB27022681A44D2F8B821120EF270F0
:10D3F00022681A44D2F8BC21327122681A44D2F849
:10D40000BC21120A727122681A44D2F8BC21120C93
:10D41000B27122681A44D2F8BC311B0EF371226833
:10D4200067B9D36843F02003D3600020BDE8F081E2
:10D43000D1F8B001400DC8F80000A7E7136943F028
:10D4400020031361F1E700BFD865050838B590F8EF
:10D45000203001290546DCB20AD8631E012B01D910
:10D46000002038BD036861B9D86800F0030038BDFA
:10D47000064840F24E61DCF737FF631E012BEFD800
:10D480002B68186900F0030038BD00BFD865050897
:10D4900070B50E4B90F82040994205460E46E4B216
:10D4A0000ED8013C012C05D96B6A43F4802301207E
:10D4B0006B6270BD2A68536933430020536170BDAD
:10D4C000034840F28261DCF70FFFEAE77F8F030039
:10D4D000D865050870B50F4B90F820409942054675
:10D4E0000E46E4B20FD8013C012C05D96B6A43F417
:10D4F000802301206B6270BD2A68536923EA06030A
:10D500000020536170BD044840F2A361DCF7ECFEDB
:10D51000E9E700BF7F8F0300D8650508704700BFAB
:10D52000704700BF704700BF704700BF704700BF23
:10D53000704700BF704700BF704700BF704700BF13
:10D54000704700BF704700BF704700BF704700BF03
:10D550002DE9F04F03685C69D3F804809F68D3F825
:10D560000CB0D3F81090D3F818A014F0010683B0D3
:10D57000054625D0FA0700F191804FF400564FF48C
:10D5800080400021FB0540F19D802B684FF48072A4
:10D590009A60BA0500F191807B0503D43E0540F105
:10D5A000F9800646F9030BD52B684FF480329A6058
:10D5B000BA0300F1D9807B0340F1D18046F40046E4
:10D5C000210702D51BF0100F62D1620702D51BF0B4
:10D5D000080F79D1A30704D52B68DB689F0740F0BB
:10D5E0009380600602D519F0100F4BD1A10602D529
:10D5F00019F0080F6FD1E20603D52B681B699B0752
:10D6000077D1A70302D518F0100F76D1E00302D529
:10D6100018F0080F66D121042FD518F0040F2B68DD
:10D6200029D0E20544BF0AF001021643A70517D529
:10D630001AF0020F14D0600546F0020604F40062EE
:10D640006BD51AF0040F66D192B904225A606B6A46
:10D65000334328466B62FFF779FF03B0BDE8F08FD4
:10D66000610504F4006202D51AF0040F53D112B11F
:10D670001AF0700A56D104225A60002EE7D103B086
:10D68000BDE8F08F2B68102246F480661A61ADE782
:10D690002B68102246F40076DA6096E70122BE0776
:10D6A0009A6035D4790753D43A0770D54FF4405671
:10D6B0004FF4A0404FF4805164E728460191EBF706
:10D6C000EDFF01990E466DE72B680822DA602846C7
:10D6D000FFF732FF7EE72B6808221A612846FFF722
:10D6E0002FFF88E72B6808225A602846FFF72CFF97
:10D6F00091E72846ECF746FA83E72B6810225A6038
:10D700002846FFF71FFF81E72846ECF773F968E723
:10D71000EBF7EEFE31E746F00406002A95D01AF04A
:10D72000700A92D0BAF1400F44D021D8BAF1200F3C
:10D730005BD0BAF1300F4FD0BAF1100F35D19A69E2
:10D74000042122F070029A6146F0080659607EE7D3
:10D750004FF420564FF490404FF4006112E7380325
:10D760001FD546F480362BE72846ECF76DF827E7FF
:10D77000BAF1500F27D0BAF1600F16D19A6904217F
:10D7800022F070029A6146F4807659605FE7FFF7F5
:10D79000CBFEF2E628460191FFF7C8FE01990E463E
:10D7A00000E72846FFF7C4FE0AE79A6922F07002F4
:10D7B0009A6160E79A69042122F070029A6146F04A
:10D7C0004006596043E79A69042122F070029A6189
:10D7D00046F0800659603AE79A69042122F0700207
:10D7E0009A6146F02006596031E79A69042122F0D7
:10D7F00070029A6146F01006596028E790F82030D0
:10D80000591E01290246D8B200D9704713685A68D8
:10D81000920705D41B6813F0020F18BF032070474E
:10D8200004207047406A704790F82020013A012A8E
:10D83000034605D9426A42F4802201205A627047A9
:10D8400000205862704700BFC31E042B10B5044669
:10D850000ED80A49CA6823024FF6FF0003F4E063BA
:10D860000240134343F0BF6343F40033CB6010BD69
:10D8700003489021DCF738FDEBE700BF00ED00E046
:10D88000886605080F2A70B5164605460C4634D83A
:10D890000F2C2DD81B4BDB68C3F30223C3F1070207
:10D8A000042A03F1040128BF0422062917D9D91E2E
:10D8B0004FF0FF338B4026EA03064FF0FF339340CF
:10D8C00024EA03038B4033431B01002DDBB209DB49
:10D8D00005F1604505F5614585F8003370BD00260A
:10D8E0003146EAE7084A05F00F052A44137670BD71
:10D8F0000648A921DCF7F8FCCCE70448A821DCF7AE
:10D90000F3FCC5E700ED00E0FCEC00E088660508EC
:10D91000002808DB064A4109012300F01F0083406C
:10D9200042F8213070470348BC21DCF7DDBC00BF62
:10D9300000E100E08866050800280DDB430908497E
:10D9400000F01F0020330122824041F82320BFF362
:10D950004F8FBFF36F8F70470248CC21DCF7C4BCF8
:10D9600000E100E088660508BFF34F8F0549064BCC
:10D97000CA6802F4E0621343CB60BFF34F8F00BF6D
:10D98000FDE700BF00ED00E00400FA050138B0F14A
:10D99000807F01D30120704710B44FF0E023074C83
:10D9A00058614FF0F00C84F823C000220721104684
:10D9B0009A615DF8044B1961704700BF00ED00E00B
:10D9C000BFF35F8F044B5A6A002122F480325A62FF
:10D9D000C3F89410704700BF00ED00E0064B40F024
:10D9E0000100C3F894005A6A42F480325A62BFF3CD
:10D9F0004F8FBFF36F8F704700ED00E0072810B521
:10DA0000044609D8074BC3F89840D3F8A02042F049
:10DA10000102C3F8A02010BD034840F22B11DCF72F
:10DA200063FCEFE700ED00E088660508072810B505
:10DA3000044609D8074BC3F89840D3F8A02022F039
:10DA40000102C3F8A02010BD034840F23B11DCF7EF
:10DA50004BFCEFE700ED00E08866050810B5437861
:10DA6000072B04466ED82378012B04D93F484FF486
:10DA7000A771DCF739FC237B012B04D93B4840F22A
:10DA80004F11DCF731FCE37A032B02D9053B012B64
:10DA90004AD8A37A022B4FD8637B012B04D9334891
:10DAA0004FF4A971DCF720FCA37B012B04D92F488C
:10DAB00040F25311DCF718FCE37B012B04D92B480F
:10DAC0004FF4AA71DCF710FC637AFF2B47D0217A60
:10DAD0000B1F1B2B3CD8264A6378C2F89830D2F82B
:10DAE000A03023F00103C2F8A0306368C2F89C3074
:10DAF000E37A207B94F80FC01B0643EA007320787A
:10DB00000343A07A43EAC043607B43EA8043A07B9F
:10DB100043EA4043607A43EA0C4343EA002343EA82
:10DB20004103C2F8A03010BD10484FF4A871DCF7D3
:10DB3000DBFBA37A022BAFD90C4840F25111DCF782
:10DB4000D3FBA9E7094840F24D11DCF7CDFB8AE78A
:10DB50004FF4AB710548DCF7C7FB217ABBE70348FC
:10DB600040F25511DCF7C0FBB1E700BF886605083D
:10DB700000ED00E040BF20BF704700BF024BD868F7
:10DB8000C0F30220704700BF00ED00E0F8B50D467D
:10DB900003390429044617461E462BD8002C22DBE5
:10DBA00004F1604404F5614494F80003000905F0B1
:10DBB0000701C1F10704042C01F1040328BF042468
:10DBC000062B0ED903394FF0FF338B4020EA0303B5
:10DBD000C8404FF0FF32A24020EA020038603360B4
:10DBE000F8BD0023F5E7064B04F00F042344187E2C
:10DBF0000009DCE703484FF4CC71DCF775FBCDE797
:10DC0000FCEC00E088660508002809DB43090749A9
:10DC100000F01F0001224033824041F8232070476A
:10DC2000034840F2A711DCF75FBB00BF00E100E052
:10DC300088660508002808B50BDB4309084A40330D
:10DC400000F01F0052F8233023FA00F000F001002A
:10DC500008BD044840F2B911DCF746FB002008BDBE
:10DC600000E100E088660508002809DB4309074950
:10DC700000F01F0001226033824041F823207047EA
:10DC8000034840F2C911DCF72FBB00BF00E100E000
:10DC900088660508002808B50BDB4309084A80336D
:10DCA00000F01F0052F8233023FA00F000F00100CA
:10DCB00008BD04484FF4ED71DCF716FB002008BDE9
:10DCC00000E100E088660508042808B513D030B9E3
:10DCD0004FF0E022136923F00403136108BD0948E3
:10DCE00040F2EB11DCF700FB4FF0E022136923F068
:10DCF00004031361F2E74FF0E022136943F00403D9
:10DD0000136108BD88660508704700BF08B5FFF7B6
:10DD1000FBFF08BD704700BFC8B10E4B02689A42B6
:10DD200010B5044603D00C486821DCF7DDFA6379AE
:10DD300003F0FF021BB101236371002010BD2046D8
:10DD40002271DBF727FA01236371002010BD012047
:10DD5000704700BF0030024038670508704700BFB9
:10DD6000E8B138B502680F4B9A42044603D00E481A
:10DD70008721DCF7B9FA6379022BD8B20ED0236879
:10DD8000022262719A68002542F001029A602046E0
:10DD90001D71DBF719FA65712571284638BD012020
:10DDA000704700BF0030024038670508022310B4F6
:10DDB0008446046843713AB1043901EB820251F898
:10DDC000043F23609142FAD1012320688CF805308A
:10DDD0005DF8044B704700BF10B402230468437120
:10DDE000A36843F001038446A3603AB1043901EB10
:10DDF000820251F8043F23609142FAD10123206846
:10DE00008CF805305DF8044B704700BF40797047CF
:10DE100038B50446FEF78CFD002C00F02181236804
:10DE20009E4A9342054631D0183293422ED0183282
:10DE300093422BD01832934228D01832934225D0E7
:10DE40001832934222D0183293421FD01832934294
:10DE50001CD002F55672934218D01832934215D056
:10DE60001832934212D0183293420FD01832934294
:10DE70000CD01832934209D01832934206D018328F
:10DE8000934203D08648B721DCF72EFA636833F05B
:10DE9000C06306D0B3F1006F03D08148B821DCF72E
:10DEA00023FAA36833F0400240F09A80E36833F429
:10DEB000007303D07A48BA21DCF716FA236933F4E9
:10DEC000806303D07648BB21DCF70EFA636933F434
:10DED000006203D0B3F5805F40F09180A36933F412
:10DEE000005203D0B3F5804F40F09380E36933F0E4
:10DEF000200206D0B3F5807F03D06948BE21DCF74D
:10DF0000F3F9236A33F4403303D06548BF21DCF7CB
:10DF1000EBF9636ADBB1042B05D06148C021DCF763
:10DF2000E3F9636A9BB1A36A032B00F29B80E36A67
:10DF300033F0C07303D05A48C621DCF7D5F9236B00
:10DF400033F4C00303D05648C721DCF7CDF923686A
:10DF50000022022184F8351084F834201A6822F057
:10DF600001021A6005E0FEF7E3FC401B05283FD8DC
:10DF700023681A68D107F6D4D4E90120E168024386
:10DF80000A43D4E90451A0692A430A43E1691D68A0
:10DF900002430A4343492940256A2A430A43616AE6
:10DFA000042940D01A605A6922F007021143D8B2FE
:10DFB0003D4A59611038A2FB005212093B496FF3E8
:10DFC0000903895CE1655F2888BF04333F228A40EA
:10DFD000A36500209A600123606584F8353038BD60
:10DFE000802B3FF463AF2E48B921DCF77DF95DE764
:10DFF00003232022626584F83530184638BD28484E
:10E00000BC21DCF771F9A36933F400523FF46EAF21
:10E0100068E72348BD21DCF767F9E36933F02002A4
:10E020003FF46FAF66E7D4E90B5129431143196000
:10E030005969A26A21F00701114341F00401002D42
:10E04000B5D0A0B1B0F5005F1BD0022A03D9032AD6
:10E05000ADD1EA01ABD540220123626584F83530A9
:10E06000012038BD0E48C521DCF73EF95FE7012AE3
:10E0700003D032F002029AD1EBE7B5F1C07F96D11E
:10E08000E9E7032A93D801A050F822F057E00208EC
:10E0900053E0020857E002087BE0020810600240EB
:10E0A000E86705083F8010F0ABAAAAAA009E050801
:10E0B00000286AD038B590F83530022B0446D8B223
:10E0C00062D02368324A934233D01832934230D020
:10E0D000183293422DD0183293422AD018329342EC
:10E0E00027D01832934224D01832934221D01832CC
:10E0F00093421ED002F5567293421AD018329342C0
:10E1000017D01832934214D01832934211D01832DB
:10E1100093420ED0183293420BD01832934208D05B
:10E120001832934205D01B4840F24711DCF7DCF867
:10E130002368194AD8B21038A2FB0012196821F0DE
:10E14000010119600021196059609960D960196155
:10E1500021215961120911496FF309038D5CE565AD
:10E160005F2888BF04333F210022A940C4E90F2261
:10E17000C4E91122C4E91322A365104699606265BF
:10E1800084F8342084F8352038BD0120704700BF62
:10E1900010600240E8670508ABAAAAAA009E05081D
:10E1A000F8B503F1FF3C1D464FF6FE739C4504464F
:10E1B0000F46164627D894F83430012B09D0012396
:10E1C00084F8343094F83530012B04D0002384F8DF
:10E1D00034300220F8BD022384F835300023636513
:10E1E0002368A1681A68402922F480221A605D60C1
:10E1F0000BBF9E609F60DF60DE601A6842F0010224
:10E2000000201A60F8BD03484FF4CE71DCF76CF8BB
:10E21000D1E700BFE86705082DE9F843D0F858803A
:10E2200004461E46581E4FF6FE739842894617460E
:10E230003CD894F83430012B09D094F835300122C1
:10E24000934284F8342005D0002384F8343002202F
:10E25000BDE8F883022384F835302568E26D002399
:10E2600063652B6823F480232B60A3686E60402BCA
:10E270004FF03F0303FA02F30BBFAF60C5F80890FD
:10E28000C5F80C90EF60C8F808302B68226C43F09A
:10E2900016032B601AB12B6843F008032B602B6820
:10E2A00043F0010300202B60BDE8F883024840F2F0
:10E2B000CB11DCF719F8BCE7E867050870B5044630
:10E2C000866DFEF735FB94F83530022B06D080239F
:10E2D0006365002384F83430012070BD23681A6818
:10E2E00022F016021A605A6922F080025A61226CEA
:10E2F000054642B31A6822F008021A601A6822F032
:10E3000001021A6005E0FEF713FB431B052B10D832
:10E3100023681B6813F00103F5D1E16D3F228A40A9
:10E32000184601210023B26084F8351084F8343097
:10E3300070BD032320226265184684F8353000231F
:10E3400084F8343070BDA26C002AD3D1D6E700BF68
:10E3500090F83530022B03D08023436501207047AD
:10E360000268052380F83530136823F0010300208C
:10E37000136070472DE9F04F044683B016460191B3
:10E38000FEF7D6FA94F83530022B08D0802200230D
:10E39000626584F83430012003B0BDE8F08F236853
:10E3A0001B68DD0558D4019BE16D8346002B57D0D7
:10E3B0004FF0100A0AFA01FAA56D2B681AEA030F4A
:10E3C00038D1701C60D0002E4FD04FF008094FF0AC
:10E3D000010804272BE0FEF7ABFAA0EB0B00864206
:10E3E00046D3E16D2B6809FA01FC13EA0C0F08FA19
:10E3F00001F007FA01F207D0D4F854E04EF0010E14
:10E40000C4F854E0C5F808C0034206D0D4F854C09C
:10E410004CF0020CC4F854C0A860134204D0606DE4
:10E4200040F004006065AA601AEA030F02D1636D30
:10E43000DA07D0D5636D13B1636DDB074CD4019857
:10E44000002845D130238B400122AB6084F8352071
:10E4500084F8340000209FE74FF4807363659AE7E7
:10E460004FF0200A0AFA01FAA6E7636DDA07E1D451
:10E470002021012300220320616584F8342084F8E0
:10E48000353003B0BDE8F08F0827012604208F4007
:10E490008E40884018E02B681F4204D0626D42F025
:10E4A00001026265AF60334204D0626D42F0020245
:10E4B0006265AE60034204D0626D42F004026265A0
:10E4C000A86013EA0A0FB5D1636DDB07B2D4E2E7A7
:10E4D00010238B40AB60BDE72046FFF7EFFEE26DF7
:10E4E0003023934001210022AB6084F8351084F87A
:10E4F000342050E7F0B583B0674A876D1668002373
:10E500000193C36D3D6808229A402A42044603D015
:10E5100001680868400778D401229A402A4203D053
:10E520002168496908066AD404229A402A4203D025
:10E530002168096889075CD410229A402A4203D0D6
:10E5400021680868000741D420229A402A4214D04A
:10E5500021680868C00610D5BA6094F83520052AED
:10E5600063D00B6813F4802F0B687ED0190340F141
:10E570008980E36B0BB120469847636D23B3636DCD
:10E58000DA071AD522684549052384F8353013681F
:10E59000A1FB061623F00103B60A136002E013681C
:10E5A000DB0704D5019B0133B3420193F7D9012264
:10E5B000002384F8352084F83430E36C23B12046FE
:10E5C00003B0BDE8F040184703B0F0BDBA600A6878
:10E5D00012F4802F0A6822D1D20503D40A6822F0EF
:10E5E00008020A60226C002AAED020469047E36DF4
:10E5F000AAE7BA60626D42F0040262659CE7BA6005
:10E60000626D42F0020262658EE7086820F0040045
:10E610000860BA60626D42F0010262657CE7110336
:10E62000E0D5A26C002AE0D18EE70A6822F016023B
:10E630000A604A6922F080024A61226C3AB30A6891
:10E6400022F008020A603F2202FA03F3216DBB6048
:10E650000122002384F8352084F834300029B3D017
:10E66000204603B0BDE8F040084713F4807380D122
:10E670000A6822F010020A60012284F8352084F82A
:10E68000343076E7636C002B7FF475AF75E7A26CCE
:10E69000002AD4D1D7E700BF08000020B5814E1B67
:10E6A000034690F83400012812D093F835C0BCF12D
:10E6B000010F5FFA8CF004D00120002283F834208F
:10E6C00070470529F9D8DFE801F0080A0C0E10059B
:10E6D000022070471A650020EFE7DA63FBE71A644F
:10E6E000F9E75A64F7E79A64F5E7DA64F3E700BFFD
:10E6F00090F83420012A034615D090F835204FF0C9
:10E70000010C624580F834C0D0B204D060460022CB
:10E7100083F8342070470629F9D8DFE801F00F129A
:10E7200015181B1E0600022070470022C3E90F22A5
:10E73000C3E91122C3E913220020E8E70022DA63CB
:10E74000FAE700221A64F7E700225A64F4E700228D
:10E750009A64F1E70022DA64EEE700221A65EBE73B
:10E7600090F83500704700BF406D70472DE9F041CB
:10E7700014461E4602681E4BDDF818809A42074672
:10E780000D4604D01B4841F6B141DBF7ADFD36F034
:10E79000807307D0B6F1007F04D0164841F6B2412D
:10E7A000DBF7A2FD144B984508D0A3F5005328F4DD
:10E7B00080629A4202D0B8F1000F13D138680F4935
:10E7C000426848EA044444EA0603C5F309052B43BA
:10E7D00041EA585123F0004322EA01021343436007
:10E7E000BDE8F081034841F6B341DBF77DFDE5E785
:10E7F000006000409868050800400080FF63FF0348
:10E8000003689A69120440F197802DE9F0410446AB
:10E810000E4610279A6912F010087FD0DF61354646
:10E820009A6912F020087BD1FEF782F8401B192864
:10E8300023683DD89A699006F6D52022DA6148F01F
:10E84000040801259A69D10552D54FF48071550508
:10E85000D96148F0010804D54FF48061D96148F0CE
:10E860000808910504D54FF4007248F00208DA61F7
:10E870009A69950744BF00229A629A69D00703D427
:10E880009A6942F001029A615A682C4802405A6023
:10E89000636C2021002243EA0803636484F841107A
:10E8A00084F84220002384F840300120BDE8F08144
:10E8B000586894F8422099690904D2B20BD54104F2
:10E8C00009D4202A07D05A6842F480425A60FEF7E1
:10E8D0002FF8236805469A699006A1D4FEF728F818
:10E8E000401B19282368F6D99A694FF02008A6E73B
:10E8F0005005B1D49205B6D4002DB9D1FEF718F861
:10E90000801B1928236802D99A6911040BD49A69CB
:10E9100012043FF57FAF0020BDE8F081454691E746
:10E920004FF0000889E7636C20221343636484F886
:10E93000412084F84250B5E70020704700E800FE0F
:10E9400003682DE9F04781460D46904610262027A2
:10E950009C6914F0020468D19A6912F0100C62D01C
:10E960006A1CDE6164D19A699106FCD5DF6144F0CE
:10E97000040C01219A69D00534D54FF480715405F7
:10E98000D9614CF0010C04D54FF48061D9614CF091
:10E99000080C950504D54FF400724CF0020CDA61B6
:10E9A0009A69900744BF00229A629A69D10703D4FA
:10E9B0009A6942F001029A615A683B4802405A60E3
:10E9C000D9F844302021002243EA0C03C9F844302E
:10E9D00089F8411089F84220002389F8403001204D
:10E9E000BDE8F0875005CFD49405D4D40029D7D101
:10E9F0006A1CADD0FDF79CFFA0EB0803AB42D9F831
:10EA0000003001D8002DA2D19A6912F002029ED1E5
:10EA1000D9F8443020210B43C9F8443089F841101B
:10EA200089F84220D8E76146A4E70020BDE8F087D6
:10EA3000C2469A69920699D4FDF77AFFA0EB0A00C4
:10EA4000854200D31DBBD9F80030586899F84220A0
:10EA500099690904D2B20CD541040AD4202A08D0FD
:10EA60005A6842F480425A60FDF762FFD9F80030DC
:10EA700082469A699006DCD4FDF75AFFA0EB0A00A3
:10EA80001928D9F80030F4D99A6920246FE7D9F809
:10EA900000309A6990063FF569AFFDF749FFA0EB9A
:10EAA0000A008542F3D2CEE700E800FE2DE9F047E8
:10EAB000044600680F4616461D464FF010084FF0FA
:10EAC0002009836937EA03030CBF01230023B34203
:10EAD0006CD1836913F0100366D06B1CC0F81C80E6
:10EAE00067D183699A06FCD5C0F81C90002343F0D7
:10EAF00004030121826912F4807F31D04FF48071C8
:10EB0000C161510543F0010304D54FF48061C16137
:10EB100043F00803910504D54FF4007243F002035B
:10EB2000C2618269910744BF002282628269D20772
:10EB300003D4826942F001028261426839490A4085
:10EB40004260626C202500211343636484F84150C5
:10EB500084F84210002384F840300120BDE8F0879B
:10EB600012F4806FD1D19205D6D40029D9D16B1C73
:10EB7000A7D0FDF7DDFE089BC31AAB42206801D881
:10EB8000002D9CD1836937EA03030CBF01230023C6
:10EB9000B34294D1636C20210B430022636484F858
:10EBA000411084F84220D5E71946A3E70020BDE8CC
:10EBB000F087DDF820A083699B0695D4FDF7B8FEA9
:10EBC000A0EB0A00854200D305BB2068416894F899
:10EBD000423082691204DBB20BD54A0409D4202BDF
:10EBE00007D0436843F480434360FDF7A1FE8246AB
:10EBF000206883699906DED4FDF79AFEA0EB0A002F
:10EC000019282068F5D98369202370E72068836973
:10EC100099063FF569AFFDF78BFEA0EB0A00854230
:10EC2000F4D2D2E700E800FE2DE9F8430368044679
:10EC3000986980065FD40D46164610274FF02008CD
:10EC40009A6912F0100C59D06A1CDF6161D19A697F
:10EC50009106FCD5C3F81C804FF0000C4CF0040C5E
:10EC600001219A69D00532D54FF480715505D961DB
:10EC70004CF0010C04D54FF48061D9614CF0080CC4
:10EC8000910504D54FF400724CF0020CDA619A69D8
:10EC9000900744BF00229A629A69D10703D49A6907
:10ECA00042F001029A615A68364802405A60636C29
:10ECB0002021002243EA0C03636484F8411084F8A5
:10ECC0004220002384F840300120BDE8F88350053D
:10ECD000D1D49205D6D40029D9D1FDF729FE801BC5
:10ECE000A842236800D81DB99A6912F0200207D003
:10ECF0009A699206A4D50020BDE8F8836146B0E782
:10ED0000636C20210B43636484F8411084F8422033
:10ED1000D7E7B1469A6992069CD4FDF709FEA0EBAD
:10ED20000900854200D30DBB2368586894F842203F
:10ED300099690904D2B20BD5410409D4202A07D01D
:10ED40005A6842F480425A60FDF7F2FD236881461A
:10ED50009A699006DED4FDF7EBFDA0EB09001928B7
:10ED60002368F5D99A694FF0200C77E723689A69F0
:10ED700090063FF56FAFFDF7DBFDA0EB0900854284
:10ED8000F4D2D1E700E800FE2DE9F8430368044619
:10ED90009869400700F19A800D46164610274FF0FB
:10EDA00020089A6912F0100C6BD06A1CDF6140F0E9
:10EDB00094809A699106FCD5C3F81C804FF0000C32
:10EDC0004CF0040C01219A69D00538D54FF48071BC
:10EDD0005505D9614CF0010C04D54FF48061D9611F
:10EDE0004CF0080C910504D54FF400724CF0020C65
:10EDF000DA619A69950744BF00229A629A69D0073E
:10EE000003D49A6942F001029A615A68504802405C
:10EE10005A60626C0021202042EA0C02626484F88D
:10EE2000401084F8410084F842109B69990623D46D
:10EE3000FDF77EFD23689B690120BDE8F88350053E
:10EE4000CBD49205D0D40029D3D19A6992061AD591
:10EE50009A699A69D0062BD5202010250422DD61FD
:10EE60006264D8615A683A4D2A405A6084F8410079
:10EE700084F8401084F84210FDF75AFD23689B691E
:10EE8000DAE761469FE7FDF753FD801B854215D207
:10EE900021688A6912F004020B4619D1636C84F868
:10EEA000402020200343636484F841008B69C3E75A
:10EEB0006164FDF73DFD801B8542E9D32368194657
:10EEC000002DE6D09A6952077FF56BAF0020B4E7BA
:10EED0008A6951077FF565AFF8E7B1469A699206EE
:10EEE0003FF56AAFFDF724FDA0EB0900854200D392
:10EEF0000DBB2368586894F8422099690904D2B27E
:10EF00000BD5410409D4202A07D05A6842F4804224
:10EF10005A60FDF70DFD236881469A699006DDD49D
:10EF2000FDF706FDA0EB090019282368F5D99A69B9
:10EF30004FF0200C44E723689A6990063FF53CAFF8
:10EF4000FDF7F6FCA0EB09008542F4D2D1E700BF43
:10EF500000E800FE704700BF002800F0B2805A4B66
:10EF600002689A4210B5044604D0584840F2212164
:10EF7000DBF7BAF9A368B3F5806F80F09C80E36893
:10EF8000013B012B00F28C80236933F4004371D1E3
:10EF90006369FF2B76D8A369072B7BD8E36933F429
:10EFA000002304D0494840F22721DBF79DF9236A6A
:10EFB00033F400334DD194F8413003F0FF02002BBD
:10EFC00052D02368242284F841201968626821F015
:10EFD000010122F0706219601A619A68E16822F4F6
:10EFE000004201299A60A26809D042F40442022931
:10EFF0009A6007D15A6842F400625A6006E042F40F
:10F0000000429A605A6822F400625A605968226984
:10F0100041F0007141F4004159606169D8680A43C8
:10F02000A16920F4004042EA0122E169D860206A27
:10F03000DA6001431960196841F00101196000228A
:10F040002023626484F84130226384F84220104611
:10F0500010BD1E484FF40A71DBF746F994F84130B1
:10F0600003F0FF02002BACD184F840202046DAF7F1
:10F0700021F9A6E715484FF40971DBF735F9636903
:10F08000FF2B88D9114840F22521DBF72DF9A36920
:10F09000072B83D90D4840F22621DBF725F97DE7C0
:10F0A0000A4840F22321DBF71FF9236933F40043B8
:10F0B0003FF46EAFDEE7054840F22221DBF714F99A
:10F0C0005DE70120704700BF0060004098680508B8
:10F0D000704700BF00B30368104A934210B504465E
:10F0E00005D00F484FF42571DBF7FEF82368242282
:10F0F00084F841201A6822F0010220461A60DAF7EB
:10F1000023F90023636484F8403084F8413023639A
:10F1100084F84230184610BD01207047006000405E
:10F12000986805082DE9F04F154690F8412083B006
:10F13000202A0C9E40F0A0801F4690F84030012B02
:10F14000044600F09980012380F840308A46FDF79C
:10F15000EFFB834601462046FFF752FB002840F0B4
:10F160008780212384F84130102384F84230606482
:10F170006785628D2368656292B2FF2A60637FD9DA
:10F18000FF2222854FF47F08FE204FF0807715F88C
:10F19000012B9A62628D8F496562013A92B28B426D
:10F1A0002085628505D08C4841F6B141DBF79CF89B
:10F1B00023685968894A1140CAF309020A4342EA9E
:10F1C00008023A4342F400525A60CAF3090A628DB7
:10F1D00092B2002A00F0AD804FF010084FF02009E5
:10F1E0009D6915F0020540F08E809A6912F01002B8
:10F1F00063D0771CC3F81C8040F0F6809A699106B2
:10F20000FCD5C3F81C90996945F00402CD054FF078
:10F21000010056D54FF48070D861480542F00102D4
:10F2200004D54FF48060D86142F008028E0504D501
:10F230004FF4007142F00202D9619969880744BF16
:10F24000002199629969C90703D4996941F00101C4
:10F2500099615968624D29405960636C00202021F2
:10F260001343636484F8400084F8411084F842003A
:10F27000012003B0BDE8F08F022003B0BDE8F08F9D
:10F28000608D80B22085002840F0E480514A93428E
:10F2900005D0514841F6B141DBF726F8236859689B
:10F2A0004E4A1140CAF309020A4342F0007242F486
:10F2B00000525A60CAF3090A89E79969CD051046D8
:10F2C000A8D44F05ADD48D05B2D40028B5D1721C99
:10F2D00086D0FDF72DFBA0EB0B039E42236802D3E3
:10F2E000002E7FF47BAF9A6912F002027FF476AFB2
:10F2F000636C84F8402020210B43636484F8411040
:10F3000084F84220B4E7606A228D10F8011B9962EC
:10F31000618D6062013989B26185618D013A92B275
:10F3200089B2228501B1CAB1628D92B2002A7FF4FE
:10F3300055AF5A4631462046FFF776FC002897D154
:10F340002368274D2021D9615A682A405A6084F8E1
:10F35000411084F8400084F842008AE7CDF800B0FC
:10F36000334680212046FFF7A1FB002880D1628D23
:10F37000236892B2FF2A15D9164AFF2193422185AC
:10F3800005D0154841F6B141DAF7AEFF23685A6857
:10F3900014490A404AEA020242F0FF7242F4803203
:10F3A0005A60C1E7628D92B22285D5B2094A934272
:10F3B00005D0094841F6B141DAF796FF23685A684B
:10F3C00008490A404AEA020242EA054242F0007253
:10F3D0005A60A9E70060004098680508009800FCA2
:10F3E00000E800FE009C00FC5F469A6992063FF52B
:10F3F00008AFFDF79DFAC01B864200D3FEB9236813
:10F40000586894F8422099690904D2B20BD5410496
:10F4100009D4202A07D05A6842F480425A60FDF786
:10F4200087FA236807469A699006DED4FDF780FACA
:10F43000C01B19282368F6D99A692025E3E62368BA
:10F440009A6990063FF5DDAEFDF772FAC01B864261
:10F45000F5D2D4E7013880B200F101085FFA88F8EC
:10F460004FEA08484FF0007791E600BF2DE9F047DA
:10F470000F4690F8411082B020290A9E40F0A180EA
:10F48000984690F84030012B044600F09A804FF0E7
:10F49000010A80F840A09146FDF74AFA0546014668
:10F4A0002046FFF7ADF9002840F08780222384F83A
:10F4B0004130102384F842306064A4F82A80638DC0
:10F4C0002268C4F824909BB2FF2B60637DD8638DC3
:10F4D0009BB223855FFA83F8544B9A4205D0544877
:10F4E00041F6B141DAF700FF22685168514B1940EB
:10F4F000C7F309030B4343EA084343F0007343F4A3
:10F5000010535360C7F30907638D9BB22A463146F7
:10F510002046002B40D0FFF737FC00284DD1226851
:10F52000636A526A1A70638D228D616A013B9BB2D5
:10F530006385638D013A013192B29BB2616222858B
:10F54000002BE1D0002ADFD10095334680212046F0
:10F55000FFF7ACFA002830D1638D22689BB2FF2BF5
:10F560004CD9324BFF219A42218505D0304841F6D3
:10F57000B141DAF7B9FE226853682F490B403B438B
:10F5800043F0FF7343F480335360638D9BB22A468C
:10F5900031462046002BBED1FFF746FB68B92368F1
:10F5A000264D2021D9615A682A405A6084F84110BA
:10F5B00084F8400084F8420000E0012002B0BDE879
:10F5C000F087022002B0BDE8F087184BA4F828A00D
:10F5D0009A4205D0164841F6B141DAF785FE226815
:10F5E0005168144B1940C7F309030B4343F0807370
:10F5F00043F492335360C7F3090785E7638D9BB2E9
:10F6000023855FFA83F8094B9A4205D0084841F6F2
:10F61000B141DAF769FE2268536807490B403B4362
:10F6200043EA084343F0007353606DE70060004015
:10F6300098680508009800FC009C00FC00E800FEAB
:10F640002DE9F041044690F84100202882B040F0B6
:10F65000AE800E46002900F097801746002A00F081
:10F6600093801D4694F84030012B00F0A0800123C8
:10F6700084F840305FFA80F8FDF75AF92168666235
:10F680000022212384F8413084F842806264678537
:10F690004B68626323F400434B60064600902B46A0
:10F6A00008212046FFF702FA00287AD1226A23684F
:10F6B000B2F5003F08D1626A12F8011B99626262DA
:10F6C000628D013A92B262850827DF61E368022BFE
:10F6D0005FD000962B4600224FF480312046FFF782
:10F6E000E5F9A8B15DE0324629462046FFF728F942
:10F6F000002856D1636A226813F8011B9162B4F89E
:10F700002AC063620CF1FF3C1FFA8CFCA4F82AC0EB
:10F71000638D9BB2002BE6D100962B460022102170
:10F720002046FFF7C3F9002848D123689A6991075A
:10F7300048BF98629A69D20703D49A6942F00102DD
:10F740009A611022DA61294632462046FFF76CFAA8
:10F7500038BB23682022DA6100962B4601224FF441
:10F7600000412046FFF7A2F9D8B92268536820214A
:10F7700043F40043536084F8411084F8400084F857
:10F78000420002B0BDE8F0814FF4007363640120D1
:10F79000F7E700962B46002239462046FFF786F908
:10F7A00048B12268536843F400435360EFE70220F6
:10F7B00002B0BDE8F0812368DF618AE7638D626C87
:10F7C000042A9BB2EDD1002BEBD16364C4E700BFE8
:10F7D0002DE9F043044690F84100202883B037D14A
:10F7E0000E4681B3174672B31D4694F84030012B84
:10F7F0002ED04FF0010984F840905FFA80F8FDF7B1
:10F8000097F80022222384F84130216884F842804E
:10F8100062646785638D23854B68666223F40043C9
:10F82000626306464B6000902B4608212046FFF796
:10F830003DF988B12268536843F4004353600120C6
:10F8400003B0BDE8F0834FF4007363640120F7E771
:10F85000022003B0BDE8F08323680821D9614A463D
:10F860002B4600964FF480312046FFF71FF9002801
:10F87000E0D1638D9BB2ABB931E02268636A526A12
:10F880001A70B4F82AC0616A228D0CF1FF3C1FFA8D
:10F890008CFCA4F82AC0638D0131013A9BB26162ED
:10F8A0002285E3B1324629462046FFF76DFA00284B
:10F8B000E3D023685A6842F400425A609A695207BA
:10F8C000C4D5626A5B6A1370638D616A228D013BE5
:10F8D00001319BB2013A616263852285B6E7324607
:10F8E00029462046FFF7A0F90028A3D12368202746
:10F8F000DF6101222B4600964FF400412046FFF7BE
:10F90000D5F8002896D12268536843F40043536029
:10F9100084F8417084F8400084F8420090E700BF0A
:10F920002DE9F041044690F8410020283FD1266897
:10F930000D46B16911F4004139D194F84000012815
:10F9400035D0212784F8417033486262102784F84B
:10F95000427061646385314BE0626363638D9BB287
:10F960000121FF2B84F8401024D8638D9BB223859E
:10F97000002B45D12A4B9E4205D02A4841F6B14181
:10F98000DAF7B2FC26687368274AC5F30905134005
:10F990001D4345F0007545F400557560002084F85E
:10F9A0004000336843F0F2033360BDE8F081022089
:10F9B000BDE8F081FF2323854FF47F08FE234FF03D
:10F9C000807712F8010BB0622385638D144962625F
:10F9D000013B9BB28E42638505D0124841F6B1418E
:10F9E000DAF782FC266872680F49C5F309030A40FA
:10F9F000134343EA08033B4343F400537360CDE7EA
:10FA0000013B9BB203F101085FFA88F84FEA08480E
:10FA10004FF00077D5E700BF0000FFFF8520030807
:10FA20000060004098680508009800FC70B5044626
:10FA300090F84100202841D10D462168886910F4D2
:10FA400000403BD194F84060012E37D0222684F844
:10FA5000416062621026264A84F8426060646385D1
:10FA6000E262638D234A62639BB20122FF2B84F81A
:10FA7000402025D8628D204B92B299422285D6B281
:10FA80002DD041F6B1411D48DAF72EFC21684FF028
:10FA9000007C32044868C5F30903194D284003432C
:10FAA000134343EA0C03002043F410534B6084F8E3
:10FAB00040000B6843F0F4030B6070BD022070BD82
:10FAC0000D4B228599420ED041F6B1410B48DAF731
:10FAD0000BFC21684FF480324FF0807CDAE732046F
:10FAE0004FF0007CD6E74FF480324FF0807CD1E7B6
:10FAF0000000FFFF852003080060004098680508AB
:10FB0000009800FC034690F8410020282CD15FFAB1
:10FB100080FC93F84000012826D0012010B483F81F
:10FB20004000212083F841001C6883F842C0002077
:10FB30005864606820F40040606012485A855A8D0D
:10FB4000D86211485863186A596292B2B0F5003F02
:10FB50001A850BD0002083F84000236843F0FA0395
:10FB600023605DF8044B70470220704711F8010BC9
:10FB7000A062588D5962411E013A89B259851A8591
:10FB8000E8E700BF0000FFFF85300308034690F858
:10FB90004100202821D130B4C5B293F8400001289B
:10FBA0001DD0222083F841001C6883F842500020B9
:10FBB0005864656825F4004565605A855A8D1A8534
:10FBC000084A83F84000DA622268596242F0FC0277
:10FBD00005495963226030BC7047022070470220FB
:10FBE00030BC70470000FFFF85300308F8B50446BD
:10FBF00090F84100202842D12668B76917F40047E1
:10FC00003DD10D4694F84010012938D0212084F8C8
:10FC1000410059496262102084F84200676463859C
:10FC2000E162638D554961639BB20121FF2B84F82A
:10FC3000401026D8638D9BB22385002B7AD1504B80
:10FC40006363504B9E4205D04F4841F6B141DAF70D
:10FC50004BFB266872684D49C5F309030A401343FC
:10FC60003B4343F0007343F400530022736084F875
:10FC70004020336843F0F20333600020F8BD0220D7
:10FC8000F8BD1146FF23238511F8013BB362638D54
:10FC9000A06B6162013B9BB26385FE2323854FF01D
:10FCA0008077002858D0DFF8E8C0C0F83CC006F1E3
:10FCB0002802DFF8E0C0C0F84CC0002606640665E4
:10FCC000FEF7AAFA60B1202384F8413084F842603C
:10FCD000636C84F8406043F0100363640120F8BD56
:10FCE000208D2268274B461C9A42F6B206D0264841
:10FCF00041F6B141DAF7F8FA208D22685168C5F370
:10FD00000903224D29400B4343EA06433B4343F496
:10FD100000535360638D1B1A9BB20021638584F8E6
:10FD20004010136843F090031360136843F480435A
:10FD30001360A2E71146013B11F8012BB262628DFC
:10FD40006162013A9BB292B22385628583B1A06B56
:10FD50004FF000770028A6D1202384F8413084F8A2
:10FD60004200636C84F8400043F080036364B5E7AD
:10FD70004FF4803763E700BF0000FFFF5125030801
:10FD8000852003080060004098680508009800FC82
:10FD90007D28030835280308F8B5044690F841008B
:10FDA000202834D10D462168886910F400402ED1F6
:10FDB00094F84060012E2AD04FF0220C84F841C004
:10FDC000494E62624FF0100C84F842C06064638553
:10FDD000E662608D454B636380B20123FF2884F89F
:10FDE000403016D8638D9BB22385A3B3E06B4FF0F0
:10FDF0000077A0B9202384F8413084F84200636C76
:10FE000084F8400043F0800363640120F8BD0220C1
:10FE1000F8BDE06B23854FF080770028EAD0DFF84B
:10FE2000E0C0C0F83CC00026DFF8D8C0066424312A
:10FE30000665C0F84CC0FEF7EFF958B3202384F8EC
:10FE4000413084F84260636C84F8406043F01003F2
:10FE500063640120F8BD264B264A6263994205D0AF
:10FE600041F6B1412448DAF73FFA21684B68234A4A
:10FE7000C5F3090513401D4345F00075002345F403
:10FE800010554D6084F840300B6843F0F4030B606C
:10FE90000020F8BD2268164B208D9A42C6B206D0CB
:10FEA000154841F6B141DAF71FFA208D22685168F2
:10FEB000C5F30903114D29400B4343EA06433B4375
:10FEC00043F410535360638D1B1A9BB2002163856A
:10FED00084F84010136843F090031360136843F4F0
:10FEE00000431360D4E700BF0000FFFF5125030863
:10FEF000006000408520030898680508009800FC11
:10FF00001D2903083528030838B590F84130202B07
:10FF100054D1044600294CD0002A4AD0D8B294F8D3
:10FF20004030012B4AD0012384F84030212384F84B
:10FF30004130002384F8420063646285638D226A45
:10FF40003148E0629BB231486162B2F5003F2385DF
:10FF500060630BD1226811F8010B9062628D6162BF
:10FF6000013B013A92B29BB262852385628D92B2C7
:10FF7000002A31D0A06B18B3254AC263254AC26457
:10FF800022680025056405652832FEF745F978BB2F
:10FF900023685A6822F400425A6084F840001A68C4
:10FFA00042F0B8021A601A6842F480421A600020D7
:10FFB00038BD4FF400736364012038BD022038BDA2
:10FFC000282384F8413084F84200636C84F84000B0
:10FFD00043F080036364EFE72368596821F400412C
:10FFE000596084F840201A6842F0B8021A60DEE7CF
:10FFF000282384F8413084F84250636C84F84050E0
:020000040803EF
:1000000043F010036364D7E70000FFFFED2E030801
:10001000E11B03083528030890F84130202B41D11B
:1000200070B50446002938D0002A36D0D8B294F8EA
:100030004030012B50D0012384F84030002522238A
:1000400084F8413084F8420065646285638D234AF8
:10005000E06BE2629BB2224A616223856263002800
:100060002ED0204E05640A462168C6631E4E0565E3
:100070002431C664FEF7D0F8B0B923685A6822F478
:1000800000425A6084F840001A6842F0B8021A60D0
:100090001A6842F400421A6070BD4FF40073636442
:1000A000012070BD02207047282384F8413084F875
:1000B0004250636C84F8405043F010036364EFE7F0
:1000C000282384F8413084F84200636C84F84000AF
:1000D00043F080036364E3E7022070BD0000FFFF8C
:1000E000ED2E0308911C0308352803082DE9F0477D
:1000F000984682B0013B012BBDF82CA00C9F044612
:100100000D46914604D9904840F6D611DAF7ECF83E
:1001100094F84130202B40F0BA800A9B002B00F06D
:10012000AF80BAF1000F00F0AB8094F84030012BA3
:1001300000F0AD80012384F84030FCF7F9FB06465F
:1001400001462046FEF75CFB002840F09C800A9B9D
:10015000226863627D4B6063212184F841109A42DA
:100160004FF0400184F842106064A4F82AA05FFABE
:1001700088FA05D0744841F6B141DAF7B5F822683B
:1001800053687349C5F309050B402B4343EA0A43FF
:1001900043F0807343F4005353603946324620469F
:1001A000FEF7CEFB002876D1B8F1010F236876D197
:1001B0005FFA89F29A6200963B460022802120462F
:1001C000FEF774FC002866D1638D22689BB2FF2B7A
:1001D00040F28C805D4BFF219A42218505D05A4820
:1001E00041F6B141DAF780F82268536859490B406B
:1001F0002B4343F0FF7343F48033536004E0638D7B
:100200009BB2002B00F08A80324639462046FEF72A
:1002100097FB002837D1626A236812F8011B9962A4
:10022000638D6262013B9BB2228D6385638D013ACF
:1002300092B29BB22285002BE1D0002ADFD100963A
:100240003B4680212046FEF731FCE0B9638D2268F1
:100250009BB2FF2B32D93D4BFF219A42218505D01D
:10026000394841F6B141DAF73FF822685368394915
:100270000B402B4343F0FF7343F480335360BEE7DE
:100280004FF400736364012002B0BDE8F0870220E0
:1002900002B0BDE8F087002384F84030F3E74FEA6E
:1002A00019229A62394632462046FEF749FB002859
:1002B000F1D122685FFA89F393627CE7638D9BB288
:1002C00023855FFA83F8214B9A4205D01E4841F6F8
:1002D000B141DAF709F8226853681E490B402B43F5
:1002E00043EA084343F00073536088E7638D9BB291
:1002F00023855FFA83F8154B9A4205D0124841F6E0
:10030000B141D9F7F1FF2268536812490B402B43E2
:1003100043EA084343F00073536075E732463946B9
:100320002046FEF781FC0028ADD123680A4D20212C
:10033000D9615A682A405A6084F8411084F8400014
:1003400084F84200A0E700BF9868050800600040FC
:10035000009800FC009C00FC00E800FE2DE9F0473E
:10036000984682B0013B012BBDF82CA00C9F04469F
:100370000D46914604D9914840F65F21D9F7B4FF64
:1003800094F84130202B40F0BB800A9B002B00F0FA
:10039000B080BAF1000F00F0AC8094F84030012B2F
:1003A00000F0AE80012384F84030FCF7C1FA064625
:1003B00001462046FEF724FA002840F09D800A9B63
:1003C000226863627E4B6063222184F841109A4266
:1003D0004FF0400184F842106064A4F82AA05FFA4C
:1003E00088FA05D0754841F6B141D9F77DFF2268FA
:1003F00053687449C5F309050B402B4343EA0A438C
:1004000043F400535360394632462046FEF798FACB
:10041000002879D1B8F1010F236879D15FFA89F208
:100420009A6200963B46002240212046FEF73EFBA2
:10043000002869D1638D22689BB2FF2B40F28F8028
:100440005F4B01219A42218505D05C4841F6B141BC
:10045000D9F74AFF226853685A490B402B4343F0AF
:10046000807343F49233536004E0638D9BB2002B9E
:1004700000F08F8000963B46002204212046FEF7C4
:1004800015FB002838D12268636A526A1A70638D9E
:10049000228D616A013B9BB26385638D013A013114
:1004A00092B29BB261622285002BDED0002ADCD1A1
:1004B00000963B4680212046FEF7F8FAE0B9638DAE
:1004C00022689BB2FF2B32D93D4B01219A422185F4
:1004D00005D03A4841F6B141D9F706FF2268536882
:1004E00039490B402B4343F0807343F4803353600E
:1004F000BBE74FF400736364012002B0BDE8F087EE
:10050000022002B0BDE8F087002384F84030F3E712
:100510004FEA19229A62394632462046FEF710FA0F
:100520000028F1D122685FFA89F3936279E7638D3D
:100530009BB223855FFA83F8214B9A4205D01F486E
:1005400041F6B141D9F7D0FE226853681E490B40ED
:100550002B4343EA084343F00073536085E7638D00
:100560009BB223855FFA83F8154B9A4205D0134856
:1005700041F6B141D9F7B8FE2268536811490B40E2
:100580002B4343EA084343F0007343F41053536092
:1005900070E7324639462046FEF746FB0028ABD1CD
:1005A00023680A4D2021D9615A682A405A6084F88C
:1005B000411084F8400084F842009EE798680508DE
:1005C00000600040009800FC009C00FC00E800FE79
:1005D0002DE9F8430446581E0128BDF824901D4615
:1005E0008846164604D9304840F6E621D9F77CFE05
:1005F00094F84100202853D1089B002B4AD0B9F130
:10060000000F47D02768BB6913F4004348D194F822
:100610004020012A44D025496163012184F840101B
:10062000212184F84110089A2385402184F8421042
:10063000012D63646262F3B21D4AA4F82A9018BFC8
:10064000360AE262C4F84C8006BFBB624FF0FF334B
:10065000BE622365174B9F42EDB205D0124841F6AA
:10066000B141D9F741FE27687B681349C8F30902F5
:100670000B401A4342EA054343F08073002043F4E1
:1006800000537B6084F840003B6843F0F2033B601A
:10069000BDE8F8834FF4007363640120BDE8F8837C
:1006A0000220BDE8F88300BF98680508D129030837
:1006B0000000FFFF00600040009800FC2DE9F041C1
:1006C0000446581E0128BDF81C801D460F461646DC
:1006D00004D92E4840F63E31D9F706FE94F8410081
:1006E00020284FD1069B002B46D0B8F1000F43D0F5
:1006F00021688B6913F4004344D194F84020012A07
:1007000040D023486063012084F84000222084F810
:100710004100069A6262402084F84200012D636421
:100720001C4AA4F82A80F3B2E26218BF360AE764D2
:1007300006BF8B624FF0FF338E622365164B9942E2
:10074000EDB205D041F6B1411048D9F7CDFD216891
:100750004B681248C7F3090203401A4342EA0543B3
:10076000002043F400534B6084F840000B6843F0D2
:10077000F2030B60BDE8F0814FF400736364012065
:10078000BDE8F0810220BDE8F08100BF986805084F
:10079000D12903080000FFFF00600040009800FC22
:1007A0002DE9F0411D46013B012BBDF81C700446AC
:1007B0000E46904604D94A4840F69731D9F794FD41
:1007C00094F84130202B55D1069B002B4BD0002FA5
:1007D00049D021688B6913F400434BD194F8402031
:1007E000012A47D0069A6262212084F841003D4ADE
:1007F000402084F8420063646785E262E664638DAA
:10080000394A62639BB2FF2B96BF638DFF239BB275
:100810000122012D84F8402023855FFA88F02DD035
:100820004FEA18228A622065A06B60B32F4FC7631E
:100830004FF000082E4FC76401F12802C0F8408035
:100840000699C0F85080FDF7E7FC074638B320232F
:1008500084F8413084F84280636C84F8408043F02F
:100860001003636402E04FF40073636401273846A9
:10087000BDE8F08102273846BDE8F0814FF0FF3235
:1008800088622265D0E7202384F8413084F8420052
:10089000636C84F8400043F080036364E6E72268F9
:1008A000144B9A42EDB205D00D4841F6B141D9F74B
:1008B0001BFD226851681048C6F3090301400B4331
:1008C00043EA054343F0807343F40053002153602F
:1008D00084F84010136843F0F2031360C7E700BFC9
:1008E000986805080000FFFFE12203087D2803083F
:1008F0003528030800600040009800FC2DE9F04115
:100900001D46013B012BBDF81C7004460E46904667
:1009100004D9484840F62941D9F7E6FC94F841301B
:10092000202B54D1069B002B4AD0002F48D02168A1
:100930008B6913F400434AD194F84020012A46D031
:10094000069A6262222084F841003B4A402084F8E3
:10095000420063646785E262E664638D374A6263DE
:100960009BB2FF2B96BF638DFF239BB20122012D0B
:1009700084F8402023855FFA88F02CD04FEA1822B3
:100980008A622065E06B58B32D4FC7634FF00008B3
:100990002C4FC764069AC0F840802431C0F85080BC
:1009A000FDF73AFC074638B3202384F8413084F839
:1009B0004280636C84F8408043F01003636402E07B
:1009C0004FF40073636401273846BDE8F0810227C5
:1009D0003846BDE8F0814FF0FF3288622265D1E7EA
:1009E000202384F8413084F84200636C84F840008E
:1009F00043F080036364E6E72268134B9A42EDB24A
:100A000005D00C4841F6B141D9F76EFC2268516817
:100A10000E48C6F3090301400B4343EA054343F480
:100A200000530021536084F84010136843F0F20330
:100A30001360C9E7986805080000FFFFE12203087A
:100A40001D2903083528030800600040009800FCB9
:100A50002DE9F04385B004460020039094F841004E
:100A600020284CD11E46236890469A6912F4004211
:100A700045D194F84000012841D00120C1F3090775
:100A800084F8400047F000792420751C84F8410068
:100A900049F4205962644ED0002E00F09B80E26839
:100AA000012A0ABF47F000724A4642F400525A60D7
:100AB000FBF73EFF21688B698A6903F0200302F08F
:100AC00010021343054609D053E021688B698A69F7
:100AD00003F0200302F0100213434AD1FBF728FF72
:100AE000401B8642F1D2202384F84130636C0022FF
:100AF00043F02003636484F84020012000E00220DA
:100B000005B0BDE8F0839369D8067BD500954FF01A
:100B1000FF33002220212046FDF7C8FF0028ECD13A
:100B200023681022DA612022DA61039A01320392EB
:100B3000039A9045D7D9E268012A0ABF47F00072AC
:100B40004A4642F400525A60FBF7F2FE226893696B
:100B5000916903F0200301F010010B430546D2D147
:100B60009169936901F0200103F010031943F7D054
:100B7000C9E78B69D90645D5009533460022202167
:100B80002046FDF793FF0028B7D123681022DA61D1
:100B90002022DA61039A01320392039A90453FF6CC
:100BA0007EAFA0E79269D2064FF000032AD50090ED
:100BB0001A4620212046FDF779FF102200289CD1FB
:100BC0002368DA612022DA61039A01320392039AE0
:100BD000424588D2E16801294A4604BF47F00072C5
:100BE00042F400525A60FBF7A3FE226893699169B0
:100BF00003F0200301F010010B430546D2D1FBF7AF
:100C000097FE70E700953346002220212046FDF72D
:100C10004DFF00287FF471AF22682023D36184F850
:100C2000413084F840006BE7F0B585B00E460A9D70
:100C300035F08071044610D0B5F1007F0DD0AA2D9B
:100C40000BD0B5F52A4F08D0534840F63A51CDE9BC
:100C50000223D9F749FBDDE9022394F8411020294A
:100C600052D194F8401001294ED0212184F841102E
:100C7000102184F84210002161646385474BE562CE
:100C80006363638D62629BB20121FF2B84F8401085
:100C90000DD9FF2020854FF0807325F0007739466D
:100CA000002F34D0226B112A61D000200AE0608D21
:100CB000E36A80B220850028EFD1226B112A41D04F
:100CC00025F00071E26AAA2A34D0E26AB2F52A4F0E
:100CD00004BF4FF00072E262628D92B2FF2A2FD8F9
:100CE000E36A2F4F01B1208D0097C2B231462046F2
:100CF000FDF73CFD2268002084F84000136843F0B3
:100D0000F203136005B0F0BD022005B0F0BD9446BB
:100D100022681CF8015B9562628DC4F824C0013A18
:100D200092B26285226B451E112A2585DCD0E26ACB
:100D3000AA2ACAD10022E262628D92B2FF2ACFD9DA
:100D4000174FCFE7AA2D04D1E26AAA2A08D0294674
:100D5000BBE7B5F52A4FF7D025F000710746C1E78C
:100D6000E062628D92B2FF2A0ED90D4FBCE7AA2D28
:100D70000DD1E26AAA2A01D00020A6E70022E26291
:100D8000628D92B2FF2AF0D8E36A054FABE7B5F562
:100D90002A4FEED00027A7E79868050885200308AA
:100DA000002000802DE9F04784B00E460C9D35F000
:100DB0008071044610D0B5F1007F0DD0AA2D0BD064
:100DC000B5F52A4F08D0954840F6AD51CDE902233C
:100DD000D9F78AFADDE9022394F84110202940F07E
:100DE000AF8094F84010012900F0AA80212184F8F6
:100DF0004110102184F84210002161646385884B02
:100E0000E5626363638D62629BB20121FF2B84F80C
:100E100040101ED9FF2323854FF0807735F00078EE
:100E200040F09280216812F8010B88626262628D44
:100E3000013A92B26285226B591E9946112A8BB2F1
:100E4000238500F0AB80E26AAA2A11D1C4F82C8075
:100E500015E0638DE76A9BB22385002BDED1226B00
:100E6000112A00F09180E26AAA2A47D04FF00009C7
:100E7000E26AB2F52A4F04BF4FF00072E262628D5F
:100E800092B2FF2A41D9DFF8A881002B42D0A06B93
:100E9000002800F0928022686249C1634FF0000A86
:100EA0006149C1642832616AC0F840A0C0F850A00E
:100EB000FDF7B2F9002858D135F0007300F08980B1
:100EC00094F82820CDF800803B4631462046FDF7B7
:100ED0004DFC638D218D22685B1A9BB200216385D6
:100EE00084F84010136843F090031360136843F4D0
:100EF00080431360002004B0BDE8F087E362628D98
:100F000092B2FF2A6FD84FF00009E76ADFF820811C
:100F1000002BBCD1454B636335F0007343D0CDF853
:100F200000803B46002231462046FDF71FFC226828
:100F3000002384F84030136843F0F2031360D9E7CC
:100F4000022004B0BDE8F087226B112A50D0E26A7B
:100F5000AA2A8BD10022E262628D92B2FF2AD2D9F4
:100F6000DFF8CC804FF0000991E7202384F841306E
:100F700084F842A0636C84F840A043F010036364DB
:100F8000012004B0BDE8F087AA2D3FF46CAFB5F5A1
:100F90002A4F3FF468AF99469846BBE7002B7FF491
:100FA00076AF224B6363CDF800803B465FFA89F24F
:100FB00031462046FDF7DAFBB9E7202384F84130BB
:100FC00084F84200636C84F8400043F0800363645B
:100FD000D6E7CDF800803B465FFA89F231462046DD
:100FE000FDF7C4FB75E7DFF848804FF0000991E793
:100FF000AA2D0BD1E26AAA2A7FF438AF0021E16260
:10100000628D92B2FF2AABD889467EE7B5F52A4FAA
:101010009DD04FF00009C84639E700BF9868050821
:10102000512503087D280308352803088520030877
:10103000002000802DE9F04182B00D46089E36F078
:101040008071044610D0B6F1007F0DD0AA2E0BD0CF
:10105000B6F52A4F08D06A484FF46761CDE90023FE
:10106000D9F742F9DDE9002394F84110202940F036
:10107000948094F84010012900F08F806262614AE8
:101080006263222284F84120102284F84220002248
:1010900062646385E662638D9BB20122FF2B84F854
:1010A00040204CD8B4F82A80E76A22681FFA88F3F7
:1010B0002385236B5FFA88F8122B4FEA084848D043
:1010C000E36AAA2B74D0E36AB3F52A4F04BF4FF04A
:1010D0000073E362638D9BB2FF2B51D84A4BE76AE2
:1010E0009A4250D0464841F6B141D9F7FDF8B7F1E0
:1010F000807F56D0B7F1007F5DD0002F7CD0404874
:10110000424E41F6B241D9F7EFF847F00047226866
:1011100047F41057C5F30903516843EA08033B43FA
:10112000314023F0004300200B43536084F840001B
:10113000136843F0F403136002B0BDE8F081FF23AD
:101140002385236B2268122B4FF47F084FF08077A2
:10115000B6D1AA2EB4D0B6F52A4FB1D02A4B9A42B6
:101160002DD0274841F6B141D9F7BEF8B7F1807FBD
:1011700003D0B7F1007F00D04FBB2268244EC9E7EF
:10118000214B9A42AED1B7F1807F0ED0B7F1007FEC
:1011900023D02FBB1D4E1F4FBCE7022002B0BDE87D
:1011A000F0812268194E1C4FB4E7184E1A4FB1E770
:1011B0000023E3628EE72268144E184FAAE7B7F1C6
:1011C000807FDBD0B7F1007FD8D0002FD6D00C487D
:1011D00041F6B241D9F788F8CFE70C4E0F4F99E7A7
:1011E00007480A4E47F0004741F6B241D9F77CF86C
:1011F00047F4105722688DE72268044E054F89E7AF
:10120000986805088520030800600040009800FCED
:10121000009C00FC00240080002400810024008247
:101220002DE9F04385B00D460C9E36F080710446E2
:1012300010D0B6F1007F0DD0AA2E0BD0B6F52A4FF4
:1012400008D0634840F6C861CDE90223D9F74CF8CD
:10125000DDE9022394F84110202940F0898094F8B8
:101260004010012900F08480222184F841101021CF
:1012700084F84210002161646385564BE662636323
:10128000638D62629BB20121FF2B84F840103DD830
:10129000638DE76A216B9BB2122923853DD0E16AF9
:1012A000AA296CD0E16AB1F52A4F04BF4FF0007152
:1012B000E162618D89B2FF295ED8E76ADFF8248197
:1012C000002B33D0E06B00285CD02168DFF818C118
:1012D000C0F83CC00026DFF814C10664243106655E
:1012E000C0F84CC0FCF798FF8146002856D0202358
:1012F00084F8413084F84260636C84F8406043F0C5
:1013000010036364012005B0BDE8F083216BFF2367
:1013100012294FF080772385C1D1AA2EBFD0B6F510
:101320002A4FBCD04FF00008002BCBD123682A4AAB
:101330002A496163934205D0254841F6B141D8F767
:10134000D3FF23685A682649C5F309050A401543A7
:1013500045F00075002245F410555D6084F840208A
:101360001A6842F0F4021A60002005B0BDE8F0836C
:10137000022005B0BDE8F083DFF86880A0E7002117
:10138000E16296E7202384F8413084F84200636CE0
:1013900084F8400043F080036364B3E7CDF8008035
:1013A00094F828203B4629462046FDF7DFF9638D57
:1013B000218D226884F840905B1A9BB26385136884
:1013C00043F090031360136843F400431360CBE7CA
:1013D000986805085125030800600040852003082F
:1013E000009800FC002400801D290308352803080C
:1013F000F0B51F4637F0807383B004460E460ED01A
:10140000B7F1007F0BD0AA2F09D0B7F52A4F06D02D
:101410003B48019240F66D71D8F766FF019A94F847
:10142000410000F02800282802D0012003B0F0BDC0
:10143000002E37D0002A35D0256894F841302B682B
:1014400023F0FA032B6094F84030012B4ED094F82F
:10145000413001212A2B84F8401027D0292384F819
:101460004130202384F84230002363646B6823F406
:1014700000436B606285638DE762A9692385AB6970
:10148000204A6263DA03666203D50B0744BF082370
:10149000EB61002084F840002B6843F0FA032B60D6
:1014A00003B0F0BD4FF400736364BEE794F84130BD
:1014B00003F02803282B2B6814BF6FF0F4016FF0A2
:1014C00044010B402B602B681904C7D52B68E06BD7
:1014D00023F400432B600028C0D00B4B036501921E
:1014E000FCF736FF019A18B92568B7E702209DE797
:1014F000E06B0192036D98472568019AAEE700BF43
:101500009868050885300308BD1D03082DE9F041E2
:101510001D4635F0807304460F4616460CD0B5F1D3
:10152000007F09D0AA2D07D0B5F52A4F04D067480F
:1015300040F6D271D8F7D8FE94F8413003F0280372
:10154000282B02D00120BDE8F081002F5BD0002EB7
:1015500059D094F84030012B00F0B5802268012367
:1015600084F8403094F84130136823F0FA03136094
:1015700094F841302A2B94F8413048D0292BA06BA5
:10158000D9B263D0292384F841304FF000082023DA
:1015900084F84230C4F8448053684D4923F4004332
:1015A00053606685638D67629BB2E56223856163E4
:1015B00000287BD0474DC563474DC0F84080C0F838
:1015C000508028323946C564FCF726FE002850D1E9
:1015D000628D218D2368521A92B2628599699A6947
:1015E0002085D50303D50A0744BF0822DA6100220B
:1015F00084F840201A6842F480421A601A6842F067
:10160000B8021A609FE74FF4007363649AE703F02F
:101610002803282B136814BF6FF0F4016FF0440106
:101620000B4013601368190421D5E06BF8B11368FF
:1016300023F400431360294B0365FCF789FEA8B12E
:10164000E06B036D98472268A06B9BE713685B040F
:1016500098D5136823F480431360B0B11F4B036522
:10166000FCF776FE10B1A06B036D98472268A06B63
:1016700088E7282384F8413084F84280636C84F83A
:10168000408043F0100363645CE7202384F841103A
:1016900084F842306064536823F4004353606685E5
:1016A000628D0B4B67622285E5626363002228230B
:1016B00084F8413084F84220636C84F8402043F081
:1016C000800363643EE702203DE700BF9868050899
:1016D000ED2E0308E11B030835280308BD1D030890
:1016E000F0B51F4637F0807383B004460E460ED027
:1016F000B7F1007F0BD0AA2F09D0B7F52A4F06D03B
:101700003B48019241F28901D8F7EEFD019A94F825
:10171000410000F02800282802D0012003B0F0BDCD
:10172000002E37D0002A35D0256894F841302B6838
:1017300023F0FC032B6094F84030012B4ED094F83A
:1017400041300121292B84F8401027D02A2384F826
:101750004130202384F84230002363646B6823F413
:1017600000436B606285638DE762A9692385AB697D
:10177000204A6263DA03666203D40B0744BF08237E
:10178000EB61002084F840002B6843F0FC032B60E1
:1017900003B0F0BD4FF400736364BEE794F84130CA
:1017A00003F02803282B2B6814BF6FF0F2016FF0B1
:1017B00042010B402B602B685904C7D52B68A06BE6
:1017C00023F480432B600028C0D00B4B03650192AB
:1017D000FCF7BEFD019A18B92568B7E702209DE71E
:1017E000A06B0192036D98472568019AAEE700BF90
:1017F0009868050885300308BD1D03082DE9F041F0
:101800001D4635F0807304460F4616460CD0B5F1E0
:10181000007F09D0AA2D07D0B5F52A4F04D067481C
:1018200041F2EE01D8F760FD94F8413003F028034F
:10183000282B02D00120BDE8F081002F5BD0002EC4
:1018400059D0216894F841300B6823F0FC030B60F9
:1018500094F84030012B00F0AE8094F84130012222
:10186000292B84F8402094F8413048D02A2BE06B93
:10187000DAB263D02A2384F841304FF000082023E5
:1018800084F84230C4F844804B684D4A23F4004346
:101890004B606685638D67629BB2E56223856263F8
:1018A00000287BD0474DC563474DC0F84080C0F845
:1018B00050803A462431C564FCF7AEFC002850D174
:1018C000628D218D2368521A92B2628599699A6954
:1018D0002085D50303D40A0744BF0822DA61002219
:1018E00084F840201A6842F400421A601A6842F0F4
:1018F000FC021A609FE74FF4007363649AE703F0F9
:101900002803282B0B6814BF6FF0F2026FF042021D
:1019100013400B600B685A0421D5A06BF8B10B681B
:1019200023F480430B60294B0365FCF711FDA8B13C
:10193000A06B036D98472168E06B9BE70B681B0465
:1019400098D50B6823F400430B60B0B11F4B0365BF
:10195000FCF7FEFC10B1E06B036D98472168E06B6B
:1019600088E7282384F8413084F84280636C84F847
:10197000408043F0100363645CE7202384F8412037
:1019800084F8423060644B6823F400434B60668502
:10199000628D0B4B67622285E56263630022282318
:1019A00084F8413084F84220636C84F8402043F08E
:1019B000800363643EE702203DE700BF98680508A6
:1019C000ED2E0308911C030835280308BD1D0308EC
:1019D00090F84130202B01D0022070470268054961
:1019E000282380F841301368416343F0B803002096
:1019F000136070478530030890F84130282B01D0E0
:101A00000220704710B490F8411090F8422004680A
:101A100001F0030100230A432021026380F84110F2
:101A200080F842302268436322F0B80222601846F0
:101A30005DF8044B704700BF38B590F84230102B6A
:101A40003CD190F84030012B044639D090F8413019
:101A50000122212B80F840200D46026844D090F8E6
:101A60004130222B2ED0284B60219A4284F841101D
:101A700005D0264841F6B141D8F736FC22685368B4
:101A80002348C5F30901034019432248636B41F021
:101A9000007141F4A03100258342516084F8405028
:101AA00020D01D498B421DD01C498B4214BF2023DE
:101AB000602311680B430020136038BD012038BD3E
:101AC000022038BD90F84110136801F02801282940
:101AD00014BF6FF0F4016FF044010B40122113604A
:101AE0000163C0E76023E4E790F84110136801F058
:101AF0002801282914BF6FF0F2016FF042010B405A
:101B0000112113600163AEE700600040986805088A
:101B1000009800FC51250308ED2E0308E12203087C
:101B20000268436B9169126803B11847704700BFA0
:101B3000704700BF704700BF704700BF704700BFCD
:101B4000016808B50B68002280F842205A0424D5A9
:101B50000B6823F480430B6090F84130292B26D08A
:101B600090F841302A2B00D008BD2822222380F88B
:101B70004120036390F841300A6803F02803282BC2
:101B800014BF6FF0F4036FF04403134000220B60A6
:101B900080F84020FFF7D2FF08BD1B04DCD50B689E
:101BA00023F400430B6090F84130292BD8D1282230
:101BB000212380F84120036390F841300A6803F044
:101BC0002803282B14BF6FF0F2036FF04203134079
:101BD00000220B6080F84020FFF7AEFF08BD00BF79
:101BE000806B08B5C36A33F0807300D008BD02680B
:101BF000116821F480411160116880F842304B0473
:101C000023D5136823F48043136090F84130292BC7
:101C100025D090F841302A2BE8D12821222380F8C2
:101C20004110036390F84130116803F02803282B1A
:101C300014BF6FF0F4036FF044030B4000211360F6
:101C400080F84010FFF77AFF08BD0B04DDD513685C
:101C500023F40043136090F84130292BD9D1282177
:101C6000212380F84110036390F84130116803F09C
:101C70002803282B14BF6FF0F2036FF042030B40D0
:101C80000021136080F84010FFF756FF08BD00BF29
:101C9000806B08B5C36BC26A1B685B6813B912F529
:101CA000803F00D108BD0268116821F40041116035
:101CB000116880F842304B0425D40B0403D5136817
:101CC00023F40043136090F84130292B20D090F882
:101CD00041302A2BE6D12821222380F841100363CA
:101CE00090F84130116803F02803282B14BF6FF0DF
:101CF000F4036FF044030B400021136080F84010A0
:101D0000FFF71CFF08BD136823F480431360DAE774
:101D10002821212380F84110036390F84130116895
:101D200003F02803282B14BF6FF0F2036FF0420377
:101D30000B400021136080F84010FFF7FDFE08BD46
:101D4000704700BF70B50468C368A169A269A5683F
:101D5000E668120C022B8446C1F3004102F0FE0239
:101D60000FD182EAD51313F00603C5F3090206D199
:101D7000856C01358564856C022D0CD070BD06F034
:101D8000FE02236823F0B803236000238CF8403060
:101D9000FFF7D6FF70BD08258364E56180F8403009
:101DA000FFF7CEFF70BD00BF704700BF704700BF98
:101DB000704700BF704700BF704700BF806B08B519
:101DC000836B0BB100221A65C36B0BB100221A653D
:101DD00090F84130602B4FF0000305D0036380F88A
:101DE0004030FFF7E7FF08BD202280F8412080F84F
:101DF00040300363FFF7E0FF08BD00BF10B50446A5
:101E0000554A94F84130002084F84200E26260852F
:101E1000626C1143A3F128026164022A236894F8DA
:101E2000412062D894F8410002F02802282A00F0EC
:101E3000280018BF6FF0F6011A6808BF6FF046015E
:101E4000282818BF6FF0F6010A40282043491A607D
:101E500084F84100A06B226B616318B1112A14D081
:101E6000212A12D0E06B18B1122A24D0222A22D0C3
:101E700094F84130602B4FF0000363D0236384F863
:101E800040302046FFF796FF10BD1A68510454D425
:101E9000FCF766FC0128EBD0A06B314A02650023F9
:101EA00084F84030FCF754FA0028EDD0A06BBDE870
:101EB0001040036D18471A68120403D51A6822F4FB
:101EC00000421A60FCF74CFC0128D1D0E06B244A98
:101ED0000265002384F84030FCF73AFA0028D3D09A
:101EE000E06BBDE81040036D184794F841201A6874
:101EF00022F0FE021A609A69920748BF98629A69B6
:101F0000D10703D49A6942F001029A6194F8412002
:101F1000602A10D0202284F841209A6992060AD5BE
:101F20009A69D00605D51022DA61626C42F004028B
:101F300062642022DA6100218CE71A6822F4804270
:101F40001A60A5E7202284F8412084F840302363FA
:101F50002046FFF731FF10BD0000FFFF853003086A
:101F6000BD1D030830B50368202283B0DA6190F804
:101F70004120212A90F841204ED0222A35D05A689B
:101F80003E4C002522405A603D4C4563CD06C4625C
:101F900005D51022DA61426C42F00402426490F8E6
:101FA0004120602A31D09A69910744BF00229A6289
:101FB0009A69D20703D49A6942F001029A61436C8C
:101FC00090F84120602A0AD04BB990F84120212A8C
:101FD0003FD090F84120222A2CD003B030BD416C74
:101FE00003B0BDE83040FFF709BF90F841201C68FE
:101FF00002F02802282A14BF6FF0F4026FF04402A6
:10200000224012241A600463B9E74C07CBD55A6A00
:10201000D2B20192019AC6E702F028021C68282A6F
:1020200014BF6FF0F2026FF04202224011241A60D6
:102030000463A4E7202280F84120036390F8422043
:1020400080F84030402A80F8423014D0FFF772FD0B
:10205000C3E7202280F84120036390F8422080F8F3
:102060004030402A80F8423002D0FFF761FDB4E7EB
:10207000FFF79CFEB1E7FFF79BFEAEE700E800FE2E
:102080000000FFFF2DE9F84390F84030012B00F0ED
:10209000CA80012380F84030CB0604460D46164620
:1020A0001AD5D70618D503681022DA61426C42F0BF
:1020B000040242649A69900744BF00229A629A69B6
:1020C000D1077DD5AA0602D5B30600F1A78000206E
:1020D00084F84000BDE8F8836A0717D46F0628D457
:1020E000A8073CD5B2073AD5638D9BB2002BE9D047
:1020F000626A236812F8011B9962638D218D626206
:10210000013B01399BB221856385DBE77307E5D588
:102110002268636A526A1A70626A638D0132013BF7
:102120006262228D9BB26385531E25F004052385D0
:10213000C8E72B0615D47106C4D5638D9BB2002B5E
:1021400067D12268536813F00073BBD1E16A11F5BF
:10215000803F3ED1536843F480435360B2E72F067B
:10216000B0D57006AED5638D22689BB2002B2CD003
:10217000238D53BB5768638D9BB2FF2BC7F30907B1
:1021800069D99369C3F30043002B524B0BBFFF2166
:1021900001214FF47F084FF480389A42218505D001
:1021A0004D4841F6B141D8F79FF8226853684B4932
:1021B0000B403B4343EA080343F08073536081E7DD
:1021C0009A6942F001029A617CE7536813F0007348
:1021D0001FD184F8423094F84110636321294FF0F5
:1021E000200184F8411021D01221216394F841107C
:1021F000106801F02801282914BF6FF0F4016FF076
:10220000440101401160204684F84030FFF792FC01
:1022100058E740212046FFF7F1FD53E729462046C5
:10222000FFF7A0FE53E70220BDE8F88311212163E8
:1022300094F84110106801F02801282914BF6FF0AC
:10224000F2016FF0420101401160204684F84030F5
:10225000FFF76EFC36E7638DE16A9BB211F5803FB4
:10226000238522D05FFA83F91A4BD4F82C809A4246
:1022700004D0194841F6B141D8F736F838F08073E8
:1022800007D0B8F1007F04D0134841F6B241D8F727
:102290002BF8216811484A6848EA09433B4323F078
:1022A0000043024013434B600CE75FFA83F8094B8D
:1022B0009A4205D0084841F6B141D8F715F822688E
:1022C000536806490B4043EA08433B4343F000731D
:1022D0005360F7E60060004098680508009C00FC29
:1022E000F8B590F84030012B00F0E480012304465B
:1022F00080F84030C80629D5D30627D523688B48F7
:102300001022DA61616C626B41F004018242616407
:1023100000F0CE8086498A4200F0CA8085498A4210
:1023200014BF2022602219680A431A609A6997072D
:1023300044BF00229A629A69D60703D49A6942F090
:1023400001029A61002084F84000F8BD8D0742D454
:102350000B064CD557064CD594F84110236801F074
:1023600028011A68282914BF6FF0F2016FF04201AA
:102370000A401A601A6842F090021A60628D92B2A6
:10238000002A00F09980628D92B2FF2A40F2B88054
:102390009A69E56CC2F30042002A674A0BBFFF212D
:1023A00001214FF47F064FF4803693422185ADB270
:1023B00006D041F6B1416148D7F796FF2368218DD9
:1023C0005868C5F309025E4D28400243324342F08B
:1023D00080725A6059E09007BAD52268216D9162E7
:1023E0004FF0FF330020236584F84000ADE74D0631
:1023F00007D48E06A6D59306A4D52046FFF7B2FDD6
:10240000A0E75006F5D594F8412023684D4E196891
:1024100002F02802282A14BF6FF0F2026FF0420285
:102420000A401A601A6842F090021A6094F841104B
:10243000454A222918BF1646628D92B2FF2A40D91A
:102440009A69E56CC2F30042002A3B4A0BBFFF21A8
:1024500001214FF47F074FF4803793422185ADB2BD
:1024600006D041F6B1413548D7F73EFF2368218DAC
:102470005868C5F309023243344D3A4322F0004212
:102480002840024342F080725A60628D521A92B222
:10249000628594F84120222A1A684FF000000CBF90
:1024A00042F4004242F480421A6084F840004CE753
:1024B000602238E70220F8BD40212046FFF79EFC4D
:1024C00040E7618D1C4AE56C89B293422185ADB22B
:1024D000CFB206D041F6B1411848D7F705FF2368BF
:1024E000218DC5F3090242EA07423243174D22F01B
:1024F000004258682840024342F000725A60C4E724
:10250000618D0D4AE56C89B293422185ADB2CEB2A0
:1025100006D041F6B1410948D7F7E6FE2368218D80
:10252000C5F3090242EA0642054DE2E751250308D8
:10253000ED2E0308E12203080060004098680508BA
:10254000009C00FC0024008000200080009800FC1B
:10255000F8B590F84030012B00F09D800123CD06A6
:10256000044680F8403029D5D00627D52368AB48EB
:102570001022DA61616C626B41F004018242616495
:1025800000F08780A6498A4200F08380A5498A42EC
:1025900014BF2022602219680A431A609A699107C1
:1025A00044BF00229A629A69D20703D49A6942F022
:1025B00001029A61002084F84000F8BD0B064AD55C
:1025C00057065ED523681A6822F040021A60628DB1
:1025D00092B2002A61D05E68628D92B2FF2AC6F381
:1025E000090600F28380618DE26A89B212F5803FAC
:1025F000218500F0D8808C4AE56A9342CFB204D09E
:102600008A4841F6B141D7F76FFEB5F1807F4FEAB6
:10261000074705D0B5F1007F02D0002D40F0D380F0
:10262000218D2368586845EA0702814D324322F024
:102630000042284002435A60628D521A92B262856B
:1026400094F84120222A1A680CBF42F4004242F456
:1026500080421A60AEE74D0613D5500611D5638D42
:102660009BB2002B3DD12268536813F00073A1D1B7
:10267000E16A11F5803F5ED1536843F480435360B3
:1026800098E78E0696D5930694D52046FFF76AFC08
:1026900090E760227FE70220F8BD5A6812F00072CE
:1026A0001FD184F8422094F8411021294FF02000D6
:1026B00061D0122184F84100216394F84110186818
:1026C000626301F02801282914BF6FF0F4016FF054
:1026D000440101401960204684F84020FFF72AFA9F
:1026E00068E740212046FFF789FB63E79A6912F407
:1026F000803F4D4A0FD001219342218569D041F698
:10270000B1414A48D7F7F0FD4FF48037218D236857
:102710004FF0807586E7FF21934221855ED041F618
:10272000B1414248D7F7E0FD4FF47F07218D236880
:102730004FF0807576E784F8423094F841102129F3
:102740004FF020004FD0122184F84100216394F80B
:1027500041101068636301F02801282914BF6FF04D
:10276000F4016FF0440101401160204684F84030CC
:10277000FFF7E0F91EE7112184F84100216394F886
:1027800041101868626301F02801282914BF6FF016
:10279000F2016FF0420101401960204684F84020A8
:1027A000FFF7C6F906E7204ACFB293424FEA074740
:1027B00031D041F6B1411D48D7F796FD4FF0007575
:1027C000218D23682EE7194841F6B241D7F78CFDD9
:1027D00026E74FF480374FF0807523E74FF47F07EB
:1027E0004FF080751EE7112184F84100216394F8B1
:1027F00041101068636301F02801282914BF6FF0AD
:10280000F2016FF0420101401160204684F840302F
:10281000FFF78EF9CEE64FF0007503E75125030868
:10282000ED2E0308E12203080060004098680508C7
:10283000009C00FC38B5856BAC6B24B123685C68E8
:10284000B4FA84F46409EB6B8BB11B685B6873B9F1
:10285000FBF78AFF022810D02A68536843F400432C
:10286000284653601021BDE83840FFF7C7BAFBF790
:102870007BFF022801D0002CEED138BD10B5846B4F
:102880002268136823F480431360638D9BB28BB975
:10289000636B1F498B420BD01E498B4208D01E49E7
:1028A0008B4214BF2023602311680B43136010BDBB
:1028B0006023F9E7638D616A208D9BB20144FF2B91
:1028C00061621AD8608D80B2034620852832A06BE1
:1028D000FBF7A2FCB0B9636B0D4A934210D00D4ACE
:1028E00093420DD00C4A9B1AB3FA83F35B099B0108
:1028F00021680A6813430B6010BDFF231846E4E704
:102900004023F5E720461021BDE81040FFF776BAD6
:1029100051250308ED2E0308E122030810B5846B4E
:1029200021680B6823F400430B60638D9BB2A3B94D
:10293000636B244A93420BD0234A934208D0234A24
:10294000934214BF202360230A6813430B6010BD19
:102950000A68602313430B6010BD638D626A208D8B
:102960009BB20244FF2B626205D98B69DB031DD544
:102970000120034602E0608D80B2034620852431A9
:10298000E06BFBF749FCB0B9636B0E4A934210D081
:102990000D4A93420DD00D4A9B1AB3FA83F35B099B
:1029A0009B0121680A6813430B6010BDFF2003469A
:1029B000E4E74023F5E720461021BDE81040FFF78B
:1029C0001DBA00BF51250308ED2E0308E1220308BC
:1029D0002DE9F84390F84030012B00F0D48001231A
:1029E000CF0604460D46164680F840301BD5D0066B
:1029F00019D523681022DA61626C42F00402626425
:102A00009A69910744BF00229A629A69D20740F1FD
:102A1000AB80AA0602D5B30600F1B080002084F88E
:102A20004000BDE8F8836B070ED4A8071FD5B20796
:102A30001DD5236D2268013300F0C880236D936299
:102A40004FF0FF332365E4E77707EED52268636A2A
:102A5000526A1A70626A638D0132013B6262228D92
:102A60009BB26385531E25F004052385D1E72B0611
:102A700031D57706CDD5638D9BB2002B79D0238DD0
:102A8000002B76D1638D22689BB2FF2B40F2AB8086
:102A90009369E76CC3F30043002B614B0BBFFF212D
:102AA00001214FF47F084FF480389A42BFB221854C
:102AB00005D05C4841F6B141D7F716FC2268516851
:102AC0005948C7F3090301400B4343EA080343F0A5
:102AD000807353609DE768069BD5710699D594F87D
:102AE000413022685148116803F02803282B14BF95
:102AF0006FF0F2036FF042030B40136013684C4910
:102B000043F0F403136094F84170638D9BB2222F5D
:102B10000CBF80468846FF2B38D99369E76CC3F316
:102B20000043002B3E4B0BBFFF2101214FF47F09D7
:102B30004FF480399A42BFB2218505D0394841F619
:102B4000B141D7F7D1FB226851683A48C7F309036E
:102B500043EA080343EA090323F0004301400B431F
:102B600043F08073536054E79A6942F001029A611E
:102B70004FE740212046FFF741F94AE72946204622
:102B8000FFF7F0F94AE70220BDE8F883638DE76CB0
:102B90009BB223855FFA83F9214B9A42BFB205D0DD
:102BA000204841F6B141D7F79FFB22685168214880
:102BB000C7F3090343EA094343EA080323F0004348
:102BC00001400B4343F00073536022E7616A238D99
:102BD00011F8010B9062013B2385638D6162013B1B
:102BE0009BB2638515E7638DE76C9BB223855FFA23
:102BF00083F80B4B9A42BFB205D00A4841F6B14167
:102C0000D7F772FB226851680748C7F3090343EA04
:102C1000084301400B4343F000735360F9E600BFE3
:102C20000060004098680508009C00FC00240080BB
:102C300000200080009800FC03689A69196810B4AD
:102C4000D40529D50C0606D4416C11F00B0F1FD109
:102C50005DF8044B7047416C41F0010141644FF451
:102C600080745105DC6121D5416C4FF4806441F0E2
:102C7000080192054164DC61E6D5426C4FF40071B5
:102C800042F002024264D961416C11F00B0FDFD0B7
:102C90005DF8044BFFF7B2B8540502D50906E3D43A
:102CA000D2E79405D0D50906E7D4CDE79205E4D460
:102CB000CAE700BF70B5036804461868E56A94F86F
:102CC00041202026213ADE61092A0ED8DFE802F0F1
:102CD0006F050D0D0D0D0DA26F0594F841201A68BA
:102CE00022F0FC021A60222222635A687D4E42F4CE
:102CF00000425A605A6832405A609A69920744BF4B
:102D000000229A629A69D60703D49A6942F00102B6
:102D10009A61420440F189801A6822F480421A6064
:102D2000A26B1AB11268526892B262854A070AD53C
:102D30005A6A636A1A70636A01336362238D21F0F1
:102D40000401002B5FD1638D9BB21BB1636C43F018
:102D500004036364CE0601D5C00631D4002684F88E
:102D60004260656C6663002D6BD1E36A5E4EB342D0
:102D70000FD194F8413084F84050222B4FF02003BB
:102D800084F841302046256300F08C80FEF7D4FEA5
:102D900070BD2046FEF7D4FE2023E66284F8405042
:102DA00084F8413020462563FEF7FEFF70BD94F89D
:102DB00041201A6822F0FA021A602122226394E765
:102DC000638D22689BB2002B5DD194F841102829B5
:102DD0006BD094F84130292B4FF01003D361BDD153
:102DE00015F5803FBAD09369990744BF00239362D9
:102DF0009369DB0703D4936943F001039361204691
:102E0000FEF79EFEAAE7013B2385638D013B9BB243
:102E1000638598E794F8412094F841201A6822F0DD
:102E2000FE021A60002222635FE706047FF57EAF90
:102E30001A6822F400421A60E26B002A7FF472AF33
:102E400074E7616C2046FEF7D9FF94F84130282BD7
:102E50009ED123682449E1622022266384F8412020
:102E600084F8426094F8412094F841201A6866631F
:102E7000102122F0FE021A602046D96184F84060D9
:102E8000FEF792FF70BD1023D361636C43F004031F
:102E9000636435F080737FF461AF616C2046FEF7A8
:102EA000ADFF5BE7FEF74AFE70BDB5F1007F90D144
:102EB0000D48E0622021236384F8411084F84230F9
:102EC00094F8411094F8411011686363102021F0C8
:102ED000FE011160D061204684F84030FEF764FFA7
:102EE0003CE700BF00E800FE0000FFFF38B590F8A7
:102EF00040C0C56ABCF1010F5AD04FF0010C11F06F
:102F0000200F04460B4680F840C002D012F0200F7C
:102F10002DD1D8061DD5D1061BD5500421682CD53E
:102F2000E06B10B1120400F18C80A26B52B31268F6
:102F300052683ABB94F84120282A45D094F8413091
:102F4000292B4FF01003CB6168D0002084F840009B
:102F500038BD1907F9D51307F7D594F8413003F0B8
:102F60002803282B7CD023680822DA61EDE7FFF7DD
:102F7000A1FE002084F84000EAE710041AD5E26BB5
:102F8000002AD4D11023CB61636C43F00403636443
:102F900094F8413035F08072DBB2D6D1213B092B59
:102FA0000DD8DFE803F00A5A0C0C0C0C0C0C0A5A72
:102FB000022038BD1023CB61C7E721232363616C56
:102FC0002046FEF71BFFC0E7B5F1007FB6D12C48C5
:102FD000E062002220205B072263626384F84100E4
:102FE00084F8422009D5636A4A6A1A70636A228D9E
:102FF00001336362002A37D1216894F8413094F894
:1030000041300B68102023F0FE0300220B60C861E2
:10301000204684F84020FEF7C7FE96E715F5803F6E
:1030200093D08B699D0744BF00238B628B69D807BF
:1030300003D48B6943F001038B612046FEF780FDCA
:1030400083E702685268002A7FF46FAFA26B002A00
:103050003FF470AF126852686CE722232363AEE737
:103060002046FEF76FFE70E7638D2168013B9BB23F
:103070006385636C013A43F0040322856364BCE713
:103080000000FFFF38B590F840C0C56ABCF1010FE1
:103090006CD04FF0010C11F0200F04460B4680F865
:1030A00040C002D012F0200F5AD1D80615D5D10653
:1030B00013D5628D216892B2002A59D194F841004B
:1030C00028287BD094F84130292B4FF01003CB6196
:1030D00060D0002084F8400038BD59070DD419078E
:1030E00029D5100727D594F8413003F02803282B61
:1030F00060D023680822DA61EBE75007EFD5638DD3
:103100009BB26BB12268636A526A1A70638D616AFE
:10311000228D013B0131013A9BB2616222856385B8
:10312000638D9BB2002BD4D115F5803FD1D02046C2
:10313000FEF706FDCDE79907CBD59307C9D5638D7B
:103140009BB21BB3616A236811F8012B9A62638DED
:10315000228D6162013B9BB2013A63852285B8E70B
:10316000FFF7A8FD002084F84000B5E7022038BD35
:103170001023CB61636C43F00403636435F0807308
:10318000A7D1616C2046FEF739FEA2E735F08073C7
:103190009FD1CCE715F5803F9BD08B699D0744BF3D
:1031A00000238B628B69D807C1D48B6943F001037C
:1031B0008B61BCE72046FEF7C5FD8AE7B5F1007FCD
:1031C00080D11948E0625B074FF020002263626300
:1031D00084F8410084F8422008D5636A4A6A1A706C
:1031E000636A228D013363628AB9216894F84130A1
:1031F00094F841300B68102023F0FE0300220B608E
:10320000C861204684F84020FEF7CEFD61E7638D5B
:103210002168013B9BB26385636C013A43F0040370
:1032200022856364E2E700BF0000FFFF90F84100E1
:10323000704700BF90F84200704700BF406C704775
:1032400038B502681A4B9A4204460D4603D0194815
:103250005F21D7F749F835F4805303D01548602132
:10326000D7F742F894F84130202BD9B21DD194F809
:103270004030012B19D02368242284F841201A6899
:1032800022F001021A601A6822F480521A601A6849
:103290002A431A601A68002542F001021A6084F875
:1032A000411084F84050284638BD022038BD00BF88
:1032B000006000404869050838B502681A4B9A4218
:1032C00004460D4603D019488D21D7F70DF80F2D70
:1032D00024D894F84130202B5FFA83FC1CD194F859
:1032E0004030012B18D02368242284F841201A682A
:1032F00022F001021A601A6822F4706242EA052282
:103300001A601A68002142F001021A6084F841C074
:1033100084F84010084638BD022038BD03488E218D
:10332000D6F7E2FFD5E700BF006000404869050816
:1033300010B5830782B0044611D00B4B0B49002215
:1033400001925A6C42F480425A645B6C03F48043ED
:103350000193019BCB6A2343CB6202B010BD0448AA
:10336000D421D6F7C1FFE8E7003802400038014019
:103370004869050810B5830782B0044612D00C4B8B
:103380000C49002201925A6C42F480425A645B6CF0
:1033900003F480430193019BCB6A23EA0403CB62CD
:1033A00002B010BD0448EB21D6F79EFFE7E700BF4F
:1033B0000038024000380140486905082DE9F04F07
:1033C0007C4B984283B006460F461FD003F58063BE
:1033D00098421BD003F58063984217D003F58063B1
:1033E000984213D003F5806398420FD003F58063B1
:1033F00098420BD003F58063984207D003F58063B1
:10340000984203D06C48AC21D6F76EFF3B689AB265
:10341000002A00F0CA80B3F5803F80F0C6807B6848
:10342000B3F5041F0CD000F2BF81B3F5881F07D09D
:1034300000F2E781032B03D9113B012B00F2BE817F
:103440005C4BDFF894B19E424FF0000504D143E19C
:103450000135102D00F0A6803B680124AC4004EA41
:10346000030834EA0303F3D17A6802F003034FEA56
:10347000450A4FF00309591E09FA0AF901296FEAB2
:10348000090940F23281032B22D0B968022900F2E7
:103490003F81F06801FA0AF100EA09000143022BBA
:1034A000F16015D1386910B10D2800F25981EC088E
:1034B00006EB840405F00701D4F820C089004FF022
:1034C0000F0E88400EFA01F12CEA0101014321623E
:1034D000316803FA0AF301EA09010B4312F4403F91
:1034E0003360B5D000230193DBF8443043F48043CC
:1034F000CBF84430DBF8443003F48043019325F0EB
:10350000030303F1804303F59C3305F003040199A1
:103510009868A4000F21A14020EA010027498E42AB
:1035200000F05A8126498E4200F0638125498E427F
:1035300000F0638124498E4200F0688123498E4265
:1035400000F0688122498E420CBF06210721A1406C
:10355000014399601F4B9B68D0026FEA08011D4828
:1035600054BF0B4048EA03038360C36819489402C0
:1035700054BF0B4048EA0303C360436890031548F7
:1035800054BF0B4048EA030343600368D20305F1CC
:103590000105104A54BF0B4048EA0303102D136085
:1035A0007FF45AAF03B0BDE8F08F0348AD21D6F7E2
:1035B0009BFE34E700000240FC690508000402405D
:1035C00000080240000C02400010024000140240BB
:1035D00000180240003C014000380240796801F0C8
:1035E00003034FEA450A4FF003085A1E08FA0AF887
:1035F000012A6FEA080840F29480032B24D0BA68AD
:10360000022A00F2ED80F06802FA0AF208EA0000ED
:103610000243022BF26017D13C69002C40F0AC80D1
:10362000EA08920002F1804202F5003205F007003C
:10363000D2F820C080004FF00F0E84400EFA00F048
:103640002CEA000020431062326803FA0AF302EA0F
:103650000802134311F4403F336039D00023019333
:10366000DBF8443043F48043CBF84430DBF844309B
:1036700003F480430193019B25F0030303F180438E
:1036800003F59C3305F003049A68A4000F20A040C2
:1036900022EA00029A60614BC8029B686FEA090245
:1036A0005BD413405D488C028360C36800F1918055
:1036B00013405A48C3604368880300F18780134071
:1036C0005648CC03436003687DD41340534A1360CB
:1036D0000135102D3FF466AF3B680124AC4004EA8D
:1036E000030934EA0303F3D178E7F96803292BD8F7
:1036F000B06801FA0AF100EA09000143B16070689C
:10370000C2F3001120EA0400A94001437160BAE647
:10371000D1214348D6F7E8FDD7E9012102F00303A0
:10372000B7E6FA68032A36D8B06802FA0AF208EA5D
:1037300000000243B2607068C1F3001220EA040086
:10374000AA400243726058E7C0213548D6F7CCFD45
:103750007A68F96802F00303CAE743EA0903A1E7BC
:103760000F283FF4A4AE2E48DE21D6F7BDFD7A68BF
:10377000386902F003039AE60D2C7FF651AF0F2C47
:103780003FF44EAFDE212648D6F7AEFD79683C699E
:1037900001F0030344E7C0212148D6F7A5FD79686D
:1037A000FA6801F00303BFE7B3F5441F3FF448AEE6
:1037B00023F48013B3F5081F3FF442AE1848AE213E
:1037C000D6F792FD3CE643EA09037FE749EA0303A3
:1037D00076E743EA09036CE70121A1400143B8E61B
:1037E000D1210F48D6F780FDD7E9011201F003037C
:1037F00009E70221A1400143ABE60321A1400143B7
:10380000A7E6B3F5901F3FF41BAED7E70421A14014
:1038100001439EE60521A14001439AE6003C014098
:10382000FC6905082DE9F04F914B984283B004469E
:103830000D4600F0AC8003F5806398421CD003F580
:103840008063984218D003F58063984214D003F542
:103850008063984210D003F5806398420CD003F542
:103860008063984208D003F58063984204D0814871
:103870004FF49771D6F738FD7F4F002301264FF0A4
:103880000F094FF0030A02E00133102B34D006FA7F
:1038900003F232EA050102EA050CF5D123F0030137
:1038A00001F1804103F00300800001F59C3109FA29
:1038B00000F801907148D1F808E0844208EA0E0E41
:1038C0001DD06F48844256D06E48844259D06E480D
:1038D000844200F0C180DFF8B4B15C4500F0C280E2
:1038E000DFF8ACB101985C450CBF4FF0060B4FF010
:1038F000070B0BFA00F005E003B0BDE8F08F01986C
:1039000006FA00F0704513D1386820EA0C003860E0
:10391000786820EA0C007860F86820EA0C00F8600B
:10392000B86820EA0C00B860886820EA080088605F
:10393000216858000AFA00F04FEAD30C21EA00018E
:1039400004EB8C0C216003F00701DCF820E0890017
:1039500009FA01F12EEA0101CCF82010E16821EA10
:103960000001E160616821EA02026260A26822EA65
:103970000002A26088E701984FF0020B0BFA00F0FA
:10398000C0E701984FF0030B0BFA00F0BAE73A4F8B
:10399000002301264FF00F0C4FF0030E02E001331D
:1039A000102BA9D006FA03F205EA0200AA43F6D1C9
:1039B00023F0030202F1804202F59C3203F003017E
:1039C000D2F8089089000CFA01F111EA090F6FEAA8
:1039D00000081DD1D7F8008028EA0008C7F8008049
:1039E000D7F8048028EA0008C7F80480D7F80C80CC
:1039F00028EA0008C7F80C80D7F8088028EA0008F1
:103A0000C7F808806FEA0008906820EA0101916019
:103A1000226859000EFA01F122EA01022260DA0856
:103A2000920002F1804202F5003203F00700D2F862
:103A3000209080000CFA00F029EA00001062E26891
:103A400022EA0102E260626808EA02026260A26899
:103A500022EA0102A260A2E701984FF0040B0BFAE0
:103A600000F04FE701984FF0050B0BFA00F049E723
:103A700000000240FC690508003C014000040240CF
:103A800000080240000C02400010024000140240F6
:103A90000018024038B505460C4629B103691942A1
:103AA00014BF0120002038BD03484FF4BE71D6F783
:103AB0001BFC2B69204638BDFC69050870B506461D
:103AC00015460C4661B1012D03D805B92404B46133
:103AD00070BD06484FF4CF71D6F706FCB46170BDD7
:103AE000024840F29D11D6F7FFFBECE7FC690508A0
:103AF00038B505460C4641B16B6904EA030224EA75
:103B0000030444EA0244AC6138BD03484FF4DB715E
:103B1000D6F7EAFBF0E700BFFC69050830B583B0D3
:103B20004FF48033044601930D4681B1019B2B4332
:103B30000193019BE361E561019BE361E36901930B
:103B4000E06980F48030C0F3004003B030BD03482A
:103B500040F2CF11D6F7C8FBE8E700BFFC690508C3
:103B6000704700BF044A5169014200D1704708B54F
:103B70005061D6F711FB08BD003C014030B504464A
:103B8000481C83B021D1236802E05A69550505D449
:103B90005A699207F9D5002003B030BD1A6842F483
:103BA00000721A6000216FF4806020225861216346
:103BB00084F83D2084F83E10236C43F00403236412
:103BC000002384F83C300120E6E720684569AD0712
:103BD0000346E0D440694005E0D4CDE90012F8F78F
:103BE000A7FE019A0099831A9942206801D30029FF
:103BF000ECD143699B07E9D400232022236384F896
:103C00003D2084F83E30236C13432364D8E700BF83
:103C100030B50446481C83B021D1236802E05A69BC
:103C2000550505D45A691207F9D5002003B030BDF7
:103C30001A6842F400721A6000216FF4806020223A
:103C40005861216384F83D2084F83E10236C43F0D2
:103C500004032364002384F83C300120E6E7206855
:103C600045692D070346E0D440694005E0D4CDE91D
:103C70000012F8F75DFE019A0099831A99422068B4
:103C800001D30029ECD143691B07E9D4002320228A
:103C9000236384F83D2084F83E30236C134323646F
:103CA000D8E700BF2DE9F041056884B006460A9CBC
:103CB0002868984640F48070631C1746286037D106
:103CC0006C69E407FCD501F0FE0129610B9A4FF005
:103CD000FF313046FFF752FF18B1012004B0BDE8B4
:103CE000F081336803905A6903929A690392039AA8
:103CF0005A69100642D45A695105F9D500226FF469
:103D0000806020215861326386F83D1086F83E209D
:103D1000326C42F004023264326C0021042A86F8CC
:103D20003C10DAD11A6842F400721A60D5E75CB12F
:103D30006B69DB0734D40191F8F7FAFD0B9B35680A
:103D40000199C31A9C42F2D26B69D807F0D40022C1
:103D50002023326386F83D3086F83E20336C86F8A7
:103D60003C2043F0200333642B68DA0502D54FF47E
:103D700000733364032004B0BDE8F081B8F1010F93
:103D800008D03A0A1A615A69140603D45A695005D0
:103D9000F9D5B3E7FFB200201F6104B0BDE8F081A0
:103DA00001F0FE0129610B9A21463046FFF7E6FE3D
:103DB000002892D1336803905A6903929A6903925A
:103DC000039A5A69150619D45A69520596D4F8F718
:103DD000AFFD0B9BC31A9C42336801D3002CF0D17A
:103DE0005A6912F08002ECD12021326386F83D102E
:103DF00086F83E20326C0A4332648DE7B8F1010F39
:103E0000C8D03A0A1A615A691206C3D45A695105D0
:103E10003FF574AFF8F78CFD0B9BC31A9C423368D7
:103E200001D3002CEFD15A6912F08002EBD1DBE70D
:103E30002DE9F043056898462B6885B043F480630C
:103E40002B602B68DDF8309043F48073B9F1FF3FAD
:103E5000064617462B603AD16C69E207FCD501F0A3
:103E6000FE03CCB20D9A2B614FF0FF313046FFF7C5
:103E700085FE18B1012005B0BDE8F08303903068DD
:103E80004369039383690393039B4369190667D4CA
:103E900043695A05F9D500236FF4806120224161FE
:103EA000336386F83D2086F83E30336C43F00403DC
:103EB0003364336C0022042B86F83C20DAD103688B
:103EC00043F400730360D5E7B9F1000F0BD06B69C1
:103ED000D8076DD40191F8F72BFD0D9B356801993A
:103EE000C31A9945F0D26B69DB07F0D40022202376
:103EF000326386F83D3086F83E20336C86F83C20ED
:103F000043F0200333642B68DC0525D40320B2E79B
:103F1000036843F4807303604369DB073CD4F8F71C
:103F200007FD0D9BC31A9945306802D3B9F1000F04
:103F3000F2D14369D907EFD400222023326386F8F7
:103F40003D3086F83E20336C86F83C2043F0200359
:103F500033640368DA05D9D54FF400733364D5E7C9
:103F6000B8F1010F08D03B0A03614369190603D475
:103F700043695A05F9D58EE7FFB2076143691A060E
:103F800003D443695B05F9D585E7036843F480737F
:103F900003604369DD07FCD544F0010404610D9A18
:103FA00049463046FFF7EAFD003818BF012062E7B6
:103FB00001F0FE03CCB20D9A2B6149463046FFF763
:103FC000DDFD00287FF456AF03903068436903930A
:103FD00083690393039B43691D061BD443695B05F7
:103FE0003FF559AFF8F7A4FC0D9BC31A994530680B
:103FF00002D3B9F1000FEED1436913F08003EAD187
:104000002022336386F83D2086F83E30336C13431C
:1040100033644EE7B8F1010F17D03B0A03614369DF
:104020001D0612D443695B053FF535AFF8F780FCF8
:104030000D9BC31A9945306802D3B9F1000FEED138
:10404000436913F08003EAD1DAE7FFB207614369FD
:104050001F063FF55DAF436959053FF51CAFF8F703
:1040600067FC0D9BC31A9945306802D3B9F1000F64
:10407000EDD1436913F08003E9D1C1E7704700BF78
:10408000002800F032810368994A934270B50446D3
:104090000CD002F58062934208D002F58062934210
:1040A00004D0944840F2C911D6F71EF96368924AC9
:1040B000013B934200F20181A36833F4804340F056
:1040C000DA80E368B3F5806F80F0DF80236923F442
:1040D0000043B3F5804F04D0864840F2CD11D6F7A7
:1040E00003F96369012B00F2D680A36933F0FE0364
:1040F00040F0DB80E36933F0400304D07D484FF4A7
:10410000E871D6F7F1F8236A33F0800340F0A1801C
:1041100094F83D3003F0FF02002B00F0A6802368E6
:10412000242284F83D201A6822F001021A601A68DD
:1041300042F400421A601A6822F400421A6004F045
:104140005DFE6E4B65689D4251D86D4B984240F2C2
:10415000B2806C4B6A00A3FB0035431EB3FBF2F345
:104160002268516821F03F0141EA95415160116A8E
:104170004FEA954C0CF1010C21F03F0141EA0C0192
:104180001162D16940F6FC70013321F44F410342C2
:1041900021F0FF0140F0978004230B43D361D4E961
:1041A00007301168034321F0C0010B43136091688D
:1041B000D4E9030321F40341034321F0FF010B433E
:1041C0009360D4E90530D168034321F0FF010B432C
:1041D000D3601168002341F00101202011602364A5
:1041E00084F83D00236384F83E30184670BD464B8A
:1041F000984260D92268434B444EA3FB003C431EC7
:10420000506820F03F0040EA9C4050604FEA9C41DB
:104210004FF4967000FB01F1A6FB0161106A890959
:1042200020F03F00013101431162D169A06821F4FF
:104230004F4121F0FF01002848D105EB4505B3FBB4
:10424000F5F30133C3F30B03002B4CD043F40043CD
:10425000A3E7284840F2D111D6F746F894F83D304C
:1042600003F0FF02002B7FF45AAF84F83C20204675
:10427000D5F7D4FC53E71F4840F2CB11D6F734F8FA
:10428000E368B3F5806FFFF421AF1A484FF4E6718D
:10429000D6F72AF81AE717484FF4E771D6F724F84B
:1042A000A36933F0FE033FF425AF124840F2CF116B
:1042B000D6F71AF81EE7012070BD0E484FF4E571DD
:1042C000D6F712F8F8E6C3F30B0366E705EB8505AE
:1042D00005EB8505B3FBF5F30133C3F30B0313B112
:1042E00043F4404359E7012357E70120704700BFDB
:1042F00000540040AC6A05087F1A0600A086010041
:104300007F841E0083DE1B43FF083D00D34D6210F7
:10431000704700BF40B30368144A934210B5044687
:104320000DD002F58062934209D002F5806293427B
:1043300005D00F4840F23921D5F7D6FF2368242253
:1043400084F83D201A6822F0010220461A60D5F751
:10435000A3FD0023236484F83C3084F83D302363BC
:1043600084F83E30184610BD0120704700540040CC
:10437000AC6A05082DE9F047044682B099460A9FC9
:1043800088469246F8F7D4FA94F83D30202B04D0B2
:104390000225284602B0BDE8F08725680646AB69CD
:1043A0009B0717D5F8F7C4FA801B19282568F6D99A
:1043B000AB69DB4313F00203F1D12022236384F8BD
:1043C0003D2084F83E30226C84F83C3042F02002DC
:1043D0002264DDE794F83C30012BD9D0012384F826
:1043E0003C302B68D80765D52B68864A23F40063D8
:1043F0002B60212384F83D30102384F83E300023C5
:104400002364A4F82A90638DE2622385E36AC4F8EA
:1044100024A0082B06D0012B04D0934202D0236B9A
:10442000122B03D12B6843F480732B60791C40F06E
:10443000C1806B69DA07FCD52369B3F5804F3ED1A3
:1044400008F0FE032B61324639462046FFF796FB03
:104450000546002829D1236801905A6901929A697A
:10446000208D0192019A002869D07A1C79D15A696D
:10447000110638D45A695205F9D500226FF48060CC
:1044800020215861226384F83D1084F83E20226C7C
:1044900042F004022264226C0021042A84F83C10B9
:1044A00003D11A6842F400721A600125284602B04E
:1044B000BDE8F0872B6843F001032B6094E74FEAD7
:1044C000E81303F0060343F0F0032B61324639464C
:1044D0002046FFF79DFB0028E7D122685FFA88F3AA
:1044E0001361B0E7208DD4F824C0614611F8012B88
:1044F0001A61628D6162013A92B262855969421E07
:1045000092B2490722850CD55AB19CF801201A6154
:104510000CF102026262628D013A023892B2208589
:104520006285781C2BD15A69510705D45A69520506
:10453000A3D45A695107F9D5208D002897D11A685C
:10454000002142F4007220201A6084F83D0084F8B3
:104550003C1084F83E101CE71FB95A6912F0800223
:104560001ED05A691006BDD45A69520585D4F8F791
:10457000DFF9831B9F422368EFD3EDE767B15A69E8
:1045800051073BD45A6950053FF577AFF8F7D0F99A
:10459000831B9F422368F1D25A6912F00402EED1C4
:1045A0002021226384F83D1084F83E20226C0A43C7
:1045B000226470E76B69D9073FF53EAFF8F7B8F9A9
:1045C000831B9F42256801D3002FF3D16B69DB0762
:1045D000F0D400222023226384F83D3084F83E206A
:1045E000236C84F83C2043F0200323642B68D80517
:1045F0007FF55BAF4FF40073236456E7208D0028EE
:10460000AFD19CE70000FFFF2DE9F043044687B0DF
:1046100098460E9E0F469146F8F78AF994F83D3079
:10462000202B04D00227384607B0BDE8F0830546AA
:10463000206883699B0717D5F8F77AF9401B19287A
:104640002068F6D98369DB4313F00203F1D12022FD
:10465000236384F83D2084F83E30226C84F83C309B
:1046600042F020022264DDE794F83C30012BD9D0DF
:10467000012384F83C300368D90753D503689C4A6A
:1046800023F400630360222384F83D30102384F870
:104690003E3000232364A4F82A80638DE262E26A3C
:1046A00023850368C4F8249043F48063082A0360D8
:1046B00007D0012A05D012F5803F02D0236B112BC1
:1046C00003D1036843F480730360721C40F02081BF
:1046D0004369DB07FCD52369B3F5804F27D147F049
:1046E0000103DBB203612A4631462046FFF746FA52
:1046F0000746002833D1228D2368002A34D1019047
:104700005A6901929A690192019A1A6842F40072F8
:104710001A600023202284F83D2084F83C3084F87D
:104720003E3080E7036843F001030360A6E74FEAE9
:10473000E71808F0060848F0F00303612A463146FE
:104740002046FFF765FA50B92368FFB21F612A4679
:1047500031462046FFF712FA002800F0B380012707
:10476000384607B0BDE8F083012A196800F07C8163
:10477000022A00F0BF8041F48061196004905969F9
:104780000491996904910499032A47D8012A00F0F9
:104790004281022A00F01681711C67D15A695207C2
:1047A000FCD51A68616A22F480621A601B690B707A
:1047B000638D616A228D013B9BB2013A01316385B1
:1047C000731C2285616222686CD153695807FCD53D
:1047D000136843F40073136013690B70638D228DAB
:1047E000606A2168013B9BB263850969531E00F131
:1047F000010C2385C4F824C04170228D638D616A49
:10480000013A013B013192B29BB26162228563851C
:10481000002A3FF47EAF032A2368B7D95A695206AB
:1048200000F1A780002E00F0A0800CE0F8F780F8DF
:10483000401B8642236802D25A69510624D55A6920
:10484000520600F196805A69D006EFD500226FF02B
:10485000100020215861226384F83D1084F83E2026
:10486000236C236484F83C20012779E75A695207B6
:1048700097D4F8F75DF8431B9E42236801D3002EBE
:10488000F4D15A695107F1D400222023226384F81D
:104890003D3084F83E20236C84F83C2043F0200314
:1048A00023645CE753695B0700F1EC80F8F740F89C
:1048B000431B9E42226801D3002EF3D1536959074E
:1048C000F0D4E1E722680590536905939369059355
:1048D000059B1368711C43F48073136040F0D4800F
:1048E0005369DB07FCD548F0F1031361FBE600BF19
:1048F0000000FFFF21F480611960196841F4006134
:1049000019600390596903919969039103993BE7F1
:104910004369DB073FF5DFAEF8F70AF8431B9E4219
:10492000206801D3002EF3D14369D907F0D40022C7
:104930002023226384F83D3084F83E20236C84F8E1
:104940003C2043F0200323640368DA057FF507AFBA
:104950004FF40073236402E7F7F7EAFF23685A690C
:10496000510691D55A69520603D45A69D006F3D537
:104970006CE7626A1B691370638D2168228D606A1F
:10498000013B9BB263854B69013A92B200F1010C85
:104990005B072285C4F824C07FF53AAF032A03D110
:1049A0000B6823F480630B600B694370636A228D8C
:1049B00001336362638D013A013B92B29BB222855F
:1049C000638525E7701C17D15A695107FCD51A6811
:1049D00042F400721A601A69636A1A70638D626A1F
:1049E000013B9BB26385238D013B23852368511CCA
:1049F0001B6961625370D9E75A695007E7D4F7F72A
:104A000097FF431B9E42236801D3002EF4D15A69BD
:104A10005207F1D438E75A69500621D4E6B10CE0C8
:104A2000F7F786FF401BB042236803D95A69520644
:104A30007FF52AAF5A69500612D45A69D1063FF55C
:104A400005AFEDE7F7F774FF23685A6952067FF563
:104A50001BAF5A69500603D45A69D106F2D5F5E660
:104A60001A69636A1A70A1E721F4806119600290E3
:104A700059690291996902910299196841F400718A
:104A8000196081E6616AA3E65369D9073FF52BAF48
:104A9000F7F74EFF431B9E42226801D3002EF3D14D
:104AA0005369DF07F0D400212023216384F83D30CF
:104AB00084F83E10236C84F83C1043F020032364F8
:104AC0001368D8053FF544AF49E600BF2DE9F04330
:104AD000044683B098460E461746F7F729FF94F828
:104AE0003D30202B40F0BF80002E56D0002F54D0F8
:104AF00094F83C30012B00F0B6800123256884F83F
:104B00003C302B688146D80740F1B1802B6823F4F4
:104B100000632B60212384F83D30202384F83E304D
:104B2000002323646785638D23858E4BE3622B68A6
:104B3000666243F48063B8F1FF3F2B6040F09C80D5
:104B40006A69D24312F00202FAD100926B690093B3
:104B5000AB6900932369009AB3F5404F55D0238D7C
:104B6000002B3FD06B691E0619D46B695805F9D527
:104B700000236FF4806120226961236384F83D2063
:104B800084F83E30236C43F004032364002384F84C
:104B90003C302B6823F480632B60012064E0606A62
:104BA000B4F828C001460CF1FF3211F8013B2B612B
:104BB000638D013B9BB263856B69616292B2590759
:104BC00022850DD572B143782B61638DACF1020C57
:104BD000013B1FFA8CF202309BB260626385228532
:104BE000002ABFD16B695905FCD56FF480636B61F6
:104BF0002B68002023F4806320222B6084F83D2062
:104C000084F83C0084F83E002EE06B699A07FCD5DE
:104C1000002301936B690193AB690193238D019A82
:104C2000002B49D0B8F1FF3F9CD06B691F0657D4C9
:104C30006B695B059CD4F7F77BFEA0EB09039845F5
:104C4000256802D3B8F1000FEFD16B6913F0800330
:104C5000EBD12022236384F83D2084F83E30236C7E
:104C60001343236492E7022003B0BDE8F0832B686E
:104C700043F001032B6049E76B69DB4313F0020348
:104C80004FD0F7F755FEA0EB09039845256802D3EE
:104C9000B8F1000FF0D16B699907EDD40022202301
:104CA000226384F83D3084F83E20236C84F83C2055
:104CB00043F02003236470E7B8F1FF3F92D06B69A3
:104CC0005B0592D4F7F734FEA0EB090398452568FD
:104CD00002D3B8F1000FF2D16B695A05EFD4DDE7CA
:104CE000616A208D0B46421E13F8016B2E616362D0
:104CF000638D013B9BB263856B6992B25E0722852F
:104D00000CD5002ADBD04B782B61638D0238013B38
:104D100082B202319BB2616222856385002A84D10E
:104D2000CDE700936B690093AB6900932369009A08
:104D3000B3F5404F11D16B699F073FF569AFF7F7A6
:104D4000F7FDA0EB09039845256802D3B8F1000FE1
:104D5000F1D16B699B07EED4A0E7238D002B7FF484
:104D600064AFACE70000FFFF2DE9F043054683B0D8
:104D70001E4688469146F7F7DBFD95F83D30202B1F
:104D800040F08F80B8F1000F59D0B9F1000F56D024
:104D900095F83C30012B00F0848001232C6885F8C5
:104DA0003C3023680746D80740F18E80236823F4FF
:104DB00000632360222385F83D30202385F83E30B0
:104DC00000232B64A5F82A906B8D2B858B4BEB620F
:104DD0002368C5F8248043F48063711C236040F08D
:104DE000D6806269D24312F00202FAD1009263695E
:104DF0000093A3690093009A2B8D002B34D0636934
:104E00005B061ED46369D8063ED4F7F791FDC01B3C
:104E100086422C68F3D263695906F0D4002320221D
:104E20002B6385F83D2085F83E302B6C13432B64B3
:104E3000002385F83C30236823F48063236001203D
:104E400030E06B6A22691A706A8D696A2C68013ACF
:104E50004B1C92B26B626A852B8D6269013B9BB2DF
:104E600052072B85C9D503BB6369DB0631D463695F
:104E70005A057DD4F7F75CFDC31B9E422C68F3D224
:104E80006369DB06F0D4C9E700236FF0100120222C
:104E900061612B6385F83D2085F83E302B6C2B64D7
:104EA000C6E7022003B0BDE8F08323694B702B8D69
:104EB0006A8D696A2C68013B013A01319BB292B25A
:104EC00069626A852B8598E7236843F001032360B4
:104ED0006CE70023019362690192226842F00102AB
:104EE0002260019A2268202122F480622260184602
:104EF00085F83D1085F83C3085F83E30D2E70093C8
:104F000063690093A36900932B8D009A002B6DD0E9
:104F100056B174E76369DB06B6D4F7F709FD2C6870
:104F200063695F067FF57AAF63695806F2D56B6AED
:104F300022691A706A8D2C682B8D696A013A92B2C7
:104F40006A856269013B9BB2481C56072B856862E3
:104F500049D53BB139E0F7F7EBFC2C686369D9061A
:104F60007FF55CAF6369DA06B3D463695805F2D59F
:104F700000236FF48061202261612B6385F83D205E
:104F800085F83E302B6C43F004032B6450E76369D3
:104F9000DB4313F00203B2D0F7F7CAFCC31B9E42F7
:104FA0002C6801D3002EF2D163699A07EFD4002256
:104FB00020232A6385F83D3085F83E202B6C85F848
:104FC0003C2043F020032B6439E723694B702B8D81
:104FD0006A8D696A2C68013B013A01319BB292B239
:104FE00069622B856A85002B9ED1BBE76369D90670
:104FF0003FF56FAF002EB8D039E700BF0000FFFFCC
:1050000010B582B08446002001909CF83D00202815
:1050100024D12D482D4C0068C008A4FB0040000A94
:1050200000EB800000EB8000019004E0DCF8004021
:10503000A069800715D5019C013C019401980028C6
:10504000F4D12023CCF830008CF83D308CF83E00B1
:10505000DCF8403043F02003CCF84030022002B0AE
:1050600010BD9CF83C000128F8D02068C00703D48C
:10507000206840F00100206020684FF0210E20F4ED
:10508000006020608CF83DE000204FF0100E8CF89E
:105090003EE0CCF82420CCF840000D4AACF82A3091
:1050A000BCF82A308CF83C00CCF82C20CCF844100A
:1050B000ACF82830636843F4E0636360236843F42A
:1050C0008073236002B010BD0800002089B5F81479
:1050D0000000FFFF10B582B08446002001909CF8CC
:1050E0003D00202824D12F482F4C0068C008A4FB85
:1050F0000040000A00EB800000EB8000019004E01B
:10510000DCF80040A069800715D5019C013C0194A2
:1051100001980028F4D12023CCF830008CF83D30E1
:105120008CF83E00DCF8403043F02003CCF84030EF
:10513000022002B010BD9CF83C000128F8D0206885
:10514000C00703D4206840F00100206020684FF0C1
:10515000220E20F4006020608CF83DE000204FF02B
:10516000100E8CF83EE0CCF82420CCF840000F4A1A
:10517000ACF82A30BCF82A308CF83C00CCF82C2053
:10518000CCF84410ACF82830636843F4E063636003
:10519000236843F480632360236843F480732360AF
:1051A00002B010BD0800002089B5F8140000FFFF10
:1051B000034690F83D0020282FD161B35AB393F8ED
:1051C0003C00012829D030B41C682068C00703D4F3
:1051D000206840F001002060206820F4006020601A
:1051E000212083F83D000025202083F83E001D6427
:1051F0005A855A8D1A850A4ADA622268596242F43F
:105200008062226083F83C50636843F4E063284680
:10521000636030BC7047012070470220704700BFB8
:105220000000FFFF034690F83D0020282FD161B316
:105230005AB393F83C00012829D030B41C68206888
:10524000C00703D4206840F001002060206820F4EB
:1052500000602060222083F83D000025202083F894
:105260003E001D645A855A8D1A850A4ADA62226800
:10527000596242F48062226083F83C50636843F4D0
:10528000E0632846636030BC70470120704702200D
:10529000704700BF0000FFFFF0B583B00546002057
:1052A000019095F83D00202822D10E461146494A2A
:1052B0001068494AC008A2FB0020000A00EB8000E9
:1052C00000EB8000019003E02C68A069800712D5F4
:1052D000019C013C019401980028F5D1202328630A
:1052E00085F83D3085F83E002B6C43F020032B649D
:1052F000022003B0F0BD95F83C20012AF8D001222D
:1053000085F83C202268D20703D4226842F00102CB
:105310002260226822F400622260212285F83D206A
:105320000027102285F83E202F646B856B8D2B4A59
:10533000EA629BB269622B856E6423B3686B0028B6
:105340003ED004F11002264CC463264C8764C0E9A9
:1053500010770765C464F8F75FFF18BB2B6885F802
:105360003C005A6842F440725A605A6842F4006243
:105370005A601A6842F480621A601A6842F48072B5
:105380001A600020B5E7226842F480622260226839
:1053900042F48072226085F83C30636843F4E06335
:1053A0006360EEE7202385F83D3085F83E702B6C76
:1053B00043F010032B64002385F83C30012098E76C
:1053C000202385F83D3085F83E002B6C43F08003A8
:1053D0002B64F0E70800002089B5F8140000FFFFF7
:1053E00005730308BD72030870B582B0054600203E
:1053F000019095F83D00202820D14948494C00688B
:10540000C008A4FB0040000A00EB800000EB800015
:10541000019003E02C68A069860712D5019C013C2D
:10542000019401980028F5D12023286385F83D30A8
:1054300085F83E002B6C43F020032B64022002B061
:1054400070BD95F83C000128F8D0012085F83C009B
:105450002068C00703D4206840F001002060206865
:1054600020F400602060222085F83D0000261020F6
:1054700085F83E002E646B856B8D2B48E8629BB2ED
:105480006A622B85696423B3A86B00283ED004F1BF
:105490001001264CC463264C8664C0E9106606657C
:1054A000C464F8F7B9FE18BB2B681A6842F480622E
:1054B0001A601A6842F480721A6085F83C005A68D3
:1054C00042F440725A605A6842F400625A60002006
:1054D000B5E785F83C30636843F4E06363602368B4
:1054E00043F480632360236843F480732360EEE712
:1054F000202385F83D3085F83E602B6C43F0100387
:105500002B64002385F83C30012098E7202385F8A0
:105510003D3085F83E002B6C43F080032B64F0E7B0
:105520000800002089B5F8140000FFFF0573030888
:10553000BD720308F8B590F83D30202B42D1002908
:105540004CD0002A4AD090F83C30012B044639D088
:105550000123076880F83C303B68DB0740D53B6897
:10556000606B23F400633B6020262123002584F830
:105570003D3084F83E6025646285638D214A616216
:105580009BB22385E26200282FD007F110021E4F44
:10559000C7631E4F8564C0E910550565C764F8F7F9
:1055A0003BFE88B923681A6842F480621A6084F866
:1055B0003C005A6842F440725A605A6842F40062F1
:1055C0005A60F8BD0220F8BD84F83D6084F83E5072
:1055D000236C84F83C5043F0100323640120F8BD91
:1055E0003B6843F001033B60B9E7282384F83D3072
:1055F00084F83E00236C84F83C0043F0800323646D
:10560000ECE700BF0000FFFF05730308BD7203084D
:10561000F8B590F83D30202B43D100294DD0002A19
:105620004BD090F83C30012B04463AD00123076858
:1056300080F83C303B68DB0741D53B68A06B23F426
:1056400000633B6020262223002584F83D3084F847
:105650003E6025646285638D214A61629BB2238529
:10566000E262002830D00A4607F110011D4FC763DF
:105670001D4F8564C0E910550565C764F8F7CCFD7A
:1056800088B923681A6842F480621A6084F83C0082
:105690005A6842F440725A605A6842F400625A6092
:1056A000F8BD0220F8BD84F83D6084F83E50236CBC
:1056B00084F83C5043F0100323640120F8BD3B689C
:1056C00043F001033B60B8E7282384F83D3084F8B9
:1056D0003E00236C84F83C0043F080032364ECE735
:1056E0000000FFFF05730308BD7203082DE9F043B6
:1056F00083B01E46BDF82C9004460F469046F7F73F
:1057000017F9012E054601D0102E08D194F83D302E
:10571000202B0DD00226304603B0BDE8F08385482B
:1057200040F6CD11D4F7E0FD94F83D30202BF1D1B7
:10573000206883699A0717D5F7F7FAF8401B1928EC
:105740002068F6D98369DB4313F00203F1D12022EC
:10575000236384F83D2084F83E30226C84F83C308A
:1057600042F020022264D5E794F83C30012BD1D0DE
:10577000012384F83C300368DB076DD533460668A7
:1057800026F4006606600A9860620C98009021205A
:10579000019584F83D00402084F83E0000202064FC
:1057A000A4F82A90608D20856348E062424639461D
:1057B0002046FEF777FA064628BB228D2368002A8A
:1057C00000F0B3800C9A01325ED15A6910061CD4E5
:1057D0005A695105F9D500226FF480602021586183
:1057E000226384F83D1084F83E20226C42F00402CB
:1057F0002264226C0021042A84F83C1003D11A6828
:1058000042F400721A60012685E7656A278D2846F2
:10581000791E10F8012B1A61628D013A92B26285ED
:105820005A69606289B25207218512D531B95A6925
:10583000550744D45A695005F9D5CCE76A781A61FE
:10584000628D023F013AB9B2023592B2656221859A
:1058500062850029B9D1EAE7036843F001030360D8
:105860008CE7606A278D0246791E12F801CBC3F8D7
:1058700010C06262628D013A92B262855A6989B241
:105880005207218528D441B35A691106E9D45A69CF
:105890005005A0D4F7F74CF80C9A431B9A422CD22F
:1058A00023685A6912F08002EED12021226384F825
:1058B0003D1084F83E20226C0A43226499E71A685E
:1058C000002142F4007220201A6084F83D0084F820
:1058D0003C1084F83E101EE799B95A695207EED47D
:1058E0005A6951053FF577AFF7F722F80C9A431B39
:1058F0009A4214D39AB12368EFE7002AD0D02368E4
:10590000C2E742781A61628D023F013AB9B20230B1
:1059100092B26062218562850029B5D1DDE72368F6
:105920005A6912F00402D8D1BFE70C9A0132D4D1DF
:105930007DE700BFAC6A05080000FFFF2DE9F047D6
:1059400086B01F46BDF83CA0109E0446884691468E
:10595000F6F7EEFF012F054601D0102F08D194F87D
:105960003D30202B0DD00227384606B0BDE8F08729
:10597000994840F64821D4F7B7FC94F83D30202BE5
:10598000F1D1206883699B0717D5F6F7D1FF401B3B
:1059900019282068F6D98369DB4313F00203F1D19B
:1059A0002022236384F83D2084F83E30226C84F862
:1059B0003C3042F020022264D5E794F83C30012BC1
:1059C000D1D0012384F83C300368D90761D53B4628
:1059D000076827F4006707600E9860622220CDE90F
:1059E000006584F83D00402084F83E0000202064DB
:1059F000A4F82AA0608D20857848E0624A46414696
:105A00002046FEF715FA074600283DD1228D23686F
:105A1000002A43D102905A6902929A690292029A2C
:105A20001A6842F400721A600023202284F83D2094
:105A300084F83C3084F83E3096E75A69520600F10B
:105A4000CF80002E00F0C3800DE0F6F771FF401B01
:105A50008642236803D25A69510640F181805A690F
:105A6000520600F1BD805A69D006EED500226FF0D3
:105A7000100020215861226384F83D1084F83E20F4
:105A8000236C236484F83C200127384606B0BDE827
:105A9000F087036843F00103036098E7012A00F0F0
:105AA0001981022A7BD00590596905919969059160
:105AB0000599032AC1D8012A00F0E380022A00F0E8
:105AC000B780711C3ED15A695207FCD51A68616AC9
:105AD00022F480621A601B690B70638D616A228DEB
:105AE000013B9BB2013A01316385731C22856162DF
:105AF000226844D153695807FCD5136843F40073F6
:105B0000136013690B70638D228D606A2168013BFD
:105B10009BB263850969531E00F1010C2385C4F80B
:105B200024C04170228D638D616A013A013B0131CD
:105B300092B29BB2616222856385002A3FF474AF02
:105B40002368B6E75A695207C0D4F6F7F1FE431B43
:105B50009E42236801D3002EF4D15A695107F1D433
:105B600000222023226384F83D3084F83E20236CF9
:105B700084F83C2043F020032364012785E7536920
:105B80005B0700F1B680F6F7D3FE431B9E42226806
:105B900001D3002EF3D153695907F0D4E0E7196817
:105BA00021F480611960196841F400611960049062
:105BB000596904919969049104997AE7F6F7B8FE56
:105BC00023685A695106CBD55A69520608D45A69D6
:105BD000D006F3D54AE700BFAC6A05080000FFFF16
:105BE000626A1B691370638D2168228D606A013BB4
:105BF0009BB263854B69013A92B200F1010C5B07DD
:105C00002285C4F824C098D5032A03D10B6823F455
:105C100080630B600B694370636A228D013363629A
:105C2000638D013A013B92B29BB22285638584E782
:105C3000701C17D15A695107FCD51A6842F40072DA
:105C40001A601A69636A1A70638D626A013B9BB2BB
:105C50006385238D013B23852368511C1B69616289
:105C60005370D9E75A695007E7D4F6F761FE431B32
:105C70009E42236801D3002EF4D15A695207F1D411
:105C80006EE75A69500621D4E6B10CE0F6F750FEF3
:105C9000401B8642236803D25A6952067FF560AFE3
:105CA0005A69500612D45A69D1063FF5DFAEEDE7C6
:105CB000F6F73EFE23685A6952067FF551AF5A69DE
:105CC000500603D45A69D106F2D5CFE61A69636A41
:105CD0001A70A1E7196821F480611960039059696D
:105CE0000391996903910399196841F4007119604E
:105CF000DFE6616A01E700BF2DE9F0431E4683B08D
:105D00000023012EBDF82C900193054688461746C6
:105D100001D0102E28D195F83D30202B20D12E4BCC
:105D20002E4A1B68DB08A2FB03231B0A03EB830339
:105D300003EB8303019303E02C68A069820719D564
:105D4000019C013C019401980028F5D1202328638F
:105D500085F83D3085F83E002B6C43F020032B6422
:105D6000022003B0BDE8F0831D4840F64331D4F76C
:105D7000BBFAD0E795F83C30012BF1D02368DB0764
:105D800003D4236843F0010323602368154923F4F7
:105D90000063236021220A9B85F83D206B6240222C
:105DA000002385F83E202B64A5F82A906A8DE962CD
:105DB000C5F84480AF64EE642B652A85226842F4FE
:105DC0008072226085F83C301846636843F4E063D3
:105DD000636003B0BDE8F0830800002089B5F814C3
:105DE000AC6A05080000FFFF2DE9F0431E4683B0B2
:105DF0000023012EBDF82C900193054688461746D6
:105E000001D0102E28D195F83D30202B20D1314BD8
:105E1000314A1B68DB08A2FB03231B0A03EB830345
:105E200003EB8303019303E028688469A20719D573
:105E3000019C013C019401980028F5D1202328639E
:105E400085F83D3085F83E002B6C43F020032B6431
:105E5000022003B0BDE8F083204840F69831D4F723
:105E600043FAD0E795F83C30012BF1D00368DB070B
:105E700003D4036843F0010303600368184923F463
:105E8000006303600A9B6B62222385F83D30002289
:105E9000402385F83E302A64A5F82A906B8DE9628C
:105EA000C5F84480AF64EE642A6501689BB241F492
:105EB00080612B850160016841F48071016085F883
:105EC0003C201BB1436843F4E0634360002003B00F
:105ED000BDE8F0830800002089B5F814AC6A050815
:105EE0000000FFFF2DE9F04784B01E460023BDF8F7
:105EF00034A0029305460F469046F6F719FD012E91
:105F0000814601D0102E27D195F83D30202B1FD18E
:105F10005D4B5E4A1B68DB08A2FB03231B0A03EBF5
:105F2000830303EB8303029303E02A6893699907D1
:105F300018D5029C013C0294029B002BF5D1202233
:105F40002B6385F83D2085F83E302B6C13432B6482
:105F5000022004B0BDE8F0874D4840F6F731D4F791
:105F6000C3F9D1E795F83C30012BF1D0012385F836
:105F70003C301368DB0703D4136843F0010313605C
:105F80001368444923F4006313600C9B6B62212364
:105F900085F83D300024402385F83E302C64A5F878
:105FA0002AA06B8DE9629BB26F642B85C5F848808F
:105FB000EE642C65002B2ED0686B002844D0364947
:105FC000C1633649C164C0E910440C998464046516
:105FD0001032F8F721F9824650BB23200090CDF80B
:105FE00004903346424639462846FDF75BFE0028BA
:105FF00036D12B6803905A6903929A69039285F807
:106000003C00039A5A6842F480725A605A6842F41B
:1060100000625A609DE7202285F83D2085F83E30D9
:106020002A6C85F83C3042F040022A64012090E757
:10603000202385F83D3085F83E402B6C85F83C40A8
:1060400043F010032B64F1E7202385F83D3085F8F9
:106050003E002B6C85F83C0043F080032B64E5E7A1
:10606000686BF8F775F92B68696B1A68C1F83CA082
:1060700022F480621A60A5F82AA01A68A5F828A060
:1060800022F001021A60D1E70800002089B5F81457
:10609000AC6A05080000FFFF05730308BD72030822
:1060A0002DE9F04786B01E46BDF83CA005460F46D8
:1060B0009046F6F73DFC0023012E8146039301D064
:1060C000102E27D195F83D30202B1FD16D4B6E4AF5
:1060D0001B68DB08A2FB03231B0A03EB830303EB10
:1060E0008303039303E029688B699A0718D5039CFF
:1060F000013C0394039B002BF5D120222B6385F8F0
:106100003D2085F83E302B6C13432B64022006B0F3
:10611000BDE8F0875D4840F6AC41D4F7E5F8D1E73B
:1061200095F83C30012BF1D0012385F83C300B6809
:10613000DB0703D40B6843F001030B600B68544A80
:1061400023F400630B600E9B6B62222385F83D30C5
:106150000024402385F83E302C64A5F82AA06B8DDE
:10616000EA629BB26F642B85C5F84880EE642C65AB
:10617000002B37D0A86B00285ED0464AC263464A3F
:10618000C264C0E910440E9A846404651031F8F7C3
:1061900043F88246002842D123200090CDF8049095
:1061A0003346424639462846FDF742FE00284FD185
:1061B0002A8D2B68012A5FD05A6842F480525A60B7
:1061C00000220492596904919969049185F83C2050
:1061D000049A5A6842F480725A605A6842F4006223
:1061E0005A601AE023230093CDF8049033464246C8
:1061F00039462846FDF71CFEE0B92B6805905A6920
:1062000005929A690592059A1A68202142F4007253
:106210001A6085F83D1085F83C00002077E72023C0
:1062200085F83D3085F83E402B6C85F83C4043F0C6
:1062300010032B6401206AE7202385F83D3085F8A0
:106240003E002B6C85F83C0043F080032B64F1E7A3
:10625000A86BF8F77DF82B68A96B1A68C1F83CA009
:1062600022F480621A60A5F82AA01A68A5F828A06E
:1062700022F001021A60DDE71A6822F480621A60D7
:106280009EE700BF0800002089B5F814AC6A050835
:106290000000FFFF05730308BD7203082DE9F047F6
:1062A000044682B01F4689469246F6F741FB94F8B1
:1062B0003D30202B03D0022002B0BDE8F0872368D8
:1062C00005469A69900717D5F6F732FB401B192847
:1062D0002368F6D99A69D24312F00202F1D1202341
:1062E000226384F83D3084F83E20236C84F83C20FF
:1062F00043F020032364DEE794F83C20012ADAD03F
:10630000012284F83C201A68D10740F197801A686E
:106310006D4922F400621A602420002284F83D00B6
:1063200009F0FE0922649046E162A0261A6842F450
:1063300080721A607A1C6ED15A69D507FCD5C3F8F1
:106340001090F6F7F5FA236805465A69596994F8EA
:106350003D00A02802F0020201F4806118D00A4337
:1063600016D1002F43D001E00A4311D1F6F7E0FA2D
:10637000401BB842236888BF84F83D6059695A6958
:1063800094F83D00A02801F0020102F48062EBD1F4
:10639000202284F83D205A6912F0020F1A6867D152
:1063A0006FF4806142F400721A6059619A69920731
:1063B0003BD5F6F7BDFA401B19282368F6D99A6930
:1063C000D24312F00202F1D12023226384F83D303F
:1063D00084F83E20236C43F0200323640023012033
:1063E00084F83C3002B0BDE8F0870A43D0D1F6F71C
:1063F0009FFA236884F83D605A69596994F83D0012
:10640000A02802F0020201F48061EED1C0E717B9C2
:106410005A69D00717D55A69D20790D4F6F788FA87
:10642000431B9F422368F3D3F1E708F10108D045ED
:10643000FFF47CAF202384F83D30CFE71A6842F0A8
:1064400001021A6063E700212022216384F83D20C5
:1064500084F83E10226C84F83C1042F02002226442
:106460001B68D90502D54FF400732364032023E78A
:1064700042F4007200211A6001915A6901929A69EE
:106480000192019A9B6998070DD5F6F751FA401BC6
:106490001928226804D99369DB4313F0020309D059
:1064A00093699907F1D40020202384F83D3084F8C3
:1064B0003C0001E72022236384F83D2084F83E302D
:1064C000236C1343236489E70000FFFF2DE9F047A5
:1064D00082B099460A9F0023202F009305468846E4
:1064E000924601936ED8032F3FD9424B3A1FD340B7
:1064F000D8073DD595F83D30202B5FD12E68336805
:1065000099053BD4082F39D0012F37D095F83C306E
:10651000012B53D03368DB0760D5336823F4006365
:106520003360212385F83D30102385F83E30002369
:106530002B64A5F82A906A8DEF62C5F844802B6B16
:106540000093009BC5F824A0112B2A854BD03368FB
:1065500043F480733360002085F83C00736843F493
:10656000E063736002B0BDE8F0877B1E012BC1D9E8
:10657000214840F6F651D3F7B7FEBBE71F4B204A40
:106580001B68DB08A2FB03231B0A03EB830303EB5B
:106590008303019302E0B0698207B7D5019C013CF7
:1065A0000194019C002CF6D120232C6385F83D300A
:1065B00085F83E402B6C43F020032B64022002B090
:1065C000BDE8F087B7F52A0F94D0B7F12A4F91D0E4
:1065D000094840F6F651D3F787FE8BE7336843F05E
:1065E0000103336099E7B7F52A0FB0D0B7F12A4F0E
:1065F000B1D1ACE711100010AC6A0508080000200A
:1066000089B5F8142DE9F04782B09A460A9F002315
:10661000202F0093054689469046019300F29B8007
:10662000032F6BD9754B3A1FD340DE0769D595F818
:106630003D30202B40F08B802E6833689C0566D45B
:10664000082F64D0012F62D095F83C30012B7ED00A
:10665000012385F83C303368D90740F18A803368DC
:1066600023F400633360212385F83D300024102398
:1066700085F83E302C64A5F82AA06B8DEF62C5F832
:1066800044902A6BC5F824809BB22B850092002B86
:1066900000F08280686B002870D006F11002584E1E
:1066A000C663584E046404654146C664F7F7B4FDFA
:1066B000002840F084802B681A6842F480621A60D7
:1066C000009A112A00F08C801A6842F480721A60D5
:1066D000043F00221C2F85F83C2007D84A4AFA4084
:1066E000D20703D55A6842F400625A605A6842F4ED
:1066F00040725A60002002B0BDE8F0877B1E012B7B
:1067000095D9424840F65661D3F7EEFD8FE7404BEE
:10671000404A1B68DB08A2FB03231B0A03EB83032D
:1067200003EB8303019302E0B06980078CD5019CE1
:10673000013C019401980028F6D12023286385F8B4
:106740003D3085F83E002B6C43F020032B64022083
:1067500002B0BDE8F087B7F52A0F3FF468AFB7F194
:106760002A4F3FF464AF294840F65661D3F7BCFD89
:106770005DE7336843F00103336070E7202385F859
:106780003D3085F83E002B6C43F080032B640023E2
:1067900085F83C300120DBE7336843F480633360E5
:1067A000009B112B15D0336843F4807333600023B2
:1067B00085F83C30736843F4E06373609AE7202304
:1067C00085F83D3085F83E402B6C43F010032B6478
:1067D000DDE7B7F52A0FE6D0B7F12A4FE7D1E2E7B8
:1067E000B7F52A0F03D0B7F12A4F7FF471AF1A68BB
:1067F00042F480721A6085F83C0077E711100010AF
:1068000005730308BD72030801100010AC6A050887
:106810000800002089B5F8142DE9F04782B09946A8
:106820000A9F0023202F0093054688469246019335
:106830007AD8032F4BD9574B3A1FD340D80749D5A5
:1068400095F83D30202B6BD12E683368990547D4DD
:10685000082F45D0012F43D095F83C30012B5FD055
:10686000012385F83C303368DB0769D5336823F4AE
:1068700000633360222385F83D30102385F83E30D5
:1068800000232B64A5F82A906A8DEF62C5F8448036
:106890002B6B00936B8DC5F824A09BB2022B2A852D
:1068A0005AD0336843F480633360009B122B4CD082
:1068B0004FF4E062336843F480733360002085F85E
:1068C0003C0073681343736002B0BDE8F0877B1E21
:1068D000012BB5D9304840F60A71D3F705FDAFE773
:1068E0002E4B2F4A1B68DB08A2FB03231B0A03EB7A
:1068F000830303EB8303019302E0B0698207ABD506
:10690000019C013C019401980028F6D120232863C2
:1069100085F83D3085F83E002B6C43F020032B6456
:10692000022002B0BDE8F087B7F52A0F88D0B7F192
:106930002A4F85D0184840F60A71D3F7D5FC7FE777
:10694000336843F00103336090E7B7F52A0FAFD007
:10695000B7F12A4F0ED1ABE7202F01D0102FA0D1D5
:10696000009B122B336808D043F480633360009B94
:10697000122B9DD14FF4E062A0E723F480633360D3
:10698000336843F400633360009B122B4FF4407272
:1069900090D193E711100010AC6A050808000020A0
:1069A00089B5F8142DE9F04683B09A460A9F002372
:1069B000202F0093054689461646019300F2B280C7
:1069C000032F40F28180934B3A1FD340DA077ED5E4
:1069D00095F83D30202B40F0A18029680B689B057D
:1069E0007BD4082F79D0012F77D095F83C30012B3C
:1069F00000F09480012385F83C300B68D80740F103
:106A00009F800B6823F400630B604B6823F4805372
:106A10004B60222385F83D30102385F83E3000235B
:106A20002B64A5F82AA06B8DEF62C5F844902A6B01
:106A30006E629BB22B850092002B00F092806A8DD3
:106A400092B2022A00F081800A68202F42F480620C
:106A50000A6004D0B7F12A4F01D0102F03D14A6841
:106A600042F480524A60A86B002800F09B803246B6
:106A7000694EC6630024694E046410310465C6641F
:106A8000F7F7CAFB00287FD1009A2B68122A00F082
:106A9000A2801A6842F480724FF440711A60043F79
:106AA00000221C2F85F83C2007D85D4AFA40D20707
:106AB00003D55A6842F400625A605A680A435A6021
:106AC000002003B0BDE8F0867B1E012B80D955481D
:106AD00040F68471D3F708FC7AE7534B534A1B689E
:106AE000DB08A2FB03231B0A03EB830303EB8303F3
:106AF000019303E0886984077FF577AF019C013C2F
:106B0000019401980028F5D12023286385F83D30B1
:106B100085F83E002B6C43F020032B64022003B069
:106B2000BDE8F086B7F52A0F3FF452AFB7F12A4F10
:106B30003FF44EAF3B4840F68471D3F7D5FB47E7AF
:106B40000B6843F001030B605BE7202F34D0102F5C
:106B500032D00A68B7F12A4F42F480620A6082D1CB
:106B60007DE70B6843F480630B60009B122B2BD0F6
:106B70000B6843F480730B60002385F83C304B684E
:106B800043F4E0634B609BE7202385F83D3085F8B4
:106B90003E402B6C43F010032B64002385F83C30FF
:106BA0000120BCE7202385F83D3085F83E002B6CA2
:106BB00043F080032B64F0E7009A122A0A6813D08E
:106BC00042F480620A604EE7B7F52A0FD0D0B7F1E1
:106BD0002A4FD1D1CCE7B7F52A0F11D0B7F12A4F00
:106BE0000ED04FF480715AE722F480620A600A687E
:106BF00042F400620A604A6842F480524A6032E716
:106C00001A6842F480721A60002285F83C204FF422
:106C1000407152E71110001005730308BD7203089C
:106C200001100010AC6A05080800002089B5F814AE
:106C3000F0B5202B83B01D4604460F46164648D8B3
:106C4000032B35D91A1F2D4BD340D90733D594F8D0
:106C50003D3003F02803282B38D1002F45D0002EDB
:106C600043D094F83C30012B30D023681A68D20707
:106C70003ED51A6822F400621A60292284F83D2069
:106C80000020202284F83E2020646685618DE56224
:106C900001905A6901929A69019284F83C00019A24
:106CA0005A68676242F4E06221855A6003B0F0BD21
:106CB000013B012BCBD9124841F25601D3F714FB0B
:106CC00094F83D3003F02803282BC6D0022003B0EF
:106CD000F0BDB3F52A0FBAD0B3F12A4FB7D00848A8
:106CE00041F25601D3F700FBEAE7012003B0F0BD03
:106CF0001A6842F001021A60BBE700BF11100010D1
:106D0000AC6A05082DE9F043202B83B01D460446EC
:106D10000E46914669D8032B55D91A1F644BD340B0
:106D2000DF0753D594F83D3003F02803282B58D1C2
:106D3000002E46D0B9F1000F43D094F83C30012B1F
:106D40004FD02268012384F83C30536823F4407309
:106D5000536094F83D302A2B00F0878094F83D3042
:106D6000606B292B6AD01368DB074AD5136823F4BC
:106D7000006313604FF020082923002784F83D307A
:106D800084F83E802764A4F82A90638D66629BB2E3
:106D9000E562238500287ED0464DC563464D0764D5
:106DA000076510323146C564F7F736FA70B384F8D8
:106DB0003D8084F83E70236C84F83C7043F01003EF
:106DC000236401200EE0013B012BABD93B4841F28B
:106DD0009A01D3F789FA94F83D3003F02803282B61
:106DE000A6D0022003B0BDE8F083B3F52A0F99D0F6
:106DF000B3F12A4F96D0314841F29A01D3F774FA91
:106E0000E9E7136843F001031360AFE723681A68EA
:106E100042F480621A6001905A6901929A69019263
:106E200084F83C00019A5A6842F440725A605A68E9
:106E300042F400625A6003B0BDE8F083536819055C
:106E400091D5536823F40063536000288BD01C4B0A
:106E50000365F7F77DFA10B1606B036D9847226800
:106E60001368606BDB0781D4CBE753681805F7D54F
:106E7000A06B0028F4D0536823F400635360104BD8
:106E80000365F7F765FA0028E9D0A06B036D984712
:106E90002268606B67E7282384F83D3084F83E0061
:106EA000236C84F83C0043F08003236489E700BF2F
:106EB0001110001005730308BD720308AC6A0508C1
:106EC00025740308F0B5202B83B01D4604460F46F9
:106ED000164648D8032B35D91A1F2D4BD340D90756
:106EE00033D594F83D3003F02803282B38D1002FF8
:106EF00045D0002E43D094F83C30012B30D023688D
:106F00001A68D2073ED51A6822F400621A602A2253
:106F100084F83D200020202284F83E2020646685ED
:106F2000618DE56201905A6901929A69019284F833
:106F30003C00019A5A68676242F4E06221855A6017
:106F400003B0F0BD013B012BCBD9124841F24611F1
:106F5000D3F7CAF994F83D3003F02803282BC6D0A4
:106F6000022003B0F0BDB3F52A0FBAD0B3F12A4F17
:106F7000B7D0084841F24611D3F7B6F9EAE7012045
:106F800003B0F0BD1A6842F001021A60BBE700BF0F
:106F900011100010AC6A05082DE9F043202B83B0D6
:106FA0001D4604460E46914669D8032B55D91A1F33
:106FB000634BD340DB0753D594F83D3003F02803EF
:106FC000282B58D1002E46D0B9F1000F43D094F8A9
:106FD0003C30012B4FD02168012384F83C304B68B2
:106FE00023F440734B6094F83D302A2B00F08480EA
:106FF00094F83D30292B6BD0A06B0B68DB074AD58A
:107000000B6823F400630B604FF020082A2300274D
:1070100084F83D3084F83E802764A4F82A90638D7C
:1070200066629BB2E562238500287DD0454DC5632D
:10703000454D0764076532461031C564F7F7ECF833
:1070400070B384F83D8084F83E70236C84F83C7003
:1070500043F01003236401200EE0013B012BABD968
:107060003A4841F28A11D3F73FF994F83D3003F0E2
:107070002803282BA6D0022003B0BDE8F083B3F587
:107080002A0F99D0B3F12A4F96D0304841F28A1195
:10709000D3F72AF9E9E70B6843F001030B60AFE788
:1070A00023681A6842F480621A6001905A6901925A
:1070B0009A69019284F83C00019A5A6842F400628D
:1070C0005A605A6842F440725A6003B0BDE8F083D7
:1070D0004B681A0590D54B68606B23F400634B60D6
:1070E000002889D01A4B0365F7F732F910B1606BAD
:1070F000036D984721687FE74B68A06B1F057FF5FC
:107100007CAF00283FF479AF4B6823F400634B60F9
:107110000F4B0365F7F71CF90028EBD0A06B036D4C
:1071200098472168A06B68E7282384F83D3084F8ED
:107130003E00236C84F83C0043F0800323648AE71C
:107140001110001005730308BD720308AC6A05082E
:107150002574030890F83D30202B01D002207047A1
:107160002822036880F83D201A68D20703D41A68E1
:1071700042F001021A601A6842F480621A605A688A
:1071800042F4407200205A60704700BF90F83D30D2
:10719000282B01D00220704790F83DC090F83E1097
:1071A00002680CF0030C002341EA0C014FF0200CA4
:1071B000016380F83DC080F83E30116821F48061A1
:1071C00011601846536823F440735360704700BF42
:1071D000704700BF704700BF704700BF704700BFD7
:1071E000704700BF704700BF704700BF90F83D2058
:1071F000016D034659B9C26C0168012A826C1CD02A
:10720000C2F307220A61026D013202657047016D07
:1072100001290AD0016D022915D003685A691206A6
:1072200002D500221A6170477047826C0168D2B2A1
:107230000A61026D013202657047D2B20A61026DC5
:10724000023202657047D2B2222A1FD0418D89B224
:10725000C1B9418D89B20029E6D1212AE4D1026861
:1072600010B5546824F4E0645460146844F4007465
:1072700014602022016380F83D2080F83E10FFF763
:10728000B3FF10BD212A0AD05B8D704701680A68E0
:1072900042F480720A60026D013202657047416AF1
:1072A000026811F8010B10615A8D5962013A92B2CD
:1072B0005A857047704700BF704700BF10B5846B98
:1072C000636B0BB10022DA63A36B0BB10022DA63AC
:1072D000F7F74AFA022800D110BD21680B68002296
:1072E000202023F480630B60628584F83D0084F8DD
:1072F0003E20236C43F0100320462364FFF7DCFF9D
:1073000010BD00BF70B5846B94F83D20236894F8DD
:107310003E10E56AC8B2596821F440715960616B4A
:10732000D2B209B10026CE63A16B09B10026CE63AB
:1073300002F0210121293ED002F02201222938D079
:1073400094F83E20002A33D0628D92B2012A41D0B7
:107350005A6815F5803F22F440725A6006D0082D15
:1073600004D0B5F12A4F01D0202D03D11A6842F480
:1073700000721A605A6822F480525A605A680021DA
:1073800022F400625A606185236C43BB202284F89A
:107390003D2094F83E2084F83E30402A3AD0082D13
:1073A00021D0202D1FD0122323632046FFF712FF88
:1073B00070BD2028C4D15968002021F40061292A19
:1073C0005960608512D02A2A1AD05A6842F4407255
:1073D0005A6070BD1A6822F480621A60B8E72046CD
:1073E000FFF76AFF70BD00232363DEE72823212215
:1073F0002263204684F83D30FFF7EEFE2368E4E781
:10740000282322222263204684F83D30FFF7E6FE3F
:107410002368DAE720462363D2F730FF70BD00BF50
:10742000704700BF70B53A4B3A4A1B68806B82B018
:10743000DB080021A2FB032301911B0A90F83D10F9
:10744000026803EB8303C3EBC303C9B2019305E0F6
:10745000019B013B019313689B0506D5019B002B03
:10746000F6D1036C43F020030364D0E90D4344B329
:107470000025E563F3B11668DD6326F480661660C7
:107480004585256500241C65136823F001031360FE
:1074900090F83D30602B29D001F02801282918D020
:1074A0002022002380F83D2080F83E30FFF704FFC3
:1074B00002B070BD156825F48065156043852365AD
:1074C000E2E7F3B11568DC6325F480651560448557
:1074D000D8E7136843F0010313601368002443F4F2
:1074E00080631360046380F83D10DFE700232022EF
:1074F00080F83D2080F83E300364FFF791FF02B032
:1075000070BD146824F4806414604385BCE700BF38
:107510000800002089B5F81410B590F83D2090F8C7
:107520003E30102B0446D2B239D0D9B2402936D0E1
:1075300002F02801282923683CD05968080507D49F
:10754000602A05D02021002284F83D1084F83E20D6
:10755000002222635A6812F4006233D194F83D107D
:10756000602974D05A69500605D5626A1B69137088
:10757000636A013363622046FFF79EFE236C19079E
:1075800004D02268536823F4E063536094F83D30DC
:10759000226C5207DBB201D5282B2ED010BD222A37
:1075A000C6D123681A6822F400621A605A6812056C
:1075B000C8D5CDE70022226384F83D105A6812F442
:1075C0000062CBD05A68606B22F400625A6090F877
:1075D0003530012B1ED0294B0365F6F7B9FE002884
:1075E000CCD02268606B1368202123F00103136064
:1075F00084F83D10036D9847C0E700232049E162FD
:1076000020222363204684F83D2084F83E30FFF793
:10761000E9FD10BDA06B194B0365F6F799FE002834
:10762000ACD023685A69510606D5626A1B6913708B
:10763000626A2368013262621A68A06B22F001025A
:1076400020211A6084F83D10036D984796E72021A9
:1076500084F83D1022645A69520606D5626A1B6995
:107660001370626A2368013262621A6822F00102B2
:1076700020461A60FFF7D4FE80E700BF2574030898
:107680000000FFFF026890F83E309169890721D51C
:10769000DBB2102B01D0402B1CD190F83C30012BD9
:1076A0001AD010B560230024046380F83D301368BD
:1076B00023F480631360136843F4007313604485FC
:1076C000536823F4E063536080F83C40FFF724FFE5
:1076D000204610BD0120704702207047F0B50368B6
:1076E0005F68C56A90F83E2090F83D10102A044665
:1076F0008FB0C9B2D0B223D0402821D0226C002A4A
:1077000000F0CE805A69002012F0020500F08E8051
:10771000BD0540F18D80226C02B1986994F83D203E
:1077200002F02802282A00F04F8200220C925969A8
:107730000C919B690C930C9B84F83C200FB0F0BD1E
:107740009E695A6912F0010F20D1B5F52A0FF5D0C4
:10775000B5F12A4FF2D012F0080540F0CE8012F0B9
:10776000020F36D017F4007F33D094F83E20E06A41
:10777000266B94F83D102229D2B200F0FE810A95C2
:107780005A690A929B690A930A9BD7E7BD0520D5DF
:10779000E26AB2F52A0F00F01482E26AB2F12A4FCF
:1077A00004BF0822E26294F83E20402A00F00282E0
:1077B0002269B2F5804F00F0C681226D002A40F0A8
:1077C0001782626CD21102F0060242F0F0021A61D6
:1077D000B4E7760767D55D682D05AFD4160602F0CD
:1077E000040540F147817A0540F14481002D40F0C5
:1077F000448194F83D20208D94F83E10E56AD2B281
:10780000C9B2002840F09D82212A00F0A4834029BB
:1078100094D1222A92D1628D92B2002A00F0248360
:1078200094F83E20402A40F00C812FE1D60677D410
:1078300001F0F701212902F0040000F0CD80550687
:1078400040F10981790540F10681002840F0068168
:1078500094F83D10628D92B2C9B2002A3FF46EAF27
:10786000626A1B691370638D626A013B9BB2638518
:10787000638D01329BB26262002B7FF45FAF2A29D5
:107880007FF45CAF226853682225282123F48063AB
:1078900053602046256384F83D10FFF79FFC4DE7B9
:1078A00098695A6930E759680D053FF547AF5006AA
:1078B00002F0040100F1F08000293FF43FAFBE0563
:1078C0007FF53CAFE06A628D616A92B2042A00F0F3
:1078D0000682628D92B2032A00F04582628D92B2D6
:1078E000022A00F076821B690B70638D626A013B8D
:1078F00001329BB26262638520E7BD057FF569AF07
:10790000626C616BD2B21A61002900F02D81CA6BE2
:10791000002A00F029815A6842F400625A600DE79B
:10792000B80585D594F83D605A6822F4E0625A6043
:107930000D955A690D921A6842F001021A600D9A6B
:107940001A6822F480621A605A681105F6B200F1D2
:10795000C980638D9BB213B323685A6952070AD555
:10796000626A1B691370628D636A013A591C92B294
:107970002368616262855A69570609D5626A1B6984
:107980001370638D626A013B01329BB26262638550
:10799000638D9BB21BB1236C43F004032364236CFF
:1079A000002B40F0CA802A2E00F0558194F83D301B
:1079B000282B00F06081236B222B02D0222E7FF433
:1079C000BDAE002320222363204684F83D2084F8A6
:1079D0003E30FFF703FCB1E6150627D57A0525D51D
:1079E00038BB94F83D00628D92B2C0B2002A3FF4D9
:1079F000A5AE626A12F8015B1D616262628D013A96
:107A000092B26285628D92B2002A7FF497AE2928E5
:107A10007FF494AE5A68282522F480625A6020468A
:107A2000216384F83D50FFF7D7FB87E600283FF439
:107A300085AEBE057FF582AE628D92B2002A3FF41C
:107A40007DAE626A12F8011B1961638D6262013BAF
:107A50009BB2638572E600283FF470AEBA057FF5ED
:107A60006DAE628D92B2002A3FF468AE626A1B6905
:107A700013703AE7002D3FF461AEBE057FF55EAEB0
:107A8000212900F0338140287FF458AE20460FB002
:107A9000BDE8F040FFF7AABB7A057FF50DAF0029DE
:107AA0007FF40DAF94F83D20222A7FF447AEE06AC0
:107AB000628D92B2032A40F21782626A1B691370C8
:107AC000638D626A013B9BB26385638D9BB2013219
:107AD000032B62627FF432AE2268536823F4806322
:107AE00053602BE606F0F702222A00F09380606BC9
:107AF0000268526892B26285628D92B21AB1226CAB
:107B000042F0040222645A6822F400625A60F6F7D6
:107B100027FE012808D0606B9A4B0365F6F718FC26
:107B200010B1606B036D9847638D9BB2002B7FF49F
:107B300013AF236C002B3FF439AF20460FB0BDE8E4
:107B4000F040FFF7E9BC94F83D20212A626C16BF93
:107B500042F0010202F0FE02D2B21A61626B1AB167
:107B6000D26B002A7FF4D7AEA26B002A3FF4E6ADB9
:107B7000D26B002A7FF4CFAEE0E5216D11B9402A27
:107B800000F0D880226D22B92169B1F5404F00F094
:107B9000DC80628D92B2002A7AD103925A690392F4
:107BA0009A690392039A1A6842F400721A600023D9
:107BB0002365C3E5226D3ABB626C02F0FE021A61D6
:107BC000BCE50122E262EEE55A6822F480625A6066
:107BD000070680F004014FF0000354BFA289228BF6
:107BE00084F83C30C1F380012046FFF7F9FAA5E59F
:107BF000226D012A7FF4A2AD626CD21102F006025E
:107C000042F0F1021A6199E5626C42F00102D2B2CF
:107C10001A6193E5A06B0268526892B26285628D28
:107C200092B21AB1226C42F0040222645A6822F421
:107C300000625A60F6F794FD01283FF48AAEA06B0B
:107C4000504B0365F6F784FB00283FF482AEA06B2F
:107C5000036D98477DE628222363204684F83D2063
:107C6000FFF7BCFA94F83D30282B04D0236B222B6D
:107C70007FF464ADA5E600234349E162202223633B
:107C8000204684F83D2084F83E30FFF7ABFA55E5F6
:107C9000628D92B2012A7BD0628D92B2022A00F0EC
:107CA000E8801A6842F480621A605A6812050ED59C
:107CB000202800F2A781072840F2A081334A083823
:107CC000C240D70703D55A6842F480525A60002256
:107CD00009925A6909929B690993099B67E75A6857
:107CE00022F480625A601B690B70FEE5E16A94F829
:107CF0003D20212A7FF422AD628D92B2002A7FF4CA
:107D0000A0AE082900F0D880202900F0D58011F518
:107D1000803F00F0D180596821F4E0615960112062
:107D20002023206384F83E20204684F83D30FFF76E
:107D30004FFA03E501915A6901929B690193019BF6
:107D4000FCE4212A7FF463AD65E502925A69029250
:107D50009A690292029A1A6842F480721A60236D3C
:107D600001332365EAE45A68042822F480625A60E9
:107D70003FF4B9AD02283FF4B6AD1A6822F4806230
:107D80001A60B0E5257403080000FFFF010100013F
:107D900010F5803F00F01B81082800F0F4802028B7
:107DA00000F0F180122E00F04C81102800F24B817F
:107DB0009A4A0241D20700F146811A6842F4806271
:107DC0001A60002206925A6906929B690693069BE6
:107DD000EDE6421E0F2A09D8DFE802F0413C083CDC
:107DE0000808080808080808080808411A6842F442
:107DF00000721A601B690B70638D626A013B9BB253
:107E000063852368511C1B6961625370638D21680F
:107E1000626A013B9BB263854B68013223F4407375
:107E200062624B60202384F83D3094F83E30402B52
:107E30004FF0000384F83E3000F0E980082800F09D
:107E4000DA80202800F0D780122323632046FFF732
:107E5000C1F973E41A6842F480621A60CAE71A68CA
:107E600022F480621A60C5E75A6822F480625A6080
:107E700064E4102800F29780694AC240D70740F1B5
:107E800092801A6842F480621A605A6815050BD510
:107E9000072840F2DD80634A0838C240D10703D585
:107EA0005A6842F480525A60002208925A69089235
:107EB0009B690893089B7AE6596821F4E061596050
:107EC00019680022202041F400711960226384F8AF
:107ED0003D0094F83E3084F83E20402B20467FF44D
:107EE00026AFFFF781F929E4E56A022DBCD0012A0B
:107EF000BAD84D4A0B91126846F2A811B2FBF1F2C2
:107F000002EB82020B9204E01A6812F4007200F095
:107F1000A3800B9A013A0B920B990029F4D1226CA1
:107F2000606A42F0200222645A6822F4E0625A60D9
:107F30001B690370638D626A013B01329BB2202092
:107F40006385626284F83D00204684F83E10FFF7A6
:107F5000B3F9FFF7F3BB082DAED0202DACD015F54B
:107F6000803FA9D05A6822F4E0625A6011200021B3
:107F70002023206384F83E10204684F83D30FFF72C
:107F800027F9FFF7DBBB1A68002122F480621A6030
:107F900007915A6907929A690792079A1A6842F4F8
:107FA00000721A6003E61A6822F480621A601A6886
:107FB00042F400621A605A6816057FF575AF2028F2
:107FC0007FF666AF10F5803F7FF46EAF68E71A6802
:107FD00022F480621A605A6812F4006226D01A688D
:107FE000002122F480621A6004915A6904929B690C
:107FF0000493049BDBE50023236327E701287FF438
:1080000066AE60E610F5803F7FF461AE5BE6204629
:108010002363D2F733F9FFF791BB00BFEBFFFEFFFD
:1080200014000100010100010800002005925A69B6
:1080300005929A690592059A1A6842F400721A60CC
:10804000B5E501289FD11A6822F480621A60B8E66B
:1080500001287FF429AF23E7196821F480611960B2
:10806000596821F4E06159601969636A1970638D78
:10807000013B20219BB2638584F83D10636A94F82C
:108080003E1084F83E200133402963627FF4D6AE6F
:1080900020462263D2F7F2F8FFF750BB70B50268B2
:1080A0005369546890F83E10DD0582B0C9B20AD514
:1080B000E4051BD56FF480749E05546144D54FF0E0
:1080C0000B0C032507E013F4007511D0E5050DD561
:1080D0004FF00A0C02256FF4007454615C050CD457
:1080E000190525D4AC4626E0002DFBD102B070BDA9
:1080F00013F4806C2FD0E405F8D503F40064438DAD
:1081000090F83DC0066B20299BB25FFA8CFC29D009
:108110006FF480631029536145F0040C01D04029AD
:1081200026D1136843F40073136024B145F00C0C9E
:108130006FF400635361036C43EA0C03036402B001
:10814000BDE87040FFF7E8B95E0514D41D054FF097
:10815000010C04D4EFE71B05C8D5E305C6D54CF0E8
:10816000080CE5E74BB16FF48063536145F0040CF4
:10817000002CE0D0F3E70125BFE70CF0F703212B3B
:108180000CD0BCF1280FEED1212E07D06FF4806304
:108190005361002CCAD145F0040CCCE790F83D3077
:1081A000C16A0829DBB20CD020290AD0212B23D0A8
:1081B0006FF480635361002C96D0026845F0080C80
:1081C000B6E7282BF2D11B4BC3625368019023F40E
:1081D000E06353606FF480635361136823F480633A
:1081E000136000232022036380F83D2080F83E3096
:1081F000FEF7F8FF0198DEE70E49C1620363002134
:10820000202380F83D3080F83E105368019023F41D
:10821000E06353606FF480635361136823F48063F9
:10822000136053691E0648BF1161FEF7D5FF019820
:10823000C1E700BF0000FFFF90F83D00704700BF9E
:1082400090F83E00704700BF006C704738B50B4B8C
:108250000B4D0122C3F8A420F4F76AFB044605E0A5
:10826000F4F766FB001BB0F57A7F04D86B681B0738
:10827000F6D5002038BD032038BD00BF00000E42F7
:108280000070004038B50B4B0B4D0022C3F8A42002
:10829000F4F74EFB044605E0F4F74AFB001BB0F58B
:1082A0007A7F05D86B6813F00803F5D1184638BDFE
:1082B000032038BD00000E4200700040014B012237
:1082C0005A62704700000E42014B00225A6270470A
:1082D00000000E42024B186800F44040704700BF97
:1082E0000070004070B520F40043B3F5804F82B0B9
:1082F000064607D0B0F5004F04D02B484FF49271DA
:10830000D1F7F2FF294C00220092236C43F08053F6
:108310002364236C03F080530093009BA36803F055
:108320000C03082B3DD0224B1A66F4F701FB0546DF
:1083300004E0F4F7FDFA431B022B2FD8236813F057
:108340000073F6D11B4A019313681949174D23F4A2
:10835000404333431360136803F440430193012205
:10836000019B0A66F4F7E4FA044604E0F4F7E0FA45
:10837000001B022812D82B689A01F7D5F4F7D8FA17
:108380000C4D044605E0F4F7D3FA001BB0F57A7FF4
:1083900004D86B685B04F6D5002000E0032002B02F
:1083A00070BD012002B070BD5C6B05080038024052
:1083B000000047420070004030B583B0194B1A49A5
:1083C0001A4D002201921A6C42F080521A641B6C02
:1083D00003F0805301930122019B0A64F4F7A8FA89
:1083E000044605E0F4F7A4FA001BB0F57A7F16D82E
:1083F0006B68DA03F6D50C4B0C4D01225A64F4F786
:1084000097FA044605E0F4F793FA001BB0F57A7F7B
:1084100005D86B689B03F6D5002003B030BD032060
:1084200003B030BD0038024000000E420070004032
:1084300030B583B0194B1A481A4D002101911A6CBE
:1084400042F080521A641B6C03F080530193019B2D
:108450004164F4F76DFA044605E0F4F769FA001B8D
:10846000B0F57A7F17D86B6813F40033F5D10C4A56
:108470000C4D1364F4F75CFA044605E0F4F758FA7F
:10848000001BB0F57A7F06D86B6813F48033F5D102
:10849000184603B030BD032003B030BD00380240A1
:1084A00000000E420070004030B5B0F5006F83B0A0
:1084B00004460D4603D040F2014398422ED16B1E74
:1084C000022B33D81D4A00230193116C1C4B41F041
:1084D00080511164126C1B4902F080520192019A82
:1084E0005A6842F440225A601A6842F440221A60E4
:1084F0001A6822F4406222F0030214431C600B69E4
:10850000012D43F004030B6116D020BF0D4A1369FF
:10851000002023F00403136103B030BD0A4840F289
:108520001D21D1F7E1FE6B1E022BCBD9064840F28C
:108530001E21D1F7D9FEC5E730BFE7E7003802407A
:108540000070004000ED00E05C6B05080020704703
:10855000002800F075822DE9F04103680F2B82B0EE
:10856000044600F23881DD0737D5636833F4803282
:1085700003D0B3F5A02F40F0A081A84A936803F080
:108580000C03042B00F07C81936803F00C03082B90
:1085900000F072816368B3F5803F00F07B81B3F532
:1085A000A02F00F00A829D4D2A6822F480322A60B2
:1085B0002A6822F480222A60002B40F07081F4F7B0
:1085C000B7F9064605E0F4F7B3F9801B642800F21A
:1085D00096812B689F03F6D42368990730D5E3680A
:1085E000012B00F20B8123691F2B00F210818B4BB2
:1085F0009A6812F00C0F00F0F8809A6802F00C02F2
:10860000082A00F0EE80E368002B00F09481844B90
:10861000824E01221A60F4F78BF9054605E0F4F763
:1086200087F9401B022800F26A8133689F07F6D55C
:108630003368226923F0F80343EAC20333602368F6
:108640001A0700F1AF805D0744D5A368012B06D956
:10865000052B04D073484FF4C571D1F745FE6F4A1E
:10866000136C13F0805340F0FB800193136C43F0C4
:1086700080531364136C03F080530193019B012515
:10868000694E3368D80540F12A81A368012B00F0B8
:108690003A81052B00F0C481604E326F22F0010256
:1086A0003267326F22F004023267002B40F03081D3
:1086B000F4F73EF941F28838074605E0F4F738F957
:1086C000C01B404500F21B81336F9B07F6D4002D81
:1086D00040F07D81A369022B00F2C480002B5DD0A5
:1086E0004E4DAA6802F00C02082A00F03581022BD8
:1086F00040F08581E36933F4800304D049484FF4A6
:10870000EB71D1F7F1FD236A023B3D2B00F26B8147
:10871000636A323BB3F5BF7F00F25F81A26A082A29
:1087200000F267814FF4AA73D340D80740F161810A
:10873000E36A023B0D2B00F27D81394B374E00225C
:108740001A66F4F7F5F8054605E0F4F7F1F8401B72
:10875000022800F2D48033689901F6D4D4E90731B5
:10876000626A2E4D0B4343EA8213D4E90A20520871
:108770002B4943EA0063013A43EA02430122736052
:108780000A66F4F7D5F8044605E0F4F7D1F8001BC3
:10879000022800F2B4802B689A01F6D5002002B0BE
:1087A000BDE8F0816369012B51D8002B3ED01C4BF2
:1087B0001A4E0122C3F8802EF4F7BAF8054605E0F8
:1087C000F4F7B6F8401B022800F29980736F9B07FC
:1087D000F6D5236837E71348E621D1F785FD2368EE
:1087E000C1E65B685A023FF50EAF0C4B1B689B0756
:1087F00068D5E368012B65D00120D0E7094840F235
:108800001D11D1F771FD23691F2B7FF6F0AE0548CE
:108810004FF48F71D1F768FDE9E600BF00380240E0
:10882000000047420C6C050800700040854A864EE7
:10883000C2F8803EF4F77CF8054604E0F4F778F8D7
:10884000401B02285BD8736F9F07F7D4C1E77F48AE
:108850004FF4AF71D1F748FD6369002BE6D0A6E76E
:1088600000250DE7794840F2CD11D1F73DFDA36910
:10887000002B7FF435AF91E7536859027FF58AAE3C
:10888000714B1B689A037FF5A7AE6368002B7FF4DA
:10889000A3AEB1E76C4A136843F480331360F4F776
:1088A00047F8694E054604E0F4F742F8401B642897
:1088B00025D833689B03F7D58EE66448EB21D1F7C2
:1088C00013FD5AE6604A2169136823F0F80343EA6E
:1088D000C103136023681A077FF5B5AE62E73368FA
:1088E00043F480733360F4F723F807463368D905FF
:1088F0003FF5CBAEF4F71CF8C01B0228F6D90320D5
:1089000002B0BDE8F081504A136F43F001031367D2
:10891000F4F70EF84C4F064641F2883804E0F4F7BD
:1089200007F8801B4045EAD83B6F9A07F7D5002D22
:108930003FF4D0AE4BE0434A434E1360F3F7F8FFE9
:10894000054604E0F3F7F4FF401B0228D7D833684C
:108950009907F7D4236873E6012B3FF44DAF6B689A
:10896000E26903F4800191427FF446AF226A03F08A
:108970003F0191427FF440AF616A47F6C0721A40EE
:10898000B2EB811F7FF438AFA26A520803F4403182
:10899000013AB1EB024F7FF42FAFE16A03F070624E
:1089A000B2EB016F7FF428AF226B03F0E043B3EB2F
:1089B000027F14BF01200020F1E6234B1A6842F425
:1089C00080221A601A6842F480321A6067E71E4AF1
:1089D000136C23F0805313647CE61C484FF4EC7155
:1089E000D1F782FC9AE6194840F2D711D1F77CFC06
:1089F0008EE6164840F2D911D1F776FC98E6114B75
:108A000000221A66F3F794FF044605E0F3F790FF9F
:108A1000001B02283FF673AF2B689B01F6D4BDE61E
:108A2000094B1A6F42F004021A671A6F42F00102F2
:108A30001A676DE705484FF4ED71D1F755FC7CE6F8
:108A40000120704700004742003802400C6C0508C6
:108A5000F0B5012889B014460D4622F0806730D861
:108A6000064647B1B2F1A06F05D0B2F1C06F02D097
:108A7000B2F1E06F6BD16EBB35F4C00355D1374E08
:108A8000374800220092336B43F001033363336BAA
:108A9000069203F0010300934FF480720223CDE9A4
:108AA000022302A900220323CDE90423009BFAF745
:108AB00085FCB36823F0EC632B432343B36009B018
:108AC000F0BD284840F20B31D1F70EFC17B1B4F1DC
:108AD000A06F30D135F0404304D022484FF44A71A2
:108AE000D1F702FC1D4E204800220192336B43F067
:108AF00004033363336B069203F0040301934FF4D2
:108B000000720223CDE9022302A900220323CDE94A
:108B10000423019BFAF752FCB36823F078432B43FC
:108B200043EAC403B36009B0F0BD0E484FF444718A
:108B3000D1F7DAFBA3E7B4F1C06FCBD0B4F1E06FAB
:108B4000C8D008484FF44371D1F7CEFBC2E70548BF
:108B50004FF44371D1F7C8FB8DE700BF00380240E6
:108B6000000002400C6C050800080240014B012285
:108B7000DA64704700004742014B0022DA64704714
:108B800000004742104908B58B6803F00C03082B1E
:108B900001D00E4808BD4A684B6849680B4813F479
:108BA0008003C1F3881118BF002302F03F02A1FB2C
:108BB0000001CFF723FD044B5B68C3F3014301338E
:108BC0005B00B0FBF3F008BD003802400024F40065
:108BD000002800F0FE800368013B0E2B2DE9F041D8
:108BE0000D46044600F2C6800F2D00F2B7807A4A87
:108BF000136803F00F03AB42C0F0C68023689807E8
:108C000028D5590704D575498A6842F4E0528A602C
:108C10001A0704D571498A6842F460428A60A168E3
:108C200091B1C02910D000F2C780A0290CD000F269
:108C3000CC8021F01002802A06D040F27E216848C4
:108C4000D1F752FBA16823686448826822F0F002E1
:108C50000A438260DF0727D56368032B00F2A380F5
:108C6000012B00F09A809A1E012A5C4A126840F299
:108C70008780910725D5594EB26822F0030213432D
:108C8000B360F3F755FE41F28838074605E0F3F785
:108C90004FFEC01B404500F28D80B368626803F050
:108CA0000C03B3EB820FF2D14B4A136803F00F03AE
:108CB000AB4209D9EBB21370136803F00F03AB4258
:108CC00002D00120BDE8F08123685A0718D5E16879
:108CD00031F480520ED021F40062B2F5A05F09D0C9
:108CE000B1F5C05F06D040F2C3213D48D1F7FCFA90
:108CF000E16823683948826822F4E0520A438260BE
:108D00001B0718D5226932F480530DD022F400637A
:108D1000B3F5A05F08D0B2F5C05F05D0304840F28F
:108D2000CA21D1F7E1FA22692C498B6823F4604308
:108D300043EAC2038B6000F071FF284A294C926815
:108D40002949C2F303120346A25C2848D3400068B5
:108D50000B60D1F743FC0020BDE8F081204840F2D1
:108D60005B21D1F7C1FA1C4BEDB21A681D701B686C
:108D70000120A7E71A4840F25A21D1F7B5FA33E7A4
:108D800090013FF578AF9CE7EBB21370136803F0E6
:108D90000F03AB423FF432AF93E7104A12689603D9
:108DA0003FF569AF8DE70E4840F28521D1F79CFA77
:108DB000636855E70320CFE7E0293FF445AF21F092
:108DC0002002D02A7FF439AF3EE7B0293FF43CAF10
:108DD00033E70120704700BF003C024000380240EA
:108DE0000C6C05089C740508080000206004002035
:108DF000014B1868704700BF08000020044B05496C
:108E00009B68054A0868C3F38223D35CD840704747
:108E1000003802400800002094740508044B0549FE
:108E20009B68054A0868C3F34233D35CD840704757
:108E3000003802400800002094740508214B0F22DE
:108E400002601A68510358BF1A681E4B54BF02F4DF
:108E500080324FF4A02242601A6802F00102C26020
:108E60001A68C2F3C40202611A6F520758BF1A6F20
:108E7000144B54BF02F00102052282605A6F02F0C7
:108E8000010242611A6812F0807F0CBF01220222A7
:108E900082615A6802F48002C2615A6802F03F029D
:108EA00002625A68C2F3881242625A6802F440327F
:108EB00002F58032D20B82625B68C3F30363C36244
:108EC000704700BF003802400E4B0F2210B4026002
:108ED0009A680D4C02F0030242609A6802F0F002B8
:108EE00082609A6802F4E052C2609B68DB0803F477
:108EF000E053036123685DF8044B03F00F030B603C
:108F0000704700BF00380240003C0240704700BF7D
:108F100010B5054CE3681B0600D410BDFFF7F6FF43
:108F20008023A37310BD00BF003802402DE9F04339
:108F3000036840F6FE72591E914283B0044600F267
:108F40004B8213F001070FD0A76B37F0C06240F0DF
:108F500049825549D1F88C2022F0C0623A43B7FAD1
:108F600087F7C1F88C207F099D071ED5E26B002A88
:108F700000F0F98122F08051B1F1006F00F05782CA
:108F8000B2F1805F00F053827A214848D1F7ACF902
:108F90004549E26BD1F88C3023F0C0531343C1F83C
:108FA0008C302368002A00F0BD8313F004050ED036
:108FB000256B002D40F0F2813B49D1F88C2022F442
:108FC00040122A43C1F88C20B5FA85F56D091807BF
:108FD00020D5626B002A00F0CF81B2F5800F00F03F
:108FE0002F8222F48001B1F5000F00F0E3829F216F
:108FF0002E48D1F779F92C49626BD1F88C3023F4E3
:1090000040031343B2F5800FC1F88C3040F03C832D
:1090100023680127990640F18980236CB3F5807F8E
:109020002DD0B3F5007F2AD0214A23F4A02191420C
:1090300025D023F4102102F5003291421FD01D49A2
:1090400023F440328A421AD001F5C02123F488105B
:10905000884214D001F500318A4210D001F58021F8
:109060008A420CD001F580218A4208D0124A23F4AA
:109070008033934203D00D48B521D1F735F90A4B1F
:109080000E4E002201921A6C42F080521A641B6C40
:1090900003F080530193019B336843F48073336082
:1090A000F3F746FC804612E000380240BC6C05082D
:1090B000000302000003080000031C0000700040D1
:1090C000F3F736FCA0EB0803022B00F2488133686B
:1090D000DA05F5D5AD4E236C326F12F4407203F40D
:1090E000407113D08A4211D0336FA94A0121C2F8CE
:1090F000401E23F440730021C2F8401E3367336FD3
:10910000DB0700F1A382236C03F44071B1F5407FCB
:1091100000F0AD819D498A6822F4F8128A609B4A6A
:10912000116FC3F30B030B4313672368D90605D5EF
:10913000984B94F85820C3F8E02123681A0614D5F8
:10914000E16C31F4800208D0B1F5000F05D0F321B5
:109150009148D1F7C9F8E16C23688C48D0F8942085
:1091600022F440020A43C0F894205E0611D5A16C97
:1091700031F0806205D0FE218748D1F7B5F8A16CA7
:1091800023688248D0F8942022F080620A43C0F815
:109190009420D8051AD5626D002A00F02A81B2F118
:1091A000006F00F07B8140F209117B48D1F79CF8F9
:1091B0007649626DD1F8943023F000631343C1F80F
:1091C0009430B2F1006F236808BF0125990512D5CC
:1091D000616C31F0805206D04FF48D716E48D1F73A
:1091E00083F8616C23686948D0F8942022F080529B
:1091F0000A43C0F894205A0517D5236D002B00F0C0
:109200000381B3F1005F1CD040F225116248D1F711
:109210006BF85E49226DD1F8943023F0005313436C
:10922000B2F1005FC1F8943012D08FB92368B3F562
:10923000006F0DD0012D00F03A81002003B0BDE891
:10924000F083524AD2F8943043F00053C2F894307D
:109250004F4B4E4F00229A66F3F76AFB064604E036
:10926000F3F766FB831B022B79D83B681B01F7D40D
:109270006368023B3D2B00F20B81A368323BB3F5E0
:10928000BF7F00F2FF802368D80740F1C880A26B3F
:10929000002A40F0C4806769BA1E052A00F2C68120
:1092A0003A496068D1F88420D1F8846002F44032F1
:1092B00006F0706632430243A06842EA801242EA36
:1092C0000772C1F884205A0704D5226BB2F5801FBB
:1092D00000F04A811F0704D5626BB2F5800F00F0E1
:1092E00043815E0504D5226DB2F1005F00F06B8111
:1092F000190524D5E268082A00F292814FF4AA7376
:10930000D340DA0740F18C816369023B052B00F200
:109310007A8121698B1E0D2B00F27B816369A26823
:109320001B0743EA821362681343E2685208013A5A
:1093300043EA0243154A43EA0163C2F88430144BFE
:10934000124F01229A66F3F7F3FA06463B681B01B7
:109350003FF570AFF3F7ECFA801B0228F6D9032033
:1093600003B0BDE8F0830949D1F88C2022F0C05247
:109370000127C1F88C2018E60449D1F88C2022F48A
:109380004002C1F88C20012544E600BF00380240AD
:109390000000474200104742BC6C0508B5F5801F2D
:1093A00059D025F48012B2F5001F3FF405AEB9483C
:1093B0008A21D0F799FFB84A256BD2F88C3023F474
:1093C00040132B43C2F88C30B5F5801F23687FF41F
:1093D000FBAD00250127FAE5AE486421D0F784FFF4
:1093E0002368AEE5AB486A21D0F77EFFA76B236800
:1093F000AFE5A949D1F8942022F00062C1F8942089
:1094000099057FF5F8AEE3E6A34AD2F8943023F04D
:109410000053C2F89430002F3FF408AF18E79907C3
:109420007FF551AFE26B002A7FF44DAF33E79A48E6
:10943000D0F88C1021F0C0510A43C0F88C20B4E55C
:109440009549D1F88C2022F4400242F48002C1F800
:109450008C200127DEE59049D1F88C2022F44012BF
:1094600042F480120025C1F88C200127AFE58A481C
:10947000826823F0704121F4407122F4F8120A430B
:1094800082604CE683484FF4A371D0F72DFFFAE6D3
:10949000804840F24511D0F727FFEEE67E49D1F82B
:1094A000942042F00062C1F8942001258EE67B4BA7
:1094B000794E00221A67F3F73BFA054605E0F3F709
:1094C00037FA401B02283FF64AAF33689F00F6D4B4
:1094D000A3693F2B00F2EA80E369323BB3F5BF7F1B
:1094E00000F2DE8023685E0740F1A880226B002A2C
:1094F00040F0A480636A023B0D2B00F2FE80E26A1A
:10950000013A1F2A00F2FF806349A069D1F8883030
:1095100003F440330343E06943EA8013606A43EA9B
:109520000063C1F88830D1F88C3023F4F85343EA53
:109530000223C1F88C302368D80504D5636DB3F1DC
:10954000006F00F0C180554B534D01221A67F3F7AD
:10955000EFF904462B689B003FF56FAEF3F7E8F98F
:10956000001B0228F6D9FAE62369023B0D2B00F214
:109570008580A16A01391F2978D8474AD2F88430FA
:10958000D2F8840003F4403300F0E0400343606805
:109590000343A06843EA8013206943EA0063C2F8EA
:1095A0008430D2F88C3023F01F030B43C2F88C3088
:1095B000236896E63848D0F88C1021F440010A431D
:1095C000C0F88C2026E5E268082A75D84FF4AA7105
:1095D000D140C80770D5304E6768D6F8840052086D
:1095E000511ED6F8842002F0E0423A43A768C0F347
:1095F0000140013042EA871242EA406242EA0142F7
:10960000C6F8842074E6234840F28711D0F76CFE38
:109610007FE64FF4C4711F48D0F766FE21697DE6EE
:109620001C484FF4C371D0F75FFE6DE619484FF444
:10963000A771D0F759FE6769236831E61D077FF5EA
:109640007BAF626B002A7FF477AF53E7F3F770F9D3
:1096500041F288398046336F98073FF554ADF3F7F0
:1096600067F9A0EB08004845F5D978E64FF4B171E9
:109670000848D0F739FEA16A01397EE705484FF462
:10968000B071D0F731FE74E7002A236808BF0125C6
:10969000C0E400BFBC6C050800380240000047422F
:1096A00021484FF4DA71D0F71FFE1BE71E4840F245
:1096B000B311D0F719FE0FE71B4840F27711D0F72E
:1096C00013FEE268236886E7226A082A23D84FF44B
:1096D000AA73D340D9071ED51449A569D1F888309B
:1096E000E06903F070632B43520843EA8013013AA8
:1096F00043EA0243C1F8883025E70B484FF4DE7196
:10970000D0F7F2FDFBE608484FF4DF71D0F7ECFD2F
:10971000E26A013AF8E604484FF4E971D0F7E4FD53
:10972000226AD9E7012740E4BC6C050800380240F2
:109730003D4B40F2FF720260D3F8842002F03F02FA
:109740004260D3F88420C2F388128260D3F8842068
:10975000C2F3014201325200C260D3F88420C2F346
:1097600003620261D3F88420C2F302724261D3F82B
:10977000882002F03F028261D3F88820C2F3881269
:10978000C261D3F88820C2F3014201325200026262
:10979000D3F88820C2F303624262D3F88C2002F02F
:1097A0001F028262D3F88C20C2F30422C262D3F873
:1097B0008C2002F440120263D3F88C2002F44002A1
:1097C0004263D3F88C2002F0C0628263D3F88C200D
:1097D00002F0C052C26399681A6F01F4F81102F4E2
:1097E00040720A430264D3F8942002F080628264DB
:1097F000D3F8942002F44002C264D3F8942002F01B
:1098000000624265D3F8942002F080524264D3F89B
:10981000942002F000520265D3F88C30C3F3006349
:1098200080F85830704700BF0038024001380728E0
:1098300009D8DFE800F05333080A0808080AB3F132
:10984000C05F00F09C80002070475D4AD2F88C30E9
:1098500003F47003B3F5401F4BD04CD9B3F5000FA0
:1098600000F09A80B3F5400F00F08980B3F5800FC7
:10987000E9D1534B53495A68D3F8843003F03F037E
:10988000B1FBF3F14E4BD3F88420D3F88400D3F826
:109890008C30C0F3881003F01F0347E0484AD2F829
:1098A0008C3003F0C053B3F1805F49D0C7D803BBFD
:1098B0005368D2F88430434A03F03F03B2FBF3F21B
:1098C0003F4BD3F88400D3F88430C0F3881002FBF8
:1098D00000F0C3F30273B0FBF3F07047384AD2F8DC
:1098E0008C3003F0C063B3F1806F3CD043D8002BC1
:1098F00049D035487047B3F5801FBAD0B3F5001F83
:109900004AD0002B9FD15368D2F888302D4903F0FC
:109910003F03B1FBF3F12A4BD3F88820D3F888003A
:10992000D3F88C30C0F38810C3F3042301FB00F09C
:10993000C2F303620133B0FBF2F0B0FBF3F0704707
:10994000536853681F4A03F03F03B2FBF3F21C4B0A
:1099500058685B68C0F3881002FB00F0C3F3027321
:10996000B0FBF3F0704753685368164A03F03F03A7
:10997000B2FBF3F2EBE7B3F1C06F7FF464AF104BCF
:1099800010485B6870475368D2F884300D4A03F082
:109990003F03B2FBF3F293E7094B09495A685B684E
:1099A000084A03F03F03B2FBF3F24B684868C0F388
:1099B0008810C3F3027302FB00F0B0FBF3F07047B2
:1099C000003802400024F4000080BB00012808B5E4
:1099D00006D80AD1084A136F43F00803136708BD7D
:1099E000064840F6FC21D0F77FFC034A136F23F0B2
:1099F0000803136708BD00BF00380240BC6C0508AF
:109A00004368323BB3F5BF7F70B5064660D8336913
:109A1000023B052B56D83368023B3D2B4CD8B2682D
:109A2000082A43D84FF4AA73D340D9073ED5F36828
:109A3000023B0D2B34D8294B294D00229A66F2F7B0
:109A400077FF044604E0F2F773FF001B022825D8D5
:109A50002B681A01F7D4D6E90021F36830691B0698
:109A600043EA81131343B2681C49520843EA007366
:109A7000013A43EA02430122C5F884308A66F2F7CC
:109A800057FF174D044604E0F2F752FF001B02286F
:109A900004D82B681B01F7D5002070BD032070BDD2
:109AA000104840F62C31D0F71FFCC4E70D4840F6B3
:109AB0002931D0F719FCBAE70A4840F62631D0F729
:109AC00013FCACE7074840F62431D0F70DFCA2E7C1
:109AD000044840F62331D0F707FC98E700004742DE
:109AE00000380240BC6C050838B50A4B0A4D00220C
:109AF0009A66F2F71DFF044604E0F2F719FF001B17
:109B0000022805D82B6813F00063F6D1184638BD3B
:109B1000032038BD00004742003802404368323B12
:109B2000B3F5BF7F70B5064651D8F368023B0D2BE5
:109B300047D833683F2B3ED8B268082A35D84FF44F
:109B4000AA73D340D90730D5244B254D00221A677C
:109B5000F2F7EEFE044604E0F2F7EAFE001B0228EC
:109B600021D82B689A00F7D4301D0DC831681B0628
:109B700043EA801352080B43013A184943EA02436F
:109B80000122C5F888300A67F2F7D2FE144D044668
:109B900004E0F2F7CDFE001B022804D82B689B00DE
:109BA000F7D5002070BD032070BD0E4840F69A31F5
:109BB000D0F79AFBC8E70B4840F69731D0F794FBF3
:109BC000BAE7084840F69531D0F78EFBB1E7054873
:109BD00040F69431D0F788FBA7E700BF000047426A
:109BE00000380240BC6C050838B50A4B0A4D00220B
:109BF0001A67F2F79DFE044604E0F2F799FE001B97
:109C0000022805D82B6813F00053F6D1184638BD4A
:109C1000032038BD00004742003802401D4908B506
:109C20008B6803F00C03082B1AD00C2B01D01A48B8
:109C300008BD4A684B684968174813F48003C1F3AC
:109C4000881118BF002302F03F02A1FB0001CEF7EC
:109C5000D5FC104B5B68C3F30273B0FBF3F008BD97
:109C60004A684B6849680C4813F48003C1F38811B3
:109C700018BF002302F03F02A1FB0001CEF7BEFC9B
:109C8000044B5B68C3F3014301335B00B0FBF3F0AB
:109C900008BD00BF003802400024F40070B5504CED
:109CA000F2F746FE236843F001030546236005E012
:109CB000F2F73EFE401B022800F28F8023689E07C9
:109CC000F6D52368464E43F080032360F2F730FE5A
:109CD0000023A360054641F2883404E0F2F728FE31
:109CE000401BA04279D8B36813F00C0FF6D1F2F7FD
:109CF0001FFE33683A4D23F450230446336004E0DA
:109D0000F2F716FE001B642867D82B689803F7D477
:109D1000F2F70EFE2B68324E23F0807304462B6060
:109D200004E0F2F705FE001B022856D833689901BB
:109D3000F7D4F2F7FDFD3368294D23F08063044624
:109D4000336004E0F2F7F4FD001B022845D82B68CD
:109D50001A01F7D4F2F7ECFD2B68214C23F0805365
:109D600006462B6004E0F2F7E3FD801B022834D89E
:109D700023689B00F7D41B4B1B4A6360C4F88430F4
:109D8000C4F88820E3681948194A1A4923F4F8539B
:109D9000E360E36823F40053E360E36823F4804363
:109DA000E360E36843F41F03E360E36843F40013F4
:109DB000E360E36843F48003E360636F23F001032F
:109DC0006367636F43F08073636700681160D0F767
:109DD00005FC003818BF012070BD032070BD00BF16
:109DE00000380240103000241030000460040020CD
:109DF000080000200024F400002800F098822DE9DB
:109E0000F04103680F2B82B0044600F25581DE0753
:109E10003ED5636833F4803203D0B3F5A02F40F011
:109E2000AB81A94A936803F00C03042B00F058811E
:109E3000936803F00C03082B00F04E81A24A93684C
:109E400003F00C030C2B00F092816368B3F5803FA4
:109E500000F0B281B3F5A02F00F049829A4D2A6834
:109E600022F480322A602A6822F480222A60002BA1
:109E700040F0A781F2F75CFD064605E0F2F758FDD9
:109E8000801B642800F28E812B689F03F6D4236820
:109E90009D073BD5E368012B04D98C4840F67C51E3
:109EA000D0F722FA23691F2B00F28081864B9A6833
:109EB00012F00C0F00F0F7809A6802F00C02082AEA
:109EC00000F0ED80804A936803F00C030C2B00F047
:109ED0000982E368002B00F09A817D4B7A4E0122C3
:109EE0001A60F2F725FD054605E0F2F721FD401B5B
:109EF000022800F2578133689F07F6D5336822693C
:109F000023F0F80343EAC203336023681A0700F121
:109F1000AD805D073AD5A368012B06D9052B04D087
:109F20006A4840F6F151D0F7DFF9674A136C13F035
:109F3000805300F006810025664E3368D80540F155
:109F40002181A368012B00F04A81052B00F0D98103
:109F50005D4E326F22F001023267326F22F004024E
:109F60003267002B40F04081F2F7E2FC41F2883882
:109F7000074605E0F2F7DCFCC01B404500F2128109
:109F8000336F9B07F6D4002D40F09481A369022B18
:109F900000F2E380002B65D04B4DAA6802F00C0262
:109FA000082A00F04581022B40F07381E36933F405
:109FB000800304D0454840F63D61D0F795F9236A07
:109FC000023B3D2B00F28281636A323BB3F5BF7FD7
:109FD00000F27681A26A082A00F27E814FF4AA7309
:109FE000D340D80740F17881E36A023B0D2B00F2A1
:109FF0009881236B023B052B00F28D81344B324E4E
:10A0000000221A66F2F794FC054605E0F2F790FC90
:10A01000401B022800F2C68033689901F6D4D4E9C7
:10A020000731626A284D0B4343EA8213D4E90A20C0
:10A03000216B43EA0063520843EA0173013A244961
:10A0400043EA0243012273600A66F2F771FC044698
:10A0500005E0F2F76DFC001B022800F2A3802B68DC
:10A060009A01F6D5002002B0BDE8F0816369012BAA
:10A0700051D8002B3ED0164B134E0122C3F8802E30
:10A08000F2F756FC054605E0F2F752FC401B0228A9
:10A0900000F28880736F9B07F6D5236839E75B6809
:10A0A00059023FF50FAF084B1B689B073CD5E3688F
:10A0B000012B39D00120D6E7044840F63D51D0F7B6
:10A0C00013F92368A3E600BF00380240BC6C050802
:10A0D000000047420070004053685D027FF5AEAE5D
:10A0E000944B1B689A037FF5D2AE6368002B7FF414
:10A0F000CEAEDFE7904A8F4EC2F8803EF2F718FCF2
:10A10000054604E0F2F714FC401B02284AD8736F9E
:10A110009F07F7D4C1E7894840F6C551D0F7E4F866
:10A120006369002BE6D0A6E7824A2169136823F011
:10A13000F80343EAC103136023681A077FF5E9AE09
:10A1400094E70193136C43F080531364136C03F092
:10A1500080530193019B0125EEE6784840F6346177
:10A16000D0F7C2F8A369002B7FF416AF7AE75368E3
:10A1700059027FF56AAEB3E7704840F64251D0F716
:10A18000B3F84EE6336843F480733360F2F7D0FBE4
:10A1900007463368D9053FF5D4AEF2F7C9FBC01BBB
:10A1A0000228F6D9032002B0BDE8F081634840F6EA
:10A1B0007D51D0F799F879E65E4A136843F480330D
:10A1C0001360F2F7B5FB5B4E054604E0F2F7B0FB17
:10A1D000401B6428E6D833689B03F7D557E6554AF9
:10A1E000136F43F001031367F2F7A2FB514F0646CA
:10A1F00041F2883804E0F2F79BFB801B4045D1D840
:10A200003B6F9A07F7D5002D3FF4C0AE52E04A4AA3
:10A21000484E1360F2F78CFB054604E0F2F788FB2A
:10A22000401B0228BED833689907F7D423686DE62F
:10A23000012B3FF43FAF6B68E26903F48001914268
:10A240007FF438AF226A03F03F0191427FF432AFCE
:10A25000616A47F6C0721A40B2EB811F7FF42AAFE1
:10A26000A26A520803F44031013AB1EB024F7FF485
:10A2700021AFE16A03F07062B2EB016F7FF41AAFB5
:10A28000226B03F0E043B3EB027F14BF01200020F8
:10A29000E9E6294B00221A66F2F74AFB044605E07C
:10A2A000F2F746FB001B02283FF67CAF2B689B01B0
:10A2B000F6D4D7E61F4A136C23F08053136465E687
:10A2C0001E4840F63F61D0F70FF883E61B4840F682
:10A2D0003E61D0F709F877E618484FF46461D0F78B
:10A2E00003F881E653685A023FF5F3ADDBE6114B04
:10A2F0001A6842F480221A601A6842F480321A60A6
:10A300005FE70C4B1A6F42F004021A671A6F42F0B3
:10A3100001021A6768E7094840F64261CFF7E4FF97
:10A320006CE6064840F64161CFF7DEFF61E60120AA
:10A33000704700BF0038024000004742BC6C05086F
:10A34000234B0F2202601A68510358BF1A68204B32
:10A3500054BF02F480324FF4A02242601A6802F027
:10A360000102C2601A68C2F3C40202611A6F520786
:10A3700058BF1A6F164B54BF02F0010205228260CB
:10A380005A6F02F0010242611A6812F0807F0CBF1E
:10A390000122022282615A6802F48002C2615A6874
:10A3A00002F03F0202625A68C2F3881242625A689F
:10A3B00002F4403202F58032D20B82625A68C2F354
:10A3C0000362C2625B68C3F302730363704700BF3A
:10A3D00000380240154B164A1B68A2FB032382B0CB
:10A3E00064225B0A02FB03F30021009102680193DF
:10A3F00005E0019B013B019393689B0706D4019BF9
:10A40000002BF6D1436D43F040034365136823F0FE
:10A4100040031360536823F0E0035360D368009354
:10A42000009B072180F8511002B0704708000020FF
:10A43000F119760503685A6822F080025A601A689A
:10A44000072122F040021A6080F85110704700BFC7
:10A450002DE9F04383B01F4615460A9E0C46804600
:10A46000F2F766FA3E44361AF2F762FA2D4B1A6892
:10A47000C2F3CB3206FB02F2013701920DD1D8F8BC
:10A480000020936834EA03030CBF012300239D429C
:10A49000F7D1002003B0BDE8F0838146D8F8003042
:10A4A0009B6834EA03030CBF01230023AB42F0D0C6
:10A4B000F2F73EFAA0EB0903B34208D2019B002B4E
:10A4C000019B03F1FF3308BF00260193E6E7D8E9BB
:10A4D00000315A68B1F5827F22F0E0025A6014D050
:10A4E000D8F82820B2F5005F07D11A6822F400528C
:10A4F0001A601A6842F400521A600122002388F898
:10A50000512088F850300320C4E7D8F80820B2F56D
:10A51000004F02D0B2F5806FE2D11A6822F04002FB
:10A520001A60DDE7080000202DE9F04184B00F46F5
:10A53000904600920B46012202210446FFF788FF55
:10A5400040BB194B1D68194BA3FB05356D0D4FF42E
:10A550007A7303FB05F563680395B3F5827F0646BE
:10A5600007D10DE0039B2168013B03938B681B0619
:10A5700002D5039B002BF5D1304604B0BDE8F08135
:10A580000246CDF800803B4680212046FFF760FF61
:10A590000028F1D0636D032643F020033046636545
:10A5A00004B0BDE8F08100BF08000020819F5E1666
:10A5B0002DE9F04182B01C460E4615468046F2F762
:10A5C000B7F96434241AF2F7B3F92D4B1B68C3F3BF
:10A5D000CB3304FB03F30193D8F800309B6836EAD1
:10A5E00003030CBF01230023AB4237D0074610E022
:10A5F0000199019BD8F80020013B01939368002941
:10A6000008BF002436EA03030CBF01230023AB423A
:10A6100024D0F2F78DF9C01BA042E9D3D8E900316C
:10A620005A68B1F5827F22F0E0025A601AD0D8F859
:10A630002820B2F5005F07D11A6822F400521A6090
:10A640001A6842F400521A6001220023032088F89D
:10A65000512088F8503002B0BDE8F081002002B0EF
:10A66000BDE8F081D8F80820B2F5004F02D0B2F56D
:10A67000806FDCD11A6822F040021A60D7E700BF71
:10A6800008000020F0B50B4683B00F4601220221DE
:10A690000446FFF78DFF28BB164A174B1568A3FB2E
:10A6A00005356D0D4FF47A7303FB05F5636801956D
:10A6B000B3F5827F064607D10CE0019B2168013B80
:10A6C00001938B681B0602D5019B002BF5D1304608
:10A6D00003B0F0BD02463B4680212046FFF768FFED
:10A6E0000028F4D0636D032643F0200330466365F1
:10A6F00003B0F0BD08000020819F5E164268B2F5ED
:10A70000827F10B50B46044606D000220121FFF7D8
:10A710004FFF78B9002010BD8268B2F5004F15D008
:10A72000B2F5806F0CD0002280212046FFF740FF59
:10A730000028EFD0636D43F020036365032010BD54
:10A7400001680A6822F040020A60DEE701680A68D0
:10A7500022F040020A60204600228021FFF728FFF5
:10A760000028D7D0E6E700BF704700BF002800F000
:10A77000088138B5934A03689342044610D0A2F585
:10A78000784293420CD002F58062934208D002F5E1
:10A790007842934204D08C484FF4A071CFF7A4FDC7
:10A7A00063683BB1B3F5827F04D0874840F2411122
:10A7B000CFF79AFDA36833F4806240F0A180E3688C
:10A7C00033F4006304D0804840F24311CFF78CFD8E
:10A7D000A36933F4007203D0B3F5802F40F0B88042
:10A7E000E3695BB1182B00F29E80072B40F2A58035
:10A7F000764A22FA03F3DD0740F19F80236A33F0A3
:10A80000800304D070484FF4A371CFF76DFD636AE5
:10A81000002B5CD1236933F0020304D06A484FF463
:10A82000A571CFF761FD6369012B04D9664840F239
:10A830004B11CFF759FD6368B3F5827F00F0A38019
:10A840000023E36194F851300021A16203F0FF027C
:10A85000002B5FD0D4E90130E268256800F40440A1
:10A8600003F48273034302F4006003432069A26986
:10A8700000F002000343022084F85100606900F0F8
:10A8800001000343E06902F4007E00F0380C206A06
:10A8900043EA0E0300F0800043EA0C0303430B433A
:10A8A000616A120C01F0100102F004020A432968E7
:10A8B00021F0400129602B606A60EB6923F400639A
:10A8C000EB6100200123606584F8513038BD102B06
:10A8D00007D03D4840F24711CFF706FD636A002BD1
:10A8E00098D0E36943B1182B3CD8072B43D9374A9A
:10A8F00022FA03F3DB073ED50023C4E90433A1E7C2
:10A90000B3F5004F3FF45BAF2F484FF4A171CFF781
:10A91000EBFC54E784F850202046CFF74DFDA16AA8
:10A9200001F4005196E7203B182B06D84FF0013276
:10A9300022FA03F3DB073FF561AF234840F24511EC
:10A94000CFF7D2FC236A33F080033FF460AF59E7BE
:10A950001D484FF4A271CFF7C7FCE369002B3FF409
:10A960004DAF3FE7203B182B05D84FF0013222FABC
:10A9700003F3DA07C0D4144840F25911CFF7B4FCFE
:10A98000BAE701207047E369002B3FF45BAF182B57
:10A990000DD8072B05D90D4A22FA03F3D9073FF545
:10A9A00051AF094840F24F11CFF79EFC4AE7203BD8
:10A9B000182BF6D84FF0013222FA03F3D8073FF5EF
:10A9C00041AFEEE7003001406C6D05080001010168
:10A9D000704700BF48B30368154A934210B5044658
:10A9E00011D0A2F5784293420DD002F580629342D5
:10A9F00009D002F57842934205D00E484FF4DF713A
:10AA0000CFF772FC2368022284F851201A6822F0E2
:10AA1000400220461A60CFF77DFD0023636584F86D
:10AA2000503084F85130184610BD0120704700BFE7
:10AA3000003001406C6D05082DE9F0410446806846
:10AA40001D4630F4004382B00F46904604D0814842
:10AA500040F20731CFF748FCF1F76AFF94F8513024
:10AA6000012B0646D8B274D1002F6FD0B8F1000F79
:10AA70006CD094F85030012B6BD0A26884F8500051
:10AA80002068276300230321B2F5004F84F851109A
:10AA9000C4E910336365A4F83480A4F83680A36356
:10AAA000A387E387014607D1036823F040030360CF
:10AAB000036843F48043036003685B064DD5E36895
:10AAC0006268B3F5006F51D0002A40F08D803B786A
:10AAD0000373E38E226B013B01329BB22263E38658
:10AAE000E38E9BB2BBB1681C74D123689A6891074E
:10AAF0007FD5226B12781A73B4F836C0236B0CF131
:10AB0000FF3C1FFA8CFCA4F836C0E18E013389B2F9
:10AB100023630029E9D1324629462046FFF704FD88
:10AB200008B120236365A36833B922680193D36811
:10AB3000019393680193019B012384F85130606D68
:10AB40000023C01A84F8503018BF012002B0BDE8BD
:10AB5000F081022002B0BDE8F0810368626843F032
:10AB600040030360E368B3F5006FADD1002A67D0FE
:10AB7000B8F1010F64D0E38E9BB2002BCBD06B1CDD
:10AB80004ED183689F070FD5226B32F8023BC3601A
:10AB9000E38E2263013B9BB2E386E38E9BB2002BE4
:10ABA000B9D083689F07EFD4F1F7C2FEE38E9BB262
:10ABB000002BB0D02068E4E7226B12781A73E38E82
:10ABC000226B013B01329BB22263E386E38E9BB290
:10ABD000002BA0D023689A689207EDD4F1F7A8FE65
:10ABE000801BA842F2D323E0B8F1010F7FF478AFC5
:10ABF0006DE7F1F79DFEE38E9BB2002B7FF475AFFE
:10AC000089E7226B32F8023BCB60E38E2263013B83
:10AC10009BB2E386E38E9BB2002B3FF47CAF2168AE
:10AC20008B689A07EDD4F1F783FE831BAB42F1D317
:10AC3000012384F85130002384F85030032085E745
:10AC400037F8023BC360E38E2763013B9BB2E38688
:10AC500091E700BF6C6D05082DE9F041044680685E
:10AC600082B00F4690461E46002840F09F80F1F7C4
:10AC70005FFE94F851306268012B0546D9B20AD0C4
:10AC8000B2F5827F40F08E80A368002B40F08A806E
:10AC9000042940F08780002F00F00E81B8F1000FEA
:10ACA00000F00A81002E00F0078194F85030012B4B
:10ACB00078D094F85130C4F83880042B1CBF052399
:10ACC00084F85130002363650121C4E910332368FF
:10ACD000E68784F85010E6861968A6874906276338
:10ACE000A68603D4196841F040011960E168B1F506
:10ACF000006F61D0002A00F0D080012E00F0CD80DE
:10AD0000089B01334FF0010628D093E021688B683F
:10AD10009B070FD5E38E9BB263B15EB1236B1B78AB
:10AD20000B73E38E226B2168013B01329BB200263C
:10AD3000E38622638B6813F001030DD0E28F92B299
:10AD400052B1A26BC9681170E28FA16B013A013157
:10AD500092B2A163E2871E46F1F7EAFDE38E9BB251
:10AD6000002BD3D1E38F9BB2002BCFD108992A4679
:10AD70002046FFF7D9FB002840F09980A36833B93B
:10AD800022680193D368019393680193019B012387
:10AD900084F85130606D0023C01A84F8503018BF19
:10ADA000012000E0022002B0BDE8F081644840F2DA
:10ADB0007E41CFF799FA5AE7002A7FD137F8022B64
:10ADC000DA60E38E2763013B9BB2E386089B013385
:10ADD0004FF0010625D074E02268936898070DD5DE
:10ADE000E38E9BB253B146B1216B31F8023BD36085
:10ADF000E38E2163013B9BB2E3860026936813F048
:10AE000001030CD0E18F89B249B1A16BD26821F85E
:10AE1000022B1E46E38FA163013B9BB2E387F1F750
:10AE200087FDE38E9BB2002BD6D1E38F9BB2002B24
:10AE3000D2D19BE7E38E9BB21BB9E38F9BB2002B71
:10AE400094D02268936899070FD5E38E9BB263B1C3
:10AE50005EB1236B1B781373E38E216B2268013B79
:10AE600001319BB20026E3862163936813F001034E
:10AE700003D0E18F89B2002955D1F1F759FD089B24
:10AE8000401B9842D6D3012384F85130032000237D
:10AE900084F8503002B0BDE8F0813A781A73E38E3E
:10AEA000226B013B01329BB22263E38628E720221A
:10AEB0000023626584F85030012074E7012E85D1AB
:10AEC0007CE7E38E9BB223B9E38F9BB2002B3FF468
:10AED0004DAF226893689F070DD5E38E9BB253B1A7
:10AEE00046B1216B31F8023BD360E38E2163013B15
:10AEF0009BB2E3860026936813F001030CD0E18F28
:10AF000089B249B1A16BD26821F8022B1E46E38FAA
:10AF1000A163013B9BB2E387F1F70AFD089B401B4D
:10AF20009842CED3AFE7A16BD2680A70E28FA16BD3
:10AF3000013A013192B2A163E2871E469DE700BF4C
:10AF40006C6D05082DE9F0431D4690F85130012B3A
:10AF500083B077D15FFA83F84368B3F5827F044604
:10AF60001746894603D18368002B00F0D280F1F7A1
:10AF7000DFFC0646B9F1000F60D0002F5ED094F8D8
:10AF80005030012B5ED0A2682168C4F838900120AF
:10AF9000002384F85000B2F5004F4FF0040084F80D
:10AFA0005100C4E9103363652363A386E787A7874D
:10AFB000E3860B4600F0A4800A68500603D40A68B2
:10AFC00042F040020A60E268002A41D1E28F92B268
:10AFD000CAB16F1C0ED06BE0A26B1B7B1370E28FAB
:10AFE000A16B013A92B2E287E38F01319BB2A16378
:10AFF0004BB123689A68D007EED4F1F799FCE38F40
:10B000009BB2002BF5D16368B3F5827F00F08B8093
:10B0100000962B46002201212046FFF719FA00284E
:10B0200040F09280012384F85130606D0023B0EB32
:10B03000030884F8503018BF4FF00108404603B0B1
:10B04000BDE8F0834FF00208404603B0BDE8F0834E
:10B05000E28F92B2002AD6D06A1C40D18B68DB07FF
:10B060000FD5A36BCA6823F8022BE28FA363013AC2
:10B0700092B2E287E38F9BB2002BC4D08B68DB07D0
:10B08000EFD4F1F755FCE38F9BB2002BBBD02168C6
:10B09000E4E7A26B1B7B1370E38FA26B013B0132D1
:10B0A0009BB2A263E387E38F9BB2002BABD02368F4
:10B0B0009A68D107EDD4F1F73BFC801BA842F2D38C
:10B0C00015E0A26BDB6822F8023BE38FA263013B31
:10B0D0009BB2E387E38F9BB2002B94D023689A68DE
:10B0E000D207EED4F1F724FC801BA842F2D301234F
:10B0F00084F85130002384F850304FF003089DE766
:10B100000A6822F040020A600A6822F480420A605B
:10B1100052E700950425134680F851500A46FFF780
:10B120009BFD80468AE7A368B3F5004F23D0B3F5B3
:10B13000806F10D000962B46002280212046FFF71A
:10B1400087F900283FF46EAF636D43F02003636519
:10B150002023636566E721680A6822F040020A60DE
:10B160002B460022009601212046FFF771F90028A6
:10B170003FF458AFE8E72268136823F040031360F8
:10B18000D8E700BF836833F4004370B504460E4629
:10B19000154604D0234840F26D51CFF7A5F8002E94
:10B1A0003DD0002D3BD094F85130012BDAB234D190
:10B1B00094F85030012B30D0032084F85100E1681E
:10B1C000194884F85020194A26630023994218BF71
:10B1D0000246A1686365B1F5004FC4E91032E58607
:10B1E000A363A387E387A586236807D11A6822F0A3
:10B1F00040021A601A6842F480421A601A685206C5
:10B2000003D41A6842F040021A60002084F850000B
:10B210005A6842F0A0025A6070BD022070BD012041
:10B2200070BD00BF6C6D0508D9B90308B5B9030836
:10B23000F8B5044680680E4617461D46002846D1DC
:10B2400094F851306268012BD9B207D0B2F5827FF1
:10B2500039D1A368002B36D1042934D1002E34D043
:10B26000002F32D0002D30D094F85030012B2AD04E
:10B2700094F85130194A1A482663042B1CBF052341
:10B2800084F8513000236365E368E586002B154B95
:10B29000E58718BF134663642368134A1968A586B7
:10B2A00018BF024622644A06A763A58703D41A681A
:10B2B00042F040021A60002084F850005A6842F0C0
:10B2C000E0025A60F8BD0220F8BD0120F8BD074831
:10B2D00040F21D61CFF708F8B2E700BF89BB030851
:10B2E000C1BB030821BB030855BB03086C6D0508EF
:10B2F00070B590F851E0BEF1010F50D185688446D9
:10B300000C465FFA8EF3002D3CD0002C38D0002A7A
:10B3100036D09CF85030012B41D001238CF85030AE
:10B3200004238CF851300023CCF85430DCF80C1096
:10B33000ACF83E20ACF83C20CCF830301E4AACF8DB
:10B340003430ACF83630CCF844301C4BCCF83840B4
:10B35000002918BF1346B5F5004FDCF80020CCF8E3
:10B3600040301FD013685B0603D4136843F04003DA
:10B37000136000238CF85030516841F06001516037
:10B38000184670BD4668B6F5827FBED1042480F8A9
:10B3900051401346BDE870400A46FFF749BF0223FB
:10B3A000184670BD136823F040031360136823F43C
:10B3B00080431360D6E700BFFDBE030805BA03084B
:10B3C000836C70B504460D461646002B5FD0A3680B
:10B3D00033F4004304D0314840F27361CEF784FF68
:10B3E00094F85130012BDAB247D1002D4DD0002E08
:10B3F0004BD094F85030012B3FD0032184F85110EA
:10B40000A16884F850200023B1F5004F6365C4E9BA
:10B410001033E68622682563A686A363A387E387A5
:10B4200007D1136823F040031360136843F480438B
:10B430001360A06C1A4B03641A4BC3631A4BC364AA
:10B44000E38E002606650C3229469BB2F2F7E4FE35
:10B45000A8B923681A68520603D41A6842F0400259
:10B460001A60002284F850205A6842F020025A6084
:10B470005A6842F002025A6070BD022070BD636DCE
:10B4800084F8506043F010036365012070BD0348E9
:10B490004FF4CE61CEF728FF99E700BF6C6D050829
:10B4A000F9B803081DBC0308F9BB03082DE9F041F6
:10B4B0000446C06C0F4616461D46002800F08780E3
:10B4C000A36C002B00F08C80A368002B54D194F85F
:10B4D00051306268012BD9B207D0B2F5827F48D1D2
:10B4E000A368002B45D1042943D1002F3FD0002E63
:10B4F0003DD0002D3BD094F85030012B39D00123A2
:10B5000084F8503094F851303C49A586042B18BF7C
:10B5100005234FF0000818BF84F85130C4F8548058
:10B52000E586E58794F85130A587E06C344D2763B4
:10B53000042B344BA66318BF0B46C4E9108832496C
:10B54000036418BF2946314BC364E38FC16321688C
:10B55000C0F8508032469BB20C31F2F75DFE0546D2
:10B5600080B1636D84F8508043F01003636501205F
:10B5700000E00220BDE8F081254840F24D71CEF791
:10B58000B3FEA4E72268A06C5368216B43F001036B
:10B590005360E38E0C32C0E90F55C0E913559BB2DE
:10B5A000F2F73AFE10BB23681A68520603D41A68F1
:10B5B00042F040021A60002284F850205A6842F09B
:10B5C00020025A605A6842F002025A60D2E71048DC
:10B5D00040F24971CEF788FEA36C002B7FF474AF64
:10B5E0000B4840F24A71CEF77FFE6DE7636D84F839
:10B5F000505043F010036365B9E700BF19B9030861
:10B6000045BD030809B9030889BC0308F9BB030851
:10B610006C6D0508C36C70B504460D461646002BCC
:10B6200069D094F85130012B45D1A2681AB96368EA
:10B63000B3F5827F52D0002D45D0002E43D094F830
:10B640005030012B37D0012384F85030042384F884
:10B650005130B2F5004F4FF000036365C4E9103379
:10B66000E6872168A563A687A386E3862DD0E06CD4
:10B67000274B0364274BC363274BC364E38F002628
:10B6800006652A460C319BB2F2F7C6FDA8B92368BD
:10B690001A68520603D41A6842F040021A60002267
:10B6A00084F850205A6842F020025A605A6842F0EA
:10B6B00001025A6070BD022070BD636D84F8506055
:10B6C00043F010036365012070BD0B6823F0400355
:10B6D0000B600B6823F480430B60C8E7A36C042263
:10B6E00084F851206BB133462A4629462046BDE8EE
:10B6F0007040FFF7DBBE094840F2D761CEF7F4FD9A
:10B700008FE7064840F2E361CEF7EEFDEBE700BFBE
:10B7100009B9030889BC0308F9BB03086C6D050867
:10B7200010B5484B484A1B68A2FB032384B064222F
:10B730005B0A02FB03F30193019B026800935368C9
:10B7400023F02003536053681906044613D53F4B7A
:10B750004364009B4BB1009B013B009394F8513034
:10B76000072B06D0009B002BF5D1636D43F04003FF
:10B770006365019B009353685B0612D5344B2364C9
:10B7800006E0009B013B009394F85130072B06D054
:10B79000009B002BF5D1636D43F040036365019B73
:10B7A0000093536898071AD5A06CC0B100230365B5
:10B7B000F2F784FD002841D12268536823F0020388
:10B7C000536005E0009B013B00939368990706D402
:10B7D000009B002BF6D1636D43F040036365536813
:10B7E000DB0711D5E06C78B100230365F2F766FD45
:10B7F00008B1402363652268136823F04003136097
:10B80000536823F0010353600020E087E086636DF6
:10B81000402B4FF0000318BF60650293D16802917E
:10B82000916802910299039393680393039A08BF66
:10B830000120012384F8513004B010BD402363651A
:10B84000BAE700BF08000020F119760535A4030807
:10B85000D5A3030890F85020012A0DD010B4046835
:10B8600062680346002122F00302626083F85010F0
:10B8700008465DF8044B70470220704790F850204E
:10B88000012A0DD010B4046862680346002142F01A
:10B890000302626083F8501008465DF8044B70475D
:10B8A0000220704738B50446806C10B1F2F706FDEF
:10B8B000A0B90025E06C38B1F2F700FD20B1636D4E
:10B8C00043F010030125636522685368012123F0CA
:10B8D0000303536084F85110284638BD636D43F06C
:10B8E000100301256365E5E7704700BF704700BF9F
:10B8F000704700BF704700BF08B5806BFFF7FAFFC5
:10B9000008BD00BF704700BF08B5806BFFF7FAFFA6
:10B9100008BD00BF704700BF08B5806BFFF7FAFF96
:10B9200008BD00BF704700BF10B5204B204A1B6800
:10B93000A2FB0323642182B05B0A01FB03F30446EC
:10B940000093F0F7F5FF2268014605E0009B013BFC
:10B95000009393689B0706D4009B002BF6D1636D80
:10B9600043F020036365536823F0A003536020462F
:10B97000FEF788FE18B1636D43F020036365A3688A
:10B9800033B922680193D368019393680193019BB3
:10B99000012384F85130636D20461BB1FFF7C2FFCD
:10B9A00002B010BDFFF7A0FF02B010BD08000020DC
:10B9B000F1197605016B026809781173C28E016B6B
:10B9C000013A92B2C286C28E013192B2016302B1D3
:10B9D0007047FFF7A9BF00BF016B026810B431F8D0
:10B9E000024BD460C28E0163013A92B2C286C38E0A
:10B9F0009BB213B15DF8044B70475DF8044BFFF741
:10BA000093BF00BF0268836B127B1A70C38F826B77
:10BA1000013B9BB2C387C38F01329BB2826303B1E8
:10BA2000704710B50268536823F0600382B053601A
:10BA30000446F0F77DFF01462046FEF75FFE18B191
:10BA4000636D43F020036365A36833B922680193F3
:10BA5000D368019393680193019B012384F85130CB
:10BA6000636D20461BB1FFF75DFF02B010BDFFF70D
:10BA70003DFF02B010BD00BF10B5274B274A1B6821
:10BA8000A2FB0323642182B004465B0A01FB03F39B
:10BA90000093F0F74DFF2268536823F0200301461E
:10BAA000536005E0009B013B009393689B0706D41D
:10BAB000009B002BF6D1636D43F0200363652046A5
:10BAC000FEF7E0FD18B1636D43F020036365A368E2
:10BAD00033B922680193D368019393680193019B62
:10BAE000636D83B994F85130042B4FF0010384F84F
:10BAF0005130204603D0FFF7FBFE02B010BDFFF728
:10BB0000F5FE02B010BD012384F851302046FFF746
:10BB100009FF02B010BD00BF08000020F119760532
:10BB2000016B026809781173C28E016B013A92B2FF
:10BB3000C286C28E013192B201633AB901684A6885
:10BB400022F080024A60C38F9BB203B17047FFF7B7
:10BB500093BF00BF0168826B097B1170C28F816B3C
:10BB6000013A92B2C287C28F013192B281633AB96F
:10BB700001684A6822F060024A60C38E9BB203B13A
:10BB80007047FFF779BF00BF016B10B4046831F84C
:10BB9000022BE260C28E0163013A92B2C286C28E6B
:10BBA00092B232B9626822F080026260C38F9BB2A7
:10BBB00013B15DF8044B70475DF8044BFFF75CBFB1
:10BBC00010B40468816BE26821F8022BC28F816394
:10BBD000013A92B2C287C28F92B232B9626822F041
:10BBE00040026260C38E9BB213B15DF8044B704794
:10BBF0005DF8044BFFF740BF806B026808B55368DF
:10BC000023F003035360436D012143F010034365A8
:10BC100080F85110FFF786FE08BD00BF30B505461D
:10BC200083B0846BF0F784FE2B681B68DB0521D49E
:10BC300023685A6822F020025A605A6822F00202F1
:10BC400001465A602046FEF71DFD18B1636D43F0B2
:10BC500020036365A36833B922680193D368019315
:10BC600093680193019B01230022E28684F85130FE
:10BC7000636D23B92046FFF737FE03B030BD204681
:10BC8000FFF750FE03B030BD70B50546846BF0F78A
:10BC90004FFE2A68126812F480721CD121684D6828
:10BCA00025F0200503464D60D4E90150B8B14E6837
:10BCB000B5F5827F26F001064E601CD000220121DE
:10BCC0002046FEF775FC20BB01230022E28784F8A2
:10BCD0005130636D5BB92046FFF708FE70BDB5F5C6
:10BCE000827F4A681CD022F001024A60E6E72046C3
:10BCF000FFF718FE70BDB0F5004F15D10A6822F0AD
:10BD000040020A60002280212046FEF751FC0028F4
:10BD1000DAD0636D43F02003636520236365D3E7C6
:10BD200022F003024A60EDE7B0F5806FEAD10868BF
:10BD300020F04000086001212046FEF739FC002871
:10BD4000C2D0E6E738B50546846BF0F7F1FD2B6805
:10BD50001B68DB051AD42268536823F020030146D0
:10BD600053602046FEF78EFC18B1636D43F020034C
:10BD7000636521684B68002223F0030301204B60B8
:10BD8000E286E28784F85100636D1BB92046FFF715
:10BD9000AFFD38BD2046FFF7C5FD38BD30B50268A0
:10BDA0005168936813F0400F85B00446C3F38015C3
:10BDB00016D113F0010F53D198076AD508067CD429
:10BDC000980613D4DB0568D58D0666D5636D002013
:10BDD00043F008036365039093680393039B18E0A3
:10BDE000980742D5080668D4980640D5880654D5E9
:10BDF000002D56D1606D40F001006065002002907A
:10BE000090680290106820F0400010600298DB05F6
:10BE1000DCD4636D002B40D05368012023F0E00395
:10BE20008D07536084F8510059D05368E06C23F0BB
:10BE30000303536040B12C4B0365F2F789FA18B144
:10BE4000636D43F040036365A06C30B3264B03651C
:10BE5000F2F77EFA08B3636D43F0400363651CE0BC
:10BE600011F0400FA8D0036C29E09D0617D4880676
:10BE700013D594F85100032817D0606D40F00400EA
:10BE8000606500200090D068009090680090009855
:10BE9000BDE7980696D58806ACD405B030BD8D06B2
:10BEA000FBD594F8510003280DD100230193D368EA
:10BEB000019393680193019BEFE7636C204605B003
:10BEC000BDE830401847606D40F004006065002018
:10BED0000090D06800909068009000988AE7204613
:10BEE000FFF720FDD9E700BFEDBE030808B5806B62
:10BEF0000023C387C386FFF715FD08BD0168826B69
:10BF0000CB6822F8023BC38F8263013B9BB2C3879D
:10BF1000C38F9BB203B1704710B54B6823F0600329
:10BF200082B04B600446F0F703FD01462046FEF761
:10BF3000E5FB18B1636D43F020036365A36833B973
:10BF400022680193D368019393680193019B0123B5
:10BF500084F85130636D20461BB1FFF7E3FC02B05B
:10BF600010BDFFF7C3FC02B010BD00BF704700BF9B
:10BF700030B55B4B5B4A1B68A2FB032385B0642290
:10BF80005B0A02FB03F30193019B02680093536871
:10BF900023F02003536053681D06044613D5524B0B
:10BFA0004364009B4BB1009B013B009394F85130DC
:10BFB000072B06D0009B002BF5D1636D43F04003A7
:10BFC0006365019B00935368580612D5474B236461
:10BFD00006E0009B013B009394F85130072B06D0FC
:10BFE000009B002BF5D1636D43F040036365019B1B
:10BFF0000093D4E91201002853D0536813F00203D0
:10C0000018D10365D1B1536813F0010F384B08BF45
:10C0100000230B6553689B0700D590B95368D80778
:10C0200020D50846F2F794F9002851D1002528467A
:10C0300005B030BD2F4B03650029E4D15368990743
:10C0400044D5F2F785F9054600282FD0A16C226867
:10C0500040230020086563655368DD0702D5E16C65
:10C060000029DED10025E587E586636D402B4FF082
:10C07000000318BF65650293D1680291916802912F
:10C0800002990393936803934FF00103039A84F892
:10C090005130204608BF0125FFF768FF284605B04C
:10C0A00030BD0029AFD153685368DBE723685B6874
:10C0B000DB07BBD5E06C0028B8D0F2F749F90028BF
:10C0C000B4D0E26C402315656365AFE75368C9E7F8
:10C0D000E26C00214023116522686365C2E700BF5E
:10C0E00008000020F119760535A40308D5A303083C
:10C0F000F9C0030871C1030830B5846B2368E16C93
:10C100001A6822F0400283B01A605A68002522F0B3
:10C1100001020D655A60F0F70BFC01462046FEF760
:10C12000B1FA18B1636D43F040036365A36C1BB1B2
:10C130001B6D0BB103B030BD0023E387E386626D56
:10C14000402A18BF6365002223680092D9680091D5
:10C1500099680091009901929B6801930123019ACB
:10C1600084F851302046FFF701FF03B030BD00BF17
:10C1700010B5204B204A1B68806BA2FB032384B0C0
:10C1800064215B0A026801FB03F301935368816C2D
:10C19000002423F002030C65536005E0019B013B82
:10C1A000019393689B0706D4019B002BF6D1436D46
:10C1B00043F040034365C36C1BB11B6D0BB104B06E
:10C1C00010BD0023C387C386416D402918BF436556
:10C1D00000230293D168029191680291029903931E
:10C1E000936803930123039A80F85130FFF7BEFE52
:10C1F00004B010BD08000020F119760590F8510038
:10C20000704700BF406D70472DE9F041056A036A31
:10C210000A6823F0010303624768836923F073030C
:10C2200043EA02088B6825F002051D431C4B984227
:10C2300004460E460BD003F58063984207D073681E
:10C240006760C4F8188063632562BDE8F081F36815
:10C2500033F0080205D0134841F6D021CEF744F858
:10C26000F36825F008051D43B36933F4007325F026
:10C27000040504D00B4841F6DD21CEF735F873698B
:10C2800033F4807205D0074841F6DE21CEF72CF852
:10C290007369B16927F440720A4342EA0307CEE7A3
:10C2A000000001401C6E05082DE9F041056A036A93
:10C2B0000A6823F4807303624768C36923F0730339
:10C2C00043EA02088B6825F4007545EA03251D4BF7
:10C2D000984204460E460BD003F58063984207D07F
:10C2E00073686760C4F81C80E3632562BDE8F08171
:10C2F000F36833F0080205D0134841F66731CDF7F3
:10C30000F3FFF36825F4006545EA0325B36933F4C8
:10C31000007325F4806504D00B4841F67431CDF7E5
:10C32000E3FF726932F4807305D0074841F6753136
:10C33000CDF7DAFF7269B36927F440571A4347EA29
:10C340000217CDE7000001401C6E050802689368E3
:10C3500070B50C46496823F0700305460B4320680E
:10C3600023F007030343502993607ED04BD9602903
:10C3700000F0CE80702950D1874B9A421FD0B2F185
:10C38000804F1CD0A3F57C439A4218D003F58063FC
:10C390009A4214D003F580639A4210D003F5784393
:10C3A0009A420CD003F570539A4208D0A3F5943307
:10C3B0009A4204D0794841F6EE31CDF795FFE36813
:10C3C00033F4405304D0754841F6EF31CDF78CFF7C
:10C3D000A368B3F5004F05D033F0020202D00A2B58
:10C3E00040F0428121690F2900F223812868E36827
:10C3F0008268A46822F47F422343134343EA012363
:10C400008360002070BD402900F0CA8005D8202933
:10C4100007D004D831F0100303D0012070BD3029BB
:10C42000FBD15D4B9A42ECD0B2F1804FE9D0A3F53D
:10C430007C439A42E5D003F580639A42E1D003F54C
:10C4400080639A42DDD003F578439A42D9D003F550
:10C4500070539A42D5D0A3F594339A42D1D04F4825
:10C4600041F63641CDF740FFCBE74B4B9A422FD0F8
:10C47000B2F1804F2CD0A3F57C439A4228D003F52B
:10C4800080639A4224D003F580639A4220D003F55A
:10C4900078439A421CD003F570539A4218D003F5A2
:10C4A00080639A4214D003F580639A4210D0A3F5BA
:10C4B00098339A420CD003F580639A4208D003F572
:10C4C00080639A4204D0354841F61741CDF70CFFFE
:10C4D000A368B3F5004F05D033F0020202D00A2B57
:10C4E00040F0CE8026690F2E00F2B1802B68A16843
:10C4F000186A1A6A22F001021A629A6920F00A0088
:10C5000022F0F002014342EA06129A61196278E7CA
:10C51000214B9A421FD0B2F1804F1CD0A3F57C432F
:10C520009A4218D003F580639A4214D003F58063D1
:10C530009A4210D003F578439A420CD003F5705319
:10C540009A4208D0A3F594339A4204D0134841F696
:10C550002541CDF7C9FEA368B3F5004F05D033F0F0
:10C56000020202D00A2B40F0858020690F2867D88C
:10C570002B68A4681A6A196A21F010011962996976
:10C5800022F0A00221F4704142EA041241EA003193
:10C5900099611A6235E700BF000001401C6E050872
:10C5A0003A4B9A422FD0B2F1804F2CD0A3F57C4366
:10C5B0009A4228D003F580639A4224D003F5806321
:10C5C0009A4220D003F578439A421CD003F5705369
:10C5D0009A4218D003F580639A4214D003F5806321
:10C5E0009A4210D0A3F598339A420CD003F5806399
:10C5F0009A4208D003F580639A4204D0244841F659
:10C60000FD31CDF771FE23690F2B27D82368052B49
:10C610003FF403AF2B682069196A1A6A22F00102FD
:10C620001A629A6922F0F00242EA00129A611962D3
:10C63000E7E641F6F1311648CDF756FE2169D5E619
:10C64000134841F62741CDF74FFE206990E7104887
:10C6500041F61941CDF748FE266947E70C4841F6F7
:10C66000FE31CDF741FED1E7094841F6F031CDF773
:10C670003BFEB7E6064841F62641CDF735FE74E7A6
:10C68000034841F61841CDF72FFE2BE7000001408B
:10C690001C6E0508704700BF002800F0118138B5F6
:10C6A000884A03689342044637D0B3F1804F34D0B0
:10C6B000A2F57C42934230D002F5806293422CD0A6
:10C6C00002F58062934228D002F58062934224D022
:10C6D00002F58062934220D002F5704293421CD052
:10C6E00002F57052934218D002F58062934214D042
:10C6F00002F58062934210D0A2F5983293420CD09A
:10C7000002F58062934208D002F58062934204D021
:10C710006D4840F21311CDF7E7FDA36833F0100226
:10C720000AD023F04002202A06D0402B04D06648CD
:10C730004FF48A71CDF7D8FD236933F480725DD14F
:10C740002268E368B2F1804F65D060498A4262D0C6
:10C75000013B4FF6FE7293428CBF00230123002B56
:10C7600000F0A880A36933F0800304D0564840F25B
:10C770001711CDF7B9FD94F83D3003F0FF02002BFF
:10C7800000F0928022684F49022384F83D308A42AB
:10C79000136875D0B2F1804F41D0A1F57C418A4237
:10C7A0003DD001F580618A4239D001F580618A422D
:10C7B00035D001F578418A4262D045498A4232D06B
:10C7C00001F580618A422ED001F580618A422AD02B
:10C7D000A1F598318A4226D001F580618A4222D0A3
:10C7E00001F580618A421ED0A5696168E06823F086
:10C7F00080032B431360D062916221E0B3F5007F88
:10C800009ED0314840F21511CDF76EFD2268E368E5
:10C81000B2F1804F99D1003B18BF01239FE7A16877
:10C8200023F070030B432069A16923F44073034391
:10C8300023F08003E0680B4361681360D06291626B
:10C84000012353611369DB0703D5136923F0010347
:10C850001361012384F8463084F83E3084F83F3079
:10C8600084F8403084F8413084F8423084F8433012
:10C8700084F8443084F8453084F83D30002038BDD9
:10C88000A068216923F07003034323F440730B4332
:10C89000A16923F080030B431360E368D3626368EC
:10C8A000936263691363CBE784F83C202046CEF79C
:10C8B000C9FE67E704484FF48B71CDF715FD51E7CA
:10C8C00001207047000001401C6E0508000C00406C
:10C8D00000400140704700BF354A0368934210B5DD
:10C8E000044638D0B3F1804F35D0A2F57C42934254
:10C8F00031D002F5806293422DD002F580629342DE
:10C9000029D002F58062934225D002F580629342DD
:10C9100021D002F5704293421DD002F5705293422D
:10C9200019D002F58062934215D002F580629342DD
:10C9300011D0A2F5983293420DD002F58062934255
:10C9400009D002F58062934205D01A4840F249119D
:10C95000CDF7CAFC2368022284F83D20196A41F20F
:10C960001112114208D1196A40F24442114203D116
:10C970001A6822F001021A602046CEF7DBFE002082
:10C9800084F8460084F83C0084F83E0084F83F00B8
:10C9900084F8400084F8410084F8420084F84300A1
:10C9A00084F8440084F8450084F83D0010BD00BFC1
:10C9B000000001401C6E0508384A0368934210B518
:10C9C000044637D0B3F1804F34D0A2F57C42934275
:10C9D00030D002F5806293422CD002F580629342FF
:10C9E00028D002F58062934224D002F580629342FF
:10C9F00020D002F5704293421CD002F5705293424F
:10CA000018D002F58062934214D002F580629342FE
:10CA100010D0A2F5983293420CD002F58062934276
:10CA200008D002F58062934204D01D4840F295116F
:10CA3000CDF75AFC94F83D30012B2CD12368174ACE
:10CA40000221934284F83D101AD0B3F1804F17D0E1
:10CA5000A2F57C42934213D002F5806293420FD03C
:10CA600002F5806293420BD002F57842934207D0E0
:10CA700002F57052934203D0A2F59432934204D14E
:10CA80009A6802F00702062A03D01A6842F00102EF
:10CA90001A60002010BD012010BD00BF0000014041
:10CAA0001C6E0508284A0368934210B5044638D026
:10CAB000B3F1804F35D0A2F57C42934231D002F5DC
:10CAC000806293422DD002F58062934229D002F514
:10CAD0008062934225D002F58062934221D002F514
:10CAE000704293421DD002F57052934219D002F564
:10CAF0008062934215D002F58062934211D0A2F574
:10CB0000983293420DD002F58062934209D002F52B
:10CB10008062934205D00D484FF4DD71CDF7E4FB00
:10CB20002368196A41F21112114208D1196A40F2C0
:10CB30004442114203D11A6822F001021A60012313
:10CB400084F83D30002010BD000001401C6E050837
:10CB5000394A0368934210B5044637D0B3F1804F89
:10CB600034D0A2F57C42934230D002F580629342E9
:10CB70002CD002F58062934228D002F58062934265
:10CB800024D002F58062934220D002F57042934295
:10CB90001CD002F57052934218D002F58062934285
:10CBA00014D002F58062934210D0A2F598329342DD
:10CBB0000CD002F58062934208D002F58062934265
:10CBC00004D01E484FF4E871CDF78EFB94F83D3049
:10CBD000012B2FD123681849022284F83D20DA68FE
:10CBE0008B4242F00102DA6019D0B3F1804F16D0C7
:10CBF000134A934213D002F5806293420FD002F59C
:10CC0000806293420BD002F57842934207D002F53E
:10CC10007052934203D0A2F59432934204D19A68A1
:10CC200002F00702062A03D01A6842F001021A60D5
:10CC3000002010BD012010BD000001401C6E050841
:10CC4000000400402A4A0368934210B5044638D0D5
:10CC5000B3F1804F35D0A2F57C42934231D002F53A
:10CC6000806293422DD002F58062934229D002F572
:10CC70008062934225D002F58062934221D002F572
:10CC8000704293421DD002F57052934219D002F5C2
:10CC90008062934215D002F58062934211D0A2F5D2
:10CCA000983293420DD002F58062934209D002F58A
:10CCB0008062934205D00F484FF4FC71CDF714FB0E
:10CCC0002368DA6822F00102DA601A6A41F211116F
:10CCD0000A4208D1196A40F24442114203D11A684B
:10CCE00022F001021A60012384F83D30002010BDBB
:10CCF000000001401C6E050870B53B4D04460068FD
:10CD0000A84282B00E4620D0B0F1804F1DD0374BE4
:10CD100098421AD003F58063984216D003F58063D9
:10CD2000984212D003F5806398420ED003F58063D9
:10CD300098420AD003F57043984206D02C480192DD
:10CD400040F21321CDF7D0FA019A94F83DC0BCF11E
:10CD5000020F5FFA8CF006D094F83D30012B01D120
:10CD600006B112B9012002B070BD206A2149022328
:10CD700084F83D301346204A0264204AC264226887
:10CD8000C1632C323146F1F747FA0028EAD1236813
:10CD90001549DA688B4242F48072DA6019D0B3F137
:10CDA000804F16D0114A934213D002F5806293420D
:10CDB0000FD002F5806293420BD002F57842934285
:10CDC00007D002F57052934203D0A2F594329342F9
:10CDD00004D19A6802F00702062AC4D01A6842F009
:10CDE00001021A60BFE700BF0000014000040040DC
:10CDF0001C6E0508313D04084D3D0408AD40040893
:10CE0000204A0368934210B5044620D0B3F1804F06
:10CE10001DD0A2F57C42934219D002F58062934264
:10CE200015D002F58062934211D002F580629342E0
:10CE30000DD002F58062934209D002F57042934210
:10CE400005D0114840F25621CDF74EFA2368DA6832
:10CE5000206A22F48072DA60F1F77AFA2368196A9C
:10CE600041F21112114208D1196A40F244421142B2
:10CE700003D11A6822F001021A60012384F83D30C0
:10CE8000002010BD000001401C6E0508704700BF67
:10CE9000002800F0118138B5884A0368934204469F
:10CEA00037D0B3F1804F34D0A2F57C42934230D0DA
:10CEB00002F5806293422CD002F58062934228D022
:10CEC00002F58062934224D002F58062934220D022
:10CED00002F5704293421CD002F57052934218D072
:10CEE00002F58062934214D002F58062934210D022
:10CEF000A2F5983293420CD002F58062934208D09A
:10CF000002F58062934204D06D4840F29321CDF740
:10CF1000EBF9A36833F010020AD023F04002202A74
:10CF200006D0402B04D066484FF42571CDF7DCF9CC
:10CF3000236933F480725DD12268E368B2F1804FD7
:10CF400065D060498A4262D0013B4FF6FE7293423F
:10CF50008CBF00230123002B00F0A880A36933F0CD
:10CF6000800304D0564840F29721CDF7BDF994F8DC
:10CF70003D3003F0FF02002B00F0928022684F4901
:10CF8000022384F83D308A42136875D0B2F1804F95
:10CF900041D0A1F57C418A423DD001F580618A42B1
:10CFA00039D001F580618A4235D001F578418A4255
:10CFB00062D045498A4232D001F580618A422ED042
:10CFC00001F580618A422AD0A1F598318A4226D0A3
:10CFD00001F580618A4222D001F580618A421ED02B
:10CFE000A5696168E06823F080032B431360D06279
:10CFF000916221E0B3F5007F9ED0314840F2952147
:10D00000CDF772F92268E368B2F1804F99D1003B05
:10D0100018BF01239FE7A16823F070030B43206929
:10D02000A16923F44073034323F08003E0680B43BA
:10D0300061681360D0629162012353611369DB0759
:10D0400003D5136923F001031361012384F84630EB
:10D0500084F83E3084F83F3084F8403084F8413022
:10D0600084F8423084F8433084F8443084F8453002
:10D0700084F83D30002038BDA068216923F070039A
:10D08000034323F440730B43A16923F080030B4354
:10D090001360E368D3626368936263691363CBE7E9
:10D0A00084F83C202046FFF7F1FE67E7044840F291
:10D0B0009621CDF719F951E7012070470000014092
:10D0C0001C6E0508000C004000400140704700BF86
:10D0D000354A0368934210B5044638D0B3F1804F07
:10D0E00035D0A2F57C42934231D002F58062934262
:10D0F0002DD002F58062934229D002F580629342DE
:10D1000025D002F58062934221D002F5704293420D
:10D110001DD002F57052934219D002F580629342FD
:10D1200015D002F58062934211D0A2F59832934255
:10D130000DD002F58062934209D002F580629342DD
:10D1400005D01A4840F2C921CDF7CEF82368022253
:10D1500084F83D20196A41F21112114208D1196A6E
:10D1600040F24442114203D11A6822F001021A60CF
:10D170002046FFF7ABFF002084F8460084F83C000F
:10D1800084F83E0084F83F0084F8400084F84100B1
:10D1900084F8420084F8430084F8440084F8450091
:10D1A00084F83D0010BD00BF000001401C6E050862
:10D1B0000368AB4A934270B505460C461E4648D0FC
:10D1C000B3F1804F45D0A2F57C42934241D002F5A5
:10D1D000806293423DD002F58062934239D002F5DD
:10D1E0007842934235D09F4A934240F0E280002C2F
:10D1F00041D0042C00F0FC809B4840F21A31CDF75E
:10D2000073F8082C40F0678195F84030012B40F00E
:10D21000BE802B68924A0221934285F840101E4638
:10D2200000F0F380B3F1804F00F0B380A2F57C42B0
:10D23000934200F02F818D4A934200F0398102F52C
:10D240008062934200F06181894A934233D1884ED3
:10D2500050E00C2C00F23A81DFE814F00D003801A8
:10D260003801380179003801380138017900380176
:10D2700038013801790095F83E30012B40F0878065
:10D280002B68774A0221934285F83E101E4600F033
:10D29000BC80B3F1804F7CD0764A934200F0FA8094
:10D2A000724A934223D002F58062934200F02B81B0
:10D2B0006F4A934269D06B4A934218D002F580625C
:10D2C000934214D002F58062934210D0A2F59832B6
:10D2D00093420CD002F58062934208D002F580623E
:10D2E000934204D0604841F69F51CCF7FDFF0C2CCF
:10D2F00000F2CC8041F21113E340DB0704D45A481A
:10D300004FF4ED51CCF7F0FF2B68316A012204F0A5
:10D310001F0402FA04F421EA04013162316A504A1E
:10D320000C43934234627CD002F5806293427FD1F9
:10D330005A6C42F400425A649A6802F00702062AC4
:10D3400003D01A6842F001021A60002070BD042C5C
:10D350004ED0082C3FF458AF95F84120012A16D141
:10D36000022285F841203E4A93424ED0B3F1804FCD
:10D37000CBD0404A9342C8D002F580629342B9D0E4
:10D3800002F58062934200F0BE80394EAFE7012083
:10D3900070BD4FF0804204F01F04116A0123A340C6
:10D3A00021EA03011162116A0B4313624FF08043BB
:10D3B000C2E7314A934200F0B680304A934200F00F
:10D3C000B280A2F5983293423FF411AF2C4A9342B7
:10D3D00003D02C4A934240F09A80002C3FF44BAF8C
:10D3E000214840F21A31CCF77FFF042C7FF409AFBB
:10D3F00095F83F30012BCAD12B68194A022193427C
:10D4000085F83F101E467FF40DAF154A04F01F0447
:10D41000116A0123A34021EA03011162116A0B433F
:10D4200013620F4A516C41F400411346516483E783
:10D43000B3F1804FBAD00F4A934237D00B4A934290
:10D4400042D0114A93423FF477AF064A93423FF4E9
:10D4500073AFA2F5943293427FF473AF6CE700BFD1
:10D4600000000140004001401C6E0508000800401B
:10D470000004014000040040004401400048014015
:10D48000001C004000200040000C00403C2C7FF4B9
:10D4900036AF39E7284A04F01F04116A0123A3407C
:10D4A00021EA03011162116A0B431362224B43E725
:10D4B000224A04F01F04116A0123A34021EA030158
:10D4C0001162116A0B4313621C4B35E71C4840F292
:10D4D0001A31CCF709FF95F84130012B7FF457AF93
:10D4E0002B68184A0221934285F841101E463FF4EA
:10D4F000FEAEB3F1804F3FF4FAAEA2F57C42934208
:10D500007FF4CEAEF3E6104EF1E60F4EF2E60C4895
:10D5100040F21A31CCF7E8FE002C3FF4ACAE042CFC
:10D520003FF466AF6DE6002C3FF4A5AE044840F230
:10D530001A31CCF7D9FEF2E70004004000080040A1
:10D540001C6E050800000140000C004070B57B4ACD
:10D550000468944206460D46234679D0B4F1804FC4
:10D5600000F09C80A2F57C42944271D002F580626A
:10D5700094426DD002F58062944269D002F57842FF
:10D58000944265D002F57052944240F0B78031F079
:10D5900004023CD06A4840F24E31CCF7A5FE336815
:10D5A000664A93421C462DD0B3F1804F2AD0A2F593
:10D5B0007C42934226D002F58062934222D0614A97
:10D5C00093421FD0604A93421CD002F5705293429E
:10D5D00018D002F58062934214D002F58062934223
:10D5E00010D0A2F5983293420CD002F5806293429B
:10D5F00008D002F58062934204D0514841F69F5111
:10D60000CCF772FE0C2D52D93C2D55D13368226ACD
:10D6100005F01F000121814022EA01022262226AF4
:10D620002262464A93421BD002F58062934217D091
:10D63000196A41F21112114204D1196A40F24442AE
:10D64000114226D00123D5B986F83E30002070BDA6
:10D650000C2D3CD841F21112EA40D207D7D499E7F9
:10D66000196A41F211121142E2D1196A40F24442A0
:10D670001142DDD15A6C22F400425A64D8E7042DDD
:10D6800021D0082D0CBF86F8403086F841300020AC
:10D6900070BD1A6822F001021A60D3E70C293FF628
:10D6A00079AF41F21113CB40DB077FF573AF41F245
:10D6B0001113EB40D907A9D421484FF4ED51CCF711
:10D6C00013FE3368A3E786F83F30002070BD1C4886
:10D6D00040F24E31CCF708FE3368184A93421C469C
:10D6E00092D0B3F1804F8FD0A2F57C4293428BD081
:10D6F00002F5806293427FF462AF85E7134A944259
:10D7000008D0134A944205D0124A94420ED0124ACD
:10D71000944203D1002D3FF47AAF3BE70F4A944285
:10D720007FF438AF002D3FF472AF33E700293FF4A8
:10D730006EAF04297FF42EAF44E700BF0000014024
:10D740001C6E0508000C004000040140004401402C
:10D750000048014000180040001C0040002000402C
:10D760000368A14A934270B505460C461E4600F078
:10D77000A680B3F1804F00F0A280A2F57C429342D4
:10D7800000F09D8002F58062934200F0988002F5DF
:10D790008062934200F0938002F57842934200F059
:10D7A0008E80924A934240F02D81002C00F09980A7
:10D7B000042C00F043818E484FF45D71CCF794FD4A
:10D7C000082C40F07C8195F84030012B40F080819E
:10D7D0002B688549022285F84020DA688B4242F0A6
:10D7E0000802DA601E4600F0EB80B3F1804F00F0D3
:10D7F000C980804A934200F0D5807F4A934200F06E
:10D8000069817E4A93422DD002F57842934200F01E
:10D810003881764A93421AD0794A934214D002F55D
:10D820008062934210D0A2F5983293420CD002F558
:10D830008062934208D002F58062934204D06C4823
:10D8400041F69F51CCF750FD0C2C00F22F8141F294
:10D850001113E340DB0704D465484FF4ED51CCF7D6
:10D8600043FD2B68316A012204F01F0402FA04F41C
:10D8700021EA04013162316A5B4A0C43934234620B
:10D8800000F0AA8002F58062934200F0FC80B3F1C0
:10D89000804F00F08480574A934200F08F80564AB0
:10D8A000934240F0F580544B9A6802F00702062A32
:10D8B00003D01A6842F001021A60002070BD0C2CDF
:10D8C00000F2F880DFE814F00D00F600F600F60034
:10D8D0003300F600F600F6003300F600F600F6001E
:10D8E000330095F83E30012B40F0F2802B683E4922
:10D8F000022285F83E20DA688B4242F00202DA60AA
:10D900001E465DD0B3F1804F3CD03A4A934249D095
:10D91000394A934298D0394A934295D002F57842D9
:10D92000934291D0314A93427FF476AF8CE7042C36
:10D9300000F08480082C3FF446AF95F84120012A7E
:10D9400040F0C680022285F84120DA6842F01002D9
:10D95000DA60254A934233D0B3F1804F12D0A2F55A
:10D960007C4293421ED0244A9342D4D1196A04F0D7
:10D970001F040122A24021EA02011962196A0A4326
:10D980001A6290E74FF0804204F01F04116A0123ED
:10D99000A34021EA03011162116A0B4313624FF0A5
:10D9A000804381E7134A04F01F04116A0123A34056
:10D9B00021EA03011162116A0B4313620D4B73E7F5
:10D9C000094B04F01F04196A0122A24021EA020156
:10D9D0001962196A0A431A62034A516C41F4004100
:10D9E0001346516460E700BF000001400040014061
:10D9F0001C6E05080004004000080040000C0040B8
:10DA000000440140404A934274D0404A934271D04E
:10DA1000A2F5983293423FF4C8AE3D4A934202D0F9
:10DA20003C4A934258D1002C3FF45BAF3A484FF444
:10DA30005D71CCF759FC042C7FF4C2AE95F83F30F1
:10DA4000012B45D12B683549022285F83F20DA6841
:10DA50008B4242F00402DA601E46B1D0B3F1804F2F
:10DA600090D02F4A93429DD02E4A934232D002F555
:10DA7000806293423FF4EBAE02F5784293427FF42A
:10DA800051AF294EE3E65A6C42F400425A640BE768
:10DA9000264A93423FF408AF254A93423FF404AF2D
:10DAA000A2F5943293427FF404AFFDE63C2C7FF460
:10DAB000D3AED6E618484FF45D71CCF715FC95F857
:10DAC0004130012B04D102230C2C85F841300ED0BB
:10DAD000012070BD134EC5E60F484FF45D71CCF7C1
:10DAE00003FC002C3FF4FDAE042CA7D068E62B68A5
:10DAF0001E462AE7002C3FF4F4AE07484FF45D7150
:10DB0000CCF7F2FBF0E700BF0044014000480140C1
:10DB1000001C0040002000401C6E05080000014071
:10DB2000000400400008004000040140000C0040D8
:10DB30000040014070B5934B04689C4206460D4678
:10DB400042D0B4F1804F1DD0A3F57C439C422AD033
:10DB500003F580639C4226D003F580639C4222D06B
:10DB600003F578439C421ED0874B9C4240F0428193
:10DB7000002900F04F8104293BD1E36823F004031E
:10DB8000E36092E00C2934D8DFE811F0650133003E
:10DB9000330033006C013300330033007301330072
:10DBA000330033005B010C2D23D8DFE815F0FD00B6
:10DBB000220022002200140122002200220019016A
:10DBC0002200220022001E010C290ED8DFE811F0ED
:10DBD00027010D000D000D0022000D000D000D00AD
:10DBE00033010D000D000D002D01684B9C4200F02B
:10DBF0004A8167484FF47471CCF776FB0C2D00F224
:10DC0000BF80DFE805F03BBDBDBDA0BDBDBD97BD7C
:10DC1000BDBD8E005B4AD36823F00403D360594B2B
:10DC200005F01F001A6A0121814022EA01021A62EE
:10DC30001A6A1A62534B196A41F21112114208D141
:10DC4000196A40F24442114203D15A6C22F4004254
:10DC50005A64196A41F21112114208D1196A40F24C
:10DC60004442114203D11A6822F001021A600123D2
:10DC7000002D71D186F83E30002070BD3468414AD5
:10DC8000E368944223F00203E360C8D0B4F1804F0C
:10DC900000F0DD803F4B9C4200F0F2803E4B9C4206
:10DCA00000F08C803D4B9C421DD03D4B9C421AD0D5
:10DCB000354B9C4217D03B4B9C4214D003F58063FC
:10DCC0009C4210D0A3F598339C420CD003F580639E
:10DCD0009C4208D003F580639C4204D02C4841F656
:10DCE0009F51CCF701FB0C2D42D841F21113EB40B0
:10DCF000DB0704D426484FF4ED51CCF7F5FA226A3D
:10DD0000336805F01F000121814022EA01022262EE
:10DD1000226A22621B4A93428CD0214A93428AD0C3
:10DD200097E73468174AE368944223F01003E360EE
:10DD3000ACD174E73468134AE368944223F00803D3
:10DD4000E360A3D16BE734680E4AE368944223F0A2
:10DD50000403E3609AD162E7042D06D0082D0CBFBE
:10DD600086F8403086F8413086E786F83F3083E712
:10DD70003C2DC4D006484FF4ED51CCF7B5FABEE7C0
:10DD8000012070BD00000140004001400020004023
:10DD90001C6E05080004004000080040000C004014
:10DDA0000004014000440140E368474A23F00203B5
:10DDB0009442E36064D0454B9C4294D1434B1A4655
:10DDC000116A05F01F040120A04021EA0001116240
:10DDD000116A11623DE7E36823F00403E36059E749
:10DDE000E36823F00803E36054E7E36823F01003DB
:10DDF000E3604FE7364B9C4245D0364B9C424AD0BD
:10DE0000354B9C4250D0354B9C427FF4EEAE0029FE
:10DE10007FF4EFAEE36823F00203E36042E7304AA9
:10DE2000D36823F00203D360F9E62D4AD36823F0C8
:10DE30001003D360F3E62A4AD36823F00803D360C3
:10DE4000EDE64FF08042D36823F01003D3604FF02B
:10DE500080431A46B4E74FF08042D36823F00203B0
:10DE6000D360F4E74FF08042D36823F00403D3601B
:10DE7000EDE74FF08042D36823F00803D360E6E774
:10DE8000114B1A469CE7002D7FF4B3AEE36823F0F4
:10DE90000203E3600CE700297FF4ABAE1A46DB68AF
:10DEA00023F00203D36003E729B91A46DB6823F0A5
:10DEB0000203D360F6E604297FF49BAE064AD368DA
:10DEC00023F00403D360F6E600040040000800409D
:10DED000004401400048014000180040001C004080
:10DEE00000000140974A0368934270B506460C460D
:10DEF00000F08680B3F1804F00F08280A2F57C4272
:10DF000093427DD002F58062934279D002F580621F
:10DF1000934275D002F57842934271D08A4A934277
:10DF200040F0CC80002C40F08B80DA68706A22F4DC
:10DF30000072DA60F0F70CFA824B35689D4200F00F
:10DF4000B080B5F1804F00F08280A3F57C439D4204
:10DF500000F0F5807D4B9D4208BF2B467AD07C4B6C
:10DF60009D4220D003F578439D421CD003F57053A9
:10DF70009D4218D003F580639D4214D003F5806361
:10DF80009D4210D0A3F598339D420CD003F58063D9
:10DF90009D4208D003F580639D4204D06D4841F650
:10DFA0009F51CCF7A1F90C2C00F2BA8041F2111369
:10DFB000E340DB0704D467484FF4ED51CCF794F904
:10DFC0002A6A336804F01F000121814022EA01021D
:10DFD0002A622A6A2A625B4A93426DD05E4A934261
:10DFE00042D1196A41F2111211423DD1196A40F22F
:10DFF0004442114238D15A6C22F400425A6433E050
:10E000000C2C6ED801A252F824F000BF2BDF0308BD
:10E01000E3E00308E3E00308E3E0030845E0030866
:10E02000E3E00308E3E00308E3E0030805E1030895
:10E03000E3E00308E3E00308E3E0030811E1030879
:10E04000042C4ED1DA68B06A22F4806271E74FF096
:10E0500080431D462A6A04F01F000121814022EA04
:10E0600001022A622A6A2A62196A41F211121142D5
:10E0700008D1196A40F24442114203D11A6822F0D1
:10E0800001021A6001231CB986F83E30002070BDE1
:10E09000042C42D0082C0CBF86F8403086F8413062
:10E0A000F4E7284B04F01F001A6A0121814022EA9C
:10E0B00001021A621A6A1A62224B92E7274A9342B5
:10E0C0000CD0274A934209D0264A93423FF42AAF04
:10E0D000254A934202D0254A934202D1002C3FF4B4
:10E0E00024AF1C4840F2C141CCF7FEF80C2C20D8DC
:10E0F000DFE804F0231F1F1F211F1F1F071F1F1F03
:10E100000D003368DA68F06A22F4006211E73368C0
:10E11000DA68306B22F480520BE786F83F30B5E7BF
:10E120003C2C3FF44DAF0B484FF4ED51CCF7DCF8ED
:10E1300046E7012070BD336884E73368F5E60C4B91
:10E140001D4687E7000001400040014000080040F4
:10E15000000C00401C6E0508000401400044014012
:10E160000048014000180040001C00400020004012
:10E1700000040040704700BF002800F0118138B54E
:10E18000884A03689342044637D0B3F1804F34D0B5
:10E19000A2F57C42934230D002F5806293422CD0AB
:10E1A00002F58062934228D002F58062934224D027
:10E1B00002F58062934220D002F5704293421CD057
:10E1C00002F57052934218D002F58062934214D047
:10E1D00002F58062934210D0A2F5983293420CD09F
:10E1E00002F58062934208D002F58062934204D027
:10E1F0006D4840F22C51CCF777F8A36833F0100249
:10E200000AD023F04002202A06D0402B04D06648D2
:10E2100040F22D51CCF768F8236933F480725DD158
:10E220002268E368B2F1804F65D060498A4262D0CB
:10E23000013B4FF6FE7293428CBF00230123002B5B
:10E2400000F0A880A36933F0800304D056484FF44F
:10E25000A661CCF749F894F83D3003F0FF02002B9B
:10E2600000F0928022684F49022384F83D308A42B0
:10E27000136875D0B2F1804F41D0A1F57C418A423C
:10E280003DD001F580618A4239D001F580618A4232
:10E2900035D001F578418A4262D045498A4232D070
:10E2A00001F580618A422ED001F580618A422AD030
:10E2B000A1F598318A4226D001F580618A4222D0A8
:10E2C00001F580618A421ED0A5696168E06823F08B
:10E2D00080032B431360D062916221E0B3F5007F8D
:10E2E0009ED0314840F22E51CBF7FEFF2268E36802
:10E2F000B2F1804F99D1003B18BF01239FE7A1687D
:10E3000023F070030B432069A16923F44073034396
:10E3100023F08003E0680B4361681360D062916270
:10E32000012353611369DB0703D5136923F001034C
:10E330001361012384F8463084F83E3084F83F307E
:10E3400084F8403084F8413084F8423084F8433017
:10E3500084F8443084F8453084F83D30002038BDDE
:10E36000A068216923F07003034323F440730B4337
:10E37000A16923F080030B431360E368D3626368F1
:10E38000936263691363CBE784F83C202046FFF770
:10E39000F1FE67E7044840F22F51CBF7A5FF51E7A4
:10E3A00001207047000001401C6E0508000C004071
:10E3B00000400140704700BF354A0368934210B5E2
:10E3C000044638D0B3F1804F35D0A2F57C42934259
:10E3D00031D002F5806293422DD002F580629342E3
:10E3E00029D002F58062934225D002F580629342E3
:10E3F00021D002F5704293421DD002F57052934233
:10E4000019D002F58062934215D002F580629342E2
:10E4100011D0A2F5983293420DD002F5806293425A
:10E4200009D002F58062934205D01A4840F2625149
:10E43000CBF75AFF2368022284F83D20196A41F283
:10E440001112114208D1196A40F24442114203D11B
:10E450001A6822F001021A602046FFF7ABFF002085
:10E4600084F8460084F83C0084F83E0084F83F00BD
:10E4700084F8400084F8410084F8420084F84300A6
:10E4800084F8440084F8450084F83D0010BD00BFC6
:10E49000000001401C6E05080368AB4A934270B54A
:10E4A00005460C461E4648D0B3F1804F45D0A2F534
:10E4B0007C42934241D002F5806293423DD002F506
:10E4C0008062934239D002F57842934235D09F4A18
:10E4D000934240F0E280002C41D0042C00F0FC80FC
:10E4E0009B4840F2B351CBF7FFFE082C40F0678108
:10E4F00095F84030012B40F0BE802B68924A0221F3
:10E50000934285F840101E4600F0F380B3F1804F2F
:10E5100000F0B380A2F57C42934200F02F818D4A37
:10E52000934200F0398102F58062934200F06181EC
:10E53000894A934233D1884E50E00C2C00F23A8144
:10E54000DFE814F00D003801380138017900380196
:10E55000380138017900380138013801790095F81F
:10E560003E30012B40F087802B68774A022193428E
:10E5700085F83E101E4600F0BC80B3F1804F7CD081
:10E58000764A934200F0FA80724A934223D002F511
:10E590008062934200F02B816F4A934269D06B4AAC
:10E5A000934218D002F58062934214D002F5806243
:10E5B000934210D0A2F5983293420CD002F58062BB
:10E5C000934208D002F58062934204D0604841F63D
:10E5D0009F51CBF789FE0C2C00F2CC8041F2111335
:10E5E000E340DB0704D45A484FF4ED51CBF77CFEEF
:10E5F0002B68316A012204F01F0402FA04F421EAB4
:10E6000004013162316A504A0C43934234627CD037
:10E6100002F5806293427FD15A6C42F400425A6400
:10E620009A6802F00702062A03D01A6842F0010233
:10E630001A60002070BD042C4ED0082C3FF458AF57
:10E6400095F84120012A16D1022285F841203E4A40
:10E6500093424ED0B3F1804FCBD0404A9342C8D0C2
:10E6600002F580629342B9D002F58062934200F0D5
:10E67000BE80394EAFE7012070BD4FF0804204F0FC
:10E680001F04116A0123A34021EA03011162116AE8
:10E690000B4313624FF08043C2E7314A934200F0CC
:10E6A000B680304A934200F0B280A2F5983293428D
:10E6B0003FF411AF2C4A934203D02C4A934240F0CE
:10E6C0009A80002C3FF44BAF214840F2B351CBF776
:10E6D0000BFE042C7FF409AF95F83F30012BCAD113
:10E6E0002B68194A0221934285F83F101E467FF499
:10E6F0000DAF154A04F01F04116A0123A34021EA5B
:10E7000003011162116A0B4313620F4A516C41F409
:10E7100000411346516483E7B3F1804FBAD00F4AEA
:10E72000934237D00B4A934242D0114A93423FF46E
:10E7300077AF064A93423FF473AFA2F59432934207
:10E740007FF473AF6CE700BF000001400040014060
:10E750001C6E050800080040000401400004004051
:10E760000044014000480140001C004000200040DF
:10E77000000C00403C2C7FF436AF39E7284A04F007
:10E780001F04116A0123A34021EA03011162116AE7
:10E790000B431362224B43E7224A04F01F04116A21
:10E7A0000123A34021EA03011162116A0B431362A2
:10E7B0001C4B35E71C4840F2B351CBF795FD95F85B
:10E7C0004130012B7FF457AF2B68184A0221934246
:10E7D00085F841101E463FF4FEAEB3F1804F3FF482
:10E7E000FAAEA2F57C4293427FF4CEAEF3E6104E31
:10E7F000F1E60F4EF2E60C4840F2B351CBF774FD50
:10E80000002C3FF4ACAE042C3FF466AF6DE6002C58
:10E810003FF4A5AE044840F2B351CBF765FDF2E7F3
:10E8200000040040000800401C6E05080000014084
:10E83000000C004070B57B4A0468944206460D46C1
:10E84000234679D0B4F1804F00F09C80A2F57C4241
:10E85000944271D002F5806294426DD002F58062DC
:10E86000944269D002F57842944265D002F5705224
:10E87000944240F0B78031F004023CD06A4840F244
:10E88000E751CBF731FD3368664A93421C462DD0E1
:10E89000B3F1804F2AD0A2F57C42934226D002F5F4
:10E8A0008062934222D0614A93421FD0604A9342D1
:10E8B0001CD002F57052934218D002F58062934248
:10E8C00014D002F58062934210D0A2F598329342A0
:10E8D0000CD002F58062934208D002F58062934228
:10E8E00004D0514841F69F51CBF7FEFC0C2D52D974
:10E8F0003C2D55D13368226A05F01F00012181406B
:10E9000022EA01022262226A2262464A93421BD014
:10E9100002F58062934217D0196A41F21112114236
:10E9200004D1196A40F24442114226D00123D5B9DC
:10E9300086F83E30002070BD0C2D3CD841F21112FB
:10E94000EA40D207D7D499E7196A41F2111211426D
:10E95000E2D1196A40F244421142DDD15A6C22F4EC
:10E9600000425A64D8E7042D21D0082D0CBF86F848
:10E97000403086F84130002070BD1A6822F0010254
:10E980001A60D3E70C293FF679AF41F21113CB405F
:10E99000DB077FF573AF41F21113EB40D907A9D420
:10E9A00021484FF4ED51CBF79FFC3368A3E786F87D
:10E9B0003F30002070BD1C4840F2E751CBF794FC7B
:10E9C0003368184A93421C4692D0B3F1804F8FD0DF
:10E9D000A2F57C4293428BD002F5806293427FF491
:10E9E00062AF85E7134A944208D0134A944205D097
:10E9F000124A94420ED0124A944203D1002D3FF4A1
:10EA00007AAF3BE70F4A94427FF438AF002D3FF4D2
:10EA100072AF33E700293FF46EAF04297FF42EAFC5
:10EA200044E700BF000001401C6E0508000C0040D8
:10EA3000000401400044014000480140001800402B
:10EA4000001C0040002000400368A14A934270B5BA
:10EA500005460C461E4600F0A680B3F1804F00F03C
:10EA6000A280A2F57C42934200F09D8002F5806274
:10EA7000934200F0988002F58062934200F0938008
:10EA800002F57842934200F08E80924A934240F021
:10EA90002D81002C00F09980042C00F043818E48D9
:10EAA00040F20D61CBF720FC082C40F07C8195F8FA
:10EAB0004030012B40F080812B688549022285F887
:10EAC0004020DA688B4242F00802DA601E4600F00D
:10EAD000EB80B3F1804F00F0C980804A934200F090
:10EAE000D5807F4A934200F069817E4A93422DD0BF
:10EAF00002F57842934200F03881764A93421AD068
:10EB0000794A934214D002F58062934210D0A2F564
:10EB1000983293420CD002F58062934208D002F5FD
:10EB20008062934204D06C4841F69F51CBF7DCFBE6
:10EB30000C2C00F22F8141F21113E340DB0704D4C7
:10EB400065484FF4ED51CBF7CFFB2B68316A0122BA
:10EB500004F01F0402FA04F421EA04013162316A6C
:10EB60005B4A0C439342346200F0AA8002F5806253
:10EB7000934200F0FC80B3F1804F00F08480574A4C
:10EB8000934200F08F80564A934240F0F580544BF8
:10EB90009A6802F00702062A03D01A6842F00102BE
:10EBA0001A60002070BD0C2C00F2F880DFE814F031
:10EBB0000D00F600F600F6003300F600F600F60051
:10EBC0003300F600F600F600330095F83E30012BD6
:10EBD00040F0F2802B683E49022285F83E20DA6838
:10EBE0008B4242F00202DA601E465DD0B3F1804FE4
:10EBF0003CD03A4A934249D0394A934298D0394A54
:10EC0000934295D002F57842934291D0314A934293
:10EC10007FF476AF8CE7042C00F08480082C3FF45E
:10EC200046AF95F84120012A40F0C680022285F8BF
:10EC30004120DA6842F01002DA60254A934233D06C
:10EC4000B3F1804F12D0A2F57C4293421ED0244AE9
:10EC50009342D4D1196A04F01F040122A24021EA90
:10EC600002011962196A0A431A6290E74FF0804262
:10EC700004F01F04116A0123A34021EA0301116279
:10EC8000116A0B4313624FF0804381E7134A04F08B
:10EC90001F04116A0123A34021EA03011162116AD2
:10ECA0000B4313620D4B73E7094B04F01F04196A01
:10ECB0000122A24021EA02011962196A0A431A627A
:10ECC000034A516C41F400411346516460E700BFB0
:10ECD00000000140004001401C6E05080004004097
:10ECE00000080040000C004000440140404A9342AC
:10ECF00074D0404A934271D0A2F5983293423FF4C7
:10ED0000C8AE3D4A934202D03C4A934258D1002CAF
:10ED10003FF45BAF3A4840F20D61CBF7E5FA042CC3
:10ED20007FF4C2AE95F83F30012B45D12B683549B1
:10ED3000022285F83F20DA688B4242F00402DA6052
:10ED40001E46B1D0B3F1804F90D02F4A93429DD050
:10ED50002E4A934232D002F5806293423FF4EBAEEA
:10ED600002F5784293427FF451AF294EE3E65A6CA4
:10ED700042F400425A640BE7264A93423FF408AF3C
:10ED8000254A93423FF404AFA2F5943293427FF4B4
:10ED900004AFFDE63C2C7FF4D3AED6E6184840F233
:10EDA0000D61CBF7A1FA95F84130012B04D1022374
:10EDB0000C2C85F841300ED0012070BD134EC5E6F5
:10EDC0000F4840F20D61CBF78FFA002C3FF4FDAEF7
:10EDD000042CA7D068E62B681E462AE7002C3FF4D7
:10EDE000F4AE074840F20D61CBF77EFAF0E700BFC2
:10EDF0000044014000480140001C00400020004049
:10EE00001C6E05080000014000040040000800409E
:10EE100000040140000C00400040014070B5934BDD
:10EE200004689C4206460D4642D0B4F1804F1DD086
:10EE3000A3F57C439C422AD003F580639C4226D0F4
:10EE400003F580639C4222D003F578439C421ED098
:10EE5000874B9C4240F04281002900F04F810429F9
:10EE60003BD1E36823F00403E36092E00C2934D83B
:10EE7000DFE811F065013300330033006C0133002B
:10EE80003300330073013300330033005B010C2D7A
:10EE900023D8DFE815F0FD00220022002200140133
:10EEA00022002200220019012200220022001E015D
:10EEB0000C290ED8DFE811F027010D000D000D0020
:10EEC00022000D000D000D0033010D000D000D009E
:10EED0002D01684B9C4200F04A81674840F269610D
:10EEE000CBF702FA0C2D00F2BF80DFE805F03BBD46
:10EEF000BDBDA0BDBDBD97BDBDBD8E005B4AD36885
:10EF000023F00403D360594B05F01F001A6A012156
:10EF1000814022EA01021A621A6A1A62534B196A84
:10EF200041F21112114208D1196A40F244421142D1
:10EF300003D15A6C22F400425A64196A41F2111248
:10EF4000114208D1196A40F24442114203D11A68B1
:10EF500022F001021A600123002D71D186F83E30A3
:10EF6000002070BD3468414AE368944223F00203F4
:10EF7000E360C8D0B4F1804F00F0DD803F4B9C428D
:10EF800000F0F2803E4B9C4200F08C803D4B9C4256
:10EF90001DD03D4B9C421AD0354B9C4217D03B4B69
:10EFA0009C4214D003F580639C4210D0A3F59833A3
:10EFB0009C420CD003F580639C4208D003F580632B
:10EFC0009C4204D02C4841F69F51CBF78DF90C2D73
:10EFD00042D841F21113EB40DB0704D426484FF42A
:10EFE000ED51CBF781F9226A336805F01F0001214A
:10EFF000814022EA01022262226A22621B4A934273
:10F000008CD0214A93428AD097E73468174AE36844
:10F01000944223F01003E360ACD174E73468134AE0
:10F02000E368944223F00803E360A3D16BE73468FC
:10F030000E4AE368944223F00403E3609AD162E746
:10F04000042D06D0082D0CBF86F8403086F84130DC
:10F0500086E786F83F3083E73C2DC4D006484FF45E
:10F06000ED51CBF741F9BEE7012070BD0000014032
:10F0700000400140002000401C6E050800040040D4
:10F0800000080040000C0040000401400044014022
:10F09000E368474A23F002039442E36064D0454B9F
:10F0A0009C4294D1434B1A46116A05F01F0401207B
:10F0B000A04021EA00011162116A11623DE7E36894
:10F0C00023F00403E36059E7E36823F00803E360F7
:10F0D00054E7E36823F01003E3604FE7364B9C42AC
:10F0E00045D0364B9C424AD0354B9C4250D0354B94
:10F0F0009C427FF4EEAE00297FF4EFAEE36823F08C
:10F100000203E36042E7304AD36823F00203D3608E
:10F11000F9E62D4AD36823F01003D360F3E62A4AB8
:10F12000D36823F00803D360EDE64FF08042D36844
:10F1300023F01003D3604FF080431A46B4E74FF03A
:10F140008042D36823F00203D360F4E74FF080429B
:10F15000D36823F00403D360EDE74FF08042D36817
:10F1600023F00803D360E6E7114B1A469CE7002D15
:10F170007FF4B3AEE36823F00203E3600CE70029F9
:10F180007FF4ABAE1A46DB6823F00203D36003E7DB
:10F1900029B91A46DB6823F00203D360F6E6042996
:10F1A0007FF49BAE064AD36823F00403D360F6E6EF
:10F1B00000040040000800400044014000480140B5
:10F1C00000180040001C004000000140974A0368FE
:10F1D000934270B506460C4600F08680B3F1804F2E
:10F1E00000F08280A2F57C4293427DD002F58062DD
:10F1F000934279D002F58062934275D002F578424D
:10F20000934271D08A4A934240F0CC80002C40F067
:10F210008B80DA68706A22F40072DA60EFF798F88F
:10F22000824B35689D4200F0B080B5F1804F00F010
:10F230008280A3F57C439D4200F0F5807D4B9D428A
:10F2400008BF2B467AD07C4B9D4220D003F57843F3
:10F250009D421CD003F570539D4218D003F5806386
:10F260009D4214D003F580639D4210D0A3F59833DE
:10F270009D420CD003F580639D4208D003F5806366
:10F280009D4204D06D4841F69F51CBF72DF80C2CD0
:10F2900000F2BA8041F21113E340DB0704D467485F
:10F2A0004FF4ED51CBF720F82A6A336804F01F00C1
:10F2B0000121814022EA01022A622A6A2A625B4A0B
:10F2C00093426DD05E4A934242D1196A41F21112C3
:10F2D00011423DD1196A40F24442114238D15A6C70
:10F2E00022F400425A6433E00C2C6ED801A252F88A
:10F2F00024F000BF13F20308CBF30308CBF3030899
:10F30000CBF303082DF30308CBF30308CBF3030877
:10F31000CBF30308EDF30308CBF30308CBF30308A7
:10F32000CBF30308F9F30308042C4ED1DA68B06A72
:10F3300022F4806271E74FF080431D462A6A04F090
:10F340001F000121814022EA01022A622A6A2A6200
:10F35000196A41F21112114208D1196A40F244426D
:10F36000114203D11A6822F001021A6001231CB96C
:10F3700086F83E30002070BD042C42D0082C0CBF13
:10F3800086F8403086F84130F4E7284B04F01F003F
:10F390001A6A0121814022EA01021A621A6A1A627B
:10F3A000224B92E7274A93420CD0274A934209D036
:10F3B000264A93423FF42AAF254A934202D0254A77
:10F3C000934202D1002C3FF424AF1C4840F2597103
:10F3D000CAF78AFF0C2C20D8DFE804F0231F1F1F78
:10F3E000211F1F1F071F1F1F0D003368DA68F06AF7
:10F3F00022F4006211E73368DA68306B22F480523D
:10F400000BE786F83F30B5E73C2C3FF44DAF0B4897
:10F410004FF4ED51CAF768FF46E7012070BD33682D
:10F4200084E73368F5E60C4B1D4687E70000014092
:10F430000040014000080040000C00401C6E050820
:10F440000004014000440140004801400018004011
:10F45000001C00400020004000040040704700BF36
:10F46000002800F0118138B5884A036893420446A9
:10F4700037D0B3F1804F34D0A2F57C42934230D0E4
:10F4800002F5806293422CD002F58062934228D02C
:10F4900002F58062934224D002F58062934220D02C
:10F4A00002F5704293421CD002F57052934218D07C
:10F4B00002F58062934214D002F58062934210D02C
:10F4C000A2F5983293420CD002F58062934208D0A4
:10F4D00002F58062934204D06D4840F2C471CAF7CD
:10F4E00003FFA36833F010020AD023F04002202A61
:10F4F00006D0402B04D0664840F2C571CAF7F4FE2E
:10F50000236933F480725DD12268E368B2F1804FE1
:10F5100065D060498A4262D0013B4FF6FE72934249
:10F520008CBF00230123002B00F0A880A36933F0D7
:10F53000800304D056484FF4F961CAF7D5FE94F819
:10F540003D3003F0FF02002B00F0928022684F490B
:10F55000022384F83D308A42136875D0B2F1804F9F
:10F5600041D0A1F57C418A423DD001F580618A42BB
:10F5700039D001F580618A4235D001F578418A425F
:10F5800062D045498A4232D001F580618A422ED04C
:10F5900001F580618A422AD0A1F598318A4226D0AD
:10F5A00001F580618A4222D001F580618A421ED035
:10F5B000A5696168E06823F080032B431360D06283
:10F5C000916221E0B3F5007F9ED0314840F2C671D0
:10F5D000CAF78AFE2268E368B2F1804F99D1003BF6
:10F5E00018BF01239FE7A16823F070030B43206934
:10F5F000A16923F44073034323F08003E0680B43C5
:10F6000061681360D0629162012353611369DB0763
:10F6100003D5136923F001031361012384F84630F5
:10F6200084F83E3084F83F3084F8403084F841302C
:10F6300084F8423084F8433084F8443084F845300C
:10F6400084F83D30002038BDA068216923F07003A4
:10F65000034323F440730B43A16923F080030B435E
:10F660001360E368D3626368936263691363CBE7F3
:10F6700084F83C202046FFF7F1FE67E7044840F29B
:10F68000C771CAF731FE51E7012070470000014001
:10F690001C6E0508000C004000400140704700BF90
:10F6A000354A0368934210B5044638D0B3F1804F11
:10F6B00035D0A2F57C42934231D002F5806293426C
:10F6C0002DD002F58062934229D002F580629342E8
:10F6D00025D002F58062934221D002F57042934218
:10F6E0001DD002F57052934219D002F58062934208
:10F6F00015D002F58062934211D0A2F59832934260
:10F700000DD002F58062934209D002F580629342E7
:10F7100005D01A4840F2FA71CAF7E6FD23680222C2
:10F7200084F83D20196A41F21112114208D1196A78
:10F7300040F24442114203D11A6822F001021A60D9
:10F740002046FFF7ABFF002084F8460084F83C0019
:10F7500084F83E0084F83F0084F8400084F84100BB
:10F7600084F8420084F8430084F8440084F845009B
:10F7700084F83D0010BD00BF000001401C6E05086C
:10F78000F8B504687C4B9C4206460D46274670D06F
:10F79000B4F1804F75D0A3F57C439C4269D003F54A
:10F7A00080639C4265D003F580639C4261D003F581
:10F7B00078439C425DD003F570539C4240F0BD807D
:10F7C00031F004033CD06D4840F67D01CAF78CFD52
:10F7D0003468694B9C4227462DD0B4F1804F2AD023
:10F7E000A3F57C439C4226D003F580639C4222D043
:10F7F000634B9C421FD0634B9C421CD003F570535B
:10F800009C4218D003F580639C4214D003F58063BA
:10F810009C4210D0A3F598339C420CD003F5806332
:10F820009C4208D003F580639C4204D0534841F6C3
:10F830009F51CAF759FD0C2D2AD93C2D2DD1346882
:10F840003A6A05F01F000121814022EA01023A6272
:10F850003A6A3A62216A41F211121142234631D0CA
:10F86000002D3AD1012386F83E3086F84230002040
:10F87000F8BD0C2D4AD841F21113EB40DA07DFD462
:10F88000A1E70C299FD841F21113CB40DB079AD591
:10F8900041F21113EB40D907D1D44FF4ED51374861
:10F8A000CAF722FD236A05F01F0101228A4023EADC
:10F8B00002032362226A33682262196A41F211123A
:10F8C000114213D1196A40F244421142C8D11A6858
:10F8D00022F001021A60002DC4D0042D0DD10123A5
:10F8E00086F83F3086F843300020F8BD012386F8C3
:10F8F000413086F845300020F8BD082DF6D10123AF
:10F9000086F8403086F844300020F8BD1B4840F6A9
:10F910007D01CAF7E9FC3468174B9C4227468CD01E
:10F92000B4F1804F89D0A3F57C439C4285D003F588
:10F9300080639C427FF45CAF7FE7134B9C4208D00E
:10F94000124B9C4205D0124B9C420ED0114B9C4254
:10F9500003D1002D3FF474AF35E70F4B9C427FF489
:10F9600032AF002D3FF46CAF2DE700293FF468AFB4
:10F9700004297FF428AF3EE7000001401C6E050813
:10F98000000C0040000401400044014000480140D8
:10F9900000180040001C00400020004070B5A64B3D
:10F9A00004689C4206460D4662D0B4F1804F4ED0AA
:10F9B000A3F57C439C424AD003F580639C4200F04F
:10F9C0000F8103F580639C4241D003F578439C424C
:10F9D0003DD003F570539C425CD1002900F0618159
:10F9E000042969D1E36823F00403E360934C0C2DF0
:10F9F00000F2ED8041F21113EB40DB0704D4904894
:10FA00004FF4ED51CAF770FC3168236A05F01F000E
:10FA10000122824023EA02032362236A23620A6AE4
:10FA200041F211131A4208D10A6A40F244431A42C1
:10FA300003D10B6823F001030B600123002D40F07C
:10FA4000B48086F83E3086F84230002070BD0C2D20
:10FA500032D8DFE815F0150131003100310007011F
:10FA60003100310031001A013100310031001F0135
:10FA70000C2900F2D580DFE811F02501D300D30076
:10FA8000D3003600D300D300D3001901D300D30034
:10FA9000D3001F016B4B9C420BD06B4B9C4200F080
:10FAA00035816A4B9C4200F03A81694B9C4240F0A0
:10FAB000B780002D00F0F580614840F6F901CAF7E3
:10FAC00013FC0C2D00F2EB80DFE815F01500E900C7
:10FAD000E900E9006600E900E900E9005D00E900ED
:10FAE000E900E9005400544AD36823F00403D360CA
:10FAF00051490C4689E734684F4AE368944223F041
:10FB00000203E360F4D0B4F1804F00F0FB80514B6E
:10FB10009C4200F0B280504B9C4200F0DE804F4B84
:10FB20009C423FF464AF03F578439C423FF45FAFDF
:10FB3000424B9C423FF45AAF424B9C423FF457AF7A
:10FB400003F580639C423FF452AFA3F598339C4287
:10FB50003FF44DAF03F580639C423FF448AF03F59B
:10FB600080639C423FF443AF354841F69F51CAF74A
:10FB7000BBFB3CE73468304AE368944223F010034F
:10FB8000E360C0D1B4E734682B4AE368944223F0C1
:10FB90000803E360B7D1ABE73468274AE3689442CF
:10FBA00023F00403E360AED1A2E7042D0AD0082DB0
:10FBB0000BBF86F8403086F8413086F8443086F82E
:10FBC000453042E786F83F3086F843303DE73C2D2C
:10FBD0003FF41AAF1A484FF4ED51CAF785FB13E70B
:10FBE0000C293FF669AF01A353F821F0D1FC0308BB
:10FBF000B9FA0308B9FA0308B9FA0308E1FC0308E3
:10FC0000B9FA0308B9FA0308B9FA0308F9FC0308BA
:10FC1000B9FA0308B9FA0308B9FA0308EDFC0308B6
:10FC20000F4B9C427FF448AF002D7FF445AFE36853
:10FC300023F00203E3607BE7000001400040014045
:10FC40001C6E0508004401400048014000180040B7
:10FC5000001C00400004004000080040000C004070
:10FC600000200040E368B4F1804F23F00403E36018
:10FC700048D0334B9C427FF452AF31490C46C4E626
:10FC8000E36823F00203E3603DE7E36823F0080341
:10FC9000E36038E7E36823F01003E36033E7012013
:10FCA00070BDE36823F00203E36038E7254AD368B8
:10FCB00023F00803D3601BE7224AD36823F0100324
:10FCC000D36015E71F4AD36823F00203D3600FE720
:10FCD0001D4AD36823F00203D3601B490C4694E607
:10FCE000194AD36823F00403D36010E7164AD36897
:10FCF00023F01003D3600EE7134AD36823F0080300
:10FD0000D36008E74FF080410C467EE600297FF47F
:10FD1000D3AE1A46DB6823F00203D36008E729B9A3
:10FD20001A46DB6823F00203D360F8E604297FF467
:10FD3000C3AE064AD36823F00403D360FCE600BFD9
:10FD4000000400400000014000080040001800408E
:10FD50002DE9F041A64B04689C4205460E4660D052
:10FD6000B4F1804F5DD0A3F57C439C4259D003F59C
:10FD700080639C4255D003F580639C4251D003F5CB
:10FD800078439C424DD09B4B9C4264D136F0040397
:10FD900074D1994840F6E111CAF7A6FA944B2C6841
:10FDA0009C4200F05981B4F1804F00F09680934B53
:10FDB0009C4200F0538103F580639C4200F0678110
:10FDC0008F4B9C4200F04E8103F578439C4275D0E6
:10FDD000884B9C4218D003F580639C4214D003F5F5
:10FDE00080639C4210D0A3F598339C420CD003F55D
:10FDF00080639C4208D003F580639C4204D07E4817
:10FE000041F69F51CAF770FA0C2E68D93C2E6BD17F
:10FE1000236A23F080532362236A23620120BDE812
:10FE2000F0810C2E4CD841F21113F340DA0725D59E
:10FE30006F4B9C4200F01081B4F1804F4DD06F4B5E
:10FE40009C4200F00B816F4B9C4200F020816C4B78
:10FE50009C4233D143E06C4B9C420DD06B4B9C4297
:10FE60000AD0A3F598339C4290D0694B9C4203D0B2
:10FE700003F580639C4201D1002E8AD05E484FF486
:10FE80001E61CAF731FA5A4B2C689C4200F0E88098
:10FE9000B4F1804F00F0FF80584FBC4200F0F98071
:10FEA000DFF86081444500F0F080554B9C4200F043
:10FEB000D98003F578439C4240F0D680554CA3E7A7
:10FEC0004D484FF41E61CAF70FFA494B2C689C420B
:10FED0009CD0B4F1804FDFD198E74FF0804441F2DD
:10FEE0001113F340DB0704D443484FF4ED51CAF734
:10FEF000FBF9236A06F01F0101228A4023EA02036C
:10FF00002362236A23620C2E88D801A353F826F0BB
:10FF1000190004081DFE03081DFE03081DFE03084A
:10FF2000B5FF03081DFE03081DFE03081DFE0308A0
:10FF300077FF03081DFE03081DFE03081DFE0308CE
:10FF400045FF03082A68286BD36823F48053D360E5
:10FF5000EEF7FEF92B68196A41F21112114204D131
:10FF6000196A40F24442114218D0012385F8413009
:10FF700085F8453063E02A68E86AD36823F40063B3
:10FF8000D360EEF7E5F92B68196A41F211121142BC
:10FF90000AD1196A40F24442114205D11A68082E6A
:10FFA00022F001021A60E0D1012385F8403085F883
:10FFB000443044E02A68A86AD36823F48063D3609D
:10FFC000EEF7C6F92B68196A41F21112114208D1F5
:10FFD000196A40F24442114203D11A6822F0010228
:10FFE0001A60012385F83F3085F8433027E000BFD1
:10FFF00000000140004001401C6E05080004004064
:020000040804EE
:10000000000C00400008004000440140004801404E
:10001000001C0040000401402A68686AD36823F489
:100020000073D360EEF794F92B68196A41F211124C
:10003000114207D0012385F83E3085F84230002078
:10004000BDE8F081196A40F244421142F2D11A68C7
:1000500022F001021A60EDE7104C4AE7104C3EE72F
:100060000E4CD1E60F4CCFE60F4840F6E111CAF72F
:100070003BF92C68094B9C42F2D0B4F1804F0AD076
:10008000BC4206D044457FF49BAE084CBCE6074C0E
:1000900025E7034CB8E64FF08044B5E60000014088
:1000A00000040040000C00401C6E050800080040E1
:1000B000704700BF002800F0158138B58A4A0368F0
:1000C00093420D46044637D0B3F1804F34D0A2F5A9
:1000D0007C42934230D002F5806293422CD002F5EC
:1000E0008062934228D002F58062934224D002F5C8
:1000F0008062934220D002F5704293421CD002F5F8
:100100007052934218D002F58062934214D002F5E7
:100110008062934210D0A2F5983293420CD002F53F
:100120008062934208D002F58062934204D06F4807
:1001300040F64D21CAF7D8F8A36833F010020AD070
:1001400023F04002202A06D0402B04D0674840F616
:100150004E21CAF7C9F8236933F4807265D135F0AE
:10016000080304D061484FF42561CAF7BDF822683E
:10017000E368B2F1804F61D05D498A425ED0013BB5
:100180004FF6FE7293428CBF00230123002B00F038
:10019000A380A36933F0800304D0544840F6522171
:1001A000CAF7A2F894F83D3003F0FF02002B00F0EC
:1001B0008D8023684C49022284F83D208B421A68C6
:1001C00070D0B3F1804F3DD0A1F57C418B4239D046
:1001D00001F580618B4235D001F580618B4231D0D1
:1001E00001F578418B425DD042498B422ED001F51A
:1001F00080618B422AD001F580618B4226D0A1F527
:1002000098318B4222D001F580618B421ED001F5DE
:1002100080618B421AD0A069616822F0800202439B
:10022000E0681A60D86299621DE0B3F5007F96D04D
:100230002E4840F64F21CAF757F890E7003B18BF09
:100240000123A3E7A16822F070020A43216922F486
:1002500040720A43A16922F080020A43E1681A60F1
:100260006268D9629A6201225A611A69D20703D57B
:100270001A6922F001021A61196821F00801196057
:10028000196801222943196084F8462084F83E2029
:1002900084F83F2084F8422084F8432084F83D20ED
:1002A000002038BDA16822F070020A43216922F4BF
:1002B00040720A43A16922F080020A431A60E26890
:1002C000DA6262689A6262691A63CCE784F83C2059
:1002D0002046FFF7EDFE6CE7044840F65121CAF7CF
:1002E00003F856E701207047000001401C6E050826
:1002F000000C004000400140704700BF314A0368D5
:10030000934210B5044638D0B3F1804F35D0A2F5F2
:100310007C42934231D002F5806293422DD002F5A7
:100320008062934229D002F58062934225D002F583
:100330008062934221D002F5704293421DD002F5B3
:100340007052934219D002F58062934215D002F5A3
:100350008062934211D0A2F5983293420DD002F5FB
:100360008062934209D002F58062934205D016481C
:1003700040F68C21C9F7B8FF2368022284F83D209B
:10038000196A41F21112114208D1196A40F244422D
:10039000114203D11A6822F001021A602046FFF7C9
:1003A000ABFF002084F8460084F83C0084F83E004F
:1003B00084F83F0084F8420084F8430084F83D004C
:1003C00010BD00BF000001401C6E050890F83EC043
:1003D00090F83F3090F8422090F84310BCF1010FA4
:1003E00007D1DBB2012B70B504465FFA8CF002D066
:1003F00070BD01207047D2B2012AF9D1C9B20129DA
:10040000F6D125688D4A0223954284F83E3084F85F
:100410003F3084F8423084F8433047D0B5F1804F04
:1004200055D0874B9D4265D0864B9D426CD0864B04
:100430009D4273D0854B9D427AD0854B9D4200F002
:100440008A80844B9D4200F09080834B9D4200F057
:100450009680824B9D4200F09C80814B9D4200F033
:10046000E280804B9D4200F0D4807F4841F69F514E
:10047000C9F73AFF2B6A2668704A23F001032B6202
:100480002B6A964243F001032B6240F08C80336A62
:1004900023F010033362336A43F010033362674A78
:1004A000536C43F400435364002070BD2B6A23F067
:1004B00001032B622B6A43F001032B622B6A23F0AA
:1004C00010032B622B6A43F010032B62E7E72B6AC1
:1004D00023F001032B622B6A43F001032B624FF0E0
:1004E00080431A6A22F010021A621A6A42F010025D
:1004F0001A62D9E72B6A23F001032B622B6A43F0BF
:1005000001032B624E4BECE72B6A23F001032B62B5
:100510002B6A43F001032B624A4BE2E72B6A23F07C
:1005200001032B622B6A43F001032B62464BD8E791
:100530001A6A22F001021A621A6A42F001021A6271
:10054000424B1A6A22F010021A621A6A42F0100232
:100550001A623E4AA4E72B6A23F001032B622B6A3E
:1005600043F001032B623A4BBBE72B6A23F00103F4
:100570002B622B6A43F001032B62364BB1E72B6AE7
:1005800023F001032B622B6A43F001032B62324BF1
:10059000A7E72B6A23F001032B622B6A43F00103C8
:1005A0002B622E4B9DE7B6F1804F98D0244B9E4294
:1005B000A8D0244B9E42AFD0234B9E42B6D0234DB1
:1005C000AE42BDD0224B9E42CDD0224B9E42D4D0D3
:1005D000214B9E42DBD0214B9E42E2D0204B9E42DB
:1005E00029D0204B9E421CD041F69F511E48C9F78E
:1005F0007BFE326A2368114922F010023262326AAD
:100600008B4242F0100232623FF449AFAB42A0D0BD
:100610004AE72B6A23F001032B622B6A43F00103A4
:100620002B62104B5DE72B6A23F001032B622B6AD0
:1006300043F001032B620A4B53E700BF0000014067
:100640000004004000080040000C0040000401408D
:1006500000400140004401400048014000180040B3
:10066000001C0040002000401C6E050838B57E4B81
:1006700004689C42054600F09B80B4F1804F3AD05C
:100680007A4B9C425FD07A4B9C4200F0B680794B0B
:100690009C4258D0784B9C4200F0BF80774B9C42E4
:1006A00000F0BB80764B9C4200F0CF80754B9C42A3
:1006B00049D0754B9C4200F0CF80744B9C4242D095
:1006C000734B9C4200F0998041F69F517148C9F7E5
:1006D0000BFE226A2B68644922F001022262226A20
:1006E00022628B4240F0A8801A6A22F010021A623D
:1006F0001A6A1A6268E0236A23F001032362236AFC
:1007000023624FF080431C461A6A22F010021A62DC
:100710001A6A1A62226A41F211131A4208D1226A35
:1007200040F244431A4203D1236823F001032360BB
:10073000012385F83E3085F83F3085F8423085F852
:100740004330002038BD236A23F001032362236A6B
:100750002362464B9C4247D0464B9C4256D0464B68
:100760009C4261D0454B9C4250D0454B9C424DD061
:10077000444B9C424AD0444B9C4247D0434B9C4202
:1007800044D0434B9C4241D041F69F514148C9F768
:10079000ABFD236A2A68344923F010032362236ADD
:1007A00023628A4210D0344B9A4243D01446B1E7B8
:1007B000236A23F001032362236A2362236A23F05E
:1007C00010032362236A2362274C226A41F2111329
:1007D0001A429FD1226A40F244431A429AD1636C72
:1007E00023F40043636495E7204B1A6A22F0100259
:1007F0001A621A6A1A621C468CE7236A23F0010304
:100800002362236A23621A4B9C42A5D1236A23F0F8
:1008100010032362236A23627CE7236A23F0010327
:100820002362236A23629AE7236A23F01003236278
:10083000236A2362104CC8E7B3F1804F3FF461AFE5
:100840000A4A9342D0D01C46DDE7236A23F0010315
:100850002362236A23627FE71A6A22F001021A6286
:100860001A6A1A627EE700BF0000014000040040DF
:1008700000080040000C004000040140004001401E
:10088000004401400048014000180040001C0040A6
:10089000002000401C6E050890F83EC090F83F30E4
:1008A00090F8422090F84310BCF1010F07D1DBB261
:1008B000012B70B504465FFA8CF002D070BD0120A8
:1008C0007047D2B2012AF9D1C9B20129F6D12568FF
:1008D000914A022384F83E3084F83F3084F8423055
:1008E00084F84330EB6843F00203EB60EB68954219
:1008F00043F00403EB6047D0B5F1804F55D0874BF0
:100900009D4265D0864B9D426CD0864B9D4273D0F4
:10091000854B9D427AD0854B9D4200F08A80844B66
:100920009D4200F09080834B9D4200F09680824B68
:100930009D4200F09C80814B9D4200F0E280804B04
:100940009D4200F0D4807F4841F69F51C9F7CCFC0E
:100950002B6A2668704A23F001032B622B6A9642A9
:1009600043F001032B6240F08C80336A23F01003C4
:100970003362336A43F010033362674A536C43F4C3
:1009800000435364002070BD2B6A23F001032B62E7
:100990002B6A43F001032B622B6A23F010032B62B6
:1009A0002B6A43F010032B62E7E72B6A23F0010365
:1009B0002B622B6A43F001032B624FF080431A6ACB
:1009C00022F010021A621A6A42F010021A62D9E783
:1009D0002B6A23F001032B622B6A43F001032B6285
:1009E0004E4BECE72B6A23F001032B622B6A43F09A
:1009F00001032B624A4BE2E72B6A23F001032B62CF
:100A00002B6A43F001032B62464BD8E71A6A22F0A7
:100A100001021A621A6A42F001021A62424B1A6A11
:100A200022F010021A621A6A42F010021A623E4A5A
:100A3000A4E72B6A23F001032B622B6A43F0010326
:100A40002B623A4BBBE72B6A23F001032B622B6A24
:100A500043F001032B62364BB1E72B6A23F001030D
:100A60002B622B6A43F001032B62324BA7E72B6A00
:100A700023F001032B622B6A43F001032B622E4B00
:100A80009DE7B6F1804F98D0244B9E42A8D0244BCE
:100A90009E42AFD0234B9E42B6D0234DAE42BDD036
:100AA000224B9E42CDD0224B9E42D4D0214B9E421F
:100AB000DBD0214B9E42E2D0204B9E4229D0204BDE
:100AC0009E421CD041F69F511E48C9F70DFC326A68
:100AD0002368114922F010023262326A8B4242F0DE
:100AE000100232623FF449AFAB42A0D04AE72B6A12
:100AF00023F001032B622B6A43F001032B62104B9E
:100B00005DE72B6A23F001032B622B6A43F001039C
:100B10002B620A4B53E700BF000001400004004075
:100B200000080040000C004000040140004001406B
:100B3000004401400048014000180040001C0040F3
:100B4000002000401C6E050838B50468814AE3683F
:100B500023F00203E360E368944223F004030546B4
:100B6000E36000F09B80B4F1804F3AD07A4B9C4216
:100B70005FD07A4B9C4200F0B680794B9C4258D0B3
:100B8000784B9C4200F0BF80774B9C4200F0BB80CA
:100B9000764B9C4200F0CF80754B9C4249D0754B00
:100BA0009C4200F0CF80744B9C4242D0734B9C42DD
:100BB00000F0998041F69F517148C9F795FB226A70
:100BC0002B68644922F001022262226A22628B426F
:100BD00040F0A8801A6A22F010021A621A6A1A6299
:100BE00068E0236A23F001032362236A23624FF043
:100BF00080431C461A6A22F010021A621A6A1A62AC
:100C0000226A41F211131A4208D1226A40F2444387
:100C10001A4203D1236823F001032360012385F8DE
:100C20003E3085F83F3085F8423085F8433000206B
:100C300038BD236A23F001032362236A2362464BF3
:100C40009C4247D0464B9C4256D0464B9C4261D07A
:100C5000454B9C4250D0454B9C424DD0444B9C420E
:100C60004AD0444B9C4247D0434B9C4244D0434BD8
:100C70009C4241D041F69F514148C9F735FB236A58
:100C80002A68344923F010032362236A23628A42CC
:100C900010D0344B9A4243D01446B1E7236A23F074
:100CA00001032362236A2362236A23F01003236271
:100CB000236A2362274C226A41F211131A429FD100
:100CC000226A40F244431A429AD1636C23F40043EF
:100CD000636495E7204B1A6A22F010021A621A6ABE
:100CE0001A621C468CE7236A23F001032362236AFD
:100CF00023621A4B9C42A5D1236A23F0100323627E
:100D0000236A23627CE7236A23F001032362236AB8
:100D100023629AE7236A23F010032362236A236283
:100D2000104CC8E7B3F1804F3FF461AF0A4A9342D9
:100D3000D0D01C46DDE7236A23F001032362236A37
:100D400023627FE71A6A22F001021A621A6A1A62A3
:100D50007EE700BF000001400004004000080040A2
:100D6000000C0040000401400040014000440140EC
:100D70000048014000180040001C004000200040D6
:100D80001C6E0508704700BF704700BF314A0368FA
:100D9000934210B5044638D0B3F1804F35D0A2F558
:100DA0007C42934231D002F5806293422DD002F50D
:100DB0008062934229D002F58062934225D002F5E9
:100DC0008062934221D002F5704293421DD002F519
:100DD0007052934219D002F58062934215D002F509
:100DE0008062934211D0A2F5983293420DD002F561
:100DF0008062934209D002F58062934205D0164882
:100E000040F64141C9F770FA2368022284F83D2078
:100E1000196A41F21112114208D1196A40F2444292
:100E2000114203D11A6822F001021A602046FFF72E
:100E3000ABFF002084F8460084F83C0084F83E00B4
:100E400084F83F0084F8420084F8430084F83D00B1
:100E500010BD00BF000001401C6E05082DE9F843DD
:100E600090F83E5090F83F2090F842305FFA83F8B7
:100E700090F843305FFA82F9DFB2A84A03689342E0
:100E800004460E46EDB21FD0B3F1804F1CD0A2F540
:100E90007C42934218D002F58062934214D002F54E
:100EA0008062934210D002F5784293420CD002F552
:100EB0007052934208D0A2F59432934204D09848DD
:100EC00040F69641C9F710FA002E46D1012D03D005
:100ED00001252846BDE8F883B8F1010FF9D125684E
:100EE0008E4A0223954284F83E3084F8423000F066
:100EF0008F80B5F1804F00F08B808A4B9D4200F0CF
:100F0000878003F580639D4200F0828003F5806353
:100F10009D427DD003F578439D4279D003F570530F
:100F20009D4275D003F580639D4271D003F58063C7
:100F30009D426DD0A3F598339D4269D003F580633F
:100F40009D4265D003F580639D4261D0744841F6AF
:100F50009F51C9F7C9F926685BE0042E69D0012DBD
:100F6000B6D1B9F1010FB4D1B8F1010FB1D1012F50
:100F7000AFD12668694A0223964284F83E3084F84D
:100F80003F3084F8423084F8433000F09C80B6F162
:100F9000804F00F0A180634B9E4200F0A980624B1D
:100FA0009E4200F0B080614B9E4200F0CF80604BCB
:100FB0009E4200F0D6805F4B9E4200F0DD805E4B8B
:100FC0009E4200F0E4805D4B9E4200F0EB805C4B63
:100FD0009E4200F0F2805B4B9E4200F025815A4B0E
:100FE0009E4200F017814E4841F69F51C9F77CF9A7
:100FF000336A2568494A23F001033362336A954214
:1010000043F00103336240F0E380444D2E4651E04B
:101010002E462B6A23F001032B622B6A43F0010357
:101020002B623368002543F0010333602846BDE896
:10103000F883B9F1010F7FF44BAF012F7FF448AF74
:101040002568364A0223954284F83F3084F84330BD
:101050002FD0B5F1804F2CD0324B9D4229D003F5D3
:1010600080639D4225D003F580639D4221D003F526
:1010700078439D421DD003F570539D4219D003F56E
:1010800080639D4215D003F580639D4211D0A3F586
:1010900098339D420DD003F580639D4209D02A4BC1
:1010A0009D4206D01E4841F69F51C9F71DF926689A
:1010B00000E02E462B6A23F010032B622B6A43F0CC
:1010C00010032B62ADE7336A23F001033362336A06
:1010D00043F00103336298E7336A23F0010333627C
:1010E000336A43F0010333624FF080452E46E1E757
:1010F000336A23F001033362336A43F0010333623E
:10110000084D2E46D6E71A6A22F001021A621A6AC0
:1011100042F001021A62044D2E46CBE70000014066
:101120001C6E05080004004000080040000C004050
:1011300000040140004001400044014000480140DB
:1011400000180040001C004000200040336A23F0DB
:1011500001033362336A43F001033362374D2E4695
:10116000A8E7336A23F001033362336A43F00103D3
:101170003362334D2E469DE7336A23F00103336219
:10118000336A43F0010333622E4D2E4692E7336AF1
:1011900023F001033362336A43F0010333622A4DC3
:1011A0002E4687E7336A23F001033362336A43F044
:1011B00001033362254D2E467CE7336A23F0010399
:1011C0003362336A43F001033362214D2E4671E7E7
:1011D000B5F1804F88D01F4B9D4291D01E4B9D4250
:1011E00099D0164B9D42B9D0154B9D42C1D0154B9D
:1011F0009D42C9D0144B9D42D1D0144B9D42D9D0B1
:10120000134B9D42E1D0154B9D427FF448AF134DE7
:101210002E464FE7336A23F001033362336A43F00B
:1012200001033546336245E7336A23F00103336235
:10123000336A43F001033362E9E700BF000C00406A
:1012400000040140004001400044014000480140CA
:10125000001800400004004000080040001C00404E
:10126000F8B5A64F0468BC4205460E4600F09B80C8
:10127000B4F1804F6CD0A24B9C4200F0C38003F5C8
:1012800080639C4200F0E28003F580639C4200F0A2
:10129000908003F578439C4200F0F78003F570538B
:1012A0009C4200F0AD81A3F594339C4200F0F8809D
:1012B000944840F6EF41C9F717F8002E00F02C8152
:1012C000042E00F0A5812C688C4B9C4200F0C78056
:1012D000B4F1804F00F0CD80894B9C4200F09780A4
:1012E000894B9C4240F04D81226A22F00102226229
:1012F000226A22622346844A93421F4600F0958068
:10130000824B9F4200F09080814B9F4200F08C8086
:10131000804B9F4200F0888003F580639F4200F07D
:10132000838003F580639F427ED0A3F598339F426C
:101330007AD003F580639F4276D003F580639F42A5
:1013400072D0704841F69F51C8F7CEFF2B686CE011
:10135000002900F0A180042940F08B804FF08043E9
:101360001C46226A22F010022262226A2262196A54
:1013700041F2111211423ED1196A40F24442114227
:1013800039D11A6822F001021A606EB3042E32D0ED
:10139000012385F83E3085F83F3085F8423085F8E6
:1013A00043300020F8BD69B1042958D1534B1C4685
:1013B000D7E7002900F0BD80042940F01581534B88
:1013C0001C46CEE74D4C2346226A22F001022262DF
:1013D000226A2262196A41F21112114204D1196A79
:1013E00040F244421142CCD0012385F83E3085F8CA
:1013F00042300020F8BD012385F83F3085F84330A6
:101400000020F8BD002941D0042900F033813C4B75
:101410001A6A22F001021A621A6A1A621F46384BCF
:101420009F427FF46DAFDCE03B463A6A22F0100247
:101430003A623A6A3A62196A41F211121142A7D12C
:10144000196A40F244421142A2D19AE7002900F001
:101450000E8104297FF444AF2B4B1C4681E7274BB8
:101460001A6A22F001021A621A6A1A62234F3B4674
:10147000DBE74FF080431A6A22F001021A621A6A0F
:101480001A624FF080473B46CFE791BB1C4B9C4212
:101490004CD01F4C234697E74FF08044234693E7F8
:1014A00000294DD0042940F09F801A4B9C4200F047
:1014B000A58003F580639C4200F0A08003F5806363
:1014C0009C4200F09B80A3F598339C4200F09680EC
:1014D00003F580639C4200F0918003F580639C4299
:1014E00000F08C80074841F69F51C8F7FDFE2B683D
:1014F00037E7042978D1064B1C4632E7000001404B
:10150000000400401C6E050800080040000C00406C
:1015100000040140004001402C68BC423FF452AF3F
:10152000B4F1804FB8D0594B9C4202D1574C23465E
:101530004AE7574B9C4200F09A80564B9C425BD046
:10154000554B9C42A5D0554B9C4200F08580544B96
:101550009C4251D003F580639C424DD0A3F5983353
:101560009C4249D003F580639C4245D003F58063DB
:101570009C4241D04B4841F69F51C8F7B5FE2B68BD
:1015800022E7444B9C426AD0434B9C4275D0434B6C
:101590009C4251D0424B9C4256D0434B9C424BD034
:1015A000424B9C4248D0424B9C4258D0414B9C42BB
:1015B00042D03C4841F69F51C8F796FE226A2B68FC
:1015C00022F001022262226A22623B4A93423FF4E5
:1015D0004DAFB3F1804F3FF454AF2C4A93427FF4A8
:1015E0008AAE2A4F3B4620E7236A23F00103236299
:1015F000236A2362274683E62346E5E62346B0E6D0
:1016000051B30429F0D1244B9C427FF44EAF72E7D2
:101610002C68294B9C423FF4C9AEB4F1804F3FF493
:101620009DAE1A4B9C4225D0194B9C423FF414AFFF
:10163000184B9C42E7D1C2E6236A23F001032362E0
:10164000236A236227465FE6236A23F001032362AD
:10165000236A236227465BE6104C2346B4E6236ADE
:1016600023F001032362236A23622746D7E6084C4E
:101670002346A9E6054B1C4673E6236A23F00103C3
:101680002362236A236227463AE600BF0004004033
:1016900000080040000C00400004014000400140F0
:1016A000004401401C6E050800480140001800403D
:1016B000001C004000200040000001402DE9F843DC
:1016C00090F83E5090F83F2090F842305FFA83F84F
:1016D00090F843305FFA82F9DFB2AC4A0368934274
:1016E00004460E46EDB21FD0B3F1804F1CD0A2F5D8
:1016F0007C42934218D002F58062934214D002F5E6
:101700008062934210D002F5784293420CD002F5E9
:101710007052934208D0A2F59432934204D09C4870
:101720004FF45361C8F7E0FD002E4AD1012D03D0DC
:1017300001252846BDE8F883B8F1010FF9D12568E5
:10174000924A0223954284F83E3084F8423000F0F9
:10175000A380B5F1804F00F09F808E4B9D4200F03A
:101760009B8003F580639D4200F0968003F58063C3
:101770009D4200F0918003F578439D4200F08C80FB
:1017800003F570539D4200F0878003F580639D420E
:1017900000F0828003F580639D427DD0A3F59833ED
:1017A0009D4279D003F580639D4275D003F5806337
:1017B0009D4271D0764841F69F51C8F795FD266845
:1017C0006BE0042E7DD0012DB2D1B9F1010FB0D163
:1017D000B8F1010FADD1012FABD126686B4A0223BE
:1017E000964284F83E3084F83F3084F8423084F8E2
:1017F000433000F0B580B6F1804F00F0BA80654B01
:101800009E4200F0DB80644B9E4200F0E280634B1E
:101810009E4200F0E980624B9E4200F0F080614BF6
:101820009E4200F0F780604B9E4200F0FE805F4BCE
:101830009E4200F005815E4B9E4200F00C815D4BA4
:101840009E4200F045815C4B9E4200F0378150483B
:1018500041F69F51C8F748FD336A25684B4A23F08B
:1018600001033362336A954243F00103336240F06F
:10187000FD80464D2E462B6A23F010032B622B6A07
:1018800043F010032B62F36843F00203F360F36844
:1018900043F00403F3600CE02E462B6A23F00103AF
:1018A0002B622B6A43F001032B62F36843F00203BF
:1018B000F3603368002543F0010333602846BDE838
:1018C000F883B9F1010F7FF433AF012F7FF430AF0C
:1018D00025682E4A0223954284F83F3084F843302D
:1018E00030D0B5F1804F2DD02A4B9D422AD003F540
:1018F00080639D4226D003F580639D4222D003F58C
:1019000078439D421ED003F570539D421AD003F5D3
:1019100080639D4216D003F580639D4212D0A3F5EB
:1019200098339D420ED003F580639D420AD003F5A3
:1019300080639D4206D0164841F69F51C8F7D4FCFB
:10194000266800E02E462B6A23F010032B622B6AD8
:1019500043F010032B62F36843F00403F360A8E73D
:10196000336A23F001033362336A43F001033362C5
:101970007FE7336A23F001033362336A43F00103E4
:1019800033624FF080452E4675E700BF00000140EE
:101990001C6E05080004004000080040000C0040D8
:1019A0000004014000400140004401400048014063
:1019B00000180040001C004000200040336A23F063
:1019C00001033362336A43F001033362474D2E460D
:1019D00051E71A6A22F001021A621A6A42F0010201
:1019E0001A62434D2E4646E7336A23F00103336201
:1019F000336A43F0010333623E4D2E463BE7336AC0
:101A000023F001033362336A43F0010333623A4D3A
:101A10002E4630E7336A23F001033362336A43F022
:101A200001033362354D2E4625E7336A23F0010367
:101A30003362336A43F001033362314D2E461AE7B5
:101A4000336A23F001033362336A43F001033362E4
:101A50002C4D2E460FE7336A23F001033362336ABD
:101A600043F001033362284D2E4604E7B5F1804F61
:101A700087D01E4B9D42A9D01D4B9D42B1D01D4B1E
:101A80009D42B9D01C4B9D42C1D01C4B9D42C9D038
:101A90001B4B9D42D1D01B4B9D42D9D01A4B9D422E
:101AA000E1D01A4B9D421BD0194B9D421BD01948C7
:101AB00041F69F51C8F718FC2668DCE6336A23F02C
:101AC00001033362336A43F0010335463362D2E6E1
:101AD000336A23F001033362336A43F00103336254
:101AE0000A4D2E46C7E62E46C5E600BF000400405C
:101AF00000080040000C004000040140004001408C
:101B0000004401400048014000180040001C004013
:101B1000002000401C6E0508F8B5AF4F0568BD42B7
:101B200004460E4600F09980B5F1804F5ED0AB4B75
:101B30009D4200F0048103F580639D4200F03D81E9
:101B400003F580639D4200F0978003F578439D4242
:101B500000F0648103F570539D4200F0C981A3F544
:101B600094339D4200F081819D4840F68F51C8F723
:101B7000BBFB2568002E40F0C981BD4200F00A82FF
:101B8000B5F1804F00F0B280944B9D4200F0F98196
:101B9000944B9D4200F0F281934B9D4200F0968160
:101BA000924B9D4200F09581914B9D4200F0EC815B
:101BB000904B9D4200F0C58103F580639D4200F08B
:101BC000C081A3F598339D4200F0E1818A4B9D428C
:101BD00000F0B78103F580639D4200F0B281804838
:101BE00041F69F51C8F780FB236882E000297DD031
:101BF000042900F0A8814FF080431A6A22F0010204
:101C00001A621A6A1A624FF080473B463A6A22F01B
:101C100010023A623A6A3A62DA6822F00202DA6044
:101C2000DA6822F00402DA601A6A41F211110A42FB
:101C30007AD1196A40F24442114275D11A6822F0F1
:101C400001021A60002E68D0042E6DD1012384F8A1
:101C50003F3084F843300020F8BD002900F09A811D
:101C6000042900F0E9802B6A23F001032B622B6A20
:101C70002B62594F3B46C9E7002900F02781042910
:101C800000F07981584B1A6A22F001021A621A6A2E
:101C90001A621F46544B9F4200F02681534B9F42CD
:101CA00000F0C780524B9F4200F01E8103F5806315
:101CB0009F4200F0198103F580639F4200F0148178
:101CC000A3F598339F4200F00F8103F580639F4294
:101CD00000F00A8103F580639F4200F005814048CF
:101CE00041F69F51C8F700FB23688FE74FF0804310
:101CF0001D462A6A22F001022A622A6A2A62DA68EA
:101D000022F00202DA601A6A41F211110A4204D189
:101D1000196A40F24442114290D0012384F83E30C7
:101D200084F842300020F8BD012384F83E3084F866
:101D30003F3084F8423084F843300020F8BD002959
:101D400000F01F81042900F01381244B9D425BD0D9
:101D5000274D274B9D4200F0BF80264B9D4200F04F
:101D6000CD80264B9D4200F0C980254B9D4200F05E
:101D7000C580214B9D4200F0EA80224B9D4200F03D
:101D8000E680174841F69F51C8F7AEFA2B6A2768DC
:101D900023F001032B622B6A2B620F4B9F423FF40F
:101DA00068AFB7F1804F3FF42EAF0C4B9F4232D05B
:101DB0000C4B9F427FF46EAF0BE0002900F0DE80F9
:101DC000042976D0074B1A6A22F001021A621A6AB5
:101DD0001A62044F3B4619E700000140000400402E
:101DE0001C6E050800080040000C00400004014083
:101DF0000040014000440140001C004000480140F8
:101E00000018004000200040644B1A6A22F00102D2
:101E10001A621A6A1A62614F3B46F7E6002958D0E7
:101E2000042950D05E4B1A6A22F001021A621A6A23
:101E30001A625B4F3B46E9E65A4D2B462A6A22F06E
:101E400010022A622A6A2A62DA6822F00402DA6040
:101E50001A6A41F211110A427FF4F8AE196A40F28F
:101E6000444211427FF4F2AEE8E6002900F08F8090
:101E700004297FF46EAF4C4B9D4237D003F580634D
:101E80009D4233D003F580639D422FD0A3F5983354
:101E90009D422BD003F580639D4227D003F58063DC
:101EA0009D4223D0414841F69F51C8F71DFA23684F
:101EB000C4E73F4B9D4219D003F580639D425AD041
:101EC000374B9D42D7D1364D2B46B7E7394B1D4690
:101ED0000FE7334B1D460CE72B6A23F001032B62FF
:101EE0002B6A2B622F46D9E63B468FE62B46A5E7A9
:101EF000002949D004297FF428AFE1E72B6A23F0B9
:101F000001032B622B6A2B622F46CBE6042E254B56
:101F100025D09D423FF4A7AEB5F1804F3FF46BAEA4
:101F20001E4B9D423FF470AF214B9D423FF44AAFA0
:101F3000204B9D423FF4A6AE194B9D423FF472AF39
:101F400007E72B46D5E64FF080452B4676E72B6A10
:101F500023F001032B622B6A2B622F469AE69D42E7
:101F60003FF46AAFB5F1804FEDD00C4B9D42A0D14C
:101F70000A4D2B4662E70F4D2B465FE70C4B1D4683
:101F8000B7E6064B1D46B4E6074B1D46B1E60A4BC5
:101F90001D46AEE6034B1D46ABE600BF0004004005
:101FA0000004014000000140004001401C6E050893
:101FB00000080040000C0040001800402DE9F04FE0
:101FC0000E46994601687F4B90F83E5090F83F804E
:101FD00090F8427090F843B083B09942BDF830A0B9
:101FE0000446EDB25FFA88F8FFB25FFA8BFB21D0AE
:101FF000B1F1804F1ED0A3F57C4399421AD003F56E
:102000008063994216D003F58063994212D003F59C
:10201000784399420ED003F5705399420AD0A3F544
:102020009433994206D06848019240F6D651C8F7D9
:102030005BF9019A2EBB022D1FD0022F00F05381B5
:10204000012D19D1012F17D1B2B1BAF1000F13D060
:10205000606A022184F83E1084F842105B49C16333
:102060005B4901645B49C164216853463431ECF734
:10207000D3F8002800F03D810125284603B0BDE8D3
:10208000F08F042E00F0BC80022DF6D0B8F1020FC4
:1020900000F02B81022F00F02681BBF1020F00F02F
:1020A0002681012DE8D1B8F1010FE5D1012FE3D14F
:1020B000BBF1010FE0D1002ADED0B9F1000FDBD077
:1020C000BAF1000FD8D02168606A404F404E414DB0
:1020D000022384F83E30343184F83F3084F84230B3
:1020E00084F84330C7630664C5645346ECF794F83C
:1020F0000028C1D1A06A2168C564C0E90F765346A3
:102100004A463831ECF788F80028B5D125682D4AC1
:10211000EB6843F40073EB60EB68954243F4806333
:10212000EB6000F03281B5F1804F00F037812A4B2F
:102130009D4200F03F81294B9D4200F04681284B93
:102140009D4200F04D81274B9D4200F05481264B6B
:102150009D4200F05B81254B9D4200F08A81244B1B
:102160009D4200F0D081234B9D4200F0C181224B63
:102170009D4200F09381214B9D4200F085811248E1
:1021800041F69F51C8F7B0F82B6A26680D4A23F034
:1021900001032B622B6A964243F001032B6240F04D
:1021A0004081084E3546336A23F010033362336AA8
:1021B00043F0100333622B6843F001032B600025CA
:1021C0005BE700BF000001401C6E0508613D04088C
:1021D000F93D0408AD400408000400400008004038
:1021E000000C004000040140004001400044014058
:1021F0000048014000180040001C00400020004042
:10220000B8F1020F71D0BBF1020F70D0B8F1010F1D
:102210007FF432AFBBF1010F7FF42EAFB9F1000FA5
:102220003FF42AAFBAF1000F3FF426AFA06A21684D
:10223000022284F83F2084F843209E4AC2639E4ACB
:1022400002649E4AC26453464A463831EBF7E4FFC3
:1022500000287FF411AF2568994AEB68954243F452
:102260008063EB6000F08A80B5F1804F00F08680DB
:10227000944B9D4200F0828003F580639D427DD0A7
:1022800003F580639D4279D003F578439D4275D074
:1022900003F570539D4271D003F580639D426DD06C
:1022A00003F580639D4269D0A3F598339D4265D0C4
:1022B00003F580639D4261D003F580639D425DD04C
:1022C000814841F69F51C8F70FF822682B6A23F026
:1022D00010032B622B6A43F010032B62136843F048
:1022E000010313606BE73D46C7E64546C5E65D461C
:1022F000C3E62568724AEB68954243F40073EB60CD
:102300003ED0B5F1804F3DD06E4B9D4238D003F5A5
:1023100080639D4234D003F580639D4230D003F545
:1023200078439D422CD003F570539D4228D003F58D
:1023300080639D4224D003F580639D4220D0A3F5A5
:1023400098339D421CD003F580639D4218D003F55D
:1023500080639D4214D05C4841F69F51C7F7C4FF8B
:1023600022682B6A23F001032B622B6A43F00103DE
:102370002B62136843F00103136020E72A46A5E7A8
:102380002A46EEE74FF08042EBE72B6A23F0010389
:102390002B622B6A43F001032B6202E72B6A23F0C6
:1023A00001032B622B6A43F001032B624FF080463E
:1023B0003546F8E62B6A23F001032B622B6A43F0C3
:1023C00001032B623F4E3546EDE62B6A23F00103F5
:1023D0002B622B6A43F001032B623C4E3546E2E64A
:1023E0001A6A22F001021A621A6A42F001021A62A3
:1023F000374E3546D7E62B6A23F001032B622B6A52
:1024000043F001032B62334E3546CCE62B6A23F0B2
:1024100001032B622B6A43F001032B622E4E3546DB
:10242000C1E6B6F1804FC1D0264B9E42CAD0274BA1
:102430009E42D2D0264B9E42DAD0264B9E42E2D01C
:10244000254B9E42EAD0254B9E421AD0244B9E42F9
:1024500061D0244B9E4253D0234B9E4226D0234B27
:102460009E425BD0184841F69F51C7F73DFF256853
:1024700099E62B6A23F001032B622B6A43F00103D8
:102480002B62164E35468EE62B6A23F001032B6233
:102490002B6A43F001032E462B6284E62B6A23F05D
:1024A00001032B622B6A43F001032B620E4E35466B
:1024B00079E600BF613D0408F93D0408AD40040819
:1024C00000000140000400401C6E050800080040A8
:1024D000000C004000040140004001400044014065
:1024E0000048014000180040001C0040002000404F
:1024F0002B6A23F001032B622B6A43F001032B624A
:10250000074E35464FE62B6A23F001032B622B6AF8
:1025100043F001032B62034E354644E6354642E65E
:102520000018004000480140F8B5AE4F0568BD42B4
:1025300004460E4600F0A180B5F1804F5ED0AA4B54
:102540009D4200F0108103F580639D4200F062819E
:1025500003F580639D4200F09F8003F578439D4220
:1025600000F0718103F570539D4200F0DA81A3F50C
:1025700094339D4200F092819C4840F6A561C7F7D4
:10258000B3FE2568002E40F0DA81BD4200F01B82C8
:10259000B5F1804F00F0BA80934B9D4200F00A8263
:1025A000934B9D4200F00382924B9D4200F0A78125
:1025B000914B9D4200F0A681904B9D4200F0FD8121
:1025C0008F4B9D4200F0D68103F580639D4200F061
:1025D000D181A3F598339D4200F0F281894B9D4251
:1025E00000F0C88103F580639D4200F0C3817F48FD
:1025F00041F69F51C7F778FE22688AE0002900F073
:102600008580042900F0B8814FF080431A6A22F0D7
:1026100001021A621A6A1A624FF080473B463A6A10
:10262000606A22F010023A623A6A3A62DA6822F488
:102630000072DA60DA6822F48062DA60EBF788FE12
:10264000A06AEBF785FE2368196A41F21112114264
:102650007ED1196A40F24442114279D11A6822F0BF
:1026600001021A60002E6CD0042E71D1012384F86F
:102670003F3084F843300020F8BD002900F0A381EA
:10268000042900F0EE802B6A23F001032B622B6AF1
:102690002B62544F3B46C2E7002900F030810429E9
:1026A00000F08281534B1A6A22F001021A621A6A00
:1026B0001A621F464F4B9F4200F02F814E4B9F42A4
:1026C00000F0CC804D4B9F4200F0278103F58063E2
:1026D0009F4200F0228103F580639F4200F01D813C
:1026E000A3F598339F4200F0188103F580639F4261
:1026F00000F0138103F580639F4200F00E813B4898
:1027000041F69F51C7F7F0FD236888E74FF08042FC
:1027100015462B6A606A23F001032B622B6A2B6239
:10272000D36823F40073D360EBF712FE2368196AB1
:1027300041F21112114204D1196A40F2444211428D
:102740008CD0012384F83E3084F842300020F8BD5C
:10275000012384F83E3084F83F3084F8423084F816
:1027600043300020F8BD002900F02481042900F046
:1027700018811D4B9D425CD0204D204B9D4200F0A6
:10278000C4801F4B9D4200F0D2801F4B9D4200F041
:10279000CE801E4B9D4200F0CA801A4B9D4200F035
:1027A000EF801B4B9D4200F0EB80104841F69F519B
:1027B000C7F79AFD2B6A276823F001032B622B6A67
:1027C0002B62084B9F423FF464AFB7F1804F3FF458
:1027D00023AF054B9F4233D0054B9F427FF46AAF36
:1027E00024E000BF00000140000400401C6E05080A
:1027F00000080040000C004000040140004001407F
:1028000000440140001C0040004801400018004006
:1028100000200040002900F0CA80042962D06B4BE0
:102820001A6A22F001021A621A6A1A62674F3B465C
:10283000F5E6674B1A6A22F001021A621A6A1A62F6
:10284000634F3B46EBE600295CD0042954D0614B32
:102850001A6A22F001021A621A6A1A625D4F3B4636
:10286000DDE65D4D2A462B6AA06A23F010032B6239
:102870002B6A2B62D36823F48063D360EBF768FD87
:102880002368196A41F2111211427FF4EFAE196AFE
:1028900040F2444211427FF4E9AEDFE6002900F045
:1028A0008F8004297FF469AF4C4B9D4237D003F5EC
:1028B00080639D4233D003F580639D422FD0A3F502
:1028C00098339D422BD003F580639D4227D003F5BA
:1028D00080639D4223D0424841F69F51C7F704FDD3
:1028E0002268C0E7394B9D4219D003F580639D42B1
:1028F0005AD0384B9D42D7D1364D2A46B3E7394A94
:10290000154606E7334A154603E72B6A23F0010311
:102910002B622B6A2B622F46D0E63B467FE62A4687
:10292000A1E7002949D004297FF423AFE1E72B6A0E
:1029300023F001032B622B6A2B622F46C2E6042E82
:10294000254B25D09D423FF49EAEB5F1804F3FF41C
:102950005BAE1F4B9D423FF46CAF1C4B9D423FF45E
:102960005EAF204B9D423FF49DAE1A4B9D423FF41B
:102970006EAF02E72A46CCE64FF080452A4672E762
:102980002B6A23F001032B622B6A2B622F4691E600
:102990009D423FF466AFB5F1804FEDD00C4B9D42A8
:1029A000A0D10B4D2A465EE70E4D2A465BE7074A4B
:1029B0001546AEE6064A1546ABE6084A1546A8E6B1
:1029C000094A1546A5E6044A1546A2E60008004055
:1029D00000040040000401400000014000400140AC
:1029E0001C6E0508000C004000180040F8B50546B4
:1029F00098482B6883420C4616462ED0B3F1804F80
:102A00002BD0954A934228D002F58062934224D07D
:102A100002F58062934220D002F5784293421CD0A6
:102A200002F57052934218D002F58062934214D09E
:102A300002F58062934210D0A2F5983293420CD0F6
:102A400002F58062934208D002F58062934204D07E
:102A5000824841F21D01C7F747FC236833F00202A8
:102A600001D00A2B41D16368013B022B2CD8A3680B
:102A700053B1043B082B00F23A8140F2111222FAC2
:102A800003F3DB0740F13381E3680F2B22D895F87D
:102A90003C30012B27D0012385F83C300C2E0ED87A
:102AA000DFE816F029000D000D000D00DE000D001E
:102AB0000D000D005D000D000D000D0099000120BE
:102AC000002385F83C30F8BD644841F21F01C7F788
:102AD0000BFCCCE7614841F22101C7F705FC95F8F2
:102AE0003C30012BD7D10220F8BD5C4841F21E01D9
:102AF000C7F7FAFBB7E72B68DFF858C1186A1E6AF8
:102B0000E76826F00106D4E9002163451E629E694C
:102B100000F0F380B3F1804F00F0EF80ACF57C4C17
:102B2000634500F0EA800CF5806C634500F0E580B9
:102B30000CF5806C634500F0E0800CF5784C634543
:102B400000F0DB800CF5705C634500F0D680ACF5DE
:102B5000943C634500F0D18046F00101D0E02B6841
:102B60003C4A934218D0B3F1804F15D0A2F57C4275
:102B7000934211D002F5806293420DD002F580623B
:102B8000934209D002F57842934205D0334841F28E
:102B90004701C7F7A9FB2B68186AE668D4E900214A
:102BA000120220F4206002F420620243186AA46832
:102BB00020F480701862D86920F00300014366F3A6
:102BC0000711D9611A62DA6922F00C02DA61DA6956
:102BD0002243DA6189E02B681E4A934218D0B3F190
:102BE000804F15D0A2F57C42934211D002F580624D
:102BF00093420DD002F58062934209D002F57842EB
:102C0000934205D0154841F25701C7F76DFB2B6879
:102C1000196AE668D4E90020120321F4204102F485
:102C200020420A43196AA46821F480511962D969C3
:102C300021F4407141EA002166F30F31D9611A6233
:102C4000DA6922F44062DA61DA6942EA0422DA617E
:102C50004BE000BF00000140000400401C6E05086E
:102C60002B68304A934220D0B3F1804F1DD0A2F59B
:102C70007C42934219D002F58062934215D002F54E
:102C80008062934211D002F5784293420DD002F552
:102C90007052934209D0A2F59432934205D0224853
:102CA00041F23701C7F720FB2B68196AE668D4E9BF
:102CB0000020120121F0A00102F0A0020A43196ACB
:102CC000A46821F010011962996921F4407141EA68
:102CD000002166F30F3199611A629A6922F4406209
:102CE0009A619A6942EA04229A610020E8E60E4855
:102CF0004FF48151C7F7F8FAC6E626F003063143D0
:102D000067F30711996102F00A0220F00A010A43F1
:102D10001A629A69A16822F00C029A619A690A43C0
:102D20009A61E2E7000001401C6E05082DE9F843B6
:102D300015461F46604A0368DDF82080DDF82490C0
:102D4000934204460E4617D0B3F1804F14D0A2F53B
:102D50007C42934210D002F5806293420CD002F57F
:102D60008062934208D002F57842934204D05348DF
:102D700041F2BD11C7F7B8FA112E67D835F4FE43FA
:102D80004CD1002D4AD038F4407312D0B3F5806F87
:102D90000FD0B3F5006F0CD0B3F5406F09D028F415
:102DA0008073B3F5805F04D044484FF48E51C7F769
:102DB0009BFA09F1FF324FF6FE739A424CD894F811
:102DC0004630022BD8B227D094F84630012B49D098
:102DD000B5F5006F4DD027D8B5F5007F5AD0B5F5C1
:102DE000806F4AD0B5F5807F64D1206A2268394669
:102DF000334FC763334F4B464C320764324FC7647F
:102E0000EBF70AFA002855D1236846EA08069E64C3
:102E1000DA682A430020DA60BDE8F883274841F2E7
:102E2000BF11C7F761FAAEE7B5F5005F36D0B5F56B
:102E3000804F26D0B5F5805F3CD1206B4B4639469C
:102E40002268224FC7634C32214FD6E71B4841F21C
:102E5000BE11C7F749FA91E7184841F2C111C7F707
:102E600043FAACE71FB30223B5F5006F84F8463090
:102E7000B1D1E06A4B463946E2E7A06A4B46394693
:102E8000DEE72268A06B3946124FC7634B46124FEC
:102E90004C32B2E7606A4B463946D1E72268606B34
:102EA00039460E4FC7634B460D4F4C32A5E7B8F17C
:102EB000000FD8D00120AFE7000001401C6E0508CC
:102EC000313D04084D3D0408AD4004085D3E040852
:102ED000E53E0408814004089D400408117D040873
:102EE000257D040810B582B0049C0094240A0134A6
:102EF0000194FFF71BFF02B010BD00BF38B531F4DD
:102F0000FE430C46054607D159B9234841F27321C7
:102F1000C7F7EAF9012038BD1F4841F27321C7F70E
:102F2000E3F9B4F5006F2FD015D8B4F5007F1FD0AA
:102F3000B4F5806F24D0B4F5807FEBD1286AEBF72D
:102F400007FA2A68D368012123EA0403D36085F8CD
:102F50004610002038BDB4F5005F0DD0B4F5804FA9
:102F600016D0B4F5805FD5D1286BEBF7F1F9E8E71F
:102F7000686AEBF7EDF9E4E7686BEBF7E9F9E0E78E
:102F8000A86AEBF7E5F9DCE7E86AEBF7E1F9D8E7DF
:102F9000A86BEBF7DDF9D4E71C6E05082DE9F843C3
:102FA00015461F46604A0368DDF82080DDF824904E
:102FB000934204460E4617D0B3F1804F14D0A2F5C9
:102FC0007C42934210D002F5806293420CD002F50D
:102FD0008062934208D002F57842934204D053486D
:102FE00041F20D31C7F780F9112E67D835F4FE4351
:102FF0004CD1002D4AD038F4407312D0B3F5806F15
:103000000FD0B3F5006F0CD0B3F5406F09D028F4A2
:103010008073B3F5805F04D0444841F21031C7F7A4
:1030200063F909F1FF324FF6FE739A424CD894F8D7
:103030004630022BD8B227D094F84630012B49D025
:10304000B5F5006F4DD027D8B5F5007F5AD0B5F54E
:10305000806F4AD0B5F5807F64D1206A21683A46F6
:10306000334FC763334F4B464C310764324FC7640D
:10307000EBF7D2F8002855D1236846EA08069E648B
:10308000DA682A430020DA60BDE8F883274841F275
:103090000F31C7F729F9AEE7B5F5005F36D0B5F5C2
:1030A000804F26D0B5F5805F3CD1206B4B463A4629
:1030B0002168224FC7634C31214FD6E71B4841F2AC
:1030C0000E31C7F711F991E7184841F21131C7F7EE
:1030D0000BF9ACE71FB30223B5F5006F84F8463057
:1030E000B1D1E06A4B463A46E2E7A06A4B463A461F
:1030F000DEE72168A06B3A46124FC7634B46124F7A
:103100004C31B2E7606A4B463A46D1E72168606BC2
:103110003A460E4FC7634B460D4F4C31A5E7B8F109
:10312000000FD8D00120AFE7000001401C6E050859
:10313000313D04084D3D0408AD400408613D0408DC
:10314000F93D0408814004089D400408117D0408ED
:10315000257D040810B582B0049C0094240A013433
:103160000194FFF71BFF02B010BD00BF38B531F46A
:10317000FE430C46054607D159B9234841F2C331F5
:10318000C7F7B2F8012038BD1F4841F2C331C7F775
:10319000ABF8B4F5006F2FD015D8B4F5007F1FD071
:1031A000B4F5806F24D0B4F5807FEBD1286AEBF7BB
:1031B000CFF82A68D368012123EA0403D36085F895
:1031C0004610002038BDB4F5005F0DD0B4F5804F37
:1031D00016D0B4F5805FD5D1286BEBF7B9F8E8E7E6
:1031E000686AEBF7B5F8E4E7686BEBF7B1F8E0E78E
:1031F000A86AEBF7ADF8DCE7E86AEBF7A9F8D8E7DF
:10320000A86BEBF7A5F8D4E71C6E050838B52E4A75
:103210000368934204460D4637D0B3F1804F34D053
:10322000A2F57C42934230D002F5806293422CD0CA
:1032300002F58062934228D002F58062934224D046
:1032400002F58062934220D002F5704293421CD076
:1032500002F57052934218D002F58062934214D066
:1032600002F58062934210D0A2F5983293420CD0BE
:1032700002F58062934208D002F58062934204D046
:10328000124841F21441C7F72FF86B1EFE2B10D8DD
:1032900094F83C30012B15D02168022284F83D209F
:1032A000002301224D6184F83D2084F83C3018460B
:1032B00038BD064841F21541C7F716F894F83C307E
:1032C000012BE9D1022038BD000001401C6E050829
:1032D00070B504465D48236883420D46164616D0F5
:1032E000B3F1804F13D05A4A934210D002F5806256
:1032F00093420CD002F58062934208D002F57842E6
:10330000934204D0534841F23D41C6F7EDFF6B684C
:10331000012B04D94F4841F23E41C6F7E5FF94F82E
:103320003C30012B71D00223012084F83C0084F84A
:103330003D306B6843B3834206D00122002384F8FA
:103340003D2084F83C3070BDAB6833F4004304D0BA
:10335000404841F25141C6F7C7FFEB6823B323F45D
:103360000052B2F5805F52D0B3F5005F4FD03948BC
:1033700041F25241C6F7B8FF2B690F2B3FD8EB68DB
:10338000002B47D1296912E023689A6822F47F4212
:103390009A600C2E1CD8DFE806F0241B1B1B1D1B9B
:1033A0001B1B2B1B1B1B140029690F2927D8236803
:1033B000A8689A6822F47F42024342EA01229A6096
:1033C000E7E72A68002A3BD0DA6942F40042DA6172
:1033D0000020B2E72A6872B39A6942F400429A6107
:1033E000F6E72A6812B39A6942F080029A61EFE721
:1033F0002A68B2B1DA6942F08002DA61E8E715487A
:1034000041F25341C6F770FFB9E7022070BD2B6946
:103410000F2BF4D80120002384F83D0084F83C30C1
:1034200070BDDA6922F08002DA61D1E79A6922F090
:1034300080029A61CCE79A6922F400429A61C7E758
:10344000DA6922F40042DA61C2E700BF00000140FD
:10345000000400401C6E050838B590F83C30012B84
:1034600000F0C3810223012280F83C2080F83D3027
:103470000B68702B04460D4600F05D8225D823F0C2
:103480001002402A00F0DE80602B00F0B08133F0A3
:1034900030026ED12268916821F47F4121F07701DA
:1034A0009160402B00F2D880202B00F0708100F258
:1034B0006B8133F0100100F06A81012001220023AA
:1034C00084F83D2084F83C3038BDB3F5805F00F0CF
:1034D0001381B3F5005FDAD10268936823F47F4368
:1034E00023F077039360A64B9A4217D0B2F1804F36
:1034F00014D0A3F57C439A4210D003F580639A421E
:103500000CD003F580639A4208D003F578439A42C1
:1035100004D09C4841F2EE41C6F7E6FEAB6833F4B6
:10352000405304D0974841F2F141C6F7DDFE6B6885
:10353000B3F5004F09D033F0020206D00A2B04D0B5
:10354000904841F2F241C6F7CFFEE8680F2800F23A
:1035500001822268D5E9015391682B4321F47F4110
:103560000B4343EA00239360936843F480439360E2
:1035700039E141F2C3418348C6F7B6FE22682B68A1
:10358000916821F47F4121F07701602B916000F078
:10359000358140F28181B3F5805F00F0B480B3F5EE
:1035A000005FA0D0702B88D1754B9A421FD0B2F12A
:1035B000804F1CD0A3F57C439A4218D003F580635A
:1035C0009A4214D003F580639A4210D003F57843F1
:1035D0009A420CD003F570539A4208D0A3F5943365
:1035E0009A4204D0674841F2D641C6F77DFEAB68E7
:1035F00033F4405304D0634841F2D941C6F774FE16
:103600006B68B3F5004F09D033F0020206D00A2BE5
:1036100004D05C4841F2DA41C6F766FEE8680F283C
:1036200000F29F812268D5E9015391682B4321F470
:103630007F410B4343EA00239360936843F0770391
:103640009360D0E00268916821F47F4121F0770116
:10365000402B916000F02381502B7FF42EAF484B1C
:103660009A421FD0B2F1804F1CD0A3F57C439A42FE
:1036700018D003F580639A4214D003F580639A4210
:1036800010D003F578439A420CD003F570539A4258
:1036900008D0A3F594339A4204D03A4841F202513B
:1036A000C6F722FE6B68B3F5004F09D033F0020273
:1036B00006D00A2B04D0334841F20551C6F714FE58
:1036C000E8680F2800F25B81236869681A6A22F0B3
:1036D0000A0211431A6A22F001021A629A6922F060
:1036E000F00242EA00129A6119629A6822F07002AE
:1036F00042F057029A6076E00268936823F47F43B1
:1037000023F0770393601E4B9A426CD0B2F1804F46
:1037100069D0A3F57C439A4265D003F580639A4251
:1037200061D003F580639A425DD003F580639A42CD
:1037300059D003F580639A4255D003F570439A42FD
:1037400051D003F570539A424DD003F580639A42ED
:1037500049D003F580639A4245D0A3F598339A4245
:1037600041D003F580639A423DD003F580639A42CD
:1037700039D0044841F2CF41C6F7B6FD33E000BF6F
:10378000000001401C6E0508302B7FF496AE7F4987
:103790008A4221D0B2F1804F1ED0A1F57C418A42ED
:1037A0001AD001F580618A4216D001F580618A4203
:1037B00012D001F578418A420ED001F570518A424B
:1037C0000AD0A1F594318A4206D0714841F23551B0
:1037D000C6F78AFD22682B68916821F070010B43BF
:1037E00043F007039360002068E6022038BD0268BA
:1037F000936823F47F4323F077039360634B9A42EB
:103800001FD0B2F1804F1CD0A3F57C439A4218D050
:1038100003F580639A4214D003F580639A4210D076
:1038200003F578439A420CD003F570539A4208D0BE
:10383000A3F594339A4204D0554841F21251C6F789
:1038400053FD6B68B3F5004F09D033F0020206D088
:103850000A2B04D04E4841F21551C6F745FDE868E1
:103860000F2800F28580236869681A6A22F0A00296
:1038700042EA0112196A21F010011962996921F4D2
:10388000704141EA003199611A629A6822F070022F
:1038900042F067029A60A6E7402B7FF402AE3B4BF2
:1038A0009A421FD0B2F1804F1CD0A3F57C439A42BC
:1038B00018D003F580639A4214D003F580639A42CE
:1038C00010D003F578439A420CD003F570539A4216
:1038D00008D0A3F594339A4204D02D4841F22251E6
:1038E000C6F702FD6B68B3F5004F09D033F0020252
:1038F00006D00A2B04D0264841F22551C6F7F4FC25
:10390000E8680F281FD8236869681A6A22F00A023B
:1039100011431A6A22F001021A629A6922F0F00237
:1039200042EA00129A6119629A6822F0700242F02B
:1039300047029A6057E70268936823F47F4323F0B5
:103940007703936030E6124841F22651C6F7CCFC6B
:10395000E868D8E70E4841F2F341C6F7C5FCE868CD
:10396000F7E50B4841F2DB41C6F7BEFCE86859E6D3
:10397000074841F21651C6F7B7FCE86873E70448F8
:1039800041F20651C6F7B0FCE8689DE60000014030
:103990001C6E050838B5174A0368934205460C4665
:1039A00017D0B3F1804F14D0A2F57C42934210D0CF
:1039B00002F5806293420CD002F58062934208D0F7
:1039C00002F57842934204D00B4841F25751C6F7B2
:1039D0008BFC34F0800304D0074841F25851C6F7FD
:1039E00083FC2A68536823F080031C430020546042
:1039F00038BD00BF000001401C6E0508374A03684F
:103A0000934270B504460D461FD0B3F1804F1CD0D1
:103A1000A2F57C42934218D002F58062934214D002
:103A200002F58062934210D002F5784293420CD0A6
:103A300002F57052934208D0A2F59432934204D01A
:103A4000274841F27551C6F74FFC2B6813B1043B70
:103A5000032B3DD86B6833F040020CD0402B27D8A5
:103A6000202B08D023F02003102B04D01C4841F257
:103A70007751C6F739FC94F83C30012B26D001264B
:103A8000022384F83C6084F83D3029462046F8F74C
:103A90005DFCA0B92368DA6822F04002DA60DA68D7
:103AA00022F48042DA6084F83D6084F83C0070BD06
:103AB000602BE0D023F02003502BD7D1DBE700238D
:103AC00084F83D6084F83C30304670BD022070BD03
:103AD000034841F27651C6F707FCBBE700000140FE
:103AE0001C6E0508374A0368934270B504460D46BC
:103AF0001FD0B3F1804F1CD0A2F57C42934218D066
:103B000002F58062934214D002F58062934210D095
:103B100002F5784293420CD002F57052934208D0DD
:103B2000A2F59432934204D0274841F29E51C6F741
:103B3000DBFB2B6813B1043B032B3DD86B6833F0E0
:103B400040020CD0402B27D8202B08D023F0200394
:103B5000102B04D01C484FF4AD51C6F7C5FB94F8A8
:103B60003C30012B26D00126022384F83C6084F8E7
:103B70003D3029462046F8F7E9FBA0B92368DA680A
:103B800042F04002DA60DA6822F48042DA6084F8B7
:103B90003D6084F83C0070BD602BE0D023F0200332
:103BA000502BD7D1DBE7002384F83D6084F83C300C
:103BB000304670BD022070BD034841F29F51C6F7E8
:103BC00093FBBBE7000001401C6E050810B50446DE
:103BD0000C2908D8DFE801F06E0707074707070739
:103BE000280707070900002010BD03684D4A9342CB
:103BF00018D0B3F1804F15D0A2F57C42934211D07A
:103C000002F5806293420DD002F58062934209D0A2
:103C100002F57842934205D0434841F2EE51C6F78F
:103C200063FB2368186C10BD03683E4A934218D0AA
:103C3000B3F1804F15D0A2F57C42934211D002F52A
:103C4000806293420DD002F58062934209D002F562
:103C50007842934205D0344841F2E351C6F744FB21
:103C60002368D86B10BD03682E4A934220D0B3F16D
:103C7000804F1DD0A2F57C42934219D002F580629C
:103C8000934215D002F58062934211D002F578423A
:103C900093420DD002F57052934209D0A2F59432AE
:103CA000934205D0204841F2D851C6F71DFB236846
:103CB000986B10BD03681B4A934230D0B3F1804F1C
:103CC0002DD0A2F57C42934229D002F58062934226
:103CD00025D002F58062934221D002F578429342CA
:103CE0001DD002F57052934219D002F580629342C2
:103CF00015D002F58062934211D0A2F5983293421A
:103D00000DD002F58062934209D002F580629342A1
:103D100005D0054841F2CE51C6F7E6FA2368586B44
:103D200010BD00BF000001401C6E0508704700BFB9
:103D3000806B08B5036ADB6913B9012380F83D3055
:103D4000C6F7C6FA08BD00BF704700BF08B5806B54
:103D5000FFF7FAFF08BD00BF704700BF704700BF04
:103D600010B5846B636A83421ED0A36A83420BD072
:103D7000E36A834227D0236B83422FD02046FFF78C
:103D8000EDFF0023237710BD02222277DB69002B91
:103D9000F4D1012384F83F30204684F84330FFF704
:103DA000DDFF0023237710BD01222277DB69002B82
:103DB000E4D184F83E20204684F84220FFF7CEFF6D
:103DC0000023237710BD04222277DB69002BD5D195
:103DD000012384F8403084F84430CFE7082222776A
:103DE000DB69002BCAD1012384F8413084F84530C7
:103DF000C4E700BF704700BF10B5846B626A82429F
:103E000019D0A26A824203460DD0E26A82421AD0D9
:103E1000226B824204BF082323772046FFF7EAFF84
:103E20000023237710BD022323772046FFF7E2FF0C
:103E30000023237710BD012323772046FFF7DAFF05
:103E40000023237710BD042323772046FFF7D2FFFA
:103E50000023237710BD00BF704700BF10B5846BEF
:103E6000636A83421CD0A36A83420BD0E36A834215
:103E700023D0236B834229D02046FFF7EDFF002398
:103E8000237710BD02222277DB69002BF4D10123B6
:103E900084F83F302046FFF7DFFF0023237710BD73
:103EA00001222277DB69002BE6D184F83E202046F0
:103EB000FFF7D2FF0023237710BD04222277DB69AE
:103EC000002BD9D1012384F84030D5E7082222778E
:103ED000DB69002BD0D1012384F84130CCE700BF4F
:103EE000704700BF10B5846B626A824219D0A26A23
:103EF000824203460DD0E26A82421AD0226B82428D
:103F000004BF082323772046FFF7EAFF0023237727
:103F100010BD022323772046FFF7E2FF002323771B
:103F200010BD012323772046FFF7DAFF0023237714
:103F300010BD042323772046FFF7D2FF0023237709
:103F400010BD00BF704700BF036870B5DE681D6913
:103F5000A907044601D5B20751D4690701D57207F4
:103F60003AD42B0701D5300724D4EA0601D5F3064D
:103F700010D4E80701D5F10757D42A0601D5330636
:103F80005BD4680601D571065FD4AA0601D5B306D5
:103F900042D470BD23686FF010021A6108222277A4
:103FA000DB6913F4407F204663D0FFF7D7FE002380
:103FB0002377DEE723686FF008021A610422227774
:103FC000DB699907204651D1D6F754F82046FFF710
:103FD00043FF00232377C8E723686FF004021A61C8
:103FE000022222779B6913F4407F20463BD1D6F70B
:103FF00041F82046FFF730FF00232377B1E76FF049
:1040000002021A61012202779B699B0725D0FFF704
:10401000A5FE00232377A0E723686FF02002204647
:104020001A61BDE8704003F071BE23686FF00102B1
:104030001A612046C6F74CF99FE723686FF08002AB
:104040001A61204603F076FE9BE723686FF040027A
:104050001A612046FFF776FF97E7D6F70BF8204660
:10406000FFF7FAFED5E7FFF779FEC5E7FFF776FE23
:10407000AFE7D5F7FFFF2046FFF7EEFE97E700BF5B
:10408000806B08B5836BDB6913B9012380F83D3081
:10409000FFF758FF08BD00BF704700BF08B5806B31
:1040A000FFF7FAFF08BD00BF704700BF10B5846B73
:1040B000636A83421CD0A36A83420ED0E36A8342C0
:1040C00020D0236B834228D0012384F83D30204642
:1040D000FFF7EAFF0023237710BD0123022284F8B3
:1040E0003F3022772046FFF7DFFF0023237710BD04
:1040F0000123237784F83E302046FFF7D5FF0023C5
:10410000237710BD0123042284F840302277204613
:10411000FFF7CAFF0023237710BD0123082284F88C
:10412000413022772046FFF7BFFF0023237710BDE1
:1041300090F83D00704700BF90F83D00704700BF09
:1041400090F83D00704700BF90F83D00704700BFF9
:1041500090F83D00704700BF90F83D00704700BFE9
:10416000007F704738B5334A0368934205460C46D2
:104170001ED0B3F1804F1BD0A2F57C42934217D0E2
:1041800002F58062934213D002F5806293420FD011
:1041900002F5784293420BD0274A934213D144B39D
:1041A000042C3DD0254841F61611C6F79DF82DE0A8
:1041B0000C2C39D8DFE804F01D3838382838383866
:1041C0002838383828001E4A934216D01D4A934298
:1041D00013D0A2F598329342E1D01B4A93420CD0FF
:1041E0001A4A934209D0154841F61611C6F77CF8D1
:1041F00054B995F83E00C0B238BD002CF9D00F4834
:1042000041F61611C6F770F8042C09D0082C03D01B
:1042100095F84100C0B238BD95F84000C0B238BD35
:1042200095F83F00C0B238BD044841F61611C6F7F4
:104230005BF8EDE700000140004001401C6E0508FE
:104240000044014000480140001C004000200040A4
:10425000104A0368934210B5044617D0B3F1804F5B
:1042600014D0A2F57C42934210D002F580629342B2
:104270000CD002F58062934208D002F57842934256
:1042800004D0054841F62511C6F72EF894F84600EB
:1042900010BD00BF000001401C6E0508344A0368D1
:1042A000904210B450D0B0F1804F3BD0A2F57C4288
:1042B000904237D002F58062904233D002F580629E
:1042C00090422FD002F5784290423DD0294A904248
:1042D0002CD002F58062904228D002F58062904294
:1042E00024D0A2F59832904220D002F5806290420C
:1042F0001CD002F58062904218D00A688C68496927
:1043000023F080030B430360C46282620123436194
:104310000369DB0703D5036923F0010303615DF83B
:10432000044B70474A6823F070031343CC684A6912
:1043300023F44073234323F080038C6813430A68FB
:104340000360C4628262E1E74C68CA6823F07003CC
:10435000234323F4407313434A6923F08003134338
:1043600003608B68C3620B6883620B690363CDE7EC
:104370000000014000400140002800F04081F8B5F5
:10438000A04A036893420C4605461FD0B3F1804F04
:104390001CD0A2F57C42934218D002F58062934271
:1043A00014D002F58062934210D002F57842934215
:1043B0000CD002F57052934208D0A2F59432934289
:1043C00004D0914840F6D831C5F78EFFAB6833F082
:1043D00010020AD023F04002202A06D0402B04D03D
:1043E000894840F6D931C5F77FFF2B6933F48072D5
:1043F00003D0B3F5007F40F0ED80AB6933F080036C
:1044000040F0C4802368013B022B00F2C980A368FE
:10441000013B022B00F2CE80A369013B022B00F28C
:10442000D380636833F0020304D0774840F6DF316D
:10443000C5F75AFF636933F0020304D072484FF4A2
:104440003E61C5F751FFE36853B1043B082B00F20E
:10445000CC8040F2111222FA03F3DA0740F1C58052
:10446000E369002B5CD123690F2B6AD8236A0F2BD9
:104470006FD82A68EB68B2F1804F74D063498A42E2
:1044800071D0013B4FF6FE7293426ED895F83D30E5
:1044900003F0FF02002B73D02946022385F83D303C
:1044A00051F8040B836823F4804323F007038360EF
:1044B000FFF7F4FE86688369A169A268276A23F47E
:1044C000407323F0030342EA01221A432369E1699E
:1044D0001B0143EA0123E16822F47C420B4322F0F2
:1044E000FC0243EA0733016A67691343626821F0FB
:1044F000AA0142EA0712114322681643012286608C
:104500008361016285F8462085F83E2085F83F20CA
:1045100085F8422085F8432085F83D200020F8BD2D
:10452000043B082B05D840F2111222FA03F3DB07F3
:1045300099D4354840F6E231C5F7D6FE23690F2BF2
:1045400094D9314840F6E331C5F7CEFE236A0F2BEC
:104550008FD92D4840F6E431C5F7C6FE2A68EB68CE
:10456000B2F1804F8AD1002B90D1274840F6E53137
:10457000C5F7BAFE95F83D3003F0FF02002B8BD152
:1045800085F83C202846FCF7FDFB85E71E4840F6F1
:10459000DB31C5F7A9FE2368013B022B7FF637AF5D
:1045A000194840F6DC31C5F79FFEA368013B022B9A
:1045B0007FF632AF144840F6DD31C5F795FEA369AA
:1045C000013B022B7FF62DAF0F4840F6DE31C5F7D9
:1045D0008BFE26E70C4840F6DA31C5F785FEAB695D
:1045E00033F080033FF40EAFD0E7074840F6E131E7
:1045F000C5F77AFEE369002B3FF435AF90E7012061
:10460000704700BF000001401C6E0508000C004010
:104610002DE9F041056A036A0A6823F0100303627A
:104620004768836923F4E64343EA02288B6825F050
:10463000200545EA03151D4B984204460E460BD053
:1046400003F58063984207D073686760C4F81880E8
:10465000A3632562BDE8F081F36833F0080205D05A
:10466000134841F61C31C5F73FFEF36825F080057D
:1046700045EA0315B36933F4007325F0400504D00F
:104680000B4841F62931C5F72FFE726932F4807369
:1046900005D0074841F62A31C5F726FE7269B3698D
:1046A00027F440671A4347EA8207CDE7000001403C
:1046B0001C6E05080C2A2DE9F84F144605460E46D7
:1046C00034D841F21113D340DB0731D533685BB1E5
:1046D000302B09D032D8102B06D0202B04D097488D
:1046E00040F6D171C5F700FEB36833F0020304D081
:1046F000924840F6D271C5F7F7FD95F83C30012B92
:1047000000F0F880012385F83C300C2C08D8DFE855
:1047100004F0410707077A0707071F070707A300E9
:104720000120002385F83C30BDE8F88F3C2ACDD02D
:1047300082484FF47D61C5F7D7FDC7E723F010032A
:10474000402BD1D07D4840F6D171C5F7CDFDCBE7E8
:1047500028687B4B984218D0B0F1804F15D0A3F554
:104760007C43984211D003F5806398420DD003F545
:104770008063984209D003F57843984205D06F488A
:104780004FF47F61C5F7B0FD28683146F7F78CFD1F
:104790000020C6E728686A4B984230D0B0F1804FBD
:1047A0002DD0A3F57C43984229D003F5806398422D
:1047B00025D003F58063984221D003F578439842D1
:1047C0001DD003F57053984219D003F580639842C9
:1047D00015D003F58063984211D0A3F59833984221
:1047E0000DD003F58063984209D003F580639842A9
:1047F00005D0524840F6DC71C5F776FD2868314691
:10480000F7F702FDC4E728684D4B984220D0B0F17D
:10481000804F1DD0A3F57C43984219D003F58063E7
:10482000984215D003F58063984211D003F5784380
:1048300098420DD003F57053984209D0A3F59433F4
:10484000984205D03D4840F6E671C5F74DFD286811
:104850003146FFF7DDFE9BE72C68DFF8E4A0544506
:104860004BD0B4F1804F2BD0364B9C4228D003F56F
:1048700080639C4224D003F580639C4220D0DFF803
:10488000C8B05C4539D02D4840F6FA71C5F72CFD0B
:104890002C683268276A236A23F480532362D4F891
:1048A0000480E36923F4E64343EA0229B36827F46A
:1048B0000057544547EA033731D05C452FD011E00B
:1048C000276A236A326823F480532362D4F8048071
:1048D000E36923F4E64343EA0229B36827F4005767
:1048E00047EA03377368C4F80480C4F81C90236453
:1048F00027624DE70220BDE8F88F276A236A23F478
:1049000080532362D4F80480E369326823F4E643D9
:1049100043EA0229B36827F4005747EA033772696C
:1049200032F4807305D0054841F6B431C5F7DCFC9C
:10493000726928F4804848EA8218D3E71C6E05089B
:104940000000014000040040000401402DE9F04750
:104950000C2A82B0164605460C463AD841F211138D
:10496000D340DB0737D5236823F01003602B04D036
:10497000A54841F28301C5F7B7FCA36833F00203F1
:1049800004D0A14841F28401C5F7AEFC236933F09D
:10499000040304D09C4841F28501C5F7A5FC95F8B5
:1049A0003C30012B00F02B81012385F83C300C2E8C
:1049B00008D8DFE806F05207070798070707CF0770
:1049C000070716000120002385F83C3002B0BDE83F
:1049D000F0873C2AC7D08C4841F28201C5F784FC9D
:1049E000C1E72E68DFF82882464500F01581B6F150
:1049F000804F00F0DE80854B9E4200F0DA8003F5A8
:104A000080639E4200F0D58003F580639E4200F0F3
:104A1000D080DFF800A2564500F0FE8041F2C201CE
:104A20007948C5F761FC2E682168376A336A23F438
:104A3000805333627268F36923F4E649A36827F46C
:104A40000057464549EA012947EA033700F0F58057
:104A5000564500F0F2803346BDE028686C4B984222
:104A600030D0B0F1804F2DD0A3F57C43984229D0AF
:104A700003F58063984225D003F58063984221D0E6
:104A800003F5784398421DD003F57053984219D02E
:104A900003F58063984215D003F58063984211D0E6
:104AA000A3F5983398420DD003F58063984209D05E
:104AB00003F58063984205D0534841F28F01C5F752
:104AC00013FC28682146F7F79FFB2B6821699A6938
:104AD00042F008029A619A6922F004029A619A6986
:104AE0000A439A6163E02868494B984220D0B0F1AC
:104AF000804F1DD0A3F57C43984219D003F5806305
:104B0000984215D003F58063984211D003F578439D
:104B100098420DD003F57053984209D0A3F5943311
:104B2000984205D038484FF48551C5F7DDFB286819
:104B30002146FFF76DFD2B6821699A6942F40062F6
:104B40009A619A6922F480629A619A6942EA012222
:104B50009A612CE028682E4B984218D0B0F1804F13
:104B600015D0A3F57C43984211D003F58063984299
:104B70000DD003F58063984209D003F5784398423D
:104B800005D0214841F2B101C5F7AEFB28682146A6
:104B9000F7F78AFB2B682169DA6942F00802DA61CB
:104BA000DA6922F00402DA61DA690A43DA61002084
:104BB00009E7376A336A23F4805333627268F36912
:104BC00023F4E649236849EA0329A36827F4005738
:104BD00047EA0337334672606268C6F81C90326455
:104BE0003762DA69216942F40062DA61DA6922F433
:104BF0008062DA61DA6942EA0122DA61D7E70220EB
:104C000002B0BDE8F08700BF1C6E0508000400403C
:104C10000000014000040140376A336A23F48053E6
:104C200033627268F36923F4E649236849EA032989
:104C3000A36827F4005747EA0337616931F48073AA
:104C40000DD041F6B43107480192C5F74DFB6169BB
:104C50002B68019A22F4804242EA8112BBE7334674
:104C6000F8E700BF1C6E0508F0B5074689B00C4692
:104C70001E461546002A40F0AB8013B9012009B04A
:104C8000F0BD042B40F0AC8097F83C30012B00F0D5
:104C9000B180012387F83C30022387F83D306368F8
:104CA000029363690793A3680393E36804932368FB
:104CB000019323690693002D00F0B180042D7ED16D
:104CC0003868A44B984220D0B0F1804F1DD0A3F596
:104CD0007C43984219D003F58063984215D003F5C0
:104CE0008063984211D003F5784398420DD003F5C4
:104CF0007053984209D0A3F59433984205D0964852
:104D000041F21211C5F7F0FA386801A9FFF780FCEB
:104D1000002E00F0BF80042E51D13B688D4A934293
:104D200020D0B3F1804F1DD0A2F57C42934219D020
:104D300002F58062934215D002F58062934211D051
:104D400002F5784293420DD002F57052934209D099
:104D5000A2F59432934205D07F4841F23711C5F74E
:104D6000C3FA3B68196A206AD4E90625120121F0CA
:104D7000A00102F0A0020A43196A21F01001196291
:104D8000996921F4407141EA052160F30F3199617D
:104D90001A629A6922F440629A619A6822F070025B
:104DA0009A609A6842F060029A609A6822F007025C
:104DB0009A609A6842F006029A60002000E00120A2
:104DC0000122002387F83D2087F83C3009B0F0BD70
:104DD000042A12D1002B3FF457AF042B3FF44EAFFF
:104DE0005D4841F2F501C5F77FFA97F83C30012B99
:104DF0007FF44FAF022009B0F0BD574841F2F401F3
:104E0000C5F772FA36F004033FF43EAF524841F260
:104E1000F501C5F769FAB5427FF436AF2EE7386879
:104E20004C4B984230D0B0F1804F2DD0A3F57C434D
:104E3000984229D003F58063984225D003F580631A
:104E4000984221D003F5784398421DD003F5705362
:104E5000984219D003F58063984215D003F580631A
:104E6000984211D0A3F5983398420DD003F5806392
:104E7000984209D003F58063984205D0364841F244
:104E80000A11C5F731FA386801A9F7F7BDF9002E04
:104E90007FF441AF3B682F4A93425FD0B3F1804F1C
:104EA0005CD0A2F57C42934258D002F580629342D6
:104EB00054D002F58062934250D002F5784293427A
:104EC0004CD002F57052934248D002F58062934272
:104ED00065D002F58062934261D0A2F59832934288
:104EE0003CD002F58062934259D002F58062934231
:104EF00055D01948174E41F22311C5F7F5F93B6813
:104F0000186A1A6A22F00102D4E90615B342246A2B
:104F10001A629A692BD0B3F1804F28D0A6F57C464F
:104F2000B34224D006F58066B34220D006F58066F1
:104F3000B3421CD006F57846B34218D006F5705639
:104F4000B34214D0A6F59436B34210D042F0010219
:104F500010E000BF000001401C6E0508186A1A6AC4
:104F600022F00102D4E90615246A1A629A6922F035
:104F700003022A4320F00A0001F00A0164F3071239
:104F800001439A6119629A6922F00C029A619A6847
:104F900022F070029A609A6842F0500204E7186AA0
:104FA0001A6AA169246A22F001021A629A69CDE79D
:104FB00070B4056A046A1A4E24F001040462B04217
:104FC000846994461CD0B0F1804F19D0154A9042A4
:104FD00016D002F58062904212D002F580629042B3
:104FE0000ED002F5784290420AD002F570529042FB
:104FF00006D0A2F59432904202D044F0010203E0C0
:1050000024F0030242EA0C0225F00A0501F00A012D
:10501000294363F30712826170BC0162704700BFCD
:10502000000001400004004010B484680A4324F4E6
:105030007F4442EA0322224382605DF8044B7047BA
:10504000294B984270B504460D4616462FD0B0F154
:10505000804F2CD0A3F57C43984228D003F5806381
:10506000984224D003F58063984220D003F578431A
:1050700098421CD003F57053984218D003F5806312
:10508000984214D003F58063984210D0A3F598336A
:1050900098420CD003F58063984208D003F58063F2
:1050A000984204D0114841F69F51C5F71DF90C2DC7
:1050B00011D841F21113EB40DB070ED5236A05F03E
:1050C0001F050122AA4023EA02032362236AAE409D
:1050D0001E43266270BD3C2DF0D004484FF4ED51C4
:1050E000C5F702F9EAE700BF000001401C6E0508A1
:1050F000F0B59C4E04460068B04283B00D4617469A
:1051000021D0B0F1804F1ED0974A90421BD002F5BB
:105110008062904217D002F58062904213D002F56F
:10512000784290420FD0914A90421ED1002D37D044
:10513000042D00F0CB808E48019340F21F41C5F74B
:10514000D3F8019B8BE00C2D00F22481DFE815F0F1
:1051500028002201220122018500220122012201D0
:1051600085002201220122018500824A90426BD0F3
:10517000814A904268D0A2F598329042D6D07F4AB8
:10518000904200F097807E4A904200F093807848E9
:10519000019340F21F41C5F7A7F8019B002D5CD198
:1051A00094F83E20022A00F0828094F83E20012AE2
:1051B00040F09680002F00F09380002B00F090804C
:1051C000606A704E022284F83E202268C6636E4EEA
:1051D00006646E4EC66439463432E9F71DF800287D
:1051E0007ED12068C36843F40073C360012229465E
:1051F000FFF726FF5B4A2368934200F0AE8002F57A
:105200008062934200F0A980B3F1804F10D0564ADB
:1052100093420DD002F58062934209D05C4A9342DA
:1052200006D0524A934203D0A2F59432934204D15D
:105230009A6802F00702062A03D01A6842F00102B7
:105240001A60002003B0F0BD002DA9D0484801939A
:1052500040F21F41C5F748F8019B042D36D0082DB8
:1052600041D094F84120022A21D094F84120012A0B
:1052700036D1002F34D0002B32D00222082D84F8F2
:1052800041203FD00C2D2BD1206B3E4E2268C663AF
:105290003D4E06643D4EC66439464032E8F7BCFFD9
:1052A000F0B92068C36843F48053C3609EE70220CE
:1052B00003B0F0BD002D3FF473AF2D48019340F2D1
:1052C0001F41C5F711F8042D019BC8D194F83F2068
:1052D000022AECD094F83F20012A01D107B12BBB60
:1052E000012003B0F0BD94F84020022ADFD094F8EA
:1052F0004020012AF4D1002FF2D0002BF0D002225E
:1053000084F84020E06A1F4E2268C6631E4E066481
:105310001E4EC66439463C32E8F77EFF0028DFD1D6
:105320002068C36843F40063C3605FE7A06A154E5A
:10533000022284F83F202268C663134E0664134E8F
:10534000C66439463832E8F767FF0028C8D12068BC
:10535000C36843F48063C36048E75A6C42F4004278
:105360005A6465E70000014000040040004001402D
:105370001C6E05080044014000480140001C00402C
:10538000002000405D3E0408E53E0408AD400408EE
:10539000000C00400348019340F21F41C4F7A4FFF2
:1053A000019B5EE71C6E0508F0B59C4E0446006844
:1053B000B04283B00D46174621D0B0F1804F1ED0C9
:1053C000974A90421BD002F58062904217D002F5B6
:1053D0008062904213D002F5784290420FD0914AF9
:1053E00090421ED1002D37D0042D00F0CB808E4886
:1053F00001934FF4D761C4F777FF019B8BE00C2D2D
:1054000000F22481DFE815F02800220122012201A8
:1054100085002201220122018500220122012201B0
:105420008500824A90426BD0814A904268D0A2F5B2
:1054300098329042D6D07F4A904200F097807E4AC0
:10544000904200F09380784801934FF4D761C4F7FD
:105450004BFF019B002D5CD194F83E20022A00F006
:10546000828094F83E20012A40F09680002F00F0C0
:105470009380002B00F09080606A704E022284F8C6
:105480003E202268C6636E4E06646E4EC664394680
:105490003432E8F7C1FE00287ED12068C36843F4A7
:1054A0000073C36001222946FFF7CAFD5B4A2368E7
:1054B000934200F0AE8002F58062934200F0A98032
:1054C000B3F1804F10D0564A93420DD002F580625E
:1054D000934209D05C4A934206D0524A934203D089
:1054E000A2F59432934204D19A6802F00702062A88
:1054F00003D01A6842F001021A60002003B0F0BD28
:10550000002DA9D0484801934FF4D761C4F7ECFEB1
:10551000019B042D36D0082D41D094F84120022A59
:1055200021D094F84120012A36D1002F34D0002B0D
:1055300032D00222082D84F841203FD00C2D2BD1EF
:10554000206B3E4E2268C6633D4E06643D4EC664E7
:1055500039464032E8F760FEF0B92068C36843F48A
:105560008053C3609EE7022003B0F0BD002D3FF4DE
:1055700073AF2D4801934FF4D761C4F7B5FE042DE6
:10558000019BC8D194F83F20022AECD094F83F2028
:10559000012A01D107B12BBB012003B0F0BD94F863
:1055A0004020022ADFD094F84020012AF4D1002FB5
:1055B000F2D0002BF0D0022284F84020E06A1F4E87
:1055C0002268C6631E4E06641E4EC66439463C32CF
:1055D000E8F722FE0028DFD12068C36843F40063A7
:1055E000C3605FE7A06A154E022284F83F2022685C
:1055F000C663134E0664134EC66439463832E8F764
:105600000BFE0028C8D12068C36843F48063C360E0
:1056100048E75A6C42F400425A6465E700000140D2
:1056200000040040004001401C6E05080044014099
:1056300000480140001C0040002000405D3E04087E
:10564000E53E0408AD400408000C00400348019307
:105650004FF4D761C4F748FE019B5EE71C6E050856
:10566000F8B5036804460D46184600293FD1914A13
:1056700094F83E6094F842709342F6B2FFB232D092
:10568000B3F1804F2FD08C4A93422CD08B4A934257
:1056900029D08B4A934200F0908002F578429342E1
:1056A00000F08180874A934200F0D080864A93427E
:1056B0000CD0864A934209D0854A934200F0C680B6
:1056C000844A934202D0844A934271D1002D40F023
:1056D000C280012E09D1012F07D1022384F83E3068
:1056E00084F842302DE0012E59D00120F8BD042964
:1056F0006CD0082900F08A806E4A94F8416094F8D2
:1057000045709342F6B2FFB20AD0B3F1804F07D092
:10571000694A934204D002F58062934240F0B68019
:105720000C2D40D96D4840F64D01C4F7DDFD012E2A
:10573000DBD1012FD9D10223206884F8413084F8CD
:10574000453001222946FFF77BFC5A4A23689342E1
:105750001AD0B3F1804F17D0A2F57C42934213D0F8
:1057600002F5806293420FD002F5806293420BD023
:1057700002F57842934207D002F57052934203D06B
:10578000A2F59432934204D19A6802F00702062AE5
:1057900003D01A6842F001021A600020F8BD012F00
:1057A000A3D1184699E741F21113EB40DB0704D46B
:1057B0004A4840F64D01C4F797FD012E95D1012FBF
:1057C00093D1002D52D12368184686E7394A94F8C0
:1057D0003F6094F843709342F6B2FFB209D0B3F140
:1057E000804F06D0344A934203D0344A93427FF428
:1057F00050AF012E7FF479AF012F7FF476AF1846BA
:10580000022384F83F3084F843309AE7294A94F819
:10581000406094F844709342F6B2FFB209D0B3F1FD
:10582000804F06D0244A934203D0244A93427FF407
:1058300030AF012E7FF459AF012F7FF456AF022213
:1058400084F84020184684F844207AE7002D3FF47D
:1058500040AF042D11D0214840F64D01C4F744FD5E
:10586000012E7FF442AF012F7FF43FAF042D0BD008
:10587000082D7FF460AF2368E1E7012E7FF435AF98
:10588000012F7FF432AFBBE72368B8E702F58062EF
:1058900093423FF445AF02F5784293423FF440AF64
:1058A00002F570529342D6D002F5806293427FF4A3
:1058B00000AFD0E7000001400004004000080040B5
:1058C000000C0040004001400044014000480140FD
:1058D00000180040001C0040002000401C6E05081D
:1058E000F8B5036804460D461846002971D1984A58
:1058F00094F83E6094F842709342F6B2FFB262D0E0
:10590000B3F1804F5FD0934A93425CD0924A934266
:1059100059D0924A934200F0898002F5784293422E
:105920007AD08F4A934200F0CE808E4A93420CD0B8
:105930008D4A934209D08D4A934200F0C4808C4A2C
:10594000934202D08B4A93426BD1002D40F0C0802D
:10595000012E5FD1012F5DD1022284F83E2084F810
:105960004220DA6842F00202DA6001222946FFF79B
:1059700067FB774A236893421AD0B3F1804F17D060
:10598000A2F57C42934213D002F5806293420FD07D
:1059900002F5806293420BD002F57842934207D021
:1059A00002F57052934203D0A2F59432934204D18F
:1059B0009A6802F00702062A03D01A6842F0010230
:1059C0001A600020F8BD012E24D1012F22D11846E3
:1059D000C2E7042933D0082953D05D4A94F84160C6
:1059E00094F845709342F6B2FFB20AD0B3F1804FFB
:1059F00007D0584A934204D002F58062934240F0A7
:105A000093800C2D08D95C4840F6A101C4F76CFCCA
:105A1000012E6CD00120F8BD41F21113EB40DB07E1
:105A200004D4554840F6A101C4F75EFC012EF1D123
:105A3000012FEFD1002D54D1236818468CE7444A3A
:105A400094F83F6094F843709342F6B2FFB209D0E5
:105A5000B3F1804F06D03F4A934203D03E4A93426F
:105A60007FF457AF012ED5D1012FD3D11846022292
:105A700084F83F2084F84320DA6842F00402DA60B8
:105A800073E7334A94F8406094F844709342F6B256
:105A9000FFB209D0B3F1804F06D02E4A934203D013
:105AA0002D4A93427FF435AF012EB3D1012FB1D1EE
:105AB000022284F8402084F844201846DB6843F032
:105AC0000803C36051E7002D3FF442AF042D16D008
:105AD000294840F6A101C4F707FC012E9AD1012FF5
:105AE00098D1042D1ED0082D0ED12368E0E7012F98
:105AF00090D1022384F8413084F845308AE7012EA2
:105B000088D1012F86D1B2E702230C2D84F84130D1
:105B100084F845307FF47EAF2068C36843F01003FB
:105B2000C36022E72368A1E702F5806293423FF455
:105B300068AF02F5784293423FF463AF02F57052CA
:105B40009342C5D002F5806293427FF4F1AEBFE785
:105B5000000001400004004000080040000C00402C
:105B6000004001400044014000480140001800404E
:105B7000001C0040002000401C6E05082DE9F84381
:105B80000546174600689846894600296ED1A64A00
:105B900095F83E4095F842609042E4B2F6B230D0BB
:105BA000B0F1804F2DD0A14B98422AD0A04B984203
:105BB00000F0878003F58063984200F0828003F54F
:105BC0007843984277D09B4B984200F00B819A4BD8
:105BD000984200F00C81994B984200F0F880984B65
:105BE000984240F0638139F004035BD1954B9842B1
:105BF00007D0954B984204D0944840F64611C4F71C
:105C000073FB022C05D0022E00F08580012C03D0FE
:105C100001242046BDE8F883012EF9D1002FF7D0EA
:105C2000B8F1000FF4D02868B9F1000F77D1022342
:105C3000224685F83E30494685F84230FFF700FAA3
:105C4000686A834A834B2968C0E90F23824BC36487
:105C50003A4643463431E8F7DFFA04460028D7D104
:105C60002B68DA6842F40072DA606DE0042939D0FA
:105C7000082945D06C4B95F8414095F8456098420D
:105C8000E4B2F6B224D0B0F1804F21D0674B9842F5
:105C90001ED003F58063984240F01481B9F10C0FD7
:105CA00040F2FC80694840F64511C4F71DFB5E4B8D
:105CB00028689842A5D0B0F1804FA2D05B4B9842A3
:105CC0009FD05B4B98429CD05E4B984291D198E715
:105CD000B9F10C0FE6D841F2111323FA09F3DB07EF
:105CE000E0D58EE7504B95F83F4095F843609842D9
:105CF000E4B2F6B285D0B0F1804F7FF454AF80E7C4
:105D0000494B95F8404095F844609842E4B2F6B2A9
:105D10007FF446AF75E734462046BDE8F883B9F115
:105D2000040F34D0B9F1080F00F09880022385F8F1
:105D30004130324685F845304946FFF781F9B9F1DF
:105D40000C0F59D02B680124374A934244D0B3F149
:105D5000804F41D0A2F57C4293423DD002F5806253
:105D6000934239D002F58062934235D002F57842F1
:105D7000934231D002F5705293422DD0A2F5943265
:105D8000934229D01A6842F001021A6041E70223C7
:105D9000224685F83F30494685F84330FFF750F9F1
:105DA000A86A2B4A2B4B2968C0E90F232A4BC364EE
:105DB0003A4643463831E8F72FFA044600287FF484
:105DC00027AF2B68DA6842F48062DA60BCE7B9F189
:105DD000000F3FF40EAF65E79A6802F00702062A4B
:105DE000D0D116E739F004037FF45CAF04E7B9F1D2
:105DF000000F3FF401AF55E7286B154B2968C363CB
:105E0000144B0364144BC3643A4643464031E8F7ED
:105E100003FA044600287FF4FBAE2B68DA6842F4EC
:105E20008052DA6090E700BF0000014000040040AB
:105E3000000800400040014000440140004801408B
:105E400000180040000C0040000401401C6E0508D2
:105E5000613D0408F93D0408AD40040802232246D0
:105E600085F84030494685F84430FFF7E9F8E86A9C
:105E70001E4A1F4B2968C0E90F231E4BC3643A46D4
:105E800043463C31E8F7C8F9044600287FF4C0AE29
:105E90002B68DA6842F40062DA6055E741F21113C8
:105EA00023FA09F3DA077FF5FDAE07E7124B9842B4
:105EB0008DD0124B98427FF4F5AEB9F1000F3FF44C
:105EC00095AEEFE603F5806398423FF4E7AE03F545
:105ED000784398423FF4E2AE03F57053984281D084
:105EE00003F5806398427FF476AEDBE6613D0408FB
:105EF000F93D0408AD400408001C004000200040AB
:105F000010B5846B636A834216D0A36A834208D0BB
:105F1000E36A83421AD02046FEF7C6F800232377AF
:105F200010BD0123022284F8433022772046FEF779
:105F3000BBF80023237710BD0123237784F8423078
:105F40002046FEF7B1F80023237710BD0123042279
:105F500084F8443022772046FEF7A6F80023237702
:105F600010BD00BF10B5846B626A824219D0A26A6C
:105F7000824208D0E26A824220D02046FDF76CFFC0
:105F80000023237710BD02232377D369002BF4D19C
:105F9000012384F843302046FDF75EFF002323777A
:105FA00010BD01232377D269002AE6D184F842305C
:105FB0002046FDF751FF0023237710BD04232377EC
:105FC000D369002BD9D1012384F84430D5E700BF31
:105FD000704700BF002800F0DC8030B50368704ACD
:105FE000934289B00D46044616D0B3F1804F13D0CA
:105FF000A2F57C4293420FD002F5806293420BD00F
:1060000002F58062934207D002F57842934203D0B2
:1060100064489521C4F768F9A36833F0100209D0E9
:1060200023F04002202A05D0402B03D05D48962162
:10603000C4F75AF9236933F4807203D0B3F5007FB3
:1060400040F09D80A36933F0800303D05548982128
:10605000C4F74AF92B6833F0020273D12268E3686F
:10606000B2F1804F79D050498A4276D0013B4FF649
:10607000FE72934273D86B6853B1043B082B00F255
:106080008A8040F2111222FA03F3DB0740F1838089
:10609000AB680F2B6ED894F83D3003F0FF02002B55
:1060A00062D02146022384F83D3051F8040BFEF7FC
:1060B000F5F8AB68296820680322FEF779FF2068AD
:1060C00069688369EA6823F00C03836183690B4381
:1060D0008361436843F0800343608368029223F046
:1060E00070038360836843F040038360836823F018
:1060F00007038360836843F004038360002501A9DC
:1061000070230193CDE90555CDE903550795FEF7B9
:106110007FFA2268516821F07001516051680123B3
:10612000284641F05001516084F8463084F83E30F2
:1061300084F83F3084F8423084F8433084F83D30AE
:1061400009B030BD0A2B89D016489921C4F7CCF884
:106150002268E368B2F1804F85D1002B8BD11148C2
:106160009A21C4F7C1F886E784F83C202046FFF75F
:106170002FFF96E70B489C21C4F7B6F88BE7094838
:106180009721C4F7B1F8A36933F080033FF462AFFD
:106190005CE70120704703489B21C4F7A5F877E727
:1061A00000000140CC6E0508000C0040704700BFA5
:1061B000304A0368934210B5044637D0B3F1804F9C
:1061C00034D0A2F57C42934230D002F580629342F3
:1061D0002CD002F58062934228D002F5806293426F
:1061E00024D002F58062934220D002F5704293429F
:1061F0001CD002F57052934218D002F5806293428F
:1062000014D002F58062934210D0A2F598329342E6
:106210000CD002F58062934208D002F5806293426E
:1062200004D01548F321C4F75FF82368022284F8EC
:106230003D20196A41F21112114208D1196A40F247
:106240004442114203D11A6822F001021A6020462A
:10625000FFF7ACFF002084F8460084F83C0084F887
:106260003E0084F83F0084F8420084F8430084F83C
:106270003D0010BD00000140CC6E05082DE9F04145
:1062800090F83E5090F83F1090F8423090F843203C
:106290005FFA81F8DFB2334903688B420446EDB2FE
:1062A000D6B216D0B3F1804F13D02F4A934210D0FC
:1062B00002F5806293420CD002F58062934208D0CE
:1062C00002F57842934204D028484FF4A271C4F7F3
:1062D0000BF8012D05D1B8F1010F06D02846BDE815
:1062E000F08101252846BDE8F081012FF6D1012E6D
:1062F000F4D1022384F83E30324684F83F302068DF
:1063000084F84230002184F84330FEF799FE154AA4
:106310002368934220D0B3F1804F1DD0A2F57C4278
:10632000934219D002F58062934215D002F5806243
:10633000934211D002F5784293420DD002F570528B
:10634000934209D0A2F59432934205D01A6842F0E4
:1063500001021A600025C1E79A6802F00702062AC6
:10636000F4D1F7E70000014000040040CC6E0508BE
:1063700010B51E4B04460068984218D0B0F1804F0B
:1063800015D0A3F57C43984211D003F58063984261
:106390000DD003F58063984209D003F57843984205
:1063A00005D013484FF4BA71C3F79EFF206800224E
:1063B0001146FEF745FE2368196A41F21112114297
:1063C00008D1196A40F24442114203D11A6822F0FE
:1063D00001021A60012384F83E3084F83F3084F8CB
:1063E000423084F84330002010BD00BF000001405F
:1063F000CC6E05082DE9F04190F83E5090F83F1022
:1064000090F8423090F843205FFA81F8DFB23549C6
:1064100003688B420446EDB2D6B216D0B3F1804F7A
:1064200013D0314A934210D002F5806293420CD0CF
:1064300002F58062934208D002F57842934204D07C
:106440002A484FF4CB71C3F74FFF012D05D1B8F1A6
:10645000010F06D02846BDE8F08101252846BDE899
:10646000F081012FF6D1012EF4D10223206884F8A7
:106470003E3084F83F3084F8423084F84330C368BB
:1064800043F002033246C3600021FEF7D9FD154AEE
:106490002368934220D0B3F1804F1DD0A2F57C42F7
:1064A000934219D002F58062934215D002F58062C2
:1064B000934211D002F5784293420DD002F570520A
:1064C000934209D0A2F59432934205D01A6842F063
:1064D00001021A600025BDE79A6802F00702062A49
:1064E000F4D1F7E70000014000040040CC6E05083D
:1064F00010B5204B04460068984218D0B0F1804F88
:1065000015D0A3F57C43984211D003F580639842DF
:106510000DD003F58063984209D003F57843984283
:1065200005D0154840F2C911C3F7DEFE20680022ED
:106530001146FEF785FD2368DA6822F00202DA6070
:106540001A6A41F211110A4208D1196A40F2444212
:10655000114203D11A6822F001021A60012384F863
:106560003E3084F83F3084F8423084F843300020D5
:1065700010BD00BF00000140CC6E05082DE9F047BA
:106580000668424F90F83E4090F84250BE42804626
:1065900089469246E4B2EDB216D0B6F1804F13D0E0
:1065A0003B4B9E4210D003F580639E420CD003F516
:1065B00080639E4208D003F578439E4204D035485C
:1065C0004FF4F771C3F790FE022C04D0022D52D085
:1065D000012C03D001242046BDE8F087012DF9D11C
:1065E000B9F1000FF6D0BAF1000FF3D0022388F80A
:1065F0003E302246D8F8000088F842300021FEF7ED
:106600001FFDD8F82400244A244BD8F80010C0E914
:106610000F23234BC3644A4653463431E7F7FCFD4E
:1066200004460028D6D1D8F800301849DA688B42E1
:1066300042F40072DA6022D0B3F1804F1FD0144AC6
:1066400093421CD002F58062934218D002F580621A
:10665000934214D002F57842934210D002F5705262
:1066600093420CD0A2F59432934208D01A6842F0BB
:1066700001021A60AFE72C462046BDE8F0879A6811
:1066800002F00702062AF1D1A5E700BF0000014091
:1066900000040040CC6E0508613D0408F93D040883
:1066A000AD40040810B5204B04460068984218D04D
:1066B000B0F1804F15D0A3F57C43984211D003F57B
:1066C000806398420DD003F58063984209D003F5AA
:1066D0007843984205D0154840F23621C3F704FEAE
:1066E000206800221146FEF7ABFC2268606AD3687E
:1066F00023F40073D360E7F72BFE2368196A41F295
:106700001112114208D1196A40F24442114203D1D8
:106710001A6822F001021A60012384F83E3084F8DE
:106720004230002010BD00BF00000140CC6E0508C3
:1067300038B5434A0368934205460C4649D002F5F2
:106740008062934245D03F4840F27621C3F7CCFDAA
:10675000002C50D195F84230012B4AD102222B68EF
:1067600085F84220196A04F00F040422A24021EAAD
:1067700002011962186A324902431A625A6C8B424A
:1067800042F400425A6419D0B3F1804F16D02E4A19
:10679000934213D002F5806293420FD002F58062DB
:1067A00093420BD002F57842934207D002F5705223
:1067B000934203D0A2F59432934204D19A6802F036
:1067C0000702062A03D01A6842F001021A6000206C
:1067D00038BD002CBED0042C1AD0082C25D0194866
:1067E00040F27621C3F780FD09E095F84430012B93
:1067F00016D0012038BD042C1CD0082CF5D095F8FB
:106800004530012BF5D102222B6885F84520A9E7F8
:1068100095F84320012AECD1022285F84320A1E714
:106820002B68022285F844209CE795F84420012A31
:10683000F7D0DEE795F84330012BDAD12B68EBE790
:1068400000000140CC6E05080004004038B52A4A1B
:106850000368934205460C462DD002F580629342B0
:1068600029D0264840F2A721C3F73EFD2B681A6ABB
:1068700004F00F000421814022EA01021A621A6A20
:106880001A62196A41F21112114204D1196A40F2D6
:106890004442114226D0196A41F21112114204D128
:1068A000196A40F24442114217D001235CB985F8BD
:1068B0004230002038BD082CD3D840F21112E240FB
:1068C000D207D4D4CDE7042C11D0082C0CBF85F806
:1068D000443085F84530002038BD1A6822F00102A6
:1068E0001A60E2E75A6C22F400425A64D3E785F852
:1068F0004330002038BD00BF00000140CC6E0508C9
:1069000038B54D4A0368934205460C4651D002F50E
:10691000806293424DD0494840F2CA21C3F7E4FC5B
:10692000002C57D195F84230012B51D12B6802220F
:1069300085F84220DA6842F00202DA60DA6842F052
:106940008002DA60196A04F00F040422A24021EAEE
:1069500002011962186A384902431A625A6C8B4262
:1069600042F400425A6419D0B3F1804F16D0344A31
:10697000934213D002F5806293420FD002F58062F9
:1069800093420BD002F57842934207D002F5705241
:10699000934203D0A2F59432934204D19A6802F054
:1069A0000702062A03D01A6842F001021A6000208A
:1069B00038BD002CB6D0042C19D0082C30D01F487C
:1069C00040F2CA21C3F790FC95F84530012B09D05D
:1069D000012038BD042C28D0082C14D095F845305F
:1069E000012BF5D1022385F845300120F1E795F818
:1069F0004320012AECD1022285F84320DA6842F0D4
:106A00000402DA609AE795F84430012BE0D12B6854
:106A1000022285F84420DA6842F00802DA608DE745
:106A200095F84420012AF3D0D2E795F84330012BA2
:106A3000CED12B68DFE700BF00000140CC6E050817
:106A40000004004038B53A4A0368934205460C46B4
:106A500048D002F58062934244D0364840F221315A
:106A6000C3F742FC042C4AD0082C57D0002C44D148
:106A70002B68DA6822F00202DA601A6A04F00F006A
:106A80000421814022EA01021A621A6A1A62196A12
:106A900040F24442114203D1DA6822F08002DA6007
:106AA000196A41F21112114208D1196A40F24442A6
:106AB000114203D15A6C22F400425A64196A41F21D
:106AC0001112114208D1196A40F24442114203D115
:106AD0001A6822F001021A600123B4B985F8423025
:106AE000002038BD002CC4D0042C09D0082C16D0AE
:106AF000104840F22131C3F7F7FB012038BD2B6865
:106B0000DA6822F00402DA60B7E7042C0CD0082C13
:106B10000CBF85F8443085F84530E1E72B68DA682A
:106B200022F00802DA60A8E785F84330D8E700BF12
:106B300000000140CC6E05082DE9F0416E4E044680
:106B40000068B0420D4690461F4665D06B4B984298
:106B500062D06B4840F26D31C3F7C6FB002D6AD19D
:106B600094F84230022B63D094F84230012B75D157
:106B7000B8F1000F72D0002F70D0606A614E2268A9
:106B8000022384F84230C6635F4E06645F4EC664DB
:106B90003B4641463432E7F73FFB00285ED123688D
:106BA000DA6842F40072DA60196A05F00F0504220F
:106BB000AA4021EA02011962186A4F4902431A6287
:106BC0005A6C8B4242F400425A6419D0B3F1804FA0
:106BD00016D04F4A934213D002F5806293420FD0F1
:106BE00002F5806293420BD002F57842934207D0BF
:106BF00002F57052934203D0A2F59432934204D12D
:106C00009A6802F00702062A03D01A6842F00102CD
:106C10001A600020BDE8F081002DA1D0042D20D005
:106C2000082D43D0364840F26D31C3F75DFB06E0D6
:106C30000220BDE8F081042D13D0082D36D094F841
:106C40004530022BF4D094F84530012B06D1B8F131
:106C5000000F03D017B1022384F845300120BDE8AE
:106C6000F08194F84330022BE2D094F84330012BAA
:106C7000F4D1B8F1000FF1D0002FEFD0A06A214E6F
:106C80002268022384F84330C6631F4E06641F4EF9
:106C9000C6643B4641463832E7F7BEFA0028DDD1EC
:106CA0002368DA6842F48062DA607DE794F8443061
:106CB000022BBDD094F84430012BCFD1B8F1000F96
:106CC000CCD0002FCAD0E06A0E4E2268022384F88E
:106CD0004430C6630C4E06640C4EC6643B464146C7
:106CE0003C32E7F799FA0028B8D12368DA6842F411
:106CF0000062DA6058E700BF000001400004014074
:106D0000CC6E0508655F0408E53E0408015F0408D1
:106D10000004004038B53A4A0368934205460C46E1
:106D200043D002F5806293423FD0364840F2F531BD
:106D3000C3F7DAFA042C45D0082C55D0002C3FD1EB
:106D40002B68DA68686A22F40072DA60E7F700FB01
:106D50002B6804F00F001A6A0421814022EA010224
:106D60001A621A6A1A62196A41F21112114208D1A2
:106D7000196A40F24442114203D15A6C22F4004293
:106D80005A64196A41F21112114208D1196A40F28B
:106D90004442114203D11A6822F001021A60012311
:106DA000CCB985F84230002038BD002CC9D0042C65
:106DB00009D0082C19D0134840F2F531C3F794FAE2
:106DC000012038BD2B68DA68A86A22F48062DA6094
:106DD000E7F7BEFABCE7042C0FD0082C0CBF85F8EF
:106DE000443085F84530DEE72B68DA68E86A22F43B
:106DF0000062DA60E7F7ACFAAAE785F84330D2E739
:106E000000000140CC6E050838B5434A0368934240
:106E100005460C4649D002F58062934245D03F4872
:106E200040F24F41C3F760FA002C50D195F8423040
:106E3000012B4AD102222B6885F84220196A04F0FE
:106E40000F040422A24021EA02011962186A3249A1
:106E500002431A625A6C8B4242F400425A6419D0BF
:106E6000B3F1804F16D02E4A934213D002F58062C0
:106E700093420FD002F5806293420BD002F5784224
:106E8000934207D002F57052934203D0A2F5943298
:106E9000934204D19A6802F00702062A03D01A68C6
:106EA00042F001021A60002038BD002CBED0042C34
:106EB0001AD0082C25D0194840F24F41C3F714FAD4
:106EC00009E095F84430012B16D0012038BD042C80
:106ED0001CD0082CF5D095F84530012BF5D10222B5
:106EE0002B6885F84520A9E795F84320012AECD1C5
:106EF000022285F84320A1E72B68022285F844206E
:106F00009CE795F84420012AF7D0DEE795F8433056
:106F1000012BDAD12B68EBE700000140CC6E0508AD
:106F20000004004038B52A4A0368934205460C46DF
:106F30002DD002F58062934229D0264840F27F414D
:106F4000C3F7D2F92B681A6A04F00F0004218140BC
:106F500022EA01021A621A6A1A62196A41F21112CD
:106F6000114204D1196A40F24442114226D0196AF2
:106F700041F21112114204D1196A40F24442114205
:106F800017D001235CB985F84230002038BD082CA9
:106F9000D3D840F21112E240D207D4D4CDE7042C6A
:106FA00011D0082C0CBF85F8443085F845300020FE
:106FB00038BD1A6822F001021A60E2E75A6C22F426
:106FC00000425A64D3E785F84330002038BD00BF43
:106FD00000000140CC6E050838B54D4A0368934265
:106FE00005460C4651D002F5806293424DD0494887
:106FF00040F2A241C3F778F9002C57D195F84230FE
:10700000012B51D12B68022285F84220DA6842F028
:107010000202DA60DA6842F08002DA60196A04F08B
:107020000F040422A24021EA02011962186A3849B9
:1070300002431A625A6C8B4242F400425A6419D0DD
:10704000B3F1804F16D0344A934213D002F58062D8
:1070500093420FD002F5806293420BD002F5784242
:10706000934207D002F57052934203D0A2F59432B6
:10707000934204D19A6802F00702062A03D01A68E4
:1070800042F001021A60002038BD002CB6D0042C5A
:1070900019D0082C30D01F4840F2A241C3F724F980
:1070A00095F84530012B09D0012038BD042C28D09B
:1070B000082C14D095F84530012BF5D1022385F822
:1070C00045300120F1E795F84320012AECD1022256
:1070D00085F84320DA6842F00402DA609AE795F80E
:1070E0004430012BE0D12B68022285F84420DA6875
:1070F00042F00802DA608DE795F84420012AF3D0C7
:10710000D2E795F84330012BCED12B68DFE700BFE3
:1071100000000140CC6E05080004004038B53A4A32
:107120000368934205460C4648D002F580629342BC
:1071300044D036484FF49F61C3F7D6F8042C4AD0A8
:10714000082C57D0002C44D12B68DA6822F00202B8
:10715000DA601A6A04F00F000421814022EA010279
:107160001A621A6A1A62196A40F24442114203D141
:10717000DA6822F08002DA60196A41F211121142D3
:1071800008D1196A40F24442114203D15A6C22F4E8
:1071900000425A64196A41F21112114208D1196A67
:1071A00040F24442114203D11A6822F001021A60EF
:1071B0000123B4B985F84230002038BD002CC4D07A
:1071C000042C09D0082C16D010484FF49F61C3F747
:1071D0008BF8012038BD2B68DA6822F00402DA60EF
:1071E000B7E7042C0CD0082C0CBF85F8443085F888
:1071F0004530E1E72B68DA6822F00802DA60A8E798
:1072000085F84330D8E700BF00000140CC6E050888
:107210002DE9F0416E4E04460068B0420D4690469E
:107220001F4665D06B4B984262D06B4840F2445188
:10723000C3F75AF8002D6AD194F84230022B63D07C
:1072400094F84230012B75D1B8F1000F72D0002FA5
:1072500070D0606A614E2268022384F84230C663AF
:107260005F4E06645F4EC6643B4641463432E6F7E5
:10727000D3FF00285ED12368DA6842F40072DA6036
:10728000196A05F00F050422AA4021EA02011962D9
:10729000186A4F4902431A625A6C8B4242F4004208
:1072A0005A6419D0B3F1804F16D04F4A934213D08D
:1072B00002F5806293420FD002F5806293420BD0B8
:1072C00002F57842934207D002F57052934203D000
:1072D000A2F59432934204D19A6802F00702062A7A
:1072E00003D01A6842F001021A600020BDE8F08164
:1072F000002DA1D0042D20D0082D43D0364840F2D7
:107300004451C2F7F1FF06E00220BDE8F081042DF0
:1073100013D0082D36D094F84530022BF4D094F8D1
:107320004530012B06D1B8F1000F03D017B102236D
:1073300084F845300120BDE8F08194F84330022BF9
:10734000E2D094F84330012BF4D1B8F1000FF1D022
:10735000002FEFD0A06A214E2268022384F8433028
:10736000C6631F4E06641F4EC6643B464146383214
:10737000E6F752FF0028DDD12368DA6842F4806224
:10738000DA607DE794F84430022BBDD094F84430A5
:10739000012BCFD1B8F1000FCCD0002FCAD0E06ABA
:1073A0000E4E2268022384F84430C6630C4E0664F5
:1073B0000C4EC6643B4641463C32E6F72DFF0028A2
:1073C000B8D12368DA6842F40062DA6058E700BF97
:1073D0000000014000040140CC6E0508655F040810
:1073E000E53E0408015F04080004004038B53A4A4D
:1073F0000368934205460C4643D002F580629342EF
:107400003FD0364840F2CC51C2F76EFF042C45D035
:10741000082C55D0002C3FD12B68DA68686A22F41A
:107420000072DA60E6F794FF2B6804F00F001A6A26
:107430000421814022EA01021A621A6A1A62196A58
:1074400041F21112114208D1196A40F2444211422C
:1074500003D15A6C22F400425A64196A41F21112A3
:10746000114208D1196A40F24442114203D11A680C
:1074700022F001021A600123CCB985F842300020C5
:1074800038BD002CC9D0042C09D0082C19D01348C1
:1074900040F2CC51C2F728FF012038BD2B68DA68D2
:1074A000A86A22F48062DA60E6F752FFBCE7042C97
:1074B0000FD0082C0CBF85F8443085F84530DEE746
:1074C0002B68DA68E86A22F40062DA60E6F740FFC7
:1074D000AAE785F84330D2E700000140CC6E0508EA
:1074E0002DE9F04790F83E5090F83F8090F8429098
:1074F00090F843A003682F4A04460E46EDB25FFAA7
:1075000088F85FFA89F95FFA8AFAA9B9934225D017
:10751000294A934222D00427284840F22B61C2F71F
:10752000E3FE012D1ED1B8F1010F02D1B9F1010F17
:107530001CD02846BDE8F087934205D002F5806252
:10754000934201D00027E7E7082EFBD840F211173D
:10755000F74017F00107DFD00027E2E7012D4FF0D9
:107560000407E0D001252846BDE8F087BAF1010FF5
:10757000DFD12068022384F83E3084F83F3084F85D
:10758000423084F843302A4606F00F06056A042389
:10759000B34025EA03050562056A2B4303623946B9
:1075A000FDF74EFD2268536C43F4004300255364FD
:1075B000BFE700BF0000014000040140CC6E050899
:1075C00070B52C4B04460D46006841B998424FD027
:1075D00003F5806398424FF0040608D10DE098420D
:1075E0004FF000063FD003F5806398423BD022481D
:1075F0004FF4CB61C2F778FE2068036A05F00F05EF
:107600000422AA4023EA02030362036A03623146AA
:107610000022FDF715FD2368196A41F2111211428B
:1076200008D1196A40F24442114203D15A6C22F443
:1076300000425A64196A41F21112114208D1196AC2
:1076400040F24442114203D11A6822F001021A604A
:10765000012384F83E3084F83F3084F8423084F8C7
:107660004330002070BD042DC7D0082DBFD1C4E722
:107670000426C2E700000140CC6E05082DE9F04762
:1076800090F83E5090F83F8090F8429090F843A0D8
:107690000368334A04460E46EDB25FFA88F85FFA93
:1076A00089F95FFA8AFAA9B9934225D02D4A934203
:1076B00022D004272C4840F28361C2F715FE012D29
:1076C0001ED1B8F1010F02D1B9F1010F1CD028462B
:1076D000BDE8F087934205D002F58062934201D065
:1076E0000027E7E7082EFBD840F21117F74017F004
:1076F0000107DFD00027E2E7012D4FF00407E0D0BB
:1077000001252846BDE8F087BAF1010FDFD12068D6
:10771000022384F83E3084F83F3084F8423084F805
:107720004330C36843F00203C360C36843F00403FB
:10773000C3602A4606F00F06056A0423B34025EA13
:1077400003050562056A2B4303623946FDF778FCA1
:107750002268536C43F4004300255364B7E700BF2D
:107760000000014000040140CC6E050870B5304BAC
:1077700004460D46006841B9984257D003F580632E
:1077800098424FF0040608D10DE098424FF00006F1
:1077900047D003F58063984243D0264840F2B66153
:1077A000C2F7A2FD2068C36823F00203C360C36868
:1077B00023F00403C360036A05F00F050422AA4006
:1077C00023EA02030362036A036231460022FDF7E3
:1077D00037FC2368196A41F21112114208D1196A63
:1077E00040F24442114203D15A6C22F400425A64DE
:1077F000196A41F21112114208D1196A40F2444249
:10780000114203D11A6822F001021A60012384F8A0
:107810003E3084F83F3084F8423084F84330002012
:1078200070BD042DBFD0082DB7D1BCE70426BAE740
:1078300000000140CC6E050870B504462C48236852
:1078400083420D46164607D02A4A934204D02A485E
:1078500040F20471C2F748FD202D39D02CD835F004
:10786000100335D0244840F20571C2F73DFD94F86D
:107870003C30012B39D00123202D84F83C30236883
:1078800002D835F0100228D05A6842F001025A603E
:107890005A6822F004025A605A6832435A60DA6821
:1078A00022F02002DA60DA68002122F40052DA6065
:1078B00084F83C10084670BD302D09D04FF6FF7398
:1078C0009D42CFD194F83C30012B0ED02368DBE7EA
:1078D00094F83C30012B08D023689A6822F070029B
:1078E0009A609A682A439A60CEE7022070BD00BF72
:1078F0000000014000040140CC6E050870B504464C
:107900002C48236883420D46164607D02A4A9342E4
:1079100004D02A4840F23C71C2F7E6FC202D39D051
:107920002CD835F0100335D0244840F23D71C2F711
:10793000DBFC94F83C30012B39D00123202D84F856
:107940003C30236802D835F0100228D05A6842F043
:1079500001025A605A6822F004025A605A6832439F
:107960005A60DA6822F40052DA60DA68002142F0E4
:107970002002DA6084F83C10084670BD302D09D032
:107980004FF6FF739D42CFD194F83C30012B0ED0BF
:107990002368DBE794F83C30012B08D023689A6811
:1079A00022F070029A609A682A439A60CEE7022019
:1079B00070BD00BF0000014000040140CC6E05080E
:1079C00070B504462F48236883420D46164607D0FB
:1079D0002D4A934204D02D4840F27571C2F784FCC1
:1079E000202D40D033D835F010033CD0274840F24A
:1079F0007671C2F779FC94F83C30012B40D001231A
:107A0000202D84F83C30236802D835F010022FD0A6
:107A10005A68616B1E4842F001025A605A6822F0AF
:107A200004025A605A6832435A60DA68C8631948D7
:107A3000086422F020021848C864DA60DA6800217D
:107A400042F40052DA6084F83C10084670BD302DD4
:107A500009D04FF6FF739D42C8D194F83C30012BFA
:107A60000ED02368D4E794F83C30012B08D023686B
:107A70009A6822F070029A609A682A439A60C7E76F
:107A8000022070BD0000014000040140CC6E0508DA
:107A9000117D0408257D0408AD40040838B5414A2D
:107AA0000368934204460D461FD0B3F1804F1CD0AB
:107AB000A2F57C42934218D002F58062934214D022
:107AC00002F58062934210D002F5806293420CD09E
:107AD00002F58062934208D002F57042934204D0CE
:107AE000314840F2A971C2F7FFFB2B6833F0400226
:107AF0000CD0402B4CD8202B08D023F02003102B87
:107B000004D0294840F2AA71C2F7EEFB6B6833F04B
:107B1000800304D0244840F2AB71C2F7E5FB94F82F
:107B20003C30012B3BD02368022284F83D205A6868
:107B30002868996822F0700202435A60194A9342F9
:107B40001AD0B3F1804F17D0A2F57C42934213D0E4
:107B500002F5806293420FD002F5806293420BD00F
:107B600002F57842934207D002F57052934203D057
:107B7000A2F59432934204D16A6821F08001114346
:107B800099600020012384F83D3084F83C0038BD22
:107B9000602BBBD023F02003502BB2D1B6E70220DC
:107BA00038BD00BF00000140CC6E050838B53A4A28
:107BB0000368934204460D4608D002F58062934262
:107BC00004D0364840F2E671C2F78EFB2B6833F4DE
:107BD000006304D0314840F2E771C2F785FB6B685F
:107BE00033F4806304D02D484FF4FD61C2F77CFB71
:107BF000AB6833F4407304D0284840F2E971C2F70F
:107C000073FBEB68FF2B3ED82B6933F4805304D011
:107C1000224840F2EB71C2F767FB6B6933F4005303
:107C200004D01E4840F2EC71C2F75EFBEB6933F4FE
:107C3000804304D0194840F2ED71C2F755FB94F827
:107C40003C30012B25D0D5E9021323F440736A6838
:107C5000E8690B4323F480632968134323F400632A
:107C60002A690B4323F4805313436A69216823F480
:107C70000053134323F48043002203434B6484F8EE
:107C80003C20104638BD054840F2EA71C2F72CFB93
:107C9000BAE7022038BD00BF00000140CC6E0508E5
:107CA00038B50368B3F1804F04460D4620D0144A1E
:107CB00093420FD0134A93420FD102290DD894F862
:107CC0003C30012B12D022680023156584F83C302B
:107CD000184638BD31F0C003F1D00B4840F62E01F4
:107CE000C2F702FB94F83C30012BECD1022038BDE6
:107CF00031F40063E3D0B1F5406FEED1DFE700BFB0
:107D0000000C004000480140CC6E0508704700BFE1
:107D100008B5806B012380F83D30FFF7F7FF08BD01
:107D2000704700BF08B5806B012380F83D30FFF736
:107D3000F7FF08BD704700BF90F83D00704700BFD7
:107D400038B5184A0368934204460D460DD002F533
:107D50008062934209D0144840F6B501C2F7C4FAD4
:107D60007DB994F84200C0B238BD002DF9D0042D81
:107D70000FD0082D11D00C4840F6B501C2F7B4FA67
:107D800003E0042D05D0082D07D094F84500C0B2BB
:107D900038BD94F84300C0B238BD94F84400C0B276
:107DA00038BD00BF00000140CC6E050838B5426800
:107DB000454B9A4204467AD8E36833F4005304D022
:107DC000424840F67661C2F78FFA236933F4806245
:107DD00002D0B3F5C06F70D160694FF6F3731842EB
:107DE00043D1002841D02268E1681369256923F452
:107DF00040530B431361A368D1682B43E56921F419
:107E0000164121F00C012B430B430343D36053690C
:107E1000A0692F4923F4407303438A42536105D07C
:107E20002C4B9A4202D0F0F7E9FF01E0F0F7F6FFA1
:107E3000E2691921B2F5004FD4E90053A0FB01011A
:107E40001AD09A009B0FC0F7D9FB234AA2FB00135C
:107E50005B09642101FB130000013230A2FB00200A
:107E60001B0103EB5013AB6038BD184840F6786136
:107E7000C2F73AFA6069B6E7DA184FF000035B41DF
:107E8000C0F7BCFB144AA2FB00314909642303FB81
:107E90001103DB003233A2FB0323C3F342121B099D
:107EA00002EB011203F4F8731344AB6038BD0748CA
:107EB00040F67561C2F718FA7EE7044840F677612C
:107EC000C2F712FA88E700BFA037A0007C6F050850
:107ED00000100140001401401F85EB51704700BFA6
:107EE000002800F091808269036810B50446002ADA
:107EF00059D046498B4273D0A1F54C418B426FD08B
:107F000001F580618B426BD001F580618B4267D0B7
:107F100001F580618B4263D001F544418B425FD013
:107F20003B4840F27311C2F7DFF9A269002A57D12A
:107F3000A36833F4805304D035484FF4BD71C2F7C1
:107F4000D3F9E36933F4004304D0314840F27B11A4
:107F5000C2F7CAF994F8413003F0FF02002B4DD06C
:107F60002268242384F84130D36823F40053204648
:107F7000D360FFF71BFF2368196921F49041196151
:107F8000596921F02A015961D96800224FF0200C6B
:107F900041F40051D960626484F841C084F842C061
:107FA0001046626310BD194A9342C1D0A2F54C42FB
:107FB0009342BDD002F580629342B9D002F580624F
:107FC0009342B5D002F580629342B1D002F54442AB
:107FD0009342ADD00E484FF4BC71C2F785F9A7E7C4
:107FE00022F40073B3F5807FA2D0B2F5007F9FD05A
:107FF00007484FF4BA71C2F777F999E784F840203F
:108000002046C3F7F7FBABE70120704700100140A3
:108010007C6F0508002869D00368354A934210B583
:10802000044618D0A2F54C42934214D002F5806267
:10803000934210D002F5806293420CD002F5806228
:10804000934208D002F54442934204D029484FF4A9
:10805000DE71C2F749F9A36833F4805304D0254890
:1080600040F2BD11C2F740F9E36933F400432CD16B
:1080700094F8413003F0FF02002B31D02268242312
:1080800084F84130D36823F400532046D360FFF7CF
:108090008DFE2368196921F490411961596921F015
:1080A00022015961596941F008015961D9680022DA
:1080B0004FF0200C41F40051D960626484F841C053
:1080C00084F842C01046626310BD0A484FF4DF7165
:1080D000C2F70AF994F8413003F0FF02002BCDD12A
:1080E00084F840202046C3F785FBC7E7012070478E
:1080F000001001407C6F050800287DD038B53F4A4C
:10810000036893420D46044618D0A2F54C429342B0
:1081100014D002F58062934210D002F5806293423F
:108120000CD002F58062934208D002F5444293429B
:1081300004D0334840F20621C2F7D6F835F02003C8
:1081400039D1A368002B3ED1E369002B43D194F8C9
:10815000413003F0FF02002B48D02268242384F82A
:108160004130D36823F400532046D360FFF71EFE4E
:108170002368196921F400611961596921F02A0104
:108180005961196941F480411961196921F020018F
:108190001961196929431961D96800224FF0200C2F
:1081A00041F40051D960626484F841C084F842C04F
:1081B0001046626338BD124840F20921C2F794F8B4
:1081C000A368002BC0D00E4840F20A21C2F78CF8F9
:1081D000E369002BBBD00A4840F20B21C2F784F8B8
:1081E00094F8413003F0FF02002BB6D184F8402010
:1081F0002046C3F7FFFAB0E70120704700100140A6
:108200007C6F0508002800F0878070B5036816466B
:10821000424A93420D46044618D0A2F54C4293427E
:1082200014D002F58062934210D002F5806293422E
:108230000CD002F58062934208D002F5444293428A
:1082400004D037484FF41671C2F74EF836F4006385
:1082500055D10F2D5AD8A36833F4805304D0304839
:1082600040F25D21C2F740F8E36933F4004335D1B1
:1082700094F8413003F0FF02002B3AD02268242307
:1082800084F84130D36823F40053D3602046FFF7CD
:108290008DFD23681A6922F490421A615A6922F00E
:1082A0002A025A611A6922F00F021A611A691543EB
:1082B0001D61D96821F40061D960D9683143D96062
:1082C000D9680022202541F40051D960626484F805
:1082D000415084F842501046626370BD104840F22D
:1082E0005E21C2F701F894F8413003F0FF02002B41
:1082F000C4D184F840202046C3F77CFABEE7084882
:1083000040F25B21C1F7F0FF0F2DA4D904484FF4D0
:108310001771C1F7E9FF9EE7012070470010014087
:108320007C6F0508704700BFA8B303681B4A9342DF
:1083300010B5044619D0A2F54C42934215D002F56F
:108340008062934211D002F5806293420DD002F513
:108350008062934209D002F54442934205D010480E
:1083600040F2A621C1F7C0FF2368242284F84120EF
:10837000DA6822F400522046DA60C3F7B7FA002325
:10838000636484F8403084F8413084F84230184601
:108390002363636310BD0120704700BF00100140DC
:1083A0007C6F05082DE9F843044690F84100202829
:1083B00055D10D4609B1164612B90120BDE8F88322
:1083C0001F464FF000082123C4F8448084F8413050
:1083D000E4F7AEFAA368A684B3F5805F8146E6842D
:1083E00040D0E38C22689BB2002B47D07B1C24D169
:1083F00013681F06FCD5002D2CD015F8013B5360E7
:10840000E38C013B9BB2E384E38C9BB2002BEFD166
:1084100013685906FCD5202384F841300020BDE8BC
:10842000F883002D3DD015F8013B5360E38C013BF0
:108430009BB2E384E38C9BB213B313681E06F0D4A3
:10844000E4F776FAA0EB09039F4211D387B12268C3
:10845000D368F2E738F8023BC3F30803CFE7022002
:10846000BDE8F8832369002BBBD1A8461D46B8E7B9
:10847000202384F841300320BDE8F883781CC7D05E
:1084800013685B06C7D4E4F753FAA0EB09039F42D5
:10849000EED3002FECD02268D36813685B06F2D5C8
:1084A000B9E738F8023BC3F30803BEE72DE9F04310
:1084B000044690F84200202883B04AD10D4609B105
:1084C00016461AB9012003B0BDE8F0834FF000084A
:1084D0001F462223C4F8448084F84230C4F8308018
:1084E000E4F726FAA368A685B3F5805F8146E685A2
:1084F00000F099804646E38D9BB2CBB17B1C41D105
:10850000226813689F06FCD5EDB1A368B3F5805FC0
:1085100002D0A3B9236993B95368DBB205F8013BD4
:10852000E38D013B9BB2E385E38D9BB2002BE7D14A
:108530002023002084F8423003B0BDE8F083536864
:1085400003F07F03EAE75368C3F3080326F8023B0E
:10855000E6E7022003B0BDE8F083002D70D0A268EA
:10856000B2F5805F69D0002A64D05B6803F07F03B6
:1085700005F8013BE38D013B9BB2E385E38D9BB2A4
:10858000002BD5D023681A6812F02008E5D1E4F753
:10859000CFF9A0EB09039F423ED3002F3CD02368C4
:1085A000D96848071A46EED519680907EBD5CDF802
:1085B00004801968019159680191019903F10C0136
:1085C00051E8001F21F490710C3343E8001058B1BA
:1085D00002F10C0353E8003F23F4907302F10C0006
:1085E00040E800310029F3D102F1140353E8003FC1
:1085F00023F0010302F1140040E800310029F3D117
:10860000236B012B22D000232021082284F8421062
:1086100084F84030236362642023032084F84230CE
:1086200003B0BDE8F0832369002B7FF463AF2E46CF
:108630001D4660E72269002A97D15B68DBB297E7A5
:108640005B68C3F3080326F8023B93E702F10C03CF
:1086500053E8003F23F0100302F10C0040E8003122
:108660000029F3D1CFE700BF90F84130202B15D17E
:1086700001B10AB90120704710B4002304680162F7
:108680002121C284436480F84110E168828441F072
:108690008001E16018465DF8044B70470220704786
:1086A00090F84230202B20D101B10AB90120704747
:1086B00010B4046981620023222103638285C2858C
:1086C0004364036880F842101CB1DA6842F4807297
:1086D000DA605A695DF8044B42F001025A61DA68C7
:1086E00042F020020020DA6070470220704700BF8D
:1086F000F8B5044690F84100202803D101B11AB919
:108700000120F8BD0220F8BDE284A284A06BDFF84E
:1087100054C0124F124E21621346226800254FF0BA
:10872000210E6564043284F841E0C0E90FC7C0E956
:108730001365E5F771FD22686FF04003136002F1E5
:10874000140353E8003F43F0800302F1140040E8B3
:1087500000310029F3D10020F8BD00BFDD8D0408F1
:10876000F58D04088D8D04080368596990F841203F
:10877000212A06D0596990F84220222A10D00020E0
:1087800070470906F6D503F1140252E8002F22F0D3
:10879000800203F1140C4CE800210029F3D1E9E731
:1087A0004A06ECD503F10C0252E8002F22F4807245
:1087B00003F10C0040E800210029F3D103F1140279
:1087C00052E8002F22F0010203F1140040E80021DA
:1087D0000029F3D103F1140252E8002F22F04002E5
:1087E00003F1140040E800210029F3D1C7E700BFDE
:1087F00090F84130212B05D090F84230222B12D036
:1088000000207047036803F1140252E8002F42F081
:10881000800203F1140C4CE800210029F3D190F8F8
:108820004230222BECD182B00368002201921A68F8
:10883000019259680269019101995AB103F10C0240
:1088400052E8002F42F4807203F10C0040E800214E
:108850000029F3D103F1140252E8002F42F0010283
:1088600003F1140040E800210029F3D103F11402C0
:1088700052E8002F42F0400203F1140040E80021CA
:108880000029F3D1002002B0704700BF10B5036883
:10889000596990F84120212A044606D0596994F874
:1088A0004220222A28D0002010BD0906F6D503F167
:1088B000140252E8002F22F0800203F1140040E875
:1088C00000210029F3D1A06B10B1E5F7F7FC236874
:1088D00003F10C0252E8002F22F0C00203F10C0059
:1088E00040E800210029F3D1202284F84120596971
:1088F00094F84220222AD6D14A06D4D503F1140294
:1089000052E8002F22F0400203F1140040E8002159
:108910000029F3D1E06B10B1E5F7D0FC236803F137
:108920000C0252E8002F22F4907203F10C0040E890
:1089300000210029F3D103F1140252E8002F22F0A4
:10894000010203F1140040E800210029F3D1226B59
:10895000012A06D02022002384F84220002023632D
:1089600010BD03F10C0252E8002F22F0100203F1B7
:108970000C0040E800210029F3D1EBE72DE9F04796
:108980001D4690F8423082B0202BDDF8289040F050
:1089900092800E4609B117461AB9012002B0BDE80F
:1089A000F0874FF0000822230446C0F8448080F886
:1089B000423001230363C0F83480E3F7B9FFA368B2
:1089C000A785B3F5805F8246E78500F084800027A5
:1089D0002F80E38D9BB2002B2CD0B9F1FF3F4AD101
:1089E00023681A68D20608D501971A6801925A6856
:1089F0000192019A2A88002A79D11A68900615D521
:108A0000002E5CD0A268B2F5805F04D0002A4ED15F
:108A10002269002A4BD15B68DBB206F8013B2B8848
:108A200001332B80E38D013B9BB2E385E38D9BB249
:108A3000002BD5D1E18DA38D20225B1A2B8084F8E9
:108A400042200020AAE75B68DBB206F8013B2B88D6
:108A500001332B80E38D013B9BB2E385E3F768FF95
:108A6000A0EB0A0048453DD8B9F1000F3AD0E38D9C
:108A70009BB2002BDED023681A68D10607D5019778
:108A80001A6801925A680192019A2A887ABB1A6878
:108A90009206E3D5CEB1A268B2F5805FD3D012B909
:108AA0002269002ACFD05B6803F07F03CDE75B68C3
:108AB00003F07F03B1E7022002B0BDE8F0875B68F6
:108AC000C3F3080328F8023BA9E75B68C3F3080374
:108AD00028F8023BBBE72369002B7FF478AFB04650
:108AE0001E4674E7202384F84230032056E7022212
:108AF0002023626384F84230A3E700BF90F842303D
:108B0000202B27D101B10AB90120704710B40023EE
:108B1000012483B004634363C285436403698162B3
:108B20002221828580F8421002681BB1D36843F489
:108B30008073D360536943F001035361D36843F0FA
:108B40002003D360036B012B06D0012003B05DF836
:108B5000044B704702207047002301931368019370
:108B600053680193019B02F10C0353E8003F43F06B
:108B7000100302F10C0040E800310029F3D100207D
:108B8000E4E700BF406B7047036810B5044603F18B
:108B90000C0252E8002F22F4F07203F10C0040E8BE
:108BA00000210029F3D103F1140252E8002F22F032
:108BB000010203F1140040E800210029F3D1226BE7
:108BC000012A3BD05A69110622D45A69520613D59C
:108BD00003F1140252E8002F22F0400203F11400C6
:108BE00040E800210029F3D1E06B28B100230365A0
:108BF000E5F764FB002837D100232022E384E385D6
:108C0000636484F8422084F841201846236310BD31
:108C100003F1140252E8002F22F0800203F1140045
:108C200040E800210029F3D1A06B0028CDD000231B
:108C30000365E5F743FB70B92368C6E703F10C024F
:108C400052E8002F22F0100203F10C0040E800214E
:108C50000029F3D1B6E7A06BE5F786FD2028EBD11C
:108C600010236364032010BDE06BE5F77DFD202831
:108C7000C2D1F5E7026810B5044602F10C0353E8CF
:108C8000003F23F0C00302F10C0040E8003100294E
:108C9000F3D153691B0605D400202023E08484F817
:108CA000413010BD02F1140353E8003F23F080036C
:108CB00002F1140040E800310029F3D1A06B002834
:108CC000EAD000230365E5F7F9FA0028E4D0A06BA9
:108CD000E5F74AFD2028DFD110236364032010BD8F
:108CE000036810B5044603F10C0252E8002F22F489
:108CF000907203F10C0040E800210029F3D103F148
:108D0000140252E8002F22F0010203F1140040E89F
:108D100000210029F3D1226B012A28D05A6952067A
:108D200007D400232022E38584F8422018462363D9
:108D300010BD03F1140252E8002F22F0400203F1AB
:108D4000140040E800210029F3D1E06B0028E8D0AE
:108D500000230365E5F7B2FA0028E2D0E06BE5F7FF
:108D600003FD2028DDD110236364032010BD03F12F
:108D70000C0252E8002F22F0100203F10C0040E830
:108D800000210029F3D1C9E7704700BF08B5036887
:108D9000806B1B6813F480731AD10268C38402F1DC
:108DA000140353E8003F23F0800302F1140040E86D
:108DB00000310029F3D102F10C0353E8003F43F0E6
:108DC000400302F10C0040E800310029F3D108BD56
:108DD000C1F7C6F908BD00BF704700BF08B5806B7A
:108DE000FFF7FAFF08BD00BF704700BF704700BF24
:108DF000704700BF08B5806B0368596990F841203F
:108E0000212A0BD0596990F84220222A1ED0436CA7
:108E100043F010034364FFF7EBFF08BD0906F1D5EB
:108E20000022C28403F10C0252E8002F22F0C0029B
:108E300003F10C0C4CE800210029F3D1202280F82A
:108E40004120596990F84220222AE0D14A06DED515
:108E50000022C28503F10C0252E8002F22F4907226
:108E600003F10C0C4CE800210029F3D103F11402AA
:108E700052E8002F22F0010203F1140C4CE800210B
:108E80000029F3D1026B012A05D02022002380F8AB
:108E900042200363BBE703F10C0252E8002F22F0EB
:108EA000100203F10C0C4CE800210029F3D1ECE78F
:108EB00008B5806B0023C385C384FFF799FF08BD05
:108EC000704700BF036870B5054603F10C0252E815
:108ED000002F22F4F07203F10C0040E80021002979
:108EE000F3D103F1140252E8002F22F0010203F142
:108EF000140141E80024002CF3D12A6B012A55D03B
:108F0000AE6B2EB15A6912F0800218BF324A326538
:108F1000E86B28B15A6912F0400218BF2F4A026567
:108F20005A69120626D45A69510614D5012403F150
:108F3000140252E8002F22F0400203F1140646E822
:108F400000210029F3D100283DD0E5F701FA78B1DE
:108F5000EB6B00221A6500232022EB842846EB8568
:108F60006B6485F8412085F842202B63FFF7A8FF4A
:108F7000002070BD03F1140252E8002F22F080029D
:108F800003F1140C4CE800210029F3D1002ECAD0C3
:108F90003046E5F7DDF92B68C8B15A69A96B0020A6
:108FA00008655006D7D5E86B0124C0E703F10C0231
:108FB00052E8002F22F0100203F10C0040E80021DB
:108FC0000029F3D19CE7012CC5D0002070BD5A695F
:108FD0005206CDD5E86BAAE711900408E18F04088A
:108FE000806B08B5D0E90E320021116513B11B6DFD
:108FF00003B108BD00232022C384C385436480F8E5
:10900000412080F842200363FFF75AFF08BD00BFEC
:10901000806B08B5D0E90E230021116513B11B6DDB
:1090200003B108BD00232022C384C385436480F8B4
:10903000412080F842200363FFF742FF08BD00BFD4
:10904000704700BF026810B5044602F10C0353E8F4
:10905000003F23F0C00302F10C0040E8003100297A
:10906000F3D1536913F0800320D002F1140353E8C5
:10907000003F23F0800302F1140040E80031002992
:10908000F3D1A06B48B10E4B0365E5F761F910B160
:10909000A06B036D9847002010BD2023E08420467C
:1090A00084F84130FFF7CCFF002010BD2022E3847C
:1090B000204684F84120FFF7C3FF002010BD00BF09
:1090C000C590040808B5806B00222023C28480F874
:1090D0004130FFF7B5FF08BD704700BF036810B50A
:1090E000044603F10C0252E8002F22F4907203F1BF
:1090F0000C0040E800210029F3D103F1140252E8EA
:10910000002F22F0010203F1140040E800210029A1
:10911000F3D1226B012A1CD05A6912F040022FD0E1
:1091200003F1140252E8002F22F0400203F1140070
:1091300040E800210029F3D1E36BBBB1154A1A6561
:109140001846E5F705F910B1E06B036D984700206C
:1091500010BD03F10C0252E8002F22F0100203F1BF
:109160000C0040E800210029F3D1D5E72022E38557
:10917000204684F842202363FFF7AEFF002010BD95
:109180002023E285204684F842302263FFF7A4FFC3
:10919000002010BD9991040808B5806B002320229F
:1091A000C38580F842200363FFF796FF08BD00BF28
:1091B000704700BF806B08B501234363036B012B2D
:1091C00002D0FFF713FE08BD818D4908C0F7DAFF12
:1091D00008BD00BF08B50368806B1A6812F480727E
:1091E0002BD10368C28503F10C0252E8002F22F450
:1091F000807203F10C0C4CE800210029F3D103F13B
:10920000140252E8002F22F0010203F1140C4CE882
:1092100000210029F3D103F1140252E8002F22F0BB
:10922000400203F1140C4CE800210029F3D1202264
:1092300080F84220026B012A07D000234363036BAE
:10924000012B0FD0FFF7D0FD08BD03F10C0252E84F
:10925000002F22F0100203F10C0C4CE80021002931
:10926000F3D1EAE7818DC0F78DFF08BD83680168FF
:10927000826AB3F5805F42D0002B39D04B6803F08F
:109280007F031370826A0132C38D8262013B9BB2FD
:10929000C385002B32D100B50268D16821F02001CE
:1092A00083B0D160D16821F48071D16051694FF0F1
:1092B000200C21F00101516180F842C04363016B31
:1092C000012925D1036302F10C0353E8003F23F089
:1092D000100302F10C0C4CE800310029F3D11368A3
:1092E000DB061AD4818DC0F74DFF03B05DF804FB97
:1092F0000369002BC2D14B68DBB2C2E77047036938
:10930000002BF8D14B68C3F3080322F8023BBBE7FC
:10931000FFF76AFD03B05DF804FB002301931368B7
:10932000019353680193019BDCE700BF30B50368EC
:109330001A68DD68596912F00F0F83B0044670D1C6
:10934000910602D5A90600F1A380216B01290BD05B
:10935000100602D5290600F1A580520602D568063E
:1093600000F1BF8003B030BDD006F1D5E906EFD5DE
:10937000002201921A6801925A680192019A5A6970
:10938000550640F13C81E06B0268526892B2002AB7
:10939000E8D0A18D9142E5D9E285C269B2F5807F1E
:1093A00036D003F10C0252E8002F22F4807203F150
:1093B0000C0545E800210029F3D103F1140252E81D
:1093C000002F22F0010203F1140545E800210029D5
:1093D000F3D103F1140252E8002F22F0400203F10E
:1093E000140545E800210029F3D1202284F8422009
:1093F000216303F10C0252E8002F22F0100203F166
:109400000C0545E800210029F3D1E4F757FFA18DB1
:1094100002236363E38DC91A204689B2C0F7B2FE06
:10942000A0E711F0010140F0CF8015F4907F8CD0BF
:10943000D0070BD5E80540F1DE80606C40F00100FC
:10944000606450075CD5002940F0C280900766D563
:10945000100700F1CD80616C002983D0910609D5F9
:10946000AA0607D594F84220222A03D12046FFF706
:10947000FDFE23685A69616C02F0400201F00801A8
:1094800052EA010555D12046FFF7B2FC656469E751
:1094900090F84230222B7FF465AF03B0BDE8304036
:1094A000FFF7E4BE94F84120212A7FF45BAFA16866
:1094B000226AB1F5805F00F0DD80511C21621278D4
:1094C0005A60E28C013A92B2E284002A7FF44AAFF9
:1094D000DA6822F08002DA60DA6842F04002DA608C
:1094E00040E7DA68202122F04002DA60204684F862
:1094F0004110C0F735FE35E7E8059ED4500767D424
:1095000090070CD50029A3D0616C41F0040161647F
:109510001107A0D5616C41F0080161649BE7100759
:1095200099D505F020000843F4D1626C002AA1D13E
:1095300018E703F10C0252E8002F22F4907203F1B5
:109540000C0040E800210029F3D103F1140252E895
:10955000002F22F0010203F1140040E8002100294D
:10956000F3D1226B012A22D00022202184F842105C
:1095700022635A69550634D503F1140252E8002FCC
:1095800022F0400203F1140040E800210029F3D149
:10959000E06B30B33D4B0365E4F7DAFE00283FF49F
:1095A000E1AEE06B036D03B0BDE83040184703F156
:1095B0000C0252E8002F22F0100203F10C0040E8E8
:1095C00000210029F3D1CFE7D00795D450070CD55F
:1095D000616C41F002016164910795D4110799D43F
:1095E00039E72046FFF704FCBCE691078CD4F5E789
:1095F000A9068FD499E750073FF528AF80E7E18DA2
:10960000E28DA08D92B289B2002A3FF4ABAE411A2E
:1096100089B200293FF4A6AE03F10C0252E8002FF4
:1096200022F4907203F10C0545E800200028F3D1E4
:1096300003F1140252E8002F22F0010203F1140595
:1096400045E800200028F3D1202284F8422020633E
:1096500003F10C0252E8002F22F0100203F10C0576
:1096600045E800200028F3D1022363632046C0F7B9
:1096700089FD77E6216900297FF41FAF32F8021BCC
:10968000C1F30801596022621BE700BFB18E0408D4
:109690001E4B02689A4210B5044618D0A3F54C43FD
:1096A0009A4214D003F580639A4210D003F5806388
:1096B0009A420CD003F580639A4208D003F54443E4
:1096C0009A4204D0124840F6C421C0F70DFE94F827
:1096D0004030012B18D001212423226884F8401047
:1096E00084F8413002F10C0353E8003F43F00103DA
:1096F00002F10C0141E800300028F3D1202384F866
:10970000413084F8400010BD022010BD001001401F
:109710007C6F05081F4B02689A4210B5044618D0AA
:10972000A3F54C439A4214D003F580639A4210D0BB
:1097300003F580639A420CD003F580639A4208D007
:1097400003F544439A4204D0134840F6DF21C0F7A2
:10975000CBFD94F84030012B19D00121242322683D
:1097600084F8401084F8413002F10C0353E8003FC4
:1097700043F0020302F10C0141E800300028F3D16C
:10978000202384F8413084F84000606310BD02203B
:1097900010BD00BF001001407C6F05081F4B026820
:1097A0009A4210B5044618D0A3F54C439A4214D0FF
:1097B00003F580639A4210D003F580639A420CD07F
:1097C00003F580639A4208D003F544439A4204D0DB
:1097D000134840F6FB21C0F787FD94F84030012B79
:1097E00019D001212423226884F8401084F84130E4
:1097F00002F10C0353E8003F23F0020302F10C01D5
:1098000041E800300028F3D1202384F8413084F867
:109810004000606310BD022010BD00BF0010014079
:109820007C6F050890F84030012B12D0016824238A
:1098300080F84130CB6823F00C03002243F008038A
:109840004FF0200CCB6080F841C080F840201046DB
:1098500070470220704700BF90F84030012B12D0B3
:109860000168242380F84130CB6823F00C030022E8
:1098700043F004034FF0200CCB6080F841C080F827
:109880004020104670470220704700BF90F84120EA
:1098900090F8420010437047406C704730B4046940
:1098A000C285222300254564816280F8423082858A
:1098B00003681CB1DA6842F48072DA605A6942F0D7
:1098C00001025A61DA6842F02002002030BCDA60FE
:1098D000704700BF70B513460025222282B00446AF
:1098E0004564816280F842208385C06B1D4E05650A
:1098F0000A462168C6631C4E06641C4EC6640431C9
:10990000E4F78AFC236801951A6801925968226974
:10991000019101995AB103F10C0252E8002F42F46F
:10992000807203F10C0040E800210029F3D103F11B
:10993000140252E8002F42F0010203F1140040E843
:1099400000210029F3D103F1140252E8002F42F064
:10995000400203F1140141E800200028F3D102B0D5
:1099600070BD00BFD5910408B5910408F58D0408B9
:1099700090F842C0BCF1200F05D130B401B122B93A
:10998000012030BC7047022070470024046330BCC3
:10999000FFF7A0BF90F842C0BCF1200F06D139B349
:1099A00030B583B022B9012003B030BD022070472A
:1099B00001230363002343630446FFF78BFF002862
:1099C000F2D1236B012BEED1226801901368019331
:1099D00053680193019B02F10C0353E8003F43F0ED
:1099E000100302F10C0444E800310029F3D1DBE755
:1099F000012070470268D207034605D4427802B1BD
:109A0000FFDE01205870704700207047002343702C
:109A100070470123036070470AB103F05BBC7047D5
:109A20000B4611461A460BB1BEF782BF1846704767
:109A30000AB103F090BA10467047081E08B501DA63
:109A400001F09AFABDE80840BEF7F2BF0160704726
:109A500041607047006870470830704708307047B1
:109A6000816070470368416000225A54704750F883
:109A7000083B1B1A58425841704700000B68B3F16D
:109A8000804F10B502D30B4801F08BFA93420BD9EB
:109A9000B3EB420F4FEA420406D2B4F1804F2ABF23
:109AA0006FF040430C600B6009680131FFF7C5FFA0
:109AB00010BD00BF089E05080068BFF701B810B5CB
:109AC0000446FFF7D4FF18B9A1682046FFF7F4FF5A
:109AD00010BD7047704770470830704708B503469F
:109AE00008465B689842114603D90246014801F0D6
:109AF0005EFA08BD209E0508406801F180410139E9
:109B0000091A914208B502D2184601F04AFA08BD76
:109B10004068401A904228BF1046704703688B4245
:109B200006D842681344994294BF00200120704730
:109B300001207047012A10B404D10A785DF8044B63
:109B4000027070475DF8044BFFF766BF012A30B41E
:109B500003D10B78037030BC7047002AFBD030BCB7
:109B600003F009BA0B46012B10B41146044603D189
:109B700022705DF8044B7047002BFAD05DF8044B5F
:109B80001A4603F012BA37B50F290446019115465B
:109B900006D9002201A9FFF771FF019B2060A36095
:109BA000019919B120682A46FFF7DCFF019B226862
:109BB00063600021D15403B030BD08B5FFF7E3FF67
:109BC00008BD08B5521AFFF7B5FF08BD08B5FFF785
:109BD000F8FF08BD08B5521AFFF7ACFF08BD08B57D
:109BE000FFF7F8FF08BD401A704738B50446154620
:109BF000084611446268521A05D025B123681944F9
:109C00001844FFF7A3FF636822685B1B00216360B1
:109C1000D15438BD00F10802026000224260027295
:109C2000704700F108020260002242600272704731
:109C300010B500F1080304460360FFF7A4FF2046B7
:109C400010BDF8B500F108070760054608460C4648
:109C5000FFF70DFF04F10806626860B1013231467A
:109C60003846FFF7D9FE63686B60002323722660D5
:109C700063602846F8BD23682B60A368AB60F2E7F9
:109C800070B500F108060660054608460C46FFF769
:109C9000EEFE626804F1080158B101323046FFF768
:109CA000BBFE636822686B60002363601370284604
:109CB00070BD2368C5E90032A368AB60C4E9001039
:109CC0002072F4E710B50446FFF7F9FE204610BDF8
:109CD000F8B5054608460C46FFF7C9FE064690B1A2
:109CE000A5420AD062681AB121682868FFF722FFEE
:109CF00063682A686B600021D15422680023636086
:109D000013702846F8BD2846FFF7B1FE08B92E6843
:109D1000AF6823682B6063686B60A368AB6016B1A3
:109D20002660A760E9E704F108032360E5E700681F
:109D3000704700687047D0E9002010447047D0E9B0
:109D4000002010447047D1E900321344036070478B
:109D5000D1E900321344036070470B680360704719
:109D60000B680360704700687047D0E9002010441A
:109D70007047D1E900321344036070470B680360F9
:109D8000704740687047406870476FF040407047C8
:109D900010B50446FFF76BFE08B9A06810BD0F2090
:109DA000FCE78842F7B504460E461DD04D68FFF724
:109DB000EFFFA842024611D201A920460195FFF704
:109DC0005DFE07462046FFF77AFE019B2760A360F1
:109DD000316820682A46FFF7ADFE01E0002DF7D17B
:109DE0002368656000225A5503B0F0BD10B50446E3
:109DF000FFF7D7FF204610BD2DE9F3470A9E1F4607
:109E0000436801EB0208B21A1A4404460D46A3EB5C
:109E100008090192FFF7BCFF01A902462046FFF79F
:109E20002DFE82461DB121682A46FFF783FE37B119
:109E30002EB1324639460AEB0500FFF77BFEB9F139
:109E4000000F07D0216835444A4641440AEB05001B
:109E5000FFF770FE2046FFF732FE019BC4F800A01A
:109E6000A36002B0BDE8F08737B504460191FFF763
:109E70008FFF019B834202460FD901A92046FFF7BD
:109E8000FDFD6268216801320546FFF753FE20465A
:109E9000FFF715FE019B2560A36003B030BD70B5D0
:109EA0000446FFF7E4FD78B962680F2A0CD825460E
:109EB000A66855F8081B01322846FFF73BFE3146DD
:109EC0002046FFF7F9FD256070BD08B5FFF7E7FFF5
:109ED00008BD026800234360137070474068B0FA01
:109EE00080F04009704700680844704700680844E3
:109EF000704700004268914208B502D3024801F061
:109F000056F80068084408BD579E0508426891420B
:109F100008B502D3024801F04AF80068084408BDB9
:109F2000579E0508006870470068704743680068DE
:109F3000013B1844704743680068013B1844704770
:109F4000F7B5466804460F46FFF722FF751C8542A9
:109F500007D90123009300231A4631462046FFF714
:109F60004BFF23689F552368656000225A5503B054
:109F7000F0BD10B50446FFF7E3FF204610BD10B555
:109F80000446FFF70EFF204610BD08B5FFF7A0FE00
:109F900008BD000070B516460C4A04460D46FFF792
:109FA0009DFD731C05D12368656000225A5520462B
:109FB00070BD002EFBD06268521BB24228BF3246F1
:109FC00029462046FFF711FEF1E700BF9B9E0508DA
:109FD00038B503680546CC1A01222146FFF705FE75
:109FE0002868204438BD70B5436805684E1B1D4481
:109FF000AA42044605D1002246600A702068304417
:10A0000070BD521A3146FFF7F0FDF7E708B5416819
:10A0100001220139FFF7E9FD08BD00002DE9F743F2
:10A0200016461D4604461B4B2A460F463146FFF78F
:10A0300063FD2046FFF7ACFED4F80490A5EB0608BC
:10A04000C84440451DD3F319B9EB030207D0AE4213
:10A0500005D02068384481192844FFF777FD35B1D1
:10A0600020689DF8282029463844FFF77BFD2368A7
:10A07000C4F804800022204603F8082003B0BDE89D
:10A08000F08300950023324639462046FFF7B4FEA0
:10A09000E5E700BFAF9E050807B500920B4600221A
:10A0A0004168FFF7BBFF03B05DF804FB10B54468DF
:10A0B0008C42034603D2091BFFF7EEFF10BD81BFA0
:10A0C0000368416000225A54F8E708B50022FFF700
:10A0D000EDFF08BD07B500920B4642680021FFF76F
:10A0E0009DFF03B05DF804FB10B50A46044601214C
:10A0F000FFF7F0FF204610BD73B51546064A1E4611
:10A100000446FFF7EBFC009601462B460022204652
:10A11000FFF784FF02B070BDCC9E050837B5036819
:10A120000092CC1A0546012300222146FFF776FF54
:10A130002868204403B030BDF7B5044615460A4AE6
:10A140000F461E46FFF7CAFC62689DF82030009358
:10A15000D21BAA420146334628BF2A462046FFF7B3
:10A160005DFF03B0F0BD00BFE19E050837B5046890
:10A170009DF818500095521A091BFFF74FFF03B0C6
:10A1800030BD73B506680093044613460A468E1B1D
:10A19000FFF7ECFF2068304402B070BD2DE9F041BC
:10A1A000DDE906680D4617461C4636B1964230D8A2
:10A1B000324619462846FFF7C9FCB8F1000F11D006
:10A1C000BE420FD04246E919A819FFF7BFFCBE42B4
:10A1D00008D9EB19A219934206D3324621462846E4
:10A1E000FFF7B4FCBDE8F081A34208D8641BE41B70
:10A1F0003444324629192846FFF79CFCF2E71F1B1E
:10A200003A4621462846FFF7A1FCF21BA919E81996
:10A21000F2E7B8F1000FD5D1DBE700002DE9F74FE9
:10A220000C9E1546044632460F4698462946214B59
:10A23000FFF762FC2046FFF7ABFDD4F804B0A6EBB5
:10A24000050ADA4450452DD32368414603EB07093C
:10A2500020462F44ABEB0707FFF760FCC8B147B1BE
:10A26000B54206D03A4609EB050109EB0600FFF7B7
:10A270006DFC26B1324641464846FFF75BFC236839
:10A28000C4F804A00022204603F80A2003B0BDE869
:10A29000F08FCDE9006743462A4649462046FFF73E
:10A2A0007DFFECE7009643462A4639462046FFF7F5
:10A2B000A3FDE4E7F79E05082DE9F7430C46164693
:10A2C000D0F80480D1F800900B4A0546314620466C
:10A2D0001F46FFF703FC6268921BBA4294BF0092CC
:10A2E000009709EB0003424600212846FFF796FF3E
:10A2F00003B0BDE8F08300BF109F050807B50092CA
:10A300000B4642680021FFF789FF03B05DF804FBAC
:10A3100013B502AB044603E90600FFF7EFFF204642
:10A3200002B010BD07B502AB03E90600FFF7E6FF78
:10A3300003B05DF804FB37B5044608460D46BEF78A
:10A3400047FB009062682B4600212046FFF766FF1E
:10A3500003B030BD08B5FFF7EEFF08BDF7B5044602
:10A360001546094A0F461E46FFF7B8FB6268089B70
:10A370000093D21BAA420146334628BF2A462046F4
:10A38000FFF74CFF03B0F0BDE19E050807B5536829
:10A39000009313680022FFF7E1FF03B05DF804FBB0
:10A3A0002DE9F3411446D2F800800C4A06460F46C8
:10A3B000204619461D46FFF791FB6268089B521B19
:10A3C0009A4294BF00920093394608EB00030022A2
:10A3D0003046FFF7C3FF02B0BDE8F081CC9E050810
:10A3E00007B5009313460022FFF7B8FF03B05DF8EE
:10A3F00004FB13B502AC04E90C000468091BFFF769
:10A40000EFFF02B010BD73B50546104614460E4668
:10A41000BEF7DEFA23460090002231462846FFF7B9
:10A420009DFF02B070BD13B55C6800941B68FFF718
:10A4300095FF02B010BD00002DE9F743DDF828803C
:10A44000D3F800901C4605460E46174641460B4A77
:10A450001846FFF743FB61680B9BA1EB080199428B
:10A4600094BF009100933A4609EB00033146284619
:10A47000FFF774FF03B0BDE8F08300BFE19E05085D
:10A48000F7B5054618460E4617461C46BEF7A0FA15
:10A49000234600903A4631462846FFF75FFF03B057
:10A4A000F0BD37B50468069D0095521A091BFFF7E9
:10A4B00055FF03B030BD13B55C6800941B68FFF70F
:10A4C000F0FF02B010BDF7B5054618460E46174618
:10A4D0001C46BEF77DFA234600903A463146284690
:10A4E000FFF7DFFF03B0F0BD82B013B5069C009408
:10A4F0000593FFF7D6FF02B0BDE8104002B07047E9
:10A5000037B5069C0568E41A521A0094491BFFF7F8
:10A5100025FF03B030BD37B5069C0568E41A521A12
:10A520000094491BFFF71AFF03B030BD7FB504AE9E
:10A5300006E90C001346039A06681A440446009282
:10A540000A468E1BFFF7E7FF2068304404B070BD59
:10A5500037B5069C0568E41A521A0094491BFFF7A8
:10A56000FDFE03B030BD37B5069C0568E41A521AEB
:10A570000094491BFFF7F2FE03B030BD2DE9F34113
:10A58000D0F80480044602EB08070E461546FFF794
:10A59000FFFBB8420ED32DB120682A463146404415
:10A5A000FFF7C8FA2368676000222046DA5502B038
:10A5B000BDE8F08100953346002241462046FFF772
:10A5C0001BFCEFE770B5064B04460D46164600210E
:10A5D000FFF792FA324629462046FFF7CFFF70BDBB
:10A5E000259F050807B502AB03E90600FFF7EAFF60
:10A5F00003B05DF804FB08B5D1E90012FFF7E2FFF4
:10A6000008BD08B5FFF7F7FF08BD00002DE9F041D0
:10A610000C461546D1F80080094A064629462046D0
:10A620001F46FFF75BFA6268521BBA4208EB000153
:10A6300028BF3A463046FFF7C5FFBDE8F08100BFAE
:10A64000259F050807B502AB03E90600FFF7BAFF2F
:10A6500003B05DF804FB000070B5044608460D46E3
:10A66000BEF7B6F9064B0646024600212046FFF724
:10A6700043FA324629462046FFF780FF70BD00BFEF
:10A68000259F050808B5FFF7E7FF08BD2DE9F04154
:10A69000064690460F460A4A19461D46FFF71EFA1F
:10A6A0007468641B444528BF44462CB13168224677
:10A6B00029443846FFF73EFA2046BDE8F08100BF46
:10A6C0003A9F05082DE9F043884285B005460C46BF
:10A6D00035D0FFF7CCF906462046FFF7C8F9002E23
:10A6E0004AD06F68002838D06668D7B104F10808EE
:10A6F00005F1080901372EB3013632464146684656
:10A70000FFF78AF93A4649464046FFF785F932464F
:10A7100069464846FFF780F96B6862686A60636063
:10A720000DE0002EF8D0721C04F1080105F10800BC
:10A73000FFF772F963686B60236867601F7005B08C
:10A74000BDE8F0833A4649464046FFF765F96B6835
:10A7500063602B686E601E70F1E726467A1C56F81F
:10A76000088F05F108013046FFF756F923682B6082
:10A770002660C5F80880CFE7AF6868B1626805F168
:10A780000806013204F108013046FFF745F92B684D
:10A7900023602E60A760BFE722682B682A602360D1
:10A7A000A368AB60F6E700687047006870477047C1
:10A7B0002DE9F0470E461D46416833B9914238BF36
:10A7C0004FF0FF321046BDE8F08791420AD9076882
:10A7D00096F8008007EB0109B818891AC3F1010A3D
:10A7E000A94202D24FF0FF32ECE742465144FFF754
:10A7F00017F904460028F5D02A463146FFF718F924
:10A8000008B9E21BDEE7601CA9EB0001E8E708B528
:10A81000D1E90013FFF7CCFF08BD70B50546084627
:10A820000C461646BEF7D4F8324603462146284663
:10A83000FFF7BEFF70BD38B54568AA42134608D27F
:10A8400004680A46E018E91AFFF7EAF808B1001BA5
:10A8500038BD4FF0FF30FBE7F8B54468A3420E4621
:10A860001D460CD8E41A9442076828BF14462A46AD
:10A8700031463819FFF7DCF818B1631E1CB94FF0E8
:10A88000FF342046F8BD1C46F1E708B5D1E90013B6
:10A89000FFF7E2FF08BD70B5054608460C461646B0
:10A8A000BEF796F83246034621462846FFF7D4FF06
:10A8B00070BD10B504461046626862B1013A82422A
:10A8C00028BF024623689B5C8B42104602F1FF3290
:10A8D00003D0531CF6D14FF0FF3010BDF8B506463B
:10A8E0000F4614461D461BB94FF0FF340BE00134F0
:10A8F00073689C42F8D2336829461A5D3846FFF7E0
:10A900008FF80028F3D02046F8BD08B5D1E9001330
:10A91000FFF7E4FF08BD70B5054608460C4616462D
:10A92000BEF756F83246034621462846FFF7D6FFC3
:10A9300070BD08B5FFF77FFF08BDF8B544680E4647
:10A940001D467CB173B1013C9442076828BF144690
:10A950003A5D29463046FFF763F808B9013CF7D263
:10A960002046F8BD4FF0FF34FAE708B5D1E90013EF
:10A97000FFF7E3FF08BD70B5054608460C461646CE
:10A98000BEF726F83246034621462846FFF7D5FF94
:10A9900070BD08B5FFF78DFF08BD2DE9F041D0F877
:10A9A000048005460E461F461446444504D34FF026
:10A9B000FF342046BDE8F0812B6839461A5D3046E9
:10A9C000FFF72EF80028F4D00134EEE708B5D1E9FE
:10A9D0000013FFF7E2FF08BD70B5054608460C46B8
:10A9E0001646BDF7F5FF3246034621462846FFF7D7
:10A9F000D4FF70BD10B5034644681046A04202D390
:10AA00004FF0FF3010BD1A68125C8A42FAD1013053
:10AA1000F4E7F8B544680D461E4674B1013C944213
:10AA2000076828BF14463A5D31462846FEF7F8FF0E
:10AA300008B1013CF7D22046F8BD4FF0FF34FAE7E9
:10AA400008B5D1E90013FFF7E4FF08BD70B505466E
:10AA500008460C461646BDF7BBFF32460346214664
:10AA60002846FFF7D6FF70BD10B50446406850B1C8
:10AA700001389042236828BF10461A5C8A4201D1EF
:10AA80000138FAD210BD4FF0FF30FBE738B545680A
:10AA90004C6800680968A5422A4628BF2246FEF78E
:10AAA000C7FF00B9281B38BD2DE9F0410746904685
:10AAB0000C4A0D461E46FFF711F87C68386831686D
:10AAC000641B444528BF4446D6F80480A04542464E
:10AAD000284428BF2246FEF7ABFF08B9A4EB0800C4
:10AAE000BDE8F0814D9F05082DE9F843DDF8209081
:10AAF0001E4614468046124A0F46FEF7EFFF104AE4
:10AB000049463046FEF7EAFFD8F80450099B316801
:10AB1000D8F80000ED1BA54228BF25467468A4EBB9
:10AB200009049C4228BF1C46AC422246494428BF27
:10AB30002A463844FEF77CFF00B9281BBDE8F8839D
:10AB40004D9F0508F8B54768054608460E46BDF70F
:10AB50003FFF874204463A46314628BF02462868EE
:10AB6000FEF766FF00B9381BF8BD00002DE9F04183
:10AB7000074615460D4A0E469846FEF7AFFF7C681D
:10AB8000A41BAC42404628BF2C46BDF721FF05461A
:10AB90003868A5422A46414628BF22463044FEF77F
:10ABA00047FF00B9601BBDE8F08100BF4D9F05085D
:10ABB0002DE9F843064691460B4A089F0D469846F4
:10ABC000FEF78CFF74683068641B4C4528BF4C4608
:10ABD000A7423A46414628BF22462844FEF728FFAE
:10ABE00000B9E01BBDE8F8834D9F05080160704780
:10ABF000016070472DE9F0410446174608460D46AE
:10AC0000BDF7E6FED7E9008704F1080323600023BF
:10AC100063602372391806462046FFF725F932464D
:10AC200029462046FFF7CEFC3A4641462046FFF72C
:10AC3000C9FC2046BDE8F08173B5D2E9006500F19A
:10AC40000803036000230446436003728DF8071075
:10AC5000691CFFF709F90DF1070101222046FFF7F2
:10AC6000B1FC2A4631462046FFF7ACFC204602B034
:10AC700070BD2DE9F041D2E90075D1E9008600F1FF
:10AC80000803036000230446436003727119FFF751
:10AC9000EBF8324641462046FFF794FC2A463946F7
:10ACA0002046FFF78FFC2046BDE8F08173B5531AAC
:10ACB0000F2B04460D461646019306D9002201A922
:10ACC000FEF7DCFE019B2060A36032462946206827
:10ACD000FEF777FF019B226863600021D15402B028
:10ACE00070BD10B500F10803036000230446436003
:10ACF000FFF7DCFF204610BD73B5531A0F2B044637
:10AD00000D461646019306D9002201A9FEF7B6FEAC
:10AD1000019B2060A360324629462068FEF75AFF57
:10AD2000019B226863600021D15402B070BD00F124
:10AD3000080210B50260D1E9001204464FF000038A
:10AD40000A44FFF7D9FF204610BD73B5531A0F2BE5
:10AD500004460D461646019306D9002201A9FEF7C6
:10AD60008DFE019B2060A360324629462068FEF7D5
:10AD700028FF019B226863600021D15402B070BD9E
:10AD800000F1080210B50260D1E9001204464FF04C
:10AD900000030A44FFF7D9FF204610BD10B500F1AB
:10ADA00008030360002304464360FFF7CEFF2046FC
:10ADB00010BD73B5531A0F2B04460D46164601936A
:10ADC00006D9002201A9FEF759FE019B2060A3606D
:10ADD000324629462068FEF7FDFE019B226863602B
:10ADE0000021D15402B070BDF8B500F108030D4642
:10ADF000174603600E68084A044639462846FEF79F
:10AE00006DFE6A683118D21B20464FF000030A44D9
:10AE1000FFF7CFFF2046F8BD639F05082DE9F041FD
:10AE2000984600F108030D46174603600E680B4A6A
:10AE3000044639462846FEF751FE6A683118D21B8F
:10AE400020464FF00003424594BF8A1801EB0802E8
:10AE5000FFF7AFFF2046BDE8F08100BF639F050804
:10AE600070B50D46044611462846064A1E46FEF7B2
:10AE700035FE3346024629462046FFF7CFFF2046DF
:10AE800070BD00BF7E9F05082DE9F041984600F196
:10AE900008030D46174603600E680B4A0446394600
:10AEA0002846FEF71BFE6A683118D21B20464FF079
:10AEB0000003424594BF8A1801EB0802FFF779FFAF
:10AEC0002046BDE8F08100BF939F050800F108030C
:10AED00010B50446036019B912B1054800F058F8DE
:10AEE00020464FF000030A44FFF763FF204610BDE1
:10AEF000A29F050838B500F10803044603600D461B
:10AF000011B9074800F044F80846BDF761FD4FF05D
:10AF100000032A1829462046FFF74BFF204638BD7C
:10AF2000A29F050813B502AB03E9060000F1080370
:10AF300003600A444FF000030446FFF73AFF20463F
:10AF400002B010BD10B500F10803036000230446F1
:10AF50004360FFF72EFF204610BD00680B68C31A40
:10AF600058425841704700680B68C31A584258410C
:10AF7000704708B501F09AFD08B501F097FD08B5D6
:10AF800001F094FD08B501F091FD08B501F08EFDCA
:10AF900008B501F08BFD08B501F088FD08B501F09A
:10AFA00085FD08B501F082FD08B501F07FFD0FB405
:10AFB00008B501F07BFD08B501F078FD08B501F09A
:10AFC00075FD08B501F072FD08B501F06FFD0000D8
:10AFD00008B52DED028BB0EE408A00F09BFBB4EE7D
:10AFE000488AF1EE10FAF0EE408A15D6B0EE480A23
:10AFF00000F0F6F8F7EE007AB4EEE70AF1EE10FA98
:10B000000ADD02F029F9BDEC028B21230360BDE8C3
:10B010000840044800F0F4B9B0EE680ABDEC028BB9
:10B0200008BD00BFD99F050800F058BC08B52DED3C
:10B03000028BF0EE408AB0EE608A00F0EFFCF4EE96
:10B04000488AF1EE10FA0CD6DFED078AB4EE688A72
:10B05000F1EE10FA05D102F0FFF888EEA80A2123DC
:10B060000360BDEC028B08BD0000000008B52DEDAB
:10B07000048BB0EE608AB0EE409A00F051FDB4EE61
:10B08000488AF1EE10FAF0EE408A3ED6B5EE409ACC
:10B09000F1EE10FA12D1B5EE408AF1EE10FA39D085
:10B0A000B0EE480A00F03CF978B3B5EEC08AF1EE94
:10B0B00010FA2AD502F0D0F8222314E000F030F97B
:10B0C00098B9B0EE490A00F02BF970B1B0EE480A19
:10B0D00000F026F948B1F4EE688AF1EE10FAE9D7EB
:10B0E00002F0BAF8212303600FE0F5EE408AF1EE9A
:10B0F00010FA0AD1B0EE490A00F012F928B1B0EE08
:10B10000480A00F00DF90028D4D1B0EE680ABDEC71
:10B11000048B08BDF7EE008AF7E7000008B52DEDB7
:10B12000028BB0EE408A00F071F9B4EE488AF1EE7D
:10B1300010FA0CD6DFED078AB4EEE88AF1EE10FAC9
:10B1400005D502F089F888EEA80A21230360BDEC3A
:10B15000028B08BD0000000010EE103A07B51E4A31
:10B1600023F00043934206D8DFED1C0A03B05DF8DC
:10B1700004EB00F04FB9B3F1FF4F04D330EE400AB7
:10B1800003B05DF804FB684600F098FF00F0030090
:10B19000012809D0022810D0B0B9DDED010A9DEDDB
:10B1A000000A00F037F9EBE7DDED010A9DED000A3A
:10B1B00000F088F9B1EE400AE2E7DDED010A9DED0D
:10B1C000000A00F027F9F5E7DDED010A9DED000A20
:10B1D000012000F077F9D3E7D80F493F00000000C5
:10B1E00010EE103A23F0004300EE103A704710B50D
:10B1F0002DED028B0446B0EE408A00F091F8B8B114
:10B20000B5EE408AF1EE10FA12D0B0EE480A2046B0
:10B2100000F090F8B0EE408A00F082F820B1B5EE70
:10B22000408AF1EE10FA03D102F016F822230360EF
:10B23000B0EE480ABDEC028B10BD000010EE103AD3
:10B2400007B51F4A23F00043934207D8DFED1D0ADC
:10B25000002003B05DF804EB00F034B9B3F1FF4F08
:10B2600004D330EE400A03B05DF804FB684600F0FA
:10B2700025FF00F0030001280AD002280FD0C0B932
:10B28000DDED010A9DED000A012000F01BF9EAE75F
:10B29000DDED010A9DED000A00F0BCF8E3E7DDED0D
:10B2A000010A9DED000A012000F00CF9B1EE400A00
:10B2B000D9E7DDED010A9DED000A00F0ABF8F5E7F6
:10B2C000D80F493F0000000010EE103A07B5124AAF
:10B2D00023F00043934207D8DFED100A012003B0AA
:10B2E0005DF804EB00F036B9B3F1FF4F04D330EE54
:10B2F000400A03B05DF804FB684600F0DFFE400042
:10B3000000F00200DDED010A9DED000AC0F1010030
:10B3100000F020F9EDE700BFDA0F493F0000000020
:10B3200010EE103A23F00040B0F1FF4FACBF002008
:10B330000120704710EE103A33F000422BD0B2F1EA
:10B34000FF4F02D330EE000A704713F0FF4F23D1B6
:10B35000244BDFED257A984220EE270A17DB10EE0A
:10B36000103AC3F3C752193A4CF25031884215DDF6
:10B37000DFED1E7ADFED1E6A10EE103AB0EE677A4E
:10B38000002BB8BFF0EE667A27EE870A7047DFED34
:10B39000197A27EE800A7047D20DE5E71044FE289F
:10B3A000E6DC002806DD23F0FF4343EAC05300EE4D
:10B3B000103A704710F1160F09DADFED0E7ADFED63
:10B3C0000E6A10EE103AB0EE677A002BD9E719300A
:10B3D00023F0FF4343EAC0539FED080A07EE903A7B
:10B3E000D7E700BFB03CFFFF0000004CCAF2497134
:10B3F000CAF249F16042A20D6042A28D0000003302
:10B400009FED010A704700BF0000C07FB1EEC00A87
:10B410007047000010EE103A23F00043B3F1485F8C
:10B42000F0EE406AB7EE000A04D2FDEEE67A17EEBF
:10B43000902A42B326EEA67ADFED1A7A9FED1A6AB9
:10B440001A4AA7EE276A9342DFED197AE6EE077AE9
:10B450009FED186AA7EE876ADFED177AE6EE077AA6
:10B460009FED166AA7EE876A60EEE60A26EE076A87
:10B47000F6EE007AE7EE060A67EE277A04D877EE52
:10B48000E07A30EE670A70470D4A93429ABF03F1A3
:10B490007F4307EE103AB5EE027A30EE470A77EEB8
:10B4A000C77AECE74ED747ADF6740F319999993EBC
:10B4B0007CF293B4010DD037610BB6BAABAA2A3D2A
:10B4C0000000483F10EE103A23F00043B3F1485F0C
:10B4D00004D2FDEEC07A17EE903A5BB320EE007A0C
:10B4E000DFED157A9FED156AA7EE276ADFED147A76
:10B4F000E6EE077A9FED136AA7EE876ADFED127A10
:10B5000060EE076AE6EE077A30B99FED106AA7EEA3
:10B51000276AA6EE260A704767EEE67AB6EE006A5C
:10B52000E0EE867AD7EE870ADFED097AE6EEA70A23
:10B5300030EE600A704700BFD3C92E2F342FD7B228
:10B540001BEF3836010D50B98988083CABAA2ABEDA
:10B55000ABAA2A3E08B510EE103A23F00042B2F131
:10B56000465FF0EE407A17D2BDEEC07A17EE101AA1
:10B5700041BB431C134308D1FFF732FEB7EE007AFC
:10B58000C7EE007AB0EE670A08BD0128FAD0BFEE18
:10B59000007AC7EE007AF5E74C498A4212D3002BB5
:10B5A0009FED4B7AB8BFF1EE407A37EE677ADFED68
:10B5B000497AB8BFF1EE600A77EEE07ADFED460A2D
:10B5C00077EE877A67EEA76ADFED445A9FED446A0B
:10B5D0009FED445A3D4926EEA67A8A42A7EE256A97
:10B5E000DFED415AE6EE075A9FED406AA5EE876A05
:10B5F000DFED3F5AE6EE075A9FED3E6AA5EE876AF9
:10B60000DFED3D5AE7EE055A9FED3C5AA5EE875A0D
:10B61000DFED3B5AE5EE075A9FED3A5AA5EE875A01
:10B62000DFED395AE5EE075AB0EE467AA5EEA67A76
:10B6300027EEA65AB0EE606AA7EE056A9FED337A50
:10B64000E6EE260AE5EE070A37EEA06A1DD307EEFE
:10B65000100AB8EEC77A26EE065A36EE076A9B172E
:10B66000C5EE065A03F00203C3F1010306EE903A59
:10B6700035EEE06AF8EEE66A77EEC67AB0EE006A7A
:10B68000A7EEC67A66EE877A7CE701281BD0204BAE
:10B6900016EE102A1A4005EE902A75EEE77AB7EEFC
:10B6A000007A70EEE70AFFEE007AC7EE866A16EEC1
:10B6B000902A134007EE903AA5EEA77AA0EEA77A5B
:10B6C000E7EE267A5EE7F0EE467A5BE740A12C3F94
:10B6D000DA0F493F68212233000000005FAE9BB7BC
:10B6E00045F4A3388453D937C8261A3A16696B3BF8
:10B6F000A427B33C8988083E7AC09538B937813988
:10B7000048DEBE3A1F37113CD10D5D3DABAAAA3EC3
:10B7100000F0FFFF38B510EE105A25F00044B4F1E8
:10B720007E5F2DED048B0CD1DFED5C7A9FED5C7AB2
:10B7300060EE277AE0EE077AB0EE670ABDEC048B84
:10B7400038BD04D970EE407A87EEA70AF6E7B4F167
:10B750007C5FF7EE008A0BD2B4F1485F52D2DFED86
:10B76000517A70EE277AF4EEE87AF1EE10FAE5DC21
:10B77000FFF736FD38EEC08AF6EE007A28EE278A0B
:10B780009FED497ADFED497A9FED499AA8EE277A35
:10B79000DFED487AE7EE087A9FED477AA7EE887AE0
:10B7A000DFED467AE7EE087A9FED457AA7EE889AB4
:10B7B000DFED447AE8EE077A9FED437AA7EE887AC8
:10B7C000DFED427AE7EE087AB0EE480AE7EE888AC3
:10B7D000FFF71CFE3E4B29EE089A9C4289EE286A30
:10B7E000F0EE006A3DD9A0EE060ADFED3A7AE0EE0F
:10B7F000267A9FED2B0A30EE670A002DD8BFB1EEF6
:10B80000400A9BE760EE007ADFED286A9FED267A1A
:10B810009FED2B6AA7EEA67ADFED266AE7EE276A90
:10B820009FED257AA6EEA77ADFED246AE7EE276A78
:10B830009FED1F7AA6EEA77ADFED226AE7EE866A11
:10B840009FED216AA6EEA76ADFED206AE6EE276A81
:10B8500027EE277AE6EEA78AC7EE287AA0EE270A17
:10B860006CE710EE103A6FF30B0307EE103AA7EEF9
:10B87000478A70EE005A30EE070ADFED087A88EE4C
:10B88000005A9FED150AE5EE667AD5EE867AB0EE9F
:10B89000406AA7EE666A77EEC67AACE72EBD3BB388
:10B8A000DB0FC93FCAF24971047F4F3A08EF1138E4
:10B8B000ABAA2A3E461124BDA80A4E3E90B0A6BEB1
:10B8C0002EC69D3D613330BF2D57014039D119C07F
:10B8D0009999793F2EBD3B33DB0F493F10EE902AFB
:10B8E00022F00041B1F1FF4F10B5F0EE407A06D8DA
:10B8F00010EE100A20F00043B3F1FF4F04D977EEA9
:10B90000A07AB0EE670A10BDB2F17E5F03D1BDE848
:10B91000104000F003BD941704F0020444EAD07410
:10B9200043B9022C5ED09FED347A032C08BFF0EEB1
:10B93000477AE6E741B9DFED317A9FED317A0028A9
:10B94000A8BFF0EE477ADCE7B1F1FF4F10D1B3F1B9
:10B95000FF4F04F1FF3407D1022C46D8294B03EBEB
:10B960008403D3ED007ACCE7022C41D8264BF6E7CE
:10B97000B3F1FF4FDFD05B1AB3F1F45F4FEAE3514D
:10B980001ADA002A01DA3C3119DB87EEA00AFFF748
:10B9900027FC00F0C3FCF0EE407A012C12D0022C00
:10B9A00017D0002CADD09FED197A77EE877A9FEDF6
:10B9B000187A77EEC77AA4E7DFED117AEDE7DFEDCD
:10B9C000157AEAE717EE903A03F1004307EE903A52
:10B9D00097E79FED0E7A77EE877A9FED0D7A77EEF7
:10B9E000677A8EE7DFED0A7A8BE7DFED0B7A88E77F
:10B9F000DFED087A85E700BFDB0F49C0DB0FC9BF69
:10BA0000DB0FC93F18A005080CA005082EBDBB33ED
:10BA1000DB0F494000000000DB0F493F70B510EE1E
:10BA2000906A26F000435A1EB2F1FF4F06D210EE84
:10BA3000104A24F00041B1F1FF4F04D360EE200A18
:10BA400080EEA00A70BD9942FCDB04F0004505D1F0
:10BA5000324B03EB557393ED000AF3E714F0FF4FFD
:10BA600046D10A026FF07D00002A3EDC16F0FF4F3F
:10BA700001BF1A02B2FA82F2C2F1FF2202F57F027E
:10BA800016BFDA1582327F3A10F17E0FBBBF6FF01E
:10BA90007D04241AC4F31604A140A8BF44F4000195
:10BAA00012F17E0FB5BF6FF07D04C6F31606A41A1F
:10BAB00046F40004B8BF03FA04F4801A0B1BD0B993
:10BAC00033EA230328BF0B46002BC1D0B3F5000F88
:10BAD00019DB12F17E0F19DBA3F500037F322B4334
:10BAE00043EAC25300EE103AACE701385200BBE71C
:10BAF000C8157F38BAE7002B02DA49000138DDE7C4
:10BB0000A6D05900FAE75B00013ADFE7C2F1FF2255
:10BB100002F57F02823213412B43E3E724A005089C
:10BB20002DE9F84310EE904A34F000492DED028BD8
:10BB300010EE106AB0EE408AF0EE608A0CD186F406
:10BB40008006760016F5000F40F2748238EE280A5F
:10BB5000BDEC028BBDE8F88326F00048B8F1FF4F3A
:10BB600002D8B9F1FF4F08D9B6F17E5FEED184F467
:10BB70008004640014F5000FE6E7002E1FDAB9F127
:10BB8000974F80F06082B9F17E5F2FD34FEAE9537F
:10BB9000C3F1960349FA03F505FA03F34B4523D1A4
:10BBA00005F00105C5F10205B9F17E5F1FD1002C3A
:10BBB00080F24682F7EE007A87EE880AC8E7B9F18C
:10BBC000FF4F11D1B8F17E5F00F0348206D99FEDAE
:10BBD000C50A002CA8BFB0EE680AB9E7002C80F2B5
:10BBE0002C82B1EE680AB3E70025DDE70025B4F149
:10BBF000804F02D128EE080AAAE7B4F17C5F40F03A
:10BC00002782002EC0F22482B0EE480ABDEC028BDF
:10BC1000BDE8F843FFF7FABB012D99D1B1EE400A18
:10BC200096E7F00F013855EA000304D138EE488A50
:10BC300088EE080A8CE7B9F19A4F6DD9AA4B98455E
:10BC400008D8002C0BDA0020BDEC028BBDE8F843CD
:10BC500000F058BCA54B984508D9002CF3DC002017
:10BC6000BDEC028BBDE8F84300F046BCF7EE007A6D
:10BC700030EE670ADFED9E6AF5EE007AE0EE676A65
:10BC8000F6EE007AE6EEC07A20EE007ADFED996AF1
:10BC900027EE277ADFED987A67EEC77A9FED977ADD
:10BCA000E0EE077AB0EE677AA0EE267A17EE103A49
:10BCB0006FF30B0307EE103AB0EE476AA0EE666A28
:10BCC00077EEC67A013D0543F7EE006ABFEE008AC3
:10BCD0006FF30B0418BFB0EE668A06EE904A67EE6B
:10BCE000A80A38EEE66A67EE267AE6EE070A30EE34
:10BCF000A77A17EE101A002921F0004340F3DD80E7
:10BD0000B3F1864F40F2CA80B5EEC08AF1EE10FA68
:10BD10004CBF0120002097E716F0FF4F01BFDFED79
:10BD2000787A60EE277A6FF0170317EE907A4FEA71
:10BD3000E75218BF00237F3A1A44724BC7F3160725
:10BD40009F4247F07E5106DD6F4B9F4240F3A48037
:10BD50000132A1F5000100266C4B03EB860307EED0
:10BD6000101AD3ED005A6A4B75EE877AF7EE006A27
:10BD7000C6EEA74A491041F0005101F5802101EBC0
:10BD8000465137EE656A07EE901A26EE245A77EE92
:10BD9000E55A15EE107A1F4006EE907AA6EEE76A95
:10BDA00037EE657A65EE057AA6EEC76ADFED595A79
:10BDB0009FED597AE7EE875A9FED587AA5EEA77A5C
:10BDC000DFED4B5AE7EE275A9FED557AA5EEA77A9D
:10BDD000DFED545A26EE246AE7EE275A35EE267A2E
:10BDE00067EEA74A27EE067AF0EE087AA4EEA57A67
:10BDF000F0EE675AE6EEA65A75EE875A15EE901ADF
:10BE0000194005EE901A75EEE77AE6EEE67A77EEDF
:10BE1000677A67EE857AE6EE257AB0EE676AA6EE77
:10BE2000A56A16EE101A194006EE101AB0EE467A00
:10BE3000A6EEE57A3C4901EB860177EEC77A9FEDE5
:10BE40003B7ADFED3B5A67EE877A9FED3A7AE6EE72
:10BE5000077A91ED007A77EE877A07EE102A364A54
:10BE6000F8EEC76AB0EE677AA6EE257A02EB860294
:10BE700092ED005A37EE057A37EE267A17EE102A41
:10BE80001A4007EE102A77EE666A76EEC56AE6EE8D
:10BE9000656A77EEE67A15E701265DE752D1DFEDB8
:10BEA000276A37EE677A70EEA66AF4EEC76AF1EE9B
:10BEB00010FA3FF729AF862348E0214A934207D979
:10BEC000B5EEC08AF1EE10FA4CBF01200020C7E6A3
:10BED00038D137EE677AB4EEE07AF1EE10FAEADBA9
:10BEE000EEE700BF00000000F3FF7F3F0700803F48
:10BEF000ABAAAA3E00AAB83F3BAAB83F70A5EC3651
:10BF00000000804B71C41C00D6B35D003CA0050846
:10BF100000F0FFFF55326C3E42F1533E05A38B3ECD
:10BF2000B76DDB3E9A99193F2CA005084F38763F34
:10BF30000038763FA0C39D3634A005083CAA3833AC
:10BF400000001643B3F17C5F6FD9DB157E3B4FF4E5
:10BF5000000018410844C0F3C7534E4A7F3B1A41C2
:10BF6000024007EE102AC0F3160040F40000C3F1AF
:10BF700017031841002977EEC77AB8BF404277EE21
:10BF8000A06A9FED457A9FED456A16EE903A6FF3F1
:10BF90000B0306EE903A76EEE77AB7EE000A70EE03
:10BFA000E70ADFED3F7A66EEA77AE0EE877AB0EE39
:10BFB000677AA6EE867AF0EE475AE6EEC65A67EE44
:10BFC000076A77EEE57A9FED376ADFED375AA6EE1E
:10BFD000A56ADFED365AE6EE265A9FED356AA5EEE4
:10BFE000A66ADFED345AE6EE265AB0EE476AA5EEB1
:10BFF000E66AF0EE006A67EE065A36EE666AE7EE2B
:10C00000277AC5EE866A76EEE77A77EEC77A30EE63
:10C01000670A10EE103A03EBC053B3F5000F06DACF
:10C02000FFF788F920EE080A92E50020A7E700EE66
:10C03000103AF7E7B7EE000A8AE59FED1F0A87E599
:10C04000B0EE480A84E5B9F1FF4F3FF4BBAD0225DD
:10C05000B0EE480AFFF7C4F826F04043B3F17E5F24
:10C06000474603D0B8F1000F7FF4DBAD002CBCBF16
:10C07000F7EE007A87EE800A002EBFF669ADA8F1D0
:10C080007E5858EA05087FF4C7AD70EE407A87EE17
:10C09000A70A5DE5000080FF1872313F0072313F52
:10C0A0008CBEBF350EEADDB54CBB313355B38A3893
:10C0B000610B36BBABAA2A3E00000000F0B510EEC3
:10C0C000106A884B26F000459D4287B0044605D88B
:10C0D000002380ED000A4360002022E0824B9D4255
:10C0E0003AD826F00043002E9FED807A804A23F054
:10C0F0000F0318DD934270EE477A09BF9FED7D7AFA
:10C10000DFED7D6ADFED7D6A77EEC77A37EEE67A9E
:10C1100077EEC77A80ED007A77EEE67AC0ED017AA5
:10C12000012007B0F0BD934270EE077A09BF9FED82
:10C13000717ADFED716ADFED716A77EE877A37EE3B
:10C14000A67A77EEC77A80ED007A77EEA67AC0ED10
:10C15000017A4FF0FF30E4E7694B9D4273D8FFF757
:10C160003FF89FED687AF6EE007AE0EE077AFDEE92
:10C17000E77AB8EEE77A17EE900ADFED5C7AA7EE81
:10C18000670A1F28DFED5C7A67EE277AB1EE476A0F
:10C1900070EE676A16EE901A09DC5B4A471E26F0BD
:10C1A000004352F8272023F0FF03934207D1C1F345
:10C1B000C752C2EBD552082A4FEAE55314DC21607E
:10C1C00094ED007A30EE470A002E30EE670A84EDD7
:10C1D000010AA6DAB1EE477AB1EE400A84ED007AA0
:10C1E00084ED010A40429CE7DFED425AF0EE406ADE
:10C1F000E6EE256A70EE667AE6EE257ADFED3F5AC6
:10C20000D7EE257A76EEE75A15EE902AC2F3C7519B
:10C210005B1A192B04DCC4ED005AB0EE660ACFE7B6
:10C22000DFED3A5AB0EE660AA6EE250A76EEC07A3F
:10C23000DFED376AE6EE257AD7EE267A30EE677ABA
:10C2400084ED007ABCE7B5F1FF4F06D370EE407A7B
:10C25000C0ED017AC0ED007A3EE7EA15863AA5EB1B
:10C26000C25307EE903ABDEEE77ADFED2A6AB8EEE8
:10C27000C77A77EEC77A8DED037A67EEA67ABDEEC0
:10C28000E77AB8EEC77A77EEC77A8DED047A67EE73
:10C29000A67AF5EE407AF1EE10FACDED057A1ED1D0
:10C2A000B5EE407AF1EE10FA0CBF012302231A49D1
:10C2B00001910221009103A8214600F04BF9002EC4
:10C2C000BFF62FAFD4ED007AF1EE677AC4ED007AB5
:10C2D000D4ED017AF1EE677AC4ED017A82E70323A7
:10C2E000E5E700BFD80F493FE3CB1640800FC93FB9
:10C2F000D00FC93F004435374344353708A3852E56
:10C30000800F494384F9223F44A0050800A3852EED
:10C3100032318D2400008043C4A0050838B510EEEA
:10C32000105A25F00044B4F1A14FF0EE407A10D33A
:10C33000B4F1FF4F04D970EE007AB0EE670A38BD51
:10C34000DFED4D7A9FED4D7A002DC8BFF0EE477AB4
:10C35000F3E74B4B9C4210D8B4F1445F0AD29FEDF7
:10C36000497A30EE077AF7EE006AB4EEE67AF1EE3B
:10C3700010FAE2DC4FF0FF3313E0FEF731FF424BDF
:10C380009C424FD8A3F5D0039C4241D8F0EE007AEE
:10C39000BFEE007AA0EE277A002330EE270AC7EE20
:10C3A000007A5A1C27EEA76A9FED387ADFED385ADB
:10C3B0009FED385A66EE066AE6EE875A9FED367AAA
:10C3C000A5EEA67ADFED355AE7EE265A9FED347AD0
:10C3D000A5EEA67ADFED335AE7EE265A9FED327AC4
:10C3E000A6EE875A9FED317AA5EE267A9FED305A58
:10C3F000A7EE265A9FED2F7AA5EE267A27EE267A0B
:10C40000A5EE867A27EE877A21D177EEC77A94E770
:10C41000F7EE007A30EE677A30EE270A0123C7EE96
:10C42000007ABEE7244B9C420BD8F7EE087AB7EEB1
:10C43000007AA0EE277A022370EE676AC6EE877A4A
:10C44000AFE7BFEE007AC7EE007A0323A9E71B4AE5
:10C450001B4902EB830201EB8303D3ED006A37EE45
:10C46000667A002D37EE677AD2ED007A77EEC77ADA
:10C47000B8BFF1EE677A60E7DB0FC9BFDB0FC93FDA
:10C48000FFFFDF3ECAF24971FFFF973FD769853C46
:10C4900059DA4B3D6BF16EBD356B883D6E2EBA3D62
:10C4A0002549123EABAAAA3E21A215BD95879DBD86
:10C4B000388EE3BDCDCC4CBEFFFF1B40ECA305087E
:10C4C000DCA3050810B52DED028BB0EE408A0446C2
:10C4D00000F0C2FEB0EE480ABDEC028B046010BD55
:10C4E00030B1F1EE407A27EE800A2220FFF7EABF52
:10C4F000F0EE407AF7E700009FED010AFFF7F0BF8A
:10C50000000000109FED010AFFF7EABF0000007075
:10C5100000289FED070AF7EE007ABFEE007A18BFF9
:10C52000F0EE477A87EE800A2220FFF7CBBF00BFEC
:10C5300000000000F0EE407A30EE407AF4EE677AC8
:10C54000F1EE10FA87EE070A02D62120FFF7BABFF4
:10C55000704700002DE9F04F2DED048BD9B09046C7
:10C560000190B64A669818F1040F52F820A00F46C1
:10C5700003F1FF3B26DBB8F1030248BF08F10402D8
:10C58000D210551C67999FEDB17AE800A2EB0B061B
:10C590000290A8EBC5050AEB0B0C1CAC01EB860E58
:10C5A0000020604510DD1CA901EB83000DF58879A2
:10C5B0000026564524DCDDF804E0DFEDA47A84464D
:10C5C000002416E00022DCE7C6425DBF5EF82010C2
:10C5D00007EE901AF8EEE77AF0EE477AE4EC017A8B
:10C5E0000130DEE7FEEC016A3CED017AE6EE877A87
:10C5F00001345C45F6DDE9EC017A01360430D8E718
:10C6000008A901EB8A0104916799DFED8F8A9FEDFC
:10C610008D9A01EB820203925446A200059258AA19
:10C6200002EB840212ED140A44A908AA01EB84006B
:10C6300094462646002E4CDC2846CDE90623FEF71C
:10C6400079FEB0EE408AB4EE000A28EE000A00F04F
:10C65000E9F9F2EE007AA0EE678A002DDDE9062303
:10C66000FDEEC87A17EE909AF8EEE77A38EE678A10
:10C6700041DD04F1FF3C08A9C5F1080E51F82C601A
:10C6800046FA0EF0814400FA0EF0361AC5F10700A2
:10C6900041F82C600641002E3CDD4FF0000E09F100
:10C6A00001097046744568DC002D03DD012D74D04E
:10C6B000022D7DD0022E2DD1B7EE000A30EE488A31
:10C6C00040B328460693FEF735FE069B38EE408AB7
:10C6D00020E060EE287A013EFDEEE77AF8EEE77A98
:10C6E000A7EEC90ABDEEC00AACEC010A30ED010AA2
:10C6F00037EE800A9EE705D1601E08A951F8206038
:10C70000F611C8E7F6EE007AB4EEE78AF1EE10FA19
:10C7100031DA0026B5EE408AF1EE10FA40F098804A
:10C72000601E002250454BDA002A65D0013C08AB60
:10C73000083D53F82430002BF8D02846B7EE000A05
:10C74000FEF7F8FD631C44AA9FED3F7A990002EBC7
:10C7500083022346002B80F2A9802346002BC0F2DF
:10C76000C78044AA02EB8305DFF8D4C0DFED377A37
:10C770000020E21AB1E002268FE752F8041B48B904
:10C7800021B1C1F5807142F8041C01210EF1010EA6
:10C79000084687E7C1F1FF01F5E704F1FF3C08AA6D
:10C7A00052F82C2002F07F0208A941F82C2081E7E2
:10C7B00004F1FF3C08AA52F82C2002F03F02F3E7F4
:10C7C00008A951F8201001380A43ABE7013250F8AC
:10C7D000046D002EFAD0059901F5B0710DEB010042
:10C7E000E6181CA904F1010C4C3801EB8606224422
:10C7F000624504DA144610E704980122E7E703993A
:10C80000DDF804E051F82C10059107EE901AF8EECF
:10C81000E77A0024E6EC017ADFED0C7AB1465C455C
:10C8200004DDE0EC017A0CF1010CE1E7FEEC016AB9
:10C8300039ED017A0134E6EE877AF0E728A405089D
:10C84000FCA30508000080430000803B00000000BE
:10C85000029BB0EE480AA3EB0800FEF76BFD1FED4C
:10C86000077AB4EEC70AF1EE10FA19DB5FED0A7A27
:10C8700060EE277A08AAFDEEE77A0835F8EEE77A47
:10C88000A7EEC70AFDEEE77ABDEEC00A10EE103A39
:10C8900042F8243017EE903A013442F824304CE745
:10C8A000BDEEC00A08AA10EE103AF6E708A850F844
:10C8B0002300019007EE900AF8EEE77A013B67EE5D
:10C8C000807A20EE070A62ED017A43E7FCEC016A08
:10C8D000B5EC017AE6EE877A0130504501DC9042F2
:10C8E000F4DD58A800EB820242ED287A013B35E7DF
:10C8F000669B022B09DC002B27DC40D009F00700E7
:10C9000059B0BDEC048BBDE8F08F669B032BF5D1CD
:10C9100030AA0B1F13441A462046002850DC22463A
:10C92000012A5DDC30AB5FED377A0B44012C67DC0C
:10C93000DDED306A9DED317A002E67D1C7ED006ADA
:10C9400087ED017AC7ED027AD8E730AB1FED417A67
:10C950000B442246002A24DA4EB3F1EE477AC7EDA3
:10C96000007ADDED307A77EEC77A31AA01239C4256
:10C9700020DA0EB1F1EE677AC7ED017ABEE730AB8F
:10C980005FED4E7A0B44002C05DA0EB1F1EE677ABA
:10C99000C7ED007AB2E733ED017A013C77EE877A92
:10C9A000F1E773ED017A013A37EE277AD2E7F0EE3C
:10C9B000477AD4E7B2EC017A013377EE877AD6E78B
:10C9C00072ED017AD2ED016A37EEA67A013877EE80
:10C9D000C77A82ED007A77EEA67AC2ED017A9CE7FB
:10C9E00073ED017AD3ED016A37EEA67A013A77EE5C
:10C9F000C77A83ED007A77EEA67AC3ED017A8FE7E6
:10CA000033ED017A013C77EE877A8FE7F1EE666AC3
:10CA1000B1EE477AC7ED006A87ED017AF1EE677AE9
:10CA200090E700BF10EE103AC3F3C7527F3A162AC0
:10CA300023F000412BDC002A12DADFED197A30EE08
:10CA4000270AB5EEC00AF1EE10FA06DD002B24DA53
:10CA50000029144B08BF4FF0004300EE103A704716
:10CA6000114911410B42FAD0DFED0D7A30EE270A61
:10CA7000B5EEC00AF1EE10FAEFDD002BBEBF4FF4A9
:10CA8000000040FA02F29B1823EA0103E5E7B1F146
:10CA9000FF4FE4D330EE000A70470023DDE700BF0C
:10CAA000CAF24971000080BFFFFF7F0008B5062071
:10CAB00000F0FCFA0120BDF7B5FE002301461A463E
:10CAC000184600F015BC000008B5064B044613B12B
:10CAD000002100F069FC044B1B6803B19847204615
:10CAE000BDF7A0FEA9D304087C950120002310B552
:10CAF0000446C0E90033C0E90433836081814366A2
:10CB0000C2818361194608225C3000F04EFA0D4B59
:10CB100063620D4BA3620D4BE3620D4B23630D4B20
:10CB200024629C4206D003F16802944202D0D033C2
:10CB30009C4205D104F15800BDE8104000F0B7BB9D
:10CB400010BD00BFCDCE0408F3CE04082BCF0408DF
:10CB50004FCF040844940120024A0349034800F0DF
:10CB6000EFB800BF640400201DDE04087404002038
:10CB700041680C4B994210B5044601D001F04EF9C2
:10CB8000A168094B994202D0204601F047F9E168BB
:10CB9000064B994204D02046BDE8104001F03EB952
:10CBA00010BD00BF44940120AC94012014950120D5
:10CBB00008B54B6EDA0705D48B899B0502D4886DC6
:10CBC00000F079FB002008BD08B54B6EDA0705D4EC
:10CBD0008B899B0502D4886D00F073FB002008BD93
:10CBE00010B50B4B0B4C0C4A1A6020460022042156
:10CBF000FFF77CFF04F1680001220921FFF776FFAF
:10CC000004F1D0000222BDE810401221FFF76EBFF0
:10CC10007C9501204494012059CB0408014800F080
:10CC20004ABB00BF8B950120014800F04ABB00BF02
:10CC30008B950120F8B50746FFF7F0FF234B1B68E3
:10CC40000BB9FFF7CDFF224ED6E90134013B0FD5DA
:10CC50003568002D37D14FF4D671384600F06EFCA0
:10CC6000044628BB3060FFF7DFFF0C233B601BE06E
:10CC7000B4F90C50D5B9174BE36004F15800656660
:10CC800000F015FBFFF7D0FFC4E90155C4E90455D6
:10CC90002560A5610822294604F15C0000F085F9B1
:10CCA000C4E90D55C4E912552046F8BD6834CDE7F6
:10CCB0000423056043600C30A0604FF4D072294615
:10CCC00000F073F934603668BEE700BF7C95012040
:10CCD000640400200100FFFF10B50446FFF79EFF2B
:10CCE000236A1BB1BDE81040FFF79EBF044B2362CF
:10CCF000044B1B68002BF5D1FFF772FFF2E700BF72
:10CD000071CB04087C95012008B5FFF787FFBDE8CB
:10CD10000840024A0249002000F012B864040020D2
:10CD2000B1CB040808B5044A0449002000F008F813
:10CD3000BDE80840FFF778BF64040020C9CB0408B1
:10CD40002DE9F8430746884614460026D4E90195A4
:10CD5000B9F1010905D52468002CF7D13046BDE8AA
:10CD6000F883AB89012B07D9B5F90E30013303D015
:10CD700029463846C04706436835E9E708B430B568
:10CD8000141E9CB0054608DA8B2303604FF0FF3079
:10CD90001CB0BDE8304001B070474FF40273ADF8ED
:10CDA00014304FF000031B9314BF04F1FF332346EC
:10CDB000049307934FF6FF7302910691ADF8163076
:10CDC0001F9A20AB02A9019300F01CFD431CBCBFBD
:10CDD0008B232B60002CDBD0029B00221A70D7E73C
:10CDE0000CB430B5184B0C1E1D689DB008DA8B23AF
:10CDF0002B604FF0FF301DB0BDE8304002B07047EF
:10CE00004FF40273ADF814304FF000031B9314BFBE
:10CE100004F1FF332346049307934FF6FF73029008
:10CE20000690ADF81630209A21AB02A9284601934E
:10CE300000F0E8FC431CBCBF8B232B60002CDAD035
:10CE4000029B00221A70D6E7700400200CB410B5C3
:10CE50009CB01EAB029106916FF0004107910491C6
:10CE6000084953F8042B0591002402A901931B944F
:10CE700000F0C8FC029B1C701CB0BDE8104002B062
:10CE8000704700BF0802FFFF0EB410B59DB01FAB86
:10CE9000029006906FF000410A48079104910A49F8
:10CEA00053F8042B0591002402A9006801931B94F8
:10CEB00000F0A8FC029B1C701DB0BDE8104003B040
:10CEC000704700BF700400200802FFFF10B50C4639
:10CED000B1F90E1000F088F90028ABBF636DA3898B
:10CEE0001B1823F48053ACBF6365A38110BD0020E1
:10CEF00070472DE9F0411F468B89DB0505460C463E
:10CF0000164605D5B1F90E100223002200F05AF999
:10CF1000A389B4F90E1023F48053A38132463B4613
:10CF20002846BDE8F04100F085B910B50C46B1F9CE
:10CF30000E1000F047F9431CA38915BF606523F468
:10CF4000805343F48053A38118BFA38110BDB1F96E
:10CF50000E1000F0C9B810B501390244904201D159
:10CF6000002005E0037811F8014FA34201D0181BFF
:10CF700010BD0130F2E7884210B501EB020402D97E
:10CF80008442234607D8431EA14208D011F8012B42
:10CF900003F8012FF8E7024401468A4200D110BD90
:10CFA00013F8014D02F8014DF7E70244034693429E
:10CFB00000D1704703F8011BF9E738B5C56B04468B
:10CFC00055B9802100F0BAFAE06338B1031F7C3014
:10CFD00043F8045F8342FBD1002038BD4FF0FF309F
:10CFE000FBE71F2970B504460D46164604D91623E3
:10CFF00003604FF0FF3006E0C36B2BB1E36B53F8D7
:10D00000250043F8256070BDFFF7D7FF0028F5D055
:10D01000EFE71F2938B505460C4604D916230360EF
:10D020004FF0FF3038BDC26B12B152F821304BB90E
:10D03000284600F0FDF8224601462846BDE8384063
:10D0400000F0E4B8012B0AD0591C03D11623036069
:10D050000120E7E7002142F82410204698470020ED
:10D06000E0E71F2938B504460D4602D94FF0FF30DE
:10D0700038BDC36B2BB1E26B52F8253033B90120B8
:10D08000F6E7FFF79AFF0028F5D0EFE7591C08D024
:10D09000012B08D00024284642F825409847204616
:10D0A000E6E70220E4E70320E2E70000024B014646
:10D0B0001868FFF7AEBF00BF70040020024B0A469D
:10D0C00001461868FFF78DBF70040020014B1868F7
:10D0D000FFF773BF70040020024B01461868FFF78A
:10D0E000C0BF00BF7004002038B5064D00230446C1
:10D0F00008462B60BDF7B8FB431C02D12B6803B177
:10D10000236038BD809501202D4B1B68834270B58C
:10D11000044653D0C3691BB3DB6863B10025E369E0
:10D12000DB685959B1B90435802DF8D1E36920463F
:10D13000D96800F097F9E369196811B1204600F049
:10D1400091F9E3699D685DB1294620462D6800F09C
:10D1500089F9F8E70E68204600F084F93146E1E7E6
:10D16000616911B1204600F07DF9E16911B12046F5
:10D1700000F078F9216B11B1204600F073F9616B72
:10D1800011B1204600F06EF9A16B11B1204600F0FC
:10D1900069F9A16C11B1204600F064F9616C11B11C
:10D1A000204600F05FF9E16A11B1204600F05AF91B
:10D1B000236A1BB12046BDE87040184770BD00BF10
:10D1C0007004002038B5074D044608461146002279
:10D1D0002A601A46BDF754FB431C02D12B6803B1E9
:10D1E000236038BD8095012038B5074D04460846B8
:10D1F000114600222A601A46BDF71AFB431C02D1D1
:10D200002B6803B1236038BD8095012038B5074DE8
:10D2100000230446084611462B60BDF7FBFA431C69
:10D2200002D12B6803B1236038BD00BF8095012077
:10D23000BDF7EEBA38B5074D044608461146002240
:10D240002A601A46BDF702FB431C02D12B6803B1CA
:10D25000236038BD80950120014B1868704700BFDE
:10D260007004002070B50D4D0D4C641BA4100026F9
:10D27000A64209D10B4D0C4C00F090FE641BA4108B
:10D280000026A64205D170BD55F8043B98470136EB
:10D29000EEE755F8043B98470136F2E73CA4050851
:10D2A0003CA405083CA4050854A405087047704731
:10D2B00070477047704770470120704701207047E2
:10D2C00070477047034611F8012B03F8012B002A21
:10D2D000F9D170470A44914200F1FF3300D1704701
:10D2E00010B511F8014B03F8014F9142F9D110BD6F
:10D2F0002DE9F843274D0746286891460E46984683
:10D30000FFF7D9FF244A14683CB9244B1360244A20
:10D3100012B11268C3F88820204C63681F2B06DD09
:10D320002868FFF7CEFF4FF0FF30BDE8F8832FB33A
:10D33000D4F8880068B91B4B002BF1D04FF48470EF
:10D34000BBF756FB0028EBD00023C0E94033C4F8FC
:10D350008800636840F8239001229A4000EB830123
:10D36000D0F800311343C0F80031022FC1F880809B
:10D3700002BFD0F804311343C0F804316368286851
:10D380005A1C0233626044F82360FFF79AFF0020C2
:10D39000CBE700BFC4040020189601208C95012023
:10D3A00000000000F18900082DE9F74FDFF8AC809C
:10D3B0000190D8F80000DFF8A8900F46FFF77BFF38
:10D3C000D9F8005035B9D8F8000003B0BDE8F04FE7
:10D3D000FFF777BF6C68D5F888B0661E013405EB9F
:10D3E00084040BF1800A002EEDDB4FB1BBF1000F7E
:10D3F00002D1013E043CF6E75AF82620BA42F8D1A1
:10D40000696822680139B14216BF00236E6023604B
:10D41000002AEED06B680093BBF1000F07D0DBF859
:10D420000011012303FA06FC1CEA010F09D1904701
:10D430006968009BD9F800209942C1D19542D8D0A3
:10D44000BEE7DBF804015BF826101CEA000F02D1EE
:10D4500001989047ECE708469047E9E7C4040020AC
:10D460001896012038B50546002941D051F8043CF2
:10D470000C1F002BB8BFE41800F0E0F81D4A136839
:10D4800033B9636014602846BDE8384000F0DCB86A
:10D49000A34208D9206821188B4201BF19685B6834
:10D4A00009182160EDE71A465B680BB1A342FAD96F
:10D4B00011685018A0420BD12068014450188342D3
:10D4C0001160E0D118685B68536008441060DAE7C7
:10D4D00002D90C232B60D6E7206821188B4204BFA9
:10D4E00019685B68636004BF091821605460CAE76B
:10D4F00038BD00BF2096012070B50F4E0C46316834
:10D50000054611B900F0C6FC30602146284600F0FF
:10D51000C1FC431C03D14FF0FF34204670BDC41C36
:10D5200024F00304A042F8D0211A284600F0B2FCEF
:10D530000130F2D1EFE700BF1C9601202DE9F8433E
:10D54000CD1C25F0030508350C2D38BF0C25002D0A
:10D55000064601DBA94204D90C2333600020BDE854
:10D56000F883DFF8D48000F069F8D8F800301C4662
:10D5700044BB29463046FFF7BFFF431C044658D141
:10D58000D8F800402746002F43D1002C4BD0236809
:10D590003946304604EB030900F07CFC814542D15A
:10D5A00021686D1A29463046FFF7A6FF01303AD0B0
:10D5B00023682B442360D8F800305A6862BBC8F84F
:10D5C00000700FE02268521B20D40B2A17D9611972
:10D5D000A342256018BF5960636808BFC8F80010EF
:10D5E00062514B60304600F02FF804F10B00231D10
:10D5F00020F00700C21A1CBF1B1AA350AFE76268D5
:10D60000A3420CBFC8F800205A60EBE723466468C9
:10D61000AEE73C467F68B6E71A465B68A342FBD19B
:10D6200000235360DEE70C233360304600F00CF833
:10D6300094E70560D6E700BF209601200148FFF778
:10D640003ABE00BF889501200148FFF73ABE00BFEF
:10D65000889501202DE9F0478E681F46BE420B6871
:10D6600082460C4690462DD8B1F90C2012F4906FEA
:10D6700026D06569096905EB4505A3EB010905EBB2
:10D68000D5757B1C4B446D109D4238BF1D4653051C
:10D6900027D52946FFF752FF064660B321694A465F
:10D6A000FFF718FEA38923F4906343F08003A3815E
:10D6B000266165614E44A5EB09052660A5603E46DE
:10D6C000BE4200D93E46206832464146FFF753FC31
:10D6D000A3689B1BA3602368334423600020BDE83C
:10D6E000F0872A4600F0E6FB06460028E0D12169D3
:10D6F0005046FFF7B7FE0C23CAF80030A38943F069
:10D700004003A3814FF0FF30E9E72DE9F74F93681D
:10D71000D2F800B001900C461746002B57D10020DC
:10D7200000237B6003B0BDE8F08FDBE900A80BF1BC
:10D73000080BA6682068B8F1000FF6D0B0452ED3CC
:10D74000B4F90C2012F4906F2CD021696569A0EB1C
:10D75000010905EB450505EBD57509F101006D10D3
:10D760004044854238BF0546530534D501982946C3
:10D77000FFF7E4FE0646002838D04A462169FFF745
:10D78000A9FDA28922F4906242F08002A281266162
:10D7900065614E44A5EB09052660A56046464645F1
:10D7A00028BF4646324651462068FFF7E4FBA26890
:10D7B000921BA260226832442260BA68A2EB08037E
:10D7C000C244BB60002BAAD04FF00008B1E74FF075
:10D7D000000AD046ADE701982A4600F06BFB0646EA
:10D7E0000028D4D121690198FFF73CFE019A0C234F
:10D7F0001360A38943F04003A3810023BB604FF073
:10D80000FF308DE72DE9F04F98468B891B069DB0C0
:10D8100007460D46144610D50B6973B94021FFF732
:10D820008DFE2860286130B90C233B604FF0FF303B
:10D830001DB0BDE8F08F40236B61002309932023C6
:10D840008DF82930CDF80C803023DFF89C818DF8DD
:10D850002A304FF0010923469A4613F8012B0AB1EA
:10D86000252AF9D1BAEB040B0BD05B462246294698
:10D870003846FFF7EFFE013000F0A780099A5A44BE
:10D8800009929AF80030002B00F09F8000234FF09F
:10D89000FF32CDE905230AF1010A049307938DF8BD
:10D8A00053301A935446052214F8011B4E48BBF717
:10D8B0003FF8049AD8B9D00644BF20238DF85330DE
:10D8C000110744BF2B238DF853309AF800302A2BD0
:10D8D00015D0079A544600204FF00A0C214611F843
:10D8E000013B303B092B4BD9B0B1079214E0A0EBC0
:10D8F000080309FA03F313430493A246D2E7039BF8
:10D90000191D1B680391002BBBBF5B4242F0020252
:10D9100007930793B8BF049223782E2B0AD163781C
:10D920002A2B32D1039B1A1D1B68039243EAE3732F
:10D9300002340593DFF8C0A0217803225046BAF7DD
:10D94000F7FF38B1049BA0EB0A004022824013434A
:10D950000134049314F8011B24488DF82810062282
:10D96000BAF7E6FF002836D0214B1BBB039B0733D9
:10D9700023F0070308330393099B334409936AE7B1
:10D980000CFB02320C460120A8E70023013405936A
:10D9900019464FF00A0C204610F8012B303A092A9C
:10D9A00003D9002BC6D00591C4E70CFB0121044626
:10D9B0000123F0E703AB00932A460E4B04A9384637
:10D9C000AFF30080421C0646D6D1AB895B063FF51B
:10D9D0002DAF09982CE703AB00932A46054B04A909
:10D9E000384600F079F8EDE7D49F0508DE9F05087A
:10D9F0000000000055D60408DA9F05082DE9F0471D
:10DA0000164698468A680B69DDF820909342B8BFA5
:10DA10001346336091F8432007460C460AB10133A0
:10DA200033602368990642BF336802333360256848
:10DA300015F0060506D104F1190AE36832689B1A4D
:10DA4000AB4226DC94F843302268003B18BF012328
:10DA500092062BD404F1430241463846C8470130B0
:10DA60001ED02368226903F00603042B02BFE56879
:10DA70003368ED1AA3680CBF25EAE57500259342CB
:10DA8000C4BF9B1AED1800261A34B5421AD10020E3
:10DA900008E00123524641463846C847013003D1C9
:10DAA0004FF0FF30BDE8F0870135C6E7E1185A1C9A
:10DAB000302081F84300224494F8451082F8431046
:10DAC0000233C7E70123224641463846C8470130A2
:10DAD000E6D00136D9E700002DE9FF470F7E0C9E06
:10DAE000782F914680460C469A4601F1430207D8AA
:10DAF000622F0AD8002F00F0D180582F00F0B88094
:10DB000004F1420684F842703AE0A7F16303152B52
:10DB1000F6D801A151F823F071DB040885DB040875
:10DB200001DB040801DB040801DB040801DB040855
:10DB300085DB040801DB040801DB040801DB0408C1
:10DB400001DB040883DC0408AFDB04083DDC0408C7
:10DB500001DB040801DB0408A5DC040801DB040880
:10DB6000AFDB040801DB040801DB040845DC040822
:10DB700033681A1D1B68326004F1420684F8423093
:10DB800001239CE033682068191D3160060601D529
:10DB90001D6803E04506FBD5B3F90050002D03DAFC
:10DBA0002D236D4284F8433058480A2311E0216840
:10DBB0003368080653F8045B02D4490648BFADB287
:10DBC0006F2F5248336014BF0A230823002184F8C2
:10DBD00043106668A660002E05DB21682E4321F005
:10DBE000040121604BD01646B5FBF3F103FB11573E
:10DBF000C75D06F8017D2F46BB420D46F4D9082BC0
:10DC00000BD12368DF0708D5236961689942DEBF1D
:10DC1000302306F8013C06F1FF36921B2261CDF855
:10DC200000A04B4603AA21464046FFF7E7FE01301D
:10DC30004AD14FF0FF3004B0BDE8F087236843F0CD
:10DC4000200323603248782784F8457023683168C0
:10DC50001F0651F8045B02D45F0648BFADB23160C5
:10DC6000D90744BF43F0200323601DB11023ADE763
:10DC70002648E9E7236823F020032360F6E71646E9
:10DC8000BDE7336825686169181D30602E061B6882
:10DC900001D5196002E06806FBD5198000232361D5
:10DCA0001646BCE733681A1D32601E6862680021A0
:10DCB0003046BAF73DFE08B1801B6060636823619F
:10DCC000002384F84330AAE7236932464946404698
:10DCD000D0470130ADD023689B0713D4E068039B85
:10DCE0009842B8BF1846A6E7012332464946404647
:10DCF000D04701309DD00135E36803995B1AAB42F0
:10DD0000F2DCEBE7002504F11906F5E7E59F0508CD
:10DD1000F69F0508B1F90C202DE9F04116070546DC
:10DD20000C4654D44B68002B02DC0B6C002B48DDF6
:10DD3000E66A002E45D0002312F480522F68216A33
:10DD40002B6030D0626DA389590705D56368D21A5C
:10DD5000636B0BB1236CD21A0023E66A216A284652
:10DD6000B047431CA38906D129681D292BD82A4A0C
:10DD7000CA40D60727D500226260D90422692260F2
:10DD800004D5421C01D12B6803B96065616B2F601B
:10DD9000B9B104F14403994202D02846FFF762FB6F
:10DDA000002363630DE001232846B0470246501C60
:10DDB000C9D12B68002BC6D01D2B01D0162B1ED12C
:10DDC0002F60002022E043F040031BB21BE00F69EC
:10DDD000002FF6D093070E6808BF4B690F6018BF7D
:10DDE0000023A6EB07088B60B8F1000FE9DD216A7C
:10DDF000A66A43463A462846B047002808DCB4F9EC
:10DE00000C3043F04003A3814FF0FF30BDE8F081B8
:10DE10000744A8EB0008E7E70100402038B50B698C
:10DE200005460C4613B90025284638BD18B1036ACB
:10DE30000BB9FEF751FFB4F90C30002BF3D0626E32
:10DE4000D00704D4990502D4A06DFFF734FA284610
:10DE50002146FFF75FFF636EDA070546E4D4A38926
:10DE60009B05E1D4A06DFFF72CFADDE7014620B950
:10DE7000044A05490548FEF763BF054B1868FFF7DC
:10DE8000CDBF00BF640400201DDE04087404002020
:10DE90007004002038B5064D0023044608462B6068
:10DEA000BAF79EFD431C02D12B6803B1236038BD35
:10DEB000809501202DE9F041074614460D4621B911
:10DEC000BDE8F0411146FFF739BB2AB9FFF7CAFA9E
:10DED00025462846BDE8F08100F01AF8844206463F
:10DEE00002D8B4EB500FF4D821463846FFF726FB92
:10DEF000804608B94546ECE7B4422246294628BF89
:10DF00003246FFF7E7F929463846FFF7ABFAF1E763
:10DF100051F8043C181F002BBCBF0B58C0187047A9
:10DF20001000000000000000017A5200027C0E0187
:10DF30001B0C0D003800000018000000F4A9FBFFC6
:10DF40009E00000000510E108404850386028701A4
:10DF50005BC7C6C5C40E004C0A420B0A420B0E102A
:10DF6000840485038602870151C7C6C5C40E00001C
:10DF70001000000000000000017A5200027C0E0137
:10DF80001B0C0D00100000001800000044AAFBFF4D
:10DF9000100000000000000000000000F8B500BF05
:10DFA000F8BC08BC9E467047F8B500BFF8BC08BC7A
:04DFB0009E467047D2
:10DFB4003E410C411141274136410341064115417F
:10DFC4000F410E41264113412941024119410A41A1
:10DFD4000B4100009407002040070020EC060020BD
:10DFE4004E450300F30000004E450300FF0000000F
:10DFF4004E450300010000004E45030005000000EB
:10E004004E450300040000004E45030003000000D9
:10E014004E450300010000004E45030005000000CA
:10E024004E45030002000000000000000000000054
:10E0340000000000000000004E4503000400000042
:10E044004E450300030000004E4503000600000097
:10E054004E4503000F0000004E4503001F00000062
:10E0640000000000000000000000000000000000AC
:10E074000000803F0000803F00000000000000001E
:10E08400000000000000000000000000000000008C
:10E094000000803F0000803F0000000000000000FE
:10E0A400000000000000000000000000000000006C
:10E0B4000000803F0000803F0000000000000000DE
:10E0C4000000000001000000020000000400000045
:10E0D400070000000A0000000D000000100000000E
:10E0E400000000000000000000000000000000002C
:10E0F4000000803F0000803F00000000000000009E
:10E10400000000000000000000000000000000000B
:10E114000000803F0000803F00000000000000007D
:10E1240000000000000000000000000000000000EB
:10E134000000803F0000803F00000000000000005D
:10E1440000000000000000000000000000000000CB
:10E154000000803F0000803F00000000000000003D
:10E1640000000000000000000000000000000000AB
:10E174000000803F0000803F00000000000000001D
:10E18400000000000000000000000000000000008B
:10E194000000803F0000803F0000000000000000FD
:10E1A400000000000000000000000000000000006B
:10E1B4000000803F0000803F0000000000000000DD
:10E1C40000000000000000000000803F0000803FCD
:10E1D400000000000000000000000000000000003B
:10E1E40000000000000000000000803F0000803FAD
:10E1F40000000000000000003E410C411141274195
:10E2040036410341064115410F410E412641134158
:10E214002941024119410A410B4100005F736272B6
:10E224006B0000006D616C6C6F6300006672656565
:10E234000000000063616C6C6F6300007265616CC8
:10E244006C6F6300616C6C6F636174654F724173D2
:10E2540073657274000000006F70657261746F7290
:10E26400206E6577000000006F70657261746F72D4
:10E27400206E6577205B5D006672656549664E6F4A
:10E28400744E756C6C000000616C6C6F6361746536
:10E294004E6F5468726F77006F70657261746F723D
:10E2A4002064656C657465006F70657261746F726B
:10E2B4002064656C657465205B5D00005461736B5C
:10E2C400526F7574696E65426168727346696C74E5
:10E2D400657200000D0A535441434B204F5645527A
:10E2E400464C4F573A2000004576656E744261688B
:10E2F400727346696C74657273436F6D706C657488
:10E30400656400000000000053656D4932633152BA
:10E3140078436F6D706C65746500000053656D49DA
:10E324003263335278436F6D706C6574650000001E
:10E3340053656D493263325278436F6D706C657406
:10E344006500000053656D5461736B4261687273BC
:10E3540046696C746572330053656D5461736B4226
:10E364006168727346696C746572320053656D54EA
:10E3740061736B426168727346696C7465723100D3
:10E3840053656D5461736B356D73000053656D5443
:10E3940061736B43616E53656E64657200000000C7
:10E3A40053656D5461736B52656365697665536338
:10E3B40068613633544461746100000061736D33E5
:10E3C40033306C6868496E743153656D0000000029
:10E3D40054696D65724379636C69635461736B54FA
:10E3E400726967676572000051756575655461737C
:10E3F4006B50726F6365737353796E630000000032
:10E4040051756575655461736B426D6D3335305468
:10E41400696D657374616D700000000051756575F8
:10E42400655461736B4C69733354696D65737461BE
:10E434006D70000051756575655461736B4D6D6346
:10E444003539383354696D657374616D700000003B
:10E4540051756575655461736B4963703230313041
:10E464003054696D655374616D7000005175657544
:10E47400655461736B4C7073323254696D655374B7
:10E48400616D700051756575655461736B426D7093
:10E4940033383454696D655374616D700000000045
:10E4A40051756575655461736B426D6932373054CB
:10E4B400696D655374616D70000000005175657578
:10E4C400655461736B41736D33333054696D6553B7
:10E4D40074616D7000000000517565756554617359
:10E4E4006B527332333253656E6465720000000000
:10E4F4005461736B50726F6365737353796E6350B9
:10E50400756C7365000000005461736B426D6D336C
:10E51400353000005461736B4C69733300000000A4
:10E524005461736B356D73005461736B426168722F
:10E534007346696C74657233000000005461736B38
:10E54400426168727346696C74657232000000003F
:10E554005461736B426168727346696C746572319D
:10E56400000000005461736B4D6D6335393833001E
:10E574005461736B31306D73000000005461736B30
:10E5840043616E5265636569766572005461736BAD
:10E5940043616E53656E6465720000005461736B71
:10E5A4004963703230313030000000005461736BC5
:10E5B40052656365697665536368613633544461B3
:10E5C400746100005461736B4C707332320000004C
:10E5D4005461736B426D7033383400005461736B53
:10E5E40041736D33333000005461736B52733233B3
:10E5F4003253656E646572005461736B426D6932A7
:10E60400373000005461736B496E69740000000078
:10E6140052756E5461736B496E69740043536F662F
:10E624007477617265436F6D706F6E656E74506F51
:10E6340072744261736500000A0A4153534552548F
:10E64400494F4E204641494C45443A2066756E6315
:10E6540074696F6E200000002C206C696E652000C8
:10E664002E0A00003030303130323033303430351F
:10E67400303630373038303931303131313231336E
:10E684003134313531363137313831393230323154
:10E69400323232333234323532363237323832393A
:10E6A4003330333133323333333433353336333732
:10E6B4003338333934303431343234333434343518
:10E6C40034363437343834393530353135323533FE
:10E6D40035343535353635373538353936303631E4
:10E6E40036323633363436353636363736383639CA
:10E6F40037303731373237333734373537363737C2
:10E7040037383739383038313832383338343835A7
:10E71400383638373838383939303931393239338D
:10E724003934393539363937393839390000000048
:10E7340028696E7465726E616C3A3A55496E74500C
:10E74400747228656967656E5F756E616C69676E62
:10E7540065645F61727261795F6173736572745F1E
:10E76400776F726B61726F756E645F676363343762
:10E7740028617272617929292026202831352929B6
:10E78400203D3D20302026262022746869732061B4
:10E794007373657274696F6E206973206578706C29
:10E7A40061696E656420686572653A20222022687A
:10E7B4007474703A2F2F656967656E2E7475786668
:10E7C400616D696C792E6F72672F646F782D646543
:10E7D40076656C2F67726F75705F5F546F706963D5
:10E7E400556E616C69676E656441727261794173DB
:10E7F400736572742E68746D6C222022202A2A2A72
:10E804002A20524541442054484953205745422028
:10E814005041474520212121202A2A2A2A2200006A
:10E82400456967656E3A3A696E7465726E616C3AF1
:10E834003A706C61696E5F61727261793C542C202C
:10E8440053697A652C204D61747269784F724172F4
:10E854007261794F7074696F6E732C2031363E3A51
:10E864003A706C61696E5F61727261792829205B0C
:10E87400776974682054203D20666C6F61743B2076
:10E88400696E742053697A65203D20343B20696E9B
:10E8940074204D61747269784F7241727261794F5C
:10E8A4007074696F6E73203D20305D002E2E2F2E04
:10E8B4002E2F2E2E2F39395F3372645F706172747C
:10E8C400792F656967656E2D332E342E302F456997
:10E8D40067656E2F7372632F436F72652F44656E85
:10E8E400736553746F726167652E68005343422DDC
:10E8F4003E494353522026205343425F49435352D7
:10E904005F564543544143544956455F4D736B002C
:10E91400766F696420446961676E6F737469634DCF
:10E924006F6465554152545278496E7465727275BC
:10E93400707448616E646C65722875696E743136E2
:10E944005F742900433A2F55736572732F666564AB
:10E954006F722F446174612F50726F6A6563745FC4
:10E964004E452F34315F436F64655F646576656C33
:10E974006F706D656E745F776F726B2F6261687212
:10E98400732D73772D322F30325F50726F6A656347
:10E9940074732F53746D333242616872732F5461F0
:10E9A400726765744170705F48575F56332F6273A6
:10E9B400772F7377632D646961676E6F737469630E
:10E9C4002D6D6F64652F7372632F43446961676EA5
:10E9D4006F737469634D6F646557726170706572AB
:10E9E4002E6370700000000075496E7374616E636D
:10E9F40065496E646578203D3D2030550000000077
:10EA0400737461746963204352733233324F757483
:10EA140070757448616E646C65722620435273325B
:10EA240033324F757470757448616E646C65723AF4
:10EA34003A676574496E7374616E6365496D706C91
:10EA440028756E7369676E656420696E74290000A9
:10EA5400433A2F55736572732F6665646F722F4442
:10EA64006174612F50726F6A6563745F4E452F3411
:10EA7400315F436F64655F646576656C6F706D6567
:10EA84006E745F776F726B2F62616872732D737728
:10EA94002D322F30325F50726F6A656374732F5357
:10EAA400746D333242616872732F54617267657496
:10EAB4004170705F48575F56332F6273772F7377B7
:10EAC400632D72733233322D6F75747075742D68C3
:10EAD400616E646C65722F7372632F4352733233A9
:10EAE400324F757470757448616E646C65722E6310
:10EAF40070700000287553697A65203E2030292003
:10EB0400262620287553697A65203C3D20736B7551
:10EB14004275666665724C656E6774685F290000AD
:10EB2400626F6F6C204352733233324F7574707559
:10EB34007448616E646C65723A3A5472616E736DB6
:10EB440069744D6573736167652875696E74385FA0
:10EB5400742A2C2075696E7431365F7429000000A4
:10EB6400766F6964204352733233324F7574707513
:10EB74007448616E646C65723A3A554152545478E3
:10EB8400496E7465727275707448616E646C6572F6
:10EB94002875696E7431365F74290000676574499D
:10EBA4006E7374616E6365496D706C007374617427
:10EBB40069632043536368613633544472697665EC
:10EBC4007226204353636861363354447269766510
:10EBD400723A3A676574496E7374616E6365496D20
:10EBE400706C28756E7369676E656420696E74292C
:10EBF40000000000433A2F55736572732F666564F5
:10EC04006F722F446174612F50726F6A6563745F11
:10EC14004E452F34315F436F64655F646576656C80
:10EC24006F706D656E745F776F726B2F626168725F
:10EC3400732D73772D322F30325F50726F6A656394
:10EC440074732F53746D333242616872732F54613D
:10EC5400726765744170705F48575F56332F6273F3
:10EC6400772F7377632D736368613633742D647201
:10EC7400697665722F7372632F4353636861363309
:10EC8400544472697665722E637070002828737517
:10EC9400436F756E746572202D20315529203E3DD9
:10ECA4002030292026262028287375436F756E741A
:10ECB4006572202D20315529203C206F4C617465EC
:10ECC4007374446174617365745F2E6F4D65617311
:10ECD4007572656D656E74735F2E73697A65282924
:10ECE40029000000766F69642043536368613633FA
:10ECF400544472697665723A3A506F6C6C53656E1F
:10ED0400736F72282900000025303564253031786E
:10ED140025303458000000006765744275735374DD
:10ED2400617465004D656D52656164004D656D5299
:10ED3400656164446D6100004D656D577269746569
:10ED4400000000005472616E736D6974000000006D
:10ED54005265636569766500737461746963204301
:10ED6400426D7033383444726976657226204342AA
:10ED74006D703338344472697665723A3A676574F3
:10ED8400496E7374616E6365496D706C28756E733A
:10ED940069676E656420696E74290000433A2F55D3
:10EDA400736572732F6665646F722F446174612F8B
:10EDB40050726F6A6563745F4E452F34315F436FE1
:10EDC40064655F646576656C6F706D656E745F779E
:10EDD4006F726B2F62616872732D73772D322F30CF
:10EDE400325F50726F6A656374732F53746D33327C
:10EDF40042616872732F5461726765744170705F09
:10EE040048575F56332F6273772F7377632D626D84
:10EE1400703338342D6472697665722F7372632F80
:10EE240043426D703338344472697665722E637070
:10EE3400700000006F70496E7374616E636500004A
:10EE440073746174696320696E74204343616E480E
:10EE5400616E646C65723A3A64727653656E6428C6
:10EE640043616E6173496E7374616E63652A2C200D
:10EE7400696E742C20636F6E73742043616E6173CA
:10EE840043616E4672616D652A290000433A2F552D
:10EE9400736572732F6665646F722F446174612F9A
:10EEA40050726F6A6563745F4E452F34315F436FF0
:10EEB40064655F646576656C6F706D656E745F77AD
:10EEC4006F726B2F62616872732D73772D322F30DE
:10EED400325F50726F6A656374732F53746D33328B
:10EEE40042616872732F5461726765744170705F18
:10EEF40048575F56332F6273772F7377632D63619F
:10EF04006E2D6165726F2F696E632F4343616E4886
:10EF1400616E646C65722E68000000006949666168
:10EF24006365203E3D2030202626206949666163C2
:10EF340065203C2043414E5F49464143455F434F72
:10EF4400554E54006B6F704672616D650000000091
:10EF540073746174696320766F69642A2043436122
:10EF64006E48616E646C65723A3A73746174696375
:10EF74004D616C6C6F632843616E6173496E737489
:10EF8400616E63652A2C20696E742900433A2F55FB
:10EF9400736572732F6665646F722F446174612F99
:10EFA40050726F6A6563745F4E452F34315F436FEF
:10EFB40064655F646576656C6F706D656E745F77AC
:10EFC4006F726B2F62616872732D73772D322F30DD
:10EFD400325F50726F6A656374732F53746D33328A
:10EFE40042616872732F5461726765744170705F17
:10EFF40048575F56332F6273772F7377632D63619E
:10F004006E2D6165726F2F7372632F4343616E4877
:10F01400616E646C65722E63707000006953697A66
:10F0240065203E20300000006F70506C6174666F84
:10F03400726D000073746174696320696E74204397
:10F0440043616E48616E646C65723A3A64727646E6
:10F05400696C7465722843616E6173496E7374617F
:10F064006E63652A2C20696E742C20636F6E737432
:10F074002043616E617343616E46696C74657243CB
:10F084006F6E6669672A2C20696E7429000000007F
:10F094006B6F7046696C746572730000694E756DB0
:10F0A40046696C74203E20300000000043616E61AC
:10F0B400734D7574657800007374617469632043DB
:10F0C40043616E48616E646C657226204343616ED1
:10F0D40048616E646C65723A3A676574496E73741C
:10F0E400616E6365496D706C28756E7369676E65D2
:10F0F4006420696E742900007374617469632076F6
:10F104006F6964204343616E48616E646C65723A52
:10F114003A5265636569766543616E4672616D65F1
:10F124007328290030203D3D2063616E6173506176
:10F1340072616D41647665727469736528266F72B5
:10F14400496E7374616E63652E6F43616E617349BA
:10F154006E7374616E63652C2043414E41535F4E60
:10F164004F445F4445465F424F44595F4C4F4E47BE
:10F1740049545544494E414C5F414343454C4552E3
:10F184004154494F4E2C2066616C73652900000080
:10F194007669727475616C20766F6964204343618B
:10F1A4006E4F757470757448616E646C65723A3A2A
:10F1B400496E697428290000433A2F5573657273A8
:10F1C4002F6665646F722F446174612F50726F6A89
:10F1D4006563745F4E452F34315F436F64655F64CC
:10F1E4006576656C6F706D656E745F776F726B2F8B
:10F1F40062616872732D73772D322F30325F5072D3
:10F204006F6A656374732F53746D3332426168722D
:10F21400732F5461726765744170705F48575F560D
:10F22400332F6273772F7377632D63616E2D61655E
:10F23400726F2F7372632F4343616E4F75747075D1
:10F244007448616E646C65722E6370700000000017
:10F2540030203D3D2063616E6173506172616D4188
:10F26400647665727469736528266F72496E737467
:10F27400616E63652E6F43616E6173496E73746171
:10F284006E63652C2043414E41535F4E4F445F44AF
:10F2940045465F424F44595F4C41544552414C5F8F
:10F2A400414343454C45524154494F4E2C206661DD
:10F2B4006C7365290000000030203D3D2063616EC1
:10F2C4006173506172616D416476657274697365CE
:10F2D40028266F72496E7374616E63652E6F436185
:10F2E4006E6173496E7374616E63652C2043414E85
:10F2F40041535F4E4F445F4445465F424F44595F1C
:10F304004E4F524D414C5F414343454C455241544D
:10F31400494F4E2C2066616C7365290030203D3DB9
:10F324002063616E6173506172616D4164766572D0
:10F334007469736528266F72496E7374616E6365B0
:10F344002E6F43616E6173496E7374616E63652CD5
:10F354002043414E41535F4E4F445F4445465F4214
:10F364004F44595F50495443485F524154452C20FF
:10F3740066616C736529000030203D3D2063616E39
:10F384006173506172616D4164766572746973650D
:10F3940028266F72496E7374616E63652E6F4361C4
:10F3A4006E6173496E7374616E63652C2043414EC4
:10F3B40041535F4E4F445F4445465F424F44595F5B
:10F3C400524F4C4C5F524154452C2066616C73651E
:10F3D4002900000030203D3D2063616E617350615F
:10F3E40072616D41647665727469736528266F7203
:10F3F400496E7374616E63652E6F43616E61734908
:10F404006E7374616E63652C2043414E41535F4EAD
:10F414004F445F4445465F424F44595F5941575FEB
:10F42400524154452C2066616C736529000000002C
:10F4340030203D3D2063616E6173506172616D41A6
:10F44400647665727469736528266F72496E737485
:10F45400616E63652E6F43616E6173496E7374618F
:10F464006E63652C2043414E41535F4E4F445F44CD
:10F4740045465F424F44595F50495443485F414EAB
:10F48400474C452C2066616C7365290030203D3D56
:10F494002063616E6173506172616D41647665725F
:10F4A4007469736528266F72496E7374616E63653F
:10F4B4002E6F43616E6173496E7374616E63652C64
:10F4C4002043414E41535F4E4F445F4445465F42A3
:10F4D4004F44595F524F4C4C5F414E474C452C2092
:10F4E40066616C736529000030203D3D2063616EC8
:10F4F4006173506172616D4164766572746973659C
:10F5040028266F72496E7374616E63652E6F436152
:10F514006E6173496E7374616E63652C2043414E52
:10F5240041535F4E4F445F4445465F414C544954F8
:10F534005544455F524154452C2066616C736529DE
:10F544000000000030203D3D2063616E6173506116
:10F5540072616D41647665727469736528266F7291
:10F56400496E7374616E63652E6F43616E61734996
:10F574006E7374616E63652C2043414E41535F4E3C
:10F584004F445F4445465F4D41474E455449435FB0
:10F5940048454144494E472C2066616C73652900F7
:10F5A40030203D3D2063616E6173506172616D4135
:10F5B400647665727469736528266F72496E737414
:10F5C400616E63652E6F43616E6173496E7374611E
:10F5D4006E63652C2043414E41535F4E4F445F445C
:10F5E40045465F5354414E444152445F414C544953
:10F5F400545544452C2066616C7365290000000055
:10F6040030203D3D2063616E6173506172616D41D4
:10F61400647665727469736528266F72496E7374B3
:10F62400616E63652E6F43616E6173496E737461BD
:10F634006E63652C2043414E41535F4E4F445F44FB
:10F6440045465F5354415449435F505245535355C3
:10F6540052452C2066616C736529000073746174D3
:10F664006963204343616E4F757470757448616EAD
:10F67400646C657226204343616E4F7574707574B3
:10F6840048616E646C65723A3A676574496E737466
:10F69400616E6365496D706C28756E7369676E651C
:10F6A4006420696E74290000737461746963204373
:10F6B4004D6D63353938334472697665722620435B
:10F6C4004D6D63353938334472697665723A3A67F9
:10F6D4006574496E7374616E6365496D706C2875E9
:10F6E4006E7369676E656420696E7429000000009A
:10F6F400433A2F55736572732F6665646F722F4496
:10F704006174612F50726F6A6563745F4E452F3464
:10F71400315F436F64655F646576656C6F706D65BA
:10F724006E745F776F726B2F62616872732D73777B
:10F734002D322F30325F50726F6A656374732F53AA
:10F74400746D333242616872732F546172676574E9
:10F754004170705F48575F56332F6273772F73770A
:10F76400632D6D6D63353938332D64726976657236
:10F774002F7372632F434D6D633539383344726987
:10F784007665722E637070007374617469632043CC
:10F7940041747469747564654D6F6E69746F7253E6
:10F7A400776326204341747469747564654D6F6E84
:10F7B40069746F725377633A3A676574496E737408
:10F7C400616E6365496D706C28756E7369676E65EB
:10F7D4006420696E74290000433A2F55736572736F
:10F7E4002F6665646F722F446174612F50726F6A63
:10F7F4006563745F4E452F34315F436F64655F64A6
:10F804006576656C6F706D656E745F776F726B2F64
:10F8140062616872732D73772D322F30325F5072AC
:10F824006F6A656374732F53746D33324261687207
:10F83400732F7368617265642F6173772F737763B5
:10F844002D61747469747564652D6D6F6E69746F60
:10F85400722F7372632F4341747469747564654DB8
:10F864006F6E69746F725377632E6370700000005B
:10F874004E41747469747564654D6F6E69746F720A
:10F884004170693A3A43526564756E64616E7449B5
:10F894006E707574446174613A3A497353656E735A
:10F8A4006F72537570706F72746564286553656EFA
:10F8B400736F724964290000737461746963206210
:10F8C4006F6F6C204341747469747564654D6F6E19
:10F8D40069746F725377633A3A69734174746974E3
:10F8E4007564654461746153616665284E46757339
:10F8F400696F6E4C6962436F6D6D6F6E3A3A455332
:10F90400656E736F7249642C20636F6E7374204E3E
:10F9140041747469747564654D6F6E69746F724176
:10F9240070693A3A434F7574707574446174612612
:10F934002900000075496E646578203C20736B755E
:10F9440053697A655F000000636F6E7374204172BF
:10F95400726179456C656D656E74547970652620A5
:10F96400544C6162656C65644172726179496E746C
:10F9740065726E616C3C4172726179456C656D654E
:10F984006E74547970652C204C6162656C456E759B
:10F994006D3E3A3A6F70657261746F725B5D284CAC
:10F9A4006162656C456E756D2920636F6E7374209A
:10F9B4005B77697468204172726179456C656D6525
:10F9C4006E7454797065203D204E4D6F6E69746F6E
:10F9D4007254797065733A3A534D756C74696469FD
:10F9E4006D656E73696F6E616C5369676E616C42AD
:10F9F4006173653A3A535363616C61725369676E1C
:10FA0400616C3B204C6162656C456E756D203D20D8
:10FA14004E41747469747564654D6F6E69746F7268
:10FA24004170693A3A5341727261794C6162656C12
:10FA34006564427941747469747564655369676E69
:10FA4400616C733A3A456E756D547970655D00006A
:10FA5400433A2F55736572732F6665646F722F4432
:10FA64006174612F50726F6A6563745F4E452F3401
:10FA7400315F436F64655F646576656C6F706D6557
:10FA84006E745F776F726B2F62616872732D737718
:10FA94002D322F30325F50726F6A656374732F5347
:10FAA400746D333242616872732F54617267657486
:10FAB4004170705F48575F56332F2E2E2F2E2E2FF6
:10FAC4002E2E2F30315F4C6962726172792F486536
:10FAD40061646572732F426168727353656E736FEC
:10FAE40072467573696F6E2F544C6162656C656400
:10FAF40041727261792E68006F70657261746F7201
:10FB04002829000043426168727346696C74657207
:10FB14005377630077726974654F757470757454A4
:10FB24006F506F727400000072656164496D7544B2
:10FB3400617461506F727400426168727346696CDB
:10FB4400746572537763536574496D75496E707546
:10FB54007400000072656164507265737375726538
:10FB640044617461506F72740000000069735072D4
:10FB74006573737572654D6561737572656D656ED8
:10FB840074536166650000004172726179456C6569
:10FB94006D656E74547970652620544C6162656C91
:10FBA40065644172726179496E7465726E616C3C10
:10FBB4004172726179456C656D656E7454797065D6
:10FBC4002C204C6162656C456E756D3E3A3A6F70DF
:10FBD400657261746F725B5D284C6162656C456E21
:10FBE400756D29205B77697468204172726179456B
:10FBF4006C656D656E7454797065203D204E467554
:10FC040073696F6E4C6962436F6D6D6F6E3A3A53F0
:10FC14004261726F6D65746572446174613B204C1E
:10FC24006162656C456E756D203D204E4D6F6E6949
:10FC3400746F7254797065733A3A53526564756E91
:10FC440064616E7453656E736F7244617461417262
:10FC540072617954656D706C6174653A3A456E757C
:10FC64006D547970655D00004172726179456C650F
:10FC74006D656E74547970652620544C6162656CB0
:10FC840065644172726179496E7465726E616C3C2F
:10FC94004172726179456C656D656E7454797065F5
:10FCA4002C204C6162656C456E756D3E3A3A6F70FE
:10FCB400657261746F725B5D284C6162656C456E40
:10FCC400756D29205B77697468204172726179458A
:10FCD4006C656D656E7454797065203D204E467573
:10FCE40073696F6E4C6962436F6D6D6F6E3A3A5310
:10FCF400496D754D6561737572656D656E743B20F4
:10FD04004C6162656C456E756D203D204E4D6F6E85
:10FD140069746F7254797065733A3A5352656475B5
:10FD24006E64616E7453656E736F72446174614185
:10FD34007272617954656D706C6174653A3A456E9E
:10FD4400756D547970655D0066616C7365000000C3
:10FD5400434D61676E6574696348656164696E6784
:10FD640046696C7465725377633A3A434D61676EC2
:10FD74006574696348656164696E6746696C746536
:10FD84007253776328290000433A2F5573657273C1
:10FD94002F6665646F722F446174612F50726F6AAD
:10FDA4006563745F4E452F34315F436F64655F64F0
:10FDB4006576656C6F706D656E745F776F726B2FAF
:10FDC40062616872732D73772D322F30325F5072F7
:10FDD4006F6A656374732F53746D33324261687252
:10FDE400732F7368617265642F6173772F73776300
:10FDF4002D6D61676E657469632D68656164696EF4
:10FE0400672D66696C7465722F7372632F434D613D
:10FE1400676E6574696348656164696E6746696C99
:10FE24007465725377632E63707000007374617429
:10FE3400696320434D61676E6574696348656164F5
:10FE4400696E6746696C7465725377632620434D07
:10FE540061676E6574696348656164696E67466964
:10FE64006C7465725377633A3A676574496E737458
:10FE7400616E6365496D706C28756E7369676E6534
:10FE84006420696E7429000073746174696320438B
:10FE94004D61676E65746F6D65746572436F6D70E7
:10FEA400656E7361746F722620434D61676E65746D
:10FEB4006F6D65746572436F6D70656E7361746F99
:10FEC400723A3A676574496E7374616E6365496D1D
:10FED400706C28756E7369676E656420696E742929
:10FEE40000000000433A2F55736572732F666564F2
:10FEF4006F722F446174612F50726F6A6563745F0F
:10FF04004E452F34315F436F64655F646576656C7D
:10FF14006F706D656E745F776F726B2F626168725C
:10FF2400732D73772D322F30325F50726F6A656391
:10FF340074732F53746D333242616872732F736814
:10FF4400617265642F6173772F7377632D6D6167B9
:10FF54006E65746F6D657465722D636F6D70656E1B
:10FF64007361746F722F7372632F434D61676E6593
:10FF7400746F6D65746572436F6D70656E736174D3
:10FF84006F722E6370700000777269746546696CD5
:10FF94007465726564496D7544617461506F7274FF
:10FFA40000000000496D7550726546696C74657295
:10FFB40053776352756E00004350726573737572A4
:10FFC40065436F6D70656E7361746F72000000003D
:10FFD4007772697465507265737375726544617480
:10FFE40061506F72740000005072657373757265AE
:0CFFF400436F6D70656E7361746F725323
:020000040805ED
:100000007763436F6D70656E736174650000000007
:100010007374617469632043566572746963616CBB
:100020004368616E6E656C4D6F6E69746F72537765
:1000300063262043566572746963616C4368616E20
:100040006E656C4D6F6E69746F725377633A3A6781
:100050006574496E7374616E6365496D706C287563
:100060006E7369676E656420696E74290000000014
:10007000433A2F55736572732F6665646F722F4410
:100080006174612F50726F6A6563745F4E452F34DF
:10009000315F436F64655F646576656C6F706D6535
:1000A0006E745F776F726B2F62616872732D7377F6
:1000B0002D322F30325F50726F6A656374732F5325
:1000C000746D333242616872732F73686172656454
:1000D0002F6173772F7377632D766572746963610F
:1000E0006C2D6368616E6E656C2D6D6F6E69746FDB
:1000F000722F7372632F43566572746963616C4328
:1001000068616E6E656C4D6F6E69746F7253776364
:100110002E637070000000004E5665727469636152
:100120006C4368616E6E656C4D6F6E69746F724181
:1001300070693A3A43526564756E64616E74496ED3
:10014000707574446174613A3A497353656E736FA4
:1001500072537570706F72746564286553656E7341
:100160006F724964290000007374617469632062CE
:100170006F6F6C2043566572746963616C4368618C
:100180006E6E656C4D6F6E69746F725377633A3A39
:1001900069734461746173657453616665284E4682
:1001A0007573696F6E4C6962436F6D6D6F6E3A3A2D
:1001B0004553656E736F7249642C20636F6E737460
:1001C000204E566572746963616C4368616E6E653A
:1001D0006C4D6F6E69746F724170693A3A434F7536
:1001E000747075744461746126290000636F6E73C6
:1001F00074204172726179456C656D656E745479D5
:1002000070652620544C6162656C65644172726150
:1002100079496E7465726E616C3C417272617945A8
:100220006C656D656E74547970652C204C616265E7
:100230006C456E756D3E3A3A6F70657261746F729F
:100240005B5D284C6162656C456E756D2920636F3E
:100250006E7374205B7769746820417272617945AE
:100260006C656D656E7454797065203D204E4D6FE0
:100270006E69746F7254797065733A3A534D756C48
:10028000746964696D656E73696F6E616C536967DB
:100290006E616C426173653A3A535363616C61728B
:1002A0005369676E616C3B204C6162656C456E758D
:1002B0006D203D204E566572746963616C436861C0
:1002C0006E6E656C4D6F6E69746F724170693A3A0B
:1002D0005341727261794C6162656C656442795612
:1002E0006572746963616C4368616E6E656C5369B5
:1002F000676E616C733A3A456E756D547970655DE1
:1003000000000000737461746963204353796E6365
:1003100050756C736548616E646C6572262043533A
:10032000796E6350756C736548616E646C65723A82
:100330003A676574496E7374616E6365496D706C7C
:1003400028756E7369676E656420696E7429000094
:10035000433A2F55736572732F6665646F722F442D
:100360006174612F50726F6A6563745F4E452F34FC
:10037000315F436F64655F646576656C6F706D6552
:100380006E745F776F726B2F62616872732D737713
:100390002D322F30325F50726F6A656374732F5342
:1003A000746D333242616872732F73686172656471
:1003B0002F6273772F7377632D73796E632D70754A
:1003C0006C73652D68616E646C65722F7372632F38
:1003D0004353796E6350756C736548616E646C65E8
:1003E000722E6370700000004353657269616C4D3A
:1003F0006573736167654275696C646572000000BE
:1004000043616C63756C6174654372630000000046
:10041000253038782020000020202020202530336F
:100420007820200020525452000000002025303255
:10043000780000002020270025630000270000002E
:100440004E25303278204425303278205325303202
:1004500078204D253032782020205B2530327820DE
:1004600025303278202530327820253032785D00F2
:100470004172726179456C656D656E745479706511
:100480002620544C6162656C6564417272617949E1
:100490006E7465726E616C3C4172726179456C6517
:1004A0006D656E74547970652C204C6162656C4585
:1004B0006E756D3E3A3A6F70657261746F725B5D16
:1004C000284C6162656C456E756D29205B77697497
:1004D00068204172726179456C656D656E745479FE
:1004E0007065203D20435061726974794D6F6E696B
:1004F000746F723B204C6162656C456E756D203D7A
:10050000204E41747469747564654D6F6E69746FC3
:10051000724170693A3A5341727261794C61626515
:100520006C65644279417474697475646553696774
:100530006E616C733A3A456E756D547970655D0005
:100540002E2E2F2E2E2F2E2E2F30315F4C696272C1
:100550006172792F6170692F544C6162656C6564BA
:1005600041727261792E68004172726179456C65E1
:100570006D656E74547970652620544C6162656CAB
:1005800065644172726179496E7465726E616C3C2A
:100590004172726179456C656D656E7454797065F0
:1005A0002C204C6162656C456E756D3E3A3A6F70F9
:1005B000657261746F725B5D284C6162656C456E3B
:1005C000756D29205B776974682041727261794585
:1005D0006C656D656E7454797065203D20434C6F79
:1005E000777061737346696C7465723B204C61620D
:1005F000656C456E756D203D204E4D6F6E69746F54
:100600007254797065733A3A53526564756E6461D9
:100610006E7453656E736F7244617461417272617E
:100620007954656D706C6174653A3A456E756D54B8
:100630007970655D00000000636F6E737420417215
:10064000726179456C656D656E74547970652620AC
:10065000544C6162656C65644172726179496E7473
:1006600065726E616C3C4172726179456C656D6555
:100670006E74547970652C204C6162656C456E75A2
:100680006D3E3A3A6F70657261746F725B5D284CB3
:100690006162656C456E756D2920636F6E737420A1
:1006A0005B77697468204172726179456C656D652C
:1006B0006E7454797065203D204E467573696F6E77
:1006C0004C6962436F6D6D6F6E3A3A534174746951
:1006D000747564654F7574707574446174613B2002
:1006E0004C6162656C456E756D203D204E4D6F6EA0
:1006F00069746F7254797065733A3A5352656475D0
:100700006E64616E7453656E736F7244617461419F
:100710007272617954656D706C6174653A3A456EB8
:10072000756D547970655D007374617469635F639E
:100730006173743C5769646572547970655F743E87
:1007400028754469666629203C3D2073746174698C
:10075000635F636173743C57696465725479706553
:100760005F743E287374643A3A6E756D657269639E
:100770005F6C696D6974733C696E7433325F743E8B
:100780003A3A6D617828292900000000696E7433B7
:10079000325F74204E4E617669676174696F6E5581
:1007A00074696C69746965733A3A446966664F6640
:1007B000556E7369676E65642874556E7369676EEC
:1007C0006564547970652C2074556E7369676E6525
:1007D000645479706529205B776974682074556E5C
:1007E0007369676E656454797065203D206C6F6E27
:1007F00067206C6F6E6720756E7369676E65642025
:10080000696E743B20696E7433325F74203D206CD6
:100810006F6E6720696E745D000000002E2E2F2E13
:100820002E2F2E2E2F30315F4C6962726172792F1C
:100830006170692F4E617669676174696F6E557476
:10084000696C69746965732E680000004172726199
:1008500079456C656D656E74547970652620544CCD
:100860006162656C65644172726179496E7465722A
:100870006E616C3C4172726179456C656D656E7438
:10088000547970652C204C6162656C456E756D3EC7
:100890003A3A6F70657261746F725B5D284C616289
:1008A000656C456E756D29205B77697468204172AF
:1008B000726179456C656D656E7454797065203D23
:1008C00020666C6F61743B204C6162656C456E758F
:1008D0006D203D204E41747469747564654D6F6E72
:1008E00069746F724170693A3A5341727261794C1E
:1008F0006162656C6564427941747469747564659C
:100900005369676E616C733A3A456E756D547970D0
:10091000655D0000696E646578203E3D20302026CC
:100920002620696E646578203C2073697A652829E1
:1009300000000000456967656E3A3A44656E73656C
:10094000436F65666673426173653C4465726976A0
:1009500065642C20313E3A3A5363616C6172262003
:10096000456967656E3A3A44656E7365436F6566BF
:100970006673426173653C446572697665642C20D8
:10098000313E3A3A6F70657261746F72282928455A
:100990006967656E3A3A496E64657829205B7769C4
:1009A00074682044657269766564203D20456967F6
:1009B000656E3A3A4D61747269783C666C6F617429
:1009C0002C20332C20313E3B205363616C6172201C
:1009D0003D20666C6F61743B20456967656E3A3AED
:1009E000496E646578203D20696E745D00000000EA
:1009F0002E2E2F2E2E2F2E2E2F39395F3372645F1D
:100A000070617274792F656967656E2D332E342E8F
:100A1000302F456967656E2F7372632F436F726560
:100A20002F44656E7365436F6566667342617365D7
:100A30002E6800004172726179456C656D656E7457
:100A4000547970652620544C6162656C656441720E
:100A5000726179496E7465726E616C3C417272614B
:100A600079456C656D656E74547970652C204C61A8
:100A700062656C456E756D3E3A3A6F706572617471
:100A80006F725B5D284C6162656C456E756D2920E7
:100A90005B77697468204172726179456C656D6538
:100AA0006E7454797065203D204E4D6F6E69746F81
:100AB0007254797065733A3A454465746563746934
:100AC0006F6E526573756C743B204C6162656C454A
:100AD0006E756D203D204E41747469747564654D6A
:100AE0006F6E69746F724170693A3A534172726104
:100AF000794C6162656C656442794174746974759E
:100B000064655369676E616C733A3A456E756D54EE
:100B10007970655D00000000286F724661756C7425
:100B20007953656E736F72496E64696365735B6553
:100B30005369676E616C5D203E3D2030292026267A
:100B400020286F724661756C747953656E736F728D
:100B5000496E64696365735B655369676E616C5D5B
:100B6000203C207374617469635F636173743C69D2
:100B70006E743E2845526564756E64616E7453658B
:100B80006E736F724C6162656C733A3A65436F7550
:100B90006E74292900000000766F69642054536543
:100BA0006E736F724D6F6E69746F723C4D6F6E69CC
:100BB000746F72506F6C6963793E3A3A7072657007
:100BC0006172654F757470757428636F6E737420ED
:100BD000526564756E64616E74496E7075744461BB
:100BE0007461262C204F757470757444617461268D
:100BF00029205B77697468204D6F6E69746F72503D
:100C00006F6C696379203D20434174746974756425
:100C1000654D6F6E69746F72506F6C6963793B20BC
:100C2000526564756E64616E74496E70757444616A
:100C30007461203D204E4D6F6E69746F72547970EF
:100C400065733A3A54526564756E64616E745365A7
:100C50006E736F72446174613C4E467573696F6E5A
:100C60004C6962436F6D6D6F6E3A3A5341747469AB
:100C7000747564654F7574707574446174612C206B
:100C80004E467573696F6E4C6962436F6D6D6F6E22
:100C90003A3A4553656E736F7249643A3A654261F8
:100CA00068727346696C746572312C204E46757398
:100CB000696F6E4C6962436F6D6D6F6E3A3A455362
:100CC000656E736F7249643A3A6542616872734641
:100CD000696C746572322C204E467573696F6E4C68
:100CE0006962436F6D6D6F6E3A3A4553656E736F0F
:100CF0007249643A3A65426168727346696C746518
:100D000072333E3B204F757470757444617461207A
:100D10003D204E4D6F6E69746F7254797065733AF1
:100D20003A544D756C746964696D656E73696F6E64
:100D3000616C5369676E616C3C4E41747469747583
:100D400064654D6F6E69746F724170693A3A5341D0
:100D5000727261794C6162656C6564427941747448
:100D600069747564655369676E616C733E5D0000FC
:100D7000433A2F55736572732F6665646F722F4403
:100D80006174612F50726F6A6563745F4E452F34D2
:100D9000315F436F64655F646576656C6F706D6528
:100DA0006E745F776F726B2F62616872732D7365FB
:100DB0006E736F722D667573696F6E2D6C69622D1F
:100DC000312F30315F4C6962726172792F737263B7
:100DD0002F5453656E736F724D6F6E69746F722E00
:100DE000680000007546696C746572496E646578C8
:100DF000203C2042414852535F46494C5445525F83
:100E0000434F554E54000000434261687273466977
:100E10006C74657226204E426168727346696C7408
:100E200065724170693A3A4E426168727356323A5D
:100E30003A7B616E6F6E796D6F75737D3A3A676557
:100E40007446696C746572496E7374616E6365286B
:100E500075696E7433325F7429000000433A2F5570
:100E6000736572732F6665646F722F446174612FAE
:100E700050726F6A6563745F4E452F34315F436F04
:100E800064655F646576656C6F706D656E745F77C1
:100E90006F726B2F62616872732D73656E736F7200
:100EA0002D667573696F6E2D6C69622D312F30312F
:100EB0005F4C6962726172792F7372632F4261684D
:100EC000727346696C7465724170692E637070004C
:100ED00043426168727346696C74657226204E42A3
:100EE0006168727346696C7465724170693A3A4E12
:100EF000426168727356333A3A7B616E6F6E796DF8
:100F00006F75737D3A3A67657446696C74657249AA
:100F10006E7374616E63652875696E7433325F74C5
:100F200029000000636F6E7374204172726179450D
:100F30006C656D656E74547970652620544C6162E1
:100F4000656C65644172726179496E7465726E6137
:100F50006C3C4172726179456C656D656E74547953
:100F600070652C204C6162656C456E756D3E3A3A39
:100F70006F70657261746F725B5D284C6162656C45
:100F8000456E756D2920636F6E7374205B7769748D
:100F900068204172726179456C656D656E74547933
:100FA0007065203D204E467573696F6E4C696243D3
:100FB0006F6D6D6F6E3A3A534261726F6D65746515
:100FC00072446174613B204C6162656C456E756D65
:100FD000203D204E4D6F6E69746F72547970657349
:100FE0003A3A53526564756E64616E7453656E73FC
:100FF0006F7244617461417272617954656D706C95
:101000006174653A3A456E756D547970655D00009E
:1010100073746174696320666C6F6174204342610C
:10102000726F6D657465724D6F6E69746F72506F1B
:101030006C6963793C53656E736F724964312C201F
:1010400053656E736F724964322C2053656E736FF3
:10105000724964333E3A3A6765745363616C6172F6
:101060005369676E616C42794C6162656C496D7061
:101070006C28636F6E7374204E467573696F6E4C87
:101080006962436F6D6D6F6E3A3A534261726F6D74
:101090006574657244617461262C204E4261726FE2
:1010A0004D6F6E69746F724170693A3A5341727252
:1010B00061794C6162656C656442795072657373E5
:1010C0007572655369676E616C3A3A456E756D5419
:1010D00079706529205B77697468204E467573695D
:1010E0006F6E4C6962436F6D6D6F6E3A3A45536532
:1010F0006E736F7249642053656E736F7249643109
:10110000203D204E467573696F6E4C6962436F6D6A
:101110006D6F6E3A3A4553656E736F7249643A3A31
:1011200065426D703338343B204E467573696F6E7F
:101130004C6962436F6D6D6F6E3A3A4553656E73DD
:101140006F7249642053656E736F72496432203D3B
:10115000204E467573696F6E4C6962436F6D6D6F9B
:101160006E3A3A4553656E736F7249643A3A65490F
:10117000636D32303738394261726F313B204E46F1
:101180007573696F6E4C6962436F6D6D6F6E3A3A3D
:101190004553656E736F7249642053656E736F7249
:1011A000496433203D204E467573696F6E4C696209
:1011B000436F6D6D6F6E3A3A4553656E736F72494A
:1011C000643A3A6549636D32303738394261726F3B
:1011D000325D0000433A2F55736572732F66656464
:1011E0006F722F446174612F50726F6A6563745F10
:1011F0004E452F34315F436F64655F646576656C7F
:101200006F706D656E745F776F726B2F626168725D
:10121000732D73656E736F722D667573696F6E2DA6
:101220006C69622D312F30315F4C69627261727965
:101230002F7372632F434261726F6D657465724DD7
:101240006F6E69746F722E680000000041727261E7
:1012500079456C656D656E74547970652620544CC3
:101260006162656C65644172726179496E74657220
:101270006E616C3C4172726179456C656D656E742E
:10128000547970652C204C6162656C456E756D3EBD
:101290003A3A6F70657261746F725B5D284C61627F
:1012A000656C456E756D29205B77697468204172A5
:1012B000726179456C656D656E7454797065203D19
:1012C00020666C6F61743B204C6162656C456E7585
:1012D0006D203D204E4261726F4D6F6E69746F726A
:1012E0004170693A3A5341727261794C6162656C3E
:1012F0006564427950726573737572655369676E80
:10130000616C3A3A456E756D547970655D00000008
:1013100073746174696320666C6F61742043426109
:10132000726F6D657465724D6F6E69746F72506F18
:101330006C6963793C53656E736F724964312C201C
:1013400053656E736F724964322C2053656E736FF0
:10135000724964333E3A3A6765745369676E616CEB
:1013600056617269616E6365496D706C284E467591
:1013700073696F6E4C6962436F6D6D6F6E3A3A457B
:1013800053656E736F7249642C204E4261726F4DCB
:101390006F6E69746F724170693A3A53417272614B
:1013A000794C6162656C65644279507265737375DE
:1013B00072655369676E616C3A3A456E756D547922
:1013C00070652C20636F6E737420747970656E6124
:1013D0006D65204342617365436C6173733A3A43B0
:1013E0004D6561737572656D656E742629205B7736
:1013F000697468204E467573696F6E4C6962436FFD
:101400006D6D6F6E3A3A4553656E736F7249642025
:1014100053656E736F72496431203D204E4675737B
:10142000696F6E4C6962436F6D6D6F6E3A3A4553EA
:10143000656E736F7249643A3A65426D7033383441
:101440003B204E467573696F6E4C6962436F6D6DDC
:101450006F6E3A3A4553656E736F724964205365F7
:101460006E736F72496432203D204E467573696F0A
:101470006E4C6962436F6D6D6F6E3A3A4553656E9F
:10148000736F7249643A3A6549636D32303738395F
:101490004261726F313B204E467573696F6E4C69C5
:1014A00062436F6D6D6F6E3A3A4553656E736F723E
:1014B00049642053656E736F72496433203D204E3A
:1014C000467573696F6E4C6962436F6D6D6F6E3AEE
:1014D0003A4553656E736F7249643A3A6549636D74
:1014E00032303738394261726F323B20747970651F
:1014F0006E616D65204342617365436C6173733A3D
:101500003A434D6561737572656D656E74203D205B
:101510004E467573696F6E4C6962436F6D6D6F6E89
:101520003A3A534261726F6D6574657244617461D9
:101530003B204342617365436C617373203D2054CB
:101540004D6F6E69746F72506F6C6963794261732D
:10155000653C434261726F6D657465724D6F6E6973
:10156000746F72506F6C6963793C4E467573696F26
:101570006E4C6962436F6D6D6F6E3A3A4553656E9E
:10158000736F7249643A3A65426D703338342C2077
:101590004E467573696F6E4C6962436F6D6D6F6E09
:1015A0003A3A4553656E736F7249643A3A654963D6
:1015B0006D32303738394261726F312C204E4675AA
:1015C00073696F6E4C6962436F6D6D6F6E3A3A4529
:1015D00053656E736F7249643A3A6549636D323090
:1015E0003738394261726F323E2C204E467573692E
:1015F0006F6E4C6962436F6D6D6F6E3A3A53426124
:10160000726F6D65746572446174612C204E46750D
:1016100073696F6E4C6962436F6D6D6F6E3A3A45D8
:1016200053656E736F7249643A3A65426D70333830
:10163000342C204E467573696F6E4C6962436F6D32
:101640006D6F6E3A3A4553656E736F7249643A3AFC
:101650006549636D32303738394261726F312C2001
:101660004E467573696F6E4C6962436F6D6D6F6E38
:101670003A3A4553656E736F7249643A3A65496305
:101680006D32303738394261726F322C204E4261F0
:10169000726F4D6F6E69746F724170693A3A53415F
:1016A000727261794C6162656C65644279507265F1
:1016B00073737572655369676E616C2C2032353EA9
:1016C0005D0000004172726179456C656D656E74F4
:1016D000547970652620544C6162656C6564417272
:1016E000726179496E7465726E616C3C41727261AF
:1016F00079456C656D656E74547970652C204C610C
:1017000062656C456E756D3E3A3A6F7065726174D4
:101710006F725B5D284C6162656C456E756D29204A
:101720005B77697468204172726179456C656D659B
:101730006E7454797065203D2043506172697479EC
:101740004D6F6E69746F723B204C6162656C456EC3
:10175000756D203D204E4261726F4D6F6E69746FE2
:10176000724170693A3A5341727261794C616265B3
:101770006C656442795072657373757265536967FD
:101780006E616C3A3A456E756D547970655D000016
:101790004172726179456C656D656E7454797065DE
:1017A0002620544C6162656C6564417272617949AE
:1017B0006E7465726E616C3C4172726179456C65E4
:1017C0006D656E74547970652C204C6162656C4552
:1017D0006E756D3E3A3A6F70657261746F725B5DE3
:1017E000284C6162656C456E756D29205B77697464
:1017F00068204172726179456C656D656E745479CB
:101800007065203D204E4D6F6E69746F7254797013
:1018100065733A3A45446574656374696F6E5265E1
:1018200073756C743B204C6162656C456E756D2000
:101830003D204E4261726F4D6F6E69746F724170E0
:10184000693A3A5341727261794C6162656C6564C0
:10185000427950726573737572655369676E616C16
:101860003A3A456E756D547970655D00766F6964BE
:10187000205453656E736F724D6F6E69746F723C56
:101880004D6F6E69746F72506F6C6963793E3A3A4E
:10189000707265706172654F757470757428636FCE
:1018A0006E737420526564756E64616E74496E70F7
:1018B000757444617461262C204F7574707574447E
:1018C0006174612629205B77697468204D6F6E69A9
:1018D000746F72506F6C696379203D20434261726E
:1018E0006F6D657465724D6F6E69746F72506F6C59
:1018F0006963793C4E467573696F6E4C6962436FDC
:101900006D6D6F6E3A3A4553656E736F7249643A06
:101910003A65426D703338342C204E467573696FCA
:101920006E4C6962436F6D6D6F6E3A3A4553656EEA
:10193000736F7249643A3A6549636D3230373839AA
:101940004261726F312C204E467573696F6E4C691F
:1019500062436F6D6D6F6E3A3A4553656E736F7289
:1019600049643A3A6549636D3230373839426172B9
:101970006F323E3B20526564756E64616E74496ED1
:1019800070757444617461203D204E4D6F6E6974B2
:101990006F7254797065733A3A54526564756E6427
:1019A000616E7453656E736F72446174613C4E4630
:1019B0007573696F6E4C6962436F6D6D6F6E3A3A05
:1019C000534261726F6D65746572446174612C205D
:1019D0004E467573696F6E4C6962436F6D6D6F6EC5
:1019E0003A3A4553656E736F7249643A3A65426D8F
:1019F000703338342C204E467573696F6E4C6962B3
:101A0000436F6D6D6F6E3A3A4553656E736F7249F1
:101A1000643A3A6549636D32303738394261726FE2
:101A2000312C204E467573696F6E4C6962436F6D41
:101A30006D6F6E3A3A4553656E736F7249643A3A08
:101A40006549636D32303738394261726F323E3BDF
:101A5000204F757470757444617461203D204E4D43
:101A60006F6E69746F7254797065733A3A544D753C
:101A70006C746964696D656E73696F6E616C5369CE
:101A8000676E616C3C4E4261726F4D6F6E69746F30
:101A9000724170693A3A5341727261794C61626580
:101AA0006C656442795072657373757265536967CA
:101AB0006E616C3E5D000000737461746963206642
:101AC0006C6F617420434261726F6D657465724D15
:101AD0006F6E69746F72506F6C6963793C53656E99
:101AE000736F724964312C2053656E736F72496451
:101AF000322C2053656E736F724964333E3A3A67F5
:101B000065745363616C61725369676E616C42798D
:101B10004C6162656C496D706C28636F6E737420E4
:101B20004E467573696F6E4C6962436F6D6D6F6E73
:101B30003A3A534261726F6D6574657244617461C3
:101B4000262C204E4261726F4D6F6E69746F724128
:101B500070693A3A5341727261794C6162656C65A1
:101B600064427950726573737572655369676E610B
:101B70006C3A3A456E756D5479706529205B7769CA
:101B80007468204E467573696F6E4C6962436F6D61
:101B90006D6F6E3A3A4553656E736F7249642053A8
:101BA000656E736F72496431203D204E46757369CE
:101BB0006F6E4C6962436F6D6D6F6E3A3A45536557
:101BC0006E736F7249643A3A6549637032303130EE
:101BD000303B204E467573696F6E4C6962436F6D82
:101BE0006D6F6E3A3A4553656E736F724964205358
:101BF000656E736F72496432203D204E467573697D
:101C00006F6E4C6962436F6D6D6F6E3A3A45536506
:101C10006E736F7249643A3A65426D703338343B83
:101C2000204E467573696F6E4C6962436F6D6D6FC0
:101C30006E3A3A4553656E736F7249642053656E10
:101C4000736F72496433203D204E467573696F6E21
:101C50004C6962436F6D6D6F6E3A3A4553656E73B2
:101C60006F7249643A3A654C707332325D0000001D
:101C700073746174696320666C6F617420434261A0
:101C8000726F6D657465724D6F6E69746F72506FAF
:101C90006C6963793C53656E736F724964312C20B3
:101CA00053656E736F724964322C2053656E736F87
:101CB000724964333E3A3A6765745369676E616C82
:101CC00056617269616E6365496D706C284E467528
:101CD00073696F6E4C6962436F6D6D6F6E3A3A4512
:101CE00053656E736F7249642C204E4261726F4D62
:101CF0006F6E69746F724170693A3A5341727261E2
:101D0000794C6162656C6564427950726573737574
:101D100072655369676E616C3A3A456E756D5479B8
:101D200070652C20636F6E737420747970656E61BA
:101D30006D65204342617365436C6173733A3A4346
:101D40004D6561737572656D656E742629205B77CC
:101D5000697468204E467573696F6E4C6962436F93
:101D60006D6D6F6E3A3A4553656E736F72496420BC
:101D700053656E736F72496431203D204E46757312
:101D8000696F6E4C6962436F6D6D6F6E3A3A455381
:101D9000656E736F7249643A3A65496370323031E7
:101DA00030303B204E467573696F6E4C6962436FED
:101DB0006D6D6F6E3A3A4553656E736F724964206C
:101DC00053656E736F72496432203D204E467573C1
:101DD000696F6E4C6962436F6D6D6F6E3A3A455331
:101DE000656E736F7249643A3A65426D7033383488
:101DF0003B204E467573696F6E4C6962436F6D6D23
:101E00006F6E3A3A4553656E736F7249642053653D
:101E10006E736F72496433203D204E467573696F4F
:101E20006E4C6962436F6D6D6F6E3A3A4553656EE5
:101E3000736F7249643A3A654C707332323B207466
:101E40007970656E616D65204342617365436C61B5
:101E500073733A3A434D6561737572656D656E745F
:101E6000203D204E467573696F6E4C6962436F6DFD
:101E70006D6F6E3A3A534261726F6D65746572446C
:101E80006174613B204342617365436C61737320ED
:101E90003D20544D6F6E69746F72506F6C69637939
:101EA000426173653C434261726F6D657465724D4A
:101EB0006F6E69746F72506F6C6963793C4E4675D2
:101EC00073696F6E4C6962436F6D6D6F6E3A3A4520
:101ED00053656E736F7249643A3A65496370323084
:101EE0003130302C204E467573696F6E4C696243F9
:101EF0006F6D6D6F6E3A3A4553656E736F724964DC
:101F00003A3A65426D703338342C204E4675736909
:101F10006F6E4C6962436F6D6D6F6E3A3A455365F3
:101F20006E736F7249643A3A654C707332323E2C6C
:101F3000204E467573696F6E4C6962436F6D6D6FAD
:101F40006E3A3A534261726F6D65746572446174A2
:101F5000612C204E467573696F6E4C6962436F6DDC
:101F60006D6F6E3A3A4553656E736F7249643A3AD3
:101F70006549637032303130302C204E46757369BC
:101F80006F6E4C6962436F6D6D6F6E3A3A45536583
:101F90006E736F7249643A3A65426D703338342C0F
:101FA000204E467573696F6E4C6962436F6D6D6F3D
:101FB0006E3A3A4553656E736F7249643A3A654CAE
:101FC000707332322C204E4261726F4D6F6E6974A5
:101FD0006F724170693A3A5341727261794C616231
:101FE000656C656442795072657373757265536987
:101FF000676E616C2C2032353E5D0000766F69643F
:10200000205453656E736F724D6F6E69746F723CBE
:102010004D6F6E69746F72506F6C6963793E3A3AB6
:10202000707265706172654F757470757428636F36
:102030006E737420526564756E64616E74496E705F
:10204000757444617461262C204F757470757444E6
:102050006174612629205B77697468204D6F6E6911
:10206000746F72506F6C696379203D2043426172D6
:102070006F6D657465724D6F6E69746F72506F6CC1
:102080006963793C4E467573696F6E4C6962436F44
:102090006D6D6F6E3A3A4553656E736F7249643A6F
:1020A0003A6549637032303130302C204E467573BA
:1020B000696F6E4C6962436F6D6D6F6E3A3A45534E
:1020C000656E736F7249643A3A65426D70333834A5
:1020D0002C204E467573696F6E4C6962436F6D6D4F
:1020E0006F6E3A3A4553656E736F7249643A3A655A
:1020F0004C707332323E3B20526564756E64616E83
:1021000074496E70757444617461203D204E4D6F4A
:102110006E69746F7254797065733A3A545265649B
:10212000756E64616E7453656E736F724461746131
:102130003C4E467573696F6E4C6962436F6D6D6F8F
:102140006E3A3A534261726F6D65746572446174A0
:10215000612C204E467573696F6E4C6962436F6DDA
:102160006D6F6E3A3A4553656E736F7249643A3AD1
:102170006549637032303130302C204E46757369BA
:102180006F6E4C6962436F6D6D6F6E3A3A45536581
:102190006E736F7249643A3A65426D703338342C0D
:1021A000204E467573696F6E4C6962436F6D6D6F3B
:1021B0006E3A3A4553656E736F7249643A3A654CAC
:1021C000707332323E3B204F757470757444617485
:1021D00061203D204E4D6F6E69746F725479706549
:1021E000733A3A544D756C746964696D656E7369C0
:1021F0006F6E616C5369676E616C3C4E4261726FC9
:102200004D6F6E69746F724170693A3A53417272E0
:1022100061794C6162656C65644279507265737373
:102220007572655369676E616C3E5D0073746174AD
:10223000696320666C6F61742043417474697475BE
:1022400064654D6F6E69746F72506F6C6963793A33
:102250003A6765745363616C61725369676E616C50
:1022600042794C6162656C496D706C28636F6E7366
:1022700074204E467573696F6E4C6962436F6D6D65
:102280006F6E3A3A5341747469747564654F75742E
:1022900070757444617461262C204E4174746974A5
:1022A0007564654D6F6E69746F724170693A3A5327
:1022B00041727261794C6162656C65644279417406
:1022C0007469747564655369676E616C733A3A45F5
:1022D0006E756D547970652900000000433A2F55E2
:1022E000736572732F6665646F722F446174612F1A
:1022F00050726F6A6563745F4E452F34315F436F70
:1023000064655F646576656C6F706D656E745F772C
:102310006F726B2F62616872732D73656E736F726B
:102320002D667573696F6E2D6C69622D312F30319A
:102330005F4C6962726172792F7372632F434174CB
:102340007469747564654D6F6E69746F722E637015
:102350007000000073746174696320666C6F61744F
:10236000204341747469747564654D6F6E69746F50
:1023700072506F6C6963793A3A6765745369676E36
:10238000616C56617269616E6365496D706C284E4F
:10239000467573696F6E4C6962436F6D6D6F6E3A0F
:1023A0003A4553656E736F7249642C204E417474C4
:1023B00069747564654D6F6E69746F724170693AC6
:1023C0003A5341727261794C6162656C656442791D
:1023D00041747469747564655369676E616C733AAE
:1023E0003A456E756D547970652C20636F6E737409
:1023F00020544D6F6E69746F72506F6C69637942CF
:102400006173653C4341747469747564654D6F6EA6
:1024100069746F72506F6C6963792C204E467573C6
:10242000696F6E4C6962436F6D6D6F6E3A3A5341DE
:10243000747469747564654F7574707574446174EF
:10244000612C204E467573696F6E4C6962436F6DE7
:102450006D6F6E3A3A4553656E736F7249643A3ADE
:1024600065426168727346696C746572312C204EE6
:10247000467573696F6E4C6962436F6D6D6F6E3A2E
:102480003A4553656E736F7249643A3A65426168C2
:10249000727346696C746572322C204E467573698E
:1024A0006F6E4C6962436F6D6D6F6E3A3A4553655E
:1024B0006E736F7249643A3A654261687273466935
:1024C0006C746572332C204E417474697475646544
:1024D0004D6F6E69746F724170693A3A534172720E
:1024E00061794C6162656C656442794174746974A8
:1024F0007564655369676E616C732C203130303EB2
:102500003A3A434D6561737572656D656E7426293F
:102510000000000073746174696320666C6F6174FD
:10252000204341747469747564654D6F6E69746F8E
:1025300072506F6C6963793A3A67657446696C7476
:10254000657265645369676E616C56617269616E2C
:102550006365496D706C284E467573696F6E4C6982
:1025600062436F6D6D6F6E3A3A4553656E736F726D
:1025700049642C204E41747469747564654D6F6EA6
:1025800069746F724170693A3A5341727261794C61
:102590006162656C656442794174746974756465DF
:1025A0005369676E616C733A3A456E756D54797014
:1025B000652C20636F6E737420544D6F6E69746F59
:1025C00072506F6C696379426173653C4341747406
:1025D00069747564654D6F6E69746F72506F6C6964
:1025E00063792C204E467573696F6E4C6962436F38
:1025F0006D6D6F6E3A3A5341747469747564654FCA
:102600007574707574446174612C204E46757369DD
:102610006F6E4C6962436F6D6D6F6E3A3A455365EC
:102620006E736F7249643A3A6542616872734669C3
:102630006C746572312C204E467573696F6E4C69EF
:1026400062436F6D6D6F6E3A3A4553656E736F728C
:1026500049643A3A65426168727346696C7465729E
:10266000322C204E467573696F6E4C6962436F6DF4
:102670006D6F6E3A3A4553656E736F7249643A3ABC
:1026800065426168727346696C746572332C204EC2
:1026900041747469747564654D6F6E69746F7241CD
:1026A00070693A3A5341727261794C6162656C6546
:1026B00064427941747469747564655369676E61C5
:1026C0006C732C203130303E3A3A435363616C6175
:1026D000725369676E616C732629000073746174AC
:1026E000696320435061726974794D6F6E69746FCC
:1026F000723A3A53506172616D657465727320432A
:1027000041747469747564654D6F6E69746F72504D
:102710006F6C6963793A3A6765745061726974796C
:102720004D6F6E69746F72506172616D6574657220
:1027300073496D706C284E41747469747564654D8D
:102740006F6E69746F724170693A3A534172726187
:10275000794C6162656C6564427941747469747521
:1027600064655369676E616C733A3A456E756D5472
:1027700079706529000000002869496E6465782039
:102780003E202D3129202626202869496E6465784F
:10279000203C206953697A655F2920262620286914
:1027A00053697A655F203E203029000074547970A7
:1027B0006526204352696E674275666665723C7491
:1027C000547970652C206943617061636974793E46
:1027D0003A3A6F70657261746F72282928696E7455
:1027E00029205B77697468207454797065203D20D6
:1027F00043426168727346696C7465723A3A534930
:102800006D75446174613B20696E74206943617029
:102810006163697479203D20335D0000433A2F5590
:10282000736572732F6665646F722F446174612FD4
:1028300050726F6A6563745F4E452F34315F436F2A
:1028400064655F646576656C6F706D656E745F77E7
:102850006F726B2F62616872732D73656E736F7226
:102860002D667573696F6E2D6C69622D312F303155
:102870005F4C6962726172792F7372632F43526980
:102880006E674275666665722E680000726F77200B
:102890003E3D203020262620726F77203C20726F2C
:1028A0007773282920262620636F6C203E3D203038
:1028B00020262620636F6C203C20636F6C732829D0
:1028C00000000000456967656E3A3A44656E7365BD
:1028D000436F65666673426173653C4465726976F1
:1028E00065642C20313E3A3A5363616C6172262054
:1028F000456967656E3A3A44656E7365436F656610
:102900006673426173653C446572697665642C2028
:10291000313E3A3A6F70657261746F7228292845AA
:102920006967656E3A3A496E6465782C2045696737
:10293000656E3A3A496E64657829205B77697468F8
:102940002044657269766564203D20456967656E3F
:102950003A3A4D61747269783C666C6F61742C20F0
:10296000312C2031392C20312C20312C2031393E92
:102970003B205363616C6172203D20666C6F617413
:102980003B20456967656E3A3A496E646578203D3B
:1029900020696E745D000000456967656E3A3A44CF
:1029A000656E7365436F65666673426173653C442B
:1029B0006572697665642C20313E3A3A5363616CE6
:1029C00061722620456967656E3A3A44656E7365A3
:1029D000436F65666673426173653C4465726976F0
:1029E00065642C20313E3A3A6F70657261746F7283
:1029F000282928456967656E3A3A496E6465782CDE
:102A000020456967656E3A3A496E64657829205BAE
:102A1000776974682044657269766564203D204555
:102A20006967656E3A3A4D61747269783C666C6F9D
:102A300061742C2031392C2031392C20302C20315C
:102A4000392C2031393E3B205363616C6172203D4B
:102A500020666C6F61743B20456967656E3A3A4940
:102A60006E646578203D20696E745D0073746172D8
:102A700074526F77203E3D203020262620426C6F16
:102A8000636B526F7773203E3D20302026262073E3
:102A900074617274526F77202B20426C6F636B529B
:102AA0006F7773203C3D207870722E726F77732899
:102AB00029202626207374617274436F6C203E3D7A
:102AC000203020262620426C6F636B436F6C73208E
:102AD0003E3D2030202626207374617274436F6C53
:102AE000202B20426C6F636B436F6C73203C3D2046
:102AF0007870722E636F6C732829000045696765D2
:102B00006E3A3A426C6F636B3C58707254797065E0
:102B10002C20426C6F636B526F77732C20426C6F6A
:102B2000636B436F6C732C20496E6E657250616EDF
:102B3000656C3E3A3A426C6F636B285870725479F8
:102B40007065262C20456967656E3A3A496E646562
:102B5000782C20456967656E3A3A496E6465782934
:102B6000205B776974682058707254797065203DD5
:102B700020456967656E3A3A4D61747269783C66C2
:102B80006C6F61742C2031392C2031392C20302C81
:102B90002031392C2031393E3B20696E7420426C43
:102BA0006F636B526F7773203D20323B20696E74E8
:102BB00020426C6F636B436F6C73203D20323B206F
:102BC000626F6F6C20496E6E657250616E656C202D
:102BD0003D2066616C73653B20456967656E3A3AD6
:102BE000496E646578203D20696E745D00000000C8
:102BF0002E2E2F2E2E2F2E2E2F39395F3372645FFB
:102C000070617274792F656967656E2D332E342E6D
:102C1000302F456967656E2F7372632F436F72653E
:102C20002F426C6F636B2E68000000007454797043
:102C30006526204352696E674275666665723C740C
:102C4000547970652C206943617061636974793EC1
:102C50003A3A6F70657261746F72282928696E74D0
:102C600029205B77697468207454797065203D2051
:102C70004E467573696F6E4C6962436F6D6D6F6E12
:102C80003A3A534261726F6D657465724461746162
:102C90003B20696E742069436170616369747920B7
:102CA0003D20335D00000000456967656E3A3A4299
:102CB0006C6F636B3C587072547970652C20426C59
:102CC0006F636B526F77732C20426C6F636B436F33
:102CD0006C732C20496E6E657250616E656C3E3A65
:102CE0003A426C6F636B2858707254797065262C69
:102CF00020456967656E3A3A496E6465782C2045CF
:102D00006967656E3A3A496E64657829205B776930
:102D100074682058707254797065203D2045696749
:102D2000656E3A3A4D61747269783C666C6F617495
:102D30002C2031392C2031392C20302C2031392CC9
:102D40002031393E3B20696E7420426C6F636B52B8
:102D50006F7773203D20323B20696E7420426C6F88
:102D6000636B436F6C73203D20333B20626F6F6C4D
:102D700020496E6E657250616E656C203D20666103
:102D80006C73653B20456967656E3A3A496E6465C8
:102D900078203D20696E745D00000000636F6E73E3
:102DA0007420745479706526204352696E674275A9
:102DB000666665723C74547970652C206943617055
:102DC00061636974793E3A3A6F70657261746F72CB
:102DD000282928696E742920636F6E7374205B77CD
:102DE000697468207454797065203D20434261689D
:102DF000727346696C7465723A3A53496D754461F1
:102E000074613B20696E7420694361706163697409
:102E100079203D20335D0000456967656E3A3A448C
:102E2000656E7365436F65666673426173653C44A6
:102E30006572697665642C20313E3A3A5363616C61
:102E400061722620456967656E3A3A44656E73651E
:102E5000436F65666673426173653C44657269766B
:102E600065642C20313E3A3A6F70657261746F72FE
:102E7000282928456967656E3A3A496E646578295C
:102E8000205B776974682044657269766564203DCB
:102E900020456967656E3A3A4D61747269783C669F
:102EA0006C6F61742C2031392C20312C20302C2077
:102EB00031392C20313E3B205363616C6172203DDF
:102EC00020666C6F61743B20456967656E3A3A49CC
:102ED0006E646578203D20696E745D0045696765A4
:102EE0006E3A3A426C6F636B3C58707254797065FD
:102EF0002C20426C6F636B526F77732C20426C6F87
:102F0000636B436F6C732C20496E6E657250616EFB
:102F1000656C3E3A3A426C6F636B28587072547914
:102F20007065262C20456967656E3A3A496E64657E
:102F3000782C20456967656E3A3A496E6465782950
:102F4000205B776974682058707254797065203DF1
:102F500020456967656E3A3A4D61747269783C66DE
:102F60006C6F61742C2031392C2031392C20302C9D
:102F70002031392C2031393E3B20696E7420426C5F
:102F80006F636B526F7773203D2031393B20696E40
:102F90007420426C6F636B436F6C73203D20313B38
:102FA00020626F6F6C20496E6E657250616E656C49
:102FB000203D2066616C73653B20456967656E3A0C
:102FC0003A496E646578203D20696E745D000000AA
:102FD0006B6F72426C6F636B4D61702E476574420C
:102FE0006C6F636B5374617274526F77496E646572
:102FF00078286B6F72426C6F636B4D61702E476502
:1030000074426C6F636B5374617274526F77496E64
:10301000646578436F756E742829202D203129202E
:103020003C206B6F724C6566742E726F7773282923
:1030300000000000456967656E3A3A4D6174726937
:10304000783C74547970652C2069526F77734C65A5
:1030500066742C2069436F6C7352696768743E20F4
:103060004D617472697850726F64756374426C6FED
:10307000636B4C65667428636F6E73742045696773
:10308000656E3A3A4D61747269783C745479706532
:103090002C2069526F77734C6566742C2069436FDE
:1030A0006C734C6566743E262C20636F6E737420BF
:1030B000456967656E3A3A4D61747269783C74543B
:1030C0007970652C2069436F6C734C6566742C2095
:1030D00069436F6C7352696768743E262C20636F76
:1030E0006E73742043426C6F636B4D6174726978C8
:1030F0004D61702629205B7769746820745479705B
:1031000065203D20666C6F61743B20696E74206998
:10311000526F77734C656674203D2031393B2069CE
:103120006E742069436F6C734C656674203D20316A
:10313000393B20696E742069436F6C73526967680C
:1031400074203D2031395D00433A2F557365727309
:103150002F6665646F722F446174612F50726F6ABD
:103160006563745F4E452F34315F436F64655F6400
:103170006576656C6F706D656E745F776F726B2FBF
:1031800062616872732D73656E736F722D667573ED
:10319000696F6E2D6C69622D312F30315F4C696221
:1031A000726172792F7372632F43426C6F636B4D40
:1031B00061747269784D61702E6800006B6F7242A5
:1031C0006C6F636B4D61702E476574426C6F636BFF
:1031D0005374617274436F6C756D6E496E6465787B
:1031E000286B6F72426C6F636B4D61702E47657414
:1031F000426C6F636B5374617274436F6C756D6E68
:10320000496E646578436F756E742829202D2031CE
:1032100029203C206B6F724C6566742E636F6C7353
:1032200028290000456967656E3A3A44656E736502
:10323000436F65666673426173653C446572697687
:1032400065642C20303E3A3A436F65666652657479
:1032500075726E5479706520456967656E3A3A44B7
:10326000656E7365436F65666673426173653C4462
:103270006572697665642C20303E3A3A6F706572EB
:1032800061746F72282928456967656E3A3A496EFC
:103290006465782C20456967656E3A3A496E6465C5
:1032A000782920636F6E7374205B7769746820449B
:1032B000657269766564203D20456967656E3A3AB6
:1032C0004D61747269783C666C6F61742C20313981
:1032D0002C2031392C20302C2031392C2031393E12
:1032E0003B20436F65666652657475726E547970E3
:1032F00065203D20636F6E737420666C6F61742669
:103300003B20456967656E3A3A496E646578203DB1
:1033100020696E745D0000006B6F72426C6F636BAE
:103320004D61702E476574426C6F636B53746172AC
:1033300074526F77496E646578286B6F72426C6F58
:10334000636B4D61702E476574426C6F636B537491
:10335000617274526F77496E646578436F756E74ED
:103360002829202D203129203C206B6F725269675B
:1033700068742E726F7773282900000045696765AD
:103380006E3A3A4D61747269783C74547970652C68
:103390002069526F77734C6566742C2069436F6C9B
:1033A0007352696768743E204D6174726978507217
:1033B0006F64756374426C6F636B526967687428DD
:1033C000636F6E737420456967656E3A3A4D617438
:1033D0007269783C74547970652C2069526F7773E8
:1033E0004C6566742C2069436F6C734C6566743E43
:1033F000262C20636F6E737420456967656E3A3AB8
:103400004D61747269783C74547970652C206943FD
:103410006F6C734C6566742C2069436F6C735269D2
:103420006768743E262C20636F6E73742043426C71
:103430006F636B4D61747269784D61702629205BF2
:1034400077697468207454797065203D20666C6FCC
:1034500061743B20696E742069526F77734C6566A6
:1034600074203D2031393B20696E742069436F6CB4
:10347000734C656674203D2031393B20696E7420A1
:1034800069436F6C735269676874203D2031395D00
:10349000000000006B6F72426C6F636B4D61702EA9
:1034A000476574426C6F636B5374617274436F6CE5
:1034B000756D6E496E646578286B6F72426C6F63D0
:1034C0006B4D61702E476574426C6F636B53746112
:1034D0007274436F6C756D6E496E646578436F7579
:1034E0006E742829202D203129203C206B6F7252C8
:1034F000696768742E636F6C732829007374617434
:10350000696320696E742043426168727346696C16
:103510007465723A3A434572726F7253746174659E
:103520004D61703A3A5374617274496E64657828DB
:10353000454572726F72537461746573290000009F
:10354000433A2F55736572732F6665646F722F440B
:103550006174612F50726F6A6563745F4E452F34DA
:10356000315F436F64655F646576656C6F706D6530
:103570006E745F776F726B2F62616872732D736503
:103580006E736F722D667573696F6E2D6C69622D27
:10359000312F30315F4C6962726172792F737263BF
:1035A0002F43426168727346696C7465724572722A
:1035B0006F7253746174654D61702E63707000009A
:1035C00073746174696320636F6E73742043426126
:1035D00068727346696C7465723A3A5354756E69D1
:1035E0006E67506172616D73262043426168727329
:1035F00046696C7465723A3A434B6654756E696EEF
:1036000067506172616D7344617461626173653AA0
:103610003A476574506172616D73284E46757369DF
:103620006F6E4C6962436F6D6D6F6E3A3A455365CC
:103630006E736F7249642900433A2F557365727334
:103640002F6665646F722F446174612F50726F6AC8
:103650006563745F4E452F34315F436F64655F640B
:103660006576656C6F706D656E745F776F726B2FCA
:1036700062616872732D73656E736F722D667573F8
:10368000696F6E2D6C69622D312F30315F4C69622C
:10369000726172792F7372632F434261687273464D
:1036A000696C74657254756E696E67506172616D94
:1036B0007344617461626173652E63707000000011
:1036C00073746174696320666C6F61742043426136
:1036D00068727346696C7465723A3A434B66547506
:1036E0006E696E67506172616D734461746162618D
:1036F00073653A3A47657450726573737572654EB7
:103700006F697365566172284E467573696F6E4CAA
:103710006962436F6D6D6F6E3A3A4553656E736FB4
:10372000724964290000000069426C6F636B537436
:10373000617274526F77496E646578436F756E7409
:103740005F203E203000000043426C6F636B4D6190
:10375000747269784D61703A3A43426C6F636B4D95
:1037600061747269784D6170287374643A3A696E55
:10377000697469616C697A65725F6C6973743C69BC
:103780006E743E2C207374643A3A696E6974696190
:103790006C697A65725F6C6973743C696E743E2CF7
:1037A000207374643A3A696E697469616C697A6508
:1037B000725F6C6973743C7374643A3A696E6974CD
:1037C00069616C697A65725F6C6973743C626F6F72
:1037D0006C3E203E29000000433A2F5573657273FA
:1037E0002F6665646F722F446174612F50726F6A27
:1037F0006563745F4E452F34315F436F64655F646A
:103800006576656C6F706D656E745F776F726B2F28
:1038100062616872732D73656E736F722D66757356
:10382000696F6E2D6C69622D312F30315F4C69628A
:10383000726172792F7372632F43426C6F636B4DA9
:1038400061747269784D61702E63707000000000C1
:1038500069426C6F636B5374617274436F6C756D06
:103860006E496E646578436F756E745F203E2030DC
:103870000000000069426C6F636B53746172745294
:103880006F77496E646578436F756E745F203C3D59
:1038900020736B694D6178426C6F636B436F756E1B
:1038A000745F000069426C6F636B537461727443A0
:1038B0006F6C756D6E496E646578436F756E745F7D
:1038C000203C3D20736B694D6178426C6F636B43A4
:1038D0006F756E745F00000030203D3D2069456CBF
:1038E000656D656E7400000069456C656D656E748C
:1038F000203E206950726576696F75730000000084
:103900006F49735A65726F426C6F636B4D61702EB5
:1039100073697A652829203D3D2073746174696359
:103920005F636173743C73697A655F743E286942B2
:103930006C6F636B5374617274526F77496E646518
:1039400078436F756E745F29000000006B6F724CD6
:103950006973742E73697A652829203D3D2073743C
:10396000617469635F636173743C73697A655F74E2
:103970003E2869426C6F636B5374617274436F6C61
:10398000756D6E496E646578436F756E745F29005E
:1039900069496E646578203E3D203000696E742070
:1039A00043426C6F636B4D61747269784D61703A1C
:1039B0003A476574426C6F636B5374617274526FF3
:1039C00077496E64657828696E742920636F6E7319
:1039D0007400000069496E646578203C2069426C7F
:1039E0006F636B5374617274526F77496E6465785C
:1039F000436F756E745F0000696E742043426C6F94
:103A0000636B4D61747269784D61703A3A476574C1
:103A1000426C6F636B5374617274436F6C756D6E3F
:103A2000496E64657828696E742920636F6E7374BB
:103A30000000000069496E646578203C2069426C92
:103A40006F636B5374617274436F6C756D6E496E06
:103A5000646578436F756E745F00000069526F771C
:103A6000496E646578203E3D20300000626F6F6CC7
:103A70002043426C6F636B4D61747269784D617065
:103A80003A3A49735A65726F426C6F636B28696E7C
:103A9000742C20696E742920636F6E7374000000AB
:103AA00069436F6C496E646578203E3D20300000AC
:103AB00069526F77496E646578203C2069426C6F6B
:103AC000636B5374617274526F77496E64657843A7
:103AD0006F756E745F00000069436F6C496E6465BA
:103AE00078203C2069426C6F636B5374617274433D
:103AF0006F6C756D6E496E646578436F756E745F3B
:103B0000000000007374643A3A697366696E697400
:103B10006528664375746F66664672657175656E75
:103B20006379487A29000000766F69642043427502
:103B300074746572776F7274684C6F7750617373C9
:103B400046696C746572323A3A436F6E666967759E
:103B5000726528666C6F61742C20666C6F617429C5
:103B600000000000433A2F55736572732F66656439
:103B70006F722F446174612F50726F6A6563745F56
:103B80004E452F34315F436F64655F646576656CC5
:103B90006F706D656E745F776F726B2F62616872A4
:103BA000732D73656E736F722D667573696F6E2DED
:103BB0006C69622D312F30315F4C696272617279AC
:103BC0002F7372632F43427574746572776F7274CA
:103BD000684C6F775061737346696C746572322EEE
:103BE00063707000664375746F66664672657175C2
:103BF000656E6379487A203E20302E304600000002
:103C00007374643A3A697366696E697465286653B9
:103C1000616D706C696E674672657175656E63790A
:103C2000487A29006653616D706C696E67467265EB
:103C30007175656E6379487A203E20302E304600DB
:103C4000664375746F66664672657175656E6379F5
:103C5000487A203C2028302E3546202A20665361A1
:103C60006D706C696E674672657175656E637948D3
:103C70007A29000073746174696320666C6F6174E3
:103C800020435061726974794D6F6E69746F723A36
:103C90003A636F6D707574654465636973696F6EBF
:103CA0005661726961626C6528636F6E737420453A
:103CB0006967656E3A3A566563746F723366262C8F
:103CC00020636F6E737420456967656E3A3A566576
:103CD00063746F723366262C20696E7429000000AD
:103CE000433A2F55736572732F6665646F722F4464
:103CF0006174612F50726F6A6563745F4E452F3433
:103D0000315F436F64655F646576656C6F706D6588
:103D10006E745F776F726B2F62616872732D73655B
:103D20006E736F722D667573696F6E2D6C69622D7F
:103D3000312F30315F4C6962726172792F73726317
:103D40002F435061726974794D6F6E69746F722E72
:103D50006370700073746174696320666C6F617462
:103D600020435061726974794D6F6E69746F723A55
:103D70003A6765744465636973696F6E5468726508
:103D800073686F6C6428636F6E7374205350617234
:103D9000616D6574657273262C20696E742900004C
:103DA00073746174696320666C6F61742043506141
:103DB000726974794D6F6E69746F723A3A6765749F
:103DC0004C6F77706173734465636973696F6E5488
:103DD00068726573686F6C6428636F6E73742053C8
:103DE000506172616D6574657273262C20696E7402
:103DF000290000004172726179456C656D656E74D1
:103E0000547970652620544C6162656C656441721A
:103E1000726179496E7465726E616C3C4172726157
:103E200079456C656D656E74547970652C204C61B4
:103E300062656C456E756D3E3A3A6F70657261747D
:103E40006F725B5D284C6162656C456E756D2920F3
:103E50005B77697468204172726179456C656D6544
:103E60006E7454797065203D204350617269747995
:103E70004D6F6E69746F723B204C6162656C456E6C
:103E8000756D203D204E496D754D6F6E69746F7272
:103E90004170693A3A5341727261794C6162656C62
:103EA00065644279496D755369676E616C733A3A1E
:103EB000456E756D547970655D00000041727261E8
:103EC00079456C656D656E74547970652620544C27
:103ED0006162656C65644172726179496E74657284
:103EE0006E616C3C4172726179456C656D656E7492
:103EF000547970652C204C6162656C456E756D3E21
:103F00003A3A6F70657261746F725B5D284C6162E2
:103F1000656C456E756D29205B7769746820417208
:103F2000726179456C656D656E7454797065203D7C
:103F3000204E4D6F6E69746F7254797065733A3AA2
:103F400045446574656374696F6E526573756C740E
:103F50003B204C6162656C456E756D203D204E497D
:103F60006D754D6F6E69746F724170693A3A534165
:103F7000727261794C6162656C65644279496D75F4
:103F80005369676E616C733A3A456E756D5479701A
:103F9000655D0000636F6E737420417272617945D4
:103FA0006C656D656E74547970652620544C616241
:103FB000656C65644172726179496E7465726E6197
:103FC0006C3C4172726179456C656D656E745479B3
:103FD00070652C204C6162656C456E756D3E3A3A99
:103FE0006F70657261746F725B5D284C6162656CA5
:103FF000456E756D2920636F6E7374205B776974ED
:1040000068204172726179456C656D656E74547992
:104010007065203D204E467573696F6E4C69624332
:104020006F6D6D6F6E3A3A53496D754D656173757D
:1040300072656D656E743B204C6162656C456E7592
:104040006D203D204E4D6F6E69746F7254797065AE
:10405000733A3A53526564756E64616E7453656E5B
:10406000736F7244617461417272617954656D70ED
:104070006C6174653A3A456E756D547970655D0092
:10408000766F6964205453656E736F724D6F6E69FD
:10409000746F723C4D6F6E69746F72506F6C6963B0
:1040A000793E3A3A707265706172654F75747075D9
:1040B0007428636F6E737420526564756E64616EEC
:1040C00074496E70757444617461262C204F757448
:1040D000707574446174612629205B776974682067
:1040E0004D6F6E69746F72506F6C696379203D20FB
:1040F00043496D754D6F6E69746F72506F6C696373
:10410000793C4E467573696F6E4C6962436F6D6D95
:104110006F6E3A3A4553656E736F7249643A3A6509
:10412000536368613633542C204E467573696F6E45
:104130004C6962436F6D6D6F6E3A3A4553656E73AD
:104140006F7249643A3A6549636D3230373839499C
:104150006D75312C204E467573696F6E4C696243E4
:104160006F6D6D6F6E3A3A4553656E736F72496449
:104170003A3A6549636D3230373839496D75323EA8
:104180003B20526564756E64616E74496E7075741F
:1041900044617461203D204E4D6F6E69746F72549E
:1041A000797065733A3A54526564756E64616E74E1
:1041B00053656E736F72446174613C4E46757369EA
:1041C0006F6E4C6962436F6D6D6F6E3A3A53496D15
:1041D000754D6561737572656D656E742C204E4604
:1041E0007573696F6E4C6962436F6D6D6F6E3A3AAD
:1041F0004553656E736F7249643A3A6553636861FB
:104200003633542C204E467573696F6E4C69624389
:104210006F6D6D6F6E3A3A4553656E736F72496498
:104220003A3A6549636D3230373839496D75312C0A
:10423000204E467573696F6E4C6962436F6D6D6F8A
:104240006E3A3A4553656E736F7249643A3A6549FE
:10425000636D3230373839496D75323E3B204F75CA
:104260007470757444617461203D204E4D6F6E69A9
:10427000746F7254797065733A3A544D756C746901
:1042800064696D656E73696F6E616C5369676E61A9
:104290006C3C4E496D754D6F6E69746F72417069FB
:1042A0003A3A5341727261794C6162656C6564425D
:1042B00079496D755369676E616C733E5D000000EE
:1042C000766F6964205453656E736F724D6F6E69BB
:1042D000746F723C4D6F6E69746F72506F6C69636E
:1042E000793E3A3A707265706172654F7574707597
:1042F0007428636F6E737420526564756E64616EAA
:1043000074496E70757444617461262C204F757405
:10431000707574446174612629205B776974682024
:104320004D6F6E69746F72506F6C696379203D20B8
:1043300043496D754D6F6E69746F72506F6C696330
:10434000793C4E467573696F6E4C6962436F6D6D53
:104350006F6E3A3A4553656E736F7249643A3A65C7
:10436000536368613633542C204E467573696F6E03
:104370004C6962436F6D6D6F6E3A3A4553656E736B
:104380006F7249643A3A65426D693237302C204E7B
:10439000467573696F6E4C6962436F6D6D6F6E3AEF
:1043A0003A4553656E736F7249643A3A6541736D6D
:1043B0003333303E3B20526564756E64616E7449E0
:1043C0006E70757444617461203D204E4D6F6E694E
:1043D000746F7254797065733A3A54526564756EAD
:1043E00064616E7453656E736F72446174613C4EA8
:1043F000467573696F6E4C6962436F6D6D6F6E3A8F
:104400003A53496D754D6561737572656D656E746E
:104410002C204E467573696F6E4C6962436F6D6DEB
:104420006F6E3A3A4553656E736F7249643A3A65F6
:10443000536368613633542C204E467573696F6E32
:104440004C6962436F6D6D6F6E3A3A4553656E739A
:104450006F7249643A3A65426D693237302C204EAA
:10446000467573696F6E4C6962436F6D6D6F6E3A1E
:104470003A4553656E736F7249643A3A6541736D9C
:104480003333303E3B204F757470757444617461F2
:10449000203D204E4D6F6E69746F72547970657354
:1044A0003A3A544D756C746964696D656E73696FE1
:1044B0006E616C5369676E616C3C4E496D754D6FF2
:1044C0006E69746F724170693A3A534172726179E0
:1044D0004C6162656C65644279496D755369676EBC
:1044E000616C733E5D0000007374617469632066E3
:1044F0006C6F61742043496D754D6F6E69746F7296
:10450000506F6C6963793C53656E736F72496431A7
:104510002C2053656E736F724964322C2053656E84
:10452000736F724964333E3A3A67657446696C74D6
:10453000657265645369676E616C56617269616E1C
:104540006365496D706C284E467573696F6E4C6972
:1045500062436F6D6D6F6E3A3A4553656E736F725D
:1045600049642C20747970656E616D6520434261E9
:104570007365436C6173733A3A455363616C61725E
:104580005369676E616C4C6162656C732C20636F5C
:104590006E737420747970656E616D65204342613D
:1045A0007365436C6173733A3A435363616C617230
:1045B0005369676E616C732629205B776974682084
:1045C0004E467573696F6E4C6962436F6D6D6F6EA9
:1045D0003A3A4553656E736F7249642053656E7342
:1045E0006F72496431203D204E467573696F6E4C81
:1045F0006962436F6D6D6F6E3A3A4553656E736FC6
:104600007249643A3A65536368613633543B204ECD
:10461000467573696F6E4C6962436F6D6D6F6E3A6C
:104620003A4553656E736F7249642053656E736FBC
:1046300072496432203D204E467573696F6E4C6935
:1046400062436F6D6D6F6E3A3A4553656E736F726C
:1046500049643A3A6549636D3230373839496D7586
:10466000313B204E467573696F6E4C6962436F6DC6
:104670006D6F6E3A3A4553656E736F72496420539D
:10468000656E736F72496433203D204E46757369C1
:104690006F6E4C6962436F6D6D6F6E3A3A4553654C
:1046A0006E736F7249643A3A6549636D32303738D8
:1046B00039496D75323B20747970656E616D652086
:1046C0004342617365436C6173733A3A4553636166
:1046D0006C61725369676E616C4C6162656C7320CA
:1046E0003D204E496D754D6F6E69746F72417069F2
:1046F0003A3A5341727261794C6162656C65644209
:1047000079496D755369676E616C733A3A456E7598
:104710006D547970653B204342617365436C6173EE
:1047200073203D20544D6F6E69746F72506F6C69C9
:104730006379426173653C43496D754D6F6E697471
:104740006F72506F6C6963793C4E467573696F6E1A
:104750004C6962436F6D6D6F6E3A3A4553656E7387
:104760006F7249643A3A65536368613633542C205A
:104770004E467573696F6E4C6962436F6D6D6F6EF7
:104780003A3A4553656E736F7249643A3A654963C4
:104790006D3230373839496D75312C204E4675737E
:1047A000696F6E4C6962436F6D6D6F6E3A3A455337
:1047B000656E736F7249643A3A6549636D3230379A
:1047C0003839496D75323E2C204E467573696F6ECF
:1047D0004C6962436F6D6D6F6E3A3A53496D754D1A
:1047E0006561737572656D656E742C204E467573C8
:1047F000696F6E4C6962436F6D6D6F6E3A3A4553E7
:10480000656E736F7249643A3A6553636861363313
:10481000542C204E467573696F6E4C6962436F6D00
:104820006D6F6E3A3A4553656E736F7249643A3AEA
:104830006549636D3230373839496D75312C204EFA
:10484000467573696F6E4C6962436F6D6D6F6E3A3A
:104850003A4553656E736F7249643A3A6549636DC0
:104860003230373839496D75322C204E496D754DCF
:104870006F6E69746F724170693A3A534172726136
:10488000794C6162656C65644279496D75536967FD
:104890006E616C732C203230303E3B207479706531
:1048A0006E616D65204342617365436C6173733A59
:1048B0003A435363616C61725369676E616C732034
:1048C0003D20544C6162656C656441727261794946
:1048D0006E7465726E616C3C666C6F61742C204EF8
:1048E000496D754D6F6E69746F724170693A3A53D4
:1048F00041727261794C6162656C65644279496D9F
:10490000755369676E616C733A3A456E756D54798B
:1049100070653E5D00000000433A2F557365727369
:104920002F6665646F722F446174612F50726F6AD5
:104930006563745F4E452F34315F436F64655F6418
:104940006576656C6F706D656E745F776F726B2FD7
:1049500062616872732D73656E736F722D66757305
:10496000696F6E2D6C69622D312F30315F4C696239
:10497000726172792F7372632F43496D754D6F6E3B
:1049800069746F722E6800007374617469632066C5
:104990006C6F61742043496D754D6F6E69746F72F1
:1049A000506F6C6963793C53656E736F7249643103
:1049B0002C2053656E736F724964322C2053656EE0
:1049C000736F724964333E3A3A6765745363616C3E
:1049D00061725369676E616C42794C6162656C49C2
:1049E0006D706C28636F6E7374204E467573696FBB
:1049F0006E4C6962436F6D6D6F6E3A3A53496D75D7
:104A00004D6561737572656D656E74262C204E4917
:104A10006D754D6F6E69746F724170693A3A5341AA
:104A2000727261794C6162656C65644279496D7539
:104A30005369676E616C733A3A456E756D5479705F
:104A40006529205B77697468204E467573696F6EBF
:104A50004C6962436F6D6D6F6E3A3A4553656E7384
:104A60006F7249642053656E736F72496431203DE3
:104A7000204E467573696F6E4C6962436F6D6D6F42
:104A80006E3A3A4553656E736F7249643A3A6553AC
:104A90006368613633543B204E467573696F6E4CC4
:104AA0006962436F6D6D6F6E3A3A4553656E736F11
:104AB0007249642053656E736F72496432203D20E1
:104AC0004E467573696F6E4C6962436F6D6D6F6EA4
:104AD0003A3A4553656E736F7249643A3A65496371
:104AE0006D3230373839496D75313B204E4675731C
:104AF000696F6E4C6962436F6D6D6F6E3A3A4553E4
:104B0000656E736F7249642053656E736F7249648A
:104B100033203D204E467573696F6E4C6962436F5A
:104B20006D6D6F6E3A3A4553656E736F7249643AB4
:104B30003A6549636D3230373839496D75325D00F9
:104B40004172726179456C656D656E7454797065FA
:104B50002620544C6162656C6564417272617949CA
:104B60006E7465726E616C3C4172726179456C6500
:104B70006D656E74547970652C204C6162656C456E
:104B80006E756D3E3A3A6F70657261746F725B5DFF
:104B9000284C6162656C456E756D29205B77697480
:104BA00068204172726179456C656D656E745479E7
:104BB0007065203D20666C6F61743B204C616265BE
:104BC0006C456E756D203D204E496D754D6F6E695B
:104BD000746F724170693A3A5341727261794C61F3
:104BE00062656C65644279496D755369676E616C85
:104BF000733A3A456E756D547970655D000000003A
:104C000073746174696320666C6F61742043496DCD
:104C1000754D6F6E69746F72506F6C6963793C5338
:104C2000656E736F724964312C2053656E736F72B9
:104C30004964322C2053656E736F724964333E3A77
:104C40003A6765745369676E616C56617269616E2B
:104C50006365496D706C284E467573696F6E4C695B
:104C600062436F6D6D6F6E3A3A4553656E736F7246
:104C700049642C20747970656E616D6520434261D2
:104C80007365436C6173733A3A455363616C617247
:104C90005369676E616C4C6162656C732C20636F45
:104CA0006E737420747970656E616D652043426126
:104CB0007365436C6173733A3A434D656173757202
:104CC000656D656E742629205B77697468204E4691
:104CD0007573696F6E4C6962436F6D6D6F6E3A3AB2
:104CE0004553656E736F7249642053656E736F72BE
:104CF000496431203D204E467573696F6E4C696280
:104D0000436F6D6D6F6E3A3A4553656E736F7249BE
:104D1000643A3A65536368613633543B204E4675B6
:104D200073696F6E4C6962436F6D6D6F6E3A3A4591
:104D300053656E736F7249642053656E736F724969
:104D40006432203D204E467573696F6E4C69624334
:104D50006F6D6D6F6E3A3A4553656E736F7249644D
:104D60003A3A6549636D3230373839496D75313BB0
:104D7000204E467573696F6E4C6962436F6D6D6F3F
:104D80006E3A3A4553656E736F7249642053656E8F
:104D9000736F72496433203D204E467573696F6EA0
:104DA0004C6962436F6D6D6F6E3A3A4553656E7331
:104DB0006F7249643A3A6549636D32303738394920
:104DC0006D75323B20747970656E616D652043426C
:104DD000617365436C6173733A3A455363616C6107
:104DE000725369676E616C4C6162656C73203D2023
:104DF0004E496D754D6F6E69746F724170693A3AC4
:104E00005341727261794C6162656C6564427949A3
:104E10006D755369676E616C733A3A456E756D5482
:104E20007970653B204342617365436C6173732005
:104E30003D20544D6F6E69746F72506F6C69637969
:104E4000426173653C43496D754D6F6E69746F7255
:104E5000506F6C6963793C4E467573696F6E4C692F
:104E600062436F6D6D6F6E3A3A4553656E736F7244
:104E700049643A3A65536368613633542C204E4690
:104E80007573696F6E4C6962436F6D6D6F6E3A3A00
:104E90004553656E736F7249643A3A6549636D3282
:104EA00030373839496D75312C204E467573696F2E
:104EB0006E4C6962436F6D6D6F6E3A3A4553656E25
:104EC000736F7249643A3A6549636D3230373839E5
:104ED000496D75323E2C204E467573696F6E4C6974
:104EE00062436F6D6D6F6E3A3A53496D754D6561F2
:104EF000737572656D656E742C204E467573696F9F
:104F00006E4C6962436F6D6D6F6E3A3A4553656ED4
:104F1000736F7249643A3A65536368613633542C4F
:104F2000204E467573696F6E4C6962436F6D6D6F8D
:104F30006E3A3A4553656E736F7249643A3A654901
:104F4000636D3230373839496D75312C204E4675D6
:104F500073696F6E4C6962436F6D6D6F6E3A3A455F
:104F600053656E736F7249643A3A6549636D3230C6
:104F7000373839496D75322C204E496D754D6F6E3D
:104F800069746F724170693A3A5341727261794C37
:104F90006162656C65644279496D755369676E61DC
:104FA0006C732C203230303E3B20747970656E611A
:104FB0006D65204342617365436C6173733A3A4394
:104FC0004D6561737572656D656E74203D204E464A
:104FD0007573696F6E4C6962436F6D6D6F6E3A3AAF
:104FE00053496D754D6561737572656D656E745D60
:104FF0000000000073746174696320666C6F6174F3
:105000002043496D754D6F6E69746F72506F6C6996
:1050100063793C53656E736F724964312C2053651C
:105020006E736F724964322C2053656E736F7249D0
:1050300064333E3A3A67657446696C7465726564B8
:105040005369676E616C56617269616E6365496D23
:10505000706C284E467573696F6E4C6962436F6D54
:105060006D6F6E3A3A4553656E736F7249642C20CA
:10507000747970656E616D65204342617365436C40
:105080006173733A3A455363616C61725369676E39
:10509000616C4C6162656C732C20636F6E7374205D
:1050A000747970656E616D65204342617365436C10
:1050B0006173733A3A435363616C61725369676E0B
:1050C000616C732629205B77697468204E4675737E
:1050D000696F6E4C6962436F6D6D6F6E3A3A4553FE
:1050E000656E736F7249642053656E736F724964A5
:1050F00031203D204E467573696F6E4C6962436F77
:105100006D6D6F6E3A3A4553656E736F7249643ACE
:105110003A65536368613633543B204E4675736974
:105120006F6E4C6962436F6D6D6F6E3A3A455365B1
:105130006E736F7249642053656E736F7249643287
:10514000203D204E467573696F6E4C6962436F6DEA
:105150006D6F6E3A3A4553656E736F7249643A3AB1
:1051600065426D693237303B204E467573696F6E0C
:105170004C6962436F6D6D6F6E3A3A4553656E735D
:105180006F7249642053656E736F72496433203DBA
:10519000204E467573696F6E4C6962436F6D6D6F1B
:1051A0006E3A3A4553656E736F7249643A3A654197
:1051B000736D3333303B20747970656E616D65209B
:1051C0004342617365436C6173733A3A455363615B
:1051D0006C61725369676E616C4C6162656C7320BF
:1051E0003D204E496D754D6F6E69746F72417069E7
:1051F0003A3A5341727261794C6162656C656442FE
:1052000079496D755369676E616C733A3A456E758D
:105210006D547970653B204342617365436C6173E3
:1052200073203D20544D6F6E69746F72506F6C69BE
:105230006379426173653C43496D754D6F6E697466
:105240006F72506F6C6963793C4E467573696F6E0F
:105250004C6962436F6D6D6F6E3A3A4553656E737C
:105260006F7249643A3A65536368613633542C204F
:105270004E467573696F6E4C6962436F6D6D6F6EEC
:105280003A3A4553656E736F7249643A3A65426DB6
:10529000693237302C204E467573696F6E4C6962E7
:1052A000436F6D6D6F6E3A3A4553656E736F724919
:1052B000643A3A6541736D3333303E2C204E467567
:1052C00073696F6E4C6962436F6D6D6F6E3A3A53DE
:1052D000496D754D6561737572656D656E742C20D1
:1052E0004E467573696F6E4C6962436F6D6D6F6E7C
:1052F0003A3A4553656E736F7249643A3A6553633F
:1053000068613633542C204E467573696F6E4C6954
:1053100062436F6D6D6F6E3A3A4553656E736F728F
:1053200049643A3A65426D693237302C204E4675F1
:1053300073696F6E4C6962436F6D6D6F6E3A3A457B
:1053400053656E736F7249643A3A6541736D3333D6
:10535000302C204E496D754D6F6E69746F724170BF
:10536000693A3A5341727261794C6162656C656465
:105370004279496D755369676E616C732C203230C8
:10538000303E3B20747970656E616D6520434261EB
:105390007365436C6173733A3A435363616C617232
:1053A0005369676E616C73203D20544C6162656C7B
:1053B00065644172726179496E7465726E616C3CAC
:1053C000666C6F61742C204E496D754D6F6E6974FB
:1053D0006F724170693A3A5341727261794C6162FD
:1053E000656C65644279496D755369676E616C736C
:1053F0003A3A456E756D547970653E5D0000000067
:1054000073746174696320666C6F61742043496DC5
:10541000754D6F6E69746F72506F6C6963793C5330
:10542000656E736F724964312C2053656E736F72B1
:105430004964322C2053656E736F724964333E3A6F
:105440003A6765745363616C61725369676E616C2E
:1054500042794C6162656C496D706C28636F6E7344
:1054600074204E467573696F6E4C6962436F6D6D43
:105470006F6E3A3A53496D754D6561737572656D1E
:10548000656E74262C204E496D754D6F6E69746F74
:10549000724170693A3A5341727261794C61626546
:1054A0006C65644279496D755369676E616C733AD6
:1054B0003A456E756D5479706529205B776974681B
:1054C000204E467573696F6E4C6962436F6D6D6FE8
:1054D0006E3A3A4553656E736F7249642053656E38
:1054E000736F72496431203D204E467573696F6E4B
:1054F0004C6962436F6D6D6F6E3A3A4553656E73DA
:105500006F7249643A3A65536368613633543B209D
:105510004E467573696F6E4C6962436F6D6D6F6E49
:105520003A3A4553656E736F7249642053656E73E2
:105530006F72496432203D204E467573696F6E4C20
:105540006962436F6D6D6F6E3A3A4553656E736F66
:105550007249643A3A65426D693237303B204E46B3
:105560007573696F6E4C6962436F6D6D6F6E3A3A19
:105570004553656E736F7249642053656E736F7225
:10558000496433203D204E467573696F6E4C6962E5
:10559000436F6D6D6F6E3A3A4553656E736F724926
:1055A000643A3A6541736D3333305D0073746174EE
:1055B000696320666C6F61742043496D754D6F6E31
:1055C00069746F72506F6C6963793C53656E736F69
:1055D000724964312C2053656E736F724964322CAA
:1055E0002053656E736F724964333E3A3A6765744F
:1055F0005369676E616C56617269616E6365496D6E
:10560000706C284E467573696F6E4C6962436F6D9E
:105610006D6F6E3A3A4553656E736F7249642C2014
:10562000747970656E616D65204342617365436C8A
:105630006173733A3A455363616C61725369676E83
:10564000616C4C6162656C732C20636F6E737420A7
:10565000747970656E616D65204342617365436C5A
:105660006173733A3A434D6561737572656D656E2A
:10567000742629205B77697468204E467573696FBC
:105680006E4C6962436F6D6D6F6E3A3A4553656E4D
:10569000736F7249642053656E736F724964312071
:1056A0003D204E467573696F6E4C6962436F6D6D38
:1056B0006F6E3A3A4553656E736F7249643A3A6554
:1056C000536368613633543B204E467573696F6E81
:1056D0004C6962436F6D6D6F6E3A3A4553656E73F8
:1056E0006F7249642053656E736F72496432203D56
:1056F000204E467573696F6E4C6962436F6D6D6FB6
:105700006E3A3A4553656E736F7249643A3A654230
:105710006D693237303B204E467573696F6E4C6948
:1057200062436F6D6D6F6E3A3A4553656E736F727B
:1057300049642053656E736F72496433203D204E77
:10574000467573696F6E4C6962436F6D6D6F6E3A2B
:105750003A4553656E736F7249643A3A6541736DA9
:105760003333303B20747970656E616D6520434240
:10577000617365436C6173733A3A455363616C615D
:10578000725369676E616C4C6162656C73203D2079
:105790004E496D754D6F6E69746F724170693A3A1A
:1057A0005341727261794C6162656C6564427949FA
:1057B0006D755369676E616C733A3A456E756D54D9
:1057C0007970653B204342617365436C617373205C
:1057D0003D20544D6F6E69746F72506F6C696379C0
:1057E000426173653C43496D754D6F6E69746F72AC
:1057F000506F6C6963793C4E467573696F6E4C6986
:1058000062436F6D6D6F6E3A3A4553656E736F729A
:1058100049643A3A65536368613633542C204E46E6
:105820007573696F6E4C6962436F6D6D6F6E3A3A56
:105830004553656E736F7249643A3A65426D6932D9
:1058400037302C204E467573696F6E4C6962436F1A
:105850006D6D6F6E3A3A4553656E736F7249643A77
:105860003A6541736D3333303E2C204E4675736973
:105870006F6E4C6962436F6D6D6F6E3A3A53496D4E
:10588000754D6561737572656D656E742C204E463D
:105890007573696F6E4C6962436F6D6D6F6E3A3AE6
:1058A0004553656E736F7249643A3A655363686134
:1058B0003633542C204E467573696F6E4C696243C3
:1058C0006F6D6D6F6E3A3A4553656E736F724964D2
:1058D0003A3A65426D693237302C204E467573690D
:1058E0006F6E4C6962436F6D6D6F6E3A3A455365EA
:1058F0006E736F7249643A3A6541736D3333302C7D
:10590000204E496D754D6F6E69746F724170693AC2
:105910003A5341727261794C6162656C6564427997
:10592000496D755369676E616C732C203230303E5F
:105930003B20747970656E616D65204342617365CB
:10594000436C6173733A3A434D6561737572656D6B
:10595000656E74203D204E467573696F6E4C6962AA
:10596000436F6D6D6F6E3A3A53496D754D65617356
:105970007572656D656E745D000000004172726144
:1059800079456C656D656E74547970652620544C4C
:105990006162656C65644172726179496E746572A9
:1059A0006E616C3C4172726179456C656D656E74B7
:1059B000547970652C204C6162656C456E756D3E46
:1059C0003A3A6F70657261746F725B5D284C616208
:1059D000656C456E756D29205B776974682041722E
:1059E000726179456C656D656E7454797065203DA2
:1059F00020435061726974794D6F6E69746F723BA8
:105A0000204C6162656C456E756D203D204E56657B
:105A100072746963616C4368616E6E656C4D6F6E24
:105A200069746F724170693A3A5341727261794C8C
:105A30006162656C65644279566572746963616C14
:105A40004368616E6E656C5369676E616C733A3A58
:105A5000456E756D547970655D000000636F6E73FF
:105A600074204172726179456C656D656E7454790C
:105A700070652620544C6162656C65644172726188
:105A800079496E7465726E616C3C417272617945E0
:105A90006C656D656E74547970652C204C6162651F
:105AA0006C456E756D3E3A3A6F70657261746F72D7
:105AB0005B5D284C6162656C456E756D2920636F76
:105AC0006E7374205B7769746820417272617945E6
:105AD0006C656D656E7454797065203D204E467519
:105AE00073696F6E4C6962436F6D6D6F6E3A3A53B6
:105AF000566572746963616C4368616E6E656C446F
:105B00006174613B204C6162656C456E756D203D32
:105B1000204E4D6F6E69746F7254797065733A3AA6
:105B200053526564756E64616E7453656E736F7203
:105B300044617461417272617954656D706C617415
:105B4000653A3A456E756D547970655D00000000E8
:105B50004172726179456C656D656E7454797065DA
:105B60002620544C6162656C6564417272617949AA
:105B70006E7465726E616C3C4172726179456C65E0
:105B80006D656E74547970652C204C6162656C454E
:105B90006E756D3E3A3A6F70657261746F725B5DDF
:105BA000284C6162656C456E756D29205B77697460
:105BB00068204172726179456C656D656E745479C7
:105BC0007065203D20666C6F61743B204C6162659E
:105BD0006C456E756D203D204E566572746963612B
:105BE0006C4368616E6E656C4D6F6E69746F724167
:105BF00070693A3A5341727261794C6162656C65C1
:105C0000644279566572746963616C4368616E6E53
:105C1000656C5369676E616C733A3A456E756D5485
:105C20007970655D000000004172726179456C65B4
:105C30006D656E74547970652620544C6162656C94
:105C400065644172726179496E7465726E616C3C13
:105C50004172726179456C656D656E7454797065D9
:105C60002C204C6162656C456E756D3E3A3A6F70E2
:105C7000657261746F725B5D284C6162656C456E24
:105C8000756D29205B77697468204172726179456E
:105C90006C656D656E7454797065203D204E4D6F56
:105CA0006E69746F7254797065733A3A45446574DD
:105CB000656374696F6E526573756C743B204C61DB
:105CC00062656C456E756D203D204E566572746937
:105CD00063616C4368616E6E656C4D6F6E69746F65
:105CE000724170693A3A5341727261794C616265EE
:105CF0006C65644279566572746963616C4368616E
:105D00006E6E656C5369676E616C733A3A456E7579
:105D10006D547970655D0000766F69642054536539
:105D20006E736F724D6F6E69746F723C4D6F6E69FA
:105D3000746F72506F6C6963793E3A3A7072657035
:105D40006172654F757470757428636F6E7374201B
:105D5000526564756E64616E74496E7075744461E9
:105D60007461262C204F75747075744461746126BB
:105D700029205B77697468204D6F6E69746F72506B
:105D80006F6C696379203D20435665727469636165
:105D90006C4368616E6E656C4D6F6E69746F7250A6
:105DA0006F6C6963793B20526564756E64616E74D3
:105DB000496E70757444617461203D204E4D6F6E64
:105DC00069746F7254797065733A3A5452656475A8
:105DD0006E64616E7453656E736F72446174613C7E
:105DE0004E467573696F6E4C6962436F6D6D6F6E71
:105DF0003A3A53566572746963616C4368616E6EBA
:105E0000656C446174612C204E467573696F6E4CED
:105E10006962436F6D6D6F6E3A3A4553656E736F8D
:105E20007249643A3A65426168727346696C746596
:105E300072312C204E467573696F6E4C6962436FE8
:105E40006D6D6F6E3A3A4553656E736F7249643A81
:105E50003A65426168727346696C746572322C20CF
:105E60004E467573696F6E4C6962436F6D6D6F6EF0
:105E70003A3A4553656E736F7249643A3A654261C6
:105E800068727346696C746572333E3B204F75745B
:105E900070757444617461203D204E4D6F6E69745D
:105EA0006F7254797065733A3A544D756C746964C5
:105EB000696D656E73696F6E616C5369676E616C55
:105EC0003C4E566572746963616C4368616E6E65C1
:105ED0006C4D6F6E69746F724170693A3A534172DA
:105EE0007261794C6162656C656442795665727461
:105EF0006963616C4368616E6E656C5369676E615E
:105F00006C733E5D00000000737461746963206609
:105F10006C6F61742043566572746963616C436889
:105F2000616E6E656C4D6F6E69746F72506F6C69E7
:105F300063793A3A6765745363616C617253696758
:105F40006E616C42794C6162656C496D706C28635E
:105F50006F6E7374204E467573696F6E4C69624341
:105F60006F6D6D6F6E3A3A53566572746963616C0A
:105F70004368616E6E656C44617461262C204E56D8
:105F80006572746963616C4368616E6E656C4D6FB8
:105F90006E69746F724170693A3A534172726179F5
:105FA0004C6162656C6564427956657274696361BF
:105FB0006C4368616E6E656C5369676E616C733AB1
:105FC0003A456E756D54797065290000433A2F5536
:105FD000736572732F6665646F722F446174612FED
:105FE00050726F6A6563745F4E452F34315F436F43
:105FF00064655F646576656C6F706D656E745F7700
:106000006F726B2F62616872732D73656E736F723E
:106010002D667573696F6E2D6C69622D312F30316D
:106020005F4C6962726172792F7372632F43566598
:1060300072746963616C4368616E6E656C4D6F6EFE
:1060400069746F722E637070000000007374617465
:10605000696320666C6F617420435665727469636E
:10606000616C4368616E6E656C4D6F6E69746F72C2
:10607000506F6C6963793A3A6765745369676E610A
:106080006C56617269616E6365496D706C284E462D
:106090007573696F6E4C6962436F6D6D6F6E3A3ADE
:1060A0004553656E736F7249642C204E5665727449
:1060B0006963616C4368616E6E656C4D6F6E697487
:1060C0006F724170693A3A5341727261794C616200
:1060D000656C65644279566572746963616C436886
:1060E000616E6E656C5369676E616C733A3A456EAA
:1060F000756D547970652C20636F6E737420544DE8
:106100006F6E69746F72506F6C6963794261736509
:106110003C43566572746963616C4368616E6E6579
:106120006C4D6F6E69746F72506F6C6963792C205F
:106130004E467573696F6E4C6962436F6D6D6F6E1D
:106140003A3A53566572746963616C4368616E6E66
:10615000656C446174612C204E467573696F6E4C9A
:106160006962436F6D6D6F6E3A3A4553656E736F3A
:106170007249643A3A65426168727346696C746543
:1061800072312C204E467573696F6E4C6962436F95
:106190006D6D6F6E3A3A4553656E736F7249643A2E
:1061A0003A65426168727346696C746572322C207C
:1061B0004E467573696F6E4C6962436F6D6D6F6E9D
:1061C0003A3A4553656E736F7249643A3A65426173
:1061D00068727346696C746572332C204E56657212
:1061E000746963616C4368616E6E656C4D6F6E6956
:1061F000746F724170693A3A5341727261794C61BD
:1062000062656C65644279566572746963616C435A
:1062100068616E6E656C5369676E616C732C2031BA
:1062200030303E3A3A434D6561737572656D656E07
:106230007426290073746174696320666C6F6174DD
:106240002043566572746963616C4368616E6E6564
:106250006C4D6F6E69746F72506F6C6963793A3A06
:1062600067657446696C74657265645369676E61CD
:106270006C56617269616E6365496D706C284E463B
:106280007573696F6E4C6962436F6D6D6F6E3A3AEC
:106290004553656E736F7249642C204E5665727457
:1062A0006963616C4368616E6E656C4D6F6E697495
:1062B0006F724170693A3A5341727261794C61620E
:1062C000656C65644279566572746963616C436894
:1062D000616E6E656C5369676E616C733A3A456EB8
:1062E000756D547970652C20636F6E737420544DF6
:1062F0006F6E69746F72506F6C6963794261736518
:106300003C43566572746963616C4368616E6E6587
:106310006C4D6F6E69746F72506F6C6963792C206D
:106320004E467573696F6E4C6962436F6D6D6F6E2B
:106330003A3A53566572746963616C4368616E6E74
:10634000656C446174612C204E467573696F6E4CA8
:106350006962436F6D6D6F6E3A3A4553656E736F48
:106360007249643A3A65426168727346696C746551
:1063700072312C204E467573696F6E4C6962436FA3
:106380006D6D6F6E3A3A4553656E736F7249643A3C
:106390003A65426168727346696C746572322C208A
:1063A0004E467573696F6E4C6962436F6D6D6F6EAB
:1063B0003A3A4553656E736F7249643A3A65426181
:1063C00068727346696C746572332C204E56657220
:1063D000746963616C4368616E6E656C4D6F6E6964
:1063E000746F724170693A3A5341727261794C61CB
:1063F00062656C65644279566572746963616C4369
:1064000068616E6E656C5369676E616C732C2031C8
:1064100030303E3A3A435363616C61725369676E40
:10642000616C7326290000007374617469632043F2
:106430005061726974794D6F6E69746F723A3A5334
:10644000506172616D657465727320435665727434
:106450006963616C4368616E6E656C4D6F6E6974E3
:106460006F72506F6C6963793A3A67657450617204
:106470006974794D6F6E69746F72506172616D6588
:1064800074657273496D706C284E566572746963D9
:10649000616C4368616E6E656C4D6F6E69746F728E
:1064A0004170693A3A5341727261794C6162656C2C
:1064B00065644279566572746963616C4368616EA4
:1064C0006E656C5369676E616C733A3A456E756DB3
:1064D000547970652900000049444C4500000000D3
:1064E0000925630925750925750925750D0A00001B
:1064F0000925750909257525250D0A000925750940
:10650000093C3125250D0A00546D72510000000030
:10651000546D7220537663004672656552544F5332
:10652000205631302E332E3100000000433A2F55D3
:10653000736572732F6665646F722F446174612F87
:1065400050726F6A6563745F4E452F34315F436FDD
:1065500064655F646576656C6F706D656E745F779A
:106560006F726B2F62616872732D73772D322F30CB
:10657000325F50726F6A656374732F53746D333278
:1065800042616872732F5461726765744170705F05
:1065900048575F56332F62616872732D76332D63CF
:1065A0007562652F447269766572732F53544D334B
:1065B00032463478785F48414C5F44726976657240
:1065C0002F5372632F73746D3332663478785F683B
:1065D000616C2E6300000000433A2F55736572739F
:1065E0002F6665646F722F446174612F50726F6AF9
:1065F0006563745F4E452F34315F436F64655F643C
:106600006576656C6F706D656E745F776F726B2FFA
:1066100062616872732D73772D322F30325F507242
:106620006F6A656374732F53746D3332426168729D
:10663000732F5461726765744170705F48575F567D
:10664000332F62616872732D76332D637562652F07
:10665000447269766572732F53544D3332463478E1
:10666000785F48414C5F4472697665722F5372635C
:106670002F73746D3332663478785F68616C5F6352
:10668000616E2E6300000000433A2F5573657273EC
:106690002F6665646F722F446174612F50726F6A48
:1066A0006563745F4E452F34315F436F64655F648B
:1066B0006576656C6F706D656E745F776F726B2F4A
:1066C00062616872732D73772D322F30325F507292
:1066D0006F6A656374732F53746D333242616872ED
:1066E000732F5461726765744170705F48575F56CD
:1066F000332F62616872732D76332D637562652F57
:10670000447269766572732F53544D333246347830
:10671000785F48414C5F4472697665722F537263AB
:106720002F73746D3332663478785F68616C5F63A1
:106730006F727465782E6300433A2F5573657273D8
:106740002F6665646F722F446174612F50726F6A97
:106750006563745F4E452F34315F436F64655F64DA
:106760006576656C6F706D656E745F776F726B2F99
:1067700062616872732D73772D322F30325F5072E1
:106780006F6A656374732F53746D3332426168723C
:10679000732F5461726765744170705F48575F561C
:1067A000332F62616872732D76332D637562652FA6
:1067B000447269766572732F53544D333246347880
:1067C000785F48414C5F4472697665722F537263FB
:1067D0002F73746D3332663478785F68616C5F63F1
:1067E00072632E6300000000433A2F557365727385
:1067F0002F6665646F722F446174612F50726F6AE7
:106800006563745F4E452F34315F436F64655F6429
:106810006576656C6F706D656E745F776F726B2FE8
:1068200062616872732D73772D322F30325F507230
:106830006F6A656374732F53746D3332426168728B
:10684000732F5461726765744170705F48575F566B
:10685000332F62616872732D76332D637562652FF5
:10686000447269766572732F53544D3332463478CF
:10687000785F48414C5F4472697665722F5372634A
:106880002F73746D3332663478785F68616C5F643F
:106890006D612E6300000000433A2F5573657273DB
:1068A0002F6665646F722F446174612F50726F6A36
:1068B0006563745F4E452F34315F436F64655F6479
:1068C0006576656C6F706D656E745F776F726B2F38
:1068D00062616872732D73772D322F30325F507280
:1068E0006F6A656374732F53746D333242616872DB
:1068F000732F5461726765744170705F48575F56BB
:10690000332F62616872732D76332D637562652F44
:10691000447269766572732F53544D33324634781E
:10692000785F48414C5F4472697665722F53726399
:106930002F73746D3332663478785F68616C5F668C
:106940006D706932632E6300433A2F55736572731D
:106950002F6665646F722F446174612F50726F6A85
:106960006563745F4E452F34315F436F64655F64C8
:106970006576656C6F706D656E745F776F726B2F87
:1069800062616872732D73772D322F30325F5072CF
:106990006F6A656374732F53746D3332426168722A
:1069A000732F5461726765744170705F48575F560A
:1069B000332F62616872732D76332D637562652F94
:1069C000447269766572732F53544D33324634786E
:1069D000785F48414C5F4472697665722F537263E9
:1069E0002F73746D3332663478785F68616C5F66DC
:1069F0006D706932635F65782E630000433A2F55EE
:106A0000736572732F6665646F722F446174612FB2
:106A100050726F6A6563745F4E452F34315F436F08
:106A200064655F646576656C6F706D656E745F77C5
:106A30006F726B2F62616872732D73772D322F30F6
:106A4000325F50726F6A656374732F53746D3332A3
:106A500042616872732F5461726765744170705F30
:106A600048575F56332F62616872732D76332D63FA
:106A70007562652F447269766572732F53544D3376
:106A800032463478785F48414C5F4472697665726B
:106A90002F5372632F73746D3332663478785F6866
:106AA000616C5F6770696F2E63000000433A2F5579
:106AB000736572732F6665646F722F446174612F02
:106AC00050726F6A6563745F4E452F34315F436F58
:106AD00064655F646576656C6F706D656E745F7715
:106AE0006F726B2F62616872732D73772D322F3046
:106AF000325F50726F6A656374732F53746D3332F3
:106B000042616872732F5461726765744170705F7F
:106B100048575F56332F62616872732D76332D6349
:106B20007562652F447269766572732F53544D33C5
:106B300032463478785F48414C5F447269766572BA
:106B40002F5372632F73746D3332663478785F68B5
:106B5000616C5F6932632E6300000000433A2F5579
:106B6000736572732F6665646F722F446174612F51
:106B700050726F6A6563745F4E452F34315F436FA7
:106B800064655F646576656C6F706D656E745F7764
:106B90006F726B2F62616872732D73772D322F3095
:106BA000325F50726F6A656374732F53746D333242
:106BB00042616872732F5461726765744170705FCF
:106BC00048575F56332F62616872732D76332D6399
:106BD0007562652F447269766572732F53544D3315
:106BE00032463478785F48414C5F4472697665720A
:106BF0002F5372632F73746D3332663478785F6805
:106C0000616C5F7077725F65782E6300433A2F5531
:106C1000736572732F6665646F722F446174612FA0
:106C200050726F6A6563745F4E452F34315F436FF6
:106C300064655F646576656C6F706D656E745F77B3
:106C40006F726B2F62616872732D73772D322F30E4
:106C5000325F50726F6A656374732F53746D333291
:106C600042616872732F5461726765744170705F1E
:106C700048575F56332F62616872732D76332D63E8
:106C80007562652F447269766572732F53544D3364
:106C900032463478785F48414C5F44726976657259
:106CA0002F5372632F73746D3332663478785F6854
:106CB000616C5F7263632E6300000000433A2F55DE
:106CC000736572732F6665646F722F446174612FF0
:106CD00050726F6A6563745F4E452F34315F436F46
:106CE00064655F646576656C6F706D656E745F7703
:106CF0006F726B2F62616872732D73772D322F3034
:106D0000325F50726F6A656374732F53746D3332E0
:106D100042616872732F5461726765744170705F6D
:106D200048575F56332F62616872732D76332D6337
:106D30007562652F447269766572732F53544D33B3
:106D400032463478785F48414C5F447269766572A8
:106D50002F5372632F73746D3332663478785F68A3
:106D6000616C5F7263635F65782E6300433A2F55F1
:106D7000736572732F6665646F722F446174612F3F
:106D800050726F6A6563745F4E452F34315F436F95
:106D900064655F646576656C6F706D656E745F7752
:106DA0006F726B2F62616872732D73772D322F3083
:106DB000325F50726F6A656374732F53746D333230
:106DC00042616872732F5461726765744170705FBD
:106DD00048575F56332F62616872732D76332D6387
:106DE0007562652F447269766572732F53544D3303
:106DF00032463478785F48414C5F447269766572F8
:106E00002F5372632F73746D3332663478785F68F2
:106E1000616C5F7370692E6300000000433A2F5568
:106E2000736572732F6665646F722F446174612F8E
:106E300050726F6A6563745F4E452F34315F436FE4
:106E400064655F646576656C6F706D656E745F77A1
:106E50006F726B2F62616872732D73772D322F30D2
:106E6000325F50726F6A656374732F53746D33327F
:106E700042616872732F5461726765744170705F0C
:106E800048575F56332F62616872732D76332D63D6
:106E90007562652F447269766572732F53544D3352
:106EA00032463478785F48414C5F44726976657247
:106EB0002F5372632F73746D3332663478785F6842
:106EC000616C5F74696D2E6300000000433A2F55BA
:106ED000736572732F6665646F722F446174612FDE
:106EE00050726F6A6563745F4E452F34315F436F34
:106EF00064655F646576656C6F706D656E745F77F1
:106F00006F726B2F62616872732D73772D322F3021
:106F1000325F50726F6A656374732F53746D3332CE
:106F200042616872732F5461726765744170705F5B
:106F300048575F56332F62616872732D76332D6325
:106F40007562652F447269766572732F53544D33A1
:106F500032463478785F48414C5F44726976657296
:106F60002F5372632F73746D3332663478785F6891
:106F7000616C5F74696D5F65782E6300433A2F55CD
:106F8000736572732F6665646F722F446174612F2D
:106F900050726F6A6563745F4E452F34315F436F83
:106FA00064655F646576656C6F706D656E745F7740
:106FB0006F726B2F62616872732D73772D322F3071
:106FC000325F50726F6A656374732F53746D33321E
:106FD00042616872732F5461726765744170705FAB
:106FE00048575F56332F62616872732D76332D6375
:106FF0007562652F447269766572732F53544D33F1
:1070000032463478785F48414C5F447269766572E5
:107010002F5372632F73746D3332663478785F68E0
:10702000616C5F756172742E6300000001000000E6
:107030000200000004000000ECE204080000000070
:107040007C050020200000000CE304080000000084
:10705000A00500205000000020E30408000000000C
:10706000F40500205000000034E304080000000094
:10707000480600205000000048E30408000000001B
:107080009C060020500000005CE3040800000000A3
:10709000F00600205000000070E30408000000002B
:1070A000440700205000000084E3040800000000B2
:1070B000980700205000000090E304080000000042
:1070C000EC07002050000000A4E3040800000000CA
:1070D0004008002050000000C0E304080000000049
:1070E0009408002050000000D4E3040800000000D1
:1070F000E80800202C000000ECE304080000000079
:107100001809002050000000680900200800000055
:1071100004E404080000000074090020500000008E
:10712000C40900200800000020E40408000000005A
:10713000D009002050000000200A002008000000B4
:1071400038E40408000000002C0A00205000000071
:107150007C0A00200800000054E40408000000003D
:10716000880A002050000000D80A00200800000013
:1071700070E4040800000000E40A00205000000051
:10718000340B00200800000088E404080000000020
:10719000400B002050000000900B00200800000071
:1071A000A4E40408000000009C0B00205000000034
:1071B000EC0B002008000000C0E404080000000000
:1071C000F80B002050000000480C002008000000D0
:1071D000DCE4040800000000540C00205000000013
:1071E000A40C002008000000F4E4040800000000E3
:1071F000B00C0020BC0000006C0D0020000200005C
:107200002900000000000000000000000CE5040858
:1072100000000000700F0020BC0000002C100020B7
:107220000004000028000000000000000000000032
:1072300018E504080000000030140020BC00000025
:10724000EC140020000400002800000000000000F2
:107250000000000024E5040800000000F0180020F1
:10726000BC000000AC190020000800002100000054
:1072700000000000000000002CE5040800000000F1
:10728000B0210020BC0000006C2200200020000083
:1072900018000000000000000000000040E50408A5
:1072A0000000000070420020BC0000002C430020C1
:1072B0000020000018000000000000000000000096
:1072C00054E504080000000030630020BC0000000A
:1072D000EC63002000200000180000000000000007
:1072E0000000000068E5040800000000F0830020B2
:1072F000BC000000AC840020000400002800000056
:10730000000000000000000074E504080000000018
:10731000B0880020BC0000006C8900200010000034
:1073200018000000000000000000000080E50408D4
:107330000000000070990020BC0000002C9A002082
:107340000004000028000000000000000000000011
:1073500090E5040800000000309E0020BC00000002
:10736000EC9E00200004000020000000000000004F
:1073700000000000A0E5040800000000F0A20020CA
:10738000BC000000ACA300200004000028000000A6
:107390000000000000000000B0E50408000000004C
:1073A000B0A70020BC0000006CA80020000800006E
:1073B000280000000000000000000000C8E50408EC
:1073C0000000000070B00020BC0000002CB10020C4
:1073D0000004000028000000000000000000000081
:1073E000D4E504080000000030B50020BC00000017
:1073F000ECB50020000400002800000000000000A0
:1074000000000000E0E5040800000000F0B90020E2
:10741000BC000000ACBA00200004000028000000FE
:107420000000000000000000ECE50408000000007F
:10743000B0BE0020BC0000006CBF002000040000B3
:10744000200000000000000000000000FCE504082F
:107450000000000070C30020BC0000002CC400200D
:1074600000040000280000000000000000000000F0
:1074700008E604080000000030C80020BC0000003E
:10748000ECC80020000400003700000000000000ED
:1074900000000000000000000102030400000000E2
:1074A00000000000010203040607080900000000B4
:1074B0000000000085B9000891B900080000000034
:1074C0000000000085B9000891B900080000000024
:1074D0000000000085B9000891B900080000000014
:1074E0000000000085B9000891B900080000000004
:1074F0000000000085B9000891B9000800000000F4
:107500000000000085B9000891B9000800000000E3
:107510000000000085B9000891B9000800000000D3
:107520000000000085B9000891B9000800000000C3
:107530000000000085B9000891B9000800000000B3
:107540000000000085B9000891B9000800000000A3
:107550000000000085B9000891B900080000000093
:107560000000000011BA0008000000000000000048
:107570000DBA0008000000000000000009BA000871
:10758000000000000000000005BA00080000000034
:107590000000000001BA0008000000000000000028
:1075A000FDB900080000000000000000F9B9000863
:1075B0000000000000000000F5B900080000000015
:1075C00000000000F1B90008000000000000000009
:1075D000EDB900080000000000000000E9B9000853
:1075E0000000000000000000E5B9000800000000F5
:1075F00000000000E1B900080000000000000000E9
:10760000DDB900080000000000000000D9B9000842
:107610000000000000000000D5B9000800000000D4
:1076200000000000D1B900080000000000000000C8
:10763000CDB900080000000000000000C9B9000832
:107640000000000000000000C5B9000800000000B4
:1076500000000000C1B900080000000000000000A8
:10766000BDB900080000000000000000B9B9000822
:107670000000000000000000B5B900080000000094
:1076800000000000B1B90008000000000000000088
:10769000ADB900080000000000000000A9B9000812
:1076A0000000000000000000A5B900080000000074
:1076B00000000000A1B90008000000000000000068
:1076C0009DB90008000000000000000099B9000802
:1076D000000000000000000095B900080000000054
:1076E000000000000000000000000000000000009A
:1076F000B9D00008ADD00008000000000000000074
:10770000E9DA0008ADD900080C0402C902890100B9
:107710000E000000C82E002E802E3DB1C82E002E77
:10772000802E9103802EBCB0802EA303C82E002E85
:10773000802E00B05030212E59F51030212E6AF5E0
:10774000802E3B0300000000081901002200750094
:1077500000100010D100B343802E00C1802E00C164
:10776000802E00C1802E00C1802E00C1802E00C15D
:10777000802E00C1802E00C1802E00C1802E00C14D
:10778000802E00C1802E00C1802E00C1802E00C13D
:10779000802E00C1802E00C1802E00C1802E00C12D
:1077A000802E00C1802E00C1802E00C1802E00C11D
:1077B000802E00C1802E00C1802E00C1802E00C10D
:1077C000802E00C1802E00C1802E00C1802E00C1FD
:1077D000802E00C1802E00C1802E00C1802E00C1ED
:1077E000802E00C1802E00C1802E00C1802E00C1DD
:1077F000802E00C1802E00C1802E00C1802E00C1CD
:10780000E05F000000000100000000000000000038
:1078100000009200000000000000000000000000D6
:1078200000000000081900008800000000000000AF
:1078300005E0AA3805E09030FA0096004B091100E7
:10784000110002002D01D47B3B01DB7A04003F7B59
:10785000CD6CC3048509C304ECE60C460100270087
:1078600019009600A00001000C00F03C000101008E
:10787000030001000E00000032000500EE060400C7
:10788000C80000000400A805EE060004BC02B30016
:10789000850700000000000000000000000000005C
:1078A000000000000000B4000100B90001009800D1
:1078B0000000000000000000010080000400000043
:1078C00000000000000000000000000000000000B8
:1078D00000000000000000000000000000000000A8
:1078E0000000000000000000000000000000000098
:1078F0000000000000000000000000000000000088
:107900000000000000000000000000000000802EC9
:1079100000C1FD2DDE00EB00DA00000CFF0F0004BB
:10792000C0005BF5C9011EF280003FFF19F458F555
:1079300066F564F5C0F1F000E000CD01D301DB0194
:10794000FF7FFF01E40074F7F300FA00FF3FCA0372
:107950006C3856FE44FDBC02F90600FC1202AE0172
:1079600058FA9AFD7705BB02960195017F018201C5
:107970008901870188018A018C018F018D019201A3
:107980009101DD009F017E01DB00B601706926D305
:107990009C071F059D000008BC0537FAA201AA013B
:1079A000A101A801A001A805B401B401CE00D00036
:1079B000FC00C501FFFBB10000380030FDF5FCF50F
:1079C000CD01A0005FFF0040FF0000806D0FEB00C5
:1079D0007FFFC2F568F7B3F1670F5B0F610F800F90
:1079E00058F75BF7830F8600720F850FC6F17F0F84
:1079F0006CF700E000FFD1F5870F8A0FFF03F03F1F
:107A00008B008E009000B9002DF5CAF5CB0120F255
:107A10000000000000000000000000000000000066
:107A20000000000000000000000000000000000056
:107A30000000000000000000000000000000000046
:107A40000000000000000000000000000000000036
:107A50000000000000000000000000000000000026
:107A60000000000000000000000000000000000016
:107A70000000000000000000000000000000000006
:107A800000000000000000000000000000000000F6
:107A900000000000000000000000000000000000E6
:107AA00000000000000000000000000000000000D6
:107AB00000000000000000000000000000000000C6
:107AC00000000000000000000000000000000000B6
:107AD00000000000000000000000000000000000A6
:107AE0000000000000000000000000003050982E50
:107AF000D70E5032982EFA030030F07F002E002E61
:107B0000D02E002E018008A2FB2F982EBA03212E22
:107B10001900012EEE0000B2072F012E190000B24D
:107B2000032F01500352982E07CC012EDD0000B226
:107B3000272F052E8A000552982EC7C1032EE90073
:107B400040B2F07F082F012E190000B2042F003040
:107B5000212EE900982EB4B1012E180000B2102F8A
:107B60000550982E4DC30550982E5AC7982EF9B43B
:107B7000982E54B2982E67B6982E17B21030212E38
:107B80007700012EEF0000B2042F982E7AB7003054
:107B9000212EEF00012ED40004AE0B2F012EDD00AC
:107BA00000B2072F0552982E8E0E00B2022F103011
:107BB000212E7D00012E7D000090902EF102012EDD
:107BC000D70000B2042F982E2F0E0030212E7B00FC
:107BD000012E7B0000B2122F012ED4000090022F44
:107BE000982E1F0E092D982E810D012ED400049081
:107BF000022F5032982EFA030030212E7B00012EE6
:107C00007C0000B2902E0903012E7C000131010896
:107C100000B2042F982E47CB1030212E77008130F0
:107C2000012E7C00010800B2612F032E8900012E75
:107C3000D40098BC98B805B20F58232F0790095468
:107C40000030372F15410441DCBE44BEDCBA2C01A4
:107C500061000F564A0F0C2FD14294B8C142113027
:107C6000052E6AF72CBD2FB980B20822982EC3B713
:107C7000212D6130232ED400982EC3B70030212E41
:107C80005AF5182DE17F5030982EFA030F52075005
:107C9000504270300D5442427E82E26F80B24242C6
:107CA000052F212ED4001030982EC3B7032D60303D
:107CB000212ED400012ED4000690182F012E76001C
:107CC0000B540752E07F982E7AC1E16F081A4030BA
:107CD000082F212ED4002030982EAFB75032982E86
:107CE000FA03052D982E380E0030212ED4000030D6
:107CF000212E7C00182D012ED40003AA012F982ECE
:107D0000450E012ED4003F8003A2012F002E022D2C
:107D1000982E5B0E3030982ECEB70030212E7D008D
:107D20005032982EFA03012E770000B2242F982E9D
:107D3000F5CB032ED5001154010ABC848386212E75
:107D4000C901E0401352C4408240A8B9524243BE28
:107D50005342040A5042E17FF0314140F26F25BDA9
:107D60000808020AD07F982EA8CF06BCD16FE26F18
:107D7000080A8042982E58B70030212EEE00212E9E
:107D80007700212EDD00802EF4011A242200802E9F
:107D9000EC011050FB7F982EF3035750FB6F01301E
:107DA00071541142420EFC2FC02E0142F05F802E12
:107DB00000C1FD2D010000000000000000000000D7
:107DC0009A013403000000000000000000000000E1
:107DD00000000000000000000000000000000000A3
:107DE0000000000000000000000000000000000093
:107DF0000000000000000000000000000000000083
:107E00000000000000000000000000000000000072
:107E10000000000000000000000000000000000062
:107E20000000000000000000000000000000000052
:107E30000000000000002050E77FF67F06320F2E82
:107E400061F5FE09C0B3042F17302F2EEF002D2E41
:107E500061F5F66FE76FE05FC82E2050E77FF67F91
:107E600046300F2EA4F1BE0980B3062F0D2ED4008C
:107E700084AF022F16302D2E7B0086302D2E60F51C
:107E8000F66FE76FE05FC82E012E77F709BC0FB8D9
:107E900000B21050FB7F10300B2F032E8A0096BCCF
:107EA0009FB840B2052F032E68F79EBC9FB840B222
:107EB000072F032E7E004190012F982EDC03032C08
:107EC0000030212E7E00FB6FF05FB82E2050E07F47
:107ED000FB7F002E2750982E3BC82950982EA7C80C
:107EE0000150982E55CCE16F2B50982EE0C9FB6FB6
:107EF0000030E05F212E7E00B82E735001305754C1
:107F00001142420EFC2FB82E212E59F51030C02EF2
:107F1000212E4AF19050F77FE67FD57FC47FB37F53
:107F2000A17F907F827F7B7F982E35B700B2902E05
:107F300097B0032E8F00072E9100052EB1003FBA97
:107F40009FB8012EB100A3BD4C0A052EB10004BE9E
:107F5000BFB9CB0A4FBA22BD012EB300DC0A2FB93C
:107F6000032EB8000ABE9A0ACFB99BBC012E970017
:107F70009FB8930A0FBC910A0FB8900A252E1800DB
:107F8000052EC1F52EBD2EB9012E190031308A04FF
:107F90000090072F012ED40004A2032F012E1800F9
:107FA00000B20C2F19500552982E4DB7052E7800AF
:107FB00080901030012F212E7800252EDD00982E84
:107FC0003EB700B202300130042F012E190000B27A
:107FD000002F2130012EEA00081A0E2F232EEA006E
:107FE00033301B500B090140175646BE4B084C0A54
:107FF00001420A8015520142002E012E180000B2E3
:108000001F2F032EC0F5F030480847AA7430072E02
:108010007A0061224B1A052F072E66F5BFBDBFB946
:10802000C0900B2F1D562B30D242DB420104C242BE
:1080300004BDFE808184232E7A0002420232252E66
:1080400062F5052ED6008184252ED6000231252E1C
:1080500060F5052E8A000B50900880B20B2F052E7C
:10806000CAF5F03E9008252ECAF5052E59F5E03FD9
:108070009008252E59F5906FA16FB36FC46FD56F1F
:10808000E66FF76F7B6F826F705FC82EC050907F76
:10809000E57FD47FC37FB17FA27F877FF67F7B7F21
:1080A000002E012E60F5607F982E35B70230636F89
:1080B0001552507F627F5A2C02321A0900B3142FD6
:1080C00000B2032F092E180000910C2F437F982E29
:1080D00097B71F50028A02320430252E64F51552DC
:1080E000506F436F4443252E60F5D908C0B2362F38
:1080F000982E3EB700B2062F012E190000B2022FB3
:10810000506F00900A2F012E79000090192F103027
:10811000212E79000030982EDC03132D012EC3F59B
:108120000CBC0FB81230100403B0262521500352A6
:10813000982E4DB71030212EEE000230607F252E94
:108140007900606F0090052F0030212EEA00155055
:10815000212E64F51552232E60F50232506F0090E7
:10816000022F0330272E7800072E60F51A090091A0
:10817000A32F19090091A02F906FA26FB16FC36F49
:10818000D46FE56F7B6FF66F876F405FC82EC0506E
:10819000E77FF67F26300F2E61F52F2E7C000F2E05
:1081A0007C00BE09A27F807F80B3D57FC47FB37F70
:1081B000917F7B7F0B2F23501A251240427F7482C0
:1081C0001240527F002E0040607F982E6AD6813088
:1081D000012E7C00010800B2422F032E8900012EDF
:1081E000890097BC06BC9FB80FB80090232ED8001A
:1081F000103001302A2F032ED40044B2052F47B28D
:1082000000302D2F212E7C002B2D032EFDF59EBC42
:108210009FB84090142F032EFCF599BC9FB8409056
:108220000E2F032E49F125544A084090082F982E0E
:1082300035B700B21030032F5030212ED400102D4E
:10824000982EAFB70030212E7C000A2D052E69F73D
:108250002DBD2FB980B2012F212E7D00232E7C0051
:10826000E031212E61F5F66FE76F806FA26FB36F7B
:10827000C46FD56F7B6F916F405FC82E60510A2528
:108280003688F47FEB7F0032315232301330982E33
:1082900015CB0A253384D27F433005502D52982EBA
:1082A00095C1D26F2752982ED7C72A25B086C07F96
:1082B000D37FAF842950F16F982E4DC82A25AE8AFE
:1082C000AA88F26E2B50C16FD36FF47F982EB6C878
:1082D000E06E00B2322F33548386F16FC37F0430D7
:1082E0003030F47FD07FB27FE330C56F56404541D8
:1082F000280803140EB408BC8240100A2F54260527
:10830000917F4428A37F982ED9C008B933305309F0
:10831000C16FD36FF46F831747406C15B26FBE09FE
:10832000750B90424542510E32BC0289A16F7E8688
:10833000F47FD07FB27F0430916FD62FEB6FA05EB9
:10834000B82E032E97001BBC60509FBC0CB8F07F6A
:1083500040B2EB7F2B2F032E7F004140012EC8003F
:10836000011A112F3758232EC8001041A07F3881E1
:108370000141D07FB17F982E64CFD06F0780A16F6D
:108380001142002EB16F01421130012EFC0000A8F5
:108390000330CB224A25012E7F003C8935520554FB
:1083A000982EC4CEC16FF06F982E95CF042D01305A
:1083B000F06F982E95CFEB6FA05FB82E032EB30011
:1083C0000232F030033130508A080808CB08E07FD1
:1083D00080B2F37FDB7F252F032ECA004190042F4C
:1083E0000130232ECA00982E3F03C0B2052F032E62
:1083F000DA0000304104232EDA00982E92B21025C4
:10840000F06F00B2052F012EDA0002301004212E89
:10841000DA0040B2012F232EC801DB6FE06FD05F7E
:10842000802E95CF0130E06F982E95CF1130232EFE
:10843000CA00DB6FD05FB82ED0500A253384555068
:10844000D27FE27F038CC07FBB7F0030055A395456
:108450005141A57F967F807F982ED9C00530F57F4A
:108460002025916F3B583D5C3B56982E67CCC16FE1
:10847000D56F52405043C17FD57F1025982EFEC93D
:108480001025982E74C0866F3028926F828CA56F4D
:108490006F52690E3954DB2F19A01530032F0030AD
:1084A000212E81010A2D012E810105284236212E1F
:1084B0008101020E012F982EF30357501230014014
:1084C000982EFEC9516F0B5C8E0E3B6F57580230D1
:1084D000212E9501456F2A8DD27FCB7F132F02303D
:1084E0003F50D27FA80E0E2FC06F5354020051543C
:1084F000420E103059520230012F002E032D5042EF
:1085000042421230D27F80B2032F0030212E8001F0
:10851000122D012EC9000280052E800111309128F4
:108520000040252E8001100E052F012E7F010190A5
:10853000012F982EF303002EA0410190A67F902ECC
:10854000E3B4012E950100A8902EE3B45B5495800E
:10855000824080B202402D8C3F52967F902EC2B353
:10856000290E762F012EC900004081284552B330D4
:10857000982E0FCA5D54807F002EA140727F8280AA
:108580008240607F982EFEC91025982E74C0626FBD
:1085900005308740C0910430052F052E830180B23D
:1085A0001430002F0430052EC900736F8140E24063
:1085B0006904110FE1401630FE29CB40022F836F72
:1085C000830F222F4756130F1230772F4954420E34
:1085D0001230732F00910A2F012E8B0119A802303F
:1085E0006C2F6350002E17420542682C12300B2569
:1085F000080F5030022F212E8301032D4030212EF1
:1086000083012B2E85015A2C123000912B25042F2B
:10861000635002301742172C0242982EFEC91025D3
:10862000982E74C0052EC90081845B308240372E9D
:108630008301020E072F5F52403062404140910E8D
:10864000012F212E830105302B2E85011230362C6F
:1086500016301525817F982EFEC91025982E74C0DE
:1086600019A21630152F052E9701806F820E052F47
:10867000012E86010628212E86010B2D032E87014F
:108680005F544E289142002E8240900E012F212EE1
:1086900088010230132C0530C06F081CA80F16305B
:1086A00005305B50092F02802D2E82010542058086
:1086B000002E02423E80002E06420230906F3E881D
:1086C000014004414C28014207801025244000400D
:1086D00000A8F522232944427A827E88434004413F
:1086E00000ABF523DF284342D9A0142F0090022FBE
:1086F000D26F81B2052F6354062890428542092C1F
:1087000002305B500380292E7E012B2E8201054210
:1087100012302B2E83014582002E40407A8202A027
:10872000082F63503B30154205423780372E7E01BB
:1087300005421230012EC900028C404084417A8CDF
:10874000040F032F012E8B0119A4042F2B2E82015D
:10875000982EF303123081906152082F65426542D2
:108760004380398482880542454285420543002E74
:1087700080410090902EE1B46554C16F804000B2FA
:1087800043586950442F555CB7878C0F0D2E9601C6
:10879000C440362F41568B0E2A2F0B52A10E0A2FA2
:1087A000052E8F011425982EFEC94B54020F6950D7
:1087B00005306554152F032E8E014D5C8E0F3A2F18
:1087C000052E8F01982EFEC94F54820F0530695037
:1087D0006554302F6D521530428C454204302B2C9D
:1087E00084436B52428C002E85431530242C454225
:1087F0008E0F202F0D2E8E01B10E1C2F232E8E01D9
:108800001A2D0E0E172FA10F152F232E8D01132DAC
:10881000982E74C04354C20E0A2F655004800B304A
:1088200006820B42798041401230252E8C01014294
:1088300005306950655484824384BE8C84408641EF
:1088400026299442BE8ED57F19A143400B2E8C0160
:108850008440C7415D29272945428442C27F012FB8
:10886000C0B31D2F052E940199A0012F80B3132FA3
:1088700080B3182FC0B3162F12400140927F982E5C
:1088800074C0926F100F2030032F1030212E7E0104
:108890000A2D212E7E01072D2030212E7E01032D51
:1088A0001030212E7E01C26F012EC900BC840280CF
:1088B00082400040900ED56F022F1530982EF303A2
:1088C00041910530072F67503D802B2E8F010542C7
:1088D0000480002E0542022C00300030A26F988ADE
:1088E000864080A7052F982EF303C030212E9501D6
:1088F00006251A25E26F768296405643510EFB2FCD
:10890000BB6F305FB82E012EB8000131410840B274
:108910002050F2300208FB7F0130102F052ECC00D2
:108920008190E07F032F232ECC00982E55B6982EF1
:108930001DB51025FB6FE06FE05F802E95CF982E60
:1089400095CF1030212ECC00FB6FE05FB82E005188
:108950000558EB7F2A2589526F5A895013410640EA
:10896000B3011642CB160640F3021342650EF52FF3
:10897000054014302C29044208A10030902E52B634
:10898000B388B08AB684A47FC47FB57FD57F927F39
:1089900073300430554042408A17F3086B0190024F
:1089A00053B84B82ADBE717F450A0954847F982E1F
:1089B000D9C0A36F7B54D042A37FF27F607F202574
:1089C000716F755A7758795C7556982E67CCB16F70
:1089D000626F5042B17FB3301025982E0FCA846F5A
:1089E0002029716F926FA56F76826A0E7330003006
:1089F000D02FD26FD17FB47F982E2BB715BD0BB877
:108A0000020AC26FC07F982E2BB715BD0BB8420A61
:108A1000C06F081741188916E118D018A17F2725C3
:108A20001625982E79C08B54907FB3308240809069
:108A30000D2F7D52926F982E0FCAB26F900E062F97
:108A40008B501430426F516F144212420142002E7B
:108A5000316F982E74C0416F807F982E74C0826FE2
:108A600010044352010F052ECB0000300430212F9B
:108A7000516F43588C0E04301C2F8588416F044180
:108A80008C0F0430162F8488002E044104058C0EB0
:108A900004300F2F8288316F044104058C0E04309E
:108AA000082F8388002E04418C0F0430022F212EC2
:108AB000AD0114300091142F032EA10141900E2F0F
:108AC000032EAD0114304C28232EAD0146A0062FF5
:108AD00081848D5248828240212EA10142425C2C29
:108AE0000230052EAA0180B20230552F032EA901B3
:108AF000926FB330982E0FCAB26F900F00300230D1
:108B00004A2FA26F875291008552510E022F002EDC
:108B1000432C0230C26F7F52910E02303C2F516FB6
:108B20008154982EFEC91025B3302125982E0FCAE6
:108B3000326FC07FB3301225982E0FCA426FB07FBC
:108B4000B3301225982E0FCAB26F90288352982EF8
:108B5000FEC9C26F900F003002301D2F052EA101FB
:108B600080B212300F2F426F032EAB01910E0230F4
:108B7000122F526F032EAC01910F02300C2F212EB9
:108B8000AA010A2C1230032ECB008D5808894140CF
:108B900011430043252EA101D46F8F5200433A891F
:108BA000002E10431043610EFB2F032EA001111A5B
:108BB000022F0225212EA001EB6F005FB82E9152EB
:108BC00010300230955652424B0EFC2F8D54888245
:108BD000935680425342404242868354C02EC24242
:108BE000002EA3520051524047401A25012E9700F3
:108BF0008FBE7286FB7F0B307CBFA5501008DFBA9A
:108C00007088F8BFCB42D37F6CBBFCBBC50A907F9A
:108C10001B7F0B43C0B2E57FB77FA67FC47F902E3A
:108C20001CB7072ED200C0B20B2F9752012ECD00D9
:108C3000827F982EBBCC0B30372ED200826F906F84
:108C40001A2500B28B7F142FA6BD25BDB6B92FB94A
:108C500080B2D4B00C2F99549B560B300B2EB10020
:108C6000A1589B42DB426C092B2EB1008B42CB42B8
:108C7000867F7384A756C30839520550727F637F7D
:108C8000982EC2C0E16F626FD10A012ECD00D56F60
:108C9000C46F726F97529D5C982E06CD236F906FB4
:108CA0009952C0B204BD5440AFB94540E17F023093
:108CB000062FC0B20230032F9B5C123094438543D1
:108CC00003BF6FBB80B3202F066F2601166F6E03A4
:108CD0004542C090292ECE009B52142F9B5C002E43
:108CE00093418641E304AE0780AB042F80910A2FA5
:108CF000866F730F072F836FC0B2042F5442454213
:108D00001230042C1130022C1130113002BC0FB87B
:108D1000D27F00B20A2F012EFC00052EC701101AC7
:108D2000022F212EC701032D022C01300130B06F1C
:108D3000982E95CFD16FA06F982E95CFE26F9F524E
:108D4000012ECE00824050420C2C42421130232E84
:108D5000D2000130B06F982E95CFA06F0130982EC1
:108D600095CF002EFB6F005FB82E83860130003058
:108D7000944024180600530E4F02F92FB82EA95222
:108D8000002E604041400DBC98BCC02E010A0FB8B7
:108D9000AB52533C524040404B00821626B901B8BA
:108DA0004140100897B80108C02E113001084386D1
:108DB00025400440D8BE2C0B2211544203804B0E98
:108DC000F62FB82E9F501050AD52052ED300FB7FCA
:108DD000002E13409342410EFB2F982EA5B7982EDC
:108DE00087CF012ED90000B2FB6F0B2F012E69F740
:108DF000B13F01080130F05F232ED900212E69F721
:108E0000802E7AB7F05FB82E012EC0F8032EFCF545
:108E10001554AF5682080B2E69F7CB0AB1588090D3
:108E2000DDBE4C085FB959228090072F0334C30878
:108E3000F23A0A080235C0904A0A4822C02E232E70
:108E4000FCF51050FB7F982E56C7982E49C3103062
:108E5000FB6FF05F212ECC00212ECA00B82E032E0E
:108E6000D30016B802344A0C212E2DF5C02E232E25
:108E7000D30003BC212ED500032ED50040B2103004
:108E8000212E77000130052F052ED8008090012F6C
:108E9000232E6FF5C02E212ED90011308108012E0E
:108EA0006AF7713F23BD0108020AC02E212E6AF71E
:108EB00030250030212E5AF51050212E7B00212E16
:108EC0007C00FB7F982EC3B74030212ED400FB6F6F
:108ED000F05F0325802EAFB7802E00C1802E00C129
:108EE000802E00C1802E00C1802E00C1802E00C1C6
:108EF000802E00C1802E00C1802E00C1802E00C1B6
:108F0000802E00C1802E00C1802E00C1802E00C1A5
:108F1000802E00C1012E5DF708BC80AC0EBB022F75
:108F2000003041048206C0A40030112F40A9032F55
:108F300040910D2F00A70B2F80B3B358022F90A1A3
:108F40002613202380901030012FCC0E002F0030EC
:108F5000B82EB550180808BC88B60D17C6BD56BC4B
:108F6000B758DABA04011D0A1050053032254503FE
:108F7000FB7FF6302125982E37CA16B59ABC06B865
:108F800080A8410A0E2F8090022F2D50480F092FE4
:108F9000BFA0042FBF90062FB754CA0F032F002E77
:108FA000022CB7522D52F233982ED9C0FB6FF137F5
:108FB000C02E0108F05FBF56B954D040C4400B2EFC
:108FC000FDF3BF529042944295420530C1500F8844
:108FD000064004419642C54248BE73300D2ED8006B
:108FE0004FBA8442034281B3022F2B2E6FF5062D18
:108FF000052E77F7BD569308252E77F7BB54252EFF
:10900000C2F5072EFDF34230B433DA0A4C00272EA6
:10901000FDF34340D43FDC084342002E002E434082
:109020002430DC0A43420480032EFDF34A0A232E37
:10903000FDF36134C02E0142002E60501A257A865D
:10904000E07FF37F0325C3524184DB7F3330982ECA
:1090500016C21A257D82F06FE26F322516409440C9
:10906000260185408E17C4426E039542410EF42FAF
:10907000DB6FA05FB82EB051FB7F982EE80D5A250C
:10908000982E0F0ECB583287C47F65896B8DC55AD9
:10909000657FE17F837FA67F747FD07FB67F947FDB
:1090A0001730C752C954517F002E856F427F002E62
:1090B00051414581424113403B8A00404B04D00658
:1090C000C0AC857F022F02305104D30641840530A5
:1090D0005D02C916DF08D3008D02AFBCB1B9590AD1
:1090E000656F1143A1B4524153410143347F657F01
:1090F0002631E56FD46F982E37CA326F756F834073
:109100004241237F127FF63040255125982E37CAE1
:10911000146F2005706F256F6907A26F316F0B30D8
:1091200004429B428B425542327F40A9C36F717FFC
:109130000230D040C37F032F4091152F00A7132F7B
:1091400000A4112F84BD982E79CA556FB75454418D
:109150008200F33F4541CB02F630982E37CA356F77
:10916000A46F4143032C0043A46F356F1730426F47
:10917000516F934042820041C3000343517F002E50
:10918000944041414C02C46FD156630E746F5143F9
:10919000A57F8A2F092ED80001B3212FCB58906FBD
:1091A0001341B66FE47F002E914114409241154067
:1091B000172E6FF5B67FD07FCB7F982E000C07154A
:1091C000C26F140B292E6FF5C3A3C18FE46FD06F4C
:1091D000E62F1430052E6FF5140B292E6FF5182D80
:1091E000CD560432B56F1C0151415241C340B57F89
:1091F000E47F982E1F0CE46F218700430432CF5484
:109200005A0EEF2F1554092E77F7220B292E77F7D8
:10921000FB6F505EB82E1050012ED40000B2FB7FC1
:10922000512F01B2482F02B2422F0390562FD7522E
:1092300079804240818400404242982E930CD95458
:10924000D750A14098BD82403E82DA0A44408B1636
:10925000E3005342002E43409A025242002E414006
:1092600015544A0E3A2F3A8200304140212E850F84
:1092700040B20A2F982EB10C982E450E982E5B0EF8
:10928000FB6FF05F0030802ECEB7DD52D3544242E8
:109290004F847330DB5283421B306B422330272EC6
:1092A000D700372ED400212ED6007A84172C4242C4
:1092B0003030212ED400122D21300030232ED40046
:1092C000212E7BF70B2D1730982E510CD5500C8288
:1092D00072302F2ED400252E7BF74042002EFB6FDC
:1092E000F05FB82E70500A253986FB7FE13262307C
:1092F000982EC2C4B556A56FAB08916F4B08DF56C8
:10930000C46F23094DBA93BC8C0BD16F0B09CB52A0
:10931000E15E5642AF094DBA23BD940AE56F68BBC2
:10932000EB08BDB963BEFB6F5242E30AC02E434255
:10933000905FD150032E25F3134000409BBC9BB49B
:1093400008BDB8B998BCDA0A08B68916C02E19004B
:1093500062021050FB7F982E810D012ED400313017
:109360000804FB6F0130F05F232ED600212ED700BA
:10937000B82E012ED700032ED600480E012F802EC6
:109380001F0EB82EE350213401428230C132252E07
:1093900062F50100223001404A0A0142B82EE3542E
:1093A000F03B8340D808E55283420030833050427E
:1093B000C432272E64F5940050424042D33F84408B
:1093C0007D82E30840428342B82EDD5200304042A5
:1093D0007C86B952092E700FBF54C442D3865440C4
:1093E000554094428542212ED7004240252EFDF360
:1093F000C0427E82052E7D0080B2142F052E89008A
:1094000027BD2FB98090022F212E6FF50C2D072E2E
:10941000710F14301C09052E77F7BD5647BE93080F
:10942000940A252E77F7E75450424A0EFC2FB82EA7
:10943000505002304386E550FB7FE37FD27FC07FF0
:10944000B17F002E414000404804982E74C01EAAEF
:10945000D36F1430B16FE322C06F5240E46F4C0EF3
:109460001242D37FEB2F032E860F40901130032F33
:10947000232E860F022C0030D06FFB6FB05FB82E0A
:109480004050F17F0A253C86EB7F41332230982EF5
:10949000C2C4D36FF430DC094758C26F9409EB584B
:1094A0006ABBDC08B4B9B1BDE95A950821BDF6BF65
:1094B000770B51BEF16FEB6F52425442C02E4342C4
:1094C000C05F5050F55031301142FB7F7B300B4272
:1094D00011300280233301420300072E8003052E42
:1094E000D3002352E27FD37FC07F982EB60ED16F78
:1094F000080A1A257B86D07F01331230982EC2C409
:10950000D16F080A00B20D2FE36F012E8003513096
:10951000C786232E21F208BCC042982EA5B7002E84
:10952000002ED02EB06F0BB8032E1B00081AB07F90
:109530007030042F212E21F2002E002ED02E982ED6
:109540006DC0982E5DC0ED50982E44CBEF50982EF4
:1095500046C3F150982E53C73550982E64CF103023
:10956000982EDC032026C06F02311242AB330B422F
:10957000378001300142F337F752FB504440A20AD2
:1095800042428B31092E5EF7F954E30883421B42B5
:1095900023334B00BC840B40333083420B42E07FCB
:1095A000D17F982E58B7D16F803040420330E06FA2
:1095B000F3540430002E002E0189620EFA2F43422C
:1095C0001130FB6FC02E0142B05FC14A00006D57E1
:1095D0000000778E0000E0FFFFFFD3FFFFFFE5FFF5
:1095E000FFFFEEE1FFFF7C13000046E6FFFF0000F7
:1095F000000000000000000000000000000000006B
:10960000000000000000000000000000000000005A
:10961000000000000000000000000000000000004A
:109620000000000000000000802E00C1802E00C15C
:10963000802E00C1802E00C1802E00C1802E00C16E
:10964000802E00C1802E00C1802E00C1802E00C15E
:10965000802E00C1802E00C1802E00C1802E00C14E
:10966000802E00C1802E00C1802E00C1802E00C13E
:10967000802E00C1802E00C1802E00C1802E00C12E
:10968000802E00C1802E00C1802E00C1802E00C11E
:10969000802E00C1802E00C1802E00C1802E00C10E
:1096A000802E00C1802E00C1802E00C1802E00C1FE
:1096B000802E00C1802E00C1802E00C1802E00C1EE
:1096C000802E00C1802E00C1802E00C1802E00C1DE
:1096D000802E00C1802E00C1802E00C1802E00C1CE
:1096E000802E00C1802E00C1802E00C1802E00C1BE
:1096F000802E00C1802E00C1802E00C1802E00C1AE
:10970000802E00C1802E00C1802E00C1802E00C19D
:10971000802E00C10000000000000000CDEC000819
:109720003DE20008C8CE002070CE002018CE0020F8
:10973000000000000000000015F30008E5F200083A
:109740000000000000000000BDF9000891F90008C9
:1097500000000000000000001901010841FF00089E
:1097600005065402005E0201000000000000000037
:10977000650B0108710501080000000000000000F1
:10978000CD0F0108D90E01080412043003000000B7
:10979000000000000000000015150108A1120108DA
:1097A00010EB04080000000000000000C91B0108C5
:1097B000A51A01080000000000000000592201085D
:1097C0001D1E01080000000000000000412C0108DF
:1097D000352C0108000000000000000011360108CF
:1097E0000D3601080C0004F000000000000000002D
:1097F000BD450108D93A0108B60100078000000004
:1098000000000000000000008147010885470108B2
:109810000000000000000000254D0108294D01084E
:10982000010000000300000003000000030000002E
:10983000030000000300000003000000030000001C
:10984000030000000300000003000000030000000C
:109850000300000000000000020000000000000003
:10986000000000009D590108A159010800000000F6
:1098700003000000030000000300000003000000DC
:1098800003000000030000000300000003000000CC
:1098900003000000030000000300000001000000BE
:1098A000020000000000000000000000615E0108EE
:1098B000655E01080000000000000000CD610108A5
:1098C000D16101080000000000000000E56301080C
:1098D000E16301080000000000000000D1650108FC
:1098E000CD6501080000000000000000E16D0108E6
:1098F000DD6D010800000000000000003572010865
:109900002D720108000000000000000085B9000869
:1099100091B9000800000000000000009D830108CC
:10992000A183010800000000000000002D8A01084A
:10993000318A010800000000963007772C610EEE96
:10994000BA51099919C46D078FF46A7035A563E996
:10995000A395649E3288DB0EA4B8DC791EE9D5E0BD
:1099600088D9D2972B4CB609BD7CB17E072DB8E7BC
:10997000911DBF906410B71DF220B06A4871B9F311
:10998000DE41BE847DD4DA1AEBE4DD6D51B5D4F44A
:10999000C785D38356986C13C0A86B647AF962FDAF
:1099A000ECC9658A4F5C0114D96C0663633D0FFAFC
:1099B000F50D088DC8206E3B5E10694CE44160D502
:1099C000727167A2D1E4033C47D4044BFD850DD2EC
:1099D0006BB50AA5FAA8B5356C98B242D6C9BBDBFF
:1099E00040F9BCACE36CD832755CDF45CF0DD6DCFA
:1099F000593DD1ABAC30D9263A00DE518051D7C8A1
:109A00001661D0BFB5F4B42123C4B3569995BACF2B
:109A10000FA5BDB89EB802280888055FB2D90CC64C
:109A200024E90BB1877C6F2F114C6858AB1D61C1C5
:109A30003D2D66B69041DC760671DB01BC20D298E4
:109A40002A10D5EF8985B1711FB5B606A5E4BF9F71
:109A500033D4B8E8A2C9077834F9000F8EA8099664
:109A600018980EE1BB0D6A7F2D3D6D08976C6491CF
:109A7000015C63E6F4516B6B62616C1CD8306585E8
:109A80004E0062F2ED95066C7BA5011BC1F40882C5
:109A900057C40FF5C6D9B06550E9B712EAB8BE8B06
:109AA0007C88B9FCDF1DDD62492DDA15F37CD38C8F
:109AB000654CD4FB5861B24DCE51B53A7400BCA38D
:109AC000E230BBD441A5DF4AD795D83D6DC4D1A4BF
:109AD000FBF4D6D36AE96943FCD96E34468867AD96
:109AE000D0B860DA732D0444E51D03335F4C0AAA35
:109AF000C97C0DDD3C710550AA41022710100BBE38
:109B000086200CC925B56857B3856F2009D466B97E
:109B10009FE461CE0EF9DE5E98C9D9292298D0B0B3
:109B2000B4A8D7C7173DB359810DB42E3B5CBDB760
:109B3000AD6CBAC02083B8EDB6B3BF9A0CE2B603E1
:109B40009AD2B1743947D5EAAF77D29D1526DB0496
:109B50008316DC73120B63E3843B64943E6A6D0DE1
:109B6000A85A6A7A0BCF0EE49DFF099327AE000A2C
:109B7000B19E077D44930FF0D2A3088768F2011EBF
:109B8000FEC206695D5762F7CB67658071366C1956
:109B9000E7066B6E761BD4FEE02BD3895A7ADA1077
:109BA000CC4ADD676FDFB9F9F9EFBE8E43BEB71758
:109BB000D58EB060E8A3D6D67E93D1A1C4C2D838E2
:109BC00052F2DF4FF167BBD16757BCA6DD06B53F48
:109BD0004B36B248DA2B0DD84C1B0AAFF64A033687
:109BE000607A0441C3EF60DF55DF67A8EF8E6E3106
:109BF00079BE69468CB361CB1A8366BCA0D26F254F
:109C000036E2685295770CCC03470BBBB91602229B
:109C10002F260555BE3BBAC5280BBDB2925AB42BB0
:109C2000046AB35CA7FFD7C231CFD0B58B9ED92CC5
:109C30001DAEDE5BB0C2649B26F263EC9CA36A752A
:109C40000A936D02A906099C3F360EEB85670772E1
:109C500013570005824ABF95147AB8E2AE2BB17B48
:109C6000381BB60C9B8ED2920DBED5E5B7EFDC7CCF
:109C700021DFDB0BD4D2D38642E2D4F1F8B3DD6826
:109C80006E83DA1FCD16BE815B26B9F6E177B06F21
:109C90007747B718E65A0888706A0FFFCA3B06660E
:109CA0005C0B0111FF9E658F69AE62F8D3FF6B619B
:109CB00045CF6C1678E20AA0EED20DD75483044E3D
:109CC000C2B30339612667A7F71660D04D476949CB
:109CD000DB776E3E4A6AD1AEDC5AD6D9660BDF40DE
:109CE000F03BD83753AEBCA9C59EBBDE7FCFB24791
:109CF000E9FFB5301CF2BDBD8AC2BACA3093B35376
:109D0000A6A3B4240536D0BA9306D7CD2957DE547E
:109D1000BF67D9232E7A66B3B84A61C4021B685D57
:109D2000942B6F2A37BE0BB4A18E0CC31BDF055AD0
:109D30008DEF022D000000000000000005B20108B8
:109D40000000000000000000DDBF0108000000006E
:109D500000000000EDBF010800000000000000004E
:109D60005DCE0108000000000000000015DB0108C6
:109D7000A5050208490B0208651602083D1A0208EB
:109D800035090208A9E401084DDF0108E5EB0108E7
:109D9000C5D20108CDD2010835E3010855D8010824
:109DA00000000000010000000200000004000000AC
:109DB000070000000A0000000D0000001000000075
:109DC0000000000000000000713B020800000000DD
:109DD00000000000813B02080000000000000000BD
:109DE000F15F020858524253440000000200000094
:109DF0000100000003000000030000000400000058
:109E0000000610160006101662617369635F7374B2
:109E100072696E673A3A5F4D5F637265617465009F
:109E200025733A205F5F706F7320287768696368D5
:109E300020697320257A7529203E20746869732D66
:109E40003E73697A652829202877686963682069E4
:109E50007320257A75290062617369635F73747278
:109E6000696E673A3A61743A205F5F6E20287768BE
:109E700069636820697320257A7529203E3D207426
:109E80006869732D3E73697A652829202877686987
:109E9000636820697320257A75290062617369639C
:109EA0005F737472696E673A3A65726173650062D6
:109EB000617369635F737472696E673A3A5F4D5F8D
:109EC0007265706C6163655F61757800626173696A
:109ED000635F737472696E673A3A696E7365727420
:109EE0000062617369635F737472696E673A3A7294
:109EF00065706C6163650062617369635F7374723E
:109F0000696E673A3A5F4D5F7265706C61636500B8
:109F100062617369635F737472696E673A3A617301
:109F20007369676E0062617369635F737472696EEF
:109F3000673A3A617070656E640062617369635F6D
:109F4000737472696E673A3A636F70790062617315
:109F500069635F737472696E673A3A636F6D7061BB
:109F600072650062617369635F737472696E673AE8
:109F70003A62617369635F737472696E67006261EC
:109F80007369635F737472696E673A3A737562736B
:109F9000747200737472696E673A3A737472696EA0
:109FA000670062617369635F737472696E673A20F8
:109FB000636F6E737472756374696F6E2066726F0F
:109FC0006D206E756C6C206973206E6F74207661E5
:109FD0006C696400232D302B2000686C4C00656692
:109FE00067454647003031323334353637383941EA
:109FF0004243444546003031323334353637383900
:10A000006162636465660000FFFFFFFF000000807F
:10A01000DB0F4940DB0F49C0DB0F49BFE4CB1640E3
:10A02000E4CB16C00000000000000080000000002B
:10A03000DCCFD1350000000000C0153F0000803F9C
:10A040000000C03F000FC93F000F494000CB9640C1
:10A05000000FC9400053FB4000CB164100ED2F41DB
:10A06000000F49410031624100537B41003A8A416F
:10A0700000CB9641005CA34100EDAF41007EBC41A6
:10A08000000FC94100A0D5410031E24100C2EE41BC
:10A090000053FB4100F20342003A0A42008310429F
:10A0A00000CB164200141D42005C234200A5294249
:10A0B00000ED2F4200363642007E3C4200C742424D
:10A0C000000F4942A2000000F900000083000000D8
:10A0D0006E0000004E00000044000000150000006B
:10A0E00029000000FC0000002700000057000000CD
:10A0F000D1000000F500000034000000DD00000089
:10A10000C0000000DB0000006200000095000000BD
:10A11000990000003C000000430000009000000097
:10A1200041000000FE00000051000000630000003C
:10A13000AB000000DE000000BB000000C500000016
:10A1400061000000B7000000240000006E00000065
:10A150003A000000420000004D000000D200000064
:10A16000E000000006000000490000002E00000092
:10A17000EA00000009000000D10000009200000089
:10A180001C000000FE0000001D000000EB000000AD
:10A190001C000000B100000029000000A700000022
:10A1A0003E000000E80000008200000035000000D2
:10A1B000F50000002E000000BB000000440000007D
:10A1C00084000000E90000009C0000007000000016
:10A1D00026000000B40000005F0000007E000000C8
:10A1E000410000003900000091000000D60000008E
:10A1F0003900000083000000530000003900000017
:10A20000F40000009C000000840000005F000000DB
:10A210008B000000BD000000F900000028000000D5
:10A220003B0000001F000000F80000009700000045
:10A23000FF000000DE0000000500000098000000A4
:10A240000F000000EF0000002F00000011000000D0
:10A250008B0000005A0000000A0000006D000000A2
:10A260001F0000006D000000360000007E000000AE
:10A27000CF00000027000000CB0000000900000014
:10A28000B70000004F000000460000003F00000043
:10A29000660000009E0000005F000000EA00000071
:10A2A0002D0000007500000027000000BA0000002B
:10A2B000C7000000EB000000E5000000F100000016
:10A2C0007B0000003D000000070000003900000096
:10A2D000F70000008A000000520000009200000019
:10A2E000EA0000006B000000FB0000005F000000BF
:10A2F000B10000001F0000008D0000005D000000A4
:10A3000008000000560000000300000030000000BC
:10A3100046000000FC0000007B0000006B00000015
:10A32000AB000000F0000000CF000000BC00000007
:10A33000200000009A000000F40000003600000039
:10A340001D000000A9000000E300000091000000D3
:10A35000610000005E000000E60000001B0000003D
:10A360000800000065000000990000008500000062
:10A370005F00000014000000A00000006800000062
:10A38000400000008D000000FF000000D800000029
:10A39000800000004D000000730000002700000056
:10A3A000310000000600000006000000150000005B
:10A3B00056000000CA00000073000000A800000062
:10A3C000C900000060000000E20000007B00000007
:10A3D000C00000008C0000006B0000006937AC3149
:10A3E00068212233B40F14336821A2333863ED3E61
:10A3F000DA0F493F5E987B3FDA0FC93F0000C93F43
:10A400000000F0390000DA370000A2330000842E8B
:10A410000000502B0000C2270000D0220000C41F03
:10A420000000C61B000044170400000007000000E5
:04A43000090000001F
:08A43400DCDDFA7F01000000ED
:10A43C00F5810008D193010845CE0108B523020827
:08A44C00052B020871590208FA
:08A45400D1810008F593010815
:10A45C000000000070D000200024F40000770508F4
:10A46C0000000000589705080000000080970508C0
:10A47C00000000009897050800000000CC97050824
:10A48C00000000000000000000000000DC97050840
:10A49C00000000000000000000000000F09705081C
:10A4AC0000000000000000000000000000000000A0
:10A4BC000000000000000000000000000000000090
:10A4CC000000000000000000000000000000000080
:10A4DC000000000000000000000000000000000070
:10A4EC000000000000000000000000000000000060
:10A4FC0000000000000000000000000008980508A3
:10A50C0064980508AC9805081C99050820FA0020E9
:10A51C00140000000000000000000000000000001B
:10A52C00F404002098D10020000020410000A0403D
:10A53C00000000000000000000000000000000000F
:10A54C0000000000000000000000000000000000FF
:10A55C0000000000000000000000000000000000EF
:10A56C0000000000000000000000000000000000DF
:10A57C0000000000000000000000000000000000CF
:10A58C0000000000000000000000000000000000BF
:10A59C0000000000000000000000000000000000AF
:10A5AC00000000000000000000000000000000009F
:10A5BC00000000000000000000000000000000008F
:10A5CC00000000000000000000000000000000007F
:10A5DC00000000000000000000000000000000006F
:10A5EC00000000000000000000000000000000005F
:10A5FC00000000000000000000000000C3642A3BC3
:10A60C009A99D93F9A99993F000020410000A040A7
:10A61C00000000000000000000000000000000002E
:10A62C00000000000000000000000000000000001E
:10A63C00000000000000000000000000000000000E
:10A64C0000000000000000000000000000000000FE
:10A65C0000000000000000000000000000000000EE
:10A66C0000000000000000000000000000000000DE
:10A67C0000000000000000000000000000000000CE
:10A68C0000000000000000000000000000000000BE
:10A69C0000000000000000000000000000000000AE
:10A6AC00000000000000000000000000000000009E
:10A6BC00000000000000000000000000000000008E
:10A6CC00000000000000000000000000000000007E
:10A6DC00000000000000000000000000C3642A3BE2
:10A6EC009A99D93F9A99993F000020410000A040C7
:10A6FC00000000000000000000000000000000004E
:10A70C00000000000000000000000000000000003D
:10A71C00000000000000000000000000000000002D
:10A72C00000000000000000000000000000000001D
:10A73C00000000000000000000000000000000000D
:10A74C0000000000000000000000000000000000FD
:10A75C0000000000000000000000000000000000ED
:10A76C0000000000000000000000000000000000DD
:10A77C0000000000000000000000000000000000CD
:10A78C0000000000000000000000000000000000BD
:10A79C0000000000000000000000000000000000AD
:10A7AC00000000000000000000000000000000009D
:10A7BC0000000000000000000000000052491D3B9A
:10A7CC000000C03F0000803F000020410000A0407E
:10A7DC00000000000000000000000000000000006D
:10A7EC00000000000000000000000000000000005D
:10A7FC00000000000000000000000000000000004D
:10A80C00000000000000000000000000000000003C
:10A81C00000000000000000000000000000000002C
:10A82C00000000000000000000000000000000001C
:10A83C00000000000000000000000000000000000C
:10A84C0000000000000000000000000000000000FC
:10A85C0000000000000000000000000000000000EC
:10A86C0000000000000000000000000000000000DC
:10A87C0000000000000000000000000000000000CC
:10A88C0000000000000000000000000000000000BC
:10A89C000000000000000000000000000000803FED
:10A8AC009A99D93F9A99993FAAAAAAAA010000009D
:10A8BC001000000000000000030000004494012080
:10A8CC00740400200000000044940120AC9401208A
:10A8DC0014950120000000000000000000000000A2
:10A8EC00000000000000000000000000000000005C
:10A8FC00000000000000000000000000000000004C
:10A90C00000000000000000000000000000000003B
:08A91C00A9D304088A9501206B
:040000050800B93105
:00000001FF
