:020000040800F2
:1080000000000220B5AB000895A5000899A500085E
:108010009DA50008A1A50008A5A500080000000076
:10802000000000000000000000000000F144010812
:10803000A9A500080000000081450108B50E01084F
:1080400005AC000805AC000805AC000805AC00084C
:1080500005AC000805AC000805AC000805AC00083C
:10806000ADA5000805AC000805AC0008BDA50008DA
:10807000D9A5000805AC000805AC000805AC00084F
:1080800005AC000805AC000805AC000805AC00080C
:1080900005AC000805AC000805AC000805AC0008FC
:1080A00005AC0008F5A5000805AC000805AC000803
:1080B00005AC000801A6000805AC00080DA60008E4
:1080C00005AC000805AC000805AC000805AC0008CC
:1080D00005AC000819A6000805AC000805AC0008AE
:1080E00005AC000805AC000805AC000805AC0008AC
:1080F00005AC000805AC000805AC000805AC00089C
:1081000005AC000805AC000805AC000805AC00088B
:1081100005AC000805AC000825A6000831A600083B
:1081200005AC000805AC000845A6000805AC000831
:1081300005AC0008000000000000000051A6000887
:108140005DA6000869A6000805AC000805AC00089B
:1081500005AC000805AC000875A6000805AC0008D1
:1081600081A6000805AC000805AC000805AC0008B5
:1081700005AC000805AC000805AC000800000000D4
:108180000000000005AC0008000000000000000036
:1081900005AC0008000000000000000005AC00086D
:1081A00000000000000000000000000005AC000816
:1081B00005AC000805AC000805AC000805AC0008DB
:0481C00005AC000802
:1081D00010B5054C237833B9044B13B10448AFF301
:1081E00000800123237010BD200400200000000047
:1081F0001C02030808B5034B1BB103490348AFF346
:10820000008008BD00000000240400201C020308B8
:1082100001F0FF01102A2BDB10F0070F08D010F837
:10822000013B013A8B422DD010F0070F42B3F6D13B
:10823000F0B441EA012141EA014122F007047FF054
:1082400000070023F0E80256083C85EA010586EAAB
:10825000010685FA47F5A3FA87F586FA47F6A5FAE7
:1082600087F68EB9EED1F0BC01F0FF0102F00702F3
:1082700032B110F8013B013A83EA010313B1F8D19E
:108280000020704701387047002D06BF354603387F
:10829000073815F0010F07D1013015F4807F02BFB8
:1082A000013015F4C03F0130F0BC0138704700BF09
:1082B00070B54FF0FF0C4CF4E06C1CEA11541DBF7C
:1082C0001CEA135594EA0C0F95EA0C0F00F0DEF847
:1082D0002C4481EA030621EA4C5123EA4C5350EA2C
:1082E000013518BF52EA033541F4801143F480137D
:1082F00038D0A0FB02CE4FF00005E1FB02E506F00E
:108300000042E0FB03E54FF00006E1FB03569CF062
:10831000000F18BF4EF0010EA4F1FF04B6F5007F68
:1083200064F5407404D25FEA4E0E6D4146EB0606DA
:1083300042EAC62141EA55514FEAC52040EA5E5063
:108340004FEACE2EB4F1FD0C88BFBCF5E06F1ED80D
:10835000BEF1004F08BF5FEA500E50F1000041EB44
:10836000045170BD06F0004646EA010140EA0200F1
:1083700081EA0301B4EB5C04C2BFD4EB0C0541EA13
:10838000045170BD41F480114FF0000E013C00F328
:10839000AB8014F1360FDEBF002001F0004170BD4C
:1083A000C4F10004203C35DA0C341BDC04F1140465
:1083B000C4F1200500FA05F320FA04F001FA05F2F1
:1083C00040EA020001F0004221F0004110EBD370BE
:1083D00021FA04F642EB06015EEA430E08BF20EAEA
:1083E000D37070BDC4F10C04C4F1200500FA04F38D
:1083F00020FA05F001FA04F240EA020001F000411F
:1084000010EBD37041F100015EEA430E08BF20EA91
:10841000D37070BDC4F1200500FA05F24EEA020ED9
:1084200020FA04F301FA05F243EA020321FA04F008
:1084300001F0004121FA04F220EA020000EBD370BF
:108440005EEA430E08BF20EAD37070BD94F0000FBF
:108450000FD101F00046400041EB010111F4801FF3
:1084600008BF013CF7D041EA060195F0000F18BFA4
:10847000704703F00046520043EB030313F4801FE0
:1084800008BF013DF7D043EA0603704794EA0C0F9A
:108490000CEA135518BF95EA0C0F0CD050EA4106B0
:1084A00018BF52EA4306D1D181EA030101F000412D
:1084B0004FF0000070BD50EA410606BF1046194655
:1084C00052EA430619D094EA0C0F02D150EA013661
:1084D00013D195EA0C0F05D152EA03361CBF1046A2
:1084E00019460AD181EA030101F0004141F0FE4141
:1084F00041F470014FF0000070BD41F0FE4141F4C5
:10850000780170BD81F0004102E000BF83F00043BC
:1085100030B54FEA41044FEA430594EA050F08BF1E
:1085200090EA020F1FBF54EA000C55EA020C7FEAE2
:10853000645C7FEA655C00F0E2804FEA5454D4EB5F
:108540005555B8BF6D420CDD2C4480EA020281EA29
:10855000030382EA000083EA010180EA020281EA61
:108560000303362D88BF30BD11F0004F4FEA0131B3
:108570004FF4801C4CEA113102D0404261EB4101C2
:1085800013F0004F4FEA03334CEA133302D0524248
:1085900063EB430394EA050F00F0A780A4F1010404
:1085A000D5F1200E0DDB02FA0EFC22FA05F280183E
:1085B00041F1000103FA0EF2801843FA05F3594124
:1085C0000EE0A5F120050EF1200E012A03FA0EFCA3
:1085D00028BF4CF0020C43FA05F3C01851EBE371CD
:1085E00001F0004507D54FF0000EDCF1000C7EEBEA
:1085F00000006EEB0101B1F5801F1BD3B1F5001F28
:108600000CD349085FEA30004FEA3C0C04F1010446
:108610004FEA445212F5800F80F09A80BCF1004F6F
:1086200008BF5FEA500C50F1000041EB045141EAF1
:10863000050130BD5FEA4C0C404141EB0101013CBA
:1086400028BFB1F5801FE9D291F0000F04BF0146A9
:108650000020B1FA81F308BF2033A3F10B03B3F17B
:1086600020020CDA0C3208DD02F1140CC2F10C020B
:1086700001FA0CF021FA02F10CE002F11402D8BF69
:10868000C2F1200C01FA02F120FA0CFCDCBF41EA35
:108690000C019040E41AA2BF01EB0451294330BD04
:1086A0006FEA04041F3C1CDA0C340EDC04F11404E1
:1086B000C4F1200220FA04F001FA02F340EA0300B8
:1086C00021FA04F345EA030130BDC4F10C04C4F1FE
:1086D000200220FA02F001FA04F340EA03002946DE
:1086E00030BD21FA04F0294630BD94F0000F83F428
:1086F000801306BF81F480110134013D4EE77FEA0B
:10870000645C18BF7FEA655C29D094EA050F08BF56
:1087100090EA020F05D054EA000C04BF1946104637
:1087200030BD91EA030F1EBF0021002030BD5FEA7B
:10873000545C05D14000494128BF41F0004130BDA3
:1087400014F580043CBF01F5801130BD01F00045F7
:1087500045F0FE4141F470014FF0000030BD7FEA6A
:10876000645C1ABF194610467FEA655C1CBF0B4665
:10877000024650EA013406BF52EA033591EA030F7C
:1087800041F4002130BD00BF90F0000F04BF002174
:10879000704730B54FF4806404F132044FF00005A7
:1087A0004FF0000150E700BF90F0000F04BF002120
:1087B000704730B54FF4806404F1320410F0004586
:1087C00048BF40424FF000013EE700BF42004FEA81
:1087D000E2014FEA31014FEA02701FBF12F07F43FE
:1087E00093F07F4F81F06051704732F07F4208BFB5
:1087F000704793F07F4F04BF41F40021704730B5BC
:108800004FF4607401F0004521F000411CE700BF07
:1088100050EA010208BF704730B54FF000050AE08A
:1088200050EA010208BF704730B511F0004502D58B
:10883000404261EB41014FF4806404F132045FEA8D
:10884000915C3FF4D8AE4FF003025FEADC0C18BF36
:1088500003325FEADC0C18BF033202EBDC02C2F128
:10886000200300FA03FC20FA02F001FA03FE40EABA
:108870000E0021FA02F11444BDE600BF4FEA4102A6
:10888000B2F1E04324BFB3F5001CDCF1FE5C0DD96E
:1088900001F0004C4FEAC0024CEA5070B2F1004FB8
:1088A00040EB830008BF20F00100704711F0804FBB
:1088B00021D113F13872BCBF01F00040704741F480
:1088C00080114FEA5252C2F11802C2F1200C10FA84
:1088D0000CF320FA02F018BF40F001004FEAC12368
:1088E0004FEAD32303FA0CFC40EA0C0023FA02F30C
:1088F0004FEA4303CCE77FEA625307D150EA0133E2
:108900001EBF4FF0FE4040F44000704701F00040B1
:1089100040F0FE4040F40000704700BF80F000408F
:1089200002E000BF81F0004142001FBF5FEA410347
:1089300092EA030F7FEA226C7FEA236C6AD04FEA47
:108940001262D2EB1363C1BFD2184140484041408C
:10895000B8BF5B42192B88BF704710F0004F40F43E
:10896000000020F07F4018BF404211F0004F41F45A
:10897000000121F07F4118BF494292EA030F3FD026
:10898000A2F1010241FA03FC10EB0C00C3F1200339
:1089900001FA03F100F0004302D5494260EB4000C8
:1089A000B0F5000F13D3B0F1807F06D340084FEA33
:1089B000310102F10102FE2A51D2B1F1004F40EB28
:1089C000C25008BF20F0010040EA03007047490090
:1089D00040EB0000013A28BFB0F5000FEDD2B0FA2D
:1089E00080FCACF1080CB2EB0C0200FA0CF0AABF50
:1089F00000EBC25052421843BCBFD04018437047EE
:108A000092F0000F81F4000106BF80F400000132F3
:108A1000013BB5E74FEA41037FEA226C18BF7FEACA
:108A2000236C21D092EA030F04D092F0000F08BF0C
:108A30000846704790EA010F1CBF0020704712F0F3
:108A40007F4F04D1400028BF40F00040704712F132
:108A500000723CBF00F50000704700F0004343F097
:108A6000FE4040F4000070477FEA226216BF0846CD
:108A70007FEA23630146420206BF5FEA412390EA90
:108A8000010F40F4800070474FF0000304E000BF86
:108A900010F0004348BF40425FEA000C08BF704737
:108AA00043F0964301464FF000001CE050EA0102FB
:108AB00008BF70474FF000030AE000BF50EA010210
:108AC00008BF704711F0004302D5404261EB4101FD
:108AD0005FEA010C02BF84460146002043F0B64322
:108AE00008BFA3F18053A3F50003BCFA8CF2083A47
:108AF000A3EBC25310DB01FA02FC634400FA02FC50
:108B0000C2F12002BCF1004F20FA02F243EB020056
:108B100008BF20F00100704702F1200201FA02FCB8
:108B2000C2F1200250EA4C0021FA02F243EB0200AB
:108B300008BF20EADC70704753B94AB9002908BF62
:108B400000281CBF4FF0FF314FF0FF3000F088B914
:108B5000ADF1080C6DE904CE00F006F8DDF804E094
:108B6000DDE9022304B070472DE9F047089D8E46E9
:108B700004468846002B4AD18A42174662D9B2FA87
:108B800082F64EB1C6F1200301FA06F820FA03F38B
:108B9000B74043EA0808B4404FEA174E1FFA87FC73
:108BA000B8FBFEF1230C0EFB118843EA084301FBDE
:108BB0000CF29A4209D9FB1801F1FF3080F0EA80EB
:108BC0009A4240F2E78002393B449A1AA3B2B2FBC0
:108BD000FEF00EFB102243EA024300FB0CFC9C4516
:108BE00009D9FB1800F1FF3280F0D6809C4540F295
:108BF000D3803B44023840EA0140A3EB0C03002140
:108C00001DB1F3400022C5E90032BDE8F0878B4278
:108C100005D90DB1C5E9000100210846F5E7B3FA11
:108C200083F1002946D1734502D3824200F20581C7
:108C3000841A6EEB030201209046002DE5D0C5E9B1
:108C40000048E2E7002A00F09080B2FA82F6002E97
:108C500040F0A4808A1A030C4FEA174E80B2BCB2CF
:108C60000121B2FBFEFC0EFB1C2243EA024304FB83
:108C70000CF29A4207D9FB180CF1FF3802D29A4243
:108C800000F2E080C4469B1AB3FBFEF20EFB1233E7
:108C900040EA034302FB04F49C4207D9FB1802F1AB
:108CA000FF3002D29C4200F2CA8002461B1B42EAFD
:108CB0000C40A5E7C1F120068B4022FA06F71F43BE
:108CC0000EFA01F420FA06F32EFA06FE4FEA1749CF
:108CD000234300FA01F81FFA87FCBEFBF9F01C0CD5
:108CE00009FB10EE44EA0E4400FB0CFEA64502FA16
:108CF00001F209D93C1900F1FF3A80F09C80A645A9
:108D000040F2998002383C44A4EB0E041FFA83FE23
:108D1000B4FBF9F309FB13444EEA044403FB0CFCD7
:108D2000A44508D93C1903F1FF3E80F08280A44598
:108D30007FD9023B3C4443EA0040A4EB0C04A0FB77
:108D400002EC64457346E14662D35FD05DB1B8EB97
:108D5000030264EB090404FA06F622FA01F31E4347
:108D6000CC40C5E9006400214FE7B1FBF2FC010CE7
:108D700041EA0E4180B240EA01423B4638463C4659
:108D8000B846BE462026B1FBF7F1A2EB080241EA45
:108D90000C4166E7014618E710462CE7C6F12002B1
:108DA0002EFA02F3B740B14020FA02F24FEA174E12
:108DB0000A43B3FBFEF8BCB20EFB1833110C41EAB8
:108DC000034108FB04F9B04089454FEA104380B2E3
:108DD0003ED9791808F1FF3C01D289451FD8A1EB93
:108DE0000901B1FBFEF909FB04F80EFB191192B25F
:108DF00042EA0142424529D2BA1809F1FF31C4D2F0
:108E00004245C2D2A9F102013A44BEE7F0459DD2E3
:108E1000BEEB02036CEB070C0138E14696E7A7EBCB
:108E200009094944A8F1020CB1FBFEF909FB04F859
:108E3000DBE773467FE7504666E70846FDE63B44BE
:108E4000023A33E7ACF1020C3B441CE749469CE78D
:108E5000A1EB0901C446B1FBFEF909FB04F8C4E724
:108E6000704700BF08B5024819211AF023FA00BF65
:108E70004C04030808B5024821211AF01BFA00BF70
:108E80005404030810B5EFF305834BB904460AF008
:108E9000D7FE012808D020460BF08AFC40B110BD57
:108EA000054866211AF006FA03486C211AF002FA06
:108EB000014873211AF0FEF95C04030810B5EFF3C2
:108EC000058353B904460AF0BBFE01280AD044B119
:108ED0002046BDE810400BF0C9BC044888211AF0B8
:108EE000E9F910BD014889211AF0E4F9700403087A
:108EF00030B52B4B02688BB000249A42CDE9044474
:108F0000CDE90644089401D00BB030BD03F5E83339
:108F100001941A6C234842F080621A641A6C02F0C1
:108F200080620192019A02941A6C42F000721A64F3
:108F30001A6C02F000720292029A03941A6B42F0C9
:108F400002021A631B6B9FED147B03F00203039371
:108F500004A909230322CDE907238DED047B039D9A
:108F600003F0FCFA224605213F2002F079FA3F2067
:108F700002F0B2FA22460521402002F071FA4020A8
:108F800002F0AAFA22460521412002F069FA4120A6
:108F900002F0A2FA0BB030BD600000000200000039
:108FA000006800400004024008B502680E4B9A4277
:108FB00000D008BD03F5E83360211A6C0B4822F09D
:108FC00080621A641A6C22F000721A6403F0A6FC24
:108FD0003F2002F08FFA402002F08CFABDE80840F2
:108FE000412002F087BA00BF006800400004024040
:108FF000054808B5054B036002F09CFA00B908BDAE
:10900000BDE8084001F03CB9A00400200030024057
:109010000B4B02689A4200D0704782B00022019246
:10902000D3F8302842F48052C3F8302803F50063A7
:109030001B6B03F480530193019B02B0704700BF88
:109040000030024010B582B000241C4B0094196B14
:1090500041F480011963186B00F4800000900098BF
:109060000194186B40F4001018631B6B03F4001399
:109070002246052101930B20019B02F0F1F90B2000
:1090800002F02AFA224605210C2002F0E9F90C2010
:1090900002F022FA224605213A2002F0E1F93A20B4
:1090A00002F01AFA22460521462002F0D9F946209C
:1090B00002B0BDE8104002F00FBA00BF0038024015
:1090C00010B51148114C124900230122C0E900419A
:1090D000C0E90232C0E90433C0E90633036202F09A
:1090E00091FF28B90848002103F00EFA40B910BDDD
:1090F00001F0C6F80448002103F006FA0028F6D073
:10910000BDE8104001F0BCB8A80400200060004099
:109110005016400030B504469FB000215C2207A8DD
:10912000CDE90211CDE90411069126F00DFB1A4B91
:1091300022689A4201D01FB030BD802307A8079350
:1091400005F030FB28BB154C154800250095236B16
:1091500043F004032363236B03F004030093C02252
:109160001223CDE9022301220323CDE9042302A91E
:1091700004230693009A03F0F1F90195236C43F060
:1091800080732364236C03F080730193019B1FB0F1
:1091900030BD01F075F8D6E70060004000380240AD
:1091A0000008024008B5044C20684FF0FF3108F079
:1091B00031F910F039FEF7E78405002030B50A4D8B
:1091C00083B0002428688DF807404FF0FF33002259
:1091D0000DF1070108F0E4F90028F3D19DF807002C
:1091E00010F024FEEEE700BF6C06002070B50A4EBA
:1091F00082B00024002530684FF0FF33002269461A
:10920000CDE9004508F0CCF90028F4D1DDE90001F2
:1092100011F09AF8EFE700BF1006002008B5044CE3
:1092200020684FF0FF3108F0F5F810F04FFEF7E737
:109230007C05002008B510F039FFFCE7274B10B57E
:10924000274C186808F018F9264A236803FB02F235
:10925000B2F1333F18D9234A234903FB02F2B1EBA1
:10926000F20F35D221482249DA1C00FB02F2B1EBA1
:10927000B20F1FD21F4A204903FB02F2B1EB321F8B
:1092800010D20133236010BD1C4B186808F0F4F8AD
:109290001B4B186808F0F0F81A4B186808F0ECF847
:1092A0002368D8E7184B186808F0E6F823680133FC
:1092B000236010BD154B186808F0DEF8144B1868D1
:1092C00008F0DAF8134B186808F0D6F82368D1E7ED
:1092D000114B186808F0D0F82368C3E77C0500201C
:1092E000FC040020CDCCCCCC66666606295C8FC21F
:1092F000285C8F02917EFB3AB88D06008005002025
:109300007805002074050020540500206405002025
:1093100060050020580500205C0500202DE9F84379
:109320000025304FDFF8C4802F4CDFF8C4902E4664
:109330001BE0D8F80000052108F06CF8F8B90DF032
:109340001DF9012012F0FCFF012012F019F9236829
:10935000D9072ED55A0716D18EB3052D17D0013552
:10936000EDB2012623680133236038684FF0FF31E6
:1093700008F050F800200DF08DF80028D9D000201A
:109380000DF094FCDDE7002EEDD0052DE7D1002097
:109390000DF0CCFBD0B9D8F80000294608F03AF817
:1093A000A0B90FF005F9012014F094FC0625002661
:1093B000D8E7D9F8000008F05FF82368CAE730461C
:1093C0000DF002FC30B901252E46CBE700200DF050
:1093D00045FFE8E730460DF041FF012014F07AFC2C
:1093E0002368C0E7780500202005002070050020D4
:1093F0004C0500202DE9F8430025314FDFF8C880E7
:10940000304CDFF8C8902E461CE0D8F8000005214B
:1094100008F000F800BB01200DF0B0F8022012F0B7
:109420008FFF022012F0ACF82368D9072FD55A0716
:1094300016D196B3052D17D00135EDB2012623685C
:109440000133236038684FF0FF3107F0E3FF01205C
:109450000DF020F80028D8D001200DF027FCDDE722
:10946000002EEDD0052DE7D101200DF05FFBD8B91E
:10947000D8F80000294607F0CDFFA8B901200FF069
:1094800097F8022014F026FC06250026D7E7D9F825
:10949000000007F0F1FF2368C9E701200DF094FBFD
:1094A00030B901252E46CAE701200DF0D7FEE8E7C6
:1094B00001200DF0D3FE022014F00CFC2368BFE75E
:1094C000740500201C0500206C05002048050020C4
:1094D00008B5044C20684FF0FF3107F09BFF10F0F7
:1094E000E7FDF7E76805002008B5054C20684FF058
:1094F000FF3107F08FFF002010F0FEFDF6E700BF00
:109500006405002008B5054C20684FF0FF3107F0D6
:1095100081FF012010F0F0FDF6E700BF600500209C
:1095200008B5044C20684FF0FF3107F073FF10F0CE
:10953000F9FDF7E75C05002008B5044C20684FF002
:10954000FF3107F067FF10F0FBFDF7E7580500203B
:1095500008B5034C10F006FE206807F06DFDF9E732
:109560002C7200202DE9F04F2DED028BDFF8E891F1
:1095700083B0724B4FF0FF31186807F04BFF0AF0D1
:109580004FFC05460AF0A2F86D4B00901C68041BC6
:1095900019D06C4BDFED6C6A1B689FED6C7AEB1A8F
:1095A00007EE903AF8EE677A694B67EEA67A06EE18
:1095B000904AB8EE666AC7EE866A66EE877A37EE3C
:1095C000677A83ED007A0AF087F82028014600F2D6
:1095D000AD8000225F480AF085F84FF4906207469C
:1095E00000215D4826F0B0F8002F38D0002C43D180
:1095F000594EDFF88C810195DFF858B1DFF870A182
:109600004546B8463746264619E0DAF80020824239
:109610001FD007F0E7FC06EBC60409EB8404DBF877
:1096200004102062384626F065F9226A042A1CD903
:109630000136B0450BF1240B07F124070ED0DBF8FF
:1096400000002A688242E0D1444BDBF818201A60FF
:10965000DFE7434BDBF818201A60DAE7019D384B4F
:10966000009A1A60374B1D6083E73E4B3E4A3F48E5
:1096700040F2744100F0F6FDDFED338A9FED338A4E
:10968000DFF8D0B0DFF8F880394E4FF0000A17E06D
:109690003368984232D007F0A5FC0AEBCA0309EB05
:1096A0008303DBF804101862184626F023F9036AD6
:1096B000042BDAD90AF1010A57450BF1240BCED05D
:1096C000DBF80000D8F800309842E1D1234ADBF8FB
:1096D0001830116813605B1A07EE903A07EE104AD3
:1096E000F8EE677AF8EE476A67EEA87A214B87EEC4
:1096F000A67A67EE087AC3ED007ACCE71849DBF862
:1097000018300A680B609B1A07EE903A07EE104A71
:10971000F8EE677AF8EE476A67EEA87A164B87EE9E
:10972000A67A67EE087AC3ED007AB4E7134B0E4AC7
:109730000E4840F2534100F095FD00BF5405002053
:1097400018050020140500206F12833A0000C8425B
:109750001005002030C90020B0C400200C050020F6
:1097600004050020C404030844710308AC04030882
:10977000ECC100200805002000050020800403083B
:109780002CB90020704700BF08B510F041FB08BDA0
:1097900008B5034A034B04484FF4F37100F062FD2F
:1097A0006471030810050308AC04030810B59C4A53
:1097B0000021012007F0CEFD9A4B9B4A0446002170
:1097C00001201C6007F0C6FD984B994A0446002111
:1097D00001201C6007F0BEFD964B974A044600210D
:1097E00001201C6007F0B6FD944B954A0446002109
:1097F00001201C6007F0AEFD924B934A0446002105
:1098000001201C6007F0A6FD904B914A0446002100
:1098100001201C6007F09EFD8E4B8F4A04460021FC
:1098200001201C6007F096FD8C4B8D4A04460021F8
:1098300001201C6007F08EFD8A4B8B4A04460021F4
:1098400001201C6007F086FD884B894A04460021F0
:1098500001201C6007F07EFD864B874A04460021EC
:1098600001201C6007F076FD844B854A04460021E8
:1098700001201C6007F06EFD824B834A04460021E4
:1098800001201C6007F066FD804B814A04460021E0
:1098900001201C6007F05EFD7E4B7F4A04460021DC
:1098A00001201C6007F056FD7C4C7D4B206000229F
:1098B00001217C4807F0DEFB7B4B0121186007F09B
:1098C00017FC7A4A0121082007F000FE784B794AFC
:1098D0000446082101201C6007F0F8FD764B774A0A
:1098E0000446002176481C6007F01EFB754B764A43
:1098F0000446002175481C6007F016FB744B754A3E
:109900000446002174481C6007F00EFB734B744A38
:109910000446002173481C6007F006FB724B734A33
:109920000446002172481C6007F0FEFA714B724A2F
:109930000446002171481C6007F0F6FA704B714A2A
:109940000446002170481C6007F0EEFA6F4B704A25
:10995000044600216F481C6007F0E6FA6E4B6F4A20
:10996000044600216E481C6007F0DEFA6D4B6E4A1B
:10997000044600216D481C6007F0D6FA6C4B6D4A16
:10998000044600216C481C6007F0CEFA6B4B6C4A11
:10999000044600216B481C6007F0C6FA6A4B6B4A0C
:1099A000044600216A481C6007F0BEFA694B6A4A07
:1099B0000446002169481C6007F0B6FA684B694A02
:1099C0000446002168481C6007F0AEFA674B684AFD
:1099D0000446002167481C6007F0A6FA664B674AF8
:1099E0000446002166481C6007F09EFA654B664AF3
:1099F0000446002165481C6007F096FA644B654AEE
:109A00000446002164481C6007F08EFA634B02464E
:109A100063481A6007F084FB624B186010BD00BFFA
:109A200084720308840500207472030880050020F6
:109A3000647203087C050020547203087805002036
:109A40004472030874050020347203087005002076
:109A5000247203086C0500201472030868050020B6
:109A60000472030864050020F471030860050020F7
:109A7000E47103085C050020D47103085805002038
:109A8000C471030854050020B47103085005002078
:109A9000A47103084C0500209471030848050020B8
:109AA000947203083D920008B4050020BC720308BC
:109AB0006C060020A4720308100600205C750308E1
:109AC000A5910008ACC400203875030879A30108EB
:109AD000ECC100201475030841A401082CB9002032
:109AE000F0740308BD9100086CA80020CC74030832
:109AF000ED910008ACA30020A87403081D92000893
:109B0000ECA0002084740308359200082C9C0020EF
:109B1000607403081D9300086C9700203C740308D0
:109B2000F5930008AC92002018740308D194000843
:109B3000EC8D0020F4730308E99400082C850020C4
:109B4000D0730308059500086C800020AC730308EF
:109B500021950008AC7B0020887303083995000824
:109B6000EC76002064730308519500082C720020E5
:109B700040730308659500086C6D00201C73030892
:109B8000F1A40108AC680020F87203085DA5010883
:109B9000EC470020D4720308CDA501082C27002033
:109BA00084710308440500202DE9F04100248CB0A5
:109BB000CDE90644CDE90844634B01940A941A6B3D
:109BC000624E634FDFF8908142F004021A631A6B11
:109BD00002F004020192019A02941A6B42F0800290
:109BE0001A631A6B02F080020292029A03941A6BB3
:109BF00042F001021A631A6B02F001020392039A07
:109C000004941A6B42F002021A631A6B02F0020209
:109C10000492049A05941A6B42F008021A631B6BB3
:109C200003F008030593224630464FF40041059B9C
:109C300002F088FF3046012240F2311102F082FF2B
:109C40002246384641F2020102F07CFF38460122EA
:109C500048F2100102F076FF4046012241F2010174
:109C600002F070FF2246404644F2920102F06AFF81
:109C70004FF4804206A9304600230125CDE9062392
:109C8000089402F06BFC48F2201306A93046CDE997
:109C90000635CDE9084402F061FC06A93046CDE95D
:109CA0000655CDE9084502F059FC012206A93846BF
:109CB0000023CDE90623089402F050FC41F2120380
:109CC00006A938460693CDE90754099402F046FCEC
:109CD0001023304606A902260693CDE907540996BB
:109CE00002F03CFC06A94046CDE9065509960894C9
:109CF00002F034FC404645F2920306A90693CDE9F2
:109D00000754099402F02AFC4FF40043384606A990
:109D10000693CDE90754099502F020FC4FF488130F
:109D2000042206A90B480894CDE9062302F016FC8C
:109D300022460521082001F093FB082001F0CCFB0E
:109D40000CB0BDE8F08100BF0038024000080240BE
:109D500000000240000C02400004024010B50B4815
:109D60000B4C0C4900234FF48042C0E90041C0E98C
:109D70000233C0E90423C0E90633036202F088FF1E
:109D800000B910BDBDE8104000F07ABA20CF002025
:109D900000540040801A060010B50B480B4C0C49CB
:109DA00000234FF48042C0E90041C0E90233C0E91A
:109DB0000423C0E90633036202F06AFF00B910BD54
:109DC000BDE8104000F05CBAC8CE0020005800404A
:109DD000801A060010B50B480B4C0C4900234FF4B9
:109DE0008042C0E90041C0E90233C0E90423C0E970
:109DF0000633036202F04CFF00B910BDBDE810400D
:109E000000F03EBA70CE0020005C0040801A0600D0
:109E10002DE9F04103687B4A8EB000249342CDE9DE
:109E20000844CDE90A4405460C9409D0764A934289
:109E30004CD0764A934200F084800EB0BDE8F081A9
:109E4000734F00943B6B7348734E43F002033B63C4
:109E50003B6B03F0020300934FF44072009B12230C
:109E6000CDE9082308A904234FF0030CCDE90BC367
:109E700002F074FB01943B6CB46043F400133B6448
:109E80003B6C664A326003F4001301934FF000729A
:109E90004FF480633046C6E90343C6E90544C6E98A
:109EA000074401997260746201F072FB002840F06F
:109EB000A380AE63002205211F20B56301F0D0FA14
:109EC0001F2001F009FB0EB0BDE8F081504D029457
:109ED0002B6B504843F002032B632B6B03F0020300
:109EE0000293029B03942B6B43F004032B632B6BB5
:109EF00003F0040303934FF480620327042608A9A8
:109F00001223CDE90823CDE90B76039B02F026FB53
:109F10000C96122342480B9708A94FF48056CDE9BE
:109F200008630A9402F01AFB04942B6C43F4800338
:109F30002B642B6C03F480030493049B0EB0BDE8E8
:109F4000F081334F05943B6B354843F004033B638A
:109F50003B6B03F004030593059B06943B6B43F0B6
:109F600001033B633B6B03F0010306934FF4007264
:109F70000426069B4FF00308122308A9CDE9082305
:109F8000CDE90B8602F0EAFA4FF4807212232548DD
:109F90000C9608A9CDE90823CDF82C800A9402F08C
:109FA000DDFA07943B6C204E204AB46043F4000372
:109FB0003B643B6C326003F4000307934FF0007284
:109FC0004FF480633046C6E90343C6E90544C6E959
:109FD000074407997260746201F0DAFA78B9AE63E7
:109FE000002205214820B56301F03AFA482001F02B
:109FF00073FA0EB0BDE8F08100F042F959E700F0C5
:10A000003FF9ECE70054004000580040005C00407D
:10A01000003802400004024010CE002010600240D0
:10A020000008024000000240B0CD0020286002403D
:10A03000274A0368934210B5044606D0254A934246
:10A040001BD0254A93422AD010BD02F5F232234894
:10A05000136C23F4001313644FF4807102F05EFC60
:10A060001E484FF4007102F059FCA06B01F024FB74
:10A07000BDE810401F2001F03DBA02F5F03217484C
:10A08000136C23F480034FF48061136402F046FCE8
:10A09000BDE8104012484FF4805102F03FBC02F579
:10A0A000EE320F48136C23F4000313644FF4007175
:10A0B00002F034FC0B484FF4807102F02FFCA06BCF
:10A0C00001F0FAFABDE81040482001F013BA00BFD1
:10A0D0000054004000580040005C00400004024072
:10A0E000000802400000024030B5002397B0CDE9DF
:10A0F0000A33CDE90C33CDE90333CDE905332649E5
:10A1000001930793086C254A40F080500864096C5D
:10A1100001F08051019101990293136843F4404387
:10A120001360136803F44043022402934FF4800148
:10A130009FED177BCDE90E41029814940220022175
:10A14000CDE912010822B42308A88DED087B1092F6
:10A15000119304F07FFD08B172B6FEE704F006FA31
:10A16000034608B172B6FEE70F22CDE903244FF48F
:10A17000A0554FF4805203A80521CDE9053507927B
:10A1800004F030FA08B172B6FEE717B030BD00BF78
:10A190000100000000000100003802400070004093
:10A1A00008B51D4B01221A6000F02EFDFFF79CFF41
:10A1B000FFF7FAFCFEF746FF00F086FA00F028FBF6
:10A1C00000F062FB00F0A2F8FEF712FF00F07CF84E
:10A1D00000F058FCFEF774FF00F054F8FFF7DCFDC8
:10A1E000FFF7BCFDFFF7F6FD00F0AAFA00F076FBE2
:10A1F0000A4805F04FFB0A4805F04CFB09490A489C
:10A2000017F068F917F08EF906F062FEFFF7CEFA44
:10A2100006F070FEFEE700BF08000020E8D1002035
:10A2200058D1002030D20020F0D20020034B026829
:10A230009A4200D07047084617F014B90010014048
:10A24000074B02689A4200D0704710B5044617F0D9
:10A250008BF900B110BDA08CBDE8104018F058B8C3
:10A260000010014008B5104619F024F8034B0268AD
:10A270009A4200D0704700F0E1BC00BF00100040DF
:10A2800072B6FEE70E480F494FF4827210B50023F4
:10A29000C0E900124FF4007410210A22C0E9023311
:10A2A000C0E90433C0E90641C0E90833C0E90A3215
:10A2B00004F084FF00B910BDBDE81040FFF7E0BF17
:10A2C00028D00020003001400E480F494FF4827220
:10A2D00010B50023C0E900124FF4007410210A22C7
:10A2E000C0E90233C0E90433C0E90641C0E90833DC
:10A2F000C0E90A3204F062FF00B910BDBDE81040A9
:10A30000FFF7BEBFD0CF0020003800400E480F49F5
:10A310004FF4827210B50023C0E900124FF40074AC
:10A3200010210A22C0E90233C0E90433C0E9064122
:10A33000C0E90833C0E90A3204F040FF00B910BD9B
:10A34000BDE81040FFF79CBF78CF0020003C0040E4
:10A3500070B503684E4A8EB000249342CDE908449C
:10A36000CDE90A440C9407D04A4A934227D04A4A7E
:10A3700093425DD00EB070BD484B01945A6C484872
:10A3800042F480525A645A6C02F480520192019A4B
:10A3900002941A6B42F001021A631B6B03F0010373
:10A3A00002930322052308A9E0240225CDE90845EC
:10A3B000CDE90B23029C02F0D1F80EB070BD374BF3
:10A3C00003941A6C374842F480421A641A6C02F4FF
:10A3D00080420392039A04941A6B42F004021A63B7
:10A3E0001A6B02F004020492049A05941A6B42F06C
:10A3F00002021A631B6B03F0020305930C2203266F
:10A40000052508A90223CDE90823CDE90B65059BA5
:10A4100002F0A4F84FF40053089323480C9502234C
:10A4200008A9CDE90A46099302F098F80EB070BD6C
:10A430001A4B06941A6C1B4842F400421A641A6CB8
:10A4400002F400420692069A07941A6B42F0040244
:10A450001A631B6B03F00403079302220223CDE966
:10A4600008230325052308A9CDE90B53079A02F019
:10A4700075F84FF440620223CDE90823094806230A
:10A4800008A9CDE90A450C9302F068F80EB070BD3A
:10A490000030014000380040003C004000380240DD
:10A4A00000000240000802400004024082B00E4B4F
:10A4B00000220092596C41F480415964586C00F4B8
:10A4C0008040009000980192186C40F08050186411
:10A4D0001B6C03F080530193019B0F216FF001006F
:10A4E00002B000F0BDBF00BF0038024070B588B0B8
:10A4F000234B002202921A6C42F010021A641B6C69
:10A5000003F010030293054601A903A8029B04F07F
:10A5100027F9069BD3B904F003F90346194A1A4CEC
:10A520001A49A2FB03239B0C013B0022C4E9001340
:10A53000204640F2E7332261A260A261E36005F0A9
:10A5400011F9064630B1304608B070BD04F0E8F8A5
:10A550004300E3E7204605F0D3F906460028F2D190
:10A56000362000F0B9FF0F2D01D90126EBE7324666
:10A570002946362000F074FF054B1D60E3E700BF5D
:10A580000038024083DE1B4380D0002000100040D2
:10A5900008000020FEE700BFFEE700BFFEE700BFA7
:10A5A000FEE700BFFEE700BF704700BF08B518F028
:10A5B000F3FDBDE80840042002F0CABA08B504481B
:10A5C00001F050F9034B1868BDE8084006F054BF8D
:10A5D00010CE00207005002008B5044801F042F9B3
:10A5E000034B1868BDE8084006F046BFB0CD002018
:10A5F0006C050020014B186806F03EBF680500207E
:10A60000014805F03BBD00BFA0D10020014803F088
:10A61000CDBA00BF20CF0020014806F011BA00BF1C
:10A62000F0D20020014805F029BD00BF80D00020F5
:10A6300008B518F037FABDE80840014805F01EBD1E
:10A6400010D10020014801F00DB900BF30D2002028
:10A65000014800F0A3BD00BF3C040020014800F009
:10A660009DBD00BF3C040020014800F097BD00BF25
:10A670003C040020014801F0F5B800BF90D2002052
:10A68000014803F093BA00BF70CE0020012070474C
:10A6900008B525F003F9162303604FF0FF3008BD1D
:10A6A00008B525F0FBF816230360FEE7044B0549C7
:10A6B000D3F8882042F47002C3F88820996070476C
:10A6C00000ED00E00080000800B51B484FF080421C
:10A6D00087B002605922002342604FF0FF32CDE97B
:10A6E0000233CDE90433CDE90033C0E9023203611E
:10A6F000836105F037F898B94FF480530E48029300
:10A7000002A905F085FB98B9202200230A48694672
:10A71000CDE9002305F04EFD28B907B05DF804FB34
:10A72000FFF7AEFDE8E7FFF7ABFD07B05DF804FB10
:10A73000FFF7A6FDE8E700BFE8D100200000000019
:10A7400000B53148314A8FB00023CDE90233CDE95D
:10A750000433CDE90033CDE90633CDE90833CDE943
:10A760000A330C9383600361836140F23F63C0E965
:10A7700000234FF6FF73C36004F0F4FF48BB4FF4AF
:10A7800080532148029302A905F042FB90BB1E486A
:10A7900005F0F2F858BB002200231B486946CDE9BA
:10A7A000002305F007FDF8B99FED157B0022164840
:10A7B000089206A98DED067B0A9205F05BFA80B936
:10A7C0001148042206A905F055FA28B90FB05DF822
:10A7D00004FBFFF755FDD2E7FFF752FD0FB05DF820
:10A7E00004FBFFF74DFDEBE7FFF74AFDDCE7FFF762
:10A7F00047FDD0E7FFF744FDC9E700BFAFF3008096
:10A800000000000000000000A0D100200004004073
:10A8100000B51B481B4A89B0002302604FF0FF328D
:10A82000CDE90233CDE90433CDE90033C0E901338A
:10A83000C0E903230693836104F094FFA0B90722C3
:10A8400000230F4802A9CDE9022305F08BFB98B93C
:10A85000002200230A486946CDE9002305F0AAFC3E
:10A8600028B909B05DF804FBFFF70AFDE7E7FFF739
:10A8700007FD09B05DF804FBFFF702FDE8E700BF44
:10A8800058D10020000C004000B51248124943F690
:10A89000652283B00023C0E900120122CDE9003314
:10A8A000C0E90232836104F05DFF58B90022002341
:10A8B00008486946CDE9002305F07CFC28B903B0BF
:10A8C0005DF804FBFFF7DCFCF0E7FFF7D9FC03B011
:10A8D0005DF804FB10D100200014004009480A492B
:10A8E00008B54FF6FF720023C0E90013C0E9023239
:10A8F0000361836104F036FF00B908BDBDE808407C
:10A90000FFF7BEBCC8D000200044014000B503687A
:10A91000B3F1804F87B00ED0334A93422AD0334AE6
:10A92000934218D0324A93423AD0324A934249D0A5
:10A9300007B05DF804FB03F50E33002201921A6C98
:10A9400042F001021A641B6C03F001030193019BA6
:10A9500007B05DF804FB284B002203921A6C42F00A
:10A9600008021A641B6C03F008030393039B07B0EF
:10A970005DF804FB204B00220292196C41F00201A9
:10A9800019641B6C03F0020302931D200521029B36
:10A9900000F066FD1D2007B05DF804EB00F09CBDE3
:10A9A000154B00220492196C41F0200119641B6CB4
:10A9B00003F02003049337200221049B00F050FD94
:10A9C0003720E8E70C4B00220592596C41F4003126
:10A9D00059645B6C03F40033059319200521059B32
:10A9E00000F03EFD1920D6E700040040000C0040B6
:10A9F0000014004000440140003802400368B3F1F5
:10AA0000804F0CD01A4A934216D01A4A93420CD067
:10AA1000194A934219D0194A93421FD07047184AD5
:10AA2000136C23F001031364704702F50B32136CAF
:10AA300023F008031364704702F50D321D20136CD8
:10AA400023F00203136400F055BD02F509323720EC
:10AA5000136C23F02003136400F04CBD02F5744224
:10AA60001920536C23F40033536400F043BD00BF3E
:10AA700000040040000C004000140040004401406D
:10AA80000038024010B50B480B4C00234FF4E13165
:10AA90000C22C0E90041C0E90233C0E90432C0E938
:10AAA000063305F0CBFB00B910BDBDE81040FFF741
:10AAB000E7BB00BFF0D200200010014070B5374B5B
:10AAC000026888B000249A42CDE90244CDE90444EA
:10AAD000069401D008B070BD03F5943300945A6C0D
:10AAE0002F4E42F010025A645A6C02F0100200928B
:10AAF000009A01941A6B42F001021A631B6B03F077
:10AB0000010301934FF4C0620223CDE902230546FD
:10AB1000032207230198234802A9CDE9052301F068
:10AB20001DFD214A74624FF00063C6E900233046E0
:10AB300040224FF48063C6E90224C6E90544C6E911
:10AB40000744336100F024FD10BB184C184A226002
:10AB50004FF000620023AE63626020464FF48062D3
:10AB6000C4E90233C4E90423C4E90633C4E9083361
:10AB7000B56300F00DFD70B900220521EC632520BE
:10AB8000A56300F06DFC252000F0A6FC08B070BDA8
:10AB9000FFF776FBD9E7FFF773FBEDE70010014005
:10ABA00090D2002000000240B864024030D2002061
:10ABB00040640240DFF834D00D480E490E4A0023AD
:10ABC00002E0D458C4500433C4188C42F9D30B4A61
:10ABD0000B4C002301E013600432A242FBD3FFF7C9
:10ABE00065FD24F061FEFFF7DBFA704700000220EC
:10ABF000000000201C040020C88603082004002058
:10AC0000B8780120FEE7000008B50B4B1A6842F443
:10AC100000721A601A6842F480621A601A6842F47C
:10AC200080721A60032000F009FC0F20FFF75EFC21
:10AC3000FFF73CFC002008BD003C0240034A044BE7
:10AC400011681B780B441360704700BF38D3002095
:10AC500004000020014B1868704700BF38D3002063
:10AC600038B50446FFF7F6FF631C054602D0044BD7
:10AC70001B781C44FFF7EEFF401BA042FAD338BDFF
:10AC800004000020024B1868C0F30B00704700BF9F
:10AC9000002004E0014BD3F8100A70470070FF1F3A
:10ACA000014BD3F8140A70470070FF1F014BD3F813
:10ACB000180A70470070FF1F704700BF704700BF41
:10ACC000704700BF704700BF704700BF704700BFAC
:10ACD000704700BF704700BF002800F09B8038B568
:10ACE00090F820300446002B72D02268136843F09D
:10ACF00001031360FFF7AEFF054604E0FFF7AAFF6C
:10AD0000431B0A2B5BD823685A68D107F6D51A680B
:10AD100022F002021A60FFF79DFF054604E0FFF7EC
:10AD200099FF401B0A284AD823685A689207F6D42C
:10AD3000227E012A1A680CBF42F0800222F08002B3
:10AD40001A60627E012A1A680CBF42F0400222F0AB
:10AD500040021A60A27E012A1A680CBF42F020024B
:10AD600022F020021A60E27E012A1A680CBF22F04B
:10AD7000100242F010021A60227F012A1A680CBFEA
:10AD800042F0080222F008021A60627F012A1A6863
:10AD90000CBF42F0040222F004021A60D4E902203F
:10ADA000216902430A4360696168024301390A4329
:10ADB00000200121DA61606284F8201038BD636AE6
:10ADC000052243F40033636284F82020012038BD5B
:10ADD0001149124AC36D1248C4E91012114A1249AE
:10ADE000C4E91202114A1248C4E90A12114A12496E
:10ADF000C4E90C02114A1248C4E90E121149124A60
:10AE0000A265C4E9140113B1204698476DE70F4BC2
:10AE1000E365F9E70120704765F90108C9AC00084E
:10AE2000F5FA0108CDAC000861F401080DF601083F
:10AE3000B9F70108BDAC0008C1AC0008C5AC0008FA
:10AE4000D1AC0008D5AC0008B9AC0008F18E000800
:10AE500090F82020013A012A06D9426A034642F4BA
:10AE6000802201205A627047404BD3F80022012013
:10AE7000024330B4C3F80022D3F8002222F47C52FB
:10AE8000C3F80022D3F800224C6A42EA0422C3F835
:10AE900000224A6902F01F04A040D3F81C4224EAB1
:10AEA0000004C3F81C42CD69C443002D45D1D3F83A
:10AEB0000C522540C3F80C52D200CD688B8802F1A9
:10AEC000804202F5C84243EA0543C2F840328D6829
:10AED0000B8843EA0543C2F844328B69234A33BBEB
:10AEE000D2F804322340C2F804320B69C3B91F4BB5
:10AEF000D3F814221440C3F814420B6A012B05D175
:10AF00001A4AD2F81C320343C2F81C32174AD2F84C
:10AF1000003223F00103002030BCC2F80032704739
:10AF2000124AD2F814320343C2F81432E5E7D2F8D9
:10AF300004320343C2F80432D7E7012DCDD1D3F850
:10AF40000C520543C3F80C52D2000D688B8802F1F5
:10AF5000804202F5C84243EA0543C2F840328D6898
:10AF60008B8943EA0543C2F84432B6E700640040E7
:10AF700038B590F82030012B044605D0436A43F4DD
:10AF800000234362012038BD0268022380F820308C
:10AF9000136823F001031360FFF75CFE054604E02D
:10AFA000FFF758FE431B0A2B07D823685B6813F092
:10AFB0000103F5D16362184638BD636A052243F484
:10AFC0000033636284F82020DCE700BF30B490F8DF
:10AFD00020C005680CF1FF3CBCF1010FAC6839D80A
:10AFE00014F0E05F06D1436A43F40013436201208A
:10AFF00030BC7047C4F301640120A04018608B6826
:10B000006BB3C8680343486843EAC00304F11800FF
:10B0100000012B5005EB041C0B69CCF884310B7D2F
:10B02000012B4FEA041105D1DCF8843143F480731D
:10B03000CCF884316B185168C3F88C111268C3F8CE
:10B040008821DCF8803143F00103002030BCCCF8CB
:10B0500080317047436A43F480234362C7E7CB687B
:10B06000086843EA405004F118031B01E850D1E797
:10B0700090F820C00CF1FF3CBCF1010F6BD870B50B
:10B08000046841B9E568AD0708D1436A43F4001389
:10B090004362012070BD2569AE07F6D004EB011CA8
:10B0A0004FEA011EDCF8B05105F004059560002D53
:10B0B00057D0DCF8B051ED085560DCF8B05105F020
:10B0C0000205D560DCF8B4512D0758BFDCF8B45147
:10B0D000DCF8B46154BF05F00F0508251561744410
:10B0E000DCF8B451C6F3072696612D0CD4F8B8618C
:10B0F00055611E7002687244D2F8B821120A5A7063
:10B1000002687244D2F8B821120C9A700268724434
:10B11000D2F8B821120EDA7002687244D2F8BC215B
:10B120001A7102687244D2F8BC21120A5A7102687C
:10B130007244D2F8BC21120C9A7102687244D2F89F
:10B14000BC21120EDA71026881B9D36843F0200382
:10B15000D360002070BD436A43F480234362012022
:10B160007047DCF8B0516D0D1560A6E7136943F028
:10B1700020031361EDE700BF90F82020013A012A77
:10B18000034605D9426A42F4802201205A62704780
:10B19000026853690B430020536170472DE9F04F5B
:10B1A00003685D69D3F804809F68D3F80CA0D3F8D6
:10B1B0001090D3F818B015F0010681B004461FD0E6
:10B1C000FA0700F1AF804FF400514FF480400026A1
:10B1D000FA0509D523684FF480729A60BB0540F1E7
:10B1E000D580E36A20469847F90309D523684FF4D0
:10B1F00080329A60BA0340F1C480236B204698479E
:10B20000290703D51AF0100F40F086806A0702D58F
:10B210001AF0080F79D1AB0703D52368DB689F07C5
:10B220006FD1680602D519F0100F64D1A90602D5B6
:10B2300019F0080F58D1EA0603D523681B699B074C
:10B240004ED1AF0302D518F0100F42D1E80302D55A
:10B2500018F0080F36D129042FD518F0040F2368F1
:10B2600029D0EA0544BF0BF001021643AF0517D5FC
:10B270001BF0020F14D0680546F0020605F40062C8
:10B2800064D51BF0040F5FD192B904225A60636A3F
:10B29000A26D33432046636201B0BDE8F04F104712
:10B2A000690505F4006202D51BF0040F4CD112B100
:10B2B0001BF0700B4FD104225A60002EE7D101B071
:10B2C000BDE8F08F236808225A602046636D9847D6
:10B2D000C1E7236810225A602046236D9847B5E7DE
:10B2E000A36C20469847ACE7236808221A612046E1
:10B2F000E36C98479FE72368102246F480661A6142
:10B3000094E7236C204698478BE723680822DA608D
:10B310002046636C98477EE72368102246F4007647
:10B32000DA6073E701229A60BB070AD47E0733D440
:10B3300039073FD54FF440514FF4A0404FF48056A9
:10B3400046E7836A98473EE746F00406002A9CD009
:10B350001BF0700B99D0BBF1400F45D035D8BBF135
:10B36000200F53D0BBF1300F47D0BBF1100F56D197
:10B370009A69042122F070029A6146F00806596029
:10B3800085E77B030FD546F4004639E77A050FD4ED
:10B390003B0516D5064627E74FF420514FF4904061
:10B3A0004FF4006614E7380307D546F4803627E7E4
:10B3B0000E4619E7436B984705E7E36B204698472D
:10B3C0001EE7A36B204698470EE7BBF1500F2BD02A
:10B3D000BBF1600F23D19A69042122F070029A61B7
:10B3E00046F48076596052E79A69042122F070028F
:10B3F0009A6146F04006596049E79A69042122F0B3
:10B4000070029A6146F02006596040E79A6904216B
:10B4100022F070029A6146F01006596037E79A6987
:10B4200022F070029A6146E79A69042122F07002C4
:10B430009A6146F08006596029E700BF0749CA684B
:10B4400003024FF6FF0003F4E0630240134343F0AE
:10B45000BF6343F40033CB60704700BF00ED00E0F2
:10B460001B4BDB68C3F3022300B5C3F1070EBEF12B
:10B47000040F03F1040C28BF4FF0040EBCF1060FBB
:10B480001CD9A3F1030C4FF0FF3303FA0CF322EAAB
:10B4900003024FF0FF3303FA0EF321EA030303FA2A
:10B4A0000CF313431B010028DBB20ADB00F1604000
:10B4B00000F5614080F800335DF804FB00229446FB
:10B4C000E7E7044A00F00F00024413765DF804FB3E
:10B4D00000ED00E0FCEC00E0002807DB044A410935
:10B4E000012300F01F00834042F82130704700BF65
:10B4F00000E100E000280CDB4309064900F01F00D2
:10B5000020330122824041F82320BFF34F8FBFF345
:10B510006F8F704700E100E0002808DB4309044911
:10B5200000F01F0001224033824041F82320704781
:10B5300000E100E080B110B54379044603F0FF025A
:10B540001BB101236371002010BD0271FDF760FD86
:10B5500001236371002010BD0120704710B4022345
:10B5600004684371A36843F001038446A3603AB1C1
:10B57000043901EB820251F8043F23609142FAD171
:10B58000012320688CF805305DF8044B704700BF3C
:10B5900038B50446FFF75EFB002C6DD0236800220F
:10B5A000022184F8351084F834201A6822F0010250
:10B5B00005461A6005E0FFF74DFB431B052B37D806
:10B5C00023681A68D107F6D4D4E90120E168024360
:10B5D0000A43D4E90451A0692A430A43E1691D687A
:10B5E00002430A4331492940256A2A430A43616AD2
:10B5F000042924D01A605A6922F007021143D8B2F4
:10B600002B4A59611038A2FB0052120929496FF3E5
:10B610000903895CE1655F2888BF04333F228A40C3
:10B62000A36500209A600123606584F8353038BD39
:10B6300003232022626584F83530184638BDD4E9EA
:10B640000B512943114319605969A26A21F007017E
:10B65000114341F00401002DD1D078B1B0F5005F65
:10B6600016D0022A03D9032AC9D1EA01C7D540223C
:10B670000123626584F83530012038BD012A03D0EA
:10B6800032F00202BBD1F0E7B5F1C07FB7D1EEE7EF
:10B69000032AB4D801A050F822F000BF6FB600080A
:10B6A0006BB600086FB6000889B600083F8010F03E
:10B6B000ABAAAAAA98750308002834D090F83520C0
:10B6C000022A0346D0B230D01A681849D0B21038D6
:10B6D00030B4A1FB004109091468154D24F00104A0
:10B6E0006D5C14600021116051609160D160116146
:10B6F000212151615F286FF3090288BF04323F2482
:10B700000021AC40DD65C3E90F11C3E91111C3E9A4
:10B7100013119A659460596583F8341083F83510D5
:10B72000084630BC7047012070477047ABAAAAAAF0
:10B730009875030870B490F83440856D012C0AD0D8
:10B7400090F835404FF0010C644580F834C005D0C6
:10B75000002380F83430022070BC7047022680F845
:10B760003560046800264665266826F48026266033
:10B7700063608368402B0EBFA260A160E260C26D6F
:10B7800008BFE1603F239340AB602368026C43F045
:10B79000160323601AB1236843F00803236023686B
:10B7A00043F001030020236070BC704770B504466D
:10B7B000866DFFF74FFA94F83530022B06D08023C0
:10B7C0006365002384F83430012070BD23681A6853
:10B7D00022F016021A605A6922F080025A61226C25
:10B7E000054642B31A6822F008021A601A6822F06D
:10B7F00001021A6005E0FFF72DFA431B052B10D854
:10B8000023681B6813F00103F5D1E16D3F228A40E4
:10B81000184601210023B26084F8351084F83430D2
:10B8200070BD032320226265184684F8353000235A
:10B8300084F8343070BDA26C002AD3D1D6E700BFA3
:10B8400090F83530022B03D08023436501207047E8
:10B850000268052380F83530136823F001030020C7
:10B8600013607047F0B583B0674A876D1668002390
:10B870000193C36D3D6808229A402A42044603D0D2
:10B8800001680868400778D401229A402A4203D010
:10B890002168496908066AD404229A402A4203D0E2
:10B8A0002168096889075CD410229A402A4203D093
:10B8B00021680868000741D420229A402A4214D007
:10B8C00021680868C00610D5BA6094F83520052AAA
:10B8D00063D00B6813F4802F0B687ED0190340F1FE
:10B8E0008980E36B0BB120469847636D23B3636D8A
:10B8F000DA071AD522684549052384F835301368DC
:10B90000A1FB061623F00103B60A136002E01368D8
:10B91000DB0704D5019B0133B3420193F7D9012220
:10B92000002384F8352084F83430E36C23B12046BA
:10B9300003B0BDE8F040184703B0F0BDBA600A6834
:10B9400012F4802F0A6822D1D20503D40A6822F0AB
:10B9500008020A60226C002AAED020469047E36DB0
:10B96000AAE7BA60626D42F0040262659CE7BA60C1
:10B97000626D42F0020262658EE7086820F0040002
:10B980000860BA60626D42F0010262657CE71103F3
:10B99000E0D5A26C002AE0D18EE70A6822F01602F8
:10B9A0000A604A6922F080024A61226C3AB30A684E
:10B9B00022F008020A603F2202FA03F3216DBB6005
:10B9C0000122002384F8352084F834300029B3D0D4
:10B9D000204603B0BDE8F040084713F4807380D1DF
:10B9E0000A6822F010020A60012284F8352084F8E7
:10B9F000343076E7636C002B7FF475AF75E7A26C8B
:10BA0000002AD4D1D7E700BF00000020B5814E1B2B
:10BA100090F83500704700BF406D704703689A6921
:10BA2000120440F197802DE9F04104460E4610279C
:10BA30009A6912F010087FD0DF6135469A6912F0DA
:10BA400020087BD1FFF706F9401B192823683DD851
:10BA50009A699006F6D52022DA6148F0040801259B
:10BA60009A69D10552D54FF480715505D96148F0D6
:10BA7000010804D54FF48061D96148F008089105A8
:10BA800004D54FF4007248F00208DA619A6995070C
:10BA900044BF00229A629A69D00703D49A6942F09F
:10BAA00001029A615A682C4802405A60636C202156
:10BAB000002243EA0803636484F8411084F84220BA
:10BAC000002384F840300120BDE8F081586894F8E4
:10BAD000422099690904D2B20BD5410409D4202A25
:10BAE00007D05A6842F480425A60FFF7B3F82368DF
:10BAF00005469A699006A1D4FFF7ACF8401B1928B7
:10BB00002368F6D99A694FF02008A6E75005B1D40A
:10BB10009205B6D4002DB9D1FFF79CF8801B1928E7
:10BB2000236802D99A6911040BD49A6912043FF56B
:10BB30007FAF0020BDE8F081454691E74FF0000857
:10BB400089E7636C20221343636484F8412084F8FE
:10BB50004250B5E70020704700E800FE2DE9F047AD
:10BB6000044600680F4616461D464FF010084FF079
:10BB70002009836937EA03030CBF01230023B34282
:10BB80006CD1836913F0100366D06B1CC0F81C8065
:10BB900067D183699A06FCD5C0F81C90002343F056
:10BBA00004030121826912F4807F31D04FF4807147
:10BBB000C161510543F0010304D54FF48061C161B7
:10BBC00043F00803910504D54FF4007243F00203DB
:10BBD000C2618269910744BF002282628269D207F2
:10BBE00003D4826942F001028261426839490A4005
:10BBF0004260626C202500211343636484F8415045
:10BC000084F84210002384F840300120BDE8F0871A
:10BC100012F4806FD1D19205D6D40029D9D16B1CF2
:10BC2000A7D0FFF717F8089BC31AAB42206801D8CA
:10BC3000002D9CD1836937EA03030CBF0123002345
:10BC4000B34294D1636C20210B430022636484F8D7
:10BC5000411084F84220D5E71946A3E70020BDE84B
:10BC6000F087DDF820A083699B0695D4FEF7F2FFEC
:10BC7000A0EB0A00854200D305BB2068416894F818
:10BC8000423082691204DBB20BD54A0409D4202B5E
:10BC900007D0436843F480434360FEF7DBFF8246EE
:10BCA000206883699906DED4FEF7D4FFA0EB0A0072
:10BCB00019282068F5D98369202370E720688369F3
:10BCC00099063FF569AFFEF7C5FFA0EB0A00854274
:10BCD000F4D2D2E700E800FE2DE9F84303680446F9
:10BCE000986980065FD40D46164610274FF020084D
:10BCF0009A6912F0100C59D06A1CDF6161D19A69FF
:10BD00009106FCD5C3F81C804FF0000C4CF0040CDD
:10BD100001219A69D00532D54FF480715505D9615A
:10BD20004CF0010C04D54FF48061D9614CF0080C43
:10BD3000910504D54FF400724CF0020CDA619A6957
:10BD4000900744BF00229A629A69D10703D49A6986
:10BD500042F001029A615A68364802405A60636CA8
:10BD60002021002243EA0C03636484F8411084F824
:10BD70004220002384F840300120BDE8F8835005BC
:10BD8000D1D49205D6D40029D9D1FEF763FF801B08
:10BD9000A842236800D81DB99A6912F0200207D082
:10BDA0009A699206A4D50020BDE8F8836146B0E701
:10BDB000636C20210B43636484F8411084F84220B3
:10BDC000D7E7B1469A6992069CD4FEF743FFA0EBF1
:10BDD0000900854200D30DBB2368586894F84220BF
:10BDE00099690904D2B20BD5410409D4202A07D09D
:10BDF0005A6842F480425A60FEF72CFF236881465D
:10BE00009A699006DED4FEF725FFA0EB09001928F9
:10BE10002368F5D99A694FF0200C77E723689A696F
:10BE200090063FF56FAFFEF715FFA0EB09008542C6
:10BE3000F4D2D1E700E800FE2DE9F8430368044698
:10BE40009869400700F19A800D46164610274FF07A
:10BE500020089A6912F0100C6BD06A1CDF6140F068
:10BE600094809A699106FCD5C3F81C804FF0000CB1
:10BE70004CF0040C01219A69D00538D54FF480713B
:10BE80005505D9614CF0010C04D54FF48061D9619E
:10BE90004CF0080C910504D54FF400724CF0020CE4
:10BEA000DA619A69950744BF00229A629A69D007BD
:10BEB00003D49A6942F001029A615A6850480240DC
:10BEC0005A60626C0021202042EA0C02626484F80D
:10BED000401084F8410084F842109B69990623D4ED
:10BEE000FEF7B8FE23689B690120BDE8F883500582
:10BEF000CBD49205D0D40029D3D19A6992061AD511
:10BF00009A699A69D0062BD5202010250422DD617C
:10BF10006264D8615A683A4D2A405A6084F84100F8
:10BF200084F8401084F84210FEF794FE23689B6961
:10BF3000DAE761469FE7FEF78DFE801B854215D24A
:10BF400021688A6912F004020B4619D1636C84F8E7
:10BF5000402020200343636484F841008B69C3E7D9
:10BF60006164FEF777FE801B8542E9D3236819469A
:10BF7000002DE6D09A6952077FF56BAF0020B4E739
:10BF80008A6951077FF565AFF8E7B1469A6992066D
:10BF90003FF56AAFFEF75EFEA0EB0900854200D3D5
:10BFA0000DBB2368586894F8422099690904D2B2FD
:10BFB0000BD5410409D4202A07D05A6842F48042A4
:10BFC0005A60FEF747FE236881469A699006DDD4E1
:10BFD000FEF740FEA0EB090019282368F5D99A69FD
:10BFE0004FF0200C44E723689A6990063FF53CAF78
:10BFF000FEF730FEA0EB09008542F4D2D1E700BF86
:10C0000000E800FE002854D010B590F841300446F6
:10C0100003F0FF02002B47D02368242284F841203C
:10C020001968626821F0010122F0706219601A61DA
:10C030009A68E16822F4004201299A60A26809D056
:10C0400042F4044202299A6007D15A6842F400621D
:10C050005A6006E042F400429A605A6822F4006294
:10C060005A605968226941F0007141F400415960F9
:10C070006169D8680A43A16920F4004042EA0122BC
:10C08000E169D860206ADA6001431960196841F0FB
:10C090000101196000222023626484F84130226388
:10C0A00084F84220104610BD80F84020FDF732F899
:10C0B000B2E70120704700BF2DE9F04F154690F818
:10C0C000412083B0202A0C9E40F08A801F4690F8C1
:10C0D0004030012B044600F08380012380F840307B
:10C0E0008B46FEF7B7FD824601462046FFF796FCD9
:10C0F000002871D1212384F84130102384F8423084
:10C1000060646785628D2368656292B2FF2A60630E
:10C11000CBF3090B68D8618D89B22185002940F0E5
:10C120002B815A6898490A4042EA0B0242F0007299
:10C1300042F400525A60628D92B2002A00F0A88048
:10C140004FF010084FF020099D6915F0020540F0EE
:10C1500089809A6912F0100200F08280771CC3F87F
:10C160001C8040F0D3809A699106FCD5C3F81C90DE
:10C1700045F0040201209969CD0550D54FF4807037
:10C18000D861480542F0010204D54FF48060D861BF
:10C1900042F008028E0504D54FF4007142F002020D
:10C1A000D9619969880744BF002199629969C907D3
:10C1B00003D4996941F0010199615968734D29408F
:10C1C0005960636C002020211343636484F84000AD
:10C1D00084F8411084F84200012003B0BDE8F08FDC
:10C1E000022003B0BDE8F08FFF2222854FF47F00CC
:10C1F000FE214FF0807215F8017B9F622185618DD1
:10C200006562013989B2618559685F4D42EA0B0266
:10C2100029400A43024342F400525A608BE74F051B
:10C22000B3D48D05B8D40028BBD1721C8CD0FEF7D6
:10C2300011FDA0EB0A039E42236801D3002E81D199
:10C240009A6912F002027FF47DAF636C84F840209B
:10C2500020210B43636484F8411084F84220BBE73B
:10C26000104688E7606A228D10F8011B9962618D83
:10C270006062013989B26185618D013A92B289B2F9
:10C28000228501B1CAB1628D92B2002A7FF45AAF01
:10C29000524631462046FFF71FFD00289CD12368F7
:10C2A0003A4D2021D9615A682A405A6084F84110D9
:10C2B00084F8400084F842008FE7CDF800A03346B0
:10C2C00080212046FFF74AFC002885D1628D236833
:10C2D00092B2FF2A0CD95A682D490A4042EA0B0251
:10C2E00042F0FF7242F48032FF2121855A60CAE792
:10C2F000628D2748596892B22285D2B24BEA024237
:10C3000001400A4342F000725A60BCE757469A69FE
:10C3100092063FF52BAFFEF79DFCC01B864200D373
:10C32000FEB92368586894F8422099690904D2B28A
:10C330000BD5410409D4202A07D05A6842F4804220
:10C340005A60FEF787FC236807469A699006DED498
:10C35000FEF780FCC01B19282368F6D99A692025AE
:10C3600006E723689A6990063FF500AFFEF772FC76
:10C37000C01B8642F5D2D4E7013989B2481CC0B24D
:10C3800000044FF0007236E7009800FC00E800FE61
:10C39000009C00FC2DE9F047044690F8410082B073
:10C3A00020280A9E40F08D80984694F84030012B5A
:10C3B00000F087804FF0010A84F840A00F469146B4
:10C3C000FEF748FC054601462046FFF727FB0028FC
:10C3D00073D1222384F84130102384F84230606402
:10C3E000A4F82A80638D2268C4F824909BB2FF2BA6
:10C3F0006063C7F3090768D8638D404851689BB2F2
:10C400002385DBB247EA034301400B4343F000734B
:10C4100043F410535360638D9BB22A463146204645
:10C42000002B39D0FFF708FD002846D12268636A47
:10C43000526A1A70638D228D616A013B9BB26385DB
:10C44000638D013A92B201319BB261622285002B69
:10C45000E1D0002ADFD18021009533462046FFF746
:10C460007DFBFF2148BB638DDFF898C022689BB23B
:10C470008B42604635D95368218503EA0C033B4360
:10C4800043F0FF7343F480335360638D9BB22A46BD
:10C4900031462046002BC5D1FFF71EFC68B9236842
:10C4A000174D2021D9615A682A405A6084F84110FA
:10C4B00084F8400084F8420000E0012002B0BDE8AA
:10C4C000F087022002B0BDE8F08753680B49A4F85A
:10C4D00028A00B403B4343F0807343F492335360F6
:10C4E00099E7638D51689BB22385DBB247EA03432A
:10C4F00001400B4343F0007353608CE7009800FC4D
:10C5000000E800FE009C00FC90F84120202A23D186
:10C510005FFA82FC90F84020012A03461CD0026892
:10C52000242000B583F84100106820F0010010605D
:10C53000106820F480501060106801431160116889
:10C540004FF0000E41F00101116083F841C083F803
:10C5500040E070465DF804FB022070472DE9F04F83
:10C56000A44A0B68904285B04FF0000200F0D580DD
:10C57000DFF890824FF0010B8A4603E00132102A67
:10C5800000F086800BFA02F101EA03069943F5D127
:10C59000DAF8044004F0030C510003250CF1FF37D6
:10C5A0008D40012F6FEA050575D9BCF1030F40F0EE
:10C5B0009C8107680CFA01F13D40294314F4403F87
:10C5C0000160DBD08C4D00210391696C41F4804106
:10C5D0006964696C01F480410391039922F00301BD
:10C5E00001F1804101F59C3102F003078D68BF0025
:10C5F0004FF00F0C0CFA07FC25EA0C0E7F4DA842F9
:10C6000000F084807E4DA84200F05381DFF8F8C12D
:10C61000604500F05581DFF8F4C1604500F05781B6
:10C62000DFF8ECC1604500F05981DFF8E8C16045F2
:10C630000CBF4FF0060C4FF0070C0CFA07F74EEA50
:10C6400007058D60D8F80810F543E70254BF29406C
:10C650003143C8F80810D8F80C10A70254BF29407D
:10C660003143C8F80C10D8F80410A70354BF294070
:10C670003143C8F80410D8F80010E40302F10102B5
:10C6800054BF29403143102AC8F800107FF47AAF14
:10C6900005B0BDE8F08F876807EA050EDAF80C7080
:10C6A0008F4047EA0E078760476827EA060EC4F303
:10C6B0000017974047EA0E074760C76807EA050E6C
:10C6C000DAF808708F4047EA0E07BCF1020FC76026
:10C6D0007FF46FAF4FEAD20900EB890902F0070E31
:10C6E000D9F820700097DAF810704FEA8E0E07FA2A
:10C6F0000EF701970F2707FA0EFE009F27EA0E0E8E
:10C70000019F47EA0E07C9F8207052E74FF0010C6D
:10C710000CFA07F74EEA070593E7DFF8DCB04FF0B5
:10C72000010A02E00132102AB2D00AFA02F403EA46
:10C7300004069C43F6D14D685400032707FA04FC15
:10C7400005F003086FEA0C0908F1FF3CBCF1010F8A
:10C7500062D9B8F1030F40F0D280D0F800C008FAD7
:10C7600004F40CEA090C44EA0C0415F4403F04609C
:10C77000D8D000240394DBF8444044F48044CBF840
:10C780004440DBF8444004F480440394039C22F0CA
:10C79000030404F1804404F59C3402F0030CD4F843
:10C7A00008E00F274FEA8C0C07FA0CFC2EEA0C0C61
:10C7B000C4F808C0134CEF02A4686FEA060C76D4E4
:10C7C00004EA0C040F4FBC60FC68AF026DD404EAAD
:10C7D0000C040C4FFC607C68AF0364D40CEA0404C6
:10C7E000084FED037C603C685BD40CEA0404054D03
:10C7F0002C6097E70000024000380240000402402D
:10C8000000080240003C0140000C024000100240C1
:10C810000014024000180240D0F808E0CF6809EA8E
:10C820000E0E07FA04FC4CEA0E0CC0F808C0D0F853
:10C8300004E0C5F3001C2EEA060E0CFA02FC4CEADA
:10C840000E0CC0F804C0D0F80CE08F6809EA0E0E98
:10C8500007FA04FC4CEA0E0CB8F1020FC0F80CC049
:10C860007FF47BAF4FEAD20C4FEA8C0C0CF1804C7A
:10C870000CF5003C02F0070EDCF8207000970F6901
:10C880004FEA8E0E07FA0EF701970F2707FA0EFEF2
:10C89000009F27EA0E0E019F47EA0E0ECCF820E01B
:10C8A0005BE73443A3E734439AE7344391E73443E7
:10C8B00088E74FF0020C0CFA07F74EEA0705C0E6CE
:10C8C0004FF0030C0CFA07F74EEA0705B9E64FF0F4
:10C8D000040C0CFA07F74EEA0705B2E64FF0050C18
:10C8E0000CFA07F74EEA0705ABE6C76807EA050E3C
:10C8F000DAF808708F4047EA0E07C76059E6DFF89C
:10C9000018C08F68DCF80CE0A74009EA0E0E47EA71
:10C910000E0ECCF80CE020E7000002402DE9F04FAD
:10C92000804B984283B04FF000034FF0010600F0B7
:10C9300089807D4F4FF00F094FF0030A02E0013369
:10C94000102B34D006FA03F232EA010402EA010C99
:10C95000F5D123F0030404F1804403F00305AD0096
:10C9600004F59C3409FA05F80195704DD4F808E0F7
:10C97000A84208EA0E0E1DD06D4DA84256D06D4D4E
:10C98000A84259D06C4DA84200F0BF80DFF8ACB18E
:10C99000584500F0C080DFF8A8B1019D58450CBF94
:10C9A0004FF0060B4FF0070B0BFA05F505E003B04F
:10C9B000BDE8F08F019D06FA05F5AE4513D13D683F
:10C9C00025EA0C053D607D6825EA0C057D60FD6863
:10C9D00025EA0C05FD60BD6825EA0C05BD60A5686B
:10C9E00025EA0805A56004685D000AFA05F54FEA26
:10C9F000D30C24EA050400EB8C0C046003F007045C
:10CA0000DCF820E0A40009FA04F42EEA0404CCF8CF
:10CA10002040C46824EA0504C460446824EA020291
:10CA20004260826822EA0502826088E7019D4FF039
:10CA3000020B0BFA05F5C0E7019D4FF0030B0BFA53
:10CA400005F5BAE7384F4FF00F0C4FF0030E02E038
:10CA50000133102BABD006FA03F201EA02058A4338
:10CA6000F6D123F0030202F1804202F59C3203F07A
:10CA70000304D2F80890A4000CFA04F414EA090F95
:10CA80006FEA05081DD1D7F8008028EA0508C7F825
:10CA90000080D7F8048028EA0508C7F80480D7F892
:10CAA0000C8028EA0508C7F80C80D7F8088028EA27
:10CAB0000508C7F808806FEA0508956825EA0404A8
:10CAC000946002685C000EFA04F422EA0402026038
:10CAD000DA08920002F1804202F5003203F0070505
:10CAE000D2F82090AD000CFA05F529EA050515628B
:10CAF000C26822EA0402C260426808EA0202426096
:10CB0000826822EA04028260A2E7019D4FF0040BD2
:10CB10000BFA05F551E7019D4FF0050B0BFA05F5F2
:10CB20004BE700BF00000240003C0140000402400F
:10CB300000080240000C02400010024000140240B5
:10CB40000018024002B9090481617047704700BFB4
:10CB5000044A5169014200D1704708B55061FFF79E
:10CB6000F5FF08BD003C014030B50446481C83B0C9
:10CB700021D1236802E05A69550505D45A69920704
:10CB8000F9D5002003B030BD1A6842F400721A6073
:10CB900000216FF4806020225861216384F83D20D9
:10CBA00084F83E10236C43F004032364002384F8CC
:10CBB0003C300120E6E720684569AD070346E0D434
:10CBC00040694005E0D4CDE90012FEF743F8019A30
:10CBD0000099831A9942206801D30029ECD1436956
:10CBE0009B07E9D400232022236384F83D2084F8A6
:10CBF0003E30236C13432364D8E700BF30B50446AE
:10CC0000481C83B021D1236802E05A69550505D438
:10CC10005A691207F9D5002003B030BD1A6842F4F2
:10CC200000721A6000216FF4806020225861216335
:10CC300084F83D2084F83E10236C43F00403236401
:10CC4000002384F83C300120E6E7206845692D0781
:10CC50000346E0D440694005E0D4CDE90012FDF779
:10CC6000F9FF019A0099831A9942206801D300299B
:10CC7000ECD143691B07E9D400232022236384F805
:10CC80003D2084F83E30236C13432364D8E700BF73
:10CC9000002800F0B88070B590F83D30044603F0ED
:10CCA000FF02002B00F098802368242284F83D20A6
:10CCB0001A6822F001021A601A6842F400421A60EF
:10CCC0001A6822F400421A6001F02AFD4F4B656891
:10CCD0009D424FD84E4B98427CD94E4B6A00A3FBE5
:10CCE0000035431EB3FBF2F32268516821F03F0187
:10CCF00041EA95415160116A4FEA954C0CF1010CE3
:10CD000021F03F0141EA0C011162D16940F6FC704B
:10CD1000013321F44F41034221F0FF0161D104238B
:10CD20000B43D361D4E907301168034321F0C001FC
:10CD30000B4313609168D4E9030321F403410343D7
:10CD400021F0FF010B439360D4E90530D168034320
:10CD500021F0FF010B43D3601168002341F0010172
:10CD600020201160236484F83D00236384F83E3062
:10CD7000184670BD284B98422CD92268254B274E67
:10CD8000A3FB003C431E506820F03F0040EA9C405B
:10CD900050604FEA9C414FF4967000FB01F1A6FBF6
:10CDA0000161106A890920F03F00013101431162DD
:10CDB000D169A06821F44F4121F0FF01A0B905EB32
:10CDC0004505B3FBF5F30133C3F30B03CBB143F4D8
:10CDD0000043A5E7012070BD80F83C20FDF718F85E
:10CDE00062E7C3F30B039BE705EB850505EB8505C0
:10CDF000B3FBF5F30133C3F30B0313B143F4404327
:10CE00008EE701238CE70120704700BFA086010058
:10CE10007F841E0083DE1B43FF083D00D34D62105C
:10CE2000B0B10268242310B580F83D30136823F0B8
:10CE3000010304461360FDF7FBF80023236484F824
:10CE40003C3084F83D30236384F83E30184610BDF2
:10CE5000012070472DE9F047044682B099460A9FA9
:10CE600088469246FDF7F6FE94F83D30202B04D01C
:10CE70000225284602B0BDE8F08725680646AB6962
:10CE80009B0717D5FDF7E6FE801B19282568F6D904
:10CE9000AB69DB4313F00203F1D12022236384F852
:10CEA0003D2084F83E30226C84F83C3042F0200271
:10CEB0002264DDE794F83C30012BD9D0012384F8BB
:10CEC0003C302B68D80765D52B68864A23F400636D
:10CED0002B60212384F83D30102384F83E3000235A
:10CEE0002364A4F82A90638DE2622385E36AC4F880
:10CEF00024A0082B06D0012B04D0934202D0236B30
:10CF0000122B03D12B6843F480732B60791C40F003
:10CF1000C1806B69DA07FCD52369B3F5804F3ED138
:10CF200008F0FE032B61324639462046FFF71CFE0F
:10CF30000546002829D1236801905A6901929A690F
:10CF4000208D0192019A002869D07A1C79D15A6902
:10CF5000110638D45A695205F9D500226FF4806061
:10CF600020215861226384F83D1084F83E20226C11
:10CF700042F004022264226C0021042A84F83C104E
:10CF800003D11A6842F400721A600125284602B0E3
:10CF9000BDE8F0872B6843F001032B6094E74FEA6C
:10CFA000E81303F0060343F0F0032B6132463946E1
:10CFB0002046FFF723FE0028E7D122685FFA88F3B6
:10CFC0001361B0E7208DD4F824C0614611F8012B1D
:10CFD0001A61628D6162013A92B262855969421E9C
:10CFE00092B2490722850CD55AB19CF801201A61EA
:10CFF0000CF102026262628D013A023892B220851F
:10D000006285781C2BD15A69510705D45A6952059B
:10D01000A3D45A695107F9D5208D002897D11A68F1
:10D02000002142F4007220201A6084F83D0084F848
:10D030003C1084F83E101CE71FB95A6912F08002B8
:10D040001ED05A691006BDD45A69520585D4FDF721
:10D0500001FE831B9F422368EFD3EDE767B15A6956
:10D0600051073BD45A6950053FF577AFFDF7F2FD04
:10D07000831B9F422368F1D25A6912F00402EED159
:10D080002021226384F83D1084F83E20226C0A435C
:10D09000226470E76B69D9073FF53EAFFDF7DAFD13
:10D0A000831B9F42256801D3002FF3D16B69DB07F7
:10D0B000F0D400222023226384F83D3084F83E20FF
:10D0C000236C84F83C2043F0200323642B68D805AC
:10D0D0007FF55BAF4FF40073236456E7208D002883
:10D0E000AFD19CE70000FFFF2DE9F043044687B075
:10D0F00098460E9E0F469146FDF7ACFD94F83D30E4
:10D10000202B04D00227384607B0BDE8F08305463F
:10D11000206883699B0717D5FDF79CFD401B1928E4
:10D120002068F6D98369DB4313F00203F1D1202292
:10D13000236384F83D2084F83E30226C84F83C3030
:10D1400042F020022264DDE794F83C30012BD9D074
:10D15000012384F83C300368D90753D503689C4AFF
:10D1600023F400630360222384F83D30102384F805
:10D170003E3000232364A4F82A80638DE262E26AD1
:10D1800023850368C4F8249043F48063082A03606D
:10D1900007D0012A05D012F5803F02D0236B112B56
:10D1A00003D1036843F480730360721C40F0208154
:10D1B0004369DB07FCD52369B3F5804F27D147F0DE
:10D1C0000103DBB203612A4631462046FFF7CCFC5F
:10D1D0000746002833D1228D2368002A34D10190DC
:10D1E0005A6901929A690192019A1A6842F400728E
:10D1F0001A600023202284F83D2084F83C3084F813
:10D200003E3080E7036843F001030360A6E74FEA7E
:10D21000E71808F0060848F0F00303612A46314693
:10D220002046FFF7EBFC50B92368FFB21F612A4686
:10D2300031462046FFF798FC002800F0B380012714
:10D24000384607B0BDE8F083012A196800F07C81F8
:10D25000022A00F0BF8041F480611960049059698E
:10D260000491996904910499032A47D8012A00F08E
:10D270004281022A00F01681711C67D15A69520757
:10D28000FCD51A68616A22F480621A601B690B700F
:10D29000638D616A228D013B9BB2013A0131638546
:10D2A000731C2285616222686CD153695807FCD5D2
:10D2B000136843F40073136013690B70638D228D40
:10D2C000606A2168013B9BB263850969531E00F1C6
:10D2D000010C2385C4F824C04170228D638D616ADE
:10D2E000013A013B013192B29BB2616222856385B2
:10D2F000002A3FF47EAF032A2368B7D95A69520641
:10D3000000F1A780002E00F0A0800CE0FDF7A2FC49
:10D31000401B8642236802D25A69510624D55A69B5
:10D32000520600F196805A69D006EFD500226FF0C0
:10D33000100020215861226384F83D1084F83E20BB
:10D34000236C236484F83C20012779E75A6952074B
:10D3500097D4FDF77FFC431B9E42236801D3002E28
:10D36000F4D15A695107F1D400222023226384F8B2
:10D370003D3084F83E20236C84F83C2043F02003A9
:10D3800023645CE753695B0700F1EC80FDF762FC06
:10D39000431B9E42226801D3002EF3D153695907E3
:10D3A000F0D4E1E7226805905369059393690593EA
:10D3B000059B1368711C43F48073136040F0D480A4
:10D3C0005369DB07FCD548F0F1031361FBE600BFAE
:10D3D0000000FFFF21F480611960196841F40061C9
:10D3E00019600390596903919969039103993BE787
:10D3F0004369DB073FF5DFAEFDF72CFC431B9E4284
:10D40000206801D3002EF3D14369D907F0D400225C
:10D410002023226384F83D3084F83E20236C84F876
:10D420003C2043F0200323640368DA057FF507AF4F
:10D430004FF40073236402E7FDF70CFC23685A697C
:10D44000510691D55A69520603D45A69D006F3D5CC
:10D450006CE7626A1B691370638D2168228D606AB4
:10D46000013B9BB263854B69013A92B200F1010C1A
:10D470005B072285C4F824C07FF53AAF032A03D1A5
:10D480000B6823F480630B600B694370636A228D21
:10D4900001336362638D013A013B92B29BB22285F4
:10D4A000638525E7701C17D15A695107FCD51A68A6
:10D4B00042F400721A601A69636A1A70638D626AB4
:10D4C000013B9BB26385238D013B23852368511C5F
:10D4D0001B6961625370D9E75A695007E7D4FDF7B9
:10D4E000B9FB431B9E42236801D3002EF4D15A6935
:10D4F0005207F1D438E75A69500621D4E6B10CE05E
:10D50000FDF7A8FB401BB042236803D95A695206B5
:10D510007FF52AAF5A69500612D45A69D1063FF5F1
:10D5200005AFEDE7FDF796FB23685A6952067FF5D4
:10D530001BAF5A69500603D45A69D106F2D5F5E6F5
:10D540001A69636A1A70A1E721F480611960029078
:10D5500059690291996902910299196841F400711F
:10D56000196081E6616AA3E65369D9073FF52BAFDD
:10D57000FDF770FB431B9E42226801D3002EF3D1BE
:10D580005369DF07F0D400212023216384F83D3064
:10D5900084F83E10236C84F83C1043F0200323648D
:10D5A0001368D8053FF544AF49E600BF70B582B0B7
:10D5B00005460020019095F83D00202820D14948DB
:10D5C000494C0068C008A4FB0040000A00EB800042
:10D5D00000EB8000019003E02C68A069860712D55B
:10D5E000019C013C019401980028F5D12023286377
:10D5F00085F83D3085F83E002B6C43F020032B640A
:10D60000022002B070BD95F83C000128F8D001203E
:10D6100085F83C002068C00703D4206840F0010072
:10D620002060206820F400602060222085F83D0002
:10D630000026102085F83E002E646B856B8D2B48EC
:10D64000E8629BB26A622B85696423B3A86B0028E9
:10D650003ED004F11001264CC463264C8664C0E918
:10D6600010660665C464FEF765F818BB2B681A6877
:10D6700042F480621A601A6842F480721A6085F877
:10D680003C005A6842F440725A605A6842F40062A0
:10D690005A600020B5E785F83C30636843F4E063E6
:10D6A0006360236843F480632360236843F48073DA
:10D6B0002360EEE7202385F83D3085F83E602B6C33
:10D6C00043F010032B64002385F83C30012098E7D9
:10D6D000202385F83D3085F83E002B6C43F0800315
:10D6E0002B64F0E70000002089B5F8140000FFFF6C
:10D6F0002DD80008E5D70008704700BF704700BF6D
:10D70000704700BF704700BF704700BF704700BF41
:10D71000704700BF90F83D20016D034659B9C26CB7
:10D720000168012A826C1CD0C2F307220A61026DD3
:10D73000013202657047016D01290AD0016D02298D
:10D7400015D003685A69120602D500221A61704783
:10D750007047826C0168D2B20A61026D01320265C3
:10D760007047D2B20A61026D023202657047D2B2CE
:10D77000222A1FD0418D89B2C1B9418D89B20029B9
:10D78000E6D1212AE4D1026810B5546824F4E0649B
:10D790005460146844F4007414602022016380F81B
:10D7A0003D2080F83E10FFF7B3FF10BD212A0AD0BC
:10D7B0005B8D704701680A6842F480720A60026DEE
:10D7C000013202657047416A026811F8010B10616D
:10D7D0005A8D5962013A92B25A857047704700BF1C
:10D7E000704700BF10B5846B636B0BB10022DA6326
:10D7F000A36B0BB10022DA63FEF70EF9022800D109
:10D8000010BD21680B680022202023F480630B6088
:10D81000628584F83D0084F83E20236C43F01003B9
:10D8200020462364FFF7DCFF10BD00BF70B5846B9A
:10D8300094F83D20236894F83E10E56AC8B2596810
:10D8400021F440715960616BD2B209B10026CE63F8
:10D85000A16B09B10026CE6302F0210121293ED03F
:10D8600002F02201222938D094F83E20002A33D039
:10D87000628D92B2012A41D05A6815F5803F22F498
:10D8800040725A6006D0082D04D0B5F12A4F01D05D
:10D89000202D03D11A6842F400721A605A6822F4EB
:10D8A00080525A605A68002122F400625A606185F1
:10D8B000236C43BB202284F83D2094F83E2084F85A
:10D8C0003E30402A3AD0082D21D0202D1FD01223DF
:10D8D00023632046FFF712FF70BD2028C4D159688A
:10D8E000002021F40061292A5960608512D02A2A7B
:10D8F0001AD05A6842F440725A6070BD1A6822F415
:10D9000080621A60B8E72046FFF76AFF70BD002307
:10D910002363DEE7282321222263204684F83D305A
:10D92000FFF7EEFE2368E4E7282322222263204645
:10D9300084F83D30FFF7E6FE2368DAE720462363EC
:10D94000FFF74CFF70BD00BF704700BF70B53A4B8A
:10D950003A4A1B68806B82B0DB080021A2FB0323DC
:10D9600001911B0A90F83D10026803EB8303C3EB9F
:10D97000C303C9B2019305E0019B013B0193136806
:10D980009B0506D5019B002BF6D1036C43F02003C9
:10D990000364D0E90D4344B30025E563F3B1166891
:10D9A000DD6326F4806616604585256500241C65C8
:10D9B000136823F00103136090F83D30602B29D0E9
:10D9C00001F02801282918D02022002380F83D20CA
:10D9D00080F83E30FFF704FF02B070BD156825F4F3
:10D9E0008065156043852365E2E7F3B11568DC6364
:10D9F00025F4806515604485D8E7136843F001037A
:10DA000013601368002443F480631360046380F898
:10DA10003D10DFE70023202280F83D2080F83E30D3
:10DA20000364FFF791FF02B070BD146824F48064B2
:10DA300014604385BCE700BF0000002089B5F814DE
:10DA400010B590F83D2090F83E30102B0446D2B22D
:10DA500039D0D9B2402936D002F0280128292368CC
:10DA60003CD05968080507D4602A05D0202100223F
:10DA700084F83D1084F83E20002222635A6812F494
:10DA8000006233D194F83D10602974D05A69500671
:10DA900005D5626A1B691370636A013363622046AD
:10DAA000FFF79EFE236C190704D02268536823F405
:10DAB000E063536094F83D30226C5207DBB201D52D
:10DAC000282B2ED010BD222AC6D123681A6822F432
:10DAD00000621A605A681205C8D5CDE70022226399
:10DAE00084F83D105A6812F40062CBD05A68606B1B
:10DAF00022F400625A6090F83530012B1ED0294B79
:10DB00000365FDF79DFE0028CCD02268606B13688A
:10DB1000202123F00103136084F83D10036D984722
:10DB2000C0E700232049E16220222363204684F8D5
:10DB30003D2084F83E30FFF7E9FD10BDA06B194B86
:10DB40000365FDF77DFE0028ACD023685A695106B5
:10DB500006D5626A1B691370626A236801326262C9
:10DB60001A68A06B22F0010220211A6084F83D108F
:10DB7000036D984796E7202184F83D1022645A6986
:10DB8000520606D5626A1B691370626A2368013205
:10DB900062621A6822F0010220461A60FFF7D4FE82
:10DBA00080E700BF4DD900080000FFFFF0B5036813
:10DBB0005F68C56A90F83E2090F83D10102A044630
:10DBC0008FB0C9B2D0B223D0402821D0226C002A15
:10DBD00000F0CE805A69002012F0020500F08E801D
:10DBE000BD0540F18D80226C02B1986994F83D200A
:10DBF00002F02802282A00F04F8200220C92596974
:10DC00000C919B690C930C9B84F83C200FB0F0BDE9
:10DC10009E695A6912F0010F20D1B5F52A0FF5D08F
:10DC2000B5F12A4FF2D012F0080540F0CE8012F084
:10DC3000020F36D017F4007F33D094F83E20E06A0C
:10DC4000266B94F83D102229D2B200F0FE810A958D
:10DC50005A690A929B690A930A9BD7E7BD0520D5AA
:10DC6000E26AB2F52A0F00F01482E26AB2F12A4F9A
:10DC700004BF0822E26294F83E20402A00F00282AB
:10DC80002269B2F5804F00F0C681226D002A40F073
:10DC90001782626CD21102F0060242F0F0021A61A1
:10DCA000B4E7760767D55D682D05AFD4160602F098
:10DCB000040540F147817A0540F14481002D40F090
:10DCC000448194F83D20208D94F83E10E56AD2B24C
:10DCD000C9B2002840F09D82212A00F0A483402987
:10DCE00094D1222A92D1628D92B2002A00F024832C
:10DCF00094F83E20402A40F00C812FE1D60677D4DC
:10DD000001F0F701212902F0040000F0CD80550652
:10DD100040F10981790540F10681002840F0068133
:10DD200094F83D10628D92B2C9B2002A3FF46EAFF2
:10DD3000626A1B691370638D626A013B9BB26385E3
:10DD4000638D01329BB26262002B7FF45FAF2A29A0
:10DD50007FF45CAF226853682225282123F4806376
:10DD600053602046256384F83D10FFF7CBFC4DE758
:10DD700098695A6930E759680D053FF547AF500675
:10DD800002F0040100F1F08000293FF43FAFBE052E
:10DD90007FF53CAFE06A628D616A92B2042A00F0BE
:10DDA0000682628D92B2032A00F04582628D92B2A1
:10DDB000022A00F076821B690B70638D626A013B58
:10DDC00001329BB26262638520E7BD057FF569AFD2
:10DDD000626C616BD2B21A61002900F02D81CA6BAE
:10DDE000002A00F029815A6842F400625A600DE767
:10DDF000B80585D594F83D605A6822F4E0625A600F
:10DE00000D955A690D921A6842F001021A600D9A36
:10DE10001A6822F480621A605A681105F6B200F19D
:10DE2000C980638D9BB213B323685A6952070AD520
:10DE3000626A1B691370628D636A013A591C92B25F
:10DE40002368616262855A69570609D5626A1B694F
:10DE50001370638D626A013B01329BB2626263851B
:10DE6000638D9BB21BB1236C43F004032364236CCA
:10DE7000002B40F0CA802A2E00F0558194F83D30E6
:10DE8000282B00F06081236B222B02D0222E7FF4FE
:10DE9000BDAE002320222363204684F83D2084F871
:10DEA0003E30FFF72FFCB1E6150627D57A0525D5BC
:10DEB00038BB94F83D00628D92B2C0B2002A3FF4A4
:10DEC000A5AE626A12F8015B1D616262628D013A61
:10DED00092B26285628D92B2002A7FF497AE2928B1
:10DEE0007FF494AE5A68282522F480625A60204656
:10DEF000216384F83D50FFF703FC87E600283FF4D8
:10DF000085AEBE057FF582AE628D92B2002A3FF4E7
:10DF10007DAE626A12F8011B1961638D6262013B7A
:10DF20009BB2638572E600283FF470AEBA057FF5B8
:10DF30006DAE628D92B2002A3FF468AE626A1B69D0
:10DF400013703AE7002D3FF461AEBE057FF55EAE7B
:10DF5000212900F0338140287FF458AE20460FB0CD
:10DF6000BDE8F040FFF7D6BB7A057FF50DAF00297D
:10DF70007FF40DAF94F83D20222A7FF447AEE06A8B
:10DF8000628D92B2032A40F21782626A1B69137093
:10DF9000638D626A013B9BB26385638D9BB20132E4
:10DFA000032B62627FF432AE2268536823F48063ED
:10DFB00053602BE606F0F702222A00F09380606B94
:10DFC0000268526892B26285628D92B21AB1226C76
:10DFD00042F0040222645A6822F400625A60FDF79B
:10DFE00017FD012808D0606B9A4B0365FDF728FCEC
:10DFF00010B1606B036D9847638D9BB2002B7FF46B
:10E0000013AF236C002B3FF439AF20460FB0BDE8AF
:10E01000F040FFF715BD94F83D20212A626C16BF31
:10E0200042F0010202F0FE02D2B21A61626B1AB132
:10E03000D26B002A7FF4D7AEA26B002A3FF4E6AD84
:10E04000D26B002A7FF4CFAEE0E5216D11B9402AF2
:10E0500000F0D880226D22B92169B1F5404F00F05F
:10E06000DC80628D92B2002A7AD103925A690392BF
:10E070009A690392039A1A6842F400721A600023A4
:10E080002365C3E5226D3ABB626C02F0FE021A61A1
:10E09000BCE50122E262EEE55A6822F480625A6031
:10E0A000070680F004014FF0000354BFA289228BC1
:10E0B00084F83C30C1F380012046FFF725FBA5E53D
:10E0C000226D012A7FF4A2AD626CD21102F0060229
:10E0D00042F0F1021A6199E5626C42F00102D2B29B
:10E0E0001A6193E5A06B0268526892B26285628DF4
:10E0F00092B21AB1226C42F0040222645A6822F4ED
:10E1000000625A60FDF784FC01283FF48AAEA06BE0
:10E11000504B0365FDF794FB00283FF482AEA06BE3
:10E12000036D98477DE628222363204684F83D202E
:10E13000FFF7E8FA94F83D30282B04D0236B222B0C
:10E140007FF464ADA5E600234349E1622022236306
:10E15000204684F83D2084F83E30FFF7D7FA55E595
:10E16000628D92B2012A7BD0628D92B2022A00F0B7
:10E17000E8801A6842F480621A605A6812050ED567
:10E18000202800F2A781072840F2A081334A0838EE
:10E19000C240D70703D55A6842F480525A60002221
:10E1A00009925A6909929B690993099B67E75A6822
:10E1B00022F480625A601B690B70FEE5E16A94F8F4
:10E1C0003D20212A7FF422AD628D92B2002A7FF495
:10E1D000A0AE082900F0D880202900F0D58011F5E4
:10E1E000803F00F0D180596821F4E061596011202E
:10E1F0002023206384F83E20204684F83D30FFF73A
:10E200007BFA03E501915A6901929B690193019B95
:10E21000FCE4212A7FF463AD65E502925A6902921B
:10E220009A690292029A1A6842F480721A60236D07
:10E2300001332365EAE45A68042822F480625A60B4
:10E240003FF4B9AD02283FF4B6AD1A6822F48062FB
:10E250001A60B0E54DD900080000FFFF0101000180
:10E2600010F5803F00F01B81082800F0F480202882
:10E2700000F0F180122E00F04C81102800F24B814A
:10E280009A4A0241D20700F146811A6842F480623C
:10E290001A60002206925A6906929B690693069BB1
:10E2A000EDE6421E0F2A09D8DFE802F0413C083CA7
:10E2B0000808080808080808080808411A6842F40D
:10E2C00000721A601B690B70638D626A013B9BB21E
:10E2D00063852368511C1B6961625370638D2168DB
:10E2E000626A013B9BB263854B68013223F4407341
:10E2F00062624B60202384F83D3094F83E30402B1E
:10E300004FF0000384F83E3000F0E980082800F068
:10E31000DA80202800F0D780122323632046FFF7FD
:10E32000EDF973E41A6842F480621A60CAE71A6869
:10E3300022F480621A60C5E75A6822F480625A604B
:10E3400064E4102800F29780694AC240D70740F180
:10E3500092801A6842F480621A605A6815050BD5DB
:10E36000072840F2DD80634A0838C240D10703D550
:10E370005A6842F480525A60002208925A69089200
:10E380009B690893089B7AE6596821F4E06159601B
:10E3900019680022202041F400711960226384F87A
:10E3A0003D0094F83E3084F83E20402B20467FF418
:10E3B00026AFFFF7ADF929E4E56A022DBCD0012AAA
:10E3C000BAD84D4A0B91126846F2A811B2FBF1F28D
:10E3D00002EB82020B9204E01A6812F4007200F061
:10E3E000A3800B9A013A0B920B990029F4D1226C6D
:10E3F000606A42F0200222645A6822F4E0625A60A5
:10E400001B690370638D626A013B01329BB220205D
:10E410006385626284F83D00204684F83E10FFF771
:10E42000DFF9FFF7F3BB082DAED0202DACD015F5EA
:10E43000803FA9D05A6822F4E0625A60112000217E
:10E440002023206384F83E10204684F83D30FFF7F7
:10E4500053F9FFF7DBBB1A68002122F480621A60CF
:10E4600007915A6907929A690792079A1A6842F4C3
:10E4700000721A6003E61A6822F480621A601A6851
:10E4800042F400621A605A6816057FF575AF2028BD
:10E490007FF666AF10F5803F7FF46EAF68E71A68CD
:10E4A00022F480621A605A6812F4006226D01A6858
:10E4B000002122F480621A6004915A6904929B69D7
:10E4C0000493049BDBE50023236327E701287FF403
:10E4D00066AE60E610F5803F7FF461AE5BE62046F5
:10E4E0002363FFF77BF9FFF791BB00BFEBFFFEFF54
:10E4F00014000100010100010000002005925A698A
:10E5000005929A690592059A1A6842F400721A6097
:10E51000B5E501289FD11A6822F480621A60B8E636
:10E5200001287FF429AF23E7196821F4806119607D
:10E53000596821F4E06159601969636A1970638D43
:10E54000013B20219BB2638584F83D10636A94F8F7
:10E550003E1084F83E200133402963627FF4D6AE3A
:10E5600020462263FFF73AF9FFF750BB30B583B07E
:10E57000194B1A491A4D002201921A6C42F080522E
:10E580001A641B6C03F0805301930122019B0A64FF
:10E59000FCF760FB044605E0FCF75CFB001BB0F5F4
:10E5A0007A7F16D86B68DA03F6D50C4B0C4D012236
:10E5B0005A64FCF74FFB044605E0FCF74BFB001BDD
:10E5C000B0F57A7F05D86B689B03F6D5002003B0C1
:10E5D00030BD032003B030BD0038024000000E42C1
:10E5E00000700040002800F08780484A136803F05C
:10E5F0000F038B422DE9F0410D46044609D2CBB200
:10E600001370136803F00F038B4202D00120BDE8A2
:10E61000F0812368980714D5590704D53C498A68C6
:10E6200042F4E0528A601A0704D539498A6842F4F4
:10E6300060428A603649A0688A6822F0F00202438C
:10E640008A60DF0721D56268012A57D0931E012B0B
:10E650002F4B1B684DD99907D8D52D4EB36823F0A1
:10E6600003031343B360FCF7F5FA41F28838074619
:10E6700004E0FCF7EFFAC01B404544D8B368626879
:10E6800003F00C03B3EB820FF3D1204A136803F0BD
:10E690000F03AB4206D9EBB21370136803F00F03FC
:10E6A000AB42B3D123685A0706D51949E0688A6896
:10E6B00022F4E05202438A601B0707D5144A2169FD
:10E6C000936823F4604343EAC103936000F082FA45
:10E6D0000F4A104C92681049C2F303120346A25C21
:10E6E0000E48D34000680B60FBF700FF0020BDE838
:10E6F000F0819801B1D489E701207047044B1B6871
:10E700009E03AAD482E7032081E700BF003C0240B9
:10E71000003802408875030800000020080000202F
:10E72000044B05499B68054A0868C3F38223D35C00
:10E73000D840704700380240000000208075030870
:10E74000044B05499B68054A0868C3F34233D35C10
:10E75000D840704700380240000000208075030850
:10E760000E4B0F2210B402609A680D4C02F00302A7
:10E7700042609A6802F0F00282609A6802F4E05205
:10E78000C2609B68DB0803F4E053036123685DF813
:10E79000044B03F00F030B60704700BF00380240CA
:10E7A000003C02402DE9F043036813F0010683B0FA
:10E7B00004460BD0A849866BD1F88C2022F0C062A9
:10E7C0003243B6FA86F6C1F88C2076099A070BD543
:10E7D000A149E06BD1F88C2022F0C05202430028FE
:10E7E000C1F88C2008BF012613F0040512D09A4905
:10E7F000256BD1F88C20B5F5801F22F4401242EA37
:10E80000050218BFB5FA85F5C1F88C2012BF6D0955
:10E81000002501261F070FD58F48616BD0F88C208B
:10E8200022F440020A43B1F5800FC0F88C2000F0BA
:10E83000FE80002908BF0125980600F1AD80DF06A3
:10E8400005D5864B94F85820C3F8E02123681806B4
:10E8500008D58149E06CD1F8942022F440020243AB
:10E86000C1F89420590608D57B49A06CD1F89420B2
:10E8700022F080620243C1F89420DA050DD5764972
:10E88000606DD1F8942022F00062B0F1006F42EA8E
:10E89000000208BF0125C1F894209F0508D56E49E4
:10E8A000606CD1F8942022F080520243C1F8942089
:10E8B00058050BD56848216DD0F8942022F00052FD
:10E8C0000A43B1F1005FC0F894200BD0012E09D0AB
:10E8D000B3F5006F06D0012D00F0E480002003B0F6
:10E8E000BDE8F0835E4B5C4F00229A66FCF7B2F9FC
:10E8F000064604E0FCF7AEF9831B022B42D83B68C6
:10E900001901F7D42368DA0740D5A26B002A3DD15C
:10E910005149D1F88420D1F8840002F4403200F04B
:10E920007060024360680243A06842EA8012606936
:10E9300042EA0072C1F884205E0704D5226BB2F56A
:10E94000801F00F09180180704D5626BB2F5800F2C
:10E9500000F08A80590504D5226DB2F1005F00F005
:10E9600004811A0565D43E4B3B4F01229A66FCF7A1
:10E9700071F906463B681B01ADD4FCF76BF9801BAF
:10E980000228F7D9032003B0BDE8F0839F07D3D551
:10E99000E26B002AD0D1BBE72F4B324F002201920D
:10E9A0001A6C42F080521A641B6C03F0805301937E
:10E9B000019B3B6843F480733B60FCF74BF9804656
:10E9C00005E0FCF747F9A0EB08000228DAD83B681D
:10E9D000D905F6D5204F236C3A6F12F4407203F438
:10E9E000407113D08A4211D03B6F1D4A0121C2F8F9
:10E9F000401E23F440730021C2F8401E3B673B6F6A
:10EA0000DA0700F1CB80236C03F44071B1F5407F4D
:10EA100000F0A08010498A6822F4F8128A600E4A39
:10EA2000116FC3F30B030B431367236807E701263A
:10EA300002E7D4E9012123691B0643EA811313434A
:10EA4000E26861695208013A43EA017343EA02430A
:10EA5000014AC2F8843086E700380240001047427D
:10EA600000004742007000405849D1F88420D1F896
:10EA7000840002F4403200F0E04002436068024348
:10EA8000A06842EA8012206942EA0062C1F884204C
:10EA9000D1F88C00A26A20F01F00013A0243C1F8AD
:10EAA0008C2057E74A4B494E00221A67FCF7D2F8F0
:10EAB000054605E0FCF7CEF8401B02283FF662AFA2
:10EAC00033689F00F6D42268500778D5236B002B5B
:10EAD00075D13E49A069D1F8883003F4403303432F
:10EAE000E06943EA8013606A43EA0063C1F8883052
:10EAF000D1F88C30E06A23F4F853013843EA00235C
:10EB0000C1F88C30D20514D5636DB3F1006F10D10C
:10EB10002E49A569D1F88830D4E9070203F0706363
:10EB20002B43520843EA8013013A43EA0243C1F8F7
:10EB30008830274B254D01221A67FCF78BF80446D5
:10EB40002B689B003FF5CAAEFCF784F8001B022837
:10EB5000F6D917E71D48826823F0704121F440710F
:10EB600022F4F8120A43826059E718486668D0F820
:10EB70008410D0F8842002F0E0423243A668C1F34A
:10EB80000141013142EA861242EA4162E1684908E4
:10EB9000013942EA0142C0F88420E2E6FCF75AF863
:10EBA00041F28839804606E0FCF754F8A0EB0800F3
:10EBB00048453FF6E7AE3B6F9B07F5D523E71107C6
:10EBC000A0D5636B002B9DD183E700BF00380240C6
:10EBD000000047421D4908B58B6803F00C03082B61
:10EBE0001AD00C2B01D01A4808BD4A684B684968F6
:10EBF000174813F48003C1F3881118BF002302F0F3
:10EC00003F02A1FB0001F9F797FF104B5B68C3F3CC
:10EC10000273B0FBF3F008BD4A684B6849680C48C2
:10EC200013F48003C1F3881118BF002302F03F02E0
:10EC3000A1FB0001F9F780FF044B5B68C3F30143BC
:10EC400001335B00B0FBF3F008BD00BF00380240A9
:10EC50000024F400002800F0FB812DE9F041036856
:10EC6000DE0782B0044636D5A1498A6802F00C025C
:10EC7000042A00F0DE808A6802F00C02082A00F004
:10EC8000D4809B498A6802F00C020C2A00F00481AF
:10EC90006368B3F5803F00F01881B3F5A02F00F052
:10ECA0009281934D2A6822F480322A602A6822F4E5
:10ECB00080222A60002B40F00D81FBF7CBFF064637
:10ECC00005E0FBF7C7FF801B642800F2FA802B6881
:10ECD0009F03F6D423689D072FD5854A916811F0CC
:10ECE0000C0F00F09980916801F00C01082900F0E8
:10ECF0008F807F498A6802F00C020C2A00F05E8146
:10ED0000E368002B00F012817A4B794E01221A60E1
:10ED1000FBF7A0FF054605E0FBF79CFF401B022820
:10ED200000F2CF8033689F07F6D53368226923F05D
:10ED3000F80343EAC203336023681A0752D45D071D
:10ED400030D56B4A136C13F0805300F09980002586
:10ED5000694E3368D80540F1A480A368012B00F008
:10ED6000CD80052B00F03981614E326F22F0010217
:10ED70003267326F22F004023267002B40F0C3800A
:10ED8000FBF768FF41F28838074605E0FBF762FFB2
:10ED9000C01B404500F29580336F9B07F6D4002DD1
:10EDA00040F00681A369CBB1514DAA6802F00C0274
:10EDB000082A00F0CC80022B4E4B4FF000021A665E
:10EDC00000F01581FBF746FF044604E0FBF742FF25
:10EDD000001B022875D82B689B01F7D4002002B0D5
:10EDE000BDE8F0816369002B2DD0424B404E0122DB
:10EDF000C3F8802EFBF72EFF054604E0FBF72AFF41
:10EE0000401B02285DD8736F9B07F7D5236896E7F0
:10EE1000526850023FF56DAF354A1268920723D50C
:10EE2000E268012A20D00120D9E74A6855027FF51F
:10EE300028AF2F4A126892037FF54DAF6268002A0F
:10EE40007FF449AFEFE72B4A294EC2F8803EFBF72B
:10EE500001FF054604E0FBF7FDFE401B022830D809
:10EE6000736F9F07F7D4D1E7214920690A6822F020
:10EE7000F80242EAC0020A601A077FF560AFB1E704
:10EE80000193136C43F080531364136C03F08053AD
:10EE90000193019B01255BE74A6851027FF5F8AEBB
:10EEA000C7E7336843F480733360FBF7D3FE07464C
:10EEB0003368D9053FF551AFFBF7CCFEC01B0228E4
:10EEC000F6D9032002B0BDE8F081094A136843F483
:10EED00080331360FBF7BEFE054E054604E0FBF7EA
:10EEE000B9FE401B6428ECD833689B03F7D5F1E6E4
:10EEF000003802400000474200700040554A136F3E
:10EF000043F001031367FBF7A5FE524F064641F29B
:10EF1000883804E0FBF79EFE801B4045D1D83B6F4C
:10EF20009A07F7D5002D3FF43DAF41E04A4A494EDC
:10EF30001360FBF78FFE054604E0FBF78BFE401BDA
:10EF40000228BED833689907F7D42368F5E6012B69
:10EF50003FF469AF6B68E26903F4800191427FF48A
:10EF600062AF226A03F03F0191427FF45CAF616AB5
:10EF700047F6C0721A40B2EB811F7FF454AFA26A09
:10EF8000520803F44031013AB1EB024F7FF44BAF2A
:10EF9000E16A03F07062B2EB016F7FF444AF226B61
:10EFA00003F0E043B3EB027F14BF0120002016E71B
:10EFB000284A136C23F080531364F3E64A68510225
:10EFC0003FF59EAE28E7234B1A6842F480221A6070
:10EFD0001A6842F480321A607CE71E4B1A6F42F0C6
:10EFE00004021A671A6F42F001021A678BE7FBF7F7
:10EFF00031FE064605E0FBF72DFE801B02283FF69A
:10F0000060AF2B689901F6D4D4E90731626A0B43EB
:10F0100043EA8213D4E90A20216B43EA00635208D1
:10F0200043EA0173013A0C4943EA024301226B604F
:10F030000A66FBF70FFE074D044605E0FBF70AFEE4
:10F04000001B02283FF63DAF2B689A01F6D5C5E6B6
:10F050000120704700380240000047422DE9F0438C
:10F0600083B01F4615460A9E0C468046FBF7F2FD0C
:10F070003E44361AFBF7EEFD2D4B1A68C2F3CB3235
:10F0800006FB02F2013701920DD1D8F800209368F7
:10F0900034EA03030CBF012300239D42F7D1002073
:10F0A00003B0BDE8F0838146D8F800309B6834EAAD
:10F0B00003030CBF01230023AB42F0D0FBF7CAFDD2
:10F0C000A0EB0903B34208D2019B002B019B03F183
:10F0D000FF3308BF00260193E6E7D8E900315A68FC
:10F0E000B1F5827F22F0E0025A6014D0D8F82820CF
:10F0F000B2F5005F07D11A6822F400521A601A684C
:10F1000042F400521A600122002388F8512088F846
:10F1100050300320C4E7D8F80820B2F5004F02D0E1
:10F12000B2F5806FE2D11A6822F040021A60DDE782
:10F13000000000202DE9F04184B00F469046009277
:10F140000B46012202210446FFF788FF40BB194B02
:10F150001D68194BA3FB05356D0D4FF47A7303FB46
:10F1600005F563680395B3F5827F064607D10DE088
:10F17000039B2168013B03938B681B0602D5039B0D
:10F18000002BF5D1304604B0BDE8F0810246CDF841
:10F1900000803B4680212046FFF760FF0028F1D029
:10F1A000636D032643F020033046636504B0BDE879
:10F1B000F08100BF00000020819F5E1600285CD017
:10F1C00070B50446406A002847D00023C4E90433E0
:10F1D00094F851300022A26203F0FF01002B42D0CC
:10F1E00094462168A568A269266A022384F85130F2
:10F1F0000B6823F040030B60636805F4044503F4D7
:10F2000082732B43E56805F400652B43256905F0FF
:10F2100002052B43656905F001052B43E56906F0FE
:10F22000800E02F4007605F0380533432B43120CB0
:10F2300000F0100043EA0E0302F0040243EA0C035C
:10F2400002430B604A60CB69002023F40063012273
:10F25000CB61606584F8512070BD6368B3F5827F2F
:10F26000B6D0E061B4E7204684F85010FBF770F8A0
:10F27000D4E9090303F4005CB3E70120704700BF41
:10F280002DE9F041044682B01D460F469046FBF73B
:10F29000E1FC94F85130012B76D10646D8B2002F0C
:10F2A0006FD0B8F1000F6CD094F85030012B6BD0B8
:10F2B000A26884F850002068276300230321B2F578
:10F2C000004F84F85110C4E910336365A4F834800A
:10F2D000A4F83680A363A387E387014607D10368B8
:10F2E00023F040030360036843F480430360036832
:10F2F0005B064DD5E3686268B3F5006F51D0002A14
:10F3000040F08D803B780373E38E226B013B01322A
:10F310009BB22263E386E38E9BB2BBB1681C74D1BF
:10F3200023689A6891077FD5226B12781A73B4F814
:10F3300036C0236B0CF1FF3C1FFA8CFCA4F836C0DE
:10F34000E18E013389B223630029E9D1324629468F
:10F350002046FFF7EFFE08B120236365A36833B9A9
:10F3600022680193D368019393680193019B012361
:10F3700084F85130606D0023C01A84F8503018BFF3
:10F38000012002B0BDE8F081022002B0BDE8F081AA
:10F390000368626843F040030360E368B3F5006FFD
:10F3A000ADD1002A67D0B8F1010F64D0E38E9BB2D3
:10F3B000002BCBD06B1C4ED183689F070FD5226BDF
:10F3C00032F8023BC360E38E2263013B9BB2E386CB
:10F3D000E38E9BB2002BB9D083689F07EFD4FBF775
:10F3E00039FCE38E9BB2002BB0D02068E4E7226B9F
:10F3F00012781A73E38E226B013B01329BB22263B7
:10F40000E386E38E9BB2002BA0D023689A68920714
:10F41000EDD4FBF71FFC801BA842F2D323E0B8F128
:10F42000010F7FF478AF6DE7FBF714FCE38E9BB21E
:10F43000002B7FF475AF89E7226B32F8023BCB607B
:10F44000E38E2263013B9BB2E386E38E9BB2002BEB
:10F450003FF47CAF21688B689A07EDD4FBF7FAFB89
:10F46000831BAB42F1D3012384F85130002384F88D
:10F470005030032085E737F8023BC360E38E2763F3
:10F48000013B9BB2E38691E72DE9F041044682B04F
:10F4900090461E460F46FBF7DDFB94F8513062683C
:10F4A000012B05460BD0B2F5827F40F08F80D9B298
:10F4B000A368002B40F08A80042940F08780002F49
:10F4C00000F00881B8F1000F00F00481002E00F078
:10F4D000018194F85030012B78D094F85130C4F861
:10F4E0003880042B1CBF052384F85130002363654A
:10F4F0000121C4E910332368E68784F85010E686BA
:10F500001968A68749062763A68603D4196841F0BF
:10F5100040011960E168B1F5006F5BD0002A00F08E
:10F52000CA80012E00F0C780089B01334FF001060E
:10F5300028D08DE021688B689B070FD5E38E9BB2A6
:10F5400063B15EB1236B1B780B73E38E226B216872
:10F55000013B01329BB20026E38622638B6813F0E5
:10F5600001030DD0E28F92B252B1A26BC968117043
:10F57000E28FA16B013A013192B2A163E2871E468C
:10F58000FBF768FBE38E9BB2002BD3D1E38F9BB2DA
:10F59000002BCFD108992A462046FFF7CBFD002843
:10F5A00040F09380A36833B922680193D368019334
:10F5B00093680193019B012384F85130606D00230F
:10F5C000C01A84F8503018BF012000E0022002B0B9
:10F5D000BDE8F081002A7FD137F8022BDA60E38E94
:10F5E0002763013B9BB2E386089B01334FF0010682
:10F5F00025D074E02268936898070DD5E38E9BB2FE
:10F6000053B146B1216B31F8023BD360E38E2163E5
:10F61000013B9BB2E3860026936813F001030CD0F4
:10F62000E18F89B249B1A16BD26821F8022B1E4645
:10F63000E38FA163013B9BB2E387FBF70BFBE38EF8
:10F640009BB2002BD6D1E38F9BB2002BD2D1A1E786
:10F65000E38E9BB21BB9E38F9BB2002B9AD022683A
:10F66000936899070FD5E38E9BB263B15EB1236BAC
:10F670001B781373E38E216B2268013B01319BB22F
:10F680000026E3862163936813F0010303D0E18F22
:10F6900089B2002955D1FBF7DDFA089B401B98423F
:10F6A000D6D3012384F851300320002384F850304E
:10F6B00002B0BDE8F0813A781A73E38E226B013B09
:10F6C00001329BB22263E3862EE72022002362658B
:10F6D00084F8503001207AE7012E85D17CE7E38E53
:10F6E0009BB223B9E38F9BB2002B3FF453AF226848
:10F6F00093689F070DD5E38E9BB253B146B1216B42
:10F7000031F8023BD360E38E2163013B9BB2E38679
:10F710000026936813F001030CD0E18F89B249B140
:10F72000A16BD26821F8022B1E46E38FA163013B37
:10F730009BB2E387FBF78EFA089B401B9842CED31F
:10F74000AFE7A16BD2680A70E28FA16B013A013179
:10F7500092B2A163E2871E469DE700BF90F8510078
:10F76000704700BF002800F08F8038B590F83D301A
:10F77000044603F0FF02002B00F081802268434919
:10F78000022384F83D308A42136864D0B2F1804F7E
:10F7900030D0A1F57C418A422CD001F580618A42AB
:10F7A00028D001F580618A4224D001F578418A424F
:10F7B00051D037498A4221D001F580618A421DD05B
:10F7C00001F580618A4219D0A1F598318A4215D09D
:10F7D00001F580618A4211D001F580618A420DD025
:10F7E000A5696168E06823F080032B431360D06251
:10F7F000916210E0A16823F070030B432069A169B6
:10F8000023F44073034323F08003E0680B436168F3
:10F810001360D0629162012353611369DB0703D542
:10F82000136923F001031361012384F8463084F83F
:10F830003E3084F83F3084F8403084F8413084F81A
:10F84000423084F8433084F8443084F8453084F8FA
:10F850003D30002038BDA068216923F070030343C8
:10F8600023F440730B43A16923F080030B4313601F
:10F87000E368D3626368936263691363CBE780F8DC
:10F880003C20FBF743F879E7012070470000014076
:10F890000040014090F83D30012B2CD10368174AFD
:10F8A0000221934280F83D101AD0B3F1804F17D057
:10F8B000A2F57C42934213D002F5806293420FD0AE
:10F8C00002F5806293420BD002F57842934207D052
:10F8D00002F57052934203D0A2F59432934204D1C0
:10F8E0009A6802F00702062A03D01A6842F0010261
:10F8F0001A60002070470120704700BF00000140DF
:10F9000090F83D30012B2FD103681849022280F86E
:10F910003D20DA688B4242F00102DA6019D0B3F17F
:10F92000804F16D0124A934213D002F58062934260
:10F930000FD002F5806293420BD002F578429342D9
:10F9400007D002F57052934203D0A2F5943293424D
:10F9500004D19A6802F00702062A03D01A6842F01E
:10F9600001021A600020704701207047000001402A
:10F9700000040040704700BF002800F08F8038B5B9
:10F9800090F83D30044603F0FF02002B00F0818028
:10F9900022684349022384F83D308A42136864D0C8
:10F9A000B2F1804F30D0A1F57C418A422CD001F5D4
:10F9B00080618A4228D001F580618A4224D001F515
:10F9C00078418A4251D037498A4221D001F580617D
:10F9D0008A421DD001F580618A4219D0A1F5983183
:10F9E0008A4215D001F580618A4211D001F580610B
:10F9F0008A420DD0A5696168E06823F080032B433B
:10FA00001360D062916210E0A16823F070030B4391
:10FA10002069A16923F44073034323F08003E06865
:10FA20000B4361681360D0629162012353611369D3
:10FA3000DB0703D5136923F001031361012384F865
:10FA4000463084F83E3084F83F3084F8403084F803
:10FA5000413084F8423084F8433084F8443084F8EC
:10FA6000453084F83D30002038BDA068216923F07E
:10FA70007003034323F440730B43A16923F0800315
:10FA80000B431360E368D362636893626369136333
:10FA9000CBE780F83C20FFF76DFF79E70120704746
:10FAA000000001400040014079BB90F83E30012B3E
:10FAB00038D10368022280F83E20DA6842F0020260
:10FAC000DA60186A01228A4020EA02001862186A85
:10FAD0002D4902438B421A6226D02C4A934223D0EE
:10FAE000B3F1804F06D02A4A934203D002F58062D8
:10FAF00093423ED19A6802F00702062A03D01A68A0
:10FB000042F001021A6000207047042911D0082930
:10FB10001CD090F84130012B04D102230C2980F82D
:10FB2000413020D0012070475A6C42F400425A64A0
:10FB3000E0E790F83F30012BF4D10368022280F80F
:10FB40003F20DA6842F00402DA60BAE790F8403009
:10FB5000012BE7D10368022280F84020DA6842F0E6
:10FB60000802DA60ADE70368DA6842F01002DA6092
:10FB7000A7E7084A9342BDD0074A9342BAD0A2F5FC
:10FB800094329342BBD1B5E700000140000401402C
:10FB900000040040000C0040004001400C2908D83F
:10FBA000DFE801F0420707073C07070736070707AA
:10FBB0000900012070470368DA6822F01002DA6059
:10FBC0001A6A4FF0010C0CFA01FC22EA0C0210B484
:10FBD0001A62274A1C6A1C6293422BD002F580628B
:10FBE000934227D01C6A41F21112144208D11C6AB8
:10FBF00040F24442144203D11A6822F001021A6012
:10FC0000012331BB80F83E3000205DF8044B704783
:10FC10000368DA6822F00802DA60D1E70368DA687C
:10FC200022F00402DA60CBE70368DA6822F002020D
:10FC3000DA60C5E71C6A41F211121442D2D11C6A83
:10FC400040F244421442CDD15A6C22F400425A642C
:10FC5000C8E7042909D008290CBF80F8403080F893
:10FC600041305DF8044B0020704780F83F30CBE70F
:10FC70000000014090F83C30012B00F08F8070B5FF
:10FC800084460C2A08D8DFE802F02F0707074C0744
:10FC900007076B0707070C0000238CF83C30012096
:10FCA00070BD03680D681A6A186A20F480501862E3
:10FCB0005C68D86920F4E64040EA05208D6822F4AB
:10FCC000005242EA0532514DAB4279D005F58065CC
:10FCD000AB4275D049685C60D86119641A62002330
:10FCE0008CF83C30002070BD03680D681A6A186AF1
:10FCF00020F0010018625C68986920F073002843C6
:10FD00008D6822F002022A43404DAB425ED005F5D9
:10FD10008065AB425AD049685C60986159631A6249
:10FD2000DDE703680D681A6A186A20F0100018628F
:10FD30005C68986920F4E64040EA05208D6822F06E
:10FD4000200242EA0512314DAB424ED005F58065E6
:10FD5000AB424AD049685C60986199631A62BEE719
:10FD600003680D681A6A186A20F4807018625C686B
:10FD7000D86920F0730028438D6822F4007242EAAB
:10FD80000522224DAB420BD005F58065AB4207D072
:10FD900049685C60D861D9631A62A0E702207047A5
:10FDA000CD6822F4006242EA0522D1E9056524F417
:10FDB000405446EA050E22F4806244EA0E14E7E756
:10FDC0004D6924F4804444EA851483E7CD6822F029
:10FDD00008022A43D1E9056524F4407446EA050E79
:10FDE00022F004024EEA040495E7CD6822F0800276
:10FDF00042EA0512D1E9056524F4406446EA050E9D
:10FE000022F0400244EA8E04A4E700BF0000014053
:10FE100090F83C20012A6ED00346026830B40120DD
:10FE2000022483F83C0083F83D40946824F47F4426
:10FE300024F0770494600C68602C76D011D8402CA4
:10FE40005BD02ED8202C04D000F2888034F0100132
:10FE50001FD1916821F07001214341F007019160A9
:10FE600016E0B4F5805F13D0B4F5005F33D0702C8A
:10FE70000FD1D1E9015094682843CD6824F47F4123
:10FE800040EA052008439060916841F07701916055
:10FE900000200121002283F83D1083F83C2030BC73
:10FEA0007047502CF5D14868CC68116A21F00A01DE
:10FEB0000843116A21F001011162916921F0F001FA
:10FEC00041EA041191611062916821F0700141F0E2
:10FED00057019160DCE7D1E9015094682843CD686F
:10FEE00024F47F4140EA052008439060916841F482
:10FEF00080419160CCE7022070474868CC68116A65
:10FF000021F00A010843116A21F00101116291698F
:10FF100021F0F00141EA041191611062916821F031
:10FF2000700141F047019160B2E74868CC68116AFE
:10FF300021F0A00141EA0011106A20F010001062C7
:10FF4000906920F4704040EA043090611162916839
:10FF500021F0700141F06701916099E7302C3FF486
:10FF600078AF96E790F83C20012A46D0034630B49B
:10FF700000680124022283F83C4083F83D20826817
:10FF80004C680D6822F07002224322F007022A43D7
:10FF9000502C826056D01FD9602C30D0702C24D1C8
:10FFA000D1E9025284682A430D6924F47F4142EA70
:10FFB00005220A438260C26822F04002C260C26821
:10FFC0000021012422F48042C26083F83D4083F87E
:10FFD0003C10084630BC7047402C23D005D8202C5C
:10FFE000E9D041D834F01002E5D00120002283F896
:10FFF0003D0083F83C2030BC704702207047026A05
:020000040801F1
:100000008D680C69016A21F010010162816922F09A
:10001000A00221F4704142EA051241EA04318161F3
:100020000262C8E7052DE0D0046A026A096922F07D
:1000300001020262826922F0F00242EA0112826148
:100040000462B8E78A680C69016A21F00A01114369
:10005000026A22F001020262826922F0F00242EAA0
:10006000041282610162A6E7302CA4D0BDE700BF74
:10007000704700BF704700BF704700BF036870B58E
:10008000DE681D69A907044601D5B20751D4690786
:1000900001D572073AD42B0701D5300724D4EA06DC
:1000A00001D5F30610D4E80701D5F10757D42A0685
:1000B00001D533065BD4680601D571065FD4AA0664
:1000C00001D5B30642D470BD23686FF010021A61E7
:1000D00008222277DB6913F4407F204663D0FFF7C4
:1000E000C7FF00232377DEE723686FF008021A6159
:1000F00004222277DB699907204651D10FF03EFF99
:100100002046FFF7B7FF00232377C8E723686FF087
:1001100004021A61022222779B6913F4407F204671
:100120003BD10FF02BFF2046FFF7A4FF00232377DE
:10013000B1E76FF002021A61012202779B699B0707
:1001400025D0FFF795FF00232377A0E723686FF002
:10015000200220461A61BDE8704000F06BB82368A9
:100160006FF001021A612046FAF780F89FE72368D2
:100170006FF080021A61204600F05EF89BE723686A
:100180006FF040021A612046FFF776FF97E70FF005
:10019000F5FE2046FFF76EFFD5E7FFF769FFC5E7DD
:1001A000FFF766FFAFE70FF0E9FE2046FFF762FFBB
:1001B00097E700BF90F83C20012A37D00346026839
:1001C000022030B483F83D0050680D68946820F038
:1001D000700028435060164882421AD0B2F1804F16
:1001E00017D0A0F57C40824213D000F58060824297
:1001F0000FD000F5806082420BD000F5784082423B
:1002000007D000F57050824203D0A0F594308242AE
:1002100004D1496824F080040C439460002001223A
:1002200083F83D2083F83C0030BC704702207047C3
:1002300000000140704700BF704700BF002800F079
:10024000878038B590F84130044603F0FF02002B58
:1002500079D02368E068242284F84120DA6822F407
:100260000052DA601969A26821F440510143206903
:10027000196102436069D9680243E06921F41641BB
:1002800021F00C0102430A43DA605A69A06931493E
:1002900022F4407202438B425A6136D02E4A934276
:1002A00033D0FEF73DFAE2691921B2F5004FD4E9E7
:1002B0000053A0FB01012BD09A009B0FF8F73CFCE8
:1002C000264AA2FB00135B09642101FB1300000115
:1002D0003230A2FB00201B0103EB5013AB602A69F4
:1002E00022F490422A616A6922F02A026A61EA686D
:1002F0000023202142F40052EA60636484F8411034
:1003000084F842101846636338BDFEF719FACAE74D
:10031000DA184FF000035B41F8F70EFC0F4AA2FB1E
:1003200000314909642303FB1103DB003233A2FBD4
:100330000323C3F342121B0902EB011203F4F87307
:100340001344AB60CBE780F84020FAF7B7FB80E7B7
:100350000120704700100140001401401F85EB513F
:100360002DE9F843044690F84100202855D10D4668
:1003700009B1164612B90120BDE8F8831F464FF0B7
:1003800000082123C4F8448084F84130FAF762FC65
:10039000A368A684B3F5805F8146E68440D0E38CF1
:1003A00022689BB2002B47D07B1C24D113681F0608
:1003B000FCD5002D2CD015F8013B5360E38C013B9C
:1003C0009BB2E384E38C9BB2002BEFD113685906F8
:1003D000FCD5202384F841300020BDE8F883002DAF
:1003E0003DD015F8013B5360E38C013B9BB2E384A5
:1003F000E38C9BB213B313681E06F0D4FAF72AFC01
:10040000A0EB09039F4211D387B12268D368F2E7BA
:1004100038F8023BC3F30803CFE70220BDE8F883B6
:100420002369002BBBD1A8461D46B8E7202384F8DA
:1004300041300320BDE8F883781CC7D013685B0601
:10044000C7D4FAF707FCA0EB09039F42EED3002FB5
:10045000ECD02268D36813685B06F2D5B9E738F8A8
:10046000023BC3F30803BEE7F8B5044690F8410029
:10047000202803D101B11AB90120F8BD0220F8BD2E
:10048000E284A284A06BDFF854C0124F124E2162A6
:100490001346226800254FF0210E6564043284F86B
:1004A00041E0C0E90FC7C0E91365FBF743F92268D3
:1004B0006FF04003136002F1140353E8003F43F070
:1004C000800302F1140040E800310029F3D100203C
:1004D000F8BD00BF0D07010825070108BD0601088A
:1004E00010B50368596990F84120212A044606D0C6
:1004F000596994F84220222A28D0002010BD09060C
:10050000F6D503F1140252E8002F22F0800203F125
:10051000140040E800210029F3D1A06B10B1FBF7D3
:1005200045F9236803F10C0252E8002F22F0C002C3
:1005300003F10C0040E800210029F3D1202284F8C7
:100540004120596994F84220222AD6D14A06D4D5AE
:1005500003F1140252E8002F22F0400203F11400CC
:1005600040E800210029F3D1E06B10B1FBF71EF940
:10057000236803F10C0252E8002F22F4907203F179
:100580000C0040E800210029F3D103F1140252E8E5
:10059000002F22F0010203F1140040E8002100299D
:1005A000F3D1226B012A06D02022002384F84220B6
:1005B0000020236310BD03F10C0252E8002F22F04B
:1005C000100203F10C0040E800210029F3D1EBE711
:1005D000036810B5044603F10C0252E8002F22F420
:1005E000F07203F10C0040E800210029F3D103F17F
:1005F000140252E8002F22F0010203F1140040E837
:1006000000210029F3D1226B012A3BD05A6911063F
:1006100022D45A69520613D503F1140252E8002F6E
:1006200022F0400203F1140040E800210029F3D138
:10063000E06B28B100230365FBF7B8F8002837D139
:1006400000232022E384E385636484F8422084F855
:1006500041201846236310BD03F1140252E8002F15
:1006600022F0800203F1140040E800210029F3D1B8
:10067000A06B0028CDD000230365FBF797F870B975
:100680002368C6E703F10C0252E8002F22F01002A3
:1006900003F10C0040E800210029F3D1B6E7A06B7C
:1006A000FBF7BAF92028EBD110236364032010BDB7
:1006B000E06BFBF7B1F92028C2D1F5E708B5036874
:1006C000806B1B6813F480731AD10268C38402F133
:1006D000140353E8003F23F0800302F1140040E8C4
:1006E00000310029F3D102F10C0353E8003F43F03D
:1006F000400302F10C0040E800310029F3D108BDAD
:10070000F9F79EFD08BD00BF704700BF08B5806BBC
:10071000FFF7FAFF08BD00BF704700BF704700BF7A
:10072000704700BF08B5806B0368596990F8412095
:10073000212A0BD0596990F84220222A1ED0436CFE
:1007400043F010034364FFF7EBFF08BD0906F1D542
:100750000022C28403F10C0252E8002F22F0C002F2
:1007600003F10C0C4CE800210029F3D1202280F881
:100770004120596990F84220222AE0D14A06DED56C
:100780000022C28503F10C0252E8002F22F490727D
:1007900003F10C0C4CE800210029F3D103F1140201
:1007A00052E8002F22F0010203F1140C4CE8002162
:1007B0000029F3D1026B012A05D02022002380F802
:1007C00042200363BBE703F10C0252E8002F22F042
:1007D000100203F10C0C4CE800210029F3D1ECE7E6
:1007E00008B5806B0023C385C384FFF799FF08BD5C
:1007F000704700BF036810B5044603F10C0252E8CD
:10080000002F22F4907203F10C0040E8002100292F
:10081000F3D103F1140252E8002F22F0010203F198
:10082000140040E800210029F3D1226B012A1CD0DA
:100830005A6912F040022FD003F1140252E8002F3F
:1008400022F0400203F1140040E800210029F3D116
:10085000E36BBBB1154A1A651846FAF7F1FF10B100
:10086000E06B036D9847002010BD03F10C0252E8C5
:10087000002F22F0100203F10C0040E800210029B3
:10088000F3D1D5E72022E385204684F84220236374
:10089000FFF7AEFF002010BD2023E285204684F83C
:1008A00042302263FFF7A4FF002010BDB108010809
:1008B00008B5806B00232022C38580F842200363A3
:1008C000FFF796FF08BD00BF806B08B501234363A7
:1008D000036B012B02D0FFF721FF08BD818D490872
:1008E000F9F7A4FC08BD00BF08B50368806B1A685F
:1008F00012F480722BD10368C28503F10C0252E816
:10090000002F22F4807203F10C0C4CE80021002926
:10091000F3D103F1140252E8002F22F0010203F197
:10092000140C4CE800210029F3D103F1140252E821
:10093000002F22F0400203F1140C4CE800210029A2
:10094000F3D1202280F84220026B012A07D0002335
:100950004363036B012B0FD0FFF7DEFE08BD03F1ED
:100960000C0252E8002F22F0100203F10C0C4CE8AC
:1009700000210029F3D1EAE7818DF9F757FC08BD82
:1009800083680168826AB3F5805F42D0002B39D05A
:100990004B6803F07F031370826A0132C38D826259
:1009A000013B9BB2C385002B32D100B50268D168F0
:1009B00021F0200183B0D160D16821F48071D16031
:1009C00051694FF0200C21F00101516180F842C0C3
:1009D0004363016B012925D1036302F10C0353E842
:1009E000003F23F0100302F10C0C4CE80031002909
:1009F000F3D11368DB061AD4818DF9F717FC03B025
:100A00005DF804FB0369002BC2D14B68DBB2C2E77F
:100A100070470369002BF8D14B68C3F3080322F831
:100A2000023BBBE7FFF778FE03B05DF804FB002351
:100A300001931368019353680193019BDCE700BFA6
:100A400030B503681A68DD68596912F00F0F83B07A
:100A5000044670D1910602D5A90600F1A380216B4E
:100A600001290BD0100602D5290600F1A5805206F7
:100A700002D5680600F1BF8003B030BDD006F1D5C5
:100A8000E906EFD5002201921A6801925A68019294
:100A9000019A5A69550640F13C81E06B0268526840
:100AA00092B2002AE8D0A18D9142E5D9E285C269CF
:100AB000B2F5807F36D003F10C0252E8002F22F409
:100AC000807203F10C0545E800210029F3D103F100
:100AD000140252E8002F22F0010203F1140545E848
:100AE00000210029F3D103F1140252E8002F22F073
:100AF000400203F1140545E800210029F3D120222A
:100B000084F84220216303F10C0252E8002F22F006
:100B1000100203F10C0545E800210029F3D1FAF792
:100B200045FEA18D02236363E38DC91A204689B275
:100B3000F9F77CFBA0E711F0010140F0CF8015F43C
:100B4000907F8CD0D0070BD5E80540F1DE80606C3B
:100B500040F00100606450075CD5002940F0C2807D
:100B6000900766D5100700F1CD80616C002983D015
:100B7000910609D5AA0607D594F84220222A03D166
:100B80002046FFF7FDFE23685A69616C02F04002BF
:100B900001F0080152EA010555D12046FFF7C0FDDA
:100BA000656469E790F84230222B7FF465AF03B0AB
:100BB000BDE83040FFF7E4BE94F84120212A7FF4DD
:100BC0005BAFA168226AB1F5805F00F0DD80511C47
:100BD000216212785A60E28C013A92B2E284002AD1
:100BE0007FF44AAFDA6822F08002DA60DA6842F015
:100BF0004002DA6040E7DA68202122F04002DA6041
:100C0000204684F84110F9F71BFB35E7E8059ED430
:100C1000500767D490070CD50029A3D0616C41F030
:100C2000040161641107A0D5616C41F008016164A1
:100C30009BE7100799D505F020000843F4D1626CBA
:100C4000002AA1D118E703F10C0252E8002F22F488
:100C5000907203F10C0040E800210029F3D103F168
:100C6000140252E8002F22F0010203F1140040E8C0
:100C700000210029F3D1226B012A22D00022202159
:100C800084F8421022635A69550634D503F11402E0
:100C900052E8002F22F0400203F1140040E8002146
:100CA0000029F3D1E06B30B33D4B0365FAF7C8FD83
:100CB00000283FF4E1AEE06B036D03B0BDE83040C7
:100CC000184703F10C0252E8002F22F0100203F142
:100CD0000C0040E800210029F3D1CFE7D00795D4DC
:100CE00050070CD5616C41F002016164910795D405
:100CF000110799D439E72046FFF712FDBCE69107AA
:100D00008CD4F5E7A9068FD499E750073FF528AFB3
:100D100080E7E18DE28DA08D92B289B2002A3FF486
:100D2000ABAE411A89B200293FF4A6AE03F10C0222
:100D300052E8002F22F4907203F10C0545E80020E0
:100D40000028F3D103F1140252E8002F22F001022F
:100D500003F1140545E800200028F3D1202284F88F
:100D60004220206303F10C0252E8002F22F010020F
:100D700003F10C0545E800200028F3D1022363634A
:100D80002046F9F753FA77E6216900297FF41FAF6F
:100D900032F8021BC1F30801596022621BE700BF51
:100DA000E107010870B513460025222282B00446EF
:100DB0004564816280F842208385C06B1D4E0565C5
:100DC0000A462168C6631C4E06641C4EC664043184
:100DD000FAF7B0FC236801951A68019259682269F4
:100DE000019101995AB103F10C0252E8002F42F42B
:100DF000807203F10C0040E800210029F3D103F1D7
:100E0000140252E8002F42F0010203F1140040E8FE
:100E100000210029F3D103F1140252E8002F42F01F
:100E2000400203F1140141E800200028F3D102B090
:100E300070BD00BFE9080108C908010825070108BD
:100E400090F842C0BCF1200F06D139B330B583B061
:100E500022B9012003B030BD022070470123036393
:100E6000002343630446FFF79DFF0028F2D1236B64
:100E7000012BEED12268019013680193536801930E
:100E8000019B02F10C0353E8003F43F0100302F111
:100E90000C0444E800310029F3D1DBE7012070475E
:100EA00010B503F0A9FA20B1BDE81040D0E9003038
:100EB000184710BD08B54FF0E0231B6902F0C0FED3
:100EC000012800D108BDBDE8084003F08BBB00BF7E
:100ED000EFF305832BB9064B186828B901221A6075
:100EE00070476FF0050070474FF0FF30704700BF4C
:100EF000B4DA002010B5EFF3058474B9084B1A6812
:100F0000012A07D107490222CC771A6002F01CFAA5
:100F1000204610BD4FF0FF3010BD6FF0050010BD32
:100F2000B4DA002000ED00E0F0B587B000251446EB
:100F30000595EFF3058212B1002007B0F0BD00283F
:100F4000FAD004B3A369D3B918236268D207F3D4E3
:100F500065692DB3AA08A668D4F800C0E7680EB387
:100F6000BB2FE9D92469002CE6D0002DE4D00093F2
:100F7000CDE901460B46614601F0BCFFDDE75D1E91
:100F8000372DE2D9D8E78022182300930B4621465B
:100F900005AC019402F030F80128CDD10598CCE7DA
:100FA0008022D8E7002FC7D12469002CC4D192B287
:100FB0006446EAE702F03EBEEFF3058262B908B587
:100FC00038B102F093F8042803D8054B53F82000F9
:100FD00008BD4FF0FF3008BD4FF0FF30704700BF35
:100FE000A075030808B5EFF305832BB910B102F023
:100FF00005FE8300184608BD0023184608BD00BF43
:1010000010B5EFF3058454B930B14B1E372B03D81C
:1010100002F0C0F8204610BD6FF0030010BD6FF065
:10102000050010BDEFF3058212B908B102F09EB8B9
:101030004FF0FF30704700BF10B5EFF3058424B9BF
:1010400030B102F00BF9204610BD6FF0050010BD65
:101050006FF0030010BD00BFEFF305823AB908B589
:1010600008B9002008BD02F071FA002008BD6FF039
:10107000050070472DE9F0411C4682B0EFF305836F
:10108000BBB90646A8B108200D46904603F090FB78
:10109000074670B12A1EC0E9006818BF01227CB162
:1010A000A3682068E16843B12B2915D8384603F0BE
:1010B000DDFB002002B0BDE8F0810029F6D1044636
:1010C0000A4B009301213B46204603F085F8002897
:1010D000ECD002B0BDE8F0810449CDE900133B46F5
:1010E000012103F0DFF80028F3D1DFE7A10E0108AA
:1010F000EFF3058373B910B582B070B10A4600935F
:10110000042103F047F9012814BF6FF0020000200A
:1011100002B010BD6FF0050070476FF00300F7E7F5
:10112000EFF305832BB940B1D0E902321BB11F2A7E
:1011300005D800207047002AFBD100F09FBA18465E
:1011400000F07EBA40B310B5B1F1807F82B00C469A
:101150001BD2EFF305839BB1002301AA019300F09A
:1011600071FBB0B1019B4BB14FF0E0234FF08052C7
:10117000C3F8042DBFF34F8FBFF36F8F204606E0F7
:1011800002B0BDE8104000F019BB6FF0030002B0E0
:1011900010BD6FF00200FAE76FF00300704700BF68
:1011A00048B370B5B1F1807F82B00C4618D21D46AD
:1011B000EFF30583C3B902F0010682F00202009545
:1011C000C2F34002334600F067FA8EB9044209D1F7
:1011D000002D14BF6FF001006FF0020002B070BD6F
:1011E0006FF0030002B070BD6FF0050002B070BD7B
:1011F0008443EDD1F6E76FF00300704738B5EFF3A5
:1012000005833BB90446E0B1436803F00802DB07FD
:1012100003D402B30025284638BD002AFAD1D0E90C
:10122000021389B34F2BF5D9042000F06DFE05465B
:101230000028EFD0216845F0010501F0DDFB2846CC
:1012400038BD012000F0C8FE05460028E3D0214645
:1012500001F0D2FBDFE7D0E9021361B14F2BD9D9FE
:10126000012000F051FE05460028D4D0216801F08D
:10127000C3FB284638BD002BCCD1012000F0ACFECA
:1012800005460028F2D1C6E7002BC3D1042000F0A8
:10129000A3FE05460028CDD1BCE700BFEFF30582D1
:1012A000D2B9012838B5034619D903F001050C4617
:1012B00020F0010055B901F03BF901280AD0002CBB
:1012C00014BF6FF001006FF0020038BD01F0C6FAE4
:1012D0000128F4D1002038BD6FF0050070476FF091
:1012E000030038BDEFF30581B9B90128024617D9CB
:1012F00008B502F0010320F001003BB91A46194677
:1013000000F028FC012805D1002008BD00F046FEB1
:101310000128F9D06FF0020008BD6FF0050070479A
:101320006FF00300704700BF38B5EFF3058474B960
:10133000012809D920F00105284601F085FB28463F
:1013400001F002FB204638BD6FF0030038BD6FF09E
:10135000050038BDF0B583B0EFF3058656B948B146
:1013600088420F4606D31546FAB1D2E902232AB1C4
:101370004F2B28D80024204603B0F0BD002BF9D114
:10138000012806D000F0A6FB04460028F2D02D6804
:1013900012E003220021012000F008FB044600288F
:1013A000E8D0C7B9002DF2D106E00128F1D000F055
:1013B00091FB04460028DDD02046294601F01CFBA5
:1013C000204603B0F0BD012810D000F02FFB0446EA
:1013D0000028DCD1CEE700231A46194600F0BAFBFC
:1013E0000128DFD0204601F0AFFAC3E713460322FD
:1013F00000923146324600F079FA04460028B9D00E
:10140000002FC4D033463246314600F0A3FB0128FA
:10141000BDD0E7E760B310B50C4682B0EFF30583AB
:10142000B3B111BB01AA019101F036FA012818D11C
:10143000019B13B9002002B010BD4FF0E0234FF024
:101440008052C3F8042DBFF34F8FBFF36F8FF1E7C6
:1014500001F06EF80128EDD01CB16FF0010002B070
:1014600010BD6FF0020002B010BD6FF00300E2E7A4
:101470006FF00300704700BF28B300B583B0EFF3EF
:1014800005839BB1002301A9019300F08BFE012885
:1014900016D1019B83B14FF0E0234FF08052C3F887
:1014A000042DBFF34F8FBFF36F8F05E01A46194627
:1014B00000F050FB012803D1002003B05DF804FBCD
:1014C0006FF00200F9E76FF003007047F0B585B0E8
:1014D000EFF3058787B9054670B169B11446E2B1EB
:1014E000D2E902325BB14F2A06D9226922B166697C
:1014F00001FB05F5AE421BD2002005B0F0BD002A6D
:10150000FAD12369002BF7D16269002AF4D100F0E7
:101510004DFA0028F0D0246803E000F047FA0028D4
:10152000EAD02146039001F067FA039805B0F0BDB8
:10153000009700F0DBF90028EDD1DDE770B51C461F
:1015400082B0EFF30586BEB138B331B32BBB01AA2D
:10155000019300F079FD01281BD1019B4BB14FF0A5
:10156000E0234FF08052C3F8042DBFF34F8FBFF339
:101570006F8F002002B070BD78B171B13346224642
:1015800000F0E8FA0128F4D01CB16FF0010002B0BD
:1015900070BD6FF0020002B070BD6FF00300E9E7AC
:1015A00030B51C4683B0EFF30583BBB130B329B32C
:1015B00024BB01AA019401F06FF901281AD1019B03
:1015C0004BB14FF0E0234FF08052C3F8042DBFF32E
:1015D0004F8FBFF36F8F002003B030BD70B169B182
:1015E000224600F02DFE0128F5D01CB16FF001005D
:1015F00003B030BD6FF0020003B030BD6FF00300E8
:10160000EAE700BF044B10B40360044C0C60802375
:101610005DF8044B13607047F8D90020F8D700201C
:10162000054B10B40360054C0C604FF480735DF8FB
:10163000044B1360704700BF3CD700203CD3002010
:1016400010B582B078B120230193019B202B0ED1DD
:101650000023044640F8043B00F0FEF80123204636
:10166000237702B010BD0448622111F023FE024826
:101670006A2111F01FFE00BFDC75030838B5202079
:1016800003F096F8044628B1002540F8045B00F00A
:10169000E3F82577204638BD2DE9F843089F002858
:1016A0007FD0B1F1807F0C4676D200296FD0914671
:1016B0009846064602F0C4FAE0B9002F76D101F050
:1016C00097FE3568B8F1000F07D034EA050306D05D
:1016D00001F096FE2846BDE8F8832542F8D0B9F11E
:1016E000000FF5D025EA0404346001F089FE284695
:1016F000BDE8F88301F07CFE3568B8F1000F27D013
:1017000034EA0503EBD0002FE2D0B9F1000118BF95
:101710000121090641F080613A462143301D02F063
:1017200003F901F06DFE48B94FF0E0234FF080520D
:10173000C3F8042DBFF34F8FBFF36F8F02F058FB38
:10174000830105460ED525F07F452846BDE8F88380
:101750002C42C4D1002FBBD0B9F1000118BF012128
:101760000906D9E702F0D6FE3568B8F1000F0AD1B4
:101770002C4205D0B9F1000F02D025EA04043460F0
:1017800002F0E8FEDFE734EA0503F9D1F2E70A48A0
:101790004FF4A17111F08EFD074840F2411111F094
:1017A00089FD05484FF4A07111F084FD024840F214
:1017B000451111F07FFD00BFC87503082DE9F04108
:1017C00090B3B1F1807F0D4633D2064600F10C088C
:1017D00001F00EFE3368346945EA0301A04531602B
:1017E0001CD000270AE03DB1DB0141F0007148BF89
:1017F000174302F075F93168A0450DD020466468A2
:10180000036823F07F4213F0806F02EA0105EAD0FB
:10181000AA42E9D0A045F1D121EA0701316001F0E7
:10182000EFFD3068BDE8F081044840F2122111F06C
:1018300041FD024840F2132111F03CFDB47503084C
:10184000FFF7BCBF8446134602480A46614602F0D1
:10185000E5BD00BF4118010800F108034FF0FF315A
:101860000022C0E90131C0E903330260704700BFC4
:1018700000230361704700BF4268036810B4946896
:101880000133C1E90124616091605DF8044B086196
:101890000360704730B40D686B1C10D000F1080372
:1018A0001C465B681A68AA42FAD902684B6001328A
:1018B00099608C606160086130BC026070470469A7
:1018C0006368F2E7036910B4D0E901125C688A60CA
:1018D0008442516008BF5A601A685DF8044B0021C9
:1018E000013A01611A601868704700BF30B583B0D3
:1018F0009DF81850002842D01C46002B3AD082B3E5
:10190000002946D050230193019B502B3CD1019BD1
:1019100022600123C4E90F0184F8463002F0FAFD89
:10192000D4E90F232168616003FB02F2D31A0A4451
:10193000A26000220B44A263FF2284F84420E360EB
:1019400084F8452004F11000FFF786FF04F124001D
:10195000FFF782FF02F0FEFD204684F84C5003B0F2
:1019600030BDD9B950230193019B502B0CD1019B61
:101970002246CDE70C484FF49F7111F09BFC0A48BA
:101980004FF49D7111F096FC074840F24B1111F095
:1019900091FC05484FF4A17111F08CFC024840F213
:1019A000431111F087FC00BF30770308F8B5B0B3DE
:1019B000054601FB00F050300E46174602F0F8FED7
:1019C000044640B3002380F8463036B300F150039C
:1019D0002360C4E90F5602F09DFDD4E90F2321686E
:1019E000616003FB02F2D31A0A44A26000220B4496
:1019F000A263FF2284F84420E36084F8452004F1C8
:101A00001000FFF729FF04F12400FFF725FF02F083
:101A1000A1FD84F84C702046F8BD0346D8E7024883
:101A20004FF4BB7111F046FC1C77030870B582B00F
:101A3000002836D088420D4642D31446002A3AD0B8
:101A400050230193019B502B30D10026012382F8B3
:101A500046302260C2E90F06019B02F05BFDD4E92B
:101A60000F232168A66303FB02F2D31A0A440B4436
:101A7000A260FF2284F84420E360616084F845207E
:101A800004F11000FFF7E8FE04F12400FFF7E4FE84
:101A900002F060FD0223204684F84C30A56302B0BA
:101AA00070BD0A4840F2B22111F004FC084840F22F
:101AB0004B1111F0FFFB06484FF49F7111F0FAFB38
:101AC000024840F2B32111F0F5FB00BFC0760308D5
:101AD00030770308F8B588B388420E46054632D3FE
:101AE000502002F065FE044630B30027C0E90F57CE
:101AF00080F84670006002F00DFDD4E90F232168E4
:101B0000A76303FB02F2D31A0A440B44A260FF222C
:101B100084F84420E360616084F8452004F11000FB
:101B2000FFF79AFE04F12400FFF796FE02F012FD83
:101B3000022384F84C30A6632046F8BD044840F2E6
:101B4000CE2111F0B7FB024840F2CF2111F0B2FBD9
:101B5000A07603082DE9F04385B00192002800F03B
:101B6000CC8188461F460446002900F02E81022FB2
:101B700003D1E36B012B40F0A28102F061F8002851
:101B800000F0FC8002F0C6FCA26BE36B9A427BD3B0
:101B9000022F00F0FC80002304F12406019A002AA1
:101BA00000F01C81002B00F0E58002F0D3FC01F076
:101BB0001FFC02F0AFFC94F84430FF2B04BF00235D
:101BC00084F8443094F84530FF2B04BF002384F898
:101BD000453002F0BFFC01A902A801F0CBFF0028AC
:101BE00040F0028102F096FCA26BE36B9A426CD04B
:101BF00002F0B0FC02F08EFC94F8452055B2002DA6
:101C000004DC11E06A1ED3B255B26BB1636A5BB1FA
:101C1000304601F023FF0028F4D001F0E9FF6A1EEE
:101C2000D3B255B2002BF1D1FF2384F8453002F036
:101C300091FC02F06FFC94F8442055B2002D14DDA5
:101C400004F1100903E06A1ED3B255B26BB12369E7
:101C50005BB1484601F002FF0028F4D001F0C8FF54
:101C60006A1ED3B255B2002BF1D1FF2384F8443061
:101C700002F070FC01F0C4FB02F04CFCA26BE16BC3
:101C800091424FF0010389D9226CA56B002A00F024
:101C90008280002F40F01881414660681DF032FEBE
:101CA0006368216CA2680B449342636005F10105EF
:101CB00076D3A563636A22686260002B74D102F058
:101CC00049FC012005B0BDE8F08304F1100902F0E1
:101CD00041FC0199484601F0E5FD02F01BFC94F837
:101CE00045305DB2002D04DC11E06B1EDAB25DB24E
:101CF0006AB1636A5BB1304601F0B0FE0028F4D0EF
:101D000001F076FF6B1EDAB25DB2002AF1D1FF233B
:101D100084F8453002F01EFC02F0FCFB94F84430DD
:101D20005DB2002D04DC11E06B1EDAB25DB26AB167
:101D300023695BB1484601F091FE0028F4D001F020
:101D400057FF6B1EDAB25DB2002AF1D1FF2384F88F
:101D5000443002F0FFFB01F053FB00288CD14FF020
:101D6000E0234FF08052C3F8042DBFF34F8FBFF331
:101D70006F8F81E702A801F0F1FE16E7019B002BAF
:101D80003FF400AF5F4840F2EF2111F093FA226C6C
:101D9000A56B002A6DD126680135002E00F08280E7
:101DA000A563636A002B8AD004F1240001F056FE7B
:101DB000002884D04FF0E0234FF08052C3F8042D68
:101DC000BFF34F8FBFF36F8F79E7036C002B3FF4A6
:101DD000CEAE4C4840F2EB2111F06CFA02F0BAFBA7
:101DE000002005B0BDE8F08302F094FB94F8453084
:101DF0005DB2002D14DD04F1240603E06B1EDAB29F
:101E00005DB26AB1636A5BB1304601F027FE00281B
:101E1000F4D001F0EDFE6B1EDAB25DB2002AF1D112
:101E2000FF2384F8453002F095FB02F073FB94F831
:101E300044305DB2002D14DD04F1100603E06B1E8A
:101E4000DAB25DB26AB123695BB1304601F006FED9
:101E50000028F4D001F0CCFE6B1EDAB25DB2002A8D
:101E6000F1D1FF2384F8443002F074FB01F0C8FA8A
:101E7000B6E74146E0681DF045FD226CE368216845
:101E80009B1A9942E360C2F1000202D9A36813448D
:101E9000E360002D84D10123A363636A002B3FF428
:101EA0000EAF81E7A06801F01BFFA563626AA66020
:101EB000002A7FF479AF00287FF47CAFFFE6114859
:101EC0004FF43B7111F0F6F94146E0681DF01AFD40
:101ED000226CE36851429B1A2268E360934208D364
:101EE000022FD6D00135A563636A002B3FF4E7AE1D
:101EF0005AE7A3680B44E360F2E7024840F2EA21A4
:101F000011F0D8F98C76030870B582B0002939D069
:101F100050230193019B502B39D10C4600250123FE
:101F2000C1E90F3581F8463009600646019B02F091
:101F3000F1FA216CE36B2268626001FB03F3591A2A
:101F400013440A44C4E90232FF23A56304F11000DC
:101F500084F8443084F84530FFF77EFC04F1240017
:101F6000FFF77AFC02F0F6FA84F84C60A560256071
:101F7000E5602B462A4629462046FFF7EBFD204622
:101F800002B070BD04484FF49F7111F093F90248FC
:101F900040F24B1111F08EF93077030838B598B143
:101FA0008568044601F046FE854201D0002038BD18
:101FB000E368013BE3600BB1012038BD1A461946C6
:101FC0002046FFF7C7FDF7E7024840F2522111F023
:101FD00071F900BF0077030870B50646502002F083
:101FE000E7FB044670B30025012380F846502060CB
:101FF000C0E90F3502F08EFAD4E90F232168616041
:1020000003FB02F2D31A0B440A44E360FF23A260ED
:10201000A56304F1100084F8443084F84530FFF7DC
:102020001BFC04F12400FFF717FC02F093FA84F87C
:102030004C60A5602560E5602B462A46294620466F
:10204000FFF788FD204670BD2DE9F047002800F01D
:102050009C800E4690461D46044600294ED0022D17
:1020600003D1E36B012B40F0958002F079FBEFF395
:1020700011894FF0500383F31188BFF36F8FBFF3C3
:102080004F8FA26BE36B9A421DD3022D04D0002028
:1020900089F31188BDE8F08794F84570226CA36B32
:1020A000D4F838A07FB2002A30D126680AF10105A1
:1020B000002E50D07B1CA5633DD001377FB284F841
:1020C00045700120E4E794F84570226CA36BD4F8C6
:1020D00038A07FB2002AE8D03146002D40D1606898
:1020E0001DF010FC6368226C1344A2686360934285
:1020F0000AF10105DED323686360DBE7036C002B84
:10210000ADD0274840F2BD3111F0D4F83146E06837
:102110001DF0F8FB226CE36821689B1A8B42E36098
:10212000C2F1000202D2A3681344E3605546012DB8
:1021300038BF0125BEE7636A002BC2D004F124003A
:1021400001F08CFC0028BCD0B8F1000FB9D00123FD
:10215000C8F80030B5E7A06801F0C2FDA660A9E7A5
:10216000E0681DF0CFFB226CE36821689B1A8B426C
:10217000E360C2F1000204D3022DD7D00AF10105B9
:1021800098E7A3681344E360F6E705484FF46F71DE
:1021900011F090F8024840F2BE3111F08BF800BF08
:1021A0007076030870B5002842D0036C0446002BFB
:1021B00039D103680D4603B302F0D2FAEFF311866A
:1021C0004FF0500383F31188BFF36F8FBFF34F8F2E
:1021D000A36BE26B9A420CD994F845200133FF2A95
:1021E000A36353B211D001335BB284F845300120B0
:1021F00000E0002086F3118870BD8368002BDBD0DF
:102200000E4840F26D4111F055F8636A002BEED094
:1022100004F1240001F022FC0028E8D0002DE6D0D3
:1022200001232B60E3E705484FF48D6111F042F87C
:10223000024840F2644111F03DF800BF5C760308AB
:102240002DE9F04385B00192002800F069810F4626
:102250000446002900F0338101F0F2FC002800F070
:10226000258102F057F9A56B002D40F03181019BCB
:10227000002B00F0CE8002A801F070FCA84604F10B
:10228000240602F067F901F0B3F802F043F994F87C
:102290004430FF2B08BF84F8448094F84530FF2B6E
:1022A00008BF84F8458002F055F901A902A801F0A1
:1022B00061FC00285CD102F02DF9A36B002B40F0EB
:1022C000AE8004F1240902F045F90199484601F075
:1022D000E9FA02F01FF994F845305DB2002D04DCF4
:1022E00011E06B1EDAB25DB26AB1636A5BB1484657
:1022F00001F0B4FB0028F4D001F07AFC6B1EDAB2D6
:102300005DB2002AF1D1FF2384F8453002F022F9B2
:1023100002F000F994F844305DB2002D14DD04F1B0
:10232000100903E06B1EDAB25DB26AB123695BB1DA
:10233000484601F093FB0028F4D001F059FC6B1ED5
:10234000DAB25DB2002AF1D1FF2384F8443002F002
:1023500001F901F055F8002852D14FF0E0234FF079
:102360008052C3F8042DBFF34F8FBFF36F8F47E048
:1023700002F0D0F894F845305DB2002D04DC11E095
:102380006B1EDAB25DB26AB1636A5BB1304601F0CE
:1023900065FB0028F4D001F02BFC6B1EDAB25DB2B5
:1023A000002AF1D1FF2384F8453002F0D3F802F07F
:1023B000B1F894F844305DB2002D14DD04F1100939
:1023C00003E06B1EDAB25DB26AB123695BB14846C5
:1023D00001F044FB0028F4D001F00AFC6B1EDAB2D5
:1023E0005DB2002AF1D1FF2384F8443002F0B2F844
:1023F00001F006F802F08EF8A36B53B102F0AAF8D0
:1024000002F088F8A56B002D62D1019B002B7FF4B0
:1024100038AF02F09FF8002005B0BDE8F08302F06D
:1024200099F802F077F894F845305DB2002D14DD8C
:1024300004F1240903E06B1EDAB25DB26AB1636A8B
:102440005BB1484601F00AFB0028F4D001F0D0FB54
:102450006B1EDAB25DB2002AF1D1FF2384F8453059
:1024600002F078F802F056F894F844305DB2002D8E
:1024700014DD04F1100903E06B1EDAB25DB26AB13B
:1024800023695BB1484601F0E9FA0028F4D001F075
:10249000AFFB6B1EDAB25DB2002AF1D1FF2384F8E4
:1024A000443002F057F800F0ABFFA9E7019B002B86
:1024B0003FF4D7AE1D4840F20D5110F0FBFE036C07
:1024C000002B3FF4C9AE19484FF4A16110F0F2FEA1
:1024D000226C52B1E168A36811449942E16024BFC3
:1024E0002168E16038461DF00DFA013DA5632369BE
:1024F0002BB902F02FF8012005B0BDE8F08304F1FC
:10250000100001F0ABFA0028F3D04FF0E0234FF0B9
:102510008052C3F8042DBFF34F8FBFF36F8FE8E7EE
:10252000024840F2045110F0C5FE00BF4C7603088B
:102530002DE9F04385B00191002800F08781036CFC
:102540000446002B40F07D8101F07AFB002800F06A
:10255000328101F0DFFFA56B002D40F04C81019B23
:10256000002B00F0DE8002A801F0F8FA2F46A84602
:1025700004F1240601F0EEFF00F03AFF01F0CAFF7B
:1025800094F84430FF2B08BF84F8448094F8453019
:10259000FF2B08BF84F8458001F0DCFF01A902A8E9
:1025A00001F0E8FA002860D101F0B4FFA36B002B22
:1025B00040F0BA8001F0CEFF2368002B00F01281BA
:1025C00004F124090199484601F06CF901F0A2FFD9
:1025D00094F845305DB2002D04DC11E06B1EDAB2D8
:1025E0005DB26AB1636A5BB1484601F037FA002810
:1025F000F4D001F0FDFA6B1EDAB25DB2002AF1D11F
:10260000FF2384F8453001F0A5FF01F083FF94F823
:1026100044305DB2002D14DD04F1100903E06B1E9F
:10262000DAB25DB26AB123695BB1484601F016FACD
:102630000028F4D001F0DCFA6B1EDAB25DB2002A99
:10264000F1D1FF2384F8443001F084FF00F0D8FE7C
:1026500000285AD14FF0E0234FF08052C3F8042DE8
:10266000BFF34F8FBFF36F8F4FE001F053FF94F82C
:1026700045305DB2002D04DC11E06B1EDAB25DB2B4
:102680006AB1636A5BB1304601F0E8F90028F4D022
:1026900001F0AEFA6B1EDAB25DB2002AF1D1FF236F
:1026A00084F8453001F056FF01F034FF94F84430CF
:1026B0005DB2002D14DD04F1100903E06B1EDAB2E7
:1026C0005DB26AB123695BB1484601F0C7F90028E1
:1026D000F4D001F08DFA6B1EDAB25DB2002AF1D1AE
:1026E000FF2384F8443001F035FF00F089FE01F04B
:1026F00011FFA36B3BB901F02DFF002F64D1002027
:1027000005B0BDE8F08301F025FF01F003FFA56BE4
:10271000002D70D1019B002B7FF42CAF002F40F0D7
:102720008B8001F017FFEAE701F014FF01F0F2FEE1
:1027300094F845305DB2002D14DD04F1240903E066
:102740006B1EDAB25DB26AB1636A5BB1484601F0F2
:1027500085F90028F4D001F04BFA6B1EDAB25DB2B5
:10276000002AF1D1FF2384F8453001F0F3FE01F097
:10277000D1FE94F844305DB2002D14DD04F110094F
:1027800003E06B1EDAB25DB26AB123695BB1484601
:1027900001F064F90028F4D001F02AFA6B1EDAB2D5
:1027A0005DB2002AF1D1FF2384F8443001F0D2FE5B
:1027B00000F026FEA9E7019B002B3FF4CAAE264895
:1027C00040F29E5110F076FD01F0A4FE616A19B14D
:1027D000236B1968C1F13801A06801F0BFFA01F05C
:1027E000B9FE8CE701F096FEA06801F039FA0746C1
:1027F00001F0B0FEE4E62368013DA563C3B123699F
:102800002BB901F0A7FE012005B0BDE8F08304F16B
:10281000100001F023F90028F3D04FF0E0234FF02F
:102820008052C3F8042DBFF34F8FBFF36F8FE8E7DB
:1028300001F0EAFAA060E2E7074840F2E55110F043
:1028400039FD054840F2995110F034FD024840F23C
:10285000955110F02FFD00BF3876030870B5A0B178
:1028600086680D46044601F0E5F9864208D02946FF
:102870002046FFF75DFE10B1E3680133E36070BDF1
:10288000E36801200344E36070BD024840F28921FF
:1028900010F010FDE47603082DE9F84300284CD031
:1028A0000E469046044691B101F05AFFEFF31189AC
:1028B0004FF0500383F31188BFF36F8FBFF34F8F37
:1028C000A56B65B9284689F31188BDE8F883036CC8
:1028D000002BE9D01B484FF4E06110F0EBFC94F8BA
:1028E0004470226C7FB24AB9013D7B1CA56314D0B1
:1028F00001377FB284F844700120E4E7E168A368FF
:1029000011449942E16024BF2168E16030461CF027
:10291000F9FF013D7B1CA563EAD12369002BEBD0B5
:1029200004F1100001F09AF80028E5D0B8F1000F8A
:10293000E2D00123C8F80030DEE7024840F2FF6130
:1029400010F0B8FC2076030808B5002836D0204BDC
:102950005A6890421ED0DA68904223D05A69904259
:1029600022D0DA69904221D05A6A904220D0DA6AA5
:1029700090421FD05A6B90421ED0DA6B904208BF33
:10298000072208D090F8463003B108BDBDE80840E2
:1029900001F06CBF00229FED0C7B03EBC20383EDC3
:1029A000007BEFE70122F6E70222F4E70322F2E7D9
:1029B0000422F0E70522EEE70622ECE7054840F2A4
:1029C000BB7110F077FC00BF0000000000000000A9
:1029D000B8DA00201076030808B530B1836BC06BFD
:1029E000C01AB0FA80F0400908BD024840F635111F
:1029F00010F060FCF4750308124B1A687AB19A68FB
:102A000062B11A6992B19A6992B11A6A92B19A6ADC
:102A100092B11A6B92B19A6B92B17047012203EB9B
:102A2000C20C43F83210CCF8040070470222F6E7DB
:102A30000322F4E70422F2E70522F0E70622EEE79C
:102A40000722ECE7B8DA0020174B5A68904217D0FB
:102A5000DA6890421CD05A6990421BD0DA699042E1
:102A60001AD05A6A904219D0DA6A904218D05A6B3A
:102A7000904217D0DA6B824208BF072201D070471C
:102A8000002203EBC20300200021C3E900017047CC
:102A90000122F6E70222F4E70322F2E70422F0E73C
:102AA0000522EEE70622ECE7B8DA002070B505460D
:102AB0000E46144601F02EFD95F84430FF2B04BF5E
:102AC000002385F8443095F84530FF2B04BF0023E0
:102AD00085F8453001F03EFDAB6B002B43D001F093
:102AE00019FD95F845305CB2002C14DD05F1240683
:102AF00003E0631EDAB25CB26AB16B6A304653B16E
:102B000000F0ACFF0028F4D001F072F8631EDAB2D6
:102B10005CB2002AF1D1FF2385F8453001F01AFD9F
:102B200001F0F8FC95F844305CB2002C14DD05F19E
:102B3000100603E0631EDAB25CB26AB12B6930465C
:102B400053B100F08BFF0028F4D001F051F8631E60
:102B5000DAB25CB2002AF1D1FF2385F84430BDE837
:102B6000704001F0F7BC2246314605F1240000F028
:102B70002DFFB4E72DE9F041054601F0CBFC334AC7
:102B8000334E1368013313603368002B31D0314C5E
:102B9000E86A236833B3304F304A31491368013350
:102BA00013606B650B68834238BF086000EB8000E0
:102BB00007EB8000291DFEF75FFE01F0CBFC2368C8
:102BC00073B13268EB6AD26A9A4209D24FF0E023BD
:102BD0004FF08052C3F8042DBFF34F8FBFF36F8FB8
:102BE000BDE8F08133681C4FDB6A834298BF3560D3
:102BF000D2E735601368012B03D0E86A164F154CF5
:102C0000CAE7154F3C4607F58C6820461434FEF79A
:102C100023FEA045F9D1DFF86480124C4046FEF750
:102C20001BFE2046FEF718FE0F48FEF715FE0F4864
:102C3000FEF712FE0E48FEF70FFE0E4BE86AC3F8D1
:102C400000800D4B1C60034CA6E700BF24DB002076
:102C5000F8DF002018DB002098DB002008DB0020D4
:102C60001CDB002070DB002054DB002040DB002058
:102C700028DB00206CDB002068DB002084DB0020E8
:102C800038B5254B254C00221A60F6F77DFD244B04
:102C90001968884204D925686A6E521A02446A6625
:102CA000216822680968126B1860914228D91D4D6D
:102CB0001D492B6803EB8302920098008A5842B9A1
:102CC00023B3013B03EB8302980051F82220002A32
:102CD000F6D0184401EB800C6146DCF80420526801
:102CE000CCF8042008318A4204BF5268CCF8042092
:102CF000D26822602B6023680C4A6833136038BDA9
:102D0000206821683431F6F743FDD0E7084840F6E3
:102D1000E13110F0CFFA00BF10DB0020F8DF002017
:102D2000F8DA00201CDB002098DB0020C80300201C
:102D30003878030880B5184D184F194E2B68002BB2
:102D4000FCD001F0E7FBFB68DC68201DFEF7BAFD54
:102D50003368013B33602B68013B2B6001F0FAFBC9
:102D600004F168001CF028FD94F8B93043B1012B40
:102D70000DD0022BE2D00B4840F65D7110F09AFAAC
:102D8000206B01F073FD204601F070FDD6E7204670
:102D900001F06CFDD2E700BF3CDB002040DB0020EF
:102DA00024DB0020C47803082DE9F04F474B1E6850
:102DB000013683B01E60002E5CD0454B01931B682A
:102DC0009E423ED3434FDFF820913B68DFF81CA1C1
:102DD0001C68002C66D0DFF81881002426E00BF177
:102DE00004052846FEF76EFDDBF828201AB10BF12A
:102DF0001800FEF767FDD8F80020DBF82C009042A1
:102E000088BFC8F8000000EB8000294609EB80006D
:102E1000FEF732FDDAF800203868DBF82C10D26AB1
:102E20000368914228BF0124002B3BD03B68DB683C
:102E3000D3F80CB0DBF804209642D0D2019B1A6084
:102E400004E0DFF8A490DFF8A4A00024DAF8003052
:102E50002149DB6A03EB83039B0059F803200B68CD
:102E6000022A28BF0124002B0CBF2046012003B0FA
:102E7000BDE8F08F174B1A6812680ABB174A18682A
:102E800011681960164910600A6801320A601A68F0
:102E9000126862B90E4B01931A464FF0FF3313606C
:102EA00013468CE7019A4FF0FF331360CEE71B689F
:102EB000074ADB680192DB685B68136013467EE7B4
:102EC000084840F6A92110F0F5F900BF20DB0020EA
:102ED00004DB00206CDB002010DB002068DB00201E
:102EE0000CDB00204C78030898DB0020F8DF002082
:102EF0001CDB00202DE9F04383B00646DDE90B041E
:102F0000002870D0002C69D01F46BC230193019B80
:102F1000BC2B5ED1019B20630223950084F8B9305D
:102F20002A468846A5211CF00FFC236B043D1D4456
:102F300025F00705B8F1000F48D008F1FF3C04F177
:102F4000330E08F11F0801E0C44505D01CF8012F1D
:102F50000EF8012F002AF7D1002384F853300A9B82
:102F6000372B28BF37234FF00009E362E365201DAC
:102F7000C4F860909846FEF77BFC04F11800FEF759
:102F800077FCC8F13803A361C4F8B49049462461C2
:102F90006462C4F8649084F8B8904C2204F168002C
:102FA0001CF0D2FB124BE366284603F16805D033D0
:102FB0003A4631466367256701F080FA2060204673
:102FC000FFF7D8FD204603B0BDE8F08384F83480D5
:102FD000C5E7084840F2592110F06CF9054840F265
:102FE000512110F067F903484FF4147110F062F9A1
:102FF000E0760120D47803082DE9F84396000746CF
:1030000030460D46984601F0D3FB002864D0814637
:10301000BC2001F0CDFB044600285AD00023C0F8A4
:103020003090324684F8B9304846A5211CF08CFB1C
:10303000236B043E1E4426F00706002D50D005F1F8
:10304000FF3C05F11F0304F1330E01E09C4505D060
:103050001CF8015F0EF8015F002DF7D1002384F802
:103060005330089D372D28BF37254FF00009E56202
:10307000E565201DC4F86090FEF7FAFBC5F1380540
:1030800004F11800FEF7F4FBA561C4F8B4904946BA
:103090004C2224616462C4F8649084F8B89004F10E
:1030A00068001CF051FB104BE36603F16805D03358
:1030B0006367424639463046256701F0FFF9099BB0
:1030C000206003B11C602046FFF754FD0120BDE8DD
:1030D000F883484601F0CAFB4FF0FF30BDE8F883A3
:1030E00084F83450BDE700BFE0760120F8B558B34E
:1030F000184B1B68834204461BD001F00BFA164A9A
:10310000164B166865691F6801F024FAB5420ED0A7
:10311000BD420CD0124B9D4207D0124B9D4211D0A4
:10312000002D0CBF04200120F8BDA36A1BB10220B2
:10313000F8BD0020F8BD94F8B830012B0CBF022078
:103140000320F8BD0420F8BD07484FF4AE6110F02D
:10315000B1F800BFF8DF00206CDB002068DB002046
:1031600028DB002040DB0020A878030810B50446C7
:1031700001F0D0F924B1E46A01F0ECF9204610BD69
:10318000034B1C68E46A01F0E5F9204610BD00BF5E
:10319000F8DF00203729F8B552D804460D4601F073
:1031A000B9F9002C35D0E26D95422ED0274B09D9C4
:1031B0001968A14242D01B68DE6AAE428CBF00266D
:1031C000012604E01E68361BB6FA86F67609E36A25
:1031D000E5659A42A26908BFE562002AA4BFC5F16D
:1031E0003805A5611A4D626903EB830305EB830380
:1031F0009A4211D04EB14FF0E0234FF08052C3F805
:10320000042DBFF34F8FBFF36F8FBDE8F84001F07F
:10321000A1B90E4B1C68C6E7271D3846FEF752FBC6
:103220000C4BE06A1A68904288BF186000EB80007F
:10323000394605EB8000FEF71FFBDBE70026C6E7FB
:10324000054840F20A6110F035F800BFF8DF0020B1
:1032500098DB00201CDB00209478030870B504463E
:10326000304E01F057F9002C3BD0251D2846FEF7C3
:1032700029FBA36A1BB104F11800FEF723FB2946C2
:1032800029482A4DFEF7F8FA94F8B830012B04BF0C
:10329000002384F8B83001F05DF92B6893B93368E6
:1032A000A34200D070BD2B6813BB1F49204A096898
:1032B000126891422AD01F4B1B684BB31E4B012250
:1032C0001A6070BD01F026F91C4B1A68126852B1E1
:1032D0001A681B4BD268D26852681A6001F03AF93A
:1032E000DDE73468C1E7164B4FF0FF321A60F5E7AF
:1032F000104B1B6883B94FF0E0234FF08052C3F8A6
:10330000042DBFF34F8FBFF36F8F70BD336070BD5F
:10331000BDE87040FFF7B4BC0A4840F2EC610FF022
:10332000C9FF00BFF8DF002028DB002018DB0020E9
:1033300024DB0020FCDA002010DB00206CDB002006
:1033400004DB00208478030830B589B0002407AA84
:1033500006A905A8CDE90544FEF754F9DDE90523E2
:103360001A491B480094CDE901322346079AFFF71A
:10337000C1FD184B186028B100F0D0FE012803D021
:1033800001301DD009B030BD4FF0500383F31188D8
:10339000BFF36F8FBFF34F8F0F4B104A1B6810495D
:1033A000683313600F4A104B4FF0FF350D6010600B
:1033B0001C60F6F7E7F909B0BDE8304001F03CB910
:1033C0000A4840F62A010FF075FF00BFE007030826
:1033D000352D010800DB0020F8DF0020C8030020A5
:1033E00004DB002018DB002020DB002070780308BD
:1033F000024A136801331360704700BFFCDA0020F3
:103400002DE9F84F464D2B68002B00F0848001F029
:1034100081F82B68013B2B602B68002B65D1414B59
:103420001B68002B61D0404E3368002B70D03F4F9B
:10343000DFF80C91DFF80C81DFF80CA1F368DC6891
:1034400004F1040B04F11800FEF73CFA5846FEF7AD
:1034500039FAE06A3B68984288BF386000EB800028
:10346000594609EB8000FEF707FAD8F80030E26A07
:10347000DB6A9A423FD30123CAF800303368002B3D
:10348000DCD12B4B1A681268002A3CD01A68294BF1
:10349000D268D26852681A60274E346894B1012706
:1034A00006E0FFF781FC08B1CAF80070013C08D0C3
:1034B0002B68002BF5D03368013C03F10103336026
:1034C000F6D13460DAF800307BB14FF0E0234FF0F2
:1034D0008052C3F8042DBFF34F8FBFF36F8F0124C9
:1034E00001F038F82046BDE8F88F002401F032F8EA
:1034F0002046BDE8F88F3368002B9FD10C4B1A682B
:103500001268002AC2D10B4B4FF0FF321A60C3E79A
:10351000DFF834A0C0E7094840F699010FF0CAFE71
:10352000FCDA002024DB002054DB00201CDB002020
:103530006CDB002004DB002014DB00206078030833
:1035400098DB0020F8DF002010DB002070B5D0B140
:103550001B4B1A6872BB1A68013204461A60194B79
:10356000194D1E6828680430FEF7ACF92B68A419C1
:103570005C6013D3154B186829680431FEF78AF98B
:10358000FFF73EFF48B94FF0E0234FF08052C3F8F9
:10359000042DBFF34F8FBFF36F8F70BD0C4B1868B6
:1035A00029680431FEF776F90A4B1A68944238BF4D
:1035B0001C60E5E7084840F244510FF07BFE00BF75
:1035C000FCDA002020DB0020F8DF002068DB002090
:1035D0006CDB002004DB0020B87803084B685B68D4
:1035E0002DE9F04F01F10808434508BFCB68DFF82B
:1035F000D8B091460E460027DA68494683B0C146E6
:103600000446BA46B0465B68C8F80430994504BF22
:10361000D9F80430C8F80430DE686EB3354605F1D9
:1036200034036360EB6A23616B6D286B2560A360D4
:10363000EB6DDBF800C063616B6EE0616545A36113
:103640001DD0032921732BD00378A52B1CD1034651
:103650009C4613F8015FA52DFAD0C0F1010060442B
:10366000C0F38F00B242208407F1010704F1240463
:1036700012D0D8F80430C6E7DBF80050CFE784F862
:103680000CA00378A52BE2D00020B242208407F1E1
:10369000010704F12404ECD1384603B0BDE8F08FF3
:1036A0000848036801330360AB6A13B14FF00203AB
:1036B0002373CDE90021FFF7A3FEDDE90021286B8C
:1036C000C2E700BFFCDA0020F8DF0020014B1868D9
:1036D000704700BF20DB0020014B1868704700BF17
:1036E00024DB00202DE9F04F574D2B68013383B0C8
:1036F0002B60564B1B688B4200F29E80DFF860E126
:10370000DFF860811446382300268346AEF2544A1F
:103710001A463146A146013A02EB82035AF8233099
:10372000002B46D05EF8043C5F68774508BFDEF8A2
:103730000470CDE9002101EBC100FE680BEB8000B5
:103740004FF0000C7F684EF8047C774504BF7F681B
:103750004EF8047CFD68002D69D02B46DA6A0261C0
:103760005A6D196B8260DA6D03604261D8F80020EF
:103770005C6EC1619A1A18BF0122343384610273EE
:1037800043600B78A52B55D10B461C4613F8012F2F
:10379000A52AFAD0C1F101012144C1F38F01AE4243
:1037A00001840CF1010C00F12400CBD1DDE90021F2
:1037B0006144AEF1140E002AADD1254B01EBC100DE
:1037C0000E4619680B684C460BEB80003BB1022299
:1037D000FFF704FF064406EBC6000BEB80001D4B11
:1037E00019680B683BB10222FFF7F8FE064406EBAE
:1037F000C6000BEB800018490B683BB10422FFF7B1
:10380000EDFE064406EBC6000BEB800013490B6887
:103810001BB10322FFF7E2FE064474B1F5F7B4FFD3
:103820002060FFF7EDFD304603B0BDE8F08FD8F81B
:10383000003093E70021B2E70026FFF7E1FD3046B4
:1038400003B0BDE8F08F00BFFCDA002024DB0020CD
:103850006CDB002068DB002040DB002028DB002040
:10386000ECDF0020F8DF0020054B1B680BB9FFF7E9
:103870009BBA044A1368013300201360704700BFED
:10388000FCDA002014DB0020044B1B681BB1044B46
:1038900001221A607047FFF7F3B900BFFCDA00207D
:1038A00010DB002070B560B3184D0C462968183144
:1038B000FDF7F0FF164B1E6828680430FEF702F88B
:1038C000631C17D02B68A4195C6007D3114B1868D0
:1038D0002968BDE870400431FDF7DCBF0E4B186865
:1038E00029680431FDF7D6FF0C4B1A68944238BFA3
:1038F0001C6070BD29680A48BDE870400431FDF7BE
:10390000BBBF084840F6FA310FF0D4FCF8DF0020C6
:1039100020DB002068DB00206CDB002004DB0020C3
:1039200028DB00202078030870B5002839D01F4B11
:103930001B68002B30D01E4D2B6841F0004199616F
:10394000296818311446FDF797FF1A4B1E6828683E
:103950000430FDF7B7FF631C17D02B68A4195C6017
:1039600007D3154B18682968BDE870400431FDF78E
:1039700091BF124B186829680431FDF78BFF104B7B
:103980001A68944238BF1C6070BD29680D48BDE8B4
:1039900070400431FDF770BF0B4840F60F410FF047
:1039A00089FC094840F60B410FF084FCFCDA00204A
:1039B000F8DF002020DB002068DB00206CDB00202B
:1039C00004DB002028DB00200078030870B5002805
:1039D00031D01B4D0C46296816461831FDF74CFFB7
:1039E000184B5EB11B6828680430FDF76BFF29682F
:1039F0001548BDE870400431FDF73EBF1E682868D9
:103A00000430FDF75FFF2B68A4195C6007D30F4BF0
:103A100018682968BDE870400431FDF73BBF0C4BC6
:103A2000186829680431FDF735FF0A4B1A6894427B
:103A300038BF1C6070BD084840F625410FF03AFCC5
:103A4000F8DF002020DB002028DB002068DB0020DE
:103A50006CDB002004DB0020E077030838B5C36886
:103A6000DC684CB304F118052846FDF72BFF154B15
:103A70001B6873B114482946FDF7FEFE134BE26A3A
:103A80001B68DB6A9A4283BF114B0120186000203B
:103A900038BD251D2846FDF715FF0E4AE36A11685B
:103AA0000D488B4288BF136003EB8303294600EB6C
:103AB0008300FDF7E1FEE1E7084840F655410FF0CD
:103AC000F9FB00BFFCDA002054DB0020F8DF002007
:103AD00010DB00201CDB002098DB0020C4770308EB
:103AE00038B5184B1A683AB3C46841F00041016018
:103AF000ECB1251DFDF7E6FE2846FDF7E3FE124A70
:103B0000E36A116811488B4288BF136003EB83039B
:103B100000EB83002946FDF7AFFE0D4BE26A1B6800
:103B2000DB6A9A4202D90B4B01221A6038BD0A485F
:103B300040F694410FF0BEFB074840F68C410FF071
:103B4000B9FB00BFFCDA00201CDB002098DB002062
:103B5000F8DF002010DB0020A0770308034A044BA5
:103B600012681B68C0E90023704700BF0CDB00200F
:103B700020DB0020F8B558B30D4671B3044600F0C1
:103B8000C9FC2B68174A591C106819D0DFF85CC0B3
:103B9000D4E90061DCF80070BE4206D0814204D84E
:103BA000012400F0D7FC2046F8BD471ABB420CD9CF
:103BB0001B1A0B44DCF8001012682B60C4E90012D9
:103BC000002400F0C7FC2046F8BD00232B60E7E787
:103BD000054840F6CE410FF06DFB034840F6CF415B
:103BE0000FF068FB20DB0020887703080CDB002047
:103BF000014B01221A60704710DB002078B1006B86
:103C00000378A52B11D103469C4613F8012FA52A52
:103C1000FAD0C0F101006044C0F38F007047044B3C
:103C20001868006B0378A52BEDD00020704700BF0B
:103C3000F8DF0020014B1868704700BFF8DF002054
:103C4000054B1B6833B1054B1868B0FA80F040098A
:103C5000400070470120704718DB0020FCDA00208C
:103C6000F8B50446C8B11B4DC36A2A68D26A9342AC
:103C700014D28269002A04DB2A68D26AC2F13802AF
:103C80008261154E626903EB830306EB83039A425C
:103C90000CD02B68DB6AE3620120F8BD2B68C06D95
:103CA000DB6A98422CBF00200120F8BD271D384652
:103CB000FDF708FE2A68094BD06A1A68E062904254
:103CC00088BF186000EB8000394606EB8000FDF7E6
:103CD000D3FDE1E7F8DF002098DB00201CDB0020AB
:103CE00078B138B5194B1C68844224D1236E3BB39C
:103CF000E16AE26D013B9142236600D01BB10020D6
:103D000038BD00207047251D2846FDF7DBFDE36D1B
:103D10000F4A1048E362C3F13801A16111688B4278
:103D200088BF136003EB830300EB83002946FDF794
:103D3000A3FD012038BD084841F213010FF0BAFA83
:103D4000054841F214010FF0B5FA00BFF8DF00207A
:103D50001CDB002098DB00207077030868B1026E3E
:103D600070B504468AB3C06DE36A814238BF01462C
:103D70008B4201D0012A01D070BD7047184A1268E9
:103D8000A24227D0A269174DE162002A03EB830308
:103D90006269A8BFC1F1380105EB8303A8BFA16127
:103DA0009A42E9D1261D3046FDF78CFD0E4BE06AA4
:103DB0001A68904288BF186000EB8000314605EB1E
:103DC0008000BDE87040FDF757BD084841F2620130
:103DD0000FF070FA054841F27D010FF06BFA00BF59
:103DE000F8DF002098DB00201CDB00204C77030864
:103DF000044A116813681268DB6A8869C3F13803E2
:103E000093617047F8DF0020044B1A681AB11968F3
:103E10000A6E01320A661868704700BFF8DF00209A
:103E2000014B1B68586E704700DB00202DE9F04104
:103E30001E4E84B00DE0DB68DC681F68251D284637
:103E4000FDF740FD236A2046984794F828305B0729
:103E50000AD433681A68002AEDD1154A1168316016
:103E6000136004B0BDE8F081A3693B449F4216D3C0
:103E7000104D2B6873B14FF00008CDE90087029414
:103E8000FFF7DEFE2868434642466946FDF762FEBC
:103E90000028DED1084840F29D310FF00BFA30685F
:103EA000636024612946FDF7F5FCD2E7FCE00020C1
:103EB000F8E00020F4E00020747903082DE9F04FC9
:103EC000904E914D914C8BB04FF0E0294FF08058BF
:103ED00032681768002F40F0A380FFF789FAFFF7D8
:103EE000F5FB2A6890428246C0F0A980884B286082
:103EF0001A681268B2FA82F252092068A7EB0A0126
:103F0000FEF7D4FDFFF77CFA28B9C9F8048DBFF39A
:103F10004F8FBFF36F8F2068002202A9FEF790F940
:103F20000028D5D0029B0498002B71DB049F7B698D
:103F300013B1381DFDF7C6FCFFF7C8FB2B6898428C
:103F40008346C0F08380029BC5F800B0092BE2D8FD
:103F5000DFE803F00505054E385505054E3897F89E
:103F60002820039BB9693F61581842F0010287F885
:103F700028202CBF012200225845786069D8ABEB7D
:103F8000030399422ED83B6A3846984797F8283061
:103F90005907C0D52168039BBA6971B11344CDE9B3
:103FA000073700270697FFF74BFE20683B463A4647
:103FB00006A9FDF7CFFD0028ADD156484FF44B714F
:103FC0000FF078F997F82820039BBB6142F00102BB
:103FD00087F82820002B00F08F805B445B457B60D6
:103FE0003F613AD84A4B391D1868FDF753FC92E7F8
:103FF00097F8283023F0010387F828308BE797F8EB
:1040000028309A0749D523F0010387F8283082E742
:10401000039B05999847029B002BFFF67CAF85E731
:10402000D3681F68FFF7E4F9FFF750FB2A68824264
:10403000824604D88742286014D900225DE7FFF742
:10404000F5FEC5F800A0FFF7DBF964E7FFF7EEFE29
:1040500079E75B4501D9002A95D03068391DFDF715
:1040600019FC58E7FFF7CCF93268D268D2F80CB0E7
:104070000BF1040108460191FDF724FC9BF8282070
:10408000019912F0040F0CD122F001028BF82820C4
:10409000DBF82030584698473DE7384600F0E6FB0D
:1040A00039E7DBF81800CBF810B03A185245CBF8D6
:1040B000042003D93068FDF7EDFBE9E7AAEB070A16
:1040C000504514D822686AB1CDE9077B00270697CE
:1040D000FFF7B6FD20683B463A4606A9FDF73AFDD4
:1040E0000028D5D10C4840F211210FF0E3F8084B1D
:1040F0001868FDF7CFFBCBE706484FF451710FF07E
:10410000D9F800BFFCE00020ECE00020F4E0002043
:10411000F8E00020407903085C790308F0B5224CF0
:1041200089B000F0F7F92568F5B100F013FA2368BB
:10413000002B33D0002407AA06A905A8CDE9054421
:10414000FDF76EFADDE905023023CDE90120009389
:104150001649079A16482346FEF7CCFE154B186001
:10416000E0B1012009B0F0BD134F144E3846FDF701
:1041700073FB3046FDF770FB114A00951760114A3A
:10418000114B16601021114A0A20FDF7AFFB206089
:104190000028CAD00E49FEF72FFCC6E70D4840F2B2
:1041A00013110FF087F800BFF4E00020F0070308B8
:1041B000BD3E0108F0E0002014E1002000E10020F5
:1041C000FCE00020F8E00020FCDF00204CE00020B4
:1041D000E8070308887903082DE9F04F074685B002
:1041E0002C20884616461D4600F0E2FA0446E8B147
:1041F000002380F82830B8F1000F3CD0DFF8989009
:1042000000F088F9D9F80030A3B100F0A3F90E9BB3
:104210002760C4E906852362201DFDF729FB2EB126
:1042200094F8283043F0040384F82830204605B081
:10423000BDE8F08FDFF864B0DFF864A00393584660
:10424000FDF70AFB5046FDF707FB039B00930C4B61
:104250000C4AC3F800B00C4B1021C3F800A00A2090
:104260000A4BFDF743FBC9F800000028CDD00849F0
:10427000FEF7C2FBC9E7074840F265110FF01AF8D4
:10428000FCE000204CE00020F8E00020FCDF0020F3
:10429000E807030828790308F4E0002014E100206F
:1042A00000E100202DE9F04F87B00D462C2105914B
:1042B0000599119C2C2953D11E46059B002C4AD0F0
:1042C000022384F82830002D40D0DFF8BC90074648
:1042D000904600F01FF9D9F80030B3B100F03AF978
:1042E000109B2760C4E906562362201DFDF7C0FA23
:1042F000B8F1000F05D094F8283043F0040384F897
:104300002830204607B0BDE8F08FDFF880B0DFF836
:1043100080A003935846FDF79FFA5046FDF79CFA9C
:10432000039B0093114B124AC3F800B0114B1021AC
:10433000C3F800A00A20104BFDF7D8FAC9F8000016
:104340000028CBD00D49FEF757FBC7E70C4840F2D9
:1043500065110EF0AFFF0B484FF4A5710EF0AAFFE8
:1043600008484FF4A2710EF0A5FF00BFFCE000204A
:104370004CE00020F8E00020FCDF0020E807030804
:104380002879030814790308F4E0002014E10020E0
:1043900000E1002030B585B020B3154D04462868F3
:1043A00070B10529CDE9001202940BDCFFF748FC3F
:1043B00002280FD0002328681A466946FDF7CAFB79
:1043C00005B030BD9C46624600236946FDF73CFEC1
:1043D00005B030BD2868089A00236946FDF7BAFB8E
:1043E00005B030BD03484FF4C1710EF063FF00BF4C
:1043F000F4E00020FC78030810B538B1044600F062
:1044000089F8E46900F0A6F8204610BD024840F2A1
:10441000FE310EF04FFF00BFE878030830B51446B8
:1044200085B01A46064B01900291186803946FF00C
:104430000105002369460095FDF706FE05B030BD75
:10444000F4E0002008480068006880F308884FF016
:10445000000080F3148862B661B6BFF34F8FBFF3DC
:104460006F8F00DF00BF000008ED00E0DFF80C00F8
:10447000016841F4700101607047000088ED00E0C0
:1044800000B50C4B1B6883B00022013301920DD1A3
:104490004FF0500383F31188BFF36F8FBFF34F8F3B
:1044A000019B002BFCD003B05DF804FB0248E32124
:1044B0000EF000FF0C000020FC79030810B44FF050
:1044C0008073074C40F8043C21F001016FF00203B7
:1044D00040E9034140E909325DF8044B4438704734
:1044E00081440108000000000000000000000000FE
:1044F000074B19680868B0E8F04F80F30988BFF3EC
:104500006F8F4FF0000080F311887047AFF3008089
:10451000F8DF002008B54FF0500383F31188BFF394
:104520006F8FBFF34F8F094A13680133012B13605C
:1045300000D008BD4FF0E023D3F8043DDBB2002BE0
:10454000F7D0034840F29F110EF0B4FE0C0000209B
:10455000D4790308074A08B513682BB1013B1360EF
:104560000BB983F3118808BD03484FF4D3710EF0E3
:10457000A1FE00BF0C000020C0790308000000006D
:10458000EFF30980BFF36F8F154B1A681EF0100F01
:1045900008BF20ED108A20E9F04F10602DE90900D6
:1045A0004FF0500080F31188BFF34F8FBFF36F8F30
:1045B000FFF76AF94FF0000080F3118809BC196811
:1045C0000868B0E8F04F1EF0100F08BFB0EC108A7A
:1045D00080F30988BFF36F8F704700BFAFF300808F
:1045E000F8DF002008B54FF0500383F31188BFF3C4
:1045F0006F8FBFF34F8FFFF737F928B14FF0E023EC
:104600004FF08052C3F8042D002383F3118808BDB6
:104610004FF0E02200230649136193610B680549BE
:10462000A1FB03139B090720013B536110617047F5
:1046300000000020D34D621070B54FF0E023404AD7
:10464000D3F8001D914284B074D0D3F8002D3D4BB7
:104650009A426AD03C4B3D4C1A783D48FF21D2B279
:10466000029219701B78DBB28DF807309DF8073085
:104670009DF8072003F05003072112062370016004
:1046800048BF062248D59DF807305B00DBB28DF8A5
:1046900007309DF807301B06114602F1FF32F2D4B5
:1046A000032918BF016037D1029B274A294E4FF0DA
:1046B000E0244FF44071DBB201601370D4F8203D68
:1046C00043F47003C4F8203DD4F8203D43F0704318
:1046D000C4F8203D0025FFF79BFF3560FFF7C6FEBD
:1046E000D4F8343F43F04043C4F8343FFFF7AAFE08
:1046F000FFF7CAF833680395013312D14FF0500326
:1047000083F31188BFF36F8FBFF34F8F039B002B91
:10471000FCD0002004B070BD0F484FF4AD710EF016
:10472000C9FD0E48E3210EF0C5FD0B4840F22911EA
:104730000EF0C0FD08484FF494710EF0BBFD00BFB1
:1047400071C20F4170C20F4100E400E02CE1002073
:1047500028E100200C000020E8790308FC79030818
:1047600008B5EFF305830F2B05D90D490D4A5B5CA6
:1047700012789A420AD84FF0E0230B4AD3F80C3D46
:10478000126803F4E063934205D808BD074840F27D
:10479000F2210EF08FFD054840F202310EF08AFD45
:1047A000F0E300E02CE1002028E10020A0790308DC
:1047B00070B50546FEF71CFE27490A6872B9274BFB
:1047C000274823F00703C0E900322648186002603A
:1047D00001220A6043F6F83242605A60002D32D05E
:1047E0006B0705F108041CBF24F007040834621E9F
:1047F00043F6F6339A422AD8194A1368944603E0DE
:104800001A6822B19C4613465968A142F8D3154A4A
:1048100093421CD01D460A1B55F8080BCCF800002B
:10482000102A0CD91E1972605C6071680C4B184616
:104830001B685A688A42FAD33360214606600A4AE6
:1048400013685B1A1360FEF7DBFD284670BD002578
:10485000FEF7D6FD284670BD30E100204CE1002077
:104860003CE1002034E1002010000020C0B138B548
:104870000446A0F10805FEF7BBFD0A4B54F8041CE2
:1048800018461B685A688A42FAD3074A44F8083C1B
:10489000136805600B441360BDE83840FEF7B0BDF7
:1048A000704700BF3CE10020100000200022C0E95A
:1048B00000228260704700BF00207047007DA0F199
:1048C0000100B0FA80F04009704700BF08B5034A04
:1048D000034B04487A21F5F7C5FC00BF0008030824
:1048E000F80703083808030838B51C4D2B68BFF3D8
:1048F0005B8FDA0704460DD5194D2B68BFF35B8F2C
:10490000DB0716D5012C23D8164B1748002C08BFFF
:10491000184638BD284619F007F90028ECD0114B8D
:10492000124919604FF4807228469A8219F008F9EA
:10493000E2E7284619F0F8F80028E3D00A4B0B49C3
:1049400019604FF4007228469A8219F0F9F8D9E7F5
:10495000074B084A08482121F5F784FC601D012017
:10496000441D0120641D0120481D0120187A030800
:10497000A4080308D80803083808030870B5447D64
:1049800084B0012C8DF80F1015461E460ED0022C57
:104990002ED101241948009423460DF10F02202145
:1049A000F8F758FAC0B1002004B070BD1448009464
:1049B00023460DF10F022021F7F77EFB0028F2D1EC
:1049C000009433462A4620210D48F7F7E3FCB0FA5D
:1049D00080F0400904B070BD009433462A4620217F
:1049E0000648F8F781FBB0FA80F0400904B070BDCA
:1049F000044B054A05485F21F5F734FCC8CE00207A
:104A0000A8040020F80703081C0903083808030855
:104A10002DE9F043044687B094F815904C20B9F185
:104A2000010F8DF814000D461646984614D0B9F1C2
:104A3000020F40F08B804FF0010905AF4B48CDF8D5
:104A400000904B463A462021F8F704FA00285FD040
:104A5000002007B0BDE8F08305AF4548CDF80090D1
:104A60004B463A462021F7F727FB0028F0D1404873
:104A7000CDF800904B460DF10B022021F7F78AFC90
:104A80000028E5D19DF80B204FEAC80322F0380238
:104A900003F0380313438DF80B308DF80D30637D30
:104AA0004C22012B8DF80C203ED0022B5CD1012230
:104AB00000922E4803AA2021F8F7CCF90028C7D18C
:104AC00051238DF81030637D8DF81150012B33D0B8
:104AD000022B49D101220092244804AA2021F8F790
:104AE000B9F90028B4D1637D8DF815605222012BED
:104AF0008DF8142030D0022B36D1012200921B48B1
:104B00003A462021F8F7A6F9B0FA80F04009A0E76C
:104B10001648CDF800904B460DF10B022021F8F716
:104B2000E3FA0028AED093E7009303AA02232021E2
:104B30000F48F7F7C1FAC1E700930D48022304AA12
:104B40002021F7F7B9FA002882D1CCE7094B0A4AAD
:104B50000A485F21F5F786FB00933A46022320219D
:104B60000348F7F7A9FACFE7FFF7B0FEC8CE002059
:104B7000A8040020F80703081C09030838080308E4
:104B800070B5457D88B000235D22012DCDE9043349
:104B90000446ADF80C300693ADF81C308DF80B20B0
:104BA0000FD0022D66D101263548009633460DF10F
:104BB0000B022021F8F74EF9002851D0002008B050
:104BC00070BD304800952B460DF10B022021F7F700
:104BD00073FA0028F2D12B480095022303AA202162
:104BE000F7F7D8FB0028E9D1042304AA6221204664
:104BF000FFF7C4FE0028E1D00A2305AA6821204659
:104C0000FFF7BCFE0028D9D09DF80C509DF80D1080
:104C10009DF81930002265F3070261F30F229DF819
:104C20001210BDF81650258161F317429DF813103C
:104C300061F31F62BDF81C106260BDF81A20A281EA
:104C400049BA9DF8182021821B02BDF81410618119
:104C500003F4FE43BDF81010E18113436382AEE715
:104C6000074800962B4603AA2021F8F73DFA0028B2
:104C7000BAD0A3E7044B054A05485F21F5F7F2FADD
:104C8000C8CE0020A8040020F80703081C09030868
:104C90003808030830B503683D4A5B6887B00021D7
:104CA000934204468DF80E1004D1037D012B04D1EC
:104CB00007B030BD98470028FAD1637D40F24B120F
:104CC000012BADF810204FD0022B5FD101220092B2
:104CD000304804AA2021F8F7BDF80546002DE7D199
:104CE0000320F5F7BDFF012340210DF10E02204600
:104CF000FFF744FE0028DBD09DF80E30322BD7D1D1
:104D00002046FFF73DFF0028D2D001230DF10F020E
:104D10004C2120468DF80F50FFF730FE0028C7D0F9
:104D20009DF80F20637D02F0F9024C21012B8DF8D4
:104D30000F208DF814108DF815201ED0022B25D1D0
:104D400001220092134805AA2021F8F783F80346B0
:104D5000002BADD11B220F212046FFF759FE002862
:104D6000A6D001232375A3E700930B48022304AACE
:104D70002021F7F7A1F90546B0E700930648022382
:104D800005AA2021F7F798F90346E1E7FFF79EFD12
:104D9000BD480108C8CE0020A80400200000000083
:104DA0002DE9F04F0368CC4A5B68934283B0044618
:104DB00014D1037D012B14D04FF000084FF00009EF
:104DC0004E464D464746C346637D012B00F0318178
:104DD000022B00F0548103B0BDE8F08F9847002803
:104DE000EAD005F015F808236A4606460D46204627
:104DF0004221FFF7C3FD8146002800F036819DF96E
:104E000001209DF800309DF903B09DF907909DF9B0
:104E10000580520142EAD3029DF802304FEA4B1B53
:104E20004BEAD30B9DF806304FEA891949EA9309FA
:104E30009DF804304FEAC81812F5805F48EA53081D
:104E40001FFA89FA00F03E81618ABAF1000F40F042
:104E50003481002900F0388108468903B1FBF0F164
:104E6000A1F5804109B201FB01F3002BB8BF7F33EC
:104E7000D811237C13FB01F394F91110DB0101FB22
:104E80000033002BB8BF03F2FF1394F906105B1236
:104E9000A03103F5801301FB03F3002BB8BF03F629
:104EA000FF731B1302FB03F3002BB8BF03F5FF5383
:104EB00094F90420B8BF1F3343F34F3313EBC203FD
:104EC00048BF0F331B1107EE903AF8EEE77AF1EE88
:104ED000677A17EE900AF3F779FC7DA3D3E90023F4
:104EE000F3F7E6F9F3F7CAFC07461BF5805F00F01D
:104EF000E680628ABAF1000F40F0DD80002A00F0FF
:104F0000DE8011469203B2FBF1F2A2F5804212B2AA
:104F100002FB02F3002BB8BF7F33D911237C13FBB4
:104F200002F394F91120DB0102FB0133002BB8BF1F
:104F300003F2FF1394F907205B12A03203F58013EC
:104F400002FB03F3002BB8BF03F6FF731B130BFB2D
:104F500003F3002BB8BF03F5FF5394F90520B8BF46
:104F60001F3343F34F3313EBC20348BF0F331B11FF
:104F700007EE903AF8EEE77AF1EE677A17EE900ACC
:104F8000F3F724FC52A3D3E90023F3F791F9F3F7E5
:104F900075FC834618F5804F6CD0B4F90A20002ABE
:104FA00068D02189002965D0BAF1000F62D0638AE8
:104FB000002B5FD0A089AAEB030A10FB0AF009FBC3
:104FC00001F10028B4F90E304FEA4101B8BF0330B7
:104FD00011F5004148BF01F57F41A8EB030348BF2D
:104FE000FF31DB0302EB2142A3EBA00393FBF2F3BF
:104FF0003A4A9342B8BF134647F6FF729342A8BF9E
:105000001346002BB8BF0F3343F30F1307EE903A4C
:10501000F8EEE77AF1EE677A17EE900AF3F7D6FB2F
:105020002BA3D3E90023F3F743F9F3F727FC8046DA
:1050300022E004F0CBFE00F5D87A044650460EF08C
:105040002BF900283FF4C7AE0023C4E98C65C4F8EF
:105050001CB2C4F82072C4F8248284F838925046F6
:10506000C4F828320EF022F9B5E64FF000084746A2
:10507000C346A9E6DFF868804FF00109A4E604F012
:10508000A5FE00F5107A044650460EF005F90028FA
:105090003FF4A1AE0023C4E9B065C4F8ACB2C4F8D3
:1050A000B072C4F8B48284F8C8925046C4F8B832DA
:1050B0000EF0FCF88FE6514624E75046CDE6DFF8C7
:1050C00020B067E7064F10E7054FBB4662E700BF19
:1050D0007B14AE47E17A843FBD4801080180FFFFA1
:1050E0000AD7A34390F84C02704700BF38B5E84B8D
:1050F00004460D4640F8043B4FF4007200211AF0BC
:1051000023FBE449E44AC4E9011201F5D6016A31FE
:1051100002F16D12C4E9031201F5E00102F5E602A5
:105120006F317132C4E9051201F5E80102F5EC02B4
:1051300073317532C4E90712D84902F5F8027A32A0
:10514000C4E9091201F5FC017C3102F18012C4E9C5
:105150000B1201F5030102F5060282318432C4E923
:105160000D1201F5090102F50B0287318A32C4E9FB
:105170000F1201F50E0102F511028D318F32C4E9D3
:10518000111201F5140102F5170292319532C4E9AA
:10519000131201F5190102F51D0298319C32C4E980
:1051A000151201F5200102F523029F31A132C4E955
:1051B000171201F5270102F52A02A531A832C4E928
:1051C000191201F52D0102F53002AB31AF32C4E9FD
:1051D0001B1201F5340102F53802B331B632C4E9CD
:1051E0001D1201F53C0102F53F02B931BE32C4E99E
:1051F0001F1201F5430102F54802C231C532C4E96C
:10520000211201F54B0102F54F02C931CD32C4E93B
:10521000231201F5540102F55702D131D632C4E907
:10522000251201F55B0102F56102DA31DE32C4E9D3
:10523000271201F5650102F56902E231E732C4E99E
:10524000291201F56F0102F57302EC31F132C4E964
:105250002B1201F5770102F57D02F631FA32C4E92D
:105260002D128F4A01F18171FF31C4E92F128D494E
:1052700002F1897202F20F12C4E931128A498B4A93
:10528000C4E9331201F1012101F50C1102F194720C
:10529000203102F22512C4E93512854A01F19771D5
:1052A00001F22B11C4E9371202F10122814902F502
:1052B00082023D32C4E939127F4902F1A77202F23B
:1052C0004B12C4E93B127D4902F1AE7202F5AC7299
:1052D000C4E93D1202F10122794902F5D202663297
:1052E000C4E93F127749784AC4E9411202F1012228
:1052F00001F1C07102F5070201F5BE718432C4E903
:105300004312724902F1CC7202F5CA72C4E9451225
:1053100001F1D07102F1D47201F29B1102F5D27247
:10532000C4E947126A4902F1DD7202F2B512C4E91A
:105330004912684A01F1E17101F5DF71C4E94B12CC
:10534000654902F1EF7202F5ED72C4E94D1263494D
:10535000634AC4E94F12634902F1022202F5C022F6
:10536000C4E95112604A01F1047101F20A21C4E951
:10537000531202F102225D4902F544122B32C4E9B4
:10538000551202F1022201F10F7102F58E0201F2B3
:1053900036214132C4E957125549564AC4E95912D7
:1053A00002F10222544902F5EE027132C4E95B12A5
:1053B000524A01F1217101F27D21C4E95D12504987
:1053C00002F12B7202F2A522C4E95F124D494E4A46
:1053D000C4E961124D494E4AC4E963124D494E4A2F
:1053E00084F84D52C4E9651202F103224B4902F5DB
:1053F00008121A32C4E9671249494A4AC4E96912D3
:1054000001F1032101F5A60102F159724A3102F5B9
:105410005772C4E96B1201F1032102F1032201F575
:10542000EC0102F507026D317E32C4E96D1201F123
:10543000032102F1032201F51A0102F52D02913137
:10544000A332C4E96F123849384AC4E9711201F134
:10545000032102F1032201F5660102F57A02DC3133
:10546000F032C4E97312324A01F1043101F53021FE
:10547000C4E9751201F1042102F1042201F564115D
:1054800002F59C022E314432C4E97712294953E0D7
:10549000287A03083C0A560A700A8B0A000C1E0C74
:1054A000131A561A9A1ADE1AAE1BF51B3D1C851CE0
:1054B000941EE21E311F811F7520C820C7211D22A6
:1054C000262380239324F1244F25AF259B270028F2
:1054D000E32A512B862DFB2D712EE82E5330CF3031
:1054E0004C31CA314A32CA326235EA357436003735
:1054F000F83A8F3B273CC13C5D3DFA3D2341CA4110
:1055000072421C432545D64589463D47F447AC4881
:105510006649224ADF4A9F4B614C244DEA4DB14E09
:105520001451E351B5528953125F0560FB60F3617A
:105530000469116A7A6F97701D4AC4E9791201F102
:1055400004211C4A01F513018731C4E97B1202F1E1
:105550000422194902F55A02CE32C4E97D12002311
:105560001649C4F8FC1148F22402012DA4F80022C7
:10557000C4F8483284F84C320BD0022D13D1104AB3
:10558000104B4FF48041C4E99423A4F84E122046F6
:1055900038BD0D4A0D4B4FF40041C4E99423A4F8E3
:1055A0004E12204638BD0A4840F259510DF082FE95
:1055B000B871DB7256768577B778EC799D7DDF7EA2
:1055C0000004024070CE00200008024020CF0020DE
:1055D0005C090308F8B50C4F3E68BFF35B8F16F00B
:1055E0000106054618D0094F3E68BFF35B8F16F0E1
:1055F000010600F0AD82012D00F23285044B054812
:10560000002D08BF1846F8BDD81F01207C1D0120C1
:10561000DC1F0120801D0120384618F085FA002883
:10562000E1D0EB4CEB4B2046314640F8043B4FF4C5
:1056300000721AF089F8E84B636003F554133433B1
:10564000A36003F13613E36003F13713236103F51D
:1056500064133833636103F568133933A36103F1CD
:105660003A13E36103F570133B33236203F13D13F7
:10567000636203F57C133D33A36203F13F13E362DE
:1056800003F14113236303F584034133636303F59B
:1056900088034333A36303F58A034433E36303F1CD
:1056A0004613236403F590034733636403F59203C1
:1056B0004833A36403F596034A33E36403F5980380
:1056C0004B33236503F14D13636503F5A0034F339B
:1056D000A36503F15013E36503F5A6035133236675
:1056E00003F15413636603F5AC035433A36603F16B
:1056F0005713E36603F5B2035833236703F15B13D3
:10570000636703F5BA035B33A36703F5BE035E3338
:10571000E36703F16013C4F8803003F5C603623316
:10572000C4F8843003F5CA036333C4F8883003F146
:105730006613C4F88C3003F5D2036733C4F8903095
:1057400003F5D6036A33C4F8943003F16C13C4F83C
:10575000983003F5DE036E33C4F89C3003F5E403A0
:105760007033C4F8A03003F5E6037233C4F8A430F4
:1057700003F5EC037533C4F8A83003F5F20377336F
:10578000C4F8AC3003F17A13C4F8B03003F5FA036F
:105790007C33C4F8B43003F500037E33C4F8B8306A
:1057A00003F502038133C4F8BC3003F505038333EA
:1057B000C4F8C03003F508038733C4F8C43003F5D8
:1057C0000A038833C4F8C83003F50D038C33C4F8DA
:1057D000CC3003F510038F33C4F8D03003F5130336
:1057E0009133C4F8D43003F515039433C4F8D8309A
:1057F00003F519039733C4F8DC3003F51C039B331E
:10580000C4F8E03003F51F039D33C4F8E43003F51A
:105810002203A033C4F8E83003F52503A433C4F809
:10582000EC3003F52903A733C4F8F03003F52C035B
:10583000AB33C4F8F43003F53003AD33C4F8F830BB
:1058400003F53303B233C4F8FC3003F53603B43345
:10585000C4F8003103F53B03B933C4F8043103F550
:105860003E03BC33C4F8083103F54203C033C4F827
:105870000C3103F54503C433C4F8103103F54A0372
:10588000C833C4F8143103F54E03CC33C4F81831CF
:1058900003F55203CF33C4F81C3103F55603D53357
:1058A000C4F8203103F55B03D833C4F8243103F581
:1058B0005F03DD33C4F8283103F56303E133C4F833
:1058C0002C3103F56803E533C4F8303103F56D037B
:1058D000EB33C4F8343103F57103EF33C4F83831D6
:1058E00003F57603F333C4F83C3103F57B03F93356
:1058F000C4F8403103F18073FE33C4F8443103F13E
:10590000837303F58173C4F8483103F1857303F59C
:105910008473C4F84C3103F1887303F58773C4F8BA
:10592000503103F18B7303F58973C4F8543103F1DB
:10593000012303F5D8131933C4F8583103F10123B7
:1059400003F504131D33C4F85C3103F1937303F5BD
:105950009273C4F86031214BC4F8643103F1997338
:1059600003F22F13C4F868311D4BC4F86C3103F1F6
:105970009F7303F23B13C4F8703103F1A37303F573
:10598000A173C4F8743103F1A67303F24913C4F888
:10599000783103F1A97303F24F13C4F87C3103F19A
:1059A000AD7303F5AB73C4F8803103F1B07303F248
:1059B0005D13C4F88431DFF838E00A4B0A4A0B491A
:1059C000C4E962E303F1BB7303F5B97312E000BFEE
:1059D000DC1F0120287A03083C0A560AF83A8F3B5C
:1059E0005D3DFA3DF447AC48DF4A9F4BF266FA67EB
:1059F00089463D47C4F890314B4BC4E965234B4B76
:105A0000C4F89C3103F1012303F515039133C4F865
:105A1000A031474BC4F8A43103F1D37303F2A113AF
:105A2000C4F8A83103F1012303F52D03A933C4F809
:105A3000AC31404BC4F8B03103F1012303F53F030F
:105A4000BA33C4F8B43103F1E47303F5E273C4F874
:105A5000B83103F1E97303F2CD13C4F8BC3103F19B
:105A6000012303F55B03D633C4F8C03103F1F273AD
:105A700003F5F073C4F8C43103F1F77303F2E913CB
:105A8000C4F8C83103F1FC7303F2F313C4F8CC314A
:105A900003F1007303F5003303F2FD13C4F8D031B2
:105AA000254B264AC4E9751303F1022303F50813B5
:105AB0001C33C4F8DC3103F10B7303F50A73C4F82B
:105AC000E03103F10E7303F23223C4F8E43103F141
:105AD000117303F23E23C4F8E83103F1022303F506
:105AE0009E034933C4F8EC313846154B154FC4E9D1
:105AF0007C7303F1022303F5E6036D33C4F8F83138
:105B000003F1207303F27923C4F8FC3148F2240333
:105B1000A4F800320C4BC4E992630C4BC4E9942303
:105B200018F00EF85FE500BF614C244DEA4DB14E10
:105B30001451E3511156ED560469116A00080240F0
:105B4000B778EC79567685770001008020CF002069
:105B5000384617F0E9FF00283FF44DADEA4CEB4B17
:105B60002046314640F8043B4FF4007219F0ECFD3A
:105B7000E74B636003F554133433A36003F136132A
:105B8000E36003F13713236103F564133833636172
:105B900003F568133933A36103F13A13E36103F5A5
:105BA00070133B33236203F13D13636203F57C13EF
:105BB0003D33A36203F13F13E36203F14113236317
:105BC00003F584034133636303F588034333A3631D
:105BD00003F58A034433E36303F14613236403F5B7
:105BE00090034733636403F592034833A36403F5DA
:105BF00096034A33E36403F598034B33236503F1BB
:105C00004D13636503F5A0034F33A36503F15013F0
:105C1000E36503F5A6035133236603F1541363666A
:105C200003F5AC035433A36603F15713E36603F59E
:105C3000B2035833236703F15B13636703F5BA03B9
:105C40005B33A36703F5BE035E33E36703F16013C1
:105C5000C4F8803003F5C6036233C4F8843003F51A
:105C6000CA036333C4F8883003F16613C4F88C3078
:105C700003F5D2036733C4F8903003F5D6036A33D3
:105C8000C4F8943003F16C13C4F8983003F5DE03C4
:105C90006E33C4F89C3003F5E4037033C4F8A030CD
:105CA00003F5E6037233C4F8A43003F5EC0375334F
:105CB000C4F8A83003F5F2037733C4F8AC3003F12D
:105CC0007A13C4F8B03003F5FA037C33C4F8B43067
:105CD00003F500037E33C4F8B83003F502038133C3
:105CE000C4F8BC3003F505038333C4F8C03003F5B2
:105CF00008038733C4F8C43003F50A038833C4F8B3
:105D0000C83003F50D038C33C4F8CC3003F5100311
:105D10008F33C4F8D03003F513039133C4F8D43073
:105D200003F515039433C4F8D83003F519039733FA
:105D3000C4F8DC3003F51C039B33C4F8E03003F5F2
:105D40001F039D33C4F8E43003F52203A033C4F8E5
:105D5000E83003F52503A433C4F8EC3003F5290338
:105D6000A733C4F8F03003F52C03AB33C4F8F43098
:105D700003F53003AD33C4F8F83003F53303B23321
:105D8000C4F8FC3003F53603B433C4F8003103F52E
:105D90003B03B933C4F8043103F53E03BC33C4F804
:105DA000083103F54203C033C4F80C3103F5450351
:105DB000C433C4F8103103F54A03C833C4F81431AE
:105DC00003F54E03CC33C4F8183103F55203CF3337
:105DD000C4F81C3103F55603D533C4F8203103F55C
:105DE0005B03D833C4F8243103F55F03DD33C4F813
:105DF000283103F56303E133C4F82C3103F568035C
:105E0000E533C4F8303103F56D03EB33C4F83431B6
:105E100003F57103EF33C4F8383103F57603F33338
:105E2000C4F83C3103F57B03F933C4F8403103F186
:105E30008073FE33C4F8443103F1837303F5817337
:105E4000C4F8483103F1857303F58473C4F84C3109
:105E500003F1887303F58773C4F8503103F18B7332
:105E600003F58973C4F8543103F1012303F5D81302
:105E70001933C4F8583103F1012303F504131D331A
:105E8000C4F85C3103F1937303F59273C4F8603185
:105E9000204BC4F8643103F1997303F22F13C4F853
:105EA00068311D4BC4F86C3103F19F7303F23B134F
:105EB000C4F8703103F1A37303F5A173C4F874310E
:105EC00003F1A67303F24913C4F8783103F1A973FF
:105ED00003F24F13C4F87C3103F1AD7303F5AB73D8
:105EE000C4F8803103F1B07303F25D13C4F8843158
:105EF0000A4A0B4B0B49DFF830C0C4E9622303F1B7
:105F0000BB7303F5B97311E0801D0120287A0308E3
:105F10003C0A560AF83A8F3B5D3DFA3D89463D47BB
:105F2000F447AC48DF4A9F4B56768577C4F89031EA
:105F30004E4B4F4AC4E965134E4BC4F89C3103F1F4
:105F4000012303F515039133C4F8A0314A4BC4F87B
:105F5000A43103F1D37303F2A113C4F8A83103F100
:105F6000012303F52D03A933C4F8AC31434BC4F826
:105F7000B03103F1012303F53F03BA33C4F8B43160
:105F800003F1E47303F5E273C4F8B83103F1E97384
:105F900003F2CD13C4F8BC3103F1012303F55B0315
:105FA000D633C4F8C03103F1F27303F5F073C4F8CB
:105FB000C43103F1F77303F2E913C4F8C83103F1F4
:105FC000FC7303F2F313C4F8CC3103F1007303F54F
:105FD000003303F2FD13C4F8D0313846284B294F63
:105FE000C4E9757303F1022303F508131C33C4F8E5
:105FF000DC3103F10B7303F50A73C4F8E03103F1EC
:106000000E7303F23223C4F8E43103F1117303F287
:106010003E23C4F8E83103F1022303F59E0349331C
:10602000C4F8EC31184BC4E97CC303F1022303F537
:10603000E6036D33C4F8F83103F1207303F27923DA
:10604000C4F8FC3148F22403A4F800320F4BC4E931
:1060500092630F4BC4E9942317F072FDFFF7CBBA9C
:106060000C4B0D4A0D482121F4F7FCF8614C244DEE
:1060700000040240EA4DB14E1451E3511156ED5661
:106080000469116AF266FA67B778EC790002004099
:1060900070CE002070090308A4090308EC09030866
:1060A0002DE9F04103688B4A5B6893422DED088B24
:1060B000044640F0E08090F84C52DDB99FED868AAE
:1060C0000027B0EE48BAF0EE48AAB0EE48AAF0EECB
:1060D000489AB0EE489AF0EE488A3E4694F84D321F
:1060E000012B00F09D80022B00F0C880BDEC088BD6
:1060F000BDE8F08103F08CFEB4F8303247F6FF7E45
:106100005BBA1EFA83F292B24FF6FD78424507461B
:106110000E4670D8B4F8322252BA1EFA82F189B211
:10612000414568D8B4F8341249BA1EFA81F080B2F9
:10613000404560D8B4F8380240BA1EFA80F5ADB2D6
:10614000454558D8B4F83A526DBA1EFA85FC1FFA84
:106150008CFCC4454FD8B4F83CC29CFA9CFC1EFA97
:106160008CFE1FFA8EFEC64545D81BB208EE903A4B
:1061700013B209EE103A0BB209EE903A03B20AEEEE
:10618000103A2BB20AEE903A0FFA8CF30BEE103A5B
:10619000B4F83632DFED517A9FED516ADFED516A86
:1061A0009FED515ADFED515AB8EECAAAB8EECBBAFC
:1061B000DBBA2AEE27AA2BEE27BA07EE903AF8EEC2
:1061C000E77AB3EE057A77EEC77AF8EEE88A87EEDB
:1061D000868A0125B8EEC99AF8EEE99AF8EEEAAA9D
:1061E00068EEA68A29EE059A69EEA69A6AEEA5AA35
:1061F00038EE078A72E794F84D329FED378A012B0B
:106200004FF00005B0EE48BAF0EE48AAB0EE48AA4A
:10621000F0EE489AB0EE489AF0EE488A7FF463AF09
:1062200003F0D4FD00F57878044640460DF034F8CC
:1062300000283FF45BAF04F58963C3ED018A83ED69
:10624000029AC3ED039A83ED04AAC3ED05AA83ED78
:1062500006BA83ED078A002384F8705484F87134F9
:10626000BDEC088B4046C4F86874C4F86C64BDE8A3
:10627000F0410DF01BB8984705461EE703F0A6FD58
:1062800000F58F68044640460DF006F800283FF4FC
:106290002DAF04F59C630022C4F80075C4F80465B2
:1062A000C3ED018A83ED029AC3ED039A83ED04AA3C
:1062B000C3ED05AA83ED06BA83ED078A84F8085575
:1062C00084F80925BDEC088B4046BDE8F0410CF090
:1062D000EDBF00BFE5500108000000006FA18BB9C1
:1062E0005CEFA64344E91CBB44E91C3B6FA18B391E
:1062F00038B590F84D32012B02D0022B22D038BD98
:1063000003F064FD00F57875044628460CF0C4FFE0
:106310000028F4D004F5896300225A609A60DA609C
:106320001A615A619A61DA6104F58A6100230022D8
:10633000C1E906230023A4F870342846BDE838409C
:106340000CF0B4BF03F042FD00F58F65044628460B
:106350000CF0A2FF0028D2D004F59C63002200209C
:106360000021C3E908015A609A60DA601A615A6133
:106370009A61DA610023A4F808352846BDE8384060
:106380000CF094BF38B590F84D32012B02D0022B9F
:106390001BD038BD03F01AFD00F5347504462846BD
:1063A0000CF07AFF0028F4D0002200230020002106
:1063B00084F85023C4E9D201C4F83C33C4F8403314
:1063C0002846BDE838400CF071BF03F0FFFC00F533
:1063D0005675044628460CF05FFF0028D9D00022ED
:1063E00000230020002184F8D823C4E9F401C4F874
:1063F000C433C4F8C8332846BDE838400CF056BF53
:10640000F8B50446FFF774FF2046FFF7BBFFFAF725
:10641000D1FD0646FAF706FE431C0FD000230746BF
:1064200084F84C32C4F8483210213046FAF7E8FDBF
:10643000054620B194F84C32002BF5D0F8BDB4F8E5
:106440004E12D4F850020122F6F77CFBD4F8540225
:10645000F6F7E6FC4FF4FA60FAF7FEFDB4F84E12D8
:10646000D4F850022A46F6F76DFBD4F85402F6F73A
:106470000FFC4FF4FA70FAF7EFFD236820461B6813
:10648000984739463046FAF7BBFD94F84C32002B5A
:10649000CAD0F8BD70B5012884B05FD8FFF79AF86C
:1064A0003B2304468DF80F30F4F7D4FB2F4E0546FE
:1064B000D4F8540203689B699A0724D402230093FA
:1064C0000DF10F020123D021F6F7C4FC80B9F4F7D7
:1064D000C1FB264E0546D4F8540203689B699B070E
:1064E0001FD40E2304F50C72D021F7F75FF850B3D8
:1064F000D4F848320133B3F5967FC4F848321ED839
:10650000012004B070BDF4F7A5FB401B1928EFD89B
:106510003068FAF751FD0228CAD00120FAF79CFD35
:10652000C6E7F4F797FB401B1928E1D83068FAF763
:1065300043FD0228CFD00120FAF78EFDCBE720469D
:10654000FFF75EFFDCE7D4F84832B3F5967F01D859
:106550000020D6E72046FFF753FFF9E7044B054A32
:1065600005484FF4FC71F3F77DFE00BF2C7200204C
:10657000F80703085C0A0308EC0903080128F8B5CA
:1065800000F2B382114C2368BFF35B8FDB07054633
:106590000FD50F4F3E68BFF35B8F16F001061DD07D
:1065A0000C4B0D48002D08BF1846BDE8F840FFF71A
:1065B00077BD204617F0B8FA0028EAD00121054837
:1065C000FEF794FD204617F0BBFAE2E7D81F012042
:1065D0007C1D0120DC1F0120801D0120384617F0A2
:1065E000A3FA0028DCD0EB4CEB4B2046314640F8B8
:1065F000043B4FF4007219F0A7F8E84B636003F511
:1066000054133433A36003F13613E36003F13713FB
:10661000236103F564133833636103F56813393379
:10662000A36103F13A13E36103F570133B33236273
:1066300003F13D13636203F57C133D33A36203F161
:106640003F13E36203F14113236303F584034133F2
:10665000636303F588034333A36303F58A03443379
:10666000E36303F14613236403F590034733636444
:1066700003F592034833A36403F596034A33E364B6
:1066800003F598034B33236503F14D13636503F55D
:10669000A0034F33A36503F15013E36503F5A6038D
:1066A0005133236603F15413636603F5AC0354338B
:1066B000A36603F15713E36603F5B2035833236768
:1066C00003F15B13636703F5BA035B33A36703F559
:1066D000BE035E33E36703F16013C4F8803003F553
:1066E000C6036233C4F8843003F5CA036333C4F8C5
:1066F000883003F16613C4F88C3003F5D203673396
:10670000C4F8903003F5D6036A33C4F8943003F12B
:106710006C13C4F8983003F5DE036E33C4F89C3074
:1067200003F5E4037033C4F8A03003F5E6037233D5
:10673000C4F8A43003F5EC037533C4F8A83003F5AE
:10674000F2037733C4F8AC3003F17A13C4F8B030F5
:1067500003F5FA037C33C4F8B43003F500037E3349
:10676000C4F8B83003F502038133C4F8BC3003F534
:1067700005038333C4F8C03003F508038733C4F836
:10678000C43003F50A038833C4F8C83003F50D0399
:106790008C33C4F8CC3003F510038F33C4F8D030F9
:1067A00003F513039133C4F8D43003F51503943380
:1067B000C4F8D83003F519039733C4F8DC3003F577
:1067C0001C039B33C4F8E03003F51F039D33C4F86A
:1067D000E43003F52203A033C4F8E83003F52503C1
:1067E000A433C4F8EC3003F52903A733C4F8F03020
:1067F00003F52C03AB33C4F8F43003F53003AD33A9
:10680000C4F8F83003F53303B233C4F8FC3003F5B1
:106810003603B433C4F8003103F53B03B933C4F88D
:10682000043103F53E03BC33C4F8083103F54203D9
:10683000C033C4F80C3103F54503C433C4F8103138
:1068400003F54A03C833C4F8143103F54E03CC33BF
:10685000C4F8183103F55203CF33C4F81C3103F5E3
:106860005603D533C4F8203103F55B03D833C4F89D
:10687000243103F55F03DD33C4F8283103F56303E6
:10688000E133C4F82C3103F56803E533C4F8303143
:1068900003F56D03EB33C4F8343103F57103EF33C3
:1068A000C4F8383103F57603F333C4F83C3103F50B
:1068B0007B03F933C4F8403103F18073FE33C4F82D
:1068C000443103F1837303F58173C4F8483103F154
:1068D000857303F58473C4F84C3103F1887303F5B1
:1068E0008773C4F8503103F18B7303F58973C4F8CF
:1068F000543103F1012303F5D8131933C4F8583187
:1069000003F1012303F504131D33C4F85C3103F1D3
:10691000937303F59273C4F86031214BC4F864316A
:1069200003F1997303F22F13C4F868311D4BC4F8B7
:106930006C3103F19F7303F23B13C4F8703103F120
:10694000A37303F5A173C4F8743103F1A67303F2C2
:106950004913C4F8783103F1A97303F24F13C4F853
:106960007C3103F1AD7303F5AB73C4F8803103F1EF
:10697000B07303F25D13C4F884310B4A0B4B0C491E
:10698000DFF830C0C4E9622303F1BB7303F5B973C8
:1069900012E000BF801D0120287A03083C0A560A35
:1069A000F83A8F3B5D3DFA3D89463D47F447AC4898
:1069B000DF4A9F4B56768577C4F890314E4B4F4A4D
:1069C000C4E965134E4BC4F89C3103F1012303F570
:1069D00015039133C4F8A0314A4BC4F8A43103F134
:1069E000D37303F2A113C4F8A83103F1012303F513
:1069F0002D03A933C4F8AC31434BC4F8B03103F1D3
:106A0000012303F53F03BA33C4F8B43103F1E4734F
:106A100003F5E273C4F8B83103F1E97303F2CD135F
:106A2000C4F8BC3103F1012303F55B03D633C4F88A
:106A3000C03103F1F27303F5F073C4F8C43103F10C
:106A4000F77303F2E913C4F8C83103F1FC7303F2DE
:106A5000F313C4F8CC3103F1007303F5003303F2F0
:106A6000FD13C4F8D0313846284B294FC4E975735B
:106A700003F1022303F508131C33C4F8DC3103F1DE
:106A80000B7303F50A73C4F8E03103F10E7303F2DC
:106A90003223C4F8E43103F1117303F23E23C4F846
:106AA000E83103F1022303F59E034933C4F8EC31C6
:106AB000184BC4E97CC303F1022303F5E6036D33ED
:106AC000C4F8F83103F1207303F27923C4F8FC31E0
:106AD00048F22403A4F800320F4BC4E992630F4B31
:106AE000C4E9942317F02CF85AE50D4B0D4A0E48D3
:106AF00040F20621F3F7B6FB614C244D000402403E
:106B0000EA4DB14E1451E3511156ED560469116A24
:106B1000F266FA67B778EC790002004070CE002088
:106B2000F8070308880A0308EC090308012870B570
:106B30003AD8FEF74FFD0446F4F78CF81E4E054692
:106B4000D4F8540203689B699B0710D4092304F20C
:106B50003E22C621F6F72AFDD8B1D4F848320133D7
:106B6000B3F5967FC4F848320FD8012070BDF4F712
:106B700071F8401B1928F0D83068FAF71DFA02287E
:106B8000DED00120FAF768FADAE72046FFF738FC92
:106B9000EBE7D4F84832B3F5967F01D8002070BDFA
:106BA0002046FFF72DFCF9E7044B054A05484FF452
:106BB0000571F3F757FB00BF2C720020F80703089C
:106BC000B40A0308EC09030870B5012884B055D84D
:106BD0002E4C2368BFF35B8FD907054641D52C4C5B
:106BE0002368BFF35B8FDA072ED52A4A2A4C2B4E37
:106BF0004DF67073002D08BF1446ADF80C30F4F755
:106C000029F80546D4F8540203689B699B070AD407
:106C10000223009303AAC621F6F71CF9003818BF17
:106C2000012004B070BDF4F715F8401B192808D8EE
:106C30003068FAF7C1F90228E4D00120FAF70CFA1B
:106C4000E0E7012004B070BD204616F06DFF00287B
:106C5000CBD002211048FEF749FA204616F070FF0B
:106C6000C3E7204616F060FF0028B8D0012109488C
:106C7000FEF73CFA204616F063FFB0E7084B094ADE
:106C800009484FF40971F3F7EDFA00BFD81F01204E
:106C90007C1D0120DC1F0120801D01202C720020A2
:106CA000F8070308E80A0308EC0903080128F8B507
:106CB00000F2B382114C2368BFF35B8FDB070546FC
:106CC0000FD50F4F3E68BFF35B8F16F001061DD046
:106CD0000C4B0D48002D08BF1846BDE8F840FFF7E3
:106CE00007BB204616F020FF0028EAD00121054806
:106CF000FEF7FCF9204616F023FFE2E7D81F01203B
:106D00007C1D0120DC1F0120801D0120384616F06B
:106D10000BFF0028DCD0EB4CEB4B2046314640F813
:106D2000043B4FF4007218F00FFDE84B636003F56D
:106D300054133433A36003F13613E36003F13713C4
:106D4000236103F564133833636103F56813393342
:106D5000A36103F13A13E36103F570133B3323623C
:106D600003F13D13636203F57C133D33A36203F12A
:106D70003F13E36203F14113236303F584034133BB
:106D8000636303F588034333A36303F58A03443342
:106D9000E36303F14613236403F59003473363640D
:106DA00003F592034833A36403F596034A33E3647F
:106DB00003F598034B33236503F14D13636503F526
:106DC000A0034F33A36503F15013E36503F5A60356
:106DD0005133236603F15413636603F5AC03543354
:106DE000A36603F15713E36603F5B2035833236731
:106DF00003F15B13636703F5BA035B33A36703F522
:106E0000BE035E33E36703F16013C4F8803003F51B
:106E1000C6036233C4F8843003F5CA036333C4F88D
:106E2000883003F16613C4F88C3003F5D20367335E
:106E3000C4F8903003F5D6036A33C4F8943003F1F4
:106E40006C13C4F8983003F5DE036E33C4F89C303D
:106E500003F5E4037033C4F8A03003F5E60372339E
:106E6000C4F8A43003F5EC037533C4F8A83003F577
:106E7000F2037733C4F8AC3003F17A13C4F8B030BE
:106E800003F5FA037C33C4F8B43003F500037E3312
:106E9000C4F8B83003F502038133C4F8BC3003F5FD
:106EA00005038333C4F8C03003F508038733C4F8FF
:106EB000C43003F50A038833C4F8C83003F50D0362
:106EC0008C33C4F8CC3003F510038F33C4F8D030C2
:106ED00003F513039133C4F8D43003F51503943349
:106EE000C4F8D83003F519039733C4F8DC3003F540
:106EF0001C039B33C4F8E03003F51F039D33C4F833
:106F0000E43003F52203A033C4F8E83003F5250389
:106F1000A433C4F8EC3003F52903A733C4F8F030E8
:106F200003F52C03AB33C4F8F43003F53003AD3371
:106F3000C4F8F83003F53303B233C4F8FC3003F57A
:106F40003603B433C4F8003103F53B03B933C4F856
:106F5000043103F53E03BC33C4F8083103F54203A2
:106F6000C033C4F80C3103F54503C433C4F8103101
:106F700003F54A03C833C4F8143103F54E03CC3388
:106F8000C4F8183103F55203CF33C4F81C3103F5AC
:106F90005603D533C4F8203103F55B03D833C4F866
:106FA000243103F55F03DD33C4F8283103F56303AF
:106FB000E133C4F82C3103F56803E533C4F830310C
:106FC00003F56D03EB33C4F8343103F57103EF338C
:106FD000C4F8383103F57603F333C4F83C3103F5D4
:106FE0007B03F933C4F8403103F18073FE33C4F8F6
:106FF000443103F1837303F58173C4F8483103F11D
:10700000857303F58473C4F84C3103F1887303F579
:107010008773C4F8503103F18B7303F58973C4F897
:10702000543103F1012303F5D8131933C4F858314F
:1070300003F1012303F504131D33C4F85C3103F19C
:10704000937303F59273C4F86031214BC4F8643133
:1070500003F1997303F22F13C4F868311D4BC4F880
:107060006C3103F19F7303F23B13C4F8703103F1E9
:10707000A37303F5A173C4F8743103F1A67303F28B
:107080004913C4F8783103F1A97303F24F13C4F81C
:107090007C3103F1AD7303F5AB73C4F8803103F1B8
:1070A000B07303F25D13C4F884310B4A0B4B0C49E7
:1070B000DFF830C0C4E9622303F1BB7303F5B97391
:1070C00012E000BF801D0120287A03083C0A560AFE
:1070D000F83A8F3B5D3DFA3D89463D47F447AC4861
:1070E000DF4A9F4B56768577C4F890314E4B4F4A16
:1070F000C4E965134E4BC4F89C3103F1012303F539
:1071000015039133C4F8A0314A4BC4F8A43103F1FC
:10711000D37303F2A113C4F8A83103F1012303F5DB
:107120002D03A933C4F8AC31434BC4F8B03103F19B
:10713000012303F53F03BA33C4F8B43103F1E47318
:1071400003F5E273C4F8B83103F1E97303F2CD1328
:10715000C4F8BC3103F1012303F55B03D633C4F853
:10716000C03103F1F27303F5F073C4F8C43103F1D5
:10717000F77303F2E913C4F8C83103F1FC7303F2A7
:10718000F313C4F8CC3103F1007303F5003303F2B9
:10719000FD13C4F8D0313846284B294FC4E9757324
:1071A00003F1022303F508131C33C4F8DC3103F1A7
:1071B0000B7303F50A73C4F8E03103F10E7303F2A5
:1071C0003223C4F8E43103F1117303F23E23C4F80F
:1071D000E83103F1022303F59E034933C4F8EC318F
:1071E000184BC4E97CC303F1022303F5E6036D33B6
:1071F000C4F8F83103F1207303F27923C4F8FC31A9
:1072000048F22403A4F800320F4BC4E992630F4BF9
:10721000C4E9942316F094FC5AE50D4B0D4A0E4830
:1072200040F23F21F3F71EF8614C244D0004024068
:10723000EA4DB14E1451E3511156ED560469116AED
:10724000F266FA67B778EC790002004070CE002051
:10725000F8070308200B0308EC0903080128F8B518
:1072600000F2F3820E4C2368BFF35B8FDB07054609
:1072700040F1A5820B4F3E68BFF35B8F16F001060D
:1072800016D0094B094A002D08BF134693F84D321A
:10729000012B00F0A282022B00F0BB82F8BD00BFE0
:1072A000D81F01207C1D0120801D0120DC1F012032
:1072B000384616F039FC0028E3D0EB4CEB4B204667
:1072C000314640F8043B4FF4007218F03DFAE84BA9
:1072D000636003F554133433A36003F13613E360A2
:1072E00003F13713236103F564133833636103F546
:1072F00068133933A36103F13A13E36103F57013A3
:107300003B33236203F13D13636203F57C133D338A
:10731000A36203F13F13E36203F14113236303F517
:1073200084034133636303F588034333A36303F5A5
:107330008A034433E36303F14613236403F59003A4
:107340004733636403F592034833A36403F596035C
:107350004A33E36403F598034B33236503F14D137C
:10736000636503F5A0034F33A36503F15013E36591
:1073700003F5A6035133236603F15413636603F543
:10738000AC035433A36603F15713E36603F5B2036A
:107390005833236703F15B13636703F5BA035B3369
:1073A000A36703F5BE035E33E36703F16013C4F81C
:1073B000803003F5C6036233C4F8843003F5CA0392
:1073C0006333C4F8883003F16613C4F88C3003F5D6
:1073D000D2036733C4F8903003F5D6036A33C4F898
:1073E000943003F16C13C4F8983003F5DE036E3368
:1073F000C4F89C3003F5E4037033C4F8A03003F5FF
:10740000E6037233C4F8A43003F5EC037533C4F813
:10741000A83003F5F2037733C4F8AC3003F17A13E4
:10742000C4F8B03003F5FA037C33C4F8B43003F584
:1074300000037E33C4F8B83003F502038133C4F887
:10744000BC3003F505038333C4F8C03003F50803EB
:107450008733C4F8C43003F50A038833C4F8C8304E
:1074600003F50D038C33C4F8CC3003F510038F33D0
:10747000C4F8D03003F513039133C4F8D43003F5C6
:1074800015039433C4F8D83003F519039733C4F8BF
:10749000DC3003F51C039B33C4F8E03003F51F0315
:1074A0009D33C4F8E43003F52203A033C4F8E83078
:1074B00003F52503A433C4F8EC3003F52903A733FF
:1074C000C4F8F03003F52C03AB33C4F8F43003F503
:1074D0003003AD33C4F8F83003F53303B233C4F8E6
:1074E000FC3003F53603B433C4F8003103F53B0335
:1074F000B933C4F8043103F53E03BC33C4F8083192
:1075000003F54203C033C4F80C3103F54503C4331B
:10751000C4F8103103F54A03C833C4F8143103F535
:107520004E03CC33C4F8183103F55203CF33C4F8FB
:107530001C3103F55603D533C4F8203103F55B0342
:10754000D833C4F8243103F55F03DD33C4F82831A0
:1075500003F56303E133C4F82C3103F56803E53325
:10756000C4F8303103F56D03EB33C4F8343103F55F
:107570007103EF33C4F8383103F57603F333C4F8FD
:107580003C3103F57B03F933C4F8403103F18073D8
:10759000FE33C4F8443103F1837303F58173C4F8F7
:1075A000483103F1857303F58473C4F84C3103F15A
:1075B000887303F58773C4F8503103F18B7303F5B7
:1075C0008973C4F8543103F1012303F5D813193337
:1075D000C4F8583103F1012303F504131D33C4F833
:1075E0005C3103F1937303F59273C4F86031214B5E
:1075F000C4F8643103F1997303F22F13C4F86831AE
:107600001D4BC4F86C3103F19F7303F23B13C4F8B4
:10761000703103F1A37303F5A173C4F8743103F15E
:10762000A67303F24913C4F8783103F1A97303F286
:107630004F13C4F87C3103F1AD7303F5AB73C4F899
:10764000803103F1B07303F25D13C4F884310B4A47
:107650000B4B0C49DFF830C0C4E9622303F1BB7364
:1076600003F5B97312E000BF801D0120287A0308DA
:107670003C0A560AF83A8F3B5D3DFA3D89463D4744
:10768000F447AC48DF4A9F4B56768577C4F8903173
:10769000714B724AC4E96513714BC4F89C3103F114
:1076A000012303F515039133C4F8A0316D4BC4F8E1
:1076B000A43103F1D37303F2A113C4F8A83103F189
:1076C000012303F52D03A933C4F8AC31664BC4F88C
:1076D000B03103F1012303F53F03BA33C4F8B431E9
:1076E00003F1E47303F5E273C4F8B83103F1E9730D
:1076F00003F2CD13C4F8BC3103F1012303F55B039E
:10770000D633C4F8C03103F1F27303F5F073C4F853
:10771000C43103F1F77303F2E913C4F8C83103F17C
:10772000FC7303F2F313C4F8CC3103F1007303F5D7
:10773000003303F2FD13C4F8D03138464B4B4C4FA5
:10774000C4E9757303F1022303F508131C33C4F86D
:10775000DC3103F10B7303F50A73C4F8E03103F174
:107760000E7303F23223C4F8E43103F1117303F210
:107770003E23C4F8E83103F1022303F59E034933A5
:10778000C4F8EC313B4BC4E97CC303F1022303F59D
:10779000E6036D33C4F8F83103F1207303F2792363
:1077A000C4F8FC3148F22403A4F80032324BC4E997
:1077B0009263324BC4E9942316F0C2F961E5204686
:1077C00016F0B2F900283FF455AD01212C48FDF721
:1077D0008DFC204616F0B4F94CE502F0F7FA00F5FE
:1077E0003475044628460BF057FD00283FF456AD8B
:1077F000002200230020002184F85023C4E9D20194
:10780000C4F83C33C4F840332846BDE8F8400BF0D8
:107810004DBD02F0DBFA00F55675044628460BF024
:107820003BFD00283FF43AAD002200230020002158
:1078300084F8D823C4E9F401C4F8C433C4F8C833C5
:107840002846BDE8F8400BF031BD0E4B0E4A0F48FC
:1078500040F24D21F2F706FD614C244D0004024038
:10786000EA4DB14E1451E3511156ED560469116AB7
:10787000F266FA67B778EC790002004070CE00201B
:10788000DC1F0120F8070308540B0308EC09030868
:10789000F0B585B04CF6EF0304460F46ADF80C305A
:1078A000F3F7D8F9864E0546D4F8540203689B696D
:1078B0009A0700F18B800223009303AAC621F5F7F3
:1078C000C9FA00287FD1F3F7C5F97D4E0546D4F8F3
:1078D000540203689B699B0700F188800223009390
:1078E00003AA0323C621F5F7FFFB00286BD19DF8FF
:1078F0000C20D24353B2002BD2B2C0F28780520088
:10790000D3B252B2002AC0F2D4805B00DAB25BB2CA
:10791000002BC0F2C8805200D3B252B2002AC0F28B
:10792000BC805B00DAB25BB2002BC0F2B0805200C8
:10793000D3B252B2002AC0F2A4805B00DAB25BB2CA
:10794000002BC0F298805200D3B252B2002ABABFC4
:10795000530083F031035B009DF80D20DBB25340F0
:1079600059B20029C0F281805B00D9B25BB2002B12
:1079700075DB4900CBB249B200296ADB5B00D9B2A2
:107980005BB2002B5FDB4900CBB249B2002954DB6C
:107990005B00D9B25BB2002B49DB4900CBB249B2E4
:1079A00000293EDB5B00D9B25BB2002B34DB49001F
:1079B000CBB29DF80E10994205D102F03F02012092
:1079C0003A7005B0F0BD002005B0F0BDF3F742F904
:1079D000401B1928F7D83068F9F7EEFA02284FF063
:1079E00001003FF461AFF9F737FB5DE7F3F732F9D8
:1079F000401B1928E7D83068F9F7DEFA02284FF063
:107A000001003FF464AFF9F727FB60E75B0083F008
:107A100031035AB2DBB275E75B0083F03103DBB2AE
:107A2000C7E7490081F031014BB2C9B2BDE75B0045
:107A300083F0310359B2DBB2B2E7490081F0310182
:107A40004BB2C9B2A7E75B0083F0310359B2DBB296
:107A50009CE7490081F031014BB2C9B291E75B006C
:107A600083F0310359B2DBB286E7490081F031017E
:107A70004BB2C9B27BE75B0083F031035AB2DBB291
:107A800064E7520082F0310253B2D2B258E75B0091
:107A900083F031035AB2DBB24CE7520082F031027C
:107AA00053B2D2B240E75B0083F031035AB2DBB28B
:107AB00034E7520082F0310253B2D2B228E700BF5D
:107AC0002C720020F0B585B04FF4BB430546ADF8ED
:107AD0000C30F3F7BFF8144F0646D5F8540203688C
:107AE0009B69DB4313F002040ED00223009303AA28
:107AF000C621F5F7AFF9B0FA80F464090A20F3F76C
:107B0000AFF8204605B0F0BDF3F7A4F8801B1928A4
:107B1000F4D83868F9F750FA02284FF00100DCD0A9
:107B2000F9F79AFAD9E700BF2C7200202DE9F0434B
:107B300089B00023B449ADF81C309C22CDE905334F
:107B4000044602918DF80C20F3F784F8AF4E0546F9
:107B5000D4F8540203689B69990700F1C780022397
:107B6000009302AA0523C621F5F774F9002840F016
:107B7000B980A64D04F5017604F505774FF2C77874
:107B800094E00223009302AAC621F5F763F90028C6
:107B900040F0A880F3F75EF88146D4F854020368F9
:107BA0009B699B0700F1B2800523009305AA03237C
:107BB000C621F5F799FA002840F094809DF814301A
:107BC000DB435AB2002ADBB2C0F2B1805B00DAB20A
:107BD0005BB2002BC0F2B3805200D3B252B2002A83
:107BE000C0F2B5805B00DAB25BB2002BC0F2B780A6
:107BF0005200D3B252B2002AC0F2B9805B00DAB2AE
:107C00005BB2002BC0F2BB805200D3B252B2002A4A
:107C1000C0F2BD805B00DAB25BB2002BC0F2BF8065
:107C20005200D3B29DF815205340BDF8142052BA2B
:107C300092B207EE902A5AB2002AC0F2DE805B00B0
:107C4000DAB25BB2002BC0F2D2805200D3B252B291
:107C5000002AC0F2C6805B00DAB25BB2002BC0F231
:107C6000BA805200D3B252B2002AC0F2AE805B009A
:107C7000DAB25BB2002BC0F2A2805200D3B252B291
:107C8000002AC0F296805B00DAB25BB2002BC0F231
:107C90008B805200D3B29DF816209A4222D1F8EE82
:107CA000E77AE6EC017ABE4200F0B280ADF80880D7
:107CB000F2F7D0FF8146D4F8540203689B699A0713
:107CC0007FF55FAFF2F7C6FFA0EB0900192809D8CE
:107CD0002868F9F771F902284FF00100EBD0F9F7A5
:107CE000BBF9E8E7002009B0BDE8F083F2F7B2FF86
:107CF000401B1928F6D83068F9F75EF902284FF0D2
:107D000001003FF425AFF9F7A7F921E7F2F7A2FF49
:107D1000A0EB09001928E5D82868F9F74DF90228E1
:107D20004FF001003FF439AFF9F796F935E752000B
:107D300082F0310253B2002BD2B2BFF64DAF5B00DE
:107D400083F031035AB2002ADBB2BFF64BAF5200C8
:107D500082F0310253B2002BD2B2BFF649AF5B00C2
:107D600083F031035AB2002ADBB2BFF647AF5200AC
:107D700082F0310253B2002BD2B2BFF645AF5B00A6
:107D800083F031035AB2002ADBB2BFF643AF520090
:107D900082F0310253B2002BD2B2BFF641AF5B008A
:107DA00083F03103DBB23DE75B0083F03103DBB2EC
:107DB00071E7520082F0310253B2D2B266E75B0043
:107DC00083F031035AB2DBB25AE7520082F031023B
:107DD00053B2D2B24EE75B0083F031035AB2DBB24A
:107DE00042E7520082F0310253B2D2B236E75B0072
:107DF00083F031035AB2DBB22AE7520082F031023B
:107E000053B2D2B21EE700BFC59500662C720020A7
:107E10000D490E4A0E480F4BC4F814120E49C4F80F
:107E20001822C4F81C024FF04E52C4F82032012030
:107E30004FF08A43C4F82412C4F82822C4F82C3224
:107E400009B0BDE8F08300BF00C82F4700409C4741
:107E50000014CD470000604A0000384BA2F5004CEA
:107E600006EE90CAD0ED827A90ED837AD0ED8A5AF0
:107E700090ED816A90ED8B4AD0ED844A90ED895A5D
:107E8000D0ED873AF8EEE66A66EEA77A26EE877AB4
:107E900067EEA67A27EE267A26EE866A67EEA57A40
:107EA000A5EE875AE4EE247A90ED887AD0ED864AE2
:107EB00066EE266A90ED856AA6EEA57A74EEE36A10
:107EC00067EE855A36EE644A27EE273A65EEA65AE3
:107ED00067EE266AE3EE045AE5EE046A73EEC63AEC
:107EE00027EE055AE7EEA36AE5EE235A24EEE74AA9
:107EF000C5EEA63AB0EE445AA7EE065A74EEC64A4C
:107F000077EE677AA4EEE35A06EE902AC5EE274A8A
:107F1000009AF8EE666A05EE901A9FED0C3A9FED16
:107F20000C4A76EE647AA6EE834AF8EE655A77EE4E
:107F3000236A75EEA35A27EEA67AC7EE257A77EE66
:107F4000A47AC3ED007A82ED004A704700002F3B0F
:107F5000000034C22DE9F04F90F83E3290F84022F4
:107F6000DB43D9B25BB2002B87B0044600F23E255A
:107F700072DB4900CBB249B2002974DB5B00D9B295
:107F80005BB2002B76DB4900CBB249B2002978DB2B
:107F90005B00D9B25BB2002B7ADB4900CBB249B2AD
:107FA00000297CDB5B00D9B25BB2002B7EDB490091
:107FB000CBB249B20029BCBF4B0083F0310394F827
:107FC0003F12A8BF5B00DBB24B4059B20029C0F2A0
:107FD000D0815B00D9B25BB2002BC0F2C4814900F2
:107FE000CBB249B20029C0F2B8815B00D9B25BB212
:107FF000002BC0F2AC814900CBB249B20029C0F2DB
:10800000A0815B00D9B25BB2002BC0F29481490021
:10801000CBB249B20029C0F288815B00D9B25BB211
:10802000002B49DB4900CBB29A424BD04FF00009FC
:108030000026C8464F46B24694F84D32012B00F058
:108040009E81022B00F0B4810023C4F83E326B60A5
:108050002B7207B0BDE8F08F5B0083F0310359B29B
:108060000029DBB28ADA490081F031014BB2002BE2
:10807000C9B288DA5B0083F0310359B20029DBB260
:1080800086DA490081F031014BB2002BC9B284DAA3
:108090005B0083F0310359B20029DBB282DA490078
:1080A00081F031014BB2002BC9B280DA5B0083F062
:1080B000310359B2DBB27DE75B0083F03103DBB201
:1080C0009A42B3D194F8412294F84302D1434BB27F
:1080D000002BC9B2C0F2B8814900CBB249B2002925
:1080E000C0F284815B00D9B25BB2002BC0F2868102
:1080F0004900CBB249B20029C0F288815B00D9B2F5
:108100005BB2002BC0F28A814900CBB249B2002990
:10811000C0F28C815B00D9B25BB2002BC0F28E81C1
:108120004900CBB249B20029BABF4B0083F03103FA
:108130005B0094F84212DBB24B404FFA83FCBCF177
:10814000000FC0F2B7815B005FFA83FC5BB2002BCB
:10815000C0F2A9814FEA4C0C5FFA8CF34FFA8CFC09
:10816000BCF1000FC0F296815B005FFA83FC5BB24A
:10817000002BC0F288814FEA4C0C5FFA8CF34FFA67
:108180008CFCBCF1000FC0F275815B005FFA83FCD0
:108190005BB2002BC0F267814FEA4C0C5FFA8CF3A4
:1081A0004FFA8CFCBCF1000FC0F254815B005FFA07
:1081B00083FC5BB2002BC0F214814FEA4C0C5FFAD7
:1081C0008CF398427FF432AF94F8440294F846C29C
:1081D0006FEA000E4FFA8EF3002B5FFA8EFEC0F2AC
:1081E000E0814FEA4E0E5FFA8EF34FFA8EFEBEF13B
:1081F000000FC0F2CD815B005FFA83FE5BB2002B03
:10820000C0F2BF814FEA4E0E5FFA8EF34FFA8EFE38
:10821000BEF1000FC0F2AC815B005FFA83FE5BB27F
:10822000002BC0F29E814FEA4E0E5FFA8EF34FFA9A
:108230008EFEBEF1000FC0F28B815B005FFA83FE01
:108240005BB2002BC0F27D814FEA4E0E5FFA8EF3D7
:108250004FFA8EFEBEF1000FBABF4FEA4E0383F015
:1082600031035B0094F84562DBB273404FFA83FE42
:10827000BEF1000FC0F25C815B005FFA83FE5BB26F
:10828000002BC0F24E814FEA4E0E5FFA8EF34FFA8A
:108290008EFEBEF1000FC0F23B815B005FFA83FEF1
:1082A0005BB2002BC0F22D814FEA4E0E5FFA8EF3C7
:1082B0004FFA8EFEBEF1000FC0F21A815B005FFA2A
:1082C00083FE5BB2002BC0F20C814FEA4E0E5FFAC8
:1082D0008EF34FFA8EFEBEF1000FC0F2F9805B0004
:1082E0005FFA83FE5BB2002BC0F2ED804FEA4E0EC8
:1082F0005FFA8EF39C457FF499AE05AB009340EA9C
:108300000240B4F83E2252BA40EA012104AB92B2D4
:108310002046FFF7A3FD059EDDF810A001F078FDD3
:108320004FF0010980460F4686E6490081F0310191
:108330004BB2C9B274E65B0083F0310359B2DBB2D1
:1083400068E6490081F031014BB2C9B25CE65B00DE
:1083500083F0310359B2DBB250E6490081F03101BC
:108360004BB2C9B244E65B0083F0310359B2DBB2D1
:1083700038E6490081F031014BB2C9B22CE601F078
:1083800025FD00F534738346184603930AF084FFF5
:10839000039B00283FF458AECBE9D287CBF83CA32F
:1083A000CBF840638BF8509318460AF07FFF4BE6FA
:1083B00001F00CFD00F556738346184603930AF04E
:1083C0006BFF039B00283FF43FAECBE9F487CBF86B
:1083D000C4A3CBF8C8638BF8D89318460AF066FF9D
:1083E00032E65B0083F03103DBB2EAE6490081F05C
:1083F00031014BB2002BC9B2BFF67AAE5B0083F0FD
:10840000310359B20029DBB2BFF678AE490081F0E2
:1084100031014BB2002BC9B2BFF676AE5B0083F0E0
:10842000310359B20029DBB2BFF674AE490081F0C6
:1084300031014BB2002BC9B2BFF672AE5B0083F0C4
:10844000310359B2DBB26EE65B0083F0310359B2FF
:10845000DBB244E64FEA4C0C8CF0310C4FFA8CF353
:108460005FFA8CFCA6E65B0083F031034FFA83FCD5
:10847000DBB297E64FEA4C0C8CF0310C4FFA8CF3E0
:108480005FFA8CFC85E65B0083F031034FFA83FCD6
:10849000DBB276E64FEA4C0C8CF0310C4FFA8CF3E1
:1084A0005FFA8CFC64E65B0083F031034FFA83FCD7
:1084B000DBB255E64FEA4C0C8CF0310C4FFA8CF3E2
:1084C0005FFA8CFC43E65B0083F03103DBB211E71B
:1084D0004FEA4E0E8EF0310E4FFA8EF35FFA8EFE9B
:1084E00001E75B0083F031034FFA83FEDBB2F2E673
:1084F0004FEA4E0E8EF0310E4FFA8EF35FFA8EFE7B
:10850000E0E65B0083F031034FFA83FEDBB2D1E695
:108510004FEA4E0E8EF0310E4FFA8EF35FFA8EFE5A
:10852000BFE65B0083F031034FFA83FEDBB2B0E6B7
:108530004FEA4E0E8EF0310E4FFA8EF35FFA8EFE3A
:108540009EE65B0083F031034FFA83FEDBB281E6E7
:108550004FEA4E0E8EF0310E4FFA8EF35FFA8EFE1A
:108560006FE65B0083F031034FFA83FEDBB260E617
:108570004FEA4E0E8EF0310E4FFA8EF35FFA8EFEFA
:108580004EE65B0083F031034FFA83FEDBB23FE639
:108590004FEA4E0E8EF0310E4FFA8EF35FFA8EFEDA
:1085A0002DE65B0083F031034FFA83FEDBB21EE65B
:1085B0000128F8B500F2B382114C2368BFF35B8F3A
:1085C000DB0705460FD50F4F3E68BFF35B8F16F0F4
:1085D00001061DD00C4B0D48002D08BF1846BDE804
:1085E000F840FFF7B7BC204615F09EFA0028EAD005
:1085F00001210548FCF77AFD204615F0A1FAE2E7D3
:10860000D81F01207C1D0120DC1F0120801D0120BE
:10861000384615F089FA0028DCD0EB4CEB4B2046AD
:10862000314640F8043B4FF4007217F08DF8E84BE8
:10863000636003F554133433A36003F13613E3602E
:1086400003F13713236103F564133833636103F5D2
:1086500068133933A36103F13A13E36103F570132F
:108660003B33236203F13D13636203F57C133D3317
:10867000A36203F13F13E36203F14113236303F5A4
:1086800084034133636303F588034333A36303F532
:108690008A034433E36303F14613236403F5900331
:1086A0004733636403F592034833A36403F59603E9
:1086B0004A33E36403F598034B33236503F14D1309
:1086C000636503F5A0034F33A36503F15013E3651E
:1086D00003F5A6035133236603F15413636603F5D0
:1086E000AC035433A36603F15713E36603F5B203F7
:1086F0005833236703F15B13636703F5BA035B33F6
:10870000A36703F5BE035E33E36703F16013C4F8A8
:10871000803003F5C6036233C4F8843003F5CA031E
:108720006333C4F8883003F16613C4F88C3003F562
:10873000D2036733C4F8903003F5D6036A33C4F824
:10874000943003F16C13C4F8983003F5DE036E33F4
:10875000C4F89C3003F5E4037033C4F8A03003F58B
:10876000E6037233C4F8A43003F5EC037533C4F8A0
:10877000A83003F5F2037733C4F8AC3003F17A1371
:10878000C4F8B03003F5FA037C33C4F8B43003F511
:1087900000037E33C4F8B83003F502038133C4F814
:1087A000BC3003F505038333C4F8C03003F5080378
:1087B0008733C4F8C43003F50A038833C4F8C830DB
:1087C00003F50D038C33C4F8CC3003F510038F335D
:1087D000C4F8D03003F513039133C4F8D43003F553
:1087E00015039433C4F8D83003F519039733C4F84C
:1087F000DC3003F51C039B33C4F8E03003F51F03A2
:108800009D33C4F8E43003F52203A033C4F8E83004
:1088100003F52503A433C4F8EC3003F52903A7338B
:10882000C4F8F03003F52C03AB33C4F8F43003F58F
:108830003003AD33C4F8F83003F53303B233C4F872
:10884000FC3003F53603B433C4F8003103F53B03C1
:10885000B933C4F8043103F53E03BC33C4F808311E
:1088600003F54203C033C4F80C3103F54503C433A8
:10887000C4F8103103F54A03C833C4F8143103F5C2
:108880004E03CC33C4F8183103F55203CF33C4F888
:108890001C3103F55603D533C4F8203103F55B03CF
:1088A000D833C4F8243103F55F03DD33C4F828312D
:1088B00003F56303E133C4F82C3103F56803E533B2
:1088C000C4F8303103F56D03EB33C4F8343103F5EC
:1088D0007103EF33C4F8383103F57603F333C4F88A
:1088E0003C3103F57B03F933C4F8403103F1807365
:1088F000FE33C4F8443103F1837303F58173C4F884
:10890000483103F1857303F58473C4F84C3103F1E6
:10891000887303F58773C4F8503103F18B7303F543
:108920008973C4F8543103F1012303F5D8131933C3
:10893000C4F8583103F1012303F504131D33C4F8BF
:108940005C3103F1937303F59273C4F86031214BEA
:10895000C4F8643103F1997303F22F13C4F868313A
:108960001D4BC4F86C3103F19F7303F23B13C4F841
:10897000703103F1A37303F5A173C4F8743103F1EB
:10898000A67303F24913C4F8783103F1A97303F213
:108990004F13C4F87C3103F1AD7303F5AB73C4F826
:1089A000803103F1B07303F25D13C4F884310B4AD4
:1089B0000B4B0C49DFF830C0C4E9622303F1BB73F1
:1089C00003F5B97312E000BF801D0120287A030867
:1089D0003C0A560AF83A8F3B5D3DFA3D89463D47D1
:1089E000F447AC48DF4A9F4B56768577C4F8903100
:1089F0004E4B4F4AC4E965134E4BC4F89C3103F10A
:108A0000012303F515039133C4F8A0314A4BC4F890
:108A1000A43103F1D37303F2A113C4F8A83103F115
:108A2000012303F52D03A933C4F8AC31434BC4F83B
:108A3000B03103F1012303F53F03BA33C4F8B43175
:108A400003F1E47303F5E273C4F8B83103F1E97399
:108A500003F2CD13C4F8BC3103F1012303F55B032A
:108A6000D633C4F8C03103F1F27303F5F073C4F8E0
:108A7000C43103F1F77303F2E913C4F8C83103F109
:108A8000FC7303F2F313C4F8CC3103F1007303F564
:108A9000003303F2FD13C4F8D0313846284B294F78
:108AA000C4E9757303F1022303F508131C33C4F8FA
:108AB000DC3103F10B7303F50A73C4F8E03103F101
:108AC0000E7303F23223C4F8E43103F1117303F29D
:108AD0003E23C4F8E83103F1022303F59E03493332
:108AE000C4F8EC31184BC4E97CC303F1022303F54D
:108AF000E6036D33C4F8F83103F1207303F27923F0
:108B0000C4F8FC3148F22403A4F800320F4BC4E946
:108B100092630F4BC4E9942315F012F85AE50D4BFC
:108B20000D4A0E4840F23221F1F79CFB614C244D76
:108B300000040240EA4DB14E1451E3511156ED5676
:108B40000469116AF266FA67B778EC7900020040AE
:108B500070CE0020F80703088C0B0308EC0903080B
:108B6000F0B585B01B2305460F468DF80C30F2F7A3
:108B700071F83D4E0446D5F8540203689B699A0784
:108B800042D40223009303AA0123D021F4F762F90F
:108B9000002866D1F2F75EF8334E0446D5F8540249
:108BA00003689B699B074DD4022300930DF10B02D0
:108BB0000123D021F4F798FA002852D19DF80B3008
:108BC000FF0007F0180723F018033B431B228DF822
:108BD0000B308DF80C208DF80D30F2F73BF8224F5A
:108BE0000646D5F8540203689B69DB4313F0020480
:108BF00019D00223009303AAD021F4F72BF9B0FA7D
:108C000080F0400905B0F0BDF2F724F8001B1928E8
:108C100027D83068F8F7D0F902284FF00100AAD021
:108C2000F8F71AFAA7E7F2F715F8801B192818D8F1
:108C30003868F8F7C1F902284FF00100D1D0F8F7F1
:108C40000BFACEE7F2F706F8001B192809D83068AE
:108C5000F8F7B2F902284FF001009FD0F8F7FCF9BD
:108C60009CE7002005B0F0BD2C7200202DE9F043F8
:108C700085B00446174698468DF80F10F1F7EAFFC5
:108C8000264E0546D4F8540203689B699B0726D4F8
:108C9000022300930DF10F020123D021F4F7DAF83B
:108CA000C8B9F1F7D7FFDFF874900646D4F854023C
:108CB00003689B69DB4313F002051FD00223009376
:108CC0003A464346D021F4F70FFAB0FA80F0400953
:108CD00005B0BDE8F083002005B0BDE8F083F1F7F2
:108CE000B9FF401B1928F6D83068F8F765F9022853
:108CF0004FF00100C6D0F8F7AFF9C3E7F1F7AAFFCC
:108D0000801B1928E7D8D9F80000F8F755F9022890
:108D10004FF00100CAD0F8F79FF9C7E72C72002086
:108D2000F0B585B01A2304468DF80C30F1F792FFA8
:108D3000704E0546D4F8540203689B699F076AD4B5
:108D40000223009303AA0123D021F4F783F800281B
:108D50005ED1F1F77FFF674E0546D4F854020368F1
:108D60009B69990766D4022300930DF10B0201233E
:108D7000D021F4F7B9F900284AD19DF80B305D4EA7
:108D800023F0070343F003031A228DF80B308DF80C
:108D90000C208DF80D30F1F75DFF0546D4F8540234
:108DA00003689B699A0754D40223009303AAD02135
:108DB000F4F750F860BB01230DF10B021B21204694
:108DC000FFF754FF20B39DF80B304A4E03F0FC032D
:108DD0001B228DF80B308DF80C208DF80D30F1F73B
:108DE00039FF0546D4F8540203689B699B073FD4BA
:108DF0000223009303AAD021F4F72CF840B90123F1
:108E00000DF10B021D212046FFF730FF00283ED157
:108E1000002005B0F0BDF1F71DFF401B1928F7D861
:108E20003068F8F7C9F802284FF0010082D0F8F74F
:108E300013F97FE7F1F70EFF401B1928E8D83068D7
:108E4000F8F7BAF802284FF0010086D0F8F704F9D5
:108E500083E7F1F7FFFE401B1928D9D83068F8F7EF
:108E6000ABF802284FF0010098D0F8F7F5F895E735
:108E7000F1F7F0FE401B1928CAD83068F8F79CF8C3
:108E800002284FF00100ADD0F8F7E6F8AAE79DF808
:108E90000B30184F23F00F0343F003031D228DF80E
:108EA0000B308DF80C208DF80D30F1F7D3FE06460F
:108EB000D4F8540203689B69DB4313F0020509D020
:108EC0000223009303AAD021F3F7C4FFB0FA80F085
:108ED00040099EE7F1F7BEFE801B192898D8386834
:108EE000F8F76AF802284FF00100E1D0F8F7B4F87B
:108EF000DEE700BF2C720020F0B585B037230446B2
:108F00008DF80C30F1F7A6FE544E0546D4F8540205
:108F100003689B69990764D40223009303AA012381
:108F2000D021F3F797FF002858D1F1F793FE4B4E6D
:108F30000546D4F8540203689B699A0760D402235B
:108F400000930DF10B020123D021F4F7CDF8002896
:108F500044D19DF80B30414E43F0020337228DF887
:108F60000B308DF80C208DF80D30F1F773FE0546AF
:108F7000D4F8540203689B699B0750D402230093E2
:108F800003AAD021F3F766FF40BB01230DF10B02CA
:108F90006A212046FFF76AFE00B39DF80B302F4F81
:108FA00003F0EF036A228DF80B308DF80C208DF85A
:108FB0000D30F1F74FFE0646D4F8540203689B6962
:108FC000DB4313F0020539D00223009303AAD0211A
:108FD000F3F740FFB0FA80F0400900E0002005B050
:108FE000F0BDF1F737FE401B1928F7D83068F7F7C6
:108FF000E3FF02284FF0010088D0F8F72DF885E74D
:10900000F1F728FE401B1928E8D83068F7F7D4FF9D
:1090100002284FF001008CD0F8F71EF889E7F1F72D
:1090200019FE401B1928D9D83068F7F7C5FF022868
:109030004FF001009CD0F8F70FF899E7F1F70AFE1E
:10904000801B1928CAD83868F7F7B6FF02284FF0F6
:109050000100B1D0F8F700F8AEE700BF2C72002095
:1090600070B584B0002348F26B0204468DF80930D5
:109070008DF80A30ADF80C20F1F7ECFD854E054671
:10908000D4F8540203689B699A072FD402230093F3
:1090900003AAD021F3F7DEFE18BB6420F1F7E0FD50
:1090A00040F26B13ADF80C30F1F7D4FD794E054664
:1090B000D4F8540203689B699B0726D402230093CB
:1090C00003AAD021F3F7C6FE58B901230DF10A0215
:1090D00075212046FFF7CAFD18B19DF80A30032B11
:1090E00022D0002384F84C3204B070BDF1F7B2FDF9
:1090F000401B1928F5D83068F7F75EFF02284FF0BB
:109100000100BDD0F7F7A8FFBAE7F1F7A3FD401BB8
:109110001928E6D83068F7F74FFF02284FF0010012
:10912000C6D0F7F799FFC3E701230DF10B021C210D
:109130002046FFF79BFD0028D3D09DF80B30554EFD
:1091400023F0180343F010031C228DF80B308DF828
:109150000C208DF80D30F1F77DFD0546D4F8540252
:1091600003689B69990761D40223009303AAD02165
:10917000F3F770FE0028B4D101212046FFF7F0FC80
:109180000028AED040F21943ADF80C30F1F762FD83
:10919000404E0546D4F8540203689B699A0755D49B
:1091A0000223009303AAD021F3F754FE002898D19C
:1091B0002046FFF7B5FD002893D04CF26C03ADF8C4
:1091C0000C30F1F747FD334E0546D4F854020368DE
:1091D0009B699B074AD40223009303AAD021F3F78B
:1091E00039FE05463220F1F73BFD002D7FF479AFC3
:1091F0002046FFF781FE00283FF473AF2046FEF7BC
:1092000061FC00283FF46DAF0DF109012046FEF727
:109210003FFB00283FF465AF9DF80930082B7FF431
:1092200060AF2046FEF782FC03465BE7F1F712FDD4
:10923000401B19283FF655AF3068F7F7BDFE0228EE
:109240004FF001008AD0F7F707FF87E7F1F702FD3B
:10925000401B19283FF645AF3068F7F7ADFE0228EE
:109260004FF0010096D0F7F7F7FE93E7F1F7F2FC25
:10927000431B192B09D83068F7F79EFE02284FF0E0
:109280000100A2D0F7F7E8FE9FE73220F1F7E8FCF3
:1092900027E700BF2C7200201F2070471E20704758
:1092A0001D2070471C2070471B2070471A207047F4
:1092B00019207047182070471720704716207047F4
:1092C00015207047142070471320704712207047F4
:1092D00011207047102070470F2070470E207047F4
:1092E0000D2070470C2070470B2070470A207047F4
:1092F00009207047082070470720704706207047F4
:1093000005207047042070470320704702207047F3
:10931000012070470020704738B5704C704B04F541
:10932000805505F58260C5F8103409F0A9FF6D4B32
:10933000C5F8783305F55E7009F0A2FF6A4BC5F8F1
:10934000E03204F5975009F09BFF684BC5F858329E
:1093500005F5167009F094FF654BC5F8D03105F599
:10936000E87009F08DFF634BC5F8483105F5A4702E
:1093700009F086FF604BC5F8C03004F5865009F04F
:109380007FFF5E4B2B6305F1300009F079FF5C4BEA
:10939000C4F8A03F04F57A6009F072FF594BC4F895
:1093A000103F04F5716009F06BFF574BC4F8803E25
:1093B00004F5686009F064FF544BC4F8403D04F5BF
:1093C000546009F05DFF524BC4F8003C04F5406066
:1093D00009F056FF4F4BC4F8C03A04F52C6009F071
:1093E0004FFF4D4BC4F8303A04F5236009F048FFB5
:1093F0004A4BC4F8A83904F6A81009F041FF484BBD
:10940000C4F8203904F5126009F03AFF454BC4F85E
:10941000C03704F5F86009F033FF434BC4F8303728
:1094200004F5E66009F02CFF404BC4F8B03604F5B3
:10943000D66009F025FF3E4BC4F8203604F5C46021
:1094400009F01EFF3B4BC4F8883504F5B16009F004
:1094500017FF394BC4F8103504F5A26009F010FF6E
:10946000364BC4F8783404F58F6009F009FF344BAB
:10947000C4F8E03304F5787009F002FF314BC4F80A
:10948000583304F5567009F0FBFE2F4BC4F8D03268
:1094900004F5347009F0F4FE2C4BC4F8403204F5A6
:1094A000107009F0EDFE2A4BC4F8B03104F5D87005
:1094B00009F0E6FE274BC4F8203104F5907009F05E
:1094C000DFFE2046244B40F8983F09F0D9FE234B9D
:1094D00023602046BDE8384009F0D2BE402201207A
:1094E0005C7C0308507C0308447C0308387C030838
:1094F0002C7C0308207C0308147C0308087C0308E8
:10950000FC7B0308F07B0308E47B0308D87B03089B
:10951000CC7B0308C07B0308B47B0308A87B03084B
:109520009C7B0308907B0308847B0308787B0308FB
:109530006C7B0308607B0308547B0308487B0308AB
:109540003C7B0308307B0308247B0308187B03085B
:109550000C7B0308007B0308F47A0308E87A03080D
:109560002DE9F04F2DED048B044683B009F06CFE1D
:1095700020464FF03009F04BDFF824A440F8683B58
:109580004A46002116F0E0F8C4F868A004F19800FB
:10959000202609F059FEE94BE94FC4F898303246CD
:1095A000002104F5807016F0CFF8C4F8007104F5BE
:1095B00090704FF0280809F047FEE24BDFF8E4B363
:1095C000C4F820314246002104F5C47016F0BCF8FE
:1095D000C4F888B104F5D87009F036FEDA4BC4F847
:1095E000B0314246002104F5067016F0ADF8C4F81B
:1095F00018B204F5107009F027FED44BC4F84032BD
:109600004246002104F52A7016F09EF8C4F8A8B26C
:1096100004F5347009F018FECD4BC4F8D032324650
:10962000002104F54E7016F08FF8C4F8387304F575
:10963000567009F009FEC74BC4F858333246002172
:1096400004F5707016F080F8C4F8C07304F57870F3
:1096500009F0FAFDC04BC4F8E0334A46002104F596
:10966000896016F071F8C4F848A404F58F6009F019
:10967000EBFDBA4BC4F878344A46002104F5A265E4
:1096800004F59C6016F060F89FEDA99BC4F8E0A477
:10969000284609F0D9FDB24BC4F81035B14B9FED07
:1096A000B28A85ED1C9B04F5B160C4F8783509F0E9
:1096B000CBFDAE4BC4F888354A46002104F5BE60A8
:1096C00016F042F8AA4BC4F8F03504F5C46009F06E
:1096D000BBFDA84BC4F820364246002104F5D160FA
:1096E00016F032F8C4F888B604F5D66009F0ACFD7F
:1096F000A14BC4F8B0360025A04BC4F81837C4F805
:109700001C57C4F82057C4F82457C4F82857C4F885
:109710002C5704F5E66009F097FD994BC4F83037F3
:109720004246294604F5F36016F00EF8C4F898B7DF
:1097300004F5F86009F088FD924BC4F8C03729465B
:10974000F82204F6280015F0FFFF8F4BC4F82838E4
:1097500004F5126009F078FD8C4BC4F820393246CC
:10976000294604F6881015F0EFFFC4F8887904F64E
:10977000A81009F069FD864BC4F8A839324629467D
:1097800004F5216015F0E0FFC4F8107A04F52360B9
:1097900009F05AFD7F4BC4F8303A3246294604F6A8
:1097A000982015F0D1FFC4F8987A04F52C6009F0E0
:1097B0004BFD794BC4F8C03AD022294604F53360FA
:1097C00015F0C2FF04F5346304F53560019311F020
:1097D000DBFF04F5366080ED008A04F6643080ED2E
:1097E000008A04F6683080ED008A04F66C3080ED63
:1097F000008A04F5376080ED008A04F6743080ED4D
:10980000008AF7EE008A04F67830C0ED008A04F68C
:109810007C30C0ED008A04F53860C0ED008A04F6A3
:109820008430C0ED008A04F68830C0ED008A04F66A
:109830008C30C0ED008A04F5396080ED008A04F6B2
:10984000943080ED008A04F53A6104F6983080ED9A
:10985000008A81ED008A81ED018A04F6A83181ED4C
:10986000008A04F6AC3181ED008A04F53B6181ED9C
:10987000008A04F6B43181ED008A04F6B83181ED36
:10988000008A04F6BC3181ED008A04F53C6181ED6B
:10989000008A04F6C43181ED008A04F6C83181EDF6
:1098A000008A04F6CC3181ED008A04F53D6181ED3A
:1098B000008A04F6D43181ED008A04F6D83181EDB6
:1098C000008A04F6DC3181ED008A04F53E6181ED09
:1098D000008A04F6E43181ED008A019BDFF8C8B00C
:1098E00004F6E83181ED008A04F6EC3181ED008A5E
:1098F00004F5406083ED2C9BC4F830BBC4F8F85BE2
:1099000084F8FC5B09F0A0FC244BC4F8003CD02296
:10991000294604F5476015F017FF04F5486304F580
:109920004960019311F030FF40E000BFAFF30080C9
:109930000000000000000000E87A0308F47A030841
:10994000387A0308007B03080C7B0308187B0308A4
:10995000247B0308307B03083C7B0308487B030817
:10996000547B0308887A030800000000607B03082A
:10997000B87A03086C7B0308787B0308787A0308BD
:10998000847B0308907B0308987A03089C7B030878
:10999000A87B0308B47B0308C07B0308CC7B0308C7
:1099A000587A0308487A0308A87A030804F54A603D
:1099B00080ED008A04F6A44080ED008A04F6A840F9
:1099C00080ED008A04F6AC4080ED008A04F54B601F
:1099D00080ED008A04F6B44080ED008A04F6B840B9
:1099E000C0ED008A04F6BC40C0ED008A04F54C606E
:1099F000C0ED008A04F6C440C0ED008A04F6C840F9
:109A0000C0ED008A04F6CC40C0ED008A04F54D603C
:109A100080ED008A04F6D44080ED008A04F54E61A2
:109A200004F6D84080ED008A81ED008A81ED018A3C
:109A300004F6E84181ED008A04F6EC4181ED008AEC
:109A400004F54F6181ED008A04F6F44181ED008A4E
:109A500004F6F84181ED008A04F6FC4181ED008AAC
:109A600004F5506181ED008A04F6045181ED008A0D
:109A700004F6085181ED008A04F60C5181ED008A4C
:109A800004F5516181ED008A04F6145181ED008ADC
:109A900004F6185181ED008A04F61C5181ED008A0C
:109AA00004F5526181ED008A04F6245181ED008AAB
:109AB000019B04F6285181ED008A04F62C5181EDBA
:109AC000008A04F5546083ED2C9BC4F870BCC4F884
:109AD000385D84F83C5D09F0B7FBAD4BC4F8403D00
:109AE0002946D02204F55B6015F02EFE04F55C6378
:109AF00004F55D60019311F047FE04F55E6181EDB0
:109B0000008A04F6E45181ED008A04F6E85181ED03
:109B1000008A04F6EC5181ED008A04F55F6181ED65
:109B2000008A04F6F45181ED008A04F6F851C1ED83
:109B3000008A04F6FC51C1ED008A04F56061C1EDB4
:109B4000008A04F60461C1ED008A04F60861C1EDE3
:109B5000008A04F60C61C1ED008A04F5616181EDB3
:109B6000008A04F6146181ED008A04F5626204F64D
:109B7000186181ED008A82ED008A82ED018A04F687
:109B8000286282ED008A04F62C6282ED008A04F5D8
:109B9000636282ED008A04F6346282ED008A04F684
:109BA000386282ED008A04F63C6282ED008A04F598
:109BB000646282ED008A04F6446282ED008A04F653
:109BC000486282ED008A04F64C6282ED008A04F558
:109BD000656282ED008A04F6546282ED008A04F622
:109BE000586282ED008A04F65C6282ED008A04F518
:109BF000666282ED008A04F6646282ED008A019B4F
:109C000004F6686282ED008A04F66C6282ED008AD6
:109C100004F5686083ED2C9BC4F8B0BDC4F8785E91
:109C200084F87C5E09F010FB5A4BC4F8803E424633
:109C3000294604F6E86015F087FD574BC4F8E83E66
:109C400004F5716009F000FB544AC4F8102F29464E
:109C5000424604F6787015F077FD4F4BC4F8783F14
:109C600004F57A6004F5805B09F0EEFA4C4AC4F81A
:109C7000A02F294642460BF1080015F065FD464B22
:109C8000CBF8083004F58150103009F0DDFA454B6F
:109C9000CBF83030424629460BF1980015F054FDC0
:109CA000414BCBF8983004F5865009F0CDFA3F4B84
:109CB000CBF8C030324629460BF5947015F044FDC0
:109CC0003B4BCBF8283104F58A50083009F0BCFA38
:109CD000384BCBF84831324629460BF5D87015F091
:109CE00033FD04F58E50CBF8B071103009F0ACFAAA
:109CF000314BCBF8D031324629460BF50E7015F0BA
:109D000023FD04F59250CBF83872183009F09CFA14
:109D10002A4BCBF858323246294604F5965015F0B6
:109D200013FDCBF8C07204F5975009F08DFA244B5F
:109D3000CBF8E0324A4629460BF5527015F004FD87
:109D400004F59B50CBF848A3183009F07DFA1D4B61
:109D5000CBF878334A46294604F59F5015F0F4FCB9
:109D600004F5A050CBF8E0A3103009F06DFA164BC3
:109D7000CBF810344A4629460BF58F6015F0E4FC09
:109D80002046CBF878A403B0BDEC048BBDE8F08F7F
:109D9000D87B0308E47B0308687A0308F07B030898
:109DA000FC7B0308087C0308C87A0308147C0308BA
:109DB000D87A0308207C03082C7C0308387C03082D
:109DC000447C0308507C03085C7C030810B50C4CF1
:109DD0002368BFF35B8FDB0701D50A4810BD20461F
:109DE00013F0A2FE0028F8D00648FFF7B9FB06489A
:109DF00015F067FC204613F0A3FE024810BD00BF1B
:109E0000342201204022012019930108704700BF2D
:109E1000044B4FF0804C596ADCF824005A6A914296
:109E2000F9D17047000C0040704700BF013808B5F9
:109E30001E2811D8DFE800F011181F262D3410104D
:109E40001010101010103B101010101010101010E7
:109E5000101010101010420008BD002007F006FE80
:109E6000BDE8084007F06EBF002007F0FFFDBDE829
:109E7000084008F015B9002007F0F8FDBDE80840DB
:109E800008F0A4B8002007F0F1FDBDE8084008F094
:109E90002BB8002007F0EAFDBDE8084007F0B8BF86
:109EA000002007F0E3FDBDE8084008F0CBB9002032
:109EB00007F0DCFDBDE8084007F026BE002007F0F3
:109EC000D5FDBDE8084007F079BE00BF70B507F0CA
:109ED000ADF8754D044600682E68002833D1A0689F
:109EE0002E6800283DD120692E68002847D1A0693E
:109EF0002E68002851D1206A2E6800285BD1A06A04
:109F00002E68002865D1206B2E6800286FD1A06BC9
:109F10002E68002879D1206C2E68002840F08580BA
:109F2000A06C2E68002840F09080206D2E680028DC
:109F300040F09B80A06D2E68002840F0A6802B6822
:109F400001332B6070BD07F0D1F8B6FBF0F303FBD3
:109F50001066002EC3D163689847A0682E68002859
:109F6000C1D007F0C3F8B6FBF0F303FB1066002E78
:109F7000B9D1E368984720692E680028B7D007F068
:109F8000B5F8B6FBF0F303FB1066002EAFD16369A2
:109F90009847A0692E680028ADD007F0A7F8B6FB57
:109FA000F0F303FB1066002EA5D1E3699847206A01
:109FB0002E680028A3D007F099F8B6FBF0F303FB56
:109FC0001066002E9BD1636A9847A06A2E6800280D
:109FD00099D007F08BF8B6FBF0F303FB1066002E68
:109FE00091D1E36A9847206B2E6800288FD007F044
:109FF0007DF8B6FBF0F303FB1066002E87D1636B90
:10A000009847A06B2E68002885D007F06FF8B6FB44
:10A01000F0F303FB1066002E7FF47DAFE36B9847EF
:10A02000206C2E6800283FF47BAF07F05FF8B6FB8A
:10A03000F0F303FB1066002E7FF472AF636C984759
:10A04000A06C2E6800283FF470AF07F04FF8B6FB05
:10A05000F0F303FB1066002E7FF467AFE36C9847C4
:10A06000206D2E6800283FF465AF07F03FF8B6FB7F
:10A07000F0F303FB1066002E7FF45CAF636D98472E
:10A08000A06D2E6800283FF45AAF07F02FF8B6FBFA
:10A09000F0F303FB1066002E7FF451AFE36D984799
:10A0A0002B6801332B6070BDF436012006F034B903
:10A0B00010B5002008F038F908F0ACF9002001F0E4
:10A0C000F9FE02F031F80A4C002000F03DFD01F0ED
:10A0D0001FFA2368DA0702D50133236010BD054B50
:10A0E0001868F7F7C9F923680133236010BD00BF72
:10A0F000F036012050050020012808B505D8FAF7F0
:10A10000F3FBBDE80840FAF74BBE034B034A044893
:10A110003121F0F7A7F800BFBC0B0308E00B0308E0
:10A12000A40C030808B5002004F0A0F804F046FBD6
:10A13000002003F0A1FCBDE8084003F035BD00BFDE
:10A1400008B5002007F02AFB07F0C4FB002002F04E
:10A15000F5FA02F01FFB002002F01CFCBDE80840ED
:10A1600003F0E4B910B5FFF731FEFFF74FFE002012
:10A1700004F07CF803681B689847002004F076F828
:10A1800003685B68984718B96E48DB2109F092F8BC
:10A19000002007F003FB03681B689847002007F0C6
:10A1A000FDFA03685B6898470028EDD0002008F0AE
:10A1B000BBF803681B689847002008F0B5F80368EF
:10A1C0005B6898470028DFD00020FAF78DFB036812
:10A1D0001B6898470020FAF787FB03685B6898477D
:10A1E0000028D1D00120FAF77FFB03681B6898474D
:10A1F0000120FAF779FB03685B6898470028C3D011
:10A200000020FBF7E7F903681B6898470020FBF77D
:10A21000E1F903685B6898470028B5D00120FBF797
:10A22000D9F903681B6898470120FBF7D3F9036845
:10A230005B6898470028A7D0002002F0ABFB0368BA
:10A240001B689847002002F0A5FB03685B689847ED
:10A25000002899D00024204603F00EFC03681B68F8
:10A260009847204603F008FC03685B68984700287D
:10A270008AD00134032CEED10024204601F01AFECE
:10A2800003681B689847204601F014FE03685B686A
:10A29000984700283FF478AF0134032CEDD100201B
:10A2A00002F04CFA03681B689847002002F046FA57
:10A2B00003685B68984700283FF466AF002005F00C
:10A2C000FFFF03681B689847002005F0F9FF03684B
:10A2D0005B68984700283FF457AF002006F03AFE2D
:10A2E00003681B689847002006F034FE03685B682B
:10A2F000984700283FF448AF002007F0B7FB0368F9
:10A300001B689847002007F0B1FB03685B6898471B
:10A3100000283FF439AF002000F016FC0022002393
:10A3200000F016FF012000F00FFC0022002300F0D7
:10A330000FFF022000F008FCBDE8104000220023BF
:10A3400000F006BFF00C030808F062BF81B110B442
:10A35000084C014410F8013B5340DBB2884254F8EA
:10A36000233083EA1222F5D1D0435DF8044B7047C5
:10A37000D0437047607C03082DE9F0412C4D2D4CF3
:10A380002D4F2E4E04E0023008D0236801332360A5
:10A3900028680721F7F73EF80028F4D1D4F80080A8
:10A3A000B8F1000F21D0002001F04CFC01F056FC68
:10A3B000002002F0EFFA03F099F9206810F0070886
:10A3C00020D0002007F052FB012107F08BFB23680F
:10A3D00007FB03F2B6EBB20F4FF00000D6D307F045
:10A3E00045FB052107F07EFBCFE7404607F03EFB2B
:10A3F0000F2107F077FB404607F038FB1F2107F0DD
:10A4000071FBD0E7404601F0BDF901F0C9F94046C3
:10A4100000F09AFB01F078F9012000F095FB01F0C3
:10A4200073F9022000F090FB01F06EF9C9E700BF5C
:10A4300080050020FC360120CDCCCCCCCCCCCC0C83
:10A440002DE9F041264D274C274F284E04E0072BDD
:10A450000DD02368013323601423012228680721CB
:10A46000F6F79EFE03469A1C4FF00000EFD102F073
:10A4700091FA02F0C1FA002000F0E4F800F0B6F919
:10A48000002003F069FC03F0DBFC002002F026F85A
:10A4900002F066F8002002F021F88046FFF7B8FCD1
:10A4A00002460B46404602F093F8002007F0DEFA21
:10A4B000022107F017FB236807FB03F2B6EB720FCC
:10A4C0004FF00000C6D307F0D1FA032107F00AFBD2
:10A4D000002007F0CBFA042107F004FBB9E700BF26
:10A4E00044050020F8360120CDCCCCCC999999199F
:10A4F00080B5154D154F164E2868C8B13B68FBB1A5
:10A500003368CBB14FF0FF31F6F784FF0028F3D169
:10A5100000F01AFB0446FFF77BFC02460B46204680
:10A5200000F016FE0B4B01211868F6F70BFEE3E76F
:10A5300009486E2108F0BEFE0748702108F0BAFEF7
:10A5400005486F2108F0B6FE500500204C0500209C
:10A550004805002044050020000D030880B5164D75
:10A56000164F174E2B68D3B1386800B33368D3B198
:10A570004FF0FF31F6F74EFF0028F3D1012000F035
:10A58000E3FA0446FFF744FC02460B46204600F07F
:10A59000DFFD0C4B02211868F6F7D4FDE2E70A480C
:10A5A0006E2108F087FE0848702108F083FE0648F7
:10A5B0006F2108F07FFE00BF500500204C050020F1
:10A5C0004805002044050020000D030880B5164D05
:10A5D000164F174E2B68D3B13B6803B33068D0B128
:10A5E0004FF0FF31F6F716FF0028F3D1022000F0FC
:10A5F000ABFA0446FFF70CFC02460B46204600F07F
:10A60000A7FD0C4B04211868F6F79CFDE2E70A4809
:10A610006E2108F04FFE0848702108F04BFE0648F6
:10A620006F2108F047FE00BF500500204C050020B8
:10A630004805002044050020000D0308704700BFB6
:10A640000120704708B90448704708B5034A044B15
:10A6500004481921EFF706FE14000020300D03080E
:10A66000180D0308800D0308F8B5A0F10A03022BAA
:10A6700046D8264F3B68BFF35B8FDB0705460C4689
:10A6800026D5234E3368012B34D803EB830304EB28
:10A69000C3035A69022A07D0032A29D19A69022AD8
:10A6A00026D1DB699D4223D07368012B22D803EBAE
:10A6B000830304EBC3014B69022B17D0032B17D183
:10A6C0008B69022B14D1C869401B18BF0120F8BD4B
:10A6D000384613F029FA0E4E0028D3D00022012369
:10A6E0003846C6E9002313F02BFACBE70120F8BD6A
:10A6F0000020F8BD074B084A08486A21EFF7B2FD71
:10A70000074B084A08484E21EFF7ACFD00370120FF
:10A7100008370120D80E0308EC0E0308F40F0308D5
:10A72000140E03085C0E0308800D030800000000EF
:10A73000F8B59FED297B2A4C04604FF0000C91F88E
:10A740002040C0F804C0C0F808C0C0F80CC0C0F871
:10A7500010C04FF0000C80ED067B80F820C014B3D1
:10A7600091F84840FCB1022480F820400E690C6842
:10A7700044608C6A8460D1E9025416B18F6BBE428A
:10A7800012D0184BC3600361D1E90C316A085B0831
:10A7900042EAC47243EAC1739B184FEA540444EB83
:10A7A0005104C0E90634F8BD0B2EC0E9065408D0A8
:10A7B0000C2E08D00A2E08D1D16813690361C1603C
:10A7C000F8BD1A46F8E7069AF6E70748952108F01B
:10A7D00071FD00BFAFF3008000000000000000002A
:10A7E000C87A0308910A863F381003082DE9F04F14
:10A7F000D3B0482200210CA814F0A6FF502200215B
:10A800001EA814F0A1FFFFF7E1FA0546FFF7DEFAF4
:10A810000646FFF7DBFA05F568670446802200214B
:10A8200032A814F091FF384608F036FD70B9FFF7F2
:10A83000CDFA00F5815510350446284608F02CFD68
:10A84000002840F0FA8053B0BDE8F08F06F571683B
:10A85000404608F021FD002800F0A38004F57A6945
:10A86000484608F019FD002840F0FF80384608F0FF
:10A870001DFD404608F01AFD9DF84031002BD6D052
:10A880009DF83841BCB1479B0693489B07930A202B
:10A890000123CDE90403DDE94C23CDE902230DF1C9
:10A8A000080CBCE80F000DF1300EAEE80F009CE87C
:10A8B00003008EE803009DF81051BDB13D9B069347
:10A8C0003E9B07930B210123CDE90413DDE94223CD
:10A8D000CDE902230DF1080CBCE80F000DF1480E84
:10A8E000AEE80F009CE803008EE803009DF8E860E6
:10A8F000BEB1339B0693349B07930C220123CDE911
:10A900000423DDE93823CDE902230DF1080CBCE86E
:10A910000F000DF1600EAEE80F009CE803008EE81A
:10A9200003000CA91EA809F099FD002C3DD1002DB3
:10A9300068D136B11EA90C20FFF796FE002840F022
:10A94000E780FFF743FA044632AB04F581550093E4
:10A9500002A83CAB46AA1EA91035FFF7E9FE28461F
:10A9600008F09AFC00283FF46EAF04F58054039A77
:10A97000049BC4F89C20C4F8A030059A069BC4F838
:10A98000A420C4F8A830DDE908239DF8281084F835
:10A99000B810C4E92C23284608F088FC53B0BDE861
:10A9A000F08F384608F082FC66E71EA90A20FFF700
:10A9B0005BFE0028BBD0FFF709FA00F58155103582
:10A9C00004462846DDE94CABDDF81C91DDF820811A
:10A9D000499F4A9E08F060FC00283FF434AF04F51C
:10A9E00080540123C4E92CABC4F89C90C4F8A08027
:10A9F000C4F8A470C4F8A86084F8B830284608F0F9
:10AA000055FC20E71EA90B20FFF72EFE002890D052
:10AA1000FFF7DCF900F58155103504462846DDE9DD
:10AA200042ABDDF8F490DDF8F8803F9F409E08F0DF
:10AA300033FC00283FF407AFD1E704F5805400232E
:10AA4000002100220020C4E92C01C4F89C30C4F885
:10AA5000A030C4F8A430C4F8A83084F8B820284640
:10AA600008F024FC53B0BDE8F08F06F6787205F5C7
:10AA70006F6C9CED047BD2F804C0CDF8F4C004F5F3
:10AA80008053D2F808C0CDF8F8C0D2F80CC01269D3
:10AA900040923846DA6895F8084F339206F57867A1
:10AAA00005F6E8611A6996F8985F3492D7E9046769
:10AAB00093ED086B5A6935929A698DF81051CDE97A
:10AAC0004267CD684F688E68CDF8FCC0096993F87D
:10AAD00028C036920123194A32928DED386B3C9290
:10AAE0008DF8E8C046928DF840318DED4C7B4A914F
:10AAF0004797489649958DF8384108F0D7FB40466E
:10AB000008F0D4FB484608F0D1FB9DF84031B5E68B
:10AB1000FFF75CF900F58155103504462846DDE95C
:10AB200038ABDDF8CC90DDF8D080359F369E08F04C
:10AB3000B3FB00283FF487AE51E700BF687A0308F3
:10AB4000704700BF012070470228F8B570D83C4E0E
:10AB50003568BFF35B8F15F00105044633D0394EDD
:10AB60003568BFF35B8F15F0010510D0364E3568A0
:10AB7000BFF35B8F15F001053FD0012C05D0334B9F
:10AB80003348022C18BF1846F8BD3248F8BD30468D
:10AB900012F0CAFF0028E9D02E4F2F4B3B60012353
:10ABA0007B6007F10C037B6607F15C005023C7E96B
:10ABB0001755BB66F6F722FBB86000283CD030463C
:10ABC00012F0BEFFD2E7304612F0AEFF0028C6D02A
:10ABD0001E4F214B3B6007F10C037B6607F15C00C5
:10ABE0005023C7E917557D60BB66F6F707FBB860D1
:10ABF00010B3304612F0A4FFB1E7304612F094FFD4
:10AC00000028BAD0124F144B3B6002237B6007F13F
:10AC10000C037B6607F15C005023C7E91755BB6640
:10AC2000F6F7ECFAB86038B1304612F089FFA4E7C5
:10AC30000A48412108F03EFB0948302108F03AFB60
:10AC4000F03701208037012010370120F437012030
:10AC5000143701208437012078800308541003083A
:10AC6000441003084368012B70B50C4600F0DC80EB
:10AC7000022B0ED0002B40F06482FFF7A7F800F5FE
:10AC80002C660546304608F007FB002840F0988106
:10AC900070BDFFF79BF800F554660546304608F096
:10ACA000FBFA0028F4D005F55C6322691A6062693A
:10ACB0005A6005F55D62216A116005F6D452616A39
:10ACC000116005F6D852A16A116005F6DC52E16AFE
:10ACD000116005F55E62216B116005F6E452616B4F
:10ACE000116005F6E852A16B116005F6EC52E16BBC
:10ACF000116005F55F62216C116005F6F452616C1C
:10AD0000116005F6F852A16C116005F6FC52E16C79
:10AD1000116005F56062216D116005F60462616DD8
:10AD2000116005F60862A16D116005F60C62E16D17
:10AD3000116005F56162216E116005F61462616EA5
:10AD4000116005F61862A16E116005F56262616F0F
:10AD50003046266F1660516005F62862A16F1160BB
:10AD600005F62C62E16F116005F56362D4F880107E
:10AD7000116005F63462D4F88410116005F638626B
:10AD8000D4F88810116005F63C62D4F88C1011607C
:10AD900005F56462D4F89010116005F64462D4F8A9
:10ADA0009410116005F64862D4F89810116005F609
:10ADB0004C62D4F89C10116005F56562D4F8A010BF
:10ADC000116005F65462D4F8A410116005F65862BB
:10ADD000D4F8A810116005F65C62D4F8AC101160CC
:10ADE00005F56662D4F8B010116005F66462D4F817
:10ADF000B410116005F66862D4F8B810116094EDD3
:10AE0000307BD4F8BC60D4F8C81094F8CC2005F698
:10AE10006C64266083ED2C7BC5F8781E85F87C2E4B
:10AE2000BDE8704008F042BAFEF7D0FF00F540667A
:10AE30000546304608F030FA00283FF429AF05F502
:10AE4000486322691A6062695A6005F54962216A9D
:10AE5000116005F69442616A116005F69842A16A94
:10AE6000116005F69C42E16A116005F54A62216BAA
:10AE7000116005F6A442616B116005F6A842A16B52
:10AE8000116005F6AC42E16B116005F54B62216C77
:10AE9000116005F6B442616C116005F6B842A16C10
:10AEA000116005F6BC42E16C116005F54C62216D44
:10AEB000116005F6C442616D116005F6C842A16DCE
:10AEC000116005F6CC42E16D116005F54D62216E11
:10AED000116005F6D442616E116005F6D842A16E8C
:10AEE000116005F54E62616F3046266F1660516045
:10AEF00005F6E842A16F116005F6EC42E16F1160C2
:10AF000005F54F62D4F88010116005F6F442D4F8CC
:10AF10008410116005F6F842D4F88810116005F627
:10AF2000FC42D4F88C10116005F55062D4F89010F2
:10AF3000116005F60452D4F89410116005F6085219
:10AF4000D4F89810116005F60C52D4F89C101160DA
:10AF500005F55162D4F8A010116005F61452D4F82A
:10AF6000A410116005F61852D4F8A810116005F667
:10AF70001C52D4F8AC10116005F55262D4F8B01030
:10AF8000116005F62452D4F8B410116005F6285269
:10AF9000D4F8B810116094ED307BD4F8BC60D4F8CC
:10AFA000C81094F8CC2005F62C54266083ED2C7B39
:10AFB000C5F8381D85F83C2DBDE8704008F076B91D
:10AFC00005F5346322691A6062695A6005F53562D5
:10AFD000216A116005F65432616A116005F6583233
:10AFE000A16A116005F65C32E16A116005F536620E
:10AFF000216B116005F66432616B116005F66832F1
:10B00000A16B116005F66C32E16B116005F53762DA
:10B01000216C116005F67432616C116005F67832AE
:10B02000A16C116005F67C32E16C116005F53862A7
:10B03000216D116005F68432616D116005F688326C
:10B04000A16D116005F68C32E16D116005F5396274
:10B05000216E116005F69432616E116005F698322A
:10B06000A16E116005F53A62616F3046266F166079
:10B07000516005F6A832A16F116005F6AC32E16FA0
:10B08000116005F53B62D4F88010116005F6B4320A
:10B09000D4F88410116005F6B832D4F88810116025
:10B0A00005F6BC32D4F88C10116005F53C62D4F87A
:10B0B0009010116005F6C432D4F89410116005F6B2
:10B0C000C832D4F89810116005F6CC32D4F89C1030
:10B0D000116005F53D62D4F8A010116005F6D43278
:10B0E000D4F8A410116005F6D832D4F8A810116075
:10B0F00005F6DC32D4F8AC10116005F53E62D4F8E8
:10B10000B010116005F6E432D4F8B410116005F601
:10B11000E832D4F8B810116094ED307BD4F8BC60FC
:10B12000D4F8C81094F8CC2005F6EC34266083EDF2
:10B130002C7BC5F8F81B85F8FC2BBDE8704008F0A7
:10B14000B5B80248E12108F0B5F800BF6410030863
:10B150002DE9F04F0746F7B00DF14F0020F00F0634
:10B160000121B86815461C46F6F798F8002800F04B
:10B17000F280284621467A6809F060FAB868012111
:10B18000F6F78CF8002800F0ED8006F12005002489
:10B1900028463461746110F0F7FA4FF07E53304660
:10B1A000B364F36433657365B365F365002200230C
:10B1B00034637463B463F4633464746434667466CF
:10B1C000B46634677467B467F467C6F88040C6F83D
:10B1D0008440C6F88840C6F88C40C6F89040C6F84F
:10B1E0009440C6F89840C6F89C40C6F8A040C6F8FF
:10B1F000A440C6F8A840C6F8AC40C6F8B040C6F8AF
:10B20000B440C6E930235B4A40F8D02B002379686C
:10B21000C6F8B840C6F8BC40C6F8C83086F8CC308E
:10B2200009F090FAD6F8D0203261D6F8D4207261B5
:10B2300006F1480106F584720292019106F58A70C2
:10B2400006F5907106F1A802039005910C9206F59F
:10B25000B47106F5BA7006F1B40206F1E0030D917F
:10B260000F900E920FCB06F1600CCDF810C006F5D2
:10B270009C7CCDF81CC006F1F00B06F1780C85E83B
:10B280000F00CDF818C09BE8070006F5A27CCDF8AA
:10B2900024C006F1840CCDF820C006F5A87CCDF8BA
:10B2A0002CC006F1300A06F1900C06F1FC09CDF82D
:10B2B00028C08AE8070099E8070006F13C0888E8FA
:10B2C0000700029A019B07CA83E807000398D6F893
:10B2D000303107C806F1540484E807000599D6F810
:10B2E0003421726707C9049C84E807003367079814
:10B2F000069B07C883E807000999089B07C983E8EC
:10B3000007000B980A9B07C806F5AE7E83E8070086
:10B310009EE80700D6F88831C6F8C83006F19C0CC4
:10B320008CE8070096F88C310D9986F8CC3007C967
:10B330000C9B83E807000F980E9B07C883E8070063
:10B34000D6E9602331463846C6E93023FFF78AFC48
:10B3500077B0BDE8F08F786809F030F9B868F5F794
:10B36000C1FF06E7786809F0ADF9B868F5F7BAFFEC
:10B370000BE700BFA87A03082DE9F84F4368012BBB
:10B380002DED068B0C46164651D0022B3BD0002BE0
:10B3900040F0B680FEF71AFD00F597580746404684
:10B3A00007F07AFF054638B307F5805393EDDAAB23
:10B3B000404693EDD39AD3EDD48A93EDD58AD3F852
:10B3C00058B3D3F85CA3D3F86093D3F86483B3F88D
:10B3D000707307F06BFF84ED08AB84ED019AC4ED48
:10B3E000028A84ED038AC4F810B0C4F814A0C4F82B
:10B3F0001890C4F81C802785BDEC068B01232846D5
:10B400003360BDE8F88FFEF7E1FC00F5A05808F1C5
:10B4100010080746404607F03FFF0546002843D185
:10B42000BDEC068B042328463360BDE8F88FFEF799
:10B43000CDFC00F59B5808F118080746404607F078
:10B440002BFF054648B307F5805307F5A05797ED46
:10B4500000AB404693EDF99AD3EDFA8A93EDFB8A5F
:10B46000D3F8F0B3D3F8F4A3D3F8F893D3F8FC836C
:10B47000B3F8087407F01AFF84ED08AB84ED019A65
:10B48000C4ED028A84ED038AC4F810B0C4F814A095
:10B49000C4F81890C4F81C802785BDEC068B0323E4
:10B4A00028463360BDE8F88F07F5805207F5A457AA
:10B4B00002F58F6397ED06AB93ED019AD3ED028A07
:10B4C00093ED038AD3F810B0D3F814A0D3F81890F2
:10B4D000DF694046B2F8A08407F0E8FE84ED08ABCF
:10B4E00084ED019AC4ED028A84ED038AC4F810B099
:10B4F000C4F814A0C4F81890E761A4F828808FE776
:10B5000002484FF4877107F0D5FE00BF781003089A
:10B5100010B598B004462C2200210DA814F014F99F
:10B52000164B0C9301AA0CA92046FFF725FF10B17A
:10B530009DF858300BB918B010BD019B04939DEDD8
:10B54000147B0E9B0D9A0F980793109B0692012176
:10B55000119A08900993A068129B0A928DED027BC4
:10B560000B930591F5F79AFE0028E4D102A86168D3
:10B5700008F0A0FFA068F5F7B5FEDCE7587A0308ED
:10B5800010B5022898B035D8FFF7DEFA2C22044611
:10B5900000210DA814F0D8F8184B0C9301AA0CA99F
:10B5A0002046FFF7E9FE10B19DF858300BB918B0EE
:10B5B00010BDDDE9142301980490CDE90223012197
:10B5C0000D9B0E9A1098059106930F9B0792089376
:10B5D000119A129B0990A0680A920B93F5F75EFEF0
:10B5E0000028E4D102A8616808F064FFA068F5F7BC
:10B5F00079FEDCE70248812107F05CFE587A0308F7
:10B60000881003082DE9F84F4368012B0C461646B5
:10B6100037D0022B26D0002B6DD1FEF7D7FB00F5DB
:10B6200012680746404607F037FE0546A8B107F501
:10B630001962D2E902AB07F68813404697F8A07961
:10B64000D3F80490D3F8088007F030FEC4E904ABC7
:10B65000C4F80490C4F80880277602233360284693
:10B66000BDE8F88FFEF7B2FB00F5236807464046B9
:10B6700007F012FE054638BB062333602846BDE8B6
:10B68000F88FFEF7A3FB00F6A8180746404607F020
:10B6900003FE054698B107F52163D3E904AB4046A4
:10B6A00097F8287AD3F80490D3F8088007F0FEFDC5
:10B6B000C4E904ABC4F80490C4F8088027760523D5
:10B6C00033602846BDE8F88F07F52A6207F698230D
:10B6D000D2E902AB97F8B07AD3F804904046D3F899
:10B6E000088007F0E3FDC4E904ABC4F80490C4F893
:10B6F00008802776C0E702484FF4947107F0DAFD1E
:10B70000A41003080000000030B59FED197B91B034
:10B71000194A08920023002401AA08A98DED0C7B88
:10B72000054609930A938DF83840FFF76BFF10B177
:10B730009DF838300BB911B030BDDDE90C23099804
:10B74000CDF81540CDE902230121019B0690A868A0
:10B75000079404938DF81410F5F7A0FD0028EAD1A2
:10B7600002A8696808F0E8FEA868F5F7BBFDE2E703
:10B770000000000000000000387A0308704700BF96
:10B780000120704708B90348704708B502481B21DB
:10B7900007F090FD1800002054100308000000007E
:10B7A0002DE9F04F2DED048BB9B0482200210CA8F3
:10B7B00013F0CAFFFEF70AFB0446FEF707FB074635
:10B7C000FEF704FB04F58A556822804600211EA876
:10B7D000083513F0B9FF284607F05EFD28BBFEF7D9
:10B7E000F5FA00F512650446284607F055FD0028D5
:10B7F00040F0D680FEF7EAFA00F6A815044628467F
:10B8000007F04AFD002840F08E81FEF7DFFA00F5D0
:10B8100023650446284607F03FFD002840F06D816F
:10B8200039B0BDEC048BBDE8F08F07F58E561036AD
:10B83000304607F031FD002875D008F5925909F11E
:10B840001809484607F028FD002840F0BB8028462C
:10B8500007F02CFD304607F029FD9DF8D830002B6D
:10B86000BDD09DF8D050002D40F0EB809DF8B06029
:10B870000DF1080E002E40F000819DF89070002F11
:10B8800040F015810CA9704609F056FA099B019306
:10B89000DDE90789002D40F022814FF0000B9FED7C
:10B8A000BE8B09EE10BAFEF791FA00F5126A044653
:10B8B000504607F0F1FC002839D1002E48D1002570
:10B8C0009FEDB59B08EE105AFEF780FA00F6A81B14
:10B8D0000446584607F0E0FC002843D1002F4FD122
:10B8E00000264FF000084FF00009B246FEF76EFA4E
:10B8F00000F523650446284607F0CEFC00288FD0CB
:10B9000004F6982328469E60C3F804A004F52A6331
:10B91000C3E9028984F8B07A07F0C8FC39B0BDECFD
:10B92000048BBDE8F08F284607F0C0FC95E704F6CD
:10B93000881383ED019AC3F808B004F5196383ED09
:10B94000028B504684F8A05907F0B0FC002EB6D008
:10B95000B8F1020F00F00B81B8F1030F00F0FF8087
:10B960000026ACE704F5216383ED049B83ED018A97
:10B970009D60584684F8286A07F098FC002FAFD0E5
:10B98000B8F1020F00F00181B8F1030F00F0F5806B
:10B9900000260027B2464FF000084FF00009A5E747
:10B9A00004F6881300225A609A6004F51961002297
:10B9B0000023C1E90223002384F8A039284607F0B8
:10B9C00075FC17E704F5805407F58057D4F8B421C7
:10B9D0002F92D4F8B821309208F58053D7F83C2242
:10B9E0002792D7F840222892D3F8C4221F92D3F886
:10B9F000C822209294F8C8218DF8D020284697F8C4
:10BA000050228DF8B020D4E9704593F8D8228DF8F3
:10BA10009020D3E9B423CDE93245D7E99245CDE969
:10BA2000222301238DF8D830CDE92A4507F03EFCCA
:10BA3000304607F03BFC484607F038FC9DF8D8300C
:10BA40000DE701218DF81410DDE932010023CDE965
:10BA50000201CDF81530079302222F9B04920DF1BD
:10BA6000080E069376460FCE0CAC0FC433689DF8D3
:10BA7000B0602360002E3FF400AF0023CDF81530F6
:10BA8000079301238DF8143005230493DDE92A235D
:10BA9000CDE90223279B069377460FCF12AC0FC444
:10BAA0003B689DF890702360002F3FF4EBAE0023BD
:10BAB000CDF8153007931F9B069301238DF81430A2
:10BAC00006230493DDE92223CDE90223F446BCE8F2
:10BAD0000F0018AC0FC4DCF800302360D2E6B8F1D8
:10BAE000020F35D0B8F1030F2DD04FF0000B9FEDB2
:10BAF0002A8B09EE10BA0025D5E604F69823002219
:10BB00005A609A6004F52A6100220023C1E90223E9
:10BB1000002384F8B03A284607F0C8FB39B0BDECE2
:10BB2000048BBDE8F08F04F5216300220020002182
:10BB3000C3E904015A609A60002384F8283A284631
:10BB400007F0B4FB61E6B9F1020FCED1022BCCD0E5
:10BB50009DED328B9DED2F9ADDF8C0B0A3E6B9F1D3
:10BB6000020F7FF4FDAE019B052B3FF4F9AE9DED76
:10BB70002A9B9DED278A289DA6E6B9F1020F7FF446
:10BB800007AF019B062B3FF403AFDDE92289DDF807
:10BB90007CA0209EAAE600BF00000000000000007C
:10BBA000704700BF0120704710B58AB00023ADF880
:10BBB0000D308DF80F304B1E032B33D81D4C54F82D
:10BBC0002330032B2ED0022B90ED086BD0F810C041
:10BBD000D0ED057A846990ED017AD0F808E0C0686C
:10BBE00022D803EB83038DED006BCDF81CC002EB74
:10BBF000C30C0123CDF814E00291EE468DF80C3011
:10BC00000690BEE80F008DED047AACE80F00BEE8A8
:10BC10000F00ACE80F00CDED087A09949EE8030010
:10BC20008CE803000AB010BD034B044A04486021AD
:10BC3000EEF718FB90800308D80E0308BC10030829
:10BC4000F40F030808B90348704708B502481F21DC
:10BC500007F030FB1C000020541003082DE9F04FC2
:10BC60002DED028BADF5037D78220021684613F09F
:10BC70006BFDF422002145A813F066FDFEF7A6F83F
:10BC80000446FEF7A3F80546FEF7A0F804F597561C
:10BC90008146982200211EA813F056FD304607F079
:10BCA000FBFA60B305F59B5808F11808404607F009
:10BCB000F3FA002841D009F5A0571037384607F0AD
:10BCC000EBFA00283DD1304607F0F0FA404607F085
:10BCD000EDFA9DF8083193B19DF80031002B40F04A
:10BCE000BC809DF8D030002B40F0B1809DF8A03092
:10BCF000002B40F0A680694646A810F009FEFEF72A
:10BD000065F800F5F8650446284607F0C5FA28B935
:10BD10000DF5037DBDEC028BBDE8F08FF02246A946
:10BD200004F5036013F0EEFD284607F0BFFA0DF5A9
:10BD3000037DBDEC028BBDE8F08F304607F0B6FA0C
:10BD4000C7E7304609F5805605F5805206F58F6144
:10BD5000D2EDF90A92EDFA3AD2EDFB3A92EDFC4AB5
:10BD6000D2EDFD4A92EDFE5AD2EDFF5AB2F808A488
:10BD70004A681F9204F580538A68209209F5A454FA
:10BD800005F5A05C9CED002B94ED061B93EDDA6BA2
:10BD9000CA6893EDD37AD3EDD47A91ED070A91ED89
:10BDA000058A21920A69B6F8A0E4D3F858C3D3F8FB
:10BDB0005493D3F85C63D3F86053D3F86443D1F859
:10BDC00018B02292B3F87013274A1E9201238DED0A
:10BDD000238A8DF808318DED261B8DED322B8DEDEC
:10BDE0003E6B8DED250AADF8A0E0CDED2B0A8DED73
:10BDF0002C3ACDED2D3A8DED2E4ACDED2F4A8DED1D
:10BE0000305ACDED315A8DED377ACDED387ACDF807
:10BE1000E8C0ADF800112A923692CDF890B0ADF896
:10BE2000D0A0CDF8E4903B963C953D9407F03EFAC7
:10BE3000404607F03BFA384607F038FA9DF80831DB
:10BE400049E76A4604211EA8FFF7AEFE53E76A469B
:10BE500003212AA8FFF7A8FE48E76A46012136A871
:10BE6000FFF7A2FE3DE700BF587A0308407B70470A
:10BE7000437B03B1704710B590ED020ADFED0C0A69
:10BE8000044610300FF078F9DFED090A94ED020A4C
:10BE900004F13C000FF070F9DFED050A94ED020AA1
:10BEA00004F168000FF068F90123637310BD00BF4F
:10BEB000000048432DE9F047554F3C68BFF35B8FC6
:10BEC00014F00104064608D0022E00F29D80514B6A
:10BED000942000FB0630BDE8F087384611F024FEC0
:10BEE0000028F1D04B4D4C4BDFF83491AB6021462C
:10BEF000282205F114004FF07E58C5F800902C71EF
:10BF0000AC8113F021FC2146282205F14000C5E94F
:10BF10000944C5E90B44C5F8108013F015FC21460F
:10BF2000282205F16C00DFF8FCA0C5F83C80C5E9CB
:10BF30001444C5E9164413F007FC012321462822C6
:10BF400005F1A80085F89830C5E92044C5F8688057
:10BF5000EC67C5F89490A5F8A040C5F88840C5F8EE
:10BF60009CA013F0F1FB2146282205F1D400C5E97D
:10BF70002E44C5E93044C5F8A48013F0E5FB214602
:10BF8000282205F58070C5E93944C5E93B44C5F868
:10BF9000D08013F0D9FB02232146282205F59E709C
:10BFA00085F82C31C5E94544C5F82891C5F830A17C
:10BFB000C5F8FC80C5F81041A5F83441C5F81C410E
:10BFC00013F0C2FB2146282205F5B470C5E953449D
:10BFD000C5E95544C5F8388113F0B6FB282221463F
:10BFE00005F5CA70C5E95E44C5E96044C5F86481D9
:10BFF00013F0AAFB3846C5E96944C5E96B44C5F8A6
:10C00000908111F09DFD5FE70448142107F052F97B
:10C0100060380120643801200000204154100308DA
:10C02000B8800308000040400379012B70B50C462E
:10C0300031D0022B0AD0002B70D1FDF7C7FE054688
:10C0400007F02AF900284ED1002070BDFDF7BEFE92
:10C0500000F58F650646284607F01EF90028F3D044
:10C0600006F59C6328465A6862609A68A260DA689E
:10C07000E2601A6922615A6962619A69A261DA69A9
:10C08000E261D3E90823C4E90823B6F8083523851B
:10C0900007F00CF925E0FDF799FE00F578750646E6
:10C0A000284607F0F9F80028CED006F5896328461F
:10C0B0005A6862609A68A260DA68E2601A6922616E
:10C0C0005A6999696261DA69E26106F58A63D3E9BE
:10C0D0000623C4E90823A161B6F87034238507F06C
:10C0E000E5F8012070BDEB6ED5E9220163602B6F8E
:10C0F000A3606B6FE360AB6F2361EB6F6361D5F897
:10C100008030A361D5F88430E361C4E90801B5F853
:10C1100090302385284607F0C9F8E2E701486D21F1
:10C1200007F0C8F8781003082DE9F04F2DED048BC7
:10C1300004468DB02C22002101A813F005FB637B7F
:10C140007C4A0092002B7ED19FED7B8A18EE107AFC
:10C1500018EE10AA18EE10BA4FF00005F0EE488A5B
:10C16000B0EE489AF0EE489A4FF000084FF0000900
:10C170002379012B3ED0022B12D0002B40F0D68029
:10C18000FDF724FE00F597560446304607F084F884
:10C19000002840F0A1800DB0BDEC048BBDE8F08F0D
:10C1A000FDF714FE00F5A05610360446304607F0A1
:10C1B00073F80028EFD004F5805202F58F6304F580
:10C1C000A4543046C3F810B0C3F814A09F6183EDA7
:10C1D000078AC3ED019A83ED029AC3ED038AC4E98D
:10C1E0000689A2F8A0540DB0BDEC048BBDE8F04F59
:10C1F00007F05CB8FDF7EAFD00F59B5618360446DB
:10C20000304607F049F80028C5D004F58053304681
:10C2100004F5A054C3F8F0B3C3F8F4A3C3F8F8735B
:10C2200083EDFF8AC3EDF99A83EDFA9AC3EDFB8A99
:10C23000C4E90089A3F808540DB0BDEC048BBDE837
:10C24000F04F07F033B869462046FFF7EDFEE0B344
:10C250009DF82830CBB3237B042B04F1100857D86A
:10C2600004F13C0704F16806002540469DED010AF3
:10C2700025730EF02BFF38469DED020A0EF026FFC7
:10C280009DED030A30460EF021FF40460EF01AFFE6
:10C290003846F0EE409A0EF015FF3046B0EE409A68
:10C2A0000EF010FF9DF82930DDF810B0DDF814A075
:10C2B000069F9DED078A012262F30705DDE90889E3
:10C2C000F0EE408A63F30F2552E7237BFF2B3FF408
:10C2D0003BAF0133237337E704F58050C0E9DA89B7
:10C2E000C0F858B3C0F85CA3C0EDD39A80EDD49ADF
:10C2F000C0EDD58AC0F8607380EDD98AA0F870537C
:10C3000030460DB0BDEC048BBDE8F04F06F0CEBF5B
:10C31000404604F13C070EF025FF04F1680638465C
:10C320000EF020FF30460EF01DFF9DE703488221EE
:10C3300006F0C0FF587A0308000000009C110308B3
:10C3400002282DE9F04700F2B5805C4F3C68BFF34E
:10C350005B8F14F00104064607D0594D942000FB72
:10C360000650BDE8F047FFF7DFBE384611F0DCFBB2
:10C37000534D0028F2D0534BDFF85091AB6021466B
:10C38000282205F114004FF07E58C5F800902C715A
:10C39000AC8113F0D9F92146282205F14000C5E906
:10C3A0000944C5E90B44C5F8108013F0CDF92146C6
:10C3B000282205F16C00DFF818A12C65C5E91544A9
:10C3C000C5F83C80EC6513F0BFF901232146282213
:10C3D00005F1A80085F89830C5E92044EC67C5F858
:10C3E0006880C5F88840A5F8A040C5F89490C5F8C5
:10C3F0009CA013F0A9F92146282205F1D400C5E933
:10C400002F44C5F8B840C5F8A480C5F8C44013F05F
:10C410009BF92146282205F58070C5E93A44C5F804
:10C42000E440C5F8D080C5F8F04013F08DF9022340
:10C430002146282205F59E7085F82C31C5E9454432
:10C44000C5F830A1C5F81041C5F8FC80C5F81C41FD
:10C45000C5F82891A5F8344113F076F92146282231
:10C4600005F5B470C5E95444C5F84C41C5F83881A8
:10C47000C5F8584113F068F92146282205F5CA701D
:10C48000C5E95F44C5F87841C5F86481C5F88441C1
:10C4900013F05AF93846C5E96944C5E96B44C5F853
:10C4A000908111F04DFB942000FB0650BDE8F04751
:10C4B000FFF73ABE0448902106F0FCFE60380120E8
:10C4C0006438012000002041B8110308B880030837
:10C4D00000004040704700BF01207047F8B5184E7B
:10C4E0003468BFF35B8F14F00104054602D0D5B960
:10C4F0001448F8BD304611F017FB0028F7D0114F53
:10C50000114B3B6007F108033B6607F158005023CD
:10C51000C7E916447B66F4F771FE786048B130468F
:10C5200011F00EFBE3E7094B094A0A482D21EDF70C
:10C5300099FE094B094A07481B21EDF793FE00BFFE
:10C54000203A0120243A0120C8800308180D03086E
:10C55000A812030804120308F8070308CC11030803
:10C560002DE970432DED028B0646FDF72FFC00F5FB
:10C57000815510350446284606F08EFE18B9BDECEC
:10C58000028BBDE8708304F58054D4E92C8994EDC6
:10C59000278AD4ED288A94F8B840284606F086FE0B
:10C5A000002CECD070680121F4F778FE0028E6D169
:10C5B0004046F0EE680AB0EE480A494610F03CFAF0
:10C5C000BDEC028B7068BDE87043F4F78BBE00BF12
:10C5D0002DE9F0472DED028B86B0054617461E4625
:10C5E000FDF7F4FB00F5E6680446404606F054FE0D
:10C5F000F0B96C46204610F03BFA9DF810508DB112
:10C60000DDE90289009F0125FDF7E0FB00F5D66614
:10C610000446304606F040FE98BB06B0BDEC028BE7
:10C62000BDE8F08700274FF000084FF00009EBE766
:10C6300004F5F36304F5F46294F8B847D3F804A062
:10C64000D3F80890404692ED048BD3F80C8006F0A6
:10C650002DFE002CCDD000236868CDF800A001216C
:10C660008DED048BCDF80490CDF808800393F4F79A
:10C6700015FEB8B16C4622463846314610F0EAF94C
:10C68000B8E704F5E36330465F6004F5E463C3E9AB
:10C69000008984F8285706B0BDEC028BBDE8F0474E
:10C6A00006F004BE10F0D0F96868F4F71BFEE1E76D
:10C6B00000797047037903B1704730B591B04FF4FA
:10C6C000E05101250446ADF808101B4800950223EF
:10C6D00002AAA021EFF7F0FC08B111B030BD34235D
:10C6E0001548009303AAA021EFF754FE0028F4D1C7
:10C6F0004FF0FF32302103A8FDF728FE0F9B984230
:10C70000EBD1049BE360069B6361089B0399059A48
:10C71000E3620A9BA16022610799099A63620C9BFC
:10C720002162A2610B990D9AE3610E9B2163A262C3
:10C7300063632571D1E700BFA804002070B50F4ED8
:10C740003468BFF35B8F14F00104054602D075B95D
:10C750000B4870BD304611F0E7F90028F7D0084BC0
:10C76000084A1A6030461C7111F0EAF9EFE7064BEF
:10C77000064A07480C21EDF775FD00BF8C3A0120F1
:10C78000903A0120D8800308180D03080413030809
:10C79000601303082DE9F04103792DED068BBBB939
:10C7A0009FED3D8A4FF00008F0EE488AB0EE489ABF
:10C7B00000260027FDF70AFB00F5C465044628465D
:10C7C00006F06AFD002850D1BDEC068BBDE8F08173
:10C7D0000446FDF7FBFA00F590760546304606F074
:10C7E0005BFD0028DCD0D5ED639A95ED64AA95ED4C
:10C7F000658A3046D5E9686795F8A85106F056FD78
:10C80000002DCDD0D4ED0D7A94ED0B9AD4ED0C8A99
:10C81000D4ED086A94ED097A28EE099A68EE288A20
:10C8200028EE278AD4ED0A7AAAEE269A4FF001085C
:10C83000EAEE078AAAEE278AD4ED056A94ED067A15
:10C84000D4ED077AA9EEA69AE9EE878AA9EEA78A1F
:10C85000D4ED026A94ED037AD4ED047A39EE269A87
:10C8600078EE878A38EE278AA4E704F5D1630022A0
:10C870001A6183ED019AC3ED028A83ED038A04F500
:10C88000D263C3E9046784F8A886BDEC068B28460A
:10C89000BDE8F04106F00ABD0000000090F8440039
:10C8A000704700BF90F8443003B17047F0B52DEDEC
:10C8B000048B97B00DF14F014FF4406301260446FD
:10C8C00021F00F05ADF81C3031480096022307AA6D
:10C8D000A021EFF7F1FB18B117B0BDEC048BF0BD50
:10C8E00010232B48009303AAA021EFF753FD002843
:10C8F000F2D103A84FF0FF320C21FDF727FD069B74
:10C900009842E9D19DED051ADDED040A9DED030A7B
:10C91000284610F001FA95E80F0004F1100787E8A7
:10C920000F0038460FF014F890ED009A38460FF0DB
:10C9300015F890ED008A38460FF016F8D0ED008A11
:10C9400038460FF017F8D0ED001AB1EE488AF1EE34
:10C95000688AB0EE681AF0EE480AB0EE490AF1EEC5
:10C96000611A28460EF030FF294607A807AD10F0DF
:10C970003BFA0FCD04F1200CACE80F000FCDACE872
:10C980000F002B68CCF8003084F84460A4E700BFA7
:10C99000A804002070B5144D2C68BFF35B8F14F011
:10C9A000010401D0114870BD284611F0BDF80028DF
:10C9B000F8D00E4E0E4B304640F8103B0EF0E4FE21
:10C9C00000234FF07E52284632627362B362F362F4
:10C9D00032637363B363F363326486F8444011F0E7
:10C9E000AFF8024870BD00BFC83A0120D03A01201C
:10C9F000E8800308000000002DE9F04F2DED028BC8
:10CA000090F84460ADF5317D002E00F05F810DF1AE
:10CA1000470424F00F0404F5E07A00259FEDC88B4D
:10CA200007465046C4F8B051C4F8B4510EF0ACFEFD
:10CA300004F1F0034FF07E564FF0000BDFF808834F
:10CA4000C4F8D0511846C4F8D451C4F8D851C4F829
:10CA5000DC51C4F8E051C4F8E451C4F8E861C4F80A
:10CA6000EC61C4F8F061C4F8F461C4F8F861C4F88A
:10CA7000FC61C4F80052C4F80452C4F80852C4F867
:10CA80001052C4F81452C4F81852C4F81C52C4F816
:10CA90002052C4F82452C4F82852C4F82C52C4F8C6
:10CAA0003052C4F83452C4F83852C4F83C52C4F876
:10CAB0004052C4F84452C4F84852C4F84C52C4F826
:10CAC0005052C4F85452C4F85852C4F85C52C4F8D6
:10CAD000E050C4F8E4500093C4F868B284F86CB233
:10CAE00084ED988BC4F8A0810EF04EFE04F1200373
:10CAF0001846C4F80051C4F80451C4F80851C4F8E9
:10CB00000C51C4F81051C4F81451C4F81861C4F899
:10CB10001C61C4F82061C4F82461C4F82861C4F819
:10CB20002C61C4F83051C4F83451C4F83851C4F8F9
:10CB30004051C4F84451C4F84851C4F84C51C4F8A9
:10CB40005051C4F85451C4F85851C4F85C51C4F859
:10CB50006051C4F86451C4F86851C4F86C51C4F809
:10CB60007051C4F87451C4F87851C4F87C51C4F8B9
:10CB70008051C4F884510193C4F88851C4F88C5191
:10CB8000C4F898B184F89CB12561656184ED648B2B
:10CB9000C4F8D0800EF0F8FD25636563A563E563F6
:10CBA00025646564A664E66426656665A665E66533
:10CBB00025666566A56625676567A567E567C4F8A8
:10CBC0008050C4F88450C4F88850C4F88C50C4F81D
:10CBD0009050C4F89450C4F89850C4F89C50C4F8CD
:10CBE000A050C4F8A450C4F8A850C4F8AC50C4F87D
:10CBF000B050C4F8B450C4F8B850C4F8BC50C4F82D
:10CC0000C8B084F8CCB084ED308BC4F80080FDF758
:10CC1000DDF800F52C660546304606F03DFB834600
:10CC2000002840F07082FDF7D1F800F54068054615
:10CC3000404606F031FB0646002840F08780FDF7AD
:10CC4000C5F800F554698046484606F025FB0546C0
:10CC5000002840F07D81BBF1000F04D0D4F8683289
:10CC6000022B00F00684FDF7B1F800F5686B8246F0
:10CC7000584606F011FB002840F04B8326B1D4F84B
:10CC80009831022B00F05983FDF7A0F800F5716987
:10CC90000646484606F000FB002840F00D8325B10B
:10CCA000D4F8C830022B00F09B83FDF78FF800F515
:10CCB0007A650446284606F0EFFA002840F0128311
:10CCC0000DF5317DBDEC028BBDE8F08FFDF77EF8F0
:10CCD00000F568650446284606F0DEFA002840F0B4
:10CCE0002281FDF773F800F571650446284606F0C9
:10CCF000D3FA002840F00381FDF768F800F57A6563
:10CD00000446284606F0C8FA0028D9D004F5805415
:10CD1000002000210023C4E9080100222846E36026
:10CD200023616361A36184F828200DF5317DBDEC9A
:10CD3000028BBDE8F04F06F0B9BA00BFAFF3008038
:10CD40000000000000000000A87A030805F5496211
:10CD500005F548631268C4F8F02005F6944205F61C
:10CD6000C8411268C4F8F42005F69842404612689B
:10CD7000C4F8F82005F69C421268C4F8FC2005F5BA
:10CD80004A621268C4F8002105F6A4421268C4F889
:10CD9000042105F6A8421268C4F8082105F6AC4241
:10CDA0001268C4F80C2105F54B621268C4F8102112
:10CDB00005F6B4421268C4F8142105F6B8421268A8
:10CDC000C4F8182105F6BC421268C4F81C2105F508
:10CDD0004C621268C4F8202105F6C4421268C4F8F7
:10CDE00024211A68C4F8E0205A68C4F8E4200968CD
:10CDF000C4F8281105F6CC4105F54E620968C4F85F
:10CE00002C1105F54D610968C4F8301105F6D441BF
:10CE10000968C4F8341105F6D8410968C4F8381116
:10CE200005F6E8410968C4F8481105F6EC410968BF
:10CE3000C4F84C1105F54F610968C4F8501105F6A6
:10CE4000F4410968C4F8541105F6F8410968C4F8BA
:10CE5000581105F6FC410968C4F85C1105F55061EC
:10CE60000968C4F8601105F604510968C4F8641132
:10CE700005F608510968C4F8681111685268C4F8C9
:10CE8000442105F60C52C4F840111268C4F86C2114
:10CE9000D3E92C23C4E9642305F551631B68C4F866
:10CEA000703105F614531B68C4F8743105F6185335
:10CEB0001B68C4F8783105F61C531B68C4F87C3134
:10CEC00005F552631B68C4F8803105F624531B68CE
:10CED000C4F8843105F628531B68C4F8883105F678
:10CEE0002C531B68C4F88C31D5F8383DC4F8983100
:10CEF00095F83C3D84F89C3106F0D8F99FE604F69D
:10CF0000787300225A609A60DA601A6104F57861D9
:10CF100000220023C1E90423002384F8983F284617
:10CF200006F0C4F9E8E604F6E86300221A615A60E4
:10CF30009A60DA604FF0000804F56F634FF0000963
:10CF4000C3E90489284684F8086F06F0AFF9C8E6FB
:10CF500008F55D6108F55C620968216208F6D45144
:10CF600008F6086C0968616208F6D85148460968F5
:10CF7000A16208F6DC510968E16208F55E610968A2
:10CF8000216308F6E4510968616308F6E85109680D
:10CF9000A16308F6EC510968E16308F55F6109686F
:10CFA000216408F6F4510968616408F6F8510968CB
:10CFB000A16408F6FC510968E16408F5606109683C
:10CFC000216508F60461096861651168216151688D
:10CFD0006161DCF800C0C4F858C008F60C6C08F5B4
:10CFE0006261DCF800C0C4F85CC008F5616CDCF874
:10CFF00000C0C4F860C008F6146CDCF800C0C4F8C7
:10D0000064C008F6186CDCF800C0C4F868C008F604
:10D01000286CDCF800C0C4F878C008F62C6CDCF88A
:10D0200000C0C4F87CC008F5636CDCF800C0C4F82C
:10D0300080C008F6346CDCF800C0C4F884C008F680
:10D04000386CDCF800C0C4F888C008F63C6CDCF82A
:10D0500000C0C4F88CC008F5646CDCF800C0C4F8EB
:10D0600090C008F6446CDCF800C0C4F894C008F620
:10D07000486CDCF800C0C4F898C0D1F800C049681A
:10D08000616708F64C61C4F870C0096898F87C3E86
:10D09000C4F89C1092ED2C7B08F5656284ED307B22
:10D0A0001268C4F8A02008F6546284F8CC301268E4
:10D0B000C4F8A42008F658621268C4F8A82008F63C
:10D0C0005C621268C4F8AC2008F566621268C4F8A5
:10D0D000B02008F664621268C4F8B42008F66862EA
:10D0E0001268C4F8B82008F66C621268C4F8BC2054
:10D0F000D8F8782EC4F8C82006F0D8F8BBF1000F95
:10D100007FF4ACADAFE505F5356205F53463126823
:10D11000C4F8C02105F6543205F688311268C4F807
:10D12000C42105F6583230461268C4F8C82105F605
:10D130005C321268C4F8CC2105F536621268C4F876
:10D14000D02105F664321268C4F8D42105F668329D
:10D150001268C4F8D82105F66C321268C4F8DC21D4
:10D1600005F537621268C4F8E02105F674321268DA
:10D17000C4F8E42105F678321268C4F8E82105F60F
:10D180007C321268C4F8EC2105F538621268C4F8E4
:10D19000F02105F684321268C4F8F4211A68C4F844
:10D1A000B0215A68C4F8B4210968C4F8F81105F62A
:10D1B0008C3105F53A620968C4F8FC1105F539614E
:10D1C0000968C4F8001205F694310968C4F804121D
:10D1D00005F698310968C4F8081205F6A8310968FF
:10D1E000C4F8181205F6AC310968C4F81C1205F52C
:10D1F0003B610968C4F8201205F6B4310968C4F827
:10D20000241205F6B8310968C4F8281205F6BC31B5
:10D210000968C4F82C1205F53C610968C4F830129D
:10D2200005F6C4310968C4F8341205F6C831096836
:10D23000C4F8381211685268C4F8142205F6CC32CA
:10D24000C4F810121268C4F83C22D3E92C23C4E9B4
:10D25000982305F53D631B68C4F8403205F6D433C6
:10D260001B68C4F8443205F6D8331B68C4F848324A
:10D2700005F6DC331B68C4F84C3205F53E631B68C9
:10D28000C4F8503205F6E4331B68C4F8543205F68E
:10D29000E8331B68C4F8583205F6EC331B68C4F851
:10D2A0005C32D5F8F83BC4F8683295F8FC3B84F85A
:10D2B0006C3205F0FBFFB6E406F6787300225A6084
:10D2C0009A60DA601A614FF0000A06F5786200236E
:10D2D0004FF0000BC2E904AB484686F8983F05F0D2
:10D2E000E5FFDCE404F58054002300210022002047
:10D2F000C4E90801E36023616361A36184F8282025
:10D30000284605F0D3FF0DF5317DBDEC028BBDE85D
:10D31000F08F0AF6E8639FED827B00225A609A60E4
:10D32000DA601A610AF56F62002382ED047B5846C9
:10D330008AF8083F05F0BAFFA0E404F51C763046F1
:10D34000009907F110020EF06FFA774A0492002359
:10D3500000223046059306930793089303938DF8B4
:10D36000302003AB06AA05A94FF0000A4FF0000BCE
:10D37000CDE90AAB0FF034FC01238DF83030D4F83E
:10D3800048310793D4F84C310893D4E96423CDE9AC
:10D390000A23FCF71BFD00F571690646484605F0B7
:10D3A0007BFF00283FF47BAC06F67873DDE90AAB1F
:10D3B000DDF814E0DDF818C00799089A1A61C3F87F
:10D3C00004E0C3F808C0D96006F57863C3E904AB8C
:10D3D0009DF8303086F8983F484605F067FF5EE4D8
:10D3E00004F51C7507F11002284601990EF01CFA8D
:10D3F0004D4A049200230022284605930693079382
:10D40000089303938DF8302003AB06AA05A90026E4
:10D410000027CDE90A670FF0E3FBD4E93001A36FE1
:10D4200007930122E36F8DF83020CDE90A010893BC
:10D43000FCF7CCFC00F57A650446284605F02CFF85
:10D4400000283FF43DAC04F58054059A069B236107
:10D45000E260089B079A6261A361DDE90A23C4E9DF
:10D4600008239DF8303084F82830284605F01EFF48
:10D4700026E4514604F51C7A504607F110020EF0DE
:10D48000D3F9294A049200230022504605930693BB
:10D490000793089303938DF8302003AB06AA05A9E0
:10D4A0004FF0000A4FF0000BCDE90AAB0FF098FBEC
:10D4B00001238DF83030D4F818320793D4F81C3299
:10D4C0000893D4E99823CDE90A23FCF77FFC00F503
:10D4D000686B8246584605F0DFFE00283FF4CEAB6D
:10D4E0000AF6E8639DED0A7BDDF814E0DDF818C06C
:10D4F0000799089A1A61C3F804E0C3F808C0D96014
:10D500000AF56F6383ED047B9DF830308AF8083F9D
:10D51000584605F0CBFEFFF7B1BB00BFAFF300806C
:10D520000000000000000000687A03082DE9704345
:10D5300090F844502DED068BB5B99FED3E8A4FF023
:10D540000008F0EE488AB0EE489A4FF00009FCF768
:10D550003DFC00F5E6660446304605F09DFEC8B980
:10D56000BDEC068BBDE870830446FCF72FFC00F58C
:10D57000C4660546304605F08FFE10BB9FED2D8A30
:10D580000025F0EE488AB0EE489A4FF000084FF0C0
:10D590000009DCE704F5F36300221A6183ED019AC8
:10D5A000C3ED028A83ED038A04F5F463C3E90489B9
:10D5B00084F8B857BDEC068B3046BDE8704305F0E3
:10D5C00075BE05F5D16305F5D26295F8A856D3ED81
:10D5D000019A93ED02AA93ED038A3046D2E90489B9
:10D5E00005F064FE002DC9D0D4ED107A94ED0E9AAA
:10D5F000D4ED0F8AD4ED0B6A94ED0C7A28EE099ADB
:10D6000068EE288A28EE278AD4ED0D7AAAEE269AAB
:10D610000125EAEE078AAAEE278AD4ED086A94ED7E
:10D62000097AD4ED0A7AA9EEA69AE9EE878AA9EEDC
:10D63000A78A8CE70000000090F8283013B390F818
:10D640005030FBB190F87830E3B1C369022B04D0BD
:10D65000032B19D1036A022B16D1436C022B04D081
:10D66000032B11D1836C022B0ED1C36E022B07D07A
:10D67000032B09D1036F022B14BF02200120704736
:10D6800001207047184670470220704790F8A0307C
:10D6900043B390F8C8302BB390F8F03013B3D0F800
:10D6A0009430022B05D0032B1ED1D0F89830022BDA
:10D6B0001AD1D0F8BC30022B05D0032B14D1D0F8EE
:10D6C000C030022B10D1D0F8E430022B08D0032B4D
:10D6D0000AD1D0F8E830022B14BF02200120704795
:10D6E0000120704718467047022070472DE9F04727
:10D6F0002DED068B90F84440BEB0E4B99FEDC08A92
:10D70000B0EE489AF0EE489AF0EE488AB0EE48AA99
:10D71000F0EE48AA2746A046A146FCF757FB00F5C5
:10D72000B1660546304605F0B7FDC8B93EB0BDEC60
:10D73000068BBDE8F087F4220021054601A812F00F
:10D7400003F8B04B0093FCF741FB00F5F866044684
:10D75000304605F0A1FD08BB9FEDA98A0024CFE764
:10D7600005F5BE633046C5F81086C5F81496C3EDBE
:10D7700001AA83ED02AAC3ED038AC3ED049A83EDE7
:10D78000059A83ED068A85F8187685F819463EB025
:10D79000BDEC068BBDE8F04705F088BD04F50361DC
:10D7A000F02202A812F0AEF8304605F07FFD684680
:10D7B000FFF742FF07466846FFF768FF0446002F61
:10D7C00040F09A800028C7D0DFED8D8AD5ED084A59
:10D7D00095ED0B3AD5ED0E6AD5ED0A5A95ED0D4A49
:10D7E000D5ED102A95ED095AD5ED0C3A95ED0F7A45
:10D7F000B0EE68AAF0EE68AA39463846229D239E0C
:10D80000814BDDED347A9DED2A6AAA1942F10002BE
:10D81000A3FB02CE2EF0010C0CEB5E0CA2EB0C0273
:10D82000B5EB0208DDE92CC566F100061CEB05022C
:10D8300042F10002A3FB02EA2AF0010E0EEB5A0E9F
:10D840004FF0AA39A2EB0E02BCEB020209FB08FA68
:10D8500003FB06AA65F1000509FB02F603FB05655B
:10D86000A8FB038CDDE936E6D444A2FB032A18EBBF
:10D870000208554445EB0C051EEB060C4CF1000C60
:10D88000A3FB0C2A2AF0010266EEA79A27EE279A3C
:10D8900027EEA28A02EB5A02ACEB020CBEEB0C02A2
:10D8A000E6EE039A66F1000609FB02F9A3EE869AFA
:10D8B00003FB0699A2FB0323A6EE048A994418EB06
:10D8C0000208DDED207A49EB0509E7EEA49AA7EE00
:10D8D000859AA7EEA58A002F3FF41FAF4FEA58089C
:10D8E000490848EAC97841EAC07111EB08084FEAD3
:10D8F000590949EB500910E7DDE90410424BD5ED19
:10D900000E6A95ED0F7AD5ED102A95ED0B3AD5ED0F
:10D910000C3A95ED0D4AD5ED084A95ED095AD5ED2D
:10D920000A5A0E9DDDED167A9DED0C6A0A1842F139
:10D930000002A3FB026C2CF0010606EB5C06921BB6
:10D94000B1EB02080F9960F100006A1842F1000281
:10D95000A3FB026C2CF0010606EB5C064FF0AA3923
:10D96000921BAA1A09FB08FC03FB00CC61F1000121
:10D9700009FB02F0DDE9186503FB0100A8FB038148
:10D980006144A2FB032C18EB0208604440EB010049
:10D99000711941F10001A3FB012C2CF0010267EE8B
:10D9A000A6AA27EE87AA67EEA28A02EB5C02891A72
:10D9B000721AE6EE03AA65F1000109FB02F9A6EE70
:10D9C00023AA03FB0199A2FB0323E6EE048A9944F0
:10D9D00018EB0208DDED027A49EB0009E7EEA4AA94
:10D9E000A7EE85AAE7EEA58A34B99FED058AB0EEC9
:10D9F000489AF0EE489A90E641464846FEE600BF57
:10DA000000000000987A0308ABAAAAAA40797047E0
:10DA1000437903B1704730B589B049F2024101251D
:10DA20000446ADF80C1013480095022303AAA02168
:10DA3000EEF742FB08B109B030BD10230D4800934A
:10DA40000DEB0302A021EEF7A5FC0028F3D14FF067
:10DA5000FF320C2104A8FCF779FC079B9842EAD11D
:10DA60002379657108AA02EB830353F8103CA36085
:10DA7000E1E700BFA804002070B5154E3568BFF37C
:10DA80005B8F15F00105044607D0022C1CD8114805
:10DA900004EB440400EB840070BD304610F044F801
:10DAA0000028F2D00B4B0C4919600022D960996113
:10DAB0009A6002215A611A62304601229D80998340
:10DAC0001A8210F03DF8E0E70448192105F0F2FB56
:10DAD000203B0120243B0120F88003085410030858
:10DAE0000379012B70B50C462AD0022B0DD0002BE8
:10DAF00053D1FCF76BF900F198060546304605F066
:10DB0000CBFB002838D1002070BDFCF75FF900F591
:10DB100056760546304605F0BFFB0028F3D0D5F811
:10DB2000C423D5F8C833A3606260D5E9F423C4E9FF
:10DB3000042395F8D8332376304605F0B7FB19E077
:10DB4000FCF744F900F534760546304605F0A4FBB1
:10DB50000028D8D0D5F83C23D5F84033A3606260C4
:10DB6000D5E9D223C4E9042395F85033237630460F
:10DB700005F09CFB012070BDD5F80421D5F80831D3
:10DB8000A3606260D5E94423C4E9042395F8183101
:10DB90002376304605F08AFBECE70248642105F065
:10DBA00089FB00BFA41003082DE9F0412DED028B85
:10DBB00088B0454B9FED458A009343798DED018AEE
:10DBC000002604468DED028A049605968DF81860AD
:10DBD000002B53D19FED3D8A0027F0EE488A3E4648
:10DBE0003D462379012B2BD0022B12D0002B67D17D
:10DBF000FCF7ECF800F58A5808F10808044640469E
:10DC000005F04AFB00284CD108B0BDEC028BBDE802
:10DC1000F081FCF7DBF800F5925808F1180804468B
:10DC2000404605F039FB0028EED004F58054C4E9E5
:10DC3000B465C4EDB18A84EDB28A84F8D87215E077
:10DC4000FCF7C4F800F58E5808F110080446404669
:10DC500005F022FB0028D7D004F58054C4E9926572
:10DC6000C4ED8F8A84ED908A84F85072404608B0E3
:10DC7000BDEC028BBDE8F04105F018BB6946FFF72B
:10DC80002FFF0028A6D09DF81870AFB1D4ED028AFE
:10DC9000DDED017A9DED028ADDE9046578EEA78A63
:10DCA0009FE704F58054C4E97065C4ED6D8A84ED86
:10DCB0006E8A84F8C871D9E73546F0EE488A90E755
:10DCC0000348792105F0F6FA387A030800000000CD
:10DCD000041403080228F8B52ED8194F3D68BFF385
:10DCE0005B8F15F00105044608D0164E04EB440482
:10DCF00006EB8400BDE8F840FFF756BF38460FF04A
:10DD000013FF104E0028F1D00F4A3260002338462E
:10DD1000F260B261B360736133620222012304EBEB
:10DD20004404B580B28333820FF00AFF06EB84000F
:10DD3000BDE8F840FFF738BF0448802105F0BAFA83
:10DD4000203B0120243B0120F88003081C14030819
:10DD5000704700BF0120704708B90448704708B5F4
:10DD6000034A044B04481921ECF77CFA20000020F8
:10DD700040140308180D0308A0140308F8B5A0F117
:10DD80000A03022B46D8264F3B68BFF35B8FDB07A5
:10DD900005460C4626D5234E3368012B34D803EBB9
:10DDA000830304EBC3035A69022A07D0032A29D14B
:10DDB0009A69022A26D1DB699D4223D07368012B20
:10DDC00022D803EB830304EBC3014B69022B17D06A
:10DDD000032B17D18B69022B14D1C869401B18BFC4
:10DDE0000120F8BD38460FF09FFE0E4E0028D3D01C
:10DDF000002201233846C6E900230FF0A1FECBE73D
:10DE00000120F8BD0020F8BD074B084A08486A21E8
:10DE1000ECF728FA074B084A08487821ECF722FA71
:10DE2000483B0120503B0120D80E03081816030878
:10DE3000F40F03084415030894150308A0140308FD
:10DE40002DE9F04F2DED068BB3B0482200210CA830
:10DE500011F07AFC502200211EA811F075FCFBF78E
:10DE6000B5FF0446FBF7B2FF0746FBF7AFFF04F52B
:10DE70002C680546404605F00FFA68B9FBF7A6FF87
:10DE800000F586550446284605F006FAE0B933B099
:10DE9000BDEC068BBDE8F08F07F54066304605F017
:10DEA000FBF968B105F554631846059305F0F4F9DC
:10DEB00000BB404605F0FAF9304605F0F7F9DDE71A
:10DEC000404605F0F3F9D9E704F58054002300211A
:10DED00000220020C4E94E01C4F82C31C4F83031CE
:10DEE00084F84021284605F0E1F933B0BDEC068BFB
:10DEF000BDE8F08F04F5346C94F8FC2B049205F522
:10DF00005C63DCF8B0200292DCF8B42093ED009A58
:10DF1000D3ED019A039207F54861D3F8B020D3F806
:10DF2000B430DCED008ADCED01AAD4F8F8BB91ED49
:10DF3000008A91ED01AA009240460193D1F8B4A065
:10DF4000D7F8389D97F83C4DD5F8788ED7F8307DC6
:10DF500095F87C5E05F0AAF9304605F0A7F905981A
:10DF600005F0A4F9BBF1020F00F01481B9F1020F22
:10DF700049D0B8F1020F00F0FB800CA91EA80FF0E9
:10DF80001FFCFBF723FF9DF898400546ACB39DF8B6
:10DF9000C04094B3229BDDF878A0DDF8A090DDE9C5
:10DFA00020671BB12C9A934200F038812A9B2B9A50
:10DFB00076085B0846EAC77643EAC2737F089E1973
:10DFC00047EB5207022405F58658404605F064F9F0
:10DFD00000283FF45CAF05F58055C5E94E67C5F8EC
:10DFE0002CA1C5F8309185F84041404605F05EF916
:10DFF00033B0BDEC068BBDE8F08F4FF00009CA4688
:10E0000026462746DFE7002CB3D1B8F1020F00F017
:10E01000F7800023DFED928A0293CDE90033A34617
:10E02000B0EE689A0393F0EE68AAF0EE689A06AE36
:10E030000B230125CDE90835CDE9067A8DED0A8A55
:10E040008DED0BAAB646BEE80F000DF1480CACE80A
:10E050000F009EE803008CE80300A4B1009B069328
:10E06000019B079301240C23CDE908348DED0A9A16
:10E07000CDED0B9A0FCE0DF1600CACE80F0096E8D9
:10E0800003008CE803000CA91EA80FF099FBBBF15C
:10E09000000F29D1002D4BD1002C3FF472AF1EA9E7
:10E0A0000C20FFF76BFE00283FF46BAFFBF78EFEF2
:10E0B00000F586550446284605F0EEF800283FF4A2
:10E0C000E6AE04F58054009AC4F838210123019A81
:10E0D00084ED4B9AC4ED4C9AC4F83C2184F840314D
:10E0E000284605F0E3F8D2E61EA90A20FFF746FE0F
:10E0F0000028CFD0FBF76AFE00F586550446284677
:10E1000005F0CAF800283FF4C2AE04F58054029A24
:10E11000C4F838210123039AC4ED4B8AC4ED4CAAFC
:10E12000C4F83C2184F84031284605F0BFF8AEE63B
:10E130001EA90B20FFF722FE0028ADD0FBF746FEFC
:10E1400000F586550446284605F0A6F800283FF459
:10E150009EAE04F580540123C4E94E7A84ED4B8AC7
:10E1600084ED4CAA84F84031284605F09FF88EE6ED
:10E17000002D7FF402AFDFED3A8A0027AB4602970D
:10E18000B0EE688A0397F0EE68AAB0EE68AABA46C5
:10E1900006AE63E7049B002B7FF4E8AEB9F1020FF3
:10E1A0003ED0B8F1020F4AD000279FED2D8ACDE96D
:10E1B00000779B46BA46B0EE48AAB0EE489AF0EE19
:10E1C000489A1C46029B0693039B07934FF0010C51
:10E1D0000A23CDE9083C06AECDED0A8ACDED0BAAA7
:10E1E000B646BEE80F000CAD0FC59EE8030085E8FB
:10E1F0000300BBF1000F7FF41BAF5D46E3462CE745
:10E20000002D7FF406AFDFED168A0023AB460293A4
:10E21000F0EE68AA0393012406AE09E70224D2E6D1
:10E22000002CBED1B8F1020F14D09FED0D9A00233F
:10E23000CDE900334FF0010BF0EE499AC2E7002D13
:10E24000B2D19FED078A0027AB46B0EE48AABA4686
:10E250000124B7E7002DE8D14FF0010B5C46B1E790
:10E260000000000090F85100704700BF70B50F4EDD
:10E270003468BFF35B8F14F00104054602D07DB90A
:10E280000B4870BD30460FF04FFC0028F7D0084B0C
:10E29000084A1A60304683F851400FF051FCEEE70F
:10E2A000054B064A06481D21EBF7DCFF583B0120D1
:10E2B0005C3B012018810308180D03083017030880
:10E2C000741703082DE9F04186B0002384248DF8EB
:10E2D0000D400E46044601215648049315461A4641
:10E2E0008DF80E308DF80F30ADF81430EEF72AFCB3
:10E2F000012351481A460DF10D01F0F7C1FF40B15D
:10E3000001224C481146EEF71DFC002006B0BDE886
:10E31000F0810127484800973B460DF10E020DF1B0
:10E320000F01F1F7B1F80028EAD104AA0DF10F01AD
:10E33000414800970623F1F7A7F83A468046394648
:10E340003C48EEF7FFFBB8F1000FDED19DF814C09A
:10E350009DF81530D4ED017A94ED036AD4ED026A8C
:10E360009DF812204FEA0C2C4CEA034C9DF8133018
:10E370004CEA030307EE103AB8EEC77A9DF811C0D5
:10E380009DF8103037EE677A4FEA0C2C67EE077A6B
:10E390004CEA024C67EE867A4CEA030CE7EE267AEA
:10E3A0003846C6ED007A94ED056AD4ED046AD4EDE2
:10E3B000095A94ED087A94ED065AD4ED0A4A94ED80
:10E3C0000D4AE7EE866AA7EEA57A94ED076AD4EDCA
:10E3D0000B5A27EE855A67EEA44AE7EE856A27EEC8
:10E3E000866AA7EEA47A67EEA55A94ED0C5AD4ED8E
:10E3F0000E4A26EE276A65EEA75AE7EE866AB0EE69
:10E40000456AA7EEA57AA7EE846A07EE90CAF8EEF1
:10E41000E77A67EEA75AA7EEA67A67EEA57A67EEC7
:10E42000A47AE5EE867A77EE877AC5ED007A06B0B3
:10E43000BDE8F08100080240D0CF0020F0B587B0E1
:10E44000002462F07F008DF80F00224619488DF8F5
:10E4500016400E4601211D468DF81740EEF772FB5F
:10E46000012315481A460DF10F01F0F709FF044684
:10E4700048B101220F481146EEF764FBB4FA84F06C
:10E48000400907B0F0BD01270B4800973B460DF14E
:10E4900016020DF11701F0F7F7FF04460028E8D146
:10E4A000054800972B4632460DF11701F0F7ECFFB7
:10E4B0000446DEE700080240D0CF002038B5312204
:10E4C0002DED028B152300F13C010446FFF7B6FF4A
:10E4D000054618B9BDEC028B284638BDA38F9FEDC9
:10E4E000568A00EE103A0820B8EE400A0FF0A5FC5C
:10E4F000E38F84ED010A07EE903A6FF01D00B8EE4D
:10E50000670A0FF09AFC94F9403084ED020A07EE96
:10E51000903A6FF02F00B8EEE70A0FF08EFCB4F9D6
:10E52000413084ED030A07EE903AB8EEE70A6FF047
:10E53000130030EE480A0FF080FCB4F9433084ED4C
:10E54000040A07EE903AB8EEE70A6FF01C0030EECE
:10E55000480A0FF072FC94F9453084ED050A07EE85
:10E56000903A6FF01F00B8EEE70A0FF066FC94F9DE
:10E57000463084ED060A07EE903A6FF02400B8EEBC
:10E58000E70A0FF05AFCB4F8473084ED070A07EEAB
:10E59000903A0320B8EE670A0FF04FFCB4F8493008
:10E5A00084ED080A07EE903A6FF00500B8EE670AAE
:10E5B0000FF043FC94F94B3084ED090A07EE903AD2
:10E5C0006FF00700B8EEE70A0FF037FC94F94C3013
:10E5D00084ED0A0A07EE903A6FF00E00B8EEE70AF3
:10E5E0000FF02BFCB4F94D3084ED0B0A07EE903A96
:10E5F0006FF02F00B8EEE70A0FF01FFC94F94F30D0
:10E6000084ED0C0A07EE903A6FF02F00B8EEE70A9F
:10E610000FF013FC94F9503084ED0D0A07EE903A98
:10E620006FF04000B8EEE70A0FF007FCBDEC028B7C
:10E63000284684ED0E0A38BD0000804670B584B0CF
:10E6400000228023012105465A488DF809208DF8C3
:10E650000B208DF80C208DF80A30EEF773FA0123A9
:10E6600055481A460DF10A01F0F70AFE30B10122B1
:10E6700050481146EEF766FA04B070BD01244E48CA
:10E68000009423460DF10B0203A9F0F7FDFE0028CC
:10E69000EDD10DF1090203A9474800942346F0F794
:10E6A000F3FE2246064621464248EEF74BFA002E7C
:10E6B000E2D19DF80930502BDED12846FFF7FEFE4F
:10E6C0000028D9D032463B482146EEF73BFA1F21BD
:10E6D0000222ADF80C10384803A92346F0F7D0FD0C
:10E6E0002246064621463348EEF72CFA002EC3D1C7
:10E6F000324630482146EEF725FA40F21D3102221B
:10E70000ADF80C102C4803A92346F0F7B9FD2246BA
:10E71000064621462748EEF715FA002EACD13246C0
:10E7200024482146EEF70EFA40F61C410222ADF8CD
:10E730000C10214803A92346F0F7A2FD2246064605
:10E7400021461C48EEF7FEF9002E95D132461948B5
:10E750002146EEF7F7F944F219110222ADF80C1038
:10E76000154803A92346F0F78BFD224606462146AD
:10E770001048EEF7E7F9002E7FF47EAF32460D48E1
:10E780002146EEF7DFF943F21B30022203A9ADF870
:10E790000C0023460848F0F773FD22460646214642
:10E7A0000448EEF7CFF9002E7FF466AF85F85140AC
:10E7B00062E700BF00080240D0CF002070B58AB0E9
:10E7C0000446FBF725FB00232B4A02920393002209
:10E7D00004930023CDE906232368284A5B680025BB
:10E7E00093428DF8205006460D4640D194F85130A2
:10E7F00053B9FBF7EBFA00F198050446284604F0FC
:10E800004BFD00BB0AB070BD00228DF8072001232C
:10E8100003220DF107012046FFF710FE0028E8D083
:10E820009DF8073003F06003602BE2D103AA04A92E
:10E830002046CDE90665FFF745FD0028D9D0012324
:10E840008DF82030D5E7039B9DF82020C4F80431D3
:10E850009DED067B049B84F81821284684ED447BBB
:10E86000C4F808310AB0BDE8704004F01FBD20466E
:10E8700098470346BCE700BF387A030865E2010801
:10E8800010B58CB004462C22002101A810F05CFFCA
:10E890000E4A089242F21072ADF824200C4B0A93F3
:10E8A0000DF1040C20228DF82620BCE80F00A646AE
:10E8B000AEE80F00BCE80F00AEE80F009CE80700D0
:10E8C0008EE8070020460CB010BD00BFA0860100F6
:10E8D00080C3C901002862D0F0B50C4683B000297E
:10E8E0003ED00B68002B3BD0CB68002B38D08B6818
:10E8F000B3B3064691F82300154600F0CFFC78B379
:10E90000237E013B072B2BD8238C4BB36268637E9D
:10E91000B2FA82F2B3FA83F352095B099A421FD129
:10E9200094F82830E3B1E369D3B14822002130469E
:10E9300010F00AFFA646BEE80F00B446ACE80F0090
:10E94000BEE80F006768ACE80F009EE807008CE89F
:10E950000700F5620FB1637E33B9002003B0F0BD4C
:10E960004FF0FF3003B0F0BD4FF080430022CDE9FF
:10E970000023237E002BF0D0002503E0237EAB4252
:10E98000EBDD6768294601236A463046B847002810
:10E9900005F10105F2DA6FF0020003B0F0BD4FF0AF
:10E9A000FF3070472DE9F04F054693B08846144676
:10E9B00000F07EFC002D00F0FE8006460F46002C85
:10E9C00000F085802B7E984580F0F580227B043A0C
:10E9D000D2B2042A00F2F280D4F808A01AF08043E0
:10E9E00040F0EC80BAF1000F7CDA1AF0F85FCAF35D
:10E9F0000C4340F0E680DBB205930DF11C0B0023C5
:10EA0000CBF808300793CBF8043023788DF8243006
:10EA1000A3788DF82530E3788DF82630211D6378B2
:10EA2000584600F0BBFAB0F1000952DB1AF4F06F5F
:10EA3000CAF30A0958D0A9F18003472B19D9A9F1C3
:10EA4000C803632B50D9A9F596739BB240F2DB52F1
:10EA5000934249D9A9F5E163632B45D9A9F26C73B7
:10EA6000632B41D9A9F5FA631F2B02D96FF0060970
:10EA70002FE06B698BB1059A8DF83E209BE807006B
:10EA80000DF1300CCDE90A678DF83F80ADF83C9070
:10EA90008CE807000AA9284698475A46494628465E
:10EAA00000F0F4FA98B1A96B9DF8252011B90EE099
:10EAB000096861B10B7D9342FAD1CDE900B4CDE98B
:10EAC00002674B465FFA88F2284600F015FB4FF0CC
:10EAD000000932463B46284600F0ACFB484613B0DE
:10EAE000BDE8F08F059388E76B6983B1059A8DF8CF
:10EAF0003E209BE807000CACCDE90A678DF83F800B
:10EB0000ADF83C9084E807000AA928469847EB6BCB
:10EB10001BB9DCE71B68002BD9D09A894A45F9D18B
:10EB20009A7B05998A42D2D901EB410203EBC202DA
:10EB30004FEA410CD2E9040150EA010412D06C6A98
:10EB4000301A67EB0101A04271F100010AD292F87C
:10EB500022109DF82620521A12F17F0F02DB013A93
:10EB60007D2AB4D8059AD3F804809444541C9BE8B9
:10EB7000070004EB440403EBCC0C03EBC40484E86F
:10EB80000700CCE90467B8F1000FA0D00022CDE95E
:10EB90001022059A9B688DF842209BE807000C9391
:10EBA0000DABCDE90A67ADF8409083E807000AA9EC
:10EBB0002846C0478BE74FF0FF398FE76FF00A090F
:10EBC00087E76FF0080984E7A8B37F2970B50C4682
:10EBD0001546064604D9A1F1C803B3F5E16F24D266
:10EBE000336C13B908E01B6833B1B3F804C0A44513
:10EBF000F9D16FF0040070BD0821304600F05AFBD7
:10EC00000146A8B10023436003608480337E012B5A
:10EC100086BF05F1FF3252B24FF0FF32C27106F1EA
:10EC2000400000F043F9002070BD6FF0060070BD99
:10EC30006FF0010070BD4FF0FF307047002800F00A
:10EC40008E80002A00F08B802DE9F0417F2988B06A
:10EC5000054604D9A1F1C800B0F5E16F7AD22C6C59
:10EC60001CB96FE02468002C6CD0B4F804C08C454B
:10EC7000F8D194F90760002E69DB701C40B2E07196
:10EC80002F7EB842A4BF0020E0710DF1040895F872
:10EC900028E00F460021C8F808100191C8F80410B8
:10ECA0008DF80D308DF80CE094F806C00CF10100E1
:10ECB000A0710591079192E8030088E8030095F898
:10ECC00029108DF80EC011BB9DF804400697002254
:10ECD0006EF3070264F30F2263F317426CF31F62B3
:10ECE000414605A8049200F0E7F800280CDB043048
:10ECF000731C8DF81C000FD02B6804AA31462846DF
:10ED0000984701281BD1002008B0BDE8F08147EAF0
:10ED1000014141F00047D7E72B7E83B100263446FE
:10ED20002B68214604AA284698472B7E012804F127
:10ED3000010408BF01269C42F2DB002EE3D16FF0F4
:10ED40000200E1E76FF0030008B0BDE8F0814FF08A
:10ED5000FF369AE76FF0060008B0BDE8F0814FF08B
:10ED6000FF307047002855D0002953D070B51346A6
:10ED7000044607C988B001AD85E807009DF80C205E
:10ED800094F82810002A3CD08A4240D1002118462D
:10ED900000F068F9002832DB9DF80C20002633468D
:10EDA00062F307039DF80420059662F30F239DF894
:10EDB0000D20079662F317439DF80E20C0F30A005A
:10EDC000069062F31F63294605A8049300F074F8C7
:10EDD000002814DB237E04308DF81C0035469BB1DF
:10EDE0002368294604AA20469847237E012805F176
:10EDF000010508BF01269D42F2DB2EB1002008B0BC
:10EE000070BD8DF80C10C1E76FF00200F7E76FF0EE
:10EE10000700F4E74FF0FF30704700BF002841D0F3
:10EE20002DE9F047846B0D4691469846074614B984
:10EE300009E024683CB194F814C0AC45F9D16FF0F6
:10EE40000400BDE8F08797F822A01823102616FBCF
:10EE50000A3A5146384600F02DFA0446F8B15246B7
:10EE6000002110F071FC089BE360C4E90198099B44
:10EE7000236197F822206275257542B1234616FB5F
:10EE80000242FF2183F8241010339A42FAD107F18D
:10EE90003800214600F00AF80020BDE8F0876FF046
:10EEA0000100FAE74FF0FF30704700BF18B111B111
:10EEB00003680B600160704710B582B000285AD01B
:10EEC000002958D0034603C902AA02E903009DF8AD
:10EED00000201F2A52D8DFE802F04B10101010104B
:10EEE0002F2F2F2C2C2C3A3A3A202020373737104E
:10EEF000102C372029292929101001990022080EE9
:10EF000060F30702C1F3074060F30F22C1F307204B
:10EF100060F3174261F31F6201920422144601A9B3
:10EF2000184610F0EFFC204602B010BD0322144634
:10EF3000F5E701221446F2E7BDF804208DF805201C
:10EF4000C2F307228DF8042002221446E7E7BDF839
:10EF50000400BDF80610040A002264F3070260F3FF
:10EF60000F22080A60F3174261F31F620192D4E78F
:10EF700000221446D3E74FF0FF34D4E7632A03D9C5
:10EF80009DF80140042C02D96FF00504CBE722461E
:10EF900001A9184610F0B6FCC5E700BF002959D0FA
:10EFA00070B50446002858D0042A16464FD80020D1
:10EFB000C4F80200E0801D4623706270201D10F02E
:10EFC000A1FC1F2D41D8DFE805F03E1010101010F5
:10EFD0002828282626262F2F2F2020202D2D2D10C3
:10EFE00010262D2024242424101062680023110EE2
:10EFF00061F30703C2F3074161F30F23C2F3072153
:10F0000061F3174362F31F636360042086421ED1DD
:10F0100070BD0320FAE70120F8E7A3886371C3F30A
:10F02000072323710220F1E7A188E288080A002360
:10F0300060F3070361F30F23110A61F3174362F3CF
:10F040001F636360E1E70020E0E7632D08D86FF0FD
:10F05000050070BD4FF0FF3070474FF0FF3070BDBE
:10F06000304670BD232809D96438C0B20F280AD8A9
:10F0700000F57A70400029B90130704740304000F7
:10F080000029F9D070476FF00900FBE7A1F1800378
:10F09000472B84461CD9A1F5FA631F2B29D821F0F0
:10F0A0000103A3F5FA63C9435B1001F00100643367
:10F0B00040B1137A9CF828209A4208D0B3FA83F022
:10F0C000400970479CF82310DBB299420AD0704780
:10F0D00021F00103C943803B01F001005B100028CF
:10F0E000E7D1EFE7117A9CF82830C81A18BF012041
:10F0F00070470020EBE700BF2DE9F04F80468DB050
:10F10000A3F180004728DDE9189A179C6AD9A3F576
:10F11000FA601F2800F2858023F00105A5F5FA6545
:10F12000DB436D1003F0010005F1640B4F7D266891
:10F13000002F43D0CDE901B0012301F118054FF0B4
:10F14000000C03FA02F2E6462B46039501EB0E1083
:10F15000D0E906B51C6858685C4570EB050538BFFA
:10F16000E64654EA00050CF1010C16D09D68B54244
:10F1700013D1D8F82450B9EB04046AEB0000A5427F
:10F180004FF0000474EB000007D31C7B144204D141
:10F1900014431C730DB0BDE8F08F674503F11003F5
:10F1A000D4D1039DDDE901B005EB0E134FEA0E1E2D
:10F1B0009E601A7345F80E90C3F804A0D8B9CC68C5
:10F1C000002CE7D0169A0B69CDF8109007CACDE94C
:10F1D00005A307AB83E8070004A94046A0470DB08C
:10F1E000BDE8F08F23F001008038DB434FEA600B6D
:10F1F00003F001009AE78B68002BCBD00A69CDF8A9
:10F200001090CDE905A200220A920B92169A8DF871
:10F2100028B007CA07AC84E8070004A9404698470D
:10F22000B8E74F7D2668002FC9D000206FF0060B8D
:10F2300080E700BF2DE9F0410546006B696B101AAD
:10F2400017462A8C63EB0101904271F1000184B0F2
:10F2500002D204B0BDE8F081AC6B98460023C5E94A
:10F260000C78CDE90033CDE90233002CF1D066688B
:10F270006946284666B123690293CDE90078B04714
:10F280002468002CE5D0666869462846002EF2D135
:10F290002468002CEBD104B0BDE8F081232805D907
:10F2A00064380F288CBF0020012070470120704770
:10F2B0008368184710B1C36803B11847002070472E
:10F2C00010B1036903B11847704700BF30B58C68AF
:10F2D00083B0F4B10B7B102B1BD12579CDB191F804
:10F2E00014C00834002303E0AB4204F1100410D032
:10F2F000227B624503F10103F6D1A36823B10A69B9
:10F300000192614601AA9847002323606360A360CD
:10F31000E36003B030BD00BF2DE9F043D1F80880B1
:10F3200083B0B8F1000F23D098F8042002B3002571
:10F330000E46814608F108042F46217B99B1D6E993
:10F3400000030193236883426368019883410AD2D2
:10F35000A36800220BB14846984727606760A76002
:10F36000E76098F804200135AA4204F11004E4DCB7
:10F3700003B0BDE8F08300BF30B58C6885B094B1B0
:10F3800001F10C020B46844607CA0DF1040E8EE80B
:10F39000070010258DF804501A7E236802937146E9
:10F3A0006046FFF7DFFC05B030BD00BF2DE9F0413E
:10F3B00082B048B3082707EB02178846394616463D
:10F3C0000546FFF777FF044608B33A46002110F0E0
:10F3D000BBF926710F49D8F8000020600E4B0F4A88
:10F3E000CDE9001428460021FFF718FD064618B99C
:10F3F000304602B0BDE8F08128462146FFF760FFA5
:10F40000304602B0BDE8F0814FF0FF36F0E76FF014
:10F410000106EDE7CDF2010879F3010819F30108BF
:10F4200070B90C4A936843F0801343F4004393602F
:10F43000094A52F8203043F0010342F82030704767
:10F44000064A936843F0801343F400430128936015
:10F45000EED0704700640040483D01200068004045
:10F460002DE9F043644A036893428DB005D0634AA6
:10F47000934217D00DB0BDE8F083604B9A6812F04C
:10F48000E05F044661D19B685B01F3D55B4B9A68F2
:10F49000160103D59B68DD0000F19D802368574A63
:10F4A0009342E7D19B6813F0E05F0FD1534B9A680A
:10F4B0005001DFD59A681101DCD59B68DA00D9D5F7
:10F4C00000200DB0BDE8F04300F0BCBD4C4D2B69F1
:10F4D000002BEBDDEE682C68013B06EB86022B610E
:10F4E0006B6804EB820401369E42A8BF00260FCC55
:10F4F0000DF10408C446ACE80F002368CCF80030D6
:10F50000039B9DF81020EE6000270DF1180EBB4202
:10F510000697CEE90177CEF814700A9265DBC3F343
:10F520000A020692374A5B0F03F0020471466B46EB
:10F53000106809944246EBF749FD334B19680020E7
:10F5400001EB410100F044FDB0E72D4D2969002990
:10F550003BDDEB6803EB83025F1C2B6803EB820C43
:10F560006B6801399F42A8BF00272961BCE80F00E2
:10F570000DF1040846460FC6DCF800303360039BEB
:10F580009DF81020EF604FF000090DF1180E4B456B
:10F59000CDF81890CEE90199CEF814900A921EDBAE
:10F5A000C3F30A020692174A5B0F03F002031068C6
:10F5B000099371466B464246EBF708FD124B1968FA
:10F5C000002001EB410100F003FD0C4B9B685F0143
:10F5D0003FF55CAF62E7002000F034FD5EE723F00A
:10F5E0006042079204220892DDE723F06041042282
:10F5F000CDE9071296E700BF0064004000680040B4
:10F600002400002038000020443D01202DE9F04373
:10F61000644A036893428DB005D0634A934217D081
:10F620000DB0BDE8F083604B9A6812F0E05F0446CD
:10F6300061D19B685B01F3D55B4B9A68160103D5DA
:10F640009B68DD0000F19D802368574A9342E7D113
:10F650009B6813F0E05F0FD1534B9A685001DFD5E0
:10F660009A681101DCD59B68DA00D9D500200DB06D
:10F67000BDE8F04300F0E6BC4C4D2B69002BEBDD00
:10F68000EE682C68013B06EB86022B616B6804EB8D
:10F69000820401369E42A8BF00260FCC0DF104085B
:10F6A000C446ACE80F002368CCF80030039B9DF8FB
:10F6B0001020EE6000270DF1180EBB420697CEE930
:10F6C0000177CEF814700A9265DBC3F30A02069242
:10F6D000374A5B0F03F0020471466B4610680994C9
:10F6E0004246EBF773FC334B1968002001EB4101F4
:10F6F00000F06EFCB0E72D4D296900293BDDEB6879
:10F7000003EB83025F1C2B6803EB820C6B680139EF
:10F710009F42A8BF00272961BCE80F000DF1040833
:10F7200046460FC6DCF800303360039B9DF810207E
:10F73000EF604FF000090DF1180E4B45CDF8189011
:10F74000CEE90199CEF814900A921EDBC3F30A02A7
:10F750000692174A5B0F03F0020310680993714683
:10F760006B464246EBF732FC124B1968002001EB66
:10F77000410100F02DFC0C4B9B685F013FF55CAF35
:10F7800062E7002000F05EFC5EE723F06042079233
:10F7900004220892DDE723F060410422CDE907123C
:10F7A00096E700BF0064004000680040240000208D
:10F7B00038000020443D01202DE9F043644A0368ED
:10F7C00093428DB005D0634A934217D00DB0BDE887
:10F7D000F083604B9A6812F0E05F044661D19B6849
:10F7E0005B01F3D55B4B9A68160103D59B68DD007E
:10F7F00000F19D802368574A9342E7D19B6813F03C
:10F80000E05F0FD1534B9A685001DFD59A68110120
:10F81000DCD59B68DA00D9D500200DB0BDE8F043F7
:10F8200000F010BC4C4D2B69002BEBDDEE682C6812
:10F83000013B06EB86022B616B6804EB8204013608
:10F840009E42A8BF00260FCC0DF10408C446ACE8C8
:10F850000F002368CCF80030039B9DF81020EE6069
:10F8600000270DF1180EBB420697CEE90177CEF8BE
:10F8700014700A9265DBC3F30A020692374A5B0FE3
:10F8800003F0020471466B46106809944246EBF798
:10F890009DFB334B1968002001EB410100F098FB00
:10F8A000B0E72D4D296900293BDDEB6803EB8302AE
:10F8B0005F1C2B6803EB820C6B6801399F42A8BF69
:10F8C00000272961BCE80F000DF1040846460FC669
:10F8D000DCF800303360039B9DF81020EF604FF0A0
:10F8E00000090DF1180E4B45CDF81890CEE901999D
:10F8F000CEF814900A921EDBC3F30A020692174A4E
:10F900005B0F03F002031068099371466B46424691
:10F91000EBF75CFB124B1968002001EB410100F092
:10F9200057FB0C4B9B685F013FF55CAF62E7002023
:10F9300000F088FB5EE723F0604207920422089201
:10F94000DDE723F060410422CDE9071296E700BF0E
:10F9500000640040006800402400002038000020BF
:10F96000443D0120F0B55E4A0368934295B004D04F
:10F970005C4A934245D015B0F0BD5B4B00260DAA02
:10F98000314604461868009601ABEBF771FB03ADF6
:10F99000119F8DF81C60039601A9C5E90166EE6010
:10F9A0003A4628460FF0AEFF0F9B8DF81870002BDB
:10F9B00066D10D9BC3F30A03109A4C4E0593022A9D
:10F9C00008BF43F08043306808BF0593F3F704F89D
:10F9D0000346002860D13068009329466A46F2F752
:10F9E00033FB009B4BB14FF0E0234FF08052C3F844
:10F9F000042DBFF34F8FBFF36F8F2368394A9342B3
:10FA0000B9D1394B00241868009401AB0DAA2146E6
:10FA1000EBF72EFB03AD119E8DF81C40039432468C
:10FA2000C5E9014401A9EC6028460FF06BFF0F9B6C
:10FA30008DF8186053BB0D9BC3F30A03109A2B4C2F
:10FA40000593022A08BF43F08043206808BF05934E
:10FA5000F2F7C2FF034688BB206800936A46294636
:10FA6000F2F7F2FA009B002B85D04FF0E0234FF025
:10FA70008052C3F8042DBFF34F8FBFF36F8F7AE727
:10FA80000E9B23F0604343F0004395E70E9B23F069
:10FA9000604343F00043D1E76A4608A93068F2F7B3
:10FAA000FBFE00236A46306800932946F2F7CCFA41
:10FAB0000F4A136843F00403136092E76A4608A9EB
:10FAC0002068F2F7E9FE00236A4620680093294681
:10FAD000F2F7BAFA064A136843F004031360C1E769
:10FAE000006400400068004038000020403D0120D4
:10FAF000483D0120F0B55E4A0368934295B004D0BA
:10FB00005C4A934245D015B0F0BD5B4B00260DAA70
:10FB1000012104461868009601ABEBF7A9FA03AD82
:10FB2000119F8DF81C60039601A9C5E90166EE607E
:10FB30003A4628460FF0E6FE0F9B8DF81870002B12
:10FB400066D10D9BC3F30A03109A4C4E0593022A0B
:10FB500008BF43F08043306808BF0593F2F73CFFCD
:10FB60000346002860D13068009329466A46F2F7C0
:10FB70006BFA009B4BB14FF0E0234FF08052C3F87B
:10FB8000042DBFF34F8FBFF36F8F2368394A934221
:10FB9000B9D1394B00241868009401AB0DAA01219A
:10FBA000EBF766FA03AD119E8DF81C4003943246C4
:10FBB000C5E9014401A9EC6028460FF0A3FE0F9BA4
:10FBC0008DF8186053BB0D9BC3F30A03109A2B4C9E
:10FBD0000593022A08BF43F08043206808BF0593BD
:10FBE000F2F7FAFE034688BB206800936A4629466E
:10FBF000F2F72AFA009B002B85D04FF0E0234FF05C
:10FC00008052C3F8042DBFF34F8FBFF36F8F7AE795
:10FC10000E9B23F0604343F0004395E70E9B23F0D7
:10FC2000604343F00043D1E76A4608A93068F2F721
:10FC300033FE00236A46306800932946F2F704FA3F
:10FC40000F4A136843F00403136092E76A4608A959
:10FC50002068F2F721FE00236A46206800932946B7
:10FC6000F2F7F2F9064A136843F004031360C1E7A0
:10FC7000006400400068004038000020403D012042
:10FC8000483D01207D2970B550D92D4B044619609F
:10FC900000F08EF9034600284BD12A4D2A492868E6
:10FCA00001601221A4F59C42C0E91733C0E9023378
:10FCB00080F820304160254B4FF48031203A0161BB
:10FCC0004FF4801401F58071C0E905419A424FF468
:10FCD000807181832FD8EAF7FFFF10BB13212868BA
:10FCE000EBF74AFA00F018F9044640B9184E3268AA
:10FCF00082B12868EBF73CF998B9204670BD2868B6
:10FD0000E9F752F900F05EF9631CA8BF4FF0FF3429
:10FD1000204670BD14218020F1F748FE3060002895
:10FD2000E7D12868E9F740F900F04CF94FF0FF34CB
:10FD3000E3E7044B1868E9F737F900F043F9F5E712
:10FD4000443D0120380000200068004060361E005D
:10FD5000403D012000283AD1002938D02DE9F0415A
:10FD600005460FC992B002AC514E84E80F00F4F77B
:10FD7000D1FBA446FF238DF81830BCE80F00B7680C
:10FD8000D6F800E0D6F8048007EB87040EEB840475
:10FD90000137B7600FC4DCF8003023603369474592
:10FDA000B8BFB568B560984514DCF468621C90452E
:10FDB000F2601CDC0022F2603E4A926812F0E05FC2
:10FDC0005ED0002B5CDD0124013B254627E04FF08F
:10FDD000FF307047374989685A1C11F0E05F326183
:10FDE00014D1F4F7B7FB012012B0BDE8F08131491E
:10FDF000896811F0E05F43D0002B41DD02EB820205
:10FE00000EEB820E013B0234012508E0002AE8DDFA
:10FE1000F46804EB840200250EEB820E013433619A
:10FE2000BEE80F0007AF0FC7DEF800303B604FF0B1
:10FE3000000C1346A045D8BF00249DF82820F4608C
:10FE40006345CDE90CCCCDF838C0CDF844C0109254
:10FE500028DBC3F30A020C92174A5B0F03F002037C
:10FE600010680F930CA901AB07AAEBF7AFF8134B7F
:10FE70001968002001EB410100F0AAF8002DB0D074
:10FE80000F49104A0B6843F002030B60936843F07C
:10FE9000801343F400439360F4F75CFB012012B03D
:10FEA000BDE8F08123F060420D9204220E92D3E768
:10FEB000240000200068004038000020443D01205C
:10FEC000483D012000640040F8B170B50C4686B092
:10FED00069B10F4B0F49A3FB023201AE05469209EF
:10FEE00008683146F2F7ACF928B906B070BD4FF09A
:10FEF000FF3006B070BD96E80F0084E80F009DF853
:10FF000014302B60012006B070BD4FF0FF307047F9
:10FF1000D34D6210403D012010B59FED0F7B8AB09C
:10FF20000F4800244FF480514EF6E072CDE90014E2
:10FF30000123029269460622006805948DED087B34
:10FF4000CDE9063303920494EAF782FF20460AB013
:10FF500010BD00BFAFF300800100000000000000F2
:10FF60003800002030B929B1002ACCBF002201227C
:10FF7000504270474FF0FF30704700BF0B4B026894
:10FF80009A4200D0704710B5037F012B044602D07F
:10FF9000022B05D010BD0020FFF742FA237FF7E7C0
:10FFA000BDE810400120FFF73BBA00BF000400404D
:10FFB00008B5034B1868EAF7A9FC002008BD00BF8C
:10FFC0003C000020014B1868EAF718BD3C000020F7
:10FFD000012828D870B5184E84000D46306888B0C6
:10FFE0002146EFF7DBFDB5F5C80F18DB4FF6FF72C2
:10FFF0000023CDE90133CDE90333CDE90533079380
:020000040802F0
:100000000E4B30685B6A01A9134422460293EFF756
:1000100031FE30682146EFF747FD08B070BDC72DAF
:1000200002DC0222E4E77047054BEA1783FB053543
:10003000C2EB6512DCE700BF3C000020000400407A
:100040001F85EB51012804D8024B81001868EFF797
:10005000A5BD70473C00002090F8A804704700BF81
:1000600008B538B1084689B911464AB1BDE808401B
:10007000FFF770BE084B094A09484621EAF7F2F833
:10008000084B064A06484821EAF7ECF8064B034AB3
:1000900003484721EAF7E6F8A0170308AC1703085E
:1000A000F81703084018030818180308F9F7B0BE3A
:1000B00008B5A8B100291FDDC36ABBB1D3F800049D
:1000C00011F007021CBFC2F108028918C0F5806256
:1000D0008A42C3BF0918C3F80014C018002008BD25
:1000E000084B094A09489E21EAF7BCF8084B064A22
:1000F0000648A121EAF7B6F8064B034A03489F21B8
:10010000EAF7B0F8A01703084C180308881803088A
:10011000B4180308A818030810B550B10846D1B99F
:10012000114692B1002B1A4609DDBDE81040FFF7D9
:1001300019BF0C4B0C4A0D489521EAF793F80C4B6C
:10014000094A0A489821EAF78DF80A4B064A0748F7
:100150009721EAF787F8084B034A04489621EAF703
:1001600081F800BFA0170308C01803088818030807
:10017000281903081C1903081818030890F8A83454
:1001800003B170472DE9F04FABB0012345F20241B6
:1001900004460093ADF83C10414802230FAAA02169
:1001A000EBF78AFF70B14FF008084FF000094FF0ED
:1001B0002D0A3C493C48FFF765FD0546C8B12BB008
:1001C000BDE8F08F4023364800931AAAA021ECF72F
:1001D000E1F80028E7D14FF0FF323C211AA8FAF7E6
:1001E000B5F8299B9842DED1DDE91AA9DDF87080C7
:1001F000DFE702A8FEF744FB0DF1080CBCE80F0096
:100200000DF13C0EAEE80F00BCE80F00AEE80F00A9
:100210009CE80700254B264F8EE807000F93254BDF
:10022000109304F15006244B8DF864A029464FF436
:100230008B6240F6016B3046CDE91173ADF854B0D6
:100240008DF865908DF85F800FF07EFA1B4AC4F838
:10025000AC24502304F58B61C4F8B414C4F8B8344A
:1002600004F2AC40F0F7CAFFC4F854040028A6D04A
:1002700004F1080532460FA92846FEF72BFB00289B
:100280009DD140F2011302460EA928460E93FFF7B6
:100290008DF8002893D1012384F8A8348FE700BF9C
:1002A000A804002040420F0020A1070061000208BE
:1002B000AD00020819010208B1000208381903084C
:1002C00070B50F4E3468BFF35B8F14F00104054620
:1002D00002D07DB90B4870BD30460DF025FC0028DA
:1002E000F7D0084B084A1A60304683F8A8440DF04E
:1002F00027FCEEE7054B064A06481121E9F7B2FF55
:10030000503D0120583D012028810308180D0308A5
:10031000441903088818030830B587B0224D4FF000
:10032000FF3301932C68BFF35B8F14F001041FD0DF
:1003300042F2107202A901A8FFF7C6FD041E01DAFD
:1003400007B030BD194D0121D5F85404F0F7A6FFD0
:100350000028F5D1D4B1019901BB02AA05F108002A
:10036000FEF720FBD5F85404F0F7BCFF07B030BD12
:1003700028460DF0D9FB0028DAD00C4B0C4A1A6045
:10038000284683F8A8440DF0DBFBD1E722464FF066
:10039000FF3105F10800FEF705FBE3E7054B064AD0
:1003A00006488B21E9F75EFF503D0120583D0120B2
:1003B00028810308181803088419030888180308FB
:1003C00090F86400704700BF30B52DED028B83B00C
:1003D000F9F7FCFC00F5B1650446284602F05CFF25
:1003E00030B903B0BDEC028BBDE83040FFF768BF09
:1003F00004F5BE63284693ED048A94F8195602F07A
:1004000055FF0020FFF75CFF04461DB903B0BDECAB
:10041000028B30BDD0F854040121F0F73FFF0028D3
:10042000F4D19FED167ADFED167A28EE078A0223C3
:10043000B0EEC87AB4EE677AF1EE10FA8DF80030BB
:1004400017D8DFED107AB4EEE78AF1EE10FA10D883
:10045000DFED0D7AB4EEE78AF1EE10FA09DB034620
:100460006A464FF4987104F108008DED018AFEF799
:10047000E5FBD4F85404F0F735FFC7E7E22E6542F8
:10048000FFFF7F7F00009643000096C330B52DED3F
:10049000028B83B0F9F79AFC00F5815510350446BC
:1004A000284602F0F9FE30B903B0BDEC028BBDE87E
:1004B0003040FFF705BF04F58054284694ED288AA4
:1004C00094F8B85002F0F2FE0020FFF7F9FE04465F
:1004D0001DB903B0BDEC028B30BDD0F8540401212E
:1004E000F0F7DCFE0028F4D19FED167ADFED167AE6
:1004F00028EE078A0223B0EEC87AB4EE677AF1EEEE
:1005000010FA8DF8003017D8DFED107AB4EEE78AD4
:10051000F1EE10FA10D8DFED0E7AB4EEE78AF1EEC4
:1005200010FA09DB03466A4640F2371104F108006D
:100530008DED018AFEF782FBD4F85404F0F7D2FE69
:10054000C7E700BFE22E6542FFFF7F7F0000B44295
:100550000000B4C230B52DED028B83B0F9F736FC44
:1005600000F586550446284602F096FE30B903B0E1
:10057000BDEC028BBDE83040FFF7A2BE04F580540D
:10058000284694ED4C8A94F8405102F08FFE0020EA
:10059000FFF796FE04461DB903B0BDEC028B30BDDB
:1005A000D0F854040121F0F779FE0028F4D19FED32
:1005B000157AF0EEC87AF4EE477A0223F1EE10FADB
:1005C0008DF8003019D8DFED107AB4EEE78AF1EE3D
:1005D00010FA12DBDFED0D7AB4EEE78AF1EE10FAD5
:1005E0000BD8B1EE488A03466A464FF49D7104F178
:1005F00008008DED018AFEF721FBD4F85404F0F7D2
:1006000071FEC9E7FFFF7F7F000096C3000096439D
:1006100030B52DED028B83B0F9F7D8FB00F5D66528
:100620000446284602F038FE30B903B0BDEC028B18
:10063000BDE83040FFF744BE04F5E363284693ED80
:10064000018A94F8285702F031FE0020FFF738FEA7
:1006500004461DB903B0BDEC028B30BDD0F8540484
:100660000121F0F71BFE0028F4D19FED167ADFED93
:10067000167A28EE078A0223B0EEC87AB4EE677ABB
:10068000F1EE10FA8DF8003017D8DFED107AB4EEE5
:10069000E78AF1EE10FA10D8DFED0D7AB4EEE78AB2
:1006A000F1EE10FA09DB03466A4640F22D4104F1EF
:1006B00008008DED018AFEF7C1FAD4F85404F0F772
:1006C00011FEC7E7E22E6542FFFF7F7F0000344343
:1006D000000034C330B52DED028B83B0F9F776FB03
:1006E00000F512650446284602F0D6FDD0B9F9F7A8
:1006F0006DFB00F6A8150446284602F0CDFD002843
:1007000055D1F9F763FB00F523650446284602F04E
:10071000C3FD002857D103B0BDEC028BBDE83040CB
:10072000FFF7CEBD04F6881394F8A04993ED018A33
:10073000284602F0BBFD002CD9D00020FFF7C0FDF9
:100740000446D4F854040121F0F7A8FD58BBDFEDAE
:10075000276A9FED277AC8EE267A02238DF80030AB
:10076000F0EEE76AF4EE476AF1EE10FA17D89FED63
:10077000217AF4EEC77AF1EE10FA10D89FED1E7AC6
:10078000F4EEC77AF1EE10FA09DB03466A464FF43D
:10079000A37104F10800CDED017AFEF74FFAD4F809
:1007A0005404F0F79FFD03B0BDEC028B30BD04F59F
:1007B000216394F8284A93ED018A284602F076FDD9
:1007C000002C9ED0B9E704F69823284693ED018AC1
:1007D00094F8B05A02F06AFD0020FFF771FD04465C
:1007E000002DAED103B0BDEC028B30BD0000C8427D
:1007F000FFFF7F7F00409C440000964390F86430E8
:1008000003B1704730B595B0012345F2024104466B
:100810000093ADF80C107148022303AAA021EBF756
:100820004BFC08B115B030BD40236C48009304AABE
:10083000A021EBF7AFFD0028F4D14FF0FF323C21AF
:1008400004A8F9F783FD139B984217D1DDE907014E
:10085000DDE909236060E1606261DDE90B01E361CC
:10086000DDE90D236062E1626263DDE90F01E363AC
:10087000DDE911236064E1646265E3650020FFF750
:100880001FFD00F1080500224FF496712846FEF77F
:100890009BF90246002859D140F22D112846FEF757
:1008A00093F90246002840F093804FF49771284650
:1008B000FEF78AF90246002840F0848040F22F11AA
:1008C0002846FEF781F90246002875D14FF4987149
:1008D0002846FEF779F90246002867D140F2311127
:1008E0002846FEF771F90246002859D140F2371127
:1008F0002846FEF769F9024600284BD14FF49C7157
:100900002846FEF761F9024600283DD14FF49D715B
:100910002846FEF759F9024680BB40F22D41284691
:10092000FEF752F920BB00224FF4A1712846FEF7D2
:100930004BF90246B0B94FF4A3712846FEF744F9CB
:1009400050B9012384F8643015B030BD244B254ADA
:1009500025485521E9F786FC244B224A224860218C
:10096000E9F780FC224B1F4A1F485F21E9F77AFC18
:10097000204B1C4A1C485E21E9F774FC1E4B194AA7
:1009800019485D21E9F76EFC1C4B164A16485C219C
:10099000E9F768FC1A4B134A13485B21E9F762FC3C
:1009A000184B104A10485A21E9F75CFC164B0D4AC7
:1009B0000D485921E9F756FC144B0A4A0A485821B8
:1009C000E9F750FC124B074A07485721E9F74AFC60
:1009D000104B044A04485621E9F744FCA8040020BF
:1009E000B01903081C1A0308441A03081C1E030844
:1009F000BC1D0308601D0308041D0308A81C030890
:100A00004C1C0308F01B0308941B0308381B030845
:100A1000D41A03086C1A030830B52DED028B83B08D
:100A2000F9F7D4F900F586550446284602F034FC5F
:100A300030B903B0BDEC028BBDE83040FFF740BCDD
:100A400004F58054284694ED4B8A94F8405102F006
:100A50002DFC0020FFF734FC04461DB903B0BDECAB
:100A6000028B30BDD0F854040121F0F717FC0028A8
:100A7000F4D19FED147AF0EEC87AF4EE477A0223AF
:100A8000F1EE10FA8DF8003017D8DFED0F7AB4EEE2
:100A9000E78AF1EE10FA10D8DFED0C7AB4EEE78AAF
:100AA000F1EE10FA09DB03466A464FF4A17104F136
:100AB00008008DED018AFEF7C1F8D4F85404F0F770
:100AC00011FCCBE7FFFF7F7F00401C4600007AC48B
:100AD00030B52DED028B83B0F9F778F900F581552B
:100AE00010350446284602F0D7FB30B903B0BDEC00
:100AF000028BBDE83040FFF7E3BB04F58054284685
:100B000094ED278A94F8B85002F0D0FB0020FFF74C
:100B1000D7FB04461DB903B0BDEC028B30BDD0F845
:100B200054040121F0F7BAFB0028F4D19FED167AA6
:100B3000DFED167A28EE078A0223B0EEC87AB4EE0B
:100B4000677AF1EE10FA8DF8003017D8DFED107AE1
:100B5000B4EEE78AF1EE10FA10D8DFED0E7AB4EEBB
:100B6000E78AF1EE10FA09DB03466A464FF49C71FE
:100B700004F108008DED018AFEF760F8D4F8540402
:100B8000F0F7B0FBC7E700BFE22E6542FFFF7F7FB3
:100B900000003443000034C330B52DED028B83B028
:100BA000F9F714F900F5B1650446284602F074FB24
:100BB00030B903B0BDEC028BBDE83040FFF780BB1D
:100BC00004F5BE63284693ED018A94F8185602F0A6
:100BD0006DFB0020FFF774FB04461DB903B0BDECAC
:100BE000028B30BDD0F854040121F0F757FB0028E8
:100BF000F4D1DFED166A9FED167AC8EE267A02234D
:100C00008DF80030F0EEE76AF4EE476AF1EE10FA84
:100C100017D8B1EE047AF4EEC77AF1EE10FA10D8D4
:100C2000B9EE047AF4EEC77AF1EE10FA09DB034666
:100C30006A464FF4967104F10800CDED017AFDF794
:100C4000FDFFD4F85404F0F74DFBC7E70AE81C4158
:100C5000FFFF7F7F30B52DED028B83B0F9F7B6F83B
:100C600000F5B1650446284602F016FB30B903B022
:100C7000BDEC028BBDE83040FFF722BB04F5BE633C
:100C8000284693ED068A94F8195602F00FFB0020CF
:100C9000FFF716FB04461DB903B0BDEC028B30BD57
:100CA000D0F854040121F0F7F9FA0028F4D19FEDAF
:100CB000167ADFED167A28EE078A0223B0EEC87A9C
:100CC000B4EE677AF1EE10FA8DF8003017D8DFED48
:100CD000107AB4EEE78AF1EE10FA10D8DFED0D7A53
:100CE000B4EEE78AF1EE10FA09DB03466A4640F2F9
:100CF000311104F108008DED018AFDF79FFFD4F852
:100D00005404F0F7EFFAC7E7E22E6542FFFF7F7F5A
:100D100000009643000096C330B52DED028B83B0E2
:100D2000F9F754F800F5B1650446284602F0B4FA24
:100D300030B903B0BDEC028BBDE83040FFF7C0BA5C
:100D400004F5BE63284693ED028A94F8185602F023
:100D5000ADFA0020FFF7B4FA04461DB903B0BDECAC
:100D6000028B30BDD0F854040121F0F797FA002827
:100D7000F4D1DFED166A9FED167AC8EE267A0223CB
:100D80008DF80030F0EEE76AF4EE476AF1EE10FA03
:100D900017D8B1EE047AF4EEC77AF1EE10FA10D853
:100DA000B9EE047AF4EEC77AF1EE10FA09DB0346E5
:100DB0006A4640F22D1104F10800CDED017AFDF7ED
:100DC0003DFFD4F85404F0F78DFAC7E70AE81C4158
:100DD000FFFF7F7F30B52DED028B83B0F8F7F6FF74
:100DE00000F5B1650446284602F056FA30B903B062
:100DF000BDEC028BBDE83040FFF762BA04F5BE637C
:100E0000284693ED038A94F8185602F04FFA002012
:100E1000FFF756FA04461DB903B0BDEC028B30BD96
:100E2000D0F854040121F0F739FA0028F4D1DFEDAD
:100E3000166A9FED167AC8EE267A02238DF80030E6
:100E4000F0EEE76AF4EE476AF1EE10FA17D8B1EE69
:100E5000047AF4EEC77AF1EE10FA10D8B9EE047AFB
:100E6000F4EEC77AF1EE10FA09DB03466A464FF456
:100E7000977104F10800CDED017AFDF7DFFED4F89B
:100E80005404F0F72FFAC7E70AE81C41FFFF7F7F01
:100E900030B52DED028B83B0F8F798FF00F5B16502
:100EA0000446284602F0F8F930B903B0BDEC028BD5
:100EB000BDE83040FFF704BA04F5BE63284693ED61
:100EC000058A94F8195602F0F1F90020FFF7F8F9B5
:100ED00004461DB903B0BDEC028B30BDD0F85404FC
:100EE0000121F0F7DBF90028F4D19FED167ADFED50
:100EF000167A28EE078A0223B0EEC87AB4EE677A33
:100F0000F1EE10FA8DF8003017D8DFED107AB4EE5C
:100F1000E78AF1EE10FA10D8DFED0D7AB4EEE78A29
:100F2000F1EE10FA09DB03466A4640F22F1104F194
:100F300008008DED018AFDF781FED4F85404F0F726
:100F4000D1F9C7E7E22E6542FFFF7F7F000096439D
:100F5000000096C370B5234E3468BFF35B8F14F066
:100F60000104054603D0002D35D11F4870BD304621
:100F70000CF0DAFD0028F6D01B4B1C4983F86440C6
:100F80005022C3E900121A49DA605A61DA615A62E2
:100F9000DA625A63DA635A64DA645A650A24154AD3
:100FA0001A66C3E91614144A144999601A6114495F
:100FB000144A99611A621449144A99621A631449CD
:100FC000144A99631A641449144A996430461A659C
:100FD0000CF0B6FDC7E7124B124A13481521E9F78A
:100FE00041F900BF184201201C420120388103084A
:100FF000190A0208D5060208190D0208990B020801
:10100000D50D0208910E0208C9030208550C02080A
:101010008D040208D10A02085505020811060208CB
:10102000180D0308781E0308441A030838B51F4D2D
:101030002C68BFF35B8F14F0010401D01C4838BD4D
:1010400028460CF071FD0028F8D01A4B1A49196097
:101050001A4983F864405022C3E901211849C3E9C1
:1010600003211849C3E905211749C3E90721174995
:10107000C3E909211649C3E90B211649C3E90D212A
:101080001549C3E90F211549C3E911211449C3E9E1
:1010900013211449C3E91521134A28460A21C3E93B
:1010A00017120CF04DFD024838BD00BF1842012058
:1010B000204201201C42012038810308990B0208BC
:1010C000190D0208D50D0208910E0208C903020885
:1010D000550C02088D040208D10A020855050208C1
:1010E00011060208190A0208D506020818B14FF4C1
:1010F0007A73B3FBF0F0704790F956000028D4BF24
:1011000000200120704700BFC0E91612704700BFE1
:10111000F0B5F22991B0044671D0F3290B464ED1B7
:10112000944A4579ADF80D3092E80300F92D4FF05F
:10113000000202908DF80C108DF80F208DF8102011
:101140008DF811208DF8122040F29080FF238DF849
:101150000E304FF0FF32072102A8F9F7F7F802AB83
:10116000CDF80F0003CBC4F82A001A88628604F178
:101170002A079A78C4F82E100B23BA72A4F85430B8
:10118000A36D002B38D0F8F743FE7B4D4519A06DB9
:1011900041F10006EFF7A4F904E0F8F739FEA842A0
:1011A000B14129D2A06D90F84130202BF5D1B4F88F
:1011B00054203946EFF758F9012011B0F0BD6D4ABF
:1011C0008DF8193092E80300002305908DF818106F
:1011D0004FF0FF32072105A88DF81A308DF81B302B
:1011E0008DF81C308DF81D308DF81E30F9F7AEF8F3
:1011F00005ABCDF81B00B5E7002011B0F0BD5F4A8C
:1012000043798DF8193092E80300F92B05908DF899
:10121000181065D902AD574A92E803008DF80C10FA
:101220004FF6F271002302904FF0FF32ADF80D102F
:10123000284607218DF80F308DF810308DF81130C9
:101240008DF81230F9F782F82A46CDF80F0003CA5C
:1012500004F12A07138863869278C4F82A000B23C6
:10126000C4F82E10BA72A4F8543089E744484FF4F9
:101270008071EBF767FCD4F80630CDF81630D4F85F
:101280001630D4F80A20D4F80E60CDF82630662344
:10129000D4F81210CDF81A20CDF81E60D4F81A2018
:1012A000D4F81E6000936D01CDF82210D4F82210FE
:1012B000CDF82A206DBACDF832103248ADF814506E
:1012C000222305AAA021CDF82E60EAF7F5FE00281A
:1012D00049D02B4801224FF48071EBF733FC35E7FE
:1012E0005B0159BA012202AD0092ADF80810254801
:1012F00002232A46A021EAF7DFFE00288BD1202313
:10130000204800930DF11A02A021EBF743F80028C2
:1013100081D14FF0FF32262105A8F9F717F804F123
:101320002A07CDF83A000DF1140C3E460DF1340EAB
:1013300065460FCD754506F110060CF1100C46F808
:10134000100C46F80C1C46F8082C46F8043CEFD16B
:10135000BCE803003060BCF8002032812A237160B1
:10136000A4F854300CE7064801224FF48071EBF7E3
:10137000E9FBEEE63C02030840420F00340203089A
:1013800000080240A80400202A2938B504460ED9D6
:10139000FE2380F856302A22A06D2146EFF750FD3B
:1013A000E36D1A68136823F00803136038BD0D1F3E
:1013B0004FF0FF322946F8F7C9FF6359984203D02E
:1013C000FF2384F85630E6E723784E2BE3D1637889
:1013D000452BE0D16388032BDDD12179F12914D08D
:1013E0000DD8F029D7D1012384F856302046FFF7D5
:1013F0008FFE0028CFD1FD2384F85630CBE701F1D2
:101400000E03DBB2012BF1D9C5E7002384F8563077
:10141000ECE700BF70B505462A222946806D104CC6
:10142000EFF70EFDEB6D1A68136823F008031360E5
:10143000F8F7EEFC041941F10006F8F7E9FCA042C8
:10144000B141FAD395F95630002BF6DCA86D90F82F
:101450004130202BF1D1BDE87040EFF7CBB900BF90
:10146000404B4C00154B5B68C3F3080370B5FBB1F0
:10147000134E3468BFF35B8F14F00104054605D0AA
:1014800029461048BDE87040FFF77EBF30460CF09B
:101490004BFB0028F4D00B4B3046C3E91544DC6508
:1014A0000CF04EFB29460748BDE87040FFF76CBFC3
:1014B000054B064A06480721E8F7D4FE00ED00E098
:1014C0008442012088420120C41E0308E81E03084C
:1014D0001C1F0308F8B5114F3C68BFF35B8F14F075
:1014E000010405460E4606D0324629460C48BDE8A2
:1014F000F840FFF709BE38460CF016FB0028F3D081
:10150000074B3846C3E91544DC650CF019FB32463D
:1015100029460348BDE8F840FFF7F6BD84420120A4
:101520008842012038B50E4D2C68BFF35B8F14F054
:10153000010404D0BDE838400A48FFF76BBF2846D5
:101540000CF0F2FA0028F5D0064B2846C3E9154402
:10155000DC650CF0F5FABDE838400248FFF75ABFE9
:10156000844201208842012038B50E4D2C68BFF31B
:101570005B8F14F0010404D0BDE838400A48FFF73F
:10158000BBBD28460CF0D0FA0028F5D0064B284603
:10159000C3E91544DC650CF0D3FABDE838400248D5
:1015A000FFF7AABD84420120884201200079B0FAE9
:1015B00080F04009704700BF70B5002284B0054636
:1015C0004FF400417248EBF7BDFA02260A230024CB
:1015D00000968DF80E300DF10F0201230DF10E0172
:1015E0006C488DF80F40EDF74FFF802300968DF883
:1015F0000E300DF10F0201230DF10E0165488DF83B
:101600000F40EDF741FF01224FF400416048EBF736
:1016100099FA0B20E9F724FB5D4822464FF400417C
:10162000EBF790FAAF2300968DF80E300DF10F0214
:1016300001230DF10E0157488DF80F40EDF724FFFF
:10164000012300960DF10F020DF10E0151488DF8A6
:101650000E408DF80F40EDF717FF9DF80F604C48D6
:1016600001224FF40041EBF76DFA302E2B6808D0C1
:1016700001222A715B68484A934240F0828004B09C
:1016800070BD2C715B68444A93427AD10225404870
:1016900000224FF400410024EBF754FA0A260DF122
:1016A0000F020DF10E01009501233A488DF80E60EE
:1016B0008DF80F40EDF7E8FE01230DF10F020DF15B
:1016C0000E01009533488DF80E408DF80F40EDF770
:1016D000DBFE2F4801224FF40041EBF733FA22469C
:1016E0002B484FF40041EBF72DFA0B238DF80E3009
:1016F0000DF10F020DF10E010095012325488DF823
:101700000F40EDF7C1FE01230DF10F020DF10E01A7
:10171000009520488DF80E608DF80F40EDF7B4FE6F
:101720001B4801224FF40041EBF70CFA22461848FF
:101730004FF40041EBF706FA09238DF80E300DF156
:101740000F020DF10E010095012312488DF80F4094
:10175000EDF79AFE24200DF10F020DF10E018DF828
:101760000E00009501230B488DF80F40EDF78CFE1D
:10177000074801224FF4004104B0BDE87040EBF788
:10178000E1B928469847002880D104B070BD00BF59
:101790000000024078CF0020AD15020808B90448C7
:1017A000704708B5034A044B04481821E8F75AFD6E
:1017B00040000020501F0308180D0308981F03085D
:1017C0002DE9F04F002587B03E48049592468B46A0
:1017D0002A464FF400419946CDF813500226EBF704
:1017E000B1F980238DF80E303748009601230DF1B2
:1017F0000F020DF10E018DF80F50EDF745FEDFF8E9
:10180000C88004AC0DF11707012300960DF10F02FB
:101810000DF10E0140468DF80E508DF80F50EDF78A
:1018200033FE9DF80F3004F8013BBC42ECD1254853
:1018300001224FF40041EBF785F99DF811309DF836
:1018400010109DF816209DF813009DF812409FED92
:101850001F6ADFED1F6A9B0043EA812343EA92136C
:10186000800007EE903A40EA8420C2F38103C2F37D
:101870000112024307EE102AF8EEE77AB8EEC77AB3
:101880009DF815109DF8142077EEC67A37EE467A4B
:10189000890067EEA67A26EEC77A41EA82221343D0
:1018A0008BED007ACAED007A07EE903AF8EEE77A0F
:1018B00077EEC67A66EEE76AC9ED006A07B0BDE862
:1018C000F08F00BF0000024078CF002000000048E9
:1018D000000080382DE9F0478EB00446F8F798FAFA
:1018E0000023544A04920593002206930793089319
:1018F0000023CDE90A2323684F4A5B680025934201
:101900008DF8305006460D460FD123798BB1002754
:10191000F8F75CFA00F590750446284601F0BCFC27
:1019200000286FD10EB0BDE8F08720469847002808
:10193000EDD0424800224FF40041EBF703F94FF09D
:10194000020A88234FF000088DF80E300DF10F02C7
:1019500001230DF10E013A48CDF800A08DF80F805B
:10196000EDF792FD01230DF10F020DF10E01344848
:10197000CDF800A08DF80E808DF80F80EDF784FD76
:101980009DF80F902D4801224FF40041EBF7DAF853
:1019900019F00107BBD0294842464FF40041EBF74C
:1019A000D1F808238DF80E300DF10F0201230DF14F
:1019B0000E012348CDF800A08DF80F8049F00309EF
:1019C000EDF762FD01230DF10F020DF10E011C4830
:1019D000CDF800A08DF80F808DF80E90EDF754FD36
:1019E000164801224FF40041EBF7ACF807AB204654
:1019F00006AA05A9CDE90A65FFF7E2FE01238DF8E5
:101A0000303085E7DDE90A01059BC4F88C31079B7E
:101A1000069AC4F89431089B84F8A871C4E9680157
:101A20002846C4F89021C4F898310EB0BDE8F047BC
:101A300001F03CBC487A0308AD15020800000240E2
:101A400078CF0020D0F81402003818BF012070476A
:101A5000D0F8143203B1704710B5044600F51A707F
:101A6000EFF7CCFBC4F8140210BD00BFF8B5174E59
:101A70003468BFF35B8F14F00104054602D0F5B95A
:101A80001348F8BD30460CF04FF80028F7D0104F3F
:101A9000104B384640F8043B01F036FD07F506735D
:101AA000C7F8703230465023C7E98344C7E99A44E7
:101AB000C7F81442C7F874320CF042F8DFE7064B5F
:101AC000064A07481821E8F7CDFB00BFE84201208D
:101AD000F042012058810308180D0308C81F0308AD
:101AE0001820030800B5074A83B000238C4610680D
:101AF0008DF807C01A460DF10701EFF71FFD03B07F
:101B00005DF804FB6C06002070B586B0011D04462C
:101B100001A802F01FF8F2F7FDFCD4E98335EB1AB7
:101B200054BF143303F50573B3F5007F23D205F1D9
:101B3000140305F10A0EB3F5007F04EB0E0C1FD958
:101B4000C5F50076324601A960460DF0DBFE01AB1B
:101B5000A5F5F672991904F10A000DF0D3FE1648A6
:101B6000D4F8103290F841201433C3F30803202A2C
:101B7000C4F8103213D006B0BDE87040F2F7EABCEA
:101B800001AD0FCD44F80E002868CCF804101426DF
:101B9000CCF80820CCF80C30CCF81000DFE7D4F8F3
:101BA0000C120A31B2B22144EEF75EFC06B0BDE879
:101BB0007040F2F7CFBC00BFF0D2002070B586B005
:101BC000011D0446684601F0FDFFF2F7A3FCD4E9CD
:101BD0008335EB1A54BF183303F50673B3F5007F52
:101BE00023D205F1180305F10A0EB3F5007F04EBCB
:101BF0000E0C1FD9C5F500763246694660460DF0D9
:101C000081FEA5F5F4720DEB060104F10A000DF05A
:101C100079FE1748D4F8103290F841201833C3F3F6
:101C20000803202AC4F8103215D006B0BDE8704071
:101C3000F2F790BC6D460FCD44F80E00CCF80410BE
:101C400003CD1826CCF80820CCF80C30CCF81000C6
:101C5000CCF81410DDE7D4F80C120A31B2B22144EA
:101C6000EEF702FC06B0BDE87040F2F773BC00BFAF
:101C7000F0D20020531EB3F5007F2DE9F04152D27F
:101C8000054614460F46F2F745FCD5E98336F31AAC
:101C900048BF03F500732344B3F5007F1DD2A31999
:101CA00006F10A00B3F5007F28441CD822463946C5
:101CB0000DF028FEA046D5F810321E481C4490F8BE
:101CC0004130C4F30804202BC5F810421BD0012476
:101CD000F2F740FC2046BDE8F0810024F2F73AFC20
:101CE0002046BDE8F081C6F50078424639460DF041
:101CF00009FEA6F50072224407EB080105F10A006F
:101D00000DF000FED7E7D5F80C120A311FFA88F261
:101D10002944EEF7A9FBB0FA80F46409F2F71AFC43
:101D20002046BDE8F081044B044A0548D921E8F774
:101D300099FA00BFF0D20020502003087C2003084D
:101D40001820030870B59CB00546F8F73FF82C2220
:101D50000446002111A80DF0F7FC2B4A92E803007D
:101D600004F5B1660023294A0990304610928DF897
:101D700028108DF82930CDF82A30CDF82E30CDF846
:101D80003230ADF836300F9301F086FA08B91CB046
:101D900070BD04F5BE63B4F818165A68ADF8681043
:101DA00011929968DA681291139219695A6914911B
:101DB000159299691691D3E908233046CDE9182385
:101DC00001F074FAD5F814020121EFF767FA002840
:101DD000DDD110AA291D684601F0AAFB00980199DF
:101DE000029A039B09AC0FC404980599069A07C48C
:101DF0001C2209A92846FFF73DFFD5F81402EFF78A
:101E000071FA1CB070BD00BF44020308B87A030821
:101E100070B598B00546F7F7D9FF2C22044600218B
:101E20000DA80DF091FC2E4A92E8030004F5B1666E
:101E300000232C4A079030460C928DF82010ADF804
:101E400021308DF823300B938DF824308DF8253018
:101E50008DF826308DF827308DF828308DF8293010
:101E60008DF82A3001F018FA08B918B070BD04F5E1
:101E7000BE63B4F818165A68ADF858100D929968F8
:101E8000DA680E910F9219695A6910911192996945
:101E90001291D3E908233046CDE9142301F006FA64
:101EA000D5F814020121EFF7F9F90028DDD10CAAC9
:101EB000291D684601F04CFC00980199029A039B89
:101EC00007AC0FC404982060142207A92846FFF726
:101ED000D1FED5F81402EFF705FA18B070BD00BFB7
:101EE0004C020308B87A030870B5364B064693E8EF
:101EF000030096B00023079033480C9000228DF821
:101F0000201000200021CDE91201ADF821308DF81C
:101F100023308DF824308DF825308DF826308DF85B
:101F200027308DF828308DF829308DF82A300B9322
:101F30000D920E920F9210928DF85030F7F746FFE7
:101F400000F5815510350446284601F0A5F908B979
:101F500016B070BD04F580542846D4F89C20D4F8FF
:101F6000A0300D920E93D4F8A420D4F8A8300F928C
:101F70001093D4E92C2394F8B8108DF85010CDE9C3
:101F8000122301F093F9D6F814020121EFF786F934
:101F90000028DDD10CAA311D684601F0EDFC009847
:101FA0000199029A039B07AC0FC404982060142285
:101FB00007A93046FFF75EFED6F81402EFF792F954
:101FC00016B070BD54020308C87A030870B5324BCE
:101FD000064693E803009AB0002309902F488DF835
:101FE00028100022109000210020CDE90C33CDE90B
:101FF00016018DF82930CDF82A30ADF82E300F9328
:102000008DF860301192129213921492F7F7DEFE5F
:1020100000F5815510350446284601F03DF908B910
:102020001AB070BD04F580542846D4F89C20D4F82A
:10203000A03011921293D4F8A420D4F8A8301392AF
:102040001493D4E92C2394F8B8108DF86010CDE9DE
:10205000162301F02BF9D6F814020121EFF71EF92F
:102060000028DDD110AA311D684601F0D1FC00988E
:102070000199029A039B09AC0FC404980599069A2A
:1020800007C41C2209A93046FFF7F4FDD6F8140254
:10209000EFF728F91AB070BD5C020308C87A03088C
:1020A0002DE9F043634A6449A7B00023CDE910331A
:1020B000CDE91332ADF848308DF868308DF89030A6
:1020C0008DF830305D4B1C9300244FF000084FF02A
:1020D00000095B4B0E9102250F95CDE91889CDE9DA
:1020E0002289CDE90A890646159416941D941E94FA
:1020F0001F94209409940893F7F768FE00F586571B
:102100000546384601F0C8F8002836D1CDE91889CF
:10211000159416948DF86800F7F758FE00F5815570
:1021200010350446284601F0B7F8002868D100248D
:102130000025CDE9224500231D931E931F93209374
:102140008DF89000F7F742FE00F5D6650446284664
:1021500001F0A2F8002841D100240025CDE90A456C
:10216000002309938DF83000D6F814020121EFF70F
:1021700095F8B0B127B0BDE8F08305F58055384635
:10218000D5F82C21D5F8303115921693D5E94E2388
:1021900095F840118DF86810CDE9182301F086F804
:1021A000BAE708AB009314AA1CAB311D02A801F0DA
:1021B00019FB02980399049A059B0EAC0FC406986C
:1021C0000799182203C40EA93046FFF753FDD6F82D
:1021D0001402EFF787F827B0BDE8F08304F5E46355
:1021E000D3E9000104F5E363CDE90A015B680993D3
:1021F000284694F828378DF8303001F057F8B3E7C7
:1022000004F580542846D4F89C20D4F8A0301D92C0
:102210001E93D4F8A420D4F8A8301F922093D4E9B8
:102220002C2394F8B8108DF89010CDE9222301F0FA
:102230003DF887E7D87A03084E450300C87A0308BB
:10224000787A030870B586B00646F7F7BFFD00F54B
:10225000A2650446284601F01FF808B906B070BD13
:10226000284604F5B064D4E9004501F01FF8D6F81B
:1022700014020121EFF712F80028EFD12B46224675
:10228000311D01A801F02CFC142201A93046FFF7F2
:10229000F1FCD6F81402EFF725F806B070BD00BFC8
:1022A00008B5164B5B68C3F3080303B3D0E9833268
:1022B0001944C1F30801521A002A8446C0F80C12CE
:1022C00001DC08D108BD0A31BDE808400C4892B2D3
:1022D0006144EEF7C9B8C1F5007201F10A030CEBD5
:1022E00003010748BDE8084092B2EEF7BDB8054BC0
:1022F000054A06484FF48271E7F7B4FF00ED00E0AD
:10230000F0D20020C41E0308BC20030818200308D4
:1023100010B504460020FFF7A9FB2146BDE8104098
:10232000FFF7BEBF007970472DE9F843324F3D6893
:10233000BFF35B8F15F00105064604D0002E55D182
:102340002E48BDE8F88338460BF0EEFB0028F5D0A8
:102350002A4C2B4A65602346294643F8042BC3E9DF
:102360000155C3F80B504FF07E53636163626363A2
:10237000A363A364A3654FF48772002304F1600094
:102380004FF000084FF00009A361E3612362A362EC
:10239000E3622363E36323646364E3642365636547
:1023A0000DF0D2F94FF48772294604F5C070C4E9E4
:1023B0005C89C4E95E890DF0C7F9124B84F8A0521C
:1023C0003846C4E9A489C4E9A689C4F8A252C4F86D
:1023D000A652C4F8AA52C4F8AE52C4F8B25284F855
:1023E000B652C4F8B8320BF0ABFBA7E7064B074A6E
:1023F00007483121E7F736FF6C4501207045012081
:102400006881030828D00020180D0308F82003086D
:10241000402103082DE9F0412DED068BC8B005469B
:10242000F7F7D4FC9A4F4FF49072002104464FF412
:10243000000868460DF088F9F2F76CF8C7F8848058
:10244000BFF34F8FBFF36F8F95F8B632EBB9C7F874
:102450000480F2F77FF8DFED8F8A00252046B0EE8A
:10246000689AB0EE688AF0EE689AB0EE68AAF0EE6C
:1024700068AA2F462E4600F00FFF002840F0E980A2
:1024800048B0BDEC068BBDE8F081BFF35F8F4FF421
:10249000907205F5C071684600260DF033FA85F894
:1024A000B662C7F80480F2F755F82B79002BD2D02A
:1024B000DFED783A0DF11203F0EE634AB0EE633AC5
:1024C000B0EE632AB0EE634AF0EE632A48A813F830
:1024D000022C012A30D133F9122C05EE102A33F9DF
:1024E000102C05EE902A33F90E2C06EE102A33F943
:1024F0000C2C06EE902A33F90A2C07EE102A33F939
:10250000082C07EE902AB8EEC55AF8EEE55AB8EE58
:10251000C66AF8EEE66AB8EEC77AF8EEE77A72EEC7
:10252000852A34EE254A32EE062A33EE263A74EE38
:10253000874A73EEA73A013612339842C7D1002E6C
:1025400089D007EE906ADFED546A9FED547ADFED93
:10255000545A9FED546A95ED0FAAD5ED159A95ED55
:10256000069A95ED0E5AD5ED0C8AF8EE677ADDE9FC
:10257000467267EEA66A67EE877A85EEA67ADDE98F
:1025800044367F085B0843EAC67347EAC277FF1800
:102590004FEA5606204646EB5206C6EE276A24EE60
:1025A000074AD5ED127AD5ED095A95ED106A66EE17
:1025B000A44A62EE872A24EE0AAA64EE299A24EE3F
:1025C000274AD5ED117A23EE263AA2EEA74A24EE49
:1025D000899AD5ED057AA2EE85AAA3EE279A95ED04
:1025E000145AD5ED0B7A64EEA88A24EEA58AE2EEA1
:1025F000859AD5ED085AD5ED074A95ED0D5AE3EECB
:10260000278A27EE027A66EEA37AA3EE258AD5ED15
:10261000163AD5ED135AD5ED0A6AA7EE06AA01259A
:10262000E7EE239AA7EEA49AE7EE858AA7EE254A5D
:10263000A7EEA68AF0EE44AAB1EE4AAAF1EE699A94
:10264000B1EE499AF1EE688A00F026FE00283FF4C8
:1026500017AF0023C4F8843020460023C4E9227653
:10266000C4ED1BAA84ED1CAAC4ED1D9A84ED1E8A3C
:1026700084ED1F9AC4ED208A84F8905084F891303C
:1026800048B0BDEC068BBDE8F04100F00FBE00BFC6
:1026900000E100E000000000004899450000A04271
:1026A000CDCC1C4135FA8E3C2DE9F041174684B063
:1026B0000D46002219462DBA044638469846EAF7D8
:1026C00041FA0295F7F7A4FB05460E46D4F8B80286
:1026D000EDF744F8012813D10223D4F8B80200938F
:1026E00003AA042302A9ECF7CFFE98B100243846D0
:1026F00001224146EAF726FA204604B0BDE8F081FF
:10270000F7F786FB401B61EB0601142871F100010D
:10271000DCD3EBE7039C24BAE9E700BF2DE9F04FD7
:10272000DFF87CB3DBF800300133012B83B00446C3
:10273000CBF8003000F000810F2B00F07281C74A07
:10274000C74901232046FFF7AFFFC44AC54901230B
:102750002046FFF7A9FFC14AC3490123814620460D
:10276000FFF7A2FFBD4AC049009001232046FFF7B2
:102770009BFFBE4ABB49019010232046FFF794FF00
:10278000BA4ABB4910232046FFF78EFFB74AB94922
:10279000102380462046FFF787FFB44AB64910232E
:1027A00005462046FFF780FFB04AAF491023064692
:1027B0002046FFF779FFAD4AAB4907461023204674
:1027C000FFF772FF8246002D00F08480002E00F09B
:1027D0008180002F7ED0B8F1000F7BD0B9F1000FBF
:1027E00078D0009B002B75D0002873D0019B002B64
:1027F00070D005F04073B3F1807F40F0A28006F006
:102800004073B3F1807F40F09C8007F04073B3F1D8
:10281000807F40F0968008F04073B3F1807F40F0F5
:10282000908009F04073B3F1807F40F08A80009B74
:1028300003F04073B3F1807F40F0838000F0407379
:10284000B3F1807F7DD1019B03F04073B3F1807FB2
:1028500077D1002384F8A032009B4FEA132C019B10
:102860000022390A180A174613462D0A4FEA192979
:10287000360A61F30F074FEA1A2A194665F30F0269
:1028800069F30F0366F31F426CF31F434FEA1828E6
:102890006AF30F01164668F31F4760F31F411A469B
:1028A0004FF0010CDBF800506B1E0E2B00F2CE80B7
:1028B00003EBC30304F160000F2D40F8136000EB3D
:1028C00043035F609A60D96083F810C00BD003B0F7
:1028D000BDE8F08F012384F8A0320022114616468D
:1028E00017469446DEE794F8B632002B00F09E803F
:1028F000002384F8703084F8823084F8943084F8AF
:10290000A63084F8B83084F8CA3084F8DC3084F813
:10291000EE3084F8003184F8123184F8243184F8E0
:10292000363184F8483184F85A3184F86C31CBF868
:10293000003003B0BDE8F08FF7F76AFAC4E95C0134
:10294000FDE64FF00103494A4C4984F8A032204685
:102950001023FFF7A9FE454A494910232046FFF7F7
:10296000A3FE000A414A4749A4F8A20210232046C8
:10297000FFF79AFE000A3D4A4349A4F8A402102337
:102980002046FFF791FE000A384A4049A4F8A60203
:1029900010232046FFF788FE000A344A3B49A4F87A
:1029A000A80210232046FFF77FFE000A2B4A334976
:1029B000A4F8AA0201232046FFF776FE274A3049F1
:1029C00001232046FFF770FE000A244A3049A4F88C
:1029D000AC0201232046FFF767FE000A1F4A2A497E
:1029E000A4F8AE0201232046FFF75EFE000A1B4A50
:1029F0002649A4F8B00201232046FFF755FE000A3D
:102A0000A4F8B2020123154A20492046FFF74CFEE4
:102A100094F8A032000AA4F8B402002B3FF41CAFD3
:102A20005BE7F7F7F5F9C4E95E0188E601464FF484
:102A3000907204F5C0700CF065FFBFF35F8F012347
:102A400084F8B6321920E8F767FD51E7114B124AB6
:102A5000124840F23311E7F705FC00BF00040240C2
:102A6000FB00000CF7000004E300001C000802401B
:102A7000E9000010EF000014E5000018D500003850
:102A8000910000409D000048890000508F000054D4
:102A90009700004470210308C8210308402103085F
:102AA000684501202DE97043374E3568BFF35B8FD1
:102AB00015F001050ED0354B5B68C3F30803002BFE
:102AC0005BD0334803791BB1BDE87043FFF726BEE6
:102AD000BDE8708330460BF027F80028EBD02C4C73
:102AE0002C4B65602246294642F8043B4FF07E534A
:102AF000C2E901556362C2F80B5063636361A3636B
:102B0000A364A3654FF48772002304F160004FF0C3
:102B100000084FF00009A361E3612362A362E3624E
:102B20002363E36323646364E364236563650CF0F8
:102B30000BFE4FF48772294604F5C070C4E95C8926
:102B4000C4E95E890CF000FE134B84F8A0523046B5
:102B5000C4E9A489C4E9A689C4F8A252C4F8A6525B
:102B6000C4F8AA52C4F8AE52C4F8B25284F8B652AD
:102B7000C4F8B8320AF0E4FF9DE7084B084A094858
:102B8000DE21E7F76FFB00BF6C45012000ED00E0A0
:102B9000704501206881030828D00020C41E030866
:102BA000C8210308402103082DE9F04F012585B015
:102BB0000446374A374905711023FFF775FD364A39
:102BC00036492B462046FFF76FFD334A31492B46E5
:102BD0002046FFF769FD1920E8F742F82C4A3049F2
:102BE00010232046FFF760FD294A2E491023204676
:102BF000FFF75AFD264A2C49102307462046FFF7C7
:102C000053FD234A2849102306462046FFF74CFD72
:102C1000C6F30F26C0F30F2224490096C7F30343DF
:102C2000601D0CF055FD1C4A21492B462046FFF73C
:102C30003BFD194A1F492B462046FFF735FD164A32
:102C40001D492B462046FFF72FFD134A19492B46F5
:102C50002046FFF729FD104A18492B462046FFF76A
:102C600023FD0D4A13492B462046FFF71DFD0A4A56
:102C700010492B462046FFF717FD00F4E060B0F541
:102C8000E06F1DD00023237105B0BDE8F08F00BFB9
:102C9000000802407C0100E000040240730000FCD8
:102CA000B9000070BF000074B5000078EC21030883
:102CB000AA1000E4A70000648F0800E4E02000E40C
:102CC000D84AD9492B462046FFF7EEFCD54AD749CA
:102CD0002B462046FFF7E8FCD24AD5492B46204632
:102CE000FFF7E2FCCF4AD34982462B462046FFF746
:102CF000DBFCCC4AD04907462B462046FFF7D4FCE4
:102D0000C84ACE4981462B462046FFF7CDFCC54A2E
:102D1000CB4903902B462046FFF7C6FCC14AC94960
:102D200083462B462046FFF7BFFCBE4AC6490290A9
:102D30002B462046FFF7B8FCBA4AC44980462B46CA
:102D40002046FFF7B1FCB74AC04906462B4620464D
:102D5000FFF7AAFC4AF3072206EE102A4AF30742BD
:102D600006EE902ADFEDBA7A039BF8EEE66AB7EE3C
:102D7000007AB8EEC66A66EEA76AF0EE475A49F3E3
:102D80000722E6EE275A06EE102A49F30742C4ED61
:102D9000066A06EE902AB8EEC66AF8EEE66AC4ED58
:102DA000055AF0EE475AE6EE275A4BF307224BF34B
:102DB000074B66EEA76A06EE102AC4ED0A6A06EE15
:102DC00090BAB8EEC66AF8EEE66AC4ED095AF0EEBB
:102DD000475AE6EE275A48F30742B0EE476AA6EE96
:102DE000A76AC4ED0D5A84ED0E6A06EE102A48F368
:102DF000072206EE902AF8EEE66AB8EEC66A66EE9C
:102E0000A76AF0EE475A40F30742E6EE275A06EE6D
:102E1000102A40F30722C4ED116A06EE902AB8EE9C
:102E2000C66AF8EEE66AA6EE277A47F3072266EE50
:102E3000A76A84ED167AC4ED156A06EE902A47F368
:102E4000074207EE102AF8EEE66AB8EEC77A66EE99
:102E5000A76A27EE277A43F30722C4ED076A06EE36
:102E6000902A43F3074284ED087A07EE102AF8EE21
:102E7000E66A029BC4ED125AB8EEC77A66EEA76AFC
:102E800027EE277A43F3072243F30743C4ED0B6A87
:102E900006EE903A46F3072346F3074606EE103A4D
:102EA00005EE902A84ED0C7A07EE106AF8EEE55AEA
:102EB000F8EEE66AB8EEC66AB8EEC77A65EEA75ACB
:102EC00066EEA76A26EE276A2379C4ED0F5A67EEED
:102ED000277AC4ED106A84ED136AC4ED147A002BCE
:102EE0003FF4D2AE4F4A5B492B462046FFF7DCFB4E
:102EF0004C4A59492B462046FFF7D6FB1920E7F7E5
:102F0000AFFE564A564910232046FFF7CDFB454AEF
:102F100053492B462046FFF7C7FB424A50492B46F0
:102F20002046FFF7C1FB4620E7F79AFE4B4A4D4982
:102F300010232046FFF7B8FB484A4B491023204690
:102F4000FFF7B2FB374A44492B462046FFF7ACFB5C
:102F50001920E7F785FE334A41492B462046FFF703
:102F6000A3FB304A3E492B462046FFF79DFB2846EF
:102F7000E7F776FE2B4A3B492B462046FFF794FBAA
:102F800040F29510E7F76CFE344A3849102320468A
:102F9000FFF78AFB234A35492B462046FFF784FB7F
:102FA0002E4A334910232046FFF77EFB2B4A304937
:102FB00010232046FFF778FB0320E7F751FE274A4E
:102FC0002B4910232046FFF76FFB164A28492B4652
:102FD00006462046FFF768FB124A25492B46204645
:102FE000FFF762FB0320E7F73BFE06F040760D4A51
:102FF0001F492B462046FFF757FBB6F1807F00F0B4
:10300000B380164A144910232046FFF74DFB054AAA
:10301000114901232046FFF747FB1920E7F720FE5F
:103020000E4A27E0000402401A0500FCCB00002CE9
:103030009B00004C890000508F0000548500005810
:103040008300005CA1000060AB00006CB900007060
:1030500000008039730000FC7C0100E000080240A1
:10306000670000E49E1212D8482202E85B0200E0EA
:10307000D5000038404910232046FFF715FB3F4A92
:103080003D4901232046FFF70FFB3C4A3A49012303
:103090002046FFF709FB3220E7F7E2FD384A3949BD
:1030A00010232046FFF700FB354A374910232046FE
:1030B000FFF7FAFA314A334901232046FFF7F4FAC1
:1030C0002D20E7F7CDFD40F29510E7F7C9FD2C4A1A
:1030D0002E4910232046FFF7E7FA284A2B490123FF
:1030E0002046FFF7E1FA264A294910232046FFF738
:1030F000DBFA234A264910232046FFF7D5FA03209E
:10310000E7F7AEFD1E4A224910232046FFF7CCFA0E
:103110001A4A1F49012305462046FFF7C5FA174AF8
:103120001B4901232046FFF7BFFA0320E7F798FD6C
:1031300005F04075114A164901232046FFF7B4FAFD
:10314000B5F1807F7FF49EAD00F04070B0F1807FDC
:103150007FF498AD2379002B3FF496AD0D4805B070
:10316000BDE8F04FECF7CCBB00F04070B0F1807FD1
:103170007FF447AFEEE700BF670000E400040240C1
:10318000000802409E1212D8482202E85B0200E0CA
:10319000D500003810D1002070B51A4C84B0F6F775
:1031A00037FED4E90023B0EB020E61EB030C164BA3
:1031B0000025734575EB0C0CCDE9000103D3C4E980
:1031C000000104B070BD114E2B4630682A46694696
:1031D000EEF7B4F9033005D0DDE90001C4E90001E0
:1031E00004B070BD2B4630682A4602A9EEF7D8F924
:1031F00003460028F0D130681A466946EEF79EF97A
:10320000EAE700BF304801208F5F01001006002070
:10321000F8B506460D46F6F7D9FD00F5A267044657
:10322000384600F039F838B90020FEF71FFCBDE839
:10323000F8400621FEF756BC3846C4F88065C4F84D
:10324000845500F033F8EFE710B5044600230A4830
:10325000206004F108015022C4E91633C4E91812B1
:1032600004F15800EDF7CAFF606008B1204610BDB8
:1032700002480F2100F01EF878810308FC210308A2
:1032800010B50446034B40682360EEF74DF8204626
:1032900010BD00BF7881030808B501214068EDF733
:1032A000FDFFB0FA80F0400908BD00BF4068EEF7AE
:1032B00019B800BF80B50E46BAB0074672B66C4862
:1032C0006C4C6B4DEDF784F96423214601222846AE
:1032D000EDF746F814F8013F002BF5D13B7853B1D8
:1032E000634C6423394601222046EDF739F817F87C
:1032F000013F002BF5D1604C5D4D64232146012236
:103300002846EDF72DF814F8013F002BF5D186EA99
:10331000E674A4EBE674092C4FEAD67640F2958069
:10332000632C40F29F80B4F57A7F72D342F20F7320
:103330009C4240F29580514B9C4240F29580504B0C
:103340009C4298BF05230BD94E4B9C4238BF0523A6
:1033500060D34D4B9C4271D94C4B9C4272D909238E
:1033600003F1010801AD03AB08EB06012D2228464D
:10337000019307AF0AF032FC019B4549C922384648
:103380001E440CF0BFFA632C3AD9A8F10202DFF810
:10339000088132444FF0640E42F20F7CA8FB041304
:1033A0005B090EFB1340214637F8100022F8020992
:1033B00061451C46F2D8B1F57A7F21D204F1300381
:1033C000DBB23370019C237853B1294E642321462C
:1033D00001223046ECF7C4FF14F8013F002BF5D171
:1033E00028460AF0E0FB2B4C214D642321460122A4
:1033F0002846ECF7B5FF14F8013F002BF5D1FEE7A6
:103400003AAB03EB440414F8CB2C14F8CC3C7270A8
:10341000D7E7012303F1020801AD03AB08EB060176
:1034200028462D22019307AF0AF0D8FB019B1849CB
:10343000C92238461E440CF065FAA6E7052303F1BD
:103440000308E9E74FF00908E6E701AD03AB711C9B
:103450002D22284601930AF0C1FB019B1E44ADE7D3
:103460000123ECE701237BE74FF00508D4E700BF19
:10347000F0D2002018220308382203089F8601009A
:103480003F420F0080969800FFE0F505FFC99A3B88
:1034900044220308402203081F85EB5190F8643052
:1034A0000BB10120704710B504465430EDF7A6FE6D
:1034B000206020B1012384F86430012010BD94F80D
:1034C000640010BD08B5034690F8640000B908BD5B
:1034D0001868EDF7E3FEB0FA80F0400908BD00BFC0
:1034E00090F8643003B970470068EDF7FBBE00BF89
:1034F00090F8643010B504460BB9204610BD006842
:10350000EDF712FF204610BD10B504460023064813
:103510002360A380FFF7C2FF08B1204610BD034817
:103520001921FFF7C7FE00BF5848012010230308E8
:10353000F8B57D4B04460D4619791868217192F84B
:103540002810206000232878C4F80630C4F80A3018
:10355000C4F80E30A374E37423766376A376E3761F
:10356000607100295AD0D2ED017A9FED707AF4EEA5
:10357000C77AF1EE10FA40F3BE80D2ED027A9FEDE9
:103580006B7AF4EEC77AF1EE10FA40F39E80D2ED3A
:10359000037A9FED667AF4EEC77AF1EE10FA7EDDDB
:1035A000638292F82910D9B1D2ED047A9FED607A46
:1035B000F4EEC77AF1EE10FA5CDDD2ED057A9FEDFC
:1035C0005C7AF4EEC77AF1EE10FA3EDDD2ED067ABF
:1035D0009FED577AF4EEC77AF1EE10FA20DD6382A0
:1035E000544E96F8643000226261002B00F0978000
:1035F00014213046FFF766FF002800F09080062275
:1036000021464D48E7F7AAFF07463046FFF768FF17
:103610002B78A76101332B702046F8BD0B46C0E71D
:103620009FED467AF4EEC77AF1EE10FAD7D49FED0B
:10363000447A67EE877A01F00301FDEEE77A43EA08
:10364000812317EE902A2282C9E79FED3C7AF4EE9F
:10365000C77AF1EE10FAB9D49FED397A67EE877A1E
:1036600001F00300FDEEE77A43EA002317EE900A2B
:10367000E081ABE79FED317AF4EEC77AF1EE10FA14
:103680009BD49FED2F7A67EE877A01F00300FDEE61
:10369000E77A43EA801317EE900AA0818DE79FED49
:1036A000297AF4EEC77AF1EE10FA3FF579AF9FED83
:1036B000267A67EE877A01F00301FDEEE77A43EAA6
:1036C000011317EE901A61816AE79FED1E7AF4EEFE
:1036D000C77AF1EE10FA3FF55AAF9FED1B7A67EE0D
:1036E000877A01F00300FDEEE77A43EA800317EEE4
:1036F000900A20814BE79FED137AF4EEC77AF1EE42
:1037000010FA3FF53AAF9FED107A67EE877A01F035
:103710000303FDEEE77A17EE900AE0802DE70B48F1
:1037200040F27F11FFF7C6FD640203080C224442F9
:10373000368DA74058480120A0040020368DA7C030
:103740004A90C3450C2244C2B210274428230308E0
:10375000F8B5204B044698681B7B23710023E37166
:1037600023736373A373E372A3726372A3712374ED
:103770006374A374E3742372138D20600D46C978BB
:1037800061713BB1D2E90832C4F807302B78C4F834
:103790000B20A371104E96F864300022E2739BB1A7
:1037A00014213046FFF78EFE70B1042221460B48EB
:1037B000E7F7D4FE07463046FFF792FEEB78276125
:1037C0000133EB702046F8BD054840F27F11FFF74A
:1037D00071FD00BF6402030858480120A0040020C6
:1037E000282303082DE9F843574D91F8019092F8EA
:1037F0001880089F044696460E469C460FCD616091
:10380000206003CDA260E36084F8059020616161CF
:10381000B8F1000F28D0DEED017A9FED4C7AF4EE7E
:10382000C77AF1EE10FA16DB9FED497AF4EEC77A0B
:10383000F1EE10FA0FD8DFED476A9FED477A77EE89
:10384000A67A08F0030367EE877A2382FCEEE77A14
:1038500017EE903AE380DEED027A9FED407AF4EEC7
:10386000C77AF1EE10FA50DA9CF82020FAB1DFEDB9
:103870003C6A9CED027ADCED017A27EE267A02F0B2
:103880000302BDEEC77A67EEA67A17EE103AA3815F
:10389000238A23F0300343EA0213FDEEE77A23F094
:1038A000C00343EA8213238217EE903A63813B7C84
:1038B00083B1D7ED017A9FED2A7A238A67EE877A62
:1038C00023F44073FCEEE77A43F4007317EE902A7A
:1038D0002382E281234D95F86430002262826BB32B
:1038E00014212846FFF7EEFD40B3052221461E486D
:1038F000E7F734FE07462846FFF7F2FD7378676165
:10390000013373702046BDE8F8839FED187AF4EE1A
:10391000C77AF1EE10FAA7D89FED157A238A67EEE1
:10392000877A08F00308FDEEE77A23F00C0343EAF8
:103930008803238217EE903A238195E70D4840F2E1
:103940007F11FFF7B7FC00BF7402030800007AC4C0
:1039500000401C4600007A44B4A5BE40000096C357
:10396000E1F8224658480120A004002000009643B8
:103970003373DA4228230308F8B5214B0446986ACA
:1039800093F82C3023710023E37123736373A373C3
:10399000E372A3726372A37123746374A374E374F8
:1039A000237292F8203020600D46097961713BB195
:1039B0006B78A371D2E90603C4F80700C4F80B3092
:1039C000104E96F864300022E2739BB11421304609
:1039D000FFF778FD70B1042221460B48E7F7BEFDE2
:1039E00007463046FFF77CFD2B79276101332B71A9
:1039F0002046F8BD054840F27F11FFF75BFC00BF91
:103A00006402030858480120A0040020282303086A
:103A1000F8B52E4B04460D46186B93F834102171FF
:103A20000023C4F80630A372E37223736373A37395
:103A3000E37323746374A374E37423766376A376C9
:103A4000E37692F82030A97820606171FBB1DFED58
:103A5000206A92ED037AD2ED047A27EE267A67EE99
:103A6000A67ABCEEC77AFCEEE77A17EE103A99B266
:103A700017EE903A01299BB238BF0121012B38BFC4
:103A80000123E1802381D2E90613E1602361114E15
:103A900096F86430002262619BB114213046FFF732
:103AA00011FD70B1062221460B48E7F757FD074686
:103AB0003046FFF715FDAB78A7610133AB702046A8
:103AC000F8BD064840F27F11FFF7F4FB64020308DB
:103AD000E1F8224658480120A004002028230308CA
:103AE000F8B5184F184EC0F80A3004460023C0F845
:103AF0000620037443748374C374C38196F86420EE
:103B000097F83C30B86B23714B7920606371A2B198
:103B10000D4630461421FFF7D5FC70B10422214632
:103B20000A48E7F71BFD07463046FFF7D9FC6B79DB
:103B3000276101336B712046F8BD054840F27F11C3
:103B4000FFF7B8FB6402030858480120A0040020D6
:103B500028230308174A70B50446174D106C92F8D5
:103B60004420227195F86410206002220023A26094
:103B700044F25062E37123746374A374E374A4F891
:103B80000520E36081B114212846FFF79BFC58B162
:103B9000042221460948E7F7E1FC06462846FFF7DC
:103BA0009FFC2661204670BD054840F27F11FFF75B
:103BB00081FB00BF6402030858480120A0040020D4
:103BC000282303082DE9F843484D2B68BFF35B8F8A
:103BD0000446D80749D5DFF83C81454D2B68BFF333
:103BE0005B8FD9076DD5DFF83091424D2B68BFF35D
:103BF0005B8FDA0757D5404F404D2B68BFF35B8F83
:103C0000DB0742D53E4EB8F800303E4DA4F80530F3
:103C100033683A68C4F80F303B4BD9F80010C4F849
:103C20000B2095F86420986CC4F8071093F84C109A
:103C300020600023217123756375A375E375E37418
:103C4000002A4ED014212846FFF73CFC002848D01B
:103C5000052221462D48E7F781FC06462846FFF756
:103C60003FFC66612046BDE8F883284609F05CFF0A
:103C70000028B0D0E7F706F8DFF89880034628461A
:103C8000A8F8003009F05CFFA7E7284609F04CFFD0
:103C90000028B7D0E7F70AF8194E034628463360E4
:103CA00009F04EFFAFE7284609F03EFF0028A2D0FA
:103CB000E6F7F6FF104F034628463B6009F040FF49
:103CC0009AE7284609F030FF00288CD0E6F7E2FF9B
:103CD000DFF8449003462846C9F8003009F030FF69
:103CE00083E70B4840F27F11FFF7E4FA50480120C8
:103CF000484801204048012044480120384801201C
:103D00003C4801205848012064020308A004002018
:103D100028230308544801204C480120074B10B4C5
:103D200000220224181D5021C3E91524C3E91701FC
:103D30005DF8044B1A6083F86420704758480120EE
:103D40000148FFF7D5BB00BF5848012010B5114608
:103D5000044648220BF0D6FD204610BD2DE9F04761
:103D600004463D4E3D4B05468EB044F8043B0FCE15
:103D70000FC40FCE0FC40FCE0FC496E80F0000275C
:103D80004FF0FF3C84E80F0048223946C5E911771F
:103D9000C5E91377C5E915CCEF6505F160000BF0B7
:103DA000D3FC012100230022C5E94871C5E94A710D
:103DB000C5E94223C5E94423C5E946230223C5F8E2
:103DC000303105F58E7805F5927A05F5987958F831
:103DD000046F6846314601F027FB694606A807F0E4
:103DE000C3FA012E31D80DF1180CBCE80F0005EB19
:103DF000461404340FC49CE80F0084E80F0006EB5F
:103E0000C606B600574657F8044F022C17D804EBE5
:103E1000440406EB840460342C44204607F090FAF6
:103E2000DDED050A9DED040A204607F08FFAB9453D
:103E3000E9D1C245CBD128460EB0BDE8F087084B8A
:103E4000084A09486021E6F70DFA054B074A06487B
:103E50006021E6F707FA00BFB40203088481030873
:103E6000D80E030830240308082403083823030865
:103E70002DE9F04F2DED028B00F5927BDFED6B8A83
:103E80008FB0044688465D4600F5987A55F804EFF1
:103E9000BEF1020F00F2B7800EEB4E0608EBC6062D
:103EA0000FCE08AF0FC796E803009DF82C3087E8C7
:103EB00003004FEA4E0933B95545E7D10FB0BDECC9
:103EC000028BBDE8F08F04EBCE020899D2F80831DE
:103ED0000998D2F80C61CDED048A994270EB06077F
:103EE000CDED058ACDED068ACDED078A79D25B1A34
:103EF000C3F1000766EB00060197B3F1004F76F1BE
:103F0000000680F08C8009EB0E06C2E9421004F531
:103F10008E77B600029503973D46B14655F8047F6B
:103F200008A8394601F022FA012FB0EE408A70D875
:103F300007EBC7060EAB03EB87073D4A019B07ED76
:103F40000A0A09EB860660362644934230464DD86D
:103F500007F0E2F9304607F0DBF95D4507ED080AA6
:103F6000DCD1DDE9025757F8049FB9F1010F50D8B1
:103F70000EAAE36D02EB890109EB4906B600022B9C
:103F800051F8280C06F1A80236D804EB83031A4432
:103F9000334451F8201C1060C3F8C01008AA0A98D6
:103FA000494601F0F9F9E36D022B06F1D80223D856
:103FB00004EB8303134483ED000A0A98494606AADA
:103FC00001F00EFAE36D022B06F1F00614D804EBB3
:103FD000830232445F4582ED000AC4D10133E365B8
:103FE0006AE7CB1A60EB0606019386E707F0A8F9AB
:103FF000B0EE480A3046ABE70E4B0F4A0F4840F28E
:10400000AB11E6F72FF90E4B0E4A0F486A21E6F77F
:1040100029F90B4B0D4A0C486021E6F723F90C4BAC
:104020000C4A0D487F21E6F71DF900BF0000000093
:1040300040420F00DC270308FC270308B8280308C8
:10404000D80E0308002503080824030814270308D2
:10405000F025030854260308E42603082DE9F04F51
:1040600089B01346044601928A4650220021184620
:104070000BF06AFB04F58E7604F5927B56F8047F0C
:10408000012F00F2538104EB8708BB000093D8F89E
:1040900044305A1E012A07D9032B00F088805E4560
:1040A000ECD109B0BDE8F08FD4F82851022D00F210
:1040B000378105EB45050AEBC5050FCD0DF1080964
:1040C000CC46ACE80F0095E803009DF814308CE86E
:1040D0000300002B62D19E4601230093D4F82C519B
:1040E000022D00F21D8105EB45050AEBC5050FCD3C
:1040F000CC46ACE80F0095E803009DF814308CE83E
:1041000003002BB1D8F854309E451AD1DDF800E0F9
:10411000D4F83051022D00F2038105EB45050AEB7E
:10412000C5050FCDCC46ACE80F0095E803009DF81F
:1041300014308CE80300002BB1D0D8F854309E45E1
:10414000ADD04846394601F011F9019ABB00DDE9CE
:1041500002013B4402EBC303049A1A61D8F85420CD
:1041600083ED000AC3E90201D8F844105961D8F878
:104170004C109961002A08DB022A00F3E48002EB6C
:1041800042020AEBC2029268DA61019ABB003B4428
:1041900002EBC303012283F8202080E7D8F85430D3
:1041A000002BCED1022300934FF0010E96E7D8F8F2
:1041B0004C30022B3FF478AFD4F82851022D00F296
:1041C000AF8005EB45050AEBC5050FCD0DF10809DC
:1041D000CC46ACE80F0095E803009DF814308CE85D
:1041E0000300002B40F08280D4F82C51022D00F205
:1041F000978005EB45050AEBC5050FCDCC46ACE82D
:104200000F0095E803009DF814308CE80300002BA4
:1042100052D1D4F83051022D00F2828005EB4505D1
:104220000AEBC5050FCDCC46ACE80F0095E80300BE
:104230009DF814308CE8030023BBE26D002A7BDD7F
:10424000019BBD0007EE902A3D4403EBC505D5ED6B
:10425000006AB8EEE77AD317C6EE877AD5E902018D
:10426000C5ED007AE4F768FCC5E90201D8F844100E
:104270006961D8F84C10A961002201232A6185F8F0
:1042800020300CE74846394601F070F8019A029850
:10429000BB003B4402EBC303D3ED007A9A6877EE90
:1042A000807A12181946D868C3ED007A9A60039B89
:1042B00040EB0303CB60C0E73946484601F056F8AF
:1042C000019A0298BB003B4402EBC303D3ED007A92
:1042D0009A6877EE807A12181946D868C3ED007A8A
:1042E0009A60039B40EB0303CB6092E73946484654
:1042F00001F03CF8019A0298BB003B4402EBC30377
:10430000D3ED007A9A6877EE807A12181946D86849
:10431000C3ED007A9A60039B40EB0303CB6063E735
:104320000C4B0D4A0D486A21E5F79CFF094B0C4ADE
:104330000A486021E5F796FF0A4B0B4A0B484FF4F9
:10434000AF71E5F78FFF0A4B074A084840F2391171
:10435000E5F788FFD80E03080025030808240308A2
:10436000FC280308F8070308602A0308382C030810
:10437000E02903082DE9F04F0C469BB015460021BB
:10438000502280460BF0E0F94FF0FF32C4E91522CD
:1043900022680023C4E91133C4E913331668E365C6
:1043A0002A46214608A8B04708A92046FFF760FD25
:1043B00004F59273CDE9063804F58E7757F8046F4B
:1043C000012E3FD806EB4605AD0005F1A80905F121
:1043D000D80A05F1C003F035254404EB46180095D2
:1043E000E26D019208F10408A144A244234452461C
:1043F00049464046059307F069F904EB860B03280C
:10440000059BCBF844004FEA86060DD0069BBB42C5
:10441000D4D1DDF81C802046424608A9FFF71EFED5
:1044200040461BB0BDE8F08F5436264400950296F6
:10443000E56D019552464946404606F0ABFFCBF884
:104440004C00E3E7024B034A03486021E5F70AFF0B
:10445000D80E03083823030808240308F8B5124EC1
:104460003368BFF35B8FDB0704460D4606D5204655
:104470000E492A46FFF77EFF2046F8BD304609F078
:1044800053FB0028F3D0094F3846FFF767FC084B71
:104490003B60304609F054FB204604492A46FFF7AA
:1044A00069FF2046F8BD00BFC0480120C848012070
:1044B000A881030870B5194E3368BFF35B8FDB0723
:1044C00005460C460BD5022C21D8154B4FF42C6019
:1044D000294600FB0430BDE8704004F04DBB304677
:1044E00009F022FB0028EED0022201210C4802F044
:1044F0004FFF052203210B4802F04AFF0622042148
:10450000094802F045FF304609F01AFBDBE7074B8C
:10451000074A08481621E5F7A5FE00BF004A01201A
:10452000104A0120D0540120905F0120AC2C0308D8
:10453000D02C0308242D030870B5194E3368BFF33F
:104540005B8FDB0705460C460BD5022C21D8154B9B
:104550004FF42C60294600FB0430BDE8704003F0A6
:10456000F1B8304609F0E0FA0028EED0022201212D
:104570000C4802F00DFF052203210B4802F008FF52
:1045800006220421094802F003FF304609F0D8FA58
:10459000DBE7074B074A08481621E5F763FE00BF33
:1045A000004A0120104A0120D0540120905F0120D0
:1045B000AC2C0308D02C0308242D030838B5184D63
:1045C0002B68BFF35B8FDB0704460AD5022C20D88B
:1045D000144B4FF42C6000FB0430BDE8384003F06E
:1045E0009FB9284609F0A0FA0028EFD00222012145
:1045F0000C4802F0CDFE052203210B4802F0C8FE54
:1046000006220421094802F0C3FE284609F098FA60
:10461000DCE7074B074A08481621E5F723FE00BFF1
:10462000004A0120104A0120D0540120905F01204F
:10463000AC2C0308D02C0308242D03082DE9F041ED
:10464000194E3368BFF35B8FDB0707460D461446F0
:104650000CD5022C22D815494FF42C603A462B4633
:1046600000FB0410BDE8F04106F018BE304609F02A
:104670005BFA0028EDD0022201210C4802F088FEEE
:10468000052203210A4802F083FE0622042109487C
:1046900002F07EFE304609F053FADAE7064B074A8D
:1046A00007481621E5F7DEFD004A0120104A0120E7
:1046B000D0540120905F0120AC2C0308D02C0308BB
:1046C000242D030838B5184D2B68BFF35B8FDB072B
:1046D00004460AD5022C20D8144B4FF42C6000FB62
:1046E0000430BDE8384003F007BA284609F01CFA48
:1046F0000028EFD0022201210C4802F049FE0522D9
:1047000003210B4802F044FE06220421094802F06E
:104710003FFE284609F014FADCE7074B074A084831
:104720001621E5F79FFD00BF004A0120104A012035
:10473000D0540120905F0120AC2C0308D02C03083A
:10474000242D030870B5194E3368BFF35B8FDB0768
:1047500005460C460BD5022C21D8154B4FF42C6185
:10476000284601FB043103F035F8284670BD304679
:1047700009F0DAF90028EED0022201210C4802F0FB
:1047800007FE052203210B4802F002FE0622042147
:10479000094802F0FDFD304609F0D2F9DBE7074B8E
:1047A000074A08481621E5F75DFD00BF004A0120D1
:1047B000104A0120D0540120905F0120AC2C030846
:1047C000D02C0308242D030810B5114604464822B6
:1047D0000BF098F8204610BD10B51146044648224B
:1047E0000BF090F8204610BDF0B50446324E334B26
:1047F0008FB0054644F8043B0FCE0FC496E80F0077
:1048000000274FF0FF3C84E80F00C5E90BC739468D
:10481000C5E90977242205F134000AF095FF00224A
:104820000023C5E92223C5E92423C5E92623C5E9D8
:104830002823234B0293234B234903930126234B25
:10484000234A00910227C5E92A6704936946214B50
:10485000019206A8059306F087FD0DF1180CBCE83F
:104860000F0005F1040EAEE80F009CE80F0084E88D
:104870000F0005F1A00605F1AC0756F8043F022B26
:1048800013D803EB430305EB83043434204606F0CE
:1048900057FDDDED050A9DED040A204606F056FDA4
:1048A000B742EAD128460FB0F0BD0B4B0B4A0C487B
:1048B0006021E5F7D7FC00BFF402030890810308EC
:1048C000AEC7A541295C134115AE6E4100004040C2
:1048D000F628D4400000C841D80E0308302403084D
:1048E00008240308F0B50446324E334B8FB005461A
:1048F00044F8043B0FCE0FC496E80F0000274FF09A
:10490000FF3C84E80F00C5E90BC73946C5E90977C4
:10491000242205F134000AF017FF00220023C5E924
:104920002223C5E92423C5E92623C5E92823234BEF
:104930000293234B234903930126234B234A0091DF
:104940000227C5E92A6704936946214B019206A80C
:10495000059306F009FD0DF1180CBCE80F0005F1F8
:10496000040EAEE80F009CE80F0084E80F0005F18C
:10497000A00605F1AC0756F8043F022B13D803EB51
:10498000430305EB83043434204606F0D9FCDDED07
:10499000050A9DED040A204606F0D8FCB742EAD18C
:1049A00028460FB0F0BD0B4B0B4A0C486021E5F7D1
:1049B00059FC00BFF40203089C810308AEC7A5415F
:1049C000295C134115AE6E4100004040F628D440EA
:1049D0000000C841D80E0308302403080824030847
:1049E000F0B5D0F8A4702DED028B022F87B000F245
:1049F000578107EB470C01EBCC0C05460C46BCE895
:104A00000F00EE46AEE80F009CE803009DF80C3066
:104A10008EE803007E0093BBD5F8A860022E00F25A
:104A20003F8106EB460C04EBCC0CBCE80F00EE46D5
:104A3000AEE80F009CE803009DF80C308EE8030000
:104A40007700002B40F0BC80D5F8AC60022E00F25D
:104A5000278106EB460304EBC30CBCE80F00EE46CF
:104A6000AEE80F009CE803009DF80C308EE80300D0
:104A70007700002B54D107B0BDEC028BF0BD05EBE5
:104A8000C7000099D0F88830DDF804C0D0F88C2039
:104A900099427CEB020E80F0E1805B1A62EB0C0223
:104AA000C3F1000EB3F1004F72F1000280F01781E4
:104AB000D5F8A030C0E9221C002B40F00A818B4BB6
:104AC0009DED048A3E4405EB86069E4506F13406BC
:104AD00000F2DA80B0EE480A304606F01DFC30469F
:104AE00006F016FCD5F8A030002B40F0EC802B6BC4
:104AF000022B00F2DB80029905EB8302022982ED92
:104B0000168A82ED190A00F0B7800539012900F2F2
:104B1000D480774911677749D16701332B637BE7ED
:104B200005EBC601DDE90004D1E92232984274EBBD
:104B3000020C80F098801B1A62EB0402C3F1000C97
:104B4000B3F1004F72F1000280F0C980D5F8A030B7
:104B5000C1E92204002B40F0BC80644B9DED048A27
:104B6000BC1905EB84049C4504F1340400F29080E8
:104B7000B0EE480A204606F0CFFB204606F0C8FB00
:104B8000D5F8A030002B40F09E802B6B022B00F25A
:104B90008D80029905EB8302022982ED168A82ED4F
:104BA000190A6DD00539012900F287805048514912
:104BB00010670133D1672B6307B0BDEC028BF0BDEA
:104BC00005EBC6000099D0F88830DDF804C0D0F8B5
:104BD0008C2099427CEB020E3BD25B1A62EB0C02FA
:104BE000C3F1000EB3F1004F72F1000277D2D5F895
:104BF000A030C0E9221C002B6BD13C4B9DED048AF8
:104C00003E4405EB86069E4506F1340644D8B0EED8
:104C1000480A304606F080FB304606F079FBD5F8AE
:104C2000A030002B4FD12B6B022B3FD8029905EB04
:104C30008302022982ED168A82ED190A18D00539FD
:104C400001293AD82A4911672A49D16701332B63D0
:104C5000FAE6CB1A6CEB02029E46C3E7CB1A6CEB6A
:104C600002029E461EE7C31A64EB02029C4667E7F7
:104C7000214911672149E8E71F4911671F494BE79F
:104C80001D481E49106794E7304606F059FB21E79E
:104C9000204606F055FB6BE7304606F051FBB6E7C1
:104CA000174B184A18486A21E5F7DCFA174B184ADF
:104CB000184840F2AB11E5F7D5FA174B174A1848D8
:104CC000DA21E5F7CFFA0E4B164A0F486021E5F7D7
:104CD000C9FA114B144A1248B921E5F7C3FA134B2C
:104CE000134A14487F21E5F7BDFA00BF40420F0088
:104CF0000024744500C8AF4590660F440008844402
:104D0000D80E0308982D030808240308DC2703089D
:104D1000FC270308B8280308F807030884310308B0
:104D200048300308C0300308842E0308F025030828
:104D300054260308E4260308F0B5282297B0A24CB5
:104D40000E46002105460AF0FFFC00234FF0FF321B
:104D5000C4E90B233146482204A8C4E909330AF008
:104D6000D1FD04A92046FFF73BFED4F8A030002B6C
:104D700040F01581236B04F17C06CDE9006304F15A
:104D8000700204F1640304F15801201D06F09EFC3A
:104D90000328606200F0E6802822002128460AF0FD
:104DA000D3FCD4F8A030002B40F0F380626A531E8D
:104DB000012B7AD9032A02D0284617B0F0BDA66A83
:104DC000022E72D0D4F8A430022B00F2DC8016AA96
:104DD00003EB430302EBC30313F83C2C5AB153ED2E
:104DE0000E7A9FED7A7A53E9122377EE877AC5E936
:104DF0000223C5ED007AD4F8A830022B00F2C3805C
:104E000016AA03EB430302EBC30313F83C2C82B155
:104E100053E9120213ED0E7AAB68D5ED007A1B1838
:104E2000AB60EB6877EE877A42EB0303C5ED007A5F
:104E3000EB60D4F8AC30022B00F2A58016AA03EB8D
:104E4000430302EBC30313F83C2C82B153E9120273
:104E500013ED0E7AAB68D5ED007A1B18AB60EB68EA
:104E600077EE877A42EB0303C5ED007AEB60226BA5
:104E7000002A40F3A18007EE902AD5ED006AB8EE33
:104E8000E77AD5E90201C6EE877AD317C5ED007A35
:104E9000E3F752FE0322C5E9020101232846C5E9D2
:104EA000052685F8203017B0F0BDD4F8A430022BC9
:104EB00069D803EB430304A901EBC30016A901EB76
:104EC000C303017B53F8386C806813ED127B11B17A
:104ED000E36A83BB0121D4F8A830022B53D803EB3B
:104EE000430304A800EBC30016AE06EBC303077B25
:104EF00053F8386C806813ED127B1FB1E36A994256
:104F000019D10131D4F8AC30022B3CD803EB430368
:104F100004A800EBC30016AE06EBC303077B53F8EF
:104F2000386C806813ED127B002F3FF445AFE36AC5
:104F300099423FF441AFA16A2E60002B85ED027BC0
:104F4000C5E90402A96109DB022B2EDC03EB430354
:104F500016AA02EBC30353F8403CEB61012385F82A
:104F6000203029E70096236B04F12C00CDE90130B5
:104F700004F1700204F1640304F15801201D06F0ED
:104F800009FAA06208E7124B124A13486A21E5F7B2
:104F900069F90F4B114A10486021E5F763F90C4B92
:104FA0000F4A0D486021E5F75DF90E4B0E4A0F4898
:104FB00040F23911E5F756F90D4B0B4A0B484FF407
:104FC000AF71E5F74FF900BF006B01200000000052
:104FD000D80E0308982D0308082403080436030894
:104FE00038350308E0290308E0360308382C0308A5
:104FF000F807030808B50348FFF7F6FB0248FFF778
:1050000071FC08BD006B0120506A01202DE9F041C0
:105010002DED028B11469CB0482204460AF072FC2A
:10502000482200210AA80AF08FFBA646BEE80F001E
:105030000DF1100CACE80F009EE80300257B8CE816
:10504000030055B10DF1100CBCE80F000AAE0FC6FD
:105050009CE8030086E80300012504F1180EBEE871
:105060000F000DF1100CACE80F009EE8030094F85F
:1050700024608CE80300002E40F0AC8004F1300C7A
:10508000BCE80F0004AE0FC69CE8030094F83C7027
:1050900086E80300002F00F0978005EB450C1CAB61
:1050A00004AE03EBCC0C0FCEACF1480CACE80F0017
:1050B00096E803008CE803000135012D00F08480A0
:1050C000DDED0F7A9FEDA57AF0EEE77AF4EEC77A80
:1050D000F1EE10FA40F29F80DDED157AF0EEE77AFE
:1050E000F4EEC77AF1EE10FA40F29580032D09D163
:1050F000DDED1B7AF0EEE77AF4EEC77AF1EE10FA06
:1051000040F2EA809FED968A0AAE00273369019348
:1051100001A873698DED038A029307F063FF0137DD
:10512000BD4286ED040AC6ED050A8DED040ACDEDFB
:10513000050A8DED061A06F11806E7D19DED0F8AD6
:10514000DDED157A9FED870A77EEC87AB0EEE77A43
:10515000B4EEC07AF1EE10FA00F3A680032D0FD161
:105160009DED0F8ADDED1B7A9FED7E0A77EEC87A02
:10517000B0EEE77AB4EEC07AF1EE10FA00F3D58023
:105180000C9E0A3E022E0AD80AAF0FCF06EB460647
:1051900004EBC6060FC697E8030086E80300129EDC
:1051A0000A3E022E0AD810AF0FCF06EB460604EBDC
:1051B000C6060FC697E8030086E80300032D03D157
:1051C000189D0A3D022D5ED920461CB0BDEC028B15
:1051D000BDE8F08105EB450C1CAB04AE03EBCC0C39
:1051E00037460FCEACF1480CACE80F0096E8030050
:1051F00004F1300E8CE80300BEE80F000FC79EE8F4
:10520000030094F83C8086E803000135B8F1000FF4
:105210003FF453AF41E79DED0E8ADDED147A9FED2B
:10522000517A77EEC87AF0EEE76AF4EEC76AF1EEEB
:1052300010FA60DC032DA3D19DED0E8ADDED1A7A04
:105240009FED480A77EEC87AB0EEE77AB4EEC07AFE
:10525000F1EE10FA94DDDFED448A37EE800AF0EECD
:10526000680A08F009FDB5EEC00AF1EE10FA48BF71
:1052700030EE280ADFED3B7A70EE677A77EE887AB7
:10528000CDED1A7A7CE716AE0FCE05EB450504EBA3
:10529000C5050FC596E8030085E8030020461CB04D
:1052A000BDEC028BBDE8F081DFED2F8A37EE800A7E
:1052B000F0EE680A08F0E0FCB5EEC00AF1EE10FA74
:1052C00001D530EE280ADFED277A30EE670A30EE9E
:1052D000080A8DED150A41E79DED0E8ADDED147A81
:1052E0009FED207A77EEC87AF0EEE76AF4EEC76AAF
:1052F000F1EE10FAA2DD9FED1B0ADFED1B8A37EEFF
:10530000800AF0EE680A08F0B7FCB5EEC00AF1EECC
:1053100010FA01D530EE280ADFED127A30EE670A76
:1053200030EE080A8DED140A84E7DFED0F8A37EEC0
:10533000800AF0EE680A08F09FFCB5EEC00AF1EEB4
:1053400010FA48BF30EE280ADFED067A70EE677A71
:1053500077EE887ACDED1B7A12E700BFAA619C3FF9
:1053600000000000DA0F4940DA0FC94021B10129DD
:1053700005D190ED050A704790ED040A704708B515
:10538000024A034B03481E21E4F76CFF2C39030843
:10539000F8070308DC390308012908B510D80A28E2
:1053A00005D00B38012805D89FED080A08BD9FEDF0
:1053B000080A08BD074B084A08484021E4F752FF95
:1053C000044B054A05484521E4F74CFF76FC5D3A5D
:1053D000BEF39F39F8070308543A0308DC39030881
:1053E000012908B510D80A2805D00B38012805D89E
:1053F0009FED080A08BD9FED080A08BD074B084A43
:1054000008486721E4F72EFF044B054A05486C2144
:10541000E4F728FF76FC5D3ABEF39F39F8070308EE
:10542000143C0308DC390308012908B50ED8DFF85D
:105430003CC00949094AC0F800C0DFF834C04160E7
:10544000C160C0F808C00261426108BD044B054A52
:1054500005488621E4F706FF002474490000C8428D
:10546000F8070308DC3D0308DC390308F628D440BC
:10547000295C134100487047386D0120004870478F
:10548000B06B01202DE9F04FDFF898A15F4EC3B05B
:1054900001ABD1460593B9E80F000DF1880E7446B3
:1054A000CDF858E0AEE80F0099E80F00D0468EE83E
:1054B0000F00B8E80F0008250DF1A80CACE80F00AC
:1054C000179599E80F008CE80F004FF480710E914A
:1054D0004FF0012111911EA93E910CA9CDE9321581
:1054E00014A80EA9CDE93415CDE93A05484A494B2F
:1054F000159310A91CA84FF00137CDE93615CDE959
:105500003C0512A920A8444B0F96CDE91227CDE9FE
:105510003815CDE90C67CDE91C76109714971E97C6
:105520001F93CDE9400532A8CDE91A051AA803C892
:10553000CDE92072059A3F9582E803000DF1A80C91
:105540000DF1580B00959BE806006346334805F0C3
:1055500075FCA3461C9454460FCCABE80F0099E8A9
:105560000F00D6468BE80F00BEE80F000DF1A80C27
:10557000ACE80F0099E80F001D958CE80F0008A813
:1055800034904FF001100C900CA838900EA83A906F
:1055900010A82049204B3C9012A83E9008912AA8C0
:1055A0000F911B4A0E9332A90DF1180A0DF128082C
:1055B000CDE91E05CDE91233CDE90667CDE90A67CD
:1055C000CDE91066CDF8C8A0CDF8D88033950997FD
:1055D000359537950D97149739953B953D953F95A2
:1055E0001592209114A94091219520A9034603C941
:1055F000059A419582E803001CAA06CA084800954E
:1056000005F01CFC43B0BDE8F08F00BF01000101B4
:10561000010101000001010101010001386D0120BB
:10562000B06B0120140303082DE9F041D0E90060BC
:105630000D682DED028B9046B0EE408A1146800039
:10564000002405F14C0C9FED517A2F46F0EE473ABD
:10565000B0EE474AF0EE474AB0EE475AF0EE475AEE
:10566000B0EE476AF0EE476AB64606EB84032A4678
:10567000F2EC017A93ED010AD3ED020A93ED031ADD
:10568000D3ED041A93ED052AD3ED062A93ED073ADC
:10569000D3ED008A9445E7EEA86A0344A7EE806A3A
:1056A000E7EEA05AA7EE815AE7EEA14AA7EE824A9A
:1056B000E7EEA23AA7EE837ADAD191ED000AD1EDB6
:1056C000010A91ED021A91ED042AD1ED052A91ED1E
:1056D000063AD1ED031AD1ED077AA6EE880A2031F9
:1056E000E6EE080AA5EE881AB0EE626AF0EE425ABB
:1056F000F0EE436AE5EE081AE4EE885AA4EE086A72
:10570000E3EE886AE7EE087A01ED080A41ED070A40
:1057100001ED061A41ED051A41ED045A01ED036A47
:1057200041ED026A41ED017A0CB908248BE79FED47
:10573000177AF0EE476AB0EE476AF7EC017ADEEDD1
:10574000104A9EED115ADEED125ABC45A7EEA46A2E
:105750008644E7EE856AA7EEA57AEED198ED105A59
:10576000D8ED115AD8ED127AA8EE065AB0EE656A55
:10577000A8EE266AE8EE077ABDEC028B88ED105A97
:1057800088ED116AC8ED127ABDE8F08100000000D2
:105790002DE9F04F2DED028B44680D68076887B046
:1057A0004FEA8409B9F5FA4F0095134600F2D2800A
:1057B00009EB0402CDE90374920003F14006029262
:1057C0001846394607EB0412019605F14C0C059377
:1057D0009FED8B7A009B01EB490502EB490409EB35
:1057E000050A09EB040BF0EE473AB0EE474AF0EE3B
:1057F000474AB0EE475AF0EE475AB0EE476AF0EE2D
:10580000476A09EB010809EB020E5F465646F3ECC6
:10581000017AB1EC018AF8EC018AF5EC010AB6ECE8
:10582000011AF2EC011ABEEC012AF4EC012AB7ECE1
:10583000013A9C45E7EE886AA7EEA86AE7EEA05A0F
:10584000A7EE815AE7EEA14AA7EE824AE7EEA23A16
:10585000A7EE837ADBD190ED008AD0ED010A90EDBE
:10586000021A90ED042AD0ED052A90ED063AD0ED0B
:10587000031AD0ED077A029BA6EE808A03EB0A0199
:1058800003EB0B02E6EE000A019BA5EE801A203026
:10589000F0EE425AB0EE626AF0EE436AE5EE001AAC
:1058A000E4EE805AA4EE006AE3EE806AE7EE007A46
:1058B00000ED088A40ED070A00ED061A40ED051AD2
:1058C00040ED045A00ED036A40ED026A40ED017AB2
:1058D00083427FF47DAFDDE90374059B9FED487A39
:1058E000009A07EB841707EB0900F0EE476A0446BD
:1058F0001146F1EC017AF7EC015AB4EC016A8C45DF
:10590000E7EEA56AA7EE867AF3D1D3ED117A93ED8F
:10591000106AE0EE077A00EB0901A0EE266AF0EECD
:10592000676ADFED377A83ED106AC3ED116AF2EC36
:10593000016AB1EC017A9445E6EE877AF7D193EDEE
:10594000127AA0EE277A83ED127A07B0BDEC028BB3
:10595000BDE8F08FCDE9017404EB440E4FEA8E0EE2
:105960001E46394603F1400A4FEAC40805F14C0CC3
:10597000AB469FED237A09EB0107F0EE475AB0EEF4
:10598000476AF0EE476A5A4608EB01050EEB010440
:105990003846F2EC017AF1EC013AB0EC014AF5EC50
:1059A000014AB4EC015A9445E7EEA36AA7EE846A73
:1059B000E7EEA45AA7EE857AEBD196ED004A96ED74
:1059C000025AD6ED014AD6ED037AA0EE264A1036E9
:1059D0000EEB0701F0EE456AE0EE064AE0EE256ABE
:1059E000E0EE077A06ED044A46ED034A46ED026A08
:1059F00046ED017AB245BCD1DDE901746EE700BF26
:105A0000000000002DE9F04100F2B45590B00446CA
:105A1000284604F043FD04F50F63D3ED007A77EEDA
:105A2000807A2846C3ED007A04F03CFD04F6F403C6
:105A3000D3ED007A0DF1270677EE807A26F00F0677
:105A4000C3ED007A294601A806F1100804F02EFDE6
:105A500004F510679FED631ADDED020A9DED010A62
:105A6000404607F059F941463A46304605F0DCFE1B
:105A700096E80F0087E80F00384605F081FF2946B9
:105A800003A804F01BFD04F51163D3ED007A9DED2E
:105A9000037A77EE877A04F61412C3ED007AD2ED1A
:105AA000007A9DED047A77EE877A04F61813C2ED3A
:105AB000007A9DED057AD3ED007A77EE877A294654
:105AC000C3ED007A03A804F007FD04F61C13D3ED20
:105AD000007A9DED037A77EE877A04F51262C3EDC2
:105AE000007AD2ED007A9DED047A77EE877A04F69B
:105AF0002413C2ED007A9DED057AD3ED007A77EE9E
:105B0000877A2946C3ED007A03A804F0F3FC04F673
:105B10002813D3ED007A9DED037A77EE877A04F6A9
:105B20002C12C3ED007AD2ED007A9DED047A77EE67
:105B3000877A04F51363C2ED007A9DED057AD3ED03
:105B4000007A77EE877A2946C3ED007A03A804F03D
:105B5000DFFC04F63413D3ED007A9DED037A77EE83
:105B6000877A04F63812C3ED007AD2ED007A9DED03
:105B7000047A77EE877A04F63C13C2ED007A9DED45
:105B8000057AD3ED007A77EE877A294603A8C3ED2C
:105B9000007A04F0CBFC04F51462D2ED007A9DED9E
:105BA000037A77EE877A04F64413C2ED007AD3EDD8
:105BB000007A9DED047A77EE877A04F64814C3EDF7
:105BC000007AD4ED007A9DED057A77EE877A4C2243
:105BD00000212846C4ED007A10B0BDE8F04109F07C
:105BE000B3BD00BF0000000010B5D0F82C41022C5E
:105BF00000DD10BD642304FB03F370EE607A61EEF8
:105C0000811A00EB030C14338CED000ACCED010A71
:105C1000CCED027ACCED031A8CED041A0344D1F8D2
:105C200000E0C3F800E0D1F804E0C3F804E0D1F8E4
:105C300008E0C3F808E0D1F80CE0C3F80CE0D1F8B4
:105C400010E0C3F810E0D1F814E0C3F814E0D1F884
:105C500018E0C3F818E0D1F81CE0C3F81CE0D1F854
:105C600020E0C3F820E0D1F824E0C3F824E0D1F824
:105C700028E0C3F828E0D1F82CE0C3F82CE0D1F8F4
:105C800030E0C3F830E0D1F834E0C3F834E0D1F8C4
:105C900038E0C3F838E0D1F83CE0C3F83CE0D1F894
:105CA00040E0C3F840E0D1F844E0C3F844E0896C38
:105CB0009964013401238CF860208CF86130C0F8BD
:105CC0002C4110BD4368022B00D070472DE9F041F4
:105CD00004468068D4F85029E768D4F854399042D3
:105CE00077EB030304F5156662D3D4F8281802296C
:105CF00061DDD4F82428D31C04F5026593FBF1FC84
:105D000001FB1C3305EB4313D3E904E8704577EB43
:105D100008031CD200234FF0FF3101206060C5E969
:105D20000113C4F8941804F64C210022C4F89838E2
:105D30000A6004F5256100200A6004F654210A6017
:105D40000021C6E9000184F8B53ABDE8F08102F10E
:105D5000020C01329CFBF1F301FB13CC92FBF1F33B
:105D600001FB132205EB4C1C05EB4213DCE904128A
:105D7000D3E904C3614572EB0303CBD38E4578EBC3
:105D80000202C7D3B0EB0E0067EB0801E2F78EFE0C
:105D90009FED0C7A07EE900A04F5E86367EE877AC8
:105DA00093ED007AF4EEC77AF1EE10FACDDDB1E7AB
:105DB00004F50265AEE7044B044A05484C21E4F7BC
:105DC00051FA00BFBD378635783E0308AC3E030864
:105DD0001C3F03082DE9F04F2DED068B044699B0CA
:105DE000D0F8300704F0EAFD04F6A422D2ED007AE0
:105DF00090ED367AF0EEE77AF4EEC77AF1EE10FA2B
:105E00000DD804F6A822D2ED007A90ED377AF0EEA4
:105E1000E77AF4EEC77AF1EE10FA804604D919B0A9
:105E2000BDEC068BBDE8F08F04F69C2304F52762D9
:105E300004F69829D2ED007A93ED006AD9ED000AB4
:105E4000019304F66C2292ED007A04F6542504F5D1
:105E50002A6292ED008A67EEA00A67EE867A95EDD7
:105E6000006A04F5296304F68C2ADAED006A0393CC
:105E700028EE068A93ED006A04F6942204F525665E
:105E8000E6EE870A04F5286B04F68423E7EE067A2B
:105E900004F64C27002192ED006A96ED007ADBEDC6
:105EA000006A029304F66822A6EE078A05A892ED1E
:105EB000007AE6EE870A04F68822D3ED006AE7EE60
:105EC000267A92ED007AF0EE678AD7ED007A4C22BE
:105ED000A7EE278AB0EE609A09F036FC022004F0A3
:105EE000C7FA0130122800F2F78018AB03EB8000EC
:105EF00000ED138A032004F0BBFA1228DBF800102F
:105F000000F2EA8005AB03EB8002DAF800C0116012
:105F10004FEA800200F0E08006AB99181128C1F822
:105F200000C0D9F8001000F0D78007AB1A44052054
:105F3000116004F09DFADBED007A97ED007A1228EB
:105F400067EE877A00F2C8809AED007AD6ED006A93
:105F500005AB03EB8002C2ED007A27EE267A4FEA0A
:105F6000800200F0B980D9ED007AD5ED006A06AB69
:105F70009918112867EEA67A81ED007A00F0AC80BE
:105F800007AB1A44C2ED007A072004F071FA122818
:105F900000F2A28018AB03EB800004F5E763D3EDB9
:105FA000007AD8ED359ADFF850A19FED4F0A40F8FE
:105FB0004CACB7EE007A87EE27AA04F6AC2304F5C2
:105FC000C069002205A94846D3ED007A04F51463A0
:105FD00079EEA79AD3ED000AF0EE4A1A79EE600A3C
:105FE000B0EE691AFFF700FE4C22002105A809F067
:105FF000ABFB022004F03CFA1228B1EE488A6BD8C1
:1060000018AB03EB800000ED138A032004F030FA94
:10601000029B12281A685FD805A901EB80031A6059
:10602000039A4FEA8003116856D006AA1A44112831
:10603000116001990A684FD007A8034405201A602F
:1060400004F016FA029B97ED007AD3ED007A12283D
:1060500067EE877A40D8039AD6ED006A92ED007A0F
:1060600005AB03EB800327EE267AC3ED007A4FEAF7
:10607000800231D00199D5ED006AD1ED007A06ABEE
:106080001344112867EEA67A83ED007A24D007AB7B
:106090001344C3ED007A072004F0EAF90130122816
:1060A0001AD804F6441418AB03EB8003D4ED000AAD
:1060B0009FED0D0A43F84CAC78EEE00AF0EE4A1A78
:1060C000B0EE691A002205A94846FFF78DFD19B008
:1060D000BDEC068BBDE8F08F044B054A05484FF434
:1060E000B771E4F7BFF800BF000000008C3F030861
:1060F000C43F0308B8280308000080BF2DE9F04F13
:106100002DED048B06468FB0D0F830070F4604F013
:1061100055FC40F2A45200210446384609F014FB15
:10612000012004F0A5F906F68823D3ED007A94ED5A
:10613000147A67EEA77A06F6582567EE877A95ED0A
:10614000007A122867EE877A00F2B18100EB8000B6
:1061500007EB001393ED007A77EE877A06F6942228
:10616000C3ED007A92ED007A94ED156AD5ED006AE0
:1061700027EE077A06F52A6227EE067AE7EE267AF8
:10618000C3ED007A92ED007A94ED166AD5ED006ABF
:1061900096F8B52A27EE077A27EE067AE7EE267AF2
:1061A000C3ED007A002A40F07F81D4ED178A94ED88
:1061B000189A94ED198ACDED058A00230220CDE9C5
:1061C0000633CDE90A3308930C938DED099A8DEDD2
:1061D0000D8A04F04DF906F52862D2ED003AD5EDAE
:1061E000004A06F6842292ED004A06F68C22D2ED91
:1061F000002A06F5296292ED003A00EBC00306F68C
:10620000982292ED007A034406F69C221128D2EDE2
:10621000006A07EBC30300F251819FEDAB6A67EEA2
:10622000087A26EE888A27EE065A66EE865AE2EE4D
:10623000867A0320A3EE068AF0EE451AB0EE652AB0
:10624000E2EE891AA3EE092AA4EE068AE3EE867A24
:10625000E3EE861AA4EE062AA2EE865AE3EE065A6A
:1062600027EE276A66EEA77A27EE087A66EE886A36
:10627000A3EEA85AE4EE285AA2EEA16AE3EE217A30
:10628000A2EE827AE3EE026AA3EE856AE4EE057A74
:10629000A3EEA57AE4EE256A64EEA77A24EE877A67
:1062A00024EE866A64EEA64A83ED017AC3ED137A82
:1062B00083ED006AC3ED144A04F0DAF88146042045
:1062C00004F0D6F88046062004F0D2F88346052074
:1062D00004F0CEF88246072004F0CAF80290D6F8FF
:1062E000300704F06BFB0190D6F8300704F066FB32
:1062F000D5ED007A94ED1A7AB9F1120F67EE877A2C
:1063000000F2D58009EB890607EB0616C6ED007A88
:10631000D5ED007A94ED1D7AB8F1120F67EE877A09
:1063200000F2C58008EB880207EB0212C2ED007A8A
:10633000D5ED007A94ED207ABAF1120F67EE877AE4
:1063400000F2B5800AEB8A0C07EB0C1CCCED007A4E
:10635000D5ED007A94ED237ABBF1120F67EE877AC0
:1063600000F2A5800BEB8B0E07EB0E1ECEED007A34
:10637000D0ED117A0199029B91ED326AD5ED006A58
:10638000039067EEA77A122B77EEA77A87EE867ACC
:1063900067EE267A00F28B8003EB830007EB001791
:1063A000C7ED007AD4ED1B7A95ED007AB9F1120FA2
:1063B00067EE877A7BD0C6ED147AD5ED007A94ED3E
:1063C0001E7AB8F1120F67EE877A70D0C2ED147A98
:1063D000D4ED217A95ED007ABAF1120F67EE877A43
:1063E00065D0CCED147AD4ED247A95ED007ABBF12A
:1063F000120F67EE877A5AD00398CEED147AD0ED5B
:10640000127A91ED336AD5ED006A67EEA77A122B06
:1064100077EEA77A87EE867A67EE267A47D0C7EDC1
:10642000147AD4ED1C7A95ED007AB9F1110F67EE6C
:10643000877A3CD0C6ED287AD4ED1F7A95ED007AA4
:10644000B8F1110F67EE877A31D0C2ED287AD4ED1A
:10645000227A95ED007ABAF1110F67EE877A26D08D
:10646000CCED287AD4ED257A95ED007ABBF1110FA9
:1064700067EE877A1BD0CEED287AD0ED137A91EDB6
:10648000346AD5ED006A67EEA77A112B77EEA77A0A
:1064900087EE867A67EE267A09D0C7ED287A0FB0A4
:1064A000BDEC048BBDE8F08F00221A607DE6074B3F
:1064B000074A08484FF4B771E3F7D4FE064B074A82
:1064C00007488421E3F7CEFE000000008C3F03085C
:1064D00098400308B82803086C410308FC410308EE
:1064E000F04203082DE9F041D0F898282DED048BF7
:1064F0000025022A94B080F8615680F8C55680F8CD
:106500002957C0F82C5740F38C80D0F894380333C7
:1065100093FBF2F102FB113303EB430300F5096235
:1065200002EBC303D3E9046793ED088AD0F8202A6D
:10653000D0F8243A9F4208BF9642044600F52268EC
:1065400007D0D0F85009D4F85419B04271EB0703C2
:1065500008D294F8B03A002B5BD014B0BDEC048B99
:10656000BDE8F081801B61EB0701E2F79FFA9FED28
:10657000337A07EE900A04F2547367EE877A93ED4C
:10658000007AF4EEC77AF1EE10FAE2D8B0EE480ADB
:1065900006F078FAF0EE408AB0EE480A06F0ACFA5F
:1065A000F4EE408AF1EE10FAB0EE408AD1D64C22D9
:1065B000294601A809F0C8F8284603F059FF122817
:1065C00035D814AB03EB8000B7EE009A00ED139AB8
:1065D000D4F8340704F01CFA04F24473D3ED001A23
:1065E00028EE088A04F50F63B0EE021AA8EE001A2E
:1065F0002A4601A9C9EE211A04F5C060D3ED000AAC
:10660000B0EE680AFFF7F0FAC4F8206AC8F8047020
:106610009FE7204614B0BDEC048BBDE8F041FFF7C6
:10662000D9BB074B074A08484C21E3F71BFE074B31
:10663000074A08484FF4B771E3F714FEBD378635B3
:10664000783E03082C4303081C3F03088C3F0308D3
:10665000C43F0308B82803082DE9F04FC5B00DF179
:10666000570525F00F050446C0220021284609F0F1
:106670006BF805F110031846119305F085F8DFED6E
:106680006C7A4FF07E5204F5166CAA63EA632A64B2
:106690006A64AA64EA64C5ED087AC5ED097AC5EDB5
:1066A0000A7AC5ED0B7AC5ED0C7AC5ED0D7AC5ED0C
:1066B000147AC5ED157AC5ED167AC5ED1A7AC5EDD1
:1066C0001B7AC5ED1C7AC5ED1D7AC5ED1E7AC5EDA8
:1066D0001F7AC5ED207AC5ED217AC5ED227AC5ED88
:1066E000237AC5ED247AC5ED257AC5ED267AC5ED68
:1066F000277AC5ED287AC5ED297AC5ED2A7AC5ED48
:106700002B7A2A68CCF8002005F138016A68CCF8A9
:10671000042005F1200305F12C02089105F1740114
:106720000693079205F1500305F168020C9105F1FB
:1067300080010A930B9204F6C81304F6D4120D914B
:1067400004F51E6100930192119B029105F18C02E8
:1067500004F6EC110E92039105F1A40205F19801E3
:106760000F9110920FCB04F5176888E80F0005F120
:1067700044060698099604F6F815049504F60425CF
:10678000059507C804F5186B8BE80700079807C83C
:1067900004F68C1A8AE80700089807C804F6981EC1
:1067A0008EE80700099807C804F6A41787E80700D1
:1067B0000A9807C804F51B6686E807000B98009B3B
:1067C00007C804F51C69C9ED007AC9ED017A83E8B0
:1067D00007000C98019B07C883E807000D9A029BED
:1067E00007CA83E807000E9A039B07CA83E80700DD
:1067F0000F98049D636807C885E80700109A059DF7
:1068000007CA9FED096B85E807004FF0000233F0DF
:1068100002008CED2C6B84F81C2AC4F8183A09D0BD
:1068200045B0BDE8F08F00BF000000000000000090
:106830000000000004F50F631A685B68CCF80430B0
:1068400004F51063CCF800201B68C8F8003004F68B
:1068500004131A6804F674131A6004F608131A680D
:1068600004F678131A6004F60C131A6804F67C1305
:106870001A6004F511631B68CBF8003004F614139A
:106880001A6804F684131A6004F618131A6804F6DA
:1068900088131A6004F61C131B68CAF8003004F54C
:1068A00012631A6804F519631A6004F624131A684F
:1068B00004F694131A6004F628131B68CEF800300F
:1068C00004F62C131A6804F69C131A6004F513637B
:1068D0001A6804F51A631A6004F634131B683B60E7
:1068E00004F638131A6804F6A8131A6004F63C1369
:1068F0001A6804F6AC131A6004F514631B6833605D
:1069000004F644131A6804F6B4131A6004F5156308
:10691000D3E9006704F6481304F6B812196894F82E
:10692000B53A116004F52162C2E9006784F81C3AA7
:1069300003F09EFD122800F2808100EB800004F13C
:10694000100505EB001090ED000AB5EE400AF1EEDF
:1069500010FA00F11A82F1EEC07A0120C9ED007A36
:1069600003F086FD122800F2688100EB800005EB41
:10697000001090ED000AB5EE400AF1EE10FA00F1B9
:10698000FF81F1EEC07A0220C9ED017A03F070FDBB
:10699000122800F2528100EB800605EB061696EDF8
:1069A000000AB5EE400AF1EE10FA00F1E281F1EED4
:1069B000C07A009B1228C3ED007A00F03E8196ED6C
:1069C000140AB5EE400AF1EE10FA00F1CD81F1EEB5
:1069D000C07A04F6CC13D04A0320C3ED007A04F544
:1069E0001D631A6003F044FD0646042003F040FDD9
:1069F0000746052003F03CFD8046062003F038FDE5
:106A00008146072003F034FD122E824600F21581E4
:106A100006EB860B05EB0B1B9BED000AB5EE400A5F
:106A2000F1EE10FA58BFF1EEC07A00F19881019BA7
:106A3000122FC3ED007A00F2008107EB870305EB0C
:106A4000031393ED000AB5EE400AF1EE10FA58BFB9
:106A5000F1EEC07A00F17C81029AB8F1120FC2ED1A
:106A6000007A00F2EA8008EB880205EB021292ED50
:106A7000000AB5EE400AF1EE10FA58BFF1EEC07A06
:106A800000F15D810399B9F1120FC1ED007A00F2B6
:106A9000D48009EB890105EB011191ED000AB5EEF7
:106AA000400AF1EE10FA58BFF1EEC07A00F13C81D5
:106AB0000498BAF1120FC0ED007A00F2BE800AEB22
:106AC0008A0005EB001595ED000AB5EE400AF1EEDF
:106AD00010FA58BFF1EEC07A00F112810598122E1B
:106AE000C0ED007A00F0A9809BED140AB5EE400AD3
:106AF000F1EE10FA58BFF1EEC07A00F1F68004F61C
:106B0000D810122FC0ED007A00F0978093ED140A90
:106B1000B5EE400AF1EE10FA58BFF1EEC07A00F17E
:106B2000D98004F6E410B8F1120FC0ED007A00F03D
:106B3000848092ED140AB5EE400AF1EE10FA58BFC7
:106B4000F1EEC07A00F1BB8004F51F60B9F1120FBD
:106B5000C0ED007A71D091ED140AB5EE400AF1EE65
:106B600010FA58BFF1EEC07A00F19E8004F6FC10D6
:106B7000BAF1120FC0ED007A5FD095ED140AB5EEB0
:106B8000400AF1EE10FA58BFF1EEC07A00F18180B0
:106B900004F60820112EC0ED007A4ED09BED280A95
:106BA000B5EE400AF1EE10FA68D4F1EEC07A04F6C0
:106BB000DC10112FC0ED007A3FD093ED280AB5EE1E
:106BC000400AF1EE10FA50D4F1EEC07A04F6E81360
:106BD000B8F1110FC3ED007A2FD092ED280AB5EE6F
:106BE000400AF1EE10FA39D4F1EEC07A04F6F4134B
:106BF000B9F1110FC3ED007A1FD091ED280AB5EE5F
:106C0000400AF1EE10FA24D4F1EEC07A04F52063C4
:106C1000BAF1110FC3ED007A0FD095ED280AB5EE49
:106C2000400AF1EE10FA0FD4F1EEC07A04F60C240B
:106C3000C4ED007A45B0BDE8F08F384B384A39488A
:106C40004FF4B771E3F70EFB07F08EF8F0EE407AE1
:106C5000ECE707F089F8F0EE407AD7E7009107F00B
:106C600083F80099F0EE407AC0E7CDE9002107F003
:106C70007BF8DDE90021F0EE407AA7E7CDE90131AC
:106C8000009207F071F8DDE90131009AF0EE407AE8
:106C90008DE7CDE90131009207F066F8DDE90023C8
:106CA0000299F0EE407A73E7CDE90131009207F0E6
:106CB0005BF8DDE900230299F0EE407A56E7CDE972
:106CC0000131009207F050F8DDE900230299F0EE5F
:106CD000407A39E7CDE90131009207F045F8DDE966
:106CE00000230299F0EE407A1BE7CDE901310092D2
:106CF00007F03AF8DDE900230299F0EE407AFEE66B
:106D0000CDE90131009207F02FF8DDE90023029967
:106D1000F0EE407AE2E600BF880A863F8C3F030827
:106D200098400308B8280308CDE90131009207F024
:106D30001BF8DDE900230299F0EE407AB8E6CDE9D0
:106D4000002307F011F8DDE90023F0EE407A99E620
:106D5000009307F009F8009BF0EE407A7CE607F01C
:106D600003F8F0EE407A62E606F0FEFFF0EE407ABD
:106D70002FE6069006F0F8FF0698F0EE407A18E647
:106D800006F0F2FFF0EE407AFDE506F0EDFFF0EEE2
:106D9000407AE2E52DE9F84F00F69C232DED0C8BAF
:106DA000D3ED009A00F6642393ED007A00F5266394
:106DB000D3ED005A00F6582600F6982200F52A6313
:106DC000D6ED007A92ED009AD3ED00CA00F68C233E
:106DD00093ED00BA00F5296327EE899A67EEA99A28
:106DE00093ED00AA69EE076A27EE8AAA00F52863E8
:106DF00029EE877AD3ED00BA00F6842327EE8BBA0A
:106E0000AAEE257A00F65C220C46D3ED00AA92ED9C
:106E1000006A67EEAAAAEBEE256A00F6882340F224
:106E2000A452AAEE867A0021054667EEABBA93ED2E
:106E300000CAEBEE866A00F694232046F0EE478AFD
:106E400093ED007A67EEACCA27EE8CCA27EE878AEC
:106E5000B0EE66DA08F078FC002003F009FB074684
:106E6000012003F005FB122FD6ED007A00F26A82B2
:106E7000122800F2678200EBC00300EB43033B449F
:106E800004EB8303F1EE677AC3ED007A95F8B53A27
:106E9000002B40F0FD81012003F0EAFA07460020B4
:106EA00003F0E6FA9FED3A7AD6ED007A122F67EEFC
:106EB000877A00F24782122800F2448200EBC00376
:106EC00000EB4300384404EB8000C0ED007A022060
:106ED00003F0CEFA122800F2358200EBC00300EB7B
:106EE0004300384404EB8003F1EE4D6AC3ED008AA1
:106EF00000F02882C3ED136A032003F0B9FA1228C8
:106F000000F2208200EBC00300EB43033B4404EBA0
:106F1000830282ED00CA00F01582112882ED138AE7
:106F200000F01082C2ED26CA052003F0A1FA05F692
:106F30004C23D3ED007A12286CEE277A00F20282FD
:106F400000EBC00300EB43033B4404EB8302C2EDC0
:106F5000007A05F52562D2ED007A68EE277A00F016
:106F6000F18104EB8302C2ED137A05F65422D2EDCF
:106F7000007A11286CEEA77A00F0E48104EB830319
:106F8000C3ED267A95F8B53A002B40F0AE8101E0CA
:106F900031615136022003F06BFA0746042003F0FA
:106FA00067FA00EBC00300EB43033B44112F04EBF3
:106FB000830300F2CE81102800F2CB81C3ED00BA2A
:106FC000C3ED01AA83ED13BA83ED14AA83ED269ACB
:106FD000C3ED279A062003F04BFAD5F82828022A99
:106FE00040F3BD81D5F82438033393FBF2F102FB63
:106FF000113305EB431303F64403D3ED007A122853
:107000006BEEA77A00F29E8100EBC00200EB420219
:1070100007EB020104EB8101C1ED007AD3ED017AA7
:107020006BEE277A00F08E8102F1130107EB010C61
:1070300004EB8C0CCCED007AD3ED027A112869EECA
:10704000277A00F07F8102F1260C07EB0C0004EB9D
:107050008000C0ED007AD3ED007A013767EEAA7A9E
:107060003A4404EB8202C2ED007AD3ED017A39444E
:1070700067EE8A7A04EB8101C1ED007AD3ED027AE2
:10708000674467EEA97A04EB8707C7ED007A03200F
:1070900003F0EEF98146042003F0EAF9804605206A
:1070A00003F0E6F90746062003F0E2F982460720DE
:1070B00003F0DEF98346D5F8300703F07FFCD0ED0E
:1070C000266AFFEE007A87EEA67AB9F1120F034620
:1070D000D6ED006A27EE267A00F2348109EB8900AA
:1070E00004EB001080ED007A93ED296AD6ED006A7A
:1070F00087EE867AB8F1120F27EE267A00F2228107
:1071000008EB880104EB011181ED007A93ED2C6A04
:10711000D6ED006A87EE867A122F27EE267A00F2E5
:10712000118107EB870204EB021282ED007A93EDE6
:107130002F6AD6ED006A87EE867ABAF1120F27EE33
:10714000267A00F2FF800AEB8A0504EB051585ED2F
:10715000007A93ED326AD6ED006A87EE867ABBF14B
:10716000120F27EE267A00F2ED800BEB8B0C04EB6E
:107170000C1484ED007A93ED276AD6ED006A87EE51
:10718000867AB9F1120F27EE267A00F0DB8080EDC7
:10719000147A93ED2A6AD6ED006A87EE867AB8F102
:1071A000120F27EE267A00F0CD8081ED147A93ED50
:1071B0002D6AD6ED006A87EE867A122F27EE267AA0
:1071C00000F0C08082ED147A93ED306AD6ED006A4B
:1071D00087EE867ABAF1120F27EE267A00F0B28097
:1071E00085ED147A93ED336AD6ED006A87EE867AE0
:1071F000BBF1120F27EE267A00F0A48084ED147AFA
:1072000093ED286AD6ED006A87EE867AB9F1110F00
:1072100027EE267A00F0968080ED287A93ED2B6A8F
:10722000D6ED006A87EE867AB8F1110F27EE267A3E
:1072300000F0888081ED287A93ED2E6AD6ED006A01
:1072400087EE867A112F27EE267A7BD082ED287A78
:1072500093ED316AD6ED006A87EE867ABAF1110FA6
:1072600067EE267A6ED0C5ED287A93ED347AFFEE7C
:10727000006AC6EE877ABBF1110F96ED007A67EED1
:10728000877A5FD0BDEC0C8BC4ED287ABDE8F88F0F
:1072900004EB870000F5856200230360C364C0F837
:1072A0009830C0F8E430C0F83031C0F87C31C0F814
:1072B000C831C0F81432C0F86032C0F8AC32C0F83F
:1072C000F832C0F84433C0F89033C0F8DC331360B0
:1072D00000F27442136000F59862136000F20C52E1
:1072E00000F5AB6013600360D5E504EB870707F595
:1072F000856200233B60FB64C7F89830C7F8E43030
:10730000C7F83031C7F87C31C7F8C831C7F8143234
:10731000C7F86032C7F8AC32C7F8F832C7F8443360
:10732000C7F89033C7F8DC33136007F27442136078
:1073300007F59862136007F20C5207F5AB6713600C
:107340003B6027E6094B0A4A0A484FF4B771E2F757
:1073500089FF094B094A0A488421E2F783FF094B58
:10736000094A0A484C21E2F77DFF00BF8C3F030821
:1073700098400308B82803086C410308A843030891
:10738000F0420308783E0308AC3E03081C3F0308A4
:107390002DE9F84F01232DED028B9046436000222A
:1073A0000023C0E902230446894600F2146300F575
:1073B000E8660025002743F8145C43F8105C43F8A6
:1073C0000C5C43F8085C43F8045CA3F84C70184666
:1073D0004C22002108F0B8F903466433B342EAD1E5
:1073E000D04BC4F83837D04BC4F84037CF4BD04AD5
:1073F000C4F84837CF4BC4F83C27C4F8503702F1E3
:107400007D4203F1CF7302F5570203F5DF3302F635
:107410003D2277334FF0FF36C4F83487C4F8442751
:107420004FF00308C44AC4F85437C44B2360C4F86F
:107430003097C4F84C27C4F85887C4F85C672022FA
:107440000021C4F82C77C4F8607704F5ED6008F0EB
:107450007BF92022002104F5F16008F075F9202263
:10746000002104F5F56008F06FF9C4F8C887C4F886
:10747000CC6748220021C4F8D07704F5FB6008F0FF
:1074800063F9C4F82088C4F8246820220021C4F8D5
:10749000287804F5036008F057F92022002104F54C
:1074A000056008F051F92022002104F5076008F07A
:1074B0004BF900214822C4F89088C4F89468C4F8B5
:1074C000987804F50A6008F03FF904F50F6304F5B5
:1074D00010601D605D6004F057F904F511634FF012
:1074E0007E561D6004F6141304F516681D6004F63C
:1074F00018134FF0000A1D6004F61C134FF0000B28
:107500001D6004F5126304F517601D6004F6241372
:1075100004F5E7691D6004F62813B0EE008A1E60CA
:1075200004F62C131E6004F513631E6004F6341376
:107530001E6004F638131E6004F63C131E6004F54A
:1075400014631D6004F644131D6004F648131D60A7
:1075500004F51563C3E900ABC8F80050C8F804503F
:1075600004F012F904F5186204F51C63156004F6C2
:10757000841204F62820156004F68812156004F6BB
:107580008C12156004F51962156004F694121560EA
:1075900004F69812166004F69C12166004F51A623E
:1075A000166004F6A412166004F6A812166004F61B
:1075B000AC12166004F51B62156004F6B412156077
:1075C00004F6B81215601D605D6004F6C8131D60F6
:1075D00004F6CC131D6004F51D631D6004F6D4137E
:1075E0001D6004F6D8131D6004F6DC131D6004F55D
:1075F0001E631D6004F6E4131D6004F6E8131D60AD
:1076000004F6EC131D6004F51F631D6004F6F4130B
:107610001D6004F6F8131D6004F6FC131D6004F5EC
:1076200020631D6004F604231D6004F608231D601A
:1076300004F60C231D60D9ED000AC8E92CAB04F553
:10764000226304F5E968C8EE200AC4F8187A84F8C1
:107650001C7AC3E900AB98ED000A03F047FED9EDB0
:10766000000A98ED000AC8EE200A04F6342003F060
:107670003DFE04F52460D9ED000A98ED000AC8EE3D
:10768000200A03F033FE04F64C2304F65C211D604F
:1076900004F52563BDEC028B1D6004F65423284AD3
:1076A0001D6004F6582320461D600D6004F5266118
:1076B0000D6004F664210D6004F668210D6004F687
:1076C0006C210D6004F527610D6004F674210D60D6
:1076D00004F678210D6004F67C210D6004F5286124
:1076E0000E6004F684210D6004F688210D6004F616
:1076F0008C210D6004F529610E6004F694210D6063
:1077000004F698210D6004F69C210D6004F52A61B1
:107710000E60DA641A655A6584F8B07AA4F8B47A0F
:10772000BDE8F88F0AD7233CCDCC4C3E0000C842C0
:10773000CDCC4C3F23DBF93C00401C46B481030810
:10774000002474490B7B23B1D0F834278B689A420C
:1077500000D0704700F5F96210B41CCA944203F1DE
:1077600001031BDA03EB430200EBC2020134C0F851
:10777000D047C0F8CC374C680B688868D1F80CC08B
:10778000C2F8E4C7C2F8D837C2F8DC47C2F8E0074D
:107790000B69C2F8E8375DF8044B704793FBF2F4CD
:1077A00002FB143303EB430200EBC2020C68D1F876
:1077B0000CC0C0F8CC3748688B68C2F8E037C2F814
:1077C000E4C7C2F8D847C2F8DC070C69C2F8E8473A
:1077D000E1E700BF2DE9F04F01F5166693B032687E
:1077E0000260726842608C4600F110020546009209
:1077F00000F1200900F12C070CF6A412383001909A
:1078000004920CF51B6005F144020CF6C81E01F54C
:10781000186A01F68C1803920690CDF820E005F165
:10782000980005F1680E05F1A40201F5176301F651
:107830009811029105F15004CDF81CE00E900CF661
:10784000D41E10920FCB0594CDF828E00CF6F81456
:1078500005F1740ECDF824E00F940CF51E6E0CF6B5
:107860000424CDF830E0119405F1800E009CCDF891
:107870002CE00CF6EC1ECDF834E084E80F009AE81A
:10788000070089E8070098E8070087E807000299E1
:10789000019B07C983E80700049B93E80700039B4B
:1078A00083E807000CF51C6B0698DBF80040DBF85A
:1078B000043007C8059F87E80700089A6B6607CA67
:1078C000079B2C6683E807000A9C099B94E8070045
:1078D00083E807000C980B9B07C883E807000D9905
:1078E0000E9BDCF8184A9CF81CCA07C905F18C0EDF
:1078F0008EE807000F9A07CAD6E92C6783E80700CD
:10790000119B93E80700109B83E807002846C5E910
:107910002C67C5F8B84085F8BCC013B0BDE8F08F3F
:1079200038B500F5EC620446D2E90201D4F86037BC
:10793000D4F85C572DED028BC4F8283804F50263A7
:10794000C4F82458C3E9040104F5EE6004F63801D4
:107950000068086004F27471086804F63C0108606D
:1079600004F5EF61086804F50461086004F27C71B5
:10797000086804F64401086004F5F061086804F63C
:107980004801086004F28471086804F64C0108603C
:10799000D2E90A01C3E90C0104F5F26004F65801CA
:1079A0000068086004F29471086804F65C010860DD
:1079B00004F5F361086804F50661086004F29C713F
:1079C000086804F66401086004F5F461086804F6C8
:1079D0006801086004F2A471086804F66C0108608C
:1079E00092ED127B83ED147B04F5F66004F67801CA
:1079F0000068086004F2B47204F67C0312681A602E
:107A000004F5F763D4F8D0071A6804F508631A6020
:107A100004F2BC731A6804F684031A6004F5F86370
:107A20001A6804F688031A6004F2C4731A6804F62C
:107A30008C031A60D4F8D827C4F8A028D4F8E82713
:107A4000D4F8DC17C4F8B028D4F8CC27D4F8F4C79D
:107A5000D4F8F037C4F89808C4F8A418D4F8FC0790
:107A6000D4F8F817C4F89428D4F8E027C4F8A82864
:107A7000D4F8E427C4F8AC28D4F80828C4F8D028EF
:107A8000D4F81828C4F8E028D4F80C28C4F8B8387A
:107A9000C4F8C018D4F80038D4F81018C4F8D428A2
:107AA000D4F81428C4F8C838C4F8DC28C4F8BCC812
:107AB000C4F8D818C4F8C40804F6282003F028FC39
:107AC00004F63420F0EE408A03F022FC04F5246032
:107AD000B0EE408A03F01CFC04F64C2204F525634A
:107AE000C2ED008A83ED008ABDEC028B04F65424BB
:107AF00084ED000A38BD00BF70B5044600F6582278
:107B000004F65C25002390F8B46A13602B6004F53A
:107B100026654FF07E502B6004F6642527492B60C4
:107B200004F668252B6004F66C252B6004F52765A8
:107B30002B6004F674252B6004F678252B6004F680
:107B40007C252B6004F52865286004F684252B60CD
:107B500004F688252B6004F68C252B6004F5296536
:107B6000286004F694252B6004F698252B6004F613
:107B70009C252B6004F52A6300251860D1641165EB
:107B8000516584F8B05A06B970BD4FF0FF33C4F8A0
:107B90005C37C4F8CC3704F62820C4F86057C4F822
:107BA000D05703F0CDFB04F6342003F0C9FB04F5F5
:107BB000246003F0C5FB84F8B45A70BD00247449F6
:107BC0002DE9F04F2DED068B8FB00446002700F114
:107BD00010091E9D0760F7EE008A476048461E4662
:107BE00092468B4603F0D0FD27626762A762E76288
:107BF0002763676327656765A765C4ED0E8AC4EDD3
:107C00000F8AC4ED108AC4ED118AC4ED128AC4ED46
:107C1000138AD5ED017A05F11007F1EE677AC4ED0C
:107C2000007A384603F09CFE3846B0EE409A03F0E6
:107C3000A3FE3846B0EE408A03F08CFE3846F0EEE4
:107C4000409A03F093FE60EE697A3846E9EE087ACE
:107C50000DF11F0828F00F0837EEA79A03F086FEF3
:107C60003846B0EE40AA03F087FE3846F0EE409A60
:107C700003F070FE3846B0EE408A03F071FE68EE05
:107C8000007A3846EAEE297A37EEA78A03F068FED2
:107C90003846F0EE40AA03F063FE3846B0EE40AA44
:107CA00003F064FE3846F0EE409A03F05FFE69EEA2
:107CB000809ADBED017A9BED007ADBED025AEAEE69
:107CC0008A9A01A968EE277AB0EE006AF0EE686A37
:107CD000E9EEC66AE7EE097A9FED697AE5EEA67AE3
:107CE000B6EE006A77EE877AC4ED017ADAED006AC3
:107CF0009AED017ADAED027A66EE866A27EE067A66
:107D000067EE867A08F1100A5046CDED016A8DEDD6
:107D1000027ACDED037A03F045FD524639464046DE
:107D200003F082FD98E80F0089E80F0096ED006AE5
:107D3000D5ED086AFFEE007A87EE867A204627EEB8
:107D4000267A84ED087A96ED036AD5ED0B6A87EE04
:107D5000867A27EE267A84ED0B7A96ED066AD5EDC3
:107D60000E6A87EE867A76EEE86A27EE267A84ED4A
:107D70000E7A96ED096AD5ED116A87EE867A76EE6F
:107D8000E86A27EE267A84ED117A96ED0C6AD5ED35
:107D9000146A87EE867A27EE267A84ED147A96EDB9
:107DA000016AD5ED096A87EE867A27EE267A84ED98
:107DB000097A96ED046AD5ED0C6A87EE867A27EE8D
:107DC000267A84ED0C7A96ED076AD5ED0F6A87EE78
:107DD000867A76EEE86A27EE267A84ED0F7A96EDBB
:107DE0000A6AD5ED126A87EE867A76EEE86A27EEA1
:107DF000267A84ED127A96ED0D6AD5ED156A87EE36
:107E0000867A27EE267A84ED157A96ED026AD5ED0C
:107E10000A6A87EE867A27EE267A84ED0A7A96ED4C
:107E2000056AD5ED0D6A87EE867A27EE267A84ED0F
:107E30000D7A96ED086AD5ED106A87EE867A76EEB1
:107E4000E86A27EE267A84ED107A96ED0B6AD5ED76
:107E5000136A87EE867A76EEE86A27EE267A84ED54
:107E6000137A96ED0E6AD5ED166A87EE867A67EE7E
:107E7000267AC4ED167A0FB0BDEC068BBDE8F08F04
:107E8000CDCC1C412DE9F04F2DED048B9A46ADF57C
:107E9000077D81460292DAF800200260DAF80420B9
:107EA000426000F1100216460D460A9200F12001D0
:107EB00009F1380203910AF12C00059209F15001F1
:107EC0000AF1500210330490079206910FCB0AF189
:107ED000200B86E80F009BE80700039B83E8070060
:107EE000049807C809F12C0888E807000AF1380748
:107EF00097E80700059B069E83E807000AF1440EF9
:107F00009EE8070009F1440C8CE80700079AAB686B
:107F100007CAB1EE087AF0EE087AF6EE008A002B76
:107F200080EE079A86E80700C0EE279A60EE288A5E
:107F300040F32A81CDF800A0696801310DF13F04BA
:107F400091FBF3F203FB121124F00F04490104F535
:107F5000C07701F124021831029B2A442944384693
:107F6000B0EE408AFFF72CFE3946B0EE490A2046B3
:107F700002F07AFC2146484602F0E6FAAB68012B93
:107F800040F302816E68023604F1600B96FBF3F257
:107F900003FB1266B0EE680A76013946584602F0D5
:107FA00063FC06F11808524659462046243602F072
:107FB0005DFB2E4404F59070A844029B0094324669
:107FC00041460646FFF7FCFD3146B0EE690A204601
:107FD000039602F049FC2146484602F0B5FAAB6828
:107FE000012B40F3D1806E680399023696FBF3F2C1
:107FF00003FB1266760104F1C002B0EE680A104677
:1080000006F118082436A8442E44049202F02CFCF1
:1080100004995246584602F029FB32464146029BDB
:10802000CDF800B02046FFF7CBFD2368C4F88031BF
:1080300004F110026368C4F8843104F12000059053
:108040000B920FCA04F5C87686E80F00059804F174
:108050002C0C07C8CDF818C0069E04F5D07383E831
:10806000070096E8070004F1380CCDF81CC004F1B5
:10807000440C04F5D673CDF820C004F1500C83E80D
:108080000700CDF824C0079E96E80700089E04F577
:10809000DC7888E8070096E8070004F5E27E8EE8C1
:1080A0000700099A07CA04F5E87C8CE80700B0EEDF
:1080B000690A3946204602F0D7FB2146484602F0BD
:1080C00043FAAA68022A5FDD6B680333394693FBE3
:1080D000F2F0049F02FB10335B01B0EE480A384611
:1080E00003F1180624332E441D4402F0BDFB524612
:1080F0003946584602F0BAFA029BCDF800B02A463B
:1081000031462046FFF75CFD23680B9AC4F8203106
:108110006368C4F824310FCA04F5987585E80F0028
:108120000598069B07C804F5A07888E8070093E83F
:10813000070004F5A67E8EE80700079807C804F537
:10814000AC7C8CE80700089B93E8070004F5B27745
:1081500087E80700099A07CA04F5B87686E8070099
:10816000B0EE490A0399204602F07EFB21464846BC
:1081700002F0EAF90A9803F003FC48460DF5077D82
:10818000BDEC048BBDE8F08F024B034A03486D2120
:10819000E2F768F8783E03089C4403081C3F030894
:1081A0002DE9F0412DED028BA4B00DF1270424F050
:1081B0000F049FED9E8A054604F11007384684EDB2
:1081C000008A84ED018A03F0DFFAD5F8282884EDCF
:1081D000088A4FF07E56022A84ED098A84ED0A8AC5
:1081E00084ED0B8A84ED0C8A84ED0D8AA663E66328
:1081F00026646664A664E66484ED148A84ED158AB8
:1082000084ED168A40F30681D5F82418DFED884AFC
:10821000CB1C05F5026093FBF2FC02FB1C3300EB68
:108220004313D3ED086A93ED076AD3ED065A26EEA1
:10823000A67A05F23C73A6EE067A93ED005AA5EEF7
:10824000A57A05F64C2393ED004AF1EEC77A05F5C1
:10825000256393ED007A77EEE47A05F65423F0EE89
:10826000E77AB4EEE75AF1EE10FAD3ED003A00F1F6
:10827000CB8027EE077AA3EEA37AA4EE047AF1EE80
:10828000C77A77EEE47AF0EEE77AB4EEE75AF1EEE9
:1082900010FA00F1B9804B1C93FBF2FC02FB1C337B
:1082A00000EB4313023193ED065A93ED077AD3EDB9
:1082B000087A91FBF2F302FB131100EB411090EDF1
:1082C000063AD0ED073A90ED084ADFED5A4A8DEDB7
:1082D000018A35EE035A37EE237A77EE847A75EE0B
:1082E000255A37EE067A77EEA67A27EE247A65EEDF
:1082F000A46A67EEA47A02AA01A903A804F160089F
:10830000CDED036A8DED047ACDED057A8DED028A0F
:1083100004F040FC4046DDED020A9DED010AB0EE9E
:10832000481A04F0F9FC98E80F00D5F898C8BCF199
:10833000020F87E80F0073DDD5F89438033393FB01
:10834000FCF10CFB113305F5096203EB430302EB6F
:10835000C30393ED080A04F095FBB4EE400AF1EE76
:1083600010FA51D605F50F6305F5106283ED000A8A
:1083700083ED018A2369136005F6041360691860B0
:1083800005F60813A2691A6005F60C13E169196075
:1083900005F5116205F6141382ED008A05F6181131
:1083A00083ED008A05F61C1381ED008A05F5126243
:1083B00083ED008A05F6241382ED008A05F6281164
:1083C00083ED008A05F62C130E6005F513621E601E
:1083D00005F63413166005F638111E6005F63C13D9
:1083E0000E6005F514621E60012005F6441305F6C3
:1083F000481582ED008A83ED008A85ED008A24B05D
:10840000BDEC028BBDE8F081002024B0BDEC028BF6
:10841000BDE8F081084B094A09484C21E1F722FFE9
:10842000054B084A06484C21E1F71CFF00000000FC
:10843000CDCC1C41ABAAAA3E783E0308AC3E030853
:108440001C3F03082C4303082DE9F047044694B071
:10845000D0F8300702F0B2FA0546002002F008F822
:10846000D5ED007A122867EEA77A00F23D8114ABB1
:1084700003EB800343ED137A012001F0F9FFD5ED02
:10848000017A122867EEA77A00F22E8114AB03EB73
:10849000800343ED137A022001F0EAFFD5ED027A62
:1084A000122827EEA77A00F21F81D5ED037A01ABDF
:1084B00003EB800367EEA77A4FEA800083ED007A32
:1084C00000F0128102AB1844C0ED007A032001F0E5
:1084D000CFFF0746042001F0CBFF0646052001F040
:1084E000C7FF8146062001F0C3FF8046072001F048
:1084F000BFFF122FD5ED057A00F2F68067EEA77A5E
:1085000095ED087A01AB03EB8703002E67EE076A4F
:10851000C3ED007A4FEA870AC0F2E680122E00F31C
:10852000E380D5ED0B7A01AB03EB8603B9F1120FB3
:1085300027EEA77AC3ED006A4FEA860100F2D480E5
:10854000D5ED0E7A01AB03EB8903B8F1120F67EE9C
:10855000A76A83ED007A4FEA890200F2C580D5ED63
:10856000117A01AB03EB8803122827EEA77AC3ED3B
:10857000006A4FEA880C00F2B780D5ED067A01ABAD
:1085800003EB8003122F67EEA76A83ED007A4FEAB0
:10859000800E00F0A980D5ED097A02AB5344122E6B
:1085A00027EEA77AC3ED006A00F09E80D5ED0C7A25
:1085B00002AB0B44B9F1120F67EEA77A83ED007A94
:1085C00000F0928095ED0F7A02AB1344B8F1120FD0
:1085D00027EE077AC3ED007A00F08680D5ED127A97
:1085E00002AB6344122867EEA76A83ED007A7BD062
:1085F000D5ED077A02AB7344112FC3ED006A67EE25
:10860000A76A71D0D5ED0A7A03AB9A44112E27EEF2
:10861000A77ACAED006A67D0D5ED0D7A1944B9F191
:10862000110F81ED007A27EEA77A5DD0D5ED107A93
:108630001A44B8F1110F82ED007A27EEA77A53D0D1
:10864000D5ED137A9C44112867EEA77A8CED007A59
:108650004AD07344C3ED007A40F2A452002104F1E1
:10866000100007F071F8029B2366049BC4F80031E8
:10867000069BC4F8A031089BC4F84032039A0A9BB9
:10868000C4F8B020C4F8E0320199079A0C9B21612C
:10869000C4F8F021C4F8803305990B9AC4F850113E
:1086A00004F58463C4F8302309990E9A0D9DC4F82B
:1086B0009012C4F8D0531A6004F58E630F991960B4
:1086C00004F59863109A1A6004F5A262119D156072
:1086D0001299139B04F5AC6204F5B6640120116095
:1086E000236014B0BDE8F087034B044A044840F20D
:1086F000AB11E1F7B7FD00BFDC27030818450308FD
:10870000B8280308D0F82028D0F828389A4200D09A
:108710007047D0F89828D0F890389A4210B504469F
:1087200000D010BDFFF73CFD0028FAD02046FFF72F
:108730008BFE0028F5D0D4F82818022913DDD4F8D0
:108740002438033304F5026293FBF1F001FB10338C
:1087500002EB4313D3E9040104F515620223C2E9D5
:108760000001636010BD034B034A04484C21E1F74C
:1087700079FD00BF783E0308AC3E03081C3F0308A8
:108780002DE9F041D0F898182DED048B022994B012
:108790007DDDD0F894380333044600F5096293FB7D
:1087A000F1F001FB103303EB430302EBC30304F5C9
:1087B0002267D3E9045693ED088AD4F8202A7B680F
:1087C0009E4208BF95421BD0D4F85009D4F85419E2
:1087D000A84271EB060313D3401B61EB0601E0F7DF
:1087E00065F9DFED316A07EE900A04F2547898EDEE
:1087F000007A67EEA67AB4EEE77AF1EE10FA04DAC0
:1088000014B0BDEC048BBDE8F081B0EE480A04F072
:1088100039F9F0EE408AB0EE480A04F06DF9F4EE52
:10882000408AF1EE10FAB0EE408AE9D64C220021DF
:1088300001A806F089FF002001F01AFE12282CD8AA
:1088400014AB03EB8000B7EE009A00ED139AD4F856
:10885000340702F0DDF804F24473D3ED001A28EE79
:10886000088A04F50F63B0EE021AA8EE001A01A9F7
:108870000022C9EE211A04F5C060D3ED000AB0EE63
:10888000680AFDF7B1F9C4F8205A7E60B8E7074BD3
:10889000074A08484C21E1F7E5FC074B074A08481E
:1088A0004FF4B771E1F7DEFCBD378635783E03083B
:1088B0002C4303081C3F03088C3F0308C43F0308F4
:1088C000B828030870B50546002001F0D1FD044624
:1088D000012001F0CDFD122C00F2B88005F1100E40
:1088E00004EB84060EEB061605F24C7296ED007A48
:1088F000D2ED007A95F8B53AB4EEE77A002B40F065
:108900009D80F1EE10FAC0F29880012385F8B53A07
:10891000C4EB847206EB82026FF0470101FB042C6A
:108920000CF585650023136053609360D360136179
:1089300053619361D361136253629362D362136391
:1089400053639363D363136453649364CCF800302C
:10895000CCF84C30CCF89830CCF8E430CCF830314E
:10896000CCF87C31CCF8C831CCF81432CCF8603279
:10897000CCF8AC32CCF8F832CCF84433CCF89033A5
:10898000CCF8DC332B600CF2744500EBC0042B6098
:108990000CF5986500EB44042B600CF20C550CF5BB
:1089A000AB6C12280EEB84022B604FEA8404CCF8E7
:1089B000003052D801FB0020136053609360D360F5
:1089C000136153619361D361136253629362D36203
:1089D000136353639363D36313645364936400F525
:1089E00085620360C364C0F89830C0F8E430C0F812
:1089F0003031C0F87C31C0F8C831C0F81432C0F84A
:108A00006032C0F8AC32C0F8F832C0F84433C0F875
:108A10009033C0F8DC33136000F2744204441360F6
:108A200000F59862136000F20C5200F5AB60136021
:108A300003600D4A0D4B3260236070BDF1EE10FAF9
:108A40007FF566AF002385F8B53A70BD084B094A3B
:108A500009484FF4B771E1F705FC084B084A09488B
:108A60008421E1F7FFFB00BF4054094B00C8AF472A
:108A70008C3F030898400308B82803086C4103089A
:108A8000DC450308F042030838B50446FFF71AFF37
:108A9000022001F0EDFC122839D804F1100300EB9C
:108AA000800104F5EA6203EB0113D2ED007A93ED45
:108AB000007AB4EEE77AF1EE10FA08DC122826D03C
:108AC00093ED147AF4EEC77AF1EE10FA1ED54FF05A
:108AD000FF30C4F82408C4F8940804F64C2000229F
:108AE000002301256560C4F82838C4F8983804F6D6
:108AF0005421026004F5256002600A60002004F53C
:108B000015620021C2E9000184F8B53A38BD034B73
:108B1000034A04484FF4B771E1F7A4FB8C3F030804
:108B200098400308B8280308D0E9013210B404685B
:108B30000133A24291ED007BA4BF93FBF4F204FB4E
:108B400012334360B8BF01324FEA4313B8BF8260AB
:108B5000C21882ED047B103318448B688360CB68A5
:108B6000C3600B6903614B6943618B698361CB69A6
:108B70005DF8044BC36170470B7B03B9704710B5B8
:108B8000D0F830278B682DED048B9A4288B00446CC
:108B900003D008B0BDEC048B10BDD1E9002391EDEA
:108BA000049AD1ED058A91ED068AC8690590CDE950
:108BB000002304F5EB600A6A4B6A06926946079344
:108BC0008DED029ACDED038A8DED048AFFF7ACFF9F
:108BD000B0EE490A04F6282002F09EFBB0EE680AC7
:108BE00004F6342002F098FBB0EE480A04F5246045
:108BF00008B0BDEC048BBDE8104002F08DBB00BF97
:108C00002DE9F04F2DED028B00F65821CDB0002359
:108C10000022CDE92A221B92239218921A921C93C9
:108C20001D931E931F9320932193229224932593A7
:108C300026932793289329930B602C932D932E939F
:108C40002F9330933193029180F8B02AD0F828788E
:108C5000D0F85099D0F854A903224FF0FF33002FD9
:108C600000F5156BCDE9162340F36E83D0F8246828
:108C7000731C00F5026193FBF7F207FB123201EB64
:108C800042120191D2E904120DF1D705924508BFB5
:108C90008945044625F00F0500F0F882012F00F009
:108CA000538306F1020898FBF7F307FB1388019B37
:108CB00003EB4813D3E9041CE24508BF89454FEA9A
:108CC000481803F1100200F04E82022F00F03C839E
:108CD000F11C91FBF7F307FB1311019B03EB411808
:108CE00008F11007D8F8103003931A46D8F814305A
:108CF00091457AEB0302C0F0038316AE3946304645
:108D0000FFF712FF39463046FFF70EFF394630466F
:108D1000FFF70AFFA768D4F80C80B7EB090068EBEF
:108D20000A01DFF7C3FE9FEDE67A029B07EE900A89
:108D300067EE877AC3ED007A0123C4F85079CBF847
:108D4000048084F8B03A1899179A04F6281A002972
:108D50009AED003A40F3F882531C93FBF1F001FBCB
:108D600010335B01059304F511691033334404F6A5
:108D70002C1099ED005AD3ED025A90ED002A0A907A
:108D800004F51360D0ED002A0B90F0EE457A04F65E
:108D90003810E3EE257A04F6341B012990ED004AE1
:108DA00093ED036AC3ED027A04F63C10D0ED004A5D
:108DB000D3ED046A93ED057ADBED003AD3ED061AA4
:108DC00093ED071A04F61410D0ED005A0890F0EE57
:108DD000657AE6EE027A04F61810099090ED006AC2
:108DE000C3ED037AF0EE467AE6EEA27A04F61C10A2
:108DF0000690D0ED006AC3ED047AF0EE667AE7EEF5
:108E0000237A04F5126090ED007AC3ED057AF0EE56
:108E1000477AE1EE847A04F62410C3ED067AD0EDA9
:108E2000007AF0EE671AE1EE241AC3ED071A00F09B
:108E30008B82931C93FBF1F001FB10335F0107F170
:108E40001003334493ED038A93ED041AD3ED051A0E
:108E500093ED060A0797F0EE650AE8EE020A02298A
:108E6000C3ED030AF0EE460AE1EE220AB0EE661AFE
:108E7000A1EEA31AF0EE471AE0EE041AC3ED040ABD
:108E8000C3ED061AD3ED071AD3ED020A83ED051AD6
:108E9000B0EE671AA1EEA41AF0EE451AE3EE201A1E
:108EA00083ED071AC3ED021A00F04E82D31C93FB28
:108EB000F1F201FB12335F0107F110033344D3EDEC
:108EC000031A93ED040A93ED051AD3ED020AD4F8C0
:108ED0003007E1EE825A04F50F68D3ED061A93EDE0
:108EE000072AC3ED035AA0EE226AA3EE205AE1EE50
:108EF000236AA1EE847AE2EE247A83ED025A83EDAE
:108F0000046AC3ED056A83ED067AC3ED077A01F0C2
:108F100055FD029A434692ED000A314600F198024F
:108F20002846FEF7AFFF2A68C8F800206A68C8F82C
:108F3000042005F12C0105F1200205F1440005F1A2
:108F400010030292039104900FCB04F5106C8CE88F
:108F50000F00029A069B07CA89E80700039907C910
:108F600005F1380E83E807009EE807008AE807004D
:108F7000049894F8B53A07C850358BE8070095E88F
:108F8000070004F5146B8BE807002BB104F6F4021C
:108F90000023C8F800301360059B079A1833183275
:108FA00033443244D3ED006A92ED005A93ED017AD6
:108FB000D3ED027AD2ED015A92ED026A07F118035D
:108FC0003344D3ED004A76EE856A37EE257A93ED89
:108FD000015AD3ED025A77EE867A76EEA46A9FEDB7
:108FE000396A37EE057A07F1240377EEA57A66EE43
:108FF000866A1E4427EE067A04F65C23C3ED006AF7
:1090000067EE867A04F5266383ED007A04F664231E
:10901000C3ED007A04F66823C3ED004A04F66C231E
:1090200083ED005A04F52763C3ED005A04F6742358
:1090300035681D6004F678237068186004F67C2398
:10904000B2681A6061460CA80CAD03F0CDFE0FCDDE
:1090500004F52866D4F828780FC60FCD0FC6022F66
:109060002B68336040F37081D4F82438DFED166A42
:10907000033393FBF7F207FB1233019A02EB43131E
:10908000D3ED087A93ED076A93ED067A67EEA77A37
:1090900004F6A423E6EE067AE7EE077AB1EEE77A65
:1090A00077EE667AC3ED007A04F65423D3ED004AD6
:1090B00004F5256393ED006A64EEA47A0AE000BF2C
:1090C000BD378635ABAAAA3ECDCC1C410024F4485E
:1090D000BD37863504F64C23E6EE067A93ED005A4A
:1090E000E5EE057A04F6A823B1EEE77A37EE667A64
:1090F00083ED007A0B9B9AED004AD3ED003A099B71
:10910000D3ED007A0A9B93ED003A089BE3EEA47A34
:10911000D3ED005A04F52A63E3EE065AD3ED003A84
:1091200099ED006A04F69423D3ED004A67EEA37A22
:10913000A4EE056A04F6882304F6AC24E5EEA47ACE
:10914000D3ED005AE6EE257A77EEA67A37EE677A07
:10915000B0EEC77A27EE267A84ED007A4DB0BDECEA
:10916000028BBDE8F08F022FCDE9033200F0EC80D6
:10917000033696FBF7F007FB1067019E06EB4719D5
:109180007F01D9F81000401AD9F8141061EB0C01D6
:10919000DFF78CFC5FED327A029B08EE100A08F1D3
:1091A000100128EE278A314416AE83ED008A30463E
:1091B000FFF7BAFC01981FED3B7A039B049A1B69E9
:1091C000526808F124010144D1ED004A91ED015AA1
:1091D000D1ED025A07F12401014491ED003AD1ED9D
:1091E000013A91ED024A74EE834A35EE235A75EE48
:1091F000845AF6EE007A64EEA74A25EE275A65EE09
:10920000A75A28EE078A08F1180807F11801014447
:10921000804498ED006AD8ED016A98ED027ACDEDB0
:10922000114A8DED125AD1ED004A91ED015ACDED62
:10923000135ABCEEC88AD1ED025A36EE246A76EE95
:10924000856A37EE257A18EE101A26EE276A5B1823
:1092500066EEA76A67EE277A42F100020CA9304653
:10926000CDE90C328DED0E6ACDED0F6ACDED107AA1
:10927000FFF75AFC019807F1100101443046FFF74F
:1092800053FCD9E90423CBE900235CE5022F0393C7
:109290005ADD019B06F1030898FBF7F207FB1288E1
:1092A00003EB48124FEA481810695169B0EB090006
:1092B00061EB0A01DFF7FAFB039B1FED7B7A07EEF8
:1092C000900A9A4667EE877A029B06F10409C3ED7D
:1092D000007A16AE9AFBF7F107FB11A104EB4111DE
:1092E00001F5036130460AF1010AFFF71DFCD14583
:1092F000F0D1019B9844D8E90423CBE9002322E56F
:1093000016AE394630460493FFF70EFC3946304618
:10931000FFF70AFC39463046FFF706FC039BB3EB28
:109320000900049B63EB0A01DFF7C0FB1FED987A8D
:10933000029B07EE900A67EE877AC3ED007AD8E9C0
:109340000423CBE90023FEE4024B034A03484C21EB
:10935000E0F788FF783E0308AC3E03081C3F030893
:109360002DE9F04F9A468BB0034650460193059184
:10937000039201F029FE411E504601F02DFE1228F5
:1093800000F3C080504601F023FE411E504601F01C
:1093900041FE122800F3BC8040F2A4520021019843
:1093A00006F0D2F9504601F00FFE8146504601F01A
:1093B0000FFEB9F1000F04461FDD00281DDD09F185
:1093C000FF330693631E0793039B03F2A4534FF0EE
:1093D000000B08932546002422464C465946504629
:1093E000009201F037FE009A58B101329542F5D152
:1093F0000BF1010B5C45A146EDD101980BB0BDE826
:10940000F08F5946504601F0E7FD009A0746114695
:10941000504601F0FFFD069B009A5B45804661D1F6
:10942000C7F11309079B934253D1C8F11303B9F154
:10943000000FDADD09EB070108EBC80E049108EB19
:109440004E0E05990994BE4401EB8E0E039901EB73
:1094500088060899384601EB880903EB080C2C466E
:109460000199374601EB8005002B2CDD0093029615
:10947000122841D8B8F1120F3ED8D5ED007A08F184
:1094800001033E46714604E00133142B01F14C0107
:1094900032D0F6EC016A91ED007AE6EE877A9C45CF
:1094A000C5ED007AF0D14C37B94505F14C05DFD157
:1094B000009B029E0499013088420EF1040ECFD128
:1094C0002546099C91E74C374F4505F14C05CBD11A
:1094D000F0E7511C5046009201F09CFD009AA0EB71
:1094E0000803A4E70BF101015046009201F074FD5E
:1094F000009AA0EB070995E7084B094A094876212D
:10950000E0F7B0FE084B094A09483321E0F7AAFE0C
:10951000084B064A06483421E0F7A4FE8C3F0308B6
:1095200024490308B8280308D04603083447030831
:1095300048480308BC4803082DE9F04F1E468DB08B
:1095400003463046CDE90431069201F03DFD411E4F
:10955000304601F041FD122800F3C580304601F08D
:1095600037FD411E304601F055FD122800F3C18041
:1095700040F2A4520021049806F0E6F8304601F0CB
:1095800023FD8146304601F023FDB9F1000F8246EC
:109590001ADD002818DD09F1FF3307930AF1FF33C4
:1095A000CDE908394FF0000B344600273A465946BA
:1095B000204601F04FFD58B10137BA45F6D1099B5D
:1095C0000BF1010B5B45F0D104980DB0BDE8F08FB5
:1095D0005946204601F000FD3946019005462046D7
:1095E00001F018FD079A5A4503466AD1C5F11306E2
:1095F000089ABA425CD1C3F113090199069803EBAA
:10960000C30203EB42020A4400EB82020392059A72
:109610004C2000FB0122049900FB03100021B9F14A
:10962000000F58DD019DCDE90AA79944C5F1130C3F
:109630005F46002E2ADD019D122D33D8DDF80CB0D7
:1096400002939A468046BAF1120F92ED007A29D819
:10965000D8ED007A96465D46002305E0634521D0AB
:109660009EED137A0EF14C0EF5EC016AE6EE877A68
:1096700001339E42C8ED007AF0D10AF1010ACA45D1
:109680000BF14C0B08F14C08DDD1029B0131132981
:1096900002F1040200F10400CBD1BB46DDF828A0A2
:1096A0000B9F89E7164B174A17487621E0F7DAFD3A
:1096B000791C2046029301F0ADFC029BA0EB03094C
:1096C0009BE702900BF10101204601F085FC019B14
:1096D000C61A029B8CE70131132902F1040200F142
:1096E00004009CD168E7094B094A0A487021E0F759
:1096F000B9FD094B064A07487121E0F7B3FD00BFE9
:109700008C3F030824490308B8280308184A0308B3
:109710007C4A030848480308944B03082DE9F043AA
:10972000036861495A6AADF5B45D8A4285B007465F
:1097300040F0AD809A6A5D495D4C8A4240F0AF804E
:10974000DFF870911B6A69463846984707F11008A0
:109750000DF587502346424669460C30FFF700FE60
:1097600040F2A4520DF587510DEB02000C310DF2C1
:10977000A45406F0C7F80DF6483542462346D3ED0B
:10978000007AB2EC017A77EE877AE3EC017A9D42B7
:10979000F5D104AA02F13C0C6E460DF648330DF5E6
:1097A00085616A4652F8040B186051F8040B9863FF
:1097B000906C5860D2F894009860D2F8E000D860BD
:1097C000D2F82C011861D2F878015861D2F8C4019E
:1097D0009861D2F81002D861D2F85C021862D2F80F
:1097E000A8025862D2F8F4029862D2F84003D86214
:1097F000D2F88C031863D2F8D8035863886CD86306
:10980000D1F894001864D1F8E00058649445D1F878
:109810002C01986403F14C03C4D10DF587504B46DD
:109820000DF648320DF2A4510C30FFF785FE0DF510
:10983000875140F2A4520C31684606F063F86A463C
:109840000DF2A453D3ED007AB2EC017A77EE877A69
:10985000E3EC017A9D42F5D13B686946DB69384605
:109860009847D4ED007AB6EC017A77EE877AE4EC8B
:10987000017AA542F5D140F2A4520DEB0201404617
:1098800006F040F80DF5B45D05B0BDE8F0839047F3
:109890003B6806499A6A8A4204463FF451AF38460B
:1098A00090473B6881464DE7755402087D54020895
:1098B000386D0120B06B01202DE9F043D0F82C6702
:1098C000002EB5B061DD06F1FF39B9F1020F054692
:1098D000A8BF4FF0020900F5C0644FF000082268ED
:1098E00063681B921C93A268E3681D921E93226911
:1098F00063691F922093A269E36921922293226AED
:10990000636A23922493A26AE36A25922693226BC8
:10991000636B27922893A26BE36B2A932992226CA4
:109920002B92A26C2D92E26C2E92226DB4F86030D4
:109930002F92626D3092A26D616CADF8CC30319295
:1099400003F00107E26D2C91DB05329200D5FFB1E7
:1099500008F101034B4504F1640440F3C980B342AC
:1099600013DA08F10203B3420FDA08F10303B3423A
:109970000BDA08F10403B34207DA08F10508B04531
:1099800003DA08F10108B045FBD135B0BDE8F0833A
:109990004C22394607A805F0D7FE1323029305F1A0
:1099A0001003B7EE000A019307AA20AB03A901A890
:1099B0000393FBF7EDFE9DED211ADDED084A9DEDC9
:1099C000072A9DED206A9DED235ADDED0A3ADDED73
:1099D0000F7ADDED251ADDED0D2A9DED263ADDED40
:1099E0000C5ADDED096A9DED227ADDED240A9DED2C
:1099F000100A64EE814A9DED281AE2EE064A08F14B
:109A0000010364349DED276A9DED122A63EE853AC9
:109A100067EE817A9DED0E5A9DED2D1AE5EE067AE0
:109A20009DED146A9DED0B5AE2EE837A65EEA15A24
:109A300026EE016ADDED2C2A9DED131ADDED291AC3
:109A40009DED2F3AE6EE873AE5EE205AA1EE226A26
:109A5000DDED2A6A9DED117ADDED150A9DED2E1AD8
:109A600027EE267ADDED2B6AB0EE655AA2EE266A65
:109A7000F0EE675ADDED167ADDED172A9DED322AFC
:109A8000DDED196AA0EE217A66EE826ADDED181A24
:109A90009DED312AE1EE826A67EE837A9DED303AE0
:109AA000E0EE817AE2EE836A75EE255A37EE067AA9
:109AB00074EEA34A77EEA67A35EEA46A77EE877A3B
:109AC0009DED1F5ADDED1D5A77EE867AB2EE024A01
:109AD00077EE857A65EEA55A67EE847AF4EEE57A3C
:109AE000F1EE10FA48BF04F8037C4B453FF737AF5F
:109AF0009846F4E62DE9F04F2DED108BADF6245D80
:109B0000074600F1100672AC40F2A45231462046DE
:109B100005F0F8FE3B68BA4ADB6A934240F0A18444
:109B2000002387F8613687F8C53687F82937C7F8E4
:109B30002C373846FEF724FE97F8B03A002B00F099
:109B40008B843846FFF7B8FE07F2B4534C2200214D
:109B50001846149305F0F8FDD7F82C57002D40F364
:109B60003E816B1E022BCDE91C56A8BF0223159324
:109B700007F5C06B4FF000080DF26C7A0DF618591E
:109B8000DBF800305993DBF804305A93DBF80830E7
:109B90005B93DBF80C305C93DBF810305D93DBF803
:109BA00014305E93DBF818305F93DBF81C30609361
:109BB000DBF820306193DBF824306293DBF8283047
:109BC0006393DBF82C306493DBF830306593DBF87B
:109BD00034306693DBF838306793DBF83C306893B9
:109BE000DBF840306993DBF844306A93DBF84830A7
:109BF0006B93DBF84C306C93DBF850306D93DBF8F3
:109C000054306E93DBF858306F93DBF85C30709310
:109C1000BBF86030ADF8C431DB0540F1C1804C22A7
:109C2000002120A805F090FD1323CDE946435EAB4B
:109C3000B7EE000ACAF8003020AA514646A8FBF742
:109C4000A7FDDDED257ADDED6A1ADDED288ADDED73
:109C5000664ADDED676ACDED017AF0EE617ADDED01
:109C60006B1A9DED647A9DED686A9DED271A9DED56
:109C7000654A9DED2DBACDED046A28EEA42AF0EEDA
:109C8000616ADDED62DA9DED69DA9DED208ADDED38
:109C90005E2ADDED21FADDED5F3A9DED22FA9DEDC4
:109CA000603ADDED23EADDED615A9DED24EA9DED9C
:109CB000635ADDED260A9DED299ADDED2A9A9DED88
:109CC0002BAADDED2CAA8DED056A8DED077AA1EEAC
:109CD000042ADDED2EBACDED0C6A6BEE266ADDEDC1
:109CE0006C1ACDED0B7AEAEEA76AA0EE872ACDEDCD
:109CF000021A9DED707ADDED321ADDED6F7A8DED91
:109D00000ADAEAEE0D6A8DED097A9DED31DACDEDD4
:109D1000087A21EE877A2FEEA36AADEE277A6EEEEF
:109D2000A57AA8EE226AEFEE037ADDED6DCA9DED0D
:109D30002FCACDED03CA36EE276ADDED017ACDEDEF
:109D400006DA67EE857ADDED30CAEEEE2D7ADDEDCE
:109D500003DA77EE827A9DED052A77EE867A29EE90
:109D6000826A9DED042AA9EE026A9DED022A36EE72
:109D7000266A6CEE2D6AEBEE826A9DED6E2AACEEE1
:109D8000827A76EE876A9DED5C7A76EE866A76EE6A
:109D9000A77A77EE877AF5EEC07AF1EE10FA31DC29
:109DA000159A08F1010393420BF1640B40F35183C0
:109DB000DDE91C56AB4212DA08F10203AB420EDABF
:109DC00008F10303AB420ADA08F10403AB4206DAF6
:109DD00008F10503AB4202DA0133AB42FCD13B6828
:109DE00038461B6B984740F2A4522146304605F096
:109DF00089FD0DF6245DBDEC108BBDE8F08F00BF32
:109E0000E5640208C0EE276A07F5B96307F5B76E87
:109E100007F2DC500F9007F5BC60109007F2E45099
:109E200007F5B86607F2BC5C119007F5BD601290AB
:109E300007F2D452DDED017A019307F5BA630D9371
:109E400007F5BB6326EEA07A0E93DEED000A149BA5
:109E50008DED397A26EEA70A66EE88DA66EE817A0B
:109E600026EEA18A93ED001A8DED130A66EEAFFA85
:109E700026EE8FFA66EEAEEA26EE8EEA66EEA88A47
:109E800026EE899A66EEA99A26EE8AAA66EEAAAA14
:109E900026EE8BBA66EEABBA26EE8CCA66EEACCA7C
:109EA00026EE8DDA63EEA03A8DED380AE2EE813AC5
:109EB00007F2C45507F2CC518DED161ACDED33DA09
:109EC000CDED34FA8DED35FACDED36EA8DED37EA8C
:109ED000CDED3A7ACDED3B8A8DED3C9ACDED3D9AB4
:109EE0008DED3EAACDED3FAA8DED40BACDED41BA44
:109EF0008DED42CACDED43CA8DED44DA8DED458A34
:109F0000DCED002A96ED001A019B92ED000AD3EDDC
:109F1000001A0D9B9DED066A1A9265EE815A64EE59
:109F2000804AE3EE225A0F9A93ED003A0E9BCDED54
:109F3000172A73EEA56AE4EE034A07F2FC50D5ED4A
:109F4000005AD1ED003ACDED065A25EE215A93ED97
:109F5000004A119B8DED183AA6EE255A9DED076A31
:109F6000DDED055A8DED054AE6EE234ACDED073AC3
:109F700035EE246AD2ED004A109A9DED5B5ACDED84
:109F8000194A36EE266A65EEA45ADDED046A8DEDB7
:109F9000045AE6EE845A92ED004A129A93ED005A62
:109FA000D2ED002ADDED0C6ADDED0B4A8DED0B5A8A
:109FB00066EEA26A1B90E4EE856A07F2EC5207F2A5
:109FC000F4539DED0A5AD0ED004A92ED003A8DED22
:109FD0000A4AE5EE046A07F5BF609DED024A75EE98
:109FE000A66AD0ED005ACDED0C6ADDED096A099044
:109FF00026EEA45ADDED086A07F5BE60D0ED003A02
:10A000000890A6EEA55A1498DDED036A66EEA36AE1
:10A01000E4EE036A93ED004AA2EE045A9DED0C2A89
:10A0200076EE856A9DED135A76EE826A9DED042ADE
:10A0300076EE866A9DED166A72EE666AA6EEAD6AE7
:10A04000E6EEAF0A80ED006A9DED176ACEED000ADC
:10A05000A6EE8F6A0198A6EEAE1A8CED006A9DED11
:10A06000066A86ED001AA6EE8E6A0DF55166E6EEDA
:10A07000851A85ED006AC0ED001A9DED076A9DED19
:10A08000192A0998A6EE876AA6EEA80A81ED006A49
:10A090009DED186A0D99A6EEA76AA6EEA92A81ED94
:10A0A000006A9DED056A1A99A6EE896A81ED000A9B
:10A0B0000E9981ED006A9DED0A6A0F99A6EE8A6AF3
:10A0C00081ED002A109981ED006A9DED0B6A1199CE
:10A0D000A6EEAA6AE6EE8B2AA6EEAB3A81ED006AFE
:10A0E000E6EE8C3A1299A6EEAC4AB0EE656AC1ED86
:10A0F000002AA6EE8D6A20A982ED003AE6EE884A93
:10A10000089AC2ED003A83ED004A1B9B80ED006A7D
:10A110005246C3ED004AB0EE450A5346F1EC016ADF
:10A120006DEEA63A2FEEA64A6FEE264A2EEEA65AFE
:10A130006EEE265A20EE266AC3ED003A83ED014A00
:10A14000C3ED024A83ED035AC3ED045A83ED056A59
:10A1500067EE260A27EEA61A68EEA61A29EE262A28
:10A1600069EEA62A2AEE263A6AEEA63A2BEE264A8F
:10A170006BEEA64A2CEE265A6CEEA65A2DEE266AF7
:10A1800068EE266AC3ED060A83ED071AC3ED081AC6
:10A1900083ED092AC3ED0A2A83ED0B3AC3ED0C3A8D
:10A1A00083ED0D4AC3ED0E4A83ED0F5AC3ED105AED
:10A1B00083ED116AC3ED126A4C339E42AED125463F
:10A1C0002346D3ED006AB2EC016A76EEC66AE3EC90
:10A1D000016A9A45F5D14C22002146A88DED077AF7
:10A1E000CDED067A05F0B0FA5EABCAF800301EA8D5
:10A1F0001323B7EE000A46AA51461F931E94FBF79D
:10A2000013FADDED467A9DED477ADDED486A9DED66
:10A21000496ADDED4A5ACDED017A8DED027ADDED28
:10A22000067A9DED077ACDED036A8DED046ACDEDDA
:10A23000055ACDED08DACDED09FA8DED0AFACDED2E
:10A240000BEA8DED0CEA9DED4B0ADDED4C0A9DED20
:10A250004D1ADDED4E1A9DED4F2ADDED502A9DED94
:10A26000513ADDED523A9DED534ADDED544A9DEDF4
:10A27000555ADDED565A9DED576ADDED586A8DED64
:10A28000077A33A9CDED067ADDED01DA9DED02EA1C
:10A29000DDED03EA9DED04FADDED05FA5246534685
:10A2A0000846F0EC017A27EEAD7A4C3303ED137AD1
:10A2B00027EE8E7AB34203ED127A27EEAE7A03EDE3
:10A2C000117A27EE8F7A03ED107A27EEAF7A03ED3D
:10A2D0000F7A27EE807A03ED0E7A27EEA07A03ED4F
:10A2E0000D7A27EE817A03ED0C7A27EEA17A03ED41
:10A2F0000B7A27EE827A03ED0A7A27EEA27A03ED33
:10A30000097A27EE837A03ED087A27EEA37A03ED24
:10A31000077A27EE847A03ED067A27EEA47A03ED16
:10A32000057A27EE857A03ED047A27EEA57A03ED08
:10A33000037A27EE867A67EEA67A03ED027A43ED7A
:10A34000017AAED1DDED08DADDED09FA9DED0AFA0C
:10A35000DDED0BEA9DED0CEA9DED077ADDED067A69
:10A360002346D3ED006AB2EC016A76EEC66AE3ECEE
:10A37000016A9A45F5D19DED5C6ADDED130A5346FD
:10A38000F1EC016A6DEEA62A2FEEA63A6FEE263AA0
:10A390002EEEA64A6EEE264A20EEA65A67EEA65A82
:10A3A000C3ED022A83ED033AC3ED043A83ED054A77
:10A3B000C3ED064A83ED075AC3ED095A27EE260A74
:10A3C00028EEA61A69EE261A29EEA62A6AEE262A91
:10A3D0002AEEA63A6BEE263A2BEEA64A6CEE264AF9
:10A3E0002CEEA65A6DEE265A68EE266A83ED080A10
:10A3F00083ED0A1AC3ED0B1A83ED0C2AC3ED0D2A67
:10A4000083ED0E3AC3ED0F3A83ED104AC3ED114AC6
:10A4100083ED125AC3ED135AC3ED146A4C33B342A1
:10A42000AED10DF6185383ED006A0DF27473D5EDBD
:10A43000007AB3EC017AE6EE077A9945E5EC017A09
:10A44000F5D1159A08F1010393420BF1640B3FF724
:10A45000AFAC9846FFF794BB3846FBF7BBFCFFF761
:10A4600070BB38469847FFF76CBB00BFFBF70AB8D4
:10A47000072808B503D8054B53F8200008BD044B46
:10A48000044A05482A21DFF7EDFE00BFE8810308F2
:10A49000F8070308FC4B0308404C030890ED000A42
:10A4A000704700BF90ED010A704700BFD1F808C0A7
:10A4B000CA68C0F800C04260704700BF00B5D1F85C
:10A4C00014C0D1F810E08A69C0F800E0C0F804C0F8
:10A4D00082605DF804FB00BF00B5D1F820C0D1F860
:10A4E0001CE04A6AC0F800E0C0F804C082605DF871
:10A4F00004FB00BF00B5D1F82CC0D1F828E00A6BEE
:10A50000C0F800E0C0F804C082605DF804FB00BF42
:10A5100000B5D1F838C0D1F834E0CA6BC0F800E01B
:10A52000C0F804C082605DF804FB00BF00B5D1F83C
:10A5300044C0D1F840E08A6CC0F800E0C0F804C024
:10A5400082605DF804FB00BF91ED006AD1ED016A05
:10A5500090ED007AD0ED017A37EE067A77EEA67AA2
:10A5600038B504460D4680ED007AC0ED017A103111
:10A57000103001F037F995ED087AD4ED087AD4ED72
:10A58000096AD4ED0F4A94ED105AD4ED0B5A77EEC8
:10A59000877A94ED0A7AC4ED087A95ED096AD4EDCC
:10A5A0000E7A76EE866A94ED0C6AC4ED096AD5EDF2
:10A5B0000A6A37EE267AD4ED0D6A84ED0A7A95EDB3
:10A5C0000E7A77EE877A94ED117AC4ED0E7AD5ED96
:10A5D0000F7A74EEA74AD4ED127AC4ED0F4AD5ED86
:10A5E000104A35EE245A204684ED105A95ED0B5A48
:10A5F00075EE855AC4ED0B5AD5ED0C5A36EE256A28
:10A6000084ED0C6A95ED0D6A76EE866AC4ED0D6AEE
:10A61000D5ED116A37EE267A84ED117A95ED127A2E
:10A6200077EE877AC4ED127A95ED137AD4ED137A2A
:10A63000D4ED146A77EE877A94ED157AC4ED137A27
:10A6400095ED146AD4ED167A76EE866AC4ED146A36
:10A65000D5ED156A37EE267A84ED157A95ED167AE2
:10A6600077EE877AC4ED167A38BD00BF2DE9F04F3A
:10A670009FB00DF11F0828F00F08044601F14400B7
:10A68000914691ED006AD1ED016A039001F12C0E23
:10A6900001F1500C01F1200A01F1380B08F13802E8
:10A6A00008F1500001F1100308F1440100920191FA
:10A6B00002900FCB08F1100585E80F009AE807001B
:10A6C00008F1200787E807009EE8070008F12C063C
:10A6D00086E807009BE80700009B99ED007AD9ED1A
:10A6E000017A83E80700039A019B07CA83E8070001
:10A6F0009CE80700029B37EE067A77EEA67A83E89D
:10A70000070009F11001284688ED007AC8ED017AAA
:10A7100001F068F8D8ED082A98ED093AD8ED0A3A20
:10A7200098ED0E4AD8ED0F4A98ED105A99ED080AA7
:10A73000D9ED090A99ED0A1AD9ED0E1A99ED0F2AE9
:10A74000D9ED107AD8ED0B5A98ED0C6AD8ED0D6A58
:10A7500098ED117A72EE802A33EE203A99ED0B0AC9
:10A76000D9ED0C0AC8ED082A73EE813A34EE214A7D
:10A7700099ED0D1AD9ED111A88ED093A74EE824A55
:10A7800035EE275A99ED122AD8ED127AC8ED0A3A19
:10A7900075EE805A36EE206A76EE816A37EE217ABF
:10A7A00077EE827A88ED0E4AC8ED0F4A88ED105A8E
:10A7B000C8ED0B5A88ED0C6AC8ED0D6A88ED117A68
:10A7C000C8ED127AD8F8003099ED134AD9ED144A41
:10A7D00099ED155AD9ED165A2360D8F80430636004
:10A7E00095E80F0004F1100C8CE80F0098ED136A47
:10A7F000D8ED146A98ED157AD8ED167A97E8070027
:10A8000036EE046A76EEA46A37EE057A77EEA57A1C
:10A8100004F1200B88ED136AC8ED146A88ED157AEF
:10A82000C8ED167A8BE8070096E80700009B04F154
:10A830002C0A8AE8070093E80700019B04F1380915
:10A8400089E8070093E80700029B04F1440888E8C0
:10A85000070093E8070004F1500E8EE80700204639
:10A860001FB0BDE8F08F00BF2DE9F04F2DED028B3A
:10A8700083B0044600F1100E00F1200A00F12C080C
:10A8800000F1380201F1100301F1440091ED007A6A
:10A89000D1ED017A009201F1500C01F1200B01F190
:10A8A0002C0901F1380701900FCB8EE80F009BE8CF
:10A8B00007008AE8070099E8070088E8070097E89A
:10A8C0000700009B83E80700019807C804F14406CD
:10A8D00086E807009CE8070020EE077A60EE277AFA
:10A8E00004F1500585E8070084ED007AC4ED017A93
:10A8F0007046B0EE408A01F011F8D4ED080A94EDEC
:10A90000091AD4ED0A1A94ED0E2AD4ED0F2A94ED0B
:10A91000103AD4ED0B3A94ED0C4AD4ED0D4A94ED77
:10A92000115AD4ED125A94ED136AD4ED146A94EDD1
:10A93000157AD4ED167A60EE880A21EE081A61EED7
:10A94000881A22EE082A62EE882A23EE083A63EE7D
:10A95000883A24EE084A64EE884A25EE085A65EEE5
:10A96000885A26EE086A66EE886A27EE087A67EE4D
:10A97000887A2046C4ED080A84ED091AC4ED0A1A43
:10A9800084ED0E2AC4ED0F2A84ED103AC4ED0B3A83
:10A9900084ED0C4AC4ED0D4A84ED115AC4ED125AEF
:10A9A00084ED136AC4ED146A84ED157AC4ED167A49
:10A9B00003B0BDEC028BBDE8F08F00BF013808B5D5
:10A9C0000D2810D8DFE800F0090F07070F0F0F0F51
:10A9D0000F0F0F0F0D0B074808BD074808BD0748AC
:10A9E00008BD074808BD074B074A08489721DFF70D
:10A9F00039FC00BFE80200200802002048000020C7
:10AA000028010020F8070308C04C0308384D03084C
:10AA1000023808B50E2815D8DFE800F00B1414082A
:10AA20000814141414141414140E1100B1EE000AB6
:10AA300008BD9FED070A08BD9FED060A08BD9FED02
:10AA4000060A08BD054B064A0648B321DFF70AFC93
:10AA5000FAED6B3D0BD7233CB2BFEC3DF807030882
:10AA6000C04D0308384D030870B5DA48DFEDDA7AD7
:10AA70009FEDDA7ADFEDDA5ADFEDDA2ADA4BDB4CDA
:10AA8000DB49DC4ADFF8ACE39FEDDB3ADFEDDB3A94
:10AA90009FEDDB4ADFEDDB4A9FEDDB5A9FEDDB0AE2
:10AAA000DFEDDB0A9FEDDB1ADFEDDB1A9FEDDB2A22
:10AAB0004361B6EE006A8361C361C465D84B046626
:10AAC0004466D84CDFF870C3D74ED84D8466F0EE9C
:10AAD000006A80ED027A80ED037AC0ED042AC0EDB1
:10AAE000087AC0ED097AC0ED0A7AC0ED0B7AC0EDA4
:10AAF0000C7AC0ED0D7AC0ED0E7AC0ED0F7AC0ED84
:10AB0000107A80ED116A80ED126A80ED136AC0F848
:10AB100074E0C0F878E0C0F87CE0C0F880E0C0F8ED
:10AB200084E0C0ED145AC0ED155AC0ED165AC46643
:10AB30000467BF4CC0F888E0C0F88CE0C0F890E033
:10AB4000C0F894E0C0F898C0C0F89CC0C0F8A0C09D
:10AB5000C0F8A4C0C0F8A8C0C0F8ACC0C0F8B0C06D
:10AB6000C0F8B4C0C0F8B8C0C0F8BCC0C0F8C0C01D
:10AB7000C0F8C4C081ED027A81ED037AC1ED042AE8
:10AB800081ED057A81ED067A81ED077AC1ED085AEB
:10AB9000C1ED095AC1ED0A5A81ED0B3A81ED0C3A2B
:10ABA00081ED0D3A8E63CE63C0ED326AC0ED336A3B
:10ABB000C0ED346A0E6481ED116A81ED126A81ED97
:10ABC000136A0D654D658D65CC650C664C66C1EDEF
:10ABD0001A3AC1ED1B3AC1ED1C3A81ED1D4A81EDD7
:10ABE0001E4A81ED1F4AC1ED204AC1ED214AC1ED47
:10ABF000224A81ED230A81ED240A81ED250AC1F85C
:10AC000098C0C1F89CC0C1F8A0C0C1F8A4C0C1F8E8
:10AC1000A8C0C1F8ACC0C1F8B0C0C1F8B4C0C1F898
:10AC2000B8C0C1F8BCC0C1F8C0C0C1F8C4C0C1ED53
:10AC3000326AC1ED336AC1ED346A82ED027A82ED87
:10AC4000037AC2ED042A82ED057A82ED067A82ED5E
:10AC5000077AC2ED085AC2ED095AC2ED0A5A82EDCE
:10AC60000B3A82ED0C3A82ED0D3AC2ED0E7AC2ED4E
:10AC70000F7AC2ED107A82ED116A82ED126A82EDCE
:10AC8000136A82ED145A82ED155A82ED165AC2EDFE
:10AC9000170AC2ED180AC2ED190AC2ED1A3AC2ED3E
:10ACA0001B3AC2ED1C3A82ED1D4A82ED1E4A82ED2E
:10ACB0001F4AC3ED042AC2ED204AC2ED214AC2ED6B
:10ACC000224AC2F88CE0C2F890E0C2F894E0C2F8E0
:10ACD00098C0C2F89CC0C2F8A0C0C2F8A4C0C2F814
:10ACE000A8C0C2F8ACC0C2F8B0C0C2F8B4C0C2F8C4
:10ACF000B8C0C2F8BCC0C2F8C0C0C2F8C4C0C2ED7F
:10AD0000326AC2ED336AC2ED346A83ED027A83EDB2
:10AD1000037A83ED051A83ED061A83ED071AC3ED56
:10AD2000087AC3ED097AC3ED0A7AC3ED0B7AC3ED55
:10AD30000C7AC3ED0D7AC3ED0E7AC3ED0F7AC3ED35
:10AD4000107A83ED116A83ED126A83ED136A83ED45
:10AD5000145A83ED155A83ED165AC3ED171AC3ED35
:10AD6000181AC3ED191A83ED1A2A83ED1B2A83EDF5
:10AD70001C2AC3F874E0C3F878E0C3F87CE0C3F899
:10AD800080E0C3F884E0C3F888E0C3F88CE0C3F83F
:10AD900090E0C3F894E0C3F898C0C3F89CC0C3F82F
:10ADA000A0C0C3F8A4C0C3F8A8C0C3F8ACC0C3F81F
:10ADB000B0C0C3F8B4C0C3F8B8C0C3F8BCC0C3F8CF
:10ADC000C0C0C3F8C4C0C3ED326AC3ED336AC3ED7B
:10ADD000346A70BDE80200200AD7233CCDCCCC3DBC
:10ADE0000AD7A33B9A99993ECDCC4C3E77CC2B33D6
:10ADF00008020020280100206F12033B1665BA36B6
:10AE0000789C6E325BB51831C364AA3A77CCAB320A
:10AE1000D25395339A99193E46F5D53217B7513723
:10AE2000480000206269BA37A69BC43B59854D375C
:10AE3000B5423B32789C6E330000614582B02DE90B
:10AE4000F04F85B004AC04E9060016460F9340228B
:10AE50008A4699460021109B01938046DDE91147FF
:10AE600004F072FC402208EB020B0021584608F166
:10AE7000800504F069FC4FF480720021284604F03C
:10AE800063FC019BC8F88061002EC8F884314ADD5C
:10AE9000002B7EDD102E76DC102B6EDC5146B200CE
:10AEA0000AEB860C51F8046B2EB160E051F8040BEC
:10AEB000B04256DD06468C45F8D149469E0009EB66
:10AEC000830C51F8043B2BB145E051F8040B83424D
:10AED0003BDA03468C45F8D15146404604F01AFC53
:10AEE00032464946584604F015FCD8F880319F4256
:10AEF00025D104EBC707BC420FD0D8F88461636842
:10AF00009E4216D121681EB13246284604F002FC4A
:10AF10000834BC4205F11005F1D1404605B0BDE84A
:10AF2000F04F02B070471E4B1E4A1F481221DFF738
:10AF300099F91E4B1B4A1C484F21DFF793F91C4B14
:10AF4000184A19484A21DFF78DF91A4B154A164855
:10AF50003521DFF787F9184B124A13483021DFF704
:10AF600081F9144B0F4A10482321DFF77BF9124B6C
:10AF70000C4A0D481E21DFF775F9104B094A0A48A3
:10AF80001521DFF76FF90E4B064A07481421DFF74A
:10AF900069F90C4B034A04481321DFF763F900BF3A
:10AFA000284E0308484E0308D84E03084C500308A7
:10AFB00000500308E84F0308D84F0308A44F0308C4
:10AFC000744F0308504F0308D0F88001704700BF4A
:10AFD000D0F88401704700BF002908B506DBD0F81F
:10AFE00080318B4208DD50F8210008BD054B064A30
:10AFF00006486821DFF736F9054B034A0348692103
:10B00000DFF730F9905003089C500308D84E03082E
:10B01000D4500308002908B507DBD0F884318B42EF
:10B0200009DD00EB8100006C08BD064B064A0748AD
:10B030006F21DFF717F9064B034A04487021DFF749
:10B0400011F900BF90500308F8500308D84E0308C8
:10B0500034510308002908B50FDB002A1FDBD0F8A4
:10B0600080318B4215DDD0F8843193420BDD00EB4B
:10B070000110024492F8800008BD0C4B0C4A0D48A8
:10B080007621DFF7EFF80C4B094A0A487921DFF700
:10B09000E9F80A4B064A07487821DFF7E3F8084B3E
:10B0A000034A04487721DFF7DDF800BF5C5103084D
:10B0B0006C510308D84E0308D8510308B051030857
:10B0C000A051030890ED090A704700BF90F828309E
:10B0D00033B3D0ED056AD0ED064A90ED077A90EDD6
:10B0E000086AD0ED017AD0ED005A90ED024A90ED59
:10B0F000035AC0ED066A66EEA77A80ED050AE5EE12
:10B10000807AD0ED045A80ED087AE4EE247AE5EEF8
:10B11000477AE5EEC67AC0ED097AC0ED077A704746
:10B1200090ED016AD0ED006AD0ED037AB7EE007AB7
:10B1300076EE866A77EE877A90ED026A90ED047A71
:10B1400076EE866A77EE877A012386EEA77A80F814
:10B150002830F0EE404A27EE007AF0EE406AB0EE7A
:10B16000476ABEE70023002243618361C361036233
:10B17000436280F828207047DFED3E7AB0EEC07A57
:10B18000B4EE677AF1EE10FA38B555D8B5EEC00ACC
:10B19000F1EE10FA4FF0000566DDB0EEE07AB4EEA5
:10B1A000677AF1EE10FA59D8F5EEC00AF1EE10FA0E
:10B1B0004EDDF6EE007A60EEA77AF4EEC07AF1EE9C
:10B1C00010FA3FDDDFED2C7A20EE270A044680EEF0
:10B1D000200A02F09FFE00236561A561E5612562FA
:10B1E000656284F828309FED256AF7EE007AF0EE6C
:10B1F000676AE0EE066AF0EE675A20EE007AE0EE4B
:10B20000465A77EE266A77EE677A87EE266A77EEF9
:10B21000A77A37EE257AC7EEA65AC7EE267A36EE1B
:10B22000067A84ED006A84ED017A84ED026AC4ED49
:10B23000035AC4ED047A38BD114B124A1248352125
:10B24000DFF710F8114B0F4A0F483921DFF70AF8E2
:10B250000F4B0C4A0C483821DFF704F80D4B094A14
:10B2600009483721DEF7FEFF0B4B064A0648362118
:10B27000DEF7F8FFFFFF7F7FDA0F4940F304B53FA9
:10B280000452030828520308645203084053030879
:10B290002453030800530308E4520308016810B55F
:10B2A0000446C0E902230B6898476368012B18D055
:10B2B000022B05D0236820469B69BDE81040184743
:10B2C000236820469B68984723682046DB68984798
:10B2D000236820461B699847236820465B69984786
:10B2E000E8E7236820465B689847E3E7F7EE006AE3
:10B2F00086EEA07A0021002241600272C6EE807ABA
:10B3000077EE877AC7EE276AC0ED006A704700BF04
:10B3100090ED010A704700BF037A23B9012303723D
:10B3200080ED010A7047D0ED017AD0ED006A30EE71
:10B33000677AE6EE877AB0EE670A80ED010A704719
:10B340000022002342600372704700BFF7EE006ADC
:10B3500086EEA07AC6EE807A77EE877AC7EE276A05
:10B36000C0ED006A704700BF8C4610B504468646A3
:10B37000BCE80F00AEE80F009CE80300DFED047AA4
:10B380008EE80300C4ED067AC4ED077A204610BDAE
:10B390000000000010B4029C032C07D0601E01289E
:10B3A0008CBF002001205DF8044B7047D1ED012ACD
:10B3B000DFED524AD1ED027A9FED514ADFED515A4D
:10B3C00092ED016A92ED027A90ED005A019C93EDA4
:10B3D000012A93ED021AD4ED021A62EEA42A67EE56
:10B3E000847A26EE256A77EEA26A27EE257A66EE43
:10B3F000A66A37EE063AC6EE833A94ED013AB4EE09
:10B40000E35AF1EE10FA17D462EE244A63EE256A8D
:10B41000E1EE044AE1EEA56A64EEA44AD0ED015AD9
:10B4200084EEA64AB4EEE54AF1EE10FA04DC0023FD
:10B43000039A02201360B6E7D1ED006ADFED2F4AD0
:10B44000D2ED005A9FED2F4AD3ED003A019B66EEF4
:10B45000A46A65EE845A76EEA77A35EE877A67EEAF
:10B46000A77A93ED000AC7EE870AF4EEC50AF1EE5B
:10B4700010FA14DC9FED227A63EEA44A60EE047A9F
:10B48000E1EE074AE1EE847A64EEA44A90ED017A97
:10B4900084EEA74AB4EEC74AF1EE10FA2BDD76EE41
:10B4A000E27A75EE865A67EEA77A87EEA57AB4EE51
:10B4B000C57AF1EE10FA18DC9FED107ADFED117A03
:10B4C00063EE873A9FED0E7A20EE270AE2EE073A06
:10B4D000A3EE270A63EEA33A90ED017AC3EE807AD9
:10B4E000B4EEE77AF1EE10FA03D503205DF8044BD1
:10B4F000704702239CE701239AE700BFF304353F1E
:10B50000F30435BFFFFFFF3EDFED1C7A022AC0EDDA
:10B51000007AC0ED017A21D0032A1ED191ED027A82
:10B520009FED175AD1ED016A9FED166ADFED165AAD
:10B5300067EE277A27EE057AE6EEA57AA6EE867AFA
:10B54000DFED125AD1ED006AA6EE867AE6EEA57A14
:10B5500080ED017AC0ED007A70477047D1ED017A35
:10B560009FED097AD1ED006A67EE877A9FED077A41
:10B57000E6EE877AC0ED007A704700BF0000000059
:10B58000EA0551BFE805D13EF30435BFF304353F6A
:10B5900000B5022A0B4683B001466FD0032A67D15B
:10B5A0006846FFF7B1FF9FED406ADFED403A93ED4B
:10B5B000027A9FED3F4A9FED3F5ADFED3F4A93ED00
:10B5C000001AF0EE467AF0EE466AE7EE067AE7EE0B
:10B5D000236A93ED017AF0EE461AE7EE041AB0EE14
:10B5E000462AA7EE052A67EEA35A26EE867AE1EEF2
:10B5F000855AF0EE462AB0EE463AE1EE242AA1EE54
:10B60000053AA2EE047A67EE867A66EEA36AE1EE68
:10B61000847AE2EE056AB0EE656AA3EE247AA2EEC1
:10B62000856AE2EEA47AE3EE056A26EE474AF7EE73
:10B63000003AA7EEA64ADDED014A9DED005AC3EEA1
:10B64000845A27EEA50A26EE656A27EE657A20EE73
:10B65000240A66EEA56AA6EE050A27EE247A20EEF5
:10B66000240AA6EE857AA5EE070A03B05DF804FB6E
:10B67000124B134A1348EE21DEF7F4FD6846FFF73C
:10B6800043FFDFED116AD3ED017A93ED006A9DED82
:10B69000007A67EEA67A27EE077AE6EE267A87EE3C
:10B6A000270A03B05DF804FB00000000EA0551BF63
:10B6B000F30435BFE805D13EF304353FF80703082E
:10B6C00074530308E0530308FFFFFF3E70B52DEDF0
:10B6D000028B079C012C05460FD01E46A31E012B92
:10B6E00017D99FED210A0020B0EE408A85ED068A29
:10B6F000BDEC028B85ED070A70BD9FED1B0AB0EE15
:10B70000408A85ED068ABDEC028B204685ED070A4E
:10B7100070BD084611462246FFF73AFF06992246B9
:10B720003046B0EE408AFFF733FF022C10D0D5ED43
:10B73000027AB4EEE78AF1EE10FA10DCD5ED037A66
:10B74000B4EEE70AF1EE10FACCBF03200220CDE7F9
:10B75000D5ED007AB4EEE78AF1EE10FA01DD0320B0
:10B76000C4E7D5ED017AEBE70000000008B5034A15
:10B77000034B04486D21DEF775FD00BF44550308F7
:10B7800054540308D055030808B5030707D1002215
:10B790004FF07E51016042608260C26008BDFFF7D9
:10B7A000E5FF00BF08B503070CD10A6842604FF0FF
:10B7B000000C8A68C0F800C0D1F804C0C0F808C006
:10B7C000C26008BDFFF7D2FF08B5030708D180EDBE
:10B7D000000AC0ED010A80ED021AC0ED031A08BD8F
:10B7E000FFF7C4FF91ED007AD0ED007AD0ED016A49
:10B7F00077EE877A90ED027AC0ED007A91ED016ADA
:10B80000D0ED037A76EE866AC0ED016AD1ED026A68
:10B8100037EE267A80ED027A91ED037A77EE877A19
:10B82000C0ED037A704700BF08B5030774D14FF02D
:10B830007E5CC0F800C04FF0000CC0F804C0C0F837
:10B8400008C0C0F80CC091ED016AD2ED017AD1EDCB
:10B85000006A92ED007AD1ED025A67EEC67A92ED57
:10B86000026AE6EE877AD1ED036A92ED037AE5EE9D
:10B87000C67AE6EEC77AC0ED007A91ED016AD2EDA4
:10B88000007AD1ED006A92ED017AD1ED025A67EEAD
:10B89000867A92ED036AE6EE877AD1ED036A92ED3D
:10B8A000027AE5EE867AE6EEC77AC0ED017A91ED8E
:10B8B000026AD2ED007AD1ED006A92ED027AD1ED02
:10B8C000015A67EE867A92ED036AE6EE877AD1ED49
:10B8D000036A92ED017AE5EEC67AE6EE877AC0ED6C
:10B8E000027AD2ED007A91ED036AD1ED006A92ED11
:10B8F000037AD1ED015A67EE867A92ED026AE6EE9E
:10B90000877AD1ED026A92ED017AE5EE867AE6EE6B
:10B91000C77AC0ED037A08BDFFF728FF90ED006AF3
:10B92000D0ED016A90ED027AD0ED037A26EE006A3E
:10B9300066EE806A27EE007A67EE807A80ED006A14
:10B94000C0ED016A80ED027AC0ED037A704700BF56
:10B95000704700BF90ED000A704700BF0430704789
:10B9600090ED010A704700BF0830704790ED020A61
:10B97000704700BF0C30704790ED030A704700BF5E
:10B98000D0ED015AD0ED036A90ED005A90ED026AB5
:10B9900065EEA57A26EEA67AE5EE057AA6EE067A9B
:10B9A00077EE877AF5EEC07AF1EE10FA11DDB1EE9E
:10B9B000E77AC5EE074AC6EE877A85EE875AC6EE65
:10B9C000075AC0ED004A80ED015AC0ED025AC0EDA1
:10B9D000037A704710B511460446782203F092FFAF
:10B9E000204610BD10B511460446782203F08AFFA8
:10B9F000204610BD2DE9F04F2DED048B534B5449DB
:10BA0000DFF870B1DFED539A9FED539ADFED538A63
:10BA100082468FB0C02240F8043B03F073FF00243D
:10BA20004FF0FF33CAE93D33CAE93F33CAE9413336
:10BA3000D8222146CAE93144CAE93344CAE9354427
:10BA4000CAE93744CAE93944CAE93B44CAF80C4157
:10BA50000AF5887003F078FE00220023CAE9C223A9
:10BA6000CAE9C423CAE9C623022303220121CAE981
:10BA7000CA3204200522CAE9C841CAE9CC02CAE98F
:10BA8000CE41CAF840330AF547770AF54D79B0EE52
:10BA9000088A0AF55078324E57F8044F0FCE6D469B
:10BAA0000FC596E80300052C85E803003ED86946DB
:10BAB00006A8CDF800B0CDED029ACDF804B08DED1A
:10BAC000039A8DED048ACDED058AFFF74DFC0DF14B
:10BAD000180CBCE80F000AEB441604360FC69CE8AD
:10BAE0000F0086E80F0004EBC404A4004D4655F88F
:10BAF000046F022E24D806EB460604EB860606F5F4
:10BB0000887656443046FFF71BFCDDED050A9DEDB7
:10BB1000040A3046FFF71AFC4545E8D14F45BAD133
:10BB200050460FB0BDEC048BBDE8F08F694606A807
:10BB3000FFF71AFC0B4B0C4A0C486021DEF792FB16
:10BB4000084B0B4A09486021DEF78CFB1082030882
:10BB500034030308295C134114AEBF40000048437E
:10BB6000F4030308D80E030810560308082403083A
:10BB700030240308F628D4402DE9F04F2DED048B36
:10BB8000534B5449DFF870B1DFED539A9FED539A50
:10BB9000DFED538A82468FB0C02240F8043B03F0A9
:10BBA000B1FE00244FF0FF33CAE93D33CAE93F3309
:10BBB000CAE94133D8222146CAE93144CAE93344AB
:10BBC000CAE93544CAE93744CAE93944CAE93B44B9
:10BBD000CAF80C410AF5887003F0B6FD0022002374
:10BBE000CAE9C223CAE9C423CAE9C623022303223D
:10BBF0000121CAE9CA3204200522CAE9C841CAE9BA
:10BC0000CC02CAE9CE41CAF840330AF547770AF5B3
:10BC10004D79B0EE088A0AF55078324E57F8044F45
:10BC20000FCE6D460FC596E80300052C85E803008E
:10BC30003ED8694606A8CDF800B0CDED029ACDF801
:10BC400004B08DED039A8DED048ACDED058AFFF7E2
:10BC50008BFB0DF1180CBCE80F000AEB4416043600
:10BC60000FC69CE80F0086E80F0004EBC404A40094
:10BC70004D4655F8046F022E24D806EB460604EB19
:10BC8000860606F5887656443046FFF759FBDDED0B
:10BC9000050A9DED040A3046FFF758FB4545E8D1FB
:10BCA0004F45BAD150460FB0BDEC048BBDE8F08FC4
:10BCB000694606A8FFF758FB0B4B0C4A0C4860215D
:10BCC000DEF7D0FA084B0B4A09486021DEF7CAFAC2
:10BCD0001C82030834030308295C134114AEBF40DF
:10BCE00000004843F4030308D80E03081056030865
:10BCF0000824030830240308F628D4402DE9F0472F
:10BD0000914604460F46F0220021484603F01CFDF0
:10BD100004F5477504F54D7801E045456CD055F8BC
:10BD2000041F052900F2BB8104EB81064FEA810A5A
:10BD3000D6F8C4305A1E012A60D9032BEDD1D6F8AB
:10BD4000DC30022B5AD0D4F83823022A00F2A18129
:10BD500002EB820307EBC303900093F80CC0BCF125
:10BD6000000F40F0E280D4F83C23022A00F29181D7
:10BD700002EB820307EBC303900093F80CC0BCF105
:10BD8000000F40F0BD80D4F84023022A00F28181E8
:10BD900002EB820307EBC303900093F80CC0BCF1E5
:10BDA000000F40F09880D4F80C21002A40F38481E1
:10BDB00007EE902A8A4409EBCA0ADAED006AB8EE67
:10BDC000E77AD317C6EE877ADAE90201CAED007A7C
:10BDD000DCF7B2FECAE90201D6F8C410CAF81410A2
:10BDE000D6F8DC10CAF81810002201234545CAF81D
:10BDF00010208AF8203092D1BDE8F087D4F838338B
:10BE0000022B00F2468103EB830307EBC30393EDA0
:10BE1000007B1A7BD3ED044A9868D3F814E093EDC5
:10BE2000065AD3ED075A93ED086AD3ED096A22B199
:10BE3000D6F8F430002B45D10122D4F83C33022B44
:10BE400000F2278103EB830307EBC30393ED007B31
:10BE500093F80CC0D3ED044A9868D3F814E093ED3E
:10BE6000065AD3ED075A93ED086AD3ED096ABCF17F
:10BE7000000F04D0D6F8F4309A4223D10132D4F81E
:10BE80004033022B00F2058103EB830307EBC3036E
:10BE900093ED007B93F80CC0D3ED044A9868D3F877
:10BEA00014E093ED065AD3ED075A93ED086AD3EDEB
:10BEB000096ABCF1000F3FF430AFD6F8F4309A4273
:10BEC0003FF42BAF4A1E042A00F20681DFE802F09D
:10BED00098DEDB96D80093ED045AD3ED056A93ED16
:10BEE000066AD3ED075A93ED087AD3ED097A4B1E13
:10BEF000042B00F2EB80DFE803F0BABDC04B490031
:10BF000093ED045AD3ED056A93ED066AD3ED075A13
:10BF100093ED087AD3ED097A4B1E042B00F2D380FF
:10BF2000DFE803F0A2939652500093ED045AD3ED4C
:10BF3000056A93ED066AD3ED075A93ED087AD3EDBF
:10BF4000097A4B1E042B00F2C480DFE803F08487DB
:10BF50008A050300B0EE677A10440AEB010309EB8F
:10BF6000C30307EBC00257F830E050689A68D3ED7E
:10BF7000007A12EB0E02D3F80CE09A6077EE877A23
:10BF800040EB0E00C3ED007AD860ECE6B0EE677AC5
:10BF900010440AEB010309EBC30307EBC00257F897
:10BFA00030E050689A68D3ED007A12EB0E02D3F8B5
:10BFB0000CE09A6077EE877A40EB0E00C3ED007AD2
:10BFC000D860F0E6B0EE677A10440AEB010309EBA3
:10BFD000C30307EBC00257F830E050689A68D3ED0E
:10BFE000007A12EB0E02D3F80CE09A6077EE877AB3
:10BFF00040EB0E00C3ED007AD860C4E616EE10EAFE
:10C000000AEB010C09EBCC0C8CED027BCCF800E0C8
:10C01000CCF81000D6F8C420CCF81420D6F8DC20D8
:10C02000CCF81820002B08DB022B3EDC03EB83034B
:10C0300007EBC3039B68CCF81C300AEB010309EB48
:10C04000C303012283F8202067E6B0EE467ABBE7FF
:10C05000B0EE657AB8E7B0EE667A7DE7B0EE467A84
:10C060007AE7B0EE657A77E7B0EE667AACE7B0EEE5
:10C07000667A8DE7B0EE467A8AE7B0EE657A87E7B2
:10C0800016EE90EABCE715EE90EAB9E715EE10EA75
:10C09000B6E7134B134A14486A21DEF7E3F8104B56
:10C0A000124A11486021DEF7DDF8114B114A12489F
:10C0B00040F23911DEF7D6F8104B0E4A0E484FF415
:10C0C000AF71DEF7CFF8B0EE457A7DE7B0EE457A96
:10C0D0005EE7B0EE457A3FE714EE90EA90E700BFE6
:10C0E000D80E0308B057030808240308D8560308DD
:10C0F000E02903089C580308382C0308F8070308B4
:10C10000022908B517D9CB1E022B7AD8012820D0D6
:10C11000033801287CD8DFED495A9FED495AB0EE2B
:10C12000650A9FED487A013904297FD8DFE801F0DC
:10C13000625B544D1F00012812D0033801286ED8CD
:10C14000DFED3E5A9FED3E5AB6EE000A9FED3E7A75
:10C15000E9E7DFED3E5A9FED3E5A9FED3E0AE0E7EC
:10C16000DFED3D5A9FED3D5A9FED3D0AEEE792ED22
:10C17000056AD2ED037AD2ED046AB0EEC66AB4EE77
:10C18000467AF0EEE77AF1EE10FAF0EEE66AB4EEF7
:10C19000677A48BFB0EE476AF1EE10FAF4EE476AEC
:10C1A00048BFF0EE477AA6EE050AF1EE10FAC8BFD6
:10C1B000F0EE476A77EEA67AB6EE087AA7EEA50A01
:10C1C00020EE070A20EE000A08BD92ED046AD2EDC7
:10C1D000037AD2ED056AD0E792ED036AD2ED047AD4
:10C1E000D2ED056AC9E792ED026AD2ED007AD2ED8E
:10C1F000016AC2E792ED016AD2ED007AD2ED026ADD
:10C20000BBE7184B184A19484FF4EC71DEF72AF8CF
:10C21000144B154A154840F2D111DEF723F8114BA3
:10C22000114A12484FF4DA71DEF71CF892ED006AF9
:10C23000D2ED017AD2ED026A9FE700BF0AD7A33C94
:10C240008FC2F53CDA0FC9400F5CEB41728A0E3C9D
:10C25000A69BC43B4260653BC3642A3B6F12033B11
:10C260008FC2F53DF8070308DC5A03080C5F03088A
:10C270002DE9F04F2DED028B9DB000F54D7B00F5C3
:10C28000507304460191DA46029300255AF804CF10
:10C29000BCF1020F00F20D83019B0CEB8C0603EB4B
:10C2A000C6060FCE12AF0FC70FCE0FC796E803001A
:10C2B0009DF854E087E80300BEF1000F07D1029B10
:10C2C0005345E3D11DB0BDEC028BBDE8F08F04EB0C
:10C2D000CC011298D1F80833139ED1F80C2306959F
:10C2E000984276EB0207CDE90755CDE90955CDE92E
:10C2F0000D55CDE90F550C950B95119580F0A88043
:10C300001B1A62EB06025F42B3F1004F72F10002AA
:10C3100080F0D582584B0CEB4C0C9F42C1E9C20611
:10C3200004F547794FEA8C0626D859F8047F052F83
:10C3300000F2CB82DFE807F0898683807D349DEDB3
:10C34000198A03EBC30706EB870707F588771CAA52
:10C35000274402EB8308384608ED168AFEF7F0FF03
:10C36000B0EE480A3846FEF7D7FF3846FEF7D0FF52
:10C37000D94508ED100A2BD059F8043F052B00F2DF
:10C38000A48201A252F823F067C4020861C4020823
:10C390005BC402083FC3020873C402086DC40208EC
:10C3A0009DED1B0A07EBC70806EB880808F588789F
:10C3B0001CABA04403EB8707404607ED160AFEF7C7
:10C3C000ABFF4046FEF7A4FFCB4507ED100AACD10A
:10C3D000149E012E60D0F31E012B40F26481D4F82C
:10C3E0002023052A00F25882D4F80C111CA802EB75
:10C3F000420300EB82009B00022950F8585C03F5D1
:10C40000F47600F24282234404EB8104344403EBCB
:10C410008103033A50F8400C2560022AC3F8300229
:10C4200000F24082154B164A16484FF4BE71DDF7F4
:10C4300019FF9DED1A0AB5E79DED190AB2E79DEDCA
:10C44000180AAFE79DED170AACE79DED160AA9E7BC
:10C45000C31A66EB02021F4656E79DED188A70E785
:10C460009DED178A6DE79DED168A6AE79DED1B8AA3
:10C4700067E79DED1A8A64E740420F00F80703085A
:10C48000F46103080C5F0308CABFE03CDD0A393BD6
:10C490001184DF3CF6FA6540D4F82013052900F238
:10C4A000FB81D4F80C911CAB03EB810301EB41073A
:10C4B00004F5F472B9F1020F53F8580C03924FEAE5
:10C4C000870700F2E28153F8402C1FED118A5FEDDF
:10C4D000118ACB1E022B039B3B44274407EB8907A1
:10C4E00003EB890394BFF0EE687AF0EE487A1860A7
:10C4F0004FEA890CC7F83022C7ED9E7A0CAA304665
:10C50000CDF810C0FFF7FCFDD4F8241387EDB00A76
:10C51000052900F2C1811CA800EB8103CA1E53F853
:10C5200058CC53F8400CDDE90337022A03EB070827
:10C5300001EB4102274407EB820308EB820294BF20
:10C54000F0EE687AF0EE487AC2F800C0C3F8300224
:10C55000C3ED9E7A0CAA30460593FFF7D1FDD4F8BF
:10C560002813059B052983EDB00A00F295811CABC9
:10C5700003EB8103CA1E022A01EB410253F858CC97
:10C5800053F8400C07EB820308EB820294BFF0EEF5
:10C59000687AF0EE487AC2F800C0C3F83002C3ED02
:10C5A0009E7A0CAA30460593FFF7AAFDD4F82C1307
:10C5B000059B052983EDB00A00F26E811CAB03EBED
:10C5C0008103CA1E022A01EB410253F858CC53F8EA
:10C5D000400C07EB820308EB820294BFF0EE687A0E
:10C5E000F0EE487AC2F800C0C3F83002C3ED9E7A7C
:10C5F0000CAA30460593FFF783FDD4F83013059B52
:10C60000052983EDB00A00F247811CAB03EB8102E0
:10C61000CB1E022B01EB410308EB830807EB8307DA
:10C6200052F8583CC8F8003094BFF0EE687AF0EE4B
:10C63000487A52F8403CC7F83032C7ED9E7A0CAACF
:10C640003046FFF75DFDD4F8341387EDB00A0529B5
:10C6500000F22281039B049F304601EB410603EB6D
:10C660008603A1F1030C04EB86063E443B44BCF177
:10C67000020F1CAF0CAA07EB810798BFB0EE688AC7
:10C6800057F858CCC3F800C057F8403CC6F83032D1
:10C6900086ED9E8AFFF734FD09F1010386EDB00AAD
:10C6A000C4F80C310BE6D4F82013052900F2F4800D
:10C6B000D4F80C911CAB03EB810301EB410704F5AB
:10C6C000F472B9F1020F53F8580C03924FEA87073E
:10C6D00000F2DB8053F8402C1FED938A5FED938AC4
:10C6E000CB1E032B039B3B44274407EB890703EB3B
:10C6F00089032CBFF0EE687AF0EE487A18604FEAB2
:10C70000890CC7F83022C7ED9E7A0CAA3046CDF8C6
:10C7100010C0FFF7F5FCD4F8241387EDB00A052903
:10C7200000F2BA801CA800EB8103CA1E53F858CC53
:10C7300053F8400CDDE90337032A03EB070801EB4C
:10C740004102274407EB820308EB82022CBFF0EE84
:10C75000687AF0EE487AC2F800C0C3F83002C3ED40
:10C760009E7A0CAA30460593FFF7CAFCD4F828132A
:10C77000059B052983EDB00A00F28E801CA800EB12
:10C780008103CA1E032A01EB410253F858CC53F827
:10C79000400C07EB820308EB82022CBFF0EE687AB4
:10C7A000F0EE487AC2F800C0C3F83002C3ED9E7ABA
:10C7B0000CAA30460593FFF7A3FCD4F82C13059B75
:10C7C000052983EDB00A67D81CA800EB8103CA1EB7
:10C7D000032A01EB410253F858CC53F8400C07EB05
:10C7E000820308EB82022CBFF0EE687AF0EE487A02
:10C7F000C2F800C0C3F83002C3ED9E7A0CAA3046DE
:10C800000593FFF77DFCD4F83013059B052983EDD4
:10C81000B00A41D8CA1E1CA800EB8103032A01EB11
:10C82000410207EB820708EB82082CBFF0EE687A22
:10C83000F0EE487A53F8582C53F8403CC8F80020E2
:10C840003046C7F83032C7ED9E7A0CAAFFF758FC85
:10C85000D4F8341387EDB00A05291DD8039B049F33
:10C86000304601EB410603EB8603A1F1030C04EB18
:10C8700086063E443B44BCF1030F1CAF0CAA07EBF9
:10C88000810728BFB0EE688AFAE6134B134A1448B2
:10C8900040F2AB11DDF7E6FC124B134A134860215E
:10C8A000DDF7E0FC124B134A134840F25D11DDF74F
:10C8B000D9FC0C4B114A0D486A21DDF7D3FC104B13
:10C8C000104A11487F21DDF7CDFC094B0F4A0A4879
:10C8D0004FF49571DDF7C6FCDC270308FC2703083D
:10C8E000B8280308D80E0308346103080824030895
:10C8F000F8070308F46103080C5F0308B057030846
:10C90000F025030854260308E42603087C5F030887
:10C910002DE9F04FF0223D4CA5B00D460021804698
:10C9200002F012FF4FF0FF320023C4E93D22C4E9B8
:10C930003F22C4E941222946782206A8C4E93133BE
:10C94000C4E93333C4E93533C4E93733C4E939338F
:10C95000C4E93B33C4F80C3102F0D4FF06A92046E9
:10C96000FFF786FC04F54777CDF8148002E0284BEA
:10C97000BB4239D057F8046F052E41D806EB460567
:10C98000AD0005F5F47905F51E7A05F50C7305F58E
:10C9900030752544009504EB4618D4F80C2101921B
:10C9A00008F10408A144A2442344524649464046A3
:10C9B0000493FEF78BFE04EB860B0328049BCBF855
:10C9C000C400D4D13D3604EB860600950296D4F817
:10C9D0000C510195524649464046FEF7DBFC0C4B94
:10C9E000CBF8DC00BB42C5D1DDF81480A3F54D7057
:10C9F000424606A9FFF782F9404625B0BDE8F08F10
:10CA0000044B054A05486021DDF72CFC0872012023
:10CA10003C750120D80E03081056030808240308AB
:10CA200008B50348FEF7E6FF0248FFF7A5F808BD82
:10CA300008720120C06E012002460B46014800F03A
:10CA4000E5BE00BF50750120014800F0E9BE00BFFF
:10CA50005075012030B583B0044600920348224649
:10CA60000B4600F0EDFE03B030BD00BF5075012055
:10CA700010B50349044600F0BBFF204610BD00BFBF
:10CA800050750120DFED157AB4EEE70AF1EE10FAE9
:10CA900006DADFED137AB4EEE70AF1EE10FA02D807
:10CAA0009FED100A7047DFED107ADFED100A87EE78
:10CAB000800A08B501F000F9F7EE007A30EE670A57
:10CAC0009FED0B7ADFED0B7A20EE070A20EE277A36
:10CAD00077EEC07A87EE270A08BD00BF0092F947BB
:10CAE0000058B1460000C07F80E6C54754D442BE1E
:10CAF000C42A2DC73CFEC14ADFED1E7AB4EEE70A18
:10CB0000F1EE10FA10DA08B5DFED1B7AB4EEE70AA1
:10CB1000F1EE10FA2DED028BB0EE408A07D8BDEC95
:10CB2000028B9FED160A08BD9FED140A70479FED1A
:10CB3000140ADFED140A80EE080A01F0BDF8DFEDFB
:10CB4000126A9FED126AF7EE007A30EE677AF0EE25
:10CB5000665AE7EE465AC0EE087ABDEC028B86EEC6
:10CB6000A57A9FED0B6A27EE077A27EE067A27EE65
:10CB7000C70A08BD0092F9470058B1460000C07FBF
:10CB800080E6C54754D442BE3CFEC14AC42A2DC7E4
:10CB900009CA0346D0ED020A90ED010A70B5F1EE24
:10CBA000600AB1EE400A04460E46154601F062F8EE
:10CBB00086ED000AD4ED027AD4ED016A94ED007A94
:10CBC00067EEA77AE6EEA67AE7EE077AB1EEE70A15
:10CBD00087EE000A01F022F885ED000A70BD00BF63
:10CBE000F8B52DED068B0F4616461D460446FEF79A
:10CBF000BDFE2046B0EE409AFEF7BEFE2046F0EEA7
:10CC0000408AFEF7A7FE2046B0EE408AFEF7A8FE57
:10CC100068EE007A2046E9EE287AF7EE00AA37EEB1
:10CC2000A78AFEF79DFE2046F0EE409AFEF798FE9A
:10CC30002046B0EE409AFEF799FE2046F0EE408A7C
:10CC4000FEF794FE68EE808AB0EE00AAE9EE898ACB
:10CC5000F0EE6A0AE8EECA0AB0EE480A01F00AF8F5
:10CC6000204687ED000AFEF77BFE2046F0EE408A64
:10CC7000FEF782FE2046B0EE408AFEF76BFE2046AD
:10CC8000B0EE409AFEF772FE60EE497AE8EE887ADE
:10CC900037EEA70A00F0C2FFB1EE400A204686ED4B
:10CCA000000AFEF75DFE2046B0EE409AFEF75EFEFB
:10CCB0002046F0EE408AFEF74DFE2046B0EE408A58
:10CCC000FEF75AFE68EE007A2046E9EE287A37EE43
:10CCD000A78AFEF74BFE2046F0EE409AFEF746FE8E
:10CCE0002046B0EE409AFEF747FE2046F0EE408A1E
:10CCF000FEF742FE68EE808AF0EE6A0AE9EE898A63
:10CD0000B0EE480AE8EECA0A00F0B4FFBDEC068BAC
:10CD100085ED000AF8BD00BF10B52DED0A8BF6EECB
:10CD200000AAB0EE408AF0EE608AF0EE419A044626
:10CD3000FEF72AFD28EE2A8A68EEAA8AB0EE480A93
:10CD400001F030F8B0EE409AB0EE480A01F09CF8DD
:10CD5000B0EE408AB0EE680A01F024F8B0EE40AAC6
:10CD6000B0EE680A01F090F869EEAA9AF0EE40AAD7
:10CD7000B0EE690A01F016F8F0EE408AB0EE690AEA
:10CD800001F082F828EE2ACA69EE0ABA2CEE00BA3F
:10CD90002046F0EE409AABEEA8BAFEF7D9FD29EE98
:10CDA0002A9A28EE0A8A29EEC9AA80ED00BAA8EECE
:10CDB00028AA2046FEF7D2FD28EE298A80ED00AA97
:10CDC000A9EE288A2046FEF7CFFD68EECC8A80EDDA
:10CDD000008AEBEEA98A2046FEF7CCFDC0ED008A62
:10CDE000BDEC0A8B204610BD38B505462DED048BF1
:10CDF00008460C46FEF7B4FD2046F0EE409AFEF7DA
:10CE0000AFFD2046B0EE409AFEF7B0FD2046B0EEF2
:10CE1000408AFEF7ABFD204628EE008AFEF7ACFD07
:10CE20002046F0EE408AFEF7A7FD68EE807AF0EE2D
:10CE3000485AB0EE675AE9EE895A2046A9EE895A57
:10CE400038EE278AF7EE007AB0EE007AB0EE676A25
:10CE5000F0EE676AA8EE476AE5EEC77AE5EE476A44
:10CE600085ED006AC5ED046AC5ED087AFEF778FD28
:10CE70002046B0EE409AFEF779FD2046F0EE408A5B
:10CE8000FEF768FD2046B0EE408AFEF775FD68EEBD
:10CE9000007A2046B0EE677A99EE287AE9EE287A91
:10CEA00037EE077A77EEA77A85ED037AC5ED017A3A
:10CEB000FEF756FD2046B0EE409AFEF75DFD204697
:10CEC000F0EE408AFEF746FD2046B0EE408AFEF7BF
:10CED0004DFD68EE007A2046B0EE677AA9EE287A1A
:10CEE000D9EE287A37EE077A77EEA77A85ED067ABB
:10CEF000C5ED027AFEF73AFD2046B0EE409AFEF705
:10CF00003BFD2046F0EE408AFEF724FD2046B0EEC1
:10CF1000408AFEF725FD68EE007A2846B0EE677A73
:10CF200099EE287AE9EE287ABDEC048B37EE077A81
:10CF300077EEA77A85ED077AC5ED057A38BD00BF93
:10CF4000DFED246AB0EEC07AB4EEE67AF1EE10FAC4
:10CF500008DC9FED217AF0EEE07AF4EEC77AF1EE8C
:10CF600010FA02DB9FED1D0A704730B591B00DF14C
:10CF7000370121F00F0504469FED191A2846FFF7E7
:10CF8000CBFE294601A8FFF72FFFD4ED020A9DED45
:10CF9000080ADDED076A94ED017ADDED057A9DED75
:10CFA000046A20EE800A60EEA60AA7EE270AE6EEE3
:10CFB000070AD4ED007ADDED026A9DED017AA7EE55
:10CFC000A60AE7EE270AB1EE400A11B0BDE83040EC
:10CFD00000F050BEDA0F4940DA0FC93F0000C07FB1
:10CFE0000000000010B52DED068BD0ED008A88B052
:10CFF000B0EE680A044600F0D5FEB0EE408AB0EE0E
:10D00000680A00F041FF94ED019AF0EE408AB0EE1C
:10D01000490A00F0C7FEF0EE40AAB0EE490A00F05F
:10D0200033FF94ED029AB0EE40AAB0EE490A00F048
:10D03000B9FEF0EE409AB0EE490A00F025FFB0EEDE
:10D04000409A2AEEA80A00F0E9FD6AEE880AF0EE9E
:10D05000407AB0EE4A0AF0EE67AA00F00BFE68EEE6
:10D06000CA8AF0EE407A69EE880A29EE080AE8EEEC
:10D07000C90AA8EEA90AB0EE678A00F0FBFDF0EE3F
:10D08000480AB0EE401AB0EE6A0A08B0BDEC068B52
:10D0900010BD00BF10B511460446482202F032FC14
:10D0A000204610BD2DE9F04704463D4E3D4B054658
:10D0B0008EB044F8043B0FCE0FC40FCE0FC40FCE7A
:10D0C0000FC496E80F0000274FF0FF3C84E80F00E4
:10D0D00048223946C5E91177C5E91377C5E915CC6A
:10D0E000EF6505F1600002F02FFB01210023002213
:10D0F000C5E94871C5E94A71C5E94223C5E9442338
:10D10000C5E946230223C5F8303105F58E7805F5CB
:10D11000927A05F5987958F8046F6846314600F020
:10D12000DDFC694606A8FEF71FF9012E31D80DF186
:10D13000180CBCE80F0005EB461404340FC49CE83F
:10D140000F0084E80F0006EBC606B600574657F8F6
:10D15000044F022C17D804EB440406EB840460341B
:10D160002C442046FEF7ECF8DDED050A9DED040A9F
:10D170002046FEF7EBF8B945E9D1C245CBD12846A8
:10D180000EB0BDE8F087084B084A09486021DDF77A
:10D1900069F8054B074A06486021DDF763F800BFD0
:10D1A0000C04030828820308D80E0308302403085F
:10D1B00008240308E86503082DE9F04F2DED028BE4
:10D1C00000F5927BDFED6B8A8FB0044688465D46A2
:10D1D00000F5987A55F804EFBEF1020F00F2B7801F
:10D1E0000EEB4E0608EBC6060FCE08AF0FC796E84B
:10D1F00003009DF82C3087E803004FEA4E0933B94D
:10D200005545E7D10FB0BDEC028BBDE8F08F04EBC4
:10D21000CE020899D2F808310998D2F80C61CDED08
:10D22000048A994270EB0607CDED058ACDED068A9A
:10D23000CDED078A79D25B1AC3F1000766EB0006D1
:10D240000197B3F1004F76F1000680F08C8009EB76
:10D250000E06C2E9421004F58E77B60002950397D8
:10D260003D46B14655F8047F08A8394600F0D0FB8A
:10D27000012FB0EE408A70D807EBC7060EAB03EB68
:10D2800087073D4A019B07ED0A0A09EB86066036CF
:10D290002644934230464DD8FEF73EF83046FEF71E
:10D2A00037F85D4507ED080ADCD1DDE9025757F88C
:10D2B000049FB9F1010F50D80EAAE36D02EB89016A
:10D2C00009EB4906B600022B51F8280C06F1A8021A
:10D2D00036D804EB83031A44334451F8201C106001
:10D2E000C3F8C01008AA0A98494600F0A7FBE36DEE
:10D2F000022B06F1D80223D804EB8303134483EDF9
:10D30000000A0A98494606AA00F0C0FBE36D022B0A
:10D3100006F1F00614D804EB830232445F4582ED37
:10D32000000AC4D10133E3656AE7CB1A60EB060655
:10D33000019386E7FEF704F8B0EE480A3046ABE703
:10D340000E4B0F4A0F4840F2AB11DCF78BFF0E4B30
:10D350000E4A0F486A21DCF785FF0B4B0D4A0C483B
:10D360006021DCF77FFF0C4B0C4A0D487F21DCF776
:10D3700079FF00BF0000000040420F00DC270308D7
:10D38000FC270308B8280308D80E0308C86603085A
:10D3900008240308BC670308F02503085426030883
:10D3A000E42603082DE9F04F89B0134604460192A4
:10D3B0008A4650220021184602F0C6F904F58E76FE
:10D3C00004F5927B56F8047F012F00F2538104EBA1
:10D3D0008708BB000093D8F844305A1E012A07D9A9
:10D3E000032B00F088805E45ECD109B0BDE8F08FDA
:10D3F000D4F82851022D00F2378105EB45050AEBE0
:10D40000C5050FCD0DF10809CC46ACE80F0095E835
:10D4100003009DF814308CE80300002B62D19E4677
:10D4200001230093D4F82C51022D00F21D8105EB4D
:10D4300045050AEBC5050FCDCC46ACE80F0095E8D5
:10D4400003009DF814308CE803002BB1D8F8543059
:10D450009E451AD1DDF800E0D4F83051022D00F2DB
:10D46000038105EB45050AEBC5050FCDCC46ACE8BD
:10D470000F0095E803009DF814308CE80300002BA2
:10D48000B1D0D8F854309E45ADD04846394600F06A
:10D49000BFFA019ABB00DDE902013B4402EBC30382
:10D4A000049A1A61D8F8542083ED000AC3E90201F6
:10D4B000D8F844105961D8F84C109961002A08DB5B
:10D4C000022A00F3E48002EB42020AEBC2029268F5
:10D4D000DA61019ABB003B4402EBC303012283F8EB
:10D4E000202080E7D8F85430002BCED102230093BF
:10D4F0004FF0010E96E7D8F84C30022B3FF478AF8E
:10D50000D4F82851022D00F2AF8005EB45050AEB57
:10D51000C5050FCD0DF10809CC46ACE80F0095E824
:10D5200003009DF814308CE80300002B40F082804B
:10D53000D4F82C51022D00F2978005EB45050AEB3B
:10D54000C5050FCDCC46ACE80F0095E803009DF86B
:10D5500014308CE80300002B52D1D4F83051022D46
:10D5600000F2828005EB45050AEBC5050FCDCC46E0
:10D57000ACE80F0095E803009DF814308CE8030038
:10D5800023BBE26D002A7BDD019BBD0007EE902AE4
:10D590003D4403EBC505D5ED006AB8EEE77AD31735
:10D5A000C6EE877AD5E90201C5ED007ADBF7C4FA49
:10D5B000C5E90201D8F844106961D8F84C10A96196
:10D5C000002201232A6185F820300CE748463946BD
:10D5D00000F01EFA019A0298BB003B4402EBC30321
:10D5E000D3ED007A9A6877EE807A12181946D868D7
:10D5F000C3ED007A9A60039B40EB0303CB60C0E766
:10D600003946484600F004FA019A0298BB003B44B0
:10D6100002EBC303D3ED007A9A6877EE807A121892
:10D620001946D868C3ED007A9A60039B40EB030368
:10D63000CB6092E73946484600F0EAF9019A029831
:10D64000BB003B4402EBC303D3ED007A9A6877EE4C
:10D65000807A12181946D868C3ED007A9A60039B45
:10D6600040EB0303CB6063E70C4B0D4A0D486A2186
:10D67000DCF7F8FD094B0C4A0A486021DCF7F2FDA3
:10D680000A4B0B4A0B484FF4AF71DCF7EBFD0A4B2A
:10D69000074A084840F23911DCF7E4FDD80E0308C8
:10D6A000C86603080824030894680308F8070308F9
:10D6B00084690308382C0308E02903082DE9F04F9A
:10D6C0000C469BB0154600215022814602F03CF8E2
:10D6D0004FF0FF32C4E9152222680023C4E9113358
:10D6E000C4E91333E3651368314A93420DF1200A0C
:10D6F00053D148222946504602F004F951462046AB
:10D70000FFF75AFD04F59273CDE9053904F58E78DB
:10D71000CDF81CA058F8046F012E43D806EB46053F
:10D72000AD0005F1A80905F1D80A05F1C003F035EF
:10D73000254404EB46170095E26D01920437A1449D
:10D74000A24423445246494638460493FDF7BEFF9F
:10D7500004EB860B0328049BCBF844004FEA8606B3
:10D760000DD0059B4345D5D1DDE9069A20464A46B2
:10D770005146FFF717FE48461BB0BDE8F08F543600
:10D78000264400950296E56D019552464946384675
:10D79000FDF700FECBF84C00E3E72A462146504651
:10D7A0009847ABE7034B044A04486021DCF75AFD75
:10D7B00095D00208D80E0308E8650308082403087A
:10D7C00070B5104E3368BFF35B8FDB0704460D4620
:10D7D00006D520460C492A46FFF770FF204670BD4B
:10D7E000304600F0A1F90028F3D00748FFF75AFCB3
:10D7F000304600F0A5F9204603492A46FFF75EFFB0
:10D80000204670BDA0750120A8750120C0E9002345
:10D810000123C0ED030A80ED020A0374704700BFC4
:10D820000346416853F8182B8261D0F80CC0826817
:10D830009A60C3F80CC05960027C1A74704700BF2C
:10D8400070B52DED028B90F8281084B004460A982C
:10D8500000293FD015461E46D0E904329D4276EBA2
:10D8600002013BD25B1B62EB0602B3F1004F72F187
:10D87000000280F0A780D4E90621002BB8BF5B42EC
:10D88000954276EB010C2DD3AA1A66EB0101B2F199
:10D89000004F71F1000180F095804D498B4204DC0E
:10D8A000002AB8BF52428A4220DD002300252562AB
:10D8B000A361E361656284F8283023606360A5603A
:10D8C000E5602374A5632364636484F8483084F8B6
:10D8D0003430256304B0BDEC028B70BDEB1A66EBEF
:10D8E0000202C2E7521B61EB0601D0E703684268FF
:10D8F0000193D4ED090A836894ED080A029201A805
:10D900000393FFF71DFBB4EE400AF1EE10FAE1D6E7
:10D9100094F8343013B394ED0C7ADFED2E6A70EE88
:10D92000477AF4EEE67AF1EE10FA31DDDFED2A6A9D
:10D9300077EEE67A9FED296ADFED266AA7EE867A12
:10D94000B4EEE67AF1EE10FAB0EE470A2CDDDFED28
:10D95000227A37EE670A84ED0C0A04E0012384ED95
:10D960000C0A84F834309FED1C8A0123C4E9105658
:10D97000F0EE480A84F8483000F07EF9B5EEC00AAF
:10D98000F1EE10FA48BF30EE080A84ED0E0AA1E766
:10D99000DFED136AF4EEE67AF1EE10FA44BFDFED44
:10D9A0000E6A77EEA67AC5E7DFED0D7AB4EEE77A78
:10D9B000F1EE10FA44BFDFED087A37EE270A84ED66
:10D9C0000C0AD0E7074B084A08487F21DCF74AFCDD
:10D9D000400D0300DA0F4940DA0FC940A6AA2A3EDB
:10D9E000DA0F49C0F025030854260308E42603088B
:10D9F00001F1380C10B504468646BCE80F00AEE8CD
:10DA00000F009CE803008EE80300204610BD00BF15
:10DA100021B1012905D190ED050A704790ED040A66
:10DA2000704708B5024A034B03481C21DCF71AFC77
:10DA3000746B0308F8070308386C030808B521B1B4
:10DA400001290DD19FED0C0A08BD0A2805D00B381D
:10DA500001280BD89FED090A08BDB3EE090A08BDDD
:10DA6000074B084A08484421DCF7FCFB044B054AF5
:10DA700005483C21DCF7F6FB398EE33C0000C84248
:10DA8000F8070308B86C0308386C030808B521B11F
:10DA900001290DD19FED0C0A08BD0A2805D00B38CD
:10DAA00001280BD89FED090A08BDB3EE090A08BD8D
:10DAB000074B084A08486C21DCF7D4FB044B054AA5
:10DAC00005486421DCF7CEFB398EE33C0000C842F8
:10DAD000F8070308A06E0308386C0308012908B58D
:10DAE0000ED8DFF83CC00949094AC0F800C0DFF889
:10DAF00034C04160C160C0F808C00261426108BD25
:10DB0000044B054A05488C21DCF7ACFB0024744922
:10DB10000000C842F807030894700308386C030833
:10DB2000F628D440295C13410268D207034605D485
:10DB3000427802B1FFDE0120587070470020704724
:10DB4000012303607047081E08B501DA00F060F891
:10DB5000BDE80840DBF796B950F8083B1B1A58425D
:10DB6000584170470B68B3F1804F10B502D30B4892
:10DB700000F051F893420BD9B3EB420F4FEA420445
:10DB800006D2B4F1804F2ABF6FF040430C600B60A7
:10DB900009680131FFF7D7FF10BD00BF2C820308D1
:10DBA0000068DBF78BB910B50446FFF7D5FF18B94D
:10DBB000A1682046FFF7F4FF10BD0B46012B10B4FF
:10DBC0001146044603D122705DF8044B7047002BC8
:10DBD000FAD05DF8044B1A4601F0B6BD37B50F29EF
:10DBE00004460191154606D9002201A9FFF7BAFFA4
:10DBF000019B2060A360019919B120682A46FFF7B4
:10DC0000DCFF019B226863600021D15403B030BD6A
:10DC100008B501F04FFD08B501F04CFD08B52DED3C
:10DC2000028BB0EE408A00F09BFBB4EE488AF1EE26
:10DC300010FAF0EE408A15D6B0EE480A00F0F6F879
:10DC4000F7EE007AB4EEE70AF1EE10FA0ADD01F021
:10DC500025FEBDEC028B21230360BDE8084004488B
:10DC600000F0F4B9B0EE680ABDEC028B08BD00BF4D
:10DC70004982030800F058BC08B52DED028BF0EE88
:10DC8000408AB0EE608A00F0EFFCF4EE488AF1EED4
:10DC900010FA0CD6DFED078AB4EE688AF1EE10FABE
:10DCA00005D101F0FBFD88EEA80A21230360BDEC3D
:10DCB000028B08BD0000000008B52DED048BB0EE0E
:10DCC000608AB0EE409A00F051FDB4EE488AF1EE61
:10DCD00010FAF0EE408A3ED6B5EE409AF1EE10FA18
:10DCE00012D1B5EE408AF1EE10FA39D0B0EE480A02
:10DCF00000F03CF978B3B5EEC08AF1EE10FA2AD5FF
:10DD000001F0CCFD222314E000F030F998B9B0EE18
:10DD1000490A00F02BF970B1B0EE480A00F026F97C
:10DD200048B1F4EE688AF1EE10FAE9D701F0B6FDD9
:10DD3000212303600FE0F5EE408AF1EE10FA0AD1DC
:10DD4000B0EE490A00F012F928B1B0EE480A00F02E
:10DD50000DF90028D4D1B0EE680ABDEC048B08BDE3
:10DD6000F7EE008AF7E7000008B52DED028BB0EE64
:10DD7000408A00F071F9B4EE488AF1EE10FA0CD640
:10DD8000DFED078AB4EEE88AF1EE10FA05D501F06E
:10DD900085FD88EEA80A21230360BDEC028B08BD37
:10DDA0000000000010EE103A07B51E4A23F00043B1
:10DDB000934206D8DFED1C0A03B05DF804EB00F0D7
:10DDC0004FB9B3F1FF4F04D330EE400A03B05DF812
:10DDD00004FB684600F098FF00F00300012809D01A
:10DDE000022810D0B0B9DDED010A9DED000A00F067
:10DDF00037F9EBE7DDED010A9DED000A00F088F947
:10DE0000B1EE400AE2E7DDED010A9DED000A00F007
:10DE100027F9F5E7DDED010A9DED000A012000F08C
:10DE200077F9D3E7D80F493F0000000010EE103A11
:10DE300023F0004300EE103A704710B52DED028B31
:10DE40000446B0EE408A00F091F8B8B1B5EE408AD1
:10DE5000F1EE10FA12D0B0EE480A204600F090F829
:10DE6000B0EE408A00F082F820B1B5EE408AF1EEC3
:10DE700010FA03D101F012FD22230360B0EE480A2C
:10DE8000BDEC028B10BD000010EE103A07B51F4A22
:10DE900023F00043934207D8DFED1D0A002003B0B2
:10DEA0005DF804EB00F034B9B3F1FF4F04D330EE6A
:10DEB000400A03B05DF804FB684600F025FF00F05F
:10DEC000030001280AD002280FD0C0B9DDED010AF5
:10DED0009DED000A012000F01BF9EAE7DDED010AE3
:10DEE0009DED000A00F0BCF8E3E7DDED010A9DEDD1
:10DEF000000A012000F00CF9B1EE400AD9E7DDED8F
:10DF0000010A9DED000A00F0ABF8F5E7D80F493F94
:10DF10000000000010EE103A07B5124A23F000434B
:10DF2000934207D8DFED100A012003B05DF804EB3F
:10DF300000F036B9B3F1FF4F04D330EE400A03B01E
:10DF40005DF804FB684600F0DFFE400000F00200D0
:10DF5000DDED010A9DED000AC0F1010000F020F99D
:10DF6000EDE700BFDA0F493F0000000010EE103A65
:10DF700023F00040B0F1FF4FACBF002001207047FC
:10DF800010EE103A33F000422BD0B2F1FF4F02D323
:10DF900030EE000A704713F0FF4F23D1244BDFED22
:10DFA000257A984220EE270A17DB10EE103AC3F3C9
:10DFB000C752193A4CF25031884215DDDFED1E7A16
:10DFC000DFED1E6A10EE103AB0EE677A002BB8BF94
:10DFD000F0EE667A27EE870A7047DFED197A27EEB2
:10DFE000800A7047D20DE5E71044FE28E6DC0028E1
:10DFF00006DD23F0FF4343EAC05300EE103A7047BA
:10E0000010F1160F09DADFED0E7ADFED0E6A10EE71
:10E01000103AB0EE677A002BD9E7193023F0FF43AE
:10E0200043EAC0539FED080A07EE903AD7E700BFD6
:10E03000B03CFFFF0000004CCAF24971CAF249F13E
:10E040006042A20D6042A28D000000339FED010AE4
:10E05000704700BF0000C07FB1EEC00A70470000EB
:10E0600010EE103A23F00043B3F1485FF0EE406A3F
:10E07000B7EE000A04D2FDEEE67A17EE902A42B31C
:10E0800026EEA67ADFED1A7A9FED1A6A1A4AA7EEF3
:10E09000276A9342DFED197AE6EE077A9FED186A58
:10E0A000A7EE876ADFED177AE6EE077A9FED166A2C
:10E0B000A7EE876A60EEE60A26EE076AF6EE007AB9
:10E0C000E7EE060A67EE277A04D877EEE07A30EEBC
:10E0D000670A70470D4A93429ABF03F17F4307EEE8
:10E0E000103AB5EE027A30EE470A77EEC77AECE7DF
:10E0F0004ED747ADF6740F319999993E7CF293B49F
:10E10000010DD037610BB6BAABAA2A3D0000483FDB
:10E1100010EE103A23F00043B3F1485F04D2FDEE55
:10E12000C07A17EE903A5BB320EE007ADFED157AF5
:10E130009FED156AA7EE276ADFED147AE6EE077AFF
:10E140009FED136AA7EE876ADFED127A60EE076A29
:10E15000E6EE077A30B99FED106AA7EE276AA6EEC1
:10E16000260A704767EEE67AB6EE006AE0EE867A37
:10E17000D7EE870ADFED097AE6EEA70A30EE600AED
:10E18000704700BFD3C92E2F342FD7B21BEF3836BC
:10E19000010D50B98988083CABAA2ABEABAA2A3E19
:10E1A00008B510EE103A23F00042B2F1465FF0EEEF
:10E1B000407A17D2BDEEC07A17EE101A41BB431C4D
:10E1C000134308D1FFF732FEB7EE007AC7EE007AAC
:10E1D000B0EE670A08BD0128FAD0BFEE007AC7EE9C
:10E1E000007AF5E74C498A4212D3002B9FED4B7A17
:10E1F000B8BFF1EE407A37EE677ADFED497AB8BF03
:10E20000F1EE600A77EEE07ADFED460A77EE877A84
:10E2100067EEA76ADFED445A9FED446A9FED445ACA
:10E220003D4926EEA67A8A42A7EE256ADFED415ADD
:10E23000E6EE075A9FED406AA5EE876ADFED3F5A8A
:10E24000E6EE075A9FED3E6AA5EE876ADFED3D5A7E
:10E25000E7EE055A9FED3C5AA5EE875ADFED3B5A93
:10E26000E5EE075A9FED3A5AA5EE875ADFED395A87
:10E27000E5EE075AB0EE467AA5EEA67A27EEA65A44
:10E28000B0EE606AA7EE056A9FED337AE6EE260AE5
:10E29000E5EE070A37EEA06A1DD307EE100AB8EEC6
:10E2A000C77A26EE065A36EE076A9B17C5EE065A5F
:10E2B00003F00203C3F1010306EE903A35EEE06A83
:10E2C000F8EEE66A77EEC67AB0EE006AA7EEC67A96
:10E2D00066EE877A7CE701281BD0204B16EE102AC9
:10E2E0001A4005EE902A75EEE77AB7EE007A70EEE6
:10E2F000E70AFFEE007AC7EE866A16EE902A134010
:10E3000007EE903AA5EEA77AA0EEA77AE7EE267A76
:10E310005EE7F0EE467A5BE740A12C3FDA0F493F1B
:10E3200068212233000000005FAE9BB745F4A3389C
:10E330008453D937C8261A3A16696B3BA427B33CD5
:10E340008988083E7AC09538B937813948DEBE3AA7
:10E350001F37113CD10D5D3DABAAAA3E00F0FFFF77
:10E3600038B510EE105A25F00044B4F17E5F2DED63
:10E37000048B0CD1DFED5C7A9FED5C7A60EE277A3E
:10E38000E0EE077AB0EE670ABDEC048B38BD04D925
:10E3900070EE407A87EEA70AF6E7B4F17C5FF7EEFD
:10E3A000008A0BD2B4F1485F52D2DFED517A70EEA1
:10E3B000277AF4EEE87AF1EE10FAE5DCFFF736FDA5
:10E3C00038EEC08AF6EE007A28EE278A9FED497A69
:10E3D000DFED497A9FED499AA8EE277ADFED487A7A
:10E3E000E7EE087A9FED477AA7EE887ADFED467A66
:10E3F000E7EE087A9FED457AA7EE889ADFED447A3A
:10E40000E8EE077A9FED437AA7EE887ADFED427A4D
:10E41000E7EE087AB0EE480AE7EE888AFFF71CFEBE
:10E420003E4B29EE089A9C4289EE286AF0EE006A7B
:10E430003DD9A0EE060ADFED3A7AE0EE267A9FEDAE
:10E440002B0A30EE670A002DD8BFB1EE400A9BE7D9
:10E4500060EE007ADFED286A9FED267A9FED2B6A49
:10E46000A7EEA67ADFED266AE7EE276A9FED257A0A
:10E47000A6EEA77ADFED246AE7EE276A9FED1F7A02
:10E48000A6EEA77ADFED226AE7EE866A9FED216AA3
:10E49000A6EEA76ADFED206AE6EE276A27EE277A66
:10E4A000E6EEA78AC7EE287AA0EE270A6CE710EE00
:10E4B000103A6FF30B0307EE103AA7EE478A70EE9F
:10E4C000005A30EE070ADFED087A88EE005A9FED19
:10E4D000150AE5EE667AD5EE867AB0EE406AA7EECA
:10E4E000666A77EEC67AACE72EBD3BB3DB0FC93F59
:10E4F000CAF24971047F4F3A08EF1138ABAA2A3E9D
:10E50000461124BDA80A4E3E90B0A6BE2EC69D3D23
:10E51000613330BF2D57014039D119C09999793FE6
:10E520002EBD3B33DB0F493F10EE902A22F0004115
:10E53000B1F1FF4F10B5F0EE407A06D810EE100A98
:10E5400020F00043B3F1FF4F04D977EEA07AB0EE8C
:10E55000670A10BDB2F17E5F03D1BDE8104000F044
:10E5600003BD941704F0020444EAD07443B9022CAA
:10E570005ED09FED347A032C08BFF0EE477AE6E7D1
:10E5800041B9DFED317A9FED317A0028A8BFF0EE76
:10E59000477ADCE7B1F1FF4F10D1B3F1FF4F04F13F
:10E5A000FF3407D1022C46D8294B03EB8403D3ED6B
:10E5B000007ACCE7022C41D8264BF6E7B3F1FF4FA7
:10E5C000DFD05B1AB3F1F45F4FEAE3511ADA002AA5
:10E5D00001DA3C3119DB87EEA00AFFF727FC00F0D7
:10E5E000C3FCF0EE407A012C12D0022C17D0002C84
:10E5F000ADD09FED197A77EE877A9FED187A77EE96
:10E60000C77AA4E7DFED117AEDE7DFED157AEAE7E7
:10E6100017EE903A03F1004307EE903A97E79FED2B
:10E620000E7A77EE877A9FED0D7A77EE677A8EE72E
:10E63000DFED0A7A8BE7DFED0B7A88E7DFED087A0A
:10E6400085E700BFDB0F49C0DB0FC9BFDB0FC93F48
:10E6500084820308788203082EBDBB33DB0F494058
:10E6600000000000DB0F493F70B510EE906A26F005
:10E6700000435A1EB2F1FF4F06D210EE104A24F0AA
:10E680000041B1F1FF4F04D360EE200A80EEA00AF2
:10E6900070BD9942FCDB04F0004505D1324B03EB21
:10E6A000557393ED000AF3E714F0FF4F46D10A02C9
:10E6B0006FF07D00002A3EDC16F0FF4F01BF1A020A
:10E6C000B2FA82F2C2F1FF2202F57F0216BFDA151A
:10E6D00082327F3A10F17E0FBBBF6FF07D04241AA7
:10E6E000C4F31604A140A8BF44F4000112F17E0F48
:10E6F000B5BF6FF07D04C6F31606A41A46F40004F5
:10E70000B8BF03FA04F4801A0B1BD0B933EA230311
:10E7100028BF0B46002BC1D0B3F5000F19DB12F157
:10E720007E0F19DBA3F500037F322B4343EAC2536C
:10E7300000EE103AACE701385200BBE7C8157F384D
:10E74000BAE7002B02DA49000138DDE7A6D059000C
:10E75000FAE75B00013ADFE7C2F1FF2202F57F0230
:10E76000823213412B43E3E7908203082DE9F843FB
:10E7700010EE904A34F000492DED028B10EE106A35
:10E78000B0EE408AF0EE608A0CD186F48006760006
:10E7900016F5000F40F2748238EE280ABDEC028BA9
:10E7A000BDE8F88326F00048B8F1FF4F02D8B9F170
:10E7B000FF4F08D9B6F17E5FEED184F48004640087
:10E7C00014F5000FE6E7002E1FDAB9F1974F80F03D
:10E7D0006082B9F17E5F2FD34FEAE953C3F196030C
:10E7E00049FA03F505FA03F34B4523D105F001057A
:10E7F000C5F10205B9F17E5F1FD1002C80F246827F
:10E80000F7EE007A87EE880AC8E7B9F1FF4F11D119
:10E81000B8F17E5F00F0348206D99FEDC50A002C66
:10E82000A8BFB0EE680AB9E7002C80F22C82B1EEE6
:10E83000680AB3E70025DDE70025B4F1804F02D177
:10E8400028EE080AAAE7B4F17C5F40F02782002E88
:10E85000C0F22482B0EE480ABDEC028BBDE8F8435A
:10E86000FFF7FABB012D99D1B1EE400A96E7F00F00
:10E87000013855EA000304D138EE488A88EE080AC8
:10E880008CE7B9F19A4F6DD9AA4B984508D8002C5E
:10E890000BDA0020BDEC028BBDE8F84300F058BC59
:10E8A000A54B984508D9002CF3DC0020BDEC028B69
:10E8B000BDE8F84300F046BCF7EE007A30EE670A98
:10E8C000DFED9E6AF5EE007AE0EE676AF6EE007A1A
:10E8D000E6EEC07A20EE007ADFED996A27EE277A1D
:10E8E000DFED987A67EEC77A9FED977AE0EE077AC8
:10E8F000B0EE677AA0EE267A17EE103A6FF30B03AC
:10E9000007EE103AB0EE476AA0EE666A77EEC67A76
:10E91000013D0543F7EE006ABFEE008A6FF30B047A
:10E9200018BFB0EE668A06EE904A67EEA80A38EE87
:10E93000E66A67EE267AE6EE070A30EEA77A17EE69
:10E94000101A002921F0004340F3DD80B3F1864F17
:10E9500040F2CA80B5EEC08AF1EE10FA4CBF012039
:10E96000002097E716F0FF4F01BFDFED787A60EEE9
:10E97000277A6FF0170317EE907A4FEAE75218BF25
:10E9800000237F3A1A44724BC7F316079F4247F0A1
:10E990007E5106DD6F4B9F4240F3A4800132A1F50A
:10E9A000000100266C4B03EB860307EE101AD3ED33
:10E9B000005A6A4B75EE877AF7EE006AC6EEA74AF0
:10E9C000491041F0005101F5802101EB465137EE2D
:10E9D000656A07EE901A26EE245A77EEE55A15EE90
:10E9E000107A1F4006EE907AA6EEE76A37EE657A57
:10E9F00065EE057AA6EEC76ADFED595A9FED597AA2
:10EA0000E7EE875A9FED587AA5EEA77ADFED4B5ACD
:10EA1000E7EE275A9FED557AA5EEA77ADFED545A17
:10EA200026EE246AE7EE275A35EE267A67EEA74AE5
:10EA300027EE067AF0EE087AA4EEA57AF0EE675A91
:10EA4000E6EEA65A75EE875A15EE901A194005EEB5
:10EA5000901A75EEE77AE6EEE67A77EE677A67EE79
:10EA6000857AE6EE257AB0EE676AA6EEA56A16EE1E
:10EA7000101A194006EE101AB0EE467AA6EEE57AA4
:10EA80003C4901EB860177EEC77A9FED3B7ADFEDDB
:10EA90003B5A67EE877A9FED3A7AE6EE077A91ED78
:10EAA000007A77EE877A07EE102A364AF8EEC76AC0
:10EAB000B0EE677AA6EE257A02EB860292ED005A56
:10EAC00037EE057A37EE267A17EE102A1A4007EE4F
:10EAD000102A77EE666A76EEC56AE6EE656A77EE2C
:10EAE000E67A15E701265DE752D1DFED276A37EEBA
:10EAF000677A70EEA66AF4EEC76AF1EE10FA3FF795
:10EB000029AF862348E0214A934207D9B5EEC08A4F
:10EB1000F1EE10FA4CBF01200020C7E638D137EEE5
:10EB2000677AB4EEE07AF1EE10FAEADBEEE700BFC6
:10EB300000000000F3FF7F3F0700803FABAAAA3E22
:10EB400000AAB83F3BAAB83F70A5EC360000804B46
:10EB500071C41C00D6B35D00A882030800F0FFFF5B
:10EB600055326C3E42F1533E05A38B3EB76DDB3E02
:10EB70009A99193F988203084F38763F0038763FBC
:10EB8000A0C39D36A08203083CAA38330000164378
:10EB9000B3F17C5F6FD9DB157E3B4FF40000184169
:10EBA0000844C0F3C7534E4A7F3B1A41024007EE68
:10EBB000102AC0F3160040F40000C3F117031841F7
:10EBC000002977EEC77AB8BF404277EEA06A9FED82
:10EBD000457A9FED456A16EE903A6FF30B0306EE09
:10EBE000903A76EEE77AB7EE000A70EEE70ADFEDCC
:10EBF0003F7A66EEA77AE0EE877AB0EE677AA6EE05
:10EC0000867AF0EE475AE6EEC65A67EE076A77EE66
:10EC1000E57A9FED376ADFED375AA6EEA56ADFED9C
:10EC2000365AE6EE265A9FED356AA5EEA66ADFED66
:10EC3000345AE6EE265AB0EE476AA5EEE66AF0EEE2
:10EC4000006A67EE065A36EE666AE7EE277AC5EE88
:10EC5000866A76EEE77A77EEC77A30EE670A10EECC
:10EC6000103A03EBC053B3F5000F06DAFFF788F94B
:10EC700020EE080A92E50020A7E700EE103AF7E739
:10EC8000B7EE000A8AE59FED1F0A87E5B0EE480A55
:10EC900084E5B9F1FF4F3FF4BBAD0225B0EE480A61
:10ECA000FFF7C4F826F04043B3F17E5F474603D038
:10ECB000B8F1000F7FF4DBAD002CBCBFF7EE007A9B
:10ECC00087EE800A002EBFF669ADA8F17E5858EA9B
:10ECD00005087FF4C7AD70EE407A87EEA70A5DE5C0
:10ECE000000080FF1872313F0072313F8CBEBF358B
:10ECF0000EEADDB54CBB313355B38A38610B36BBF8
:10ED0000ABAA2A3E00000000F0B510EE106A884B56
:10ED100026F000459D4287B0044605D8002380EDCB
:10ED2000000A4360002022E0824B9D423AD826F040
:10ED30000043002E9FED807A804A23F00F0318DDF8
:10ED4000934270EE477A09BF9FED7D7ADFED7D6AD1
:10ED5000DFED7D6A77EEC77A37EEE67A77EEC77A2F
:10ED600080ED007A77EEE67AC0ED017A012007B0F7
:10ED7000F0BD934270EE077A09BF9FED717ADFED27
:10ED8000716ADFED716A77EE877A37EEA67A77EEF1
:10ED9000C77A80ED007A77EEA67AC0ED017A4FF05F
:10EDA000FF30E4E7694B9D4273D8FFF73FF89FEDD2
:10EDB000687AF6EE007AE0EE077AFDEEE77AB8EED2
:10EDC000E77A17EE900ADFED5C7AA7EE670A1F2854
:10EDD000DFED5C7A67EE277AB1EE476A70EE676A1C
:10EDE00016EE901A09DC5B4A471E26F0004352F8E3
:10EDF000272023F0FF03934207D1C1F3C752C2EB90
:10EE0000D552082A4FEAE55314DC216094ED007ACC
:10EE100030EE470A002E30EE670A84ED010AA6DACA
:10EE2000B1EE477AB1EE400A84ED007A84ED010A32
:10EE300040429CE7DFED425AF0EE406AE6EE256A7A
:10EE400070EE667AE6EE257ADFED3F5AD7EE257A48
:10EE500076EEE75A15EE902AC2F3C7515B1A192BCA
:10EE600004DCC4ED005AB0EE660ACFE7DFED3A5A93
:10EE7000B0EE660AA6EE250A76EEC07ADFED376AB6
:10EE8000E6EE257AD7EE267A30EE677A84ED007AC0
:10EE9000BCE7B5F1FF4F06D370EE407AC0ED017AC2
:10EEA000C0ED007A3EE7EA15863AA5EBC25307EEBD
:10EEB000903ABDEEE77ADFED2A6AB8EEC77A77EED0
:10EEC000C77A8DED037A67EEA67ABDEEE77AB8EEE3
:10EED000C77A77EEC77A8DED047A67EEA67AF5EEFB
:10EEE000407AF1EE10FACDED057A1ED1B5EE407AFA
:10EEF000F1EE10FA0CBF012302231A4901910221FD
:10EF0000009103A8214600F029F9002EBFF62FAF8B
:10EF1000D4ED007AF1EE677AC4ED007AD4ED017A8F
:10EF2000F1EE677AC4ED017A82E70323E5E700BFDB
:10EF3000D80F493FE3CB1640800FC93FD00FC93FE0
:10EF4000004435374344353708A3852E800F4943A5
:10EF500084F9223FB082030800A3852E32318D242C
:10EF6000000080433083030838B510EE105A25F0B6
:10EF70000044B4F1A14FF0EE407A10D3B4F1FF4F4A
:10EF800004D970EE007AB0EE670A38BDDFED4D7A35
:10EF90009FED4D7A002DC8BFF0EE477AF3E74B4B5B
:10EFA0009C4210D8B4F1445F0AD29FED497A30EE0A
:10EFB000077AF7EE006AB4EEE67AF1EE10FAE2DCD8
:10EFC0004FF0FF3313E0FEF731FF424B9C424FD826
:10EFD000A3F5D0039C4241D8F0EE007ABFEE007A50
:10EFE000A0EE277A002330EE270AC7EE007A5A1CDB
:10EFF00027EEA76A9FED387ADFED385A9FED385A31
:10F0000066EE066AE6EE875A9FED367AA5EEA67A98
:10F01000DFED355AE7EE265A9FED347AA5EEA67A53
:10F02000DFED335AE7EE265A9FED327AA6EE875A85
:10F030009FED317AA5EE267A9FED305AA7EE265A3B
:10F040009FED2F7AA5EE267A27EE267AA5EE867A10
:10F0500027EE877A21D177EEC77A94E7F7EE007A28
:10F0600030EE677A30EE270A0123C7EE007ABEE75A
:10F07000244B9C420BD8F7EE087AB7EE007AA0EE4C
:10F08000277A022370EE676AC6EE877AAFE7BFEE93
:10F09000007AC7EE007A0323A9E71B4A1B4902EB5B
:10F0A000830201EB8303D3ED006A37EE667A002D0D
:10F0B00037EE677AD2ED007A77EEC77AB8BFF1EE15
:10F0C000677A60E7DB0FC9BFDB0FC93FFFFFDF3E99
:10F0D000CAF24971FFFF973FD769853C59DA4B3D2A
:10F0E0006BF16EBD356B883D6E2EBA3D2549123EE3
:10F0F000ABAAAA3E21A215BD95879DBD388EE3BD62
:10F10000CDCC4CBEFFFF1B40588603084886030841
:10F1100010B52DED028BB0EE408A044600F0BEFB28
:10F12000B0EE480ABDEC028B046010BD30B1F1EEC8
:10F13000407A27EE800A2220FFF7EABFF0EE407AFD
:10F14000F7E700009FED010AFFF7F0BF0000001095
:10F150009FED010AFFF7EABF000000702DE9F04FB4
:10F160002DED048BD9B090460190B64A669818F1FF
:10F17000040F52F820A00F4603F1FF3B26DBB8F145
:10F18000030248BF08F10402D210551C67999FED95
:10F19000B17AE800A2EB0B060290A8EBC5050AEBDA
:10F1A0000B0C1CAC01EB860E0020604510DD1CA989
:10F1B00001EB83000DF588790026564524DCDDF847
:10F1C00004E0DFEDA47A8446002416E00022DCE7A8
:10F1D000C6425DBF5EF8201007EE901AF8EEE77A9F
:10F1E000F0EE477AE4EC017A0130DEE7FEEC016AEA
:10F1F0003CED017AE6EE877A01345C45F6DDE9EC18
:10F20000017A01360430D8E708A901EB8A0104919C
:10F210006799DFED8F8A9FED8D9A01EB8202039251
:10F220005446A200059258AA02EB840212ED140A79
:10F2300044A908AA01EB840094462646002E4CDC23
:10F240002846CDE90623FEF79BFEB0EE408AB4EED9
:10F25000000A28EE000A00F0E9F9F2EE007AA0EECA
:10F26000678A002DDDE90623FDEEC87A17EE909A35
:10F27000F8EEE77A38EE678A41DD04F1FF3C08A931
:10F28000C5F1080E51F82C6046FA0EF0814400FAE0
:10F290000EF0361AC5F1070041F82C600641002E29
:10F2A0003CDD4FF0000E09F101097046744568DC41
:10F2B000002D03DD012D74D0022D7DD0022E2DD125
:10F2C000B7EE000A30EE488A40B328460693FEF7B0
:10F2D00057FE069B38EE408A20E060EE287A013E19
:10F2E000FDEEE77AF8EEE77AA7EEC90ABDEEC00AAE
:10F2F000ACEC010A30ED010A37EE800A9EE705D139
:10F30000601E08A951F82060F611C8E7F6EE007AF1
:10F31000B4EEE78AF1EE10FA31DA0026B5EE408A53
:10F32000F1EE10FA40F09880601E002250454BDA52
:10F33000002A65D0013C08AB083D53F82430002B6F
:10F34000F8D02846B7EE000AFEF71AFE631C44AA5E
:10F350009FED3F7A990002EB83022346002B80F257
:10F36000A9802346002BC0F2C78044AA02EB830584
:10F37000DFF8D4C0DFED377A0020E21AB1E00226D0
:10F380008FE752F8041B48B921B1C1F5807142F8EA
:10F39000041C01210EF1010E084687E7C1F1FF01AF
:10F3A000F5E704F1FF3C08AA52F82C2002F07F0296
:10F3B00008A941F82C2081E704F1FF3C08AA52F883
:10F3C0002C2002F03F02F3E708A951F82010013881
:10F3D0000A43ABE7013250F8046D002EFAD00599CC
:10F3E00001F5B0710DEB0100E6181CA904F1010C48
:10F3F0004C3801EB86062244624504DA144610E7D5
:10F4000004980122E7E70399DDF804E051F82C1095
:10F41000059107EE901AF8EEE77A0024E6EC017AFF
:10F42000DFED0C7AB1465C4504DDE0EC017A0CF1CD
:10F43000010CE1E7FEEC016A39ED017A0134E6EEF8
:10F44000877AF0E794860308688603080000804303
:10F450000000803B00000000029BB0EE480AA3EBD6
:10F460000800FEF78DFD1FED077AB4EEC70AF1EE36
:10F4700010FA19DB5FED0A7A60EE277A08AAFDEE32
:10F48000E77A0835F8EEE77AA7EEC70AFDEEE77AE5
:10F49000BDEEC00A10EE103A42F8243017EE903A52
:10F4A000013442F824304CE7BDEEC00A08AA10EE41
:10F4B000103AF6E708A850F82300019007EE900AEA
:10F4C000F8EEE77A013B67EE807A20EE070A62EDFC
:10F4D000017A43E7FCEC016AB5EC017AE6EE877A43
:10F4E0000130504501DC9042F4DD58A800EB820267
:10F4F00042ED287A013B35E7669B022B09DC002BA5
:10F5000027DC40D009F0070059B0BDEC048BBDE802
:10F51000F08F669B032BF5D130AA0B1F13441A46BC
:10F520002046002850DC2246012A5DDC30AB5FED2E
:10F53000377A0B44012C67DCDDED306A9DED317AC2
:10F54000002E67D1C7ED006A87ED017AC7ED027A18
:10F55000D8E730AB1FED417A0B442246002A24DA6B
:10F560004EB3F1EE477AC7ED007ADDED307A77EEF3
:10F57000C77A31AA01239C4220DA0EB1F1EE677AF4
:10F58000C7ED017ABEE730AB5FED4E7A0B44002C3D
:10F5900005DA0EB1F1EE677AC7ED007AB2E733ED26
:10F5A000017A013C77EE877AF1E773ED017A013A4F
:10F5B00037EE277AD2E7F0EE477AD4E7B2EC017A59
:10F5C000013377EE877AD6E772ED017AD2ED016AE0
:10F5D00037EEA67A013877EEC77A82ED007A77EEB9
:10F5E000A67AC2ED017A9CE773ED017AD3ED016A48
:10F5F00037EEA67A013A77EEC77A83ED007A77EE96
:10F60000A67AC3ED017A8FE733ED017A013C77EEFC
:10F61000877A8FE7F1EE666AB1EE477AC7ED006A46
:10F6200087ED017AF1EE677A90E700BF10EE103AAD
:10F63000C3F3C7527F3A162A23F000412BDC002A7D
:10F6400012DADFED197A30EE270AB5EEC00AF1EED4
:10F6500010FA06DD002B24DA0029144B08BF4FF006
:10F66000004300EE103A7047114911410B42FAD0A5
:10F67000DFED0D7A30EE270AB5EEC00AF1EE10FA92
:10F68000EFDD002BBEBF4FF4000040FA02F29B18E2
:10F6900023EA0103E5E7B1F1FF4FE4D330EE000ABE
:10F6A00070470023DDE700BFCAF24971000080BF48
:10F6B000FFFF7F0008B5062000F076F80120DAF79A
:10F6C000EFFF002301461A46184600F029B9000052
:10F6D0000EB410B59DB01FAB029006906FF00041C4
:10F6E0000A48079104910A4953F8042B0591002414
:10F6F00002A9006801931B9400F0C2FA029B1C70DF
:10F700001DB0BDE8104003B0704700BFC803002023
:10F710000802FFFF884210B501EB020402D98442BF
:10F72000234607D8431EA14208D011F8012B03F845
:10F73000012FF8E7024401468A4200D110BD13F8B8
:10F74000014D02F8014DF7E702440346934200D110
:10F75000704703F8011BF9E71F2938B505460C4629
:10F7600004D9162303604FF0FF3038BDC26B12B1CD
:10F7700052F821304BB9284600F08EF82246014657
:10F780002846BDE8384000F075B8012B0AD0591C56
:10F7900003D1162303600120E7E7002142F824107B
:10F7A000204698470020E0E7024B01461868FFF723
:10F7B000D3BF00BFC80300202D4B1B68834270B528
:10F7C000044653D0C3691BB3DB6863B10025E3690A
:10F7D000DB685959B1B90435802DF8D1E369204669
:10F7E000D96800F0F9F8E369196811B1204600F012
:10F7F000F3F8E3699D685DB1294620462D6800F065
:10F80000EBF8F8E70E68204600F0E6F83146E1E74D
:10F81000616911B1204600F0DFF8E16911B12046BD
:10F8200000F0DAF8216B11B1204600F0D5F8616BD9
:10F8300011B1204600F0D0F8A16B11B1204600F0C4
:10F84000CBF8A16C11B1204600F0C6F8616C11B183
:10F85000204600F0C1F8E16A11B1204600F0BCF882
:10F86000236A1BB12046BDE87040184770BD00BF39
:10F87000C803002038B5074D00230446084611464A
:10F880002B60DAF705FF431C02D12B6803B123601C
:10F8900038BD00BF18780120DAF7F8BE014B1868B0
:10F8A000704700BFC803002070B50D4D0D4C641BA0
:10F8B000A4100026A64209D10B4D0C4C00F0AEFC62
:10F8C000641BA4100026A64205D170BD55F8043B68
:10F8D00098470136EEE755F8043B98470136F2E7C2
:10F8E000A8860308A8860308A8860308C08603081C
:10F8F00070477047034611F8012B03F8012B002ACB
:10F90000F9D170470A44914200F1FF3300D17047AA
:10F9100010B511F8014B03F8014F9142F9D110BD18
:10F920002DE9F843274D0746286891460E4698462C
:10F93000FFF7DEFF244A14683CB9244B1360244AC5
:10F9400012B11268C3F88820204C63681F2B06DDB3
:10F950002868FFF7CEFF4FF0FF30BDE8F8832FB3E4
:10F96000D4F8880068B91B4B002BF1D04FF4847099
:10F97000D9F780FA0028EBD00023C0E94033C4F85F
:10F980008800636840F8239001229A4000EB8301CD
:10F99000D0F800311343C0F80031022FC1F8808045
:10F9A00002BFD0F804311343C0F8043163682868FB
:10F9B0005A1C0233626044F82360FFF79AFF00206C
:10F9C000CBE700BF18040020AC780120207801208C
:10F9D00000000000758E000838B50546002941D0AA
:10F9E00051F8043C0C1F002BB8BFE41800F0E0F8FD
:10F9F0001D4A136833B9636014602846BDE8384077
:10FA000000F0DCB8A34208D9206821188B4201BF5E
:10FA100019685B6809182160EDE71A465B680BB14D
:10FA2000A342FAD911685018A0420BD120680144B2
:10FA3000501883421160E0D118685B685360084435
:10FA40001060DAE702D90C232B60D6E72068211872
:10FA50008B4204BF19685B68636004BF09182160AA
:10FA60005460CAE738BD00BFB478012070B50F4EAE
:10FA70000C463168054611B900F08AFB306021461A
:10FA8000284600F085FB431C03D14FF0FF3420468D
:10FA900070BDC41C24F00304A042F8D0211A2846EB
:10FAA00000F076FB0130F2D1EFE700BFB078012023
:10FAB0002DE9F843CD1C25F0030508350C2D38BF82
:10FAC0000C25002D064601DBA94204D90C23336026
:10FAD0000020BDE8F883DFF8D48000F069F8D8F89A
:10FAE00000301C4644BB29463046FFF7BFFF431C8D
:10FAF000044658D1D8F800402746002F43D1002CA7
:10FB00004BD023683946304604EB030900F040FB34
:10FB1000814542D121686D1A29463046FFF7A6FF7C
:10FB200001303AD023682B442360D8F800305A685B
:10FB300062BBC8F800700FE02268521B20D40B2A69
:10FB400017D96119A342256018BF5960636808BFBF
:10FB5000C8F8001062514B60304600F02FF804F1F5
:10FB60000B00231D20F00700C21A1CBF1B1AA35054
:10FB7000AFE76268A3420CBFC8F800205A60EBE709
:10FB800023466468AEE73C467F68B6E71A465B6882
:10FB9000A342FBD100235360DEE70C2333603046E1
:10FBA00000F00CF894E70560D6E700BFB4780120B8
:10FBB0000148FFF79DBE00BF1C7801200148FFF7F8
:10FBC00098BE00BF1C7801202DE9F0478E681F46C3
:10FBD000BE420B6882460C4690462DD8B1F90C20E7
:10FBE00012F4906F26D06569096905EB4505A3EB12
:10FBF000010905EBD5757B1C4B446D109D4238BF48
:10FC00001D46530527D52946FFF752FF064660B328
:10FC100021694A46FFF776FEA38923F4906343F0F7
:10FC20008003A381266165614E44A5EB090526602A
:10FC3000A5603E46BE4200D93E4620683246414657
:10FC4000FFF768FDA3689B1BA36023683344236010
:10FC50000020BDE8F0872A4600F0AAFA06460028F0
:10FC6000E0D121695046FFF7B7FE0C23CAF80030F7
:10FC7000A38943F04003A3814FF0FF30E9E7000080
:10FC80002DE9F04F98468B891B069DB007460D461F
:10FC9000144610D50B6973B94021FFF709FF28609E
:10FCA000286130B90C233B604FF0FF301DB0BDE838
:10FCB000F08F40236B610023099320238DF82930B6
:10FCC000CDF80C803023DFF89C818DF82A304FF07E
:10FCD000010923469A4613F8012B0AB1252AF9D1C6
:10FCE000BAEB040B0BD05B46224629463846FFF799
:10FCF0006BFF013000F0A780099A5A4409929AF8E4
:10FD00000030002B00F09F8000234FF0FF32CDE940
:10FD100005230AF1010A049307938DF853301A93CF
:10FD20005446052214F8011B4E48D8F771FA049A7C
:10FD3000D8B9D00644BF20238DF85330110744BFF3
:10FD40002B238DF853309AF800302A2B15D0079AC0
:10FD5000544600204FF00A0C214611F8013B303B7D
:10FD6000092B4BD9B0B1079214E0A0EB080309FAB4
:10FD700003F313430493A246D2E7039B191D1B68A8
:10FD80000391002BBBBF5B4242F002020793079333
:10FD9000B8BF049223782E2B0AD163782A2B32D154
:10FDA000039B1A1D1B68039243EAE3730234059315
:10FDB000DFF8C0A0217803225046D8F729FA38B1DD
:10FDC000049BA0EB0A0040228240134301340493B9
:10FDD00014F8011B24488DF828100622D8F718FAC9
:10FDE000002836D0214B1BBB039B073323F00703AE
:10FDF00008330393099B334409936AE70CFB0232EF
:10FE00000C460120A8E700230134059319464FF062
:10FE10000A0C204610F8012B303A092A03D9002B8E
:10FE2000C6D00591C4E70CFB012104460123F0E78D
:10FE300003AB00932A460E4B04A93846AFF300806B
:10FE4000421C0646D6D1AB895B063FF52DAF09981B
:10FE50002CE703AB00932A46054B04A9384600F073
:10FE600079F8EDE7448203084E82030800000000A1
:10FE7000C9FB02084A8203082DE9F0471646984656
:10FE80008A680B69DDF820909342B8BF134633604F
:10FE900091F8432007460C460AB1013333602368CA
:10FEA000990642BF336802333360256815F00605B2
:10FEB00006D104F1190AE36832689B1AAB4226DCCA
:10FEC00094F843302268003B18BF012392062BD4DC
:10FED00004F1430241463846C84701301ED023682A
:10FEE000226903F00603042B02BFE5683368ED1AAC
:10FEF000A3680CBF25EAE57500259342C4BF9B1A91
:10FF0000ED1800261A34B5421AD1002008E001236A
:10FF1000524641463846C847013003D14FF0FF30C2
:10FF2000BDE8F0870135C6E7E1185A1C302081F89A
:10FF30004300224494F8451082F843100233C7E787
:10FF40000123224641463846C8470130E6D00136F3
:10FF5000D9E700002DE9FF470F7E0C9E782F9146D0
:10FF600080460C469A4601F1430207D8622F0AD810
:10FF7000002F00F0D180582F00F0B88004F1420625
:10FF800084F842703AE0A7F16303152BF6D801A17B
:10FF900051F823F0EDFF0208010003087DFF02087D
:10FFA0007DFF02087DFF02087DFF020801000308B3
:10FFB0007DFF02087DFF02087DFF02087DFF020829
:10FFC000FF0003082B000308B90003087DFF0208A7
:10FFD0007DFF0208210103087DFF02082B000308B2
:10FFE0007DFF02087DFF0208C100030833681A1D67
:10FFF0001B68326004F1420684F8423001239CE021
:020000040803EF
:1000000033682068191D3160060601D51D6803E0BC
:100010004506FBD5B3F90050002D03DA2D236D42C0
:1000200084F8433058480A2311E0216833680806F1
:1000300053F8045B02D4490648BFADB26F2F524853
:10004000336014BF0A230823002184F84310666834
:10005000A660002E05DB21682E4321F004012160FB
:100060004BD01646B5FBF3F103FB1157C75D06F8FD
:10007000017D2F46BB420D46F4D9082B0BD12368D6
:10008000DF0708D5236961689942DEBF302306F88F
:10009000013C06F1FF36921B2261CDF800A04B46D1
:1000A00003AA21464046FFF7E7FE01304AD14FF050
:1000B000FF3004B0BDE8F087236843F020032360DD
:1000C0003248782784F84570236831681F0651F854
:1000D000045B02D45F0648BFADB23160D90744BFAC
:1000E00043F0200323601DB11023ADE72648E9E764
:1000F000236823F020032360F6E71646BDE7336844
:1001000025686169181D30602E061B6801D51960CD
:1001100002E06806FBD51980002323611646BCE780
:1001200033681A1D32601E68626800213046D8F7B5
:100130006FF808B1801B606063682361002384F856
:100140004330AAE72369324649464046D04701304A
:10015000ADD023689B0713D4E068039B9842B8BFD7
:100160001846A6E70123324649464046D0470130AB
:100170009DD00135E36803995B1AAB42F2DCEBE7F3
:10018000002504F11906F5E7558203086682030885
:1001900038B5064D0023044608462B60D8F762FEAA
:1001A000431C02D12B6803B1236038BD18780120AD
:1001B0002DE9F041074614460D4621B9BDE8F0414E
:1001C0001146FFF775BC2AB9FFF706FC25462846FD
:1001D000BDE8F08100F01AF88442064602D8B4EB7C
:1001E000500FF4D821463846FFF762FC804608B924
:1001F0004546ECE7B4422246294628BF3246FFF77F
:1002000081FB29463846FFF7E7FBF1E751F8043C4C
:10021000181F002BBCBF0B58C0187047F8B500BFA3
:10022000F8BC08BC9E467047F8B500BFF8BC08BCD7
:040230009E4670472F
:100234004E450300F30000004E450300FF0000009C
:100244004E450300010000004E4503000500000078
:100254004E450300040000004E4503000300000067
:100264004E450300010000004E4503000500000058
:100274004E450300020000000000000000000000E2
:1002840000000000000000004E45030004000000D0
:100294004E450300030000004E4503000600000025
:1002A4004E4503000F0000004E4503001F000000F0
:1002B400000000000000000000000000000000003A
:1002C4000000803F0000803F0000000000000000AC
:1002D400000000000000000000000000000000001A
:1002E4000000803F0000803F00000000000000008C
:1002F40000000000000000000000000000000000FA
:100304000000803F0000803F00000000000000006B
:1003140000000000010000000200000004000000D2
:10032400070000000A0000000D000000100000009B
:1003340000000000000000000000000000000000B9
:100344000000803F0000803F00000000000000002B
:100354000000000000000000000000000000000099
:100364000000803F0000803F00000000000000000B
:100374000000000000000000000000000000000079
:100384000000803F0000803F0000000000000000EB
:100394000000000000000000000000000000000059
:1003A4000000803F0000803F0000000000000000CB
:1003B4000000000000000000000000000000000039
:1003C4000000803F0000803F0000000000000000AB
:1003D4000000000000000000000000000000000019
:1003E4000000803F0000803F00000000000000008B
:1003F40000000000000000000000000000000000F9
:100404000000803F0000803F00000000000000006A
:1004140000000000000000000000803F0000803F5A
:1004240000000000000000000000000000000000C8
:1004340000000000000000000000803F0000803F3A
:1004440000000000000000005F7362726B00000097
:100454006D616C6C6F630000616C6C6F63617465DB
:100464004F724173736572740000000066726565B3
:1004740049664E6F744E756C6C0000007554617360
:100484006B436F756E74203C3D205441534B5F4366
:100494004F554E545F464F525F444941474E4F5368
:1004A40054494353000000002E2E2F436F72652FD2
:1004B4005372632F6672656572746F732E630000E6
:1004C40073616F537461636B5573616765446174E1
:1004D400615B75496E645D2E754672656553746122
:1004E400636B53706163655F203E204D494E5F46E8
:1004F4005245455F535441434B5F53504143455F1D
:10050400464F525F4153534552540000300000009F
:100514004576656E74426168727346696C7465727F
:1005240073436F6D706C65746564000053656D543E
:1005340061736B426168727346696C7465723300EF
:1005440053656D5461736B426168727346696C7470
:100554006572320053656D5461736B4261687273E6
:1005640046696C746572310053656D5461736B4DEB
:100574006561737572655265736F757263657355E2
:10058400736167650000000053656D5461736B50BF
:100594006F6C6C4D6D63000053656D5461736B50EB
:1005A4006F6C6C426D70000053656D5461736B50D9
:1005B4006F6C6C426D6D320053656D5461736B509A
:1005C4006F6C6C426D6D310053656D5461736B5289
:1005D4006563656976655363686136335444617451
:1005E4006100000053656D4461746152656365691F
:1005F40076656454646B320053656D446174615272
:100604006563656976656454646B310053656D6137
:1006140070686F726554646B3200000053656D61DD
:1006240070686F726554646B3100000053656D61CE
:1006340070686F72655461736B43616E53656E6469
:100644006572000053656D5461736B356D73000002
:1006540053656D6170686F72655461736B316D734E
:100664000000000054696D65724379636C696354DA
:1006740061736B54726967676572000051756575C3
:10068400655461736B50726F6365737353796E63F2
:100694000000000051756575655461736B527332C7
:1006A400333253656E646572000000005461736BED
:1006B400426168727346696C7465723300000000AD
:1006C4005461736B426168727346696C746572320B
:1006D400000000005461736B426168727346696C78
:1006E40074657231000000005461736B4D65617371
:1006F4007572655265736F7572636573557361675F
:10070400650000005461736B496E69740000000059
:100714005461736B506F6C6C4D6D63005461736BFB
:10072400506F6C6C426D70005461736B506F6C6CE5
:10073400426D6D32000000005461736B506F6C6C3D
:10074400426D6D31000000005461736B5265636546
:10075400697665536368613633544461746100009B
:100764005461736B506F6C6C49636D320000000010
:100774005461736B506F6C6C49636D310000000001
:100784005461736B43616E5265636569766572008B
:100794005461736B43616E53656E6465720000004F
:1007A4005461736B50726F6365737353796E630036
:1007B4005461736B527332333253656E64657200E5
:1007C4005461736B31306D73000000005461736BBE
:1007D400356D73005461736B316D730049444C453E
:1007E40000000000546D725100000000546D72202E
:1007F4005376630066616C7365000000626F6F6C12
:100804002043426D6D3135304472697665723A3AEF
:10081400777269746552656769737465722875695E
:100824006E74385F742C2075696E74385F742A296D
:1008340000000000433A2F55736572732F66656498
:100844006F722F446174612F50726F6A6563745FB5
:100854004E452F34315F436F64655F646576656C24
:100864006F706D656E745F776F726B2F6261687203
:10087400732D73772F30315F4C6962726172792FF7
:1008840053746D33322F447269766572732F434209
:100894006D6D3135304472697665722E6370700007
:1008A40075496E7374616E6365496E646578203C46
:1008B4002043426D6D3135304472697665723A3A3F
:1008C400736B75496E7374616E6365436F756E7493
:1008D4005F0000007374617469632043426D6D317D
:1008E4003530447269766572262043426D6D313528
:1008F400304472697665723A3A676574496E737406
:10090400616E6365496D706C28756E7369676E6599
:100914006420696E74290000626F6F6C2043426D1D
:100924006D3135304472697665723A3A7265616444
:1009340046726F6D416464722875696E74385F74B1
:100944002C2075696E74385F742A2C2075696E7456
:10095400385F742900000000676574536875746417
:100964006F776E50696E49640000000075496E73BC
:1009740074616E6365496E646578203C2043496305
:100984006D32303738394472697665723A3A736B2E
:1009940075496E7374616E6365436F756E745F0041
:1009A400737461746963204349636D323037383935
:1009B40044726976657226204349636D3230373854
:1009C400394472697665723A3A676574496E73742C
:1009D400616E6365496D706C28756E7369676E65C9
:1009E4006420696E74290000433A2F55736572734D
:1009F4002F6665646F722F446174612F50726F6A41
:100A04006563745F4E452F34315F436F64655F6483
:100A14006576656C6F706D656E745F776F726B2F42
:100A240062616872732D73772F30315F4C69627223
:100A34006172792F53746D33322F44726976657203
:100A4400732F4349636D32303738394472697665A0
:100A5400722E637070000000696E742049636D32F9
:100A640030373839496D7544617461446D6152653C
:100A7400717565737428756E7369676E6564206932
:100A84006E742900766F69642049636D323037389B
:100A9400395061727365496D7544617461446D6167
:100AA40028756E7369676E656420696E7429000029
:100AB400696E742049636D3230373839507265730A
:100AC4007375726544617461446D615265717565D5
:100AD400737428756E7369676E656420696E742912
:100AE40000000000696E742049636D323037383974
:100AF4005472696767657250726573737572654D78
:100B04006561737572656D656E7428756E7369675A
:100B14006E656420696E742900000000766F696454
:100B24002049636D3230373839496E76616C6964B7
:100B3400617465496D754F7574707574506F727416
:100B440028756E7369676E656420696E7429000088
:100B5400766F69642049636D3230373839496E766F
:100B6400616C696461746550726573737572654F05
:100B74007574707574506F727428756E7369676ECE
:100B8400656420696E742900766F69642049636D19
:100B940032303738395061727365507265737375CA
:100BA400726544617461446D6128756E7369676E22
:100BB400656420696E74290075496E7374616E638F
:100BC40065496E646578203C20736B75496E737457
:100BD400616E6365436F756E745F00007374617456
:100BE4006963207444657269766564436F6D706FE0
:100BF4006E656E74436C617373262043536F667421
:100C040077617265436F6D706F6E656E743C74448A
:100C1400657269766564436F6D706F6E656E74435B
:100C24006C6173732C2074496E7374616E636543D5
:100C34006F756E743E3A3A476574496E7374616EAB
:100C4400636528756E7369676E656420696E7429BF
:100C5400205B7769746820744465726976656443BF
:100C64006F6D706F6E656E74436C617373203D209D
:100C740043426D6D3135304472697665723B20753F
:100C84006E7369676E656420696E742074496E734F
:100C940074616E6365436F756E74203D20325D0030
:100CA4002E2E2F2E2E2F2E2E2F2E2E2F30315F4C08
:100CB4006962726172792F53746D33322F436F6D91
:100CC400706F6E656E74732F47656E6572616C2FFD
:100CD40043536F667477617265436F6D706F6E65B1
:100CE4006E74426173652E68000000005461736B7A
:100CF400526F7574696E65496E6974005461736BE3
:100D0400526F7574696E65426168727346696C747A
:100D14006572000075496E7374616E6365496E6433
:100D24006578203D3D2030550000000073746174E7
:100D34006963204341747469747564654D6F6E69A9
:100D4400746F7253776326204341747469747564B5
:100D5400654D6F6E69746F725377633A3A67657461
:100D6400496E7374616E6365496D706C28756E733A
:100D740069676E656420696E74290000433A2F55D3
:100D8400736572732F6665646F722F446174612F8B
:100D940050726F6A6563745F4E452F34315F436FE1
:100DA40064655F646576656C6F706D656E745F779E
:100DB4006F726B2F62616872732D73772F30325F9D
:100DC40050726F6A656374732F53746D333242616A
:100DD4006872732F7368617265642F6173772F7300
:100DE40077632D61747469747564652D6D6F6E69B4
:100DF400746F722F7372632F4341747469747564D2
:100E0400654D6F6E69746F725377632E63707000F3
:100E14004E41747469747564654D6F6E69746F7254
:100E24004170693A3A43526564756E64616E7449FF
:100E34006E707574446174613A3A497353656E73A4
:100E44006F72537570706F72746564286553656E44
:100E5400736F72496429000073746174696320625A
:100E64006F6F6C204341747469747564654D6F6E63
:100E740069746F725377633A3A697341747469742D
:100E84007564654461746153616665284E46757383
:100E9400696F6E4C6962436F6D6D6F6E3A3A45537C
:100EA400656E736F7249642C20636F6E7374204E89
:100EB40041747469747564654D6F6E69746F7241C1
:100EC40070693A3A434F757470757444617461265D
:100ED4002900000075496E646578203C20736B75A9
:100EE40053697A655F000000636F6E73742041720A
:100EF400726179456C656D656E74547970652620F0
:100F0400544C6162656C65644172726179496E74B6
:100F140065726E616C3C4172726179456C656D6598
:100F24006E74547970652C204C6162656C456E75E5
:100F34006D3E3A3A6F70657261746F725B5D284CF6
:100F44006162656C456E756D2920636F6E737420E4
:100F54005B77697468204172726179456C656D656F
:100F64006E7454797065203D204E4D6F6E69746FB8
:100F74007254797065733A3A534D756C7469646947
:100F84006D656E73696F6E616C5369676E616C42F7
:100F94006173653A3A535363616C61725369676E66
:100FA400616C3B204C6162656C456E756D203D2023
:100FB4004E41747469747564654D6F6E69746F72B3
:100FC4004170693A3A5341727261794C6162656C5D
:100FD4006564427941747469747564655369676EB4
:100FE400616C733A3A456E756D547970655D0000B5
:100FF4002E2E2F2E2E2F2E2E2F2E2E2F30315F4CB5
:101004006962726172792F486561646572732F42F7
:101014006168727353656E736F72467573696F6E30
:101024002F544C6162656C656441727261792E68FB
:10103400000000006F70657261746F7228290000EF
:1010440043426168727346696C74657253776300D6
:10105400676574496E7374616E6365496D706C0085
:1010640077726974654F7574707574546F506F72CC
:101074007400000072656164496D75446174615067
:101084006F727400426168727346696C746572535E
:101094007763536574496D75496E7075740000000B
:1010A40072656164507265737375726544617461CD
:1010B400506F7274000000004172726179456C6572
:1010C4006D656E74547970652620544C6162656C4C
:1010D40065644172726179496E7465726E616C3CCB
:1010E4004172726179456C656D656E745479706591
:1010F4002C204C6162656C456E756D3E3A3A6F709A
:10110400657261746F725B5D284C6162656C456EDB
:10111400756D29205B776974682041727261794525
:101124006C656D656E7454797065203D204E46750E
:1011340073696F6E4C6962436F6D6D6F6E3A3A53AB
:10114400496D754D6561737572656D656E743B208F
:101154004C6162656C456E756D203D204E4D6F6E21
:1011640069746F7254797065733A3A535265647551
:101174006E64616E7453656E736F72446174614121
:101184007272617954656D706C6174653A3A456E3A
:10119400756D547970655D00777269746546696C24
:1011A4007465726564496D7544617461506F7274DD
:1011B40000000000496D7550726546696C74657273
:1011C40053776352756E0000434D61676E657469B1
:1011D4006348656164696E6746696C7465725377C8
:1011E400633A3A434D61676E657469634865616447
:1011F400696E6746696C74657253776328290000C9
:10120400433A2F55736572732F6665646F722F446A
:101214006174612F50726F6A6563745F4E452F3439
:10122400315F436F64655F646576656C6F706D658F
:101234006E745F776F726B2F62616872732D737750
:101244002F30325F50726F6A656374732F53746DFD
:10125400333242616872732F7368617265642F61FF
:1012640073772F7377632D6D61676E657469632D72
:1012740068656164696E672D66696C7465722F7345
:1012840072632F434D61676E657469634865616479
:10129400696E6746696C7465725377632E63707008
:1012A4000000000073746174696320434D61676ECC
:1012B4006574696348656164696E6746696C7465E1
:1012C400725377632620434D61676E657469634882
:1012D400656164696E6746696C7465725377633AD5
:1012E4003A676574496E7374616E6365496D706CB9
:1012F40028756E7369676E656420696E74290000D1
:1013040073746174696320434D61676E65746F6DB6
:1013140065746572436F6D70656E7361746F722668
:1013240020434D61676E65746F6D65746572436FBC
:101334006D70656E7361746F723A3A676574496E65
:101344007374616E6365496D706C28756E7369673B
:101354006E656420696E742900000000433A2F55BD
:10136400736572732F6665646F722F446174612FA5
:1013740050726F6A6563745F4E452F34315F436FFB
:1013840064655F646576656C6F706D656E745F77B8
:101394006F726B2F62616872732D73772F30325FB7
:1013A40050726F6A656374732F53746D3332426184
:1013B4006872732F7368617265642F6173772F731A
:1013C40077632D6D61676E65746F6D657465722DDD
:1013D400636F6D70656E7361746F722F7372632FB8
:1013E400434D61676E65746F6D65746572436F6DAF
:1013F40070656E7361746F722E637070000000000C
:10140400777269746550726573737572654461743B
:1014140061506F7274000000507265737375726569
:10142400436F6D70656E7361746F72537763436F4E
:101434006D70656E7361746500000000737461748F
:1014440069632043566572746963616C4368616EB5
:101454006E656C4D6F6E69746F72537763262043AB
:10146400566572746963616C4368616E6E656C4D38
:101474006F6E69746F725377633A3A676574496E35
:101484007374616E6365496D706C28756E736967FA
:101494006E656420696E742900000000433A2F557C
:1014A400736572732F6665646F722F446174612F64
:1014B40050726F6A6563745F4E452F34315F436FBA
:1014C40064655F646576656C6F706D656E745F7777
:1014D4006F726B2F62616872732D73772F30325F76
:1014E40050726F6A656374732F53746D3332426143
:1014F4006872732F7368617265642F6173772F73D9
:1015040077632D766572746963616C2D6368616EAF
:101514006E656C2D6D6F6E69746F722F7372632FAD
:1015240043566572746963616C4368616E6E656C81
:101534004D6F6E69746F725377632E637070000021
:101544004E566572746963616C4368616E6E656C56
:101554004D6F6E69746F724170693A3A43526564B3
:10156400756E64616E74496E707574446174613A29
:101574003A497353656E736F72537570706F7274FA
:101584006564286553656E736F72496429000000B1
:1015940073746174696320626F6F6C204356657263
:1015A400746963616C4368616E6E656C4D6F6E69DE
:1015B400746F725377633A3A697344617461736503
:1015C4007453616665284E467573696F6E4C696223
:1015D400436F6D6D6F6E3A3A4553656E736F724922
:1015E400642C20636F6E7374204E56657274696345
:1015F400616C4368616E6E656C4D6F6E69746F7279
:101604004170693A3A434F757470757444617461FA
:1016140026290000636F6E737420417272617945EC
:101624006C656D656E74547970652620544C6162E6
:10163400656C65644172726179496E7465726E613C
:101644006C3C4172726179456C656D656E74547958
:1016540070652C204C6162656C456E756D3E3A3A3E
:101664006F70657261746F725B5D284C6162656C4A
:10167400456E756D2920636F6E7374205B77697492
:1016840068204172726179456C656D656E74547938
:101694007065203D204E4D6F6E69746F7254797081
:1016A40065733A3A534D756C746964696D656E730C
:1016B400696F6E616C5369676E616C426173653A00
:1016C4003A535363616C61725369676E616C3B207A
:1016D4004C6162656C456E756D203D204E56657299
:1016E400746963616C4368616E6E656C4D6F6E699D
:1016F400746F724170693A3A5341727261794C6104
:1017040062656C65644279566572746963616C43A1
:1017140068616E6E656C5369676E616C733A3A45C5
:101724006E756D547970655D0000000073746174AA
:1017340069632043426D703338344472697665724C
:10174400262043426D703338344472697665723AA8
:101754003A676574496E7374616E6365496D706C44
:1017640028756E7369676E656420696E742900005C
:101774002E2E2F6273772F626D703338342D64727E
:10178400697665722F7372632F43426D70333834F8
:101794004472697665722E63707000006F70496ED2
:1017A4007374616E636500007374617469632069A6
:1017B4006E74204343616E48616E646C65723A3A9C
:1017C40064727653656E642843616E6173496E7307
:1017D40074616E63652A2C20696E742C20636F6EAD
:1017E40073742043616E617343616E4672616D650B
:1017F4002A2900002E2E2F6273772F63616E2D61CC
:1018040065726F2F4343616E48616E646C65722E1E
:1018140068000000694966616365203E3D20302010
:10182400262620694966616365203C2043414E5F5A
:1018340049464143455F434F554E54006B6F7046D4
:1018440072616D65000000007374617469632076D1
:101854006F69642A204343616E48616E646C6572EB
:101864003A3A7374617469634D616C6C6F632843B5
:10187400616E6173496E7374616E63652A2C2069AD
:101884006E7429002E2E2F6273772F63616E2D6183
:1018940065726F2F4343616E48616E646C65722E8E
:1018A400637070006953697A65203E20300000003F
:1018B4006F70506C6174666F726D00007374617444
:1018C400696320696E74204343616E48616E646C81
:1018D40065723A3A64727646696C7465722843613B
:1018E4006E6173496E7374616E63652A2C20696E30
:1018F400742C20636F6E73742043616E6173436153
:101904006E46696C746572436F6E6669672A2C2033
:10191400696E7429000000006B6F7046696C746511
:1019240072730000694E756D46696C74203E2030F8
:101934000000000043616E61734D757465780000AA
:10194400737461746963204343616E48616E646CAF
:10195400657226204343616E48616E646C65723A19
:101964003A676574496E7374616E6365496D706C32
:1019740028756E7369676E656420696E742900004A
:1019840073746174696320766F6964204343616E84
:1019940048616E646C65723A3A526563656976654E
:1019A40043616E4672616D657328290030203D3DA8
:1019B4002063616E6173506172616D41647665721A
:1019C4007469736528266F72496E7374616E6365FA
:1019D4002E6F43616E6173496E7374616E63652C1F
:1019E4002043414E41535F4E4F445F4445465F425E
:1019F4004F44595F4C4F4E4749545544494E414C0E
:101A04005F414343454C45524154494F4E2C206657
:101A1400616C7365290000007669727475616C20CD
:101A2400766F6964204343616E4F757470757448B2
:101A3400616E646C65723A3A496E697428290000D3
:101A44002E2E2F6273772F63616E2D6165726F2F57
:101A54004343616E4F757470757448616E646C6550
:101A6400722E63707000000030203D3D2063616E73
:101A74006173506172616D416476657274697365F6
:101A840028266F72496E7374616E63652E6F4361AD
:101A94006E6173496E7374616E63652C2043414EAD
:101AA40041535F4E4F445F4445465F424F44595F44
:101AB4004C41544552414C5F414343454C4552418E
:101AC40054494F4E2C2066616C7365290000000058
:101AD40030203D3D2063616E6173506172616D41E0
:101AE400647665727469736528266F72496E7374BF
:101AF400616E63652E6F43616E6173496E737461C9
:101B04006E63652C2043414E41535F4E4F445F4406
:101B140045465F424F44595F4E4F524D414C5F41E1
:101B24004343454C45524154494F4E2C2066616C09
:101B34007365290030203D3D2063616E61735061FF
:101B440072616D41647665727469736528266F727B
:101B5400496E7374616E63652E6F43616E61734980
:101B64006E7374616E63652C2043414E41535F4E26
:101B74004F445F4445465F424F44595F5049544384
:101B8400485F524154452C2066616C7365290000FE
:101B940030203D3D2063616E6173506172616D411F
:101BA400647665727469736528266F72496E7374FE
:101BB400616E63652E6F43616E6173496E73746108
:101BC4006E63652C2043414E41535F4E4F445F4446
:101BD40045465F424F44595F524F4C4C5F5241540B
:101BE400452C2066616C73652900000030203D3D62
:101BF4002063616E6173506172616D4164766572D8
:101C04007469736528266F72496E7374616E6365B7
:101C14002E6F43616E6173496E7374616E63652CDC
:101C24002043414E41535F4E4F445F4445465F421B
:101C34004F44595F5941575F524154452C206661C6
:101C44006C7365290000000030203D3D2063616E07
:101C54006173506172616D41647665727469736514
:101C640028266F72496E7374616E63652E6F4361CB
:101C74006E6173496E7374616E63652C2043414ECB
:101C840041535F4E4F445F4445465F424F44595F62
:101C940050495443485F414E474C452C2066616C83
:101CA4007365290030203D3D2063616E617350618E
:101CB40072616D41647665727469736528266F720A
:101CC400496E7374616E63652E6F43616E6173490F
:101CD4006E7374616E63652C2043414E41535F4EB5
:101CE4004F445F4445465F424F44595F524F4C4C0A
:101CF4005F414E474C452C2066616C73652900009A
:101D040030203D3D2063616E6173506172616D41AD
:101D1400647665727469736528266F72496E73748C
:101D2400616E63652E6F43616E6173496E73746196
:101D34006E63652C2043414E41535F4E4F445F44D4
:101D440045465F414C5449545544455F52415445BE
:101D54002C2066616C7365290000000030203D3D35
:101D64002063616E6173506172616D416476657266
:101D74007469736528266F72496E7374616E636546
:101D84002E6F43616E6173496E7374616E63652C6B
:101D94002043414E41535F4E4F445F4445465F4D9F
:101DA40041474E455449435F48454144494E472CB9
:101DB4002066616C7365290030203D3D2063616EAF
:101DC4006173506172616D416476657274697365A3
:101DD40028266F72496E7374616E63652E6F43615A
:101DE4006E6173496E7374616E63652C2043414E5A
:101DF40041535F4E4F445F4445465F5354414E4404
:101E04004152445F414C5449545544452C20666129
:101E14006C7365290000000030203D3D2063616E35
:101E24006173506172616D41647665727469736542
:101E340028266F72496E7374616E63652E6F4361F9
:101E44006E6173496E7374616E63652C2043414EF9
:101E540041535F4E4F445F4445465F535441544998
:101E6400435F50524553535552452C2066616C7361
:101E740065290000737461746963204343616E4F84
:101E8400757470757448616E646C65722620434382
:101E9400616E4F757470757448616E646C65723AE6
:101EA4003A676574496E7374616E6365496D706CED
:101EB40028756E7369676E656420696E7429000005
:101EC4005343422D3E494353522026205343425FFD
:101ED400494353525F564543544143544956455F21
:101EE4004D736B00766F696420446961676E6F732C
:101EF4007469634D6F6465554152545278496E74E8
:101F040065727275707448616E646C657228756967
:101F14006E7431365F7429002E2E2F6273772F640E
:101F24006961676E6F737469632D6D6F64652F43A8
:101F3400446961676E6F737469634D6F646557724A
:101F440061707065722E6370700000007374617448
:101F5400696320434D6D633539383344726976655E
:101F6400722620434D6D6335393833447269766582
:101F7400723A3A676574496E7374616E6365496D4C
:101F8400706C28756E7369676E656420696E742958
:101F9400000000002E2E2F6273772F6D6D6335398C
:101FA40038332D6472697665722F7372632F434DD3
:101FB4006D63353938334472697665722E63707097
:101FC40000000000737461746963204352733233F8
:101FD400324F757470757448616E646C6572262036
:101FE4004352733233324F757470757448616E6442
:101FF4006C65723A3A676574496E7374616E6365B1
:10200400496D706C28756E7369676E656420696EBE
:10201400742900002E2E2F6273772F72733233329D
:102024002D6F75747075742D68616E646C65722F94
:102034007372632F4352733233324F7574707574F5
:1020440048616E646C65722E637070002875536904
:102054007A65203E20302920262620287553697A67
:1020640065203C3D20736B754275666665724C65F0
:102074006E6774685F290000626F6F6C204352734F
:102084003233324F757470757448616E646C657266
:102094003A3A5472616E736D69744D657373616716
:1020A400652875696E74385F742A2C2075696E749E
:1020B40031365F7429000000766F696420435273DF
:1020C4003233324F757470757448616E646C657226
:1020D4003A3A554152545478496E74657272757027
:1020E4007448616E646C65722875696E7431365F0C
:1020F40074290000737461746963204353636861D5
:10210400363354447269766572262043536368619A
:102114003633544472697665723A3A676574496E27
:102124007374616E6365496D706C28756E7369674D
:102134006E656420696E7429000000002E2E2F62E3
:1021440073772F736368613633742D6472697665AF
:10215400722F7372632F435363686136335444722E
:10216400697665722E63707000000000282873750C
:10217400436F756E746572202D20315529203E3DC4
:102184002030292026262028287375436F756E7405
:102194006572202D20315529203C206F4C617465D7
:1021A4007374446174617365745F2E6F4D656173FC
:1021B4007572656D656E74735F2E73697A6528290F
:1021C40029000000766F69642043536368613633E5
:1021D400544472697665723A3A506F6C6C53656E0A
:1021E400736F72282900000025303564253031785A
:1021F400253034580000000043536F6674776172D1
:1022040065436F6D706F6E656E74506F727442616A
:10221400736500000A0A415353455254494F4E20F6
:102224004641494C45443A2066756E6374696F6E45
:10223400200000002C206C696E6520002E0A00002E
:10224400303030313032303330343035303630376E
:102254003038303931303131313231333134313554
:10226400313631373138313932303231323232333A
:102274003234323532363237323832393330333120
:102284003332333333343335333633373338333906
:1022940034303431343234333434343534363437FE
:1022A40034383439353035313532353335343535E4
:1022B40035363537353835393630363136323633CA
:1022C40036343635363636373638363937303731B0
:1022D4003732373337343735373637373738373996
:1022E400383038313832383338343835383638378E
:1022F4003838383939303931393239333934393574
:10230400393639373938393900000000435365729A
:1023140069616C4D6573736167654275696C646569
:102324007200000043616C63756C61746543726391
:10233400000000004172726179456C656D656E74D0
:10234400547970652620544C6162656C65644172F1
:10235400726179496E7465726E616C3C417272612E
:1023640079456C656D656E74547970652C204C618B
:1023740062656C456E756D3E3A3A6F706572617454
:102384006F725B5D284C6162656C456E756D2920CA
:102394005B77697468204172726179456C656D651B
:1023A4006E7454797065203D20435061726974796C
:1023B4004D6F6E69746F723B204C6162656C456E43
:1023C400756D203D204E41747469747564654D6F5C
:1023D4006E69746F724170693A3A534172726179ED
:1023E4004C6162656C6564427941747469747564A6
:1023F400655369676E616C733A3A456E756D5479CD
:1024040070655D002E2E2F2E2E2F2E2E2F30315F35
:102414004C6962726172792F6170692F544C6162E8
:10242400656C656441727261792E680041727261F3
:1024340079456C656D656E74547970652620544CCD
:102444006162656C65644172726179496E7465722A
:102454006E616C3C4172726179456C656D656E7438
:10246400547970652C204C6162656C456E756D3EC7
:102474003A3A6F70657261746F725B5D284C616289
:10248400656C456E756D29205B77697468204172AF
:10249400726179456C656D656E7454797065203D23
:1024A40020434C6F777061737346696C7465723B3B
:1024B400204C6162656C456E756D203D204E4D6FFC
:1024C4006E69746F7254797065733A3A53526564E5
:1024D400756E64616E7453656E736F72446174617A
:1024E400417272617954656D706C6174653A3A45F4
:1024F4006E756D547970655D00000000636F6E73D6
:1025040074204172726179456C656D656E7454799D
:1025140070652620544C6162656C65644172726119
:1025240079496E7465726E616C3C41727261794571
:102534006C656D656E74547970652C204C616265B0
:102544006C456E756D3E3A3A6F70657261746F7268
:102554005B5D284C6162656C456E756D2920636F07
:102564006E7374205B776974682041727261794577
:102574006C656D656E7454797065203D204E4675AA
:1025840073696F6E4C6962436F6D6D6F6E3A3A5347
:1025940041747469747564654F75747075744461BD
:1025A40074613B204C6162656C456E756D203D2005
:1025B4004E4D6F6E69746F7254797065733A3A5305
:1025C400526564756E64616E7453656E736F7244A4
:1025D400617461417272617954656D706C61746586
:1025E4003A3A456E756D547970655D007374617423
:1025F40069635F636173743C57696465725479708D
:10260400655F743E28754469666629203C3D2073E5
:1026140074617469635F636173743C576964657260
:10262400547970655F743E287374643A3A6E756DBC
:10263400657269635F6C696D6974733C696E743348
:10264400325F743E3A3A6D6178282929000000000F
:10265400696E7433325F74204E4E617669676174BB
:10266400696F6E5574696C69746965733A3A446943
:1026740066664F66556E7369676E65642874556E39
:102684007369676E6564547970652C2074556E7334
:1026940069676E65645479706529205B776974682D
:1026A4002074556E7369676E656454797065203D56
:1026B400206C6F6E67206C6F6E6720756E73696730
:1026C4006E656420696E743B20696E7433325F7486
:1026D400203D206C6F6E6720696E745D0000000001
:1026E4002E2E2F2E2E2F2E2E2F30315F4C696272FC
:1026F4006172792F6170692F4E61766967617469BF
:102704006F6E5574696C69746965732E6800000096
:102714004172726179456C656D656E74547970654A
:102724002620544C6162656C65644172726179491A
:102734006E7465726E616C3C4172726179456C6550
:102744006D656E74547970652C204C6162656C45BE
:102754006E756D3E3A3A6F70657261746F725B5D4F
:10276400284C6162656C456E756D29205B776974D0
:1027740068204172726179456C656D656E74547937
:102784007065203D20666C6F61743B204C6162650E
:102794006C456E756D203D204E417474697475648A
:1027A400654D6F6E69746F724170693A3A53417244
:1027B4007261794C6162656C6564427941747469D3
:1027C400747564655369676E616C733A3A456E75E6
:1027D4006D547970655D0000696E646578203E3DD6
:1027E400203020262620696E646578203C20736999
:1027F4007A65282900000000456967656E3A3A4405
:10280400656E7365436F65666673426173653C44C8
:102814006572697665642C20313E3A3A5363616C83
:1028240061722620456967656E3A3A44656E736540
:10283400436F65666673426173653C44657269768D
:1028440065642C20313E3A3A6F70657261746F7220
:10285400282928456967656E3A3A496E646578297E
:10286400205B776974682044657269766564203DED
:1028740020456967656E3A3A4D61747269783C66C1
:102884006C6F61742C20332C20313E3B20536361E8
:102894006C6172203D20666C6F61743B20456967F2
:1028A400656E3A3A496E646578203D20696E745DC0
:1028B400000000002E2E2F2E2E2F2E2E2F39395FA2
:1028C4003372645F70617274792F656967656E2D08
:1028D400332E342E302F456967656E2F7372632F44
:1028E400436F72652F44656E7365436F65666673E7
:1028F400426173652E6800004172726179456C65AE
:102904006D656E74547970652620544C6162656CF3
:1029140065644172726179496E7465726E616C3C72
:102924004172726179456C656D656E745479706538
:102934002C204C6162656C456E756D3E3A3A6F7041
:10294400657261746F725B5D284C6162656C456E83
:10295400756D29205B7769746820417272617945CD
:102964006C656D656E7454797065203D204E4D6FB5
:102974006E69746F7254797065733A3A454465743C
:10298400656374696F6E526573756C743B204C613A
:1029940062656C456E756D203D204E41747469749A
:1029A4007564654D6F6E69746F724170693A3A531C
:1029B40041727261794C6162656C656442794174FB
:1029C4007469747564655369676E616C733A3A45EA
:1029D4006E756D547970655D00000000286F724655
:1029E40061756C747953656E736F72496E64696353
:1029F40065735B655369676E616C5D203E3D203095
:102A04002920262620286F724661756C74795365D7
:102A14006E736F72496E64696365735B655369674E
:102A24006E616C5D203C207374617469635F6361E3
:102A340073743C696E743E2845526564756E6461B6
:102A44006E7453656E736F724C6162656C733A3A5F
:102A540065436F756E74292900000000766F696400
:102A6400205453656E736F724D6F6E69746F723C50
:102A74004D6F6E69746F72506F6C6963793E3A3A48
:102A8400707265706172654F757470757428636FC8
:102A94006E737420526564756E64616E74496E70F1
:102AA400757444617461262C204F75747075744478
:102AB4006174612629205B77697468204D6F6E69A3
:102AC400746F72506F6C696379203D204341747454
:102AD40069747564654D6F6E69746F72506F6C695B
:102AE40063793B20526564756E64616E74496E70DF
:102AF400757444617461203D204E4D6F6E69746F2E
:102B04007254797065733A3A54526564756E6461AF
:102B14006E7453656E736F72446174613C4E467596
:102B240073696F6E4C6962436F6D6D6F6E3A3A53A1
:102B340041747469747564654F7574707574446117
:102B440074612C204E467573696F6E4C6962436FD5
:102B54006D6D6F6E3A3A4553656E736F7249643AA0
:102B64003A65426168727346696C746572312C20EF
:102B74004E467573696F6E4C6962436F6D6D6F6E0F
:102B84003A3A4553656E736F7249643A3A654261E5
:102B940068727346696C746572322C204E46757384
:102BA400696F6E4C6962436F6D6D6F6E3A3A45534F
:102BB400656E736F7249643A3A654261687273462E
:102BC400696C746572333E3B204F75747075744440
:102BD400617461203D204E4D6F6E69746F7254793B
:102BE4007065733A3A544D756C746964696D656EB9
:102BF40073696F6E616C5369676E616C3C4E4174AE
:102C04007469747564654D6F6E69746F724170692F
:102C14003A3A5341727261794C6162656C656442FF
:102C24007941747469747564655369676E616C7312
:102C34003E5D0000433A2F55736572732F666564D9
:102C44006F722F446174612F50726F6A6563745F91
:102C54004E452F34315F436F64655F646576656C00
:102C64006F706D656E745F776F726B2F62616872DF
:102C7400732D73656E736F722D667573696F6E2D28
:102C84006C69622D312F30315F4C696272617279E7
:102C94002F7372632F5453656E736F724D6F6E6929
:102CA400746F722E680000007546696C7465724911
:102CB4006E646578203C2042414852535F46494C3B
:102CC4005445525F434F554E5400000043426168DF
:102CD400727346696C74657226204E426168727321
:102CE40046696C7465724170693A3A4E4261687221
:102CF4007356323A3A7B616E6F6E796D6F75737D80
:102D04003A3A67657446696C746572496E737461A6
:102D14006E63652875696E7433325F742900000030
:102D2400433A2F55736572732F6665646F722F442F
:102D34006174612F50726F6A6563745F4E452F34FE
:102D4400315F436F64655F646576656C6F706D6554
:102D54006E745F776F726B2F62616872732D736527
:102D64006E736F722D667573696F6E2D6C69622D4B
:102D7400312F30315F4C6962726172792F737263E3
:102D84002F426168727346696C7465724170692E72
:102D940063707000636F6E73742041727261794561
:102DA4006C656D656E74547970652620544C61624F
:102DB400656C65644172726179496E7465726E61A5
:102DC4006C3C4172726179456C656D656E745479C1
:102DD40070652C204C6162656C456E756D3E3A3AA7
:102DE4006F70657261746F725B5D284C6162656CB3
:102DF400456E756D2920636F6E7374205B776974FB
:102E040068204172726179456C656D656E745479A0
:102E14007065203D204E467573696F6E4C69624340
:102E24006F6D6D6F6E3A3A534261726F6D65746582
:102E340072446174613B204C6162656C456E756DD2
:102E4400203D204E4D6F6E69746F725479706573B6
:102E54003A3A53526564756E64616E7453656E7369
:102E64006F7244617461417272617954656D706C02
:102E74006174653A3A456E756D547970655D00000C
:102E840073746174696320666C6F6174204342617A
:102E9400726F6D657465724D6F6E69746F72506F89
:102EA4006C6963793C53656E736F724964312C208D
:102EB40053656E736F724964322C2053656E736F61
:102EC400724964333E3A3A6765745363616C617264
:102ED4005369676E616C42794C6162656C496D70CF
:102EE4006C28636F6E7374204E467573696F6E4CF5
:102EF4006962436F6D6D6F6E3A3A534261726F6DE2
:102F04006574657244617461262C204E4261726F4F
:102F14004D6F6E69746F724170693A3A53417272BF
:102F240061794C6162656C65644279507265737352
:102F34007572655369676E616C3A3A456E756D5486
:102F440079706529205B77697468204E46757369CA
:102F54006F6E4C6962436F6D6D6F6E3A3A4553659F
:102F64006E736F7249642053656E736F7249643176
:102F7400203D204E467573696F6E4C6962436F6DD8
:102F84006D6F6E3A3A4553656E736F7249643A3A9F
:102F940065426D703338343B204E467573696F6EED
:102FA4004C6962436F6D6D6F6E3A3A4553656E734B
:102FB4006F7249642053656E736F72496432203DA9
:102FC400204E467573696F6E4C6962436F6D6D6F09
:102FD4006E3A3A4553656E736F7249643A3A65497D
:102FE400636D32303738394261726F313B204E465F
:102FF4007573696F6E4C6962436F6D6D6F6E3A3AAB
:103004004553656E736F7249642053656E736F72B6
:10301400496433203D204E467573696F6E4C696276
:10302400436F6D6D6F6E3A3A4553656E736F7249B7
:10303400643A3A6549636D32303738394261726FA8
:10304400325D0000433A2F55736572732F666564D1
:103054006F722F446174612F50726F6A6563745F7D
:103064004E452F34315F436F64655F646576656CEC
:103074006F706D656E745F776F726B2F62616872CB
:10308400732D73656E736F722D667573696F6E2D14
:103094006C69622D312F30315F4C696272617279D3
:1030A4002F7372632F434261726F6D657465724D45
:1030B4006F6E69746F722E68000000004172726155
:1030C40079456C656D656E74547970652620544C31
:1030D4006162656C65644172726179496E7465728E
:1030E4006E616C3C4172726179456C656D656E749C
:1030F400547970652C204C6162656C456E756D3E2B
:103104003A3A6F70657261746F725B5D284C6162EC
:10311400656C456E756D29205B7769746820417212
:10312400726179456C656D656E7454797065203D86
:1031340020666C6F61743B204C6162656C456E75F2
:103144006D203D204E4261726F4D6F6E69746F72D7
:103154004170693A3A5341727261794C6162656CAB
:103164006564427950726573737572655369676EED
:10317400616C3A3A456E756D547970655D00000076
:1031840073746174696320666C6F61742043426177
:10319400726F6D657465724D6F6E69746F72506F86
:1031A4006C6963793C53656E736F724964312C208A
:1031B40053656E736F724964322C2053656E736F5E
:1031C400724964333E3A3A6765745369676E616C59
:1031D40056617269616E6365496D706C284E4675FF
:1031E40073696F6E4C6962436F6D6D6F6E3A3A45E9
:1031F40053656E736F7249642C204E4261726F4D39
:103204006F6E69746F724170693A3A5341727261B8
:10321400794C6162656C656442795072657373754B
:1032240072655369676E616C3A3A456E756D54798F
:1032340070652C20636F6E737420747970656E6191
:103244006D65204342617365436C6173733A3A431D
:103254004D6561737572656D656E742629205B77A3
:10326400697468204E467573696F6E4C6962436F6A
:103274006D6D6F6E3A3A4553656E736F7249642093
:1032840053656E736F72496431203D204E467573E9
:10329400696F6E4C6962436F6D6D6F6E3A3A455358
:1032A400656E736F7249643A3A65426D70333834AF
:1032B4003B204E467573696F6E4C6962436F6D6D4A
:1032C4006F6E3A3A4553656E736F72496420536565
:1032D4006E736F72496432203D204E467573696F78
:1032E4006E4C6962436F6D6D6F6E3A3A4553656E0D
:1032F400736F7249643A3A6549636D3230373839CD
:103304004261726F313B204E467573696F6E4C6932
:1033140062436F6D6D6F6E3A3A4553656E736F72AB
:1033240049642053656E736F72496433203D204EA7
:10333400467573696F6E4C6962436F6D6D6F6E3A5B
:103344003A4553656E736F7249643A3A6549636DE1
:1033540032303738394261726F323B20747970658C
:103364006E616D65204342617365436C6173733AAA
:103374003A434D6561737572656D656E74203D20C9
:103384004E467573696F6E4C6962436F6D6D6F6EF7
:103394003A3A534261726F6D657465724461746147
:1033A4003B204342617365436C617373203D205439
:1033B4004D6F6E69746F72506F6C6963794261739B
:1033C400653C434261726F6D657465724D6F6E69E1
:1033D400746F72506F6C6963793C4E467573696F94
:1033E4006E4C6962436F6D6D6F6E3A3A4553656E0C
:1033F400736F7249643A3A65426D703338342C20E5
:103404004E467573696F6E4C6962436F6D6D6F6E76
:103414003A3A4553656E736F7249643A3A65496343
:103424006D32303738394261726F312C204E467517
:1034340073696F6E4C6962436F6D6D6F6E3A3A4596
:1034440053656E736F7249643A3A6549636D3230FD
:103454003738394261726F323E2C204E467573699B
:103464006F6E4C6962436F6D6D6F6E3A3A53426191
:10347400726F6D65746572446174612C204E46757B
:1034840073696F6E4C6962436F6D6D6F6E3A3A4546
:1034940053656E736F7249643A3A65426D7033389E
:1034A400342C204E467573696F6E4C6962436F6DA0
:1034B4006D6F6E3A3A4553656E736F7249643A3A6A
:1034C4006549636D32303738394261726F312C206F
:1034D4004E467573696F6E4C6962436F6D6D6F6EA6
:1034E4003A3A4553656E736F7249643A3A65496373
:1034F4006D32303738394261726F322C204E42615E
:10350400726F4D6F6E69746F724170693A3A5341CC
:10351400727261794C6162656C656442795072655E
:1035240073737572655369676E616C2C2032353E16
:103534005D0000004172726179456C656D656E7461
:10354400547970652620544C6162656C65644172DF
:10355400726179496E7465726E616C3C417272611C
:1035640079456C656D656E74547970652C204C6179
:1035740062656C456E756D3E3A3A6F706572617442
:103584006F725B5D284C6162656C456E756D2920B8
:103594005B77697468204172726179456C656D6509
:1035A4006E7454797065203D20435061726974795A
:1035B4004D6F6E69746F723B204C6162656C456E31
:1035C400756D203D204E4261726F4D6F6E69746F50
:1035D400724170693A3A5341727261794C61626521
:1035E4006C6564427950726573737572655369676B
:1035F4006E616C3A3A456E756D547970655D000084
:103604004172726179456C656D656E74547970654B
:103614002620544C6162656C65644172726179491B
:103624006E7465726E616C3C4172726179456C6551
:103634006D656E74547970652C204C6162656C45BF
:103644006E756D3E3A3A6F70657261746F725B5D50
:10365400284C6162656C456E756D29205B776974D1
:1036640068204172726179456C656D656E74547938
:103674007065203D204E4D6F6E69746F7254797081
:1036840065733A3A45446574656374696F6E52654F
:1036940073756C743B204C6162656C456E756D206E
:1036A4003D204E4261726F4D6F6E69746F7241704E
:1036B400693A3A5341727261794C6162656C65642E
:1036C400427950726573737572655369676E616C84
:1036D4003A3A456E756D547970655D00766F69642C
:1036E400205453656E736F724D6F6E69746F723CC4
:1036F4004D6F6E69746F72506F6C6963793E3A3ABC
:10370400707265706172654F757470757428636F3B
:103714006E737420526564756E64616E74496E7064
:10372400757444617461262C204F757470757444EB
:103734006174612629205B77697468204D6F6E6916
:10374400746F72506F6C696379203D2043426172DB
:103754006F6D657465724D6F6E69746F72506F6CC6
:103764006963793C4E467573696F6E4C6962436F49
:103774006D6D6F6E3A3A4553656E736F7249643A74
:103784003A65426D703338342C204E467573696F38
:103794006E4C6962436F6D6D6F6E3A3A4553656E58
:1037A400736F7249643A3A6549636D323037383918
:1037B4004261726F312C204E467573696F6E4C698D
:1037C40062436F6D6D6F6E3A3A4553656E736F72F7
:1037D40049643A3A6549636D323037383942617227
:1037E4006F323E3B20526564756E64616E74496E3F
:1037F40070757444617461203D204E4D6F6E697420
:103804006F7254797065733A3A54526564756E6494
:10381400616E7453656E736F72446174613C4E469D
:103824007573696F6E4C6962436F6D6D6F6E3A3A72
:10383400534261726F6D65746572446174612C20CA
:103844004E467573696F6E4C6962436F6D6D6F6E32
:103854003A3A4553656E736F7249643A3A65426DFC
:10386400703338342C204E467573696F6E4C696220
:10387400436F6D6D6F6E3A3A4553656E736F72495F
:10388400643A3A6549636D32303738394261726F50
:10389400312C204E467573696F6E4C6962436F6DAF
:1038A4006D6F6E3A3A4553656E736F7249643A3A76
:1038B4006549636D32303738394261726F323E3B4D
:1038C400204F757470757444617461203D204E4DB1
:1038D4006F6E69746F7254797065733A3A544D75AA
:1038E4006C746964696D656E73696F6E616C53693C
:1038F400676E616C3C4E4261726F4D6F6E69746F9E
:10390400724170693A3A5341727261794C616265ED
:103914006C65644279507265737375726553696737
:103924006E616C3E5D0000007374617469632066AF
:103934006C6F6174204341747469747564654D6F70
:103944006E69746F72506F6C6963793A3A67657423
:103954005363616C61725369676E616C42794C6147
:1039640062656C496D706C28636F6E7374204E468B
:103974007573696F6E4C6962436F6D6D6F6E3A3A21
:103984005341747469747564654F757470757444C7
:10399400617461262C204E41747469747564654D9C
:1039A4006F6E69746F724170693A3A534172726111
:1039B400794C6162656C65644279417474697475AB
:1039C40064655369676E616C733A3A456E756D54FC
:1039D4007970652900000000433A2F5573657273AE
:1039E4002F6665646F722F446174612F50726F6A21
:1039F4006563745F4E452F34315F436F64655F6464
:103A04006576656C6F706D656E745F776F726B2F22
:103A140062616872732D73656E736F722D66757350
:103A2400696F6E2D6C69622D312F30315F4C696284
:103A3400726172792F7372632F4341747469747560
:103A440064654D6F6E69746F722E63707000000050
:103A540073746174696320666C6F6174204341748C
:103A64007469747564654D6F6E69746F72506F6CB0
:103A74006963793A3A6765745369676E616C566134
:103A84007269616E6365496D706C284E4675736921
:103A94006F6E4C6962436F6D6D6F6E3A3A45536554
:103AA4006E736F7249642C204E417474697475642A
:103AB400654D6F6E69746F724170693A3A53417221
:103AC4007261794C6162656C6564427941747469B0
:103AD400747564655369676E616C733A3A456E75C3
:103AE4006D547970652C20636F6E737420544D6F20
:103AF4006E69746F72506F6C696379426173653C6F
:103B04004341747469747564654D6F6E69746F7242
:103B1400506F6C6963792C204E467573696F6E4CD7
:103B24006962436F6D6D6F6E3A3A53417474697490
:103B34007564654F7574707574446174612C204E9E
:103B4400467573696F6E4C6962436F6D6D6F6E3A43
:103B54003A4553656E736F7249643A3A65426168D7
:103B6400727346696C746572312C204E46757369A4
:103B74006F6E4C6962436F6D6D6F6E3A3A45536573
:103B84006E736F7249643A3A65426168727346694A
:103B94006C746572322C204E467573696F6E4C6975
:103BA40062436F6D6D6F6E3A3A4553656E736F7213
:103BB40049643A3A65426168727346696C74657225
:103BC400332C204E41747469747564654D6F6E694D
:103BD400746F724170693A3A5341727261794C61FF
:103BE40062656C6564427941747469747564655383
:103BF40069676E616C732C203130303E3A3A434D24
:103C04006561737572656D656E7426290000000028
:103C140073746174696320666C6F617420434174CA
:103C24007469747564654D6F6E69746F72506F6CEE
:103C34006963793A3A67657446696C746572656458
:103C44005369676E616C56617269616E6365496D33
:103C5400706C284E467573696F6E4C6962436F6D64
:103C64006D6F6E3A3A4553656E736F7249642C20DA
:103C74004E41747469747564654D6F6E69746F72C6
:103C84004170693A3A5341727261794C6162656C70
:103C94006564427941747469747564655369676EC7
:103CA400616C733A3A456E756D547970652C206376
:103CB4006F6E737420544D6F6E69746F72506F6CB5
:103CC400696379426173653C4341747469747564D2
:103CD400654D6F6E69746F72506F6C6963792C20D7
:103CE4004E467573696F6E4C6962436F6D6D6F6E8E
:103CF4003A3A5341747469747564654F7574707598
:103D040074446174612C204E467573696F6E4C69FE
:103D140062436F6D6D6F6E3A3A4553656E736F72A1
:103D240049643A3A65426168727346696C746572B3
:103D3400312C204E467573696F6E4C6962436F6D0A
:103D44006D6F6E3A3A4553656E736F7249643A3AD1
:103D540065426168727346696C746572322C204ED8
:103D6400467573696F6E4C6962436F6D6D6F6E3A21
:103D74003A4553656E736F7249643A3A65426168B5
:103D8400727346696C746572332C204E4174746985
:103D9400747564654D6F6E69746F724170693A3AF7
:103DA4005341727261794C6162656C656442794118
:103DB400747469747564655369676E616C732C20DF
:103DC4003130303E3A3A435363616C6172536967F0
:103DD4006E616C73262900007374617469632043F7
:103DE4005061726974794D6F6E69746F723A3A53A7
:103DF400506172616D6574657273204341747469B6
:103E0400747564654D6F6E69746F72506F6C69631D
:103E1400793A3A6765745061726974794D6F6E6965
:103E2400746F72506172616D6574657273496D70FF
:103E34006C284E41747469747564654D6F6E697451
:103E44006F724170693A3A5341727261794C61629E
:103E5400656C656442794174746974756465536909
:103E6400676E616C733A3A456E756D547970652965
:103E7400000000002869496E646578203E202D31D9
:103E840029202626202869496E646578203C20690B
:103E940053697A655F2920262620286953697A6543
:103EA4005F203E2030290000745479706526204339
:103EB40052696E674275666665723C7454797065C2
:103EC4002C206943617061636974793E3A3A6F707A
:103ED400657261746F72282928696E7429205B7772
:103EE400697468207454797065203D204342616888
:103EF400727346696C7465723A3A53496D754461DC
:103F040074613B20696E74206943617061636974F4
:103F140079203D20335D0000433A2F557365727359
:103F24002F6665646F722F446174612F50726F6ADB
:103F34006563745F4E452F34315F436F64655F641E
:103F44006576656C6F706D656E745F776F726B2FDD
:103F540062616872732D73656E736F722D6675730B
:103F6400696F6E2D6C69622D312F30315F4C69623F
:103F7400726172792F7372632F4352696E6742754F
:103F8400666665722E680000726F77203E3D2030B1
:103F940020262620726F77203C20726F77732829A1
:103FA40020262620636F6C203E3D203020262620CC
:103FB400636F6C203C20636F6C7328290000000041
:103FC400456967656E3A3A44656E7365436F656625
:103FD4006673426173653C446572697665642C203E
:103FE400313E3A3A5363616C6172262045696765D4
:103FF4006E3A3A44656E7365436F656666734261F3
:1040040073653C446572697665642C20313E3A3AA6
:104014006F70657261746F72282928456967656ECF
:104024003A3A496E6465782C20456967656E3A3A78
:10403400496E64657829205B7769746820446572E9
:1040440069766564203D20456967656E3A3A4D613D
:10405400747269783C666C6F61742C20312C203149
:10406400392C20312C20312C2031393E3B20536314
:10407400616C6172203D20666C6F61743B20456900
:1040840067656E3A3A496E646578203D20696E74BE
:104094005D000000456967656E3A3A44656E736574
:1040A400436F65666673426173653C446572697605
:1040B40065642C20313E3A3A5363616C6172262068
:1040C400456967656E3A3A44656E7365436F656624
:1040D4006673426173653C446572697665642C203D
:1040E400313E3A3A6F70657261746F7228292845BF
:1040F4006967656E3A3A496E6465782C204569674C
:10410400656E3A3A496E64657829205B776974680C
:104114002044657269766564203D20456967656E53
:104124003A3A4D61747269783C666C6F61742C2004
:1041340031392C2031392C20302C2031392C2031AC
:10414400393E3B205363616C6172203D20666C6F85
:1041540061743B20456967656E3A3A496E646578D7
:10416400203D20696E745D007374617274526F77C0
:10417400203E3D203020262620426C6F636B526F18
:104184007773203E3D20302026262073746172749C
:10419400526F77202B20426C6F636B526F777320C2
:1041A4003C3D207870722E726F7773282920262662
:1041B400207374617274436F6C203E3D203020265E
:1041C4002620426C6F636B436F6C73203E3D20303E
:1041D400202626207374617274436F6C202B204256
:1041E4006C6F636B436F6C73203C3D207870722E50
:1041F400636F6C7328290000456967656E3A3A421B
:104204006C6F636B3C587072547970652C20426CEF
:104214006F636B526F77732C20426C6F636B436FC9
:104224006C732C20496E6E657250616E656C3E3AFB
:104234003A426C6F636B2858707254797065262CFF
:1042440020456967656E3A3A496E6465782C204565
:104254006967656E3A3A496E64657829205B7769C7
:1042640074682058707254797065203D20456967E0
:10427400656E3A3A4D61747269783C666C6F61742C
:104284002C2031392C2031392C20302C2031392C60
:104294002031393E3B20696E7420426C6F636B524F
:1042A4006F7773203D20323B20696E7420426C6F1F
:1042B400636B436F6C73203D20323B20626F6F6CE5
:1042C40020496E6E657250616E656C203D2066619A
:1042D4006C73653B20456967656E3A3A496E64655F
:1042E40078203D20696E745D000000002E2E2F2E74
:1042F4002E2F2E2E2F39395F3372645F70617274E2
:10430400792F656967656E2D332E342E302F4569FC
:1043140067656E2F7372632F436F72652F426C6FE4
:10432400636B2E6800000000745479706526204386
:1043340052696E674275666665723C74547970653D
:104344002C206943617061636974793E3A3A6F70F5
:10435400657261746F72282928696E7429205B77ED
:10436400697468207454797065203D204E467573D5
:10437400696F6E4C6962436F6D6D6F6E3A3A53426A
:1043840061726F6D65746572446174613B20696E1E
:104394007420694361706163697479203D20335DE1
:1043A40000000000456967656E3A3A426C6F636BC2
:1043B4003C587072547970652C20426C6F636B5258
:1043C4006F77732C20426C6F636B436F6C732C207C
:1043D400496E6E657250616E656C3E3A3A426C6F1E
:1043E400636B2858707254797065262C2045696770
:1043F400656E3A3A496E6465782C20456967656E46
:104404003A3A496E64657829205B77697468205864
:10441400707254797065203D20456967656E3A3A3B
:104424004D61747269783C666C6F61742C2031390B
:104434002C2031392C20302C2031392C2031393E9C
:104444003B20696E7420426C6F636B526F777320EC
:104454003D20323B20696E7420426C6F636B436F66
:104464006C73203D20333B20626F6F6C20496E6E6D
:10447400657250616E656C203D2066616C73653BAE
:1044840020456967656E3A3A496E646578203D2037
:10449400696E745D00000000636F6E737420745461
:1044A40079706526204352696E6742756666657247
:1044B4003C74547970652C2069436170616369743C
:1044C400793E3A3A6F70657261746F72282928696F
:1044D4006E742920636F6E7374205B77697468202F
:1044E4007454797065203D20434261687273466953
:1044F4006C7465723A3A53496D75446174613B203A
:10450400696E7420694361706163697479203D2028
:10451400335D0000456967656E3A3A44656E7365BC
:10452400436F65666673426173653C446572697680
:1045340065642C20313E3A3A5363616C61722620E3
:10454400456967656E3A3A44656E7365436F65669F
:104554006673426173653C446572697665642C20B8
:10456400313E3A3A6F70657261746F72282928453A
:104574006967656E3A3A496E64657829205B7769A4
:1045840074682044657269766564203D20456967D6
:10459400656E3A3A4D61747269783C666C6F617409
:1045A4002C2031392C20312C20302C2031392C2056
:1045B400313E3B205363616C6172203D20666C6F19
:1045C40061743B20456967656E3A3A496E64657863
:1045D400203D20696E745D00456967656E3A3A4214
:1045E4006C6F636B3C587072547970652C20426C0C
:1045F4006F636B526F77732C20426C6F636B436FE6
:104604006C732C20496E6E657250616E656C3E3A17
:104614003A426C6F636B2858707254797065262C1B
:1046240020456967656E3A3A496E6465782C204581
:104634006967656E3A3A496E64657829205B7769E3
:1046440074682058707254797065203D20456967FC
:10465400656E3A3A4D61747269783C666C6F617448
:104664002C2031392C2031392C20302C2031392C7C
:104674002031393E3B20696E7420426C6F636B526B
:104684006F7773203D2031393B20696E7420426C72
:104694006F636B436F6C73203D20313B20626F6FFF
:1046A4006C20496E6E657250616E656C203D2066AB
:1046B400616C73653B20456967656E3A3A496E647F
:1046C4006578203D20696E745D0000006B6F724256
:1046D4006C6F636B4D61702E476574426C6F636BD6
:1046E4005374617274526F77496E646578286B6F86
:1046F40072426C6F636B4D61702E476574426C6FD0
:10470400636B5374617274526F77496E6465784356
:104714006F756E742829202D203129203C206B6F61
:10472400724C6566742E726F77732829000000003E
:10473400456967656E3A3A4D61747269783C7454A0
:104744007970652C2069526F77734C6566742C20E0
:1047540069436F6C7352696768743E204D6174726B
:10476400697850726F64756374426C6F636B4C65E7
:10477400667428636F6E737420456967656E3A3A90
:104784004D61747269783C74547970652C20695257
:104794006F77734C6566742C2069436F6C734C653A
:1047A40066743E262C20636F6E73742045696765BA
:1047B4006E3A3A4D61747269783C74547970652C20
:1047C4002069436F6C734C6566742C2069436F6C6D
:1047D4007352696768743E262C20636F6E7374206D
:1047E40043426C6F636B4D61747269784D617026DE
:1047F40029205B77697468207454797065203D20A2
:10480400666C6F61743B20696E742069526F7773B4
:104814004C656674203D2031393B20696E742069F3
:10482400436F6C734C656674203D2031393B2069BD
:104834006E742069436F6C735269676874203D20FD
:1048440031395D00433A2F55736572732F66656481
:104854006F722F446174612F50726F6A6563745F65
:104864004E452F34315F436F64655F646576656CD4
:104874006F706D656E745F776F726B2F62616872B3
:10488400732D73656E736F722D667573696F6E2DFC
:104894006C69622D312F30315F4C696272617279BB
:1048A4002F7372632F43426C6F636B4D6174726933
:1048B400784D61702E6800006B6F72426C6F636B91
:1048C4004D61702E476574426C6F636B53746172F3
:1048D40074436F6C756D6E496E646578286B6F7286
:1048E400426C6F636B4D61702E476574426C6F63ED
:1048F4006B5374617274436F6C756D6E496E64654D
:1049040078436F756E742829202D203129203C208E
:104914006B6F724C6566742E636F6C73282900008C
:10492400456967656E3A3A44656E7365436F6566BB
:104934006673426173653C446572697665642C20D4
:10494400303E3A3A436F65666652657475726E54CA
:1049540079706520456967656E3A3A44656E73659A
:10496400436F65666673426173653C44657269763C
:1049740065642C20303E3A3A6F70657261746F72D0
:10498400282928456967656E3A3A496E6465782C2A
:1049940020456967656E3A3A496E646578292063F3
:1049A4006F6E7374205B77697468204465726976EE
:1049B4006564203D20456967656E3A3A4D617472BD
:1049C40069783C666C6F61742C2031392C20313944
:1049D4002C20302C2031392C2031393E3B20436FA0
:1049E40065666652657475726E54797065203D20F3
:1049F400636F6E737420666C6F6174263B20456927
:104A040067656E3A3A496E646578203D20696E7434
:104A14005D0000006B6F72426C6F636B4D61702EB2
:104A2400476574426C6F636B5374617274526F7731
:104A3400496E646578286B6F72426C6F636B4D616D
:104A4400702E476574426C6F636B53746172745259
:104A54006F77496E646578436F756E742829202DCD
:104A6400203129203C206B6F7252696768742E7262
:104A74006F77732829000000456967656E3A3A4DDF
:104A840061747269783C74547970652C2069526F32
:104A940077734C6566742C2069436F6C7352696735
:104AA40068743E204D617472697850726F647563E6
:104AB40074426C6F636B526967687428636F6E73BA
:104AC4007420456967656E3A3A4D61747269783C41
:104AD40074547970652C2069526F77734C656674D1
:104AE4002C2069436F6C734C6566743E262C2063DE
:104AF4006F6E737420456967656E3A3A4D617472DE
:104B040069783C74547970652C2069436F6C734CDC
:104B14006566742C2069436F6C7352696768743ED0
:104B2400262C20636F6E73742043426C6F636B4D4D
:104B340061747269784D61702629205B77697468A5
:104B4400207454797065203D20666C6F61743B203D
:104B5400696E742069526F77734C656674203D20CA
:104B640031393B20696E742069436F6C734C656600
:104B740074203D2031393B20696E742069436F6C89
:104B8400735269676874203D2031395D000000006C
:104B94006B6F72426C6F636B4D61702E476574422C
:104BA4006C6F636B5374617274436F6C756D6E4993
:104BB4006E646578286B6F72426C6F636B4D6170C5
:104BC4002E476574426C6F636B5374617274436FE8
:104BD4006C756D6E496E646578436F756E742829C3
:104BE400202D203129203C206B6F72526967687434
:104BF4002E636F6C73282900737461746963206970
:104C04006E742043426168727346696C7465723ACB
:104C14003A434572726F7253746174654D61703AB0
:104C24003A5374617274496E6465782845457272AA
:104C34006F7253746174657329000000433A2F55F1
:104C4400736572732F6665646F722F446174612F8C
:104C540050726F6A6563745F4E452F34315F436FE2
:104C640064655F646576656C6F706D656E745F779F
:104C74006F726B2F62616872732D73656E736F72DE
:104C84002D667573696F6E2D6C69622D312F30310D
:104C94005F4C6962726172792F7372632F43426150
:104CA40068727346696C7465724572726F7253747C
:104CB4006174654D61702E6370700000737461746B
:104CC400696320636F6E7374204342616872734634
:104CD400696C7465723A3A5354756E696E675061C3
:104CE40072616D73262043426168727346696C7405
:104CF40065723A3A434B6654756E696E67506172D9
:104D0400616D7344617461626173653A3A476574B5
:104D1400506172616D73284E467573696F6E4C698C
:104D240062436F6D6D6F6E3A3A4553656E736F7281
:104D340049642900433A2F55736572732F6665647D
:104D44006F722F446174612F50726F6A6563745F70
:104D54004E452F34315F436F64655F646576656CDF
:104D64006F706D656E745F776F726B2F62616872BE
:104D7400732D73656E736F722D667573696F6E2D07
:104D84006C69622D312F30315F4C696272617279C6
:104D94002F7372632F43426168727346696C746542
:104DA4007254756E696E67506172616D734461749B
:104DB40061626173652E63707000000073746174C6
:104DC400696320666C6F6174204342616872734644
:104DD400696C7465723A3A434B6654756E696E67D2
:104DE400506172616D7344617461626173653A3AD2
:104DF40047657450726573737572654E6F69736538
:104E0400566172284E467573696F6E4C6962436FC2
:104E14006D6D6F6E3A3A4553656E736F72496429CE
:104E24000000000069426C6F636B537461727452CA
:104E34006F77496E646578436F756E745F203E20AA
:104E44003000000043426C6F636B4D61747269788B
:104E54004D61703A3A43426C6F636B4D6174726991
:104E6400784D6170287374643A3A696E6974696143
:104E74006C697A65725F6C6973743C696E743E2CFC
:104E8400207374643A3A696E697469616C697A650D
:104E9400725F6C6973743C696E743E2C2073746425
:104EA4003A3A696E697469616C697A65725F6C69B2
:104EB40073743C7374643A3A696E697469616C69B9
:104EC4007A65725F6C6973743C626F6F6C3E203EEE
:104ED40029000000433A2F55736572732F66656489
:104EE4006F722F446174612F50726F6A6563745FCF
:104EF4004E452F34315F436F64655F646576656C3E
:104F04006F706D656E745F776F726B2F626168721C
:104F1400732D73656E736F722D667573696F6E2D65
:104F24006C69622D312F30315F4C69627261727924
:104F34002F7372632F43426C6F636B4D617472699C
:104F4400784D61702E6370700000000069426C6FD0
:104F5400636B5374617274436F6C756D6E496E64E8
:104F64006578436F756E745F203E2030000000004A
:104F740069426C6F636B5374617274526F77496EDC
:104F8400646578436F756E745F203C3D20736B6974
:104F94004D6178426C6F636B436F756E745F000094
:104FA40069426C6F636B5374617274436F6C756D9B
:104FB4006E496E646578436F756E745F203C3D2066
:104FC400736B694D6178426C6F636B436F756E747C
:104FD4005F00000030203D3D2069456C656D656EC5
:104FE4007400000069456C656D656E74203E20692F
:104FF40050726576696F7573000000006F49735ACB
:1050040065726F426C6F636B4D61702E73697A6564
:105014002829203D3D207374617469635F63617363
:10502400743C73697A655F743E2869426C6F636B84
:105034005374617274526F77496E646578436F7507
:105044006E745F29000000006B6F724C6973742EDC
:1050540073697A652829203D3D20737461746963FE
:105064005F636173743C73697A655F743E28694257
:105074006C6F636B5374617274436F6C756D6E49BE
:105084006E646578436F756E745F290069496E6458
:105094006578203E3D203000696E742043426C6F79
:1050A400636B4D61747269784D61703A3A47657407
:1050B400426C6F636B5374617274526F77496E64A0
:1050C400657828696E742920636F6E73740000001C
:1050D40069496E646578203C2069426C6F636B5348
:1050E40074617274526F77496E646578436F756E3C
:1050F400745F0000696E742043426C6F636B4D6192
:10510400747269784D61703A3A476574426C6F63A2
:105114006B5374617274436F6C756D6E496E646524
:105124007828696E742920636F6E73740000000020
:1051340069496E646578203C2069426C6F636B53E7
:1051440074617274436F6C756D6E496E64657843F7
:105154006F756E745F00000069526F77496E646505
:1051640078203E3D20300000626F6F6C2043426C1B
:105174006F636B4D61747269784D61703A3A49732B
:105184005A65726F426C6F636B28696E742C206968
:105194006E742920636F6E737400000069436F6C32
:1051A400496E646578203E3D2030000069526F7777
:1051B400496E646578203C2069426C6F636B53745C
:1051C400617274526F77496E646578436F756E745B
:1051D4005F00000069436F6C496E646578203C2071
:1051E40069426C6F636B5374617274436F6C756D59
:1051F4006E496E646578436F756E745F00000000DD
:105204007374643A3A697366696E697465286643AF
:1052140075746F66664672657175656E6379487AF2
:1052240029000000766F69642043427574746572C6
:10523400776F7274684C6F775061737346696C74DE
:105244006572323A3A436F6E6669677572652866AD
:105254006C6F61742C20666C6F617429000000000F
:10526400433A2F55736572732F6665646F722F44CA
:105274006174612F50726F6A6563745F4E452F3499
:10528400315F436F64655F646576656C6F706D65EF
:105294006E745F776F726B2F62616872732D7365C2
:1052A4006E736F722D667573696F6E2D6C69622DE6
:1052B400312F30315F4C6962726172792F7372637E
:1052C4002F43427574746572776F7274684C6F778C
:1052D4005061737346696C746572322E637070002A
:1052E400664375746F66664672657175656E63793B
:1052F400487A203E20302E30460000007374643A11
:105304003A697366696E697465286653616D706C79
:10531400696E674672657175656E6379487A2900AE
:105324006653616D706C696E674672657175656E02
:105334006379487A203E20302E30460066437574E7
:105344006F66664672657175656E6379487A203C4E
:105354002028302E3546202A206653616D706C69F2
:105364006E674672657175656E6379487A290000C7
:1053740073746174696320666C6F61742043506157
:10538400726974794D6F6E69746F723A3A636F6DB6
:10539400707574654465636973696F6E566172698B
:1053A40061626C6528636F6E737420456967656E0E
:1053B4003A3A566563746F723366262C20636F6EB7
:1053C400737420456967656E3A3A566563746F7203
:1053D4003366262C20696E7429000000433A2F5549
:1053E400736572732F6665646F722F446174612FE5
:1053F40050726F6A6563745F4E452F34315F436F3B
:1054040064655F646576656C6F706D656E745F77F7
:105414006F726B2F62616872732D73656E736F7236
:105424002D667573696F6E2D6C69622D312F303165
:105434005F4C6962726172792F7372632F4350619A
:10544400726974794D6F6E69746F722E6370700037
:1054540028696E7465726E616C3A3A55496E74507F
:10546400747228656967656E5F756E616C69676ED5
:1054740065645F61727261795F6173736572745F91
:10548400776F726B61726F756E645F6763633437D5
:105494002861727261792929202620283135292929
:1054A400203D3D2030202626202274686973206127
:1054B4007373657274696F6E206973206578706C9C
:1054C40061696E656420686572653A2022202268ED
:1054D4007474703A2F2F656967656E2E74757866DB
:1054E400616D696C792E6F72672F646F782D6465B6
:1054F40076656C2F67726F75705F5F546F70696348
:10550400556E616C69676E6564417272617941734D
:10551400736572742E68746D6C222022202A2A2AE4
:105524002A2052454144205448495320574542209B
:105534005041474520212121202A2A2A2A220000DD
:10554400456967656E3A3A696E7465726E616C3A64
:105554003A706C61696E5F61727261793C542C209F
:1055640053697A652C204D61747269784F72417267
:105574007261794F7074696F6E732C2031363E3AC4
:105584003A706C61696E5F61727261792829205B7F
:10559400776974682054203D20666C6F61743B20E9
:1055A400696E742053697A65203D20343B20696E0E
:1055B40074204D61747269784F7241727261794FCF
:1055C4007074696F6E73203D20305D002E2E2F2E77
:1055D4002E2F2E2E2F39395F3372645F70617274EF
:1055E400792F656967656E2D332E342E302F45690A
:1055F40067656E2F7372632F436F72652F44656EF8
:10560400736553746F726167652E680041727261CD
:1056140079456C656D656E74547970652620544CBB
:105624006162656C65644172726179496E74657218
:105634006E616C3C4172726179456C656D656E7426
:10564400547970652C204C6162656C456E756D3EB5
:105654003A3A6F70657261746F725B5D284C616277
:10566400656C456E756D29205B776974682041729D
:10567400726179456C656D656E7454797065203D11
:1056840020435061726974794D6F6E69746F723B17
:10569400204C6162656C456E756D203D204E496DF0
:1056A400754D6F6E69746F724170693A3A53417205
:1056B4007261794C6162656C65644279496D7553B8
:1056C40069676E616C733A3A456E756D54797065AD
:1056D4005D0000004172726179456C656D656E74A0
:1056E400547970652620544C6162656C656441721E
:1056F400726179496E7465726E616C3C417272615B
:1057040079456C656D656E74547970652C204C61B7
:1057140062656C456E756D3E3A3A6F706572617480
:105724006F725B5D284C6162656C456E756D2920F6
:105734005B77697468204172726179456C656D6547
:105744006E7454797065203D204E4D6F6E69746F90
:105754007254797065733A3A454465746563746943
:105764006F6E526573756C743B204C6162656C4559
:105774006E756D203D204E496D754D6F6E69746F69
:10578400724170693A3A5341727261794C6162654F
:105794006C65644279496D755369676E616C733ADF
:1057A4003A456E756D547970655D0000636F6E7374
:1057B40074204172726179456C656D656E745479BB
:1057C40070652620544C6162656C65644172726137
:1057D40079496E7465726E616C3C4172726179458F
:1057E4006C656D656E74547970652C204C616265CE
:1057F4006C456E756D3E3A3A6F70657261746F7286
:105804005B5D284C6162656C456E756D2920636F24
:105814006E7374205B776974682041727261794594
:105824006C656D656E7454797065203D204E4675C7
:1058340073696F6E4C6962436F6D6D6F6E3A3A5364
:10584400496D754D6561737572656D656E743B2048
:105854004C6162656C456E756D203D204E4D6F6EDA
:1058640069746F7254797065733A3A53526564750A
:105874006E64616E7453656E736F724461746141DA
:105884007272617954656D706C6174653A3A456EF3
:10589400756D547970655D00766F69642054536545
:1058A4006E736F724D6F6E69746F723C4D6F6E697B
:1058B400746F72506F6C6963793E3A3A70726570B6
:1058C4006172654F757470757428636F6E7374209C
:1058D400526564756E64616E74496E70757444616A
:1058E4007461262C204F757470757444617461263C
:1058F40029205B77697468204D6F6E69746F7250EC
:105904006F6C696379203D2043496D754D6F6E69F5
:10591400746F72506F6C6963793C4E467573696F2E
:105924006E4C6962436F6D6D6F6E3A3A4553656EA6
:10593400736F7249643A3A65536368613633542C21
:10594400204E467573696F6E4C6962436F6D6D6F5F
:105954006E3A3A4553656E736F7249643A3A6549D3
:10596400636D3230373839496D75312C204E4675A8
:1059740073696F6E4C6962436F6D6D6F6E3A3A4531
:1059840053656E736F7249643A3A6549636D323098
:10599400373839496D75323E3B20526564756E6403
:1059A400616E74496E70757444617461203D204E5B
:1059B4004D6F6E69746F7254797065733A3A5452CC
:1059C4006564756E64616E7453656E736F72446161
:1059D40074613C4E467573696F6E4C6962436F6DBA
:1059E4006D6F6E3A3A53496D754D656173757265A5
:1059F4006D656E742C204E467573696F6E4C6962CA
:105A0400436F6D6D6F6E3A3A4553656E736F7249AD
:105A1400643A3A65536368613633542C204E4675B4
:105A240073696F6E4C6962436F6D6D6F6E3A3A4580
:105A340053656E736F7249643A3A6549636D3230E7
:105A4400373839496D75312C204E467573696F6E40
:105A54004C6962436F6D6D6F6E3A3A4553656E7370
:105A64006F7249643A3A6549636D3230373839495F
:105A74006D75323E3B204F7574707574446174616A
:105A8400203D204E4D6F6E69746F7254797065734A
:105A94003A3A544D756C746964696D656E73696FD7
:105AA4006E616C5369676E616C3C4E496D754D6FE8
:105AB4006E69746F724170693A3A534172726179D6
:105AC4004C6162656C65644279496D755369676EB2
:105AD400616C733E5D0000007374617469632066D9
:105AE4006C6F61742043496D754D6F6E69746F728C
:105AF400506F6C6963793C53656E736F724964319E
:105B04002C2053656E736F724964322C2053656E7A
:105B1400736F724964333E3A3A67657446696C74CC
:105B2400657265645369676E616C56617269616E12
:105B34006365496D706C284E467573696F6E4C6968
:105B440062436F6D6D6F6E3A3A4553656E736F7253
:105B540049642C20747970656E616D6520434261DF
:105B64007365436C6173733A3A455363616C617254
:105B74005369676E616C4C6162656C732C20636F52
:105B84006E737420747970656E616D652043426133
:105B94007365436C6173733A3A435363616C617226
:105BA4005369676E616C732629205B77697468207A
:105BB4004E467573696F6E4C6962436F6D6D6F6E9F
:105BC4003A3A4553656E736F7249642053656E7338
:105BD4006F72496431203D204E467573696F6E4C77
:105BE4006962436F6D6D6F6E3A3A4553656E736FBC
:105BF4007249643A3A65536368613633543B204EC4
:105C0400467573696F6E4C6962436F6D6D6F6E3A62
:105C14003A4553656E736F7249642053656E736FB2
:105C240072496432203D204E467573696F6E4C692B
:105C340062436F6D6D6F6E3A3A4553656E736F7262
:105C440049643A3A6549636D3230373839496D757C
:105C5400313B204E467573696F6E4C6962436F6DBC
:105C64006D6F6E3A3A4553656E736F724964205393
:105C7400656E736F72496433203D204E46757369B7
:105C84006F6E4C6962436F6D6D6F6E3A3A45536542
:105C94006E736F7249643A3A6549636D32303738CE
:105CA40039496D75323B20747970656E616D65207C
:105CB4004342617365436C6173733A3A455363615C
:105CC4006C61725369676E616C4C6162656C7320C0
:105CD4003D204E496D754D6F6E69746F72417069E8
:105CE4003A3A5341727261794C6162656C656442FF
:105CF40079496D755369676E616C733A3A456E758F
:105D04006D547970653B204342617365436C6173E4
:105D140073203D20544D6F6E69746F72506F6C69BF
:105D24006379426173653C43496D754D6F6E697467
:105D34006F72506F6C6963793C4E467573696F6E10
:105D44004C6962436F6D6D6F6E3A3A4553656E737D
:105D54006F7249643A3A65536368613633542C2050
:105D64004E467573696F6E4C6962436F6D6D6F6EED
:105D74003A3A4553656E736F7249643A3A654963BA
:105D84006D3230373839496D75312C204E46757374
:105D9400696F6E4C6962436F6D6D6F6E3A3A45532D
:105DA400656E736F7249643A3A6549636D32303790
:105DB4003839496D75323E2C204E467573696F6EC5
:105DC4004C6962436F6D6D6F6E3A3A53496D754D10
:105DD4006561737572656D656E742C204E467573BE
:105DE400696F6E4C6962436F6D6D6F6E3A3A4553DD
:105DF400656E736F7249643A3A655363686136330A
:105E0400542C204E467573696F6E4C6962436F6DF6
:105E14006D6F6E3A3A4553656E736F7249643A3AE0
:105E24006549636D3230373839496D75312C204EF0
:105E3400467573696F6E4C6962436F6D6D6F6E3A30
:105E44003A4553656E736F7249643A3A6549636DB6
:105E54003230373839496D75322C204E496D754DC5
:105E64006F6E69746F724170693A3A53417272612C
:105E7400794C6162656C65644279496D75536967F3
:105E84006E616C732C203230303E3B207479706527
:105E94006E616D65204342617365436C6173733A4F
:105EA4003A435363616C61725369676E616C73202A
:105EB4003D20544C6162656C65644172726179493C
:105EC4006E7465726E616C3C666C6F61742C204EEE
:105ED400496D754D6F6E69746F724170693A3A53CA
:105EE40041727261794C6162656C65644279496D95
:105EF400755369676E616C733A3A456E756D547982
:105F040070653E5D00000000433A2F55736572735F
:105F14002F6665646F722F446174612F50726F6ACB
:105F24006563745F4E452F34315F436F64655F640E
:105F34006576656C6F706D656E745F776F726B2FCD
:105F440062616872732D73656E736F722D667573FB
:105F5400696F6E2D6C69622D312F30315F4C69622F
:105F6400726172792F7372632F43496D754D6F6E31
:105F740069746F722E6800007374617469632066BB
:105F84006C6F61742043496D754D6F6E69746F72E7
:105F9400506F6C6963793C53656E736F72496431F9
:105FA4002C2053656E736F724964322C2053656ED6
:105FB400736F724964333E3A3A6765745363616C34
:105FC40061725369676E616C42794C6162656C49B8
:105FD4006D706C28636F6E7374204E467573696FB1
:105FE4006E4C6962436F6D6D6F6E3A3A53496D75CD
:105FF4004D6561737572656D656E74262C204E490E
:106004006D754D6F6E69746F724170693A3A5341A0
:10601400727261794C6162656C65644279496D752F
:106024005369676E616C733A3A456E756D54797055
:106034006529205B77697468204E467573696F6EB5
:106044004C6962436F6D6D6F6E3A3A4553656E737A
:106054006F7249642053656E736F72496431203DD9
:10606400204E467573696F6E4C6962436F6D6D6F38
:106074006E3A3A4553656E736F7249643A3A6553A2
:106084006368613633543B204E467573696F6E4CBA
:106094006962436F6D6D6F6E3A3A4553656E736F07
:1060A4007249642053656E736F72496432203D20D7
:1060B4004E467573696F6E4C6962436F6D6D6F6E9A
:1060C4003A3A4553656E736F7249643A3A65496367
:1060D4006D3230373839496D75313B204E46757312
:1060E400696F6E4C6962436F6D6D6F6E3A3A4553DA
:1060F400656E736F7249642053656E736F72496481
:1061040033203D204E467573696F6E4C6962436F50
:106114006D6D6F6E3A3A4553656E736F7249643AAA
:106124003A6549636D3230373839496D75325D00EF
:106134004172726179456C656D656E7454797065F0
:106144002620544C6162656C6564417272617949C0
:106154006E7465726E616C3C4172726179456C65F6
:106164006D656E74547970652C204C6162656C4564
:106174006E756D3E3A3A6F70657261746F725B5DF5
:10618400284C6162656C456E756D29205B77697476
:1061940068204172726179456C656D656E745479DD
:1061A4007065203D20666C6F61743B204C616265B4
:1061B4006C456E756D203D204E496D754D6F6E6951
:1061C400746F724170693A3A5341727261794C61E9
:1061D40062656C65644279496D755369676E616C7B
:1061E400733A3A456E756D547970655D0000000030
:1061F40073746174696320666C6F61742043496DC4
:10620400754D6F6E69746F72506F6C6963793C532E
:10621400656E736F724964312C2053656E736F72AF
:106224004964322C2053656E736F724964333E3A6D
:106234003A6765745369676E616C56617269616E21
:106244006365496D706C284E467573696F6E4C6951
:1062540062436F6D6D6F6E3A3A4553656E736F723C
:1062640049642C20747970656E616D6520434261C8
:106274007365436C6173733A3A455363616C61723D
:106284005369676E616C4C6162656C732C20636F3B
:106294006E737420747970656E616D65204342611C
:1062A4007365436C6173733A3A434D6561737572F8
:1062B400656D656E742629205B77697468204E4687
:1062C4007573696F6E4C6962436F6D6D6F6E3A3AA8
:1062D4004553656E736F7249642053656E736F72B4
:1062E400496431203D204E467573696F6E4C696276
:1062F400436F6D6D6F6E3A3A4553656E736F7249B5
:10630400643A3A65536368613633543B204E4675AC
:1063140073696F6E4C6962436F6D6D6F6E3A3A4587
:1063240053656E736F7249642053656E736F72495F
:106334006432203D204E467573696F6E4C6962432A
:106344006F6D6D6F6E3A3A4553656E736F72496443
:106354003A3A6549636D3230373839496D75313BA6
:10636400204E467573696F6E4C6962436F6D6D6F35
:106374006E3A3A4553656E736F7249642053656E85
:10638400736F72496433203D204E467573696F6E96
:106394004C6962436F6D6D6F6E3A3A4553656E7327
:1063A4006F7249643A3A6549636D32303738394916
:1063B4006D75323B20747970656E616D6520434262
:1063C400617365436C6173733A3A455363616C61FD
:1063D400725369676E616C4C6162656C73203D2019
:1063E4004E496D754D6F6E69746F724170693A3ABA
:1063F4005341727261794C6162656C65644279499A
:106404006D755369676E616C733A3A456E756D5478
:106414007970653B204342617365436C61737320FB
:106424003D20544D6F6E69746F72506F6C6963795F
:10643400426173653C43496D754D6F6E69746F724B
:10644400506F6C6963793C4E467573696F6E4C6925
:1064540062436F6D6D6F6E3A3A4553656E736F723A
:1064640049643A3A65536368613633542C204E4686
:106474007573696F6E4C6962436F6D6D6F6E3A3AF6
:106484004553656E736F7249643A3A6549636D3278
:1064940030373839496D75312C204E467573696F24
:1064A4006E4C6962436F6D6D6F6E3A3A4553656E1B
:1064B400736F7249643A3A6549636D3230373839DB
:1064C400496D75323E2C204E467573696F6E4C696A
:1064D40062436F6D6D6F6E3A3A53496D754D6561E8
:1064E400737572656D656E742C204E467573696F95
:1064F4006E4C6962436F6D6D6F6E3A3A4553656ECB
:10650400736F7249643A3A65536368613633542C45
:10651400204E467573696F6E4C6962436F6D6D6F83
:106524006E3A3A4553656E736F7249643A3A6549F7
:10653400636D3230373839496D75312C204E4675CC
:1065440073696F6E4C6962436F6D6D6F6E3A3A4555
:1065540053656E736F7249643A3A6549636D3230BC
:10656400373839496D75322C204E496D754D6F6E33
:1065740069746F724170693A3A5341727261794C2D
:106584006162656C65644279496D755369676E61D2
:106594006C732C203230303E3B20747970656E6110
:1065A4006D65204342617365436C6173733A3A438A
:1065B4004D6561737572656D656E74203D204E4640
:1065C4007573696F6E4C6962436F6D6D6F6E3A3AA5
:1065D40053496D754D6561737572656D656E745D56
:1065E400000000004172726179456C656D656E74DE
:1065F400547970652620544C6162656C65644172FF
:10660400726179496E7465726E616C3C417272613B
:1066140079456C656D656E74547970652C204C6198
:1066240062656C456E756D3E3A3A6F706572617461
:106634006F725B5D284C6162656C456E756D2920D7
:106644005B77697468204172726179456C656D6528
:106654006E7454797065203D204350617269747979
:106664004D6F6E69746F723B204C6162656C456E50
:10667400756D203D204E566572746963616C436884
:10668400616E6E656C4D6F6E69746F724170693ABC
:106694003A5341727261794C6162656C6564427906
:1066A400566572746963616C4368616E6E656C53A0
:1066B40069676E616C733A3A456E756D54797065AD
:1066C4005D000000636F6E737420417272617945DE
:1066D4006C656D656E74547970652620544C6162E6
:1066E400656C65644172726179496E7465726E613C
:1066F4006C3C4172726179456C656D656E74547958
:1067040070652C204C6162656C456E756D3E3A3A3D
:106714006F70657261746F725B5D284C6162656C49
:10672400456E756D2920636F6E7374205B77697491
:1067340068204172726179456C656D656E74547937
:106744007065203D204E467573696F6E4C696243D7
:106754006F6D6D6F6E3A3A53566572746963616C0E
:106764004368616E6E656C446174613B204C616288
:10677400656C456E756D203D204E4D6F6E69746F6E
:106784007254797065733A3A53526564756E6461F4
:106794006E7453656E736F72446174614172726199
:1067A4007954656D706C6174653A3A456E756D54D3
:1067B4007970655D000000004172726179456C6515
:1067C4006D656E74547970652620544C6162656CF5
:1067D40065644172726179496E7465726E616C3C74
:1067E4004172726179456C656D656E74547970653A
:1067F4002C204C6162656C456E756D3E3A3A6F7043
:10680400657261746F725B5D284C6162656C456E84
:10681400756D29205B7769746820417272617945CE
:106824006C656D656E7454797065203D20666C6F7F
:1068340061743B204C6162656C456E756D203D2032
:106844004E566572746963616C4368616E6E656C03
:106854004D6F6E69746F724170693A3A5341727246
:1068640061794C6162656C656442795665727469DC
:1068740063616C4368616E6E656C5369676E616CCD
:10688400733A3A456E756D547970655D0000000089
:106894004172726179456C656D656E745479706589
:1068A4002620544C6162656C656441727261794959
:1068B4006E7465726E616C3C4172726179456C658F
:1068C4006D656E74547970652C204C6162656C45FD
:1068D4006E756D3E3A3A6F70657261746F725B5D8E
:1068E400284C6162656C456E756D29205B7769740F
:1068F40068204172726179456C656D656E74547976
:106904007065203D204E4D6F6E69746F72547970BE
:1069140065733A3A45446574656374696F6E52658C
:1069240073756C743B204C6162656C456E756D20AB
:106934003D204E566572746963616C4368616E6E86
:10694400656C4D6F6E69746F724170693A3A534168
:10695400727261794C6162656C65644279566572E4
:10696400746963616C4368616E6E656C5369676ECC
:10697400616C733A3A456E756D547970655D0000CB
:10698400766F6964205453656E736F724D6F6E69D0
:10699400746F723C4D6F6E69746F72506F6C696383
:1069A400793E3A3A707265706172654F75747075AC
:1069B4007428636F6E737420526564756E64616EBF
:1069C40074496E70757444617461262C204F75741B
:1069D400707574446174612629205B77697468203A
:1069E4004D6F6E69746F72506F6C696379203D20CE
:1069F40043566572746963616C4368616E6E656C5D
:106A04004D6F6E69746F72506F6C6963793B20527D
:106A14006564756E64616E74496E707574446174F6
:106A240061203D204E4D6F6E69746F7254797065AC
:106A3400733A3A54526564756E64616E7453656E4C
:106A4400736F72446174613C4E467573696F6E4C2A
:106A54006962436F6D6D6F6E3A3A5356657274692D
:106A640063616C4368616E6E656C446174612C2073
:106A74004E467573696F6E4C6962436F6D6D6F6ED0
:106A84003A3A4553656E736F7249643A3A654261A6
:106A940068727346696C746572312C204E46757346
:106AA400696F6E4C6962436F6D6D6F6E3A3A455310
:106AB400656E736F7249643A3A65426168727346EF
:106AC400696C746572322C204E467573696F6E4C16
:106AD4006962436F6D6D6F6E3A3A4553656E736FBD
:106AE4007249643A3A65426168727346696C7465C6
:106AF40072333E3B204F7574707574446174612029
:106B04003D204E4D6F6E69746F7254797065733A9F
:106B14003A544D756C746964696D656E73696F6E12
:106B2400616C5369676E616C3C4E5665727469633F
:106B3400616C4368616E6E656C4D6F6E69746F72E3
:106B44004170693A3A5341727261794C6162656C81
:106B540065644279566572746963616C4368616EF9
:106B64006E656C5369676E616C733E5D0000000076
:106B740073746174696320666C6F61742043566535
:106B840072746963616C4368616E6E656C4D6F6E9F
:106B940069746F72506F6C6963793A3A67657453BC
:106BA40063616C61725369676E616C42794C6162B6
:106BB400656C496D706C28636F6E7374204E4675F6
:106BC40073696F6E4C6962436F6D6D6F6E3A3A53C1
:106BD400566572746963616C4368616E6E656C447A
:106BE400617461262C204E566572746963616C432E
:106BF40068616E6E656C4D6F6E69746F7241706919
:106C04003A3A5341727261794C6162656C656442CF
:106C140079566572746963616C4368616E6E656C04
:106C24005369676E616C733A3A456E756D54797049
:106C340065290000433A2F55736572732F666564A6
:106C44006F722F446174612F50726F6A6563745F51
:106C54004E452F34315F436F64655F646576656CC0
:106C64006F706D656E745F776F726B2F626168729F
:106C7400732D73656E736F722D667573696F6E2DE8
:106C84006C69622D312F30315F4C696272617279A7
:106C94002F7372632F43566572746963616C436822
:106CA400616E6E656C4D6F6E69746F722E63707079
:106CB4000000000073746174696320666C6F617412
:106CC4002043566572746963616C4368616E6E65D6
:106CD4006C4D6F6E69746F72506F6C6963793A3A78
:106CE4006765745369676E616C56617269616E633E
:106CF40065496D706C284E467573696F6E4C696298
:106D0400436F6D6D6F6E3A3A4553656E736F72499A
:106D1400642C204E566572746963616C4368616EBD
:106D24006E656C4D6F6E69746F724170693A3A5357
:106D340041727261794C6162656C65644279566531
:106D440072746963616C4368616E6E656C536967E4
:106D54006E616C733A3A456E756D547970652C208A
:106D6400636F6E737420544D6F6E69746F72506FDD
:106D74006C696379426173653C43566572746963F7
:106D8400616C4368616E6E656C4D6F6E69746F7291
:106D9400506F6C6963792C204E467573696F6E4C25
:106DA4006962436F6D6D6F6E3A3A535665727469DA
:106DB40063616C4368616E6E656C446174612C2020
:106DC4004E467573696F6E4C6962436F6D6D6F6E7D
:106DD4003A3A4553656E736F7249643A3A65426153
:106DE40068727346696C746572312C204E467573F3
:106DF400696F6E4C6962436F6D6D6F6E3A3A4553BD
:106E0400656E736F7249643A3A654261687273469B
:106E1400696C746572322C204E467573696F6E4CC2
:106E24006962436F6D6D6F6E3A3A4553656E736F69
:106E34007249643A3A65426168727346696C746572
:106E440072332C204E566572746963616C436861B9
:106E54006E6E656C4D6F6E69746F724170693A3A0B
:106E64005341727261794C6162656C656442795612
:106E74006572746963616C4368616E6E656C5369B5
:106E8400676E616C732C203130303E3A3A434D6565
:106E940061737572656D656E74262900737461740F
:106EA400696320666C6F617420435665727469630C
:106EB400616C4368616E6E656C4D6F6E69746F7260
:106EC400506F6C6963793A3A67657446696C7465A6
:106ED4007265645369676E616C56617269616E6351
:106EE40065496D706C284E467573696F6E4C6962A6
:106EF400436F6D6D6F6E3A3A4553656E736F7249A9
:106F0400642C204E566572746963616C4368616ECB
:106F14006E656C4D6F6E69746F724170693A3A5365
:106F240041727261794C6162656C6564427956653F
:106F340072746963616C4368616E6E656C536967F2
:106F44006E616C733A3A456E756D547970652C2098
:106F5400636F6E737420544D6F6E69746F72506FEB
:106F64006C696379426173653C4356657274696305
:106F7400616C4368616E6E656C4D6F6E69746F729F
:106F8400506F6C6963792C204E467573696F6E4C33
:106F94006962436F6D6D6F6E3A3A535665727469E8
:106FA40063616C4368616E6E656C446174612C202E
:106FB4004E467573696F6E4C6962436F6D6D6F6E8B
:106FC4003A3A4553656E736F7249643A3A65426161
:106FD40068727346696C746572312C204E46757301
:106FE400696F6E4C6962436F6D6D6F6E3A3A4553CB
:106FF400656E736F7249643A3A65426168727346AA
:10700400696C746572322C204E467573696F6E4CD0
:107014006962436F6D6D6F6E3A3A4553656E736F77
:107024007249643A3A65426168727346696C746580
:1070340072332C204E566572746963616C436861C7
:107044006E6E656C4D6F6E69746F724170693A3A19
:107054005341727261794C6162656C656442795620
:107064006572746963616C4368616E6E656C5369C3
:10707400676E616C732C203130303E3A3A4353636F
:10708400616C61725369676E616C7326290000003C
:1070940073746174696320435061726974794D6FCC
:1070A4006E69746F723A3A53506172616D657465BA
:1070B40072732043566572746963616C4368616ED0
:1070C4006E656C4D6F6E69746F72506F6C69637925
:1070D4003A3A6765745061726974794D6F6E697478
:1070E4006F72506172616D6574657273496D706C15
:1070F400284E566572746963616C4368616E6E658F
:107104006C4D6F6E69746F724170693A3A53417293
:107114007261794C6162656C65644279566572741A
:107124006963616C4368616E6E656C5369676E6117
:107134006C733A3A456E756D547970652900000098
:1071440053746172745461736B4D656173757265C8
:107154005265736F7572636573557361676500007B
:10716400764170706C69636174696F6E53746163A6
:107174006B4F766572666C6F77486F6F6B000000BB
:10718400140503080000000024050020200000006E
:1071940030050308000000000000000000000000AB
:1071A4004405030800000000000000000000000087
:1071B4005805030800000000000000000000000063
:1071C4006C0503080000000000000000000000003F
:1071D4008C0503080000000000000000000000000F
:1071E4009C050308000000000000000000000000EF
:1071F400AC050308000000000000000000000000CF
:10720400BC050308000000000000000000000000AE
:10721400CC0503080000000000000000000000008E
:10722400E805030800000000000000000000000062
:10723400FC0503080000000000000000000000003E
:107244001006030800000000000000000000000019
:1072540020060308000000000000000000000000F9
:1072640030060308000000000000000000000000D9
:1072740048060308000000000000000000000000B1
:107284005406030800000000000000000000000095
:107294006806030800000000880500202C00000098
:1072A4008006030800000000B8050020500000001C
:1072B40008060020080000009806030800000000EB
:1072C400140600205000000064060020080000009E
:1072D400B00603080000000070060020BC00000097
:1072E4002C0700200020000018000000000000000F
:1072F40000000000C406030800000000302700203E
:10730400BC000000EC270020002000001800000052
:107314000000000000000000D80603080000000080
:10732400F0470020BC000000AC4800200020000012
:10733400180000000000000000000000EC06030834
:1073440000000000B0680020BC0000006C69002050
:107354000004000010000000000000000000000015
:107364000807030800000000706D0020BC00000046
:107374002C6E002000040000370000000000000014
:107384000000000014070308000000003072002011
:10739400BC000000EC720020000400002800000083
:1073A40000000000000000002007030800000000A7
:1073B400F0760020BC000000AC7700200004000040
:1073C4002800000000000000000000002C07030853
:1073D40000000000B07B0020BC0000006C7C00209A
:1073E400000400002800000000000000000000006D
:1073F4003C0703080000000070800020BC0000006F
:107404002C8100200004000028000000000000007F
:10741400000000004C070308000000003085002035
:10742400BC000000EC8500200008000028000000DB
:1074340000000000000000006407030800000000D2
:10744400F08D0020BC000000AC8E00200004000081
:10745400280000000000000000000000740703087A
:1074640000000000B0920020BC0000006C930020DB
:1074740000040000280000000000000000000000DC
:10748400840703080000000070970020BC0000007F
:107494002C980020000400002800000000000000D8
:1074A400000000009407030800000000309C002046
:1074B400BC000000EC9C0020000400002000000040
:1074C4000000000000000000A40703080000000002
:1074D400F0A00020BC000000ACA1002000020000CD
:1074E400290000000000000000000000B4070308A9
:1074F40000000000B0A30020BC0000006CA4002029
:107504000004000020000000000000000000000053
:10751400C40703080000000070A80020BC0000009D
:107524002CA900200010000018000000000000003A
:1075340000000000D00703080000000030B900205C
:10754400BC000000ECB9002000080000210000008D
:107554000000000000000000D8070308000000003D
:10756400F0C10020BC000000ACC2002000020000FA
:1075740008000000000000000000000000000000FF
:1075840001020304000000000000000001020304E3
:10759400060708090006101600061016020000006F
:1075A40001000000030000000300000004000000CC
:1075B400784576656E7447726F7570536574426969
:1075C40074730000784576656E7447726F757057F2
:1075D4006169744269747300784576656E744772A4
:1075E4006F75704372656174655374617469630087
:1075F4007851756575654973517565756546756C22
:107604006C46726F6D4953520000000076517565E7
:10761400756544656C657465000000007851756596
:1076240075655265636569766546726F6D49535237
:107634000000000078517565756553656D6170686B
:107644006F726554616B6500785175657565526537
:1076540063656976650000007851756575654769ED
:10766400766546726F6D4953520000007851756516
:10767400756547656E6572696353656E6446726FBE
:107684006D49535200000000785175657565476572
:107694006E6572696353656E6400000078517565A8
:1076A4007565437265617465436F756E74696E6761
:1076B40053656D6170686F7265000000785175657F
:1076C4007565437265617465436F756E74696E6741
:1076D40053656D6170686F7265537461746963009A
:1076E40078517565756554616B654D75746578522F
:1076F400656375727369766500000000785175657D
:107704007565476976654D757465785265637572FC
:107714007369766500000000785175657565476585
:107724006E6572696343726561746500785175654D
:10773400756547656E657269634372656174655307
:107744007461746963000000765461736B507269EC
:107754006F72697479446973696E6865726974419A
:107764006674657254696D656F75740078546173DD
:107774006B5072696F72697479446973696E686574
:1077840072697400785461736B436865636B466F08
:107794007254696D654F757400000000765461730E
:1077A4006B52656D6F766546726F6D556E6F726460
:1077B400657265644576656E744C69737400000087
:1077C400785461736B52656D6F766546726F6D4563
:1077D40076656E744C6973740000000076546173AE
:1077E4006B506C6163654F6E4576656E744C69735E
:1077F400745265737472696374656400765461735A
:107804006B506C6163654F6E556E6F726465726523
:10781400644576656E744C697374000076546173C4
:107824006B506C6163654F6E4576656E744C69731D
:1078340074000000765461736B5377697463684312
:107844006F6E746578740000785461736B496E636D
:1078540072656D656E745469636B0000785461736E
:107864006B526573756D65416C6C00007654617381
:107874006B53746172745363686564756C657200EC
:10788400765461736B53757370656E640000000009
:10789400765461736B5072696F726974795365744D
:1078A40000000000655461736B4765745374617420
:1078B40065000000765461736B44656C6179000067
:1078C40070727644656C6574655443420000000030
:1078D400785461736B437265617465537461746940
:1078E40063000000707654696D657247657454696D
:1078F4006D657249440000007854696D657247658E
:107904006E65726963436F6D6D616E6400000000A3
:107914007854696D657243726561746553746174FA
:1079240069630000707276496E697469616C697389
:10793400654E657754696D6572000000707276500B
:10794400726F636573735265636569766564436FCB
:107954006D6D616E6473000070727650726F636552
:1079640073734578706972656454696D657200005B
:1079740070727653776974636854696D65724C6983
:10798400737473007854696D6572437265617465CC
:1079940054696D65725461736B00000076506F72A8
:1079A4007456616C6964617465496E74657272754C
:1079B40070745072696F72697479000076506F72D6
:1079C4007445786974437269746963616C0000007A
:1079D40076506F7274456E7465724372697469632C
:1079E400616C000078506F727453746172745363E5
:1079F400686564756C6572007072765461736B456A
:107A04007869744572726F72000000000000000013
:107A140000000000954C0108BD480108000000006A
:107A24000000000061900108E5500108000000001A
:107A340000000000AD480108B9480108000000003A
:107A440000000000AD480108B9480108000000002A
:107A540000000000AD480108B9480108000000001A
:107A640000000000AD480108B9480108000000000A
:107A740000000000AD480108B948010800000000FA
:107A840000000000AD480108B948010800000000EA
:107A940000000000AD480108B948010800000000DA
:107AA40000000000AD480108B948010800000000CA
:107AB40000000000AD480108B948010800000000BA
:107AC40000000000AD480108B948010800000000AA
:107AD40000000000AD480108B9480108000000009A
:107AE40000000000159301080000000000000000E1
:107AF4001193010800000000000000000D9301082C
:107B040000000000000000000993010800000000CC
:107B140000000000059301080000000000000000C0
:107B2400019301080000000000000000FD9201081C
:107B34000000000000000000F992010800000000AD
:107B440000000000F59201080000000000000000A1
:107B5400F19201080000000000000000ED9201080D
:107B64000000000000000000E9920108000000008D
:107B740000000000E5920108000000000000000081
:107B8400E19201080000000000000000DD920108FD
:107B94000000000000000000D9920108000000006D
:107BA40000000000D5920108000000000000000061
:107BB400D19201080000000000000000CD920108ED
:107BC4000000000000000000C9920108000000004D
:107BD40000000000C5920108000000000000000041
:107BE400C19201080000000000000000BD920108DD
:107BF4000000000000000000B9920108000000002D
:107C040000000000B5920108000000000000000020
:107C1400B19201080000000000000000AD920108CC
:107C24000000000000000000A9920108000000000C
:107C340000000000A5920108000000000000000000
:107C4400A192010800000000000000009D920108BC
:107C540000000000000000009992010800000000EC
:107C6400963007772C610EEEBA51099919C46D0745
:107C74008FF46A7035A563E9A395649E3288DB0EA0
:107C8400A4B8DC791EE9D5E088D9D2972B4CB60983
:107C9400BD7CB17E072DB8E7911DBF906410B71D60
:107CA400F220B06A4871B9F3DE41BE847DD4DA1A99
:107CB400EBE4DD6D51B5D4F4C785D38356986C13CA
:107CC400C0A86B647AF962FDECC9658A4F5C011443
:107CD400D96C0663633D0FFAF50D088DC8206E3B21
:107CE4005E10694CE44160D5727167A2D1E4033C33
:107CF40047D4044BFD850DD26BB50AA5FAA8B5355A
:107D04006C98B242D6C9BBDB40F9BCACE36CD83248
:107D1400755CDF45CF0DD6DC593DD1ABAC30D926EF
:107D24003A00DE518051D7C81661D0BFB5F4B421F2
:107D340023C4B3569995BACF0FA5BDB89EB80228EF
:107D44000888055FB2D90CC624E90BB1877C6F2F74
:107D5400114C6858AB1D61C13D2D66B69041DC766F
:107D64000671DB01BC20D2982A10D5EF8985B17148
:107D74001FB5B606A5E4BF9F33D4B8E8A2C90778F7
:107D840034F9000F8EA8099618980EE1BB0D6A7F8E
:107D94002D3D6D08976C6491015C63E6F4516B6B47
:107DA40062616C1CD83065854E0062F2ED95066CFC
:107DB4007BA5011BC1F4088257C40FF5C6D9B06571
:107DC40050E9B712EAB8BE8B7C88B9FCDF1DDD62CE
:107DD400492DDA15F37CD38C654CD4FB5861B24D34
:107DE400CE51B53A7400BCA3E230BBD441A5DF4AFE
:107DF400D795D83D6DC4D1A4FBF4D6D36AE96943C1
:107E0400FCD96E34468867ADD0B860DA732D04446B
:107E1400E51D03335F4C0AAAC97C0DDD3C71055096
:107E2400AA41022710100BBE86200CC925B568573D
:107E3400B3856F2009D466B99FE461CE0EF9DE5E86
:107E440098C9D9292298D0B0B4A8D7C7173DB35937
:107E5400810DB42E3B5CBDB7AD6CBAC02083B8EDC8
:107E6400B6B3BF9A0CE2B6039AD2B1743947D5EAD5
:107E7400AF77D29D1526DB048316DC73120B63E304
:107E8400843B64943E6A6D0DA85A6A7A0BCF0EE463
:107E94009DFF099327AE000AB19E077D44930FF01E
:107EA400D2A3088768F2011EFEC206695D5762F715
:107EB400CB67658071366C19E7066B6E761BD4FE52
:107EC400E02BD3895A7ADA10CC4ADD676FDFB9F92F
:107ED400F9EFBE8E43BEB717D58EB060E8A3D6D6F1
:107EE4007E93D1A1C4C2D83852F2DF4FF167BBD11F
:107EF4006757BCA6DD06B53F4B36B248DA2B0DD822
:107F04004C1B0AAFF64A0336607A0441C3EF60DFC4
:107F140055DF67A8EF8E6E3179BE69468CB361CBAD
:107F24001A8366BCA0D26F2536E2685295770CCCD2
:107F340003470BBBB91602222F260555BE3BBAC513
:107F4400280BBDB2925AB42B046AB35CA7FFD7C204
:107F540031CFD0B58B9ED92C1DAEDE5BB0C2649BF5
:107F640026F263EC9CA36A750A936D02A906099C28
:107F74003F360EEB8567077213570005824ABF959B
:107F8400147AB8E2AE2BB17B381BB60C9B8ED2921E
:107F94000DBED5E5B7EFDC7C21DFDB0BD4D2D38675
:107FA40042E2D4F1F8B3DD686E83DA1FCD16BE81E8
:107FB4005B26B9F6E177B06F7747B718E65A0888B9
:107FC400706A0FFFCA3B06665C0B0111FF9E658F4A
:107FD40069AE62F8D3FF6B6145CF6C1678E20AA0F4
:107FE400EED20DD75483044EC2B30339612667A77A
:107FF400F71660D04D476949DB776E3E4A6AD1AEC9
:10800400DC5AD6D9660BDF40F03BD83753AEBCA957
:10801400C59EBBDE7FCFB247E9FFB5301CF2BDBDC4
:108024008AC2BACA3093B353A6A3B4240536D0BACD
:108034009306D7CD2957DE54BF67D9232E7A66B36A
:10804400B84A61C4021B685D942B6F2A37BE0BB417
:10805400A18E0CC31BDF055A8DEF022D000000001A
:10806400000000003DA6010841A601080000000030
:108074000000000041AB010845AB0108000000000E
:10808400000000007DB7010881B70108000000006E
:1080940003000000010000000200000000000000D6
:1080A40000000000A1BB0108A5BB010800000000FE
:1080B4000000000071BE01086DBE01080000000050
:1080C40000000000D5C40108D9C401080000000064
:1080D40000000000B5C60108B1C601080000000098
:1080E40000000000A5C801089DC8010800000000A8
:1080F4000000000011DA01080DDA01080000000098
:108104000000000051DD010855DD010800000000F9
:10811400000000003DE6010865E2010800000000DF
:10812400000000007D010208590002080000000060
:1081340000000000FD070208C1030208000000005F
:1081440000000000B9150208AD1502080000000087
:1081540000000000511A0208451A0208000000003D
:1081640000000000A92B02082523020800000000DB
:1081740000000000000000000000000000000000FB
:108184004D3D02080000000000000000C94702083D
:108194000000000000000000D947020800000000B1
:1081A400000000000D500208000000000000000064
:1081B400C55C020805870208018C02081D970208A5
:1081C400F59A0208898A020859660208FD600208C5
:1081D400956D0208755402087D540208E56402088E
:1081E400055A02080000000001000000020000001F
:1081F40004000000070000000A0000000D00000059
:10820400100000000000000000000000D5B90208C2
:108214000000000000000000E5B9020800000000B2
:108224000000000095D0020862617369635F737493
:1082340072696E673A3A5F4D5F6372656174650097
:10824400232D302B2000686C4C006566674546473B
:1082540000303132333435363738394142434445BE
:10826400460030313233343536373839616263642D
:108274006566000000000080DB0F4940DB0F49C049
:10828400DB0F49BFE4CB1640E4CB16C0000000006E
:108294000000008000000000DCCFD13500000000A9
:1082A40000C0153F0000803F0000C03F000FC93FE1
:1082B400000F494000CB9640000FC9400053FB40DB
:1082C40000CB164100ED2F41000F494100316241BE
:1082D40000537B41003A8A4100CB9641005CA341A4
:1082E40000EDAF41007EBC41000FC94100A0D54163
:1082F4000031E24100C2EE410053FB4100F203426F
:10830400003A0A420083104200CB164200141D4278
:10831400005C234200A5294200ED2F42003636427C
:10832400007E3C4200C74242000F4942A2000000C6
:10833400F9000000830000006E0000004E00000001
:10834400440000001500000029000000FC000000AB
:108354002700000057000000D1000000F5000000D5
:1083640034000000DD000000C0000000DB0000005D
:108374006200000095000000990000003C0000002D
:10838400430000009000000041000000FE000000D7
:108394005100000063000000AB000000DE0000009C
:1083A400BB000000C500000061000000B700000031
:1083B400240000006E0000003A00000042000000AB
:1083C4004D000000D2000000E000000006000000A4
:1083D400490000002E000000EA000000090000002F
:1083E400D1000000920000001C000000FE0000000C
:1083F4001D000000EB0000001C000000B1000000A4
:1084040029000000A70000003E000000E800000072
:108414008200000035000000F50000002E0000007E
:10842400BB0000004400000084000000E9000000DC
:108434009C0000007000000026000000B400000052
:108444005F0000007E0000004100000039000000D1
:1084540091000000D60000003900000083000000F5
:108464005300000039000000F40000009C000000EC
:10847400840000005F0000008B000000BD000000CD
:10848400F9000000280000003B0000001F0000006D
:10849400F800000097000000FF000000DE0000006C
:1084A40005000000980000000F000000EF0000002D
:1084B4002F000000110000008B0000005A00000093
:1084C4000A0000006D0000001F0000006D000000A5
:1084D400360000007E000000CF00000027000000EE
:1084E400CB00000009000000B70000004F000000AE
:1084F400460000003F000000660000009E000000EF
:108504005F000000EA0000002D000000750000007C
:1085140027000000BA000000C7000000EB000000C4
:10852400E5000000F10000007B0000003D000000B9
:108534000700000039000000F70000008A00000076
:108544005200000092000000EA0000006B000000EE
:10855400FB0000005F000000B10000001F000000ED
:108564008D0000005D0000000800000056000000BF
:10857400030000003000000046000000FC00000082
:108584007B0000006B000000AB000000F000000066
:10859400CF000000BC000000200000009A00000092
:1085A400F4000000360000001D000000A9000000D7
:1085B400E300000091000000610000005E00000084
:1085C400E60000001B000000080000006500000039
:1085D40099000000850000005F0000001400000006
:1085E400A000000068000000400000008D000000B2
:1085F400FF000000D8000000800000004D000000D3
:108604007300000027000000310000000600000095
:10861400060000001500000056000000CA0000001B
:1086240073000000A8000000C90000006000000002
:10863400E20000007B000000C00000008C0000008D
:108644006B0000006937AC3168212233B40F143356
:108654006821A2333863ED3EDA0F493F5E987B3FD1
:10866400DA0FC93F0000C93F0000F0390000DA37D3
:108674000000A2330000842E0000502B0000C2270B
:108684000000D0220000C41F0000C61B00004417D5
:0C869400040000000700000009000000C6
:0886A00070FBFC7F01000000EB
:1086A800F58100081D3D0208F54F02086DA4020877
:0886B80069AA020821CA0208A8
:0886C000D1810008413D0208D0
:1086C8000024F4000100000010000000AAAAAAAAD1
:1086D800F83B00006880030888800308A880030826
:1086E80008810308B03B01201400000000000000CE
:1086F80000000000000000003C040020A0D1002081
:108708004881030800000000000020410000A0404C
:108718000000000000000000000000000000000051
:108728000000000000000000000000000000000041
:108738000000000000000000000000000000000031
:108748000000000000000000000000000000000021
:108758000000000000000000000000000000000011
:108768000000000000000000000000000000000001
:1087780000000000000000000000000000000000F1
:1087880000000000000000000000000000000000E1
:1087980000000000000000000000000000000000D1
:1087A80000000000000000000000000000000000C1
:1087B80000000000000000000000000000000000B1
:1087C80000000000000000000000000000000000A1
:1087D800000000000000000000000000C3642A3B05
:1087E8009A99D93F9A99993F000020410000A040EA
:1087F8000000000000000000000000000000000071
:108808000000000000000000000000000000000060
:108818000000000000000000000000000000000050
:108828000000000000000000000000000000000040
:108838000000000000000000000000000000000030
:108848000000000000000000000000000000000020
:108858000000000000000000000000000000000010
:108868000000000000000000000000000000000000
:1088780000000000000000000000000000000000F0
:1088880000000000000000000000000000000000E0
:1088980000000000000000000000000000000000D0
:1088A80000000000000000000000000000000000C0
:1088B800000000000000000000000000C3642A3B24
:1088C8009A99D93F9A99993F000020410000A04009
:1088D8000000000000000000000000000000000090
:1088E8000000000000000000000000000000000080
:1088F8000000000000000000000000000000000070
:10890800000000000000000000000000000000005F
:10891800000000000000000000000000000000004F
:10892800000000000000000000000000000000003F
:10893800000000000000000000000000000000002F
:10894800000000000000000000000000000000001F
:10895800000000000000000000000000000000000F
:1089680000000000000000000000000000000000FF
:1089780000000000000000000000000000000000EF
:1089880000000000000000000000000000000000DF
:1089980000000000000000000000000052491D3BDC
:1089A8000000C03F0000803F000020410000A040C0
:1089B80000000000000000000000000000000000AF
:1089C800000000000000000000000000000000009F
:1089D800000000000000000000000000000000008F
:1089E800000000000000000000000000000000007F
:1089F800000000000000000000000000000000006F
:108A0800000000000000000000000000000000005E
:108A1800000000000000000000000000000000004E
:108A2800000000000000000000000000000000003E
:108A3800000000000000000000000000000000002E
:108A4800000000000000000000000000000000001E
:108A5800000000000000000000000000000000000E
:108A680000000000000000000000000000000000FE
:108A78000000000000000000000000000000803F2F
:108A88009A99D93F9A99993FCC0300200000000099
:108A9800E076012048770120B0770120000000002F
:108AA80000000000000000000000000000000000BE
:108AB80000000000000000000000000000000000AE
:108AC800000000000000000000000000000000009E
:0C8AD80000000000000000001D780120DC
:040000050800ABB58F
:00000001FF
