:020000040800F2
:1080000000000220BDA8000805A2000809A200087F
:108010000DA2000811A2000815A20008000000002F
:10802000000000000000000000000000E14C01081A
:1080300019A2000800000000714D0108F91D010897
:108040000DA900080DA900080DA900080DA9000838
:108050000DA900080DA900080DA900080DA9000828
:108060001DA200080DA900080DA900082DA20008F6
:1080700049A200080DA900080DA900080DA90008D3
:108080000DA900080DA900080DA900080DA90008F8
:108090000DA900080DA900080DA900080DA90008E8
:1080A0000DA9000865A200080DA900080DA9000887
:1080B0000DA9000871A200080DA900087DA2000802
:1080C0000DA900080DA900080DA900080DA90008B8
:1080D0000DA9000889A200080DA900080DA9000833
:1080E0000DA900080DA900080DA900080DA9000898
:1080F0000DA900080DA900080DA900080DA9000888
:108100000DA900080DA900080DA900080DA9000877
:108110000DA900080DA9000895A20008A1A2000859
:108120000DA900080DA90008B5A200080DA90008B6
:108130000DA900080000000000000000C1A2000816
:10814000CDA20008D9A200080DA900080DA90008B9
:108150000DA900080DA90008E5A200080DA9000856
:10816000F1A200080DA900080DA900080DA900083A
:108170000DA900080DA900080DA9000800000000C5
:10818000000000000DA90008000000000000000031
:108190000DA9000800000000000000000DA9000863
:1081A0000000000000000000000000000DA9000811
:1081B0000DA900080DA900080DA900080DA90008C7
:0481C0000DA90008FD
:1081D00010B5054C237833B9044B13B10448AFF301
:1081E00000800123237010BDF00400200000000077
:1081F000A8B4020808B5034B1BB103490348AFF309
:10820000008008BD00000000F4040020A8B40208AB
:1082100001F0FF01102A2BDB10F0070F08D010F837
:10822000013B013A8B422DD010F0070F42B3F6D13B
:10823000F0B441EA012141EA014122F007047FF054
:1082400000070023F0E80256083C85EA010586EAAB
:10825000010685FA47F5A3FA87F586FA47F6A5FAE7
:1082600087F68EB9EED1F0BC01F0FF0102F00702F3
:1082700032B110F8013B013A83EA010313B1F8D19E
:108280000020704701387047002D06BF354603387F
:10829000073815F0010F07D1013015F4807F02BFB8
:1082A000013015F4C03F0130F0BC0138704700BF09
:1082B00070B54FF0FF0C4CF4E06C1CEA11541DBF7C
:1082C0001CEA135594EA0C0F95EA0C0F00F0DEF847
:1082D0002C4481EA030621EA4C5123EA4C5350EA2C
:1082E000013518BF52EA033541F4801143F480137D
:1082F00038D0A0FB02CE4FF00005E1FB02E506F00E
:108300000042E0FB03E54FF00006E1FB03569CF062
:10831000000F18BF4EF0010EA4F1FF04B6F5007F68
:1083200064F5407404D25FEA4E0E6D4146EB0606DA
:1083300042EAC62141EA55514FEAC52040EA5E5063
:108340004FEACE2EB4F1FD0C88BFBCF5E06F1ED80D
:10835000BEF1004F08BF5FEA500E50F1000041EB44
:10836000045170BD06F0004646EA010140EA0200F1
:1083700081EA0301B4EB5C04C2BFD4EB0C0541EA13
:10838000045170BD41F480114FF0000E013C00F328
:10839000AB8014F1360FDEBF002001F0004170BD4C
:1083A000C4F10004203C35DA0C341BDC04F1140465
:1083B000C4F1200500FA05F320FA04F001FA05F2F1
:1083C00040EA020001F0004221F0004110EBD370BE
:1083D00021FA04F642EB06015EEA430E08BF20EAEA
:1083E000D37070BDC4F10C04C4F1200500FA04F38D
:1083F00020FA05F001FA04F240EA020001F000411F
:1084000010EBD37041F100015EEA430E08BF20EA91
:10841000D37070BDC4F1200500FA05F24EEA020ED9
:1084200020FA04F301FA05F243EA020321FA04F008
:1084300001F0004121FA04F220EA020000EBD370BF
:108440005EEA430E08BF20EAD37070BD94F0000FBF
:108450000FD101F00046400041EB010111F4801FF3
:1084600008BF013CF7D041EA060195F0000F18BFA4
:10847000704703F00046520043EB030313F4801FE0
:1084800008BF013DF7D043EA0603704794EA0C0F9A
:108490000CEA135518BF95EA0C0F0CD050EA4106B0
:1084A00018BF52EA4306D1D181EA030101F000412D
:1084B0004FF0000070BD50EA410606BF1046194655
:1084C00052EA430619D094EA0C0F02D150EA013661
:1084D00013D195EA0C0F05D152EA03361CBF1046A2
:1084E00019460AD181EA030101F0004141F0FE4141
:1084F00041F470014FF0000070BD41F0FE4141F4C5
:10850000780170BD81F0004102E000BF83F00043BC
:1085100030B54FEA41044FEA430594EA050F08BF1E
:1085200090EA020F1FBF54EA000C55EA020C7FEAE2
:10853000645C7FEA655C00F0E2804FEA5454D4EB5F
:108540005555B8BF6D420CDD2C4480EA020281EA29
:10855000030382EA000083EA010180EA020281EA61
:108560000303362D88BF30BD11F0004F4FEA0131B3
:108570004FF4801C4CEA113102D0404261EB4101C2
:1085800013F0004F4FEA03334CEA133302D0524248
:1085900063EB430394EA050F00F0A780A4F1010404
:1085A000D5F1200E0DDB02FA0EFC22FA05F280183E
:1085B00041F1000103FA0EF2801843FA05F3594124
:1085C0000EE0A5F120050EF1200E012A03FA0EFCA3
:1085D00028BF4CF0020C43FA05F3C01851EBE371CD
:1085E00001F0004507D54FF0000EDCF1000C7EEBEA
:1085F00000006EEB0101B1F5801F1BD3B1F5001F28
:108600000CD349085FEA30004FEA3C0C04F1010446
:108610004FEA445212F5800F80F09A80BCF1004F6F
:1086200008BF5FEA500C50F1000041EB045141EAF1
:10863000050130BD5FEA4C0C404141EB0101013CBA
:1086400028BFB1F5801FE9D291F0000F04BF0146A9
:108650000020B1FA81F308BF2033A3F10B03B3F17B
:1086600020020CDA0C3208DD02F1140CC2F10C020B
:1086700001FA0CF021FA02F10CE002F11402D8BF69
:10868000C2F1200C01FA02F120FA0CFCDCBF41EA35
:108690000C019040E41AA2BF01EB0451294330BD04
:1086A0006FEA04041F3C1CDA0C340EDC04F11404E1
:1086B000C4F1200220FA04F001FA02F340EA0300B8
:1086C00021FA04F345EA030130BDC4F10C04C4F1FE
:1086D000200220FA02F001FA04F340EA03002946DE
:1086E00030BD21FA04F0294630BD94F0000F83F428
:1086F000801306BF81F480110134013D4EE77FEA0B
:10870000645C18BF7FEA655C29D094EA050F08BF56
:1087100090EA020F05D054EA000C04BF1946104637
:1087200030BD91EA030F1EBF0021002030BD5FEA7B
:10873000545C05D14000494128BF41F0004130BDA3
:1087400014F580043CBF01F5801130BD01F00045F7
:1087500045F0FE4141F470014FF0000030BD7FEA6A
:10876000645C1ABF194610467FEA655C1CBF0B4665
:10877000024650EA013406BF52EA033591EA030F7C
:1087800041F4002130BD00BF90F0000F04BF002174
:10879000704730B54FF4806404F132044FF00005A7
:1087A0004FF0000150E700BF90F0000F04BF002120
:1087B000704730B54FF4806404F1320410F0004586
:1087C00048BF40424FF000013EE700BF42004FEA81
:1087D000E2014FEA31014FEA02701FBF12F07F43FE
:1087E00093F07F4F81F06051704732F07F4208BFB5
:1087F000704793F07F4F04BF41F40021704730B5BC
:108800004FF4607401F0004521F000411CE700BF07
:1088100050EA010208BF704730B54FF000050AE08A
:1088200050EA010208BF704730B511F0004502D58B
:10883000404261EB41014FF4806404F132045FEA8D
:10884000915C3FF4D8AE4FF003025FEADC0C18BF36
:1088500003325FEADC0C18BF033202EBDC02C2F128
:10886000200300FA03FC20FA02F001FA03FE40EABA
:108870000E0021FA02F11444BDE600BF4FEA4102A6
:10888000B2F1E04324BFB3F5001CDCF1FE5C0DD96E
:1088900001F0004C4FEAC0024CEA5070B2F1004FB8
:1088A00040EB830008BF20F00100704711F0804FBB
:1088B00021D113F13872BCBF01F00040704741F480
:1088C00080114FEA5252C2F11802C2F1200C10FA84
:1088D0000CF320FA02F018BF40F001004FEAC12368
:1088E0004FEAD32303FA0CFC40EA0C0023FA02F30C
:1088F0004FEA4303CCE77FEA625307D150EA0133E2
:108900001EBF4FF0FE4040F44000704701F00040B1
:1089100040F0FE4040F40000704700BF80F000408F
:1089200002E000BF81F0004142001FBF5FEA410347
:1089300092EA030F7FEA226C7FEA236C6AD04FEA47
:108940001262D2EB1363C1BFD2184140484041408C
:10895000B8BF5B42192B88BF704710F0004F40F43E
:10896000000020F07F4018BF404211F0004F41F45A
:10897000000121F07F4118BF494292EA030F3FD026
:10898000A2F1010241FA03FC10EB0C00C3F1200339
:1089900001FA03F100F0004302D5494260EB4000C8
:1089A000B0F5000F13D3B0F1807F06D340084FEA33
:1089B000310102F10102FE2A51D2B1F1004F40EB28
:1089C000C25008BF20F0010040EA03007047490090
:1089D00040EB0000013A28BFB0F5000FEDD2B0FA2D
:1089E00080FCACF1080CB2EB0C0200FA0CF0AABF50
:1089F00000EBC25052421843BCBFD04018437047EE
:108A000092F0000F81F4000106BF80F400000132F3
:108A1000013BB5E74FEA41037FEA226C18BF7FEACA
:108A2000236C21D092EA030F04D092F0000F08BF0C
:108A30000846704790EA010F1CBF0020704712F0F3
:108A40007F4F04D1400028BF40F00040704712F132
:108A500000723CBF00F50000704700F0004343F097
:108A6000FE4040F4000070477FEA226216BF0846CD
:108A70007FEA23630146420206BF5FEA412390EA90
:108A8000010F40F4800070474FF0000304E000BF86
:108A900010F0004348BF40425FEA000C08BF704737
:108AA00043F0964301464FF000001CE050EA0102FB
:108AB00008BF70474FF000030AE000BF50EA010210
:108AC00008BF704711F0004302D5404261EB4101FD
:108AD0005FEA010C02BF84460146002043F0B64322
:108AE00008BFA3F18053A3F50003BCFA8CF2083A47
:108AF000A3EBC25310DB01FA02FC634400FA02FC50
:108B0000C2F12002BCF1004F20FA02F243EB020056
:108B100008BF20F00100704702F1200201FA02FCB8
:108B2000C2F1200250EA4C0021FA02F243EB0200AB
:108B300008BF20EADC70704753B94AB9002908BF62
:108B400000281CBF4FF0FF314FF0FF3000F094B908
:108B5000ADF1080C6DE904CE00F026F8DDF804E074
:108B6000DDE9022304B07047D0B5FFF72FFE0C4BB0
:108B7000002206460F46FFF79BFB00F07FF90446F4
:108B8000FFF702FE074B0022FFF792FB02460B465F
:108B900030463946FFF7BAFC00F070F92146D0BDE7
:108BA0000000F03D0000F0412DE9F047089D04462B
:108BB0008E46002B4DD18A42944669D9B2FA82F290
:108BC00052B101FA02F3C2F1200120FA01F10CFACC
:108BD00002FC41EA030E94404FEA1C48210CBEFB04
:108BE000F8F61FFA8CF708FB16E341EA034306FB8D
:108BF00007F199420AD91CEB030306F1FF3080F01C
:108C00001F81994240F21C81023E63445B1AA4B268
:108C1000B3FBF8F008FB103344EA034400FB07F70A
:108C2000A7420AD91CEB040400F1FF3380F00A814B
:108C3000A74240F207816444023840EA0640E41B40
:108C400000261DB1D4400023C5E900433146BDE8EC
:108C5000F0878B4209D9002D00F0EF800026C5E98E
:108C6000000130463146BDE8F087B3FA83F6002EA6
:108C70004AD18B4202D3824200F2F980841A61EB1E
:108C8000030301209E46002DE0D0C5E9004EDDE73C
:108C900002B9FFDEB2FA82F2002A40F09280A1EB24
:108CA0000C014FEA1C471FFA8CFE0126200CB1FB79
:108CB000F7F307FB131140EA01410EFB03F0884272
:108CC00008D91CEB010103F1FF3802D2884200F2FF
:108CD000CB804346091AA4B2B1FBF7F007FB101191
:108CE00044EA01440EFB00FEA64508D91CEB04042F
:108CF00000F1FF3102D2A64500F2BB800846A4EB8A
:108D00000E0440EA03409CE7C6F12007B34022FA74
:108D100007FC4CEA030C20FA07F401FA06F31C43A3
:108D2000F9404FEA1C4900FA06F3B1FBF9F8200CB0
:108D30001FFA8CFE09FB181140EA014108FB0EF0F6
:108D4000884202FA06F20BD91CEB010108F1FF3A46
:108D500080F08880884240F28580A8F10208614452
:108D6000091AA4B2B1FBF9F009FB101144EA014160
:108D700000FB0EFE8E4508D91CEB010100F1FF340B
:108D80006CD28E456AD90238614440EA0840A0FBA3
:108D90000294A1EB0E01A142C846A64656D353D079
:108DA0005DB1B3EB080261EB0E0101FA07F722FA9D
:108DB00006F3F1401F43C5E9007100263146BDE8C6
:108DC000F087C2F12003D8400CFA02FC21FA03F329
:108DD000914001434FEA1C471FFA8CFEB3FBF7F0AA
:108DE00007FB10360B0C43EA064300FB0EF69E42CF
:108DF00004FA02F408D91CEB030300F1FF382FD268
:108E00009E422DD9023863449B1B89B2B3FBF7F60F
:108E100007FB163341EA034106FB0EF38B4208D9E8
:108E20001CEB010106F1FF3816D28B4214D9023E29
:108E30006144C91A46EA004638E72E46284605E747
:108E40000646E3E61846F8E64B45A9D2B9EB020818
:108E500064EB0C0E0138A3E74646EAE7204694E7A8
:108E60004046D1E7D0467BE7023B614432E73046DB
:108E700009E76444023842E7704700BF4A0011D254
:108E800012F5001211D20DD56FF47873B3EB625264
:108E90000ED44FEAC12343F0004343EA505323FA70
:108EA00002F070474FF00000704750EA013002D1E5
:108EB0004FF0FF3070474FF00000704730B5294B3E
:108EC00002688BB000249A42CDE90444CDE90644FF
:108ED000089401D00BB030BD03F5E83301941A6C4F
:108EE000214842F080621A641A6C02F0806201929A
:108EF000019A02941A6C42F000721A641A6C02F021
:108F000000720292029A03941A6B42F002021A63F0
:108F10001B6B03F00203039360220223CDE90423B9
:108F200004A909230322CDE90723039D03F034F8A4
:108F3000224605213F2002F011F93F2002F04CF9B2
:108F400022460521402002F009F9402002F044F9B0
:108F500022460521412002F001F9412002F03CF9AE
:108F60000BB030BD006800400004024008B5026844
:108F70000E4B9A4200D008BD03F5E83360211A6C0D
:108F80000B4822F080621A641A6C22F000721A6494
:108F900003F014F93F2002F02DF9402002F02AF9E5
:108FA000BDE80840412002F025B900BF006800403C
:108FB00000040240054808B5054B036002F03EF985
:108FC00000B908BDBDE8084000F09ABF7005002058
:108FD000003002400B4B02689A4200D0704782B0CA
:108FE00000220192D3F8302842F48052C3F830288E
:108FF00003F500631B6B03F480530193019B02B0E4
:10900000704700BF0030024000B583B01B4B002208
:109010000092186B40F480001863186B00F4800015
:10902000009000980192186B40F4001018631B6BBD
:1090300003F40013052101930B20019B02F08EF82D
:109040000B2002F0C9F8002205210C2002F086F85E
:109050000C2002F0C1F8002205213A2002F07EF82F
:109060003A2002F0B9F800224620052102F076F8F5
:10907000462003B05DF804EB02F0AEB800380240C1
:1090800010B51148114C124900230122C0E90041DA
:10909000C0E90232C0E90433C0E90633036202F0DA
:1090A00047FD28B90848002102F04CFF40B910BD27
:1090B00000F026FF0448002102F044FF0028F6D00B
:1090C000BDE8104000F01CBF7805002000600040A3
:1090D0005016400030B504469FB000215C2207A81E
:1090E000CDE90211CDE90411069121F0F7F81A4BF0
:1090F00022689A4201D01FB030BD802307A8079391
:1091000004F0D2FE28BB154C154800250095236BB2
:1091100043F004032363236B03F004030093C02292
:109120001223CDE9022301220323CDE9042302A95E
:1091300004230693009A02F02FFF0195236C43F05D
:1091400080732364236C03F080730193019B1FB031
:1091500030BD00F0D5FED6E7006000400038024088
:109160000008024008B5044C20684FF0FF3109F0B8
:1091700055F816F0C3FFF7E76C09002008B5044C5A
:1091800020684FF0FF3109F049F816F0B9FFF7E712
:10919000C009002008B5044C20684FF0FF3109F0E9
:1091A0003DF816F0E9FFF7E71809002030B50A4D41
:1091B00083B0002428688DF807404FF0FF33002269
:1091C0000DF1070109F0FAF80028F3D19DF8070026
:1091D00017F01CF8EEE700BF7806002070B50A4EC5
:1091E00082B00024002530684FF0FF33002269462A
:1091F000CDE9004509F0E2F80028F4D1DDE90001ED
:1092000017F03CFAEFE700BF1C06002008B5044C3D
:1092100020684FF0FF3109F001F817F047F8F7E741
:10922000140A002008B517F025F9FCE72DE9F041F4
:109230000026274FDFF8A080264C354613E0D8F8EB
:109240000000052108F0EAFFB8B90FF02BFD2368F4
:109250005A0718D1D5B1052E1FD00136F6B2012517
:1092600023680133236038684FF0FF3108F0D6FFE0
:1092700000200FF09FFC0028E1D0002010F042FBFE
:1092800023685A07E6D0002DEBD0E4E7284610F01B
:10929000C7FAB8B901263546E2E7002010F078FA9F
:1092A00050B9D8F80000314608F0B8FF054618B9A3
:1092B00011F05EFF0626D3E7002010F04DFE0626D3
:1092C0000025CDE7284610F047FE2368C9E700BF18
:1092D000680A002028870020CC0600202DE9F041F4
:1092E0000026284FDFF8A480274C354614E0D8F834
:1092F0000000052108F092FFC0B901200FF0D2FC58
:1093000023685A0718D1D5B1052E1FD00136F6B201
:10931000012523680133236038684FF0FF3108F0DE
:109320007DFF01200FF046FC0028E0D0012010F066
:10933000E9FA23685A07E6D0002DEBD0E4E70120D4
:1093400010F06EFAC0B901263546E2E7012010F0B0
:109350001FFA58B9D8F80000314608F05FFF0546FB
:1093600020B9012011F004FF0626D2E7012010F0F9
:10937000F3FD06260025CCE7012010F0EDFD236863
:10938000C8E700BFBC0A0020248700202007002077
:1093900008B5044C20684FF0FF3108F03FFF17F08C
:1093A0006BF8F7E7C408002008B5054C20684FF0BB
:1093B000FF3108F033FF002017F07CF8F6E700BF1C
:1093C0002407002008B5054C20684FF0FF3108F055
:1093D00025FF012017F06EF8F6E700BF28070020F0
:1093E00008B5044C20684FF0FF3108F017FF17F064
:1093F00077F8F7E71C08002008B5044C20684FF008
:10940000FF3108F00BFF17F079F8F7E7700800203C
:1094100008B5034C17F084F8206808F0A7FDF9E7B9
:109420009C650020214B10B5214C186808F02AFFDC
:109430002368204A03FB02F2B2F1333F11D91D4ADF
:109440001D4903FB02F2B1EBF20F28D21B481C4965
:10945000DA1C00FB02F2B1EBB20F10D20133236031
:1094600010BD184B186808F00DFF174B186808F06E
:1094700009FF164B186808F005FF2368DFE7144B57
:10948000186808F0FFFE134B186808F0FBFE124B3B
:10949000186808F0F7FE23680133236010BD0F4BF6
:1094A000186808F0EFFE2368D0E700BF140A002018
:1094B00020870020CDCCCCCC66666606295C8FC2A6
:1094C000285C8F02C0090020680A0020BC0A002026
:1094D0002407002028070020700800201C08002016
:1094E00010B57D4A0021012008F044FE7B4B7C4AE8
:1094F0000446002101201C6008F03CFE794B7A4AAA
:109500000446002101201C6008F034FE774B784AA5
:109510000446002101201C6008F02CFE754B764AA1
:109520000446002101201C6008F024FE734B744A9D
:109530000446002101201C6008F01CFE714B724A99
:109540000446002101201C6008F014FE6F4B704A95
:109550000446002101201C6008F00CFE6D4B6E4A91
:109560000446002101201C6008F004FE6B4B6C4A8D
:109570000446002101201C6008F0FCFD694B6A4A8A
:109580000446002101201C6008F0F4FD674B684A86
:109590000446002101201C6008F0ECFD654B664A82
:1095A0000446002101201C6008F0E4FD634C644B7C
:1095B000206000220121634808F0F6FC624B012183
:1095C000186008F031FD614A0121082008F086FE8C
:1095D0005F4B604A0446082101201C6008F07EFEB3
:1095E0005D4B5E4A044600215D481C6008F03EFC6D
:1095F0005C4B5D4A044600215C481C6008F036FC68
:109600005B4B5C4A044600215B481C6008F02EFC62
:109610005A4B5B4A044600215A481C6008F026FC5D
:10962000594B5A4A0446002159481C6008F01EFC58
:10963000584B594A0446002158481C6008F016FC53
:10964000574B584A0446002157481C6008F00EFC4E
:10965000564B574A0446002156481C6008F006FC49
:10966000554B564A0446002155481C6008F0FEFB45
:10967000544B554A0446002154481C6008F0F6FB40
:10968000534B544A0446002153481C6008F0EEFB3B
:10969000524B534A0446002152481C6008F0E6FB36
:1096A000514B524A0446002151481C6008F0DEFB31
:1096B000504B514A0446002150481C6008F0D6FB2C
:1096C0004F4B504A044600214F481C6008F0CEFB27
:1096D0004E4B186010BD00BFC4B802086C090020D2
:1096E000D4B80208C0090020B4B802081809002044
:1096F000E4B80208140A0020F4B80208680A00203E
:1097000004B90208BC0A002044B80208CC060020B4
:1097100054B8020820070020A4B80208C40800209A
:1097200064B802082407002074B802082807002043
:1097300084B802081C08002094B8020870080020B1
:1097400030BB0208259400081C8700202CB80208B2
:109750007806002014B802081C06002038B9020858
:10976000659100085C4E00205CB902087D910008FC
:109770002C57002014B90208959100088C4B00204A
:109780000CBB0208AD910008EC860020C4BA0208A8
:10979000DD9100084C790020A4B902080D92000860
:1097A000CC60002080B9020825920008FC5B0020F4
:1097B00058BA02082D920008106E00207CBA0208E8
:1097C000DD920008146E0020E8BA020891930008A8
:1097D0001C820020ECB90208A99300086C680020E4
:1097E00010BA0208C59300083C6B002034BA020886
:1097F000E19300080C6E0020A0BA0208F99300085B
:109800007C760020C8B90208119400089C650020ED
:109810002DE9F04F2DED048B00248DB0CDE90644E9
:10982000CDE90844704B01940A941A6B6F4D704E49
:10983000704F42F004021A631A6B02F004020192A4
:10984000019A02941A6B42F080021A631A6B02F0BA
:1098500080020292029A03941A6B42F001021A6388
:109860001A6B02F001020392039A04941A6B42F0FD
:1098700002021A631A6B02F002020492049A05941F
:109880001A6B42F008021A631B6B03F0080305937E
:10989000224628464FF40041059B02F041FD284630
:1098A000012240F2311102F03BFD2246304641F2E6
:1098B000020102F035FD3046012248F2100102F0AB
:1098C0002FFD384641F20101012202F029FD224616
:1098D000384644F2920102F023FD9FED3F9B06A91A
:1098E00028464FF480420023CDE906234FF00008BC
:1098F0004FF00009089402F04FFB48F220120123B8
:1099000006A92846CDE906234FF0000A4FF0010BC7
:10991000CDE9088902F040FB06A928469FED308B6F
:109920008DED069BCDE908AB02F036FB06A930466B
:1099300001220023CDE90623089402F02DFB06A99D
:10994000304641F212020123CDE90623CDE9088910
:1099500002F022FB10220123284606A9CDE90623A6
:109960008DED088B02F018FB06A938468DED069B9D
:109970008DED088B02F010FB384606A945F29202E5
:109980000123CDE90623CDE9088902F005FB06A9EC
:1099900030464FF400420123CDE90623CDE908AB60
:1099A00002F0FAFA4FF4881306A904221248089428
:1099B000CDE9062302F0F0FA22460521082001F045
:1099C000CDFB082001F008FC0DB0BDEC048BBDE818
:1099D000F08F00BFAFF30080010000000100000025
:1099E00000000000020000000038024000080240B1
:1099F0000000024000040240000C024010B50B4879
:109A00000B4C0C4900234FF48042C0E90041C0E9EF
:109A10000233C0E90423C0E90633036202F092FC7A
:109A200000B910BDBDE8104000F06ABAEC87002014
:109A300000540040801A060010B50B480B4C0C492E
:109A400000234FF48042C0E90041C0E90233C0E97D
:109A50000423C0E90633036202F074FC00B910BDB0
:109A6000BDE8104000F04CBA40880020005800408B
:109A7000801A060010B50B480B4C0C4900234FF41C
:109A80008042C0E90041C0E90233C0E90423C0E9D3
:109A90000633036202F056FC00B910BDBDE8104069
:109AA00000F02EBA94880020005C0040801A060066
:109AB000F0B50368794A8FB000249342CDE9084499
:109AC000CDE90A4405460C9408D0754A934249D022
:109AD000744A934200F082800FB0F0BD724F009440
:109AE0003B6B7248724E43F002033B633B6B03F0E7
:109AF00002030093009B4FF440721223CDE9082328
:109B000008A903220423CDE90B2302F045FA0194AE
:109B10003B6C684A43F400133B643B6CB46003F451
:109B2000001301934FF00073C6E9002330464FF451
:109B30008063C6E90343C6E90544C6E907440199C1
:109B4000746201F0A9FB002840F0A280AE630022FD
:109B500005211F20B56301F001FB1F2001F03CFB34
:109B60000FB0F0BD504D02942B6B504843F00203F0
:109B70002B632B6B03F002030293029B03942B6B6A
:109B800043F004032B632B6B03F0040303934FF4A4
:109B900080621223CDE90823042608A903230B932E
:109BA0000C96039B02F0F8F94FF480521223CDE992
:109BB000082341480C960022032308A9CDE90A2373
:109BC00002F0EAF904942B6C43F480032B642B6CB1
:109BD00003F480030493049B0FB0F0BD324F05944F
:109BE0003B6B354843F004033B633B6B03F00403DA
:109BF0000593059B06943B6B43F001033B633B6B72
:109C000003F0010306934FF40072069B1223CDE983
:109C100008230426032308A90C960B9302F0BCF931
:109C20004FF480721223CDE9082324480C960022B9
:109C3000032308A9CDE90A2302F0AEF907943B6C8F
:109C40001F4E204AB46043F400033B643B6CF46055
:109C500003F4000307934FF00073C6E90023304676
:109C60004FF48063C6E90434C6E90644C6E90844F3
:109C7000079901F011FB70B9AE630022052148205D
:109C8000B56301F06BFA482001F0A6FA0FB0F0BD01
:109C900000F036F95AE700F033F9EDE700540040E0
:109CA00000580040005C00400038024000040240C0
:109CB0002C87002010600240000802400000024093
:109CC0008C87002028600240274A0368934210B521
:109CD000044606D0254A93421BD0254A93422AD0F7
:109CE00010BD02F5F2322348136C23F40013136401
:109CF0004FF4807102F062FA1E484FF4007102F0D6
:109D00005DFAA06B01F060FBBDE810401F2001F080
:109D100071BA02F5F0321748136C23F480034FF444
:109D20008061136402F04AFABDE8104012484FF413
:109D3000805102F043BA02F5EE320F48136C23F45F
:109D4000000313644FF4007102F038FA0B484FF42B
:109D5000807102F033FAA06B01F036FBBDE81040D1
:109D6000482001F047BA00BF0054004000580040AE
:109D7000005C004000040240000802400000024075
:109D800010B5002396B0CDE90A33CDE90C33CDE907
:109D90000233CDE90433284900930693086C274A1F
:109DA00040F080500864096C01F0805100910099E6
:109DB0000193116841F44041116012689FED1A7BD4
:109DC000022302F440424FF480000192CDE90E30AC
:109DD0000821B42208A88DED087BCDE91123CDE937
:109DE0001333019C109104F0B7FA08B172B6FEE784
:109DF00003F03EFF08B172B6FEE79FED0D7B4FF416
:109E0000A0530022CDE9042302A84FF4805305217A
:109E10008DED027B069303F067FF08B172B6FEE793
:109E200016B010BDAFF3008001000000000001007B
:109E30000F000000020000000038024000700040E7
:109E400008B51D4B01221A6000F062FDFFF798FF74
:109E5000FFF7DEFCFFF7D8F800F0BAFA00F05CFB81
:109E600000F096FB00F092F8FFF7A4F800F06CF811
:109E700000F08CFCFFF704F900F044F8FFF7DCFD7C
:109E8000FFF7BCFDFFF7F6FD00F0DEFA00F0AAFBDD
:109E90000A4805F057F80A4805F054F809490A48F5
:109EA0000DF03CFC0DF060FC07F0B4FFFFF718FB71
:109EB00007F0C2FFFEE700BF08000020848A0020F0
:109EC000148B0020A48B0020648C002008B572B68F
:109ED000054B02689A4201D062B608BD08460DF0F3
:109EE000F3FB62B608BD00BF00100140034B0268DF
:109EF0009A4200D0704700F025BD00BF001000401E
:109F000072B6FEE70E480F494FF4827210B5002377
:109F1000C0E900124FF4007410210A22C0E9023394
:109F2000C0E90433C0E90641C0E90833C0E90A3298
:109F300004F078FC00B910BDBDE81040FFF7E0BFA9
:109F4000E8880020003001400E480F494FF482722B
:109F500010B50023C0E900124FF4007410210A224A
:109F6000C0E90233C0E90433C0E90641C0E908335F
:109F7000C0E90A3204F056FC00B910BDBDE810403B
:109F8000FFF7BEBF40890020003800400E480F494F
:109F90004FF4827210B50023C0E900124FF4007430
:109FA00010210A22C0E90233C0E90433C0E90641A6
:109FB000C0E90833C0E90A3204F034FC00B910BD2E
:109FC000BDE81040FFF79CBF98890020003C00408E
:109FD00010B5026854498EB000238A42CDE9083397
:109FE000CDE90A330C9307D050498A4227D0504913
:109FF0008A425FD00EB010BD4E4A0193506C40F4BF
:10A0000080505064506C00F480500190019802938D
:10A01000136B494843F001031363136B9FED3E7BC1
:10A0200003F0010302930322052308A98DED087BA9
:10A03000CDE90B23029C01F0AFFF0EB010BD3D4AED
:10A040000393116C3D4841F480411164116C01F49B
:10A050008041039103990493116B41F00401116352
:10A06000116B01F00401049104990593136B43F003
:10A0700002031363136B03F0020305930C22022304
:10A08000CDE90823052408A90323CDE90B34059A5B
:10A0900001F082FF4FF400520223CDE90823284843
:10A0A0000C940022032308A9CDE90A2301F074FFD0
:10A0B0000EB010BD1F4A0693116C204841F40041B8
:10A0C0001164116C01F40041069106990793136B1A
:10A0D00043F004031363136B03F00403079302229A
:10A0E0000223CDE9082308A903220523CDE90B2388
:10A0F000079C01F051FF9FED0A7B00220323CDE96D
:10A100000A230E48062308A98DED087B0C9301F065
:10A1100043FF0EB010BD00BFE000000002000000D1
:10A12000000C000002000000003001400038004038
:10A13000003C00400038024000000240000802409D
:10A140000004024082B00E4B00220092596C41F490
:10A1500080415964586C00F480400090009801924E
:10A16000186C40F0805018641B6C03F0805301930E
:10A17000019B0F216FF0010002B000F0EFBF00BFA4
:10A180000038024030B5014689B00022362000F088
:10A19000E5FF362001F020F80025164B02951A6CD9
:10A1A000154C42F010021A641B6C03F0100301A955
:10A1B00003A80293029B03F055FE03F033FE0F4AFF
:10A1C0000F4921604300A2FB03239B0C013B40F29B
:10A1D000E7322046C4E903256360A56004F024FE4D
:10A1E00010B1012009B030BD204604F0E3FE09B0F3
:10A1F00030BD00BF00380240F089002083DE1B43E1
:10A2000000100040FEE700BFFEE700BFFEE700BF12
:10A21000FEE700BFFEE700BF704700BF08B515F0BE
:10A2200007FFBDE80840042002F080B808B50448E4
:10A2300001F0A6F9034B1868BDE8084008F022B801
:10A240002C870020CC06002008B5044801F098F9BE
:10A25000034B1868BDE8084008F014B88C8700204C
:10A2600020070020014B186808F00CB8C408002033
:10A27000014805F0A5BA00BFCC8A0020014803F0D0
:10A2800041B800BFEC870020014805F0C7BF00BF00
:10A29000648C0020014805F093BA00BFF0890020CB
:10A2A00008B515F065F9BDE80840014805F088BA21
:10A2B0005C8B0020014801F063B900BFA48B002033
:10A2C000014800F00DBE00BF0C050020014800F061
:10A2D00007BE00BF0C050020014800F001BE00BF12
:10A2E0000C050020014801F04BB900BF048C002090
:10A2F000014803F007B800BF948800200120704790
:10A3000008B51FF07DFE162303604FF0FF3008BD37
:10A3100008B51FF075FE16230360FEE770B5161E24
:10A3200007DD0C468D19AFF3008004F8010BA54240
:10A33000F9D1304670BD00BF70B5161E07DD0C4662
:10A340008D1914F8010BAFF30080AC42F9D13046FF
:10A3500070BD00BF4FF0FF30704700BF4FF4005397
:10A360004B600020704700BF0120704700207047FD
:10A3700010B50C4C0C4B0D492268591A2AB11044E7
:10A38000884207D82060104610BD094A2260104458
:10A390008842F7D91FF034FE0C234FF0FF320360E0
:10A3A000104610BD388A0020000002200004000082
:10A3B00080100120044B0549D3F8882042F4700234
:10A3C000C3F888209960704700ED00E00080000825
:10A3D00000B51B484FF0804202605922002387B02D
:10A3E00042604FF0FF32CDE90233CDE90433CDE9CD
:10A3F0000033C0E902320361836104F015FD98B9AE
:10A400004FF480530E48029302A905F097F898B9CB
:10A41000202200230A486946CDE9002305F07AFA94
:10A4200028B907B05DF804FBFFF76AFDE8E7FFF71E
:10A4300067FD07B05DF804FBFFF762FDE8E700BFCA
:10A44000848A00200000000000B53148314A8FB0F6
:10A450000023CDE90233CDE90433CDE90033CDE962
:10A460000633CDE90833CDE90A330C9383600361E9
:10A47000836140F23F63C0E900234FF6FF73C3607E
:10A4800004F0D2FC48BB4FF480532148029302A948
:10A4900005F054F890BB1E4804F0CAFD58BB0022DA
:10A4A00000231B486946CDE9002305F033FAF8B9CB
:10A4B0009FED157B00221648089206A98DED067BBC
:10A4C0000A9204F053FF80B91148042206A904F04F
:10A4D0004DFF28B90FB05DF804FBFFF711FDD2E77F
:10A4E000FFF70EFD0FB05DF804FBFFF709FDEBE78A
:10A4F000FFF706FDDCE7FFF703FDD0E7FFF700FD00
:10A50000C9E700BFAFF300800000000000000000BA
:10A51000CC8A00200004004000B51B481B4A0260A2
:10A5200089B000234FF0FF32CDE90233CDE9043387
:10A53000CDE90033C0E90133C0E903230693836109
:10A5400004F072FCA0B9072200230F4802A9CDE94C
:10A55000022305F0A3F898B9002200230A486946AF
:10A56000CDE9002305F0D6F928B909B05DF804FB60
:10A57000FFF7C6FCE7E7FFF7C3FC09B05DF804FB93
:10A58000FFF7BEFCE8E700BF148B0020000C004082
:10A5900000B51248124943F66522002383B0C0E992
:10A5A00000120122CDE90033C0E90232836104F0D8
:10A5B0003BFC58B90022002308486946CDE9002336
:10A5C00005F0A8F928B903B05DF804FBFFF798FC83
:10A5D000F0E7FFF795FC03B05DF804FB5C8B00200F
:10A5E0000014004009480A4908B54FF6FF720023DD
:10A5F000C0E90013C0E902320361836104F014FC76
:10A6000000B908BDBDE80840FFF77ABC3C8A0020CD
:10A610000044014000B50368B3F1804F87B00ED00D
:10A62000334A93422AD0334A934218D0324A934253
:10A630003AD0324A934249D007B05DF804FB03F5A3
:10A640000E33002201921A6C42F001021A641B6C54
:10A6500003F001030193019B07B05DF804FB284B55
:10A66000002203921A6C42F008021A641B6C03F079
:10A6700008030393039B07B05DF804FB204B002203
:10A680000292196C41F0020119641B6C03F0020381
:10A690001D2002930521029B00F060FD1D2007B0E4
:10A6A0005DF804EB00F098BD154B00220492196C84
:10A6B00041F0200119641B6C03F020033720049340
:10A6C0000221049B00F04AFD3720E8E70C4B0022F2
:10A6D0000592596C41F4003159645B6C03F400330A
:10A6E000192005930521059B00F038FD1920D6E7B8
:10A6F00000040040000C00400014004000440140F1
:10A70000003802400368B3F1804F0CD01A4A9342DC
:10A7100016D01A4A93420CD0194A934219D0194ABA
:10A7200093421FD07047184A136C23F0010313643F
:10A73000704702F50B32136C23F008031364704763
:10A7400002F50D321D20136C23F00203136400F098
:10A7500051BD02F509323720136C23F02003136436
:10A7600000F048BD02F574421920536C23F4003305
:10A77000536400F03FBD00BF00040040000C0040E7
:10A7800000140040004401400038024010B50B485E
:10A790000B4C00234FF4E1310C22C0E90041C0E929
:10A7A0000233C0E90432C0E9063305F0F7F800B916
:10A7B00010BDBDE81040FFF7A3BB00BF648C0020B4
:10A7C0000010014070B5374B026888B000249A42EF
:10A7D000CDE90244CDE90444069401D008B070BD2F
:10A7E00003F5943300945A6C2F4E42F010025A64D1
:10A7F0005A6C02F010020092009A01941A6B42F017
:10A8000001021A631B6B03F0010301934FF4C06252
:10A810000223CDE90223032305930546019B234828
:10A82000072302A9069301F0B7FB214A74624FF097
:10A830000063C6E90023304640224FF48063C6E936
:10A840000224C6E90544C6E90744336100F024FD4B
:10A8500010BB184C18496E634FF000620023C4E926
:10A86000001220464FF48062C4E90233C4E9042395
:10A87000C4E90633C4E90833B56300F00DFD70B9CF
:10A88000AC63002205212520A56300F067FC25208C
:10A8900000F0A2FC08B070BDFFF732FBD9E7FFF76C
:10A8A0002FFBEDE700100140048C00200000024067
:10A8B000B8640240A48B002040640240DFF834D02A
:10A8C0000D480E490E4A002302E0D458C450043308
:10A8D000C4188C42F9D30B4A0B4C002301E01360DF
:10A8E0000432A242FBD3FFF765FD1FF097FCFFF790
:10A8F000A7FA70470000022000000020E8040020B2
:10A9000050FD0208F00400207C100120FEE700004A
:10A9100008B50B4B1A6842F400721A601A6842F4C8
:10A9200080621A601A6842F480721A60032000F094
:10A9300003FC0F20FFF726FCFFF704FC002008BDF6
:10A94000003C0240034A044B11681B780B4413601F
:10A95000704700BFA88C002004000020014B18683D
:10A96000704700BFA88C002038B50446FFF7F6FFFB
:10A97000631C054602D0044B1B781C44FFF7EEFF16
:10A98000431BA342FAD338BD04000020024B1868D1
:10A99000C0F30B00704700BF002004E0014BD3F868
:10A9A000100A70470070FF1F014BD3F8140A70475C
:10A9B0000070FF1F014BD3F8180A70470070FF1F8B
:10A9C000704700BF704700BF704700BF704700BFAF
:10A9D000704700BF704700BF704700BF704700BF9F
:10A9E000002800F0988038B590F820300446002BFD
:10A9F00072D02268136843F001031360FFF7AEFFC3
:10AA0000054604E0FFF7AAFF431B0A2B5BD8236827
:10AA10005A68D107F6D51A6822F002021A60FFF7C9
:10AA20009DFF054604E0FFF799FF401B0A284AD81E
:10AA300023685A689207F6D4227E012A1A680CBF4E
:10AA400042F0800222F080021A60627E012A1A68B7
:10AA50000CBF42F0400222F040021A60A27E012A9E
:10AA60001A680CBF42F0200222F020021A60E27E37
:10AA7000012A1A680CBF22F0100242F010021A607C
:10AA8000227F012A1A680CBF42F0080222F0080255
:10AA90001A60627F012A1A680CBF42F0040222F099
:10AAA00004021A60D4E90220216902430A43606962
:10AAB0006168024301390A4300200121DA616062C2
:10AAC00084F8201038BD636A052243F400336362C2
:10AAD00084F82020012038BD1149124AC36D124864
:10AAE000C4E91012114A1249C4E91202114A12486B
:10AAF000C4E90A12114A1249C4E90C02114A124867
:10AB0000C4E90E121149124AA265C4E9140123B125
:10AB1000204698476DE7012070470E4BE365F7E745
:10AB2000F9160108D1A9000889180108D5A900085B
:10AB300025120108C11301085D150108C5A9000807
:10AB4000C9A90008CDA90008D9A90008DDA90008F5
:10AB5000C1A90008BD8E000890F82020013A012A02
:10AB600006D9426A034642F4802201205A627047A5
:10AB7000414BD3F8002230B401242243C3F8002211
:10AB8000D3F8002222F47C52C3F80022D3F800222A
:10AB9000486A42EA0022C3F800224A6902F01F0014
:10ABA00004FA00F0D3F81C4224EA0004C3F81C4263
:10ABB000CD69C443002D45D1D3F80C522540C3F8CC
:10ABC0000C52D200CD688B8802F1804202F5C84257
:10ABD00043EA0543C2F840328D680B8843EA0543D7
:10ABE000C2F844328B69244A33BBD2F80432234082
:10ABF000C2F804320B69C3B91F4BD3F814221440B6
:10AC0000C3F814420B6A012B05D11B4AD2F81C323F
:10AC10001843C2F81C02184AD2F8003223F001038C
:10AC2000002030BCC2F800327047134AD2F8143208
:10AC30000343C2F81432E5E7D2F804320343C2F802
:10AC40000432D7E7012DCDD1D3F80C520543C3F818
:10AC50000C52D2000D688B8802F1804202F5C84286
:10AC600043EA0543C2F840328D688B8943EA0543C5
:10AC7000C2F84432B6E700BF0064004070B590F8F7
:10AC80002030012B044606D0436A012643F40023FA
:10AC90004362304670BD0268DEB2022380F8203085
:10ACA000136823F001031360FFF758FE054604E024
:10ACB000FFF754FE431B0A2B08D823685B6813F088
:10ACC0000103F5D11E466362304670BD636A0522FA
:10ACD00043F40033636284F82020304670BD00BF27
:10ACE00030B4844690F82000DCF800500138012888
:10ACF000AC6835D814F0E05F3BD0C4F30164032C9A
:10AD000049D00120A04018608B68002B3AD0C86859
:10AD10000343486843EAC00304F1180000012B50C4
:10AD200005EB041C0B69CCF88431097D01294FEA3D
:10AD3000041305D1DCF8841141F48071CCF884113E
:10AD40002B445168C3F88C111268C3F88821DCF8D1
:10AD5000803143F00103002030BCCCF880317047D3
:10AD6000DCF8243043F48023012030BCCCF82430BC
:10AD70007047DCF8243043F40013012030BCCCF8D9
:10AD800024307047CB68086843EA405004F1180348
:10AD90001B01E850C4E7DCF8243043F40003012031
:10ADA00030BCCCF82430704770B590F820E00EF13C
:10ADB000FF3EBEF1010F84466DD8006851B9C468EA
:10ADC000A5070AD1DCF8243043F400130120CCF8A5
:10ADD000243070BD0469A407F4D000EB011E0C01FF
:10ADE000DEF8B05105F004059560002D5AD0DEF86C
:10ADF000B051ED085560DEF8B05105F00205D560A0
:10AE0000DEF8B451DEF8B46105F00F051561204499
:10AE1000DEF8B451C6F3072696612D0CD0F8B86160
:10AE200055611E70DCF800202244D2F8B821120AC5
:10AE30005A70DCF800202244D2F8B821120C9A7023
:10AE4000DCF800202244D2F8B821120EDA70DCF8C7
:10AE500000202244D2F8BC211A71DCF800202244E0
:10AE6000D2F8BC21120A5A71DCF800202244D2F830
:10AE7000BC21120C9A71DCF800202244D2F8BC21CB
:10AE8000120EDA71DCF8002089B9D36843F0200390
:10AE90000846D36070BD436A43F480230120CCF898
:10AEA000243070BDDEF8B0516D0D1560A3E7136955
:10AEB00043F020030020136170BD00BF90F82020F4
:10AEC000013A012A034605D9426A42F48022012050
:10AED0005A627047026853691943002051617047F4
:10AEE0002DE9F04F03685D69D3F804809F68D3F8BB
:10AEF0000CA0D3F81090D3F818B015F0010681B06B
:10AF0000044625D017F0010640F0B9804FF40052F6
:10AF10004FF48041F8050DD523684FF48070986098
:10AF2000BB0500F1CB80780500F1EC803B0540F1DA
:10AF3000F2800E46F8030BD523684FF48032B90334
:10AF40009A6000F1AF807A0340F1D78046F4004662
:10AF50002F0703D51AF0100F40F08B80680702D539
:10AF60001AF0080F7ED1A90703D52368DB689A077A
:10AF700074D16B0602D519F0100F69D1AF0602D556
:10AF800019F0080F5DD1E80603D523681B699907FE
:10AF900053D1AA0302D518F0100F47D1EB0302D505
:10AFA00018F0080F3BD12F0405D518F0040F0DD170
:10AFB000236804225A60002E71D0636AA26D1E437A
:10AFC0002046666201B0BDE8F04F1047E80504D5A1
:10AFD0001BF0010F18BF46F00106A90504D51BF0B0
:10AFE000020F18BF46F002066A0504D51BF0040FD5
:10AFF00018BF46F004062B05DAD51BF0700BD7D02E
:10B00000BBF1400F00F095805CD8BBF1200F00F041
:10B010008D80BBF1300F63D146F020065AE02368E3
:10B0200008225A602046636D9847BCE723681022C7
:10B030005A602046236D9847B0E7A36C2046984796
:10B04000A7E7236808221A612046E36C98479AE72D
:10B050002368102246F480661A618FE7236C20462D
:10B06000984786E723680822DA602046636C984791
:10B0700079E72368102246F40076DA606EE7012251
:10B080009A60BB0712D47E0730D417F008063BD075
:10B090004FF440524FF4A0414FF480563AE701B0CC
:10B0A000BDE8F08F236B2046984751E7836A9847A5
:10B0B00000264FF400524FF480412BE7E36A20460C
:10B0C000984737E7BBF1500F2DD0BBF1600F08BF99
:10B0D00046F4807623689A6922F070029A6168E7E4
:10B0E000BBF1100FF6D146F00806F3E74FF42052FB
:10B0F0004FF490414FF400660CE73B030FD546F444
:10B10000803625E7164615E7436B98474FF4005203
:10B110004FF48041FEE6A36B204698470AE7E36BB5
:10B120002046984714E746F08006D3E746F010061D
:10B13000D0E746F04006CDE70749CA6803024FF65C
:10B14000FF0003F4E0630240134343F0BF6343F4A2
:10B150000033CB60704700BF00ED00E01C4BDB68A4
:10B16000C3F3022300B5C3F1070EBEF1040F03F1D0
:10B17000040C28BF4FF0040EBCF1060F1BD9033B93
:10B180004FF0FF3C0CFA03FC22EA0C024FF0FF3CAC
:10B190000CFA0EFC21EA0C019940002841EA020158
:10B1A0000CDB00F16040090100F56140C9B280F894
:10B1B00000135DF804FB00221346E7E7054B00F09F
:10B1C0000F0009010344C9B219765DF804FB00BF02
:10B1D00000ED00E0FCEC00E0002808DB4109044A37
:10B1E00000F01F00012303FA00F042F8210070472D
:10B1F00000E100E000280DDB43090749012220336C
:10B2000000F01F0002FA00F041F82300BFF34F8F57
:10B21000BFF36F8F704700BF00E100E0002809DB3B
:10B220004309054900F01F000122403302FA00F0F3
:10B2300041F82300704700BF00E100E080B110B585
:10B240004379044603F0FF021BB101236371002020
:10B2500010BD0271FDF7BEFE01236371002010BD19
:10B260000120704710B4022304684371A36843F0BF
:10B2700001038446A3603AB1043901EB820251F81C
:10B28000043F23609142FAD1012320688CF80530F5
:10B290005DF8044B704700BF38B50446FFF75EFB0E
:10B2A000002C52D023680022022184F8351084F843
:10B2B00034201A6822F0010205461A6005E0FFF703
:10B2C0004DFB431B052B39D823681A68D107F6D4E8
:10B2D000D4E90120E16802430A43D4E90451A0699A
:10B2E0002A430A43E1691D6802430A43334929405E
:10B2F000256A2A430A43616A042928D01A605A69D8
:10B3000022F007021143D8B22D4A59611038A2FB2E
:10B31000005212092B4923F47F73895CE16523F005
:10B3200003035F2888BF04333F228A40A3650020BF
:10B330009A600123606584F8353038BD03232022EC
:10B34000626584F83530184638BD012038BDD4E92F
:10B350000B5129430A431A605969A26A21F0070177
:10B36000114341F00401002DCDD078B1B0F5005F5C
:10B3700016D0022A03D9032AC5D1EA01C3D5012375
:10B380004022626584F83530184638BD012A03D062
:10B3900032F00202B7D1F0E7B5F1C07FB3D1EEE7EA
:10B3A000032AB0D801A050F822F000BF7FB30008F4
:10B3B0007BB300087FB3000899B300083F8010F00A
:10B3C000ABAAAAAA58BB020830B4002835D090F81E
:10B3D0003530022BDCB22DD003681A4A1A4DD9B28F
:10B3E0001039A2FB014212091C68AD5C24F0010473
:10B3F00000221C601A605A609A60DA601A61212289
:10B400005A6123F47F7323F003035F2988BF043359
:10B410003F210022A940C0E90F22C0E91122C0E962
:10B420001322C565836514469960426580F834200F
:10B4300080F83520204630BC70470124204630BCBF
:10B44000704700BFABAAAAAA58BB020870B490F814
:10B450003440856D012C35D090F835404FF0010C0B
:10B46000644580F834C005D0002380F8343070BCC7
:10B4700002207047022680F8356004680026466581
:10B48000266826F48026266063608368402B0EBF02
:10B49000A260A160E260C26D08BFE1603F239340FB
:10B4A000AB602368026C43F0160323601AB1236873
:10B4B00043F008032360236843F001030020236066
:10B4C00070BC7047022070BC704700BF70B5044666
:10B4D000866DFFF743FA94F83530022B06D000232F
:10B4E000802284F834306265012070BD23681A68B8
:10B4F00022F016021A605A6922F080025A61226C08
:10B50000054632B31A6822F008021A601A6822F05F
:10B5100001021A6005E0FFF721FA431B052B0FD843
:10B5200023681B6813F00103F5D1E16D3F228A40C7
:10B530000121B26084F8351084F83430184670BDAB
:10B54000032020220023626584F8343084F835001B
:10B5500070BDA26C002AD5D1D8E700BF90F8353075
:10B56000022B03D080234365012070470268052326
:10B5700080F83530136823F0010300201360704712
:10B580002DE9F04182B0744A866D1568002301935D
:10B59000C36D346808229A402242804604D0016874
:10B5A0000F68780700F18A8001229A40224204D075
:10B5B000D8F800104969090678D404229A4022423A
:10B5C00004D0D8F8001009688F0767D410229A4079
:10B5D000224204D0D8F800100F68380749D420223E
:10B5E0009A40224217D0D8F800100C68E00612D515
:10B5F000B26098F83520052A73D00B6813F4802FB9
:10B600000B6800F09080190340F19B80D8F83C3023
:10B610000BB140469847D8F854303BB3D8F8543073
:10B62000DA071BD5D8F800204C49052388F83530B7
:10B630001368A1FB051523F00103AD0A136002E0B6
:10B640001368DB0704D5019B0133AB420193F7D9A3
:10B650000122002388F8352088F83430D8F84C309F
:10B6600023B1404602B0BDE8F041184702B0BDE842
:10B67000F081B2600A6812F4802F0A682AD1D705D7
:10B6800003D40A6822F008020A60D8F84020002A91
:10B69000A5D040469047D8F85C30A0E7B260D8F813
:10B6A000542042F00402C8F854208FE7B260D8F862
:10B6B000542042F00202C8F854207EE70F6827F0B9
:10B6C00004070F60B260D8F8542042F00102C8F8B5
:10B6D000542069E71203D8D5D8F84820002AD8D1D9
:10B6E0007DE70A6822F016020A604A6922F08002A9
:10B6F0004A61D8F8402052B30A6822F008020A6072
:10B700003F2202FA03F3D8F85010B360012200235D
:10B7100088F8352088F834300029A7D0404602B098
:10B72000BDE8F041084713F480737FF46FAF0A68F7
:10B7300022F010020A60012288F8352088F834309F
:10B7400064E7D8F84430002B7FF463AF63E7D8F8A0
:10B750004820002AD0D1D3E700000020B5814E1B3D
:10B7600090F83500704700BF406D70472DE9F843F1
:10B770000546894617464FF010082B689E6916F05B
:10B78000040640F083809C6914F0100469D05A6864
:10B79000940103D45A6842F480425A600024B9F1FB
:10B7A000FF3F9A695FD1900673D424B99C69A106C2
:10B7B000FCD52022DA61C3F81C8046F00404012184
:10B7C0009A69D00530D54FF480715605D96144F09F
:10B7D000010404D54FF48061D96144F00804910557
:10B7E00004D54FF4007244F00204DA619A699607B6
:10B7F00044BF00229A629A69D00703D49A6942F042
:10B8000001029A615A68304802405A606B6C00210C
:10B8100020221C436C6485F8401085F8412085F88F
:10B8200042100120BDE8F8835005D3D49205D8D446
:10B830000029DBD19A6992062ED4FFF78FF8C01B3E
:10B84000484502D8B9F1000F97D16B6C2022134301
:10B8500000216B6485F8401085F841200120BDE887
:10B86000F8832146ACE7920613D4002CA3D1FFF74E
:10B8700075F8C01B814506D3B9F1000F04BF20261F
:10B8800001242B688BE720260124FAE70020BDE87D
:10B89000F883002C8DD08EE79A69510702D52A8D46
:10B8A000002AF3D12024DC615968074A11400022A4
:10B8B00059606A6485F8402085F8414085F8422047
:10B8C0000120BDE8F88300BF00E800FE2DE9F84341
:10B8D0000746884616464FF010093B689D6915F0EB
:10B8E000020540F085809C6914F010046BD05A6802
:10B8F000910103D45A6842F480425A600024B8F19E
:10B90000FF3F9A6961D1920675D424B99C69A40657
:10B91000FCD52022DA61C3F81C9045F00404012212
:10B920009D69E90530D54FF480726805DA6144F00D
:10B93000010404D54FF48062DA6144F00804AD05D7
:10B9400004D54FF4007244F00204DA619A69910759
:10B9500044BF00229A629A69D20703D49A6942F0DE
:10B9600001029A615A68254802405A607B6C0021A6
:10B9700020221C437C6487F8401087F84120012076
:10B9800087F84210BDE8F8836905D3D4A805D8D458
:10B99000002ADBD1B8F1FF3FA0D0FEF7DFFF801B0C
:10B9A000404502D8B8F1000F97D17B6C002243F0DC
:10B9B000200320217B6487F8402087F84110012074
:10B9C00087F84220DEE72246AAE7900613D4002C2F
:10B9D000A1D1FEF7C3FF801B804506D3B8F1000F4D
:10B9E00004BF202501243B6889E720250124FAE7CC
:10B9F0000020BDE8F883002C8BD08CE700E800FE27
:10BA00002DE9F8430546894617464FF010082B6884
:10BA10009E6916F0200640F083809C6914F01004A3
:10BA200069D05A68940103D45A6842F480425A603B
:10BA30000024B9F1FF3F9A695FD1900673D424B90D
:10BA40009C69A106FCD52022DA61C3F81C8046F06F
:10BA5000040401219A69D00530D54FF48071560550
:10BA6000D96144F0010404D54FF48061D96144F0F8
:10BA70000804960504D54FF4007244F00204DA611C
:10BA80009A69910744BF00229A629A69D20703D447
:10BA90009A6942F001029A615A68244802405A6049
:10BAA0006B6C002120221C436C6485F8401085F8E3
:10BAB000412085F842100120BDE8F8835005D3D419
:10BAC0009005D8D40029DBD1FEF748FFC01B4845BC
:10BAD00002D8B9F1000F9AD16B6C002243F0200319
:10BAE00020216B6485F8402085F8411085F84220BC
:10BAF0000120BDE8F8832146ACE7920613D4002C60
:10BB0000A3D1FEF72BFFC01B814506D3B9F1000F6F
:10BB100004BF202601242B688BE720260124FAE7A6
:10BB20000020BDE8F883002C8DD08EE700E800FEF1
:10BB300000284FD010B590F84130044603F0FF02C2
:10BB4000002B42D02368242284F8412019686268BF
:10BB500021F0010122F0706219601A619A68E168AF
:10BB600022F4004201299A60A2682AD042F40442D9
:10BB700002299A6004BF4FF400625A605968226932
:10BB800041F0007141F4004159606169D8680A438D
:10BB9000A16920F4004042EA0122E169D860206AEC
:10BBA000DA6001431960196841F00101196000224F
:10BBB0002023626484F84130226384F842201046D6
:10BBC00010BD42F400429A60D8E780F84020FDF7AB
:10BBD00081FAB7E7012070472DE9F047984690F8C1
:10BBE0004130089E202B40F08E8090F84030012B91
:10BBF000044600F08880012380F8403089461746CB
:10BC0000FEF7ACFE054604E0FEF7A8FE401B19282F
:10BC10007CD82368986910F40040F5D1212284F87B
:10BC20004120102284F842206064A4F82A80628DAA
:10BC3000676292B2FF2A6063C9F3090775D8628D03
:10BC40004E4892B22285D1B25A6802403A4342EA43
:10BC5000014242F0007242F400525A60638D9BB27E
:10BC6000002B3BD0DFF81C81DFF81CA14FF0FF094F
:10BC700003E0638D9BB2002B30D02A46314620462C
:10BC8000FFF724FE002876D1606A216810F8013B96
:10BC90008B62628D238D6062013A92B26285628D01
:10BCA000013B9BB292B22385002AE2D0002BE0D167
:10BCB000701C46D18B691A06FCD5638D9BB2FF2B95
:10BCC0004BD94B68A4F8289003EA08033B4343EAA6
:10BCD0000A034B60638D9BB2002BCED12A463146BE
:10BCE0002046FFF78DFE002845D12368244D2021F2
:10BCF000D9615A682A405A6084F8411084F840009B
:10BD000084F8420000E00220BDE8F087636C002266
:10BD100043F020032021636484F8402084F841101C
:10BD200084F842200120BDE8F0875A6813490A4090
:10BD30003A4342F0FF7242F49032FF2121855A606B
:10BD40008CE78B691B06B8D4FEF708FE401B8642C1
:10BD5000DCD3002EDAD02168AAE7638D9BB223855D
:10BD6000DAB24B6803EA080343EA02433B4343F079
:10BD700000734B607DE70120BDE8F087009800FC70
:10BD800000E800FE009C00FC0000FF012DE9F047E8
:10BD9000984690F84130089E202B40F0928090F811
:10BDA0004030012B044600F08C80012380F84030A5
:10BDB00089461746FEF7D2FD054605E0FEF7CEFDA3
:10BDC000401B192800F28A802368986910F400400B
:10BDD000F4D1222284F84120102284F842206064A9
:10BDE000A4F82A80628D676292B2FF2A6063C9F369
:10BDF000090700F28280628D4E4892B22285D1B24C
:10BE00005A6802403A4342EA014242F0007242F468
:10BE100010525A60638D9BB2002B3DD0DFF81C811D
:10BE2000DFF81CA14FF0FF0903E0638D9BB2002BEC
:10BE300032D02A4631462046FFF798FC002876D1BA
:10BE40002268636A526A1A70628D238D616A013AB0
:10BE500092B26285628D013B01319BB292B2616206
:10BE60002385002AE1D0002BDFD1701C22682BD162
:10BE700093691906FCD5638D9BB2FF2B49D9536892
:10BE8000A4F8289003EA08033B4343EA0A035360FB
:10BE9000638D9BB2002BCCD12A4631462046FFF75A
:10BEA000AFFD002843D12368234D2021D9615A6872
:10BEB0002A405A6084F8411084F8400084F8420017
:10BEC00000E00220BDE8F08793691B06D3D4FEF79B
:10BED00045FD401B864201D3002EC6D1636C002273
:10BEE00043F020032021636484F8402084F841104B
:10BEF00084F842200120BDE8F0875A680D490A40C5
:10BF00003A4342F0FF7242F49232FF2121855A6097
:10BF100080E7638D9BB22385D9B2536803EA080397
:10BF200043EA01433B4343F0007353607DE7012044
:10BF3000BDE8F087009800FC00E800FE009C00FCD3
:10BF40000000FF0190F84120202A23D15FFA82FCF3
:10BF500090F84020012A03461CD00268242000B536
:10BF600083F84100106820F001001060106820F490
:10BF70008050106010680143116011684FF0000E8E
:10BF800041F00101116083F841C083F840E0704640
:10BF90005DF804FB022070472DE9F04F00220C6889
:10BFA000DFF814A27D4E85B01346894605E00133C3
:10BFB000102B02F1020200F084800121994001EA75
:10BFC000040BA143F3D1D9F804C00CF003014D1EBA
:10BFD000012D79D9032940F0B9809140CD430768FC
:10BFE0003D4029431CF4403F0160E0D00021039113
:10BFF000DAF8441041F48041CAF84410DAF84410E9
:10C0000001F480410391039923F0030101F1804180
:10C0100001F59C3103F00307D1F808E0BF000F25BC
:10C02000BD402EEA05085E4DA8421FD005F580658B
:10C03000A84200F08F805B4DA84200F092805A4DDC
:10C04000A84200F09580594DA84200F09880584DC4
:10C05000A84200F09B80574DA8420CBF4FF0060E3F
:10C060004FF0070E0EFA07F748EA0708C1F80880F4
:10C07000B1686FEA0B071CF4801F0CBF39404BEA14
:10C080000101B160F5681CF4001F0CBF3D404BEA94
:10C090000505F56075681CF4003F0CBF3D404BEA98
:10C0A0000505756031681CF4803F03F101030CBF86
:10C0B00039404BEA0101102B316002F102027FF49A
:10C0C0007CAF05B0BDE8F08FD9F80C50876805FA51
:10C0D00002F8032505FA02FE27EA0E0748EA0707D9
:10C0E000876047686FEA0E0527EA0B0ECCF300174E
:10C0F0009F4047EA0E074760C76807EA050ED9F870
:10C100000870974047EA0E070229C76001FA02F15A
:10C110007FF465AF4FEAD30E00EB8E0E03F00708F5
:10C12000DEF820700097D9F810704FEA880807FAF7
:10C1300008F701970F2707FA08F8009F27EA080871
:10C14000019F47EA0807CEF8207048E7032595408D
:10C15000ED43D1E74FF0010E0EFA07F748EA070862
:10C1600084E74FF0020E0EFA07F748EA07087DE76A
:10C170004FF0030E0EFA07F748EA070876E74FF08C
:10C18000040E0EFA07F748EA07086FE74FF0050EAE
:10C190000EFA07F748EA070868E700BF003C0140CD
:10C1A0000000024000080240000C02400010024063
:10C1B0000014024000180240003802402DE9F04F00
:10C1C0000023DFF85091DFF85081DFF850A183B0F1
:10C1D000012702E00133102B75D007FA03F232EA8F
:10C1E000010402EA010CF5D123F0030505F18045B5
:10C1F00005F59C3503F00304D5F808E0A4000F26EC
:10C20000A6404845019606EA0E0E5FD050455FD025
:10C210003B4EB0425FD03B4EB04261D03A4EB0424E
:10C2200063D03A4EB04265D0394EB04214BF4FF0A1
:10C23000070B4FF0060B0BFA04F4A6451CD1D8F8F7
:10C240000040019E24EA0C04C8F80040D8F80440DD
:10C2500024EA0C04C8F80440D8F80C4024EA0C0482
:10C26000C8F80C40D8F8084024EA0C04C8F8084084
:10C27000AC6824EA0606AE60056803265C0006FA90
:10C2800004F425EA0405056023FA06F500EB8505AC
:10C2900003F0070C2E6A4FEA8C0E4FF00F0C0CFACD
:10C2A0000EFC26EA0C062E62C56825EA0405C56068
:10C2B000456825EA020242608268013322EA0404EA
:10C2C000102B846089D103B0BDE8F08F0024B4E75F
:10C2D00007FA04F4B1E74FF0020B0BFA04F4ACE7F1
:10C2E0004FF0030B0BFA04F4A7E74FF0040B0BFA23
:10C2F00004F4A2E74FF0050B0BFA04F49DE700BF2E
:10C3000000080240000C02400010024000140240ED
:10C310000018024000000240003C014000040240BE
:10C3200002B9090481617047704700BF044A51692E
:10C33000014200D1704708B55061FFF7F5FF08BD15
:10C34000003C0140002800F0B98070B590F83D3005
:10C35000044603F0FF02002B00F09880236824229B
:10C3600084F83D201A6822F001021A601A6842F42B
:10C3700000421A601A6822F400421A6001F052FD6D
:10C3800063684F498B424FD84E4A90427CD94E4DFC
:10C390005A00A5FB0035431EB3FBF2F32268506838
:10C3A00020F03F0040EA95405060A90C01F1010CDB
:10C3B000116A21F03F0141EA0C011162D16940F696
:10C3C000FC7E013321F44F4113EA0E0F21F0FF01EF
:10C3D00061D104230B43D361D4E9073011680343CF
:10C3E00021F0C0010B4313609168D4E9030321F4E9
:10C3F0000341034321F0FF010B439360D4E905306F
:10C40000D168034321F0FF010B43D360116800237F
:10C4100041F0010120201160236484F83D00236372
:10C4200084F83E30184670BD284A90422CD9264DDB
:10C43000274EA5FB002C2268556825F03F0545EAEC
:10C440009C4555604FEA9C414FF4967505FB01F100
:10C45000A6FB0151156A890925F03F0501312943E1
:10C460001162D169A56821F44F4121F0FF01ADB9F6
:10C47000013803EB4303B0FBF3F30133C3F30B03C6
:10C48000D3B143F40043A5E7012070BD80F83C2000
:10C49000FDF70EFB62E7C3F30B039BE703EB83039C
:10C4A000013803EB8303B0FBF3F30133C3F30B0356
:10C4B00013B143F440438DE701238BE7012070471C
:10C4C000A08601007F841E0083DE1B43FF083D0021
:10C4D000D34D6210B0B10268242310B580F83D300E
:10C4E000136823F0010304461360FDF7EDFB0023FE
:10C4F000236484F83C3084F83D30236384F83E3074
:10C50000184610BD012070472DE9F04F054683B055
:10C5100099460C9F88469246FEF720FA95F83D30E2
:10C52000202B03D0022003B0BDE8F08F064605E0C3
:10C53000FEF714FA801B192800F2F5802C68A36915
:10C540006FEA030C1CF0020BF2D095F83C30012B83
:10C55000E8D0012385F83C302368D9076FD52368DC
:10C56000974A23F400632360212385F83D3010238C
:10C5700085F83E3000232B64A5F82A906B8DEA6283
:10C580002B85EB6AC5F824A0082B06D0012B04D01C
:10C59000934202D02B6B122B03D1236843F4807398
:10C5A00023607B1C3DD16369D807FCD52B69B3F5AB
:10C5B000804F49D108F0FE012161781C04D0D8E0F9
:10C5C00063695A0500F1BD8063699907F8D50023B6
:10C5D000019363690193A36901932B8D019A002B49
:10C5E00074D0791C7FD163691A0641D463695B05F5
:10C5F000F9D5002220236FF4806161612A6385F8F8
:10C600003D3085F83E202B6C85F83C2043F0040338
:10C610002B642B6C042B00F0E480012003B0BDE8F8
:10C62000F08F6369D907C1D4FEF798F9801B874260
:10C63000C0F0AF80002F00F0AC802C68B1E7236819
:10C6400043F0010323608AE74FEAE81303F006038F
:10C6500043F0F00323617B1C03D0B3E06369590509
:10C660006FD463691807F9D55FFA88F32361A4E7EB
:10C67000686AB5F828C001460CF1FF3211F8013B99
:10C6800023616B8D6962013B9BB26B85636992B2DA
:10C6900059072A850CD55AB1437823616B8D013B2C
:10C6A000ACF1020C02309BB2A5F828C068626B8521
:10C6B000781C28D16369590705D463695A0598D451
:10C6C00063695907F9D52B8D002B8AD12368002087
:10C6D00043F400732022236085F83D2085F83C0058
:10C6E00085F83E001FE763691806C1D463695805E1
:10C6F0003FF57FAFFEF732F9801B874278D3002FDA
:10C7000076D02C686DE763695B07DCD463695B05F1
:10C710003FF56FAFFEF722F9801B874268D3002FE9
:10C7200066D02C68C4E72023C5F830B085F83D30CA
:10C7300085F83EB02B6C85F83CB043F020032B64A9
:10C74000F0E6236843F40073236000226FF48061F5
:10C75000202361612A6385F83D3085F83E202B6CEB
:10C7600085F83C2043F0040301202B6403B0BDE8AE
:10C77000F08F63699B073FF52AAF63695B05E0D4DF
:10C78000FEF7ECF8801B874240D3002F3ED02C6888
:10C7900013E7002320222B6385F83D2085F83E30E7
:10C7A0002A6C296885F83C3042F020022A640B6824
:10C7B000DA057FF532AF4FF400732B642DE700BF2D
:10C7C0000000FFFF63691A073FF54EAF63695A0522
:10C7D000B7D4FEF7C3F8801B874217D3B7B12C68D4
:10C7E00039E72A68136843F40073012013609AE65E
:10C7F000002220232A6385F83D3085F83E202B6CEB
:10C8000085F83C2043F020032B6402E7002220231C
:10C810002A6385F83D3085F83E202B6C85F83C2056
:10C8200043F020032B6401207DE600BF2DE9F04F8B
:10C83000054687B09946109E88469246FEF78EF8C8
:10C8400095F83D30202B03D0022007B0BDE8F08FD3
:10C85000074605E0FEF782F8C01B192800F2A78002
:10C860002C68A069C04310F0020BF3D095F83C305F
:10C87000012BE9D0012385F83C302368DB0760D524
:10C8800023688D4A23F400632360222385F83D301A
:10C89000102385F83E3000232B64A5F82A906B8D79
:10C8A000EA62EA6A2B852368C5F824A043F4806312
:10C8B000082A236007D0012A05D012F5803F02D054
:10C8C0002B6B112B03D1236843F480732360701CFE
:10C8D00029D16369D907FCD52B69B3F5804F35D1D0
:10C8E00048F00103DBB22361721C03D007E16369E6
:10C8F00058056AD463699B07F9D52B8D002B7CD131
:10C90000019363690193A3690193019B236843F435
:10C91000007323600020202385F83D3085F83C001B
:10C9200085F83E0091E76369DA07D5D4FEF716F87B
:10C93000C01B8642C0F00C81002E00F009812C68DB
:10C94000C5E7236843F00103236099E74FEAE8193C
:10C9500009F0060949F0F0032361701C03D01DE1C2
:10C9600063695A0531D463691907F9D55FFA88F309
:10C970002361711C03D0A6E163695B0525D463695B
:10C980009A07F9D50023059363690593A369059375
:10C99000059B236843F480732360721C40F0A681DA
:10C9A0006369DB07FCD549F0F10323619CE7202391
:10C9B000C5F830B085F83D3085F83EB02B6C85F871
:10C9C0003CB043F020032B643EE7236843F400733C
:10C9D000236000226FF48061202361612A6385F85F
:10C9E0003D3085F83E202B6C85F83C2043F0040355
:10C9F00001202B6407B0BDE8F08F012B226800F006
:10CA00005381022B00F00B8142F4806222600022ED
:10CA1000049262690492A2690492049A032B48D892
:10CA2000012B00F02881022B00F0D480721C40F012
:10CA3000058163695B07FCD523686A6A23F4806318
:10CA40002360236913706B8D696A2A8D013B013164
:10CA5000013A9BB269622A856B85711C2A6840F095
:10CA6000FC8053695B07FCD51368696A43F4007363
:10CA7000136013690B706B8D696A2A8D2868013BFE
:10CA80009BB26B850069531E4C1C6C622B854870F1
:10CA90002B8D6A8D696A013B013A01319BB292B2DA
:10CAA00069622B856A85002B3FF434AF032B2C6819
:10CAB000B6D966B933E000BF0000FFFF6369DB064B
:10CAC0005CD4FDF74BFFC01B864230D32C686369F2
:10CAD0005A06F3D56B6A22691A706A8D28682B8D05
:10CAE000696A013A92B26A854269013B4C1C9BB269
:10CAF00052076C622B85D6D503694B7083E063695E
:10CB000099073FF5FAAE636959053FF55EAFFDF74A
:10CB100025FFC01B86420AD34EB12C68E4E6636948
:10CB20005906D7D46369D80628D4FDF717FF002229
:10CB300020232A6385F83D3085F83E202B6C85F84C
:10CB40003C2043F0200301202B6407B0BDE8F08FA8
:10CB5000002320222B6385F83D2085F83E302A6C87
:10CB6000296885F83C3042F020022A640B68D90518
:10CB700012D54FF400732B64012066E600232022B7
:10CB80006FF0100161612B6385F83D2085F83E3020
:10CB90002A6C2A6485F83C30012056E663691B073D
:10CBA0003FF5E4AE63695B053FF50FAFFDF7D6FED9
:10CBB000C01B8642BBD3002EB9D02C68CDE663697A
:10CBC00059070CD4FDF7CAFEC01B8642AFD3002E16
:10CBD000ADD02C68731CF2D163695807FCD523686B
:10CBE00043F4007323606B6A22691A706A6A531CEB
:10CBF0006B622B8D013B2B856B8D013B9BB26B8553
:10CC00002B681B6953702B8D6A8D696A013B013A51
:10CC100001319BB292B269626A852B8543E722F4A7
:10CC200080622260226842F4006222600022039245
:10CC300062690392A2690392039AEFE66369580757
:10CC40003FF5FAAEFDF78AFEC01B8642FFF46FAFD8
:10CC5000002E3FF46CAF2C68E8E653695C073FF5A3
:10CC600003AFFDF77BFEC01B8642FFF460AF002ED2
:10CC70007FF4F3AE5BE75EB911E06369D9063FF577
:10CC80007DAFFDF76BFEC01B8642FFF450AF2C68F2
:10CC900063695806F1D56B6A22691A70B3E7636954
:10CCA0005A067FF53FAFF6E722F480622260002249
:10CCB000029262690292A2690292029A226842F486
:10CCC00000722260AAE6636998073FF55BAE63696C
:10CCD00058053FF57AAEFDF741FEC01B8642FFF4D2
:10CCE00026AF002E3FF423AF2C6842E66369D807D5
:10CCF0003FF559AEFDF732FEC01B8642FFF428AF68
:10CD0000002E3FF425AF2C6847E600BF70B582B017
:10CD100005460020019095F83D00202825D14D487A
:10CD20004D4C0068C008A4FB0040000A00EB8000E6
:10CD300000EB8000019003E02C68A069860717D5FE
:10CD4000019C013C019401980028F5D1202328631F
:10CD500085F83D3085F83E002B6C85F83C0043F0AB
:10CD600020032B64012002B070BD022002B070BD10
:10CD700095F83C000128F8D0012085F83C00206897
:10CD8000C00703D4206840F001002060206820F430
:10CD900000602060222085F83D000026102085F8E4
:10CDA0003E002E646B85688D6A6283B22B48E86210
:10CDB0002B8569641BB3A86B00283DD004F11001DA
:10CDC000274CC463274C8664C0E910660665C464BA
:10CDD000FEF73CFB18BB2B681A6842F480621A60AD
:10CDE0001A6842F480721A6085F83C005A6842F46E
:10CDF00040725A605A6842F400625A60B3E785F89C
:10CE00003C30626842F4E06262601846236843F492
:10CE100080632360236843F480732360A3E72023A7
:10CE200085F83D3085F83E602B6C85F83C6043F01A
:10CE300010032B64012096E7202385F83D3085F808
:10CE40003E002B6C85F83C0043F080032B640120EE
:10CE500089E700BF0000002089B5F8140000FFFF3B
:10CE600091CF000849CF0008704700BF704700BF4E
:10CE7000704700BF704700BF704700BF704700BFDA
:10CE8000704700BF90F83D20016D034659B9C26C50
:10CE90000168012A826C0DD0C2F307220A61026D7B
:10CEA000013202657047016D012909D0016D022927
:10CEB0000ED07047D2B20A61026D0232026570472D
:10CEC000826C0168D2B20A61026D0132026570475C
:10CED000D2B2222A1FD0418D89B2C1B9418D89B207
:10CEE0000029E6D1212AE4D1026810B5546824F45F
:10CEF000E0645460146844F40074146020220163F8
:10CF000080F83D2080F83E10FFF7BAFF10BD212ABF
:10CF10000AD05B8D704701680A6842F480720A602B
:10CF2000026D013202657047416A026811F8010B17
:10CF300010615A8D5962013A92B25A85704700BF0A
:10CF4000704700BF704700BF10B5846B636B0BB1B7
:10CF50000022DA63A36B0BB10022DA63FEF704FC54
:10CF6000022800D110BD21680B680022202023F484
:10CF700080630B60628584F83D0084F83E20236C5A
:10CF800043F0100320462364FFF7DCFF10BD00BF11
:10CF900070B5846B94F83D20236894F83E10E56AE0
:10CFA000C8B2596821F440715960616BD2B209B1BD
:10CFB0000026CE63A16B09B10026CE6302F02101E9
:10CFC000212939D002F02201222933D094F83E20C1
:10CFD0007AB3628D92B2012A3DD05A6815F5803F2E
:10CFE00022F440725A6006D0082D04D0B5F12A4FC1
:10CFF00001D0202D03D11A6842F400721A605A68D9
:10D0000022F480525A605A68002122F400625A6069
:10D010006185236C23BB202284F83D2094F83E20B8
:10D02000402A35D0122284F83E3020462263FFF792
:10D030001DFF70BD2028C9D15968002021F400616E
:10D04000292A596060850FD02A2A17D05A6842F4DD
:10D0500040725A6070BD1A6822F480621A60BCE7A0
:10D060002046FFF76FFF70BD282321222263204650
:10D0700084F83D30FFF7FCFE2368E7E728232222EF
:10D080002263204684F83D30FFF7F4FE2368DDE795
:10D0900084F83E3020462363FFF752FF70BD00BF87
:10D0A000704700BF70B53A4B3A491B68806B82B03D
:10D0B000DB080022A1FB031301921B0A90F83D102C
:10D0C000026803EB8303C3EBC303C9B2019305E01A
:10D0D000019B013B019313689B0506D5019B002B27
:10D0E000F6D1036C43F020030364446B4CB3836BB1
:10D0F0000025E563F3B11668DD6326F480661660EB
:10D100004585256500241C65136823F00103136021
:10D1100090F83D30602B2AD001F02801282919D041
:10D120002022002380F83D2080F83E30FFF70AFFE0
:10D1300002B070BD156825F48065156043852365D0
:10D14000E2E7836BF3B11568DC6325F48065156055
:10D150004485D7E7136843F0010313601368002484
:10D1600043F480631360046380F83D10DEE700231E
:10D17000202280F83D2080F83E300364FFF790FFC6
:10D1800002B070BD146824F4806414604385BBE76A
:10D190000000002089B5F81410B590F83D2090F8F3
:10D1A0003E30102B0446D2B239D0D9B2402936D005
:10D1B00002F0280128293DD023685968080507D4C2
:10D1C000602A05D02021002284F83D1084F83E20FA
:10D1D000002222635A6812F4006234D194F83D10A0
:10D1E000602975D05A69500605D5626A1B691370AB
:10D1F000636A013363622046FFF7A4FE236C1907BC
:10D2000004D02268536823F4E063536094F83D30FF
:10D21000226C5207DBB201D5282B2FD010BD222A59
:10D22000C6D123681A6822F400621A605A6812058F
:10D23000C8D5CDE700232363236884F83D105A68DE
:10D2400012F40062CAD05A68606B22F400625A601D
:10D2500090F83530012B1ED0284B0365FEF77EF980
:10D260000028CBD02268606B1368202123F00103D3
:10D27000136084F83D10036D9847BFE700232049F1
:10D28000E16220222363204684F83D2084F83E306A
:10D29000FFF7F4FD10BDA06B184B0365FEF75EF9B8
:10D2A0000028ABD023685A69510606D5626A1B690B
:10D2B0001370626A2368013262621A68A06B22F0FE
:10D2C000010220211A6084F83D10036D984795E70C
:10D2D000202184F83D1022645A69520606D5626AFC
:10D2E0001B691370626A2368013262621A6822F055
:10D2F000010220461A60FFF7D3FE7FE7A5D00008A1
:10D300000000FFFF70B5036804465868E56A94F8AA
:10D310003E1094F83D2010298EB0D2B25FFA81FC05
:10D3200024D0BCF1400F21D0216C002900F0968060
:10D330005969002511F0020FC1F3400659D0860546
:10D3400059D5226C02B19D6994F83D2002F0280263
:10D35000282A00F01F8200220C9259690C919B69C7
:10D360000C930C9B84F83C200EB070BD9E695969EB
:10D3700011F0010F1AD1B5F52A0FF5D0B5F12A4FEA
:10D38000F2D00D076DD5850540F18380626C616B2D
:10D39000D2B21A61002900F0E481CA6B002A00F0C1
:10D3A000E0815A6842F400625A60DDE785056ED577
:10D3B000E26AB2F52A0F00F0EA81E26AB2F12A4F7E
:10D3C00004BF0822E26294F83E20402A00F0D8818F
:10D3D0002269B2F5804F00F0B381226D002A40F03F
:10D3E000EF81626CD21102F0060242F0F0021A6183
:10D3F000BAE7CD067CD402F0F702212A00F0F580CE
:10D400004E0640F13281450540F12F81490700F178
:10D410002F8194F83D10628D92B2C9B2002AA3D038
:10D42000626A1B691370638D626A013B9BB26385FC
:10D43000638D01329BB26262002B95D12A2993D170
:10D44000226853682225282123F4806353602046F4
:10D45000256384F83D10FFF70DFD85E79D69596947
:10D4600068E78D0715D5850513D594F83E20E06A49
:10D47000256B94F83D102229D2B200F0B38100222E
:10D480000A925A690A929B690A930A9B6CE70D07F4
:10D49000E7D5750740F1F5805D682E053FF564AF6F
:10D4A0000D0640F11581460540F112814D0700F14E
:10D4B000128194F83D20208D94F83E10E56AD2B296
:10D4C000C9B2002840F03B82212A00F04183402964
:10D4D0007FF44AAF222A7FF447AF628D92B2002ACE
:10D4E00000F0708294F83E20402A40F0B480FCE0C6
:10D4F000850580D594F83D505A6822F4E0625A6060
:10D500000D965A690D921A6842F001021A600D9A3E
:10D510001A6822F480621A605A681105EDB221D5AA
:10D5200005F0F702222A00F07A81606B02685268E7
:10D5300092B26285628D92B21AB1226C42F00402FC
:10D5400022645A6822F400625A60FEF709F9012841
:10D5500008D0606B994B0365FEF700F810B1606B63
:10D56000036D9847638D9BB213B323685A695207C2
:10D570000AD5626A1B691370628D636A013A591C8D
:10D5800092B22368616262855A69560609D5626A59
:10D590001B691370638D626A013B01329BB2626248
:10D5A0006385638D9BB21BB1236C43F0040323643A
:10D5B000236C002B40F0DE802A2D00F0518194F87E
:10D5C0003D30282B00F05481236B222B02D0222DDA
:10D5D0007FF4CAAE002320222363204684F83D2036
:10D5E00084F83E30FFF746FCBEE60D0628D546051A
:10D5F00026D54D0727D494F83D00618D89B2C0B27D
:10D6000000293FF4B1AE616A11F8015B1D616162EE
:10D61000618D013989B26185618D89B200297FF4FC
:10D62000A3AE29287FF4A0AE5968282521F4806193
:10D6300059602046226384F83D50FFF719FC93E6B9
:10D6400049077FF591AE82057FF58EAE628D92B26D
:10D65000002A3FF489AE626A12F8011B1961638DDA
:10D660006262013B9BB263857EE64A077FF57CAE32
:10D6700086057FF579AE628D92B2002A3FF474AED2
:10D680001BE05A6815053FF56FAE4A0633D44907CB
:10D690007FF56AAE82057FF567AEE16A628D92B270
:10D6A000042A00F01981628D92B2032A00F0598198
:10D6B000628D92B2022A00F08A81626A1B6913703D
:10D6C000638D626A013B01329BB2626263854BE605
:10D6D00049077FF549AE86057FF546AE212A00F061
:10D6E0000381BCF1400F7FF43FAE20460EB0BDE891
:10D6F0007040FFF7C7BB4605C9D54D07C1F380028F
:10D70000C8D494F83D1022297FF42EAE618D89B2E1
:10D71000032940F2CC81626A1B691370638D626ACF
:10D72000013B9BB26385638D9BB20132032B626226
:10D730007FF41AAE2268536823F48063536013E6C3
:10D7400094F83D20212A626C16BF42F0010202F0DB
:10D75000FE02D2B21A61626B1AB1D26B002A7FF458
:10D7600020AEA26B002A3FF4FFADD26B002A7FF4FB
:10D7700018AEF9E520460EB0BDE87040FFF70CBDCD
:10D78000226D4ABB626C02F0FE021A61ECE50122D6
:10D79000E26218E65A6822F480625A602E066FEA46
:10D7A00095014FF0000354BFA289228B84F83C30CE
:10D7B00001F001012046FFF75FFBD5E5A5D0000889
:10D7C000226D012A7FF4D0AD626CD21102F0060204
:10D7D00042F0F1021A61C7E5626C42F00102D2B276
:10D7E0001A61C1E5216D11B9402A00F0A180226DB6
:10D7F00022B92169B1F5404F00F0A580628D92B247
:10D80000002A42D103925A6903929A690392039AB9
:10D810001A6842F400721A6000232365A4E5A06B25
:10D820000268526892B26285628D92B21AB1226C1D
:10D8300042F0040222645A6822F400625A60FDF742
:10D840008FFF01283FF48EAEA06BA14B0365FDF75F
:10D8500085FE00283FF486AEA06B036D984781E6F5
:10D8600028222363204684F83D20FFF703FBA6E629
:10D8700000239849E16220222363204684F83D205A
:10D8800084F83E30FFF7FAFA6EE5628D92B2012A13
:10D8900076D0628D92B2022A00F0EB801A6842F4D0
:10D8A00080621A605A6812050ED510F5803F07D0C5
:10D8B00001381F2808D8884A22FA00F0C60703D585
:10D8C0005A6842F480525A60002209925A690992B9
:10D8D0009B690993099B9FE75A68616A22F48062F9
:10D8E0005A601B690B70EBE6E16A94F83D20212A2F
:10D8F0007FF43AAD628D92B2002A7FF4ACAE082973
:10D9000000F09F80202900F09C8011F5803F00F0FE
:10D910009880596821F4E061596011202023206328
:10D9200084F83E20204684F83D30FFF79DFA1BE541
:10D9300001915A6901929B690193019B14E5212A87
:10D940003FF4CBADC3E502925A6902929A69029202
:10D95000029A1A6842F480721A60236D01332365BB
:10D9600002E55A68042922F480625A603FF4A5AEA9
:10D9700002293FF4A2AE1A6822F480621A609CE683
:10D9800010F5803F00F00381082800F0D1802028A6
:10D9900000F0CE80122D00F03D81102800F23C8175
:10D9A0004E4A22FA00F0C10740F136811A6842F46B
:10D9B00080621A60002206925A6906929B69069359
:10D9C000069B29E75A6822F480625A60CCE4012958
:10D9D0001A6800F0D880102900F0D580042900F0E2
:10D9E0000A81022900F0078142F400721A60626A1B
:10D9F0001B691370638D626A2168013B9BB263856A
:10DA00000B69511C61625370638D2168626A013B2E
:10DA10009BB263854B68013223F44073202062621D
:10DA20004B6084F83D0094F83E30402B00F0C380FA
:10DA30000022122384F83E2020462363FFF716FAC3
:10DA400092E4596821F4E0615960196800222020AD
:10DA500041F400711960226384F83D0094F83E306F
:10DA600084F83E20402B20467FF45FAFFFF708FA92
:10DA70007AE4102840F2A8801A6822F480621A60C2
:10DA80001A6842F400621A605A68160507D510F544
:10DA9000803F40F0A6805A6842F480525A600022CB
:10DAA00008925A6908929B690893089BB4E6E06A59
:10DAB000022887D0012985D809490B92096846F2C6
:10DAC000A810B1FBF0F101EB81010B910FE000BF59
:10DAD000A5D000080000FFFF818000801400010035
:10DAE000000000201A6812F4007200F09A800B9A6D
:10DAF000013A0B920B990029F4D1226C606A42F032
:10DB0000200222645A6822F4E0625A601B690370A2
:10DB1000638D626A013B01329BB2202063856262A1
:10DB200084F83D00204684F83E10FFF70BFA1BE412
:10DB30001A68002122F480621A6007915A690792DC
:10DB40009A690792079A1A6842F400721A6063E6AB
:10DB5000082D3FF476AF202D3FF473AF15F5803FCD
:10DB60003FF46FAF5A6822F4E0625A60112000213E
:10DB70002023206384F83E10204684F83D30FFF7D0
:10DB800073F9FFF7F1BB22F480621A602FE71A687D
:10DB900022F480621A605A6812F400622FD01A6868
:10DBA000002122F480621A6004915A6904929B69F0
:10DBB0000493049B30E6002384F83E302046236320
:10DBC000FFF7BEF9FFF7D0BB274AC240D2077FF567
:10DBD00053AF1A6842F480621A605A6815057FF5DF
:10DBE0005EAF01381F283FF65AAF204AC240D10726
:10DBF0007FF555AF4FE742F480621A60F7E6059271
:10DC00005A6905929A690592059A1A6842F4007257
:10DC10001A6001E601288BD11A6822F480621A602A
:10DC2000C8E61968606A21F480611960596821F4B6
:10DC3000E06159601B690370638D013B20219BB239
:10DC4000638584F83D10636A94F83E1001334029DF
:10DC500063627FF4EEAE84F83E2020462263FFF735
:10DC60006FF9FFF781BB00BF1400010081800080C5
:10DC700030B583B0194B1A491A4D002201921A6C23
:10DC800042F080521A641B6C03F08053019301220E
:10DC9000019B0A64FCF762FE044605E0FCF75EFEA9
:10DCA000001BB0F57A7F16D86B68DA03F6D50C4BFB
:10DCB0000C4D01225A64FCF751FE044605E0FCF7C6
:10DCC0004DFE001BB0F57A7F05D86B689B03F6D537
:10DCD000002003B030BD032003B030BD0038024047
:10DCE00000000E4200700040002800F08780484A83
:10DCF000136803F00F038B422DE9F0410D460446F3
:10DD000009D2CBB21370136803F00F038B4202D019
:10DD10000120BDE8F0812368980714D5590704D580
:10DD20003C498A6842F4E0528A601A0704D53949AE
:10DD30008A6842F460428A603649A0688A6822F0A4
:10DD4000F00202438A60DF0721D56268012A57D0BA
:10DD5000931E012B2F4B1B684DD99907D8D52D4EFB
:10DD6000B36823F003031343B360FCF7F7FD41F2FC
:10DD70008838074604E0FCF7F1FDC01B404544D855
:10DD8000B368626803F00C03B3EB820FF3D1204A4F
:10DD9000136803F00F03AB4206D9EBB2137013689C
:10DDA00003F00F03AB42B3D123685A0706D51949D4
:10DDB000E0688A6822F4E05202438A601B0707D5B4
:10DDC000144A2169936823F4604343EAC1039360D2
:10DDD00000F082FA0F4A104C92681049C2F3031205
:10DDE0000346A25C0E48D34000680B60FCF7CAF9FA
:10DDF0000020BDE8F0819801B1D489E70120704787
:10DE0000044B1B689E03AAD482E7032081E700BF6E
:10DE1000003C02400038024040BB020800000020E5
:10DE200008000020044B05499B68054A0868C3F3B5
:10DE30008223D35CD84070470038024000000020A5
:10DE400050BB0208044B05499B68054A0868C3F3A8
:10DE50004233D35CD84070470038024000000020B5
:10DE600050BB02080E4B0F2202609A6802F00302B8
:10DE700042609A6802F0F00282609A6802F4E0520E
:10DE8000C2609B68DB0810B403F4E053054C0361E7
:10DE900023685DF8044B03F00F030B60704700BF6D
:10DEA00000380240003C02402DE9F043036813F0C3
:10DEB000010683B004460BD0A849866BD1F88C20AC
:10DEC00022F0C0623243B6FA86F6C1F88C20760999
:10DED0009A070BD5A149E06BD1F88C2022F0C052F3
:10DEE00002430028C1F88C2008BF012613F0040566
:10DEF00012D09A49256BD1F88C20B5F5801F22F4F9
:10DF0000401242EA050218BFB5FA85F5C1F88C2027
:10DF100012BF6D09002501261F070FD58F48616BC1
:10DF2000D0F88C2022F440020A43B1F5800FC0F8EB
:10DF30008C2000F0FE80002908BF0125980600F122
:10DF4000AD80DF0605D5864B94F85820C3F8E02154
:10DF50002368180608D58149E06CD1F8942022F492
:10DF600040020243C1F89420590608D57B49A06CB1
:10DF7000D1F8942022F080620243C1F89420DA059F
:10DF80000DD57649606DD1F8942022F00062B0F191
:10DF9000006F42EA000208BF0125C1F894209F05E6
:10DFA00008D56E49606CD1F8942022F0805202436B
:10DFB000C1F8942058050BD56848216DD0F89420FD
:10DFC00022F000520A43B1F1005FC0F894200BD058
:10DFD000012E09D0B3F5006F06D0012D00F0E480CA
:10DFE000002003B0BDE8F0835E4B5C4F00229A66D0
:10DFF000FCF7B4FC064604E0FCF7B0FC831B022BE4
:10E0000042D83B681901F7D42368DA0740D5A26BE0
:10E01000002A3DD15149D1F88420D1F8840002F47E
:10E02000403200F07060024360680243A06842EA38
:10E030008012606942EA0072C1F884205E0704D54C
:10E04000226BB2F5801F00F09180180704D5626B37
:10E05000B2F5800F00F08A80590504D5226DB2F127
:10E06000005F00F004811A0565D43E4B3B4F01224E
:10E070009A66FCF773FC06463B681B01ADD4FCF7BF
:10E080006DFC801B0228F7D9032003B0BDE8F083A4
:10E090009F07D3D5E26B002AD0D1BBE72F4B324F7D
:10E0A000002201921A6C42F080521A641B6C03F039
:10E0B00080530193019B3B6843F480733B60FCF702
:10E0C0004DFC804605E0FCF749FCA0EB0800022867
:10E0D000DAD83B68D905F6D5204F236C3A6F12F495
:10E0E000407213D003F44071914211D03B6F1D4A2E
:10E0F0000121C2F8401E23F440730021C2F8401EE3
:10E100003B673B6FDA0700F1CB80236C03F440726E
:10E11000B2F5407F00F0A08010498A6822F4F8121E
:10E120008A600E4A116FC3F30B030B431367236816
:10E1300007E7012602E7D4E9012123691B0643EA28
:10E1400081131343E26861695208013A43EA01739B
:10E1500043EA0243014AC2F8843086E700380240AD
:10E160000010474200004742007000405849D1F873
:10E170008420D1F8840002F4403200F0E0400243F1
:10E1800060680243A06842EA8012206942EA0062A5
:10E19000C1F88420D1F88C00A26A20F01F00013A57
:10E1A0000243C1F88C2057E74A4B494E00221A67B8
:10E1B000FCF7D4FB054605E0FCF7D0FB401B02282A
:10E1C0003FF662AF33689F00F6D42268500778D5D7
:10E1D000236B002B75D13E49A069D1F8883003F438
:10E1E00040330343E06943EA8013606A43EA006313
:10E1F000C1F88830D1F88C30E06A23F4F853013844
:10E2000043EA0023C1F88C30D20514D5636DB3F115
:10E21000006F10D12E49A569D1F88830D4E90702E2
:10E2200003F070632B43520843EA8013013A43EA38
:10E230000243C1F88830274B254D01221A67FCF7AD
:10E240008DFB04462B689B003FF5CAAEFCF786FBAE
:10E25000001B0228F6D917E71D48826823F0704199
:10E2600021F4407122F4F8120A43826059E71848F9
:10E270006668D0F88420C2F30142511CD0F8842093
:10E2800002F0E0423243A66842EA861242EA416264
:10E29000E1684908013942EA0142C0F88420E2E617
:10E2A000FCF75CFB41F28839804606E0FCF756FB40
:10E2B000A0EB080048453FF6E7AE3B6F9B07F5D55E
:10E2C00023E71107A0D5636B002B9DD183E700BF27
:10E2D00000380240000047421D4908B58B6803F032
:10E2E0000C03082B1AD00C2B16D14A684B684968CE
:10E2F000184813F48003C1F3881118BF002302F0FB
:10E300003F02A1FB0001FAF717FC114B5B68C3F356
:10E310000273B0FBF3F008BD0E4808BD4A684B68B5
:10E3200049680C4813F48003C1F3881118BF002317
:10E3300002F03F02A1FB0001FAF7FEFB044B5B6811
:10E34000C3F3014301335B00B0FBF3F008BD00BF32
:10E35000003802400024F400002800F0B3812DE9C9
:10E36000F0410368DA0782B0044636D5A2498A68CC
:10E3700002F00C02042A00F0DF808A6802F00C022E
:10E38000082A00F0D5809C498A6802F00C020C2A09
:10E3900000F005816368B3F5803F00F01981B3F5A3
:10E3A000A02F00F09681944D2A6822F480322A60D2
:10E3B0002A6822F480222A60002B40F00E81FCF7AC
:10E3C000CDFA064605E0FCF7C9FA801B642800F286
:10E3D000FB802B689903F6D423689A072FD5864AC9
:10E3E000916811F00C0F00F09880916801F00C0119
:10E3F000082900F08E8080498A6802F00C020C2AFD
:10E4000000F06281E368002B00F014817B4B7A4EB0
:10E4100001221A60FCF7A2FA054605E0FCF79EFA15
:10E42000401B022800F2D08033689807F6D5336885
:10E43000226923F0F80343EAC203336023681A0712
:10E4400051D4580730D56C4A136C13F0805300F048
:10E450009A8000256A4E3368D90540F1A580A368EB
:10E46000012B00F0CF80052B00F03D81624E326F12
:10E4700022F001023267326F22F004023267002B71
:10E4800040F0C580FCF76AFA41F28838074605E09B
:10E49000FCF764FAC01B404500F29680336F980782
:10E4A000F6D4002D40F00881A069C0B1524DAB6890
:10E4B00003F00C03082B00F0CE80504B0022022802
:10E4C0001A6600F01A81FCF749FA044604E0FCF7EA
:10E4D00045FA001B022877D82B689B01F7D400204F
:10E4E00002B0BDE8F0816369002B2FD0434B424E50
:10E4F0000122C3F8802EFCF731FA054604E0FCF750
:10E500002DFA401B02285FD8736F9B07F7D523684D
:10E5100097E7526857023FF56EAF374A1268950782
:10E5200025D5E268012A22D0012002B0BDE8F081A1
:10E530004A6857027FF527AF2F4A126895037FF587
:10E540004CAF6268002A7FF448AFEDE72B4A2A4EB1
:10E55000C2F8803EFCF702FA054604E0FCF7FEF93B
:10E56000401B022830D8736F9F07F7D4CFE72249AA
:10E5700020690A6822F0F80242EAC0020A601A071B
:10E580007FF55FAFAFE70193136C43F080531364E3
:10E59000136C03F080530193019B01255AE74A68ED
:10E5A00056027FF5F7AEC7E7336843F480733360F4
:10E5B000FCF7D4F907463368DA053FF550AFFCF7AE
:10E5C000CDF9C01B0228F6D9032002B0BDE8F081C6
:10E5D000094A136843F480331360FCF7BFF9064E11
:10E5E000054604E0FCF7BAF9401B6428ECD8336810
:10E5F0009803F7D5F0E600BF00380240000047421C
:10E6000000700040554A136F43F001031367FCF795
:10E61000A5F9524F064641F2883804E0FCF79EF90E
:10E62000801B4045D0D83B6F9B07F7D5002D3FF4AA
:10E630003BAF41E04A4A494E1360FCF78FF905466B
:10E6400004E0FCF78BF9401B0228BDD8336899071A
:10E65000F7D42368F3E601283FF442AF6B68E26920
:10E6600003F4800191427FF45FAF226A03F03F011F
:10E6700091427FF459AF616A47F6C0721A40B2EB1B
:10E68000811F7FF451AFA26A520803F44031013A6E
:10E69000B1EB024F7FF448AFE16A03F07062B2EB76
:10E6A000016F7FF441AF226B03F0E043B3EB027FD5
:10E6B00014BF0120002013E7284A136C23F0805375
:10E6C0001364F1E6012070474A6856023FF59AAE9E
:10E6D00023E7224B1A6842F480221A601A6842F437
:10E6E00080321A6079E71D4B1A6F42F004021A67F4
:10E6F0001A6F42F001021A6789E7FCF72FF9064604
:10E7000005E0FCF72BF9801B02283FF65DAF2B6874
:10E710009901F6D4D4E90731626A0B4343EA8213C4
:10E72000D4E90A20216B43EA0063520843EA0173EB
:10E73000013A0B4943EA024301226B600A66FCF787
:10E740000DF9064D044605E0FCF708F9001B022808
:10E750003FF63AAF2B689A01F6D5C0E60038024082
:10E76000000047422DE9F04182B01D4616460C4696
:10E770000746FCF7F3F835442D1AFCF7EFF8284B61
:10E780001B68C3F3CB3305FB03F380460193731C73
:10E79000396807D18B6834EA0303FBD0002002B04C
:10E7A000BDE8F0818B6834EA0303F7D1FCF7D6F8B3
:10E7B000A0EB0800A84208D2019B002B019B03F1AB
:10E7C000FF3308BF00250193E1E7D7E900315A681C
:10E7D000B1F5827F22F0E0025A6014D0BA6AB2F535
:10E7E000005F07D00122002387F8512087F85030BE
:10E7F0000320D4E71A6822F400521A601A6842F41F
:10E8000000521A60EEE7BA68B2F5004F02D0B2F5D6
:10E81000806FE3D11A6822F040021A60DEE700BF81
:10E820000000002000285CD0416A70B50446002931
:10E8300047D00023C0E9043394F851200023A36299
:10E8400002F0FF00002A42D09C462568A2680223FD
:10E8500084F851302B6823F040032B60636802F486
:10E86000044203F482731343E26802F40062134328
:10E87000226902F002021343626902F001021A43A4
:10E88000E36901F0100003F03806A169236A03F080
:10E89000800E01F4007313433343090C43EA0E0363
:10E8A00001F0040143EA0C0301432B606960EB694A
:10E8B000002023F400630122EB61606584F851209D
:10E8C00070BD4368B3F5827FB6D0C161B4E784F808
:10E8D00050002046FBF77CFBD4E9091303F4005CED
:10E8E000B3E70120704700BF2DE9F041044690F8DE
:10E8F0005000012882B000F087801D46012384F873
:10E90000503088461746FCF729F894F85130012B0F
:10E910000646D8B209D002200122002384F85120F3
:10E9200084F8503002B0BDE8F081B8F1000FF3D0A8
:10E93000002FF1D0A2682068C4F8308000230321A2
:10E94000B2F5004F84F85110C4E910336365A7860F
:10E95000E786A363A387E38700F0838003685B06F1
:10E96000844603D4036843F040030360E368B3F5CF
:10E97000006F63684CD0002B00F09580012F00F0F1
:10E980009280E38E9BB2BBB1002D00F0CB806F1C58
:10E990007ED123689A68900740F19080226B1278AC
:10E9A0001A73E18E236B013989B2E186E18E01335E
:10E9B00089B223630029ECD16268724B72491B68EB
:10E9C000A1FB03135B0D4FF47A7101FB03F3B2F566
:10E9D000827F019307D1C6E0019B2268013B01932E
:10E9E00093681B0602D5019B002BF5D1A36833B9B0
:10E9F00022680093D368009393680093009B606D36
:10EA0000003818BF012087E7022002B0BDE8F0817E
:10EA10001A46002B74D1414631F8027BC76021634E
:10EA2000E18E013989B2E186E18E89B20029C4D034
:10EA3000002D00F08B80691C58D183689A0740F143
:10EA40008980226B32F8023BC360E38E2263013B74
:10EA50009BB2E386E38E9BB2002BEED163681A462D
:10EA6000ABE7036823F040030360036843F480438B
:10EA7000036073E7226B12781A73E38E226B013BFB
:10EA800001329BB2E3862263E38E9BB2002B93D0CC
:10EA900023689A689107EDD4FBF760FF801B8542DD
:10EAA000F2D8032038E798F800300373E38E226B26
:10EAB000013B01329BB22263E38662E7FBF74EFF24
:10EAC000E38E9BB2002B7FF464AF75E7226B32F8C4
:10EAD000023BCCF80C30E38E2263013B9BB2E38611
:10EAE000E38E9BB2002BB9D0D4F800C0DCF808301C
:10EAF0009B07EBD4FBF732FF801B8542D1D9EFE7B0
:10EB0000012F91D187E7226B12781A73E38E226B63
:10EB1000013B9BB2E386E38E01329BB22263002B62
:10EB20003FF44AAF23689A689207ECD4FBF716FFCC
:10EB3000B7E7216B31F8022BC260E28E2163013A04
:10EB400092B2E286E28E92B2002A88D0826897075B
:10EB5000ECD5EEE7FBF702FFE38E9BB2002B3FF410
:10EB60007DAF206869E733462A4680212046FFF7BB
:10EB7000F9FD00283FF43AAF636D2022134363652B
:10EB8000626533E700000020819F5E162DE9F043A7
:10EB9000044690F8500083B001280A9D00F083805D
:10EBA0001F46012384F8503089469046FBF7D6FE75
:10EBB000064694F8510063680128C1B211D0B3F53C
:10EBC000827F09D002200122002384F8512084F89A
:10EBD000503003B0BDE8F083A268002AF2D10429C6
:10EBE000F0D1B9F1000F62D0B8F1000F5FD0002F63
:10EBF0005DD094F85120C4F83880042A1CBF052247
:10EC000084F8512000226265C4E910222268E78757
:10EC1000E7861168A7874906C4F83090A78603D411
:10EC2000116841F040011160E168B1F5006F4ED00C
:10EC3000002B3ED0012F3CD00127E38E9BB21BB9A5
:10EC4000E38F9BB2002B7FD02268936899070FD582
:10EC5000E38E9BB263B15FB1236B1B781373E38EBA
:10EC6000226B013B01329BB222632268E3860027BC
:10EC7000936813F001030DD0E18F89B251B11F46A3
:10EC8000A36BD2681A70A36B0133A363E38F013BBC
:10EC90009BB2E387FBF762FE801BA84214D36A1C79
:10ECA000CBD003208FE7022003B0BDE8F083012022
:10ECB00089E799F800301373E38E226B013B013230
:10ECC0009BB22263E386B7E7002DB6D1E9E7002BBC
:10ECD0006CD1494631F8023BD360E38E2163013B9E
:10ECE0009BB2E3866A1C4FF0010725D061E02268E1
:10ECF00093689B070DD5E38E9BB253B14FB1216B47
:10ED000031F8023BD360E38E2163013B9BB20027C5
:10ED1000E386936813F001030CD0E18F89B249B107
:10ED2000D168A26B22F8021B1F46E38FA263013B4E
:10ED30009BB2E387FBF712FEE38E9BB2002BD6D18A
:10ED4000E38F9BB2002BD2D1334B344A1B68A2FB1A
:10ED500003235B0D4FF47A7202FB03F362680193A5
:10ED6000B2F5827F14D133462A4680212046FFF730
:10ED7000F9FC80B1636D2022134363650120626555
:10ED800021E7019B2268013B019393681B0602D592
:10ED9000019B002BF5D1A06800283AD12368009090
:10EDA000DA6800929B680093009B0CE7012F99D1D1
:10EDB0008FE7E38E9BB21BB9E38F9BB2002BC3D0CE
:10EDC0002268936898070DD5E38E9BB253B14FB17B
:10EDD000236B33F8021BD1602363E38E013B9BB2AC
:10EDE0000027E386936813F001030CD0E18F89B20A
:10EDF00049B1D168A26B22F8021B1F46E38FA263C0
:10EE0000013B9BB2E387FBF7A9FD801BA842D0D34F
:10EE100047E70020D7E600BF00000020819F5E1674
:10EE200090F85100704700BF002800F0878010B5AF
:10EE300090F83D30044603F0FF02002B79D02268A1
:10EE40003F49022384F83D308A4213685DD0B2F115
:10EE5000804F31D0A1F57C418A422DD001F58061EF
:10EE60008A4229D001F580618A4225D001F5784196
:10EE70008A424AD001F570518A4221D001F5806161
:10EE80008A421DD001F580618A4219D0A1F59831DE
:10EE90008A4215D001F580618A4211D001F5806166
:10EEA0008A420DD0A069E16823F080030343136018
:10EEB0006368D162936210E0A16823F070030B4392
:10EEC0002069A16923F44073034323F08003E068C1
:10EED0000B4361681360D06291620123536184F82F
:10EEE000463084F83E3084F83F3084F8403084F86F
:10EEF000413084F8423084F8433084F8443084F858
:10EF0000453084F83D30002010BDA068216923F011
:10EF10007003034323F440730B43A16923F0800380
:10EF20000B431360E368D36263689362636913639E
:10EF3000D3E780F83C20FBF76DFB80E701207047AA
:10EF40000000014090F83D30012B2CD10368184A95
:10EF50000221934280F83D101AD0B3F1804F17D0B0
:10EF6000A2F57C42934213D002F5806293420FD007
:10EF700002F5806293420BD002F57842934207D0AB
:10EF800002F57052934203D0A2F59432934204D119
:10EF90009A6802F00702062A07D01A6842F00102B6
:10EFA00000201A607047012070470020704700BFA2
:10EFB0000000014090F83D30012B2FD10368194922
:10EFC000022280F83D20DA688B4242F00102DA60CA
:10EFD00019D0B3F1804F16D0134A934213D002F5E3
:10EFE000806293420FD002F5806293420BD002F50B
:10EFF0007842934207D002F57052934203D0A2F5B3
:10F000009432934204D19A6802F00702062A07D08C
:10F010001A6842F0010200201A6070470120704710
:10F02000002070470000014000040040704700BF0E
:10F03000002800F0878010B590F83D30044603F0BA
:10F04000FF02002B79D022683F49022384F83D302B
:10F050008A4213685DD0B2F1804F31D0A1F57C4176
:10F060008A422DD001F580618A4229D001F5806164
:10F070008A4225D001F578418A424AD001F5705183
:10F080008A4221D001F580618A421DD001F580615C
:10F090008A4219D0A1F598318A4215D001F58061D4
:10F0A0008A4211D001F580618A420DD0A069E168E1
:10F0B00023F08003034313606368D162936210E01E
:10F0C000A16823F070030B432069A16923F4407306
:10F0D000034323F08003E0680B4361681360D06250
:10F0E00091620123536184F8463084F83E3084F8FD
:10F0F0003F3084F8403084F8413084F8423084F85E
:10F10000433084F8443084F8453084F83D300020A2
:10F1100010BDA068216923F07003034323F44073FA
:10F120000B43A16923F080030B431360E368D362B0
:10F130006368936263691363D3E780F83C20FFF749
:10F1400075FF80E70120704700000140002941D190
:10F1500090F83E30012B45D10368022280F83E2012
:10F16000DA6842F00202DA60186A012201F01F0137
:10F1700002FA01F120EA01001862186A404A0143CC
:10F180009342196250D002F5806293424CD0B3F1A1
:10F19000804F14D03B498B4211D001F580618B42E6
:10F1A0000DD001F580618B4209D0934207D002F562
:10F1B0007052934203D0A2F59432934204D19A68DC
:10F1C00002F00702062A38D01A6842F00102002035
:10F1D0001A607047042945D0082930D090F8413092
:10F1E000012B01D00120704704293FD008292AD0E3
:10F1F00002220B1F80F84120082BF3D801A252F8FD
:10F2000023F000BF73F20008E5F10008E5F1000803
:10F21000E5F100084DF20008E5F10008E5F100080D
:10F22000E5F1000859F200085A6C42F400425A64B1
:10F230009A6802F00702062AC6D10020704790F8AB
:10F240004030012BCED1022380F840300368DA68C9
:10F2500042F00802DA6087E70368DA6842F01002D9
:10F26000DA6081E790F83F30012BBBD1022380F8B0
:10F270003F300368DA6842F00402DA6074E700BFE6
:10F2800000000140000400400C2908D8DFE801F02C
:10F29000440707073E07070738070707090001204B
:10F2A00070470368DA6822F01002DA601A6A10B454
:10F2B0004FF0010C01F01F040CFA04FC22EA0C02CE
:10F2C0001A62294A1C6A1C6293422BD002F58062A2
:10F2D000934227D01C6A41F21112144208D11C6AD1
:10F2E00040F24442144203D11A6822F001021A602B
:10F2F000012331BB80F83E305DF8044B084670476F
:10F300000368DA6822F00802DA60CFE70368DA6897
:10F3100022F00402DA60C9E70368DA6822F0020228
:10F32000DA60C3E71C6A41F211121442D2D11C6A9E
:10F3300040F244421442CDD15A6C22F400425A6445
:10F34000C8E7042909D008290CBF80F8403080F8AC
:10F3500041305DF8044B0020704780F83F305DF885
:10F36000044B0020704700BF0000014090F83C3083
:10F37000012B00F0A9800123F0B480F83C300C2A66
:10F3800008D8DFE802F035070707580707077D07A9
:10F3900007070E00002280F83C2001231846F0BC2D
:10F3A000704702680E68136A23F480531362146A6C
:10F3B0005568D36923F4E64343EA06238E6824F4B0
:10F3C000005444EA06345C4EB24200F09F8006F5D9
:10F3D0008066B24200F09A8049685560D36111643A
:10F3E0001462002280F83C2000231846F0BC7047CD
:10F3F00002680E68136A23F001031362146A5568E9
:10F40000936923F0730333438E6824F0020434437A
:10F41000494EB2425BD006F58066B24257D0496889
:10F420005560936151631462002280F83C200023F0
:10F430001846F0BC704702680E68136A23F0100388
:10F440001362146A5568936923F4E64343EA06237A
:10F450008E6824F0200444EA0614374EB24245D0A8
:10F4600006F58066B24241D0496855609361916368
:10F470001462002280F83C2000231846F0BC70473C
:10F4800002680E68136A23F480731362146A556865
:10F49000D36923F0730333438E6824F4007444EA81
:10F4A0000624254EB24237D006F58066B24233D0EC
:10F4B00049685560D361D1631462002280F83C2012
:10F4C00000231846F0BC7047022318467047CE68E8
:10F4D00024F008043443D1E9057625F4407547EA61
:10F4E000060C24F004044CEA050598E7CE6824F0E5
:10F4F000800444EA0614D1E9057625F4406547EA1C
:10F50000060C24F0400445EA8C05ADE74E6925F46D
:10F51000804545EA86155FE7CE6824F4006444EA36
:10F520000624D1E9057625F4405547EA060C24F473
:10F53000806445EA0C15BBE70000014090F83C30C0
:10F54000012B75D0024630B40223046882F83D30A6
:10F55000012082F83C00A36823F47F4323F0770363
:10F56000A3600B68602B65D024D8402B7CD04BD98E
:10F57000502B17D14868CD68216A236A23F0010314
:10F580002362A36921F00A0123F0F003014343EA57
:10F590000513A3612162A36823F0700343F05703AE
:10F5A0000020A3600121002382F83D1082F83C3046
:10F5B00030BC7047B3F5805F38D0B3F5005F10D131
:10F5C000D1E90153A0682B43CD6820F47F4143EA81
:10F5D00005230B43A360A36843F480430020A3608A
:10F5E000E0E7702BDED1D1E90153A0682B43CD6851
:10F5F00020F47F4143EA05230B43A360A36843F053
:10F6000077030020A360CDE7202B02D00AD9302B4E
:10F61000C8D1A16821F070010B4343F0070300201B
:10F62000A360BFE733F01001BCD1F2E70020B9E7D7
:10F6300002207047206ACB684D6820F010002062DD
:10F64000A16921F4704141EA0331236AA16123F0E9
:10F65000A00343EA05132362A36823F0700343F079
:10F6600067030020A3609DE74868CD68216A236A8C
:10F6700023F001032362A36921F00A0123F0F003C0
:10F68000014343EA0513A3612162A36823F07003D9
:10F6900043F047030020A36084E700BF90F83C20BC
:10F6A000012A50D0034670B40222046883F83D203A
:10F6B000012083F83C00A26848680D6822F07002BF
:10F6C000024322F007022A435028A26060D00FD9DB
:10F6D00060283AD070280ED1D1E90252A0682A439E
:10F6E0000D6920F47F4142EA05220A43A2600FE03F
:10F6F00040283DD007D90120002283F83D0083F83F
:10F700003C2070BC7047202802D012D93028F2D19A
:10F71000E26822F04002E260E2680021012522F462
:10F720008042E26083F83D5083F83C10084670BC8C
:10F73000704730F01002EBD00120002283F83D002A
:10F7400083F83C20DDE702207047206A0A698D6853
:10F7500020F010002062A16921F4704141EA0231D9
:10F76000226AA16122F0A00242EA05122262CFE7DA
:10F77000052DC0D0256A206A0E6920F001002062A4
:10F78000A26922F0F00242EA0612A2612562BFE7F6
:10F7900088680D69216A21F00A010143206A20F07E
:10F7A00001002062A26922F0F00242EA0512A26181
:10F7B0002162ADE7704700BF704700BF704700BFD0
:10F7C00003681A69910710B5044602D5DA689207F2
:10F7D0005FD41A69500702D5DA68510746D41A690E
:10F7E000120702D5DA6810072ED41A69D20602D59C
:10F7F000DA68D00618D41A69D10702D5DA68D207B8
:10F800005DD41A69100602D5DA6811065FD41A6948
:10F81000520602D5DA68500661D41A69910602D5FB
:10F82000DA68920643D410BD6FF010010822196106
:10F830002277DB6913F4407F204664D0FFF7BAFFDC
:10F84000002223682277D6E76FF0080104221961AD
:10F850002277DB699907204652D102F04FFA204601
:10F86000FFF7AAFF002223682277BEE76FF00401AA
:10F870000222196122779B6913F4407F20463CD114
:10F8800002F03CFA2046FFF797FF00222368227718
:10F89000A5E76FF002010122196102779B699B07BE
:10F8A00025D0FFF787FF00222368227791E76FF0CA
:10F8B000200220461A61BDE8104000F06BB86FF0DE
:10F8C00001021A612046FAF711FB236899E76FF0ED
:10F8D00080021A61204600F05FF8236897E76FF016
:10F8E00040021A612046FFF769FF236895E702F09E
:10F8F00005FA2046FFF760FFD5E7FFF75BFFC4E797
:10F90000FFF758FFAEE702F0F9F92046FFF754FF82
:10F9100096E700BF90F83C30012B37D003680222F5
:10F9200030B480F83D205A680D689C6822F070025F
:10F930002A435A60164A93421AD0B3F1804F17D027
:10F94000A2F57C42934213D002F5806293420FD01D
:10F9500002F5806293420BD002F57842934207D0C1
:10F9600002F57052934203D0A2F59432934204D12F
:10F970004A6824F0800414439C600023012280F82C
:10F980003D2080F83C3030BC18467047022070475C
:10F9900000000140704700BF704700BF002800F022
:10F9A0008F8038B590F83D30044603F0FF02002BFD
:10F9B00000F081802368E068242284F83D20DA6822
:10F9C00022F40052DA601969A26821F4405101431F
:10F9D0002069196102436069D9680243E06921F432
:10F9E000164121F00C0102430A43DA605A69A0690A
:10F9F000344922F4407202438B425A6135D0324A74
:10FA0000934232D0FEF70EFAE369B3F5004F32D0DD
:10FA1000636819219A00A0FB01019B0FF9F78CF88C
:10FA20002A49A1FB00325209642505FB120000019E
:10FA300032302368A1FB0010120102EB50109860D5
:10FA40001A6922F490421A615A6922F02A025A6114
:10FA5000DA680025202142F40052DA60256484F837
:10FA60003D1084F83E10284638BDFEF7EBF9E369F7
:10FA7000B3F5004FCCD16268192192184FF0000302
:10FA80005B41A0FB0101F9F757F8104BA3FB0021E4
:10FA90004D09642202FB1502D2003232A3FB02326E
:10FAA000C2F342111209236801EB051102F4F87246
:10FAB0000A449A60C4E780F83C20FAF783FE79E7AD
:10FAC0000120704700100140001401401F85EB51D8
:10FAD0002DE9F843054690F83D00202877D1894666
:10FAE000002940D01446002A3DD01E4695F83C30EF
:10FAF000012B6CD0012385F83C304FF00008212306
:10FB0000C5F8408085F83D30FAF728FFAB68AC8433
:10FB1000B3F5805FEC8407465CD0EB8C00229BB28F
:10FB200085F83C20002B7ED02C68721C1ED12268E8
:10FB30001306FCD5B9F1000F44D019F8013B6360FE
:10FB4000EB8C013B9BB2EB84EB8C9BB2002BECD19A
:10FB5000711C45D123685A06FCD5202385F83D3019
:10FB60000020BDE8F8830120BDE8F883236818066B
:10FB7000E0D42EB1FAF7F2FEC01B86422C68D4D234
:10FB800004F10C0353E8003F23F4D07304F10C019B
:10FB900041E80032002AF3D104F1140353E8003F96
:10FBA00023F0010304F1140141E80032002AF3D1EB
:10FBB000202385F83D3085F83C2085F83E30032031
:10FBC000BDE8F88338F8023BC3F30803B7E7022027
:10FBD000BDE8F8832B69002B9FD1C84699469CE766
:10FBE00023685B06B9D42EB1FAF7B8FEC01B864273
:10FBF0002C68ADD204F10C0353E8003F23F4D0731A
:10FC000004F10C0141E80032002AF3D104F114039D
:10FC100053E8003F23F0010304F1140141E80032EE
:10FC2000002AF3D1C4E72C6892E700BFF8B5044678
:10FC300090F83D00202835D191B38AB394F83C0068
:10FC400001282FD00120E28484F83C00A284606B5C
:10FC5000DFF85CC0144F154E216213462268002560
:10FC60004FF0210E2564043284F83DE0C0E90FC74F
:10FC7000C0E91365FBF7EAFB22686FF040031360ED
:10FC800084F83C5002F1140353E8003F43F0800332
:10FC900002F1140040E800310029F3D10020F8BD42
:10FCA0000120F8BD0220F8BDE5FE0008FDFE0008B9
:10FCB00095FE000810B50368596990F83D20212A87
:10FCC000044606D0596994F83E20222A28D0002004
:10FCD00010BD0906F6D503F1140252E8002F22F0F8
:10FCE000800203F1140040E800210029F3D1606B89
:10FCF00010B1FBF7EBFB236803F10C0252E8002F75
:10FD000022F0C00203F10C0040E800210029F3D1E9
:10FD1000202284F83D20596994F83E20222AD6D129
:10FD20004A06D4D503F1140252E8002F22F0400213
:10FD300003F1140040E800210029F3D1A06B10B1B9
:10FD4000FBF7C4FB236803F10C0252E8002F22F4F6
:10FD5000907203F10C0040E800210029F3D103F177
:10FD6000140252E8002F22F0010203F1140040E8CF
:10FD700000210029F3D1226B012A06D02022002382
:10FD800084F83E200020236310BD03F10C0252E8EA
:10FD9000002F22F0100203F10C0040E8002100299E
:10FDA000F3D1EBE7036810B5044603F10C0252E807
:10FDB000002F22F4F07203F10C0040E8002100292A
:10FDC000F3D103F1140252E8002F22F0010203F1F3
:10FDD000140040E800210029F3D1226B012A3BD016
:10FDE0005A69110622D45A69520613D503F1140236
:10FDF00052E8002F22F0400203F1140040E80021F5
:10FE00000029F3D1A06B28B100230365FBF75EFB4B
:10FE1000002837D100232022E384E385236484F87B
:10FE20003E2084F83D201846236310BD03F11402E0
:10FE300052E8002F22F0800203F1140040E8002174
:10FE40000029F3D1606B0028CDD000230365FBF7B8
:10FE50003DFB70B92368C6E703F10C0252E8002F9E
:10FE600022F0100203F10C0040E800210029F3D138
:10FE7000B6E7606BFBF778FC2028EBD110232364F6
:10FE8000032010BDA06BFBF76FFC2028C2D1F5E763
:10FE9000704700BF08B50368806B1B6813F480735C
:10FEA0001AD10268C38402F1140353E8003F23F01F
:10FEB000800302F1140040E800310029F3D102F17F
:10FEC0000C0353E8003F43F0400302F10C0040E80C
:10FED00000310029F3D108BDFFF7DAFF08BD00BFEC
:10FEE000704700BF08B5806BFFF7FAFF08BD00BF81
:10FEF000704700BF704700BF704700BF08B5806BF8
:10FF00000368596990F83D20212A0BD0596990F86F
:10FF10003E20222A1ED0036C43F010030364FFF737
:10FF2000EBFF08BD0906F1D50022C28403F10C02E3
:10FF300052E8002F22F0C00203F10C0C4CE8002123
:10FF40000029F3D1202280F83D20596990F83E2005
:10FF5000222AE0D14A06DED50022C28503F10C0236
:10FF600052E8002F22F4907203F10C0C4CE80021AF
:10FF70000029F3D103F1140252E8002F22F001020C
:10FF800003F1140C4CE800210029F3D1026B012A83
:10FF900005D02022002380F83E200363BBE703F155
:10FFA0000C0252E8002F22F0100203F10C0C4CE876
:10FFB00000210029F3D1ECE708B5806B0023C3854D
:10FFC000C384FFF799FF08BD704700BF036810B5F1
:10FFD000044603F10C0252E8002F22F4907203F160
:10FFE0000C0040E800210029F3D103F1140252E88B
:10FFF000002F22F0010203F1140040E80021002943
:020000040801F1
:10000000F3D1226B012A1CD05A6912F040022FD082
:1000100003F1140252E8002F22F0400203F1140011
:1000200040E800210029F3D1A36BBBB1154A1A6542
:100030001846FBF793FA10B1A06B036D98470020A8
:1000400010BD03F10C0252E8002F22F0100203F160
:100050000C0040E800210029F3D1D5E72022E385F8
:10006000204684F83E202363FFF7AEFF002010BD3A
:100070002023E285204684F83E302263FFF7A4FF68
:10008000002010BD8900010808B5806B00232022E4
:10009000C38580F83E200363FFF796FF08BD00BFCD
:1000A000806B08B5036B012B02D0FFF723FF08BD5F
:1000B000818D4908F9F70AFF08BD00BF08B503683C
:1000C000806B1A6812F480722BD10368C28503F129
:1000D0000C0252E8002F22F4807203F10C0C4CE861
:1000E00000210029F3D103F1140252E8002F22F07D
:1000F000010203F1140C4CE800210029F3D103F1B3
:10010000140252E8002F22F0400203F1140C4CE8D4
:1001100000210029F3D1202280F83E20026B012A21
:1001200005D0036B012B0FD0FFF7E2FE08BD03F1F2
:100130000C0252E8002F22F0100203F10C0C4CE8E4
:1001400000210029F3D1ECE7818DF9F7BFFE08BD4E
:100150008368B3F5805F44D0826A002B39D003688E
:100160005B6803F07F031370836A01338362C38D7E
:10017000013B9BB2C385002B32D10268D16821F0CC
:10018000200100B5D160D16821F48071D16051693E
:100190004FF0200C21F00101516180F83EC0016B4D
:1001A000012983B028D1036302F10C0353E8003F17
:1001B00023F0100302F10C0C4CE800310029F3D1BC
:1001C0001368DB0622D4818DF9F780FE03B05DF859
:1001D00004FB0369002BC2D103685B681370C3E79B
:1001E000704703696BB90268836A5268C2F30802F8
:1001F00023F8022B8362BAE7FFF77AFE03B05DF8BB
:1002000004FB0368826A5B681370ADE70023019307
:100210001368019353680193019BD4E730B50368D9
:100220001A68D9685D6912F00F0F83B004466ED169
:10023000950602D58D0600F1B180206B01280BD008
:10024000100602D50D0600F1B380500602D54A060D
:1002500000F1CD8003B030BDD506F1D5C806EFD58D
:10026000002201921A6801925A680192019A5A6911
:10027000550640F11681A06B0268526892B2002ABE
:10028000E8D0A18D9142E5D9E285C269B2F5807FBF
:1002900036D003F10C0252E8002F22F4807203F1F1
:1002A0000C0545E800210029F3D103F1140252E8BE
:1002B000002F22F0010203F1140545E80021002976
:1002C000F3D103F1140252E8002F22F0400203F1AF
:1002D000140545E800210029F3D1202284F83E20AE
:1002E000216303F10C0252E8002F22F0100203F107
:1002F0000C0545E800210029F3D1FBF7E7F8A18DB3
:10030000E38DC91A204689B2F9F7E0FDA2E705F0AE
:10031000010501F4907028438FD0D00705D5C8059A
:1003200003D5206C40F001002064500731D54DB159
:10033000206C40F002002064900703D5206C40F050
:1003400004002064100707D501F02000284303D0E3
:10035000206C40F008002064206C00283FF47AAF45
:10036000900609D5890607D594F83E20222A03D1A4
:100370002046FFF7EDFE23685A69256C02F0400223
:1003800005F0080515433DD12046FFF7B5FD25646E
:1003900060E79007D6D5002DD0D1D3E790F83E3056
:1003A000222B7FF457AF03B0BDE83040FFF7D0BE3B
:1003B00094F83D20212A7FF44DAFA268B2F5805F0A
:1003C00000F0A880226A511C216212785A60E28CE7
:1003D000013A92B2E284002A7FF43CAFDA6822F05C
:1003E0008002DA60DA6842F04002DA6032E7DA6806
:1003F000202122F04002DA60204684F83D10FFF709
:1004000047FD27E703F10C0252E8002F22F4907217
:1004100003F10C0040E800210029F3D103F114029C
:1004200052E8002F22F0010203F1140040E80021FD
:100430000029F3D1226B012A22D00022202184F846
:100440003E1022635A69520627D503F1140252E87E
:10045000002F22F0400203F1140040E8002100299F
:10046000F3D1A06BC8B1314B0365FBF777F80028D7
:100470003FF4F0AEA06B036D03B0BDE83040184709
:1004800003F10C0252E8002F22F0100203F10C00DD
:1004900040E800210029F3D1CFE72046FFF72CFDEB
:1004A000D8E6E18DE28D92B289B2002A3FF4D2AE55
:1004B000A28D511A89B200293FF4CCAE03F10C028F
:1004C00052E8002F22F4907203F10C0545E8002059
:1004D0000028F3D103F1140252E8002F22F00102A8
:1004E00003F1140545E800200028F3D1202284F808
:1004F0003E20206303F10C0252E8002F22F010028C
:1005000003F10C0545E800200028F3D12046F9F757
:10051000DDFC9FE62269002A7FF454AF226A32F89C
:10052000021BC1F308015960226250E7B9FF0008BD
:1005300070B52223002504460564816280F83E30B0
:100540008285806B1F4E056513460A462168C66387
:100550001D4E06641D4EC66482B00431FAF776FF64
:10056000236801951A6801925968226901910199DD
:1005700084F83C505AB103F10C0252E8002F42F4C7
:10058000807203F10C0040E800210029F3D103F14F
:10059000140252E8002F42F0010203F1140040E877
:1005A00000210029F3D103F1140252E8002F42F098
:1005B000400203F1140141E800200028F3D102B009
:1005C00070BD00BFBD000108A1000108FDFE0008CC
:1005D00090F83EC0BCF1200F15D1C9B130B583B041
:1005E00072B190F83C30012B04460ED0012380F804
:1005F0003C300363FFF79CFF18B9236B012B09D034
:10060000012003B030BD02207047022003B030BD8E
:100610000120704722680190136801935368019389
:10062000019B02F10C0353E8003F43F0100302F179
:100630000C0444E800310029F3D1E2E710B58CB096
:1006400004462C22002101A819F048FE0E4B089305
:1006500042F21072ADF824200C4B0A930DF1040CF9
:1006600020228DF82620BCE80F00A646AEE80F0039
:10067000BCE80F00AEE80F009CE807008EE807001A
:1006800020460CB010BD00BFA086010080C3C90188
:10069000002867D0F0B50C4683B0002958D00B680D
:1006A000002B55D0CB68002B52D08B68002B4FD03D
:1006B000064691F82300154600F0D2FC002847D0EA
:1006C000237E013B072B43D8238C002B40D062684C
:1006D000637EB2FA82F2B3FA83F352095B099A425B
:1006E00036D194F828309BB3E3698BB348220021BC
:1006F000304619F0F3FDA646BEE80F00B446ACE85C
:100700000F00BEE80F006768ACE80F009EE8070026
:100710008CE80700F562FFB1607ED8B14FF08043EE
:100720000022CDE90023237ECBB1002503E0237E08
:10073000AB4214DD6768294601236A463046B84754
:10074000002805F10105F2DA6FF0020003B0F0BDF8
:100750004FF0FF3003B0F0BD384603B0F0BD0020CD
:1007600003B0F0BD4FF0FF30704700BF2DE9F04FF0
:10077000054693B08946144600F07CFC002D00F03D
:10078000F38006460F46002C78D02B7E994580F0EA
:10079000EB80227B043AD2B2042A00F2E880D4F83B
:1007A00008A01AF0804340F0E280BAF1000F70DA3E
:1007B0004FEA1A4313F4F85FCAF30C4140F0DA80B1
:1007C000CBB205930DF11C0B0023CBF80830079337
:1007D000CBF8043023788DF82430A3788DF82530B9
:1007E000E3788DF82630211D6378584600F0B6FA7C
:1007F000B0F1000844DB1AF4F06FCAF30A084AD0DB
:10080000A8F18003472B0BD9A8F1C803B3F5E16F1A
:1008100041D3A8F5FA631F2B02D96FF006082FE029
:100820006B698BB1059A8DF83E209BE807000DF1AE
:10083000300CCDE90A678DF83F90ADF83C808CE82C
:1008400007000AA9284698475A464146284600F01C
:1008500003FB98B1A96B9DF8252011B90EE009683A
:1008600061B10B7D9342FAD1CDE900B4CDE90267C5
:1008700043465FFA89F2284600F024FB4FF0000857
:1008800032463B46284600F0B7FB404613B0BDE871
:10089000F08F059396E76C6984B19BE80700059B90
:1008A0008DF83E300CABCDE90A678DF83F90ADF87E
:1008B0003C8083E807000AA92846A047EB6B1BB9D8
:1008C000DCE71B68002BD9D09A894245F9D19A7B85
:1008D00005998A42D2D901EB410203EBC2024FEAE9
:1008E000410ED2E9041451EA040012D0686A711A68
:1008F00067EB0404814274F100010AD292F82210DD
:100900009DF82620521A12F17F0F02DB013A7D2A50
:10091000B4D8059A5C68964402F1010C9BE8070084
:100920000CEB4C0C03EBCE0E03EBCC0C8CE807006D
:10093000CEE90467002CA1D0ADF840804FF000084C
:10094000059A8DF84780CDF843809B688DF842204A
:100950009BE807000C930DABCDE90A6783E807001D
:100960000AA92846A0478BE74FF0FF388DE76FF0C4
:100970000A0885E76FF0080882E700BFB0B37F2957
:1009800070B50C461646054604D9A1F1C803B3F567
:10099000E16F25D22B6C13B908E01B6833B1B3F8B3
:1009A00004C0A445F9D16FF0040070BD08212846A9
:1009B00000F062FB0146B0B100234B600B608C80FD
:1009C0002B7E012B83BF86F001035B425BB24FF0AD
:1009D000FF3305F14000CB7100F048F9002070BDF5
:1009E0006FF0060070BD6FF0010070BD4FF0FF307A
:1009F000704700BF002800F08E80002A00F08B8036
:100A00002DE9F0417F2988B0054604D9A1F1C8003D
:100A1000B0F5E16F7AD22C6C1CB959E02468002C37
:100A200056D0B4F804C08C45F8D194F90770002F63
:100A300053DB781C40B2E0712E7EB042A4BF002090
:100A4000E0710DF1040C002095F82880CCF8080026
:100A50000190CCF804008DF80D308DF80C8094F8DE
:100A600006E0C1F30A060EF10101A171059007909D
:100A700092E803008CE8030095F829108DF80EE049
:100A800001BB06968DF8123061469DF804308DF852
:100A9000108005A88DF813E08DF8113000F0ECF807
:100AA00000280CDB04307B1C8DF81C0018D02B6850
:100AB00004AA394628469847012824D1002008B0C6
:100AC000BDE8F08146EA014141F000410691D9E7D5
:100AD0006FF0030008B0BDE8F0814FF0FF37B0E7DA
:100AE0002B7E83B1002634462B68214604AA284673
:100AF00098472B7E012804F1010408BF01269C427F
:100B0000F2DB002EDAD16FF00200D8E76FF00600BA
:100B100008B0BDE8F0814FF0FF307047002855D095
:100B2000002953D070B51346044607C988B001ADFB
:100B300085E807009DF80C20002A3CD094F8281086
:100B4000914240D10021184600F070F9002830DBB6
:100B5000C0F30A0306939DF80C308DF810309DF811
:100B600004308DF811309DF80D308DF812300026CC
:100B70009DF80E300596294605A807968DF8133086
:100B800000F07AF8002814DB237E04308DF81C0076
:100B90003546ABB12368294604AA20469847237EF0
:100BA000012805F1010508BF01269D42F2DB3EB197
:100BB000002008B070BD94F828208DF80C20C1E703
:100BC0006FF00200F5E76FF00700F2E74FF0FF303B
:100BD000704700BF002846D02DE9F043846B83B0F6
:100BE0000D4617469846064614B90AE0246844B1F3
:100BF00094F814C0AC45F9D16FF0040003B0BDE81F
:100C0000F08396F8222018214FF0100919FB0212E8
:100C100011463046019200F02FFA019A0446F8B1CD
:100C2000002119F05BFB0A9BE360C4E901780B9B90
:100C3000236196F822206275257542B1234619FB7F
:100C40000242FF2183F8241010339342FAD106F1B7
:100C50003800214600F00AF8002003B0BDE8F08318
:100C60006FF00100F9E74FF0FF30704718B111B194
:100C700003680B600160704710B582B000285BD03C
:100C8000002959D0034603C902AA02E903009DF8CE
:100C900000201F2A53D8DFE802F04C10101010106B
:100CA0004141412C2C2C3535352F2F2F2929291046
:100CB000102C292F323232321010019A0021100EDE
:100CC00060F30701C2F3074060F30F21C2F307206E
:100CD00060F3174162F31F6104220191144601A9D8
:100CE000184619F0D3FA204602B010BD022214466D
:100CF000F5E701221446F2E704221446EFE7032247
:100D00001446ECE7BDF80400BDF80620040A0021F3
:100D100064F3070160F30F21100AD9E7BDF804104E
:100D20008DF805100222C1F307208DF80400144647
:100D3000D5E700221446D2E74FF0FF34D3E7632A09
:100D400003D99DF80140042C02D96FF00504CAE7CD
:100D5000224601A9184619F099FAC4E700295DD086
:100D600070B5044600285CD0042A164653D81D46A8
:100D700000230360436005704270043019F086FA66
:100D80001F2D46D8DFE805F04310101010103C3C32
:100D90003C2626262C2C2C282828242424101026F7
:100DA00024282A2A2A2A101062680023110E61F3CF
:100DB0000703C2F3074161F30F23C2F3072161F375
:100DC000174362F31F6363600420864223D170BD22
:100DD0000220FAE70120F8E70420F6E70320F4E711
:100DE000A188E288080A002360F3070361F30F2358
:100DF000110A61F3174362F31F6363600420E4E7A1
:100E0000A3886371C3F3072323710220DDE7002069
:100E1000DBE7632D08D86FF0050070BD4FF0FF30A1
:100E200070474FF0FF3070BD304670BD232809D9A0
:100E30006438C0B20F280BD800F57A70400031B981
:100E4000013070474030C0B240000029F8D07047F0
:100E50006FF00900FBE700BFA1F18003472B844638
:100E60001CD9A1F5FA631F2B29D821F00103A3F5A2
:100E7000FA63C9435B1001F00100643340B1137A97
:100E80009CF828209A4208D0B3FA83F040097047B2
:100E90009CF82310DBB299420AD0704721F001037D
:100EA000C943803B01F001005B100028E7D1EFE768
:100EB000117A9CF82800081A18BF012070470020FA
:100EC000704700BF2DE9F04F06468DB0A3F18000BA
:100ED0004728DDE91879179C67D9A3F5FA601F2820
:100EE00000F2838023F00100A0F5FA60DB4303F0F9
:100EF00001034010019300F1640303934D7DD4F886
:100F00000080002D3DD04FF0000C012001F11803AE
:100F100090400293E64601EB0E12D2E906B21C683D
:100F2000D3F804A05C457AEB020238BFE64654EAE7
:100F30000A020CF1010C14D09A68424511D1726A70
:100F40003C1B69EB0A0AA2424FF0000272EB0A0254
:100F500007D31A7B024204D102431A730DB0BDE8D5
:100F6000F08F654503F11003D5D1029A02EB0E1301
:100F70004FEA0E1EC3F80880187342F80E70C3F8CB
:100F80000490019BDBB9CC68002CE7D0169A0B6962
:100F9000049707CACDE9059307AB83E8070004A9C6
:100FA0003046A0470DB0BDE8F08F23F00100803837
:100FB000DB43401003F00103039001939EE78B682D
:100FC000002BCBD00A6903990497CDE90592002242
:100FD0000A920B92169A8DF8281007CA07AC84E87B
:100FE000070004A930469847B8E7002301936FF043
:100FF0000603039382E700BF2DE9F0410546D0E9DF
:101000000C101746511A2A8C63EB0000914270F1C4
:10101000000284B002D204B0BDE8F081AC6B984607
:101020000023C5E90C78CDE90033CDE90233002C6B
:10103000F1D066686946284666B123690293CDE916
:101040000078B0472468002CE5D0666869462846D9
:10105000002EF2D12468002CEBD104B0BDE8F08161
:10106000232805D964380F288CBF00200120704741
:10107000012070478368184710B1C36803B118474F
:101080000020704710B1036903B11847704700BFD3
:1010900030B58C6883B0F4B10B7B102B1BD1257954
:1010A000CDB191F814C00834002303E0AB4204F141
:1010B000100410D0227B624503F10103F6D1A3682E
:1010C00023B10A690192614601AA9847002323606F
:1010D0006360A360E36003B030BD00BF2DE9F0435F
:1010E000D1F8088083B0B8F1000F25D098F804300B
:1010F00013B300250E46814608F108042F46217BD4
:101100000135A9B172686068019200902268306868
:101110008242DDE9000290410AD2A36800220BB1AD
:101120004846984727606760A760E76098F80430F2
:10113000AB4204F11004E2DC03B0BDE8F08300BF71
:1011400030B58C6885B094B101F10C020B46844631
:1011500007CA0DF1040E8EE8070010258DF8045023
:101160001A7E2368029371466046FFF7D7FC05B0EC
:1011700030BD00BFF0B585B038B31646082202EB8B
:1011800006120F46114605460392FFF775FF044607
:10119000F0B1039A002119F0A1F826710E493868C0
:1011A00020600E4B0E4ACDE9001428460021FFF7BF
:1011B00011FD064610B9304605B0F0BD284621465F
:1011C000FFF760FF304605B0F0BD4FF0FF36F2E7A5
:1011D0006FF00106EFE700BF91100108411101080F
:1011E000DD10010870B90C4A936843F0801343F492
:1011F00000439360094A52F8203043F0010342F85B
:1012000020307047064A936843F0801343F400434C
:1012100001289360EED07047006400403C8E0020AF
:1012200000680040F0B5614A036893428DB004D075
:101230005F4A934216D00DB0F0BD5D4B9A6812F034
:10124000E05F04465ED19B685B01F4D5584B9A6819
:10125000160103D59B68DD0000F198802368544A8D
:101260009342E8D19B6813F0E05F0FD1504B9A682E
:101270005001E0D59A681101DDD59B68DA00DAD516
:1012800000200DB0BDE8F04000F09EBD494D2A6938
:10129000002AEBDDEB682C685F1C03EB8303013A4B
:1012A00004EB8304C5E903720FCC01AEB446ACE88D
:1012B0000F002368CCF800306B689DF810009F4247
:1012C000A4BF0023EB60039B002206A99342069271
:1012D000C1E901224A610A9062DBC3F30A02069265
:1012E000354A5B0F03F00204106809946B463246DE
:1012F000F9F7F6FC314B1968002001EB410100F0D1
:1013000027FDB3E72B4D2969002939DDEA682B68F1
:10131000571C02EB8202013903EB820C2961BCE805
:101320000F0001AEB646AEE80F00DCF80030CEF894
:1013300000306B68EF609F42A8BF002306A9A8BFDA
:10134000EB6000230693C1E901334B61039B9DF8D9
:1013500010200A92002B1DDBC3F30A020692164AE4
:101360005B0F03F002031068099332466B46F9F7EE
:10137000B7FC124B1968002001EB410100F0E8FCBA
:101380000B4B9B685F013FF561AF67E7002000F002
:101390001BFD63E723F06042079204220892DEE718
:1013A00023F060400422CDE9070299E70064004081
:1013B000006800400C00002020000020448E002027
:1013C000F0B5614A036893428DB004D05F4A9342FE
:1013D00016D00DB0F0BD5D4B9A6812F0E05F044688
:1013E0005ED19B685B01F4D5584B9A68160103D512
:1013F0009B68DD0000F198802368544A9342E8D14D
:101400009B6813F0E05F0FD1504B9A685001E0D514
:101410009A681101DDD59B68DA00DAD500200DB09D
:10142000BDE8F04000F0D0BC494D2A69002AEBDD50
:10143000EB682C685F1C03EB8303013A04EB830425
:10144000C5E903720FCC01AEB446ACE80F002368C7
:10145000CCF800306B689DF810009F42A4BF0023B9
:10146000EB60039B002206A993420692C1E9012288
:101470004A610A9062DBC3F30A020692354A5B0FA7
:1014800003F00204106809946B463246F9F728FC11
:10149000314B1968002001EB410100F059FCB3E722
:1014A0002B4D2969002939DDEA682B68571C02EBAE
:1014B0008202013903EB820C2961BCE80F0001AE06
:1014C000B646AEE80F00DCF80030CEF800306B68AE
:1014D000EF609F42A8BF002306A9A8BFEB600023CE
:1014E0000693C1E901334B61039B9DF810200A92DA
:1014F000002B1DDBC3F30A020692164A5B0F03F0B2
:1015000002031068099332466B46F9F7E9FB124B68
:101510001968002001EB410100F01AFC0B4B9B689D
:101520005F013FF561AF67E7002000F04DFC63E726
:1015300023F06042079204220892DEE723F0604025
:101540000422CDE9070299E70064004000680040EA
:101550000C00002020000020448E0020F0B5614ADD
:10156000036893428DB004D05F4A934216D00DB009
:10157000F0BD5D4B9A6812F0E05F04465ED19B6857
:101580005B01F4D5584B9A68160103D59B68DD00C2
:1015900000F198802368544A9342E8D19B6813F085
:1015A000E05F0FD1504B9A685001E0D59A68110165
:1015B000DDD59B68DA00DAD500200DB0BDE8F0403B
:1015C00000F002BC494D2A69002AEBDDEB682C686B
:1015D0005F1C03EB8303013A04EB8304C5E9037248
:1015E0000FCC01AEB446ACE80F002368CCF8003055
:1015F0006B689DF810009F42A4BF0023EB60039B23
:10160000002206A993420692C1E901224A610A908A
:1016100062DBC3F30A020692354A5B0F03F0020451
:10162000106809946B463246F9F75AFB314B19683A
:10163000002001EB410100F08BFBB3E72B4D296942
:10164000002939DDEA682B68571C02EB8202013958
:1016500003EB820C2961BCE80F0001AEB646AEE890
:101660000F00DCF80030CEF800306B68EF609F426E
:10167000A8BF002306A9A8BFEB6000230693C1E919
:1016800001334B61039B9DF810200A92002B1DDB58
:10169000C3F30A020692164A5B0F03F002031068B6
:1016A000099332466B46F9F71BFB124B1968002071
:1016B00001EB410100F04CFB0B4B9B685F013FF5D8
:1016C00061AF67E7002000F07FFB63E723F0604233
:1016D000079204220892DEE723F060400422CDE95D
:1016E000070299E700640040006800400C000020F9
:1016F00020000020448E0020F0B55E4A036893422B
:1017000095B004D05C4A934245D015B0F0BD5B4A19
:10171000002601AB31460446106800960DAAF9F781
:1017200043FB119F8DF81C6003AD01A93A46284682
:101730000396C5E90166EE6018F0A8FD0F9B8DF8D1
:101740001870002B66D10D9BC3F30A03109A4C4E00
:101750000593022A08BF43F08043306808BF059311
:1017600001F018FF0346002860D130680093294635
:101770006A4601F07FFA009B4BB14FF0E0234FF037
:101780008052C3F8042DBFF34F8FBFF36F8F2368D0
:10179000394A9342B9D13949002401AB0868009411
:1017A0000DAA2146F9F700FB119E8DF81C4003ADF0
:1017B000324601A928460394C5E90144EC6018F0BB
:1017C00065FD0F9B8DF8186053BB0D9BC3F30A0397
:1017D000109A2B4C0593022A08BF43F080432068DF
:1017E00008BF059301F0D6FE034688BB206800932E
:1017F0006A46294601F03EFA009B002B85D04FF047
:10180000E0234FF08052C3F8042DBFF34F8FBFF396
:101810006F8F7AE70E9B23F0604343F0004395E718
:101820000E9B23F0604343F00043D1E76A4608A9CA
:10183000306801F009FE00236A46306800932946AB
:1018400001F018FA0F4A136843F00403136092E79B
:101850006A4608A9206801F0F7FD00236A4620685F
:101860000093294601F006FA064A136843F0040380
:101870001360C1E7006400400068004020000020C1
:10188000488E00203C8E0020F0B55E4A03689342EB
:1018900095B004D05C4A934245D015B0F0BD5B4A88
:1018A000002601AB01210446106800960DAAF9F745
:1018B0007BFA119F8DF81C6003AD01A93A462846BA
:1018C0000396C5E90166EE6018F0E0FC0F9B8DF809
:1018D0001870002B66D10D9BC3F30A03109A4C4E6F
:1018E0000593022A08BF43F08043306808BF059380
:1018F00001F050FE0346002860D13068009329466D
:101900006A4601F0B7F9009B4BB14FF0E0234FF06E
:101910008052C3F8042DBFF34F8FBFF36F8F23683E
:10192000394A9342B9D13949002401AB086800947F
:101930000DAA0121F9F738FA119E8DF81C4003AD6C
:10194000324601A928460394C5E90144EC6018F029
:101950009DFC0F9B8DF8186053BB0D9BC3F30A03CE
:10196000109A2B4C0593022A08BF43F0804320684D
:1019700008BF059301F00EFE034688BB2068009364
:101980006A46294601F076F9009B002B85D04FF07E
:10199000E0234FF08052C3F8042DBFF34F8FBFF305
:1019A0006F8F7AE70E9B23F0604343F0004395E787
:1019B0000E9B23F0604343F00043D1E76A4608A939
:1019C000306801F041FD00236A46306800932946E3
:1019D00001F050F90F4A136843F00403136092E7D3
:1019E0006A4608A9206801F02FFD00236A46206896
:1019F0000093294601F03EF9064A136843F00403B8
:101A00001360C1E70064004000680040200000202F
:101A1000488E00203C8E00207D2970B554D9304B73
:101A20000446196000F084F9034600284FD12D4D7B
:101A30002D49286801601221A4F59C42C0E91733A2
:101A4000C0E9023380F820304160284B4FF48031E8
:101A5000203A01614FF4801401F58071C0E905411D
:101A60009A424FF48071818327D8F8F7B9FF18BBE9
:101A700013212868F9F722FA00F00AF9044640B960
:101A80001B4E336883B12868F9F7F8F8A0B92046EF
:101A900070BD2868F7F76AFA631CA8BF4FF0FF34DF
:101AA00000F050F9204670BD02461421802000F05D
:101AB000D3FD30600028E6D12868F7F757FA4FF0D9
:101AC000FF3400F03FF9E2E74FF0FF34DFE7054B6A
:101AD00018684FF0FF34F7F749FA00F033F9D6E70A
:101AE000448E0020200000200068004060361E0068
:101AF000488E002000287DD100297BD02DE9F041BF
:101B000005460FC992B002AC464E84E80F0003F0C0
:101B1000F9F8A446FF238DF81830BCE80F00B76829
:101B2000D6F80080D6F804E007EB870408EB8404BD
:101B30000137B7600FC4DCF80030236033697745A4
:101B4000A8BFB5609E4558DCF2680132964560DD5D
:101B5000F2601546344A926812F0E05F38D0002BEC
:101B600036DD013B012705EB850408EB8404336176
:101B70000FCC0DF11C0CACE80F0001352368CCF83C
:101B80000030AE45D8BF00239DF82820F560D8BFAF
:101B9000F3600023CDE90C33CDE910230E93099BAC
:101BA000002B39DBC3F30A020C92204A5B0F03F0CF
:101BB000020310680F930CA901AB07AAF9F790F87C
:101BC0001B4B1968002001EB410100F0C1F85FB127
:101BD0001849194A0B6843F002030B60936843F0FD
:101BE000801343F40043936003F0AEF8012012B079
:101BF000BDE8F0814FF0FF3070470B4989685A1CEF
:101C000011F0E05F3261EFD0002AEDDDF5680027CA
:101C1000A9E70022F2609DE723F060420D920422C2
:101C20000E92C2E70C000020006800402000002057
:101C3000448E00203C8E002000640040F8B170B556
:101C40000C4686B069B10F490F4BA1FB021201AEE1
:101C5000054692091868314601F0CAF828B906B05D
:101C600070BD4FF0FF3006B070BD96E80F0084E8FD
:101C70000F009DF814302B60012006B070BD4FF0AE
:101C8000FF307047D34D6210488E002000000000E6
:101C900000B59FED0F7B124B8BB08DED007B18686C
:101CA0009FED0D7B4EF6E0720623CDE90223012263
:101CB0000123CDE906236946012200238DED047B33
:101CC000CDE90823F8F748FF00200BB05DF804FBCE
:101CD00000100000000000000000000000000000F4
:101CE0002000002030B929B1002ACCBF00220122F7
:101CF000504270474FF0FF30704700BF0B4B0268F7
:101D00009A4200D0704710B5037F012B044602D0E1
:101D1000022B05D010BD0020FFF764FA237FF7E700
:101D2000BDE810400120FFF75DBA00BF000400408D
:101D300008B5034B1868F8F76DFC002008BD00BF1C
:101D400024000020014B1868F8F7DCBC24000020B8
:101D5000012831D870B50028184D0CBF0026042684
:101D60000C46286888B03146FDF78EFAB4F5C80FE6
:101D70001FDA1349E21781FB0434C2EB6412022A12
:101D8000B8BF02220023CDE90133CDE90333CDE909
:101D9000053307930B4B28685C6A01A9144432464B
:101DA0000294FDF7E3FA28683146FDF7CFF908B051
:101DB00070BD4FF6FF72E5E7704700BF24000020BA
:101DC0001F85EB5100040040012808D8044B00286F
:101DD00018BF0421186808BF0021FDF755BA7047E5
:101DE0002400002010B502F00DFF20B1BDE8104026
:101DF000D0E90030184710BD08B54FF0E0231B694B
:101E000002F0F8FA012800D108BDBDE8084002F050
:101E1000E1BF00BFEFF305832BB9064B186828B963
:101E200001221A6070476FF0050070474FF0FF30D5
:101E3000704700BF1891002010B5EFF3058474B906
:101E4000084B1A68012A07D107490222CC771A6089
:101E500002F038F8204610BD4FF0FF3010BD6FF093
:101E6000050010BD1891002000ED00E0F0B587B02E
:101E7000002415460594EFF30582EAB950B3F5B195
:101E8000AB695BBB18236A68D20723D46E694EB373
:101E90004FEA960CAC682F684CB3EA68CB2A19D984
:101EA0002D69BDB1B6B1CDE90154009362460B4630
:101EB000394601F089FE0446204607B0F0BD802275
:101EC000182305AC009301940B46294601F0B6FE99
:101ED00001280AD00024204607B0F0BD5C1E372C34
:101EE000D1D9F7E74FF0800CD4E7059CE4E7EE6822
:101EF000002EE1D12D69002DDED11FFA8CF23D4676
:101F0000DFE700BF02F070BAEFF3058262B908B5EF
:101F100018B101F01BFF042802D94FF0FF3008BDB3
:101F2000034B53F8200008BD4FF0FF30704700BF4F
:101F300060BB020810B5EFF3058454B930B14B1EF5
:101F4000372B03D801F056FF204610BD6FF0030079
:101F500010BD6FF0050010BDEFF3058212B908B196
:101F600001F036BF4FF0FF30704700BF10B5EFF300
:101F7000058424B930B102F099F8204610BD6FF005
:101F8000050010BD6FF0030010BD00BF10B5EFF3EA
:101F900005842CB900B910BD01F082FE204610BDA9
:101FA0006FF0050010BD00BF2DE9F0411C4682B066
:101FB000EFF30583BBB90546A8B108200E4690464D
:101FC00003F000F8074670B1321EC0E9005818BF90
:101FD0000122E4B1A3682068ABB1E1682B2906D8DF
:101FE000384603F01BF8002002B0BDE8F0810D492F
:101FF000CDE900133B46012102F04EFD0028EFD051
:1020000002B0BDE8F081E368002BE9D10446054B3E
:10201000009301213B46204602F0D6FC0028EFD178
:10202000DEE700BFE51D0108EFF3058373B910B5C6
:1020300082B070B10A460093042102F0ADFD012880
:102040000CBF00206FF0020002B010BD6FF0050061
:1020500070476FF00300F7E770B5EFF30583DBB966
:102060000446E0B14668330716D48168C36806F0B9
:10207000010681B14F2B0FD9DEB1042000F052FDD3
:1020800005464DB12168284601F096FA2EB145F07B
:102090000105284670BD8BB10025284670BD012082
:1020A00000F0B0FD05460028F6D0214601F084FA84
:1020B000F3E7012000F036FD0546E2E74EB10420CB
:1020C00000F0A0FD05460028E6D0216801F074FA72
:1020D000DDE7012000F096FD05460028DCD02168F0
:1020E00001F06AFAD9E700BF20F0010200F0010315
:1020F000EFF30580A8B9BAB110B510460C4653B934
:1021000000F0F8FF01280AD0002C14BF6FF0010086
:102110006FF0020010BD01F077F90128F4D1002022
:1021200010BD6FF0050070476FF00300704700BFEF
:10213000EFF30582BAB910B520F00104B4B100F094
:10214000010343B91A461946204600F06DFB0128E9
:1021500006D1002010BD204600F034FD0128F8D043
:102160006FF0020010BD6FF0050070476FF00300C4
:1021700010BD00BFF0B583B0EFF30586FEB9F0B136
:1021800088420F461BD3154692B1D2E90223D2B141
:102190004F2B14D9012838D000F0A0FA044670B1B2
:1021A0002D682046294601F007FA204603B0F0BD0D
:1021B000012812D000F0F2FA04460028F1D10024E0
:1021C000204603B0F0BD002BF9D1012805D000F066
:1021D000E5FA04460028E3D1F1E7032200210120BB
:1021E00000F03AFA0446002CE9D017B9002DD7D1F7
:1021F000D7E700231A461946204600F015FB0128B0
:10220000F4D0204601F080F9D9E71346032200926A
:102210003146324600F0ACF90446E4E770B310B53D
:102220000C4682B0EFF30583C3B121BB01AA019133
:1022300001F00AF901281AD1019B13B9002002B05C
:1022400010BD4FF0E0234FF08052C3F8042DBFF3D0
:102250004F8FBFF36F8F204602B010BD00F04AFFD2
:102260000128EBD01CB16FF0010002B010BD6FF07F
:10227000020002B010BD6FF00300E0E76FF0030052
:10228000704700BF30B310B582B0EFF30583ABB138
:10229000002401A9019400F053FD012817D1019BEE
:1022A00093B14FF0E0234FF08052C3F8042DBFF3F9
:1022B0004F8FBFF36F8F204602B010BD1A461946EC
:1022C00000F0B2FA012802D1002002B010BD6FF078
:1022D0000200FAE76FF00300704700BFF0B585B069
:1022E000EFF3058787B9054670B169B114461AB393
:1022F000936863B1D2684F2A06D9226922B1666910
:1023000001FB05F5AE421CD2002005B0F0BDD3683C
:10231000002BF9D11369002BF6D15269002AF3D1B1
:1023200000F09AF90028EFD024680390214601F0CC
:1023300043F9039805B0F0BD00F08EF90028E3D012
:10234000F3E7009700F014F90028EDD1DCE700BFB7
:1023500070B51C4682B0EFF30586BEB150B349B3E9
:1023600043BB01AA019300F085FC01281ED1019B0B
:10237000CBB14FF0E0234FF08052C3F8042DBFF3F0
:102380004F8FBFF36F8F204602B070BD90B189B1FF
:102390003346224600F048FA012804D034B16FF0E9
:1023A000010002B070BD002002B070BD6FF00200ED
:1023B00002B070BD6FF00300E6E700BF30B51C4609
:1023C00083B0EFF30583BBB148B341B33CBB01AA73
:1023D000019401F039F801281DD1019BC3B14FF0E0
:1023E000E0234FF08052C3F8042DBFF34F8FBFF3AB
:1023F0006F8F204603B030BD88B181B1224600F016
:10240000F7FC012804D034B16FF0010003B030BDF7
:10241000002003B030BD6FF0020003B030BD6FF09C
:102420000300E7E7044B036010B48023034C0C6007
:102430005DF8044B136070474C9000204C8E0020D8
:10244000054B036010B44FF48073044C0C605DF8CE
:10245000044B1360704700BF1C9500201C910020A6
:1024600000F108034FF0FF310022C0E90131C0E95B
:1024700003330260704700BF00230361704700BF51
:1024800043689A688A60026810B49C684B600132A5
:10249000616099605DF8044B08610260704700BF9D
:1024A00030B40D686B1C10D000F108031C465B684B
:1024B0001A68AA42FAD902684B60013299608C60AE
:1024C0006160086130BC0260704704696368F2E7CC
:1024D000036910B4D0E901125C688A6084425160DB
:1024E00008BF5A601A685DF8044B0021013A016187
:1024F0001A601868704700BF70B50446006CA66B80
:1025000020B925684DB30136A66370BD1546024655
:102510007DB9606817F0BAFE6368226C1344A26844
:102520006360934224BF2368636001362846A66334
:1025300070BDE06817F0AAFE226CE36851429B1A56
:102540002268E360934202D2A3680B44E360022D49
:1025500008D001360020A66370BDA06801F0A0FF7E
:10256000A560D0E7012E38BF01260020CCE700BFD0
:1025700030B583B09DF8184040B94FF0500383F355
:102580001188BFF36F8FBFF34F8FFEE71D467BB1FE
:1025900002B3B1B150230193019B502B27D04FF0D0
:1025A000500383F31188BFF36F8FBFF34F8FFEE7A4
:1025B0004FF0500383F31188BFF36F8FBFF34F8F3A
:1025C000FEE74FF0500383F31188BFF36F8FBFF323
:1025D0004F8FFEE7002935D150220192019A502AEF
:1025E000DDD1012285F84620019B2A4604E04FF008
:1025F000010C019B85F846C0C5E90F012A6002F075
:1026000081FBD5E90F122868686002FB01F18A1A84
:102610000144A96000210244A963FF2185F8441008
:10262000EA6085F8451005F11000FFF719FF05F184
:102630002400FFF715FF02F087FB284685F84C4081
:1026400003B030BD4FF0500383F31188BFF36F8F99
:10265000BFF34F8FFEE700BFF8B540B94FF050030E
:1026600083F31188BFF36F8FBFF34F8FFEE70546EB
:1026700001FB00F050300E46174602F0A3FC044662
:1026800040B3002380F8463036B300F15003236096
:10269000C4E90F5602F036FBD4E90F2321686160CC
:1026A00003FB02F2D31A0A44A26000220B44A26385
:1026B000FF2284F84420E36084F8452004F11000F0
:1026C000FFF7CEFE04F12400FFF7CAFE02F03CFB48
:1026D00084F84C702046F8BD0346D8E740B94FF067
:1026E000500383F31188BFF36F8FBFF34F8FFEE763
:1026F000884208D24FF0500383F31188BFF36F8FE5
:10270000BFF34F8FFEE730B5154685B0002A3CD0A9
:1027100050230393039B502B08D04FF0500383F3B7
:102720001188BFF36F8FBFF34F8FFEE700240123A3
:1027300082F846302A60C2E90F040191039B02F03F
:10274000E1FAD5E90F032A68AC6303FB00F0C31A72
:10275000134410444FF0FF0E85F844E0EB606A60CC
:1027600085F845E0A86005F11000FFF779FE05F156
:102770002400FFF775FE02F0E7FA0199A96302232E
:10278000284685F84C3005B030BD4FF0500383F338
:102790001188BFF36F8FBFF34F8FFEE7F8B540B9D5
:1027A0004FF0500383F31188BFF36F8FBFF34F8F48
:1027B000FEE788420E46044608D24FF0500383F3EA
:1027C0001188BFF36F8FBFF34F8FFEE7502002F0E9
:1027D000F9FB054630B30027C0E90F4780F8467083
:1027E000006002F08FFAD5E90F232968AF6303FB7D
:1027F00002F2D31A0A440B44AA60FF2285F844204F
:10280000EB60696085F8452005F11000FFF728FEB0
:1028100005F12400FFF724FE02F096FA022385F862
:102820004C30AE632846F8BD2DE9F04385B00192E7
:10283000002800F0A48088461F460446002900F0C6
:102840009180022F0BD1E36B012B08D04FF0500386
:1028500083F31188BFF36F8FBFF34F8FFEE701F053
:10286000C9FD0546002800F09380002504F12406E8
:1028700002F048FAA26BE36B9A42C0F0EF80022F9D
:1028800000F0EC800198002800F00181002D00F09C
:10289000E18002F059FA01F091FB02F033FA94F86A
:1028A0004430FF2B04BF002384F8443094F84530B3
:1028B000FF2B04BF002384F8453002F045FA01A93C
:1028C00002A801F043FD002840F0E68002F01AFA69
:1028D000A26BE36B9A4268D002F036FA02F012FA69
:1028E00094F8452055B2002D04DC11E06A1ED3B2E5
:1028F00055B26BB1636A304653B101F0D3FC002886
:10290000F4D001F06BFD6A1ED3B255B2002BF1D1A9
:10291000FF2384F8453002F017FA02F0F3F994F837
:10292000442055B2002D14DD04F1100903E06A1EA5
:10293000D3B255B26BB12369484653B101F0B2FC32
:102940000028F4D001F04AFD6A1ED3B255B2002B24
:10295000F1D1FF2384F8443002F0F6F901F036FBA0
:10296000012585E7036C002B3FF46BAF4FF050035C
:1029700083F31188BFF36F8FBFF34F8FFEE74FF0E4
:10298000500383F31188BFF36F8FBFF34F8FFEE7C0
:10299000019B002B3FF46AAF4FF0500383F3118883
:1029A000BFF36F8FBFF34F8FFEE704F1100902F002
:1029B000CBF90199484601F0E7FB02F0A3F994F83E
:1029C00045305DB2002D04DC11E06B1EDAB25DB261
:1029D0006AB1636A304653B101F064FC0028F4D058
:1029E00001F0FCFC6B1EDAB25DB2002AF1D1FF23CC
:1029F00084F8453002F0A8F902F084F994F84430E4
:102A00005DB2002D04DC11E06B1EDAB25DB26AB17A
:102A10002369484653B101F045FC0028F4D001F089
:102A2000DDFC6B1EDAB25DB2002AF1D1FF2384F81F
:102A3000443002F089F901F0C9FA002890D14FF032
:102A4000E0234FF08052C3F8042DBFF34F8FBFF344
:102A50006F8F85E702A801F06DFC1AE73A46414600
:102A60002046FFF749FD636A002B53D148B14FF070
:102A7000E0234FF08052C3F8042DBFF34F8FBFF314
:102A80006F8F02F061F9012005B0BDE8F08300907E
:102A900002F05AF90098F7E702F034F994F845305B
:102AA0005DB2002D10DD04F1240603E06B1EDAB2E6
:102AB0005DB24AB1636A304633B101F0F3FB0028DE
:102AC000F4D001F08BFCF1E7FF2384F8453002F0ED
:102AD0003BF902F017F994F844305DB2002D10DD97
:102AE00004F1100603E06B1EDAB25DB24AB123694D
:102AF000304633B101F0D6FB0028F4D001F06EFC73
:102B0000F1E7FF2384F8443002F01EF901F05EFA89
:102B10000020B9E704F1240001F0C4FB0028B0D084
:102B2000A5E700BF002944D070B582B050230193BF
:102B3000019B502B08D04FF0500383F31188BFF353
:102B40006F8FBFF34F8FFEE7002601230C46C1E9CC
:102B50000F3681F8463009600546019B02F0D2F835
:102B6000D4E90F232168616003FB02F2D31A0B44FE
:102B70000A44E360FF23A260A66304F1100084F816
:102B8000443084F84530FFF76BFC04F12400FFF774
:102B900067FC02F0D9F884F84C50A6602660E66025
:102BA0003346324631462046FFF73EFE204602B00D
:102BB00070BD4FF0500383F31188BFF36F8FBFF3E5
:102BC0004F8FFEE738B538B18568044601F00CFC3C
:102BD00085420AD0002038BD4FF0500383F311889E
:102BE000BFF36F8FBFF34F8FFEE7E368013BE360F6
:102BF0000BB1012038BD1A4619462046FFF714FED6
:102C0000012038BD70B50646502002F0DBF90446BD
:102C100070B30025012380F846502060C0E90F35CD
:102C200002F070F8D4E90F232168616003FB02F21F
:102C3000D31A0B440A44E360FF23A260A56304F1A6
:102C4000100084F8443084F84530FFF709FC04F1A3
:102C50002400FFF705FC02F077F884F84C60A560CB
:102C60002560E5602B462A4629462046FFF7DCFD15
:102C7000204670BD00284BD02DE9F0410E46174686
:102C80001D46044621B3022D0BD1E36B012B08D066
:102C90004FF0500383F31188BFF36F8FBFF34F8F53
:102CA000FEE702F061F9EFF311884FF0500383F370
:102CB0001188BFF36F8FBFF34F8FA26BE36B9A4204
:102CC00012D3022D10D0002088F31188BDE8F081C6
:102CD000036C002BD7D04FF0500383F31188BFF360
:102CE0006F8FBFF34F8FFEE72A4694F84550A36BD2
:102CF00031466DB22046FFF7FFFB6B1C11D06B1CF9
:102D00005BB284F84530012088F31188BDE8F0817A
:102D10004FF0500383F31188BFF36F8FBFF34F8FD2
:102D2000FEE7636A002BEED004F1240001F0BAFA4A
:102D30000028E8D0002FE6D001203860C4E700BFAB
:102D400070B3036C70B5064643B14FF0500383F384
:102D50001188BFF36F8FBFF34F8FFEE703680C46F8
:102D60003BB302F001F9EFF311854FF0500383F309
:102D70001188BFF36F8FBFF34F8FB36BF26B9A4223
:102D800023D996F845200133FF2AB36353B220D0EC
:102D900001335BB286F84530012085F3118870BDA0
:102DA0004FF0500383F31188BFF36F8FBFF34F8F42
:102DB000FEE78368002BD4D04FF0500383F31188D3
:102DC000BFF36F8FBFF34F8FFEE7002085F31188AD
:102DD00070BD736A002BDFD006F1240001F062FAA7
:102DE0000028D9D0002CD7D001202060EEE700BF0A
:102DF0002DE9F04385B00192002800F05F810F4675
:102E00000446002900F0948001F0F4FA002800F054
:102E10009C8001F077FFA56B002D72D1019B002BE8
:102E200000F0F18002A801F085FAA84604F124061A
:102E300001F08AFF01F0C2F801F064FF94F8443019
:102E4000FF2B08BF84F8448094F84530FF2B08BF5F
:102E500084F8458001F078FF01A902A801F076FA14
:102E600000287FD101F04EFFA36B002B00F0D18032
:102E700001F06AFF01F046FF94F845305DB2002D85
:102E800004DC11E06B1EDAB25DB26AB1636A3046EF
:102E900053B101F007FA0028F4D001F09FFA6B1E3D
:102EA000DAB25DB2002AF1D1FF2384F8453001F097
:102EB0004BFF01F027FF94F844305DB2002D14DD84
:102EC00004F1100903E06B1EDAB25DB26AB1236946
:102ED000484653B101F0E6F90028F4D001F07EFA3B
:102EE0006B1EDAB25DB2002AF1D1FF2384F84430C0
:102EF00001F02AFF01F06AF801F004FFA56B002D34
:102F00007DD0226C52B1E168A36811449942E1601E
:102F100024BF2168E160384617F0B8F9013DA56388
:102F20002369002B40F0D38001F00EFF01206DE0FB
:102F3000036C002B3FF468AF4FF0500383F311880C
:102F4000BFF36F8FBFF34F8FFEE7019B002B3FF462
:102F500060AF4FF0500383F31188BFF36F8FBFF35F
:102F60004F8FFEE701F0CEFE94F845305DB2002DA4
:102F700004DC11E06B1EDAB25DB26AB1636A3046FE
:102F800053B101F08FF90028F4D001F027FA6B1E3D
:102F9000DAB25DB2002AF1D1FF2384F8453001F0A6
:102FA000D3FE01F0AFFE94F844305DB2002D14DD85
:102FB00004F1100903E06B1EDAB25DB26AB1236955
:102FC000484653B101F06EF90028F4D001F006FA3A
:102FD0006B1EDAB25DB2002AF1D1FF2384F84430CF
:102FE00001F0B2FE00F0F2FF01F08CFEA36B53B1D2
:102FF00001F0AAFE01F086FEA56B002D81D1019B98
:10300000002B7FF415AF01F09FFE002005B0BDE856
:10301000F08301F099FE0199304601F0B5F801F016
:1030200071FE94F845305DB2002D04DC11E06B1E9A
:10303000DAB25DB26AB1636A304653B101F032F977
:103040000028F4D001F0CAF96B1EDAB25DB2002A92
:10305000F1D1FF2384F8453001F076FE01F052FEF5
:1030600094F844305DB2002D14DD04F1100903E042
:103070006B1EDAB25DB26AB12369484653B101F002
:1030800011F90028F4D001F0A9F96B1EDAB25DB293
:10309000002AF1D1FF2384F8443001F055FE00F0FE
:1030A00095FF0028A6D14FF0E0234FF08052C3F8DF
:1030B000042DBFF34F8FBFF36F8F9BE74FF050038B
:1030C00083F31188BFF36F8FBFF34F8FFEE704F1D7
:1030D000100001F0E7F800283FF426AF4FF0E0239E
:1030E0004FF08052C3F8042DBFF34F8FBFF36F8FA3
:1030F0001AE700BF2DE9F04184B0019100285CD0AF
:10310000076C044647B14FF0500383F31188BFF3B7
:103110006F8FBFF34F8FFEE701F06CF90546002873
:1031200054D03D4604F1240601F0ECFDA36B002BC6
:1031300040F04881019B002B00F03A81002D00F007
:103140009D8001F001FE00F039FF01F0DBFD94F8F5
:103150004430FF2B04BF002384F8443094F84530FA
:10316000FF2B04BF002384F8453001F0EDFD01A9D9
:1031700002A801F0EBF8002835D101F0C3FDA36BE4
:10318000002B00F0A48001F0DFFD01F0BBFD94F8FE
:1031900045305DB2002D05DC74E06B1EDAB25DB225
:1031A000002A6FD0636A3046002B6BD001F07AF8AA
:1031B0000028F2D001F012F9EFE74FF0500383F34B
:1031C0001188BFF36F8FBFF34F8FFEE7019B002B7A
:1031D00000F0D4804FF0500383F31188BFF36F8F5A
:1031E000BFF34F8FFEE701F08DFD94F845305DB2DF
:1031F000002D04DC11E06B1EDAB25DB26AB1636AC5
:10320000304653B101F04EF80028F4D001F0E6F852
:103210006B1EDAB25DB2002AF1D1FF2384F845308B
:1032200001F092FD01F06EFD94F844305DB2002D86
:1032300014DD04F1100803E06B1EDAB25DB26AB16E
:103240002369404653B101F02DF80028F4D001F075
:10325000C5F86B1EDAB25DB2002AF1D1FF2384F803
:10326000443001F071FD00F0B1FE01F04BFDA36BA5
:10327000002B7CD001F068FD012555E702A801F084
:1032800059F85EE7FF2384F8453001F05DFD01F059
:1032900039FD94F844305DB2002D10DD04F11008C2
:1032A00003E06B1EDAB25DB24AB12369404633B126
:1032B00000F0F8FF0028F4D001F090F8F1E7FF23C8
:1032C00084F8443001F040FD00F080FED4E701F0C6
:1032D0003BFD2368002B62D00199304600F054FF7B
:1032E00001F010FD94F845305DB2002D04DC0DE0D6
:1032F0006B1EDAB25DB24AB1636A304633B100F098
:10330000D1FF0028F4D001F069F8F1E7FF2384F839
:10331000453001F019FD01F0F5FC94F844305DB240
:10332000002D10DD04F1100803E06B1EDAB25DB26F
:103330004AB12369404633B100F0B4FF0028F4D00D
:1033400001F04CF8F1E7FF2384F8443001F0FCFC75
:1033500000F03CFE00288FD14FF0E0234FF0805268
:10336000C3F8042DBFF34F8FBFF36F8F84E701F0D5
:10337000EBFC2FB9384604B0BDE8F0810746D1E632
:1033800001F0C0FC616A19B1236B1968C1F1380101
:10339000A06801F0CBF8002701F0D6FCEAE701F0C5
:1033A000B1FCA06801F036F8074601F0CDFC93E7C8
:1033B00097B14FF0500383F31188BFF36F8FBFF3C2
:1033C0004F8FFEE72268013BA363CAB1236933B97B
:1033D00001F0BAFC0127CDE701F0B6FCCAE704F121
:1033E000100000F05FFF0028F2D04FF0E0234FF014
:1033F0008052C3F8042DBFF34F8FBFF36F8FE7E701
:1034000001F0E8F8A060E1E7A8B170B586680D4664
:10341000044600F0E9FF864208D029462046FFF71F
:1034200069FE10B1E3680133E36070BDE368012019
:103430000344E36070BD4FF0500383F31188BFF382
:103440006F8FBFF34F8FFEE72DE9F84310B30E46A1
:103450001746044691B101F087FDEFF311894FF053
:10346000500383F31188BFF36F8FBFF34F8FA56BAA
:10347000CDB9284689F31188BDE8F883036C002B89
:10348000E9D04FF0500383F31188BFF36F8FBFF380
:103490004F8FFEE74FF0500383F31188BFF36F8F18
:1034A000BFF34F8FFEE794F84480226C4FFA88F800
:1034B00052B1E168A36811449942E16024BF2168D8
:1034C000E160304616F0E2FE013DB8F1FF3FA56332
:1034D00009D008F101035BB284F84430012089F37C
:1034E0001188BDE8F8832369002BF7D004F11000A0
:1034F00000F0D8FE0028F1D0002FEFD00120386076
:10350000B8E700BF00000000F0B1214B5A689042BC
:1035100025D0DA6890422CD05A6990422BD0DA69D3
:1035200090422AD05A6A904229D0DA6A90421ED03C
:103530005A6B904225D0DA6B904208BF07220FD019
:1035400090F846304BB170474FF0500383F3118829
:10355000BFF36F8FBFF34F8FFEE701F05FBD002217
:103560009FED097B03EBC20383ED007BE8E70522B7
:10357000F6E70122F4E70222F2E70322F0E7042251
:10358000EEE70622ECE700BF0000000000000000AC
:10359000E895002030B1836BC06BC01AB0FA80F0A0
:1035A000400970474FF0500383F31188BFF36F8FCA
:1035B000BFF34F8FFEE700BF124B1A687AB19A68CB
:1035C00062B11A6992B19A6992B11A6A92B19A6A11
:1035D00092B11A6B92B19A6B92B17047012203EBD0
:1035E000C20C43F83210CCF8040070470222F6E710
:1035F0000322F4E70422F2E70522F0E70622EEE7D1
:103600000722ECE7E895002070B505460E46144603
:1036100001F078FB95F84430FF2B04BF002385F8B8
:10362000443095F84530FF2B04BF002385F8453022
:1036300001F08AFBAB6B002B43D001F063FB95F8E4
:1036400045305CB2002C14DD05F1240603E0631E56
:10365000DAB25CB26AB16B6A304653B100F022FE56
:103660000028F4D000F0BAFE631EDAB25CB2002A81
:10367000F1D1FF2385F8453001F066FB01F042FBF4
:1036800095F844305CB2002C14DD05F1100603E01F
:10369000631EDAB25CB26AB12B69304653B100F0F6
:1036A00001FE0028F4D000F099FE631EDAB25CB28D
:1036B000002AF1D1FF2385F84430BDE8704001F0C5
:1036C00043BB2246314605F1240000F0A1FDB4E7DA
:1036D0002DE9F843054601F015FB344A344E1368D2
:1036E000013313603368002B32D0324C23683BB374
:1036F000E86A314F314A32491368013313606B6510
:103700000B68834238BF086000EB800007EB800045
:10371000291DFEF7B5FE01F017FB236873B132686F
:10372000EB6AD26A9A4209D24FF0E0234FF08052FE
:10373000C3F8042DBFF34F8FBFF36F8FBDE8F8833D
:103740003368E86ADB6A1C4F834298BF3560D1E773
:1037500035601368012B03D0E86A174F154CC9E791
:10376000154F3C4607F58C6820461434FEF778FE6A
:10377000A045F9D1DFF86090DFF860800D4C484635
:10378000FEF76EFE4046FEF76BFE0E48FEF768FE43
:103790000D48FEF765FE0D48FEF762FE0C4BE86A29
:1037A000C3F800900B4BC3F80080A3E7949A002065
:1037B00028960020F09A002034960020A09A00203D
:1037C000A49A0020DC9A0020089B0020F49A002094
:1037D0002C96002030960020A89A0020BC9A002049
:1037E0002DE9F0470A9DDDF824804FEA82094A4618
:1037F00006460C46286BA5211F4616F06FFD2B6B65
:10380000A9F10409994429F00709002C44D004F1D6
:10381000FF3C04F11F0105F1330E01E08C4505D09A
:103820001CF8014F0EF8014F002CF7D1002385F84A
:103830005330089C372C28BF37244FF0000AEC6225
:10384000EC65281DC5F860A0FEF716FEC4F138042B
:1038500005F11800FEF710FEC5F8C4A0514660221D
:10386000AC612D616D6285F8C8A005F1640016F0A9
:1038700035FD0B4BAB660B4BEB660B4B2B673A46A0
:103880003146484601F012FA2860B8F1000F01D025
:10389000C8F80050BDE8F08785F83440C9E700BF9C
:1038A000BCFC0208DCFC02089CFC020880B5234D2D
:1038B000234F244EDFF890804FF0E02A4FF08059DC
:1038C0002B685BB301F01EFAFB68DC68201DFEF775
:1038D000FFFD3368013B33602B68013B2B6001F037
:1038E00033FA04F1640017F0DDF894F8C93063B1DD
:1038F000012B1ED0022BE3D04FF0500383F311882D
:10390000BFF36F8FBFF34F8FFEE7206B01F086FB95
:10391000204601F083FB2B68002BD3D1D8F8003070
:10392000012BCDD9CAF8049DBFF34F8FBFF36F8F22
:10393000C6E7204601F072FBC2E700BF989A00205C
:10394000089B0020949A0020349600202DE9F04F27
:10395000474B1E68013683B01E60002E40D0DFF852
:1039600024B1DBF800309E4247D3424FDFF8189174
:103970003B68DFF818A11D68002D73D0DFF81081B7
:10398000002522E00191FEF7A3FDA36A019904F14D
:10399000180013B1FEF79CFD0199E36AD8F80020E6
:1039A00003EB8300934209EB800088BFC8F8003026
:1039B000FEF766FDDAF800203B68E16AD26A1B6810
:1039C000914228BF0125002B4CD03B68DB68DC68A6
:1039D0006368211D9E420846D4D2CBF8003011E026
:1039E000244B1A6812680AB34FF0500383F311880E
:1039F000BFF36F8FBFF34F8FFEE7DFF88C90DFF8D8
:103A00008CA00025DAF800301B49DB6A03EB830346
:103A10009B0059F803200B68022A28BF0125002BC0
:103A20000CBF2846012003B0BDE8F08F134A186888
:103A300011681960124910600A6801320A601A6838
:103A4000126832B9DFF83CB04FF0FF33CBF80030EA
:103A500087E71B68DFF82CB0DB68DB685B68CBF8B6
:103A600000307EE74FF0FF33CBF80030CAE700BFED
:103A70001C9B00202C960020209B002030960020CC
:103A8000D49A0020D09A0020349600202896002056
:103A9000A49A00202DE9F04F414D83B001F032F996
:103AA0002B68013B2B602B68002B61D13D4B1B68C1
:103AB000002B5DD03C4E3368002B6ED03B4FDFF8BF
:103AC000FC90DFF8FC80DFF8FCA0F368DC6804F110
:103AD000040B04F11800FEF7FBFC5846FEF7F8FC57
:103AE000E36A3A6803EB83009342594609EB80008E
:103AF00088BF3B60FEF7C4FCD8F80030E26ADB6A9E
:103B00009A423DD30123CAF800303368002BDCD140
:103B1000274B1A681268002A3AD01A68254BD268D7
:103B2000D26852681A60244E346894B1012706E0C6
:103B3000FFF70CFF08B1CAF80070013C08D02B68F1
:103B4000002BF5D03368013C03F101033360F6D15B
:103B50003460DAF800305BB14FF0E0234FF0805270
:103B6000C3F8042DBFF34F8FBFF36F8F012000E028
:103B70000020019001F0E8F8019803B0BDE8F08F53
:103B80003368002BA1D10A4B1A681268002AC4D1ED
:103B9000084B4FF0FF321A60C5E7DFF828A0C2E7F4
:103BA0009C9A0020949A0020DC9A0020A49A00207D
:103BB0002C960020D09A0020D89A0020349600201D
:103BC00028960020209B002030B587B00B9CC4B104
:103BD0000C9D6DB1CC250595059DCC2D1AD04FF0CF
:103BE000500383F31188BFF36F8FBFF34F8FFEE74E
:103BF0004FF0500383F31188BFF36F8FBFF34F8FE4
:103C0000FEE74FF0500383F31188BFF36F8FBFF3CC
:103C10004F8FFEE70C9D2C63022485F8C94004AC4D
:103C2000CDE901450A9C0094059CFFF7D9FD0C984D
:103C3000FFF74EFD049807B030BD00BF2DE9F043FB
:103C4000074685B0900015468846994601F0BAF9B6
:103C5000D8B10446CC2001F0B5F90646D0B10463D2
:103C6000002486F8C9400D9C01940C9C02964B469A
:103C70002A46414638460094FFF7B2FD3046FFF72A
:103C800027FD012005B0BDE8F0834FF0FF3005B0FF
:103C9000BDE8F083204601F0C1F94FF0FF30F1E7B5
:103CA000F8B550B94FF0E0234FF08052C3F8042D1F
:103CB000BFF34F8FBFF36F8FF8BD1E4D2B6843B11D
:103CC0004FF0500383F31188BFF36F8FBFF34F8F13
:103CD000FEE72B68013304462B60174B174E1F6815
:103CE00030680430FEF7F4FB3368E4195C6010D3ED
:103CF000134B186831680431FEF7D2FB2B68A3B967
:103D00004FF0500383F31188BFF36F8FBFF34F8FD2
:103D1000FEE70C4B186831680431FEF7C1FB0A4B13
:103D20001A68944238BF1C60E8E7FFF7B3FE00282A
:103D3000B8D0F8BD9C9A00201C9B0020289600203B
:103D4000309600202C960020D09A0020F8B5F0B1D3
:103D50001A4B1B688342044617D000F0D3FF184B60
:103D600065691E68174B1F6800F0EEFFB54219D059
:103D7000BD4217D0144B9D4212D0144B9D421AD015
:103D8000002D0CBF04200120F8BD0020F8BD4FF02D
:103D9000500383F31188BFF36F8FBFF34F8FFEE79C
:103DA000A36A0BB10220F8BD94F8C830012B0CBFF8
:103DB00002200320F8BD0420F8BD00BF2896002093
:103DC0002C96002030960020F49A0020089B0020BA
:103DD00010B5044682B000F095FF34B1E06A01905E
:103DE00000F0B2FF019802B010BD014B1C68F5E76E
:103DF00028960020372908D94FF0500383F3118803
:103E0000BFF36F8FBFF34F8FFEE770B5044682B0EC
:103E10000D4600F077FF002C36D0E26D95422ED093
:103E2000254B09D91968A14244D01B68DE6AAE420D
:103E30008CBF0026012604E01E68361BB6FA86F603
:103E40007609E36AE5659A42A26908BFE562002A3D
:103E5000A4BFC5F13805A561184D626903EB830362
:103E600005EB83039A4212D04EB14FF0E0234FF09E
:103E70008052C3F8042DBFF34F8FBFF36F8F02B092
:103E8000BDE8704000F060BF0B4B1C68C5E7211D0A
:103E900008460191FEF71CFB094BE06A1A6801997C
:103EA000904288BF186000EB800005EB8000FEF7B1
:103EB000E7FAD9E70026C4E72896002034960020C8
:103EC000A49A002030B58BB0002407AA06A905A843
:103ED000CDE90544FEF7A6FA069BCBB1059D75B169
:103EE000CC2209920999079ACC291AD04FF0500395
:103EF00083F31188BFF36F8FBFF34F8FFEE74FF04F
:103F0000500383F31188BFF36F8FBFF34F8FFEE72A
:103F10004FF0500383F31188BFF36F8FBFF34F8FC0
:103F2000FEE7022108A82B6385F8C9102346CDE9D6
:103F300001051B49099800941A48FFF751FC2846CF
:103F4000FFF7C6FB089BEBB100F0E0FC01281BD19A
:103F50004FF0500383F31188BFF36F8FBFF34F8F80
:103F6000114B124A1B68124964331360114A124BF9
:103F70004FF0FF350D6010601C600BB0BDE83040A5
:103F800000F052BF0BB030BD0130FBD14FF05003F9
:103F900083F31188BFF36F8FBFF34F8FFEE700BF2E
:103FA00074BB0208AD380108289600208404002064
:103FB000D09A0020F09A00201C9B0020024A13682F
:103FC00001331360704700BF9C9A0020064B1B68AA
:103FD00043B94FF0500383F31188BFF36F8FBFF3E2
:103FE0004F8FFEE7FFF756BD9C9A0020014B1868E3
:103FF000704700BF1C9B0020054B1B680BB9FFF7E7
:10400000A5BC044A1368013300201360704700BF49
:104010009C9A0020D89A00201E4B1B681BB11E4B97
:1040200001221A6070471C4A1C4910B41C4C1360D2
:10403000236803EB8302920098008A5842B9FBB1CF
:10404000013B03EB8302980051F82220002AF6D0AE
:10405000C21801EB8200024641684968416008329B
:10406000914208BF49680F4A08BF4160C9681160A2
:10407000236013680C4A5DF8044B64331360704787
:104080004FF0500383F31188BFF36F8FBFF34F8F4F
:10409000FEE700BF9C9A0020209B00203496002061
:1040A000A49A0020289600208404002070B50446BD
:1040B0002E4E00F027FE002C3AD0251D2846FEF794
:1040C00007FAA36A1BB104F11800FEF701FA2946AA
:1040D0002748284DFEF7D4F994F8C830012B04BFC7
:1040E000002384F8C83000F02FFE2B688BB93368AA
:1040F000A34200D070BD2B680BB31F4B1B6833B3BA
:104100004FF0500383F31188BFF36F8FBFF34F8FCE
:10411000FEE700F0F7FD194B1A68126852B11A68F1
:10412000174BD268D26852681A6000F00DFEDEE7C5
:104130003468C2E7124B4FF0FF321A60F5E70C49C2
:10414000104A0968126891420CD1336070BD4FF07B
:10415000E0234FF08052C3F8042DBFF34F8FBFF31D
:104160006F8F70BDBDE87040FFF756BF28960020E6
:10417000F49A0020F09A00209C9A00202C960020AF
:10418000D09A0020949A0020D0B170B51A4D0C46F8
:1041900029681831FEF784F9184B1E682868043026
:1041A000FEF796F9631C14D02B68A4195C6017D332
:1041B000134B18682968BDE870400431FEF770B9E8
:1041C0004FF0500383F31188BFF36F8FBFF34F8F0E
:1041D000FEE729680B48BDE870400431FEF750B98E
:1041E000094B186829680431FEF75AF9074B1A6819
:1041F000944238BF1C6070BD289600201C9B002094
:1042000030960020F49A00202C960020D09A0020AE
:1042100030B370B51D4E0C46316815461831FEF7A7
:104220002FF91B4B85B91D6830680430FEF750F933
:10423000336864195C601CD3164B18683168BDE89C
:1042400070400431FEF72CB91B6830680430FEF76B
:104250003FF931681048BDE870400431FEF710B9ED
:104260004FF0500383F31188BFF36F8FBFF34F8F6D
:10427000FEE70A4B186831680431FEF711F9084B64
:104280001A68944238BF1C6070BD00BF2896002099
:104290001C9B002030960020F49A00202C960020D1
:1042A000D09A002030B5C368DC6883B0002C2BD0D6
:1042B00004F118052846FEF70BF9184B1B687BB173
:1042C00017482946FEF7DCF8164BE26A1B68DB6AE2
:1042D0009A4285BF144B01200020186003B030BD06
:1042E000211D08460191FEF7F3F8104AE36A1068B1
:1042F000019983420E4888BF136003EB830300EBF0
:104300008300FEF7BDF8DFE74FF0500383F3118819
:10431000BFF36F8FBFF34F8FFEE700BF9C9A002063
:10432000DC9A002028960020209B0020A49A0020E0
:1043300034960020034A044B12681B68C0E900232E
:10434000704700BFD49A00201C9B002028B3F0B512
:104350000D4683B0C1B1044600F0D4FC2B681D4A61
:10436000581C116830D0DFF870C0D4E90060DCF868
:104370000070BE421AD0884218D80120019000F087
:10438000E3FC019803B0F0BD4FF0500383F31188B4
:10439000BFF36F8FBFF34F8FFEE74FF0500383F3F0
:1043A0001188BFF36F8FBFF34F8FFEE7A1EB000EB5
:1043B00073450BD95B1ADCF80010126803442B60BC
:1043C0000020C4E90012D9E70020D7E700232B60C2
:1043D0000120D3E71C9B0020D49A0020014B01222E
:1043E0001A607047209B0020014B1868704700BF7F
:1043F00028960020054B1B6833B1054B1B68002B2A
:104400000CBF02200020704701207047F09A002066
:104410009C9A002070B5044682B0C8B11D4DC36A95
:104420002A68D26A934215D28269002A04DB2A687C
:10443000D26AC2F138028261174E626903EB8303CC
:1044400006EB83039A420ED02B68DB6AE3620120FD
:1044500002B070BD2B68C06DDB6A98422CBF002093
:10446000012002B070BD211D08460191FEF730F811
:104470002A680A4BD06A1A68E062904288BF1860C6
:1044800000EB800006EB80000199FDF7F9FF0120A9
:10449000DEE700BF2896002034960020A49A002072
:1044A00018B310B51E4B1C68844282B008D04FF080
:1044B000500383F31188BFF36F8FBFF34F8FFEE775
:1044C000236E4BB1E16AE26D013B9142236600D05D
:1044D0006BB1002002B010BD4FF0500383F3118880
:1044E000BFF36F8FBFF34F8FFEE700207047211D92
:1044F00008460191FDF7ECFFE36D0A4AE362C3F160
:104500003800A061106801998342074888BF136092
:1045100003EB830300EB8300FDF7B2FF0120D9E733
:1045200028960020A49A002034960020002841D02C
:1045300030B5036E83B0044653B1C06DE26A814268
:1045400038BF01468A4201D0012B0AD003B030BDEA
:104550004FF0500383F31188BFF36F8FBFF34F8F7A
:10456000FEE7194B1B68A34225D0A369E162002B2B
:10457000A8BFC1F13801154DA8BFA16102EB8202AD
:10458000616905EB82039942E0D1211D0846019142
:10459000FDF79EFF0E4BE06A1A680199904288BFB2
:1045A000186000EB800005EB800003B0BDE83040F0
:1045B000FDF766BF70474FF0500383F31188BFF3D8
:1045C0006F8FBFF34F8FFEE72896002034960020B0
:1045D000A49A0020044B1A681AB119680A6E0132B5
:1045E0000A661868704700BF289600202DE9F0433E
:1045F000224EDFF8909085B04FF000080DE0DB68A8
:10460000DC681F68251D2846FDF762FF236A2046E7
:10461000984794F828305B070AD433681A68002A50
:10462000EDD1174A11683160136005B0BDE8F08321
:10463000A3693B449F42294605D2306863602461E8
:10464000FDF72EFFE9E7D9F800306BB1CDE900871F
:104650000294FFF7CFFE0023D9F800001A466946FE
:10466000FEF7E2F80028D8D14FF0500383F3118809
:10467000BFF36F8FBFF34F8FFEE700BF249B002077
:10468000289B0020489C00202DE9F04F9B4E9C4D1C
:104690009C4C8BB04FF0E0294FF0805833681F6876
:1046A000002F00F0A880DB681F68FFF787FCFFF78A
:1046B0009DFC2A6890428246C0F0AE80B8422860D5
:1046C00080F0B48000222068A7EB0A01FEF79CFF6F
:1046D000FFF77CFC28B9C9F8048DBFF34F8FBFF3F7
:1046E0006F8F2068002202A9FEF782FB0028D5D038
:1046F000029B002B76DB049F7B6913B1381DFDF70D
:10470000E7FEFFF773FC2B6898428246C0F08B806F
:10471000029BC5F800A0092BE3D8DFE803F00505EC
:1047200005533D5A0505533D97F82830BA693F6156
:1047300043F0010387F82830039B99182CBF012010
:1047400000205145796000F28C80AAEB03039A4265
:1047500032D83B6A3846984797F828305B07C0D56F
:10476000236883B10022BB690692039A0897134419
:104770000793FFF73FFE002320681A4606A9FEF7BD
:1047800053F80028ADD14FF0500383F31188BFF3E5
:104790006F8FBFF34F8FFEE797F8283043F0010388
:1047A00087F82830039BBB61002B00F09D805344A9
:1047B00053457B603F615ED8534B391D1868FDF748
:1047C0006FFE8EE797F8283023F0010387F8283032
:1047D00087E797F828309A0752D523F0010387F826
:1047E00028307EE7039BDDE904019847029B002BFC
:1047F000FFF677AF7FE7FFF7E1FBFFF7F7FB2A68EC
:104800008242824608D8404BC5F800A01A68126858
:10481000B2FA82F2520956E7FFF7E8FEC5F800A0A7
:10482000FFF7D4FB5DE7FFF7E1FE71E7FFF7CEFB93
:104830003268D268D2F80CB00BF10401084601913D
:10484000FDF746FE9BF82800019910F0040F1BD1DC
:1048500020F001008BF82800DBF8203058469847FC
:104860003FE7534502D900283FF473AF3068391D44
:10487000FDF716FE35E73068391DFDF711FE30E70C
:10488000384600F0CBFB2CE7DBF81820CBF810B053
:10489000B8188245CBF8040003D23068FDF700FE5B
:1048A000DAE7AAEB07039A4219D8236873B1002309
:1048B00006930797CDF820B0FFF79CFD00232068F2
:1048C0001A4606A9FDF7B0FF0028C5D14FF05003E6
:1048D00083F31188BFF36F8FBFF34F8FFEE70A4B4F
:1048E0001868FDF7DDFDB7E74FF0500383F311883B
:1048F000BFF36F8FBFF34F8FFEE700BF249B0020F5
:10490000F49B0020489C0020289B0020F0B5234CFD
:1049100089B000F0F7F9256835B300F015FA23687F
:10492000CBB1002407AA06A905A8CDE90544FDF7E7
:1049300087FDDDE905013023CDE901100093079AD9
:10494000174918482346FFF73FF9174B186010B175
:10495000012009B0F0BD4FF0500383F31188BFF37D
:104960006F8FBFF34F8FFEE7104F114E3846FDF7A4
:1049700077FD3046FDF774FD0E4A009517600E4A2C
:104980000E4B166010210E4A0A20FDF7F1FD206043
:104990000028C2D00B49FEF70FFEBEE7489C00205E
:1049A00084BB0208894601084C9C0020CC9B002057
:1049B000E09B0020249B0020289B0020F89B0020E7
:1049C0002C9B00207CBB02082DE9F04F074685B0E8
:1049D0002C20884616461D4600F0F4FA0446E8B13D
:1049E000002380F82830B8F1000F1BD0DFF89C902E
:1049F00000F088F9D9F80030EBB100F0A5F90E9B72
:104A00002760C4E906852362201DFDF735FD2EB120
:104A100094F8283043F0040384F82830204605B089
:104A2000BDE8F08F4FF0500383F31188BFF36F8F11
:104A3000BFF34F8FFEE7DFF858B0DFF858A00393BD
:104A40005846FDF70DFD5046FDF70AFD039B009308
:104A5000094B0A4AC3F800B0094B1021C3F800A063
:104A60000A20084BFDF784FDC9F800000028C4D0D7
:104A70000549FEF7A1FDC0E7249B00202C9B0020E8
:104A8000289B0020F89B00207CBB0208489C00204B
:104A9000CC9B0020E09B00202DE9F04F85B02C241A
:104AA0000394039C2C2C08D04FF0500383F31188FF
:104AB000BFF36F8FBFF34F8FFEE71D46039B0F9B26
:104AC00043B316461A4602230F4682F8283051B3E4
:104AD000294C804600F016F9D4F800B0BBF1000F65
:104AE0002AD000F031F90F9B0E9AC3F80080C3E979
:104AF00006751A62181DFDF7BFFC3EB10F9B0F9A99
:104B000093F8283043F0040382F828300F9805B05A
:104B1000BDE8F08F4FF0500383F31188BFF36F8F20
:104B2000BFF34F8FFEE74FF0500383F31188BFF3BD
:104B30006F8FBFF34F8FFEE7DFF854A0DFF854907C
:104B40005046FDF78DFC4846FDF78AFC0B4A0C4B9E
:104B5000CDF800B01021C2F800A0C3F80090094AB7
:104B6000094B0A20FDF704FD20600028B9D0074951
:104B7000FEF722FDB5E700BF489C0020249B0020E3
:104B8000289B00202C9B0020F89B00207CBB020867
:104B9000CC9B0020E09B0020C0B130B5184D2C68A4
:104BA00085B084B10529CDE90012029017DCFFF72A
:104BB00021FC02281CD0002328681A466946FDF70C
:104BC00033FE05B030BD204605B030BD4FF0500378
:104BD00083F31188BFF36F8FBFF34F8FFEE79C46BF
:104BE0006246002369462046FEF744F805B030BD12
:104BF0002868089A00236946FDF716FEE4E700BF1F
:104C0000489C002058B110B5044682B000F07AF8F4
:104C1000E069019000F098F8019802B010BD4FF0E3
:104C2000500383F31188BFF36F8FBFF34F8FFEE7FD
:104C300008480068006880F308884FF0000080F39F
:104C4000148862B661B6BFF34F8FBFF36F8F00DF7A
:104C500000BF000008ED00E0DFF80C00016841F43F
:104C6000700101607047000088ED00E00E4B1B688A
:104C700082B000220133019208D04FF0500383F339
:104C80001188BFF36F8FBFF34F8FFEE74FF05003D4
:104C900083F31188BFF36F8FBFF34F8F019B002BFE
:104CA000FCD002B0704700BF2800002010B44FF0C5
:104CB0008073074C40F8043C21F001016FF00203BF
:104CC00040E9034140E909325DF8044B443870473C
:104CD0006D4C010800000000000000000000000012
:104CE000074B19680868B0E8F04F80F30988BFF3F4
:104CF0006F8F4FF0000080F311887047AFF3008092
:104D0000289600204FF0500383F31188BFF36F8F74
:104D1000BFF34F8F0B4A13680133012B136000D090
:104D200070474FF0E023D3F8043DDBB2002BF7D0FF
:104D30004FF0500383F31188BFF36F8FBFF34F8F92
:104D4000FEE700BF28000020084A136843B94FF06F
:104D5000500383F31188BFF36F8FBFF34F8FFEE7CC
:104D6000013B13600BB983F31188704728000020C2
:104D7000EFF30980BFF36F8F154B1A681EF0100F09
:104D800008BF20ED108A20E9F04F10602DE90900DE
:104D90004FF0500080F31188BFF34F8FBFF36F8F38
:104DA000FFF73AF94FF0000080F3118809BC196849
:104DB0000868B0E8F04F1EF0100F08BFB0EC108A82
:104DC00080F30988BFF36F8F704700BFAFF3008097
:104DD0002896002008B54FF0500383F31188BFF3E5
:104DE0006F8FBFF34F8FFFF707F928B14FF0E02324
:104DF0004FF08052C3F8042D002383F3118808BDBF
:104E00004FF0E02200230649136193610B680548C7
:104E1000A0FB03039B090721013B5361116170470C
:104E200000000020D34D62104FF0E023484AD3F831
:104E3000001D914241D0D3F8002D464B9A4233D009
:104E400070B5454B454C1A78454884B0FF21D2B225
:104E5000029219701B78DBB28DF807309DF807308D
:104E60009DF8072003F0500307211206237001600C
:104E700048BF06220FD59DF807305B00DBB28DF8E6
:104E800007309DF807301B06114602F1FF32F2D4BD
:104E900003291BD001604FF0500383F31188BFF347
:104EA0006F8FBFF34F8FFEE74FF0500383F31188EE
:104EB000BFF36F8FBFF34F8FFEE74FF0500383F3C5
:104EC0001188BFF36F8FBFF34F8FFEE7029B224A1B
:104ED000244D4FF0E0244FF44071DBB201601370B9
:104EE000D4F8203D43F47003C4F8203DD4F8203DAD
:104EF00043F07043C4F8203D0026FFF781FF2E6089
:104F0000FFF7AAFED4F8343F43F04043C4F8343FDF
:104F1000FFF78EFEFFF780F82B680396013308D069
:104F20004FF0500383F31188BFF36F8FBFF34F8FA0
:104F3000FEE74FF0500383F31188BFF36F8FBFF389
:104F40004F8F039B002BFCD0002004B070BD00BF2E
:104F500071C20F4170C20F4100E400E0509C00207C
:104F6000549C002028000020EFF305830F2B0ED95E
:104F70001149124A5B5C12789A4208D94FF05003EB
:104F800083F31188BFF36F8FBFF34F8FFEE74FF0AE
:104F9000E0230B4AD3F80C3D126803F4E06393421C
:104FA00008D94FF0500383F31188BFF36F8FBFF31D
:104FB0004F8FFEE7704700BFF0E300E0509C0020F9
:104FC000549C002038B5430704461CBF20F007045A
:104FD0000834FEF7F3FF0E4A13689BB10D4A1568BB
:104FE00043F6F7312C448C4207D8A54205D21D4424
:104FF0001460FEF7EBFF284638BD0025FEF7E6FFFC
:10500000284638BD044B23F007031360E6E700BFD2
:10501000589C00205CD80020649C002040B14FF0D8
:10502000500383F31188BFF36F8FBFF34F8FFEE7F9
:10503000704700BF80B5044686B00F4672B66C4814
:105040006C4D6B4EFAF7AEFE2946642301223046C2
:10505000FAF73EFD15F8013F002BF5D1237853B147
:10506000634D2146642301222846FAF731FD14F8E6
:10507000013F002BF5D1604C5D4D21466423012298
:105080002846FAF725FD14F8013F002BF5D187EAF1
:10509000E775A5EBE775092D4FEAD77740F29D80BC
:1050A000632D75D9B5F57A7FC0F0858042F20F7314
:1050B0009D4240F283805148514B524EDFF850C11F
:1050C000DFF850E12946012405E0B24279D9624572
:1050D00072D3724573D90A469A42A0FB01814FEA06
:1050E000513104F10404F0D8E11902AE2D226846D2
:1050F000009613F0BCFA009B013C03EB070E4248FC
:10510000DFF814910EEB04034FF0640842F20F77BE
:10511000A9FB0512520908FB125100EB410C10F8D3
:1051200011409CF801C083F800C02946B94203F839
:10513000014C1546A3F10203EAD8B1F57A7F32D2C9
:1051400005F13003DBB28EF80030009C2378204656
:105150005BB1274D2146642301222846FAF7B8FCAB
:1051600014F8013F002BF5D10098B04203D002990A
:10517000013113F01DFA254C1D4D214664230122F7
:105180002846FAF7A5FC14F8013F002BF5D1FEE7FD
:10519000684602AE2D22B91C009613F068FA009BF7
:1051A000194803EB070E00EB450210F81530527852
:1051B0008EF80120C7E70124023495E70124033467
:1051C00092E7791C02AE21442D226846009613F026
:1051D0004EFA009B03EB070E91E702AE2D22791CDD
:1051E0006846009613F043FA009B03EB070EA7E70F
:1051F000648C00208CBB0208ACBB02085917B7D1E5
:105200009F8601003F420F00B8BB0208B4BB0208F2
:1052100080969800FFE0F5051F85EB51704700BFB1
:1052200001207047F8B5184E3378BFF35B8F13F049
:105230000104054602D0D5B91448F8BD304613F034
:10524000B9F90028F7D0114F114B3B6007F1080363
:105250003B6607F158005023C7E916447B66FCF70C
:10526000FBFE786048B1304613F0B0F9E3E7094B34
:10527000094A0A482C2114F0A5FE094B094A07489F
:105280001A2114F09FFE00BF60D8002064D80020CF
:1052900038BD0208D0BC0208E8BC0208B0BC020855
:1052A00084BC02088CBC02082DE9F04F2DED028B66
:1052B0008BB0054609F0ECF890F8893023B90BB0B3
:1052C000BDEC028BBDE8F08F044605214068FCF779
:1052D0000BFF0028F3D194F888606068D4ED1A8A37
:1052E00094ED1B8AD4F870A0D4F87490D4F8788028
:1052F000E76FD4E920B4FCF71BFF002EDFD00121BB
:105300006868CDED048ACDE90211CDE900B48DEDD8
:10531000058ACDF818A0CDF81C90CDF8208009970B
:10532000FCF7E2FE01460028C9D168460BF0BEF941
:105330006868FCF7FDFEC2E72DE9F04387B005463B
:1053400009F0A6F890F8053113B907B0BDE8F0836D
:1053500004460521D0F89000FCF7C6FE064600285A
:10536000F3D194F80471D4F89000D4F8F480D4F810
:10537000FC90D4F80041FCF7DBFE002FE5D00121C2
:10538000022368680396CDE900948DF80C10059609
:105390000293CDF81080FCF7A7FE01460028D4D177
:1053A00068460BF0C5F96868FCF7C2FECDE700BFA0
:1053B000F0B5AFB007460DF10F0640680121154664
:1053C0001C4626F00F06FCF78FFEB8B12846214692
:1053D00000220BF02FFA78680121FCF785FE0028E7
:1053E00000F0998009F054F80446002130460BF093
:1053F000A5FA94F8B0333BB92FB0F0BD0BF0DAF951
:105400007868FCF795FEE1E7D4F894020521FCF7F3
:105410006BFE0028F0D17368C4F804337369C4F8D4
:105420001433F369C4F81C33736A31683269C4F801
:105430002433F36AC4F80013C4F81023B169326A44
:10544000C4F82C33736BC4F81813C4F82023B16A62
:10545000326BC4F83433F36BC4F82813C4F8302328
:10546000B16B326CC4F83C33736CC4F84023C4F89D
:105470004433C4F83813B16CF36CC4F84C33736D17
:10548000C4F85433F36DC4F85C33736E326DC4F8F2
:105490006433F36EC4F84813C4F85023B16D326E10
:1054A000C4F86C33736FC4F85813C4F86023B16E3A
:1054B000326FC4F87433F36FC4F86813C4F8702300
:1054C000B16FD6F88020C4F87C33D6F88430C4F8A5
:1054D0007813C4F88433C4F88023D6F88820D6F82B
:1054E0008C30C4F88C33D6E92601D6F89030C4F855
:1054F0008823C4F89033D6F8A02096F8A430C4F8D6
:10550000A023C4E9E60184F8A433D4F89402FCF79C
:105510000FFE2FB0F0BD0BF0D1F97868FCF708FE54
:1055200060E700BF007DA0F10100B0FA80F0400903
:10553000704700BF08B5034A034B04487A2114F0B2
:1055400041FD00BF40BD020884BC020878BD0208CE
:1055500038B51C4D2B78BFF35B8FDA0704460DD5A9
:10556000194D2B78BFF35B8FDB0716D5012C23D8A1
:10557000164B1748002C18BF184638BD284613F0A4
:1055800019F80028ECD0124B124919604FF48072C0
:1055900028469A8213F01AF8E2E7284613F00AF830
:1055A0000028E3D0094B0B4919604FF400722846DC
:1055B0009A8213F00BF8D9E7074B084A08482121D3
:1055C00014F000FDCCD80020D0D80020ECD800206A
:1055D000D4D80020A8BE0208E8BD02081CBE0208FC
:1055E00078BD020870B5447D84B0012C8DF80F1091
:1055F00015461E460ED0022C2ED1012419480094C7
:1056000023460DF10F022021F6F77EFFC0B10020E6
:1056100004B070BD1448009423460DF10F02202100
:10562000F6F7DAFA0028F2D1009433462A46202110
:105630000D48F6F7ABFBB0FA80F0400904B070BD3E
:10564000009433462A4620210648F7F7EFF8B0FACF
:1056500080F0400904B070BD044B054A05485F2145
:1056600014F0B0FC408800207805002084BC0208BB
:1056700060BE020878BD020870B5457D88B0002381
:105680005D22012DCDE904330446ADF80C300693BC
:10569000ADF81C308DF80B200FD0022D62D1012601
:1056A0003348009633460DF10B022021F6F72CFF0C
:1056B00000284DD0002008B070BD2E4800952B4624
:1056C0000DF10B022021F6F787FA0028F2D12948C4
:1056D0000095022303AA2021F6F758FB0028E9D100
:1056E000042304AA62212046FFF77CFF0028E1D0B2
:1056F0000A2305AA68212046FFF774FF0028D9D0A5
:105700009DF819309DF818209DF80C1021711B028E
:1057100003F4FE43134363829DF813309DF80D207C
:10572000E371BDF814309DF8121062716381BDF809
:105730001620BDF81030A1712281BDF81A109DF815
:105740001D20E3819DF81C30A18122746374B2E7AF
:10575000074800962B4603AA2021F7F767F8002890
:10576000BED0A7E7044B054A05485F2114F02AFC88
:10577000408800207805002084BC020860BE020832
:1057800078BD020830B503686D4A5B6889B00021B6
:10579000934204468DF8091004D1037D012B04D1F6
:1057A00009B030BD98470028FAD1637D40F24B1212
:1057B000012BADF80C2000F08A80022B40F0BE8057
:1057C000012200925F4803AA2021F6F79DFE0546BC
:1057D000002DE5D10320F5F7C7F801230DF10902EB
:1057E00040212046FFF7FEFE0028D9D09DF8093061
:1057F000322BD5D12046FFF73FFF0028D0D0012320
:105800000DF10A024C2120468DF80A50FFF7EAFEFE
:105810000028C5D09DF80A20637D02F0F9024C21D2
:10582000012B8DF80A208DF810108DF8112064D10D
:1058300000934548022304AA2021F6F7CDF9002859
:10584000AED101230DF10B024C212046FFF7CAFE19
:105850000028A5D09DF80B20637D02F0C7024C21E3
:10586000012B8DF80B208DF814108DF815203AD1EE
:1058700000933548022305AA2021F6F7ADF9002848
:105880008ED1637D40F65172012BADF8182041D1C5
:1058900000932D48022306AA2021F6F79DF900283F
:1058A0007FF47EAF637D41F65232012BADF81C20B0
:1058B0003AD100932448022307AA2021F6F78CF955
:1058C00000287FF46DAF0123237509B030BD00932C
:1058D0001D48022303AA2021F6F77EF90546002D74
:1058E0007FF45EAF76E7022B28D1012200922021BF
:1058F00005AA1448F6F708FEC1E7022B1ED10122C3
:105900000092104804AA2021F6F7FEFD00287FF43B
:1059100047AF96E7022B11D101220092202106AA5F
:105920000848F6F7F1FDBAE7022B07D101220092F1
:10593000202107AA0348F6F7E7FDC1E7FFF7FAFDC4
:10594000255501084088002078050020000000004F
:105950002DE9F04F0368D24A5B68934283B0044656
:1059600014D1037D012B14D04FF000094FF0000833
:1059700045464646CB464F46637D012B00F03181BC
:10598000022B00F0588103B0BDE8F08F9847002843
:10599000EAD00AF0ABFB082305460E466A464221D0
:1059A0002046FFF71FFE002800F03A819DF90130E4
:1059B0009DF800109DF903709DF907909DF90580F1
:1059C0005B0143EAD1019DF802307F0147EAD3072A
:1059D0009DF806304FEA891949EA93099DF8043089
:1059E0004FEAC81811F5805F48EA53081FFA89FA90
:1059F00000F04881BAF1000F40F03F81608A034611
:105A0000002800F042819A03B2FBF0F2A2F5804236
:105A100013B203FB03F2002AB8BF7F32D011227CFD
:105A200012FB03F294F91130D20103FB0022002A89
:105A3000B8BF02F2FF12531294F9062003F5801347
:105A4000A03202FB03F3002BB8BF03F6FF731B1356
:105A500001FB03F3002BB8BF03F5FF5394F90420B7
:105A6000B8BF1F3343F34F3313EBC20348BF0F33A9
:105A70001B1107EE903AF8EEE77AF1EE677A17EE2F
:105A8000900AF2F7A3FE84A3D3E90023F2F710FCF7
:105A9000F2F7F4FE834617F5805F00F0F180BAF16B
:105AA000000F40F0E780628A1346002A00F0E88089
:105AB0009B03B3FBF2F3A3F580431AB202FB02F39C
:105AC000002BB8BF7F33D911237C13FB02F394F969
:105AD0001120DB0102FB0133002BB8BF03F2FF13DF
:105AE00094F907205B12A03203F5801302FB03F345
:105AF000002BB8BF03F6FF731B1303FB07F7002F40
:105B0000B8BF07F5FF5794F90530B8BF1F3747F303
:105B10004F3717EBC30748BF0F373F1107EE907A97
:105B2000F8EEE77AF1EE677A17EE900AF2F74EFE9A
:105B300059A3D3E90023F2F7BBFBF2F79FFE074618
:105B400018F5804F72D0B4F90A30002B6ED022893C
:105B5000002A6BD0BAF1000F68D0618A002965D0A5
:105B6000A089AAEB010A10FB0AFA09FB02F2BAF1BA
:105B7000000F4FEA4202B8BF0AF1030A12F50042D1
:105B800048BF02F57F42B4F90E1048BFFF3203EB65
:105B90002243A8EB0101434AC903A1EBAA0191FBEF
:105BA000F3F39342B8BF134647F6FF729342A8BF80
:105BB0001346002BB8BF0F3343F30F1307EE903A91
:105BC000F8EEE77AF1EE677A17EE900AF2F7FEFD4B
:105BD00031A3D3E90023F2F76BFBF2F74FFE8146C6
:105BE00026E008F055FC90F805320446002B3FF4FF
:105BF000CAAED0F88C010521FCF776FA00287FF4B4
:105C0000C2AEC4E97F56D4F88C01C4F8F071C4F870
:105C1000F4B1C4F8F89184F80482FCF789FAB2E68A
:105C20004FF000098046CB464F46A5E6DFF8789056
:105C30004FF00108A0E608F02BFC90F885320446EE
:105C4000002B3FF4A0AED0F80C020521FCF74CFA73
:105C500000287FF498AEC4E99F56D4F80C02C4F82B
:105C60007072C4F874B2C4F8789284F88482FCF735
:105C70005FFA88E6638A52461AE7638A5046C2E6AC
:105C8000094F5DE7DFF820B005E7DFF81CB05F469D
:105C900056E700BFAFF300807B14AE47E17A843F44
:105CA000255501080180FFFF0AD7A34390F8510052
:105CB000704700BF70B50F4E3378BFF35B8F13F0A2
:105CC0000104054602D07DB90B4870BD304612F084
:105CD00071FC0028F7D0084B084A1A60304683F858
:105CE000514012F073FCEEE7054B064A06481421BA
:105CF00014F068F904D9002008D900206CBF02080C
:105D0000D0BC0208B0BE0208F4BE02082DE9F04380
:105D1000002387B0842704460E465A488DF80E307B
:105D2000012115461A468DF80F308DF80D70F6F7E3
:105D3000F7FA012354481A460DF10D01F8F7D4FD86
:105D400040B101224F481146F6F7EAFA002007B0A9
:105D5000BDE8F0834FF001094B48CDF800904B4669
:105D60000DF10E020DF10F01F8F710FF804600282B
:105D7000E7D10DF10F0104AA4348CDF800900623A6
:105D8000F8F704FF4A46074649463E48F6F7C8FA80
:105D9000002F75D19DF814E09DF8153094ED017A2F
:105DA00094ED036AD4ED026A9DF811C09DF81220AB
:105DB0004FEA0E2E4EEA034E9DF813304EEA0303CF
:105DC00007EE903AF8EEE77A9DF8103077EEC77A52
:105DD0004FEA0C2C27EEA77A4CEA024C27EE067A03
:105DE0004CEA030CA7EEA67A484686ED007AD4ED7D
:105DF000055A94ED046A94ED095AD4ED086AD4ED7D
:105E0000067AD4ED0A4A94ED0E4AA7EE256AE7EE2B
:105E1000056AD4ED075A94ED0B5A67EE277A67EEC0
:105E2000244AA7EE276A67EE255AE7EE246A65EE54
:105E3000875AD4ED0C4AD4ED0D7A27EE055AA7EE19
:105E4000256A25EE075AF0EE645AE7EE275A07EE68
:105E500090CAE7EE056AF8EEE77AB0EE667A27EECA
:105E6000A75AA7EE867A67EE857A67EE847AE5EE22
:105E7000257A77EE877AC5ED007A07B0BDE8F08322
:105E8000404664E70008024040890020F0B587B032
:105E9000002462F07F008DF80F00224619488DF82B
:105EA00016400E4601211D468DF81740F6F738FAC8
:105EB000012315481A460DF10F01F8F715FD0446A8
:105EC00048B101220F481146F6F72AFAB4FA84F0D5
:105ED000400907B0F0BD01270B4800973B460DF184
:105EE00016020DF11701F8F751FE04460028E8D11B
:105EF000054800972B4632460DF11701F8F746FE8C
:105F00000446DEE7000802404089002038B531220F
:105F10002DED028B152300F13C010446FFF7B6FF7F
:105F2000054618B9BDEC028B284638BDA38F9FEDFE
:105F3000618A00EE103A0820B8EE400A12F012FC16
:105F4000E38FF0EE407A00EE103A6FF01D00C4EDE2
:105F5000017AB8EE400A12F005FC94F94030F0EEF8
:105F6000407A00EE103A6FF02F00C4ED027AB8EEDE
:105F7000C00A12F0F7FBB4F94130F0EE407A00EEBF
:105F8000103AB8EEC00A6FF0130030EE480AC4EDC4
:105F9000037A12F0E7FBB4F9433084ED040A07EE0C
:105FA000903AF8EEE77A6FF01C0037EEC80A12F06C
:105FB000D9FB94F94530F0EE407A00EE103A6FF0DC
:105FC0001F00C4ED057AB8EEC00A12F0CBFB94F9BD
:105FD0004630F0EE407A00EE103A6FF02400C4ED47
:105FE000067AB8EEC00A12F0BDFBB4F84730F0EE06
:105FF000407A00EE103A0320C4ED077AB8EE400A6A
:1060000012F0B0FBB4F84930F0EE407A00EE103AEE
:106010006FF00500C4ED087AB8EE400A12F0A2FB5A
:1060200094F94B30F0EE407A00EE103A6FF0070032
:10603000C4ED097AB8EEC00A12F094FB94F94C3022
:10604000F0EE407A00EE103A6FF00E00C4ED0A7ADE
:10605000B8EEC00A12F086FBB4F94D30F0EE407A8B
:1060600000EE103A6FF02F00C4ED0B7AB8EEC00AC4
:1060700012F078FB94F94F30F0EE407A00EE103ACF
:106080006FF02F00C4ED0C7AB8EEC00A12F06AFB74
:1060900094F9503084ED0D0A07EE903A6FF040000D
:1060A000B8EEE70A12F05EFBBDEC028B284684EDE9
:1060B0000E0A38BD0000804630B5002483B00123AD
:1060C00022460DF1030105468DF80340FFF7DEFE81
:1060D00018B19DF80330502B01D003B030BD2846D5
:1060E000FFF714FF0028F8D022462F480121F6F7C9
:1060F00017F91F23022201A9ADF804302B48012310
:10610000F8F7F2FB0122044611462748F6F708F992
:10611000002CE2D1224624480121F6F701F940F291
:106120001D33022201A9ADF8043020480123F8F7FD
:10613000DBFB0122044611461B48F6F7F1F8002C60
:10614000CBD1224618480121F6F7EAF840F61C4365
:10615000022201A9ADF8043014480123F8F7C4FB6A
:106160000122044611461048F6F7DAF8002CB4D1A3
:1061700022460D480121F6F7D3F843F21B330222E1
:1061800001A9ADF8043009480123F8F7ADFB01225D
:10619000044611460448F6F7C3F8002C9DD10123AC
:1061A00085F8513003B030BD00080240408900201E
:1061B00010B503682B495A6886B000238A42CDE99E
:1061C0000133CDE9033304468DF8143048D190F8FB
:1061D000510050B900238DF8143008F059F990F8A7
:1061E000053104461BBB06B010BD002103228DF80B
:1061F000031001230DEB02012046FFF747FE0028A4
:10620000E8D09DF8033003F06003602BE2D109F081
:106210006DFF0346CDE9033101AA204602A9FFF72D
:1062200075FD0028D9D001238DF81430D5E7D0F8BA
:1062300090000521FBF758FF0028D4D10DF1040C84
:10624000BCE80F0004F1F40EAEE80F00DCF80030FB
:10625000D4F890008EF80030FBF76AFF06B010BD4E
:106260009047B6E7AD5C010890F8A804704700BFFE
:1062700008B540B10B4691B9114652B11846BDE878
:106280000840FBF737BC094B094A0A48462113F07E
:1062900099FE094B064A0748482113F093FE074B25
:1062A000034A0448472113F08DFE00BF74BF020863
:1062B00080BF0208CCBF020810C00208E8BF020875
:1062C00009F014BF08B5A8B100291FDDC36ABBB12E
:1062D000D3F8000411F007021CBFC2F108028918AC
:1062E000C0F580628A42C3BF0918C3F80014C01801
:1062F000002008BD084B094A09489E2113F062FEA0
:10630000084B064A0648A12113F05CFE064B034ADF
:1063100003489F2113F056FE74BF02081CC00208F8
:1063200058C0020880C0020874C0020810B558B1F5
:106330000C46D9B911469AB1002B1A460ADD2046FF
:10634000BDE81040FBF7CEBC0B4B0C4A0C48952126
:1063500013F038FE0B4B094A0948982113F032FE1E
:10636000094B064A0648972113F02CFE074B034AB7
:106370000348962113F026FE74BF02088CC0020861
:1063800058C00208F4C00208E8C00208E8BF0208CA
:1063900090F8A83403B170472DE9F04FABB001235A
:1063A00045F2024104460093ADF83C1046480223F2
:1063B0000FAAA021F5F710FC60B144494448FBF74F
:1063C0002BFB082700264FF02D08054610B32BB0F5
:1063D000BDE8F08F40233C4800931AAAA021F5F7AE
:1063E000D5FC06460028E8D14FF0FF323C211AA820
:1063F0000AF046F9299B35499842354807BF1C9F4A
:10640000DDE91A8608274FF02D08FBF705FB054646
:106410000028DCD102A8FAF711F90DF1080CBCE84C
:106420000F000DF13C0EAEE80F00BCE80F00AEE827
:106430000F009CE80700274BDFF8A8A08EE80700B4
:1064400004F150091093244B12932946234B1193C6
:106450004FF48B6240F6016B4846ADF854B0CDF86E
:106460003CA08DF864808DF865608DF85F7013F046
:1064700035FF04F58B631A4AC4F8B4345023C4F8CA
:10648000AC24C4F8B83404F2AC40FBF7E5FDC4F822
:10649000540400289BD004F108054A460FA9284659
:1064A000FAF7F6F8002892D140F2011302460EA93D
:1064B00028460E93FAF75EFE002888D1012384F85F
:1064C000A8342BB0BDE8F08F7805002040420F00C3
:1064D00020A107002D630108C5620108C1620108FF
:1064E00004C102087162010870B50F4E3378BFF322
:1064F0005B8F13F00104054602D07DB90B4870BDD7
:10650000304612F057F80028F7D0084B084A1A60B6
:10651000304683F8A84412F059F8EEE7054B064AD6
:106520000648112113F04EFD5CD9002060D90020EF
:1065300084C10208D0BC020810C1020858C0020879
:1065400030B587B04FF0FF33214D01932B78BFF367
:106550005B8F13F001041FD042F2107202A901A850
:10656000FBF76CFB041E01DA07B030BD194D0121A9
:10657000D5F85404FBF7B8FD0028F5D1D4B1019942
:1065800001BB02AA05F10800FAF7F0F8D5F85404A7
:10659000FBF7CEFD07B030BD284612F00BF80028FF
:1065A000DAD00C4B0C4A1A60284683F8A84412F043
:1065B0000DF8D1E722464FF0FF3105F10800FAF758
:1065C000D5F8E3E7054B064A06488B2113F0FAFCA1
:1065D0005CD9002060D9002084C10208E8BF02080D
:1065E00050C1020858C0020890F86400704700BF0C
:1065F00090F8643003B1704730B595B0012345F28F
:10660000024104460093ADF80C107148022303AA1E
:10661000A021F5F7E1FA08B115B030BD40236C4870
:10662000009304AAA021F5F7B1FB0028F4D14FF0A4
:10663000FF323C2104A80AF023F8139B984217D19B
:10664000DDE90701DDE909236060E1606261DDE900
:106650000B01E361DDE90D236062E1626263DDE964
:106660000F01E363DDE911236064E1646265E365C2
:106670000020FFF739FF00F1080500224FF4967162
:106680002846FAF77BF90246002859D140F22D112D
:106690002846FAF773F90246002840F093804FF439
:1066A00097712846FAF76AF90246002840F084807C
:1066B00040F22F112846FAF761F90246002875D1F9
:1066C0004FF498712846FAF759F90246002867D125
:1066D00040F231112846FAF751F90246002859D103
:1066E00040F237112846FAF749F9024600284BD103
:1066F0004FF49C712846FAF741F9024600283DD133
:106700004FF49D712846FAF739F9024680BB40F2F2
:106710002D412846FAF732F920BB00224FF4A1712F
:106720002846FAF72BF90246B0B94FF4A371284670
:10673000FAF724F950B9012384F8643015B030BD5C
:10674000244B254A2548552113F03CFC244B224A72
:106750002248602113F036FC224B1F4A1F485F215C
:1067600013F030FC204B1C4A1C485E2113F02AFC1D
:106770001E4B194A19485D2113F024FC1C4B164A84
:1067800016485C2113F01EFC1A4B134A13485B2178
:1067900013F018FC184B104A10485A2113F012FC41
:1067A000164B0D4A0D48592113F00CFC144B0A4AA4
:1067B0000A48582113F006FC124B074A0748572194
:1067C00013F000FC104B044A0448562113F0FAFB66
:1067D000780500208CC10208F8C1020820C2020816
:1067E000F4C5020894C5020838C50208DCC40208D2
:1067F00080C4020824C40208C8C302086CC302088B
:1068000010C30208ACC2020844C2020870B52DEDE4
:10681000028B82B007F03CFE90F8DA363BB90020DC
:1068200002B0BDEC028BBDE87040FFF75DBE0446D0
:106830000521D0F85406FBF757FC05460028EED199
:1068400004F5CA63D4F8540693ED1C8A94F8D8660C
:10685000FBF76EFC2846FFF747FE04461EB902B060
:10686000BDEC028B70BDD0F854040121FBF73CFC59
:106870000028F4D19FED0A7AC8EE077A0346022574
:106880006A464FF4977104F108008DF80050CDED81
:10689000017AFAF7AFF8D4F85404FBF749FCDEE7C5
:1068A0000AE81C4170B52DED028B82B007F0F0FDB7
:1068B00090F859373BB9002002B0BDEC028BBDE81F
:1068C0007040FFF711BE04460521D0F8E006FBF743
:1068D0000BFC05460028EED104F2DC63D4F8E00698
:1068E00093ED1A8A94F85867FBF722FC2846FFF7C5
:1068F000FBFD04461EB902B0BDEC028B70BDD0F8A2
:1069000054040121FBF7F0FB0028F4D1DFED0A7AF3
:1069100028EE278A034602256A464FF49C7104F14B
:1069200008008DF800508DED018AFAF763F8D4F86D
:106930005404FBF7FDFBDEE7E22E654270B52DED5A
:10694000028B82B007F0A4FD90F851383BB90020CB
:1069500002B0BDEC028BBDE87040FFF7C5BD044638
:106960000521D0F8E007FBF7BFFB05460028EED174
:1069700004F2DC73D4F8E00793ED1A8A94F85068B7
:10698000FBF7D6FB2846FFF7AFFD04461EB902B061
:10699000BDEC028B70BDD0F854040121FBF7A4FBC1
:1069A0000028F4D1DFED0A7A28EE278A0346022573
:1069B0006A4640F22D4104F108008DF800508DED3B
:1069C000018AFAF717F8D4F85404FBF7B1FBDEE7B5
:1069D000E22E654270B52DED028B82B007F058FDB6
:1069E00090F805313BB9002002B0BDEC028BBDE848
:1069F0007040FFF779BD04460521D0F89000FBF701
:106A000073FB05460028EED1D4F8900094ED3D8A42
:106A100094F80461FBF78CFB2846FFF765FD0446FC
:106A20001EB902B0BDEC028B70BDD0F85404012138
:106A3000FBF75AFB0028F4D19FED0A7AC8EE077ADB
:106A4000034602256A464FF4A37104F108008DF84D
:106A50000050CDED017AF9F7CDFFD4F85404FBF7DF
:106A600067FBDEE70000C84270B5B0B00DF1170457
:106A700024F00F04002504F110002560656010F07B
:106A8000E9F94FF07E53002200200021A363E36365
:106A900023646364A364E364C4E926012562656238
:106AA000A562E5622563656325656565A565E565A0
:106AB00025666566A566E56625676567A567E5677A
:106AC000C4F88050C4F88450C4F88850C4F88C507E
:106AD000C4F89050C4F8A02084F8A42007F0D8FC93
:106AE00090F8B03323B90020FFF7FEFC30B070BD42
:106AF00005460521D0F89402FBF7F6FA0646002871
:106B0000F1D1D5F80023D5F8043322606360D5F8BD
:106B10001023D5F8143322616361D5F81823D5F812
:106B20001C33A261E361D5F82023D5F82433226217
:106B30006362D5F82823D5F82C33A262E362D5F836
:106B40003023D5F8343322636363D5F83823D5F87E
:106B50003C33A263E363D5F84023D5F84433636440
:106B60002264D5F84823D5F84C33A264E364D5F801
:106B70005023D5F8543322656365D5F85823D5F8EA
:106B80005C33A265E365D5F86023D5F864332266EB
:106B90006366D5F86823D5F86C33A266E366D5F84A
:106BA0007023D5F8743322676367D5F87823D5F856
:106BB0007C33A267E367D5F88023D5F88433C4F823
:106BC0008430C4F88020D5F88823D5F88C33C4F8F5
:106BD0008C30D5F89033C4F88820C4F89030D5E9CB
:106BE000E623D5F89402C4E9262395F8A433D5F812
:106BF000A02384F8A430C4F8A020FBF799FA30460B
:106C0000FFF772FCD4F8A03033F0020305467FF49E
:106C10006DAFD0F854040121FBF766FA00287FF429
:106C200065AFD4ED017A0346F1EE677A02246A4635
:106C30004FF49D7105F108008DF80040CDED017A0B
:106C4000F9F7D8FED5F85404FBF772FA4EE700BF07
:106C500070B52DED028B82B007F01AFC90F8593711
:106C60003BB9002002B0BDEC028BBDE87040FFF7DD
:106C70003BBC04460521D0F8E006FBF735FA054693
:106C80000028EED104F2DC63D4F8E00693ED1B8A11
:106C900094F85867FBF74CFA2846FFF725FC0446A2
:106CA0001EB902B0BDEC028B70BDD0F854040121B6
:106CB000FBF71AFA0028F4D1DFED0A7A28EE278ACA
:106CC000034602256A4640F2371104F108008DF8A8
:106CD00000508DED018AF9F78DFED4F85404FBF7CE
:106CE00027FADEE7E22E654270B5B0B00DF1170469
:106CF00024F00F04002504F110002560656010F0F9
:106D0000A9F84FF07E53002200200021A363E36323
:106D100023646364A364E364C4E9260125626562B5
:106D2000A562E5622563656325656565A565E5651D
:106D300025666566A566E56625676567A567E567F7
:106D4000C4F88050C4F88450C4F88850C4F88C50FB
:106D5000C4F89050C4F8A02084F8A42007F098FB51
:106D600090F8B03323B90020FFF7BEFB30B070BD00
:106D700005460521D0F89402FBF7B6F9064600282F
:106D8000F1D1D5F80023D5F8043322606360D5F83B
:106D90001023D5F8143322616361D5F81823D5F890
:106DA0001C33A261E361D5F82023D5F82433226295
:106DB0006362D5F82823D5F82C33A262E362D5F8B4
:106DC0003023D5F8343322636363D5F83823D5F8FC
:106DD0003C33A263E363D5F84023D5F844336364BE
:106DE0002264D5F84823D5F84C33A264E364D5F87F
:106DF0005023D5F8543322656365D5F85823D5F868
:106E00005C33A265E365D5F86023D5F86433226668
:106E10006366D5F86823D5F86C33A266E366D5F8C7
:106E20007023D5F8743322676367D5F87823D5F8D3
:106E30007C33A267E367D5F88023D5F88433C4F8A0
:106E40008430C4F88020D5F88823D5F88C33C4F872
:106E50008C30D5F89033C4F88820C4F89030D5E948
:106E6000E623D5F89402C4E9262395F8A433D5F88F
:106E7000A02384F8A430C4F8A020FBF759F93046C9
:106E8000FFF732FBD4F8A03033F0020305467FF45D
:106E90006DAFD0F854040121FBF726F900287FF4E8
:106EA00065AF21680191034602246A464FF4A1713F
:106EB00005F108008DF80040F9F79CFDD5F8540461
:106EC000FBF736F952E700BF70B52DED028B82B0AB
:106ED00007F0DEFA90F8DA363BB9002002B0BDECDC
:106EE000028BBDE87040FFF7FFBA04460521D0F8D9
:106EF0005406FBF7F9F805460028EED104F5CA63FD
:106F0000D4F8540693ED1D8A94F8D966FBF710F96E
:106F10002846FFF7E9FA04461EB902B0BDEC028B21
:106F200070BDD0F854040121FBF7DEF80028F4D13D
:106F3000DFED0A7A28EE278A034602256A464FF4D7
:106F4000987104F108008DF800508DED018AF9F771
:106F500051FDD4F85404FBF7EBF8DEE7E22E65426E
:106F600070B52DED028B82B007F092FA90F8DA3608
:106F70003BB9002002B0BDEC028BBDE87040FFF7CA
:106F8000B3BA04460521D0F85406FBF7ADF8054620
:106F90000028EED104F5CA63D4F8540693ED1F8A95
:106FA00094F8D966FBF7C4F82846FFF79DFA044623
:106FB0001EB902B0BDEC028B70BDD0F854040121A3
:106FC000FBF792F80028F4D1DFED0A7A28EE278A41
:106FD000034602256A4640F2311104F108008DF89B
:106FE00000508DED018AF9F705FDD4F85404FBF744
:106FF0009FF8DEE7E22E654270B52DED028B82B080
:1070000007F046FA90F8DA363BB9002002B0BDEC42
:10701000028BBDE87040FFF767BA04460521D0F83F
:107020005406FBF761F805460028EED104F5CA6363
:10703000D4F8540693ED1A8A94F8D866FBF778F8DA
:107040002846FFF751FA04461EB902B0BDEC028B88
:1070500070BDD0F854040121FBF746F80028F4D1A4
:107060009FED0A7AC8EE077A034602256A464FF476
:10707000967104F108008DF80050CDED017AF9F712
:10708000B9FCD4F85404FBF753F8DEE70AE81C41D6
:1070900070B52DED028B82B007F0FAF990F8DA3670
:1070A0003BB9002002B0BDEC028BBDE87040FFF799
:1070B0001BBA04460521D0F85406FBF715F805461F
:1070C0000028EED104F5CA63D4F8540693ED1E8A65
:1070D00094F8D966FBF72CF82846FFF705FA044622
:1070E0001EB902B0BDEC028B70BDD0F85404012172
:1070F000FAF7FAFF0028F4D1DFED0A7A28EE278AA2
:10710000034602256A4640F22F1104F108008DF86B
:1071100000508DED018AF9F76DFCD4F85404FBF7AB
:1071200007F8DEE7E22E654270B52DED028B82B0E6
:1071300007F0AEF990F8DA363BB9002002B0BDECAA
:10714000028BBDE87040FFF7CFB904460521D0F8A7
:107150005406FAF7C9FF05460028EED104F5CA63C4
:10716000D4F8540693ED1B8A94F8D866FAF7E0FF3A
:107170002846FFF7B9F904461EB902B0BDEC028BF0
:1071800070BDD0F854040121FAF7AEFF0028F4D105
:107190009FED0A7AC8EE077A034602256A4640F256
:1071A0002D1104F108008DF80050CDED017AF9F7AA
:1071B00021FCD4F85404FAF7BBFFDEE70AE81C41CF
:1071C00070B5234E3378BFF35B8F13F0010405468F
:1071D00003D0002D35D11F4870BD304611F0EAF9BB
:1071E0000028F6D01B4B1C4983F864405022C3E9A9
:1071F00000121A49DA605A61DA615A62DA625A6335
:10720000DA635A64DA645A650A24154A1A66C3E9CD
:107210001614144A144999601A611449144A996160
:107220001A621449144A99621A631449144A9963F8
:107230001A641449144A996430461A6511F0C6F963
:10724000C7E7124B124A1348152112F0BBFE00BFCC
:1072500020DE002024DE0020A4C60208E96C01081C
:10726000D569010829710108F96F01080D68010845
:1072700091700108C96E0108616F0108516C010825
:10728000A5680108696A01083D690108D0BC0208C7
:1072900050C6020820C2020838B51F4D2B78BFF334
:1072A0005B8F13F0010401D01C4838BD284611F053
:1072B00081F90028F8D01A4B1A4919601A4983F845
:1072C00064405022C3E901211849C3E90321184948
:1072D000C3E905211749C3E907211749C3E9092172
:1072E0001649C3E90B211649C3E90D211549C3E924
:1072F0000F211549C3E911211449C3E91321144988
:10730000C3E91521134A0A212846C3E9171211F0CF
:107310005DF9024838BD00BF20DE002028DE0020D5
:1073200024DE0020A4C60208F96F010829710108B3
:107330000D68010891700108C96E0108616F0108AC
:10734000516C0108A5680108696A01083D690108D6
:10735000E96C0108D569010818B14FF47A73B3FBE1
:10736000F0F07047C0E91612704700BFF0B5F2297F
:1073700091B004464FD0F3290B4600F08480964A22
:107380008DF8193092E80300002305908DF818104D
:107390004FF0FF32072105A88DF81A308DF81B3009
:1073A0008DF81C308DF81D308DF81E3009F068F90D
:1073B00005ABCDF81B0003CBC4F82A001A886286FF
:1073C00004F12A069A78C4F82E100B23B272A4F89E
:1073D0005430A36DE3B108F089FE804D4519A06DCE
:1073E00041F10007F8F766FC05E008F07FFEA842CF
:1073F00071EB07030CD2A06D90F83D30202BF4D137
:10740000B4F854203146F8F711FC012011B0F0BD5A
:10741000002011B0F0BD724A43798DF8193092E81E
:107420000300F92B9AB205908DF8181002AD4CD9D3
:10743000694A92E8030002904FF6F27000238DF83B
:107440000C104FF0FF320721ADF80D0028468DF8E3
:107450000F308DF810308DF811308DF8123009F0A2
:107460000FF92A46CDF80F0003CA04F12A06138843
:1074700063869278C4F82A000B23C4F82E10B272E7
:10748000A4F85430A5E7544A4579ADF80D3092E898
:107490000300F92D4FF0000202908DF80C108DF8CA
:1074A0000F208DF810208DF811208DF8122050D962
:1074B000FF238DF80E3007214FF0FF3202A809F0AC
:1074C000DFF802ABCDF80F0075E753010121D208B8
:1074D00000918DF809308DF80820424802232A4691
:1074E000A021F4F779FB0028A2D120233D48009386
:1074F0000DF11A02A021F4F749FC002898D14FF0B1
:10750000FF32262105A809F0BBF804F12A06CDF8C0
:107510003A000DF1140C37460DF1340E65460FCDCF
:10752000754507F110070CF1100C47F8100C47F8DF
:107530000C1C47F8082C47F8043CEFD1BCE80300CA
:107540003860BCF800203A812A237960A4F85430CE
:107550003FE725484FF48071F4F7E2FED4F80620A7
:10756000CDF81620D4F80A20D4F80E30CDF81A2021
:107570006620D4F81620D4F81260CDF826206901D0
:10758000D4F81A20CDF81E30D4F81E300090CDF873
:1075900022608DF81510D4F82260CDF82A20ED086D
:1075A000CDF82E300F488DF81450222305AAA021C3
:1075B000CDF83260F4F710FB30B10B4801224FF4E4
:1075C0008071F4F7ADFE73E7074801224FF4807134
:1075D000F4F7A6FE6FE700BFC8B4020840420F00F0
:1075E000C0B4020878050020000802402A2938B5F6
:1075F00004460ED9FE2380F856302A22A06D21467B
:10760000F8F7E6FFE36D1A68136823F008031360C8
:1076100038BD0D1F4FF0FF32294609F031F863598C
:10762000984203D0FF2384F85630E6E723784E2BA8
:10763000E3D16378452BE0D16388022BDDD121793A
:10764000F12914D00DD8F029D7D1012384F8563070
:107650002046FFF78BFE0028CFD1FD2384F856305B
:10766000CBE701F10E03DBB2012BF1D9C5E7002313
:1076700084F85630ECE700BF70B5064601462A2272
:10768000806D104CF8F7A4FFF36D1A68136823F0AF
:107690000803136008F02AFD041941F1000508F001
:1076A00025FDA04271EB0503F9D396F95630002B66
:1076B000F5DCB06D90F83D30202BF0D1BDE8704086
:1076C000F8F784BC404B4C0030B5124D2B78BFF31B
:1076D0005B8F13F0010483B0014605D00E4803B060
:1076E000BDE83040FFF782BF0190284610F062FFEE
:1076F00001990028F2D0084B2846C3E91544DC65FF
:1077000010F064FF0199044803B0BDE83040FFF772
:107710006DBF00BF8CDE002090DE002070B5104EE3
:107720003378BFF35B8F13F0010482B005460A463D
:1077300006D00C48294602B0BDE87040FFF712BEE3
:107740003046019110F036FF019A0028F1D0054B28
:107750003046C3E91544DC6510F038FF019AE8E7CC
:107760008CDE002090DE002038B50E4D2B78BFF364
:107770005B8F13F0010404D0BDE838400A48FFF7DE
:107780007BBF284610F016FF0028F5D0064B284690
:10779000C3E91544DC6510F019FFBDE83840024824
:1077A000FFF76ABF8CDE002090DE002090F84C02CC
:1077B000704700BF38B5E84B04460D4640F8043B1F
:1077C0004FF40072002112F089FDE449E44AC4E953
:1077D000011201F5D6016A3102F16D12C4E90312FA
:1077E00001F5E00102F5E6026F317132C4E90512DC
:1077F00001F5E80102F5EC0273317532C4E90712B4
:10780000D84902F5F8027A32C4E9091201F5FC01FF
:107810007C3102F18012C4E90B1201F5030102F57B
:10782000060282318432C4E90D1201F5090102F524
:107830000B0287318A32C4E90F1201F50E0102F5FD
:1078400011028D318F32C4E9111201F5140102F5D4
:10785000170292319532C4E9131201F5190102F5AC
:107860001D0298319C32C4E9151201F5200102F580
:1078700023029F31A132C4E9171201F5270102F555
:107880002A02A531A832C4E9191201F52D0102F529
:107890003002AB31AF32C4E91B1201F5340102F5FD
:1078A0003802B331B632C4E91D1201F53C0102F5CC
:1078B0003F02B931BE32C4E91F1201F5430102F59E
:1078C0004802C231C532C4E9211201F54B0102F56B
:1078D0004F02C931CD32C4E9231201F5540102F53A
:1078E0005702D131D632C4E9251201F55B0102F508
:1078F0006102DA31DE32C4E9271201F5650102F5D1
:107900006902E231E732C4E9291201F56F0102F59B
:107910007302EC31F132C4E92B1201F5770102F563
:107920007D02F631FA32C4E92D128F4A01F18171DC
:10793000FF31C4E92F128D4902F1897202F20F1250
:10794000C4E931128A498B4AC4E9331201F1012199
:1079500001F50C1102F19472203102F22512C4E9F2
:107960003512854A01F1977101F22B11C4E93712E2
:1079700002F10122814902F582023D32C4E9391245
:107980007F4902F1A77202F24B12C4E93B127D4912
:1079900002F1AE7202F5AC72C4E93D1202F10122AD
:1079A000794902F5D2026632C4E93F127749784A32
:1079B000C4E9411202F1012201F1C07102F507028E
:1079C00001F5BE718432C4E94312724902F1CC72EE
:1079D00002F5CA72C4E9451201F1D07102F1D47204
:1079E00001F29B1102F5D272C4E947126A4902F111
:1079F000DD7202F2B512C4E94912684A01F1E1717F
:107A000001F5DF71C4E94B12654902F1EF7202F52D
:107A1000ED72C4E94D126349634AC4E94F126349E8
:107A200002F1022202F5C022C4E95112604A01F1BA
:107A3000047101F20A21C4E9531202F102225D49E4
:107A400002F544122B32C4E9551202F1022201F16F
:107A50000F7102F58E0201F236214132C4E957124C
:107A60005549564AC4E9591202F10222544902F515
:107A7000EE027132C4E95B12524A01F1217101F246
:107A80007D21C4E95D12504902F12B7202F2A52258
:107A9000C4E95F124D494E4AC4E961124D494E4A4C
:107AA000C4E963124D494E4A84F84D52C4E9651247
:107AB00002F103224B4902F508121A32C4E9671297
:107AC00049494A4AC4E9691201F1032101F5A601B5
:107AD00002F159724A3102F55772C4E96B1201F191
:107AE000032102F1032201F5EC0102F507026D31D9
:107AF0007E32C4E96D1201F1032102F1032201F586
:107B00001A0102F52D029131A332C4E96F123849EE
:107B1000384AC4E9711201F1032102F1032201F58F
:107B2000660102F57A02DC31F032C4E97312324A9E
:107B300001F1043101F53021C4E9751201F104218C
:107B400002F1042201F5641102F59C022E31443247
:107B5000C4E97712294953E014C902083C0A560ABD
:107B6000700A8B0A000C1E0C131A561A9A1ADE1A87
:107B7000AE1BF51B3D1C851C941EE21E311F811F90
:107B80007520C820C7211D22262380239324F12499
:107B90004F25AF259B270028E32A512B862DFB2D4F
:107BA000712EE82E5330CF304C31CA314A32CA32AE
:107BB0006235EA3574360037F83A8F3B273CC13CD2
:107BC0005D3DFA3D2341CA4172421C432545D645DD
:107BD00089463D47F447AC486649224ADF4A9F4BF5
:107BE000614C244DEA4DB14E1451E351B5528953C5
:107BF000125F0560FB60F3610469116A7A6F977028
:107C00001D4AC4E9791201F104211C4A01F513014E
:107C10008731C4E97B1202F10422194902F55A02A4
:107C2000CE32C4E97D1200231649C4F8FC1148F293
:107C30002402012DA4F80022C4F8483284F84C3202
:107C40000BD0022D13D1104A104B4FF48041C4E9E0
:107C50009423A4F84E12204638BD0D4A0D4B4FF424
:107C60000041C4E99423A4F84E12204638BD0A48C6
:107C700040F25951FDF7DEF9B871DB72567685771F
:107C8000B778EC799D7DDF7E000402409488002067
:107C900000080240EC870020ACC60208F8B50C4F83
:107CA0003978BFF35B8F11F00106054618D0094FF4
:107CB0003978BFF35B8F11F0010600F0B182012D1E
:107CC00000F23885044B0548002D18BF1846F8BD52
:107CD000F0DE0020F4DE002050E10020F8DE00207D
:107CE000384610F067FC0028E1D0EA4CEA4B204609
:107CF000314640F8043B4FF4007212F0EFFAE74BC4
:107D0000636003F554133433A36003F13613E36067
:107D100003F13713236103F564133833636103F50B
:107D200068133933A36103F13A13E36103F5701368
:107D30003B33236203F13D13636203F57C133D3350
:107D4000A36203F13F13E36203F14113236303F5DD
:107D500084034133636303F588034333A36303F56B
:107D60008A034433E36303F14613236403F590036A
:107D70004733636403F592034833A36403F5960322
:107D80004A33E36403F598034B33236503F14D1342
:107D9000636503F5A0034F33A36503F15013E36557
:107DA00003F5A6035133236603F15413636603F509
:107DB000AC035433A36603F15713E36603F5B20330
:107DC0005833236703F15B13636703F5BA035B332F
:107DD000A36703F5BE035E33E36703F16013C4F8E2
:107DE000803003F5C6036233C4F8843003F5CA0358
:107DF0006333C4F8883003F16613C4F88C3003F59C
:107E0000D2036733C4F8903003F5D6036A33C4F85D
:107E1000943003F16C13C4F8983003F5DE036E332D
:107E2000C4F89C3003F5E4037033C4F8A03003F5C4
:107E3000E6037233C4F8A43003F5EC037533C4F8D9
:107E4000A83003F5F2037733C4F8AC3003F17A13AA
:107E5000C4F8B03003F5FA037C33C4F8B43003F54A
:107E600000037E33C4F8B83003F502038133C4F84D
:107E7000BC3003F505038333C4F8C03003F50803B1
:107E80008733C4F8C43003F50A038833C4F8C83014
:107E900003F50D038C33C4F8CC3003F510038F3396
:107EA000C4F8D03003F513039133C4F8D43003F58C
:107EB00015039433C4F8D83003F519039733C4F885
:107EC000DC3003F51C039B33C4F8E03003F51F03DB
:107ED0009D33C4F8E43003F52203A033C4F8E8303E
:107EE00003F52503A433C4F8EC3003F52903A733C5
:107EF000C4F8F03003F52C03AB33C4F8F43003F5C9
:107F00003003AD33C4F8F83042F22633A4F8FC3025
:107F10004FF40E53A4F8FE3003F1105303F5581339
:107F20005A33C4F8003103F53B03B933C4F80431C4
:107F300003F53E03BC33C4F8083103F54203C033F4
:107F4000C4F80C3103F54503C433C4F8103103F50C
:107F50004A03C833C4F8143103F54E03CC33C4F8D4
:107F6000183103F55203CF33C4F81C3103F556031F
:107F7000D533C4F8203103F55B03D833C4F824317A
:107F800003F55F03DD33C4F8283103F56303E13300
:107F9000C4F82C3103F56803E533C4F8303103F538
:107FA0006D03EB33C4F8343103F57103EF33C4F8D8
:107FB000383103F57603F333C4F83C3103F57B0322
:107FC000F933C4F8403103F18073FE33C4F844310F
:107FD00003F1837303F58173C4F8483103F18573AA
:107FE00003F58473C4F84C3103F1887303F5877388
:107FF000C4F8503103F18B7303F58973C4F854311D
:1080000003F1012303F5D8131933C4F8583103F1F0
:10801000012303F504131D33C4F85C3103F193739A
:1080200003F59273C4F860311D4BC4F8643103F159
:10803000997303F22F13C4F868311A4BC4F86C31EA
:1080400003F19F7303F23B13C4F8703103F1A37380
:1080500003F5A173C4F8743103F1A67303F2491355
:10806000C4F8783103F1A97303F24F13C4F87C31DB
:1080700003F1AD7303F5AB73C4F8803103F1B07352
:1080800003F25D13C4F88431DFF824E0064B074A9D
:1080900010E000BFF8DE002014C902083C0A560AAE
:1080A000F83A8F3B5D3DFA3DF447AC48DF4A9F4BC1
:1080B00089463D474E49C4E962E303F1BB7303F5CA
:1080C000B973C4F890314B4BC4E965234A4BC4F8EB
:1080D0009C3103F1012303F515039133C4F8A0315A
:1080E000464BC4F8A43103F1D37303F2A113C4F8CF
:1080F000A83103F1012303F52D03A933C4F8AC31F2
:108100003F4BC4F8B03103F1012303F53F03BA3309
:10811000C4F8B43103F1E47303F5E273C4F8B83181
:1081200003F1E97303F2CD13C4F8BC3103F1012369
:1081300003F55B03D633C4F8C03103F1F27303F5E2
:10814000F073C4F8C43103F1F77303F2E913C4F810
:10815000C83103F1FC7303F2F313C4F8CC3103F11B
:10816000007303F5003303F2FD13C4F8D031254B3F
:10817000254AC4E9751303F1022303F508131C33E0
:10818000C4F8DC3103F10B7303F50A73C4F8E03172
:1081900003F10E7303F23223C4F8E43103F11173D7
:1081A00003F23E23C4F8E83103F1022303F59E03F2
:1081B0004933C4F8EC313846144B154FC4E97C738D
:1081C00047F62433A4F8F83147F65F43A4F8FA31B0
:1081D000104BC4F8FC3148F22403A4F800320E4BD3
:1081E000C4E992630D4BC4E9942310F0EFF95EE506
:1081F000F266FA67614C244DEA4DB14E1451E351D9
:108200001156ED560469116A00080240B778EC79FE
:10821000567685779D7DDF7E00010080EC8700200B
:10822000384610F0C7F900283FF449ADE94CEA4B55
:108230002046314640F8043B4FF4007212F04EF8ED
:10824000E64B636003F554133433A36003F1361334
:10825000E36003F13713236103F56413383363617B
:1082600003F568133933A36103F13A13E36103F5AE
:1082700070133B33236203F13D13636203F57C13F8
:108280003D33A36203F13F13E36203F14113236320
:1082900003F584034133636303F588034333A36326
:1082A00003F58A034433E36303F14613236403F5C0
:1082B00090034733636403F592034833A36403F5E3
:1082C00096034A33E36403F598034B33236503F1C4
:1082D0004D13636503F5A0034F33A36503F15013FA
:1082E000E36503F5A6035133236603F15413636674
:1082F00003F5AC035433A36603F15713E36603F5A8
:10830000B2035833236703F15B13636703F5BA03C2
:108310005B33A36703F5BE035E33E36703F16013CA
:10832000C4F8803003F5C6036233C4F8843003F523
:10833000CA036333C4F8883003F16613C4F88C3081
:1083400003F5D2036733C4F8903003F5D6036A33DC
:10835000C4F8943003F16C13C4F8983003F5DE03CD
:108360006E33C4F89C3003F5E4037033C4F8A030D6
:1083700003F5E6037233C4F8A43003F5EC03753358
:10838000C4F8A83003F5F2037733C4F8AC3003F136
:108390007A13C4F8B03003F5FA037C33C4F8B43070
:1083A00003F500037E33C4F8B83003F502038133CC
:1083B000C4F8BC3003F505038333C4F8C03003F5BB
:1083C00008038733C4F8C43003F50A038833C4F8BC
:1083D000C83003F50D038C33C4F8CC3003F510031B
:1083E0008F33C4F8D03003F513039133C4F8D4307D
:1083F00003F515039433C4F8D83003F51903973304
:10840000C4F8DC3003F51C039B33C4F8E03003F5FB
:108410001F039D33C4F8E43003F52203A033C4F8EE
:10842000E83003F52503A433C4F8EC3003F5290341
:10843000A733C4F8F03003F52C03AB33C4F8F430A1
:1084400003F53003AD33C4F8F83042F22633A4F814
:10845000FC304FF40E53A4F8FE3003F1105303F533
:1084600058135A33C4F8003103F53B03B933C4F849
:10847000043103F53E03BC33C4F8083103F542036D
:10848000C033C4F80C3103F54503C433C4F81031CC
:1084900003F54A03C833C4F8143103F54E03CC3353
:1084A000C4F8183103F55203CF33C4F81C3103F577
:1084B0005603D533C4F8203103F55B03D833C4F831
:1084C000243103F55F03DD33C4F8283103F563037A
:1084D000E133C4F82C3103F56803E533C4F83031D7
:1084E00003F56D03EB33C4F8343103F57103EF3357
:1084F000C4F8383103F57603F333C4F83C3103F59F
:108500007B03F933C4F8403103F18073FE33C4F8C0
:10851000443103F1837303F58173C4F8483103F1E7
:10852000857303F58473C4F84C3103F1887303F544
:108530008773C4F8503103F18B7303F58973C4F862
:10854000543103F1012303F5D8131933C4F858311A
:1085500003F1012303F504131D33C4F85C3103F167
:10856000937303F59273C4F860311D4BC4F8643102
:1085700003F1997303F22F13C4F86831194BC4F84F
:108580006C3103F19F7303F23B13C4F8703103F1B4
:10859000A37303F5A173C4F8743103F1A67303F256
:1085A0004913C4F8783103F1A97303F24F13C4F8E7
:1085B0007C3103F1AD7303F5AB73C4F8803103F183
:1085C000B07303F25D13C4F88431074A074B0849BE
:1085D00010E000BF50E1002014C902083C0A560A0E
:1085E000F83A8F3B5D3DFA3D89463D47F447AC483C
:1085F000DF4A9F4BDFF880C1C4E9622303F1BB73FC
:1086000003F5B973C4F890314D4B4E4AC4E9651374
:108610004D4BC4F89C3103F1012303F5150391334D
:10862000C4F8A031494BC4F8A43103F1D37303F269
:10863000A113C4F8A83103F1012303F52D03A933D5
:10864000C4F8AC31424BC4F8B03103F1012303F557
:108650003F03BA33C4F8B43103F1E47303F5E273B2
:10866000C4F8B83103F1E97303F2CD13C4F8BC3197
:1086700003F1012303F55B03D633C4F8C03103F1E2
:10868000F27303F5F073C4F8C43103F1F77303F226
:10869000E913C4F8C83103F1FC7303F2F313C4F80F
:1086A000CC3103F1007303F5003303F2FD13C4F87A
:1086B000D0313846274B284FC4E9757303F10223A4
:1086C00003F508131C33C4F8DC3103F10B7303F515
:1086D0000A73C4F8E03103F10E7303F23223C4F8D5
:1086E000E43103F1117303F23E23C4F8E83103F1DE
:1086F000022303F59E034933C4F8EC31174BC4E958
:108700007CC347F62433A4F8F83147F65F43A4F856
:10871000FA31134BC4F8FC3148F22403A4F80032B8
:10872000104BC4E99263104BC4E994230FF04EFF41
:10873000FFF7C5BA0D4B0E4A0E48212111F042FC3D
:10874000614C244D00040240EA4DB14E1451E351F6
:108750001156ED560469116AF266FA67B778EC793A
:108760009D7DDF7E0002004094880020C0C6020884
:10877000F4C602083CC70208567685772DE9F04119
:1087800003688E4A5B6893422DED088B044640F0E7
:10879000E38090F84C52DDB99FED898A2F46B0EE08
:1087A00048BAF0EE48AAB0EE48AAF0EE489AB0EE09
:1087B000489AF0EE488A2E4694F84D32012B00F08C
:1087C0009D80022B00F0CB80BDEC088BBDE8F081D2
:1087D00007F08CFCB4F8303247F6FF7E5BBA1EFA25
:1087E00083F292B24FF6FD78424507460E4670D8A6
:1087F000B4F8322252BA1EFA82F189B2414568D8E1
:10880000B4F8341249BA1EFA81F080B2404560D8FB
:10881000B4F8380240BA1EFA80F5ADB2454558D8D2
:10882000B4F83A526DBA1EFA85FC1FFA8CFCC445A6
:108830004FD8B4F83CC29CFA9CFC1EFA8CFE1FFA7E
:108840008EFEC64545D81BB208EE903A13B209EE2B
:10885000103A0BB209EE903A03B20AEE103A2BB27C
:108860000AEE903A0FFA8CF30BEE103AB4F8363267
:10887000DFED547A9FED546ADFED546A9FED545A50
:10888000DFED545AB8EECAAAB8EECBBADBBA2AEE7C
:1088900027AA2BEE27BA07EE903AF8EEE77AB3EE66
:1088A000057A77EEC77AF8EEE88A87EE868A0125A0
:1088B000B8EEC99AF8EEE99AF8EEEAAA68EEA68A46
:1088C00029EE059A69EEA69A6AEEA5AA38EE078AFD
:1088D00072E794F84D329FED3A8A012B4FF0000574
:1088E000B0EE48BAF0EE48AAB0EE48AAF0EE489AC8
:1088F000B0EE489AF0EE488A7FF463AF05F0C8FD09
:1089000090F8C9340446002B3FF45EAFD0F8400421
:108910000521F9F7E9FB00287FF456AF04F23C4348
:1089200083ED208AC3ED1A8A83ED1B9AC3ED1C9A4E
:1089300083ED1DAAC3ED1EAA83ED1FBA04F588635B
:10894000C3E9207684F8C854BDEC088BD4F8400401
:10895000BDE8F041F9F7ECBB984705461BE705F089
:1089600097FD90F8D5350446002B3FF42DAFD0F895
:108970004C050521F9F7B8FB00287FF425AF04F575
:10898000A96383ED1FBA83ED208AC3ED1A8A83EDB4
:108990001B9AC3ED1C9A83ED1DAAC3ED1EAA04F514
:1089A000AA63C3E91F7684F8D455BDEC088BD4F8CC
:1089B0004C05BDE8F041F9F7BBBB00BFAD7701083E
:1089C000000000006FA18BB95CEFA64344E91CBB1B
:1089D00044E91C3B6FA18B3930B504468BB025228E
:1089E0000021684611F07AFC94F84D32012B03D037
:1089F000022B24D00BB030BD05F04AFD90F8C934ED
:108A00000446002BF6D0D0F840040521F9F76CFBA2
:108A10000028EFD1EC46BCE80F0004F2A4450FC5D6
:108A2000BCE80F000FC59CE8030045F8040BD4F820
:108A3000400429700BB0BDE83040F9F779BB05F070
:108A400027FD90F8D5350546002BD3D0D0F84C053E
:108A50000521F9F749FB0028CCD16C460FCC05F570
:108A6000B66CACE80F000FCCACE80F0094E8030044
:108A70004CF8040BD5F84C058CF80010DAE700BF71
:108A800010B590F84D2286B00023012ACDE90133BC
:108A9000CDE903338DF8143003D0022A22D006B07A
:108AA00010BD05F0F5FC90F839340446002BF6D0E3
:108AB000D0F8C4030521F9F717FB0028EFD10DF119
:108AC000040EBEE80F0004F5856CACE80F00DEF87C
:108AD0000030D4F8C4038CF8003006B0BDE8104074
:108AE000F9F726BB05F0D4FC90F845350446002B79
:108AF000D5D0D0F8D0040521F9F7F6FA0028CED168
:108B00000DF1040CBCE80F0004F2345EAEE80F0077
:108B1000DCF80030D4F8D0048EF80030DDE700BF78
:108B2000F8B50446FFF758FF2046FFF7A9FFF9F70D
:108B3000E9F90646F9F710FA431C0FD0002307465F
:108B400084F84C32C4F8483210213046F9F7F2F973
:108B5000054620B194F84C32002BF5D0F8BDB4F89E
:108B60004E12D4F850020122F3F7DAFBD4F8540283
:108B7000F3F7B0FC4FF4FA60F9F708FAB4F84E12C4
:108B8000D4F850022A46F3F7CBFBD4F85402F3F79B
:108B9000D9FB4FF4FA70F9F7F9F9236820461B68FE
:108BA000984739463046F9F7C5F994F84C32002B0E
:108BB000CAD0F8BDF0B5012885B063D8FFF76EF8CC
:108BC0003B2305468DF80F30F1F7C8FE314F0646BE
:108BD000D5F8540203689B699A072ED402230093A8
:108BE0000DF10F020123D021F3F78EFCC8B9F1F784
:108BF000B5FE284E0446D5F8540203689B699B07CE
:108C000029D40E2305F50C72D021F4F77FF840B972
:108C1000D5F84832B3F5967F32D80446204605B0E1
:108C2000F0BDD5F848320133B3F5967FC5F8483228
:108C30001FD80124204605B0F0BDF1F78FFE831B3D
:108C4000192BEED83868F9F75FF90228C0D0012057
:108C5000F9F79CF9BCE7F1F781FE001B1928E0D871
:108C60003068F9F751F90228C5D00120F9F78EF9DB
:108C7000C1E701242846FFF753FF204605B0F0BDA9
:108C80000446F7E7044B054A05484FF4FC7111F020
:108C900099F900BF9C65002084BC0208ACC702089B
:108CA0003CC702080128F8B500F24C850C4F397812
:108CB000BFF35B8F11F00106054619D0094F3978D3
:108CC000BFF35B8F11F0010600F0B282064B07483C
:108CD000002D18BF1846BDE8F840FFF74FBD00BF94
:108CE000F0DE0020F4DE002050E10020F8DE00205D
:108CF00038460FF05FFC0028E0D0EA4CEA4B2046F3
:108D0000314640F8043B4FF4007211F0E7FAE74BAC
:108D1000636003F554133433A36003F13613E36047
:108D200003F13713236103F564133833636103F5EB
:108D300068133933A36103F13A13E36103F5701348
:108D40003B33236203F13D13636203F57C133D3330
:108D5000A36203F13F13E36203F14113236303F5BD
:108D600084034133636303F588034333A36303F54B
:108D70008A034433E36303F14613236403F590034A
:108D80004733636403F592034833A36403F5960302
:108D90004A33E36403F598034B33236503F14D1322
:108DA000636503F5A0034F33A36503F15013E36537
:108DB00003F5A6035133236603F15413636603F5E9
:108DC000AC035433A36603F15713E36603F5B20310
:108DD0005833236703F15B13636703F5BA035B330F
:108DE000A36703F5BE035E33E36703F16013C4F8C2
:108DF000803003F5C6036233C4F8843003F5CA0338
:108E00006333C4F8883003F16613C4F88C3003F57B
:108E1000D2036733C4F8903003F5D6036A33C4F83D
:108E2000943003F16C13C4F8983003F5DE036E330D
:108E3000C4F89C3003F5E4037033C4F8A03003F5A4
:108E4000E6037233C4F8A43003F5EC037533C4F8B9
:108E5000A83003F5F2037733C4F8AC3003F17A138A
:108E6000C4F8B03003F5FA037C33C4F8B43003F52A
:108E700000037E33C4F8B83003F502038133C4F82D
:108E8000BC3003F505038333C4F8C03003F5080391
:108E90008733C4F8C43003F50A038833C4F8C830F4
:108EA00003F50D038C33C4F8CC3003F510038F3376
:108EB000C4F8D03003F513039133C4F8D43003F56C
:108EC00015039433C4F8D83003F519039733C4F865
:108ED000DC3003F51C039B33C4F8E03003F51F03BB
:108EE0009D33C4F8E43003F52203A033C4F8E8301E
:108EF00003F52503A433C4F8EC3003F52903A733A5
:108F0000C4F8F03003F52C03AB33C4F8F43003F5A8
:108F10003003AD33C4F8F83042F22633A4F8FC3005
:108F20004FF40E53A4F8FE3003F1105303F5581319
:108F30005A33C4F8003103F53B03B933C4F80431A4
:108F400003F53E03BC33C4F8083103F54203C033D4
:108F5000C4F80C3103F54503C433C4F8103103F5EC
:108F60004A03C833C4F8143103F54E03CC33C4F8B4
:108F7000183103F55203CF33C4F81C3103F55603FF
:108F8000D533C4F8203103F55B03D833C4F824315A
:108F900003F55F03DD33C4F8283103F56303E133E0
:108FA000C4F82C3103F56803E533C4F8303103F518
:108FB0006D03EB33C4F8343103F57103EF33C4F8B8
:108FC000383103F57603F333C4F83C3103F57B0302
:108FD000F933C4F8403103F18073FE33C4F84431EF
:108FE00003F1837303F58173C4F8483103F185738A
:108FF00003F58473C4F84C3103F1887303F5877368
:10900000C4F8503103F18B7303F58973C4F85431FC
:1090100003F1012303F5D8131933C4F8583103F1D0
:10902000012303F504131D33C4F85C3103F193737A
:1090300003F59273C4F860311D4BC4F8643103F139
:10904000997303F22F13C4F868311A4BC4F86C31CA
:1090500003F19F7303F23B13C4F8703103F1A37360
:1090600003F5A173C4F8743103F1A67303F2491335
:10907000C4F8783103F1A97303F24F13C4F87C31BB
:1090800003F1AD7303F5AB73C4F8803103F1B07332
:1090900003F25D13C4F88431DFF824E0064B074A7D
:1090A00010E000BFF8DE002014C902083C0A560A8E
:1090B000F83A8F3B5D3DFA3DF447AC48DF4A9F4BA1
:1090C00089463D474E49C4E962E303F1BB7303F5AA
:1090D000B973C4F890314B4BC4E965234A4BC4F8CB
:1090E0009C3103F1012303F515039133C4F8A0313A
:1090F000464BC4F8A43103F1D37303F2A113C4F8AF
:10910000A83103F1012303F52D03A933C4F8AC31D1
:109110003F4BC4F8B03103F1012303F53F03BA33E9
:10912000C4F8B43103F1E47303F5E273C4F8B83161
:1091300003F1E97303F2CD13C4F8BC3103F1012349
:1091400003F55B03D633C4F8C03103F1F27303F5C2
:10915000F073C4F8C43103F1F77303F2E913C4F8F0
:10916000C83103F1FC7303F2F313C4F8CC3103F1FB
:10917000007303F5003303F2FD13C4F8D031254B1F
:10918000254AC4E9751303F1022303F508131C33C0
:10919000C4F8DC3103F10B7303F50A73C4F8E03152
:1091A00003F10E7303F23223C4F8E43103F11173B7
:1091B00003F23E23C4F8E83103F1022303F59E03D2
:1091C0004933C4F8EC313846144B154FC4E97C736D
:1091D00047F62433A4F8F83147F65F43A4F8FA3190
:1091E000104BC4F8FC3148F22403A4F800320E4BB3
:1091F000C4E992630D4BC4E994230FF0E7F95DE5F0
:10920000F266FA67614C244DEA4DB14E1451E351B8
:109210001156ED560469116A00080240B778EC79DE
:10922000567685779D7DDF7E00010080EC870020EB
:1092300038460FF0BFF900283FF448ADE94CEA4B3F
:109240002046314640F8043B4FF4007211F046F8D6
:10925000E64B636003F554133433A36003F1361314
:10926000E36003F13713236103F56413383363615B
:1092700003F568133933A36103F13A13E36103F58E
:1092800070133B33236203F13D13636203F57C13D8
:109290003D33A36203F13F13E36203F14113236300
:1092A00003F584034133636303F588034333A36306
:1092B00003F58A034433E36303F14613236403F5A0
:1092C00090034733636403F592034833A36403F5C3
:1092D00096034A33E36403F598034B33236503F1A4
:1092E0004D13636503F5A0034F33A36503F15013DA
:1092F000E36503F5A6035133236603F15413636654
:1093000003F5AC035433A36603F15713E36603F587
:10931000B2035833236703F15B13636703F5BA03A2
:109320005B33A36703F5BE035E33E36703F16013AA
:10933000C4F8803003F5C6036233C4F8843003F503
:10934000CA036333C4F8883003F16613C4F88C3061
:1093500003F5D2036733C4F8903003F5D6036A33BC
:10936000C4F8943003F16C13C4F8983003F5DE03AD
:109370006E33C4F89C3003F5E4037033C4F8A030B6
:1093800003F5E6037233C4F8A43003F5EC03753338
:10939000C4F8A83003F5F2037733C4F8AC3003F116
:1093A0007A13C4F8B03003F5FA037C33C4F8B43050
:1093B00003F500037E33C4F8B83003F502038133AC
:1093C000C4F8BC3003F505038333C4F8C03003F59B
:1093D00008038733C4F8C43003F50A038833C4F89C
:1093E000C83003F50D038C33C4F8CC3003F51003FB
:1093F0008F33C4F8D03003F513039133C4F8D4305D
:1094000003F515039433C4F8D83003F519039733E3
:10941000C4F8DC3003F51C039B33C4F8E03003F5DB
:109420001F039D33C4F8E43003F52203A033C4F8CE
:10943000E83003F52503A433C4F8EC3003F5290321
:10944000A733C4F8F03003F52C03AB33C4F8F43081
:1094500003F53003AD33C4F8F83042F22633A4F8F4
:10946000FC304FF40E53A4F8FE3003F1105303F513
:1094700058135A33C4F8003103F53B03B933C4F829
:10948000043103F53E03BC33C4F8083103F542034D
:10949000C033C4F80C3103F54503C433C4F81031AC
:1094A00003F54A03C833C4F8143103F54E03CC3333
:1094B000C4F8183103F55203CF33C4F81C3103F557
:1094C0005603D533C4F8203103F55B03D833C4F811
:1094D000243103F55F03DD33C4F8283103F563035A
:1094E000E133C4F82C3103F56803E533C4F83031B7
:1094F00003F56D03EB33C4F8343103F57103EF3337
:10950000C4F8383103F57603F333C4F83C3103F57E
:109510007B03F933C4F8403103F18073FE33C4F8A0
:10952000443103F1837303F58173C4F8483103F1C7
:10953000857303F58473C4F84C3103F1887303F524
:109540008773C4F8503103F18B7303F58973C4F842
:10955000543103F1012303F5D8131933C4F85831FA
:1095600003F1012303F504131D33C4F85C3103F147
:10957000937303F59273C4F860311D4BC4F86431E2
:1095800003F1997303F22F13C4F86831194BC4F82F
:109590006C3103F19F7303F23B13C4F8703103F194
:1095A000A37303F5A173C4F8743103F1A67303F236
:1095B0004913C4F8783103F1A97303F24F13C4F8C7
:1095C0007C3103F1AD7303F5AB73C4F8803103F163
:1095D000B07303F25D13C4F88431074A074B08499E
:1095E00010E000BF50E1002014C902083C0A560AEE
:1095F000F83A8F3B5D3DFA3D89463D47F447AC481C
:10960000DF4A9F4BDFF884C1C4E9622303F1BB73D7
:1096100003F5B973C4F890314E4B4F4AC4E9651352
:109620004E4BC4F89C3103F1012303F5150391332C
:10963000C4F8A0314A4BC4F8A43103F1D37303F248
:10964000A113C4F8A83103F1012303F52D03A933B5
:10965000C4F8AC31434BC4F8B03103F1012303F536
:109660003F03BA33C4F8B43103F1E47303F5E27392
:10967000C4F8B83103F1E97303F2CD13C4F8BC3177
:1096800003F1012303F55B03D633C4F8C03103F1C2
:10969000F27303F5F073C4F8C43103F1F77303F206
:1096A000E913C4F8C83103F1FC7303F2F313C4F8EF
:1096B000CC3103F1007303F5003303F2FD13C4F85A
:1096C000D0313846284B294FC4E9757303F1022382
:1096D00003F508131C33C4F8DC3103F10B7303F5F5
:1096E0000A73C4F8E03103F10E7303F23223C4F8B5
:1096F000E43103F1117303F23E23C4F8E83103F1BE
:10970000022303F59E034933C4F8EC31184BC4E936
:109710007CC347F62433A4F8F83147F65F43A4F836
:10972000FA31144BC4F8FC3148F22403A4F8003297
:10973000114BC4E99263114BC4E994230EF046FF28
:10974000FFF7C4BA0E4B0F4A0F4840F2062110F043
:1097500039FC00BF614C244D00040240EA4DB14E7B
:109760001451E3511156ED560469116AF266FA6715
:10977000B778EC799D7DDF7E000200409488002060
:1097800084BC0208D8C702083CC702085676857711
:109790000128F8B535D8FEF781FA0546F1F7DEF86D
:1097A0001B4F0646D5F8540203689B699B0711D4EA
:1097B000092305F23E22C621F3F7A8FAE8B1D5F84D
:1097C000483201330124C5F84832B3F5967F0FD8EB
:1097D0002046F8BDF1F7C2F8831B192BEFD8386883
:1097E000F8F792FB0228DDD00120F8F7CFFBD9E78C
:1097F0002846FFF795F92046F8BDD5F848320446CB
:10980000E3E7044B044A05484FF4057110F0DAFB16
:109810009C65002084BC020804C802083CC70208FA
:10982000F0B5012885B055D82E4D2B78BFF35B8F4E
:10983000D907044634D52C4D2B78BFF35B8FDA075C
:109840003BD52A4A2A4D2B4F4DF67073002C18BF7A
:109850001546ADF80C30F1F781F80646D5F85402FC
:1098600003689B699B070AD40223009303AAC621BD
:10987000F2F74AFE003818BF012005B0F0BDF1F73D
:109880006DF8801B192808D83868F8F73DFB0228C6
:10989000E4D00120F8F77AFBE0E7012005B0F0BD45
:1098A00028460EF087FE0028C5D001211048FDF79C
:1098B00081FF28460EF08AFEBDE728460EF07AFEAC
:1098C0000028BED002210948FDF774FF28460EF09B
:1098D0007DFEB6E7084B094A09484FF4097110F0BC
:1098E00071FB00BFF0DE0020F4DE002050E100201C
:1098F000F8DE00209C65002084BC020838C80208FD
:109900003CC70208F0B501288BB000F20083174C69
:109910002378BFF35B8FDB0705461AD5144F3978E0
:10992000BFF35B8F11F0010628D0124B124C002DB3
:1099300018BF1C4625220021684610F0CFFC94F881
:109940004D32012B00F0A182022B00F0C1820BB03E
:10995000F0BD20460EF02EFE0028DFD00121064883
:10996000FDF728FF20460EF031FED7E7F0DE00209D
:10997000F4DE002050E10020F8DE002038460EF032
:1099800019FE0028D1D0E94CE94B2046314640F879
:10999000043B4FF4007210F0A1FCE64B636003F54A
:1099A00054133433A36003F13613E36003F1371328
:1099B000236103F564133833636103F568133933A6
:1099C000A36103F13A13E36103F570133B332362A0
:1099D00003F13D13636203F57C133D33A36203F18E
:1099E0003F13E36203F14113236303F5840341331F
:1099F000636303F588034333A36303F58A034433A6
:109A0000E36303F14613236403F590034733636470
:109A100003F592034833A36403F596034A33E364E2
:109A200003F598034B33236503F14D13636503F589
:109A3000A0034F33A36503F15013E36503F5A603B9
:109A40005133236603F15413636603F5AC035433B7
:109A5000A36603F15713E36603F5B2035833236794
:109A600003F15B13636703F5BA035B33A36703F585
:109A7000BE035E33E36703F16013C4F8803003F57F
:109A8000C6036233C4F8843003F5CA036333C4F8F1
:109A9000883003F16613C4F88C3003F5D2036733C2
:109AA000C4F8903003F5D6036A33C4F8943003F158
:109AB0006C13C4F8983003F5DE036E33C4F89C30A1
:109AC00003F5E4037033C4F8A03003F5E603723302
:109AD000C4F8A43003F5EC037533C4F8A83003F5DB
:109AE000F2037733C4F8AC3003F17A13C4F8B03022
:109AF00003F5FA037C33C4F8B43003F500037E3376
:109B0000C4F8B83003F502038133C4F8BC3003F560
:109B100005038333C4F8C03003F508038733C4F862
:109B2000C43003F50A038833C4F8C83003F50D03C5
:109B30008C33C4F8CC3003F510038F33C4F8D03025
:109B400003F513039133C4F8D43003F515039433AC
:109B5000C4F8D83003F519039733C4F8DC3003F5A3
:109B60001C039B33C4F8E03003F51F039D33C4F896
:109B7000E43003F52203A033C4F8E83003F52503ED
:109B8000A433C4F8EC3003F52903A733C4F8F0304C
:109B900003F52C03AB33C4F8F43003F53003AD33D5
:109BA000C4F8F83042F22633A4F8FC304FF40E53D8
:109BB000A4F8FE3003F1105303F558135A33C4F8D8
:109BC000003103F53B03B933C4F8043103F53E0318
:109BD000BC33C4F8083103F54203C033C4F80C3178
:109BE00003F54503C433C4F8103103F54A03C83301
:109BF000C4F8143103F54E03CC33C4F8183103F51F
:109C00005203CF33C4F81C3103F55603D533C4F8DF
:109C1000203103F55B03D833C4F8243103F55F0327
:109C2000DD33C4F8283103F56303E133C4F82C3184
:109C300003F56803E533C4F8303103F56D03EB3306
:109C4000C4F8343103F57103EF33C4F8383103F548
:109C50007603F333C4F83C3103F57B03F933C4F8DE
:109C6000403103F18073FE33C4F8443103F1837350
:109C700003F58173C4F8483103F1857303F58473E8
:109C8000C4F84C3103F1887303F58773C4F850317D
:109C900003F18B7303F58973C4F8543103F1012385
:109CA00003F5D8131933C4F8583103F1012303F530
:109CB00004131D33C4F85C3103F1937303F59273FD
:109CC000C4F860311C4BC4F8643103F1997303F29A
:109CD0002F13C4F86831194BC4F86C3103F19F732A
:109CE00003F23B13C4F8703103F1A37303F5A173BE
:109CF000C4F8743103F1A67303F24913C4F8783140
:109D000003F1A97303F24F13C4F87C3103F1AD736F
:109D100003F5AB73C4F8803103F1B07303F25D1344
:109D2000C4F88431064A074B07490FE050E1002090
:109D300014C902083C0A560AF83A8F3B5D3DFA3DC9
:109D400089463D47F447AC48DF4A9F4BDFF804C2E1
:109D5000C4E9622303F1BB7303F5B973C4F890310E
:109D60006E4B6F4AC4E965136E4BC4F89C3103F126
:109D7000012303F515039133C4F8A0316A4BC4F8ED
:109D8000A43103F1D37303F2A113C4F8A83103F192
:109D9000012303F52D03A933C4F8AC31634BC4F898
:109DA000B03103F1012303F53F03BA33C4F8B431F2
:109DB00003F1E47303F5E273C4F8B83103F1E97316
:109DC00003F2CD13C4F8BC3103F1012303F55B03A7
:109DD000D633C4F8C03103F1F27303F5F073C4F85D
:109DE000C43103F1F77303F2E913C4F8C83103F186
:109DF000FC7303F2F313C4F8CC3103F1007303F5E1
:109E0000003303F2FD13C4F8D0313846484B494FB4
:109E1000C4E9757303F1022303F508131C33C4F876
:109E2000DC3103F10B7303F50A73C4F8E03103F17D
:109E30000E7303F23223C4F8E43103F1117303F219
:109E40003E23C4F8E83103F1022303F59E034933AE
:109E5000C4F8EC31384BC4E97CC347F62433A4F88A
:109E6000F83147F65F43A4F8FA31344BC4F8FC31BB
:109E700048F22403A4F80032314BC4E99263314B19
:109E8000C4E994230EF0A2FB4FE504F001FB90F827
:109E9000C9340446002B3FF45AADD0F840040521E4
:109EA000F8F722F900287FF452AD6E460FCE04F287
:109EB000A4450FC50FCE0FC596E8030045F8040B67
:109EC000D4F8400429700BB0BDE8F040F8F730B981
:109ED00004F0DEFA90F8D5350546002B3FF437AD97
:109EE000D0F84C050521F8F7FFF800287FF42FADD6
:109EF0006C460FCC05F5B6660FC60FCC0FC694E8BE
:109F0000030046F8040BD5F84C053170DBE70E4B27
:109F10000E4A0F4840F23F2110F054F8614C244D96
:109F200000040240EA4DB14E1451E3511156ED5672
:109F30000469116AF266FA67B778EC799D7DDF7E75
:109F4000000200409488002084BC020870C8020807
:109F50003CC7020856768577F0B5012887B000F235
:109F6000F882184C2378BFF35B8FDB0705461CD5BE
:109F7000154F3978BFF35B8F11F001062AD0134BD0
:109F8000134A002D18BF1A46002392F84D228DF86F
:109F90001430012ACDE90133CDE9033300F0A18269
:109FA000022A00F0BC8207B0F0BD20460EF002FB92
:109FB0000028DDD001210648FDF7FCFB20460EF00D
:109FC00005FBD5E7F0DE0020F4DE002050E10020A4
:109FD000F8DE002038460EF0EDFA0028CFD0E94C2C
:109FE000E94B2046314640F8043B4FF4007210F034
:109FF00075F9E64B636003F554133433A36003F142
:10A000003613E36003F13713236103F56413383328
:10A01000636103F568133933A36103F13A13E36114
:10A0200003F570133B33236203F13D13636203F5C1
:10A030007C133D33A36203F13F13E36203F1411349
:10A04000236303F584034133636303F588034333D8
:10A05000A36303F58A034433E36303F146132364E4
:10A0600003F590034733636403F592034833A36415
:10A0700003F596034A33E36403F598034B332365F2
:10A0800003F14D13636503F5A0034F33A36503F19B
:10A090005013E36503F5A6035133236603F154130C
:10A0A000636603F5AC035433A36603F15713E36609
:10A0B00003F5B2035833236703F15B13636703F5BA
:10A0C000BA035B33A36703F5BE035E33E36703F1B3
:10A0D0006013C4F8803003F5C6036233C4F88430DB
:10A0E00003F5CA036333C4F8883003F16613C4F878
:10A0F0008C3003F5D2036733C4F8903003F5D603F0
:10A100006A33C4F8943003F16C13C4F8983003F543
:10A11000DE036E33C4F89C3003F5E4037033C4F8F7
:10A12000A03003F5E6037233C4F8A43003F5EC0362
:10A130007533C4F8A83003F5F2037733C4F8AC30B4
:10A1400003F17A13C4F8B03003F5FA037C33C4F892
:10A15000B43003F500037E33C4F8B83003F50203CE
:10A160008133C4F8BC3003F505038333C4F8C03031
:10A1700003F508038733C4F8C43003F50A038833B2
:10A18000C4F8C83003F50D038C33C4F8CC3003F5A4
:10A1900010038F33C4F8D03003F513039133C4F8A0
:10A1A000D43003F515039433C4F8D83003F51903FC
:10A1B0009733C4F8DC3003F51C039B33C4F8E0305C
:10A1C00003F51F039D33C4F8E43003F52203A033E5
:10A1D000C4F8E83003F52503A433C4F8EC3003F5E4
:10A1E0002903A733C4F8F03003F52C03AB33C4F8CC
:10A1F000F43003F53003AD33C4F8F83042F22633BF
:10A20000A4F8FC304FF40E53A4F8FE3003F11053C1
:10A2100003F558135A33C4F8003103F53B03B9333F
:10A22000C4F8043103F53E03BC33C4F8083103F528
:10A230004203C033C4F80C3103F54503C433C4F8FA
:10A24000103103F54A03C833C4F8143103F54E0343
:10A25000CC33C4F8183103F55203CF33C4F81C31A2
:10A2600003F55603D533C4F8203103F55B03D83327
:10A27000C4F8243103F55F03DD33C4F8283103F556
:10A280006303E133C4F82C3103F56803E533C4F804
:10A29000303103F56D03EB33C4F8343103F571034A
:10A2A000EF33C4F8383103F57603F333C4F83C31A7
:10A2B00003F57B03F933C4F8403103F18073FE33B7
:10A2C000C4F8443103F1837303F58173C4F8483152
:10A2D00003F1857303F58473C4F84C3103F188737B
:10A2E00003F58773C4F8503103F18B7303F5897359
:10A2F000C4F8543103F1012303F5D8131933C4F81A
:10A30000583103F1012303F504131D33C4F85C3104
:10A3100003F1937303F59273C4F860311C4BC4F8D6
:10A32000643103F1997303F22F13C4F86831194BA8
:10A33000C4F86C3103F19F7303F23B13C4F870311E
:10A3400003F1A37303F5A173C4F8743103F1A67389
:10A3500003F24913C4F8783103F1A97303F24F13E0
:10A36000C4F87C3103F1AD7303F5AB73C4F88031ED
:10A3700003F1B07303F25D13C4F88431064A074B4E
:10A3800007490FE050E1002014C902083C0A560AB0
:10A39000F83A8F3B5D3DFA3D89463D47F447AC486E
:10A3A000DF4A9F4BDFF8F0C1C4E9622303F1BB73BE
:10A3B00003F5B973C4F89031694B6A4AC4E965136F
:10A3C000694BC4F89C3103F1012303F51503913364
:10A3D000C4F8A031654BC4F8A43103F1D37303F280
:10A3E000A113C4F8A83103F1012303F52D03A93308
:10A3F000C4F8AC315E4BC4F8B03103F1012303F56E
:10A400003F03BA33C4F8B43103F1E47303F5E273E4
:10A41000C4F8B83103F1E97303F2CD13C4F8BC31C9
:10A4200003F1012303F55B03D633C4F8C03103F114
:10A43000F27303F5F073C4F8C43103F1F77303F258
:10A44000E913C4F8C83103F1FC7303F2F313C4F841
:10A45000CC3103F1007303F5003303F2FD13C4F8AC
:10A46000D0313846434B444FC4E9757303F102239E
:10A4700003F508131C33C4F8DC3103F10B7303F547
:10A480000A73C4F8E03103F10E7303F23223C4F807
:10A49000E43103F1117303F23E23C4F8E83103F110
:10A4A000022303F59E034933C4F8EC31334BC4E96E
:10A4B0007CC347F62433A4F8F83147F65F43A4F889
:10A4C000FA312F4BC4F8FC3148F22403A4F80032CF
:10A4D0002C4BC4E992632C4BC4E994230EF076F81C
:10A4E0004DE503F0D5FF90F839340446002B3FF4D6
:10A4F0005AADD0F8C4030521F7F7F6FD00287FF424
:10A5000052AD01AE0FCE04F585650FC53368D4F8A2
:10A51000C4032B7007B0BDE8F040F7F709BE03F0A5
:10A52000B7FF90F845350546002B3FF43CADD0F819
:10A53000D0040521F7F7D8FD00287FF434AD01AC35
:10A540000FCC05F234560FC62368D5F8D00433700B
:10A55000E0E70E4B0E4A0F4840F24D210FF032FD5E
:10A56000614C244D00040240EA4DB14E1451E351B8
:10A570001156ED560469116AF266FA67B778EC79FC
:10A580009D7DDF7E000200409488002084BC02088C
:10A59000A4C802083CC7020856768577F0B585B096
:10A5A0004CF6EF0304460F46ADF80C30F0F7D6F941
:10A5B0008C4E0546D4F8540203689B699A0700F153
:10A5C00091800223009303AAC621F1F79DFF002882
:10A5D00040F08580F0F7C2F9824E0546D4F8540267
:10A5E00003689B699B0700F18D800223009303AAF7
:10A5F0000323C621F2F71AF9002870D19DF80C2028
:10A60000D2431006D3B200F18D805A00D3B252B2B9
:10A61000002AC0F28F805A00D3B252B2002AC0F290
:10A6200091805A00D3B252B2002AC0F293805A00ED
:10A63000D3B252B2002AC0F295805A00D3B252B2BD
:10A64000002AC0F297805A00D3B252B2002AC0F258
:10A6500099805A00D3B252B2002A4FEA4303B8BFDE
:10A6600083F031039DF80D20DBB25340190600F151
:10A67000B3805900CBB249B20029C0F2A78059007B
:10A68000CBB249B20029C0F29B805900CBB249B28B
:10A690000029C0F28F805900CBB249B20029C0F224
:10A6A00083805900CBB249B2002977DB5900CBB285
:10A6B00049B200296CDB5900CBB249B200294FEAFC
:10A6C0004303B8BF83F031039DF80E10DBB299420B
:10A6D00005D102F03F0201203A7005B0F0BD002024
:10A6E00005B0F0BDF0F73AF9431B192BF7D83068E5
:10A6F000F7F70AFC02284FF001003FF45BAFF7F7D1
:10A7000045FC57E7F0F72AF9401B1928E7D83068CD
:10A71000F7F7FAFB02284FF001003FF45FAFF7F7BD
:10A7200035FC5BE75B0083F031035AB2002ADBB2F1
:10A73000BFF671AF5B0083F031035AB2002ADBB27F
:10A74000BFF66FAF5B0083F031035AB2002ADBB271
:10A75000BFF66DAF5B0083F031035AB2002ADBB263
:10A76000BFF66BAF5B0083F031035AB2002ADBB255
:10A77000BFF669AF5B0083F031035AB2002ADBB247
:10A78000BFF667AF5B0083F031035AB2DBB263E719
:10A790005B0083F0310359B2DBB28FE75B0083F0DB
:10A7A000310359B2DBB284E75B0083F0310359B265
:10A7B000DBB279E75B0083F0310359B2DBB26DE7BE
:10A7C0005B0083F0310359B2DBB261E75B0083F0D9
:10A7D000310359B2DBB255E75B0083F0310359B264
:10A7E000DBB249E79C6500202DE9F04389B00023E6
:10A7F000B549ADF81C309C22CDE9053304460291E1
:10A800008DF80C20F0F7AAF8B04E0546D4F85402A3
:10A8100003689B69990700F1C7800223009302AA8D
:10A820000523C621F1F770FE002840F0B980A74D3E
:10A8300004F5017704F505784FF2C77995E0022316
:10A84000009302AAC621F1F75FFE002840F0A8801D
:10A85000F0F784F80646D4F8540203689B699B0716
:10A8600000F1B2800523009305AA0323C621F1F766
:10A87000DDFF002840F094809DF81420D24311069B
:10A88000D3B200F1CC805A00D3B252B2002AC0F247
:10A89000CE805A00D3B252B2002AC0F2D0805A0001
:10A8A000D3B252B2002AC0F2D2805A00D3B252B20E
:10A8B000002AC0F2D4805A00D3B252B2002AC0F2A9
:10A8C000D6805A00D3B252B2002AC0F2D8805A00C1
:10A8D000D3B252B2002ABDF8142052BA4FEA430351
:10A8E00092B2B8BF83F0310307EE902A9DF815208D
:10A8F000DBB253401A0600F1FB805A00D3B252B2C9
:10A90000002AC0F2EF805A00D3B252B2002AC0F23D
:10A91000D4805A00D3B252B2002AC0F2C8805A0082
:10A92000D3B252B2002AC0F2BC805A00D3B252B2A3
:10A93000002AC0F2B0805A00D3B252B2002AC0F24C
:10A94000A4805A00D3B252B2002A4FEA4303B8BFE0
:10A9500083F031039DF81620DBB29A4220D1F8EE45
:10A96000E77AE7EC017A47453ED0ADF80890EFF77B
:10A97000F5FF0646D4F8540203689B699A077FF5F1
:10A980005EAFEFF7EBFF801B192809D82868F7F7AF
:10A99000BBFA02284FF00100ECD0F7F7F7FAE9E72D
:10A9A000002009B0BDE8F083EFF7D8FF431B192B57
:10A9B000F6D83068F7F7A8FA02284FF001003FF404
:10A9C00025AFF7F7E3FA21E7EFF7C8FF801B192857
:10A9D000E6D82868F7F798FA02284FF001003FF40C
:10A9E0003AAFF7F7D3FA36E739493A4A3A483B4B98
:10A9F000C4F814123A49C4F81822C4F81C024FF0E3
:10AA00004E52C4F8203201204FF08A43C4F8241279
:10AA1000C4F82822C4F82C3209B0BDE8F0835B00EA
:10AA200083F031035AB2002ADBB2BFF632AF5B00CB
:10AA300083F031035AB2002ADBB2BFF630AF5B00BD
:10AA400083F031035AB2002ADBB2BFF62EAF5B00AF
:10AA500083F031035AB2002ADBB2BFF62CAF5B00A1
:10AA600083F031035AB2002ADBB2BFF62AAF5B0093
:10AA700083F031035AB2002ADBB2BFF628AF5B0085
:10AA800083F031035AB2DBB224E75B0083F0310379
:10AA90005AB2DBB258E75B0083F031035AB2DBB243
:10AAA0004CE75B0083F031035AB2DBB240E75B0056
:10AAB00083F031035AB2DBB234E75B0083F0310339
:10AAC0005AB2DBB228E700BFC59500669C6500203E
:10AAD00000C82F4700409C470014CD470000604A43
:10AAE0000000384B5B0083F031035AB2DBB20DE754
:10AAF0005B0083F031035AB2DBB201E7A2F5004CF0
:10AB000005EE10CAD0ED827A90ED832A90ED8A1A74
:10AB100090ED814A90ED8B0AD0ED840AD0ED894A00
:10AB200090ED887AD0ED866A90ED873A90ED856A4F
:10AB30000098B8EEC55A76EEC35A65EE277A25EE30
:10AB4000022A67EE857A22EE052A25EE044A67EE90
:10AB5000817AE1EE024AE0EE207A24EE055A76EEA2
:10AB6000661AA5EE017A27EEA45A27EE272A25EECB
:10AB7000255A67EE255AA2EE215AE4EEA15A33EE89
:10AB8000463A67EE244AE7EE835AA4EE835A76EEFD
:10AB9000C62A85EE253A66EEE76A77EE677AE7EE33
:10ABA000066A03EE901AE2EEC36AF8EE633A86EEA6
:10ABB000A75A37EE037A36EE456A73EE833A26EEED
:10ABC000077A04EE102AC7EE237ADFED084A9FEDDC
:10ABD000082AB8EE444AF0EE645AE4EE025A77EEE0
:10ABE000857AC3ED007AC0ED005A7047000034C288
:10ABF00000002F3B2DE9F04F90F83E1290F84022D4
:10AC0000C943044600F23E25080685B0CBB26CD499
:10AC10005900CBB249B200296EDB5900CBB249B220
:10AC2000002970DB5900CBB249B2002972DB590010
:10AC3000CBB249B2002974DB5900CBB249B200292A
:10AC400076DB5900CBB249B2002978DB5900CBB290
:10AC500049B200294FEA430394F83F12B8BF83F08A
:10AC60003103DBB24B40190600F193805900CBB29F
:10AC700049B20029C0F287805900CBB249B20029FD
:10AC80007BDB5900CBB249B2002970DB5900CBB253
:10AC900049B2002965DB5900CBB249B200295ADB21
:10ACA0005900CBB249B200294FDB5900CBB249B2AF
:10ACB0005B000029B8BF83F03103DBB29A426ED04B
:10ACC00000260027B146B046BA4694F84D32012B13
:10ACD00000F05981022B00F078810023C4F83E3245
:10ACE0006B602B7205B0BDE8F08F5B0083F0310321
:10ACF00059B20029DBB290DA5B0083F0310359B21C
:10AD00000029DBB28EDA5B0083F0310359B20029EF
:10AD1000DBB28CDA5B0083F0310359B20029DBB27D
:10AD20008ADA5B0083F0310359B20029DBB288DA9A
:10AD30005B0083F0310359B20029DBB286DA5B0095
:10AD400083F0310359B2DBB283E75B0083F0310358
:10AD500059B2DBB2ACE75B0083F0310359B2DBB22E
:10AD6000A1E75B0083F0310359B2DBB296E75B00E9
:10AD700083F0310359B2DBB28BE75B0083F0310320
:10AD800059B2DBB280E75B0083F0310359B2DBB22A
:10AD900075E75B0083F0310359B2DBB269E794F8E1
:10ADA000410294F84312C2431706D3B200F15C810A
:10ADB0005A00D3B252B2002A4FEA4303C0F22581AF
:10ADC000DAB25BB2002BC0F227815200D3B252B28A
:10ADD000002A4FEA4303C0F22981DAB25BB2002BAA
:10ADE000C0F22B815200D3B252B2002A4FEA430381
:10ADF000C0F22D81DAB25BB2002BC0F22F8152007B
:10AE0000D3B252B2002A4FEA4303B8BF83F03103F2
:10AE100094F84222DBB253401E0600F14F815E00DF
:10AE2000F3B276B2002EC0F243815E00F3B276B286
:10AE3000002EC0F237815E00F3B276B2002EC0F26F
:10AE40002B815E00F3B276B2002EC0F21F815E004D
:10AE5000F3B276B2002EC0F213815E00F3B276B286
:10AE6000002EC0F207815E00F3B276B25B00002EC6
:10AE7000B8BF83F03103DBB299427FF421AF94F87D
:10AE8000441294F846C2CB431F06DEB200F146815D
:10AE90007600F3B276B2002EC0F24C815E00F3B2BF
:10AEA00076B2002EC0F240815E00F3B276B2002E80
:10AEB000C0F258815E00F3B276B2002EC0F24C812F
:10AEC0005E00F3B276B2002EC0F240815E00F3B2B3
:10AED00076B2002EC0F234815E00F3B276B2002E5C
:10AEE0004FEA430394F84562B8BF83F03103DBB205
:10AEF00073401E0600F106815E00F3B276B2002EAA
:10AF0000C0F2FA805E00F3B276B2002EC0F2EE809C
:10AF10005E00F3B276B2002EC0F2E2805E00F3B2C1
:10AF200076B2002EC0F2D6805E00F3B276B2002E6A
:10AF3000C0F2CA805E00F3B276B2002EC0F2E880A2
:10AF40005E00F3B276B25B00002EB8BF83F031032F
:10AF5000DBB29C457FF4B4AE120242EA004003AA81
:10AF60000092B4F83E2252BA014302AB92B220469C
:10AF7000FFF7C4FD039FDDF808A005F0B7F8012630
:10AF800081468846A1E603F083FA90F83934834677
:10AF9000002B3FF4A2AED0F8C4030521F7F7A4F8C4
:10AFA00000287FF49AAE0BF58563DBF8C403C3F881
:10AFB00000A00BF22C431F60CBF83094CBF8348404
:10AFC0008BF83864F7F7B4F887E603F061FA90F885
:10AFD00045358346002B3FF480AED0F8D0040521E0
:10AFE000F7F782F800287FF478AE0BF2CC42DBF85A
:10AFF000D004C2F868A0D766CBF83C95CBF8408562
:10B000008BF84465F7F794F867E683F0310253B2A2
:10B01000002BD2B2BFF6D9AE530083F031035AB23F
:10B02000002ADBB24FEA4303BFF6D7AE83F031020A
:10B0300053B2002BD2B2BFF6D5AE530083F031032A
:10B040005AB2002ADBB24FEA4303BFF6D3AE83F015
:10B05000310253B2002BD2B2BFF6D1AE530083F00F
:10B0600031035AB2DBB2CDE65B0083F031035AB252
:10B07000DBB2A0E65B0083F031035EB2DBB2F5E643
:10B080005B0083F031035EB2DBB2E9E65B0083F084
:10B0900031035EB2DBB2DDE65B0083F031035EB20A
:10B0A000DBB2D1E65B0083F031035EB2DBB2C5E612
:10B0B0005B0083F031035EB2DBB2B9E65B0083F084
:10B0C00031035EB2DBB2ADE65B0083F031035EB20A
:10B0D000DBB232E75B0083F031035EB2DBB226E71E
:10B0E0005B0083F031035EB2DBB21AE75B0083F0F2
:10B0F00031035EB2DBB20EE75B0083F031035EB278
:10B10000DBB202E75B0083F031035EB2DBB2F6E64E
:10B110005B0083F031035EB2DBB214E7730083F0AF
:10B1200031035EB2DBB2B6E65B0083F031035EB2A0
:10B13000DBB2BCE65B0083F031035EB2DBB2B0E6AB
:10B140005B0083F031035EB2DBB2C8E65B0083F0E4
:10B1500031035EB2DBB2BCE65B0083F031035EB26A
:10B16000DBB2B0E65B0083F031035EB2DBB2A4E693
:10B170000128F8B500F24C850C4F3978BFF35B8F8E
:10B1800011F00106054619D0094F3978BFF35B8FDE
:10B1900011F0010600F0B282064B0748002D18BFDF
:10B1A0001846BDE8F840FFF725BD00BFF0DE0020DF
:10B1B000F4DE002050E10020F8DE002038460DF0DB
:10B1C000F9F90028E0D0EA4CEA4B2046314640F835
:10B1D000043B4FF400720FF081F8E74B636003F516
:10B1E00054133433A36003F13613E36003F13713D0
:10B1F000236103F564133833636103F5681339334E
:10B20000A36103F13A13E36103F570133B33236247
:10B2100003F13D13636203F57C133D33A36203F135
:10B220003F13E36203F14113236303F584034133C6
:10B23000636303F588034333A36303F58A0344334D
:10B24000E36303F14613236403F590034733636418
:10B2500003F592034833A36403F596034A33E3648A
:10B2600003F598034B33236503F14D13636503F531
:10B27000A0034F33A36503F15013E36503F5A60361
:10B280005133236603F15413636603F5AC0354335F
:10B29000A36603F15713E36603F5B203583323673C
:10B2A00003F15B13636703F5BA035B33A36703F52D
:10B2B000BE035E33E36703F16013C4F8803003F527
:10B2C000C6036233C4F8843003F5CA036333C4F899
:10B2D000883003F16613C4F88C3003F5D20367336A
:10B2E000C4F8903003F5D6036A33C4F8943003F100
:10B2F0006C13C4F8983003F5DE036E33C4F89C3049
:10B3000003F5E4037033C4F8A03003F5E6037233A9
:10B31000C4F8A43003F5EC037533C4F8A83003F582
:10B32000F2037733C4F8AC3003F17A13C4F8B030C9
:10B3300003F5FA037C33C4F8B43003F500037E331D
:10B34000C4F8B83003F502038133C4F8BC3003F508
:10B3500005038333C4F8C03003F508038733C4F80A
:10B36000C43003F50A038833C4F8C83003F50D036D
:10B370008C33C4F8CC3003F510038F33C4F8D030CD
:10B3800003F513039133C4F8D43003F51503943354
:10B39000C4F8D83003F519039733C4F8DC3003F54B
:10B3A0001C039B33C4F8E03003F51F039D33C4F83E
:10B3B000E43003F52203A033C4F8E83003F5250395
:10B3C000A433C4F8EC3003F52903A733C4F8F030F4
:10B3D00003F52C03AB33C4F8F43003F53003AD337D
:10B3E000C4F8F83042F22633A4F8FC304FF40E5380
:10B3F000A4F8FE3003F1105303F558135A33C4F880
:10B40000003103F53B03B933C4F8043103F53E03BF
:10B41000BC33C4F8083103F54203C033C4F80C311F
:10B4200003F54503C433C4F8103103F54A03C833A8
:10B43000C4F8143103F54E03CC33C4F8183103F5C6
:10B440005203CF33C4F81C3103F55603D533C4F887
:10B45000203103F55B03D833C4F8243103F55F03CF
:10B46000DD33C4F8283103F56303E133C4F82C312C
:10B4700003F56803E533C4F8303103F56D03EB33AE
:10B48000C4F8343103F57103EF33C4F8383103F5F0
:10B490007603F333C4F83C3103F57B03F933C4F886
:10B4A000403103F18073FE33C4F8443103F18373F8
:10B4B00003F58173C4F8483103F1857303F5847390
:10B4C000C4F84C3103F1887303F58773C4F8503125
:10B4D00003F18B7303F58973C4F8543103F101232D
:10B4E00003F5D8131933C4F8583103F1012303F5D8
:10B4F00004131D33C4F85C3103F1937303F59273A5
:10B50000C4F860311D4BC4F8643103F1997303F240
:10B510002F13C4F868311A4BC4F86C3103F19F73D0
:10B5200003F23B13C4F8703103F1A37303F5A17365
:10B53000C4F8743103F1A67303F24913C4F87831E7
:10B5400003F1A97303F24F13C4F87C3103F1AD7317
:10B5500003F5AB73C4F8803103F1B07303F25D13EC
:10B56000C4F88431DFF824E0064B074A10E000BF3E
:10B57000F8DE002014C902083C0A560AF83A8F3B4C
:10B580005D3DFA3DF447AC48DF4A9F4B89463D4755
:10B590004E49C4E962E303F1BB7303F5B973C4F820
:10B5A00090314B4BC4E965234A4BC4F89C3103F1FD
:10B5B000012303F515039133C4F8A031464BC4F8B9
:10B5C000A43103F1D37303F2A113C4F8A83103F13A
:10B5D000012303F52D03A933C4F8AC313F4BC4F864
:10B5E000B03103F1012303F53F03BA33C4F8B4319A
:10B5F00003F1E47303F5E273C4F8B83103F1E973BE
:10B6000003F2CD13C4F8BC3103F1012303F55B034E
:10B61000D633C4F8C03103F1F27303F5F073C4F804
:10B62000C43103F1F77303F2E913C4F8C83103F12D
:10B63000FC7303F2F313C4F8CC3103F1007303F588
:10B64000003303F2FD13C4F8D031254B254AC4E979
:10B65000751303F1022303F508131C33C4F8DC311E
:10B6600003F10B7303F50A73C4F8E03103F10E73B1
:10B6700003F23223C4F8E43103F1117303F23E23E1
:10B68000C4F8E83103F1022303F59E034933C4F8FB
:10B69000EC313846144B154FC4E97C7347F624331C
:10B6A000A4F8F83147F65F43A4F8FA31104BC4F818
:10B6B000FC3148F22403A4F800320E4BC4E9926333
:10B6C0000D4BC4E994230CF081FF5DE5F266FA6747
:10B6D000614C244DEA4DB14E1451E3511156ED56D3
:10B6E0000469116A00080240B778EC7956768577CC
:10B6F0009D7DDF7E00010080EC87002038460CF045
:10B7000059FF00283FF448ADE94CEA4B204631464A
:10B7100040F8043B4FF400720EF0E0FDE64B63602E
:10B7200003F554133433A36003F13613E36003F1DC
:10B730003713236103F564133833636103F568132A
:10B740003933A36103F13A13E36103F570133B331B
:10B75000236203F13D13636203F57C133D33A3625F
:10B7600003F13F13E36203F14113236303F5840301
:10B770004133636303F588034333A36303F58A030B
:10B780004433E36303F14613236403F59003473323
:10B79000636403F592034833A36403F596034A33C5
:10B7A000E36403F598034B33236503F14D1363659D
:10B7B00003F5A0034F33A36503F15013E36503F5CD
:10B7C000A6035133236603F15413636603F5AC03F8
:10B7D0005433A36603F15713E36603F5B2035833FA
:10B7E000236703F15B13636703F5BA035B33A36756
:10B7F00003F5BE035E33E36703F16013C4F88030E2
:10B8000003F5C6036233C4F8843003F5CA03633317
:10B81000C4F8883003F16613C4F88C3003F5D20302
:10B820006733C4F8903003F5D6036A33C4F8943014
:10B8300003F16C13C4F8983003F5DE036E33C4F8DB
:10B840009C3003F5E4037033C4F8A03003F5E6033D
:10B850007233C4F8A43003F5EC037533C4F8A83090
:10B8600003F5F2037733C4F8AC3003F17A13C4F86C
:10B87000B03003F5FA037C33C4F8B43003F50003A9
:10B880007E33C4F8B83003F502038133C4F8BC300A
:10B8900003F505038333C4F8C03003F50803873389
:10B8A000C4F8C43003F50A038833C4F8C83003F57C
:10B8B0000D038C33C4F8CC3003F510038F33C4F878
:10B8C000D03003F513039133C4F8D43003F51503D6
:10B8D0009433C4F8D83003F519039733C4F8DC3037
:10B8E00003F51C039B33C4F8E03003F51F039D33BD
:10B8F000C4F8E43003F52203A033C4F8E83003F5BC
:10B900002503A433C4F8EC3003F52903A733C4F8A6
:10B91000F03003F52C03AB33C4F8F43003F53003F7
:10B92000AD33C4F8F83042F22633A4F8FC304FF4BB
:10B930000E53A4F8FE3003F1105303F558135A3395
:10B94000C4F8003103F53B03B933C4F8043103F5FF
:10B950003E03BC33C4F8083103F54203C033C4F8D6
:10B960000C3103F54503C433C4F8103103F54A0321
:10B97000C833C4F8143103F54E03CC33C4F818317E
:10B9800003F55203CF33C4F81C3103F55603D53306
:10B99000C4F8203103F55B03D833C4F8243103F530
:10B9A0005F03DD33C4F8283103F56303E133C4F8E2
:10B9B0002C3103F56803E533C4F8303103F56D032A
:10B9C000EB33C4F8343103F57103EF33C4F8383185
:10B9D00003F57603F333C4F83C3103F57B03F93305
:10B9E000C4F8403103F18073FE33C4F8443103F1ED
:10B9F000837303F58173C4F8483103F1857303F54C
:10BA00008473C4F84C3103F1887303F58773C4F869
:10BA1000503103F18B7303F58973C4F8543103F18A
:10BA2000012303F5D8131933C4F8583103F1012366
:10BA300003F504131D33C4F85C3103F1937303F56C
:10BA40009273C4F860311D4BC4F8643103F19973EB
:10BA500003F22F13C4F86831194BC4F86C3103F1A9
:10BA60009F7303F23B13C4F8703103F1A37303F522
:10BA7000A173C4F8743103F1A67303F24913C4F837
:10BA8000783103F1A97303F24F13C4F87C3103F149
:10BA9000AD7303F5AB73C4F8803103F1B07303F2F7
:10BAA0005D13C4F88431074A074B084910E000BF12
:10BAB00050E1002014C902083C0A560AF83A8F3BAC
:10BAC0005D3DFA3D89463D47F447AC48DF4A9F4B10
:10BAD000DFF884C1C4E9622303F1BB7303F5B973D2
:10BAE000C4F890314E4B4F4AC4E965134E4BC4F82D
:10BAF0009C3103F1012303F515039133C4F8A03100
:10BB00004A4BC4F8A43103F1D37303F2A113C4F870
:10BB1000A83103F1012303F52D03A933C4F8AC3197
:10BB2000434BC4F8B03103F1012303F53F03BA33AB
:10BB3000C4F8B43103F1E47303F5E273C4F8B83127
:10BB400003F1E97303F2CD13C4F8BC3103F101230F
:10BB500003F55B03D633C4F8C03103F1F27303F588
:10BB6000F073C4F8C43103F1F77303F2E913C4F8B6
:10BB7000C83103F1FC7303F2F313C4F8CC3103F1C1
:10BB8000007303F5003303F2FD13C4F8D0313846D7
:10BB9000284B294FC4E9757303F1022303F50813F9
:10BBA0001C33C4F8DC3103F10B7303F50A73C4F8DA
:10BBB000E03103F10E7303F23223C4F8E43103F1F0
:10BBC000117303F23E23C4F8E83103F1022303F5B5
:10BBD0009E034933C4F8EC31184BC4E97CC347F6E3
:10BBE0002433A4F8F83147F65F43A4F8FA31144B34
:10BBF000C4F8FC3148F22403A4F80032114BC4E924
:10BC00009263114BC4E994230CF0E0FCFFF7C4BA33
:10BC10000E4B0F4A0F4840F232210EF0D3F900BF0D
:10BC2000614C244D00040240EA4DB14E1451E351E1
:10BC30001156ED560469116AF266FA67B778EC7925
:10BC40009D7DDF7E000200409488002084BC0208B5
:10BC5000DCC802083CC70208567685772DE9F0411A
:10BC600084B01B2305460E468DF80C30EEF776FEA9
:10BC7000414F0446D5F8540203689B699B0749D499
:10BC80000223009303AA0123D021F0F73DFC0028F2
:10BC90003CD1EEF763FEDFF8E0800746D5F85402AA
:10BCA00003689B69DB4313F0020442D00223009334
:10BCB0000DF10B020123D021F0F7B8FD30BB9DF848
:10BCC0000B202D4FF30022F0180203F0180313434A
:10BCD0001B228DF80B308DF80C208DF80D30EEF70F
:10BCE0003DFE0646D5F8540203689B69DB4313F01A
:10BCF00002042ED00223009303AAD021F0F704FC03
:10BD0000B0FA80F0400904B0BDE8F081002004B032
:10BD1000BDE8F081EEF722FE031B192BF6D8386838
:10BD2000F6F7F2F802284FF00100A3D0F6F72EF94B
:10BD3000A0E7EEF713FEC01B192819D8D8F80000A9
:10BD4000F6F7E2F802284FF00100A7D0F6F71EF947
:10BD5000A4E7EEF703FE801B192809D83868F6F728
:10BD6000D3F802284FF00100BCD0F6F70FF9B9E77D
:10BD7000204604B0BDE8F0819C6500202DE9F04329
:10BD800085B00446174698468DF80F10EEF7E6FD8D
:10BD9000264E0546D4F8540203689B699B0726D4B7
:10BDA000022300930DF10F020123D021F0F7ACFB29
:10BDB000C8B9EEF7D3FDDFF874900646D4F8540204
:10BDC00003689B69DB4313F002051FD00223009335
:10BDD0003A464346D021F0F729FDB0FA80F04009F9
:10BDE00005B0BDE8F083002005B0BDE8F083EEF7B4
:10BDF000B5FD411B1929F6D83068F6F785F80228F9
:10BE00004FF00100C6D0F6F7C1F8C3E7EEF7A6FD84
:10BE1000801B1928E7D8D9F80000F6F775F8022832
:10BE20004FF00100CAD0F6F7B1F8C7E79C650020D3
:10BE3000F0B585B01A2305468DF80C30EEF78EFD6F
:10BE4000784E0446D5F8540203689B699A0700F1BE
:10BE500097800223009303AA0123D021F0F754FB1B
:10BE6000002840F08A80EEF779FD6E4E0446D5F842
:10BE7000540203689B699B0700F1928002230093A0
:10BE80000DF10B020123D021F0F7D0FC002874D172
:10BE90009DF80B30634F23F0070343F003031A228E
:10BEA0008DF80B308DF80C208DF80D30EEF756FD27
:10BEB0000646D5F8540203689B69DB4313F002047D
:10BEC00000F09C800223009303AAD021F0F71CFB12
:10BED000002852D101230DF10B021B212846FFF748
:10BEE0004DFF002849D09DF80B304E4F03F0FC0366
:10BEF0001B228DF80B308DF80C208DF80D30EEF7ED
:10BF00002DFD0646D5F8540203689B69DB4313F008
:10BF1000020464D00223009303AAD021F0F7F4FABC
:10BF200058BB01230DF10B021D212846FFF726FF08
:10BF300018B39DF80B303B4F23F00F0343F003037E
:10BF40001D228DF80B308DF80C208DF80D30EEF79A
:10BF500005FD0646D5F8540203689B69DB4313F0E0
:10BF600002042DD00223009303AAD021F0F7CCFACB
:10BF7000B0FA80F0400905B0F0BD002005B0F0BD7A
:10BF8000EEF7ECFC001B1928F7D83068F5F7BCFF7A
:10BF900002284FF001003FF455AFF5F7F7FF51E7E6
:10BFA000EEF7DCFC001B1928E7D83068F5F7ACFF8A
:10BFB00002284FF001003FF45AAFF5F7E7FF56E7CC
:10BFC000EEF7CCFC801B192828D83868F5F79CFFC1
:10BFD00002284FF00100BDD0F5F7D8FFBAE7EEF721
:10BFE000BDFC801B1928C8D83868F5F78DFF0228DA
:10BFF0004FF0010086D0F5F7C9FF83E7EEF7AEFCFE
:10C00000801B19280AD83868F5F77EFF02284FF000
:10C0100001003FF44EAFF5F7B9FF4AE7204605B0FF
:10C02000F0BD00BF9C650020F0B585B03723054604
:10C030008DF80C30EEF792FC564E0446D5F85402BB
:10C0400003689B699A0767D40223009303AA01231C
:10C05000D021F0F759FA00285BD1EEF77FFC4D4E66
:10C060000446D5F8540203689B699B0763D40223F6
:10C0700000930DF10B020123D021F0F7D7FB00282C
:10C0800047D19DF80B30434F43F0020337228DF820
:10C090000B308DF80C208DF80D30EEF75FFC064666
:10C0A000D5F8540203689B69DB4313F0020460D0A7
:10C0B0000223009303AAD021F0F726FA48BB0123FC
:10C0C0000DF10B026A212846FFF758FE08B39DF8D0
:10C0D0000B30304F03F0EF036A228DF80B308DF8F0
:10C0E0000C208DF80D30EEF739FC0646D5F85402D9
:10C0F00003689B69DB4313F002042BD002230093F7
:10C1000003AAD021F0F700FAB0FA80F0400905B098
:10C11000F0BD002005B0F0BDEEF720FC031B192B8D
:10C12000F7D83068F5F7F0FE02284FF0010085D00F
:10C13000F5F72CFF82E7EEF711FC001B1928E8D871
:10C140003068F5F7E1FE02284FF0010089D0F5F7DD
:10C150001DFF86E7EEF702FC801B1928D9D8386846
:10C16000F5F7D2FE02284FF00100BFD0F5F70EFF21
:10C17000BCE7EEF7F3FB801B192809D83868F5F700
:10C18000C3FE02284FF001008AD0F5F7FFFE87E7D3
:10C190002046BFE79C650020F0B585B0002348F23B
:10C1A0006B0205468DF809308DF80A30ADF80C2089
:10C1B000EEF7D4FBC14F0646D5F8540203689B69DD
:10C1C000DB4313F0020430D00223009303AAD021F2
:10C1D000F0F79AF920BB6420EEF7C6FB40F26B1330
:10C1E000ADF80C30EEF7BAFBB44E0446D5F8540265
:10C1F00003689B69990700F1ED800223009303AA6D
:10C20000D021F0F781F958B901230DF10A02752107
:10C210002846FFF7B3FD18B19DF80A30032B13D061
:10C22000002385F84C3205B0F0BDEEF797FB801B7C
:10C230001928F5D83868F5F767FE02284FF0010095
:10C24000BAD0F5F7A3FEB7E71C238DF80C30EEF754
:10C2500085FB9A4E0446D5F8540203689B699A07F9
:10C2600000F1C9800223009303AA0123D021F0F733
:10C270004BF90028D4D1EEF771FB904E0446D5F867
:10C28000540203689B699B0700F107810223009316
:10C290000DF10B020123D021F0F7C8FA0028BFD11D
:10C2A0009DF80B30854F23F0180343F010031C2238
:10C2B0008DF80B308DF80C208DF80D30EEF74EFB1D
:10C2C0000646D5F8540203689B69DB4313F0020469
:10C2D00000F0D2800223009303AAD021F0F714F9D2
:10C2E00000289DD101212846FFF7B8FC002897D0EF
:10C2F00040F21943ADF80C30EEF730FB6F4F0646B5
:10C30000D5F8540203689B69DB4313F0020400F084
:10C31000A2800223009303AAD021F0F7F5F80028A9
:10C320007FF47EAF2846FFF783FD00283FF478AF07
:10C330004CF26C03ADF80C30EEF710FB5F4F064685
:10C34000D5F8540203689B69DB4313F0020472D0F2
:10C350000223009303AAD021F0F7D6F80446322036
:10C36000EEF702FB002C7FF45BAF2846FFF75CFE84
:10C3700000283FF455AF4FF4BB43ADF80C30EEF757
:10C38000EDFA4E4F0646D5F8540203689B69DB432D
:10C3900013F0020440D00223009303AAC621F0F751
:10C3A000B3F804460A20EEF7DFFA002C7FF438AF2A
:10C3B0000DF109012846FEF7F1F800283FF430AFEF
:10C3C0009DF80930082B7FF42BAF2846FEF70CFAB6
:10C3D000034626E7EEF7C2FA001B19283FF620AF06
:10C3E0003068F5F791FD02284FF001003FF4FEAEF2
:10C3F000F5F7CCFDFAE6EEF7B1FA001B19283FF687
:10C400000FAF3068F5F780FD02284FF001003FF4D0
:10C4100022AFF5F7BBFD1EE7EEF7A0FA801B192847
:10C420004ED83868F5F770FD02284FF00100AAD009
:10C43000F5F7ACFDA7E7EEF791FA801B192844D871
:10C440003868F5F761FD02284FF001003FF478AF3E
:10C45000F5F79CFD74E7EEF781FA801B19283FF68B
:10C46000DFAE3868F5F750FD02284FF001003FF4C9
:10C4700047AFF5F78BFD43E7EEF770FA801B1928FD
:10C480003FF6CEAE3868F5F73FFD02284FF00100C9
:10C490003FF417AFF5F77AFD13E7EEF75FFA001BED
:10C4A00019283FF6BDAE3068F5F72EFD02284FF093
:10C4B00001003FF4E4AEF5F769FDE0E69C6500207D
:10C4C0000A20EEF751FA2346ABE63220EEF74CFA9B
:10C4D0002346A6E6704700BF0120704708B904480C
:10C4E000704708B5034A044B044820210DF06AFD4B
:10C4F0002C0000201CC90208D0BC020864C9020834
:10C500002DE9F04F2DED028BDBB07822002168463B
:10C510000DF0E4FE01F0BCFF90F8893003BB01F0A0
:10C52000B7FF90F8C9341EAD0446002B56D101F078
:10C53000AFFF90F8D5350446002B40F09780694650
:10C5400028460BF019FA01F0A3FF90F8303A0446A0
:10C55000002B40F0CE805BB0BDEC028BBDE8F08FCD
:10C56000044605214068F5F7BFFD0028D7D194F8AF
:10C5700088506068D4F868A0D4F86C90276F666F14
:10C5800094ED1E8AD4F87CB0D4E92084F5F7D0FD70
:10C59000002DC4D00123CDE920331EAD8DED268AB8
:10C5A000CDF89CB0CDF888A0CDF88C902497259636
:10C5B0001F94CDF87880AC46BCE80F006C460FC4E1
:10C5C000BCE80F000FC49CE8030084E8030001F0FE
:10C5D0005FFF90F8C9340446002BA8D0D0F840047F
:10C5E0000521F5F781FD0028A1D104F23C4394F820
:10C5F000C864D4F84004D4F8C084D3F868B0D3F841
:10C600006CA0D3F870905F6FD3ED1E8A93ED1F8AF4
:10C6100004F58864D4F88440F5F78AFD002E86D0AE
:10C6200003210123CDE92013CDED268A8DED278A44
:10C63000CDF888B0CDF88CA0CDF8909025971F94B8
:10C64000CDF87880AC46BCE80F000AAC0FC4BCE85B
:10C650000F000FC49CE8030084E8030001F018FFFA
:10C6600090F8D5350446002B3FF469AFD0F84C055F
:10C670000521F5F739FD00287FF461AF04F5A963C2
:10C6800094F8D465D4F84C05D4F8CC85D3F868B0C8
:10C69000D3F86CA0D3F870905F6FD3ED1E8A93ED42
:10C6A0001F8A04F5AA64D4F88040F5F741FD002EF6
:10C6B0003FF445AF04220123CDE92023CDED268AA6
:10C6C0008DED278ACDF888B0CDF88CA0CDF890906C
:10C6D00025971F94CDF87880AC46BCE80F0014ACC9
:10C6E0000FC4BCE80F000FC49CE8030084E80300FB
:10C6F00025E7D0F8DC080521F5F7F6FC00287FF4E3
:10C700002AAFF022294604F514600DF0BFFDD4F8DD
:10C71000DC08F5F70DFD5BB0BDEC028BBDE8F08FDA
:10C72000704700BF01207047F8B5184E3378BFF34B
:10C730005B8F13F00104054602D0D5B91448F8BD4B
:10C7400030460BF037FF0028F7D0114F114B3B60FC
:10C7500007F108033B6607F158005023C7E9164468
:10C760007B66F5F779FC786048B130460BF02EFF18
:10C77000E3E7094B094A0A482D210DF023FC094B38
:10C78000094A07481B210DF01DFC00BFA8E300204B
:10C79000ACE300205CCA0208D0BC0208F8C9020859
:10C7A000CCC9020884BC020894C902082DE9F041F2
:10C7B0002DED028B054601F06BFE90F859371BB941
:10C7C000BDEC028BBDE8F08104460521D0F8E006FF
:10C7D000F5F78AFC0028F3D194F85867D4F8E006FE
:10C7E000D4F85087D4F8547704F2DC6292ED1A8AB8
:10C7F000D2ED1B8AF5F79CFC002EE1D06868012180
:10C80000F5F772FC0028DBD14046F0EE680AB0EE86
:10C81000480A39460BF0D4F8BDEC028B6868BDE8D5
:10C82000F041F5F785BC00BF2DE9F04F2DED028BEF
:10C8300087B01E460546174601F02AFE90F8D1380B
:10C84000002B3BD16C4620460BF0D6F89DF81050DB
:10C850007DB1DDE90276DDF8008001F019FE90F887
:10C860005138012504467BB907B0BDEC028BBDE809
:10C87000F08F01F00DFE90F851384FF000082F4670
:10C880002E460446002BEFD0D0F8E0070521F5F73F
:10C890002BFC0028E8D104F2DC72D4F8E007C2F8DF
:10C8A0006880C4F84878C4F84C6884F8505807B0D9
:10C8B000BDEC028BBDE8F04FF5F73ABC044605210C
:10C8C000D0F85808F5F710FC80460028BAD104F6D5
:10C8D000540394F8D098D4F85808D4F8C8B8D3EDD5
:10C8E0001A8A93ED1B8AD3F870A004F50564E46FEF
:10C8F000F5F71EFCB9F1000FA4D06868059401217A
:10C90000CDE9038BCDED008A8DED018ACDF808A02D
:10C91000F5F7EAFB30B16C462246384631460BF05B
:10C920005DF890E70BF054F86868F5F701FCF2E762
:10C9300000797047037903B1704730B591B04FF477
:10C94000E05101250446ADF808101B48009502236C
:10C9500002AAA021EFF740F908B111B030BD34238D
:10C960001548009303AAA021EFF710FA0028F4D18C
:10C970004FF0FF32302103A803F082FE0F9B984254
:10C98000EBD1049BE360069B6361089B0399059AC6
:10C99000E3620A9BA16022610799099A63620C9B7A
:10C9A0002162A2610B990D9AE3610E9B2163A26241
:10C9B00063632571D1E700BF7805002070B50F4E85
:10C9C0003378BFF35B8F13F00104054602D075B9CD
:10C9D0000B4870BD30460BF0EDFD0028F7D0084B3A
:10C9E000084A1A6030461C710BF0F0FDEFE7064B69
:10C9F000064A074809210DF0E5FA00BF14E40020BB
:10CA000018E40020F0CA0208D0BC020864CA020878
:10CA1000C0CA02082DE9F04103792DED068B9BB9C0
:10CA20009FED418A0025F0EE488AB0EE489A2F46E5
:10CA30002E4601F02DFD90F8D9370446002B55D134
:10CA4000BDEC068BBDE8F081044601F021FD90F8B5
:10CA500085310546002BE3D0D0F80C010521F5F710
:10CA600043FB0028DCD195F88481D5F80C01D5ED85
:10CA70005C9A95ED5DAA95ED5E8AD5E95F76F5F74E
:10CA800057FBB8F1000FCBD0D4ED0D7A94ED0B9A93
:10CA9000D4ED0C8AD4ED086A94ED097A28EE099A4F
:10CAA00068EE288A28EE278AD4ED0A7AA6EE8A9ABA
:10CAB0000125E7EE0A8AA7EE8A8AD4ED056A94ED8D
:10CAC000067AD4ED077AA6EEA99AE7EE298AA7EEB0
:10CAD000A98AD4ED026A94ED037AD4ED047A39EE92
:10CAE000269A78EE878A38EE278AA2E7D0F8600780
:10CAF0000521F5F7F9FA0028A2D104F25C7383ED61
:10CB00001A9AC3ED1B8A83ED1C8A84F8D857BDECB2
:10CB1000068BD4F86007C4F8D077C4F8D467BDE8B2
:10CB2000F041F5F705BB00BF000000000079B0FA46
:10CB300080F04009704700BF70B5002284B00646FF
:10CB40004FF400417048EFF7EBFB01240A23002566
:10CB50008DF80E300DF10F0223460DF10E016B48DA
:10CB600000948DF80F50F2F711F8802223460DF152
:10CB70000E018DF80E20654800940DF10F028DF81E
:10CB80000F50F2F703F822464FF400415E48EFF7EA
:10CB9000C7FB0B20EDF7E8FE2A465B484FF4004147
:10CBA000EFF7BEFB4FF0AF0C23460DF10F020DF176
:10CBB0000E01564800948DF80EC08DF80F50F1F715
:10CBC000E5FF23460DF10F020DF10E014F480094D1
:10CBD0008DF80E508DF80F50F1F7D8FF9DF80F50DB
:10CBE000494822464FF40041EFF79AFBB5F1300374
:10CBF00018BF012333713368454A5B68934203D100
:10CC0000302D05D004B070BD304698470028F9D0CB
:10CC100001243D4800224FF40041EFF781FB00253D
:10CC20000A2623460DF10F020DF10E01009437483C
:10CC30008DF80E608DF80F50F1F7A8FF23460DF127
:10CC40000E010DF10F02009430488DF80E508DF852
:10CC50000F50F1F79BFF22462B484FF40041EFF7AE
:10CC60005FFB2A4628484FF40041EFF759FB4FF08D
:10CC70000B0C23460DF10F020DF10E010094234819
:10CC80008DF80EC08DF80F50F1F780FF23460DF19F
:10CC90000E010DF10F0200941C488DF80E608DF806
:10CCA0000F50F1F773FF224617484FF40041EFF79A
:10CCB00037FB2A4614484FF40041EFF731FB0923B4
:10CCC0008DF80E300DF10F0223460DF10E01009488
:10CCD0000E488DF80F50F1F759FF20230DF10E018A
:10CCE0000DF10F028DF80E300094234607488DF8A1
:10CCF0000F50F1F74BFF044822464FF4004104B0B7
:10CD0000BDE87040EFF70CBB00000240988900209E
:10CD10002DCB010808B90448704708B5034A044BF5
:10CD2000044813210DF04EF930000020F8CA020823
:10CD3000D0BC020840CB02082DE9F04F002587B097
:10CD40003F4804958B4692464FF400412A46994647
:10CD50000126ADF814508DF81650EFF7E1FA802354
:10CD60008DF80E303748009633460DF10F020DF165
:10CD70000E018DF80F50F1F709FFDFF8C88004AC01
:10CD80000DF11707012300960DF10F020DF10E01B1
:10CD900040468DF80E508DF80F50F1F7F7FE9DF8D4
:10CDA0000F3004F8013BBC42ECD1254801224FF47E
:10CDB0000041EFF7B5FA9DF811309DF810109DF87D
:10CDC00016209DF813009DF812409FED1F6ADFEDBD
:10CDD0001F6A9B0043EA812343EA9213800007EE17
:10CDE000903A40EA8420C2F38103C2F30112024365
:10CDF00007EE102AF8EEE77AB8EEC77A9DF815101C
:10CE00009DF8142077EEC67A37EE467A890067EEF1
:10CE1000A67A26EEC77A41EA822213438BED007A86
:10CE2000CAED007A07EE903AF8EEE77A77EEC67A26
:10CE300066EEE77AC9ED007A07B0BDE8F08F00BF73
:10CE4000000002409889002000000048000080385F
:10CE500070B503683C495A688AB000238A42CDE91C
:10CE60000433CDE90633044608938DF824300DD100
:10CE7000037973B100238DF8243001F009FB90F899
:10CE800085310446002B45D10AB070BD904700287B
:10CE9000F0D02E4800224FF40041EFF741FA01256F
:10CEA000882300268DF80E300DF10F022B460DF170
:10CEB0000E01274800958DF80F60F1F767FE2B46AD
:10CEC0000DF10F020DF10E01214800958DF80E6055
:10CED0008DF80F60F1F75AFE9DF80F601B482A4647
:10CEE0004FF40041EFF71CFAF307C3D503F0FEF847
:10CEF00003460793204606AB089105AA04A9FFF74D
:10CF00001BFF8DF8245001F0C3FA90F885310446D8
:10CF1000002BB9D0D0F80C010521F5F7E5F8002871
:10CF2000B2D10DF1100CBCE80F0004F5B8750FC5B7
:10CF30009CE8030045F8040BD4F80C012970F5F7C0
:10CF4000F7F80AB070BD00BF2DCB01080000024009
:10CF50009889002090F84400704700BF90F8443052
:10CF600003B17047F0B59BB00DF15F014FF4406322
:10CF70000126044621F00F05ADF82C303348009609
:10CF800002230BAAA021EEF727FE08B11BB0F0BDCB
:10CF900010232E48009307AAA021EEF7F7FE0028E1
:10CFA000F4D107A84FF0FF320C2103F069FB0A9B74
:10CFB0009842EBD19DED091ADDED080A9DED070AB7
:10CFC00028460AF0DFFD95E80F0004F1100787E816
:10CFD0000F0038460AF022F890ED000A38468DED31
:10CFE000050A0AF021F8D0ED000A3846F1EE600A91
:10CFF000CDED040A0AF01EF890ED001A3846B1EEA5
:10D00000411A8DED031A0AF01BF8D0ED001A9DEDC0
:10D01000031ADDED040A9DED050AF1EE611A2846BA
:10D0200009F038FF29460BA80BAD0AF013FE0FCD0F
:10D0300004F1200CACE80F000FCDACE80F002B681A
:10D04000CCF8003084F84460A0E700BF78050020E9
:10D0500070B5144D2B78BFF35B8F13F0010401D032
:10D06000114870BD28460BF0A5FA0028F8D00E4EE6
:10D070000E4B304640F8103B09F0ECFE00234FF019
:10D080007E52284632627362B362F3623263736324
:10D09000B363F363326486F844400BF097FA0248B6
:10D0A00070BD00BF50E4002060E40020C8CB02083F
:10D0B0002DE9F0432DED0E8B90F84440BDB0CCB976
:10D0C0009FEDB88AB0EE489AF0EE489AF0EE488AA2
:10D0D000F0EE48AAB0EE48AAA0462646274601F040
:10D0E000D7F990F8DA3605467BB93DB0BDEC0E8B2A
:10D0F000BDE8F083054601F0CBF990F8303A0446DC
:10D100004BBB9FEDA88A0024DCE7D0F8540605212C
:10D11000F4F7EAFF0028E8D1D5F85406C5F8D06640
:10D1200005F5CA63C5F8D47683ED1AAAC3ED1BAA28
:10D13000C3ED1C8AC3ED1D9A83ED1E9A83ED1F8AF1
:10D1400085F8D88685F8D9463DB0BDEC0E8BBDE894
:10D15000F043F4F7EDBFD0F8DC080521F4F7C4FF85
:10D160000028CED104F51466F022314668460DF051
:10D170008DF804F5156454F8740C96ED008A54E9A2
:10D180000289F4F7D5FF9DF82030002B00F0FB80DA
:10D19000059B022B06D0032B40F0F580069B022B4B
:10D1A00040F0F1809DF84830002B00F0EC800F9BA0
:10D1B000022B06D0032B40F0E680109B022B40F0A0
:10D1C000E2809DF87030002B00F0DD80199B022B6F
:10D1D00006D0032B40F0D7801A9B022B40F0D3805F
:10D1E0009DF89840002C00F08280239B022B04D0F5
:10D1F000032B78D1249B022B75D19DF8C030002BD6
:10D2000071D02D9B022B04D0032B6CD12E9B022BB3
:10D2100069D19DF8E830002B65D0379B022B04D0F4
:10D22000032B60D1389B022B5DD1002C5FD19FED89
:10D230005DAA95ED08CAD5ED0BDAD5ED0E9A95ED00
:10D240000ABAD5ED0DCA95ED10EAD5ED09BA95EDFE
:10D250000CDA95ED0F9AF0EE4AAAF0EE4A8AA04653
:10D2600026462746DDED327A9DED287A69EEA79AAB
:10D2700027EE899A27EE8E8AEDEE879A0322002305
:10D28000A7EE0D9ADDE92001A7EE2C8ADDED1E7ACE
:10D29000E7EE8C9AA7EEAB9AA7EE8B8AEBF74CFCE5
:10D2A0000322054689460023DDE92A01EBF744FC09
:10D2B0002D1849EB01090322DDE934010023EBF7C6
:10D2C0003BFC2D1849EB0101002C66D076086D0857
:10D2D00046EAC77645EAC17576194FEA510141EB36
:10D2E00057070124FBE6002C3FF40BAF00249DED13
:10D2F000147AD5ED0E9A95ED0F9A95ED10EADDEDC5
:10D300000A6AD5ED0BDA95ED0CDAD5ED0DCA95ED7F
:10D3100008CAD5ED09BA95ED0ABA27EE29AA67EE33
:10D3200009AA67EE0E8A03220023DDE90C01A6EEAE
:10D33000ADAAE6EE8DAAE6EEAC8AEBF7FDFB032282
:10D3400006460F460023DDE91601EBF7F5FB36181C
:10D3500047EB01074046494603220023EBF7ECFB6D
:10D360003618ACEE08AA47EB0107EBEE88AAEBEE05
:10D37000088A7CB99FED0B8A4FF00108B0EE489AFD
:10D38000F0EE489AABE69DF898300024002B7FF42D
:10D390002CAFB6E64FF0010864E72E460F46012495
:10D3A0009DE600BF000000002DE9F0412DED088B47
:10D3B00090F84450B2B09DB99FED438A2F46F0EEED
:10D3C000488AB0EE489A2E4601F062F890F8593734
:10D3D0000446002B5AD132B0BDEC088BBDE8F08179
:10D3E0000DF10F0424F00F04002504F1100825604E
:10D3F00065600646404609F02DFD00220023B7EE89
:10D40000008AC4E92623002325626562A562E562DD
:10D410002563656325656565A565E56525666566BE
:10D42000A566E56625676567A567E567C4F880506A
:10D43000C4F88450C4F88850C4F88C50C4F8905094
:10D44000C4F8A03084F8A43084ED0E8A84ED0F8AED
:10D4500084ED108A84ED118A84ED128A84ED138A9A
:10D4600001F016F890F8B03305467BBB01F010F8D8
:10D470009FED158A90F859370025F0EE488AB0EEF6
:10D48000489A2F462E460446002BA4D0D0F8E0063A
:10D490000521F4F729FE00289DD1D4F8E00604F216
:10D4A000DC6383ED1A9AC3ED1B8A83ED1C8AC4F8F2
:10D4B0005077C4F8546784F8585732B0BDEC088BE5
:10D4C000BDE8F041F4F734BE00000000D0F894024B
:10D4D0000521F4F709FE0028C8D1D5F800332360F0
:10D4E000D5F804336360D5F810332361D5F81433CD
:10D4F0006361D5F81833A361D5F81C33E361D5F81F
:10D5000020332362D5F824336362D5F82833A3622D
:10D51000D5F82C33E362D5F830332363D5F83433B0
:10D520006363D5F83833A363D5F83C33E363D5F8A8
:10D5300040332364D5F844336364D5F84833A36497
:10D54000D5F84C33E364D5F850332365D5F854331C
:10D550006365D5F85833A365D5F85C33E365D5F832
:10D5600060332366D5F864336366D5F86833A36601
:10D57000D5F86C33E366D5F870332367D5F8743388
:10D580006367D5F87833A367D5F87C33E367D5F8BC
:10D590008033C4F88030D5F88433C4F88430D5F8AB
:10D5A0008833C4F88830D5F88C33C4F88C30D5F87B
:10D5B0009033C4F89030D5E9E623C4E92623D5F8A2
:10D5C000A033C4F8A030D5F8940295F8A43384F8B9
:10D5D000A430F4F7ADFDD4F8A03033F002037FF4AB
:10D5E00045AF04F1B00706F110024146384609F094
:10D5F00081FC384609F01EFD03463846D3ED009AFB
:10D6000009F01EFD0346384693ED009A09F006FD29
:10D6100003463846D3ED008A09F006FD90ED000A76
:10D62000384668EE808A09F0FFFC0346384693EDE1
:10D6300000AA09F0F9FC03463846E9EE898A01257B
:10D64000D3ED009A09F0F6FC0346384693ED009AB4
:10D6500009F0F0FCD0ED007A29EE279AF0EE00AA4E
:10D66000AAEE299AF0EE480AE9EE6A0A38EEA80A0C
:10D670000BF082F93846B0EE409A09F0D5FCD0EDB7
:10D68000009A384609F0DCFC03463846D3ED008AA0
:10D6900009F0C4FC90ED00AA384609F0CBFC90EDEF
:10D6A000000A20EE4A0AA9EEA80A30EE000A0BF0A2
:10D6B00037F93846F1EE408A09F0B6FC90ED00BA31
:10D6C000384609F0B7FC0346384693ED00AA09F046
:10D6D000A5FCD0ED009A384609F0B2FC90ED000AA6
:10D6E000384669EE809A09F0A5FC03463846D3ED2A
:10D6F00000BA09F09FFCEBEE0A9A90ED00BA3846AA
:10D7000009F09EFC0346384693ED00AA09F098FC08
:10D71000D0ED007A2AEE27AAF0EE480AABEE8BAAEB
:10D7200039EEA90AEAEE6A0A0BF026F9D4F89870E5
:10D73000D4F89C60B0EE408A46E600BF2DE9F04187
:10D7400090F844402DED068B8CB99FED468A274614
:10D75000F0EE488AB0EE489A264600F099FE90F81E
:10D76000D1380546D3B9BDEC068BBDE8F08105463E
:10D7700000F08EFE90F8D937044663BB00F088FEB7
:10D780009FED388A90F8D1380024F0EE488AB0EE48
:10D79000489A274626460546002BE4D0D0F858087C
:10D7A0000521F4F7A1FC0028DDD105F6540383ED33
:10D7B0001A9AC3ED1B8A83ED1C8A85F8D048BDEC0C
:10D7C000068BD5F85808C5F8C878C5F8CC68BDE808
:10D7D000F041F4F7ADBCD0F860070521F4F784FC04
:10D7E0000028CBD194F8D887D4F86007D4F8D07744
:10D7F000D4F8D46704F2C47304F5F96104F2CC726E
:10D80000D3ED009A91ED00AA92ED008AF4F790FC16
:10D81000B8F1000FB2D0D5ED107A95ED0E9AD5ED96
:10D820000F8AD5ED0B6A95ED0C7A28EE099A68EE11
:10D83000288A28EE278AD5ED0D7AA6EE8A9A012449
:10D84000E7EE0A8AA7EE8A8AD5ED086A95ED097A8D
:10D85000D5ED0A7AA6EEA99AE7EE298AA7EEA98A5B
:10D860007BE700BF00000000704700BF0120704749
:10D8700070B5114E3378BFF35B8F13F0010405468A
:10D8800002D09DB90D4870BD30460AF093FE0028C5
:10D89000F7D00A4B0A4A1C81C3E90024304683F8BA
:10D8A0000A42A3F80C420AF091FEEAE7054B064A49
:10D8B000064812210CF086FBB0E40020B4E40020FE
:10D8C000B8CC0208D0BC0208D0CB020820CC020899
:10D8D00000B5074A83B000238C4610688DF807C056
:10D8E0001A460DF10701F4F733FD03B05DF804FBB0
:10D8F0007806002070B5494D86B0011D044601A888
:10D9000002F0DEFA95F83D30202B1FD0B4F80C322F
:10D91000EC2B7CDC94F80AE20DF1040C04EB0E2EE7
:10D920009E44BCE80F00CEF80A00DCF80000CEF8F8
:10D930000E10CEF81220CEF81630CEF81A00B4F839
:10D940000C321433A4F80C3206B070BDB4F80C22BB
:10D95000EC2A26DD94F80A1204EB01210A3128464C
:10D96000F2F764F994F80A320133DBB2012B47D99C
:10D97000002384F80A324FF00A0E01AD0FCD04EBFC
:10D980000E0C44F80E002868CCF804101426CCF8CD
:10D990000820CCF80C30CCF81000A4F80C6206B0CB
:10D9A00070BD94F80AC20DF1040E04EB0C2C9444E3
:10D9B000BEE80F00CCF80A00DEF80000CCF81A0030
:10D9C000CCF81630CCF80E10CCF81220B4F80C229B
:10D9D00094F80A12143204EB012192B20A3128465B
:10D9E000F2F724F994F80A320133DBB2012B88BF35
:10D9F000002384F80A320023A4F80C3206B070BD6C
:10DA00004FEA032E84F80A320EF10A0EB5E7044BF2
:10DA1000044A0548AC210CF0D5FA00BF648C002004
:10DA200084BC020844CC020820CC020870B54B4DDF
:10DA300086B0011D0446684602F066FA95F83D304E
:10DA4000202B21D0B4F80C32E82B00F3818094F81D
:10DA50000AE2EC4604EB0E2E9E44BCE80F00CEF822
:10DA60000A00CEF80E10BCE80300CEF81220CEF863
:10DA70001630CEF81A00CEF81E10B4F80C32183357
:10DA8000A4F80C3206B070BDB4F80C22E82A28DDE8
:10DA900094F80A1204EB01210A312846F2F7C6F87D
:10DAA00094F80A320133DBB2012B4AD9002384F8FF
:10DAB0000A324FF00A0E6D460FCD04EB0E0C44F8FF
:10DAC0000E00CCF8041003CD1826CCF80820CCF8B2
:10DAD0000C30CCF81000CCF81410A4F80C6206B08E
:10DAE00070BD94F80AC2EE4604EB0C2C9444BEE8D8
:10DAF0000F00CCF80A00CCF80E10BEE80300CCF8FA
:10DB00001630CCF81A00CCF81220CCF81E10B4F85D
:10DB10000C2294F80A12183204EB012192B20A3155
:10DB20002846F2F783F894F80A320133DBB2012B6E
:10DB300088BF002384F80A320023A4F80C3206B010
:10DB400070BD4FEA032E84F80A320EF10A0EB2E7D6
:10DB5000034B044A0448AC210CF034FA648C0020D6
:10DB600084BC020844CC020820CC0208F8B5531E3D
:10DB7000FF2B63D8374E96F83D300446B0F80C02C0
:10DB8000202B154600EB020310D0B3F5807F5BDC41
:10DB900094F80A320A3000EB032020440CF076FBA4
:10DBA000B4F80C221544A4F80C52F8BDB3F5807FEC
:10DBB0001EDD0F4694F80A1204EB012102460A31D9
:10DBC0003046F2F733F894F80A320133DBB2012B16
:10DBD0002FD9002384F80A320A200023A4F80C323B
:10DBE0002A46394620440CF051FBA4F80C52F8BDEB
:10DBF00094F80A320A3000EB032020440CF046FB74
:10DC0000B4F80C2294F80A122A4404EB012192B2CF
:10DC10000A313046F2F70AF894F80A320133DBB2DF
:10DC2000012B88BF002384F80A320023A4F80C32A9
:10DC3000F8BD180284F80A320A30CEE7064B074ACC
:10DC400007488C210CF0BEF9064B044A0448AC216D
:10DC50000CF0B8F9648C002084CC020844CC020893
:10DC600020CC020884BC020830B597B0054600F00D
:10DC70000FFC0021222204460DA80CF02FFB234BA1
:10DC800094F8DA2693E80300002307908DF820101B
:10DC90008DF82130CDF82230CDF82630CDF82A305D
:10DCA0008DF82E300C930AB917B030BDD4F8540655
:10DCB0000521F4F719FA0028F6D104F5D76EBEE86D
:10DCC0000F000DF1340CACE80F00BEE80F00ACE81B
:10DCD0000F00DEF80030D4F85406ACF80030F4F74A
:10DCE00027FA0DAA291D684601F0C4FD0098019984
:10DCF000029A039B07AC0FC404980599182203C429
:10DD000007A92846FFF732FF17B030BDD0B402088C
:10DD100030B595B0054600F0BBFB00212222044639
:10DD20000BA80CF0DBFA274B94F8DA2693E80300F3
:10DD3000002306908DF81C10ADF81D308DF81F30B3
:10DD40008DF820308DF821308DF822308DF8233079
:10DD50008DF824308DF825308DF826300A930AB9D5
:10DD600015B030BDD4F854060521F4F7BDF90028EC
:10DD7000F6D104F5D76EBEE80F000DF12C0CACE81F
:10DD80000F00BEE80F00ACE80F00DEF80030D4F85A
:10DD90005406ACF80030F4F7CBF90BAA291D6846FD
:10DDA00001F002FF00980199029A039B06AC0FC490
:10DDB00004982060142206A92846FFF7D7FE15B064
:10DDC00030BD00BFD8B4020830B589B0054600F0B8
:10DDD0005FFB90F848360BB909B030BD0446052109
:10DDE000D0F8DC05F4F780F90028F5D104F5BC6320
:10DDF000D3E91823D4F8DC05CDE90023F4F798F92A
:10DE0000DDE90023291D03A802F036F8142203A936
:10DE10002846FFF7ABFE09B030BD00BFF0B5A74BF9
:10DE2000C7B007460DF16F0493E8030024F00F0418
:10DE3000002500261290256004F110006560CDE9F0
:10DE400014668DF84C108DF84D60ADF84E608DF86D
:10DE50005860179608F0FEFF4FF07E53A363E3630C
:10DE600023646364A364E36400220023C4E92623DB
:10DE7000C4F8A06084F8A46025626562A562E562CA
:10DE80002563656325656565A565E5652566656644
:10DE9000A566E56625676567A567E567C4F88050F0
:10DEA000C4F88450C4F88850C4F88C50C4F890501A
:10DEB000CDE90C66CDE90E66CDE9096610968DF8C0
:10DEC00044608DF82C60089500F0E2FA90F8B06399
:10DED0009EB900F0DDFA90F8593700260546002B70
:10DEE00040F0998000F0D4FA90F8513800260546A9
:10DEF000002B40F0B28047B0F0BD05460521D0F8B8
:10DF00009402F4F7F1F80028E3D1D5F80033236048
:10DF1000D5F804336360D5F810332361D5F8143392
:10DF20006361D5F81833A361D5F81C33E361D5F8E4
:10DF300020332362D5F824336362D5F82833A362F3
:10DF4000D5F82C33E362D5F830332363D5F8343376
:10DF50006363D5F83833A363D5F83C33E363D5F86E
:10DF600040332364D5F844336364D5F84833A3645D
:10DF7000D5F84C33E364D5F850332365D5F85433E2
:10DF80006365D5F85833A365D5F85C33E365D5F8F8
:10DF900060332366D5F864336366D5F86833A366C7
:10DFA000D5F86C33E366D5F870332367D5F874334E
:10DFB0006367D5F87833A367D5F87C33E367D5F882
:10DFC0008033C4F88030D5F88433C4F88430D5F871
:10DFD0008833C4F88830D5F88C33C4F88C30D5F841
:10DFE0009033C4F89030D5F8A033C4F8A03095F839
:10DFF000A43384F8A430D5E9E623D5F89402C4E923
:10E000002623F4F795F800F043FA90F859370546BF
:10E01000002B3FF467AFD0F8E0060521F4F764F871
:10E0200000287FF45FAF05F2447EBEE80F000DF1DB
:10E03000300CACE80F009EE803004CF8040BD5F858
:10E04000E0068CF80010F4F773F800F021FA90F86D
:10E0500051380546002B3FF44EAFD0F8E0070521BC
:10E06000F4F742F800287FF446AF05F644030FCBDF
:10E070000DF1200CACE80700D5F8E0078CF8003073
:10E08000F4F756F8002E3FF436AF08A90CAB224641
:10E09000009102A8391D01F0BFFD02980399049A6E
:10E0A000059B12AC0FC406980799182203C412A945
:10E0B0003846FFF75BFD47B0F0BD00BFE0B4020893
:10E0C000F0B57A4BBBB007460DF13F0493E803006F
:10E0D00024F00F04002500260790256004F11000AD
:10E0E00065608DF82010ADF821608DF823608DF803
:10E0F00024608DF825608DF826608DF827608DF8F6
:10E1000028608DF829608DF82A600B9608F0A2FE31
:10E110004FF07E53A363E36323646364A364E36407
:10E1200000220023C4E9262325626562A562E56218
:10E130002563656325656565A565E5652566656691
:10E14000A566E56625676567A567E567C4F880503D
:10E15000C4F88450C4F88850C4F88C50C4F8905067
:10E16000C4F8A06084F8A46000F092F990F8B0338D
:10E170000BB93BB0F0BD05460521D0F89402F3F78A
:10E18000B3FF0028F5D1D5F80023D5F80433226079
:10E190006360D5F81023D5F8143322616361D5F894
:10E1A0001823D5F81C33A261E361D5F82023D5F8F4
:10E1B000243322626362D5F82823D5F82C33A26277
:10E1C000E362D5F83023D5F8343322636363D5F89E
:10E1D0003823D5F83C33A263E363D5F84023D5F860
:10E1E000443363642264D5F84823D5F84C33A264E1
:10E1F000E364D5F85023D5F8543322656365D5F828
:10E200005823D5F85C33A265E365D5F86023D5F8CB
:10E21000643322666366D5F86823D5F86C33A2664A
:10E22000E366D5F87023D5F8743322676367D5F8B1
:10E230007823D5F87C33A267E367D5F88023D5F837
:10E240008433C4F88430C4F88020D5F88823D5F806
:10E250008C33C4F88C30D5F89033C4F88820C4F8D7
:10E260009030D5E9E623C4E92623D5F8A033C4F8D5
:10E27000A030D5F8940295F8A43384F8A430F3F7CD
:10E2800057FF2246391D684601F06CFD0098019940
:10E29000029A039B07AC0FC404982060142207A9BC
:10E2A0003846FFF763FC3BB0F0BD00BFE8B402089E
:10E2B000F0B5764BBFB007460DF14F0493E803006D
:10E2C00024F00F04002500260990256004F11000B9
:10E2D00065608DF82810CDE90C668DF82960CDF8C1
:10E2E0002A60ADF82E600F9608F0B4FD4FF07E5313
:10E2F000A363E36323646364A364E36400220023F1
:10E30000C4E9262325626562A562E562256365632B
:10E3100025656565A565E56525666566A566E566A9
:10E3200025676567A567E567C4F88050C4F8845021
:10E33000C4F88850C4F88C50C4F89050C4F8A06059
:10E3400084F8A46000F0A4F890F8B0330BB93FB0A3
:10E35000F0BD05460521D0F89402F3F7C5FE00286C
:10E36000F5D1D5F80023D5F8043322606360D5F8E1
:10E370001023D5F8143322616361D5F81823D5F83A
:10E380001C33A261E361D5F82023D5F8243322623F
:10E390006362D5F82823D5F82C33A262E362D5F85E
:10E3A0003023D5F8343322636363D5F83823D5F8A6
:10E3B0003C33A263E363D5F84023D5F84433636468
:10E3C0002264D5F84823D5F84C33A264E364D5F829
:10E3D0005023D5F8543322656365D5F85823D5F812
:10E3E0005C33A265E365D5F86023D5F86433226613
:10E3F0006366D5F86823D5F86C33A266E366D5F872
:10E400007023D5F8743322676367D5F87823D5F87D
:10E410007C33A267E367D5F88023D5F88433C4F84A
:10E420008430C4F88020D5F88823D5F88C33C4F81C
:10E430008C30D5F89033C4F88820C4F89030D5E9F2
:10E44000E623C4E92623D5F8A033C4F8A030D5F8D4
:10E45000940295F8A43384F8A430F3F769FE2246B9
:10E46000391D684601F0B4FC00980199029A039B9B
:10E4700009AC0FC404980599069A07C41C2209A97F
:10E480003846FFF773FB3FB0F0BD00BFF0B40208A1
:10E490002DE9F84F044F3D78BFF35B8F15F0010570
:10E4A00006D00248BDE8F88FC4E60020D0E6002080
:10E4B00038460AF07FF80028F3D0EA4C0122227097
:10E4C00004F108022266022284F88C2004F19402EE
:10E4D000C4F8EC20032284F8082104F58872002691
:10E4E0004FF000084FF0000950234FF0050E04F5DF
:10E4F000047CC4F86821062104F526724FF0040B51
:10E5000004F5C87A04F544706366C4F8F030C4F8C2
:10E510006C31C4E91655C4E93955C4E93F55C4E91D
:10E520005855C4E92089A666E66626676667A66729
:10E53000E667A4F88850C4F8F460C4F8F860A4F85A
:10E540000451C4F87061C4F87461C4F87861C4F807
:10E550007C51C4F8805184F808E2C4F868C284F899
:10E560009012C4F8F022C4F8EC31C4F86C32C4F84C
:10E57000F432C4E97855C4E97F55C4E99855C4E933
:10E580009F55C4E9BA5584F888B1C4F8E8A1A4F845
:10E590008451C4F8F061C4F8F461C4F8F861A4F8D7
:10E5A0000452C4F87062C4F87462C4F87862A4F8C3
:10E5B0008452C4F80063C4F8046308F04BFC4FF0C5
:10E5C0007E52C4F83823C4F83C23C4F84023C4F86E
:10E5D0004423C4F84823C4F84C230722C4E9E6893D
:10E5E000C4F82063C4F82463C4F82863C4F82C6317
:10E5F000C4F83063C4F83463C4F85063C4F8546397
:10E60000C4F85863C4F85C63C4F86063C4F8646316
:10E61000C4F86863C4F86C63C4F87063C4F87463C6
:10E62000C4F87863C4F87C63C4F88063C4F8846376
:10E63000C4F88863C4F88C63C4F89063C4F8A0532A
:10E6400084F8A45384F8B05384F8C02304F572729C
:10E65000C4F8202404F585625023166004F22C428D
:10E66000C4F82434166004F58662C2E900890822E1
:10E6700084F83C2404F24442C4F89C2404F2A442EA
:10E68000C4F8A034166004F59562C4F830351660FD
:10E6900004F2AC42C4F81854166004F59662C4F84B
:10E6A0001C54166004F2B442A4F83854166004F501
:10E6B0009762C4F89454166004F2BC42C4F89854AB
:10E6C000166004F59862C2E90089092284F8CC2416
:10E6D00004F2D442C4F82C2504F2345284F8C8540D
:10E6E000166004F5A76284F8C95416600A22C4F8BB
:10E6F0002455C4F82855C4F83C55C4F8405584F84E
:10E70000482504F5AA62C4F8A82504F5B662C4F841
:10E71000AC35166004F2B452C4F83C36166004F509
:10E72000B762C4F8B436166004F2BC52A4F844557B
:10E73000166004F5B862C4F8A055166004F2C4521D
:10E74000C4F8A455166004F5B962C4F8CC55166037
:10E750000B2284F8D82504F5BC62C4F838260C22B4
:10E7600084F8502604F5CB62C4F8B02604F5D762CD
:10E77000C4F8D055166004F2BC62A4F8D4551660F3
:10E7800004F5D862C4F83056166004F2C462C4F8C6
:10E790003456166004F5D96284F84856166004F2BF
:10E7A000CC62C4F8A856C4F8AC56166004F5DA6218
:10E7B000C2E900890D2284F8DC2604F2E462C4F880
:10E7C0003C2704F24472C4F84037166004F5E9624D
:10E7D000C4F8C037166004F24C72C4F840381660B2
:10E7E00004F5EA62C2E900890E2284F85C2704F28B
:10E7F0006472C4F8BC2704F2C472A4F8D856166038
:10E8000004F5F96284F8DA56166004F2CC72C4F8A2
:10E810003457166004F5FA62C2E900890F2284F8C1
:10E82000DC2704F2E472C4F83C2804F64402C4F87D
:10E830003857166004F5056242E90289102284F80F
:10E840005428A4F85857C4F8B457C4F8B857A4F8D3
:10E85000D857C4F83458C4F83858A4F85058C4F8F5
:10E86000AC5801E0D0E60020C4F8B838C4F83C3910
:10E8700004F65C03C4F8B43804F6BC0311221E602D
:10E8800004F50C6384F8D8281E6004F6C403F02253
:10E890001E6004F50D6343E90289294604F50E6301
:10E8A00004F51460C4F83839C4F8B058A4F8D05846
:10E8B000C4F83059C4F834590BF010FD384684F8C8
:10E8C000305A09F083FE0148BDE8F88FD0E60020F9
:10E8D0002DE9F04F0446B5B05830F3F7BDFB0DF10C
:10E8E000270525F00F05606068B10022C4E92022E9
:10E8F00000234FF48071A366E36623676367A36711
:10E90000E367A4F8881004F1E400F3F7A5FBC4F86A
:10E91000900058B10023C4E93F3300224FF48071C6
:10E92000C4F8F420C4F8F820A4F8041104F5B07079
:10E93000F3F792FBC4F80C0168B10022C4E95F222E
:10E9400000234FF48071C4F87031C4F87431C4F8F6
:10E950007831A4F8841104F5F070F3F77DFBC4F866
:10E960008C0168B10022C4E97F2200234FF480713A
:10E97000C4F8F031C4F8F431C4F8F831A4F8041242
:10E9800004F51870F3F768FBC4F80C0268B10022B4
:10E99000C4E99F2200234FF48071C4F87032C4F898
:10E9A0007432C4F87832A4F8841204F53A70F3F79C
:10E9B00053FBC4F89402002800F0AC800123B0227D
:10E9C000002184F8B03305F1100728460BF086FCCF
:10E9D000384608F03FFA4FF07E53AB63EB632B648D
:10E9E0006B64AB64EB642B68DFEDC77AC4F800336B
:10E9F0006B68C4F8043305F1580205F1440305F1CE
:10EA0000640105F17000C5ED087AC5ED097AC5ED20
:10EA10000A7AC5ED0B7AC5ED0C7AC5ED0D7AC5ED18
:10EA2000167AC5ED177AC5ED187AC5ED197AC5EDD8
:10EA30001A7AC5ED1B7AC5ED1C7AC5ED1D7AC5EDB8
:10EA40001E7AC5ED1F7AC5ED207AC5ED217AC5ED98
:10EA5000227AC5ED237AC5ED247A009301920291C2
:10EA6000039097E80F0005F1200A04F5447C8CE838
:10EA70000F009AE8070005F12C0904F5487686E8AE
:10EA8000070099E8070005F1380804F54B7E8EE889
:10EA9000070098E8070004F54E7383E80700009B21
:10EAA00005F17C0B8835CDF810B0059593E807008B
:10EAB00004F5517383E80700019AC4EDD47A07CABC
:10EAC00004F55673C4EDD57A83E80700029907C9A7
:10EAD00004F5597383E80700039807C804F55C73CD
:10EAE00083E80700049B93E8070004F55F7383E85D
:10EAF0000700059B93E807009FED816B04F56275A5
:10EB000085E8070084EDE66B4FF0000BC4F8A0B376
:10EB100084F8A4B304F58360F3F79EFAC4F8C40341
:10EB200078B104F585600021016004F22C400022D8
:10EB300001604FF48071C4F83024C4F83424A4F880
:10EB4000381404F29440F3F787FA04F23C43C4F813
:10EB5000400488B100229A66DA661A675A679A6793
:10EB6000DA67C3F8802004F5886100204FF48073D1
:10EB7000C1E92000A4F8C83404F22450F3F76CFA79
:10EB800004F2CC42C4F8D00458B1002000214FF464
:10EB900080739066D066C4F83C15C4F84015A4F89C
:10EBA000443504F5B460F3F757FA04F5A963C4F8E3
:10EBB0004C0588B100229A66DA661A675A679A6726
:10EBC000DA67C3F8802004F5AA6100204FF480734F
:10EBD000C1E91F00A4F8D43504F5C660F3F73CFA88
:10EBE000C4F8DC0540B1012204F5BC63002000211B
:10EBF00084F84826C3E9180104F5D560F3F72CFA28
:10EC000004F5CA63C4F8540680B100220021012033
:10EC100084F8DA069A66DA661A675A679A67DA67D4
:10EC2000C4F8D016C4F8D416A4F8D81604F2347078
:10EC3000F3F712FA04F2DC62C4F8E00660B10021D6
:10EC400000204FF480739166D1661167C4F85007B5
:10EC5000C4F85407A4F8583704F2B470F3F7FCF979
:10EC600004F25C72C4F8600760B1002100204FF428
:10EC700080739166D1661167C4F8D007C4F8D407D1
:10EC8000A4F8D83704F63400F3F7E6F904F2DC719F
:10EC9000C4F8E00750B10020886600224FF480716C
:10ECA000C4F84828C4F84C28A4F8501804F6AC005E
:10ECB000F3F7D2F904F65402C4F8580860B1002101
:10ECC00000204FF480739166D1661167C4F8C808BC
:10ECD000C4F8CC08A4F8D03804F51360F3F7BCF9F5
:10ECE000C4F8DC0840B1012384F8303AF022002156
:10ECF00004F514600BF0F2FA35B0BDE8F08F00BFF8
:10ED000000000000000000000000000000797047D3
:10ED100070B5002284B0044601211B481B4EEDF75C
:10ED2000FFFA210A220C230E8DF80B408DF80A10F1
:10ED30008DF809208DF8083001F0D8F904460D4609
:10ED400008E001F0D3F9031B61EB0502142B72F10B
:10ED500000030DD23046F0F763F80128F1D1022309
:10ED600000930A48042303AA02A9EFF70FFF40B15A
:10ED70000024012204481146EDF7D2FA204604B0DF
:10ED800070BD039C24BAF4E700040240E888002028
:10ED900070B5002284B0044610211B481B4EEDF7CD
:10EDA000BFFA210A220C230E8DF80B408DF80A10B1
:10EDB0008DF809208DF8083001F098F904460D46C9
:10EDC00008E001F093F9031B61EB0502142B72F1CB
:10EDD00000030DD23046F0F723F80128F1D10223C9
:10EDE00000930A48042303AA02A9EFF7CFFE40B11B
:10EDF0000024054801221021EDF792FA204604B0C4
:10EE000070BD039C24BAF4E700080240E8880020A3
:10EE10002DE9F04FB04E336889B001330022012B49
:10EE2000ADF818203360044600F034810F2B00F059
:10EE30003681AA48FFF76CFFA948FFF769FF07462C
:10EE4000A848FFF765FF8246A648FFF761FF8046A6
:10EE5000A348FFF79DFFA448FFF79AFF8346A34806
:10EE6000FFF796FF0546A248FFF792FF00909D48E6
:10EE7000FFF78EFF01909B48FFF78AFF0023814632
:10EE800084F8A032002D44D0009A002A41D0019984
:10EE900000293ED0BBF1000F3BD0D7B3BAF1000F31
:10EEA00037D0B0B3B8F1000F33D0C5F30163012BF5
:10EEB0007AD1C2F30163012B76D1C1F30163012B37
:10EEC00072D1CBF30163012B6ED1C7F30163012B28
:10EED0006AD1CAF30163012B66D1C0F30163012B30
:10EEE00062D1C8F30163012B5ED14AF30F20009079
:10EEF00048F30F2045F30F23019042F30F2241F313
:10EF00000F214BF30F2547F30F2749F30F2901205A
:10EF10000BE00123002084F8A0320190814600908C
:10EF200007460546014602460346D6F8008008F12A
:10EF3000FF3CBCF10E0F00F2C8804FF0000A8DF8C4
:10EF40001800D346504663F30F0A62F31F4A009A33
:10EF5000034667F30F0062F31F40019A61F30F0B42
:10EF600069F30F0362F31F4365F31F4BCDE90403FD
:10EF7000CDE902AB0DF1080EBEE80F000CEBCC0C96
:10EF800004EB4C0CB8F10F0FCCF86C30BEF800302D
:10EF9000CCF86000CCF86410CCF86820ACF8703085
:10EFA00052D009B0BDE8F08F012384F8A032514857
:10EFB000CDE90021FFF7ECFE4F48FFF7E9FE000A1C
:10EFC000A4F8A2024D48FFF7E3FE000AA4F8A40249
:10EFD0004B48FFF7DDFE000AA4F8A6024948FFF7F8
:10EFE000D7FE000AA4F8A8024648FFF7D1FE000A9F
:10EFF000A4F8AA023F48FFF78BFE3F48FFF788FEC0
:10F00000000AA4F8AC024048FFF782FE000AA4F808
:10F01000AE023B48FFF77CFE000AA4F8B002394874
:10F02000FFF776FE000AA4F8B2023648FFF770FE3A
:10F0300094F8A032000ADDE90021A4F8B402002B04
:10F040003FF453AF002068E794F8B63263B300236F
:10F0500084F8703084F8823084F8943084F8A630D4
:10F0600084F8B83084F8CA3084F8DC3084F8EE30A4
:10F0700084F8003184F8123184F8243184F8363170
:10F0800084F8483184F85A3184F86C31336009B01F
:10F09000BDE8F08F01F02AF8C4E95C01C9E601F08F
:10F0A00025F8C4E95E01C4E64FF4907204F16001F2
:10F0B00004F5C0700BF0EAF8BFF35F8F012384F80A
:10F0C000B6321920ECF7AAF8C1E7104B104A1148E4
:10F0D0004FF48E710AF076FF10F10020FB00000C57
:10F0E000F7000004E300001CE9000010EF0000142A
:10F0F000E5000018D5000038910000409D00004850
:10F10000890000508F00005497000044C0CC0208D2
:10F1100018CD02083CCD02082DE9F04F0446012726
:10F1200085B0CB482771FFF733FECA48FFF7F0FDE3
:10F13000C748FFF7EDFD1920EBF716FCC648FFF7AF
:10F1400027FEC648FFF724FE0646C548FFF720FE07
:10F150000546C348FFF71CFEC5F30F25C0F30F2279
:10F16000C0490095C6F30343601D0BF04BFDBE483C
:10F17000FFF7CEFDBD48FFF7CBFDBD48FFF7C8FD4B
:10F18000BA48FFF7C5FDBB48FFF7C2FDB748FFF718
:10F19000BFFDB648FFF7BCFDC0F30220072804D02E
:10F1A0000023237105B0BDE8F08FB348FFF7B0FD31
:10F1B000B248FFF7ADFDB248FFF7AAFD8246B1485D
:10F1C000FFF7A6FD8146B048FFF7A2FD0390AF48C8
:10F1D000FFF79EFD8046AE48FFF79AFD0290AD48CE
:10F1E000FFF796FD0646AC48FFF792FD83469A4826
:10F1F000FFF78EFD05469848FFF78AFD4AF3072280
:10F2000006EE102A4AF3074206EE902ADFEDA37AB3
:10F21000039AF8EEE66AB7EE007AB8EEC66A66EED2
:10F22000A76AF0EE475AE6EE275A42F3072142F367
:10F23000074206EE101AC4ED066A06EE902AB8EEF2
:10F24000C66A0299C4ED055AF8EEE66AF0EE475A2E
:10F25000E6EE275A41F3072241F3074166EEA76A1B
:10F2600006EE102AC4ED0A6A06EE901AB8EEC66AD7
:10F27000F8EEE66AC4ED095AF0EE475AE6EE275A70
:10F280004BF3074240F30723B0EE476AA6EEA76AA6
:10F29000C4ED0D5A84ED0E6A06EE102A4BF30722D8
:10F2A00006EE902AF8EEE66AB8EEC66A66EEA76A3F
:10F2B000F0EE475A40F30742E6EE275A06EE102AD0
:10F2C000C4ED116A06EE903AB8EEC66AF8EEE66A48
:10F2D000A6EE277A49F3072366EEA76A84ED167A2D
:10F2E000C4ED156A06EE903A49F3074307EE103A6B
:10F2F000F8EEE66AB8EEC77A66EEA76A27EE277AD6
:10F3000048F30723C4ED076A06EE903A48F3074333
:10F3100084ED087A07EE103AF8EEE66AB8EEC77A9E
:10F3200066EEA76A46F3072327EE277AC4ED125A42
:10F3300005EE903A46F30743C4ED0B6A06EE903AA9
:10F3400045F3072345F3074506EE103A84ED0C7AA2
:10F3500007EE105AF8EEE55AF8EEE66AB8EEC66A1D
:10F36000B8EEC77A65EEA75A66EEA76A26EE276A58
:10F370002379C4ED0F5A67EE277AC4ED106A84ED45
:10F38000136AC4ED147A002B3FF40CAF3148FFF739
:10F39000BFFC2F48FFF7BCFC1920EBF7E5FA40480B
:10F3A000FFF7F6FC3E48FFF7B3FC3D48FFF7B0FC23
:10F3B0004620EBF7D9FA3B48FFF7EAFC3A48FFF75B
:10F3C000E7FC2348FFF7A4FC1920EBF7CDFA3448FB
:10F3D000FFF79EFC3248FFF79BFC3846EBF7C4FA78
:10F3E0003048FFF795FC40F29510EBF7BDFA2F4837
:10F3F000FFF7CEFC2D48FFF78BFC2D48FFF7C8FC2C
:10F400002B48FFF7C5FC0320EBF7AEFA2848FFF7BF
:10F41000BFFC05462648FFF77BFC2548FFF778FC34
:10F420000320EBF7A1FA2248FFF772FCC5F3016550
:10F43000012DC0F301603FD101283DD12379002B7C
:10F440003FF4B0AE1B4805B0BDE8F04FEFF7B2BDDA
:10F450007C0100E0730000FCB9000070BF00007484
:10F46000B5000078ACCD0208AA1000E4A700006443
:10F470008F0800E4E02000E41A0500FCCB00002C1B
:10F480009B00004C890000508F00005485000058FC
:10F490008300005CA1000060AB00006C00008039BC
:10F4A000670000E49E1212D8482202E85B0200E0E6
:10F4B000D50000385C8B00202748FFF769FC264800
:10F4C000FFF726FC1920EBF74FFA2448FFF760FC02
:10F4D0002248FFF71DFC2148FFF71AFC3220EBF70A
:10F4E00043FA1F48FFF754FC1E48FFF751FC1C4825
:10F4F000FFF70EFC2D20EBF737FA40F29510EBF7F3
:10F5000033FA1948FFF744FC1748FFF701FC174886
:10F51000FFF73EFC1548FFF73BFC0320EBF724FA0E
:10F520001248FFF735FC05461048FFF7F1FB0F487E
:10F53000FFF7EEFB0320EBF717FA0C48FFF7E8FBA9
:10F54000C5F30165012DC0F301607FF429AE0128E8
:10F550003FF474AF24E600BF7C0100E0670000E4E4
:10F560009E1212D8482202E85B0200E0D500003863
:10F5700008B5094B5B68C3F308033BB1074803793F
:10F580001BB1BDE80840FFF743BC08BD044B054A6A
:10F590000548C7210AF016FD00ED00E03800002004
:10F5A000BCCD020818CD02083CCD020808B90448B9
:10F5B000704708B5034A044B04481A210AF002FDBB
:10F5C00038000020E0CD0208D0BC02083CCD020883
:10F5D0002DE9F0412DED068BC8B00446FEF758FF2B
:10F5E0009E4F4FF49072002105464FF40008684684
:10F5F0000AF074FEF5F786FBC7F88480BFF34F8FDF
:10F60000BFF36F8F94F8B622F2B902F0FF03C7F888
:10F6100004809FED938A1C46F5F796FB95F8893098
:10F62000F0EE488AB0EE489AB0EE48AAF0EE489A5A
:10F63000F0EE48AA26462746002B40F0E88048B066
:10F64000BDEC068BBDE8F081BFF35F8F4FF4907285
:10F6500004F5C071684600260AF018FE84F8B66208
:10F66000C7F80480F5F770FB2379002B00F0EE80DB
:10F670009FED7B4A0DF11203B0EE449AB0EE443A8E
:10F68000F0EE443AF0EE444AF0EE442A48A813F86B
:10F69000022C012A30D133F9122C05EE102A33F94D
:10F6A000102C05EE902A33F90E2C06EE102A33F9B1
:10F6B0000C2C06EE902A33F90A2C07EE102A33F9A7
:10F6C000082C07EE902AB8EEC55AF8EEE55AB8EEC7
:10F6D000C66AF8EEE66AB8EEC77AF8EEE77A72EE36
:10F6E000852A74EEA54A73EE863A33EE263A39EE51
:10F6F000079A34EE274A013612339842C7D1002EBA
:10F7000000F0A88007EE906ADFED566A9FED567A0A
:10F71000DFED565A9FED566AD4ED068AD4ED0F9A66
:10F7200094ED15AA94ED0C8A94ED145AD4ED12AA16
:10F7300094ED092AF8EE677ADDE9466727EE877AC5
:10F7400067EEA67AC5EE876ADDE94423760852089B
:10F7500046EAC77642EAC372B6184FEA530343EB50
:10F76000570795F8893086EE277A66EEA44A27EE89
:10F77000099A23EE073AD4ED057AD4ED0E5A94EDAA
:10F78000106A69EE288A66EEA22AE3EE278A64EE02
:10F79000A99AD4ED0B7A24EE8AAA29EE088AA2EE61
:10F7A00085AAE2EEA59AA3EE278A27EE044A63EE25
:10F7B000A67A94ED0D7AD4ED086A94ED165AD4ED3C
:10F7C000075A64EEAAAA29EE029AD4ED114AA3EED2
:10F7D000269AA4EE078AE7EE869AE2EEA4AAA7EE9E
:10F7E00085AAE4EE258AD4ED136A94ED0A7AE7EE51
:10F7F000A6AA0124A4EE079AF1EE699AB1EE4AAAEC
:10F80000F1EE688AB1EE488A002B3FF418AF6868C1
:10F810000521F2F769FC00287FF411AF6868C5ED97
:10F820001AAAC5E92067C5ED1B9A85ED1CAA85EDCE
:10F830001D9AC5ED1E8A85ED1F8A85F8884048B05F
:10F84000BDEC068BBDE8F041F2F772BC9FED048A77
:10F850001C46E3E69FED028A3446DFE600E100E065
:10F86000000000000000A04200489945CDCC1C419A
:10F8700035FA8E3C2DE9F04FC34B04460D4618680F
:10F88000197921710023C4F80630C4F80A30C4F88D
:10F890000E30A37423756375A375E37592F8203059
:10F8A0002978206097B06171002B00F09480136874
:10F8B0009FEDB67A07EE903AF4EEC77AF1EE10FAC1
:10F8C00040F2EE802E233E21CDE914311E20362356
:10F8D000CDE9123026261623CDE910360E273A231D
:10F8E000CDE90E374FF02A0C1A23CDE90C3C4FF02E
:10F8F000320E2223CDE90A3E4FF012080A23CDE949
:10F90000083806234FF03C0A07932C23CDE9043A2C
:10F910004FF01C0B3423CDE9023B02263823019320
:10F920004FF0240B4FF014094FF00C084FF0280E45
:10F930004FF0180C30212023102008274FF0040A24
:10F94000069656689FED917A07EE906AF4EEC77AB4
:10F95000F1EE10FA07D89FED8E7AF4EEC77AF1EE49
:10F9600010FA80F2F08096689FED887A07EE906A30
:10F97000F4EEC77AF1EE10FA37D89FED857AF4EEFF
:10F98000C77AF1EE10FA30DB9FED827A059B019386
:10F9900067EE877A4746FDEEE77A92F82180029972
:10F9A00084F812A017EE906ADDE903CE5B46484664
:10F9B0006681B8F1000F1DD10023E37405222146B2
:10F9C0007548EBF74FFC2B786061013320462B70B4
:10F9D00017B0BDE8F08F382301934FF0280E4FF099
:10F9E000180C302120231020082792F82180B8F12C
:10F9F000000FE1D0D6689FED697A07EE906AF4EEC9
:10FA0000C77AF1EE10FA13D89FED657AF4EEC77A53
:10FA1000F1EE10FA0CDB9FED637A0199A77467EEA3
:10FA2000877A7346FDEEE77A604617EE906AA68104
:10FA300016699FED5A7A07EE906AF4EEC77AF1EEF6
:10FA400010FA11D89FED567AF4EEC77AF1EE10FA5B
:10FA50000ADB9FED547AA07467EE877A0B46FDEEC1
:10FA6000E77A17EE901AE18152699FED4C7A07EE22
:10FA7000902AF4EEC77AF1EE10FA9DD89FED487AFD
:10FA8000F4EEC77AF1EE10FA96DB9FED467AA37496
:10FA900067EE877AFDEEE77A17EE903A23828BE7DE
:10FAA0009FED3B7AF4EEC77AF1EE10FAFFF60AAF5B
:10FAB0009FED387A67EE877A0123FDEEE77AA3742B
:10FAC0003F23159317EE903A2F21E3801F23CDE9B2
:10FAD000133137202723CDE9113017260F23CDE925
:10FAE0000F363B272B23CDE90D374FF01B0C33236B
:10FAF000CDE90B3C4FF0230E1323CDE9093E4FF027
:10FB00000B080723CDE907384FF03D092D23CDE938
:10FB100004394FF01D0A3523CDE9023A0326392373
:10FB200001934FF0250B4FF015094FF00D084FF0E2
:10FB3000290E4FF0190C31212123112009274FF0F4
:10FB4000050A0696FDE6069B9FED127AA374159BA7
:10FB5000059367EE877A149B0493139B0393FDEE42
:10FB6000E77A129B0293DDE90E3817EE906A019353
:10FB7000DDE9109BDDE90CCEDDE90A31DDE9087035
:10FB8000DDF81CA02681EEE6F8B402080C224442FF
:10FB90000C2244C2B210274470050020368DA740C5
:10FBA000368DA7C04A90C34538B5194B04469868AE
:10FBB0001B7B23710023E37123736373A373E372CD
:10FBC000A3726372A37123746374A374E3742372C6
:10FBD00092F8203020600D46C9786171E11D13B99B
:10FBE00092F8213033B19369D269C4F807302B7889
:10FBF0004A60A3710023E373042221460548EBF712
:10FC000031FBEB7820610133EB70204638BD00BF3B
:10FC1000F8B402087005002070B50446474E002075
:10FC20000D46A071D2F8A010E071A060207360733F
:10FC3000A073E073207420756075A075E07530695D
:10FC40002060307D207131F002016878607154D1FC
:10FC5000197D002951D00499097B00294DD0D2ED9E
:10FC6000007A9FED377AF4EEC77AF1EE10FA06DBF0
:10FC70009FED347AF4EEC77AF1EE10FA4CD91E20DB
:10FC80001C21D2ED017A9FED307AF4EEC77AF1EEC5
:10FC900010FA10DB9FED2D7AF4EEC77AF1EE10FA30
:10FCA00009D89FED2B7A67EE877A0146FDEEE77A59
:10FCB00017EE902A22811A68DFED266A07EE102AD5
:10FCC00027EE267ABDEEC77A17EE102A62815B68AE
:10FCD000217407EE103A049B1B6827EE267A07EE84
:10FCE000903ABDEEC77A67EEA67A17EE103AFCEEB0
:10FCF000E77AA38117EE903AE3810023A4F811304C
:10FD0000E374052221461448EBF7ACFA6B78606186
:10FD100001336B70204670BDDFED106A9FED107AE5
:10FD200077EEA67A1F2067EE877AFCEEE77A17EE69
:10FD3000901AE180012121741D21A2E7F8B4020884
:10FD400000007AC400401C46000096C300009643A1
:10FD50003373DA42E1F822467005002000007A444D
:10FD6000B4A5BE4038B5184B044698691B7F237173
:10FD70000023E37123736373A373E372A37263724B
:10FD8000A37123746374A374E3742372D2F8A03054
:10FD900020600D4633F002030979617107D16B7859
:10FDA000A371D2E92603C4F80700C4F80B3000237E
:10FDB000E373042221460548EBF754FA2B792061BE
:10FDC00001332B71204638BDF8B4020870050020BD
:10FDD00038B5264B04460D46186A93F82410217155
:10FDE0000023C4F80630A372E37223736373A37312
:10FDF000E37323746374A374E37423766376A37646
:10FE0000E376D2F8A030A978206033F00203617164
:10FE10001FD1DFED176A92ED167AD2ED177A27EE31
:10FE2000267A67EEA67ABCEEC77AFCEEE77A17EE82
:10FE3000103A98B217EE903A01289BB238BF0120D1
:10FE4000012B38BF01232381D2E92613E080E16032
:10FE5000236100236361062221460648EBF702FA7C
:10FE6000AB78A0610133AB70204638BDF8B402080E
:10FE7000E1F822467005002070B50F4EC0F80A3038
:10FE8000044600230D46C0F80620037443748374AF
:10FE9000C374C381014696F82C30B06A2060237188
:10FEA00004226B7905486371EBF7DCF96B7920610B
:10FEB00001336B71204670BDF8B402087005002054
:10FEC0000E4A0F4910B50446106B92F83420227187
:10FED000002344F250622060A160A4F80520E37181
:10FEE00023746374A374E374E36004222146054819
:10FEF000EBF7B8F92061204610BD00BFF8B4020846
:10FF000001000600700500202DE9F8433E4D2B78D6
:10FF1000BFF35B8F0446D8073AD5DFF80C813B4D21
:10FF20002B78BFF35B8FD9075DD5DFF80091384D93
:10FF30002B78BFF35B8FDA0747D5364F364D2B78DA
:10FF4000BFF35B8FDB0733D5344EB8F80030A4F82D
:10FF500005303368C4F80F30314BD9F800003968E8
:10FF600093F83C50C4F80700986BC4F80B100023BA
:10FF7000206005222146257123756375A375E375FD
:10FF8000E3742848EBF76EF960612046BDE8F8831A
:10FF9000284608F00FFBDFF890800028BFD0EAF772
:10FFA000F5FC03462846A8F8003008F00FFBB6E73A
:10FFB000284608F0FFFA194E0028C6D0EAF7FAFCE6
:10FFC0003060284608F002FBBFE7284608F0F2FA46
:10FFD0000028B2D0EAF7E8FC0E4F034628463B6003
:10FFE00008F0F4FAAAE7284608F0E4FADFF83C90B3
:10FFF00000289CD0EAF7D2FC03462846C9F8003016
:020000040802F0
:1000000008F0E4FA93E700BF20F1002014F100208B
:1000100018F1002028F100201CF100202CF1002014
:10002000F8B402087005002030F1002024F100200F
:1000300070B51A4C84B000F059F8D4E90032B0EB36
:10004000030C174B61EB020E0025634575EB0E03A5
:10005000CDE9000103D3C4E9000104B070BD114E25
:100060002B4630682A466946F2F772F9033005D00C
:10007000DDE90001C4E9000104B070BD2B46306821
:100080002A4602A9F2F79AF903460028F0D130680F
:100090001A466946F2F75CF9EAE700BF38F100203A
:1000A0008F5F01001C06002070B506460D46FEF766
:1000B000EFF990F848363BB90020FDF7D9FBBDE8D1
:1000C00070400621FDF704BC04460521D0F8DC058C
:1000D000F2F70AF80028EFD1D4F8DC05C4F840663E
:1000E000C4F84456F2F724F8E6E700BF024A4FF09E
:1000F0008043516A586A7047000C0040704700BF47
:1001000038B51A4C2568D5B10020FCF7E7F9FCF7A3
:10011000F7F90020FCF79CFFFCF7CAFF0020FDF771
:10012000A7FB0121FDF7D4FB2368114A114903FB0A
:1001300002F2B1EBB20F0FD20133236038BD284673
:10014000FDF796FB0F21FDF7C3FB2846FDF790FB5B
:100150001F21FDF7BDFBD7E70020FDF789FB052137
:10016000FDF7B6FB23680133236038BD40F1002062
:10017000CDCCCCCCCCCCCC0C10B50020F5F752F8C3
:100180000446FFF7B3FF02460B462046F5F710F989
:100190000020FCF75DFFFDF707F90020FCF7C4FA2B
:1001A000FCF704FB0020FCF7BFFA0446FFF79EFFB4
:1001B00002460B462046FCF737FB114C0020FDF7AA
:1001C00057FB0221FDF784FB23680E4A0E4903FB0F
:1001D00002F2B1EB720F02D20133236010BD002096
:1001E000FDF746FB0321FDF773FB0020FDF740FB05
:1001F0000421FDF76DFB23680133236010BD00BFB0
:1002000044F10020CDCCCCCC99999919013808B58E
:100210001E2811D8DFE800F011181F262D34101009
:100220001010101010103B101010101010101010A3
:10023000101010101010420008BD0020FDF718FB30
:10024000BDE80840FDF710BD0020FDF711FBBDE83B
:100250000840FDF7E3BD0020FDF70AFBBDE80840BC
:10026000FEF726B80020FDF703FBBDE80840FDF7C8
:1002700027BF0020FDF7FCFABDE80840FDF748BDA8
:100280000020FDF7F5FABDE80840FDF79DBD002010
:10029000FDF7EEFABDE80840FDF72CBB0020FDF7A6
:1002A000E7FABDE80840FDF7C1BB00BF70B5F6F73F
:1002B000F3FF044600686E4D002828D1A06800288E
:1002C00033D1206900283ED1A069002849D1206A95
:1002D000002854D1A06A00285FD1206B00286AD181
:1002E000A06B002875D1206C002840F08180A06CA4
:1002F000002840F08D80206D002840F09980A06D8E
:10030000002840F0A5802B6801332B6070BD2E685B
:10031000F7F722F8B6FBF0F303FB1066002ECDD101
:1003200063689847A0680028CBD02E68F7F714F8C8
:10033000B6FBF0F303FB1066002EC2D1E3689847CA
:1003400020690028C0D02E68F7F706F8B6FBF0F356
:1003500003FB1066002EB7D163699847A069002897
:10036000B5D02E68F6F7F8FFB6FBF0F303FB106686
:10037000002EACD1E3699847206A0028AAD02E68E5
:10038000F6F7EAFFB6FBF0F303FB1066002EA1D1EF
:10039000636A9847A06A00289FD02E68F6F7DCFFB2
:1003A000B6FBF0F303FB1066002E96D1E36A984784
:1003B000206B002894D02E68F6F7CEFFB6FBF0F342
:1003C00003FB1066002E8BD1636B9847A06B00284F
:1003D00089D02E68F6F7C0FFB6FBF0F303FB10667A
:1003E000002E80D1E36B9847206C00283FF47FAF4C
:1003F0002E68F6F7B1FFB6FBF0F303FB1066002E94
:100400007FF475AF636C9847A06C00283FF473AF1E
:100410002E68F6F7A1FFB6FBF0F303FB1066002E83
:100420007FF469AFE36C9847206D00283FF467AF15
:100430002E68F6F791FFB6FBF0F303FB1066002E73
:100440007FF45DAF636D9847A06D00283FF45BAF0C
:100450002E68F6F781FFB6FBF0F303FB1066002E63
:100460007FF451AFE36D98472B6801332B6070BD6B
:1004700048F10020F6F764B810B50020FFF796F8B1
:10048000FFF7A6F8094C0020F4F7CCFEF4F70CFFB8
:100490002368DA0702D50133236010BD044B1868C6
:1004A000F1F7F0FE23680133236010BD4CF100200A
:1004B00018090020012808B505D8F5F749F8BDE866
:1004C0000840F5F745BA034B034A0448312109F0C7
:1004D00079FD00BF38CE02085CCE020820CF0208AA
:1004E00008B50020F5F7E6FBF5F762FE0020F4F70B
:1004F00099FEBDE80840F4F71FBF00BF08B5002013
:10050000FCF708FCFCF7A4FC0020FCF757FAFCF70A
:1005100081FA0020FCF79CFDBDE80840FDF70EB90C
:1005200008B5FDF7B5FFFEF7D3F90020F5F7C2FBDC
:1005300003681B6898470020F5F7BCFB03685B68FD
:10054000984728B94A4B4B4A4B48F92109F03AFDE4
:100550000020FCF7DFFB03681B6898470020FCF7CE
:10056000D9FB03685B6898470028EBD00020FFF7B1
:100570001DF803681B6898470020FFF717F8036809
:100580005B6898470028DDD00020F4F7E1FF03689E
:100590001B6898470020F4F7DBFF03685B68984707
:1005A0000028CFD00120F4F7D3FF03681B689847D9
:1005B0000120F4F7CDFF03685B6898470028C1D09D
:1005C0000020F7F76BFB03681B6898470020F7F7DC
:1005D00065FB03685B6898470028B3D00120F7F7F4
:1005E0005DFB03681B6898470120F7F757FB03681A
:1005F0005B6898470028A5D00020FCF729FD036818
:100600001B6898470020FCF723FD03685B68984748
:10061000002897D00020FCF7D1F903681B689847A1
:100620000020FCF7CBF903685B689847002889D065
:100630000020F5F759FF03681B6898470020F5F77D
:1006400053FF03685B68984700283FF47BAF0020A6
:10065000F6F7B6FD03681B6898470020F6F7B0FD73
:1006600003685B68984700283FF46CAF08BD00BF83
:1006700084BC02086CCF020884CF0208FFF714BDC7
:1006800081B110B4084C014410F8013B5340DBB277
:10069000884254F8233083EA1222F5D1D0435DF822
:1006A000044B7047D0437047A0CF020870B5194E75
:1006B0003378BFF35B8FDB0705460C460BD5022C66
:1006C00021D8154804EBC404294600EB0420BDE8FA
:1006D000704003F099BB304607F06CFF0028EED065
:1006E000022201210C4801F073FE052203210B4870
:1006F00001F06EFE06220421094801F069FE304631
:1007000007F064FFDBE7074B074A0848142109F0AC
:1007100059FC00BF50F1002060F1002060FA002079
:1007200060030120A0D30208C4D3020800D4020849
:1007300070B5194E3378BFF35B8FDB0705460C4667
:100740000BD5022C21D8154804EBC404294600EB34
:100750000420BDE8704002F0B3B9304607F02AFF2C
:100760000028EED0022201210C4801F031FE0522C2
:1007700003210B4801F02CFE06220421094801F058
:1007800027FE304607F022FFDBE7074B074A084801
:10079000142109F017FC00BF50F1002060F1002087
:1007A00060FA002060030120A0D30208C4D302082D
:1007B00000D4020838B5184D2B78BFF35B8FDB07E8
:1007C00004460AD5022C20D8144804EBC40400EBDC
:1007D0000420BDE8384002F04DBA284607F0EAFE92
:1007E0000028EFD0022201210C4801F0F1FD052282
:1007F00003210B4801F0ECFD06220421094801F019
:10080000E7FD284607F0E2FEDCE7074B074A084809
:10081000142109F0D7FB00BF50F1002060F1002047
:1008200060FA002060030120A0D30208C4D30208AC
:1008300000D402082DE9F041194E3378BFF35B8FE5
:10084000DB0707460D4614460CD5022C22D8154866
:1008500004EBC4043A462B4600EB0420BDE8F0410B
:1008600006F092BA304607F0A5FE0028EDD002222D
:1008700001210C4801F0ACFD052203210A4801F0DA
:10088000A7FD06220421094801F0A2FD304607F029
:100890009DFEDAE7064B074A0748142109F092FB50
:1008A00050F1002060F1002060FA00206003012078
:1008B000A0D30208C4D3020800D4020838B5184DEA
:1008C0002B78BFF35B8FDB0704460AD5022C20D8B8
:1008D000144804EBC40400EB0420BDE8384002F0E7
:1008E000B5BA284607F066FE0028EFD002220121A3
:1008F0000C4801F06DFD052203210B4801F068FD55
:1009000006220421094801F063FD284607F05EFE37
:10091000DCE7074B074A0848142109F053FB00BFE6
:1009200050F1002060F1002060FA002060030120F7
:10093000A0D30208C4D3020800D4020870B5194E2F
:100940003378BFF35B8FDB0705460C460BD5022CD3
:1009500021D8154904EBC404284601EB042102F018
:10096000FBF8284670BD304607F024FE0028EED084
:10097000022201210C4801F02BFD052203210B4826
:1009800001F026FD06220421094801F021FD304630
:1009900007F01CFEDBE7074B074A0848142109F063
:1009A00011FB00BF50F1002060F1002060FA002030
:1009B00060030120A0D30208C4D3020800D40208B7
:1009C00000487047600C012000487047840C0120EB
:1009D00030B5D0E900530C682DED028B98004FF034
:1009E000000E04F1400C9FED3F7A2146F0EE476A7D
:1009F000B0EE476AF0EE475AB0EE475AF0EE474A7B
:100A0000B0EE474AF0EE473A05EB8E03F1EC017A7F
:100A100093ED008AD3ED020A93ED031AD3ED041A85
:100A200093ED052AD3ED062A93ED073AE7EE883ACF
:100A3000614593ED018AE7EEA04A0344A7EE884A98
:100A4000A7EE815AE7EEA15AA7EE826AE7EEA26A04
:100A5000A7EE837ADAD192ED008AD2ED010A92ED07
:100A6000021AD2ED031A92ED042AD2ED052A92ED74
:100A7000063AD2ED077AA3EE808A0EF1080EBEF197
:100A8000100FF0EE603AE4EE003A02F12002B0EE10
:100A9000414AA4EE804AF0EE614AE5EE004AB0EE2B
:100AA000425AA5EE805AF0EE625AE6EE005AB0EED7
:100AB000436AA6EE806AE7EE007A02ED088A42ED0C
:100AC000073A02ED064A42ED054A02ED045A42EDAC
:100AD000035A02ED026A42ED017A84D1BDEC028B29
:100AE00030BD00BF00000000F0B500F5826593B096
:100AF0000446284605F01CFB04F5EE63D3ED007AAE
:100B000037EE800A284683ED000A05F015FB04F253
:100B10007473D3ED007A37EE800A0DF12F0683ED62
:100B2000000A26F00F06294603A805F009FB06F186
:100B300010019FED541ADDED040A9DED030A0191A9
:100B400004F5F067084607F01DF801993A4630466B
:100B500006F0D0F996E80F0087E80F00384606F057
:100B600075FA294605A805F0F3FA04F5F263D3ED0A
:100B7000007A9DED057ADDED066A77EE877A04F25C
:100B80009472C3ED007A92ED007A37EE267A04F57E
:100B9000F36382ED007ADDED076AD3ED007A77EE3C
:100BA000A67A2946C3ED007A05A805F0DFFA04F21B
:100BB0009C73D3ED007A9DED057ADDED066A77EE44
:100BC000877A04F5F462C3ED007A92ED007A37EE8D
:100BD000267A04F2A47382ED007ADDED076AD3ED84
:100BE000007A77EEA67A2946C3ED007A05A805F0CB
:100BF000CBFA04F5F563D3ED007A9DED057ADDEDD2
:100C0000066A77EE877A04F2AC72C3ED007A92ED51
:100C1000007A37EE267A04F5F66382ED007ADDED90
:100C2000076AD3ED007A77EEA67A294605A8C3EDC8
:100C3000007A05F0B7FA04F2B472D2ED007A9DEDB5
:100C4000057ADDED066A77EE877A04F5F763C2ED83
:100C5000007A93ED007A37EE267A04F2BC7483EDC5
:100C6000007AD4ED007ADDED076A77EEA67A4022AD
:100C700000212846C4ED007A13B0BDE8F04009F029
:100C80002DBB00BF0000000010B5D0F85041022C71
:100C900000DD10BDC4EBC40370EE607A61EE811A12
:100CA00000EB031C8CED000ACCED010ACCED027ABE
:100CB000CCED031A8CED041AD1F800E0CCF820E05A
:100CC000D1F804E0CCF824E0D1F808E0CCF828E032
:100CD000D1F80CE0CCF82CE0D1F810E0CCF830E002
:100CE000D1F814E0CCF834E0D1F818E0CCF838E0D2
:100CF000D1F81CE0CCF83CE0D1F820E0CCF840E0A2
:100D0000D1F824E0CCF844E0D1F828E0CCF848E071
:100D1000D1F82CE0CCF84CE0D1F830E0CCF850E041
:100D2000D1F834E0CCF854E0D1F838E0CCF858E011
:100D3000C96BCCF85C10013401238CF860208CF86E
:100D40006130C0F8504110BD2DE9F047D0F8A82619
:100D50002DED068B022A94B040F31D81D0F8A43605
:100D6000033300F5D46993FBF2F102FB113309EB75
:100D7000431393ED080A93ED077AD3ED067A20EE3C
:100D8000000A0DF11705A7EE070A044625F00F0526
:100D9000A7EEA70AB5EE400AF1EE10FA00F10881BD
:100DA000B1EEC08A04F6B40804F50B6704F6AC068D
:100DB000D8ED007A97ED007ADFED836A67EEA77AC7
:100DC00038EE668AE7EE077A96ED007AE7EE077A64
:100DD000F5EE407AF1EE10FA00F1E380F1EEE78AE9
:100DE000D4F8B00505F03EFB8246D0ED307AB0EE87
:100DF000C87AB4EEE77AF1EE10FA0CD89FED729A49
:100E0000D0ED317A78EEC98AB0EEE87AB4EEE77ABE
:100E1000F1EE10FA04D914B0BDEC068BBDE8F087F2
:100E200004F6F403D3ED007A98ED007A97ED006AAA
:100E3000D4F8A826D6ED006A04F6E803D3ED004AFC
:100E400004F6DC0393ED005A27EE877A04F6D40308
:100E5000D3ED003A04F50E63A6EE247A022AD3ED10
:100E6000002A04F6EC03D3ED000A04F6D80393ED50
:100E7000004A04F6E40393ED003A04F50F63A6EE8E
:100E8000857AD3ED006A40F38680D4F8A436033324
:100E900037EE097A93FBF2F102FB113309EB4313AE
:100EA00078EEC78A93ED087AD3ED075A93ED066A78
:100EB00067EE877A60EE870AE4EEA57A4022002189
:100EC00026EE877AE2EEA50A2846A3EE257AE5EE1D
:100ED000067AE3EE860AA4EE067A77EE897AB0EE19
:100EE00060AA38EE678AF0EE479A09F0F7F9022017
:100EF00005F008F90130F0EEE88AB0EEC88A0F2854
:100F000068EE898A28EE098A57D804F5B763D3EDCD
:100F1000007A9FED2E0AB7EE007AC7EE271A05EB8E
:100F2000800004F58A6401222946B4EEE88A80ED47
:100F3000009AF1EE10FA9AED2F1ACDED001A58BF73
:100F4000F0EE488A31EE281AF1EE4A0A20468DED7D
:100F5000011AFFF799FE40220021284609F0BEF948
:100F6000022005F0CFF80F2827D805EB8003204694
:100F7000174CDDED001A9DED011A9FED140A1C605F
:100F80002946F1EE690A0122FFF77EFE14B0BDEC9E
:100F9000068BBDE8F0870F4B0F4A10484C2109F033
:100FA00011F8B0EE670A07F061FDF0EE408A17E72E
:100FB00007F05CFDB0EE408AF4E6094B094A0A48A6
:100FC0004FF4B77108F0FEFFCDCC1C4100000000CB
:100FD000CDCC1CC174D40208A8D4020818D50208CC
:100FE00088D50208C0D50208B8D602084368022B8B
:100FF00000D070472DE9F0478568D0F8C087C668F3
:10100000D0F8C497454576EB090300F5F8672DED58
:10101000028B044614D3D0F8A826022A7EDDD0F82D
:10102000A416CB1C00F5D46C93FBF2F002FB10333A
:101030000CEB4313D3E9040E854276EB0E0320D26A
:101040004FF0FF31C4F8A416C4F8141704F6AC012D
:101050000023002201206060C4F8A836C4F81837C5
:101060000A6004F50B6100200A6004F6B4010A600E
:101070000021C7E9000184F8FD38BDEC028BBDE812
:10108000F0878B1C013193FBF2FA02FB1A3391FBC0
:10109000F2FA02FB1A110CEB43130CEB411CD3E9DF
:1010A0000423DCE904A1524573EB0101C8D390424B
:1010B0007EEB0303C4D3281A66EB0E01E7F7F6FCB8
:1010C0009FED198A07EE900A04F5B86367EE887AF7
:1010D00093ED007AF4EEC77AF1EE10FAB0DCB5EBDE
:1010E000080066EB0901E7F7E1FC07EE900A04F55A
:1010F000B76367EE887A93ED007AF4EEC77AF1EE83
:1011000010FABADDDFED096A77EEC77A27EE267AA4
:10111000F4EEC77AF1EE10FAAFDD91E7044B054A21
:1011200005484C2108F04EFFBD3786356666663FA0
:1011300074D40208A8D4020818D502082DE9F04793
:10114000D0F818272DED048B0026022A92B080F8E3
:10115000B16480F8216580F89165C0F8A06540F31E
:101160008F80D0F81437033393FBF2F102FB113375
:1011700003EB430300F5E26505EBC305D5E90489FC
:10118000D0F88028D0F88438994508BF90450446A7
:1011900000F5086A1CD0D0F8C007D4F8C417404541
:1011A00071EB090314D3B0EB080061EB0901E7F719
:1011B0007DFCDFED3A7A07EE100A04F2D45367EEB5
:1011C000277A93ED007AF4EEC77AF1EE10FA0FD990
:1011D00094F8F8383BB9204612B0BDEC048BBDE85A
:1011E000F047FFF7B1BD12B0BDEC048BBDE8F0874E
:1011F00095ED088AB0EE480A06F008FCF0EE408A49
:10120000B0EE480A06F03CFCF4EE408AF1EE10FA2B
:10121000B0EE408ADCD60DF10F0727F00F07402211
:101220003146384609F05AF8304604F06BFF0F2873
:101230002CD807EB8000B7EE009A80ED009AD4F826
:10124000B40505F029F904F2C453D3ED001A28EED1
:10125000088A04F5EE63B0EE021AA8EE001A3246D0
:101260003946C9EE211A04F58A60D3ED000AB0EEC2
:10127000680AFFF709FDC4F88088CAF80490A7E758
:10128000074B084A08484C2108F09CFE074B084AC7
:1012900008484FF4B77108F095FE00BFBD3786359A
:1012A00074D40208FCD6020818D5020888D50208B2
:1012B000C0D50208B8D602082DE9F04FBDB00DF137
:1012C000470C2CF00F050446B0220021284609F0F7
:1012D00005F805F1100318460D9305F0BBFD4FF01E
:1012E0007E5204F5FA6EAA63EA632A646A64AA6409
:1012F000EA642A68DFEDD27ACEF8002005F12003F7
:101300006A68CEF80420049305F12C0205F1580315
:10131000C5ED087AC5ED097AC5ED0A7AC5ED0B7AF7
:10132000C5ED0C7AC5ED0D7AC5ED167AC5ED177AC7
:10133000C5ED187AC5ED197AC5ED1A7AC5ED1B7A97
:10134000C5ED1C7AC5ED1D7AC5ED1E7AC5ED1F7A77
:10135000C5ED207AC5ED217AC5ED227AC5ED237A57
:10136000C5ED247A05F138010592089304F634039B
:1013700005F164020691019305F170010D9B09923C
:101380000A9104F5046205F17C0102920B910FCBE6
:1013900004F5FC6B8BE80F00049807C804F5FE66A3
:1013A00086E80700059807C805F1440788350C95BD
:1013B00004F2FC7904F64C050797039589E80700C9
:1013C0000698019B07C804F6080888E807000798F4
:1013D00007C804F6140C8CE80700089807C804F541
:1013E000026704F6280AC7ED007AC7ED017A8AE899
:1013F0000700099807C883E807000A9807C8029BF6
:1014000083E807000B9A039B07CA83E807000C9B3D
:1014100093E807009FED886B04F6580585E8070000
:1014200060688EED266B4FF00003C4F8700830F052
:10143000020084F8743840F0E78104F5EE631A681E
:101440005B68CEF8043004F5F063CEF800201B682A
:10145000CBF8003004F284731A6804F2E4731A6063
:1014600004F5F1631A6804F5FD631A6004F28C73E5
:101470001A6804F2EC731A6004F5F2631B683360B7
:1014800004F294731A6804F2F4731A6004F5F363B7
:101490001A6804F5FF631A6004F29C731B68C9F8AC
:1014A000003004F5F4631A6804F500631A6004F26E
:1014B000A4731A6804F604031A6004F5F5631B6844
:1014C000C8F8003004F2AC731A6804F60C031A6012
:1014D00004F5F6631A6804F501631A6004F2B47344
:1014E0001B68CCF8003004F5F7631A6804F618039B
:1014F0001A6004F5F863D3E9008904F2BC7304F6BA
:101500001C02196894F8FD38116004F5076242E97D
:10151000028984F8743804F0F5FD0F2800F2778111
:1015200000EB001004F1100808EB800090ED000AB9
:10153000B5EE400AF1EE10FA00F1D381F1EEC07A77
:101540000120C7ED007A04F0DDFD0F2800F25F8175
:1015500000EB001008EB800090ED000AB5EE400AA9
:10156000F1EE10FA00F1B881F1EEC07A0220C7ED79
:10157000017A04F0C7FD0F2800F2498100EB001743
:1015800008EB870797ED000AB5EE400AF1EE10FA76
:1015900000F19B81F1EEC07A0F28CAED007A00F0CD
:1015A000368197ED110AB5EE400AF1EE10FA00F11E
:1015B0008781F1EEC07A04F62C03224A0320C3EDA2
:1015C000007A04F503631A6004F09CFD07460420CA
:1015D00004F098FD8146052004F094FD8246062023
:1015E00004F090FD0F2F00F2128107EB071308EBB8
:1015F000830393ED000AB5EE400AF1EE10FA58BFEE
:10160000F1EEC07A00F15581019BB9F10F0FC3EDE6
:10161000007A00F2FC8009EB091308EB830393EDD9
:10162000000AB5EE400AF1EE10FA58BFF1EEC07AAA
:1016300000F1388108E000BF000000000000000059
:1016400000000000880A863F029BBAF10F0FC3ED2D
:10165000007A00F2DC800AEB0A1308EB830393EDB7
:10166000000AB5EE400AF1EE10FA58BFF1EEC07A6A
:1016700000F11181039B0F28C3ED007A00F2C780AF
:1016800000EB001308EB830393ED000AB5EE400A6C
:10169000F1EE10FA58BFF1EEC07A00F1F5800F2F8D
:1016A00007F10103C5ED007A00F0B18003EB0313ED
:1016B00008EB830393ED000AB5EE400AF1EE10FA51
:1016C00058BFF1EEC07A00F1D88004F63803B9F1C2
:1016D0000F0FC3ED007A09F1010300F0988003EBCE
:1016E000031308EB830393ED000AB5EE400AF1EE15
:1016F00010FA58BFF1EEC07A00F1B88004F6440346
:10170000BAF10F0FC3ED007A0AF101037FD003EBAA
:10171000031308EB830393ED000AB5EE400AF1EEE4
:1017200010FA58BFF1EEC07A00F1998004F5056314
:101730000F28C3ED007A00F1010368D003EB031317
:1017400008EB830393ED000AB5EE400AF1EE10FAC0
:1017500058BFF1EEC07A7BD4023704F65C030F2F3A
:10176000C3ED007A53DC07EB071708EB870797ED0B
:10177000000AB5EE400AF1EE10FA62D4F1EEC07A3A
:1017800009F1020904F63C03B9F10F0FC3ED007A29
:101790003DDC09EB091908EB890999ED000AB5EE62
:1017A000400AF1EE10FA45D4F1EEC07A0AF1020ACD
:1017B00004F64803BAF10F0FC3ED007A27DC0AEBF9
:1017C0000A1A08EB8A0A9AED000AB5EE400AF1EE11
:1017D00010FA28D4F1EEC07A023004F654030F2830
:1017E000C3ED007A13DC00EB001008EB800898EDE5
:1017F000000AB5EE400AF1EE10FA0FD4F1EEC07A0D
:1018000004F50664C4ED007A3DB0BDE8F08F374BB7
:10181000374A38484FF4B77108F0D4FB07F026F97F
:10182000F0EE407AECE7019007F020F90198F0EE35
:10183000407AD1E7019007F019F90198F0EE407A6B
:10184000B4E7019007F012F90198F0EE407A97E7BB
:10185000019007F00BF90198F0EE407A7CE70190D7
:1018600007F004F90198F0EE407A5FE7019007F085
:10187000FDF80198F0EE407A40E7019007F0F6F8A5
:101880000198F0EE407A20E7019007F0EFF8019818
:10189000F0EE407A03E7019007F0E8F80198F0EEE7
:1018A000407AE7E6019007F0E1F80198F0EE407A1F
:1018B000CAE6049007F0DAF80498F0EE407AA3E65E
:1018C00007F0D4F8F0EE407A75E6049007F0CEF811
:1018D0000498F0EE407A5FE607F0C8F8F0EE407A40
:1018E00044E607F0C3F8F0EE407A29E688D502080E
:1018F00078D70208B8D602082DE9F04F2DED048BF9
:1019000005468BB0D0F8B005894604F0ABFD8046A3
:10191000D5F8B00504F0A6FD4FF48062002107461B
:10192000484608F0DBFC012004F0ECFB00EB001360
:101930000F2809EB830300F25F8205F6DC0292EDCB
:10194000007AD8ED116AD3ED007A27EE077A05F612
:10195000B80B27EE267ADBED006AE7EE267A05F66D
:10196000E802C3ED007A92ED007A98ED126ADBEDA1
:10197000006A27EE077A05F6F40227EE067AE7EE0C
:10198000267AC3ED007A92ED007A98ED136ADBEDCA
:10199000006A95F8FD2827EE077A27EE067AE7EE2B
:1019A000267AC3ED007A002A40F0A481D8ED148A8B
:1019B00098ED159A98ED168ACDED018A0023022044
:1019C000CDE90233CDE90633049308938DED059AF2
:1019D0008DED098A04F096FB05F6D403D3ED003AA9
:1019E000DBED004A05F6D80393ED004A05F50E63DA
:1019F000D3ED002A05F6E40393ED003A05F6EC0377
:101A000093ED007A05F50F63D3ED006A0E2800EB25
:101A1000001309EB830300F2F6819FEDEA6A68EE9A
:101A2000077A28EE268A27EE065A66EE865AE2EEF6
:101A3000867A0320A3EE068AF0EE451AB0EE652AF8
:101A4000E9EE221AA9EE032AA4EE068AE3EE867ACC
:101A5000E3EE861AA4EE062AA2EE865AE3EE065AB2
:101A600027EE276A66EEA77A27EE087A66EE886A7E
:101A7000A8EEA35AE8EE845AA2EEA16AE3EE217A18
:101A8000A2EE827AE3EE026AA3EE856AE4EE057ABC
:101A9000A3EEA57AE4EE256A64EEA77A24EE866AC0
:101AA00024EE877A64EEA66AC3ED107A83ED006AAD
:101AB00083ED017AC3ED116A04F024FB044604208F
:101AC00004F020FB0646062004F01CFB824605209D
:101AD00004F018FBD7ED057A0F2C67EEA77A00F219
:101AE0008B8104EB0413103505EB830292ED007A31
:101AF000B4EEE77AF1EE10FA4FEA830340F2FD808C
:101B0000D7ED087A0F2E67EEA77A00F2758106EB03
:101B1000061305EB830292ED007AB4EEE77AF1EE5C
:101B200010FA4FEA830340F2FC80D7ED0B7A0F28BE
:101B300067EEA77A00F2608100EB001305EB8302E9
:101B400092ED007AB4EEE77AF1EE10FA4FEA8303F1
:101B500040F2DD80D7ED0E7ABAF10F0F67EEA77A6B
:101B600000F24A810AEB0A1305EB830292ED007A38
:101B7000B4EEE77AF1EE10FA4FEA830340F2DB802D
:101B8000D7ED067A0F2C67EEA77A04F1010300F077
:101B9000338103EB031305EB830292ED007AF4EE3D
:101BA000C77AF1EE10FA4FEA830380F2CE80D7EDC8
:101BB000097A0F2E67EEA77A06F1010300F01C8167
:101BC00003EB031305EB830292ED007AF4EEC77A80
:101BD000F1EE10FA4FEA830380F2CB80D7ED0C7A56
:101BE0000F2867EEA77A00F1010300F0058103EBEF
:101BF000031305EB830292ED007AF4EEC77AF1EE5F
:101C000010FA4FEA830380F2AA80D7ED0F7ABAF177
:101C10000F0F67EEA77A0AF1010300F0ED8003EBE6
:101C2000031305EB830292ED007AF4EEC77AF1EE2E
:101C300010FA4FEA830380F2A680D7ED077A0234C8
:101C40000F2C67EEA77A00F3D78004EB041405EBA2
:101C5000840393ED007AB4EEE77AF1EE10FA4FEADE
:101C6000840440F29A80D7ED0A7A02360F2E67EE8E
:101C7000A77A00F3C18006EB061605EB860393ED09
:101C8000007AB4EEE77AF1EE10FA4FEA860640F2F7
:101C90009B80D7ED0D7A02300F2867EEA77A00F30C
:101CA000AB8000EB001005EB800393ED007AB4EEFF
:101CB000E77AF1EE10FA4FEA800078D9D7ED107A82
:101CC0000AF1020ABAF10F0F67EEA77A00F39480C7
:101CD0000AEB0A1A05EB8A0595ED007AB4EEE77A6D
:101CE000F1EE10FA4FEA8A0A78D90BB0BDEC048BFA
:101CF000BDE8F08F00221A6058E6DBED007A98ED1F
:101D0000177A67EE877A4B44C3ED007AF8E6DBED8D
:101D1000007A98ED1D7A67EE877A4B44C3ED007A1E
:101D200018E7DBED007A98ED1A7A67EE877A4B4474
:101D3000C3ED007AF9E6DBED007A98ED207A67EEE4
:101D4000877A4B44C3ED007A1AE7D8ED187A9BEDF9
:101D5000007A67EE877A4B44C3ED007A27E7D8ED27
:101D60001E7A9BED007A67EE877A4B44C3ED007ACA
:101D70004BE7D8ED1B7A9BED007A67EE877A4B44F0
:101D8000C3ED007A2AE7D8ED217A9BED007A67EE61
:101D9000877A4B44C3ED007A4FE7D8ED197A9BED73
:101DA000007A67EE877A4C44C4ED007A5BE7D8EDA1
:101DB0001F7A9BED007A67EE877A4844C0ED007A7F
:101DC0007CE700BF00000000D8ED1C7A9BED007A94
:101DD00067EE877A4E44C6ED007A5AE7D8ED227A4C
:101DE0009BED007A67EE877ACA44CAED007A0BB0A1
:101DF000BDEC048BBDE8F08F064B074A07484FF453
:101E0000B77108F0DFF8064B064A0748842108F04E
:101E1000D9F800BF88D5020878D70208B8D60208DA
:101E200070D8020800D90208F4D902082DE9F84355
:101E300000F50F632DED0C8BD3ED009A00F6C40373
:101E400093ED007A00F50C63D3ED005A00F6B80765
:101E500000F6EC0200F6F403D7ED007A92ED009A5A
:101E6000D3ED00CA00F50E6393ED00BA00F6E4036B
:101E700027EE899A67EEA99A93ED00AA27EE8BBA0E
:101E800027EE8AAA00F6D40369EE076A29EE877A5C
:101E9000D3ED00BA00F6D803EBEE256A00F6BC02DB
:101EA0000C46AAEE257A00210546D3ED00AA92ED54
:101EB000006A67EEABBA67EEAAAAEBEE866A00F696
:101EC000DC034FF48062AAEE867A93ED00CA00F636
:101ED000E80393ED008A204667EEACCA27EE8CCA71
:101EE00027EE888AB0EE66DAF0EE478A08F0F6F957
:101EF000002004F007F90646012004F003F90F2E34
:101F0000D7ED007A00F23E820F2800F23B8206EB0A
:101F1000001095F8FD38F1EE677A04EB8000C0ED13
:101F2000007A002B40F0EA81012004F0EBF806462D
:101F3000002004F0E7F8D7ED007A9FED387A0F2EF5
:101F400067EE877A00F21E820F2800F21B8206EBF2
:101F5000001004EB8000C0ED007A022004F0D2F8FB
:101F60000F2800F20F8206EB001004EB8003F1EE65
:101F70004D6AC3ED008A00F00582C3ED106A0320AC
:101F800004F0C0F80F2800F2FD8106EB001304EB0B
:101F9000830282ED00CA00F0F5810E2882ED108ADE
:101FA00000F0F081C2ED20CA052004F0ABF8D5F8AE
:101FB000A826022A40F3F381D5F8A436033305F5A9
:101FC000D46893FBF2F102FB113308EB4313D3ED1A
:101FD000067A0F286CEE277A03F1180300F2D281FB
:101FE00006EB001204EB8201C1ED007AD3ED017A19
:101FF00068EE277A00F0C681C1ED107AD3ED027A3F
:102000000E286CEEA77A00F0BD8195F8FD38C1ED81
:10201000207A002B40F0948102E000BF31615136FC
:10202000022004F06FF80646042004F06BF80E2E30
:1020300006EB001304EB830300F2AB810D2800F2E2
:10204000A881C3ED00BAC3ED01AA83ED10BA83EDF8
:1020500011AA83ED209AC3ED219A062004F052F8CC
:10206000D5F8A826022A40F39A81D5F8A43603337E
:1020700093FBF2F102FB113308EB4318D8ED097A18
:102080000F286BEEA77A08F1240800F27B8106EB9B
:10209000001304EB8303C3ED007AD8ED017A4FEA15
:1020A00000136BEE277A00F06D8103F11002B11876
:1020B00004EB8101C1ED007AD8ED027A0E2869EEB9
:1020C000277A00F05F8103F12000311804EB8101D1
:1020D000C1ED007AD8ED007A013667EEAAAA334442
:1020E00004EB8303C3ED00AAD8ED017A324427EE56
:1020F0008AAA04EB820282ED00AAD8ED027A064495
:1021000067EEA99A04EB8606C6ED009A032003F059
:10211000F9FF0646042003F0F5FF8046052003F092
:10212000F1FF8146062003F0EDFF0346D5F8B00528
:102130001D4604F097F9D0ED236AF8EE007A87EE99
:10214000A67A0F2ED7ED006A27EE267A00F21A81C2
:1021500006EB061304EB830383ED007A90ED266A09
:10216000D7ED006A87EE867AB8F10F0F27EE267A50
:1021700000F2088108EB081304EB830383ED007A77
:1021800090ED296AD7ED006A87EE867AB9F10F0FD4
:1021900027EE267A00F2F68009EB091304EB83039D
:1021A00083ED007A90ED2C6AD7ED006A87EE867A8F
:1021B0000F2D27EE267A00F2E58005EB051304EBE0
:1021C000830383ED007A90ED246AD7ED006A87EEF1
:1021D000867A0F2E06F1010327EE267A00F0D280D0
:1021E00003EB031304EB830383ED007A90ED276A7E
:1021F000D7ED006A87EE867AB8F10F0F08F1010378
:1022000027EE267A00F0BE8003EB031304EB830372
:1022100083ED007A90ED2A6AD7ED006A87EE867A20
:10222000B9F10F0F09F1010327EE267A00F0AA8019
:1022300003EB031304EB830383ED007A90ED2D6A27
:10224000D7ED006A87EE867A0F2D05F1010327EEA0
:10225000267A00F0978003EB031304EB830383EDEE
:10226000007A90ED256AD7ED006A87EE867A02360D
:102270000F2E27EE267A00F3858006EB061604EB78
:10228000860686ED007A90ED286AD7ED006A87EE23
:10229000867A08F10208B8F10F0F27EE267A71DC72
:1022A00008EB081804EB880888ED007A90ED2B6A9B
:1022B000D7ED006A87EE867A09F10209B9F10F0FAE
:1022C00027EE267A5EDC09EB091904EB890989ED12
:1022D000007A90ED2E6AD7ED006A87EE867A023595
:1022E0000F2D67EE267A4DDCBDEC0C8B05EB05154A
:1022F00004EB8504C4ED007ABDE8F88304EB8600A6
:10230000002303600364C0F88030C0F8C030C0F818
:102310000031C0F84031C0F88031C0F8C031C0F899
:102320000032C0F84032C0F88032C0F8C032C0F885
:102330000033C0F84033C0F88033C0F8C033F3E551
:1023400004EB8606002333603364C6F88030C6F899
:10235000C030C6F80031C6F84031C6F88031C6F842
:10236000C031C6F80032C6F84032C6F88032C6F82E
:10237000C032C6F80033C6F84033C6F88033C6F81A
:10238000C0334DE6094B0A4A0A484FF4B77107F0CB
:1023900019FE094B094A0A48842107F013FE094B2C
:1023A000094A0A484C2107F00DFE00BF88D50208F3
:1023B00078D70208B8D6020870D8020830DA0208C6
:1023C000F4D9020874D40208A8D4020818D5020867
:1023D0002DE9F84F2DED048B9FEDF79B0123436012
:1023E000034680ED029B0446F54843F8100B18079E
:1023F00040F04A83230740F053839FEDF28A04F5AF
:102400008A6314F00F0083ED008A83ED018A83ED67
:10241000028A83ED038A83ED048A04F58E6340F01B
:102420003983A4F8B00404F2744083ED008A80ED8F
:10243000008A04F58F6080ED008A04F27C4080ED14
:10244000008A04F5906080ED008A04F2844080EDFB
:10245000008A04F5916080ED008A04F28C4080EDE2
:10246000008A04F5926080ED008A04F2944080EDC9
:10247000008A04F5936080ED008A04F29C4080EDB0
:10248000008A04F5946080ED008A04F2A44080ED97
:10249000008A04F5956080ED008A04F2AC4004F5F2
:1024A000986380ED008A14F00F0083ED008A83EDBD
:1024B000018A83ED028A83ED038A83ED048A04F5A1
:1024C0009C6340F0E782A4F8200504F2E44083ED29
:1024D000008A80ED008A04F59D6080ED008A04F298
:1024E000EC4080ED008A04F59E6080ED008A04F2E5
:1024F000F44080ED008A04F59F6080ED008A04F2CC
:10250000FC4080ED008A04F5A06080ED008A04F2B2
:10251000045080ED008A04F5A16080ED008A04F289
:102520000C5080ED008A04F5A26080ED008A04F270
:10253000145080ED008A04F5A36080ED008A04F554
:10254000A66304F21C5014F00F0580ED008A83EDA1
:10255000008A83ED018A83ED028A83ED038A83ED8D
:10256000048A04F5AA6340F0958204F2545B83ED7B
:10257000008A8BED008A04F5AB6B8BED008A04F2C8
:102580005C5B8BED008A04F5AC6B8BED008A04F28A
:10259000645B8BED008A04F5AD6B8BED008A04F271
:1025A0006C5B8BED008A04F5AE6B8BED008A04F258
:1025B000745B8BED008A04F5AF6B8BED008A04F23F
:1025C0007C5B8BED008A04F5B06B8BED008A04F226
:1025D000845B8BED008A04F5B16B8BED008A04F20D
:1025E0008C5B8BED008AC4F8B425774ADFF8E8E10C
:1025F000DFF8E8C1754BDFF8E8817548C4F8C825F5
:1026000003274FF0FF36734ADFF8D8A1DFF8D891DF
:10261000C4F8C0E5C4F8C4C5C4F8B015C4F8BC8596
:10262000C4F8CC25C4F8D005C4F8D435C4F8D8759E
:10263000C4F8DC6520222946C4F800A0C4F8B89587
:10264000A4F89055C4F8A055C4F8E05504F5BD6051
:1026500007F044FE04F5BE6383ED008A04F2F453F0
:1026600083ED008A04F5BF6383ED008A04F2FC5316
:1026700083ED008A04F5C06383ED008A04F20463ED
:1026800083ED008A2022294604F5C16007F026FE6A
:1026900004F5C26383ED008A04F2146383ED008ABB
:1026A00004F5C36383ED008A04F21C6383ED008AA2
:1026B00004F5C46383ED008A04F2246383ED008A89
:1026C0002022294604F5C56007F008FE04F5C6631C
:1026D00083ED008A04F2346383ED008A04F5C76356
:1026E00083ED008A04F23C6383ED008A04F5C8633D
:1026F00083ED008A04F2446383ED008A4822C4F823
:102700004876C4F84C662946C4F8505604F5CB60A8
:1027100007F0E4FDC4F8A076C4F8A4662022294698
:10272000C4F8A85604F5D66007F0D8FD04F5D763C1
:1027300083ED008A04F2BC6383ED008A04F5D8635C
:1027400083ED008A04F2C46383ED008A04F5D96343
:1027500083ED008A04F2CC6383ED008A20222946AF
:1027600004F5DA6007F0BAFD04F5DB6383ED008A57
:1027700004F2DC6383ED008A04F5DC6383ED008AF8
:1027800004F2E46383ED008A04F5DD6383ED008ADF
:1027900004F2EC6383ED008A2022294604F5DE6012
:1027A00007F09CFD04F5DF6383ED008A04F2FC630F
:1027B0001CE000BFAFF3008000000000000000003C
:1027C00038E5020800000000000020419A99993E77
:1027D00023DBF93C00401C46CDCC4C3E0AD7233DC0
:1027E000CDCC4C3F74E502080AD7233C83ED008A28
:1027F00004F5E06383ED008A04F2047383ED008A3C
:1028000004F5E16383ED008A04F20C7383ED008A22
:1028100029464822C4F81077C4F81467C4F818573A
:1028200004F5E46007F05AFD04F5EE6383ED008AD9
:1028300083ED018A04F5F06004F00CFB04F5F2630B
:1028400083ED008A04F2947383ED008A04F5F36348
:1028500083ED008A04F29C7383ED008A04F5F4632F
:1028600083ED008A04F2A47383ED008A04F5F56316
:102870004FF07E561E6004F2AC7304F5FA671E60DA
:1028800004F5F66304F5FC601E6004F2B47304F50D
:10289000B7681E6004F5F763F0EE008A1E6004F26C
:1028A000BC731E6004F5F86383ED009B87ED008A1E
:1028B00087ED018A04F0CEFA04F5FE6282ED008A0B
:1028C00004F2F47282ED008A04F5FF6282ED008A60
:1028D00004F2FC7282ED008A04F5006282ED008A47
:1028E00004F6040282ED008A04F6080204F502638D
:1028F000166004F60C0204F68800166004F5016206
:10290000166004F61402166004F61802166004F647
:102910001C02166083ED008A83ED018A04F6280309
:1029200083ED008A04F62C0383ED008A04F503632B
:1029300083ED008A04F6340383ED008A04F638033D
:1029400083ED008A04F63C0383ED008A04F50463FA
:1029500083ED008A04F6440383ED008A04F64803FD
:1029600083ED008A04F64C0383ED008A04F50563C9
:1029700083ED008A04F6540383ED008A04F65803BD
:1029800083ED008A04F65C0383ED008A04F5066398
:1029900083ED008A04F5086387ED269BC4F8705820
:1029A00084F8745883ED009BD8ED000A04F5B967EC
:1029B000C8EEA00A97ED000A04F00EFAD8ED000A5E
:1029C00097ED000AC8EEA00A04F6940004F004FA99
:1029D00004F50A60D8ED000A97ED000AC8EEA00AD7
:1029E00004F0FAF904F6AC03204683ED008A04F5FE
:1029F0000B6383ED008A04F6B40383ED008A04F6CA
:102A0000B80383ED008A04F6BC0384F8F85883ED1C
:102A1000008A04F50C6383ED008A04F6C40383ED99
:102A2000008A04F6C80383ED008A04F6CC0383ED24
:102A3000008A04F50D6383ED008A04F6D4031E605A
:102A400004F6D80383ED008A04F6DC0383ED008AE4
:102A500004F50E6383ED008A04F6E4031E6004F6B9
:102A6000E80383ED008A04F6EC0383ED008A04F5A5
:102A70000F6383ED008ABDEC048B04F6F4031E6043
:102A8000A4F8FC58BDE8F88F084B094A09486D21A5
:102A900007F098FA054B084A06486D2107F092FAAC
:102AA000024B064A03486D2107F08CFA24DB02082A
:102AB00014DC0208A4DC020874DD0208E4DC02086D
:102AC0000B7B23B1D0F8B4258B689A4200D07047B5
:102AD00010B4D0F85026D0F84846A2421EDAD0F8FA
:102AE0004C46D1F80CC0013404EB440300EBC303A3
:102AF0000132C0F85026C0F84C460A684C68886815
:102B0000C3F86006C3F864C6C3F85826C3F85C4629
:102B10000A69C3F868265DF8044B7047D0F84C3654
:102B2000D1F80CC0013393FBF4F204FB123303EB36
:102B3000430200EBC2020C68C0F84C3648688B6850
:102B4000C2F86036C2F864C6C2F85846C2F85C06DD
:102B50000C69C2F86846DEE72DE9F04F01F5FA6628
:102B60008FB0326802607268426004460D4601F51B
:102B7000FE6A01F2FC7801F6080201F5FC6300F13F
:102B8000380100F1100C00F1200900F12C0701912F
:102B900005F6140004F144010292049003910FCB56
:102BA00005F6280E8CE80F00CDF818E09AE807002B
:102BB00004F1580ECDF814E005F6340ECDF820E0FF
:102BC00004F1640ECDF81CE005F5046ECDF828E0A4
:102BD00089E8070004F1700ECDF824E005F64C0EEC
:102BE000CDF830E004F17C0ECDF82CE005F6580E5F
:102BF000CDF834E098E8070087E80700029A019BC7
:102C000007CA83E807000498039B07C883E8070006
:102C100005F5026B069ADBF80030236507CADBF87E
:102C200004306365059B83E807000898079B07C885
:102C300083E807000A9A099B07CA83E807000C98F3
:102C40000B9B07C883E807000D9A07CA04F1880E9A
:102C50008EE80700D6E92601D5F8702895F8743873
:102C6000C4F8A020C4E92601204684F8A4300FB09F
:102C7000BDE8F08F38B500F5BC620446D2E9020128
:102C8000D4F8E035D4F8DC552DED028BC4F8A83625
:102C900004F5D463C4F8A456C3E9040104F5BE6086
:102CA00004F5D7610068086004F2F451086804F282
:102CB000BC61086004F5BF61086804F5D86108606C
:102CC00004F2FC51086804F2C461086004F5C061B4
:102CD000086804F5D961086004F20461086804F228
:102CE000CC610860D2E90A01C3E90C0104F5C260B5
:102CF00004F5DB610068086004F21461086804F2FE
:102D0000DC61086004F5C361086804F5DC610860F3
:102D100004F21C61086804F2E461086004F5C4610F
:102D2000086804F5DD61086004F22461086804F2B3
:102D3000EC61086092ED127B83ED147B04F5C660B4
:102D400004F5DF610068086004F2346204F2FC6399
:102D500012681A6004F5C763D4F84C061A6804F5C3
:102D6000E0631A6004F23C631A6804F204731A60A8
:102D700004F5C8631A6804F5E1631A6004F2446359
:102D80001A6804F20C731A60D4F85826D4F85C362A
:102D9000C4F82027D4F85026D4F86416C4F8243791
:102DA000C4F81827D4F86036D4F86826D4F874C666
:102DB000C4F81407C4F82837C4F83027D4F870369C
:102DC000C4F82C17D4F87816D4F88826C4F85027FD
:102DD000D4F89826C4F86027D4F88C26D4F87C065A
:102DE000C4F83837C4F84017D4F88036D4F89016B1
:102DF000C4F85427D4F89426C4F84837C4F85C279C
:102E0000C4F83CC7C4F85817C4F8440704F688004F
:102E100003F0F4FF04F69400F0EE408A03F0EEFFB6
:102E200004F50A60B0EE408A03F0E8FF04F6AC0255
:102E300004F50B63C2ED008A83ED008ABDEC028BC2
:102E400004F6B40484ED000A38BD00BF38B590F82C
:102E5000FC18044600F6B8000023036004F6BC002A
:102E60004FF07E52036004F50C600025036004F609
:102E7000C400036004F6C800036004F6CC000360DD
:102E800004F50D60036004F6D400026004F6D80077
:102E9000036004F6DC00036004F50E60036004F6D2
:102EA000E400026004F6E800036004F6EC0003604E
:102EB00004F50F60036004F6F4031A6084F8F85810
:102EC00001B938BD4FF0FF33C4F8DC35C4F84C36D7
:102ED00004F68800C4F8E055C4F8505603F0A6FF85
:102EE00004F6940003F0A2FF04F50A6003F09EFFCD
:102EF00084F8FC5838BD00BF2DE9F04F2DED068B4E
:102F000091B00446002700F11009209D0760F7EEFC
:102F1000008A476048461E468B46924603F09AFF59
:102F200027626762A762E76227636763C4ED0E8A60
:102F3000C4ED0F8AC4ED108AC4ED118AC4ED128A63
:102F4000C4ED138AD5ED017A05F11007F1EE677A29
:102F5000C4ED007A384604F069F83846F0EE409A3D
:102F600004F070F83846B0EE408A04F059F838465C
:102F7000B0EE409A04F060F8384620EE499A04F02A
:102F80005BF83846B0EE40AA04F05CF83846A9EE8B
:102F9000889A0DF1270828F00F08F0EE409A04F007
:102FA0003FF83846B0EE408A04F040F8384628EE44
:102FB000008A04F03BF83846F0EE40AA04F036F8F8
:102FC0003846AAEE298AB0EE40AA04F035F8384611
:102FD000F0EE409A04F030F869EE809A9BED016AB9
:102FE0009BED007ADBED026AEAEE8A9A08F11002A4
:102FF00003A978EE087A39EE099A67EE867AB0EE80
:10300000006AE9EEC68A10460192E7EE097A9FED62
:10301000537AE6EEA87AB6EE006A77EE877AC4EDC8
:10302000017ADAED006A9AED017ADAED027A66EE5B
:10303000866A27EE067A67EE867ACDED036A8DED15
:10304000047ACDED057A03F013FF019A3946404624
:1030500003F050FF98E80F0089E80F0096ED006A32
:10306000D5ED086AFFEE007A87EE867A204627EED5
:10307000267A84ED087A96ED036AD5ED0B6A87EE21
:10308000867A27EE267A84ED0B7A96ED066AD5EDE0
:103090000E6A87EE867A27EE267A84ED0E7A96ED12
:1030A000096AD5ED116A87EE867A27EE267A84EDD5
:1030B000117A96ED016AD5ED096A87EE867A27EED8
:1030C000267A84ED097A96ED046AD5ED0C6A87EECE
:1030D000867A27EE267A84ED0C7A96ED076AD5ED8E
:1030E0000F6A87EE867A27EE267A84ED0F7A96EDC0
:1030F0000A6AD5ED126A87EE867A27EE267A84ED83
:10310000127A96ED026AD5ED0A6A87EE867A27EE84
:10311000267A84ED0A7A96ED056AD5ED0D6A87EE7A
:10312000867A27EE267A84ED0D7A96ED086AD5ED3B
:10313000106A87EE867A27EE267A84ED107A96ED6D
:103140000B6AD5ED136A87EE867A67EE267AC4EDB0
:10315000137A11B0BDEC068BBDE8F08FCDCC1C41CD
:103160002DE9F04F1F462DED068BB1EE087A80EE6B
:10317000079AEFB00D46029000F1380100F12009E6
:1031800000F12C0E1033039107F1200A07F12C08EF
:1031900007F1380B07EE102A3A6802607A6842603D
:1031A00000F1100216460792024607F1440004900F
:1031B00002F1440C0FCB86E80F009AE8070089E87B
:1031C000070098E807008EE807009BE80700039BCC
:1031D00083E807000498AB6807C8F0EE087AF6EEBB
:1031E000008A002BC0EE279A8CE8070060EE288A40
:1031F00040F324810097696801310DF12F0491FBA0
:10320000F3F203FB121124F00F04490104F5A07935
:1032100001F1240218312A4417EE103A2944484695
:1032200017EE106AB0EE408AFFF766FE4946B0EE30
:10323000490A204603F0B0F80298214602F0C0FF88
:10324000AA68012A40F3FA806B6803F1020898FB30
:10325000F2F302FB13884FEA481804F1500BB0EE6A
:10326000680A08F1180A4946584603F095F8AA4436
:103270003A465946204608F1240802F0EBFFA844DC
:10328000514604F1F00A4246334650460094FFF797
:1032900033FE5146B0EE690A204603F07DF80298ED
:1032A000214602F08DFFAA68012A40F3C7806B68AF
:1032B00003F1020898FBF2F302FB13884FEA481867
:1032C00004F1A0020AEE102A08F11803B0EE680A11
:1032D0002B4410465146039303F05EF81AEE101A81
:1032E0003A46584602F0B6FF08F12408039BCDF891
:1032F00000B0A8444246194620463346FFF7FCFD7D
:103300002368C4F8403104F120026368039204F199
:103310002C0004F1380108EE906A04F110060490C4
:103320000591C4F8443196E80F0004F5A87C8CE8B8
:103330000F00039A07CA04F5B07383E807000498E6
:1033400007C804F5B67383E80700059904F144083B
:10335000CDF8188007C9069B04F5BC7E8EE80700EF
:1033600093E8070004F5C27888E80700B0EE690A20
:103370004946204603F010F80298214602F020FF4B
:10338000AA68022A5ADD6B68033393FBF2F002FB52
:1033900010335B01B0EE480A1AEE100A494603F1F9
:1033A00018082433A8441D4402F0F6FF1AEE101A40
:1033B0003A46584602F04EFF18EE903A2A464146E9
:1033C0002046CDF800B0FFF797FD2368C4F8F03031
:1033D0006368C4F8F43096E80F0004F5807585E85A
:1033E0000F00039A07CA04F5887888E80700049854
:1033F00007C804F58E7E8EE80700059907C904F515
:10340000947C8CE80700069B93E8070004F59A7704
:1034100087E80700B0EE490A5146204602F0BCFF9B
:103420002146029C204602F0CBFE079803F00EFED8
:1034300020466FB0BDEC068BBDE8F08F024B034A0F
:1034400003486D2106F0BEFD74D4020804DE0208B4
:1034500018D50208F0B52DED028BA1B00DF12704AF
:1034600024F00F040026054604F1100738462660B4
:10347000666003F0EFFCD5F8A82626624FF07E5375
:10348000022A6662A662E66226636663A363E3635A
:1034900023646364A364E36440F33681D5F8A436FF
:1034A000033305F5D46693FBF2F102FB113306EB0F
:1034B000431393ED080A93ED077AD3ED067A20EED5
:1034C000000AA7EE070AA7EEA70AB5EE400AF1EE3A
:1034D00010FA00F12481B1EEC08A05F6AC03D3EDF9
:1034E000007ADFED946A05F50B6393ED007A05F63B
:1034F000B40393ED000A20EE000A38EE668AA7EEC8
:10350000070AB0EEC88AA7EEA70AB5EE400AF1EEA8
:1035100010FA00F1FF80F1EEC07A05F2BC5393ED92
:10352000007AB4EEC87AF1EE10FA00F1E880DFED2F
:10353000816A77EEE67AF0EEE77AB4EEE77AF1EEBA
:1035400010FA00F1DC80D5F8A8169FED7B8A0029DF
:103550008DED018A8DED028A40F3D680D5F8A40660
:10356000421C92FBF1F301FB132206EB42120129EC
:1035700002F1180200F0C880831C93FBF1FC01FBF0
:103580001C3306EB4313022903F1180300F0BC803F
:10359000033093ED005AD3ED015A93ED026AD2ED58
:1035A000006A90FBF1F392ED017AD2ED027A01FB11
:1035B000130006EB4016D6ED064A76EE856A37EE26
:1035C000257A96ED075AD6ED085A77EE867A76EE8A
:1035D000A46A9FED5A6A37EE057A77EEA57A66EE11
:1035E000866A27EE067A67EE867A02AA01A903A800
:1035F00004F15006CDED036A8DED047ACDED057A28
:1036000004F08CFA3046DDED020A9DED010AB0EEC1
:10361000481A04F0B7FA96E80F00D5F818C7BCF1BD
:10362000020F87E80F007FDDD5F81437033393FBD3
:10363000FCF10CFB113305F5E26203EB430302EBF3
:10364000C30393ED080A04F0E1F9B4EE400AF1EE89
:1036500010FA54D6D4ED046A94ED057AD4ED067AC6
:10366000D4F81CE0D4F838C0E76B266C606CA16C11
:1036700005F5EE6305F5F06283ED000A83ED018A3E
:10368000C2ED006A05F2847282ED007A05F5F162FE
:10369000C2ED007A05F28C72E36CC2F800E005F529
:1036A000F26282ED008A05F2947282ED008A05F5DD
:1036B000F36282ED008A05F29C7282ED008A05F5C4
:1036C000F46282ED008A05F2A47282ED008A05F5AB
:1036D000F562C2F800C005F2AC72176005F5F6623B
:1036E000166005F2B472106005F5F76205F2BC755C
:1036F000012011602B6021B0BDEC028BF0BD0020D9
:1037000021B0BDEC028BF0BD0D4B0E4A0E484C2192
:1037100006F058FC05F0AAF9F0EE407AFDE605F057
:10372000A5F9B0EE408AD8E6054B084A06484C2178
:1037300006F048FCCDCC1C4100000000ABAAAA3E1C
:1037400074D40208A8D4020818D50208FCD60208CE
:103750002DE9F043054693B0D0F8B00502F082FEA3
:103760000646002002F0CEFCD6ED007A0F2867EE68
:10377000A77A00F207810DF10F0424F00F0404EB87
:103780008003C3ED007A012002F0BCFCD6ED017A83
:103790000F2867EEA77A00F2F58004EB8003C3EDF3
:1037A000007A022002F0AEFCD6ED027A0F2827EE56
:1037B000A77A00F2E780D6ED037A04EB800367EE88
:1037C000A77A83ED007A00F0DD80C3ED017A032053
:1037D00002F098FC0746042002F094FC8046052085
:1037E00002F090FC8146062002F08CFCD6ED057AB2
:1037F0000F2F67EEA77A00F2C58096ED087A04EBEA
:103800008703B8F10F0F27EE077AC3ED007A00F2B5
:10381000B980D6ED0B7A04EB8803B9F10F0F27EED0
:10382000A76A83ED007A00F2AD80D6ED0E7A04EB44
:1038300089030F2867EEA76A83ED006A00F2A28071
:10384000D6ED067A04EB80030F2FC3ED006A27EE56
:10385000A77A07F1010300F09580D6ED097A04EB11
:103860008303B8F10F0F83ED007A27EEA77A08F1F2
:10387000010300F08780D6ED0C7A04EB8303B9F1E5
:103880000F0F83ED007A27EEA77A09F1010379D0B3
:10389000D6ED0F7A04EB83030F2883ED007A27EE31
:1038A000A77A00F101036DD0D6ED077A023704EB59
:1038B00083030F2F83ED007A27EEA77A62DCD6ED23
:1038C0000A7A08F1020804EB8707B8F10F0F87EDB9
:1038D000007A27EEA77A55DCD6ED0D7A09F10209B8
:1038E00004EB8808B9F10F0F88ED007A27EEA77A6C
:1038F00048DCD6ED107A023004EB89090F2867EE18
:10390000A77A89ED007A3DDC04EB8000C0ED007AF7
:103910004FF48062002105F1100006F0DFFC6368BF
:103920006B65E368C5F8DC306369C5F86431E36949
:103930002168A268C5F8EC31636A2961C5F898204E
:103940002169A269C5F87432E36AC5F82011C5F887
:10395000A821216AA26AC5F8FC32636B206BC5F806
:103960003012C5F8B822C5F88433A16BE26BC5F8F4
:10397000400305F20C430120C5F8C8131A6013B0C8
:10398000BDE8F083034B044A044840F2AB1106F053
:1039900019FB00BF80DE0208A0DE0208B8D60208CC
:1039A000D0F8A026D0F8A8369A4200D07047D0F8B8
:1039B0001827D0F810379A4210B5044600D010BD31
:1039C000FFF748FD0028FAD02046FFF7C1FE002887
:1039D000F5D0D4F8A816022913DDD4F8A4360333A1
:1039E00004F5D46293FBF1F001FB103302EB4313B7
:1039F000D3E9040104F5F8620223C2E9000163601F
:103A000010BD034B034A04484C2106F0DBFA00BF0B
:103A100074D40208A8D4020818D502082DE9F0438E
:103A2000D0F818272DED048B022A93B040F3838041
:103A3000D0F81437033393FBF2F102FB113303EB9D
:103A4000430300F5E26505EBC305D5E90478D0F83A
:103A50008028D0F88438984508BF9742044600F57E
:103A600008691BD0D0F8C007D4F8C417B84271EB6E
:103A7000080313D3C01B61EB0801E5F717F8DFED6E
:103A8000347A07EE100A04F2D45367EE277A93EDE6
:103A9000007AB4EEE77AF1EE10FA04DA13B0BDEC76
:103AA000048BBDE8F08395ED088AB0EE480A03F078
:103AB000ADFFF0EE408AB0EE480A03F0E1FFF4EE0D
:103AC000408AF1EE10FAB0EE408AE7D60DF10F060B
:103AD00026F00F0640220021304606F0FFFB0020B2
:103AE00002F010FB0F282CD806EB8000B7EE009AEE
:103AF00080ED009AD4F8B40502F0CEFC04F2C45371
:103B0000D3ED001A28EE088A04F5EE63B0EE021A2F
:103B1000A8EE001A31460022C9EE211A04F58A6087
:103B2000D3ED000AB0EE680AFDF7AEF8C4F880786D
:103B3000C9F80480B2E7074B074A08484C2106F051
:103B400041FA074B074A08484FF4B77106F03AFAB2
:103B5000BD37863574D40208FCD6020818D5020891
:103B600088D50208C0D50208B8D6020838B505467F
:103B7000002002F0C7FA0446012002F0C3FA0F2C1D
:103B800000F29D8005F1100204EB041C95F8FD384D
:103B900002EB8C0CDCED007A2101002B40F08280DE
:103BA00005F2CC5393ED007AB4EEE77AF1EE10FA19
:103BB00077D8012385F8FD38611AC4EB84740CEBC7
:103BC000840404EB810100230F2823606360A36059
:103BD000E36023616361A361E36123626362A362C3
:103BE000E36223636363A363E36302EB80120B600E
:103BF0000B64C1F88030C1F8C030C1F80031C1F8A1
:103C00004031C1F88031C1F8C031C1F80032C1F88B
:103C10004032C1F88032C1F8C032C1F80033C1F877
:103C20004033C1F88033C1F8C0334FEA80144FEA03
:103C300000114BD8401A02EB80000444136053601B
:103C40009360D360136153619361D36113625362D4
:103C50009362D362136353639363D3630360036418
:103C6000C0F88030C0F8C030C0F80031C0F8403132
:103C7000C0F88031C0F8C031C0F80032C0F840321E
:103C8000C0F88032C0F8C032C0F80033C0F840330A
:103C9000C0F88033C0F8C0330F4A104BCCF8002076
:103CA000236038BD05F2CC5393ED007AB4EEE77A89
:103CB000F1EE10FA80DD002385F8FD3838BD084BA1
:103CC000084A09484FF4B77106F07CF9074B084AD7
:103CD0000848842106F076F94054094B00C8AF47E4
:103CE00088D5020878D70208B8D6020870D802082A
:103CF00088DF0208F4D9020810B50446FFF736FF42
:103D0000022002F0FFF90F2839D804F1100200EB6D
:103D1000001304F5BA6102EB8303D1ED007A93ED51
:103D2000007AB4EEE77AF1EE10FA08DC0F2826D01C
:103D300093ED117AF4EEC77AF1EE10FA1ED5012058
:103D4000606004F6AC00002200234FF0FF31C4F89D
:103D5000A416C4F81417C4F8A836C4F8183704F623
:103D6000B401026004F50B6002600A60002004F5F3
:103D7000F8620021C2E9000184F8FD3810BD034B50
:103D8000034A04484FF4B77106F01CF988D50208BD
:103D900078D70208B8D6020810B4034680681C68B9
:103DA00083B0A04201910A4659681CDA0131013002
:103DB0004C01C3E9011004F110011C440B44D2E989
:103DC0000001C4E9040191689960D168D960116962
:103DD00019615169596191699961D269DA6103B0D8
:103DE0005DF8044B7047013192ED007B91FBF4F0DC
:103DF00004FB10114801596000F11001184480EDD6
:103E0000047B0B44DFE700BF0B7B4BB110B5D0F850
:103E1000B0258B689A4288B0044602D008B010BD25
:103E2000704791ED007B0A694B69C869D1F818C0E9
:103E3000029203930A6A4B6A0590694604F5BB60D7
:103E40008DED007BCDF810C006920793FFF7A4FF1D
:103E50009DED020A04F6880002F0D4FF9DED030AEE
:103E600004F6940002F0CEFF9DED040A04F50A600A
:103E700002F0C8FF08B010BD2DE9F04F04462DED4B
:103E8000028BD4F8A8769FED668AD4F8C027BFB01D
:103E9000002004F6B80B04F5F8634FF003084FF068
:103EA000FF3987428BED008ACDE9200011901990EF
:103EB0000E9010908DED128A8DED138A8DED148A7F
:103EC0008DED158A8DED168A8DED178A18908DED82
:103ED0001A8A8DED1B8A8DED1C8A8DED1D8A8DED64
:103EE0001E8A8DED1F8A8DED228A8DED238A8DED40
:103EF000248A8DED258A8DED268A8DED278A84F81A
:103F0000F8080093D4F8C417CDE90C8940F3658311
:103F1000D4F8A49609F1010504F5D46A95FBF7FCE1
:103F200007FB1C550AEB4515D5E904350DF1AF0625
:103F3000A94208BF9A4226F00F0600F0CE82012F58
:103F400000F04B8309F1020898FBF7F007FB10889B
:103F50000AEB4815D5E90403994208BF82424FEAAB
:103F6000481800F0ED81022F00F0378309F10309B2
:103F700099FBF7F007FB10970AEB4710D0E90450C4
:103F80007F01AA4271EB000307F110070CAD0AEBA9
:103F900007012846C0F0D782FFF7FEFED4F8A81626
:103FA000022940F31A83D4F8A426033292FBF1F0DD
:103FB00001FB10220AEB421110312846FFF7ECFEFC
:103FC000D4F8A816022940F30883D4F8A4260332B3
:103FD00092FBF1F001FB10220AEB4211103128464E
:103FE000FFF7DAFE009BA768D4F8C0075968D4F839
:103FF0000C80381A68EB0101E4F758FDDFED0A7A0E
:10400000009B07EE100A67EE277ACBED007AC4F822
:10401000C077C3F80480012384F8F83806E000BFB5
:1040200000000000ABAAAA3EBD378635DDE90D31A0
:1040300004F5F568002998ED003A40F3CE825A1C49
:1040400004F5F26A92FBF1F001FB102205EB42123B
:1040500004F2AC709AED005AD2ED065A90ED002AA7
:1040600092ED076AD2ED086A92ED097AD2ED0A1A4A
:1040700092ED0B1A04F5F660D0ED002AF0EE457AC9
:1040800004F5F760E3EE257A04F29C7904F2B47744
:1040900090ED004AC2ED067A04F2BC70D0ED004A01
:1040A000D7ED003A04F29470D0ED005AF0EE657A44
:1040B000E6EE027A04F5F360012990ED006AC2EDA4
:1040C000077AF0EE467AE6EEA27A04F5F460D9EDCE
:1040D000006AC2ED087AF0EE667AE7EE237A90ED98
:1040E000007AC2ED097AF0EE477AE1EE847A04F2C2
:1040F000A470C2ED0A7AD0ED007AF0EE671AE1EE14
:10410000241AC2ED0B1A00F068829A1C92FBF1F09F
:1041100001FB102205EB421292ED078A92ED081A7C
:10412000D2ED091A92ED0A0AF0EE650AE2EE080AEB
:104130000229C2ED070AF0EE460AE2EE810AB0EE6D
:10414000661AA3EEA11AF0EE471AE4EE001AC2EDC9
:10415000080AC2ED0A1AD2ED0B1AD2ED060A82ED58
:10416000091AB0EE671AA4EEA11AF0EE451AE3EEB2
:10417000201A82ED0B1AC2ED061A00F02E820333CC
:1041800093FBF1F201FB123305EB4313D3ED071A56
:1041900093ED080A93ED091AD3ED060AD4F8B00599
:1041A000E1EE825AD3ED0A1A93ED0B2AC3ED075ABA
:1041B000A0EE226AA3EE205AE1EE236AA1EE847AF1
:1041C000E2EE247A83ED065A83ED086AC3ED096AAC
:1041D00083ED0A7AC3ED0B7A02F044F99BED000AF5
:1041E00004F5EE6B00F18C025B4630462946FEF783
:1041F000B7FF3268CBF800207268CBF8042006F1D4
:10420000380106F12C0206F11003009201910FCB48
:1042100006F1200E04F5F06C8CE80F009EE8070014
:104220008AE80700009A07CA89E80700019907C9C8
:10423000443688E8070096E8070094F8FD3887E8D8
:1042400007002BB104F274720023CBF80030136026
:104250000E98002840F3C1810D9B591C91FBF0F290
:1042600000FB121105EB4111012801F1180100F0CA
:10427000B4819A1C92FBF0F600FB162205EB421269
:10428000022802F1180200F0A881033392ED005ACF
:10429000D2ED015A92ED026A93FBF0F200FB123369
:1042A0005B01D1ED006A91ED017AD1ED027A03F163
:1042B00018022A44D2ED004A76EE856A37EE257A56
:1042C00092ED015AD2ED025A77EE867A76EEA46A22
:1042D0001FEDAC6A37EE057A24331D4477EEA57ADC
:1042E00066EE866A27EE067A2E686868AA6867EE28
:1042F000867A04F50C6304F6BC05C5ED006A83ED0F
:10430000007A04F6C403C3ED007A04F6C8036146DC
:104310001E6004F6CC0302AD186004F50D6302A81C
:104320001A6003F097FC0FCD04F6D4040FC40FCD30
:104330000FC42B6823603FB0BDEC028BBDE8F08F4B
:10434000022F00F04A8109F1030999FBF7F207FBFC
:1043500012970AEB47170CAD3A697969101A61EBAD
:104360000301E4F7A3FB5FEDD07A07EE100A67EED6
:10437000277A08F1100151442846CBED007AFFF767
:104380000BFDD4F8A8768DED048A00200021012FC2
:10439000CDE902018DED058A8DED068A8DED078A46
:1043A0008DED088A8DED098A40F31781D4F8A42693
:1043B000901C90FBF7F107FB1100411C490101F132
:1043C000040C022FD44400F0088108395144DBED7D
:1043D000007A9FED857AD1ED005A91ED016AD1ED19
:1043E000026A9CED004ADCED014A9CED025A033260
:1043F00092FBF7F107FB112267EE877A0132520137
:104400000AEB4010FCEEE77A111D083A5144524481
:1044100091ED001AD1ED011A91ED022AD2ED002A98
:10442000016992ED013AD2ED023A17EE902A34EE8C
:10443000014A521874EEA14A35EE025A75EEA25A9C
:1044400036EE036A76EEA36AB6EE007A029242690D
:1044500024EE074A64EE874A25EE075A65EE875A2E
:1044600026EE076A26EE877A42F1000202A9284664
:104470008DED074ACDED084A8DED095ACDED045A70
:104480008DED056A8DED067A0392FFF785FCD4F871
:10449000A816022940F3A180D4F8A426033292FB87
:1044A000F1F001FB10220AEB421110312846FFF710
:1044B00073FCD4F8A816022940F38F80D4F8A42600
:1044C000033292FBF1F001FB10220AEB4213D3E915
:1044D00004230099C1E90023A8E5022F7DDD09F13D
:1044E000030C80469CFBF7F007FB10CC0AEB4C1C3E
:1044F0000CADDCF81000801ADCF8142062EB01012E
:10450000E4F7D4FADFED397A07EE100A67EE277A7E
:104510004946CBED007A4144013191FBF7F307FBAB
:1045200013110AEB411108F1010810312846FFF779
:1045300033FCB8F1030FBCD0D4F8A876B8454CDAF8
:10454000D4F8A416E7E7FFF727FCD4F8A816022949
:1045500043DDD4F8A426033292FBF1F001FB1022D4
:104560000AEB421110312846FFF716FCD4F8A816C2
:10457000022932DDD4F8A426033292FBF1F001FBCC
:1045800010220AEB421110312846FFF705FCD4F83F
:10459000A816022921DDD4F8A426D4F8C0370332A6
:1045A00092FBF1F001FB10220AEB4217386979699E
:1045B000C01A009B5B6861EB0301E4F777FADFED5B
:1045C0000B7A009907EE100A67EE277ACBED007A96
:1045D000D7E90423C1E9002328E5054B054A06482D
:1045E0004C2105F0EFFC00BF0024F448BD378635B0
:1045F00074D40208A8D4020818D5020870B5D0E90E
:104600000645AC4206460AD023681846DBB121694C
:104610001434C91A03F0CCFFA542F5D1B56925B110
:10462000316A2846491B03F0C3FFF06818B171696D
:10463000091A03F0BDFF306818B1B168091A03F018
:10464000B7FF304670BD1434A542DDD1B569E6E749
:104650002DE9F04F0128BDB008D07548FFF7CEFF17
:104660007448FFF7CBFF3DB0BDE8F08F724E734A40
:10467000189201AB824605930FCE0DF19C0B5F465D
:10468000CDF878B0ABE80F0096E80700A6F1100C63
:104690008BE80700BCE80F000DF18009A9E80F00C6
:1046A00096E80700072440F201151F94ADF8645006
:1046B00089E807006249129118A9CDE92E144FF438
:1046C0008071169114A9CDE9321412A9CDE93414E0
:1046D00010A9CDE936140EA94FF0013E4FF0000CA1
:1046E000CDE938140DF158084FF480700CA9CDF8BD
:1046F00050E0CDF840E0CDF838E0CDF830E08DF86E
:1047000056C08DF836C0CDF8C080ADF85400ADF875
:1047100044008DF866A0ADF85CA08DF85EA03194E1
:10472000ADF84C508DF84EA08DF846A0ADF83CA0E9
:104730008DF83EA0ADF83450CDE93A142EA9CDE95C
:104740001A14059A1A98214682E8030020ABDDE985
:104750001E120094374802F0E9F8A6F1100820A9CB
:10476000CDE916141897BC46C6460F46B8E80F00A8
:10477000ACE80F0096E807008BE80700BEE80F00E2
:104780000FC796E8070089E807002C4A199412A978
:1047900012922E912B49109110A930910EA93291AD
:1047A0004FF001110C910CA934910AA9369108A976
:1047B000389125490A9106914FF4807006A94FF06F
:1047C000000CADF82C000E9208928DF81EC0ADF8CA
:1047D0004C508DF84EA02F94ADF844508DF846A063
:1047E0003194ADF83C508DF83EA03394ADF8345080
:1047F000ADF81C508DF836A035948DF82EA0379466
:10480000ADF824A08DF826A039943A912EA9CDE9CF
:10481000141414A903C9059A3B9482E8030018AA4A
:1048200006CA20AB0094024802F080F81BE700BFE4
:10483000840C0120600C012038B502080100010140
:104840000101010000010101010100012DE9F04F0A
:104850005C682DED028B9A4654F8043C99B00F2BFE
:10486000099012910D9200F3AC81DAF8106056F8BD
:10487000043C0F2B00F39F8110F00F0B40F095814B
:104880004FF48062594605F029FDDAF80030E41A49
:10489000DAF80C30F31A0F93A2109B10002C16922A
:1048A0000A932ADD013A013B08EE10BA14921593DF
:1048B000CDF814A00F9B002B17DD18EE103A9B00CB
:1048C0001093043313930D9B03F580634FF0000B9B
:1048D000119318EE101A05985A4601F0C5FE90B1D2
:1048E0000A9B0BF1010B5B45F3DC18EE103A169AAC
:1048F00001339A4208EE103ADCDC099819B0BDEC9D
:10490000028BBDE8F08F1498059A10991368D2684D
:104910005E5852F82B5018EE104AA0421CBF139854
:104920001B5815980CBFC6F110039B1B4FEA8B0157
:10493000584517BF5218C5F110005068401B002B96
:10494000CEDD334405F108010E93129B019106EB75
:10495000051405F1090103EB840402910D9BCDF8C8
:104960005CB005F10A01039105F10B0103EB85032E
:10497000049105F10C010C930691119B05F10D01B9
:10498000079105F10E0103EB85070891EB1D05F179
:104990000F0105F1010CAA1C05F1030E05F1040835
:1049A00005F1050905F1060A0B919B46099B00924A
:1049B00003EB86010C9B002840F3E6800F2E00F2EB
:1049C000DD800F2D00F2DA80D3ED006A94ED007ADD
:1049D000D1ED007AE6EE877A0128C1ED007A00F089
:1049E000D380BCF10F0F00F3C980D3ED016A94EDC1
:1049F000107AE6EE877A0228C1ED007A00F0C480D2
:104A0000009A0F2A00F3BA80D3ED026A94ED207A5F
:104A1000E6EE877A0328C1ED007A00F0B580BEF19A
:104A20000F0F00F3AB80D4ED306A93ED037AE6EE1E
:104A3000877A0428C1ED007A00F0A680B8F10F0F44
:104A400000F39C80D4ED406A93ED047AE6EE877A19
:104A50000528C1ED007A00F09780B9F10F0F00F33F
:104A60008D80D4ED506A93ED057AE6EE877A0628BC
:104A7000C1ED007A00F08880BAF10F0F7EDCD4ED32
:104A8000606A93ED067AE6EE877A0728C1ED007A30
:104A90007AD0BBF10F0F71DCD4ED706A93ED077A19
:104AA000E6EE877A0828C1ED007A6DD0019A0F2AC8
:104AB00064DCD4ED806A93ED087AE6EE877A092803
:104AC000C1ED007A60D0029A0F2A57DCD4ED906ACB
:104AD00093ED097AE6EE877A0A28C1ED007A53D081
:104AE000039A0F2A4ADCD4EDA06A93ED0A7AE6EE27
:104AF000877A0B28C1ED007A46D0049A0F2A3DDC54
:104B0000D4EDB06A93ED0B7AE6EE877A0C28C1ED0E
:104B1000007A39D0069A0F2A30DCD4EDC06A93EDC2
:104B20000C7AE6EE877A0D28C1ED007A2CD0079A30
:104B30000F2A23DCD4EDD06A93ED0D7AE6EE877A66
:104B40000E28C1ED007A1FD0089A0F2A16DCD4ED8A
:104B5000E06A93ED0E7AE6EE877A0F28C1ED007ACF
:104B600012D00B9A0F2A09DCD4EDF06A93ED0F7A7C
:104B7000E6EE877A1028C1ED007A05D0144B154A6D
:104B80001548762105F01EFA4033BB4201F1400181
:104B90007FF411AF0E9B009A01369E4204F104048B
:104BA0007FF404AFDDF85CB09AE60C4B0C4A0D487C
:104BB0006D2105F007FA0C4B0C4A0D48312105F028
:104BC00001FA0C4B094A0A48302105F0FBF900BFF5
:104BD00088D5020880E20208B8D6020824DB020861
:104BE00014DC0208A4DC020840E20208B8E0020873
:104BF000CCE102087CE002082DE9F04F5C689B469E
:104C000054F8043C9DB00F2BCDE91512129000F31F
:104C1000AD81DBF8106056F8043C0F2B00F3B28135
:104C200010F00F0540F0A8814FF48062294605F08E
:104C300055FBDBF80030E41ADBF80C30F31A139361
:104C4000A2109B10002C1A92119321DD013A013B16
:104C5000049518921993CDF82CB0139B002B11DDFD
:104C6000049B9B001493043317934FF0000B04999B
:104C70000B985A4601F0F8FC70B1119B0BF1010B37
:104C80005B45F4DC049B1A9A01339A420493E4DCFA
:104C900012981DB0BDE8F08F1898049C0B9B1499D6
:104CA0001A68DB68565853F82B100991A0421CBFB4
:104CB00017981058199A0CBFC6F11000801B5A455E
:104CC0004FEA8B0100F04D810B44099A5B689B1AF7
:104CD0000C93F51D029506F10805039506F10905EB
:104CE000059506F10A05069506F10B05089506F1EE
:104CF0000C05099A0A9506F10D05169C0D9506F10D
:104D00000E0506EB02130E9506F10F051599109589
:104D100004EB83030025129C079506F1010E0C9D00
:104D20000F9301EB8E17134604EB821201EB8E14E6
:104D3000B11D0192CDF86CB0403FB21C06F10308E2
:104D400006F1040906F1050A05EB030C8B460C9BE2
:104D5000002B40F3F680099D019B0F9900920028DB
:104D600040F3E6800F2E00F2DD800F2DD7ED006AB4
:104D700000F2D88091ED007AD3ED007AE6EE877AE2
:104D80000128C3ED007A00F0D380BEF10F0F00F3CD
:104D9000C980D1ED016A94ED007AE6EE877A0228A7
:104DA000C3ED007A00F0C480009A0F2A00F3BA80A5
:104DB000D4ED106A91ED027AE6EE877A0328C3ED0E
:104DC000007A00F0B580B8F10F0F00F3AB80D4ED9E
:104DD000206A91ED037AE6EE877A0428C3ED007A23
:104DE00000F0A680B9F10F0F00F39C80D4ED306A7B
:104DF00091ED047AE6EE877A0528C3ED007A00F09B
:104E00009780BAF10F0F00F38D80D4ED406A91EDD9
:104E1000057AE6EE877A0628C3ED007A00F08880EE
:104E2000BBF10F0F7EDCD4ED506A91ED067AE6EE11
:104E3000877A0728C3ED007A7AD0029A0F2A71DCAC
:104E4000D4ED606A91ED077AE6EE877A0828C3ED23
:104E5000007A6DD0039A0F2A64DCD4ED706A91ED6C
:104E6000087AE6EE877A0928C3ED007A60D0059AC1
:104E70000F2A57DCD4ED806A91ED097AE6EE877A45
:104E80000A28C3ED007A53D0069A0F2A4ADCD4EDE3
:104E9000906A91ED0A7AE6EE877A0B28C3ED007AE4
:104EA00046D0089A0F2A3DDCD4EDA06A91ED0B7A2A
:104EB000E6EE877A0C28C3ED007A39D00A9A0F2AD9
:104EC00030DCD4EDB06A91ED0C7AE6EE877A0D28ED
:104ED000C3ED007A2CD00D9A0F2A23DCD4EDC06AE2
:104EE00091ED0D7AE6EE877A0E28C3ED007A1FD099
:104EF0000E9A0F2A16DCD4EDD06A91ED0E7AE6EE0A
:104F0000877A0F28C3ED007A12D0109A0F2A09DC95
:104F1000D1ED0F6A94EDE07AE6EE877A1028C3EDC2
:104F2000007A05D01A4B1B4A1B48762105F04AF837
:104F30000135AC4501F1400103F140037FF40FAFAF
:104F4000009A079B019901330431102B07930191BB
:104F500004F1040407F104077FF4F9AEDDF86CB046
:104F60008BE6099BC3F110030C93B2E60B4B0C4A82
:104F70000C486D2105F026F80B4B0C4A0C486D21AE
:104F800005F020F80B4B064A06486E2105F01AF88A
:104F900088D5020880E20208B8D6020898E3020821
:104FA000D8E30208CCE1020824DB020814DC020882
:104FB000A4DC0208F0E402082DE9F04F0268594928
:104FC000536AADF5805D85B00DF117068B4207463B
:104FD00026F00F0640F09680916A5348534B814269
:104FE00040F09880DFF848A1126A019306F5406509
:104FF0002946384607F11009904706F50068019BDD
:105000004A4629463046FFF721FC4FF4806231467C
:10501000404605F03BF944464B464246D2ED007A05
:10502000B3EC017A77EE877AE2EC017A9542F5D11A
:1050300006F58062AB46114606F5446C2B4653F8E4
:10504000040B0860D86B4860D86F8860D3F8BC0048
:10505000C860D3F8FC000861D3F83C014861D3F87C
:105060007C018861D3F8BC01C861D3F8FC010862F7
:10507000D3F83C024862D3F87C028862D3F8BC02C1
:10508000C862D3F8FC020863D3F83C034863D3F842
:105090007C0388639C45D3F8BC03C86301F14001DD
:1050A000CDD1534641463046FFF7A6FD4FF480620E
:1050B0003146284605F0EAF82A464346D3ED007A01
:1050C000B2EC017A77EE877AE3EC017A9D42F5D172
:1050D0003B683846DB6929469847D4ED007ABBEC3B
:1050E000017A77EE877AE4EC017AAC42F5D14FF49D
:1050F00080624146484605F0C9F80DF5805D05B06F
:10510000BDE8F08F98473A680346916A06488142A5
:105110003FF468AF0193384688473A68019B82465E
:1051200062E700BFC1090208C9090208600C01203A
:10513000840C01202DE9F04F2DED028B93B00493E8
:10514000536812680D929F00C21EB7F5FA4F0E9079
:1051500001910C930F9240F24B81431E1093002358
:1051600005931A460F9B934240F39680013B1146EC
:105170009A1A1F9B0D98099201FB03F81E9B0A9730
:1051800003EB88088B1C07FB03030393CB1C07FB73
:105190000303029322F003024B1D134406931F9B4B
:1051A0001B0107930C9B4FEA0319019B01FB070BA3
:1051B00001FB077A9B00DC46DDF87CB00893824453
:1051C00001F1010E019B002B40F30381049B9FED35
:1051D000877A089A1B68DDE90240D518F0EE476A25
:1051E000B0EE476AF0EE475A0EF101070EF10206E3
:1051F00051466246F3EC017AF2EC013AB1EC014A15
:10520000F0EC014AB4EC015A9D42E3EEA75AA4EE39
:10521000276AE4EEA76AA5EE277AEBD1D8ED007AEB
:105220001E9B1E9AE0EE257A07FB0BF706FB0BF69A
:1052300003EB870703EB8606079BC8ED007A9844CB
:10524000039B4B440393029B4B4402930EFB0BF3D3
:1052500002EB8303D3ED007AE0EE067A0EF1040E42
:10526000CC44CA44C3ED007AD7ED007A069BE0EE49
:10527000267A7345C7ED007AD6ED007AE0EE077A1C
:10528000C6ED007A9ED1059A099B0A9F043223F04D
:105290000303134405931A46109B93425ADD03F10E
:1052A000FF3A1F9B02FB03F41E9B03EB84040D9B40
:1052B000AAEB020A02FB07761E4402FB073702F143
:1052C000030E2AF001039E441F9BCDF808A04FEA6D
:1052D000C3080C9BDDE91EAB4FEAC30C019B551CB8
:1052E0004FEA8309019B002B6EDD049B9FED3F7A03
:1052F0001B68F0EE476A314609EB03003A46F3ECCF
:10530000017AF2EC015AB1EC016A9842E5EEA76A23
:10531000A6EE277AF3D1D4ED007AE0EE267A05FBEB
:105320000BF30AEB83030235C4ED007AD3ED007A68
:10533000E0EE077AAE45674466444444C3ED007A24
:10534000D0D1059BDDF808A002332AF0010A5344AE
:1053500005931A460E9B934231DD9E461F9B0C9986
:105360000198DDF83490DDF810A0174602FB03F237
:105370001E9B03EB82021F9B01FB07F59B0086002F
:105380008C468046B8F1000FDFED187A0CDDDAF8B4
:10539000001009EB85007418B1EC017AF0EC016A99
:1053A0008C42E6EE877AF7D192ED007AA0EE277A6A
:1053B0000137BE45654482ED007A1A44E2D113B04C
:1053C000BDEC028BBDE8F08F9FED087AF0EE476AE6
:1053D000A1E79FED067A0EF10107F0EE476AB0EE05
:1053E000476AF0EE475A0EF1020617E70000000088
:1053F000421E072810927FF7B2AEA0F10803119366
:1054000023F00703093305931F9B1F9ADDF878A04B
:1054100003EB43039B000A931F9B5B0109930C9BC7
:105420000AEB02195A0108920D9A02EB0313029338
:10543000019B9B000B931F9B9B0007931F9BDB0013
:105440000693012393460393019B002B40F39A801C
:10545000049B029C1FED1B7A0B981B680BEB47010A
:1054600004EB470200EB0308F0EE476AB0EE476A30
:10547000F0EE475AB0EE475AF0EE474AB0EE474AD0
:10548000F0EE473A07EB0B0E07EB010C3E19BD1887
:105490005846F3EC017AF0EC018ABEEC018AF1EC9B
:1054A000010ABCEC011AF4EC011AB6EC012AF2EC88
:1054B000012AB5EC013A9845E8EEA73AA8EE274A4A
:1054C000E0EEA74AA1EE275AE1EEA75AA2EE276A1C
:1054D000E2EEA76AA3EE277ADBD1DAED007A089B29
:1054E000029906980A9C039A099DE0EE237A1944D2
:1054F00002910799CAED007A9B440AEB0103D3EDB0
:10550000007AE0EE047A08320392C3ED007A0AEBE7
:105510000003D3ED007AE0EE247AC3ED007A0AEBC3
:105520000403D3ED007AE0EE057AAA44C3ED007AD5
:10553000D9ED007AE0EE257A09EB0103C9ED007A96
:10554000D3ED007AE0EE067AC3ED007A09EB0003B2
:10555000D3ED007AE0EE267AC3ED007A09EB04037E
:10556000D3ED007AE0EE077AA944C3ED007A059BFB
:1055700093427FF469AF119B23F00703083305932F
:105580001A46EFE51FED677AF0EE476AB0EE476A1C
:10559000F0EE475AB0EE475AF0EE474AB0EE474AAF
:1055A000F0EE473A99E700BFD0F8A035002B40F362
:1055B0003F812DE9F0472DED028BC0B00DF127049E
:1055C00024F00F0400278046002500F58A66B946BE
:1055D00004F1200A022F6567A567E567C4F88050CB
:1055E000A4F8D090C4F89050C4F89450C4F89850DF
:1055F000C4F89C50C4F8A050C4F8A450C4F8A850F3
:10560000C4F8AC50C4F8B050C4F8B450C4F8B850A2
:10561000C4F8BC50C4F8C050C4F8C450C4F8C85052
:10562000C4F8CC5009DD01379F4206F17006D1DB8A
:1056300040B0BDEC028BBDE8F0873268226772682B
:105640006267B268A267F268E2673269C4F88020D4
:10565000326AC4F89020726AC4F89420B26AC4F81E
:105660009820F26AC4F89C20326BC4F8A020726BB8
:10567000C4F8A420B26BC4F8A820F26BC4F8AC2024
:10568000326CC4F8B020726CC4F8B420B26CC4F8A8
:10569000B820F26CC4F8BC20326DC4F8C020726D22
:1056A000C4F8C420B26DC4F8C82096F86110F26D39
:1056B000C4F8CC20B6F86020A4F8D02096F860207A
:1056C0000029B0D0002AAED110210123CDF800A0CE
:1056D0000593C4F810A025626562A562E5622563A2
:1056E0006563A563E56325646564A564E564256574
:1056F0006565A565E565019308EB0103029304F177
:105700009003B7EE000A049302AA0DEB01030846CA
:105710000391FFF70FFD2369D4ED253AD3ED014A3C
:1057200093ED004A94ED245A94ED273AD4ED266A7D
:10573000D4ED291A94ED2D6A94ED287AD4ED2C2A13
:10574000D4ED2B5AD4ED310AD4ED337A93ED068A99
:1057500094ED2A0A94ED2E1A94ED302A64EEA34AB1
:10576000E4EE054A93ED024A93ED055AF0EE643AF1
:10577000D3ED034A64EE834A25EE215AE4EE264A2D
:10578000D3ED041AD3ED096A93ED0B4AA1EE875AC3
:1057900066EE866AD3ED081A94ED2F6A93ED0D7AC2
:1057A000B0EE643AD3ED074AE1EEA26A64EEA55A80
:1057B000D3ED0F4AD3ED0C1AD3ED0E2A24EE064A90
:1057C00027EE207A64EEA77AD3ED0A0AD4ED324AA6
:1057D000D8F8A035B0EE666AF0EE446AA1EE827A9F
:1057E000E2EEA47AE8EE005AE0EE816A77EE277ADC
:1057F00076EE266A73EE834A75EE255A77EEA67A20
:1058000035EEA47AD4ED206A77EE877A94ED1E7A8D
:1058100077EEA67AF2EE026A67EEA67A27EE077AAC
:10582000F4EEC77AF1EE10FA48BF86F86190FAE616
:10583000704700BF2DE9F04F2DED108BADF6DC1D4C
:105840000DF17F03074623F00F0303F586600293F3
:1058500007F110034FF4806219461793039004F088
:1058600015FD3B68D34ADB6A934240F03E84002337
:1058700087F8B13487F8213587F89135C7F8A03516
:105880003846FEF7CBF897F8F838002B00F028845C
:105890003846FFF789FE07F582634022002118464B
:1058A000119304F01BFDD7F8A025002A40F3718165
:1058B000029B049703F5036807F58A6B002103F543
:1058C000846A43464FF00009D8460F469B4605E0E0
:1058D0000137974208F1700880F25A810299CBF89B
:1058E00004900023022FCBF80890CBF80C90CBF853
:1058F0001090A1F89038CBF82090CBF82490CBF8FA
:105900002890CBF82C90CBF83090CBF83490CBF893
:105910003890CBF83C90CBF84090CBF84490CBF843
:105920004890CBF84C90CBF85090CBF85490CBF8F3
:105930005890CBF85C90CBDCD8F80030CBF8003036
:10594000D8F80430CBF80430D8F80830CBF8083059
:10595000D8F80C30CBF80C30D8F81030CBF8103029
:10596000D8F82030CBF82030D8F82430CBF82430C9
:10597000D8F82830CBF82830D8F82C30CBF82C3099
:10598000D8F83030CBF83030D8F83430CBF8343069
:10599000D8F83830CBF83830D8F83C30CBF83C3039
:1059A000D8F84030CBF84030D8F84430CBF8443009
:1059B000D8F84830CBF84830D8F84C30CBF84C30D9
:1059C000D8F85030CBF85030D8F85430CBF85430A9
:1059D000D8F85830CBF85830D8F85C30CBF85C3079
:1059E0000D4698F86130B8F86010A5F89018002BB3
:1059F0003FF46EAF05F51264039B18931021012349
:105A00000094B7EE000AC4F80090C4F80490C4F8FB
:105A10000890C4F80C90C4F81090C4F81490C4F81E
:105A20001890C4F81C90C4F82090C4F82490C4F8CE
:105A30002890C4F82C90C4F83090C4F83490C4F87E
:105A40003890C4F83C901B93019305F505661AAB9A
:105A500018AA084619911A96FFF76CFBDBED157A28
:105A600094ED01FA9BED095AD4ED00FADBED080A3A
:105A7000CDED067A6FEE057A94ED039ADBED0B3AE5
:105A80009BED0D7AD4ED028A9BED0A1A8DED087A12
:105A9000EFEEA07A94ED0F7A94ED05AA94ED07BA93
:105AA0009BED0F4A94ED09CADBED115A94ED0BDA28
:105AB000DBED134A94ED0DEA9BED170AD4ED049A41
:105AC000DBED0C1AD4ED06AA9BED0E2AD4ED08BA34
:105AD000DBED102AD4ED0ACA9BED123AD4ED0CDAB4
:105AE0008DED077AF0EE676A69EE237ADBED14EA52
:105AF0009DED087A9BED168ACDED05EAE8EE817AF8
:105B0000B0EE486A76EEA77A6AEE076A2BEE047A60
:105B1000E9EEA16AAAEE827AD4ED0EEA8DED096A69
:105B200036EE877A6CEE256A37EE277AEBEEA26ABC
:105B3000B0EE668A6DEE246AF0EE667AECEE837A59
:105B400078EE276ADDED067A9DED058A6EEE277AFE
:105B5000EDEE887A9DED078A28EE008AAEEE868A01
:105B600077EE887A77EEA67A37EE877ADBED037ADE
:105B700037EE277AB5EEC07AF1EE10FA1CDC049B02
:105B8000D3F8A0250137974208F17008FFF6A6AEBA
:105B9000049F3B6838461B6B9847039917984FF44E
:105BA000806204F073FB0DF6DC1DBDEC108BBDE8CC
:105BB000F08F00BF3D110208F7EE007A87EE878A6A
:105BC00005F50E631693159402959DED077A68EE20
:105BD0002FFA28EE0FFA68EE288A28EE099A68EE66
:105BE000299A28EE0AAA68EE2AAA28EE0BBA68EECD
:105BF0002BBA28EE0CCA68EE2CCA28EE0DDA68EE35
:105C00002DDA28EE0EEA68EE2EEA28EE078AC3EDBA
:105C100000FA83ED01FAC3ED028A83ED039AC3ED26
:105C2000049A83ED05AAC3ED06AA83ED07BAC3ED76
:105C300008BA83ED09CAC3ED0ACA83ED0BDAC3EDD6
:105C40000CDA83ED0DEAC3ED0EEA83ED0F8A049BB7
:105C500003F21442079203F5836003F5856203F2B1
:105C60001C4403F244410A900C9203F22C4003F2CC
:105C70003C4203F5846E03F2244C03F586650B94D5
:105C80000D9003F2344403F587600E920F9103F5F3
:105C90008862194603F58963109301F24C43194653
:105CA000119B93ED007A079BD3ED006A0A9BCDED23
:105CB000136A25EE265A8DED127AA0EE875AD3ED9F
:105CC000000A0B9B9DED087AD3ED006A0C9BCDED8D
:105CD000140A63EEA63AE1EE203A93ED001A0D9B0A
:105CE00075EE237A9CED005ADEED003A27EE056A48
:105CF000A1EEA36AD3ED001A0E9B24EE214AA2EE78
:105D0000014A90ED002A36EE047A94ED006A95ED92
:105D1000004A65EE865A37EE277AE2EE845AD3EDD2
:105D2000002A0F9BDDED067A64EEA24AE3EE024AFA
:105D30009DED053A75EEA45AD2ED004ACDED085A14
:105D4000D3ED005A109B67EEA57AD3ED000AE3EE7F
:105D5000247A91ED003ACDED057A20EE030ADDEDCF
:105D6000097AA7EEA00ADDED057A77EE807A9DED3F
:105D7000080A119B77EE807A9BED020A77EE877A0C
:105D80009DED127A70EE677AA7EEAF7AE7EEA93A48
:105D900083ED007A9DED137A079BA7EE8F7AA7EE2D
:105DA0008A5A83ED007A9DED147A0A9BA7EEA87AB1
:105DB000A7EEAA1A83ED007AB0EE667AA7EE897A8A
:105DC0000B9BE7EE8B1A83ED007A0C9BCEED003A2D
:105DD000A7EEAB4A8CED005AA7EE8C6A83ED001A51
:105DE000A7EEAC2A0D9BE7EE8D2AC3ED001AE7EE75
:105DF000AD4A0E9BE7EE8E5A85ED004AE7EEAE0AFD
:105E000084ED006A80ED002AC3ED002A0F9BC2EDED
:105E1000004AA7EE883AC3ED005A109BC3ED000A72
:105E2000029B81ED003A15991A4603F58064F1EC66
:105E3000017A2FEEA70A6FEE270A28EEA71A69EE5D
:105E4000271A29EEA72A6AEE272A2AEEA73A6BEE2E
:105E5000273A2BEEA74A6CEE274A2CEEA75A6DEE96
:105E6000275A2DEEA76A6EEE276A2EEEA77A68EE05
:105E7000277A83ED000AC3ED010A83ED021AC3ED10
:105E8000031A83ED042AC3ED052A83ED063AC3ED18
:105E9000073A83ED084AC3ED094A83ED0A5AC3ED78
:105EA0000B5A83ED0C6AC3ED0D6A83ED0E7AC3EDD8
:105EB0000F7A40339C42BAD1039B1D46D3ED007A42
:105EC000B2EC017A77EEC77AE3EC017A5B45F5D163
:105ED000039B1893029B1A9603F50A661023B7EEEC
:105EE000000A199318A801231AA93246C6F800908F
:105EF000C6F80490C6F80890C6F80C90C6F8109042
:105F0000C6F81490C6F81890C6F81C90C6F82090F1
:105F1000C6F82490C6F82890C6F82C90C6F83090A1
:105F2000C6F83490C6F83890C6F83C901B93FAF740
:105F30004FFD169AD6ED007A96ED017A029B96ED0A
:105F4000020AD6ED030A96ED041AD6ED051A96ED6F
:105F5000062AD6ED072A96ED083AD6ED093A96EDCF
:105F60000A4AD6ED0B4A96ED0C5AD6ED0D5A96ED2F
:105F70000E6AD6ED0F6ACDED05FA8DED06FA1946DB
:105F80001046B0EE67FAF0EE47FAF0EC017A27EE31
:105F90008F7A403303ED107A27EEAF7A9C4203EDFF
:105FA0000F7A27EE807A03ED0E7A27EEA07A03EDC2
:105FB0000D7A27EE817A03ED0C7A27EEA17A03EDB4
:105FC0000B7A27EE827A03ED0A7A27EEA27A03EDA6
:105FD000097A27EE837A03ED087A27EEA37A03ED98
:105FE000077A27EE847A03ED067A24EEA77A03ED8A
:105FF000057A27EE857A03ED047A27EEA57A03ED7C
:10600000037A27EE867A67EEA67A03ED027A43EDED
:10601000017ABAD1DDED05FA9DED06FA039BD3EDC9
:10602000007AB1EC017A77EEC77AE3EC017A5B454E
:10603000F5D1DBED036A029BF2EC017A2FEE277AB1
:106040002FEEA70A83ED097A68EEA70A29EE271A30
:1060500069EEA71A2AEE272A6AEEA72A2BEE273A1C
:106060006BEEA73A2CEE274A6CEEA74A2DEE275A84
:106070006DEEA75A2EEE276A2EEEA77A68EE277AE3
:1060800083ED080AC3ED0A0A83ED0B1AC3ED0C1A5F
:1060900083ED0D2AC3ED0E2A83ED0F3AC3ED103ABE
:1060A00083ED114AC3ED124A83ED135AC3ED145A1E
:1060B00083ED156A83ED167AC3ED177A40339C425F
:1060C000BAD1029BCAED006A2033D5ED007AB3EC59
:1060D000017AE6EE877A9A45E5EC017AF5D14EE54C
:1060E0003846FAF731FEFFF7D3BB38469847FFF73B
:1060F000CFBB00BF0120FEF7ABBA00BF0020FEF708
:10610000A7BA00BF062808B503D8054B53F82000EE
:1061100008BD044B044A0548272103F053FF00BF84
:1061200088E6020884BC0208A8E5020808E602081E
:1061300090ED000A704700BF90ED010A704700BF64
:10614000D1F808C0CA68C0F800C04260704700BFFC
:1061500000B5D1F814C0D1F810E08A69C0F800E0A9
:10616000C0F804C082605DF804FB00BF00B5D1F840
:1061700020C0D1F81CE04A6AC0F800E0C0F804C0B2
:1061800082605DF804FB00BF00B5D1F82CC0D1F8E7
:1061900028E00A6BC0F800E0C0F804C082605DF837
:1061A00004FB00BF00B5D1F838C0D1F834E0CA6BA9
:1061B000C0F800E0C0F804C082605DF804FB00BFD6
:1061C00091ED006AD1ED016A90ED007AD0ED017A8F
:1061D00037EE067A77EEA67A38B504460D4680ED9E
:1061E000007AC0ED017A1031103000F061FED5ED7B
:1061F000086A94ED087AD4ED097A94ED0A6A37EECC
:10620000267AD4ED0B6A84ED087A95ED097A77EE5B
:10621000877A94ED0C7AC4ED097AD5ED0A5AD4ED5B
:106220000D7A36EE256A204684ED0A6A95ED0B6AF2
:1062300076EE866AC4ED0B6AD5ED0C6A37EE267AE7
:1062400084ED0C7A95ED0D7A77EE877AC4ED0D7AB0
:1062500038BD00BF2DE9F04F99B00DF1170929F0B5
:106260000F09924601F13802019201F1100309F180
:106270004402044691ED006AD1ED016A009201F1F9
:10628000200E01F1440C01F12C0B0FCB09F110058C
:1062900085E80F009EE8070009F1200888E807005C
:1062A0009BE8070009F12C0787E80700019907C957
:1062B00009F1380686E807009CE807009AED007AA5
:1062C000DAED017A009B37EE067A77EEA67A83E85C
:1062D00007000AF11001284689ED007AC9ED017A1C
:1062E00000F0E6FD9AED085ADAED095A9AED0A6ACD
:1062F000D9ED086A99ED097AD9ED0A7AD9F8003012
:1063000076EE856A37EE257A77EE867A9AED0B5A25
:10631000DAED0C5A9AED0D6AC9ED086A89ED097A31
:10632000C9ED0A7A2360D9F80430D9ED0B6A99EDEA
:106330000C7A636095E80F00D9ED0D7A76EE856AE8
:1063400037EE257A77EE867AC9ED0B6A89ED0C7AFD
:1063500004F1100C8CE80F00C9ED0D7A98E80700E5
:1063600004F1200B8BE8070097E8070004F12C0AE2
:106370008AE8070096E80700009B04F1380989E8DD
:10638000070093E8070004F1440E8EE8070020465A
:1063900019B0BDE8F08F00BF2DE9F84F01F11003EF
:1063A000044691ED007AD1ED017A00F1100E01F171
:1063B000440C01F1200A00F1200901F12C0800F140
:1063C0002C0701F1380600F1380B00F144050FCB22
:1063D0002DED028B8EE80F009AE8070089E8070090
:1063E00098E8070087E8070096E807008BE80700B1
:1063F0009CE8070020EE077A60EE277A85E8070020
:1064000084ED007AC4ED017A7046B0EE408A00F067
:10641000EBFDD4ED085A94ED096AD4ED0A6A94EDC7
:106420000B7AD4ED0C7A94ED0D0A65EE885A26EEBF
:10643000086A66EE886A27EE087A67EE887A20EEA8
:10644000088A204684ED0D8ABDEC028BC4ED085A03
:1064500084ED096AC4ED0A6A84ED0B7AC4ED0C7A06
:10646000BDE8F88F012804D00338012803D8054877
:1064700070470548704708B5044A054B0548532145
:1064800003F0A0FDB8030020F0020020A4E60208FB
:1064900084BC02081CE70208022805D00538012840
:1064A00005D8B1EE000A70479FED040A704708B5A1
:1064B000034A044B0448692103F084FDFAED6B3D67
:1064C000A0E7020884BC02081CE70208524B534AAA
:1064D000DFED537A53495448DFF878C100B5DA62EA
:1064E0001A635A639A63DA631A64504A1A655A65E2
:1064F0009A654F4ADFF860E1DA651A665A664D4AD6
:106500009960D960C3F820C0C3F824C0C3F828C07C
:1065100058649864D8649A66DA661A675A679A6704
:10652000DA67C3F88020C3ED047AC3F814E0C3F837
:1065300018E0C3F81CE0C3F88420C3F888203E4A62
:10654000C3F88C20C3F89020C3F89420C3F8982097
:10655000C3F89C20C3F8A020C3F8A420C3F8A82047
:10656000C3F8AC20C3F8B020C3F8B420C3F8B820F7
:10657000324BDFF8E8C09960D96059619961D961FF
:106580002F49C3F820C0C3F824C0C3F828C09963BA
:10659000DFF8CCC0D96319642A49C3F82CC0C3F80A
:1065A00030C0C3F834C058649864D8641965C3ED2A
:1065B000047A596599652449DFF8A8C0234899668B
:1065C000D96619672249C3F85CC0C3F860C0C3F834
:1065D00064C058679867D867C3F88010C3F8841000
:1065E000C3F88810C3F88C20C3F89020C3F8942017
:1065F000C3F89820C3F89C20C3F8A020C3F8A420B7
:10660000C3F8A820C3F8AC20C3F8B020C3F8B42066
:10661000C3F8B8205DF804FBB80300208FC2F53C36
:106620009A99993ECDCCCC3DC364AA3A95BFD63356
:106630006269BA37BD37063500006145F0020020B7
:10664000A69BC43BB5423B32789C6E325BB5183199
:1066500077CCAB320AD7233CCDCC4C3E0AD7A33BF8
:106660006F12033B1665BA3610B5D0E900431B1B09
:10667000B1EBA30F17DAD0E903431B1BB2EBA30F57
:1066800017DA836901EB8101500953F8213002F0D8
:106690001F0253F82010012303FA02F20A4214BF2A
:1066A0001846002010BD064B064A07483B2103F060
:1066B00089FC064B034A04483C2103F083FC00BFDD
:1066C00008E8020848E802087CE80208F0E8020846
:1066D0002DE9F04FD0E900B887B0A8EB0B03049286
:1066E0008E4A8F4C03909B1003FB02F2A24200F0F3
:1066F0001281012A134638BF01239B180D460E460E
:1067000080F00481A1EB0B020192002B40F0EE809F
:106710000593142400931A46049B01999F681868F6
:10672000DB680293019B02EB010A0021D150029B1E
:106730003A1A13EBC209CAE90111CAE9031140F080
:10674000A580DDE90031CAF8109043F80190CAF83D
:1067500004904B4649468742CAE9021906D00146D1
:106760001846019203F0A0FD019A03461A44029BC9
:10677000002B9C4617DD4FF0000E0123386803FA0A
:106780000EF10142106814BF08438843BEF11F0F89
:10679000106003BF043704324FF0000E0EF1010EFB
:1067A000BCF1010CEAD15D452AD0009C0BF1140725
:1067B000DA464FF00009A7F1140393E8030084E8D8
:1067C0000300A7F10C0292E8030004F1080C8CE826
:1067D000030057F8041C216147E9039992E803007C
:1067E0000AF1140A83E80300143447F8049C1437B0
:1067F000002840D0414201F0DBFE5545DBD1143486
:10680000454525D014350027A5F1140C9CE803005C
:10681000A5F10C0384E8030093E8030045E903773E
:1068200004F1080E8EE8030093E8030055F8042CE9
:1068300022618CE8030045F8047CF8B1414214362B
:1068400001F0B6FEB04504F1140405F11405DBD1E6
:10685000BBF1000F06D0039B99685846A1EB0B01D2
:1068600001F0A6FE039B009AC3E90024059A9A60F2
:1068700007B0BDE8F08F55459DD1C0E71436B0454F
:1068800004F1140405F11405BED1E1E709F11F027A
:106890005709BF003846029201F09BFE029A034658
:1068A0000744DDE9001012EA290238BF4A465211B6
:1068B000CAF810700B500021CAF8041003EB8201D3
:1068C000D9F1000202F01F0209F01F0958BFC2F1FE
:1068D0000009B9F1000F02DA09F120090439049A1C
:1068E0001068D2E9027202923A1A34E7A34228BF32
:1068F000234603EB83039C00204601F06AFE021945
:106900000592009000F11404024605E7A1EB0B0389
:10691000044C0193F0E7044801F072FECDCCCCCCDE
:1069200066666606F8FFFF7F30E9020882B02DE94F
:10693000F04F2DED028B8BB002AC904684E8060040
:10694000BC4A1793B2EB880F4FF00003DDE91859EA
:10695000C0E900331A9E8360C0F0E0814FEA880AE4
:106960000746BAF1000F00F0C18150468B4601F096
:1069700030FE044654443860BC605246594603F029
:1069800085FCAC49DDF85CB07C600023B1EB850F81
:10699000C7E903337B614FEA850245F31D0AC0F066
:1069A000BD81002A00F04A811046009201F011FEDC
:1069B000009AF860594600EB020BC7F814B0044681
:1069C00003F064FC0023C7E906333B62D7E90032D9
:1069D00007F11801D01A934208EE101AC7F810B048
:1069E0004FEAA00000F033815C4500F0AF811A68E7
:1069F000002A40F0A5812268002A40F09B810138DE
:106A0000844608E0D3E90010884202F1010203F154
:106A1000040340F371816245F4DB0AF1FF3A20463A
:106A2000002308E0D0E90021914203F1010300F1C5
:106A3000040040F36D815345F4DB464540F074811A
:106A400009EBC608C84507D04B465A68954240F046
:106A5000598108334345F8D1774B9E4200F261815A
:106A6000002E40F0FA80C84566D000260124D9E9FE
:106A700000A5CDE90566CDE907660996002D63D12D
:106A8000CDE90555CDE907550995D7E907A39A45FD
:106A900000F0A280CAE90166CAF80060079B059869
:106AA000CAF80C60089ACAF810601B1A12EBC305EA
:106AB00040F09A80CAE900552846CAF810502B4683
:106AC0002A46CAF808200599079DCAF80C00A94271
:106AD000DDF820A0A5EB010B05D018465A4603F0BF
:106AE000E3FB05990346BAF1000F03EB0B0015DD3C
:106AF00000228C46296804FA02F30B42016814BF95
:106B00000B4321EA03031F2A036003BF043504304B
:106B100000220132BAF1010AECD16146FB6914335B
:106B2000FB61002952D0099B084609F10809591A4E
:106B300001F03EFDC1459AD138460BB0BDEC028B49
:106B4000BDE8F04F02B0704705F11F0B4FEA5B1331
:106B50009B00184600931BEA250B38BFAB4601F09B
:106B600038FD6942009B01F01F0105F01F0258BF6C
:106B70004A4203444FEA6B1B002A0993CDE90506FC
:106B800000EB8B0301DA2032043B002DCDE9073204
:106B90007FF77BAF05F1FF3CD4440AF1FF350022BB
:106BA0000AE001680B431F2A036006BF002204307D
:106BB0000132AC453FF469AF15F8011F04FA02F346
:106BC0000029EED1016821EA0303ECE709F1080985
:106BD000C1457FF44CAFAFE7514618EE100A05AA45
:106BE000FFF776FD05999CE705F11F0B4FEA5B1255
:106BF00092001046009201F0ECFC009A1BEA250B73
:106C000038BFAB46694202444FEA6B1B01F01F01DB
:106C1000CAE900060346CAF8102000EB8B0205F013
:106C20001F0058BF48420028BFF64BAF2030043A3F
:106C300047E700BFFCFFFF7F666666063B68FA60B9
:106C4000A342C7E90422C7E906223A627ED1424B39
:106C5000424A4348122103F0B5F906EB8606B30019
:106C60001846019301F0B5FCD7E9066B5E4500902C
:106C70002CD01436344605464FF0000A05E0414258
:106C800001F096FC5E451FD01436A4F1140393E87E
:106C9000030085E80300A4F10C0292E8030005F16B
:106CA000080C8CE8030054F8041C296144E903AA89
:106CB00092E80300143583E80300143444F818AC58
:106CC0000028DCD1B345DFD1D7F818B0BBF1000FF5
:106CD00005D0396A5846A1EB0B0101F069FCDDE9EA
:106CE00000231344C7E906223B62BCE6C0F800A0BB
:106CF000C0F808A0544644E61A4B184A18481B210D
:106D000003F060F9184B154A15482B2103F05AF986
:106D1000164B124A1248212103F054F9144801F08D
:106D20006FFC144801F06CFC134B0C4A0C482521F5
:106D300003F048F9114B094A0948162103F042F9BA
:106D40000F4B064A0648152103F03CF90D4B034A48
:106D50000348132103F036F980E90208A4E9020888
:106D60007CE80208A0EA020884BC0208F4EA0208EF
:106D70004CE9020888EB020850EB02087CEA0208A2
:106D80005CEA020834EA0208016810B50446C0E96A
:106D900002230B6898476368012B17D0022B0FD191
:106DA000236820469B68984723682046DB689847FD
:106DB000236820461B699847236820465B699847EB
:106DC000236820469B69BDE8104018472368204689
:106DD0005B689847F4E700BFF7EE006A86EEA07A9A
:106DE0000021002241600272C6EE807A77EE877A37
:106DF000C7EE276AC0ED006A704700BF90ED010A38
:106E0000704700BF037A23B90123037280ED010AA2
:106E10007047D0ED017AD0ED006A30EE677AE6EE89
:106E2000877AB0EE670A80ED010A704700220023DE
:106E300042600372704700BF08B5034A034B044821
:106E40006D2103F0BFF800BF98EB020824DB0208B5
:106E5000A4DC020808B5030707D100224FF07E51D9
:106E6000016042608260C26008BDFFF7E5FF00BFBD
:106E700008B503070CD10A6842604FF0000C8A681D
:106E8000C0F800C0D1F804C0C0F808C0C26008BD96
:106E9000FFF7D2FF08B5030708D180ED000AC0ED67
:106EA000010A80ED021AC0ED031A08BDFFF7C4FF06
:106EB00091ED007AD0ED007AD0ED016A77EE877A15
:106EC00090ED027AC0ED007A91ED016AD0ED037A7F
:106ED00076EE866AC0ED016AD1ED026A37EE267A57
:106EE00080ED027A91ED037A77EE877AC0ED037A2E
:106EF000704700BF08B5030774D14FF07E5CC0F83F
:106F000000C04FF0000CC0F804C0C0F808C0C0F8C2
:106F10000CC091ED016AD2ED017AD1ED006A92EDDB
:106F2000007AD1ED025A67EEC67A92ED026AE6EE79
:106F3000877AD1ED036A92ED037AE5EEC67AE6EE42
:106F4000C77AC0ED007A91ED016AD2ED007AD1EDF9
:106F5000006A92ED017AD1ED025A67EE867A92EDDF
:106F6000036AE6EE877AD1ED036A92ED027AE5EEE6
:106F7000867AE6EEC77AC0ED017A91ED026AD2ED2B
:106F8000007AD1ED006A92ED027AD1ED015A67EEF6
:106F9000867A92ED036AE6EE877AD1ED036A92ED86
:106FA000017AE5EEC67AE6EE877AC0ED027AD2ED96
:106FB000007A91ED036AD1ED006A92ED037AD1ED8A
:106FC000015A67EE867A92ED026AE6EE877AD1ED93
:106FD000026A92ED017AE5EE867AE6EEC77AC0EDB6
:106FE000037A08BDFFF728FF90ED006AD0ED016A33
:106FF00090ED027AD0ED037A26EE006A66EE806AA2
:1070000027EE007A27EE800A80ED006AC0ED016A63
:1070100080ED027A80ED030A704700BF704700BF21
:1070200090ED000A704700BF0430704790ED010AF0
:10703000704700BF0830704790ED020A704700BFEC
:107040000C30704790ED030A704700BFD0ED015A35
:10705000D0ED036A90ED005A90ED026A25EEA50A84
:1070600026EEA67AF0EE407AE5EE057AA6EE067AEE
:1070700037EE870AB5EEC00AF1EE10FA00DC704771
:1070800000B5B5EE400AF1EE10FA83B014D4F1EE7B
:10709000C07AC5EE274A86EEA77A85EEA75AC6EED5
:1070A000275AC0ED004A80ED015AC0ED025A80ED2A
:1070B000037A03B05DF804FB019001F0D7FC01985E
:1070C000F0EE407A90ED005AD0ED015A90ED026A50
:1070D000D0ED036ADDE700BF10B511460446782203
:1070E00003F0D4F8204610BD2DE9F0417A4B01267B
:1070F0000546C0E9003694B04FF4A872002108306C
:1071000003F0ECF84FF07E5200240023AA61EA61FC
:107110002A656A65C5F88820C5F88C20C5F8C020A6
:10712000C5F8C420C5F8F820C5F8FC20C5F8302102
:10713000C5F834214FF0FF320321C5E96222C5E9C9
:107140006422C5E96622C5E956440222C5E95844CD
:10715000C5E95A44C5E95C44C5E95E44C5E96044F3
:10716000C5F8A041C5E98F44C5F83432C5F83832B6
:10717000C5F84832C5F84C32C5F85C32C5F8603203
:10718000C5F87032C5F87432C5F88432C5F8883253
:10719000C5F89832C5F89C320423C5F8B422C5E975
:1071A000AB46C5E99444C5E99944C5E99E44C5E99F
:1071B000A344C5E9A844C5F84442C5F85842C5F8F7
:1071C0006C42C5F88042C5F89442C5F8A842C5E9AA
:1071D000AE130523C5E9B146C5F8C03205F53470D4
:1071E000C5F8CC2200F0D4FE05F5467000F0DAFEBA
:1071F00005F52B76C5F8604305F5317756F8044B55
:107200006846214600F078FE694606A800F0DCFFDB
:10721000052C5AD80DF1180EBEE80F00C4EBC40CB3
:1072200005EBCC0C0CF1080CACE80F00BEE80F002D
:10723000ACE80F00BEE80F00ACE80F009EE80300CA
:10724000B7428CE80300D9D100232846C5F8343270
:10725000C5F83832C5F83C32C5F84032C5F844327A
:10726000C5F84832C5F84C32C5F85032C5F854322A
:10727000C5F85832C5F85C32C5F86032C5F86432DA
:10728000C5F86832C5F86C32C5F87032C5F874328A
:10729000C5F87832C5F87C32C5F88032C5F884323A
:1072A000C5F88832C5F88C32C5F89032C5F89432EA
:1072B000C5F89832C5F89C32C5F8A032C5F8A4329A
:1072C000C5F8A83214B0BDE8F081044B044A054863
:1072D000602102F077FE00BF88F4020824EC020867
:1072E00038EC020800ED02082DE9F04F2DED048B7B
:1072F0008FB000F5317800F5D2730546029100F5A4
:1073000034774646019356F8044B022C00F28180F4
:10731000029B04EB840C03EBCC0CBCE80F000DF1DA
:10732000100EAEE80F00BCE80F00AEE80F009CE8BE
:1073300003009DF81C908EE80300A400B9F1000F33
:1073400006D1BE42DFD10FB0BDEC048BBDE8F08F9B
:1073500005F54673B0EE089A05F52B7B0396994622
:107360005BF804AB04A8514600F072FD0AEB4A0337
:1073700009EB83022244D2ED007A0698B0EEC07A7F
:1073800027EE277A07EB83022244C7EE097A51469B
:107390009E0092ED007A87EE098AF0EE408A37EE81
:1073A000888A00F07BFDB5EE400AF1EE10FA25D494
:1073B000F1EEC07ABAF1050F78EE277A23D8D5F826
:1073C000A011022913D8019B67EEA77A9A19AB196D
:1073D00002EB810203EB8103D845C2ED008AC3EDC5
:1073E0007B7ABDD10131039EC5F8A011A9E70C4BF2
:1073F0000C4A0D4840F2AB1102F0E4FD01F036FBFF
:10740000F0EE407AD6E7094B094A0A48602102F0BB
:10741000D9FD064B084A07486A2102F0D3FD00BF98
:1074200080DE0208E0EE0208B8D6020824EC02086A
:107430000CEE020800ED020828ED02082DE9F04FDD
:107440008FB013460546039218468B46F022002162
:1074500002F044FF05F5317305F52B760193A9463B
:1074600003E0019BB34200F0868056F8045B052DD3
:1074700000F2618109EB85084FEA850AD8F8583196
:107480005A1E012A7AD9032BEBD1D8F87031022B7E
:1074900074D0D9F8C442022C00F2478104EB840472
:1074A0000BEBC4040FCC04AF0FC70FCC9DF81CC06E
:1074B0000FC794E8030087E80300BCF1000F40F019
:1074C0001A81D9F8C842022C00F22F8104EB8404FF
:1074D0000BEBC4040FCC04AF0FC70FCC9DF81CC03E
:1074E0000FC794E8030087E80300BCF1000F40F0E9
:1074F000E880D9F8CC42022C00F2178104EB840416
:107500000BEBC4040FCC04AF0FC70FCC9DF81CC00D
:107510000FC794E8030087E80300BCF1000F40F0B8
:10752000B680D9F8A021002A40F31281039B07EE10
:10753000902A554403EBC505D5ED006AB8EEE77A0D
:10754000D5E90201C6EE877AD317C5ED007AE1F7D7
:10755000F3FAC5E90201D8F858316B61D8F87031F7
:10756000AB6100232B614FF0010385F82030019BB4
:10757000B3427FF47AAF0FB0BDE8F08FD9F8C442C0
:10758000022C00F2D28004EB84040BEBC4040FCC79
:1075900004AF0FC70FCC9DF81CC00FC794E80300C1
:1075A00087E80300BCF1000F6ED0D8F88831002BBB
:1075B0003DD1022302934FF0010CD9F8C842022CAE
:1075C00000F2B38004EB84040BEBC4040FCC04AFD3
:1075D0000FC70FCC9DF81CE00FC794E8030087E8A5
:1075E0000300BEF1000F05D0D8F888319C451ED1AC
:1075F000DDF808C0D9F8CC42022C00F2968004EBEA
:1076000084040BEBC4040FCC04AF0FC70FCC9DF860
:107610001CE00FC794E8030087E80300BEF1000FE9
:107620003FF41FAFD8F888319C453FF41AAF294684
:1076300004A800F00DFC039ADDE904010AEB050340
:1076400002EBC303069A1A61D8F8882183ED000A79
:10765000C3E90201D8F858115961D8F8701199613D
:10766000002A07DB022A6CDC02EB82020BEBC2026F
:107670009268DA61039A0AEB050302EBC3034FF049
:10768000010283F82020ECE60123029395E72946C6
:1076900004A800F0DDFB039A04980AEB050302EB53
:1076A000C303D3ED007A9A6837EE800A12181946A0
:1076B000D86883ED000A9A60059B40EB0303CB601A
:1076C0002FE7294604A800F0C3FB039A04980AEBAD
:1076D000050302EBC303D3ED007A9A6837EE800A04
:1076E00012181946D86883ED000A9A60059B40EB92
:1076F0000303CB60FDE6294604A800F0A9FB039A2A
:1077000004980AEB050302EBC303D3ED007A9A68F1
:1077100037EE800A12181946D86883ED000A9A607D
:10772000059B40EB0303CB60CBE60D4B0D4A0E48A7
:107730006A2102F047FC0A4B0C4A0B48602102F018
:1077400041FC0B4B0B4A0C484FF4977102F03AFC8A
:107750000A4B084A084840F2531102F033FC00BFBC
:1077600024EC020828ED020800ED0208C0EF020830
:1077700098F0020818F1020834F3020884BC0208E9
:107780002DE9F04F2DED028B0C46A5B000211546DA
:10779000F02208EE900A02F0A1FD23686F4A1B68F0
:1077A00000200021C4E95601C4E95801C4E95A0186
:1077B000C4E95C01C4E95E01C4E960014FF0FF3136
:1077C0004FF0FF30C4E96201C4E96401C4E9660115
:1077D00093424FF00001C4F8A0110DF1180B40F0D6
:1077E000A38078222946584602F050FD594620468B
:1077F000FFF77AFD9FED5A8A04F52B7704F5317A6D
:10780000D4F8A03157F8045B8DED048A032B8DED7D
:10781000058A34D0022B41D0052D00F28C804FEA2E
:1078200085080093C5EBC50604F1080305EB450286
:1078300003EBC60604F5D27104F5F67301EB820181
:10784000304603EB820204ABCDE9021200F04EFE9B
:1078500004EB08090328DDE90212C9F858014ED0EB
:107860005745CDD1204618EE902A5946FFF7E6FD40
:1078700018EE900A25B0BDEC028BBDE8F08F052D07
:1078800065D805EB850104F50D7202EB81024FEA24
:1078900085081168526804910592C2E7D4F8C422A1
:1078A000022A4ED802EB820224A901EBC20212F88E
:1078B0006C2CBAB1D4F8C822022A42D802EB820258
:1078C00001EBC20212F86C2C9AB3D4F8CC22022A33
:1078D00037D802EB820201EBC20212F86C2C002AAC
:1078E0009AD11A46052D32D805EB85010A4404EBDE
:1078F00082024FEA8508D2F83C22049291E7304692
:1079000004F5C47646440196D4F8A0610096454437
:1079100004F50D7303EB850300F074FC5745C9F8BB
:1079200070017FF46DAF9DE72A462146584698477F
:107930005CE70122D6E70B4B0B4A0C48602102F0B2
:1079400041FB084B0A4A09486A2102F03BFB054B00
:10795000084A0648602102F035FB00BFD9700208D2
:107960000000000024EC020838EC020800ED0208D8
:1079700028ED0208A4F3020830B50F4D2B78BFF3B1
:107980005B8FDB0783B004460A4606D520460B49C9
:10799000FFF7F6FE204603B030BD2846019100F007
:1079A00009FE019A0028F1D00448FFF79DFB284604
:1079B00000F00CFE019AE9E7A80C0120B00C0120B0
:1079C00002460B46014800F0F7BA00BF181001202C
:1079D000014800F0FBBA00BF1810012030B583B099
:1079E00004460092034822460B4600F0FDFA03B01D
:1079F00030BD00BF1810012010B50349044600F047
:107A0000D3FB204610BD00BF18100120DFED157A12
:107A1000B4EEE70AF1EE10FA06DADFED137AB4EE0F
:107A2000E70AF1EE10FA02D89FED100A7047DFED79
:107A3000107ADFED100A87EE800A08B500F0BEFF6D
:107A4000F7EE007A30EE670A9FED0B7ADFED0B7AE6
:107A500020EE070A20EE277A77EEC07A87EE270A13
:107A600008BD00BF0092F9470058B1460000C07F32
:107A700080E6C54754D442BEC42A2DC73CFEC14A45
:107A8000DFED1E7AB4EEE70AF1EE10FA10DA08B56F
:107A9000DFED1B7AB4EEE70AF1EE10FA2DED028B62
:107AA000B0EE408A07D8BDEC028B9FED160A08BDE8
:107AB0009FED140A70479FED140ADFED140A80EE63
:107AC000080A00F07BFFDFED126ADFED125AF7EED5
:107AD000007A30EE677AB0EE666AA7EE656AC0EEAD
:107AE000087ABDEC028B86EE860A9FED0B7A20EEBB
:107AF000000A20EE070A27EEC00A08BD0092F947E7
:107B00000058B1460000C07F80E6C54754D442BE4D
:107B10003CFEC14AC42A2DC709CA034670B5D0ED40
:107B2000020A90ED010A2DED028BF1EE600AB1EE32
:107B3000400A04460E46154600F01EFF86ED000A78
:107B4000D4ED027A94ED017A94ED008A67EEA77A7B
:107B5000E7EE077AE8EE087AF5EE407AF1EE10FAF1
:107B60000AD4B1EEE70A88EE000A00F0D9FEBDECB7
:107B7000028B85ED000A70BDB0EE670A00F076FF5B
:107B8000F1E700BF10B52DED0A8BF6EE00AAB0EEBE
:107B9000408AF0EE608AF0EE419A0446FFF75AF907
:107BA00028EE2A8A68EEAA8AB0EE480A00F096FD0E
:107BB000B0EE409AB0EE480A00F06CFEB0EE408A9B
:107BC000B0EE680A00F08AFDB0EE40AAB0EE680A96
:107BD00000F060FE69EEAA9AF0EE40AAB0EE690AE3
:107BE00000F07CFDF0EE408AB0EE690A00F052FE33
:107BF00028EE2ACA69EE0ABA2CEE00BA2046F0EE48
:107C0000409AABEEA8BAFFF709FA29EE2A9A28EEB5
:107C10000A8A29EEC9AA80ED00BAA8EE28AA204651
:107C2000FFF702FA28EE298A80ED00AAA9EE288A39
:107C30002046FFF7FFF968EECC8A80ED008AEBEE74
:107C4000A98A2046FFF7FCF9C0ED008ABDEC0A8B3B
:107C5000204610BD38B505462DED048B08460C4670
:107C6000FFF7E4F92046F0EE409AFFF7DFF92046EF
:107C7000B0EE409AFFF7E0F92046B0EE408AFFF7F9
:107C8000DBF9204628EE008AFFF7DCF92046F0EE0B
:107C9000408AFFF7D7F968EE807AF0EE485AB0EEE6
:107CA000675AE9EE895A2046A9EE895A38EE278AA2
:107CB000F7EE007AB0EE007AB0EE676AF0EE676A2F
:107CC000A8EE476AE5EEC77AE5EE476A85ED006AF9
:107CD000C5ED046AC5ED087AFFF7A8F92046B0EEB5
:107CE000409AFFF7A9F92046F0EE408AFFF798F98D
:107CF0002046B0EE408AFFF7A5F968EE007A2046EC
:107D0000B0EE677A99EE287AE9EE287A37EE077AAC
:107D100077EEA77A85ED037AC5ED017AFFF786F94C
:107D20002046B0EE409AFFF78DF92046F0EE408AEB
:107D3000FFF776F92046B0EE408AFFF77DF968EE4E
:107D4000007A2046B0EE677AA9EE287AD9EE287A32
:107D500037EE077A77EEA77A85ED067AC5ED027AD7
:107D6000FFF76AF92046B0EE409AFFF76BF920461C
:107D7000F0EE408AFFF754F92046B0EE408AFFF754
:107D800055F968EE007A2846B0EE677A99EE287ABF
:107D9000E9EE287ABDEC048B37EE077A77EEA77A06
:107DA00085ED077AC5ED057A38BD00BFDFED246AA1
:107DB000B0EEC07AB4EEE67AF1EE10FA08DC9FED90
:107DC000217AF0EEE07AF4EEC77AF1EE10FA02DBF7
:107DD0009FED1D0A704730B591B00DF1370121F0CC
:107DE0000F0504469FED191A2846FFF7CBFE2946DA
:107DF00001A8FFF72FFFD4ED020A9DED080ADDED83
:107E0000076A94ED017ADDED057A9DED046A20EEB6
:107E1000800A60EEA60AA7EE270AE6EE070AD4ED6E
:107E2000007ADDED026A9DED017AA7EEA60AE7EE83
:107E3000270AB1EE400A11B0BDE8304000F09CBD09
:107E4000DA0F4940DA0FC93F0000C07F0000000090
:107E500008B5052916D8DFE801F006090C0F120352
:107E600090ED090A08BD90ED040A08BD90ED050AE1
:107E700008BD90ED060A08BD90ED070A08BD90ED1B
:107E8000080A08BD024B034A0348282102F09AF869
:107E900084BC02088CF4020828F5020802290BD8D9
:107EA00001289FED0F0A12D00338F7EE007A02285E
:107EB00028BFB0EE670A70470339022908D80128A5
:107EC00002D09FED080AEFE79FED070A7047704761
:107ED00008B5064A064B0748612102F073F800BF57
:107EE000DF72853EB6FE963700E75B3498F50208F0
:107EF00084BC020828F5020830B51D4C84460D46A6
:107F000086460FCCACE80F0094E80300022D8CE805
:107F1000030017D9033D022D12D8164A164B1748F5
:107F20001749CEF80020CEF808304FF08042154BAC
:107F3000CEF80400CEF80C10CEF81020CEF8143095
:107F4000704630BD0B4A0C480F490E4B0F4CCEF813
:107F500000204FF08042CEF80800CEF80440CEF862
:107F60000C10CEF81020CEF81430704630BD00BF93
:107F700054B50208295C1342A4703542295C1341B0
:107F8000A470354100004843CDCC6C400000204037
:107F900010B503490446482202F078F9204610BD86
:107FA0006CB5020810B503490446482202F06EF988
:107FB000204610BDB4B50208C0E900230123C0ED7E
:107FC000030A80ED020A0374704700BF00B58646BD
:107FD00000F1180CBEE80F00ACE80F009EE80300AB
:107FE0008CE803005DF804FB2DE9F0412DED028BD8
:107FF00090F8281084B00C9E002944D00446D6E99D
:1080000004101F468A4277EB0003904640D2891A3B
:1080100060EB0700B1F1004F70F1000380F0AD801C
:10802000D4E906050029B8BF4942804577EB05032E
:1080300032D3B8EB000067EB0505B0F1004F75F1E6
:10804000000380F09A80504DA94204DC0028B8BF9C
:108050004042A84225DD0023C4E90733C4E90933BF
:10806000C4E90033C4E90233C4E90433A361E36221
:1080700084F8483084F8343000220023C4E9102307
:108080000021A163216304B0BDEC028BBDE8F08147
:10809000511A67EB0000BDE7B0EB080065EB070580
:1080A000CBE73168706801910290B168D4ED090A9C
:1080B00094ED080A039101A8FFF778FEB4EE400A98
:1080C000F1EE10FADFD694F8341011B394ED0C7A77
:1080D000DFED2E6A70EE477AF4EEE67AF1EE10FAF2
:1080E00031DDDFED2B6A77EEE67A9FED2A6ADFED70
:1080F000276AA7EE867AB4EEE67AF1EE10FAB0EED1
:10810000470A2CDDDFED227A37EE670A84ED0C0A90
:1081100004E0012184ED0C0A84F834109FED1C8AE0
:108120000121C4E91087F0EE480A84F8481000F0F5
:1081300025FCB5EEC00AF1EE10FA48BF30EE080A91
:1081400084ED0E0A9FE7DFED146AF4EEE67AF1EEB5
:1081500010FA44BFDFED0E6A77EEA67AC5E7DFEDD1
:108160000E7AB4EEE77AF1EE10FA44BFDFED087A4A
:1081700037EE270A84ED0C0AD0E7084B084A094875
:108180007F2101F01FFF00BF400D0300DA0F4940BF
:10819000DA0FC940A6AA2A3EDA0F49C020F6020823
:1081A00084F6020814F7020801F1380C10B50446F1
:1081B0008646BCE80F00AEE80F009CE803008EE89E
:1081C0000300204610BD00BF8C4610B5D1ED050A56
:1081D00091ED040A04468646BCE80F00AEE80F00A5
:1081E0009CE803008EE8030004F11800FEF7F4FD9C
:1081F0000022002000210023C4E90A0122636363F6
:10820000204610BD10B4019C032C07D0601E01282D
:108210008CBF002001205DF8044B70479FED367A3B
:10822000D1ED027ADFED355A91ED014A91ED006A08
:10823000DFED336A92ED015AD2ED024A93ED022A44
:10824000D3ED032A67EE877A26EE256AB0EE677AC9
:10825000A4EE257AD2ED005A25EE265A65EEA65AEE
:1082600077EE867AF0EE653AB0EE453AE4EEA63A5D
:10827000A4EEA63A37EE427A77EEE27A27EE077A54
:1082800067EEA77AC7EE036A87EEA37ADFED1A4A94
:10829000F0EE467AF4EEC76AE4EE247AF1EE10FAD4
:1082A000C8BFF0EE476A93ED047A77EEC77A75EEB1
:1082B000855A67EEA77AC8BF012287EEA57AD8BF94
:1082C0000022D0ED007AB4EEE67AF1EE10FA48BF63
:1082D000F0EE476AF4EEE67A48BF0222F1EE10FAB9
:1082E00005D4029B5DF8044B1A60022070470320FE
:1082F0005DF8044B704700BFF30435BFF304353F0E
:10830000FFFFFF3EDFED1C7A022AC0ED007AC0EDD0
:10831000017A21D0032A1ED191ED027A9FED175ADE
:10832000D1ED016A9FED166ADFED165A67EE277AE6
:1083300027EE057AE6EEA57AA6EE867ADFED125AEA
:10834000D1ED006AA6EE867AE6EEA57A80ED017A96
:10835000C0ED007A70477047D1ED017A9FED097A40
:10836000D1ED006A67EE877A9FED077AE6EE877AAD
:10837000C0ED007A704700BF00000000EA0551BF61
:10838000E805D13EF30435BFF304353F10B582B0A4
:1083900014460498022872D0032840F08A800246CE
:1083A0006846FFF7AFFF9FED486ADFED483A94ED6E
:1083B000027A9FED474A9FED475ADFED474A94ED19
:1083C000001A9DED010AF0EE467AF0EE466AE7EEFD
:1083D000067AE7EE236A94ED017AF0EE461AE7EEAC
:1083E000041AB0EE462AA7EE052A67EEA35A26EE37
:1083F000867AE1EE855AF0EE462AB0EE463AE1EE94
:10840000242AA1EE053AA2EE047A67EE867A66EE99
:10841000A36AE1EE847AE2EE056AB0EE656AA2EE46
:10842000856AA3EE247AE2EEA47AE3EE056A66EEAC
:10843000474A93ED015ADDED005AE7EEA64AB7EE42
:10844000004A30EE450A84EE245AD3ED004A67EE26
:10845000857A75EEE45A26EE456A27EE457A60EE97
:10846000277A66EE856AE5EE867A27EE007A20EEB8
:10847000270AA5EEA67AA5EE870A02B010BD02462D
:108480006846FFF73FFFDFED156A94ED017AD4ED02
:10849000005ADDED007A93ED006A27EE267A77EE3A
:1084A000C67AA5EEA67A67EEA77A87EE870A02B0AB
:1084B00010BD02466846FFF725FF094B094A0A48E6
:1084C00040F2011101F07EFD00000000EA0551BFFD
:1084D000F30435BFE805D13EF304353FFFFFFF3E0F
:1084E00084BC020844F70208ACF70208F0B585B076
:1084F0000A9D012D07D0A5F1020CBCF1010F05D991
:10850000002005B0F0BD284605B0F0BD044600953A
:10851000FFF73CFF636B84ED0C0AAB4204F11800DB
:1085200009D00390FEF782FC00220023C4E90A234D
:1085300094ED0C0A03980390FEF764FC0398FEF791
:108540005DFC022DD4ED0C7A18D094ED027AF4EE95
:10855000C77AF1EE10FA18DCD4ED037AB4EEE70A2C
:10856000F1EE10FA1CDD6069D4E90A67E0F7FCFA65
:10857000B04271EB070315D2032009E094ED007AB5
:10858000F4EEC77AF1EE10FA0EDDD4E90A670320A3
:10859000013647F10007C4E90A67656305B0F0BD1D
:1085A000D4E90A670220F3E7D4ED017AD6E700BFE9
:1085B00000F077B80368DB0706D4437803B1FFDE29
:1085C0000123437018467047002070470123036061
:1085D0007047012838BF012010B50446204601F03D
:1085E00045FE30B900F072F808B901F0E3FC8047AD
:1085F000F4E710BD08B500F063F808B501F0DAFC47
:1086000008B501F0D7FC000008B50B68B3F1804F46
:1086100002D30D48FFF7F4FF93420BD9B3EB420F9F
:108620004FEA420006D2B0F1804F2ABF6FF04043BC
:1086300008600B600868013001D5FFF7DEFFBDE878
:108640000840FFF7C6BF00BF1EF802080B46012B0B
:1086500010B41146044603D122705DF8044B7047F4
:10866000002BFAD05DF8044B1A4601F037BE37B53F
:108670000F2904460191154606D9002201A9FFF7EA
:10868000C3FF019B2060A360019919B120682A46AD
:10869000FFF7DCFF019B226863600021D15403B027
:1086A00030BD01F0EBBD08B5804701F083FC000050
:1086B000024B1868BFF35B8F704700BF8004002037
:1086C00008B5FFF7F5FFFFF7EEFF0000024B186853
:1086D000BFF35B8F704700BF6810012010EE103AA7
:1086E00007B51E4A23F00043934206DCDFED1C0A67
:1086F00003B05DF804EB00F0EDBFB3F1FF4F04DB16
:1087000030EE400A03B05DF804FB684600F0A2FEBC
:1087100000F00300012809D0022810D0B0B9DDED27
:10872000010A9DED000A00F0D5FFEBE7DDED010A3F
:108730009DED000A01F0A4FAB1EE400AE2E7DDED9A
:10874000010A9DED000A00F0C5FFF5E7DDED010A25
:108750009DED000A012001F093FAD3E7D80F493FBD
:108760000000000010B52DED028B0446B0EE408AEB
:1087700001F0CBFBB8B1B5EE408AF1EE10FA12D0A1
:10878000B0EE480A204600F013F8B0EE408A01F03F
:10879000BCFB20B1B5EE408AF1EE10FA03D101F036
:1087A0002FFC22230360B0EE480ABDEC028B10BD03
:1087B00010EE103A33F0004225D0B2F1FF4F02D351
:1087C00030EE000A704713F0FF4F22D12A4BDFED45
:1087D0002B7A984220EE270A16DB10EE103AC3F3EC
:1087E000C752193A0244FE2A15DD10EE103ADFEDA9
:1087F000247ADFED246A002BB0EE677AB8BFF0EE82
:10880000667A27EE270A7047DFED1F7A20EE270AE7
:108810007047D20DE6E7002A06DD23F0FF4343EA66
:10882000C25300EE103A704712F1160F1ADA4CF2EA
:108830005033984210EE103A03F000430ADD9FEDEA
:10884000100A9FED107AF0EE407A002B18BFB0EEC0
:10885000470ADBE79FED0C0A9FED0C7AF0EE407AB9
:10886000002BF3E7193223F0FF4343EAC253DFED55
:10887000087A07EE103AC4E7B03CFFFF0000004C56
:10888000CAF24971CAF249F16042A20D6042A28D5A
:108890000000003310EE103A07B51F4A23F00043E2
:1088A000934207DCDFED1D0A002003B05DF804EB06
:1088B00001F0E6B9B3F1FF4F04DB30EE400A03B03C
:1088C0005DF804FB684600F0C5FD00F003000128D8
:1088D0000AD002280FD0C0B9DDED010A9DED000AD3
:1088E000012001F0CDF9EAE7DDED010A9DED000A76
:1088F00000F0F0FEE3E7DDED010A9DED000A012046
:1089000001F0BEF9B1EE400AD9E7DDED010A9DEDB7
:10891000000A00F0DFFEF5E7D80F493F0000000035
:1089200008B52DED028BB0EE408A00F0BDF8B4EE34
:10893000488AF1EE10FAF0EE408A15D6B0EE480AF9
:1089400001F0DCFAF7EE007AB4EEE70AF1EE10FA85
:108950000ADD01F055FBBDEC028B21230360BDE86D
:108960000840044801F020BBB0EE680ABDEC028B61
:1089700008BD00BF9BFC020800F07CB908B52DEDD6
:10898000028BF0EE408AB0EE608A00F013FAF4EE4B
:10899000488AF1EE10FA0CD6DFED078AB4EE688A49
:1089A000F1EE10FA05D101F02BFB88EEA80A212385
:1089B0000360BDEC028B08BD0000000008B52DED82
:1089C000048BB0EE608AB0EE409A00F075FAB4EE17
:1089D000488AF1EE10FAF0EE408A3ED6B5EE409AA3
:1089E000F1EE10FA12D1B5EE408AF1EE10FA39D05C
:1089F000B0EE480A01F089FA78B3B5EEC08AF1EE1C
:108A000010FA2AD501F0FCFA222314E001F07DFAD5
:108A100098B9B0EE490A01F078FA70B1B0EE480AA0
:108A200001F073FA48B1F4EE688AF1EE10FAE9D772
:108A300001F0E6FA212303600FE0F5EE408AF1EE43
:108A400010FA0AD1B0EE490A01F05FFA28B1B0EE8F
:108A5000480A01F05AFA0028D4D1B0EE680ABDECF9
:108A6000048B08BDF7EE008AF7E7000008B52DED8E
:108A7000028BB0EE408A00F029FEB4EE488AF1EE97
:108A800010FA0CD6DFED078AB4EEE88AF1EE10FAA0
:108A900005D501F0B5FA88EEA80A21230360BDECE4
:108AA000028B08BD0000000038B510EE105A25F00A
:108AB0000044B4F17E5F2DED048B0CD1DFED5D7AC7
:108AC0009FED5D7A60EE277AE0EE077AB0EE670AF6
:108AD000BDEC048B38BD04DD70EE407A87EEA70A4A
:108AE000F6E7B4F17C5FF7EE008A0BDAB4F1485F89
:108AF00052DADFED527A70EE277AF4EEE87AF1EE90
:108B000010FAE5DC01F0FAF938EEC00AB6EE008A98
:108B100020EE088ADFED4A7A9FED4A7A9FED4A9A65
:108B2000A8EE277ADFED497AE7EE087A9FED487ADA
:108B3000A7EE887ADFED477AE7EE087A9FED467A6E
:108B4000A7EE889ADFED457AE8EE077A9FED447A42
:108B5000A7EE887ADFED437AE7EE087AB0EE480AAE
:108B6000E7EE888A00F0B2FD3F4B29EE089A9C425E
:108B700089EE286AF0EE006A3DDDA0EE060ADFED20
:108B80003B7AE0EE267A9FED2C0A30EE670A002D44
:108B9000D8BFB1EE400A9BE760EE007ADFED286AAD
:108BA0009FED287A9FED2C6AA7EEA67ADFED276A63
:108BB000E7EE276A9FED267AA6EEA77ADFED256A13
:108BC000E7EE276A9FED207AA6EEA77ADFED236A0B
:108BD000E7EE866A9FED226AA6EEA76ADFED216ABC
:108BE000E6EE276A27EE277AE6EEA78AC7EE287A0E
:108BF000A0EE270A6CE710EE103A23F47F6323F00F
:108C00000F0307EE103AA7EE478A70EE077A30EEB0
:108C1000000AC8EE275ADFED077AE5EEE67AD0EED5
:108C2000067A9FED130AB0EE406AA7EE666A77EE09
:108C3000C67AAAE72EBD3BB3DB0FC93FCAF2497122
:108C400008EF1138047F4F3AABAA2A3E461124BDE3
:108C5000A80A4E3E90B0A6BE2EC69D3D613330BFE1
:108C60002D57014039D119C09999793F2EBD3B3319
:108C7000DB0F493F10EE902A22F00041B1F1FF4F87
:108C800010B5F0EE407A06DC10EE100A20F000433A
:108C9000B3F1FF4F04DD77EEA07AB0EE670A10BDA6
:108CA000B2F17E5F03D1BDE8104001F053B89417D4
:108CB00004F0020444EAD07443B9022C5ED09FED64
:108CC000347A032C08BFF0EE477AE6E741B9DFEDCE
:108CD000317A9FED310A0028B8BFF0EE407ADCE728
:108CE000B1F1FF4F10D1B3F1FF4F04F1FF3407D1C1
:108CF000022C46D8294B03EB8404D4ED007ACCE750
:108D0000022C41D8264BF6E7B3F1FF4FDFD05B1AB8
:108D1000B3F1F45F4FEAE3511ADA002A01DA3C3189
:108D200019DB87EEA00A01F0E9F801F013F8F0EE84
:108D3000407A012C12D0022C17D0002CADD09FED20
:108D4000190A77EE807A9FED180A77EEC07AA4E7C9
:108D5000DFED107AEDE7DFED157AEAE717EE903AEE
:108D600003F1004307EE903A97E79FED0E0A77EE86
:108D7000807A9FED0D0A70EE677A8EE7DFED0A7A52
:108D80008BE7DFED0B7A88E7DFED087A85E700BF38
:108D9000DB0F49C0DB0FC93FDB0FC9BF38F8020842
:108DA00044F802082EBDBB33DB0F49400000000031
:108DB000DB0F493FF0B510EE905A35F0004409D072
:108DC00010EE102A22F00043B3F1FF4F02DAB4F1A3
:108DD000FF4F04DD60EE200A80EEA00AF0BDA34242
:108DE000FCDB02F0004605D1324B03EB567393EDEA
:108DF000000AF3E712F0FF4F3FD119026FF07D0038
:108E0000002937DC15F0FF4F3DD127026FF07D01BF
:108E1000002F35DA10F17E0FBBBF6FF07D02121A02
:108E2000C2F316039340A8BF43F4000311F17E0F71
:108E3000B5BF6FF07D02C5F31604521A44F4000466
:108E4000B8BF9440401A1A1B00BB13EA220338BF74
:108E50001346002BC8D0B3F5000F1FDB11F17E0FB6
:108E60001FDBA3F500037F31334343EAC15300EE18
:108E7000103AB3E701384900C2E7D8157F38C1E797
:108E800001397F00C4E7E1157F39C3E7002A02DA20
:108E90005B000138D7E7A7D05300FAE75B00013940
:108EA000D9E7C1F1FF2101F57F0182310B41334345
:108EB000DDE700BF50F802082DE9F04110EE904ABE
:108EC00034F000482DED028B10EE106AB0EE408AAF
:108ED000F0EE608A0CD186F48006760016F5000F5D
:108EE00040F2968238EE280ABDEC028BBDE8F08194
:108EF00026F00045B5F1FF4FF4DCB8F1FF4F08DD77
:108F0000B6F17E5FEED184F48004640014F5000FA6
:108F1000E6E7002E20DAB8F1974F2DDAB8F17E5F40
:108F2000C0F27F824FEAE853C3F1960348FA03F791
:108F300007FA03F3434540F0748207F00107C7F1D5
:108F40000207B8F17E5F1FD1002C80F26782F7EE36
:108F5000007A87EE880AC7E70027B8F1FF4FF0D103
:108F6000B5F17E5F00F0548208DD9FEDC20A002C4F
:108F7000A8BFB0EE680AB7E70227EEE7002C80F240
:108F80004A82B1EE680AAFE7B4F1804F02D128EE11
:108F9000080AA9E7B4F17C5FB0EE480A07D1002EB9
:108FA00005DBBDEC028BBDE8F04100F08FBB00F0AB
:108FB000A5FF25B126F04043B3F17E5F16D1002C0A
:108FC000BCBFF7EE007A87EE800A002E8CDAA5F19E
:108FD0007E5555EA070304D170EE407A87EEA70A62
:108FE00082E7012F80D1B1EE400A7DE7F00F013812
:108FF00057EA000304D138EE488A88EE080A73E77E
:10900000B8F19A4F74DD9C4B9D4208DC002C0BDAC2
:109010000020BDEC028BBDE8F04100F095BE974BFF
:109020009D4208DD002CF3DC0020BDEC028BBDE886
:10903000F04100F083BEF7EE007A30EE670ADFED14
:10904000906AF5EE007AE0EE676AF6EE007AE6EEF8
:10905000C07A20EE007A67EE277A9FED8A7A67EE73
:10906000677A9FED897AE0EE077A9FED887AF0EED5
:10907000676AE0EE076A16EE903A23F47F6323F006
:109080000F0300EE903AE0EE470A77EEE07A24F420
:109090007F6424F00F0407EE104A67EEA80A38EE4A
:1090A000C77A07EE903AE7EE270A013F57EA000237
:1090B00007EE104A67EE877AB7EE008A30EEA77A9D
:1090C000BFEE000A17EE104A08BFB0EE408A002C2F
:1090D00024F0004340F37E81B3F1864F40F3F880E3
:1090E000B5EEC08AF1EE10FA4CBF0120002090E7E7
:1090F00016F0FF4F01BFDFED667A60EE277A6FF062
:10910000170217EE905A4FEAE55318BF00227F3B33
:109110001344604AC5F31605954245F07E5106DDBD
:109120005D4A954240F3A4800133A1F5000100257A
:109130005A4A02EB850207EE901A92ED007A584ADD
:1091400037EE276AF7EE005AC5EE866A491041F0FD
:10915000005101F5802101EB455137EEC75A06EE6B
:10916000101A65EE264A36EE477A14EE906A1640DB
:1091700005EE906AA5EEC65A77EEC77A9FED497A5A
:10918000A5EEE75A64EEA47A25EE266ADFED466A7C
:10919000A7EEA67ADFED456AE7EE276A9FED387AFB
:1091A000A6EEA77ADFED426AE7EE276A9FED417AE5
:1091B000A6EEA77A74EEA56A27EEA75A66EE866A2F
:1091C000E5EE076AB0EE085AF0EE457AE5EEA57ACC
:1091D00077EEA67A17EE901A114007EE901A37EE46
:1091E000C57AA5EEE57A36EEC77A27EE247AA6EEA2
:1091F000277AB0EE476AA5EEA76A16EE101A11405C
:1092000006EE901AE5EEE76ADFED2B7ADFED2B5ADA
:1092100037EE667A06EE101A27EE277ADFED287A07
:109220002849A6EE277A01EB8501D1ED007A37EEC9
:10923000277A07EE903A244BF8EEE76AF0EE477A89
:10924000E6EE257A03EB8505D5ED000A77EEA07AE8
:1092500077EEA67A17EE903A134007EE903A77EE43
:10926000E66A76EEE06AE6EE656A77EE667A0EE723
:1092700001255DE700000000F3FF7F3F0700803F0E
:10928000ABAAAA3E3BAAB83F70A5EC3600AAB83FED
:109290000000804B71C41C00D6B35D0058F8020872
:1092A00000F0FFFF55326C3E42F1533E05A38B3E6A
:1092B000B76DDB3E9A99193F4F38763F0038763FBD
:1092C000A0C39D3668F8020860F802083CAA38334B
:1092D00040F095805FED036A37EE677A70EEA66A1C
:1092E000F4EEC76AF1EE10FA3FF7FAAEDB15A3F120
:1092F0007E004FF40003034123444B49C3F3C7529C
:109300007F3A114123EA010107EE101AC3F3160058
:1093100040F40000C2F117021041002C77EEC77A2A
:10932000B8BF404237EEA07A9FED400ADFED406AB9
:1093300017EE103A23F47F6323F00F0307EE103A81
:1093400077EE677A27EE000A70EEE70ADFED397AEA
:10935000A0EEA70AF0EE407AE7EE267AB0EE676A52
:10936000A7EE666A27EEA77A30EE460ADFED326A8C
:109370009FED326AE7EE066A9FED316AA6EE876AD4
:10938000DFED306AE6EE076A9FED2F6AA6EE876A88
:10939000F0EE676AE6EE476AB0EE007A27EEA66A5C
:1093A00076EEC76AA7EE800A86EE267A37EE400A86
:1093B00070EE677AB7EE000A30EE670A10EE103AE8
:1093C00003EBC053B3F5000F1FDAFFF7F1F920EEFE
:1093D000080A89E51D4A934207DDB5EEC08AF1EE21
:1093E00010FA4CBF012000201FE608D137EE677A43
:1093F000B4EEE07AF1EE10FAFFF678AFEDE7B3F1F4
:109400007C5F3FF773AF00208CE700EE103ADEE799
:10941000B7EE000A68E59FED0E0A65E5B0EE480A72
:1094200062E500278DE500BFFFFF7F008CBEBF35E2
:109430000072313F1872313F0EEADDB54CBB31335B
:1094400055B38A38610B36BBABAA2A3E00001643DF
:1094500000000000F0B510EE106A8E4B26F00045BB
:109460009D4287B0F0EE407A044605DC002380ED93
:10947000000A436000201AE0874B9D4246DC002E24
:109480009FED860A864B25F00F051FDD9D4277EE86
:10949000C07A0ED09FED837A37EEC70A77EEC07A96
:1094A00080ED000A77EEC77A0120C4ED017A07B09B
:1094B000F0BD9FED7D0A9FED7D7A77EEC07A77EE65
:1094C000C76A77EEE67AC0ED006AEBE79D4277EE79
:1094D000807A0ED09FED737A37EE870A77EEC07AE6
:1094E00080ED000A77EE877A4FF0FF30C4ED017A05
:1094F000DDE79FED6D0A9FED6D7A77EE807A77EE6E
:10950000876A77EEE67AC0ED006AEBE7684B9D422A
:1095100072DC00F0F3FC9FED677AF6EE007AE0EE85
:10952000077AFDEEE77AB8EEE77A17EE900ADFEDFC
:109530005B7AA7EE670A1F28DFED5A7A67EE277A73
:10954000B1EE476A70EE676A16EE902A1CDC5A4943
:10955000471E25F0FF0351F827108B4214D02260DC
:1095600094ED007A30EE470A002E30EE670A84ED63
:10957000010A9CDAB1EE477AB1EE400A84ED007A36
:1095800084ED010A404292E7C2F3C751EB15C1EBEB
:10959000D555082DE3DDDFED447ADFED445AF0EEDA
:1095A000406AE6EE276A30EE660AA6EE270AF0EE7B
:1095B000407AD7EE257A76EEE75A15EE902AC2F376
:1095C000C7515B1A192B04DCC4ED005AB0EE660AD1
:1095D000C6E7DFED3A5AB0EE660AA6EE250A76EE49
:1095E000C07ADFED376AE6EE257AD7EE267A30EEDE
:1095F000677A84ED007AB3E7B5F1FF4F06DB70EED2
:10960000407AC0ED017AC0ED007A33E7EA15863A78
:10961000A5EBC25307EE903ABDEEE77ADFED296A7B
:10962000B8EEC77A77EEC77A8DED037A67EEA67A41
:10963000BDEEE77AB8EEC77A77EEC77A8DED047A99
:1096400067EEA67AF5EE407AF1EE10FACDED057AE6
:109650001ED1B5EE407AF1EE10FA14BF02230123B9
:10966000194901910221009103A8214600F092F8C6
:10967000002EBFF61CAFD4ED007AF1EE677AC4ED90
:10968000007AD4ED017AF1EE677AC4ED017A79E7D8
:109690000323E5E7D80F493FE3CB1640800FC93FCE
:1096A000D00FC93F434435370044353708A3852ED2
:1096B000800F494384F9223F70F8020800A3852EE9
:1096C00032318D2400008043F0F80208B1EEC00A68
:1096D0007047000010EE103A23F00043B3F1485FEA
:1096E000B7EE006A05DAFDEEC07A17EE902A002A7E
:1096F0003DD060EE005ADFED1F7A9FED1F7ADFED5F
:109700001F6A1F4AA5EEA77A9342DFED1E7AE7EEA5
:10971000257A9FED1D7AA7EEA57ADFED1C7AE7EE9C
:10972000257AB0EE667AA7EEA57AF6EE006A65EEC7
:10973000A67A67EE256A20EEC07AA5EEA67A04DC4A
:1097400037EEC77A36EE470A7047114A9342DABFBE
:1097500003F17F4306EE903AF5EE026A77EEE67A81
:1097600036EE660A77EEC77A30EE670A7047B0EEDB
:10977000460A70474ED747ADF6740F31ABAA2A3D63
:109780009999993E7CF293B4010DD037610BB6BA2A
:109790000000483F2DE9F04F2DED048BD9B08846ED
:1097A0000290BB496698019351F820A0DDF89CE136
:1097B000591E131D27DBB2F1030B48BF02F1040B46
:1097C0004FEAEB00451CEC00471A9FEDB57A039475
:1097D000A2EBC5050AEB010C1CAE0EEB87090024B9
:1097E000644512DD019B1CAC04EB83040DF5887B02
:1097F0004FF0000CD44527DCDDF80890DFEDA87AA7
:109800002746002616E00020DCE7E7425DBF59F856
:10981000243007EE903AF8EEE77AF0EE477AE6EC7D
:10982000017A0134DCE7F9EC016A97ED007AE6EEA3
:10983000877A01368E42A7F10407F4DDEBEC017A5A
:109840000CF1010C0434D5E708AB03EB8A03DFED20
:10985000938A9FED919A04930EEB800B5646B300CA
:10986000059358AB03EB860008AC44AB10ED140A2B
:10987000A44603EB86003746002FA0F104004FDC1E
:109880002846CDE90612FEF793FFB0EE408AB4EE0B
:10989000000A28EE000A00F045FBF2EE007AA0EE86
:1098A000678A002DDDE90612FDEEC87AB8EEE70AF8
:1098B00017EE909A38EE408A44DD06F1FF3C08AB83
:1098C000C5F1080E53F82C7047FA0EF0814400FAE7
:1098D0000EF03F1AC5F1070043F82C700741002F26
:1098E0003FDD4FF0000E09F10109734676456BDC50
:1098F000002D04DD012D78D0022D00F08180022F93
:109900002FD1B7EE000A30EE488A53B32846CDE98E
:109910000612FEF74DFFDDE9061238EE408A20E020
:1099200060EE287A013FFDEEE77AF8EEE77AA7EEDF
:10993000C90ABDEEC00AACEC010A90ED000A37EE90
:10994000800A99E705D1701E08AB53F82070FF110B
:10995000C5E7F6EE007AB4EEE78AF1EE10FA31DAF6
:109960000027B5EE408AF1EE10FA40F09B80741E9D
:10997000A4460020D4454ADA00287AD008AB083D36
:1099800053F82430002B00F081802846B7EE000AFF
:10999000A500FEF70DFF44AA2B1D9FED407AD118BC
:1099A0002246002A80F2AE802246002AC0F2CC80F5
:1099B00044A901EB8206DFF8DCC0DFED397A002034
:1099C000A11AB6E002278CE720684BB918B1C0F5A0
:1099D0008070206001200EF1010E0434034685E7FB
:1099E000C0F1FF0020601846F5E7741E08A850F883
:1099F000240000F07F000DF1200C4CF824007EE7DD
:109A0000741E08A850F8240000F03F00F3E708ABEC
:109A100053F82C300CF1FF3C1843ABE70CF1010C70
:109A200050F8044D002CF9D0059B03F5B0730DEBF5
:109A30000300019BF4181CAB771C4C3803EB840427
:109A40006644BE42FFF60BAF5BF82730DDF808E056
:109A500007EE903AF8EEE77A4FF0000CE4EC017A6A
:109A6000DFED0F7AA1468C4507DDE0EC017A013786
:109A7000E7E704984FF0010CD2E7FEEC016A39EDFC
:109A8000017A0CF1010CE6EE877AECE7013C75E710
:109A900034FC020808FC0208000080430000803B00
:109AA00000000000039BB0EE480A981AFEF780FE03
:109AB0001FED077AB4EEC70AF1EE10FA19DB5FED7D
:109AC000097A60EE277A08AAFDEEE77A741CF8EEB0
:109AD000E77A0835A7EEC70AFDEEE77ABDEEC00AC1
:109AE00010EE103A42F8263017EE903A42F8243041
:109AF0004BE7BDEEC00A08AA10EE103A344642F811
:109B0000263042E708A850F82200019007EE900A9C
:109B1000F8EEE77A013A67EE807A20EE070A61ED07
:109B2000017A3EE7FCEC016AB6EC017AE6EE877A50
:109B30000130504501DC8842F4DD58A800EB81017A
:109B400041ED287A013A30E7669A022A09DC002AB8
:109B50002ADC43D009F0070059B0BDEC048BBDE806
:109B6000F08F669B032BF5D130AB2B441A46194678
:109B700020460028A1F1040151DC21460129A2F16F
:109B800004025CDC5FED3A7A0433012C67DCDDED26
:109B9000306A9DED317A002F67D1C8ED006A88EDFB
:109BA000017AC8ED027AD5E730AA1FED437A134453
:109BB0002246002A24DA4FB3F1EE477AC8ED007A44
:109BC000DDED307A77EEC77A31AA01239C4220DAA4
:109BD0000FB1F1EE677AC8ED017ABBE730AA5FED0D
:109BE000507A1344002C05DA0FB1F1EE677AC8ED14
:109BF000007AAFE733ED017A013C77EE877AF1E73F
:109C000073ED017A013A37EE277AD2E7F0EE477A20
:109C1000D4E7B2EC017A013377EE877AD6E7D1ED5B
:109C2000007AD1ED016A37EEA67A013877EEC77A6D
:109C300081ED007A77EEA67AC1ED017A99E7D2ED4F
:109C4000007AD2ED016A37EEA67A013977EEC77A4B
:109C500082ED007A77EEA67AC2ED017A8EE733EDD7
:109C6000017A013C77EE877A8FE7F1EE666AB1EE12
:109C7000477AC8ED006A88ED017AF1EE677A90E7DD
:109C800010EE103A23F00043B3F1485F04DAFDEE22
:109C9000C07A17EE903A5BB320EE007ADFED157ACA
:109CA0009FED156AA7EE276ADFED147AE6EE077AD4
:109CB0009FED136AA7EE876ADFED127A60EE076AFE
:109CC000E6EE077A30B99FED106AA7EE276AA6EE96
:109CD000260A704767EEE67AB6EE006AE0EE867A0C
:109CE000D7EE870ADFED097AE6EEA70A30EE600AC2
:109CF000704700BFD3C92E2F342FD7B21BEF383691
:109D0000010D50B98988083CABAA2ABEABAA2A3EED
:109D100013B504468DED010A00F072F99DED010ABC
:109D2000046002B010BD30B1F1EE407A27EE800A37
:109D30002220FFF7EDBFF0EE407AF7E79FED010A32
:109D4000FFF7F1BF000000109FED010AFFF7EBBF26
:109D50000000007038B510EE105A25F00044B4F140
:109D6000A14FF0EE407A10DBB4F1FF4F04DD70EE4E
:109D7000007AB0EE670A38BDDFED4D7A9FED4D0AEF
:109D8000002DD8BFF0EE407AF3E74B4B9C4210DC3D
:109D9000B4F1445F0ADA9FED497A30EE077AF7EEC4
:109DA000006AB4EEE67AF1EE10FAE2DC4FF0FF332F
:109DB00013E000F0A3F8424B9C424FDCA3F5D00324
:109DC0009C4241DCF0EE007ABFEE007AA0EE277AEA
:109DD000002330EE270AC7EE007A5A1C27EEA76A46
:109DE0009FED387ADFED385A9FED385A66EE066AF5
:109DF000E6EE875A9FED367AA5EEA67ADFED355A64
:109E0000E7EE265A9FED347AA5EEA67ADFED335AB7
:109E1000E7EE265A9FED327AA6EE875A9FED317A09
:109E2000A5EE267A9FED305AA7EE265A9FED2F7A9F
:109E3000A5EE267A27EE267AA5EE867A27EE877A91
:109E400021D177EEC77A94E7F7EE007A30EE677AA1
:109E500030EE270A0123C7EE007ABEE7244B9C426E
:109E60000BDCF7EE087AB7EE007AA0EE277A022331
:109E700070EE676AC6EE877AAFE7BFEE007AC7EE8C
:109E8000007A0323A9E71B4A1B4902EB830201EB7B
:109E9000830393ED000A37EE407A92ED000A77EEE5
:109EA000677A002D70EE677AB8BFF1EE677A60E7E7
:109EB000DB0FC93FDB0FC9BFFFFFDF3ECAF24971AD
:109EC000FFFF973FD769853C59DA4B3D6BF16EBD7B
:109ED000356B883D6E2EBA3D2549123EABAAAA3E8F
:109EE00021A215BD95879DBD388EE3BDCDCC4CBE5E
:109EF000FFFF1B4040FC020850FC020810EE103A25
:109F000023F0004300EE103A704782B08DED010A55
:109F1000019820F00040B0F1FF4FACBF00200120BD
:109F200002B0704710EE103AC3F3C7527F3A162AB8
:109F300023F000412ADC002A11DADFED187A30EE36
:109F4000270AB5EEC00AF1EE10FA05DD002B23DA80
:109F5000134A002918BF134600EE103A7047114902
:109F600011410B42FAD0DFED0D7A30EE270AB5EE43
:109F7000C00AF1EE10FAEFDD002BBEBF4FF4000077
:109F800040FA02F29B1823EA0103E5E7B1F1FF4F23
:109F9000E4D330EE000A70470023DDE7CAF24971CE
:109FA000000080BFFFFF7F009FED010A704700BFE8
:109FB0000000C07F08B5062000F008FE0120E0F791
:109FC000A7F900001FB514461A46094B1B68054641
:109FD000D8684CB1074B0091CDE9013406492B46B6
:109FE00000F0EAF8FFF7E6FF044B1C46F3E700BF7A
:109FF0008404002060FC02086DFC02089BFC02083F
:10A00000014B1868704700BF84040020002310B57E
:10A010000446C0E90033C0E90433836081814366AC
:10A02000C2818361194608225C3000F057F9054B64
:10A030006362054BA362054BE362054B2462236315
:10A0400010BD00BF45AC020867AC02089FAC020817
:10A05000C3AC0208014900F0C1B800BF9DAF0208BF
:10A0600070B568224D1E55430E4605F1740100F08F
:10A07000A9F9044640B10021C0E900160C30A060E7
:10A0800005F1680200F02AF9204670BD014800F091
:10A09000EAB800BF6D100120014800F0E5B800BF2C
:10A0A0006D100120014800F0DEB800BF6E100120E5
:10A0B000014800F0D9B800BF6E10012010B5044669
:10A0C000FFF7F0FFA3691BB1BDE81040FFF7F0BF39
:10A0D000C4E912332365134B134A1B68A262A342DF
:10A0E00004BF0123A361204600F020F860602046F1
:10A0F00000F01CF8A060204600F018F80022E06094
:10A1000004216068FFF782FFA06801220921FFF7A0
:10A110007DFFE06802221221FFF778FF0123A3618F
:10A12000D2E700BFFCFC020855A00208F8B50746BC
:10A13000FFF7ACFF1E4B1E68B36913B93046FFF73B
:10A14000BDFF4836D6E90134013B03D533680BB374
:10A150003668F7E7B4F90C50D5B9164BE36004F153
:10A160005800656600F07EF8FFF796FFC4E90155D8
:10A17000C4E904552560A5610822294604F15C0064
:10A1800000F0ACF8C4E90D55C4E912552046F8BDFD
:10A190006834D9E704213846FFF762FF044630608F
:10A1A0000028D5D1FFF778FF0C233B60EEE700BF16
:10A1B000FCFC02080100FFFF0EB403B5014603AB2F
:10A1C000054853F8042B0068019300F099F902B098
:10A1D0005DF804EB03B07047840400202DE9F843D8
:10A1E0000646884600F148040027D4E90195B9F1F4
:10A1F000010905D52468002CF7D13846BDE8F8835D
:10A20000AB89012B07D9B5F90E30013303D02946AC
:10A210003046C04707436835E9E7000070B50D4D8B
:10A220000D4C641BA4100026A64209D10B4D0C4C0A
:10A2300001F03AF9641BA4100026A64205D170BDB6
:10A2400055F8043B98470136EEE755F8043B98472C
:10A250000136F2E73CFD02083CFD02083CFD020825
:10A2600048FD02087047704770470000024B0146E6
:10A27000186800F0A7B800BF84040020024B014614
:10A28000186800F033B800BF840400200A449142EB
:10A2900000F1FF3300D1704710B511F8014B03F8FE
:10A2A000014F9142F9D110BD884210B501EB020473
:10A2B00002D98442234607D8431EA14208D011F890
:10A2C000012B03F8012FF8E7024401468A4200D12E
:10A2D00010BD13F8014D02F8014DF7E702440346A3
:10A2E000934200D1704703F8011BF9E737B5002905
:10A2F00044D051F8043C0190002BA1F10404B8BFF4
:10A30000E41800F0FFFE1E4A0198136833B9636039
:10A31000146003B0BDE8304000F0FABEA34208D993
:10A32000256861198B4201BF19685B684919216072
:10A33000EDE71A465B680BB1A342FAD911685518CC
:10A34000A5420BD1246821445418A3421160E0D1E6
:10A350001C685B68536021441160DAE702D90C2362
:10A360000360D6E7256861198B4204BF19685B68F2
:10A37000636004BF491921605460CAE703B030BD6F
:10A380007010012070B50E4E0C463168054611B9AB
:10A3900000F0E4FB30602146284600F0DFFB431C60
:10A3A0000AD0C41C24F00304A04207D0211A284676
:10A3B00000F0D4FB013001D14FF0FF34204670BDD6
:10A3C000741001202DE9F041CD1C25F0030508355E
:10A3D0000C2D38BF0C25002D074601DBA94205D9FD
:10A3E0000C233B6000263046BDE8F0812E4E00F085
:10A3F00089FE33681C4634BB29463846FFF7C2FF46
:10A40000431C04464DD134682646002E40D12368B3
:10A410003146384604EB030800F0A0FB80453AD1F2
:10A42000216803356D1A25F0030508350C2D38BF5A
:10A430000C2529463846FFF7A5FF01302BD02368AD
:10A440002B4423600EE02268521B1ED40B2A16D91F
:10A450006119A342256018BF5960636808BF316065
:10A4600062514B60384604F10B0600F051FE26F0B5
:10A470000706231DF21AB6D09B1BA350B3E76268F0
:10A48000A3420CBF32605A60ECE723466468B2E72F
:10A4900034467668B9E70C233B60384600F038FE56
:10A4A000A1E72560DEE700BF701001209368013B43
:10A4B000002B10B4936008DA9469A34201DB0A29E7
:10A4C00003D15DF8044B00F001BC1368581C106008
:10A4D000197008465DF8044B7047F8B506460F46FC
:10A4E0001446D518AC4201D1002007E014F8011B36
:10A4F0003A463046FFF7DAFF431CF3D1F8BD0000BF
:10A500002DE9F04F0D469DB014469846064618B109
:10A5100083690BB9FFF7D2FD894B9D421BD175684A
:10A520006B6ED90705D4AB899A0502D4A86DFFF7E5
:10A530009AFEAB891B0701D52B69EBB9294630463A
:10A5400000F028FCC0B16B6EDC070ED54FF0FF3079
:10A550001DB0BDE8F08F7B4B9D4201D1B568DFE7B0
:10A56000794B9D4208BFF568DAE7AB899805EDD4D1
:10A57000A86DFFF779FEE9E70023099320238DF802
:10A580002930CDF80C803023DFF8C0818DF82A30D7
:10A590004FF0010923469A4613F8012B0AB1252AE8
:10A5A000F9D1BAEB040B0BD05B4622462946304664
:10A5B000FFF793FF013000F0AA80099A5A440992EC
:10A5C0009AF80030002B00F0A28000234FF0FF32F9
:10A5D000CDE905230AF1010A049307938DF853305E
:10A5E0001A935446052214F8011B5848DDF710FE53
:10A5F000049AD8B9D10644BF20238DF853301307ED
:10A6000044BF2B238DF853309AF800302A2B15D0F5
:10A61000079A544600204FF00A0C214611F8013BDE
:10A62000303B092B4ED9B0B1079214E0A0EB0803E0
:10A6300009FA03F313430493A246D2E7039B191DBF
:10A640001B680391002BBBBF5B4242F002020793E1
:10A650000793B8BF049223782E2B0CD163782A2B52
:10A6600035D1039B1A1D1B680392002BB8BF4FF016
:10A67000FF3302340593DFF8E4A02178032250462B
:10A68000DDF7C6FD40B14023A0EB0A0003FA00F05D
:10A69000049B03430134049314F8011B2C488DF8E8
:10A6A00028100622DDF7B4FD00283FD0294B1BBB44
:10A6B000039B073323F0070308330393099B3B44B1
:10A6C000099367E70CFB02320C460120A5E7002343
:10A6D0000134059319464FF00A0C204610F8012B5F
:10A6E000303A092A03D9002BC5D00591C3E70CFBEA
:10A6F000012104460123F0E703AB00932A46164BE1
:10A7000004A93046AFF300800746781CD6D16B6EA3
:10A71000D90705D4AB899A0502D4A86DFFF7A4FD2B
:10A72000AB895B063FF512AF099811E703AB0093C5
:10A730002A46094B04A9304600F080F8E4E700BF40
:10A74000BCFC0208DCFC02089CFC020800FD0208BC
:10A750000AFD020800000000DBA4020806FD020852
:10A760002DE9F047164699468A680B69DDF8208086
:10A770009342B8BF1346336091F8432007460C4616
:10A780000AB1013333602368990642BF336802334C
:10A790003360256815F0060506D104F1190AE3684F
:10A7A00032689B1AAB4226DC94F84320131E2268C1
:10A7B00018BF012392062BD404F1430249463846C0
:10A7C000C04701301ED02368E568326803F00603F5
:10A7D000042B08BFAD1AA36822690CBF25EAE575F2
:10A7E00000259342C4BF9B1AED1800261A34B542C7
:10A7F0001AD1002008E00123524649463846C04796
:10A80000013003D14FF0FF30BDE8F0870135C6E7D6
:10A81000E1185A1C302081F84300224494F8451076
:10A8200082F843100233C7E70123224649463846DF
:10A83000C0470130E6D00136D9E700002DE9FF47D7
:10A840000F7E0C9D782F914680460C469A4601F16A
:10A85000430207D8622F0AD8002F00F0D880582F63
:10A8600000F0A38004F1420584F842703AE0A7F1B9
:10A870006303152BF6D801A151F823F0D5A80208DF
:10A88000E9A8020865A8020865A8020865A80208E8
:10A8900065A80208E9A8020865A8020865A80208D8
:10A8A00065A8020865A80208F5A9020819A9020806
:10A8B000D7A9020865A8020865A8020817AA020815
:10A8C00065A8020819A9020865A8020865A8020877
:10A8D000DFA902082B681A1D1B682A6004F14205D3
:10A8E00084F842300123A3E020682968060601F1BC
:10A8F00004030AD50E682B60002E03DA2D2376425E
:10A9000084F843305E480A2319E00E682B6010F08B
:10A91000400F18BF36B2EFE72B682068191D296079
:10A92000010601D51E6802E04606FBD51E88544884
:10A930006F2F0CBF08230A23002184F84310656899
:10A94000A560002DA2BF216821F0040121600EB98D
:10A95000002D4DD01546B6FBF3F103FB1167C75D23
:10A9600005F8017D3746BB420E46F4D9082B0BD1C2
:10A970002368DE0708D5236961689942DEBF30236A
:10A9800005F8013C05F1FF35521B2261CDF800A00E
:10A990004B4603AA21464046FFF7E2FE01304CD168
:10A9A0004FF0FF3004B0BDE8F087354881F84570BE
:10A9B0002968236851F8046B29601D0614D5DF0748
:10A9C00044BF43F0200323601EB9236823F0200313
:10A9D00023601023B0E7236843F02003236078232B
:10A9E000284884F84530E3E7590648BFB6B2E6E7A1
:10A9F0001546BBE72B6826686169181D2860350677
:10AA00001B6801D5196002E07006FBD51980002390
:10AA100023611546BAE72B681A1D2A601D68626813
:10AA200000212846DDF7F4FB08B1401B6060636835
:10AA30002361002384F84330A8E723692A46494666
:10AA40004046D0470130ABD023689B0713D4E06861
:10AA5000039B9842B8BF1846A4E7012332464946F3
:10AA60004046D04701309BD00135E36803995B1A1B
:10AA7000AB42F2DCEBE7002504F11906F5E700BF75
:10AA800011FD020822FD020838B50C46096805468A
:10AA900009B1FFF7F9FF21462846BDE83840FFF726
:10AAA00025BC00002C4B1B68834270B5044651D076
:10AAB000436A43B1DB68002B4AD1636A196811B15C
:10AAC0002046FFF713FC616911B12046FFF70EFC29
:10AAD000616A11B12046FFF709FCA16B11B1204654
:10AAE000FFF704FCE16B11B12046FFF7FFFB216C7F
:10AAF00011B12046FFF7FAFBE16D11B12046FFF7D7
:10AB0000F5FBA16D11B12046FFF7F0FB616B11B1B0
:10AB10002046FFF7EBFBA369E3B1A36A2046984701
:10AB2000A16CB9B12046BDE87040FFF7ADBF4959EF
:10AB300041B90435636A802DD968F8D12046FFF702
:10AB4000D5FBBAE70E682046FFF7D0FB3146EFE7AA
:10AB50000025EFE770BD00BF8404002038B5064D26
:10AB60000023044608462B60DFF702FC431C02D199
:10AB70002B6803B1236038BD781001201F2938B538
:10AB800004460D4604D9162303604FF0FF3038BD4C
:10AB9000426C12B152F821304BB9204600F030F827
:10ABA0002A4601462046BDE8384000F017B8012B80
:10ABB0000AD0591C03D1162303600120E7E70024C3
:10ABC00042F82540284698470020E0E7024B01461E
:10ABD0001868FFF7D3BF00BF8404002038B5074DC5
:10ABE00000230446084611462B60DFF789FB431C0F
:10ABF00002D12B6803B1236038BD00BF781001205B
:10AC0000DFF77CBB0EB400B59CB01DAB0290069084
:10AC10006FF00041094807910491094953F8042B4A
:10AC200005910068019302A900F002FB029B00223B
:10AC30001A701CB05DF804EB03B070478404002068
:10AC40000802FFFF10B50C46B1F90E1000F0F0FB42
:10AC50000028ABBF636DA3891B1823F48053ACBFDE
:10AC60006365A38110BD2DE9F0411F468B89DB058B
:10AC700005460C46164605D5B1F90E1002230022F2
:10AC800000F0C8F9A389B4F90E1023F48053A3810E
:10AC900032463B462846BDE8F04100F069B810B5A1
:10ACA0000C46B1F90E1000F0B5F9431CA38915BF8D
:10ACB000606523F4805343F48053A38118BFA381BC
:10ACC00010BDB1F90E1000F0D3B80000F8B50E4673
:10ACD0001446054618B183690BB9FFF7EFF9214B0C
:10ACE0009C422BD16C68A369A360A3891A072FD556
:10ACF00023696BB323692068C01A6369F6B2834283
:10AD0000374604DC2146284600F048F930BBA368EA
:10AD1000013BA36023685A1C22601E7063690130E6
:10AD2000834204D0A389DB0706D50A2E04D121462D
:10AD3000284600F033F988B93846F8BD0A4B9C42E2
:10AD400001D1AC68CFE7094B9C4208BFEC68CAE769
:10AD50002146284600F01EF80028CBD04FF0FF37E0
:10AD6000EAE700BFBCFC0208DCFC02089CFC02080D
:10AD700038B5074D04460846114600222A601A4697
:10AD8000DFF7DAFA431C02D12B6803B1236038BD28
:10AD900078100120324B70B51D6806460C4625B16F
:10ADA000AB6913B92846FFF789F92E4B9C420FD1A6
:10ADB0006C68A389B4F90C2019072CD4DD0611D4D2
:10ADC0000923336042F04003A3814FF0FF303EE09F
:10ADD000254B9C4201D1AC68EBE7244B9C4208BF59
:10ADE000EC68E6E7580712D5616B41B104F1440302
:10ADF000994202D03046FFF779FA00236363A389B2
:10AE000023F02403A3810023636023692360A389C3
:10AE100043F00803A38123694BB9A38903F420738A
:10AE2000B3F5007F03D02146304600F02BF9A0890E
:10AE3000B4F90C2010F001030AD00023A360636969
:10AE40005B42A361236943B910F08000BAD170BDA1
:10AE5000810758BF6369A360F4E70020F7E700BFEC
:10AE600084040020BCFC0208DCFC02089CFC0208F4
:10AE700038B5064D0023044608462B60DFF76AFA12
:10AE8000431C02D12B6803B1236038BD7810012028
:10AE90008A892DE9F041054610070C4658D44B68C5
:10AEA000002B05DC0B6C002B02DC0020BDE8F081E0
:10AEB000E66A002EF9D0002312F480522F682B602E
:10AEC00032D0606DA3895A0705D56368C01A636BD9
:10AED0000BB1236CC01A00230246E66A216A284699
:10AEE000B047431CA38906D129681D292CD82A4ABA
:10AEF000CA40D60728D500226260D90422692260A0
:10AF000004D5421C01D12B6803B96065616B2F60C9
:10AF10000029CAD004F14403994202D02846FFF721
:10AF2000E5F900206063C1E7216A01232846B047A4
:10AF3000411CC7D12B68002BC4D01D2B01D0162B70
:10AF400001D12F60B1E7A38943F04003A381ADE7AE
:10AF50000F69002FA9D093070E6808BF4B690F60D7
:10AF600018BF0023A6EB07088B60B8F1000F9CDD2B
:10AF7000216AA66A43463A462846B047002806DCBE
:10AF8000A38943F04003A3814FF0FF308EE70744CD
:10AF9000A8EB0008E9E700BF0100402038B50B69C5
:10AFA00005460C4613B90025284638BD18B18369FB
:10AFB0000BB9FFF783F8144B9C421BD16C68B4F9B2
:10AFC0000C30002BEFD0626ED00704D4990502D468
:10AFD000A06DFFF748F928462146FFF759FF636E39
:10AFE000DA070546E0D4A3899B05DDD4A06DFFF701
:10AFF0003BF9D9E7054B9C4201D1AC68DFE7044B34
:10B000009C4208BFEC68DAE7BCFC0208DCFC0208E2
:10B010009CFC020838B5074D04460846114600223C
:10B020002A601A46DFF7A2F9431C02D12B6803B14C
:10B03000236038BD7810012070B50E46B1F90E10AE
:10B04000002996B014461D4608DAB6F90C300022E5
:10B050002A601A0610D44FF480630EE06A4600F0AE
:10B06000F9F90028F1DB019A02F47042A2F50053CD
:10B070005A425A412A60EEE740230020236016B06E
:10B0800070BD00008B8973B59D0706460C4607D539
:10B0900004F14703236023610123636102B070BDA3
:10B0A00001AB6A46FFF7C8FF009905463046FFF737
:10B0B00089F948B9B4F90C309A05EFD423F00303A9
:10B0C00043F00203A381E3E70D4BB362A389206041
:10B0D00043F08003A381009B6361019B20615BB10E
:10B0E000B4F90E10304600F0C7F928B1A38923F057
:10B0F000030343F00103A381A0890543A581CDE7A4
:10B1000055A002080148FFF7AEB800BF6C1001203F
:10B110000148FFF7A9B800BF6C1001202DE9F041EC
:10B12000804614460E4621B9BDE8F0411146FFF7AE
:10B1300049B92AB9FFF7DAF825462846BDE8F08173
:10B1400000F0AAF98442074602D8B4EB500F12D897
:10B1500021464046FFF736F905460028EDD0BC42AF
:10B160002246314628BF3A46FFF790F8314640461E
:10B17000FFF7BCF8E1E73546DFE72DE9F0478E68D9
:10B180009E4282460C4690461F4638D88A8912F461
:10B19000906F32D025680969A5EB0109656905EB57
:10B1A000450505EBD57501334B446D109D4238BF05
:10B1B0001D46530531D52946FFF704F9064650B917
:10B1C0000C23CAF80030A38943F04003A3814FF059
:10B1D000FF30BDE8F08721694A46FFF757F8A38999
:10B1E00023F4906343F08003A381266165614E449C
:10B1F000A5EB09052660A5603E46BE4200D93E4645
:10B20000206832464146FFF74FF8A3689B1BA360B6
:10B210002368334423600020DBE72A46FFF77EFFE4
:10B2200006460028E1D121695046FFF75FF8C7E7DD
:10B230002DE9F04F98468B891B069DB007460D46B9
:10B2400014460ED50B6963B94021FFF7BBF828609F
:10B25000286120B90C233B604FF0FF30D1E0402340
:10B260006B610023099320238DF82930CDF80C80E1
:10B270003023DFF8A8818DF82A304FF001092346EA
:10B280009A4613F8012B0AB1252AF9D1BAEB040B1F
:10B290000BD05B46224629463846FFF76EFF013049
:10B2A00000F0AA80099A5A4409929AF80030002BBB
:10B2B00000F0A28000234FF0FF32CDE905230AF110
:10B2C000010A049307938DF853301A9354460522CC
:10B2D00014F8011B5148DCF79BFF049AD8B9D0063B
:10B2E00044BF20238DF85330110744BF2B238DF822
:10B2F00053309AF800302A2B15D0079A5446002074
:10B300004FF00A0C214611F8013B303B092B4ED976
:10B31000B0B1079214E0A0EB080309FA03F313435A
:10B320000493A246D2E7039B191D1B680391002BCF
:10B33000BBBF5B4242F0020207930793B8BF04927F
:10B3400023782E2B0CD163782A2B35D1039B1A1D21
:10B350001B680392002BB8BF4FF0FF3302340593F4
:10B36000DFF8C8A0217803225046DCF751FF40B136
:10B370004023A0EB0A0003FA00F0049B03430134CE
:10B38000049314F8011B26488DF828100622DCF7D8
:10B390003FFF002838D0234B1BBB039B073323F010
:10B3A000070308330393099B3344099367E70CFBB6
:10B3B00002320C460120A5E700230134059319460B
:10B3C0004FF00A0C204610F8012B303A092A03D915
:10B3D000002BC5D00591C3E70CFB012104460123D6
:10B3E000F0E703AB00932A460F4B04A93846AFF3AE
:10B3F0000080421C0646D6D1AB895B063FF52CAFD8
:10B4000009981DB0BDE8F08F03AB00932A46064BA8
:10B4100004A93846FFF712FAEBE700BF00FD020867
:10B420000AFD0208000000007BB1020806FD0208C8
:10B4300038B5074D04460846114600222A601A46D0
:10B44000DEF76CFF431C02D12B6803B1236038BDCB
:10B450007810012038B5074D0023044608461146F0
:10B460002B60DEF77BFF431C02D12B6803B1236006
:10B4700038BD00BF7810012038B5064D00230446C2
:10B4800008462B60DEF770FF431C02D12B6803B126
:10B49000236038BD7810012051F8043C181F002BA0
:10B4A000BCBF0B58C0187047F8B500BFF8BC08BC4B
:10B4B0009E467047F8B500BFF8BC08BC9E46704772
:10B4C0004E450200F30000004E450200FF00000060
:10B4D0004E450200010000004E450200050000003C
:10B4E0004E450200020000004E450200040000002C
:10B4F0004E450200030000004E450200010000001E
:10B500004E450200050000004E450200020000000A
:10B510004E450200040000004E45020003000000FA
:10B520004E450200060000004E4502000F000000DC
:10B530004E4502001F000000000000000100000056
:10B540000200000004000000070000000A000000E4
:10B550000D000000000000000000000000000000DE
:10B56000000000000000803F0000803F0AD7A33C9D
:10B570009A99993E9A99993E0AD7A33C9A99993EED
:10B580009A99993E0AD7A33C9A99993E9A99993EDD
:10B590004260653B0AD7A33C0AD7A33C4260653BA7
:10B5A0000AD7A33C0AD7A33C4260653B0AD7A33C19
:10B5B0000AD7A33C6F12033B8FC2F53C8FC2F53C08
:10B5C0006F12033B8FC2F53C8FC2F53C6F12033BF9
:10B5D0008FC2F53C8FC2F53CA69BC43B8FC2F53CA5
:10B5E0008FC2F53CA69BC43B8FC2F53C8FC2F53C95
:10B5F000A69BC43B8FC2F53C8FC2F53C53656D548E
:10B6000061736B506F6C6C4D6D63000053656D54CE
:10B6100061736B506F6C6C426D70000053656D54BC
:10B6200061736B506F6C6C426D6D320053656D547D
:10B6300061736B506F6C6C426D6D310053656D546E
:10B6400061736B5265636569766553636861363310
:10B65000544461746100000053656D44617461522B
:10B660006563656976656454646B320053656D4447
:10B67000617461526563656976656454646B310019
:10B6800053656D6170686F726554646B32000000C1
:10B6900053656D6170686F726554646B31000000B2
:10B6A00053656D6170686F72655461736B43616E51
:10B6B00053656E646572000053656D6170686F72EA
:10B6C000655461736B31306D7300000053656D61BB
:10B6D00070686F72655461736B356D7300000000A4
:10B6E00053656D6170686F72655461736B316D7312
:10B6F0000000000054696D65724379636C6963549E
:10B7000061736B5472696767657200005175657586
:10B71000655461736B50726F6365737353796E63B5
:10B720000000000051756575655461736B5273328A
:10B73000333253656E646572000000005461736BB0
:10B74000496E6974000000005461736B506F6C6C3B
:10B750004D6D63005461736B506F6C6C426D700083
:10B760005461736B506F6C6C426D6D320000000061
:10B770005461736B506F6C6C426D6D310000000052
:10B780005461736B526563656976655363686136AE
:10B7900033544461746100005461736B506F6C6C7E
:10B7A00049636D32000000005461736B506F6C6C24
:10B7B00049636D31000000005461736B43616E5248
:10B7C00065636569766572005461736B43616E539E
:10B7D000656E6465720000005461736B50726F6334
:10B7E00065737353796E63005461736B52733233B4
:10B7F0003253656E646572005461736B31306D73E2
:10B80000000000005461736B356D73005461736BFD
:10B81000316D73000CB7020800000000CC05002059
:10B8200050000000C40500200800000024B70208F2
:10B830000000000028060020500000002006002024
:10B84000080000006CB60208000000007C06002022
:10B850005000000058B6020800000000D00600208A
:10B86000500000002CB60208000000002C07002049
:10B87000500000001CB60208000000007C070020F9
:10B88000500000000CB6020800000000CC070020A9
:10B8900050000000FCB50208000000002008002055
:10B8A000500000003CB602080000000074080020B0
:10B8B00050000000B8B6020800000000C8080020D0
:10B8C00050000000E0B60208000000001C09002043
:10B8D00050000000CCB602080000000070090020F3
:10B8E00050000000A0B6020800000000C4090020BB
:10B8F0005000000090B6020800000000180A002066
:10B900005000000080B60208000000006C0A002011
:10B9100050000000F8B7020800000000C04A0020F4
:10B92000CC000000C00A0020004000001800000009
:10B9300000000000000000000CB802080000000039
:10B94000904D0020CC000000904B00200002000031
:10B9500008000000000000000000000004B8020819
:10B960000000000060560020CC000000604E002067
:10B97000000800002100000000000000000000009E
:10B98000B8B7020800000000305B0020CC000000C7
:10B9900030570020000400002800000000000000D4
:10B9A00000000000C8B7020800000000006000208E
:10B9B000CC000000005C002000040000200000001B
:10B9C00000000000000000003CB70208000000007A
:10B9D000D0640020CC000000D060002000040000F3
:10B9E00037000000000000000000000070B70208EF
:10B9F00000000000A0670020CC000000A06500202F
:10BA0000000200002800000000000000000000000C
:10BA100060B7020800000000706A0020CC0000003F
:10BA200070680020000200002800000000000000F4
:10BA30000000000054B7020800000000406D002024
:10BA4000CC000000406B0020000200002800000035
:10BA50000000000000000000A8B70208000000007D
:10BA600018720020CC000000186E002000020000B8
:10BA700028000000000000000000000098B7020845
:10BA800000000000E4720020CC00000018700020CC
:10BA9000000200002800000000000000000000007C
:10BAA00048B7020800000000B0750020CC0000007C
:10BAB000B073002000020000280000000000000019
:10BAC00000000000D8B702080000000080780020C5
:10BAD000CC00000080760020000200002900000059
:10BAE000000000000000000080B702080000000015
:10BAF00050810020CC000000507900200008000098
:10BB0000280000000000000000000000E8B7020864
:10BB10000000000020860020CC00000020820020D1
:10BB200000040000200000000000000000000000F1
:10BB3000F4B6020800000000F08600202C0000008F
:10BB400000000000000000000102030406070809CD
:10BB50000000000001020304000610160006101683
:10BB600002000000010000000300000003000000CC
:10BB70000400000049444C4500000000546D72511F
:10BB800000000000546D7220537663000A0A41538E
:10BB900053455254494F4E204641494C45443A2062
:10BBA00066756E6374696F6E200000002C206C69EE
:10BBB0006E6520002E0A00003030303130323033D4
:10BBC000303430353036303730383039313031314B
:10BBD0003132313331343135313631373138313931
:10BBE0003230323132323233323432353236323729
:10BBF000323832393330333133323333333433350F
:10BC000033363337333833393430343134323433F4
:10BC100034343435343634373438343935303531DA
:10BC200035323533353435353536353735383539C0
:10BC300036303631363236333634363536363637B8
:10BC4000363836393730373137323733373437359E
:10BC50003736373737383739383038313832383384
:10BC6000383438353836383738383839393039316A
:10BC70003932393339343935393639373938393950
:10BC80000000000066616C7365000000434261685B
:10BC9000727346696C7465725377633A3A434261D2
:10BCA00068727346696C7465725377632829000063
:10BCB0002E2E2F5274652F5372632F434261687288
:10BCC0007346696C7465725377632E6370700000FD
:10BCD00075496E7374616E6365496E646578203D65
:10BCE0003D20305500000000737461746963204387
:10BCF000426168727346696C74657253776326207B
:10BD000043426168727346696C7465725377633A33
:10BD10003A676574496E7374616E6365496D706CE2
:10BD200028756E7369676E656420696E74290000FA
:10BD300000000000000000001D520108215201080F
:10BD4000626F6F6C2043426D6D313530447269769D
:10BD500065723A3A7772697465526567697374659A
:10BD6000722875696E74385F742C2075696E74382A
:10BD70005F742A2900000000433A2F5573657273DF
:10BD80002F6665646F722F446174612F50726F6A01
:10BD90006563745F4E452F34315F436F64655F6444
:10BDA0006576656C6F706D656E745F776F726B2F03
:10BDB00062616872732D73772D312F30315F4C695A
:10BDC00062726172792F53746D33322F44726976C7
:10BDD0006572732F43426D6D3135304472697665FB
:10BDE000722E63707000000075496E7374616E632B
:10BDF00065496E646578203C2043426D6D31353075
:10BE00004472697665723A3A736B75496E73746100
:10BE10006E6365436F756E745F00000073746174C8
:10BE200069632043426D6D313530447269766572C5
:10BE3000262043426D6D3135304472697665723A21
:10BE40003A676574496E7374616E6365496D706CB1
:10BE500028756E7369676E656420696E74290000C9
:10BE6000626F6F6C2043426D6D313530447269767C
:10BE700065723A3A7265616446726F6D41646472CC
:10BE80002875696E74385F742C2075696E74385F1C
:10BE9000742A2C2075696E74385F742900000000C4
:10BEA000000000000000000085570108255501082A
:10BEB0007374617469632043426D70333834447223
:10BEC00069766572262043426D7033383444726956
:10BED0007665723A3A676574496E7374616E63652C
:10BEE000496D706C28756E7369676E656420696E44
:10BEF00074290000433A2F55736572732F66656489
:10BF00006F722F446174612F50726F6A6563745F42
:10BF10004E452F34315F436F64655F646576656CB1
:10BF20006F706D656E745F776F726B2F6261687290
:10BF3000732D73772D312F30315F4C6962726172CE
:10BF4000792F53746D33322F447269766572732F73
:10BF500043426D703338344472697665722E637073
:10BF6000700000000000000000000000B96001083F
:10BF7000AD5C01086F70496E7374616E636500009B
:10BF800073746174696320696E74204343616E4801
:10BF9000616E646C65723A3A64727653656E6428B9
:10BFA00043616E6173496E7374616E63652A2C2000
:10BFB000696E742C20636F6E73742043616E6173BD
:10BFC00043616E4672616D652A2900002E2E2F5244
:10BFD00074652F496E632F4343616E48616E646CD4
:10BFE00065722E6800000000694966616365203E45
:10BFF0003D203020262620694966616365203C206B
:10C0000043414E5F49464143455F434F554E5400BF
:10C010006B6F704672616D6500000000737461742F
:10C02000696320766F69642A204343616E48616EBC
:10C03000646C65723A3A7374617469634D616C6CD7
:10C040006F632843616E6173496E7374616E6365DB
:10C050002A2C20696E7429002E2E2F5274652F53BE
:10C0600072632F4343616E48616E646C65722E6328
:10C07000707000006953697A65203E20300000002E
:10C080006F70506C6174666F726D000073746174D0
:10C09000696320696E74204343616E48616E646C0D
:10C0A00065723A3A64727646696C746572284361C7
:10C0B0006E6173496E7374616E63652A2C20696EBC
:10C0C000742C20636F6E73742043616E61734361DF
:10C0D0006E46696C746572436F6E6669672A2C20C0
:10C0E000696E7429000000006B6F7046696C74659E
:10C0F00072730000694E756D46696C74203E203085
:10C100000000000043616E61734D75746578000036
:10C11000737461746963204343616E48616E646C3B
:10C12000657226204343616E48616E646C65723AA5
:10C130003A676574496E7374616E6365496D706CBE
:10C1400028756E7369676E656420696E74290000D6
:10C1500073746174696320766F6964204343616E10
:10C1600048616E646C65723A3A52656365697665DA
:10C1700043616E4672616D657328290000000000FE
:10C1800000000000916301086962010830203D3D14
:10C190002063616E6173506172616D416476657296
:10C1A0007469736528266F72496E7374616E636576
:10C1B0002E6F43616E6173496E7374616E63652C9B
:10C1C0002043414E41535F4E4F445F4445465F42DA
:10C1D0004F44595F4C4F4E4749545544494E414C8A
:10C1E0005F414343454C45524154494F4E2C2066D4
:10C1F000616C7365290000007669727475616C204A
:10C20000766F6964204343616E4F7574707574482E
:10C21000616E646C65723A3A496E6974282900004F
:10C220002E2E2F5274652F5372632F4343616E4F2E
:10C23000757470757448616E646C65722E6370708D
:10C240000000000030203D3D2063616E617350614D
:10C2500072616D41647665727469736528266F72C8
:10C26000496E7374616E63652E6F43616E617349CD
:10C270006E7374616E63652C2043414E41535F4E73
:10C280004F445F4445465F424F44595F4C415445DB
:10C2900052414C5F414343454C45524154494F4EF6
:10C2A0002C2066616C7365290000000030203D3D44
:10C2B0002063616E6173506172616D416476657275
:10C2C0007469736528266F72496E7374616E636555
:10C2D0002E6F43616E6173496E7374616E63652C7A
:10C2E0002043414E41535F4E4F445F4445465F42B9
:10C2F0004F44595F4E4F524D414C5F414343454C73
:10C3000045524154494F4E2C2066616C736529009B
:10C3100030203D3D2063616E6173506172616D41FB
:10C32000647665727469736528266F72496E7374DA
:10C33000616E63652E6F43616E6173496E737461E4
:10C340006E63652C2043414E41535F4E4F445F4422
:10C3500045465F424F44595F50495443485F5241FC
:10C3600054452C2066616C736529000030203D3DEA
:10C370002063616E6173506172616D4164766572B4
:10C380007469736528266F72496E7374616E636594
:10C390002E6F43616E6173496E7374616E63652CB9
:10C3A0002043414E41535F4E4F445F4445465F42F8
:10C3B0004F44595F524F4C4C5F524154452C2066BC
:10C3C000616C73652900000030203D3D2063616E83
:10C3D0006173506172616D416476657274697365F1
:10C3E00028266F72496E7374616E63652E6F4361A8
:10C3F0006E6173496E7374616E63652C2043414EA8
:10C4000041535F4E4F445F4445465F424F44595F3E
:10C410005941575F524154452C2066616C73652920
:10C420000000000030203D3D2063616E617350616B
:10C4300072616D41647665727469736528266F72E6
:10C44000496E7374616E63652E6F43616E617349EB
:10C450006E7374616E63652C2043414E41535F4E91
:10C460004F445F4445465F424F44595F50495443EF
:10C47000485F414E474C452C2066616C736529002E
:10C4800030203D3D2063616E6173506172616D418A
:10C49000647665727469736528266F72496E737469
:10C4A000616E63652E6F43616E6173496E73746173
:10C4B0006E63652C2043414E41535F4E4F445F44B1
:10C4C00045465F424F44595F524F4C4C5F414E4787
:10C4D0004C452C2066616C736529000030203D3D81
:10C4E0002063616E6173506172616D416476657243
:10C4F0007469736528266F72496E7374616E636523
:10C500002E6F43616E6173496E7374616E63652C47
:10C510002043414E41535F4E4F445F4445465F4187
:10C520004C5449545544455F524154452C20666152
:10C530006C7365290000000030203D3D2063616E72
:10C540006173506172616D4164766572746973657F
:10C5500028266F72496E7374616E63652E6F436136
:10C560006E6173496E7374616E63652C2043414E36
:10C5700041535F4E4F445F4445465F4D41474E45F2
:10C580005449435F48454144494E472C2066616CFD
:10C590007365290030203D3D2063616E61735061F9
:10C5A00072616D41647665727469736528266F7275
:10C5B000496E7374616E63652E6F43616E6173497A
:10C5C0006E7374616E63652C2043414E41535F4E20
:10C5D0004F445F4445465F5354414E444152445F8B
:10C5E000414C5449545544452C2066616C7365296F
:10C5F0000000000030203D3D2063616E617350619A
:10C6000072616D41647665727469736528266F7214
:10C61000496E7374616E63652E6F43616E61734919
:10C620006E7374616E63652C2043414E41535F4EBF
:10C630004F445F4445465F5354415449435F505211
:10C640004553535552452C2066616C736529000093
:10C65000737461746963204343616E4F75747075C0
:10C660007448616E646C657226204343616E4F7539
:10C670007470757448616E646C65723A3A6765747B
:10C68000496E7374616E6365496D706C28756E7365
:10C6900069676E656420696E7429000000000000FF
:10C6A00000000000F1650108E96501086765745341
:10C6B000687574646F776E50696E4964000000009D
:10C6C00075496E7374616E6365496E646578203C6C
:10C6D000204349636D323037383944726976657268
:10C6E0003A3A736B75496E7374616E6365436F7527
:10C6F0006E745F00737461746963204349636D32C3
:10C700003037383944726976657226204349636D43
:10C7100032303738394472697665723A3A676574EF
:10C72000496E7374616E6365496D706C28756E73C4
:10C7300069676E656420696E74290000433A2F555D
:10C74000736572732F6665646F722F446174612F15
:10C7500050726F6A6563745F4E452F34315F436F6B
:10C7600064655F646576656C6F706D656E745F7728
:10C770006F726B2F62616872732D73772D312F305A
:10C78000315F4C6962726172792F53746D33322F4D
:10C79000447269766572732F4349636D323037385E
:10C7A000394472697665722E63707000696E742008
:10C7B00049636D3230373839496D7544617461446D
:10C7C0006D615265717565737428756E7369676EF6
:10C7D000656420696E742900766F69642049636D11
:10C7E00032303738395061727365496D7544617400
:10C7F00061446D6128756E7369676E656420696E4A
:10C8000074290000696E742049636D3230373839FD
:10C81000507265737375726544617461446D6152E1
:10C8200065717565737428756E7369676E656420CC
:10C83000696E742900000000696E742049636D32CE
:10C84000303738395472696767657250726573732F
:10C850007572654D6561737572656D656E74287569
:10C860006E7369676E656420696E7429000000004C
:10C87000766F69642049636D3230373839496E7696
:10C88000616C6964617465496D754F757470757418
:10C89000506F727428756E7369676E656420696E77
:10C8A00074290000766F69642049636D323037382F
:10C8B00039496E76616C6964617465507265737331
:10C8C0007572654F7574707574506F727428756EDB
:10C8D0007369676E656420696E742900766F696498
:10C8E0002049636D32303738395061727365507248
:10C8F00065737375726544617461446D6128756E0A
:10C900007369676E656420696E7429000000000019
:10C910000000000099C10108AD77010873746174CB
:10C9200069632043496D754D6F6E69746F725377FB
:10C9300063262043496D754D6F6E69746F7253772E
:10C94000633A3A676574496E7374616E6365496DE5
:10C95000706C28756E7369676E656420696E7429E2
:10C96000000000002E2E2F5274652F5372632F4348
:10C97000496D754D6F6E69746F725377632E637076
:10C98000700000000000000000000000D5C4010895
:10C99000D9C40108434D61676E6574696348656178
:10C9A00064696E6746696C7465725377633A3A439B
:10C9B0004D61676E6574696348656164696E674659
:10C9C000696C746572537763282900002E2E2F52EC
:10C9D00074652F5372632F434D61676E657469638D
:10C9E00048656164696E6746696C74657253776304
:10C9F0002E637070000000007374617469632043DB
:10CA00004D61676E6574696348656164696E674608
:10CA1000696C7465725377632620434D61676E6558
:10CA200074696348656164696E6746696C746572B0
:10CA30005377633A3A676574496E7374616E6365E0
:10CA4000496D706C28756E7369676E656420696ED8
:10CA500074290000000000000000000021C7010848
:10CA600025C7010873746174696320434D61676E63
:10CA700065746F6D65746572436F6D70656E73611B
:10CA8000746F722620434D61676E65746F6D6574B7
:10CA90006572436F6D70656E7361746F723A3A6759
:10CAA0006574496E7374616E6365496D706C287549
:10CAB0006E7369676E656420696E742900000000FA
:10CAC0002E2E2F5274652F5372632F434D61676E64
:10CAD00065746F6D65746572436F6D70656E7361BB
:10CAE000746F722E63707000000000000000000080
:10CAF00035C9010831C90108737461746963204341
:10CB00004D6D63353938334472697665722620433A
:10CB10004D6D63353938334472697665723A3A67D8
:10CB20006574496E7374616E6365496D706C2875C8
:10CB30006E7369676E656420696E74290000000079
:10CB4000433A2F55736572732F6665646F722F4475
:10CB50006174612F50726F6A6563745F4E452F3444
:10CB6000315F436F64655F646576656C6F706D659A
:10CB70006E745F776F726B2F62616872732D73775B
:10CB80002D312F30315F4C6962726172792F53748D
:10CB90006D33322F447269766572732F434D6D6326
:10CBA000353938334472697665722E6370700000CF
:10CBB000000000000000000039CB01082DCB010867
:10CBC00000000000000000005DCF010855CF010803
:10CBD000737461746963204352733233324F7574D6
:10CBE00070757448616E646C6572262043527332AE
:10CBF00033324F757470757448616E646C65723A47
:10CC00003A676574496E7374616E6365496D706CE3
:10CC100028756E7369676E656420696E74290000FB
:10CC20002E2E2F5274652F5372632F43527332335B
:10CC3000324F757470757448616E646C65722E63E2
:10CC400070700000766F6964204352733233324F44
:10CC5000757470757448616E646C65723A3A74727A
:10CC6000616E736D69744D6573736167652875696D
:10CC70006E74385F742A2C2075696E7431365F7457
:10CC800029000000287553697A65203E203029204C
:10CC9000262620287553697A65203C3D20736B75E4
:10CCA0004275666665724C656E6774685F29000040
:10CCB000000000000000000069D801086DD80108DC
:10CCC00028287375436F756E746572202D20315559
:10CCD00029203E3D20302920262620282873754310
:10CCE0006F756E746572202D20315529203C206FA0
:10CCF0004C6174657374446174617365745F2E6F05
:10CD00004D6561737572656D656E74735F2E7369C1
:10CD10007A65282929000000766F696420435363EF
:10CD200068613633544472697665723A3A506F6C72
:10CD30006C53656E736F722829000000433A2F55BB
:10CD4000736572732F6665646F722F446174612F0F
:10CD500050726F6A6563745F4E452F34315F436F65
:10CD600064655F646576656C6F706D656E745F7722
:10CD70006F726B2F62616872732D73772D312F3054
:10CD8000315F4C6962726172792F53746D33322F47
:10CD9000447269766572732F435363686136335406
:10CDA0004472697665722E637070000025303564B8
:10CDB0002530317825303458000000005343422D8F
:10CDC0003E494353522026205343425F4943535226
:10CDD0005F564543544143544956455F4D736B007C
:10CDE00073746174696320435363686136335444D8
:10CDF0007269766572262043536368613633544402
:10CE000072697665723A3A676574496E7374616ED9
:10CE10006365496D706C28756E7369676E65642013
:10CE2000696E74290000000000000000000000008E
:10CE300019F101080DED010875496E7374616E6397
:10CE400065496E646578203C20736B75496E737418
:10CE5000616E6365436F756E745F00007374617417
:10CE60006963207444657269766564436F6D706FA1
:10CE70006E656E74436C617373262043536F6674E2
:10CE800077617265436F6D706F6E656E743C74444C
:10CE9000657269766564436F6D706F6E656E74431D
:10CEA0006C6173732C2074496E7374616E63654397
:10CEB0006F756E743E3A3A476574496E7374616E6D
:10CEC000636528756E7369676E656420696E742981
:10CED000205B776974682074446572697665644381
:10CEE0006F6D706F6E656E74436C617373203D205F
:10CEF00043426D6D3135304472697665723B207501
:10CF00006E7369676E656420696E742074496E7310
:10CF100074616E6365436F756E74203D20325D00F1
:10CF20002E2E2F2E2E2F2E2E2F2E2E2F30315F4CC9
:10CF30006962726172792F53746D33322F436F6D52
:10CF4000706F6E656E74732F47656E6572616C2FBE
:10CF500043536F667477617265436F6D706F6E6572
:10CF60006E74426173652E6800000000766F69641C
:10CF7000205461736B526F7574696E65496E697484
:10CF8000282900002E2E2F5274652F5372632F54C0
:10CF900061736B526F7574696E65732E6370700088
:10CFA00000000000963007772C610EEEBA51099907
:10CFB00019C46D078FF46A7035A563E9A395649E63
:10CFC0003288DB0EA4B8DC791EE9D5E088D9D29787
:10CFD0002B4CB609BD7CB17E072DB8E7911DBF90E3
:10CFE0006410B71DF220B06A4871B9F3DE41BE8407
:10CFF0007DD4DA1AEBE4DD6D51B5D4F4C785D38363
:10D0000056986C13C0A86B647AF962FDECC9658A06
:10D010004F5C0114D96C0663633D0FFAF50D088D62
:10D02000C8206E3B5E10694CE44160D5727167A206
:10D03000D1E4033C47D4044BFD850DD26BB50AA562
:10D04000FAA8B5356C98B242D6C9BBDB40F9BCAC86
:10D05000E36CD832755CDF45CF0DD6DC593DD1ABE2
:10D06000AC30D9263A00DE518051D7C81661D0BF06
:10D07000B5F4B42123C4B3569995BACF0FA5BDB862
:10D080009EB802280888055FB2D90CC624E90BB106
:10D09000877C6F2F114C6858AB1D61C13D2D66B662
:10D0A0009041DC760671DB01BC20D2982A10D5EFC6
:10D0B0008985B1711FB5B606A5E4BF9F33D4B8E822
:10D0C000A2C9077834F9000F8EA8099618980EE1C6
:10D0D000BB0D6A7F2D3D6D08976C6491015C63E622
:10D0E000F4516B6B62616C1CD83065854E0062F246
:10D0F000ED95066C7BA5011BC1F4088257C40FF5A2
:10D10000C6D9B06550E9B712EAB8BE8B7C88B9FCC5
:10D11000DF1DDD62492DDA15F37CD38C654CD4FB21
:10D120005861B24DCE51B53A7400BCA3E230BBD4C5
:10D1300041A5DF4AD795D83D6DC4D1A4FBF4D6D321
:10D140006AE96943FCD96E34468867ADD0B860DAC5
:10D15000732D0444E51D03335F4C0AAAC97C0DDD21
:10D160003C710550AA41022710100BBE86200CC945
:10D1700025B56857B3856F2009D466B99FE461CEA1
:10D180000EF9DE5E98C9D9292298D0B0B4A8D7C7C5
:10D19000173DB359810DB42E3B5CBDB7AD6CBAC021
:10D1A0002083B8EDB6B3BF9A0CE2B6039AD2B1743D
:10D1B0003947D5EAAF77D29D1526DB048316DC7399
:10D1C000120B63E3843B64943E6A6D0DA85A6A7A3D
:10D1D0000BCF0EE49DFF099327AE000AB19E077D99
:10D1E00044930FF0D2A3088768F2011EFEC20669BD
:10D1F0005D5762F7CB67658071366C19E7066B6E19
:10D20000761BD4FEE02BD3895A7ADA10CC4ADD673C
:10D210006FDFB9F9F9EFBE8E43BEB717D58EB06098
:10D22000E8A3D6D67E93D1A1C4C2D83852F2DF4F3C
:10D23000F167BBD16757BCA6DD06B53F4B36B24898
:10D24000DA2B0DD84C1B0AAFF64A0336607A04413C
:10D25000C3EF60DF55DF67A8EF8E6E3179BE694698
:10D260008CB361CB1A8366BCA0D26F2536E26852BC
:10D2700095770CCC03470BBBB91602222F26055518
:10D28000BE3BBAC5280BBDB2925AB42B046AB35C3C
:10D29000A7FFD7C231CFD0B58B9ED92C1DAEDE5B98
:10D2A000B0C2649B26F263EC9CA36A750A936D027C
:10D2B000A906099C3F360EEB8567077213570005D8
:10D2C000824ABF95147AB8E2AE2BB17B381BB60CFC
:10D2D0009B8ED2920DBED5E5B7EFDC7C21DFDB0B58
:10D2E000D4D2D38642E2D4F1F8B3DD686E83DA1F7C
:10D2F000CD16BE815B26B9F6E177B06F7747B718D8
:10D30000E65A0888706A0FFFCA3B06665C0B01117B
:10D31000FF9E658F69AE62F8D3FF6B6145CF6C16D7
:10D3200078E20AA0EED20DD75483044EC2B303397B
:10D33000612667A7F71660D04D476949DB776E3ED7
:10D340004A6AD1AEDC5AD6D9660BDF40F03BD837FB
:10D3500053AEBCA9C59EBBDE7FCFB247E9FFB53057
:10D360001CF2BDBD8AC2BACA3093B353A6A3B4247B
:10D370000536D0BA9306D7CD2957DE54BF67D923D7
:10D380002E7A66B3B84A61C4021B685D942B6F2A7B
:10D3900037BE0BB4A18E0CC31BDF055A8DEF022DD7
:10D3A0007546696C746572496E646578203C2042EC
:10D3B000414852535F46494C5445525F434F554E86
:10D3C0005400000043426168727346696C74657270
:10D3D00026204E426168727346696C7465724170B2
:10D3E000693A3A47657446696C746572496E73743C
:10D3F000616E63652875696E7433325F742900004D
:10D40000433A2F55736572732F6665646F722F44AC
:10D410006174612F50726F6A6563745F4E452F347B
:10D42000315F436F64655F646576656C6F706D65D1
:10D430006E745F776F726B2F62616872732D7365A4
:10D440006E736F722D667573696F6E2D6C69622FC6
:10D4500030315F4C6962726172792F7372632F424F
:10D460006168727346696C7465724170692E63708D
:10D47000700000002869496E646578203E202D31D7
:10D4800029202626202869496E646578203C206979
:10D4900053697A655F2920262620286953697A65B1
:10D4A0005F203E20302900007454797065262043A7
:10D4B00052696E674275666665723C745479706530
:10D4C0002C206943617061636974793E3A3A6F70E8
:10D4D000657261746F72282928696E7429205B77E0
:10D4E000697468207454797065203D2043426168F6
:10D4F000727346696C7465723A3A53496D7544614A
:10D5000074613B20696E7420694361706163697462
:10D5100079203D20335D0000433A2F5573657273C7
:10D520002F6665646F722F446174612F50726F6A49
:10D530006563745F4E452F34315F436F64655F648C
:10D540006576656C6F706D656E745F776F726B2F4B
:10D5500062616872732D73656E736F722D66757379
:10D56000696F6E2D6C69622F30315F4C6962726138
:10D5700072792F7372632F4352696E6742756666C4
:10D5800065722E6800000000726F77203E3D2030EB
:10D5900020262620726F77203C20726F777328290F
:10D5A00020262620636F6C203E3D2030202626203A
:10D5B000636F6C203C20636F6C73282900000000AF
:10D5C000456967656E3A3A44656E7365436F656693
:10D5D0006673426173653C446572697665642C20AC
:10D5E000313E3A3A5363616C617226204569676542
:10D5F0006E3A3A44656E7365436F65666673426161
:10D6000073653C446572697665642C20313E3A3A14
:10D610006F70657261746F72282928456967656E3D
:10D620003A3A496E6465782C20456967656E3A3AE6
:10D63000496E64657829205B776974682044657257
:10D6400069766564203D20456967656E3A3A4D61AB
:10D65000747269783C666C6F61742C20312C2031B7
:10D66000362C20312C20312C2031363E3B20456990
:10D6700067656E3A3A44656E7365436F65666673B7
:10D68000426173653C446572697665642C20313E65
:10D690003A3A5363616C6172203D20666C6F61742D
:10D6A0003B20456967656E3A3A496E646578203D6E
:10D6B00020696E745D0000002E2E2F2E2E2F2E2E30
:10D6C0002F39395F3372645F70617274792F6569C5
:10D6D00067656E2D332E342E302F456967656E2FAA
:10D6E0007372632F436F72652F44656E7365436F6A
:10D6F00065666673426173652E68000074547970C4
:10D700006526204352696E674275666665723C7491
:10D71000547970652C206943617061636974793E46
:10D720003A3A6F70657261746F72282928696E7455
:10D7300029205B77697468207454797065203D20D6
:10D740004E467573696F6E4C6962436F6D6D6F6E97
:10D750003A3A534261726F6D6574657244617461E7
:10D760003B20696E7420694361706163697479203C
:10D770003D20335D00000000456967656E3A3A441C
:10D78000656E7365436F65666673426173653C449D
:10D790006572697665642C20313E3A3A5363616C58
:10D7A00061722620456967656E3A3A44656E736515
:10D7B000436F65666673426173653C446572697662
:10D7C00065642C20313E3A3A6F70657261746F72F5
:10D7D000282928456967656E3A3A496E6465782C50
:10D7E00020456967656E3A3A496E64657829205B21
:10D7F000776974682044657269766564203D2045C8
:10D800006967656E3A3A4D61747269783C666C6F0F
:10D8100061742C2031362C2031362C20302C2031D4
:10D82000362C2031363E3B20456967656E3A3A44D6
:10D83000656E7365436F65666673426173653C44EC
:10D840006572697665642C20313E3A3A5363616CA7
:10D850006172203D20666C6F61743B20456967658D
:10D860006E3A3A496E646578203D20696E745D00B9
:10D870007374617274526F77203E3D2030202626EB
:10D8800020426C6F636B526F7773203E3D203020D7
:10D890002626207374617274526F77202B20426C9D
:10D8A0006F636B526F7773203C3D207870722E72DD
:10D8B0006F77732829202626207374617274436F52
:10D8C0006C203E3D203020262620426C6F636B4347
:10D8D0006F6C73203E3D20302026262073746172C9
:10D8E00074436F6C202B20426C6F636B436F6C73BF
:10D8F000203C3D207870722E636F6C7328290000E5
:10D90000456967656E3A3A426C6F636B3C5870725A
:10D91000547970652C20426C6F636B526F77732C57
:10D9200020426C6F636B436F6C732C20496E6E6585
:10D930007250616E656C3E3A3A426C6F636B285868
:10D94000707254797065262C20456967656E3A3A85
:10D95000496E6465782C20456967656E3A3A496E70
:10D9600064657829205B77697468205870725479EF
:10D970007065203D20456967656E3A3A4D61747265
:10D9800069783C666C6F61742C2031362C203136FE
:10D990002C20302C2031362C2031363E3B20696E35
:10D9A0007420426C6F636B526F7773203D20323B63
:10D9B00020696E7420426C6F636B436F6C73203D03
:10D9C00020323B20626F6F6C20496E6E6572506131
:10D9D0006E656C203D2066616C73653B2045696710
:10D9E000656E3A3A496E646578203D20696E745DD3
:10D9F000000000002E2E2F2E2E2F2E2E2F39395FB5
:10DA00003372645F70617274792F656967656E2D1A
:10DA1000332E342E302F456967656E2F7372632F56
:10DA2000436F72652F426C6F636B2E6800000000BD
:10DA3000456967656E3A3A426C6F636B3C58707229
:10DA4000547970652C20426C6F636B526F77732C26
:10DA500020426C6F636B436F6C732C20496E6E6554
:10DA60007250616E656C3E3A3A426C6F636B285837
:10DA7000707254797065262C20456967656E3A3A54
:10DA8000496E6465782C20456967656E3A3A496E3F
:10DA900064657829205B77697468205870725479BE
:10DAA0007065203D20456967656E3A3A4D61747234
:10DAB00069783C666C6F61742C2031362C203136CD
:10DAC0002C20302C2031362C2031363E3B20696E04
:10DAD0007420426C6F636B526F7773203D20323B32
:10DAE00020696E7420426C6F636B436F6C73203DD2
:10DAF00020333B20626F6F6C20496E6E65725061FF
:10DB00006E656C203D2066616C73653B20456967DE
:10DB1000656E3A3A496E646578203D20696E745DA1
:10DB20000000000028696E7465726E616C3A3A55A7
:10DB3000496E7450747228656967656E5F756E61B1
:10DB40006C69676E65645F61727261795F6173733E
:10DB50006572745F776F726B61726F756E645F6709
:10DB6000636334372861727261792929202620285D
:10DB700031352929203D3D20302026262022746879
:10DB8000697320617373657274696F6E20697320A5
:10DB90006578706C61696E656420686572653A20AD
:10DBA000222022687474703A2F2F656967656E2E83
:10DBB00074757866616D696C792E6F72672F646F0A
:10DBC000782D646576656C2F67726F75705F5F5432
:10DBD0006F706963556E616C69676E6564417272DE
:10DBE00061794173736572742E68746D6C222022A2
:10DBF000202A2A2A2A2052454144205448495320A9
:10DC0000574542205041474520212121202A2A2AD8
:10DC10002A220000456967656E3A3A696E7465723A
:10DC20006E616C3A3A706C61696E5F6172726179B3
:10DC30003C542C2053697A652C204D6174726978AC
:10DC40004F7241727261794F7074696F6E732C20DC
:10DC500031363E3A3A706C61696E5F617272617919
:10DC60002829205B776974682054203D20666C6FFA
:10DC700061743B20696E742053697A65203D2032BF
:10DC800035363B20696E74204D61747269784F722D
:10DC900041727261794F7074696F6E73203D2030EC
:10DCA0005D0000002E2E2F2E2E2F2E2E2F39395FA5
:10DCB0003372645F70617274792F656967656E2D68
:10DCC000332E342E302F456967656E2F7372632FA4
:10DCD000436F72652F44656E736553746F7261672D
:10DCE000652E6800456967656E3A3A696E746572BB
:10DCF0006E616C3A3A706C61696E5F6172726179E3
:10DD00003C542C2053697A652C204D6174726978DB
:10DD10004F7241727261794F7074696F6E732C200B
:10DD200031363E3A3A706C61696E5F617272617948
:10DD30002829205B776974682054203D20666C6F29
:10DD400061743B20696E742053697A65203D2031EF
:10DD5000363B20696E74204D61747269784F724150
:10DD6000727261794F7074696F6E73203D20305DFF
:10DD700000000000456967656E3A3A696E74657225
:10DD80006E616C3A3A706C61696E5F617272617952
:10DD90003C542C2053697A652C204D61747269784B
:10DDA0004F7241727261794F7074696F6E732C207B
:10DDB00031363E3A3A706C61696E5F6172726179B8
:10DDC0002829205B776974682054203D20666C6F99
:10DDD00061743B20696E742053697A65203D20315F
:10DDE000363B20696E74204D61747269784F7241C0
:10DDF000727261794F7074696F6E73203D20315D6E
:10DE000000000000636F6E7374207454797065268F
:10DE1000204352696E674275666665723C74547938
:10DE200070652C206943617061636974793E3A3A88
:10DE30006F70657261746F72282928696E74292069
:10DE4000636F6E7374205B776974682074547970A3
:10DE500065203D2043426168727346696C74657247
:10DE60003A3A53496D75446174613B20696E742080
:10DE7000694361706163697479203D20335D0000FE
:10DE8000696E646578203E3D203020262620696E2C
:10DE9000646578203C2073697A65282900000000B9
:10DEA000456967656E3A3A44656E7365436F6566AA
:10DEB0006673426173653C446572697665642C20C3
:10DEC000313E3A3A5363616C617226204569676559
:10DED0006E3A3A44656E7365436F65666673426178
:10DEE00073653C446572697665642C20313E3A3A2C
:10DEF0006F70657261746F72282928456967656E55
:10DF00003A3A496E64657829205B776974682044E1
:10DF1000657269766564203D20456967656E3A3AA9
:10DF20004D61747269783C666C6F61742C20313677
:10DF30002C20312C20302C2031362C20313E3B201F
:10DF4000456967656E3A3A44656E7365436F656609
:10DF50006673426173653C446572697665642C2022
:10DF6000313E3A3A5363616C6172203D20666C6FBA
:10DF700061743B20456967656E3A3A496E6465781D
:10DF8000203D20696E745D00456967656E3A3A42CE
:10DF90006C6F636B3C587072547970652C20426CC6
:10DFA0006F636B526F77732C20426C6F636B436FA0
:10DFB0006C732C20496E6E657250616E656C3E3AD2
:10DFC0003A426C6F636B2858707254797065262CD6
:10DFD00020456967656E3A3A496E6465782C20453C
:10DFE0006967656E3A3A496E64657829205B77699E
:10DFF00074682058707254797065203D20456967B7
:10E00000656E3A3A4D61747269783C666C6F617402
:10E010002C2031362C2031362C20302C2031362C3F
:10E020002031363E3B20696E7420426C6F636B5228
:10E030006F7773203D2031363B20696E7420426C2F
:10E040006F636B436F6C73203D20313B20626F6FB9
:10E050006C20496E6E657250616E656C203D206665
:10E06000616C73653B20456967656E3A3A496E6439
:10E070006578203D20696E745D0000006B6F724210
:10E080006C6F636B4D61702E6B6F426C6F636B5383
:10E0900074617274526F77496E64696365735F2E41
:10E0A0006261636B2829203C206B6F724C6566743B
:10E0B0002E726F7773282900456967656E3A3A4D6D
:10E0C00061747269783C74547970652C2069526F60
:10E0D00077734C6566742C2069436F6C7352696763
:10E0E00068743E204D617472697850726F64756314
:10E0F00074426C6F636B4C65667428636F6E7374E7
:10E1000020456967656E3A3A4D61747269783C746E
:10E11000547970652C2069526F77734C6566742C46
:10E120002069436F6C734C6566743E262C20636FC8
:10E130006E737420456967656E3A3A4D6174726911
:10E14000783C74547970652C2069436F6C734C650E
:10E1500066742C2069436F6C7352696768743E263D
:10E160002C20636F6E73742043426C6F636B4D6140
:10E17000747269784D61702629205B776974682014
:10E180007454797065203D20666C6F61743B206922
:10E190006E742069526F77734C656674203D203130
:10E1A000363B20696E742069436F6C734C656674EE
:10E1B000203D2031363B20696E742069436F6C73BB
:10E1C0005269676874203D2031365D00433A2F550F
:10E1D000736572732F6665646F722F446174612F6B
:10E1E00050726F6A6563745F4E452F34315F436FC1
:10E1F00064655F646576656C6F706D656E745F777E
:10E200006F726B2F62616872732D73656E736F72BC
:10E210002D667573696F6E2D6C69622F30315F4C9E
:10E220006962726172792F7372632F43426C6F63FC
:10E230006B4D61747269784D61702E68000000004A
:10E240006B6F72426C6F636B4D61702E6B6F426CC3
:10E250006F636B5374617274436F6C756D6E496E4E
:10E2600064696365735F2E6261636B2829203C20BB
:10E270006B6F724C6566742E636F6C732829000097
:10E28000456967656E3A3A44656E7365436F6566C6
:10E290006673426173653C446572697665642C20DF
:10E2A000303E3A3A436F65666652657475726E54D5
:10E2B00079706520456967656E3A3A44656E7365A5
:10E2C000436F65666673426173653C446572697647
:10E2D00065642C20303E3A3A6F70657261746F72DB
:10E2E000282928456967656E3A3A496E6465782C35
:10E2F00020456967656E3A3A496E646578292063FE
:10E300006F6E7374205B77697468204465726976F8
:10E310006564203D20456967656E3A3A4D617472C7
:10E3200069783C666C6F61742C2031362C20313654
:10E330002C20302C2031362C2031363E3B204569B4
:10E3400067656E3A3A44656E7365436F65666673DA
:10E35000426173653C446572697665642C20303E89
:10E360003A3A436F65666652657475726E54797099
:10E3700065203D20636F6E737420666C6F61742638
:10E380003B20456967656E3A3A496E646578203D81
:10E3900020696E745D0000006B6F72426C6F636B7E
:10E3A0004D61702E6B6F426C6F636B53746172744E
:10E3B000526F77496E64696365735F2E6261636B48
:10E3C0002829203C206B6F7252696768742E726F27
:10E3D0007773282900000000456967656E3A3A4D59
:10E3E00061747269783C74547970652C2069526F3D
:10E3F00077734C6566742C2069436F6C7352696740
:10E4000068743E204D617472697850726F647563F0
:10E4100074426C6F636B526967687428636F6E73C4
:10E420007420456967656E3A3A4D61747269783C4B
:10E4300074547970652C2069526F77734C656674DB
:10E440002C2069436F6C734C6566743E262C2063E8
:10E450006F6E737420456967656E3A3A4D617472E8
:10E4600069783C74547970652C2069436F6C734CE7
:10E470006566742C2069436F6C7352696768743EDB
:10E48000262C20636F6E73742043426C6F636B4D58
:10E4900061747269784D61702629205B77697468B0
:10E4A000207454797065203D20666C6F61743B2048
:10E4B000696E742069526F77734C656674203D20D5
:10E4C00031363B20696E742069436F6C734C65660E
:10E4D00074203D2031363B20696E742069436F6C97
:10E4E000735269676874203D2031365D000000007A
:10E4F0006B6F72426C6F636B4D61702E6B6F426C11
:10E500006F636B5374617274436F6C756D6E496E9B
:10E5100064696365735F2E6261636B2829203C2008
:10E520006B6F7252696768742E636F6C7328290071
:10E530000000000000000000F5850208F5850208D3
:10E54000F5850208B94F020835580208F58502081A
:10E55000F5850208F5850208F5850208F5850208AB
:10E56000F5850208F5850208F5850208000000001F
:10E5700000000000ED0F0208A1390208793E0208F0
:10E58000B94F020835580208F93C0208B9120208CE
:10E59000F91802082D1E0208C1090208C90902085B
:10E5A0003D110208E90A0208737461746963206905
:10E5B0006E742043426168727346696C7465723A86
:10E5C0003A434572726F7253746174654D61703A6B
:10E5D0003A5374617274496E646578284342616885
:10E5E000727346696C7465723A3A434572726F721F
:10E5F00053746174654D61703A3A454572726F7239
:10E600005374617465732900433A2F5573657273AF
:10E610002F6665646F722F446174612F50726F6A48
:10E620006563745F4E452F34315F436F64655F648B
:10E630006576656C6F706D656E745F776F726B2F4A
:10E6400062616872732D73656E736F722D66757378
:10E65000696F6E2D6C69622F30315F4C6962726137
:10E6600072792F7372632F43426168727346696CCB
:10E670007465724572726F7253746174654D617026
:10E680002E63707000000000000000000100000018
:10E690000200000004000000070000000A00000063
:10E6A0000D00000073746174696320636F6E73748E
:10E6B0002043426168727346696C7465723A3A53DA
:10E6C00054756E696E67506172616D7326204342A6
:10E6D0006168727346696C7465723A3A434B66546A
:10E6E000756E696E67506172616D734461746162C9
:10E6F0006173653A3A476574506172616D73284E73
:10E70000467573696F6E4C6962436F6D6D6F6E3ADB
:10E710003A4553656E736F7249642900433A2F5529
:10E72000736572732F6665646F722F446174612F15
:10E7300050726F6A6563745F4E452F34315F436F6B
:10E7400064655F646576656C6F706D656E745F7728
:10E750006F726B2F62616872732D73656E736F7267
:10E760002D667573696F6E2D6C69622F30315F4C49
:10E770006962726172792F7372632F4342616872AA
:10E780007346696C74657254756E696E6750617218
:10E79000616D7344617461626173652E63707000B2
:10E7A00073746174696320666C6F617420434261A5
:10E7B00068727346696C7465723A3A434B66547575
:10E7C0006E696E67506172616D73446174616261FC
:10E7D00073653A3A47657450726573737572654E26
:10E7E0006F697365566172284E467573696F6E4C1A
:10E7F0006962436F6D6D6F6E3A3A4553656E736F24
:10E80000724964290000000069526F77496E64659F
:10E8100078203C207374617469635F636173743C36
:10E82000696E743E286B6F426C6F636B53746172D8
:10E8300074526F77496E64696365735F2E73697A8A
:10E840006528292900000000626F6F6C2043426C2C
:10E850006F636B4D61747269784D61703A3A4973B8
:10E860005A65726F426C6F636B28696E742C2069F5
:10E870006E742920636F6E7374000000433A2F5545
:10E88000736572732F6665646F722F446174612FB4
:10E8900050726F6A6563745F4E452F34315F436F0A
:10E8A00064655F646576656C6F706D656E745F77C7
:10E8B0006F726B2F62616872732D73656E736F7206
:10E8C0002D667573696F6E2D6C69622F30315F4CE8
:10E8D0006962726172792F7372632F43426C6F6346
:10E8E0006B4D61747269784D61702E6370700000B9
:10E8F00069436F6C496E646578203C207374617461
:10E9000069635F636173743C696E743E286B6F4228
:10E910006C6F636B5374617274436F6C756D6E4989
:10E920006E64696365735F2E73697A6528292900AF
:10E93000766563746F723A3A5F4D5F7265616C6CB5
:10E940006F635F696E7365727400000063616E6E61
:10E950006F7420637265617465207374643A3A76EB
:10E960006563746F72206C61726765722074686190
:10E970006E206D61785F73697A6528290000000058
:10E980006B6F426C6F636B5374617274526F774933
:10E990006E64696365735F2E73697A652829203E0A
:10E9A0002030000043426C6F636B4D617472697874
:10E9B0004D61703A3A43426C6F636B4D617472699A
:10E9C000784D6170287374643A3A696E697469614C
:10E9D0006C697A65725F6C6973743C696E743E2C05
:10E9E000207374643A3A696E697469616C697A6516
:10E9F000725F6C6973743C696E743E2C207374642E
:10EA00003A3A696E697469616C697A65725F6C69BA
:10EA100073743C7374643A3A696E697469616C69C1
:10EA20007A65725F6C6973743C626F6F6C3E203EF6
:10EA3000290000006B6F426C6F636B5374617274DA
:10EA4000436F6C756D6E496E64696365735F2E7399
:10EA5000697A652829203E203000000030203D3DA5
:10EA6000206B6F426C6F636B5374617274526F777B
:10EA7000496E64696365735F5B305D0030203D3DC6
:10EA8000206B6F426C6F636B5374617274436F6C75
:10EA9000756D6E496E64696365735F5B305D000020
:10EAA0006B6F426C6F636B5374617274526F774912
:10EAB0006E64696365735F5B69456C656D656E74F3
:10EAC000496E646578202B20315D203E206B6F42BB
:10EAD0006C6F636B5374617274526F77496E6469C3
:10EAE0006365735F5B69456C656D656E74496E64E3
:10EAF00065785D006B6F426C6F636B537461727409
:10EB0000436F6C756D6E496E64696365735F5B69B5
:10EB1000456C656D656E74496E646578202B203197
:10EB20005D203E206B6F426C6F636B537461727437
:10EB3000436F6C756D6E496E64696365735F5B6985
:10EB4000456C656D656E74496E6465785D000000A6
:10EB50006F49735A65726F426C6F636B4D61702EB3
:10EB600073697A652829203D3D206F426C6F636B85
:10EB70005374617274526F77496E64696365732E62
:10EB800073697A6528290000766563746F723A3A72
:10EB90007265736572766500456967656E3A3A69B4
:10EBA0006E7465726E616C3A3A706C61696E5F6129
:10EBB000727261793C542C2053697A652C204D6126
:10EBC000747269784F7241727261794F7074696FB3
:10EBD0006E732C2031363E3A3A706C61696E5F611B
:10EBE000727261792829205B776974682054203D0E
:10EBF00020666C6F61743B20696E742053697A657E
:10EC0000203D20343B20696E74204D617472697818
:10EC10004F7241727261794F7074696F6E73203DEB
:10EC200020305D0075496E646578203C20736B75FB
:10EC300053697A655F0000004172726179456C65C5
:10EC40006D656E74547970652620544C6162656CF4
:10EC500065644172726179496E7465726E616C3C73
:10EC60004172726179456C656D656E745479706539
:10EC70002C204C6162656C456E756D3E3A3A6F7042
:10EC8000657261746F725B5D284C6162656C456E84
:10EC9000756D29205B7769746820417272617945CE
:10ECA0006C656D656E7454797065203D20435061CC
:10ECB000726974794D6F6E69746F723B204C61623A
:10ECC000656C456E756D203D204E496D754D6F6EBE
:10ECD00069746F724170693A3A5341727261794C4A
:10ECE0006162656C65644279496D755369676E61EF
:10ECF0006C733A3A456E756D547970655D0000002D
:10ED00002E2E2F2E2E2F2E2E2F30315F4C69627219
:10ED10006172792F6170692F544C6162656C656412
:10ED200041727261792E6800636F6E737420417254
:10ED3000726179456C656D656E74547970652620D5
:10ED4000544C6162656C65644172726179496E749C
:10ED500065726E616C3C4172726179456C656D657E
:10ED60006E74547970652C204C6162656C456E75CB
:10ED70006D3E3A3A6F70657261746F725B5D284CDC
:10ED80006162656C456E756D2920636F6E737420CA
:10ED90005B77697468204172726179456C656D6555
:10EDA0006E7454797065203D204E467573696F6EA0
:10EDB0004C6962436F6D6D6F6E3A3A53496D754D94
:10EDC0006561737572656D656E743B204C6162653B
:10EDD0006C456E756D203D204E4D6F6E69746F727F
:10EDE00054797065733A3A53526564756E64616E16
:10EDF0007453656E736F724C6162656C733A3A4519
:10EE00006E756D547970655D00000000417272612D
:10EE100079456C656D656E74547970652620544C27
:10EE20006162656C65644172726179496E74657284
:10EE30006E616C3C4172726179456C656D656E7492
:10EE4000547970652C204C6162656C456E756D3E21
:10EE50003A3A6F70657261746F725B5D284C6162E3
:10EE6000656C456E756D29205B7769746820417209
:10EE7000726179456C656D656E7454797065203D7D
:10EE800020456967656E3A3A4D61747269783C66EF
:10EE90006C6F61742C20332C20313E3B204C61621E
:10EEA000656C456E756D203D204E496D754D6F6EDC
:10EEB00069746F724170693A3A5341727261794C68
:10EEC0006162656C65644279496D755369676E610D
:10EED0006C733A3A456E756D547970655D0000004B
:10EEE000456967656E3A3A44656E7365436F65665A
:10EEF0006673426173653C446572697665642C2073
:10EF0000313E3A3A5363616C617226204569676508
:10EF10006E3A3A44656E7365436F65666673426127
:10EF200073653C446572697665642C20313E3A3ADB
:10EF30006F70657261746F72282928456967656E04
:10EF40003A3A496E64657829205B77697468204491
:10EF5000657269766564203D20456967656E3A3A59
:10EF60004D61747269783C666C6F61742C20332C2F
:10EF700020313E3B20456967656E3A3A44656E73C1
:10EF800065436F65666673426173653C446572698B
:10EF90007665642C20313E3A3A5363616C6172208D
:10EFA0003D20666C6F61743B20456967656E3A3A37
:10EFB000496E646578203D20696E745D0000000034
:10EFC0004172726179456C656D656E7454797065D6
:10EFD0002620544C6162656C6564417272617949A6
:10EFE0006E7465726E616C3C4172726179456C65DC
:10EFF0006D656E74547970652C204C6162656C454A
:10F000006E756D3E3A3A6F70657261746F725B5DDA
:10F01000284C6162656C456E756D29205B7769745B
:10F0200068204172726179456C656D656E745479C2
:10F030007065203D204E4D6F6E69746F725479700B
:10F0400065733A3A45446574656374696F6E5265D9
:10F0500073756C743B204C6162656C456E756D20F8
:10F060003D204E496D754D6F6E69746F72417069C8
:10F070003A3A5341727261794C6162656C656442DF
:10F0800079496D755369676E616C733A3A456E756F
:10F090006D547970655D0000286F724661756C74FF
:10F0A0007953656E736F72496E64696365735B65EE
:10F0B0005369676E616C5D203E3D20302920262615
:10F0C00020286F724661756C747953656E736F7228
:10F0D000496E64696365735B655369676E616C5DF6
:10F0E000203C207374617469635F636173743C696D
:10F0F0006E743E2845526564756E64616E74536526
:10F100006E736F724C6162656C733A3A65436F75EA
:10F110006E74292900000000766F696420545365DD
:10F120006E736F724D6F6E69746F723C4D6F6E6966
:10F13000746F72506F6C6963793E3A3A70726570A1
:10F140006172654F757470757428636F6E73742087
:10F15000526564756E64616E74496E707574446155
:10F160007461262C205453656E736F724D6F6E69F7
:10F17000746F723C4D6F6E69746F72506F6C69631F
:10F18000793E3A3A4F7574707574446174612629FA
:10F19000205B77697468204D6F6E69746F72506F71
:10F1A0006C696379203D2043496D754D6F6E6974BC
:10F1B0006F72506F6C6963793B205453656E736F47
:10F1C000724D6F6E69746F723C4D6F6E69746F72C1
:10F1D000506F6C6963793E3A3A526564756E64614A
:10F1E0006E74496E70757444617461203D204E4D9B
:10F1F0006F6E69746F7254797065733A3A545265E0
:10F2000064756E64616E7453656E736F724461747D
:10F21000613C4E467573696F6E4C6962436F6D6DEC
:10F220006F6E3A3A53496D754D6561737572656DD0
:10F23000656E742C204E467573696F6E4C6962431F
:10F240006F6D6D6F6E3A3A4553656E736F724964B8
:10F250003A3A65536368613633542C204E467573D1
:10F26000696F6E4C6962436F6D6D6F6E3A3A4553CC
:10F27000656E736F7249643A3A6549636D3230372F
:10F280003839496D75312C204E467573696F6E4C57
:10F290006962436F6D6D6F6E3A3A4553656E736F79
:10F2A0007249643A3A6549636D3230373839496D8D
:10F2B00075323E3B205453656E736F724D6F6E69AD
:10F2C000746F723C4D6F6E69746F72506F6C6963CE
:10F2D000793E3A3A4F757470757444617461203D9B
:10F2E000204E4D6F6E69746F7254797065733A3A3F
:10F2F000544D756C746964696D656E73696F6E6188
:10F300006C5369676E616C3C4E496D754D6F6E69EB
:10F31000746F724170693A3A5341727261794C610B
:10F3200062656C65644279496D755369676E616C9D
:10F33000733E5D00433A2F55736572732F666564A3
:10F340006F722F446174612F50726F6A6563745FCE
:10F350004E452F34315F436F64655F646576656C3D
:10F360006F706D656E745F776F726B2F626168721C
:10F37000732D73656E736F722D667573696F6E2D65
:10F380006C69622F30315F4C6962726172792F73E0
:10F3900072632F5453656E736F724D6F6E69746F25
:10F3A000722E68004172726179456C656D656E748C
:10F3B000547970652620544C6162656C65644172B5
:10F3C000726179496E7465726E616C3C41727261F2
:10F3D00079456C656D656E74547970652C204C614F
:10F3E00062656C456E756D3E3A3A6F706572617418
:10F3F0006F725B5D284C6162656C456E756D29208E
:10F400005B77697468204172726179456C656D65DE
:10F410006E7454797065203D20435061726974792F
:10F420004D6F6E69746F723A3A53506172697479B4
:10F43000566563746F724F6666736574733B204CD8
:10F440006162656C456E756D203D204E496D754D50
:10F450006F6E69746F724170693A3A5341727261AA
:10F46000794C6162656C65644279496D7553696771
:10F470006E616C733A3A456E756D547970655D00D6
:10F480000000000000000000D9700208737461746D
:10F49000696320666C6F61742043496D754D6F6EB2
:10F4A00069746F72506F6C6963793A3A6765745327
:10F4B00063616C61725369676E616C42794C616221
:10F4C000656C496D706C28636F6E7374204E467561
:10F4D00073696F6E4C6962436F6D6D6F6E3A3A532C
:10F4E000496D754D6561737572656D656E74262C19
:10F4F000204E496D754D6F6E69746F724170693A37
:10F500003A5341727261794C6162656C656442790B
:10F51000496D755369676E616C733A3A456E756DE6
:10F520005479706529000000433A2F557365727352
:10F530002F6665646F722F446174612F50726F6A19
:10F540006563745F4E452F34315F436F64655F645C
:10F550006576656C6F706D656E745F776F726B2F1B
:10F5600062616872732D73656E736F722D66757349
:10F57000696F6E2D6C69622F30315F4C6962726108
:10F5800072792F7372632F43496D754D6F6E697475
:10F590006F722E637070000073746174696320660B
:10F5A0006C6F61742043496D754D6F6E69746F7235
:10F5B000506F6C6963793A3A6765745369676E6135
:10F5C0006C56617269616E6365496D706C284E4658
:10F5D0007573696F6E4C6962436F6D6D6F6E3A3A09
:10F5E0004553656E736F7249642C204E496D754D9D
:10F5F0006F6E69746F724170693A3A534172726109
:10F60000794C6162656C65644279496D75536967CF
:10F610006E616C733A3A456E756D54797065290068
:10F620007374617469635F636173743C5769646583
:10F6300072547970655F743E287544696666292046
:10F640003C3D207374617469635F636173743C57FC
:10F6500069646572547970655F743E287374643AA6
:10F660003A6E756D657269635F6C696D6974733C40
:10F67000696E7433325F743E3A3A6D617828292995
:10F6800000000000696E7433325F74204E4E617664
:10F6900069676174696F6E5574696C6974696573C3
:10F6A0003A3A446966664F66556E7369676E65647B
:10F6B0002874556E7369676E6564547970652C2083
:10F6C00074556E7369676E65645479706529205B43
:10F6D000776974682074556E7369676E65645479D0
:10F6E0007065203D206C6F6E67206C6F6E672075B3
:10F6F0006E7369676E656420696E743B20696E7411
:10F7000033325F74203D206C6F6E6720696E745DCC
:10F71000000000002E2E2F2E2E2F2E2E2F30315F88
:10F720004C6962726172792F6170692F4E617669DE
:10F73000676174696F6E5574696C69746965732E5D
:10F7400068000000666C6F617420435061726974D8
:10F75000794D6F6E69746F723A3A636F6D7075743C
:10F76000654465636973696F6E5661726961626C45
:10F770006528636F6E737420566563746F723366A9
:10F78000262C20636F6E737420566563746F72331A
:10F7900066262C20636F6E737420566563746F72D7
:10F7A0003266262C20696E7429000000433A2F55DA
:10F7B000736572732F6665646F722F446174612F75
:10F7C00050726F6A6563745F4E452F34315F436FCB
:10F7D00064655F646576656C6F706D656E745F7788
:10F7E0006F726B2F62616872732D73656E736F72C7
:10F7F0002D667573696F6E2D6C69622F30315F4CA9
:10F800006962726172792F7372632F4350617269FA
:10F8100074794D6F6E69746F722E637070006261DF
:10F820007369635F737472696E673A3A5F4D5F63C1
:10F830007265617465000000DB0F49BFE4CB1640C0
:10F84000E4CB16C000000080DB0F4940DB0F49C04D
:10F8500000000000000000800000803F0000C03F6A
:10F860000000000000C0153F00000000DCCFD135D3
:10F87000000FC93F000F494000CB9640000FC94020
:10F880000053FB4000CB164100ED2F41000F4941D2
:10F890000031624100537B41003A8A4100CB9641DE
:10F8A000005CA34100EDAF41007EBC41000FC941A7
:10F8B00000A0D5410031E24100C2EE410053FB41BE
:10F8C00000F20342003A0A420083104200CB164283
:10F8D00000141D42005C234200A5294200ED2F4286
:10F8E00000363642007E3C4200C74242000F494289
:10F8F000A2000000F9000000830000006E0000007C
:10F900004E00000044000000150000002900000027
:10F91000FC0000002700000057000000D10000009C
:10F92000F500000034000000DD000000C000000011
:10F93000DB0000006200000095000000990000005C
:10F940003C00000043000000900000004100000067
:10F95000FE0000005100000063000000AB0000004A
:10F96000DE000000BB000000C500000061000000D8
:10F97000B7000000240000006E0000003A00000004
:10F98000420000004D000000D2000000E000000036
:10F9900006000000490000002E000000EA00000000
:10F9A00009000000D1000000920000001C000000CF
:10F9B000FE0000001D000000EB0000001C00000025
:10F9C000B100000029000000A70000003E00000078
:10F9D000E80000008200000035000000F500000093
:10F9E0002E000000BB000000440000008400000066
:10F9F000E90000009C0000007000000026000000EC
:10FA0000B40000005F0000007E0000004100000024
:10FA10003900000091000000D6000000390000000D
:10FA2000830000005300000039000000F4000000D3
:10FA30009C000000840000005F0000008B000000BC
:10FA4000BD000000F9000000280000003B0000009D
:10FA50001F000000F800000097000000FF000000F9
:10FA6000DE00000005000000980000000F0000000C
:10FA7000EF0000002F000000110000008B000000CC
:10FA80005A0000000A0000006D0000001F00000086
:10FA90006D000000360000007E000000CF00000076
:10FAA00027000000CB00000009000000B7000000A4
:10FAB0004F000000460000003F000000660000000C
:10FAC0009E0000005F000000EA0000002D00000022
:10FAD0007500000027000000BA000000C700000009
:10FAE000EB000000E5000000F10000007B000000DA
:10FAF0003D0000000700000039000000F700000092
:10FB00008A0000005200000092000000EA0000009D
:10FB10006B000000FB0000005F000000B10000006F
:10FB20001F0000008D0000005D00000008000000C4
:10FB300056000000030000003000000046000000F6
:10FB4000FC0000007B0000006B000000AB00000028
:10FB5000F0000000CF000000BC000000200000000A
:10FB60009A000000F4000000360000001D000000B4
:10FB7000A9000000E3000000910000006100000007
:10FB80005E000000E60000001B000000080000000E
:10FB90006500000099000000850000005F00000083
:10FBA00014000000A00000006800000040000000F9
:10FBB0008D000000FF000000D80000008000000061
:10FBC0004D0000007300000027000000310000001D
:10FBD00006000000060000001500000056000000AE
:10FBE000CA00000073000000A8000000C900000067
:10FBF00060000000E20000007B000000C000000088
:10FC00008C0000006B0000000000C93F0000F039CC
:10FC10000000DA370000A2330000842E0000502BD1
:10FC20000000C2270000D0220000C41F0000C61B35
:10FC30000000441704000000070000000900000055
:10FC40003863ED3EDA0F493F5E987B3FDA0FC93FDC
:10FC50006937AC3168212233B40F14336821A233E1
:10FC60002C2066756E6374696F6E3A200061737341
:10FC7000657274696F6E2022257322206661696C3B
:10FC800065643A2066696C6520222573222C206CFD
:10FC9000696E65202564257325730A000000000045
:10FCA0000000000000000000000000000000000054
:10FCB0000000000000000000000000000000000044
:10FCC0000000000000000000000000000000000034
:10FCD0000000000000000000000000000000000024
:10FCE0000000000000000000000000000000000014
:10FCF0000000000000000000000000008804002058
:10FD0000232D302B2000686C4C0065666745464704
:10FD10000030313233343536373839414243444587
:10FD200046003031323334353637383961626364F6
:04FD30006566000004
:08FD3400748EFD7F0100000048
:0CFD3C00F5810008F5600208CD640208A3
:08FD4800D1810008FD600208F2
:10FD50000024F4000100000010000000AC8C002022
:10FD6000140000000000000000000000000000007F
:10FD70000C050020CC8A0020AAAAAAAA8CC90208D5
:10FD8000B8CB02080000000030CE020800000000DE
:10FD90000000000000000000000000000000803FA4
:10FDA0000000000000000000000000000000803F94
:10FDB0000000000000000000000000000000803F84
:10FDC0000000803F00000000000000000000000074
:10FDD0000000803F00000000000000000000000064
:10FDE0000000803F00000000000000000000000054
:10FDF0000000000000000000000000000000000003
:10FE000000000000000000000000000000000000F2
:10FE100000000000000000000000000000000000E2
:10FE200000000000000000000000000000000000D2
:10FE300000000000000000000000000000000000C2
:10FE400000000000000000000000000000000000B2
:10FE500000000000000000000000000000000000A2
:10FE60000000000000000000000000000000000092
:10FE70000000000000000000000000000000000082
:10FE80000000000000000000000000000000000072
:10FE90000000000000000000000000000000000062
:10FEA0000000000000000000000000000000000052
:10FEB0000000000000000000000000000000000042
:10FEC0000000000000000000000000000000000032
:10FED0000000000000000000000000000000000022
:10FEE0000000000000000000000000000000000012
:10FEF0000000000000000000000000000000000002
:10FF000000000000000000000000000000000000F1
:10FF100000000000000000000000000000000000E1
:10FF200000000000000000000000000000000000D1
:10FF300000000000000000000000000000000000C1
:10FF400000000000000000000000000000000000B1
:10FF500000000000000000000000000000000000A1
:10FF60000000000000000000000000000000000091
:10FF70000000000000000000000000000000000081
:10FF80000000000000000000000000000000000071
:10FF90000000000000000000000000000000000061
:10FFA0000000000000000000000000000000000051
:10FFB0000000000000000000000000000000000041
:10FFC0000000000000000000000000000000000031
:10FFD0000000000000000000000000000000000021
:10FFE0000000000000000000000000000000000011
:10FFF0000000000000000000000000000000000001
:020000040803EF
:1000000000000000000000000000000000000000F0
:1000100000000000000000000000000000000000E0
:1000200000000000000000000000000000000000D0
:1000300000000000000000000000000000000000C0
:10004000000020410000A04000000000000000006F
:1000500000000000000000000000000000000000A0
:100060000000000000000000000000000000000090
:100070000000000000000000000000000000000080
:100080000000000000000000000000000000000070
:100090000000000000000000000000000000000060
:1000A0000000000000000000000000000000000050
:1000B0000000000000000000000000000000000040
:1000C0000000000000000000000000000000000030
:1000D0000000000000000000000000000000000020
:1000E0000000000000000000000000000000000010
:1000F00000000000000000000000000017B7D13928
:10010000CDCCCC3ECDCC4C3E000020410000A040E8
:1001100000000000000000000000000000000000DF
:1001200000000000000000000000000000000000CF
:1001300000000000000000000000000000000000BF
:1001400000000000000000000000000000000000AF
:10015000000000000000000000000000000000009F
:10016000000000000000000000000000000000008F
:10017000000000000000000000000000000000007F
:10018000000000000000000000000000000000006F
:10019000000000000000000000000000000000005F
:1001A000000000000000000000000000000000004F
:1001B000000000000000000000000000000000003F
:1001C0000000000017B7D139CDCCCC3ECDCC4C3E91
:1001D000B59F02088804002000000000BCFC020853
:1001E000DCFC02089CFC020800000000000000008B
:1001F00000000000000000000000000000000000FF
:1002000000000000000000000000000000000000EE
:1002100000000000000000000000000000000000DE
:1002200000000000000000000000000000000000CE
:080230000000000000000000C6
:040000050800A8BD8A
:00000001FF
