:020000040800F2
:108000000000022065A8000835A2000839A2000877
:108010003DA2000841A2000845A20008000000009F
:10802000000000000000000000000000614C01089A
:1080300049A2000800000000F14C0108811D010860
:10804000B5A80008B5A80008B5A80008B5A800089C
:10805000B5A80008B5A80008B5A80008B5A800088C
:108060004DA20008B5A80008B5A800085DA2000848
:1080700079A20008B5A80008B5A80008B5A80008AE
:10808000B5A80008B5A80008B5A80008B5A800085C
:10809000B5A80008B5A80008B5A80008B5A800084C
:1080A000B5A80008B5A80008B5A80008B5A800083C
:1080B000B5A8000895A20008B5A80008A1A200086C
:1080C000B5A80008B5A80008B5A80008B5A800081C
:1080D000B5A80008ADA20008B5A80008B5A800081A
:1080E000B5A80008B5A80008B5A80008B5A80008FC
:1080F000B5A80008B5A80008B5A80008B5A80008EC
:10810000B5A80008B5A80008B5A80008B5A80008DB
:10811000B5A80008B5A80008B9A20008C5A20008C3
:10812000B5A80008B5A80008D9A20008B5A800089D
:10813000B5A800080000000000000000E5A200084B
:10814000F1A20008FDA20008B5A80008B5A8000823
:10815000B5A80008B5A8000809A30008B5A800083C
:1081600015A30008B5A80008B5A80008B5A8000820
:10817000B5A80008B5A80008B5A8000800000000D0
:1081800000000000B5A8000800000000000000008A
:10819000B5A800080000000000000000B5A8000815
:1081A000000000000000000000000000B5A800086A
:1081B000B5A80008B5A80008B5A80008B5A800082B
:0481C000B5A8000856
:1081D00010B5054C237833B9044B13B10448AFF301
:1081E00000800123237010BD500400200000000017
:1081F000B0A0020808B5034B1BB103490348AFF315
:10820000008008BD0000000054040020B0A0020857
:1082100001F0FF01102A2BDB10F0070F08D010F837
:10822000013B013A8B422DD010F0070F42B3F6D13B
:10823000F0B441EA012141EA014122F007047FF054
:1082400000070023F0E80256083C85EA010586EAAB
:10825000010685FA47F5A3FA87F586FA47F6A5FAE7
:1082600087F68EB9EED1F0BC01F0FF0102F00702F3
:1082700032B110F8013B013A83EA010313B1F8D19E
:108280000020704701387047002D06BF354603387F
:10829000073815F0010F07D1013015F4807F02BFB8
:1082A000013015F4C03F0130F0BC0138704700BF09
:1082B00070B54FF0FF0C4CF4E06C1CEA11541DBF7C
:1082C0001CEA135594EA0C0F95EA0C0F00F0DEF847
:1082D0002C4481EA030621EA4C5123EA4C5350EA2C
:1082E000013518BF52EA033541F4801143F480137D
:1082F00038D0A0FB02CE4FF00005E1FB02E506F00E
:108300000042E0FB03E54FF00006E1FB03569CF062
:10831000000F18BF4EF0010EA4F1FF04B6F5007F68
:1083200064F5407404D25FEA4E0E6D4146EB0606DA
:1083300042EAC62141EA55514FEAC52040EA5E5063
:108340004FEACE2EB4F1FD0C88BFBCF5E06F1ED80D
:10835000BEF1004F08BF5FEA500E50F1000041EB44
:10836000045170BD06F0004646EA010140EA0200F1
:1083700081EA0301B4EB5C04C2BFD4EB0C0541EA13
:10838000045170BD41F480114FF0000E013C00F328
:10839000AB8014F1360FDEBF002001F0004170BD4C
:1083A000C4F10004203C35DA0C341BDC04F1140465
:1083B000C4F1200500FA05F320FA04F001FA05F2F1
:1083C00040EA020001F0004221F0004110EBD370BE
:1083D00021FA04F642EB06015EEA430E08BF20EAEA
:1083E000D37070BDC4F10C04C4F1200500FA04F38D
:1083F00020FA05F001FA04F240EA020001F000411F
:1084000010EBD37041F100015EEA430E08BF20EA91
:10841000D37070BDC4F1200500FA05F24EEA020ED9
:1084200020FA04F301FA05F243EA020321FA04F008
:1084300001F0004121FA04F220EA020000EBD370BF
:108440005EEA430E08BF20EAD37070BD94F0000FBF
:108450000FD101F00046400041EB010111F4801FF3
:1084600008BF013CF7D041EA060195F0000F18BFA4
:10847000704703F00046520043EB030313F4801FE0
:1084800008BF013DF7D043EA0603704794EA0C0F9A
:108490000CEA135518BF95EA0C0F0CD050EA4106B0
:1084A00018BF52EA4306D1D181EA030101F000412D
:1084B0004FF0000070BD50EA410606BF1046194655
:1084C00052EA430619D094EA0C0F02D150EA013661
:1084D00013D195EA0C0F05D152EA03361CBF1046A2
:1084E00019460AD181EA030101F0004141F0FE4141
:1084F00041F470014FF0000070BD41F0FE4141F4C5
:10850000780170BD81F0004102E000BF83F00043BC
:1085100030B54FEA41044FEA430594EA050F08BF1E
:1085200090EA020F1FBF54EA000C55EA020C7FEAE2
:10853000645C7FEA655C00F0E2804FEA5454D4EB5F
:108540005555B8BF6D420CDD2C4480EA020281EA29
:10855000030382EA000083EA010180EA020281EA61
:108560000303362D88BF30BD11F0004F4FEA0131B3
:108570004FF4801C4CEA113102D0404261EB4101C2
:1085800013F0004F4FEA03334CEA133302D0524248
:1085900063EB430394EA050F00F0A780A4F1010404
:1085A000D5F1200E0DDB02FA0EFC22FA05F280183E
:1085B00041F1000103FA0EF2801843FA05F3594124
:1085C0000EE0A5F120050EF1200E012A03FA0EFCA3
:1085D00028BF4CF0020C43FA05F3C01851EBE371CD
:1085E00001F0004507D54FF0000EDCF1000C7EEBEA
:1085F00000006EEB0101B1F5801F1BD3B1F5001F28
:108600000CD349085FEA30004FEA3C0C04F1010446
:108610004FEA445212F5800F80F09A80BCF1004F6F
:1086200008BF5FEA500C50F1000041EB045141EAF1
:10863000050130BD5FEA4C0C404141EB0101013CBA
:1086400028BFB1F5801FE9D291F0000F04BF0146A9
:108650000020B1FA81F308BF2033A3F10B03B3F17B
:1086600020020CDA0C3208DD02F1140CC2F10C020B
:1086700001FA0CF021FA02F10CE002F11402D8BF69
:10868000C2F1200C01FA02F120FA0CFCDCBF41EA35
:108690000C019040E41AA2BF01EB0451294330BD04
:1086A0006FEA04041F3C1CDA0C340EDC04F11404E1
:1086B000C4F1200220FA04F001FA02F340EA0300B8
:1086C00021FA04F345EA030130BDC4F10C04C4F1FE
:1086D000200220FA02F001FA04F340EA03002946DE
:1086E00030BD21FA04F0294630BD94F0000F83F428
:1086F000801306BF81F480110134013D4EE77FEA0B
:10870000645C18BF7FEA655C29D094EA050F08BF56
:1087100090EA020F05D054EA000C04BF1946104637
:1087200030BD91EA030F1EBF0021002030BD5FEA7B
:10873000545C05D14000494128BF41F0004130BDA3
:1087400014F580043CBF01F5801130BD01F00045F7
:1087500045F0FE4141F470014FF0000030BD7FEA6A
:10876000645C1ABF194610467FEA655C1CBF0B4665
:10877000024650EA013406BF52EA033591EA030F7C
:1087800041F4002130BD00BF90F0000F04BF002174
:10879000704730B54FF4806404F132044FF00005A7
:1087A0004FF0000150E700BF90F0000F04BF002120
:1087B000704730B54FF4806404F1320410F0004586
:1087C00048BF40424FF000013EE700BF42004FEA81
:1087D000E2014FEA31014FEA02701FBF12F07F43FE
:1087E00093F07F4F81F06051704732F07F4208BFB5
:1087F000704793F07F4F04BF41F40021704730B5BC
:108800004FF4607401F0004521F000411CE700BF07
:1088100050EA010208BF704730B54FF000050AE08A
:1088200050EA010208BF704730B511F0004502D58B
:10883000404261EB41014FF4806404F132045FEA8D
:10884000915C3FF4D8AE4FF003025FEADC0C18BF36
:1088500003325FEADC0C18BF033202EBDC02C2F128
:10886000200300FA03FC20FA02F001FA03FE40EABA
:108870000E0021FA02F11444BDE600BF4FEA4102A6
:10888000B2F1E04324BFB3F5001CDCF1FE5C0DD96E
:1088900001F0004C4FEAC0024CEA5070B2F1004FB8
:1088A00040EB830008BF20F00100704711F0804FBB
:1088B00021D113F13872BCBF01F00040704741F480
:1088C00080114FEA5252C2F11802C2F1200C10FA84
:1088D0000CF320FA02F018BF40F001004FEAC12368
:1088E0004FEAD32303FA0CFC40EA0C0023FA02F30C
:1088F0004FEA4303CCE77FEA625307D150EA0133E2
:108900001EBF4FF0FE4040F44000704701F00040B1
:1089100040F0FE4040F40000704700BF80F000408F
:1089200002E000BF81F0004142001FBF5FEA410347
:1089300092EA030F7FEA226C7FEA236C6AD04FEA47
:108940001262D2EB1363C1BFD2184140484041408C
:10895000B8BF5B42192B88BF704710F0004F40F43E
:10896000000020F07F4018BF404211F0004F41F45A
:10897000000121F07F4118BF494292EA030F3FD026
:10898000A2F1010241FA03FC10EB0C00C3F1200339
:1089900001FA03F100F0004302D5494260EB4000C8
:1089A000B0F5000F13D3B0F1807F06D340084FEA33
:1089B000310102F10102FE2A51D2B1F1004F40EB28
:1089C000C25008BF20F0010040EA03007047490090
:1089D00040EB0000013A28BFB0F5000FEDD2B0FA2D
:1089E00080FCACF1080CB2EB0C0200FA0CF0AABF50
:1089F00000EBC25052421843BCBFD04018437047EE
:108A000092F0000F81F4000106BF80F400000132F3
:108A1000013BB5E74FEA41037FEA226C18BF7FEACA
:108A2000236C21D092EA030F04D092F0000F08BF0C
:108A30000846704790EA010F1CBF0020704712F0F3
:108A40007F4F04D1400028BF40F00040704712F132
:108A500000723CBF00F50000704700F0004343F097
:108A6000FE4040F4000070477FEA226216BF0846CD
:108A70007FEA23630146420206BF5FEA412390EA90
:108A8000010F40F4800070474FF0000304E000BF86
:108A900010F0004348BF40425FEA000C08BF704737
:108AA00043F0964301464FF000001CE050EA0102FB
:108AB00008BF70474FF000030AE000BF50EA010210
:108AC00008BF704711F0004302D5404261EB4101FD
:108AD0005FEA010C02BF84460146002043F0B64322
:108AE00008BFA3F18053A3F50003BCFA8CF2083A47
:108AF000A3EBC25310DB01FA02FC634400FA02FC50
:108B0000C2F12002BCF1004F20FA02F243EB020056
:108B100008BF20F00100704702F1200201FA02FCB8
:108B2000C2F1200250EA4C0021FA02F243EB0200AB
:108B300008BF20EADC70704753B94AB9002908BF62
:108B400000281CBF4FF0FF314FF0FF3000F094B908
:108B5000ADF1080C6DE904CE00F026F8DDF804E074
:108B6000DDE9022304B07047D0B5FFF72FFE0C4BB0
:108B7000002206460F46FFF79BFB00F07FF90446F4
:108B8000FFF702FE074B0022FFF792FB02460B465F
:108B900030463946FFF7BAFC00F070F92146D0BDE7
:108BA0000000F03D0000F0412DE9F047089D04462B
:108BB0008E46002B4DD18A42944669D9B2FA82F290
:108BC00052B101FA02F3C2F1200120FA01F10CFACC
:108BD00002FC41EA030E94404FEA1C48210CBEFB04
:108BE000F8F61FFA8CF708FB16E341EA034306FB8D
:108BF00007F199420AD91CEB030306F1FF3080F01C
:108C00001F81994240F21C81023E63445B1AA4B268
:108C1000B3FBF8F008FB103344EA034400FB07F70A
:108C2000A7420AD91CEB040400F1FF3380F00A814B
:108C3000A74240F207816444023840EA0640E41B40
:108C400000261DB1D4400023C5E900433146BDE8EC
:108C5000F0878B4209D9002D00F0EF800026C5E98E
:108C6000000130463146BDE8F087B3FA83F6002EA6
:108C70004AD18B4202D3824200F2F980841A61EB1E
:108C8000030301209E46002DE0D0C5E9004EDDE73C
:108C900002B9FFDEB2FA82F2002A40F09280A1EB24
:108CA0000C014FEA1C471FFA8CFE0126200CB1FB79
:108CB000F7F307FB131140EA01410EFB03F0884272
:108CC00008D91CEB010103F1FF3802D2884200F2FF
:108CD000CB804346091AA4B2B1FBF7F007FB101191
:108CE00044EA01440EFB00FEA64508D91CEB04042F
:108CF00000F1FF3102D2A64500F2BB800846A4EB8A
:108D00000E0440EA03409CE7C6F12007B34022FA74
:108D100007FC4CEA030C20FA07F401FA06F31C43A3
:108D2000F9404FEA1C4900FA06F3B1FBF9F8200CB0
:108D30001FFA8CFE09FB181140EA014108FB0EF0F6
:108D4000884202FA06F20BD91CEB010108F1FF3A46
:108D500080F08880884240F28580A8F10208614452
:108D6000091AA4B2B1FBF9F009FB101144EA014160
:108D700000FB0EFE8E4508D91CEB010100F1FF340B
:108D80006CD28E456AD90238614440EA0840A0FBA3
:108D90000294A1EB0E01A142C846A64656D353D079
:108DA0005DB1B3EB080261EB0E0101FA07F722FA9D
:108DB00006F3F1401F43C5E9007100263146BDE8C6
:108DC000F087C2F12003D8400CFA02FC21FA03F329
:108DD000914001434FEA1C471FFA8CFEB3FBF7F0AA
:108DE00007FB10360B0C43EA064300FB0EF69E42CF
:108DF00004FA02F408D91CEB030300F1FF382FD268
:108E00009E422DD9023863449B1B89B2B3FBF7F60F
:108E100007FB163341EA034106FB0EF38B4208D9E8
:108E20001CEB010106F1FF3816D28B4214D9023E29
:108E30006144C91A46EA004638E72E46284605E747
:108E40000646E3E61846F8E64B45A9D2B9EB020818
:108E500064EB0C0E0138A3E74646EAE7204694E7A8
:108E60004046D1E7D0467BE7023B614432E73046DB
:108E700009E76444023842E7704700BF4A0011D254
:108E800012F5001211D20DD56FF47873B3EB625264
:108E90000ED44FEAC12343F0004343EA505323FA70
:108EA00002F070474FF00000704750EA013002D1E5
:108EB0004FF0FF3070474FF00000704730B5294B3E
:108EC00002688BB000249A42CDE90444CDE90644FF
:108ED000089401D00BB030BD03F5E83301941A6C4F
:108EE000214842F080621A641A6C02F0806201929A
:108EF000019A02941A6C42F000721A641A6C02F021
:108F000000720292029A03941A6B42F002021A63F0
:108F10001B6B03F00203039360220223CDE90423B9
:108F200004A909230322CDE90723039D02F0F8FFDA
:108F3000224605213F2002F0E5F83F2002F020F90B
:108F400022460521402002F0DDF8402002F018F909
:108F500022460521412002F0D5F8412002F010F907
:108F60000BB030BD006800400004024008B5026844
:108F70000E4B9A4200D008BD03F5E83360211A6C0D
:108F80000B4822F080621A641A6C22F000721A6494
:108F900003F0D8F83F2002F001F9402002F0FEF87B
:108FA000BDE80840412002F0F9B800BF0068004069
:108FB00000040240054808B5054B036002F002F9C1
:108FC00000B908BDBDE8084000F0B0BFD0040020E3
:108FD000003002400B4B02689A4200D0704782B0CA
:108FE00000220192D3F8302842F48052C3F830288E
:108FF00003F500631B6B03F480530193019B02B0E4
:10900000704700BF0030024000B583B01B4B002208
:109010000092186B40F480001863186B00F4800015
:10902000009000980192186B40F4001018631B6BBD
:1090300003F40013052101930B20019B02F062F859
:109040000B2002F09DF8002205210C2002F05AF8B6
:109050000C2002F095F8002205213A2002F052F887
:109060003A2002F08DF800224620052102F04AF84D
:10907000462003B05DF804EB02F082B800380240ED
:1090800010B51148114C124900230122C0E90041DA
:10909000C0E90232C0E90433C0E90633036202F0DA
:1090A0000BFD28B90848002102F010FF40B910BD9F
:1090B00000F03CFF0448002102F008FF0028F6D031
:1090C000BDE8104000F032BFD8040020006000402E
:1090D0005016400030B504469FB000215C2207A81E
:1090E000CDE90211CDE9041106911FF0FBFE1A4BE8
:1090F00022689A4201D01FB030BD802307A8079391
:1091000004F096FE28BB154C154800250095236BEE
:1091100043F004032363236B03F004030093C02292
:109120001223CDE9022301220323CDE9042302A95E
:1091300004230693009A02F0F3FE0195236C43F09A
:1091400080732364236C03F080730193019B1FB031
:1091500030BD00F0EBFED6E7006000400038024072
:109160000008024008B5044C20684FF0FF3109F0B8
:1091700019F816F015FDF7E7CC08002008B5044CE7
:1091800020684FF0FF3109F00DF816F00BFDF7E7FE
:109190002009002008B5044C20684FF0FF3109F089
:1091A00001F816F03BFDF7E77808002030B50A4DCE
:1091B00083B0002428688DF807404FF0FF33002269
:1091C0000DF1070109F0BEF80028F3D19DF8070062
:1091D00016F06EFDEEE700BFD805002070B50A4E10
:1091E00082B00024002530684FF0FF33002269462A
:1091F000CDE9004509F0A6F80028F4D1DDE9000129
:1092000016F07EFFEFE700BF7C05002008B5044C98
:1092100020684FF0FF3108F0C5FF16F099FDF7E721
:109220007409002008B516F077FEFCE72DE9F0413F
:109230000026274FDFF8A080264C354613E0D8F8EB
:109240000000052108F0AEFFB8B90FF03BFC236821
:109250005A0718D1D5B1052E1FD00136F6B2012517
:1092600023680133236038684FF0FF3108F09AFF1C
:1092700000200FF0AFFB0028E1D0002010F052FAE0
:1092800023685A07E6D0002DEBD0E4E7284610F01B
:10929000D7F9B8B901263546E2E7002010F088F981
:1092A00050B9D8F80000314608F07CFF054618B9DF
:1092B00011F06CFE0626D3E7002010F05DFD0626B7
:1092C0000025CDE7284610F057FD2368C9E700BF09
:1092D000C8090020888600202C0600202DE9F041D6
:1092E0000026284FDFF8A480274C354614E0D8F834
:1092F0000000052108F056FFC0B901200FF0E2FB85
:1093000023685A0718D1D5B1052E1FD00136F6B201
:10931000012523680133236038684FF0FF3108F0DE
:1093200041FF01200FF056FB0028E0D0012010F093
:10933000F9F923685A07E6D0002DEBD0E4E70120C5
:1093400010F07EF9C0B901263546E2E7012010F0A1
:109350002FF958B9D8F80000314608F023FF054628
:1093600020B9012011F012FE0626D2E7012010F0EC
:1093700003FD06260025CCE7012010F0FDFC236844
:10938000C8E700BF1C0A0020848600208006002059
:1093900008B5044C20684FF0FF3108F003FF16F0C9
:1093A000BDFDF7E72408002008B5054C20684FF004
:1093B000FF3108F0F7FE002016F0BEFDF6E700BF13
:1093C0008406002008B5054C20684FF0FF3108F0F6
:1093D000E9FE012016F0B0FDF6E700BF8806002088
:1093E00008B5044C20684FF0FF3108F0DBFE16F0A2
:1093F000B9FDF7E77C07002008B5044C20684FF062
:10940000FF3108F0CFFE16F0BBFDF7E7D0070020D4
:1094100008B5034C16F0C6FD206808F06BFDF9E7AF
:10942000FC640020294B10B5294C186808F0EEFEAA
:109430002368284A03FB02F2B2F1333F18D9254AC8
:10944000254903FB02F2B1EB720F39D2214A2349BD
:1094500003FB02F2B1EBF20F2CD221482149DA1CB6
:1094600000FB02F2B1EBB20F14D20133236010BD46
:109470001D4B186808F0CAFE1C4B186808F0C6FEA1
:109480001B4B186808F0C2FE1A4B186808F0BEFEA5
:109490002368D4E7184B186808F0B8FE174B186813
:1094A00008F0B4FE164B186808F0B0FE23680133CC
:1094B000236010BD134B186808F0A8FE2368CCE7A2
:1094C000114B186808F0A2FE2368BFE7740900205A
:1094D00080860020CDCCCCCC999999196666660619
:1094E000295C8FC2285C8F022009002024080020FC
:1094F000C80900201C0A00208406002088060020DD
:10950000D00700207C0700207808002010B57D4A95
:109510000021012008F0F2FD7B4B7C4A044600212B
:1095200001201C6008F0EAFD794B7A4A04460021CC
:1095300001201C6008F0E2FD774B784A04460021C8
:1095400001201C6008F0DAFD754B764A04460021C4
:1095500001201C6008F0D2FD734B744A04460021C0
:1095600001201C6008F0CAFD714B724A04460021BC
:1095700001201C6008F0C2FD6F4B704A04460021B8
:1095800001201C6008F0BAFD6D4B6E4A04460021B4
:1095900001201C6008F0B2FD6B4B6C4A04460021B0
:1095A00001201C6008F0AAFD694B6A4A04460021AC
:1095B00001201C6008F0A2FD674B684A04460021A8
:1095C00001201C6008F09AFD654B664A04460021A4
:1095D00001201C6008F092FD634C644B2060002267
:1095E0000121634808F0A4FC624B0121186008F0D7
:1095F000DFFC614A0121082008F034FE5F4B604A1D
:109600000446082101201C6008F02CFE5D4B5E4AD8
:10961000044600215D481C6008F0ECFB5C4B5D4A91
:10962000044600215C481C6008F0E4FB5B4B5C4A8C
:10963000044600215B481C6008F0DCFB5A4B5B4A87
:10964000044600215A481C6008F0D4FB594B5A4A82
:109650000446002159481C6008F0CCFB584B594A7D
:109660000446002158481C6008F0C4FB574B584A78
:109670000446002157481C6008F0BCFB564B574A73
:109680000446002156481C6008F0B4FB554B564A6E
:109690000446002155481C6008F0ACFB544B554A69
:1096A0000446002154481C6008F0A4FB534B544A64
:1096B0000446002153481C6008F09CFB524B534A5F
:1096C0000446002152481C6008F094FB514B524A5A
:1096D0000446002151481C6008F08CFB504B514A55
:1096E0000446002150481C6008F084FB4F4B504A50
:1096F000044600214F481C6008F07CFB4E4B18606C
:1097000010BD00BFC4A40208CC080020D4A40208E5
:1097100020090020B4A4020878080020E4A402086C
:1097200074090020F4A40208C809002004A5020856
:109730001C0A002044A402082C06002054A402089D
:1097400080060020A4A402082408002064A40208C3
:109750008406002074A402088806002084A402085D
:109760007C07002094A40208D007002030A702083C
:10977000259400087C8600202CA40208D80500202F
:1097800014A402087C05002038A502086591000891
:10979000BC4D00205CA502087D9100088C5600207D
:1097A00014A5020895910008EC4A00200CA70208B5
:1097B000AD9100084C860020C4A60208DD91000887
:1097C000AC780020A4A502080D9200082C600020AF
:1097D00080A50208259200085C5B002058A60208BC
:1097E0002D920008706D00207CA60208DD92000812
:1097F000746D0020E8A60208919300087C81002087
:10980000ECA50208A9930008CC67002010A6020866
:10981000C59300089C6A002034A60208E193000862
:109820006C6D0020A0A60208F9930008DC750020EA
:10983000C8A5020811940008FC6400200000000084
:109840002DE9F04F2DED048B00248DB0CDE90644B9
:10985000CDE90844704B01940A941A6B6F4D704E19
:10986000704F42F004021A631A6B02F00402019274
:10987000019A02941A6B42F080021A631A6B02F08A
:1098800080020292029A03941A6B42F001021A6358
:109890001A6B02F001020392039A04941A6B42F0CD
:1098A00002021A631A6B02F002020492049A0594EF
:1098B0001A6B42F008021A631B6B03F0080305934E
:1098C000224628464FF40041059B02F0EDFC284655
:1098D000012240F2311102F0E7FC2246304641F20B
:1098E000020102F0E1FC3046012248F2100102F0D0
:1098F000DBFC384641F20101012202F0D5FC224690
:10990000384644F2920102F0CFFC9FED3F9B06A93E
:1099100028464FF480420023CDE906234FF000088B
:109920004FF00009089402F0FBFA48F220120123DC
:1099300006A92846CDE906234FF0000A4FF0010B97
:10994000CDE9088902F0ECFA06A928469FED308B94
:109950008DED069BCDE908AB02F0E2FA06A9304690
:1099600001220023CDE90623089402F0D9FA06A9C2
:10997000304641F212020123CDE90623CDE90889E0
:1099800002F0CEFA10220123284606A9CDE90623CB
:109990008DED088B02F0C4FA06A938468DED069BC2
:1099A0008DED088B02F0BCFA384606A945F292020A
:1099B0000123CDE90623CDE9088902F0B1FA06A911
:1099C00030464FF400420123CDE90623CDE908AB30
:1099D00002F0A6FA4FF4881306A90422124808944C
:1099E000CDE9062302F09CFA22460521082001F069
:1099F00089FB082001F0C4FB0DB0BDEC048BBDE871
:109A0000F08F00BFAFF300800100000001000000F4
:109A10000000000002000000003802400008024080
:109A20000000024000040240000C024010B50B4848
:109A30000B4C0C4900234FF48042C0E90041C0E9BF
:109A40000233C0E90423C0E90633036202F03EFC9E
:109A500000B910BDBDE8104000F068BA4C87002086
:109A600000540040801A060010B50B480B4C0C49FE
:109A700000234FF48042C0E90041C0E90233C0E94D
:109A80000423C0E90633036202F020FC00B910BDD4
:109A9000BDE8104000F04ABAA087002000580040FE
:109AA000801A060010B50B480B4C0C4900234FF4EC
:109AB0008042C0E90041C0E90233C0E90423C0E9A3
:109AC0000633036202F002FC00B910BDBDE810408D
:109AD00000F02CBAF4870020005C0040801A0600D9
:109AE000F0B50368794A8FB000249342CDE9084469
:109AF000CDE90A4405460C9408D0754A934249D0F2
:109B0000744A934200F082800FB0F0BD724F00940F
:109B10003B6B7248724E43F002033B633B6B03F0B6
:109B200002030093009B4FF440721223CDE90823F7
:109B300008A903220423CDE90B2302F0F1F90194D3
:109B40003B6C684A43F400133B643B6CB46003F421
:109B5000001301934FF00073C6E9002330464FF421
:109B60008063C6E90343C6E90544C6E90744019991
:109B7000746201F055FB002840F0A280AE63002221
:109B800005211F20B56301F0BDFA1F2001F0F8FA8E
:109B90000FB0F0BD504D02942B6B504843F00203C0
:109BA0002B632B6B03F002030293029B03942B6B3A
:109BB00043F004032B632B6B03F0040303934FF474
:109BC00080621223CDE90823042608A903230B93FE
:109BD0000C96039B02F0A4F94FF480521223CDE9B6
:109BE000082341480C960022032308A9CDE90A2343
:109BF00002F096F904942B6C43F480032B642B6CD5
:109C000003F480030493049B0FB0F0BD324F05941E
:109C10003B6B354843F004033B633B6B03F00403A9
:109C20000593059B06943B6B43F001033B633B6B41
:109C300003F0010306934FF40072069B1223CDE953
:109C400008230426032308A90C960B9302F068F955
:109C50004FF480721223CDE9082324480C96002289
:109C6000032308A9CDE90A2302F05AF907943B6CB3
:109C70001F4E204AB46043F400033B643B6CF46025
:109C800003F4000307934FF00073C6E90023304646
:109C90004FF48063C6E90434C6E90644C6E90844C3
:109CA000079901F0BDFA70B9AE6300220521482082
:109CB000B56301F027FA482001F062FA0FB0F0BD59
:109CC00000F034F95AE700F031F9EDE700540040B4
:109CD00000580040005C0040003802400004024090
:109CE0008C86002010600240000802400000024004
:109CF000EC86002028600240274A0368934210B592
:109D0000044606D0254A93421BD0254A93422AD0C6
:109D100010BD02F5F2322348136C23F400131364D0
:109D20004FF4807102F00EFA1E484FF4007102F0F9
:109D300009FAA06B01F00CFBBDE810401F2001F0F8
:109D40002DBA02F5F0321748136C23F480034FF458
:109D50008061136402F0F6F9BDE8104012484FF438
:109D6000805102F0EFB902F5EE320F48136C23F484
:109D7000000313644FF4007102F0E4F90B484FF450
:109D8000807102F0DFF9A06B01F0E2FABDE810404B
:109D9000482001F003BA00BF0054004000580040C2
:109DA000005C004000040240000802400000024045
:109DB00010B5002396B0CDE90A33CDE90C33CDE9D7
:109DC0000233CDE90433284900930693086C274AEF
:109DD00040F080500864096C01F0805100910099B6
:109DE0000193116841F44041116012689FED1A7BA4
:109DF000022302F440424FF480000192CDE90E307C
:109E00000821B42208A88DED087BCDE91123CDE906
:109E10001333019C109104F063FA08B172B6FEE7A7
:109E200003F0EAFE08B172B6FEE79FED0D7B4FF43A
:109E3000A0530022CDE9042302A84FF4805305214A
:109E40008DED027B069303F013FF08B172B6FEE7B7
:109E500016B010BDAFF3008001000000000001004B
:109E60000F000000020000000038024000700040B7
:109E700008B51C4B01221A6000F01EFDFFF798FF89
:109E8000FFF7DEFCFFF7C0F800F0B4FA00F054FB77
:109E900000F08EFB00F090F8FFF78CF800F06AF805
:109EA00000F048FCFFF7ECF800F042F8FFF7DCFDAB
:109EB000FFF7BCFDFFF7F6FD00F0D6FA0A4805F003
:109EC00005F80A4805F002F809490A480DF036FB82
:109ED0000DF05AFB07F062FFFFF718FB07F070FF69
:109EE000FEE700BF080000209C8900202C8A00208B
:109EF000BC8A00207C8B002008B572B6054B026836
:109F00009A4201D062B608BD08460DF0EDFA62B67D
:109F100008BD00BF00100140034B02689A4200D008
:109F2000704700F0E3BC00BF0010004072B6FEE7CF
:109F30000E480F494FF4827210B50023C0E9001299
:109F40004FF4007410210A22C0E90233C0E904333F
:109F5000C0E90641C0E90833C0E90A3204F026FC32
:109F600000B910BDBDE81040FFF7E0BF48880020F1
:109F7000003001400E480F494FF4827210B50023A3
:109F8000C0E900124FF4007410210A22C0E9023324
:109F9000C0E90433C0E90641C0E90833C0E90A3228
:109FA00004F004FC00B910BDBDE81040FFF7BEBFCF
:109FB000A0880020003800400E480F494FF48272FC
:109FC00010B50023C0E900124FF4007410210A22DA
:109FD000C0E90233C0E90433C0E90641C0E90833EF
:109FE000C0E90A3204F0E2FB00B910BDBDE8104040
:109FF000FFF79CBFF8880020003C004000000000F4
:10A0000010B5026854498EB000238A42CDE9083366
:10A01000CDE90A330C9307D050498A4227D05049E2
:10A020008A425FD00EB010BD4E4A0193506C40F48E
:10A0300080505064506C00F480500190019802935D
:10A04000136B494843F001031363136B9FED3E7B91
:10A0500003F0010302930322052308A98DED087B79
:10A06000CDE90B23029C01F05BFF0EB010BD3D4A11
:10A070000393116C3D4841F480411164116C01F46B
:10A080008041039103990493116B41F00401116322
:10A09000116B01F00401049104990593136B43F0D3
:10A0A00002031363136B03F0020305930C220223D4
:10A0B000CDE90823052408A90323CDE90B34059A2B
:10A0C00001F02EFF4FF400520223CDE90823284867
:10A0D0000C940022032308A9CDE90A2301F020FFF4
:10A0E0000EB010BD1F4A0693116C204841F4004188
:10A0F0001164116C01F40041069106990793136BEA
:10A1000043F004031363136B03F004030793022269
:10A110000223CDE9082308A903220523CDE90B2357
:10A12000079C01F0FDFE9FED0A7B00220323CDE991
:10A130000A230E48062308A98DED087B0C9301F035
:10A14000EFFE0EB010BD00BFE000000002000000F6
:10A15000000C000002000000003001400038004008
:10A16000003C00400038024000000240000802406D
:10A170000004024082B00E4B00220092596C41F460
:10A1800080415964586C00F480400090009801921E
:10A19000186C40F0805018641B6C03F080530193DE
:10A1A000019B0F216FF0010002B000F0ABBF00BFB8
:10A1B0000038024030B5014689B00022362000F058
:10A1C000A1FF362000F0DCFF0025164B02951A6C2B
:10A1D000154C42F010021A641B6C03F0100301A925
:10A1E00003A80293029B03F001FE03F0DFFD0F4A78
:10A1F0000F4921604300A2FB03239B0C013B40F26B
:10A20000E7322046C4E903256360A56004F0D0FD71
:10A2100010B1012009B030BD204604F08FFE09B016
:10A2200030BD00BF003802405089002083DE1B4350
:10A2300000100040FEE700BFFEE700BFFEE700BFE2
:10A24000FEE700BFFEE700BF704700BF08B515F08E
:10A2500041FCBDE80840042002F02CB808B50448D1
:10A2600001F052F9034B1868BDE8084007F0CEBF73
:10A270008C8600202C06002008B5044801F044F923
:10A28000034B1868BDE8084007F0C0BFEC8600200B
:10A2900080060020014805F057BA00BFE48900207D
:10A2A000014802F0F3BF00BF4C870020014805F0D1
:10A2B00079BF00BF7C8B0020014805F045BA00BF84
:10A2C0005089002008B514F0A7FEBDE808400148F9
:10A2D00005F03ABA748A0020014801F015B900BFB0
:10A2E000BC8A0020014800F0CFBD00BF6C040020F4
:10A2F000014800F0C9BD00BF6C040020014800F017
:10A30000C3BD00BF6C040020014801F0FDB800BFD0
:10A310001C8B0020014802F0B9BF00BFF487002069
:10A320000120704708B51EF06FFC162303604FF044
:10A33000FF3008BD08B51EF067FC16230360FEE77A
:10A3400070B5161E07DD0C468D19AFF3008004F8BA
:10A35000010BA542F9D1304670BD00BF70B5161E85
:10A3600007DD0C468D1914F8010BAFF30080AC42E9
:10A37000F9D1304670BD00BF4FF0FF30704700BFCD
:10A380004FF400534B600020704700BF012070471E
:10A390000020704710B50C4C0C4B0D492268591A1F
:10A3A0002AB11044884207D82060104610BD094ADF
:10A3B000226010448842F7D91EF026FC0C234FF08F
:10A3C000FF320360104610BD988900200000022073
:10A3D0000004000000050120044B0549D3F8882043
:10A3E00042F47002C3F888209960704700ED00E0E5
:10A3F0000080000800B51B484FF0804202605922DF
:10A40000002387B042604FF0FF32CDE90233CDE93F
:10A410000433CDE90033C0E902320361836104F003
:10A42000C7FC98B94FF480530E48029302A905F077
:10A4300049F898B9202200230A486946CDE900234B
:10A4400005F02CFA28B907B05DF804FBFFF76EFDA4
:10A45000E8E7FFF76BFD07B05DF804FBFFF766FD6B
:10A46000E8E700BF9C89002000B53148314A8FB031
:10A470000023CDE90233CDE90433CDE90033CDE942
:10A480000633CDE90833CDE90A330C9383600361C9
:10A49000836140F23F63C0E900234FF6FF73C3605E
:10A4A00004F086FC48BB4FF480532148029302A974
:10A4B00005F008F890BB1E4804F07EFD58BB002252
:10A4C00000231B486946CDE9002305F0E7F9F8B9F8
:10A4D0009FED157B00221648089206A98DED067B9C
:10A4E0000A9204F007FF80B91148042206A904F07B
:10A4F00001FF28B90FB05DF804FBFFF717FDD2E7A5
:10A50000FFF714FD0FB05DF804FBFFF70FFDEBE75D
:10A51000FFF70CFDDCE7FFF709FDD0E7FFF706FDCD
:10A52000C9E700BFAFF3008000000000000000009A
:10A53000E48900200004004000B51B481B4A02606B
:10A5400089B000234FF0FF32CDE90233CDE9043367
:10A55000CDE90033C0E90133C0E9032306938361E9
:10A5600004F026FCA0B9072200230F4802A9CDE978
:10A57000022305F057F898B9002200230A486946DB
:10A58000CDE9002305F08AF928B909B05DF804FB8C
:10A59000FFF7CCFCE7E7FFF7C9FC09B05DF804FB67
:10A5A000FFF7C4FCE8E700BF2C8A0020000C004045
:10A5B00000B51248124943F66522002383B0C0E972
:10A5C00000120122CDE90033C0E90232836104F0B8
:10A5D000EFFB58B90022002308486946CDE9002363
:10A5E00005F05CF928B903B05DF804FBFFF79EFCA9
:10A5F000F0E7FFF79BFC03B05DF804FB748A0020D2
:10A600000014004000B50368B3F1804F85B00BD053
:10A61000294A934227D0294A934215D0284A934287
:10A6200037D005B05DF804FB03F50E33002200922D
:10A630001A6C42F001021A641B6C03F001030093D0
:10A64000009B05B05DF804FB1E4B002202921A6CC1
:10A6500042F008021A641B6C03F008030293029B89
:10A6600005B05DF804FB174B00220192196C41F014
:10A67000020119641B6C03F002031D2001930521E4
:10A68000019B00F03FFD1D2005B05DF804EB00F0DC
:10A6900077BD0C4B00220392196C41F02001196424
:10A6A0001B6C03F02003372003930221039B00F06F
:10A6B00029FD3720E8E700BF00040040000C0040FF
:10A6C00000140040003802400368B3F1804F09D005
:10A6D000144A934213D0144A934209D0134A934226
:10A6E00016D07047124A136C23F0010313647047AD
:10A6F00002F50B32136C23F008031364704702F564
:10A700000D321D20136C23F00203136400F046BDCC
:10A7100002F509323720136C23F02003136400F094
:10A720003DBD00BF00040040000C0040001400408C
:10A730000038024010B50B480B4C00234FF4E131B8
:10A740000C22C0E90041C0E90233C0E90432C0E98B
:10A75000063305F0E7F800B910BDBDE81040FFF77B
:10A76000E5BB00BF7C8B00200010014070B5374B6B
:10A77000026888B000249A42CDE90244CDE904443D
:10A78000069401D008B070BD03F5943300945A6C60
:10A790002F4E42F010025A645A6C02F010020092DE
:10A7A000009A01941A6B42F001021A631B6B03F0CA
:10A7B000010301934FF4C0620223CDE90223032376
:10A7C00005930546019B2348072302A9069301F040
:10A7D000A7FB214A74624FF00063C6E900233046AC
:10A7E00040224FF48063C6E90224C6E90544C6E965
:10A7F0000744336100F014FD10BB184C18496E6318
:10A800004FF000620023C4E9001220464FF480623A
:10A81000C4E90233C4E90423C4E90633C4E90833B4
:10A82000B56300F0FDFC70B9AC6300220521252062
:10A83000A56300F067FC252000F0A2FC08B070BD05
:10A84000FFF774FBD9E7FFF771FBEDE7001001405C
:10A850001C8B002000000240B8640240BC8A00202B
:10A8600040640240DFF834D00D480E490E4A002300
:10A8700002E0D458C4500433C4188C42F9D30B4AB4
:10A880000B4C002301E013600432A242FBD3FFF71C
:10A89000A3FD1EF0C7FAFFF7EBFA70470000022095
:10A8A000000000205004002014E80208500400209A
:10A8B000FC040120FEE7000008B50B4B1A6842F4C7
:10A8C00000721A601A6842F480621A601A6842F4D0
:10A8D00080721A60032000F003FC0F20FFF76AFC6F
:10A8E000FFF748FC002008BD003C0240034A044B2F
:10A8F00011681B780B441360704700BFC08B0020A9
:10A9000004000020014B1868704700BFC08B002076
:10A9100038B50446FFF7F6FF631C054602D0044B2A
:10A920001B781C44FFF7EEFF431BA342FAD338BD4C
:10A9300004000020024B1868C0F30B00704700BFF2
:10A94000002004E0014BD3F8100A70470070FF1F8D
:10A95000014BD3F8140A70470070FF1F014BD3F866
:10A96000180A70470070FF1F704700BF704700BF94
:10A97000704700BF704700BF704700BF704700BFFF
:10A98000704700BF704700BF002800F0988038B5BE
:10A9900090F820300446002B72D02268136843F0F0
:10A9A00001031360FFF7AEFF054604E0FFF7AAFFBF
:10A9B000431B0A2B5BD823685A68D107F6D51A685F
:10A9C00022F002021A60FFF79DFF054604E0FFF740
:10A9D00099FF401B0A284AD823685A689207F6D480
:10A9E000227E012A1A680CBF42F0800222F0800207
:10A9F0001A60627E012A1A680CBF42F0400222F0FF
:10AA000040021A60A27E012A1A680CBF42F020029E
:10AA100022F020021A60E27E012A1A680CBF22F09E
:10AA2000100242F010021A60227F012A1A680CBF3D
:10AA300042F0080222F008021A60627F012A1A68B6
:10AA40000CBF42F0040222F004021A60D4E9022092
:10AA5000216902430A4360696168024301390A437C
:10AA600000200121DA61606284F8201038BD636A39
:10AA7000052243F40033636284F82020012038BDAE
:10AA80001149124AC36D1248C4E91012114A124901
:10AA9000C4E91202114A1248C4E90A12114A1249C1
:10AAA000C4E90C02114A1248C4E90E121149124AB3
:10AAB000A265C4E9140123B1204698476DE701203F
:10AAC00070470E4BE365F7E78116010879A9000886
:10AAD000111801087DA90008AD11010849130108EA
:10AAE000E51401086DA9000871A9000875A90008FE
:10AAF00081A9000885A9000869A90008BD8E000881
:10AB000090F82020013A012A06D9426A034642F40D
:10AB1000802201205A627047414BD3F8002230B4A2
:10AB200001242243C3F80022D3F8002222F47C52ED
:10AB3000C3F80022D3F80022486A42EA0022C3F890
:10AB400000224A6902F01F0004FA00F0D3F81C4208
:10AB500024EA0004C3F81C42CD69C443002D45D14A
:10AB6000D3F80C522540C3F80C52D200CD688B8824
:10AB700002F1804202F5C84243EA0543C2F840327E
:10AB80008D680B8843EA0543C2F844328B69244A36
:10AB900033BBD2F804322340C2F804320B69C3B984
:10ABA0001F4BD3F814221440C3F814420B6A012B34
:10ABB00005D11B4AD2F81C321843C2F81C02184AAD
:10ABC000D2F8003223F00103002030BCC2F800327A
:10ABD0007047134AD2F814320343C2F81432E5E73F
:10ABE000D2F804320343C2F80432D7E7012DCDD1A5
:10ABF000D3F80C520543C3F80C52D2000D688B8871
:10AC000002F1804202F5C84243EA0543C2F84032ED
:10AC10008D688B8943EA0543C2F84432B6E700BF2A
:10AC20000064004070B590F82030012B044606D037
:10AC3000436A012643F400234362304670BD026834
:10AC4000DEB2022380F82030136823F00103136082
:10AC5000FFF758FE054604E0FFF754FE431B0A2B9E
:10AC600008D823685B6813F00103F5D11E466362C0
:10AC7000304670BD636A052243F40033636284F892
:10AC80002020304670BD00BF30B4844690F82000CC
:10AC9000DCF8005001380128AC6835D814F0E05FCA
:10ACA0003BD0C4F30164032C49D00120A0401860BC
:10ACB0008B68002B3AD0C8680343486843EAC00356
:10ACC00004F1180000012B5005EB041C0B69CCF8B3
:10ACD0008431097D01294FEA041305D1DCF8841180
:10ACE00041F48071CCF884112B445168C3F88C1165
:10ACF0001268C3F88821DCF8803143F0010300209A
:10AD000030BCCCF880317047DCF8243043F4802329
:10AD1000012030BCCCF824307047DCF8243043F4F8
:10AD20000013012030BCCCF824307047CB68086891
:10AD300043EA405004F118031B01E850C4E7DCF873
:10AD4000243043F40003012030BCCCF82430704799
:10AD500070B590F820E00EF1FF3EBEF1010F844681
:10AD60006DD8006851B9C468A5070AD1DCF8243051
:10AD700043F400130120CCF8243070BD0469A4070B
:10AD8000F4D000EB011E0C01DEF8B05105F0040513
:10AD90009560002D5AD0DEF8B051ED085560DEF810
:10ADA000B05105F00205D560DEF8B451DEF8B461AB
:10ADB00005F00F0515612044DEF8B451C6F30726EF
:10ADC00096612D0CD0F8B86155611E70DCF800203A
:10ADD0002244D2F8B821120A5A70DCF8002022442A
:10ADE000D2F8B821120C9A70DCF800202244D2F874
:10ADF000B821120EDA70DCF800202244D2F8BC210F
:10AE00001A71DCF800202244D2F8BC21120A5A71CF
:10AE1000DCF800202244D2F8BC21120C9A71DCF834
:10AE200000202244D2F8BC21120EDA71DCF8002096
:10AE300089B9D36843F020030846D36070BD436AE4
:10AE400043F480230120CCF8243070BDDEF8B051EB
:10AE50006D0D1560A3E7136943F020030020136113
:10AE600070BD00BF90F82020013A012A034605D9A1
:10AE7000426A42F4802201205A6270470268536994
:10AE800019430020516170472DE9F04F03685D6957
:10AE9000D3F804809F68D3F80CA0D3F81090D3F8AF
:10AEA00018B015F0010681B0044625D017F0010650
:10AEB00040F0B9804FF400524FF48041F8050DD5B1
:10AEC00023684FF480709860BB0500F1CB80780553
:10AED00000F1EC803B0540F1F2800E46F8030BD503
:10AEE00023684FF48032B9039A6000F1AF807A038F
:10AEF00040F1D78046F400462F0703D51AF0100F13
:10AF000040F08B80680702D51AF0080F7ED1A907A0
:10AF100003D52368DB689A0774D16B0602D519F054
:10AF2000100F69D1AF0602D519F0080F5DD1E80600
:10AF300003D523681B69990753D1AA0302D518F0DA
:10AF4000100F47D1EB0302D518F0080F3BD12F04A7
:10AF500005D518F0040F0DD1236804225A60002E85
:10AF600071D0636AA26D1E432046666201B0BDE8DF
:10AF7000F04F1047E80504D51BF0010F18BF46F04D
:10AF80000106A90504D51BF0020F18BF46F0020602
:10AF90006A0504D51BF0040F18BF46F004062B0504
:10AFA000DAD51BF0700BD7D0BBF1400F00F09580C5
:10AFB0005CD8BBF1200F00F08D80BBF1300F63D166
:10AFC00046F020065AE0236808225A602046636D46
:10AFD0009847BCE7236810225A602046236D9847A3
:10AFE000B0E7A36C20469847A7E7236808221A61B8
:10AFF0002046E36C98479AE72368102246F480665F
:10B000001A618FE7236C2046984786E72368082259
:10B01000DA602046636C984779E72368102246F48B
:10B020000076DA606EE701229A60BB0712D47E07D1
:10B0300030D417F008063BD04FF440524FF4A041F3
:10B040004FF480563AE701B0BDE8F08F236B2046FD
:10B05000984751E7836A984700264FF400524FF40F
:10B0600080412BE7E36A2046984737E7BBF1500F52
:10B070002DD0BBF1600F08BF46F4807623689A6933
:10B0800022F070029A6168E7BBF1100FF6D146F02A
:10B090000806F3E74FF420524FF490414FF4006656
:10B0A0000CE73B030FD546F4803625E7164615E737
:10B0B000436B98474FF400524FF48041FEE6A36B78
:10B0C000204698470AE7E36B2046984714E746F086
:10B0D0008006D3E746F01006D0E746F04006CDE7FD
:10B0E0000749CA6803024FF6FF0003F4E063024019
:10B0F000134343F0BF6343F40033CB60704700BF9A
:10B1000000ED00E01C4BDB68C3F3022300B5C3F184
:10B11000070EBEF1040F03F1040C28BF4FF0040E1C
:10B12000BCF1060F1BD9033B4FF0FF3C0CFA03FCAC
:10B1300022EA0C024FF0FF3C0CFA0EFC21EA0C0153
:10B140009940002841EA02010CDB00F1604009014E
:10B1500000F56140C9B280F800135DF804FB0022DD
:10B160001346E7E7054B00F00F0009010344C9B29D
:10B1700019765DF804FB00BF00ED00E0FCEC00E098
:10B18000002808DB4109044A00F01F00012303FAEC
:10B1900000F042F82100704700E100E000280DDBDC
:10B1A000430907490122203300F01F0002FA00F092
:10B1B00041F82300BFF34F8FBFF36F8F704700BF7D
:10B1C00000E100E080B110B54379044603F0FF02CE
:10B1D0001BB101236371002010BD0271FDF7FAFE5F
:10B1E00001236371002010BD0120704710B40223B9
:10B1F00004684371A36843F001038446A3603AB135
:10B20000043901EB820251F8043F23609142FAD1E4
:10B21000012320688CF805305DF8044B704700BFAF
:10B2200038B50446FFF76EFB002C52D0236800228D
:10B23000022184F8351084F834201A6822F00102C3
:10B2400005461A6005E0FFF75DFB431B052B39D867
:10B2500023681A68D107F6D4D4E90120E1680243D3
:10B260000A43D4E90451A0692A430A43E1691D68ED
:10B2700002430A4333492940256A2A430A43616A43
:10B28000042928D01A605A6922F007021143D8B263
:10B290002D4A59611038A2FB005212092B4923F4A0
:10B2A0007F73895CE16523F003035F2888BF043363
:10B2B0003F228A40A36500209A600123606584F8DC
:10B2C000353038BD03232022626584F835301846B6
:10B2D00038BD012038BDD4E90B5129430A431A6017
:10B2E0005969A26A21F00701114341F00401002DC0
:10B2F000CDD078B1B0F5005F16D0022A03D9032A69
:10B30000C5D1EA01C3D501234022626584F83530F6
:10B31000184638BD012A03D032F00202B7D1F0E757
:10B32000B5F1C07FB3D1EEE7032AB0D801A050F841
:10B3300022F000BF07B3000803B3000807B30008FA
:10B3400021B300083F8010F0ABAAAAAA58A70208B0
:10B3500030B4002835D090F83530022BDCB22DD037
:10B3600003681A4A1A4DD9B21039A2FB01421209D8
:10B370001C68AD5C24F0010400221C601A605A6055
:10B380009A60DA601A6121225A6123F47F7323F0F4
:10B3900003035F2988BF04333F210022A940C0E98D
:10B3A0000F22C0E91122C0E91322C5658365144646
:10B3B0009960426580F8342080F83520204630BC02
:10B3C00070470124204630BC704700BFABAAAAAA30
:10B3D00058A7020870B490F83440856D012C35D020
:10B3E00090F835404FF0010C644580F834C005D02A
:10B3F000002380F8343070BC02207047022680F8A9
:10B400003560046800264665266826F48026266096
:10B4100063608368402B0EBFA260A160E260C26DD2
:10B4200008BFE1603F239340AB602368026C43F0A8
:10B43000160323601AB1236843F0080323602368CE
:10B4400043F001030020236070BC7047022070BCF1
:10B45000704700BF70B50446866DFFF753FA94F845
:10B460003530022B06D00023802284F83430626508
:10B47000012070BD23681A6822F016021A605A690A
:10B4800022F080025A61226C054632B31A6822F01B
:10B4900008021A601A6822F001021A6005E0FFF73C
:10B4A00031FA431B052B0FD823681B6813F00103E7
:10B4B000F5D1E16D3F228A400121B26084F8351058
:10B4C00084F83430184670BD0320202200236265C2
:10B4D00084F8343084F8350070BDA26C002AD5D1D0
:10B4E000D8E700BF90F83530022B03D080234365A6
:10B4F000012070470268052380F83530136823F077
:10B5000001030020136070472DE9F04182B0744AB6
:10B51000866D156800230193C36D346808229A4034
:10B520002242804604D001680F68780700F18A80C3
:10B5300001229A40224204D0D8F800104969090635
:10B5400078D404229A40224204D0D8F80010096826
:10B550008F0767D410229A40224204D0D8F80010F6
:10B560000F68380749D420229A40224217D0D8F8D1
:10B5700000100C68E00612D5B26098F83520052A54
:10B5800073D00B6813F4802F0B6800F090801903C0
:10B5900040F19B80D8F83C300BB140469847D8F832
:10B5A00054303BB3D8F85430DA071BD5D8F8002014
:10B5B0004C49052388F835301368A1FB051523F0A5
:10B5C0000103AD0A136002E01368DB0704D5019B99
:10B5D0000133AB420193F7D90122002388F83520CB
:10B5E00088F83430D8F84C3023B1404602B0BDE87A
:10B5F000F041184702B0BDE8F081B2600A6812F469
:10B60000802F0A682AD1D70503D40A6822F00802DD
:10B610000A60D8F84020002AA5D040469047D8F8C4
:10B620005C30A0E7B260D8F8542042F00402C8F8B9
:10B6300054208FE7B260D8F8542042F00202C8F8D4
:10B6400054207EE70F6827F004070F60B260D8F837
:10B65000542042F00102C8F8542069E71203D8D5FB
:10B66000D8F84820002AD8D17DE70A6822F01602CF
:10B670000A604A6922F080024A61D8F8402052B339
:10B680000A6822F008020A603F2202FA03F3D8F89F
:10B690005010B3600122002388F8352088F8343038
:10B6A0000029A7D0404602B0BDE8F041084713F496
:10B6B00080737FF46FAF0A6822F010020A600122E3
:10B6C00088F8352088F8343064E7D8F84430002B07
:10B6D0007FF463AF63E7D8F84820002AD0D1D3E7DE
:10B6E00000000020B5814E1B90F83500704700BF68
:10B6F000406D70472DE9F8430546894617464FF0DF
:10B7000010082B689E6916F0040640F083809C693F
:10B7100014F0100469D05A68940103D45A6842F4B2
:10B7200080425A600024B9F1FF3F9A695FD19006C8
:10B7300073D424B99C69A106FCD52022DA61C3F830
:10B740001C8046F0040401219A69D00530D54FF4DD
:10B7500080715605D96144F0010404D54FF480612D
:10B76000D96144F00804910504D54FF4007244F007
:10B770000204DA619A69960744BF00229A629A69C4
:10B78000D00703D49A6942F001029A615A6830489E
:10B7900002405A606B6C002120221C436C6485F8C7
:10B7A000401085F8412085F842100120BDE8F8835B
:10B7B0005005D3D49205D8D40029DBD19A699206DA
:10B7C0002ED4FFF79FF8C01B484502D8B9F1000FEF
:10B7D00097D16B6C2022134300216B6485F84010D5
:10B7E00085F841200120BDE8F8832146ACE79206A8
:10B7F00013D4002CA3D1FFF785F8C01B814506D3D5
:10B80000B9F1000F04BF202601242B688BE7202606
:10B810000124FAE70020BDE8F883002C8DD08EE7E4
:10B820009A69510702D52A8D002AF3D12024DC61C0
:10B830005968074A1140002259606A6485F840201F
:10B8400085F8414085F842200120BDE8F88300BF1B
:10B8500000E800FE2DE9F8430746884616464FF0FB
:10B8600010093B689D6915F0020540F085809C69D0
:10B8700014F010046BD05A68910103D45A6842F452
:10B8800080425A600024B8F1FF3F9A6961D1920664
:10B8900075D424B99C69A406FCD52022DA61C3F8CA
:10B8A0001C9045F0040401229D69E90530D54FF450
:10B8B00080726805DA6144F0010404D54FF48062B7
:10B8C000DA6144F00804AD0504D54FF4007244F089
:10B8D0000204DA619A69910744BF00229A629A6968
:10B8E000D20703D49A6942F001029A615A68254846
:10B8F00002405A607B6C002120221C437C6487F844
:10B90000401087F84120012087F84210BDE8F883F5
:10B910006905D3D4A805D8D4002ADBD1B8F1FF3FFC
:10B92000A0D0FEF7EFFF801B404502D8B8F1000F12
:10B9300097D17B6C002243F0200320217B6487F8A1
:10B94000402087F84110012087F84220DEE7224698
:10B95000AAE7900613D4002CA1D1FEF7D3FF801BD9
:10B96000804506D3B8F1000F04BF202501243B68B1
:10B9700089E720250124FAE70020BDE8F883002CA0
:10B980008BD08CE700E800FE2DE9F8430546894698
:10B9900017464FF010082B689E6916F0200640F0FD
:10B9A00083809C6914F0100469D05A68940103D410
:10B9B0005A6842F480425A600024B9F1FF3F9A6904
:10B9C0005FD1900673D424B99C69A106FCD52022CE
:10B9D000DA61C3F81C8046F0040401219A69D0059D
:10B9E00030D54FF480715605D96144F0010404D577
:10B9F0004FF48061D96144F00804960504D54FF4F2
:10BA0000007244F00204DA619A69910744BF00228F
:10BA10009A629A69D20703D49A6942F001029A6144
:10BA20005A68244802405A606B6C002120221C4353
:10BA30006C6485F8401085F8412085F8421001209B
:10BA4000BDE8F8835005D3D49005D8D40029DBD1C4
:10BA5000FEF758FFC01B484502D8B9F1000F9AD134
:10BA60006B6C002243F0200320216B6485F840209A
:10BA700085F8411085F842200120BDE8F883214671
:10BA8000ACE7920613D4002CA3D1FEF73BFFC01BFA
:10BA9000814506D3B9F1000F04BF202601242B688D
:10BAA0008BE720260124FAE70020BDE8F883002C6C
:10BAB0008DD08EE700E800FE00284FD010B590F83A
:10BAC0004130044603F0FF02002B42D023682422B9
:10BAD00084F841201968626821F0010122F0706247
:10BAE00019601A619A68E16822F4004201299A609B
:10BAF000A2682AD042F4044202299A6004BF4FF49B
:10BB000000625A605968226941F0007141F40041B5
:10BB100059606169D8680A43A16920F4004042EA8B
:10BB20000122E169D860206ADA600143196019686E
:10BB300041F00101196000222023626484F8413041
:10BB4000226384F84220104610BD42F400429A60FD
:10BB5000D8E780F84020FDF7BDFAB7E7012070472D
:10BB60002DE9F047984690F84130089E202B40F090
:10BB70008E8090F84030012B044600F0888001232D
:10BB800080F8403089461746FEF7BCFE054604E0C3
:10BB9000FEF7B8FE401B19287CD82368986910F47A
:10BBA0000040F5D1212284F84120102284F842205F
:10BBB0006064A4F82A80628D676292B2FF2A606393
:10BBC000C9F3090775D8628D4E4892B22285D1B269
:10BBD0005A6802403A4342EA014242F0007242F49B
:10BBE00000525A60638D9BB2002B3BD0DFF81C8162
:10BBF000DFF81CA14FF0FF0903E0638D9BB2002B1F
:10BC000030D02A4631462046FFF724FE002876D160
:10BC1000606A216810F8013B8B62628D238D60623F
:10BC2000013A92B26285628D013B9BB292B223854A
:10BC3000002AE2D0002BE0D1701C46D18B691A0695
:10BC4000FCD5638D9BB2FF2B4BD94B68A4F8289091
:10BC500003EA08033B4343EA0A034B60638D9BB24C
:10BC6000002BCED12A4631462046FFF78DFE002814
:10BC700045D12368244D2021D9615A682A405A6051
:10BC800084F8411084F8400084F8420000E002206B
:10BC9000BDE8F087636C002243F020032021636439
:10BCA00084F8402084F8411084F842200120BDE847
:10BCB000F0875A6813490A403A4342F0FF7242F44F
:10BCC0009032FF2121855A608CE78B691B06B8D41E
:10BCD000FEF718FE401B8642DCD3002EDAD0216826
:10BCE000AAE7638D9BB22385DAB24B6803EA0803A7
:10BCF00043EA02433B4343F000734B607DE701207E
:10BD0000BDE8F087009800FC00E800FE009C00FC05
:10BD10000000FF012DE9F047984690F84130089E59
:10BD2000202B40F0928090F84030012B044600F028
:10BD30008C80012380F8403089461746FEF7E2FDEB
:10BD4000054605E0FEF7DEFD401B192800F28A805B
:10BD50002368986910F40040F4D1222284F841202D
:10BD6000102284F842206064A4F82A80628D676201
:10BD700092B2FF2A6063C9F3090700F28280628DE4
:10BD80004E4892B22285D1B25A6802403A4342EA02
:10BD9000014242F0007242F410525A60638D9BB22D
:10BDA000002B3DD0DFF81C81DFF81CA14FF0FF090C
:10BDB00003E0638D9BB2002B32D02A4631462046E9
:10BDC000FFF798FC002876D12268636A526A1A70DD
:10BDD000628D238D616A013A92B26285628D013B68
:10BDE00001319BB292B261622385002AE1D0002B1F
:10BDF000DFD1701C22682BD193691906FCD5638DA5
:10BE00009BB2FF2B49D95368A4F8289003EA080392
:10BE10003B4343EA0A035360638D9BB2002BCCD1B2
:10BE20002A4631462046FFF7AFFD002843D123685C
:10BE3000234D2021D9615A682A405A6084F8411064
:10BE400084F8400084F8420000E00220BDE8F0875A
:10BE500093691B06D3D4FEF755FD401B864201D3E0
:10BE6000002EC6D1636C002243F0200320216364BE
:10BE700084F8402084F8411084F842200120BDE875
:10BE8000F0875A680D490A403A4342F0FF7242F483
:10BE90009232FF2121855A6080E7638D9BB2238512
:10BEA000D9B2536803EA080343EA01433B4343F032
:10BEB000007353607DE70120BDE8F087009800FC27
:10BEC00000E800FE009C00FC0000FF0190F841200B
:10BED000202A23D15FFA82FC90F84020012A0346F1
:10BEE0001CD00268242000B583F84100106820F0BF
:10BEF00001001060106820F4805010601068014349
:10BF0000116011684FF0000E41F00101116083F8DB
:10BF100041C083F840E070465DF804FB02207047A2
:10BF20002DE9F04F00220C68DFF814A27D4E85B099
:10BF30001346894605E00133102B02F1020200F09E
:10BF400084800121994001EA040BA143F3D1D9F87F
:10BF500004C00CF003014D1E012D79D9032940F0D6
:10BF6000B9809140CD4307683D4029431CF4403FD0
:10BF70000160E0D000210391DAF8441041F48041DF
:10BF8000CAF84410DAF8441001F48041039103998F
:10BF900023F0030101F1804101F59C3103F0030717
:10BFA000D1F808E0BF000F25BD402EEA05085E4D20
:10BFB000A8421FD005F58065A84200F08F805B4D38
:10BFC000A84200F092805A4DA84200F09580594D49
:10BFD000A84200F09880584DA84200F09B80574D31
:10BFE000A8420CBF4FF0060E4FF0070E0EFA07F7EF
:10BFF00048EA0708C1F80880B1686FEA0B071CF42B
:10C00000801F0CBF39404BEA0101B160F5681CF498
:10C01000001F0CBF3D404BEA0505F56075681CF438
:10C02000003F0CBF3D404BEA0505756031681CF4CC
:10C03000803F03F101030CBF39404BEA0101102B93
:10C04000316002F102027FF47CAF05B0BDE8F08FF1
:10C05000D9F80C50876805FA02F8032505FA02FEA4
:10C0600027EA0E0748EA0707876047686FEA0E0568
:10C0700027EA0B0ECCF300179F4047EA0E074760F4
:10C08000C76807EA050ED9F80870974047EA0E0717
:10C090000229C76001FA02F17FF465AF4FEAD30EBF
:10C0A00000EB8E0E03F00708DEF820700097D9F839
:10C0B00010704FEA880807FA08F701970F2707FA68
:10C0C00008F8009F27EA0808019F47EA0807CEF80A
:10C0D000207048E703259540ED43D1E74FF0010E6E
:10C0E0000EFA07F748EA070884E74FF0020E0EFA47
:10C0F00007F748EA07087DE74FF0030E0EFA07F747
:10C1000048EA070876E74FF0040E0EFA07F748EA08
:10C1100007086FE74FF0050E0EFA07F748EA070821
:10C1200068E700BF003C01400000024000080240F8
:10C13000000C0240001002400014024000180240AF
:10C14000003802402DE9F04F0023DFF85091DFF86E
:10C150005081DFF850A183B0012702E00133102B9A
:10C1600075D007FA03F232EA010402EA010CF5D1B4
:10C1700023F0030505F1804505F59C3503F0030424
:10C18000D5F808E0A4000F26A6404845019606EA27
:10C190000E0E5FD050455FD03B4EB0425FD03B4E5D
:10C1A000B04261D03A4EB04263D03A4EB04265D010
:10C1B000394EB04214BF4FF0070B4FF0060B0BFA8D
:10C1C00004F4A6451CD1D8F80040019E24EA0C04D2
:10C1D000C8F80040D8F8044024EA0C04C8F8044029
:10C1E000D8F80C4024EA0C04C8F80C40D8F80840F1
:10C1F00024EA0C04C8F80840AC6824EA0606AE60DD
:10C20000056803265C0006FA04F425EA04050560C7
:10C2100023FA06F500EB850503F0070C2E6A4FEABA
:10C220008C0E4FF00F0C0CFA0EFC26EA0C062E6258
:10C23000C56825EA0405C560456825EA0202426032
:10C240008268013322EA0404102B846089D103B090
:10C25000BDE8F08F0024B4E707FA04F4B1E74FF02B
:10C26000020B0BFA04F4ACE74FF0030B0BFA04F4E7
:10C27000A7E74FF0040B0BFA04F4A2E74FF0050B0D
:10C280000BFA04F49DE700BF00080240000C0240D6
:10C29000001002400014024000180240000002405A
:10C2A000003C01400004024002B90904816170476A
:10C2B000704700BF044A5169014200D1704708B578
:10C2C0005061FFF7F5FF08BD003C0140002800F079
:10C2D000B98070B590F83D30044603F0FF02002BA2
:10C2E00000F098802368242284F83D201A6822F008
:10C2F00001021A601A6842F400421A601A6822F4B5
:10C3000000421A6001F052FD63684F498B424FD8DA
:10C310004E4A90427CD94E4D5A00A5FB0035431E33
:10C32000B3FBF2F32268506820F03F0040EA9540EA
:10C330005060A90C01F1010C116A21F03F0141EAA2
:10C340000C011162D16940F6FC7E013321F44F41AA
:10C3500013EA0E0F21F0FF0161D104230B43D361D7
:10C36000D4E907301168034321F0C0010B43136087
:10C370009168D4E9030321F40341034321F0FF0151
:10C380000B439360D4E90530D168034321F0FF01EA
:10C390000B43D3601168002341F00101202011609C
:10C3A000236484F83D00236384F83E30184670BD52
:10C3B000284A90422CD9264D274EA5FB002C2268F6
:10C3C000556825F03F0545EA9C4555604FEA9C417C
:10C3D0004FF4967505FB01F1A6FB0151156A890919
:10C3E00025F03F05013129431162D169A56821F487
:10C3F0004F4121F0FF01ADB9013803EB4303B0FB1E
:10C40000F3F30133C3F30B03D3B143F40043A5E7C4
:10C41000012070BD80F83C20FDF762FB62E7C3F3AA
:10C420000B039BE703EB8303013803EB8303B0FBB0
:10C43000F3F30133C3F30B0313B143F440438DE72C
:10C4400001238BE701207047A08601007F841E0036
:10C4500083DE1B43FF083D00D34D6210B0B102687C
:10C46000242310B580F83D30136823F001030446FF
:10C470001360FDF741FC0023236484F83C3084F80A
:10C480003D30236384F83E30184610BD01207047CC
:10C490002DE9F04F054683B099460C9F8846924699
:10C4A000FEF730FA95F83D30202B03D0022003B080
:10C4B000BDE8F08F064605E0FEF724FA801B192838
:10C4C00000F2F5802C68A3696FEA030C1CF0020BE4
:10C4D000F2D095F83C30012BE8D0012385F83C30B0
:10C4E0002368D9076FD52368974A23F40063236034
:10C4F000212385F83D30102385F83E3000232B643E
:10C50000A5F82A906B8DEA622B85EB6AC5F824A00A
:10C51000082B06D0012B04D0934202D02B6B122B98
:10C5200003D1236843F4807323607B1C3DD163698E
:10C53000D807FCD52B69B3F5804F49D108F0FE012F
:10C540002161781C04D0D8E063695A0500F1BD80F0
:10C5500063699907F8D50023019363690193A3697F
:10C5600001932B8D019A002B74D0791C7FD16369C4
:10C570001A0641D463695B05F9D5002220236FF4C4
:10C58000806161612A6385F83D3085F83E202B6C1F
:10C5900085F83C2043F004032B642B6C042B00F043
:10C5A000E480012003B0BDE8F08F6369D907C1D4EE
:10C5B000FEF7A8F9801B8742C0F0AF80002F00F083
:10C5C000AC802C68B1E7236843F0010323608AE75D
:10C5D0004FEAE81303F0060343F0F00323617B1CEA
:10C5E00003D0B3E0636959056FD463691807F9D5BF
:10C5F0005FFA88F32361A4E7686AB5F828C00146AA
:10C600000CF1FF3211F8013B23616B8D6962013B34
:10C610009BB26B85636992B259072A850CD55AB1D2
:10C62000437823616B8D013BACF1020C02309BB26D
:10C63000A5F828C068626B85781C28D16369590702
:10C6400005D463695A0598D463695907F9D52B8DC8
:10C65000002B8AD12368002043F40073202223603A
:10C6600085F83D2085F83C0085F83E001FE76369AA
:10C670001806C1D4636958053FF57FAFFEF742F94C
:10C68000801B874278D3002F76D02C686DE76369D2
:10C690005B07DCD463695B053FF56FAFFEF732F9EA
:10C6A000801B874268D3002F66D02C68C4E7202304
:10C6B000C5F830B085F83D3085F83EB02B6C85F874
:10C6C0003CB043F020032B64F0E6236843F400738E
:10C6D000236000226FF48061202361612A6385F862
:10C6E0003D3085F83E202B6C85F83C2043F0040358
:10C6F00001202B6403B0BDE8F08F63699B073FF511
:10C700002AAF63695B05E0D4FEF7FCF8801B874223
:10C7100040D3002F3ED02C6813E7002320222B6348
:10C7200085F83D2085F83E302A6C296885F83C3034
:10C7300042F020022A640B68DA057FF532AF4FF42D
:10C7400000732B642DE700BF0000FFFF63691A0729
:10C750003FF54EAF63695A05B7D4FEF7D3F8801B97
:10C76000874217D3B7B12C6839E72A68136843F4B6
:10C770000073012013609AE6002220232A6385F8C3
:10C780003D3085F83E202B6C85F83C2043F020039B
:10C790002B6402E7002220232A6385F83D3085F8C8
:10C7A0003E202B6C85F83C2043F020032B640120B5
:10C7B0007DE600BF2DE9F04F054687B09946109EF3
:10C7C00088469246FEF79EF895F83D30202B03D020
:10C7D000022007B0BDE8F08F074605E0FEF792F8AB
:10C7E000C01B192800F2A7802C68A069C04310F074
:10C7F000020BF3D095F83C30012BE9D0012385F8EA
:10C800003C302368DB0760D523688D4A23F400633E
:10C810002360222385F83D30102385F83E30002325
:10C820002B64A5F82A906B8DEA62EA6A2B8523684F
:10C83000C5F824A043F48063082A236007D0012AA6
:10C8400005D012F5803F02D02B6B112B03D123684A
:10C8500043F480732360701C29D16369D907FCD528
:10C860002B69B3F5804F35D148F00103DBB223616A
:10C87000721C03D007E1636958056AD463699B079A
:10C88000F9D52B8D002B7CD1019363690193A369AA
:10C890000193019B236843F400732360002020234D
:10C8A00085F83D3085F83C0085F83E0091E76369E6
:10C8B000DA07D5D4FEF726F8C01B8642C0F00C81FB
:10C8C000002E00F009812C68C5E7236843F00103BE
:10C8D000236099E74FEAE81909F0060949F0F003E7
:10C8E0002361701C03D01DE163695A0531D463696B
:10C8F0001907F9D55FFA88F32361711C03D0A6E10B
:10C9000063695B0525D463699A07F9D5002305930C
:10C9100063690593A3690593059B236843F48073BA
:10C920002360721C40F0A6816369DB07FCD549F0E7
:10C93000F10323619CE72023C5F830B085F83D3032
:10C9400085F83EB02B6C85F83CB043F020032B6497
:10C950003EE7236843F40073236000226FF4806194
:10C96000202361612A6385F83D3085F83E202B6CD9
:10C9700085F83C2043F0040301202B6407B0BDE898
:10C98000F08F012B226800F05381022B00F00B8105
:10C9900042F4806222600022049262690492A269D9
:10C9A0000492049A032B48D8012B00F02881022B13
:10C9B00000F0D480721C40F0058163695B07FCD5F0
:10C9C00023686A6A23F480632360236913706B8D84
:10C9D000696A2A8D013B0131013A9BB269622A855D
:10C9E0006B85711C2A6840F0FC8053695B07FCD59D
:10C9F0001368696A43F40073136013690B706B8DDD
:10CA0000696A2A8D2868013B9BB26B850069531EB9
:10CA10004C1C6C622B8548702B8D6A8D696A013BBA
:10CA2000013A01319BB292B269622B856A85002B73
:10CA30003FF434AF032B2C68B6D966B933E000BF9E
:10CA40000000FFFF6369DB065CD4FDF75BFFC01BE2
:10CA5000864230D32C6863695A06F3D56B6A226923
:10CA60001A706A8D28682B8D696A013A92B26A85BC
:10CA70004269013B4C1C9BB252076C622B85D6D598
:10CA800003694B7083E0636999073FF5FAAE636908
:10CA900059053FF55EAFFDF735FFC01B86420AD34F
:10CAA0004EB12C68E4E663695906D7D46369D806A9
:10CAB00028D4FDF727FF002220232A6385F83D3084
:10CAC00085F83E202B6C85F83C2043F020030120A4
:10CAD0002B6407B0BDE8F08F002320222B6385F87C
:10CAE0003D2085F83E302A6C296885F83C3042F0BC
:10CAF00020022A640B68D90512D54FF400732B6409
:10CB0000012066E6002320226FF0100161612B6393
:10CB100085F83D2085F83E302A6C2A6485F83C3043
:10CB2000012056E663691B073FF5E4AE63695B05C8
:10CB30003FF50FAFFDF7E6FEC01B8642BBD3002ECC
:10CB4000B9D02C68CDE6636959070CD4FDF7DAFE3D
:10CB5000C01B8642AFD3002EADD02C68731CF2D11F
:10CB600063695807FCD5236843F4007323606B6A3C
:10CB700022691A706A6A531C6B622B8D013B2B85EC
:10CB80006B8D013B9BB26B852B681B6953702B8DA2
:10CB90006A8D696A013B013A01319BB292B26962C6
:10CBA0006A852B8543E722F480622260226842F482
:10CBB000006222600022039262690392A2690392DA
:10CBC000039AEFE6636958073FF5FAAEFDF79AFE60
:10CBD000C01B8642FFF46FAF002E3FF46CAF2C6891
:10CBE000E8E653695C073FF503AFFDF78BFEC01B1A
:10CBF0008642FFF460AF002E7FF4F3AE5BE75EB9D0
:10CC000011E06369D9063FF57DAFFDF77BFEC01BE0
:10CC10008642FFF450AF2C6863695806F1D56B6A01
:10CC200022691A70B3E763695A067FF53FAFF6E7EA
:10CC300022F4806222600022029262690292A2695A
:10CC40000292029A226842F400722260AAE66369A4
:10CC500098073FF55BAE636958053FF57AAEFDF77F
:10CC600051FEC01B8642FFF426AF002E3FF423AFD7
:10CC70002C6842E66369D8073FF559AEFDF742FEDE
:10CC8000C01B8642FFF428AF002E3FF425AF2C686E
:10CC900047E600BF70B582B005460020019095F8C8
:10CCA0003D00202825D14D484D4C0068C008A4FB0C
:10CCB0000040000A00EB800000EB8000019003E0E0
:10CCC0002C68A069860717D5019C013C0194019846
:10CCD0000028F5D12023286385F83D3085F83E00F3
:10CCE0002B6C85F83C0043F020032B64012002B03C
:10CCF00070BD022002B070BD95F83C000128F8D04C
:10CD0000012085F83C002068C00703D4206840F06B
:10CD100001002060206820F400602060222085F857
:10CD20003D000026102085F83E002E646B85688D3E
:10CD30006A6283B22B48E8622B8569641BB3A86BD7
:10CD400000283DD004F11001274CC463274C8664B1
:10CD5000C0E910660665C464FEF73CFB18BB2B688F
:10CD60001A6842F480621A601A6842F480721A608B
:10CD700085F83C005A6842F440725A605A6842F49E
:10CD800000625A60B3E785F83C30626842F4E062C2
:10CD900062601846236843F480632360236843F489
:10CDA00080732360A3E7202385F83D3085F83E603B
:10CDB0002B6C85F83C6043F010032B64012096E750
:10CDC000202385F83D3085F83E002B6C85F83C002B
:10CDD00043F080032B64012089E700BF000000209E
:10CDE00089B5F8140000FFFF19CF0008D1CE000864
:10CDF000704700BF704700BF704700BF704700BF5B
:10CE0000704700BF704700BF704700BF90F83D20DB
:10CE1000016D034659B9C26C0168012A826C0DD0BC
:10CE2000C2F307220A61026D013202657047016D8B
:10CE3000012909D0016D02290ED07047D2B20A61D2
:10CE4000026D023202657047826C0168D2B20A61DB
:10CE5000026D013202657047D2B2222A1FD0418D85
:10CE600089B2C1B9418D89B20029E6D1212AE4D124
:10CE7000026810B5546824F4E0645460146844F403
:10CE8000007414602022016380F83D2080F83E1079
:10CE9000FFF7BAFF10BD212A0AD05B8D70470168E9
:10CEA0000A6842F480720A60026D013202657047BE
:10CEB000416A026811F8010B10615A8D5962013AFA
:10CEC00092B25A85704700BF704700BF704700BFDD
:10CED00010B5846B636B0BB10022DA63A36B0BB1EB
:10CEE0000022DA63FEF704FC022800D110BD21689D
:10CEF0000B680022202023F480630B60628584F895
:10CF00003D0084F83E20236C43F010032046236448
:10CF1000FFF7DCFF10BD00BF70B5846B94F83D20B7
:10CF2000236894F83E10E56AC8B2596821F440714C
:10CF30005960616BD2B209B10026CE63A16B09B111
:10CF40000026CE6302F02101212939D002F022010E
:10CF5000222933D094F83E207AB3628D92B2012A0E
:10CF60003DD05A6815F5803F22F440725A6006D0D1
:10CF7000082D04D0B5F12A4F01D0202D03D11A6815
:10CF800042F400721A605A6822F480525A605A6859
:10CF9000002122F400625A606185236C23BB2022A9
:10CFA00084F83D2094F83E20402A35D0122284F89F
:10CFB0003E3020462263FFF71DFF70BD2028C9D1F7
:10CFC0005968002021F40061292A596060850FD03A
:10CFD0002A2A17D05A6842F440725A6070BD1A6803
:10CFE00022F480621A60BCE72046FFF76FFF70BD35
:10CFF000282321222263204684F83D30FFF7FCFEDF
:10D000002368E7E7282322222263204684F83D3064
:10D01000FFF7F4FE2368DDE784F83E302046236303
:10D02000FFF752FF70BD00BF704700BF70B53A4BAD
:10D030003A491B68806B82B0DB080022A1FB031316
:10D0400001921B0A90F83D10026803EB8303C3EBC7
:10D05000C303C9B2019305E0019B013B019313682F
:10D060009B0506D5019B002BF6D1036C43F02003F2
:10D070000364446B4CB3836B0025E563F3B116681E
:10D08000DD6326F4806616604585256500241C65F1
:10D09000136823F00103136090F83D30602B2AD011
:10D0A00001F02801282919D02022002380F83D20F2
:10D0B00080F83E30FFF70AFF02B070BD156825F416
:10D0C0008065156043852365E2E7836BF3B11568DE
:10D0D000DC6325F4806515604485D7E7136843F069
:10D0E000010313601368002443F480631360046336
:10D0F00080F83D10DEE70023202280F83D2080F8F4
:10D100003E300364FFF790FF02B070BD146824F452
:10D11000806414604385BBE70000002089B5F814E3
:10D1200010B590F83D2090F83E30102B0446D2B256
:10D1300039D0D9B2402936D002F0280128293DD073
:10D1400023685968080507D4602A05D020210022E9
:10D1500084F83D1084F83E20002222635A6812F4BD
:10D16000006234D194F83D10602975D05A69500698
:10D1700005D5626A1B691370636A013363622046D6
:10D18000FFF7A4FE236C190704D02268536823F428
:10D19000E063536094F83D30226C5207DBB201D556
:10D1A000282B2FD010BD222AC6D123681A6822F45A
:10D1B00000621A605A681205C8D5CDE700232363C0
:10D1C000236884F83D105A6812F40062CAD05A6885
:10D1D000606B22F400625A6090F83530012B1ED04B
:10D1E000284B0365FEF77EF90028CBD02268606BE0
:10D1F0001368202123F00103136084F83D10036DB0
:10D200009847BFE700232049E1622022236320469C
:10D2100084F83D2084F83E30FFF7F4FD10BDA06B8C
:10D22000184B0365FEF75EF90028ABD023685A69F6
:10D23000510606D5626A1B691370626A236801325F
:10D2400062621A68A06B22F0010220211A6084F841
:10D250003D10036D984795E7202184F83D10226426
:10D260005A69520606D5626A1B691370626A23689E
:10D27000013262621A6822F0010220461A60FFF74A
:10D28000D3FE7FE72DD000080000FFFF70B50368D4
:10D2900004465868E56A94F83E1094F83D20102939
:10D2A0008EB0D2B25FFA81FC24D0BCF1400F21D005
:10D2B000216C002900F096805969002511F0020FB9
:10D2C000C1F3400659D0860559D5226C02B19D693B
:10D2D00094F83D2002F02802282A00F01F82002244
:10D2E0000C9259690C919B690C930C9B84F83C201F
:10D2F0000EB070BD9E69596911F0010F1AD1B5F5D4
:10D300002A0FF5D0B5F12A4FF2D00D076DD585055E
:10D3100040F18380626C616BD2B21A61002900F027
:10D32000E481CA6B002A00F0E0815A6842F400628E
:10D330005A60DDE785056ED5E26AB2F52A0F00F086
:10D34000EA81E26AB2F12A4F04BF0822E26294F84D
:10D350003E20402A00F0D8812269B2F5804F00F0CB
:10D36000B381226D002A40F0EF81626CD21102F08D
:10D37000060242F0F0021A61BAE7CD067CD402F050
:10D38000F702212A00F0F5804E0640F13281450572
:10D3900040F12F81490700F12F8194F83D10628DF3
:10D3A00092B2C9B2002AA3D0626A1B691370638D5E
:10D3B000626A013B9BB26385638D01329BB26262FC
:10D3C000002B95D12A2993D1226853682225282140
:10D3D00023F4806353602046256384F83D10FFF7F3
:10D3E0000DFD85E79D69596968E78D0715D58505A8
:10D3F00013D594F83E20E06A256B94F83D1022295D
:10D40000D2B200F0B38100220A925A690A929B6953
:10D410000A930A9B6CE70D07E7D5750740F1F58085
:10D420005D682E053FF564AF0D0640F11581460598
:10D4300040F112814D0700F1128194F83D20208DBA
:10D4400094F83E10E56AD2B2C9B2002840F03B829F
:10D45000212A00F0418340297FF44AAF222A7FF439
:10D4600047AF628D92B2002A00F0708294F83E209D
:10D47000402A40F0B480FCE0850580D594F83D500A
:10D480005A6822F4E0625A600D965A690D921A6841
:10D4900042F001021A600D9A1A6822F480621A6042
:10D4A0005A681105EDB221D505F0F702222A00F0E5
:10D4B0007A81606B0268526892B26285628D92B224
:10D4C0001AB1226C42F0040222645A6822F400620B
:10D4D0005A60FEF709F9012808D0606B994B036583
:10D4E000FEF700F810B1606B036D9847638D9BB237
:10D4F00013B323685A6952070AD5626A1B6913700D
:10D50000628D636A013A591C92B223686162628536
:10D510005A69560609D5626A1B691370638D626A7F
:10D52000013B01329BB262626385638D9BB21BB18A
:10D53000236C43F004032364236C002B40F0DE8053
:10D540002A2D00F0518194F83D30282B00F05481B1
:10D55000236B222B02D0222D7FF4CAAE002320227F
:10D560002363204684F83D2084F83E30FFF746FCD4
:10D57000BEE60D0628D5460526D54D0727D494F8D6
:10D580003D00618D89B2C0B200293FF4B1AE616A3D
:10D5900011F8015B1D616162618D013989B261859C
:10D5A000618D89B200297FF4A3AE29287FF4A0AE53
:10D5B0005968282521F4806159602046226384F847
:10D5C0003D50FFF719FC93E649077FF591AE8205C0
:10D5D0007FF58EAE628D92B2002A3FF489AE626A08
:10D5E00012F8011B1961638D6262013B9BB2638576
:10D5F0007EE64A077FF57CAE86057FF579AE628DC3
:10D6000092B2002A3FF474AE1BE05A6815053FF54C
:10D610006FAE4A0633D449077FF56AAE82057FF5BF
:10D6200067AEE16A628D92B2042A00F01981628DC0
:10D6300092B2032A00F05981628D92B2022A00F060
:10D640008A81626A1B691370638D626A013B0132D1
:10D650009BB2626263854BE649077FF549AE86055A
:10D660007FF546AE212A00F00381BCF1400F7FF424
:10D670003FAE20460EB0BDE87040FFF7C7BB460581
:10D68000C9D54D07C1F38002C8D494F83D102229B2
:10D690007FF42EAE618D89B2032940F2CC81626A9B
:10D6A0001B691370638D626A013B9BB26385638D56
:10D6B0009BB20132032B62627FF41AAE2268536878
:10D6C00023F48063536013E694F83D20212A626CB2
:10D6D00016BF42F0010202F0FE02D2B21A61626B82
:10D6E0001AB1D26B002A7FF420AEA26B002A3FF45D
:10D6F000FFADD26B002A7FF418AEF9E520460EB0DC
:10D70000BDE87040FFF70CBD226D4ABB626C02F0B1
:10D71000FE021A61ECE50122E26218E65A6822F480
:10D7200080625A602E066FEA95014FF0000354BFE5
:10D73000A289228B84F83C3001F001012046FFF7DA
:10D740005FFBD5E52DD00008226D012A7FF4D0AD16
:10D75000626CD21102F0060242F0F1021A61C7E5D2
:10D76000626C42F00102D2B21A61C1E5216D11B9B9
:10D77000402A00F0A180226D22B92169B1F5404F05
:10D7800000F0A580628D92B2002A42D103925A69BC
:10D7900003929A690392039A1A6842F400721A601B
:10D7A00000232365A4E5A06B0268526892B26285EB
:10D7B000628D92B21AB1226C42F0040222645A685D
:10D7C00022F400625A60FDF78FFF01283FF48EAE0D
:10D7D000A06BA14B0365FDF785FE00283FF486AEE4
:10D7E000A06B036D984781E628222363204684F8C6
:10D7F0003D20FFF703FBA6E600239849E1622022C3
:10D800002363204684F83D2084F83E30FFF7FAFA7F
:10D810006EE5628D92B2012A76D0628D92B2022AB2
:10D8200000F0EB801A6842F480621A605A681205B0
:10D830000ED510F5803F07D001381F2808D8884A38
:10D8400022FA00F0C60703D55A6842F480525A60A3
:10D85000002209925A6909929B690993099B9FE7E3
:10D860005A68616A22F480625A601B690B70EBE6A9
:10D87000E16A94F83D20212A7FF43AAD628D92B29C
:10D88000002A7FF4ACAE082900F09F80202900F028
:10D890009C8011F5803F00F09880596821F4E06188
:10D8A000596011202023206384F83E20204684F80C
:10D8B0003D30FFF79DFA1BE501915A6901929B6982
:10D8C0000193019B14E5212A3FF4CBADC3E50292FD
:10D8D0005A6902929A690292029A1A6842F4807214
:10D8E0001A60236D0133236502E55A68042922F486
:10D8F00080625A603FF4A5AE02293FF4A2AE1A68D6
:10D9000022F480621A609CE610F5803F00F00381EB
:10D91000082800F0D180202800F0CE80122D00F0E1
:10D920003D81102800F23C814E4A22FA00F0C107E6
:10D9300040F136811A6842F480621A600022069231
:10D940005A6906929B690693069B29E75A6822F456
:10D9500080625A60CCE401291A6800F0D88010294E
:10D9600000F0D580042900F00A81022900F0078127
:10D9700042F400721A60626A1B691370638D626AF6
:10D980002168013B9BB263850B69511C6162537036
:10D99000638D2168626A013B9BB263854B680132EB
:10D9A00023F44073202062624B6084F83D0094F8B9
:10D9B0003E30402B00F0C3800022122384F83E202A
:10D9C00020462363FFF716FA92E4596821F4E061D8
:10D9D000596019680022202041F400711960226307
:10D9E00084F83D0094F83E3084F83E20402B2046D9
:10D9F0007FF45FAFFFF708FA7AE4102840F2A880BE
:10DA00001A6822F480621A601A6842F400621A608E
:10DA10005A68160507D510F5803F40F0A6805A6871
:10DA200042F480525A60002208925A6908929B6917
:10DA30000893089BB4E6E06A022887D0012985D8BC
:10DA400009490B92096846F2A810B1FBF0F101EB0D
:10DA500081010B910FE000BF2DD000080000FFFFF7
:10DA60008180008014000100000000201A6812F478
:10DA7000007200F09A800B9A013A0B920B990029E0
:10DA8000F4D1226C606A42F0200222645A6822F4C7
:10DA9000E0625A601B690370638D626A013B013268
:10DAA0009BB220206385626284F83D00204684F8A2
:10DAB0003E10FFF70BFA1BE41A68002122F4806283
:10DAC0001A6007915A6907929A690792079A1A6829
:10DAD00042F400721A6063E6082D3FF476AF202D01
:10DAE0003FF473AF15F5803F3FF46FAF5A6822F4EF
:10DAF000E0625A60112000212023206384F83E1048
:10DB0000204684F83D30FFF773F9FFF7F1BB22F4AC
:10DB100080621A602FE71A6822F480621A605A68DD
:10DB200012F400622FD01A68002122F480621A6079
:10DB300004915A6904929B690493049B30E6002384
:10DB400084F83E3020462363FFF7BEF9FFF7D0BBD1
:10DB5000274AC240D2077FF553AF1A6842F4806269
:10DB60001A605A6815057FF55EAF01381F283FF629
:10DB70005AAF204AC240D1077FF555AF4FE742F474
:10DB800080621A60F7E605925A6905929A690592D1
:10DB9000059A1A6842F400721A6001E601288BD1D6
:10DBA0001A6822F480621A60C8E61968606A21F473
:10DBB00080611960596821F4E06159601B69037044
:10DBC000638D013B20219BB2638584F83D10636A1D
:10DBD00094F83E100133402963627FF4EEAE84F87E
:10DBE0003E2020462263FFF76FF9FFF781BB00BF9D
:10DBF000140001008180008030B583B0194B1A49B0
:10DC00001A4D002201921A6C42F080521A641B6C69
:10DC100003F0805301930122019B0A64FCF772FE1A
:10DC2000044605E0FCF76EFE001BB0F57A7F16D8BF
:10DC30006B68DA03F6D50C4B0C4D01225A64FCF7E5
:10DC400061FE044605E0FCF75DFE001BB0F57A7F3F
:10DC500005D86B689B03F6D5002003B030BD0320C8
:10DC600003B030BD0038024000000E42007000409A
:10DC7000002800F08780484A136803F00F038B42A6
:10DC80002DE9F0410D46044609D2CBB2137013685A
:10DC900003F00F038B4202D00120BDE8F08123681E
:10DCA000980714D5590704D53C498A6842F4E052D4
:10DCB0008A601A0704D539498A6842F460428A604A
:10DCC0003649A0688A6822F0F00202438A60DF07C2
:10DCD00021D56268012A57D0931E012B2F4B1B6858
:10DCE0004DD99907D8D52D4EB36823F003031343BC
:10DCF000B360FCF707FE41F28838074604E0FCF702
:10DD000001FEC01B404544D8B368626803F00C03B1
:10DD1000B3EB820FF3D1204A136803F00F03AB4239
:10DD200006D9EBB21370136803F00F03AB42B3D103
:10DD300023685A0706D51949E0688A6822F4E05238
:10DD400002438A601B0707D5144A2169936823F4AC
:10DD5000604343EAC103936000F082FA0F4A104C1B
:10DD600092681049C2F303120346A25C0E48D340E6
:10DD700000680B60FCF71EFA0020BDE8F0819801F6
:10DD8000B1D489E701207047044B1B689E03AAD4D5
:10DD900082E7032081E700BF003C024000380240D8
:10DDA00040A702080000002008000020044B05499D
:10DDB0009B68054A0868C3F38223D35CD840704748
:10DDC000003802400000002050A70208044B05491B
:10DDD0009B68054A0868C3F34233D35CD840704758
:10DDE000003802400000002050A702080E4B0F220E
:10DDF00002609A6802F0030242609A6802F0F00240
:10DE000082609A6802F4E052C2609B68DB0810B43A
:10DE100003F4E053054C036123685DF8044B03F001
:10DE20000F030B60704700BF00380240003C024007
:10DE30002DE9F043036813F0010683B004460BD0CC
:10DE4000A849866BD1F88C2022F0C0623243B6FA22
:10DE500086F6C1F88C2076099A070BD5A149E06BAC
:10DE6000D1F88C2022F0C05202430028C1F88C2047
:10DE700008BF012613F0040512D09A49256BD1F88A
:10DE80008C20B5F5801F22F4401242EA050218BF2B
:10DE9000B5FA85F5C1F88C2012BF6D090025012661
:10DEA0001F070FD58F48616BD0F88C2022F44002F9
:10DEB0000A43B1F5800FC0F88C2000F0FE800029E5
:10DEC00008BF0125980600F1AD80DF0605D5864B19
:10DED00094F85820C3F8E0212368180608D5814932
:10DEE000E06CD1F8942022F440020243C1F894205F
:10DEF000590608D57B49A06CD1F8942022F08062A5
:10DF00000243C1F89420DA050DD57649606DD1F849
:10DF1000942022F00062B0F1006F42EA000208BFD4
:10DF20000125C1F894209F0508D56E49606CD1F891
:10DF3000942022F080520243C1F8942058050BD55A
:10DF40006848216DD0F8942022F000520A43B1F1C4
:10DF5000005FC0F894200BD0012E09D0B3F5006FFC
:10DF600006D0012D00F0E480002003B0BDE8F0836E
:10DF70005E4B5C4F00229A66FCF7C4FC064604E048
:10DF8000FCF7C0FC831B022B42D83B681901F7D475
:10DF90002368DA0740D5A26B002A3DD15149D1F858
:10DFA0008420D1F8840002F4403200F07060024313
:10DFB00060680243A06842EA8012606942EA007227
:10DFC000C1F884205E0704D5226BB2F5801F00F0F3
:10DFD0009180180704D5626BB2F5800F00F08A803B
:10DFE000590504D5226DB2F1005F00F004811A05D5
:10DFF00065D43E4B3B4F01229A66FCF783FC0646F4
:10E000003B681B01ADD4FCF77DFC801B0228F7D9CF
:10E01000032003B0BDE8F0839F07D3D5E26B002A4D
:10E02000D0D1BBE72F4B324F002201921A6C42F045
:10E0300080521A641B6C03F080530193019B3B6870
:10E0400043F480733B60FCF75DFC804605E0FCF721
:10E0500059FCA0EB08000228DAD83B68D905F6D5B0
:10E06000204F236C3A6F12F4407213D003F44071C6
:10E07000914211D03B6F1D4A0121C2F8401E23F48A
:10E0800040730021C2F8401E3B673B6FDA0700F186
:10E09000CB80236C03F44072B2F5407F00F0A08087
:10E0A00010498A6822F4F8128A600E4A116FC3F38D
:10E0B0000B030B431367236807E7012602E7D4E944
:10E0C000012123691B0643EA81131343E268616956
:10E0D0005208013A43EA017343EA0243014AC2F893
:10E0E000843086E700380240001047420000474273
:10E0F000007000405849D1F88420D1F8840002F41F
:10E10000403200F0E040024360680243A06842EA07
:10E110008012206942EA0062C1F88420D1F88C00A4
:10E12000A26A20F01F00013A0243C1F88C2057E791
:10E130004A4B494E00221A67FCF7E4FB054605E00E
:10E14000FCF7E0FB401B02283FF662AF33689F00FC
:10E15000F6D42268500778D5236B002B75D13E4941
:10E16000A069D1F8883003F440330343E06943EAFF
:10E170008013606A43EA0063C1F88830D1F88C30BC
:10E18000E06A23F4F853013843EA0023C1F88C30E5
:10E19000D20514D5636DB3F1006F10D12E49A56976
:10E1A000D1F88830D4E9070203F070632B4352089A
:10E1B00043EA8013013A43EA0243C1F88830274B0F
:10E1C000254D01221A67FCF79DFB04462B689B0036
:10E1D0003FF5CAAEFCF796FB001B0228F6D917E7FD
:10E1E0001D48826823F0704121F4407122F4F81236
:10E1F0000A43826059E718486668D0F88420C2F361
:10E200000142511CD0F8842002F0E0423243A6685B
:10E2100042EA861242EA4162E1684908013942EA6B
:10E220000142C0F88420E2E6FCF76CFB41F2883939
:10E23000804606E0FCF766FBA0EB080048453FF689
:10E24000E7AE3B6F9B07F5D523E71107A0D5636BBE
:10E25000002B9DD183E700BF0038024000004742F9
:10E260001D4908B58B6803F00C03082B1AD00C2B42
:10E2700016D14A684B684968184813F48003C1F303
:10E28000881118BF002302F03F02A1FB0001FAF73A
:10E2900053FC114B5B68C3F30273B0FBF3F008BD92
:10E2A0000E4808BD4A684B6849680C4813F480035F
:10E2B000C1F3881118BF002302F03F02A1FB000147
:10E2C000FAF73AFC044B5B68C3F3014301335B008C
:10E2D000B0FBF3F008BD00BF003802400024F4009A
:10E2E000002800F0B3812DE9F0410368DA0782B01D
:10E2F000044636D5A2498A6802F00C02042A00F0CE
:10E30000DF808A6802F00C02082A00F0D5809C4960
:10E310008A6802F00C020C2A00F005816368B3F5EC
:10E32000803F00F01981B3F5A02F00F09681944D45
:10E330002A6822F480322A602A6822F480222A6025
:10E34000002B40F00E81FCF7DDFA064605E0FCF7F5
:10E35000D9FA801B642800F2FB802B689903F6D45D
:10E3600023689A072FD5864A916811F00C0F00F0A8
:10E370009880916801F00C01082900F08E80804996
:10E380008A6802F00C020C2A00F06281E368002B1C
:10E3900000F014817B4B7A4E01221A60FCF7B2FA2E
:10E3A000054605E0FCF7AEFA401B022800F2D080DB
:10E3B00033689807F6D53368226923F0F80343EAF7
:10E3C000C203336023681A0751D4580730D56C4A0A
:10E3D000136C13F0805300F09A8000256A4E336866
:10E3E000D90540F1A580A368012B00F0CF80052B53
:10E3F00000F03D81624E326F22F001023267326FCF
:10E4000022F004023267002B40F0C580FCF77AFA54
:10E4100041F28838074605E0FCF774FAC01B404516
:10E4200000F29680336F9807F6D4002D40F00881F3
:10E43000A069C0B1524DAB6803F00C03082B00F08B
:10E44000CE80504B002202281A6600F01A81FCF799
:10E4500059FA044604E0FCF755FA001B022877D865
:10E460002B689B01F7D4002002B0BDE8F0816369FE
:10E47000002B2FD0434B424E0122C3F8802EFCF7D5
:10E4800041FA054604E0FCF73DFA401B02285FD83C
:10E49000736F9B07F7D5236897E7526857023FF5DC
:10E4A0006EAF374A1268950725D5E268012A22D057
:10E4B000012002B0BDE8F0814A6857027FF527AF1E
:10E4C0002F4A126895037FF54CAF6268002A7FF4EB
:10E4D00048AFEDE72B4A2A4EC2F8803EFCF712FA0D
:10E4E000054604E0FCF70EFA401B022830D8736F93
:10E4F0009F07F7D4CFE7224920690A6822F0F80283
:10E5000042EAC0020A601A077FF55FAFAFE70193E6
:10E51000136C43F080531364136C03F08053019326
:10E52000019B01255AE74A6856027FF5F7AEC7E717
:10E53000336843F480733360FCF7E4F907463368CB
:10E54000DA053FF550AFFCF7DDF9C01B0228F6D91C
:10E55000032002B0BDE8F081094A136843F4803318
:10E560001360FCF7CFF9064E054604E0FCF7CAF944
:10E57000401B6428ECD833689803F7D5F0E600BF59
:10E58000003802400000474200700040554A136FB7
:10E5900043F001031367FCF7B5F9524F064641F209
:10E5A000883804E0FCF7AEF9801B4045D0D83B6FBB
:10E5B0009B07F7D5002D3FF43BAF41E04A4A494E57
:10E5C0001360FCF79FF9054604E0FCF79BF9401B3C
:10E5D0000228BDD833689907F7D42368F3E60128E9
:10E5E0003FF442AF6B68E26903F4800191427FF42B
:10E5F0005FAF226A03F03F0191427FF459AF616A35
:10E6000047F6C0721A40B2EB811F7FF451AFA26A85
:10E61000520803F44031013AB1EB024F7FF448AFA6
:10E62000E16A03F07062B2EB016F7FF441AF226BDD
:10E6300003F0E043B3EB027F14BF0120002013E797
:10E64000284A136C23F080531364F1E601207047CD
:10E650004A6856023FF59AAE23E7224B1A6842F405
:10E6600080221A601A6842F480321A6079E71D4BE2
:10E670001A6F42F004021A671A6F42F001021A6719
:10E6800089E7FCF73FF9064605E0FCF73BF9801BFC
:10E6900002283FF65DAF2B689901F6D4D4E9073123
:10E6A000626A0B4343EA8213D4E90A20216B43EAEE
:10E6B0000063520843EA0173013A0B4943EA0243FB
:10E6C00001226B600A66FCF71DF9064D044605E061
:10E6D000FCF718F9001B02283FF63AAF2B689A01A5
:10E6E000F6D5C0E600380240000047422DE9F0416F
:10E6F00082B01D4616460C460746FCF703F9354422
:10E700002D1AFCF7FFF8284B1B68C3F3CB3305FB2E
:10E7100003F380460193731C396807D18B6834EA90
:10E720000303FBD0002002B0BDE8F0818B6834EA1F
:10E730000303F7D1FCF7E6F8A0EB0800A84208D2E3
:10E74000019B002B019B03F1FF3308BF00250193C0
:10E75000E1E7D7E900315A68B1F5827F22F0E002A3
:10E760005A6014D0BA6AB2F5005F07D001220023C4
:10E7700087F8512087F850300320D4E71A6822F434
:10E7800000521A601A6842F400521A60EEE7BA6842
:10E79000B2F5004F02D0B2F5806FE3D11A6822F0D3
:10E7A00040021A60DEE700BF0000002000285CD0B5
:10E7B000416A70B50446002947D00023C0E90433FC
:10E7C00094F851200023A36202F0FF00002A42D0F7
:10E7D0009C462568A268022384F851302B6823F0F8
:10E7E00040032B60636802F4044203F48273134312
:10E7F000E26802F400621343226902F0020213434A
:10E80000626902F001021A43E36901F0100003F0AB
:10E810003806A169236A03F0800E01F400731343E4
:10E820003343090C43EA0E0301F0040143EA0C03ED
:10E8300001432B606960EB69002023F4006301222F
:10E84000EB61606584F8512070BD4368B3F5827F49
:10E85000B6D0C161B4E784F850002046FBF7D0FB86
:10E86000D4E9091303F4005CB3E70120704700BF4B
:10E870002DE9F041044690F85000012882B000F0E4
:10E8800087801D46012384F8503088461746FCF7E0
:10E8900039F894F85130012B0646D8B209D002203D
:10E8A0000122002384F8512084F8503002B0BDE8E2
:10E8B000F081B8F1000FF3D0002FF1D0A2682068EA
:10E8C000C4F8308000230321B2F5004F84F85110C2
:10E8D000C4E910336365A786E786A363A387E3874C
:10E8E00000F0838003685B06844603D4036843F02A
:10E8F00040030360E368B3F5006F63684CD0002BFE
:10E9000000F09580012F00F09280E38E9BB2BBB1A6
:10E91000002D00F0CB806F1C7ED123689A68900791
:10E9200040F19080226B12781A73E18E236B0139CB
:10E9300089B2E186E18E013389B223630029ECD1EB
:10E940006268724B72491B68A1FB03135B0D4FF4A5
:10E950007A7101FB03F3B2F5827F019307D1C6E020
:10E96000019B2268013B019393681B0602D5019B22
:10E97000002BF5D1A36833B922680093D3680093C4
:10E9800093680093009B606D003818BF012087E7F3
:10E99000022002B0BDE8F0811A46002B74D1414636
:10E9A00031F8027BC7602163E18E013989B2E186CB
:10E9B000E18E89B20029C4D0002D00F08B80691C43
:10E9C00058D183689A0740F18980226B32F8023B64
:10E9D000C360E38E2263013B9BB2E386E38E9BB26E
:10E9E000002BEED163681A46ABE7036823F04003BF
:10E9F0000360036843F48043036073E7226B12787B
:10EA00001A73E38E226B013B01329BB2E3862263D1
:10EA1000E38E9BB2002B93D023689A689107EDD4C4
:10EA2000FBF770FF801B8542F2D8032038E798F887
:10EA300000300373E38E226B013B01329BB22263F1
:10EA4000E38662E7FBF75EFFE38E9BB2002B7FF469
:10EA500064AF75E7226B32F8023BCCF80C30E38EE2
:10EA60002263013B9BB2E386E38E9BB2002BB9D0BD
:10EA7000D4F800C0DCF808309B07EBD4FBF742FF6A
:10EA8000801B8542D1D9EFE7012F91D187E7226B17
:10EA900012781A73E38E226B013B9BB2E386E38EFE
:10EAA00001329BB22263002B3FF44AAF23689A687D
:10EAB0009207ECD4FBF726FFB7E7216B31F8022B66
:10EAC000C260E28E2163013A92B2E286E28E92B295
:10EAD000002A88D082689707ECD5EEE7FBF712FF93
:10EAE000E38E9BB2002B3FF47DAF206869E733468D
:10EAF0002A4680212046FFF7F9FD00283FF43AAF6F
:10EB0000636D202213436365626533E700000020D4
:10EB1000819F5E162DE9F043044690F8500083B0C3
:10EB200001280A9D00F083801F46012384F850309D
:10EB300089469046FBF7E6FE064694F85100636866
:10EB40000128C1B211D0B3F5827F09D00220012281
:10EB5000002384F8512084F8503003B0BDE8F083DE
:10EB6000A268002AF2D10429F0D1B9F1000F62D0D5
:10EB7000B8F1000F5FD0002F5DD094F85120C4F899
:10EB80003880042A1CBF052284F8512000226265C7
:10EB9000C4E910222268E787E7861168A78749063B
:10EBA000C4F83090A78603D4116841F04001116089
:10EBB000E168B1F5006F4ED0002B3ED0012F3CD064
:10EBC0000127E38E9BB21BB9E38F9BB2002B7FD052
:10EBD0002268936899070FD5E38E9BB263B15FB14A
:10EBE000236B1B781373E38E226B013B01329BB2C4
:10EBF00022632268E3860027936813F001030DD097
:10EC0000E18F89B251B11F46A36BD2681A70A36B12
:10EC10000133A363E38F013B9BB2E387FBF772FEF3
:10EC2000801BA84214D36A1CCBD003208FE702209C
:10EC300003B0BDE8F083012089E799F80030137331
:10EC4000E38E226B013B01329BB22263E386B7E77E
:10EC5000002DB6D1E9E7002B6CD1494631F8023BD3
:10EC6000D360E38E2163013B9BB2E3866A1C4FF0C5
:10EC7000010725D061E0226893689B070DD5E38EDC
:10EC80009BB253B14FB1216B31F8023BD360E38E9D
:10EC90002163013B9BB20027E386936813F00103D5
:10ECA0000CD0E18F89B249B1D168A26B22F8021B66
:10ECB0001F46E38FA263013B9BB2E387FBF722FE73
:10ECC000E38E9BB2002BD6D1E38F9BB2002BD2D127
:10ECD000334B344A1B68A2FB03235B0D4FF47A725B
:10ECE00002FB03F362680193B2F5827F14D13346CD
:10ECF0002A4680212046FFF7F9FC80B1636D20226F
:10ED0000134363650120626521E7019B2268013B93
:10ED1000019393681B0602D5019B002BF5D1A068D7
:10ED200000283AD123680090DA6800929B6800932B
:10ED3000009B0CE7012F99D18FE7E38E9BB21BB9A3
:10ED4000E38F9BB2002BC3D02268936898070DD540
:10ED5000E38E9BB253B14FB1236B33F8021BD160EA
:10ED60002363E38E013B9BB20027E386936813F095
:10ED700001030CD0E18F89B249B1D168A26B22F8AE
:10ED8000021B1F46E38FA263013B9BB2E387FBF7A5
:10ED9000B9FD801BA842D0D347E70020D7E600BFCB
:10EDA00000000020819F5E1690F85100704700BF60
:10EDB000002800F0878010B590F83D30044603F03D
:10EDC000FF02002B79D022683F49022384F83D30AE
:10EDD0008A4213685DD0B2F1804F31D0A1F57C41F9
:10EDE0008A422DD001F580618A4229D001F58061E7
:10EDF0008A4225D001F578418A424AD001F5705106
:10EE00008A4221D001F580618A421DD001F58061DE
:10EE10008A4219D0A1F598318A4215D001F5806156
:10EE20008A4211D001F580618A420DD0A069E16863
:10EE300023F08003034313606368D162936210E0A0
:10EE4000A16823F070030B432069A16923F4407388
:10EE5000034323F08003E0680B4361681360D062D2
:10EE600091620123536184F8463084F83E3084F87F
:10EE70003F3084F8403084F8413084F8423084F8E0
:10EE8000433084F8443084F8453084F83D30002025
:10EE900010BDA068216923F07003034323F440737D
:10EEA0000B43A16923F080030B431360E368D36233
:10EEB0006368936263691363D3E780F83C20FBF7D0
:10EEC000A1FB80E7012070470000014090F83D3031
:10EED000012B2CD10368184A0221934280F83D107F
:10EEE0001AD0B3F1804F17D0A2F57C42934213D0D1
:10EEF00002F5806293420FD002F5806293420BD0FC
:10EF000002F57842934207D002F57052934203D043
:10EF1000A2F59432934204D19A6802F00702062ABD
:10EF200007D01A6842F0010200201A6070470120E1
:10EF300070470020704700BF0000014090F83D304E
:10EF4000012B2FD103681949022280F83D20DA688D
:10EF50008B4242F00102DA6019D0B3F1804F16D033
:10EF6000134A934213D002F5806293420FD002F508
:10EF7000806293420BD002F57842934207D002F5AB
:10EF80007052934203D0A2F59432934204D19A680E
:10EF900002F00702062A07D01A6842F00102002098
:10EFA0001A60704701207047002070470000014040
:10EFB00000040040704700BF002800F0878010B5B3
:10EFC00090F83D30044603F0FF02002B79D0226810
:10EFD0003F49022384F83D308A4213685DD0B2F184
:10EFE000804F31D0A1F57C418A422DD001F580615E
:10EFF0008A4229D001F580618A4225D001F5784105
:10F000008A424AD001F570518A4221D001F58061CF
:10F010008A421DD001F580618A4219D0A1F598314C
:10F020008A4215D001F580618A4211D001F58061D4
:10F030008A420DD0A069E16823F080030343136086
:10F040006368D162936210E0A16823F070030B4300
:10F050002069A16923F44073034323F08003E0682F
:10F060000B4361681360D06291620123536184F89D
:10F07000463084F83E3084F83F3084F8403084F8DD
:10F08000413084F8423084F8433084F8443084F8C6
:10F09000453084F83D30002010BDA068216923F080
:10F0A0007003034323F440730B43A16923F08003EF
:10F0B0000B431360E368D36263689362636913630D
:10F0C000D3E780F83C20FFF775FF80E70120704709
:10F0D00000000140002941D190F83E30012B45D17C
:10F0E0000368022280F83E20DA6842F00202DA6009
:10F0F000186A012201F01F0102FA01F120EA010061
:10F100001862186A404A01439342196250D002F5CE
:10F11000806293424CD0B3F1804F14D03B498B4274
:10F1200011D001F580618B420DD001F580618B42D9
:10F1300009D0934207D002F57052934203D0A2F552
:10F140009432934204D19A6802F00702062A38D01A
:10F150001A6842F0010200201A607047042945D065
:10F16000082930D090F84130012B01D001207047A0
:10F1700004293FD008292AD002220B1F80F8412001
:10F18000082BF3D801A252F823F000BFFBF10008CE
:10F190006DF100086DF100086DF10008D5F100086F
:10F1A0006DF100086DF100086DF10008E1F1000853
:10F1B0005A6C42F400425A649A6802F00702062A26
:10F1C000C6D10020704790F84030012BCED10223E9
:10F1D00080F840300368DA6842F00802DA6087E7B6
:10F1E0000368DA6842F01002DA6081E790F83F3095
:10F1F000012BBBD1022380F83F300368DA6842F06C
:10F200000402DA6074E700BF00000140000400401F
:10F210000C2908D8DFE801F0440707073E07070775
:10F22000380707070900012070470368DA6822F0F1
:10F230001002DA601A6A10B44FF0010C01F01F04DA
:10F240000CFA04FC22EA0C021A62294A1C6A1C62AB
:10F2500093422BD002F58062934227D01C6A41F280
:10F260001112144208D11C6A40F24442144203D1E4
:10F270001A6822F001021A60012331BB80F83E3087
:10F280005DF8044B084670470368DA6822F008020C
:10F29000DA60CFE70368DA6822F00402DA60C9E7CF
:10F2A0000368DA6822F00202DA60C3E71C6A41F2FE
:10F2B00011121442D2D11C6A40F244421442CDD100
:10F2C0005A6C22F400425A64C8E7042909D008297C
:10F2D0000CBF80F8403080F841305DF8044B0020CE
:10F2E000704780F83F305DF8044B0020704700BF46
:10F2F0000000014090F83C30012B00F0A980012370
:10F30000F0B480F83C300C2A08D8DFE802F035076A
:10F310000707580707077D0707070E00002280F838
:10F320003C2001231846F0BC704702680E68136A3F
:10F3300023F480531362146A5568D36923F4E643B7
:10F3400043EA06238E6824F4005444EA06345C4EF3
:10F35000B24200F09F8006F58066B24200F09A80CB
:10F3600049685560D36111641462002280F83C2022
:10F3700000231846F0BC704702680E68136A23F039
:10F3800001031362146A5568936923F073033343CE
:10F390008E6824F002043443494EB2425BD006F535
:10F3A0008066B24257D049685560936151631462D8
:10F3B000002280F83C2000231846F0BC7047026809
:10F3C0000E68136A23F010031362146A5568936978
:10F3D00023F4E64343EA06238E6824F0200444EA3B
:10F3E0000614374EB24245D006F58066B24241D08F
:10F3F00049685560936191631462002280F83C2053
:10F4000000231846F0BC704702680E68136A23F4A4
:10F4100080731362146A5568D36923F0730333430E
:10F420008E6824F4007444EA0624254EB24237D094
:10F4300006F58066B24233D049685560D361D16326
:10F440001462002280F83C2000231846F0BC70476C
:10F45000022318467047CE6824F008043443D1E9EB
:10F46000057625F4407547EA060C24F004044CEABE
:10F47000050598E7CE6824F0800444EA0614D1E933
:10F48000057625F4406547EA060C24F0400445EA79
:10F490008C05ADE74E6925F4804545EA86155FE7A2
:10F4A000CE6824F4006444EA0624D1E9057625F404
:10F4B000405547EA060C24F4806445EA0C15BBE786
:10F4C0000000014090F83C30012B75D0024630B46A
:10F4D0000223046882F83D30012082F83C00A368D2
:10F4E00023F47F4323F07703A3600B68602B65D080
:10F4F00024D8402B7CD04BD9502B17D14868CD68ED
:10F50000216A236A23F001032362A36921F00A011F
:10F5100023F0F003014343EA0513A3612162A368CA
:10F5200023F0700343F057030020A3600121002360
:10F5300082F83D1082F83C3030BC7047B3F5805FF4
:10F5400038D0B3F5005F10D1D1E90153A0682B4347
:10F55000CD6820F47F4143EA05230B43A360A368F1
:10F5600043F480430020A360E0E7702BDED1D1E9B3
:10F570000153A0682B43CD6820F47F4143EA052363
:10F580000B43A360A36843F077030020A360CDE79B
:10F59000202B02D00AD9302BC8D1A16821F07001EC
:10F5A0000B4343F007030020A360BFE733F01001D3
:10F5B000BCD1F2E70020B9E702207047206ACB688F
:10F5C0004D6820F010002062A16921F4704141EAE9
:10F5D0000331236AA16123F0A00343EA05132362E8
:10F5E000A36823F0700343F067030020A3609DE746
:10F5F0004868CD68216A236A23F001032362A36966
:10F6000021F00A0123F0F003014343EA0513A3614B
:10F610002162A36823F0700343F047030020A36036
:10F6200084E700BF90F83C20012A50D0034670B414
:10F630000222046883F83D20012083F83C00A26880
:10F6400048680D6822F07002024322F007022A4344
:10F650005028A26060D00FD960283AD070280ED10F
:10F66000D1E90252A0682A430D6920F47F4142EAA1
:10F6700005220A43A2600FE040283DD007D90120AF
:10F68000002283F83D0083F83C2070BC704720289E
:10F6900002D012D93028F2D1E26822F04002E260B2
:10F6A000E2680021012522F48042E26083F83D50A7
:10F6B00083F83C10084670BC704730F01002EBD065
:10F6C0000120002283F83D0083F83C20DDE7022082
:10F6D0007047206A0A698D6820F010002062A169D5
:10F6E00021F4704141EA0231226AA16122F0A002B4
:10F6F00042EA05122262CFE7052DC0D0256A206AB2
:10F700000E6920F001002062A26922F0F00242EAB4
:10F710000612A2612562BFE788680D69216A21F09F
:10F720000A010143206A20F001002062A26922F050
:10F73000F00242EA0512A2612162ADE7704700BF04
:10F74000704700BF704700BF03681A69910710B582
:10F75000044602D5DA6892075FD41A69500702D5C9
:10F76000DA68510746D41A69120702D5DA68100719
:10F770002ED41A69D20602D5DA68D00618D41A69CE
:10F78000D10702D5DA68D2075DD41A69100602D50E
:10F79000DA6811065FD41A69520602D5DA68500693
:10F7A00061D41A69910602D5DA68920643D410BD75
:10F7B0006FF01001082219612277DB6913F4407F92
:10F7C000204664D0FFF7BAFF002223682277D6E7ED
:10F7D0006FF00801042219612277DB69990720463E
:10F7E00052D102F04FFA2046FFF7AAFF0022236809
:10F7F0002277BEE76FF004010222196122779B692C
:10F8000013F4407F20463CD102F03CFA2046FFF73B
:10F8100097FF002223682277A5E76FF002010122FB
:10F82000196102779B699B0725D0FFF787FF0022AC
:10F830002368227791E76FF0200220461A61BDE825
:10F84000104000F06BB86FF001021A612046FAF721
:10F8500063FB236899E76FF080021A61204600F08D
:10F860005FF8236897E76FF040021A612046FFF7C0
:10F8700069FF236895E702F005FA2046FFF760FF6D
:10F88000D5E7FFF75BFFC4E7FFF758FFAEE702F0ED
:10F89000F9F92046FFF754FF96E700BF90F83C3097
:10F8A000012B37D00368022230B480F83D205A681B
:10F8B0000D689C6822F070022A435A60164A9342EF
:10F8C0001AD0B3F1804F17D0A2F57C42934213D0E7
:10F8D00002F5806293420FD002F5806293420BD012
:10F8E00002F57842934207D002F57052934203D05A
:10F8F000A2F59432934204D14A6824F08004144360
:10F900009C600023012280F83D2080F83C3030BC10
:10F91000184670470220704700000140704700BF42
:10F92000704700BF002800F08F8038B590F83D3058
:10F93000044603F0FF02002B00F081802368E0689A
:10F94000242284F83D20DA6822F40052DA60196932
:10F95000A26821F4405101432069196102436069A2
:10F96000D9680243E06921F4164121F00C010243F9
:10F970000A43DA605A69A069344922F440720243AA
:10F980008B425A6135D0324A934232D0FEF70EFA9A
:10F99000E369B3F5004F32D0636819219A00A0FBE8
:10F9A00001019B0FF9F7C8F82A49A1FB003252095F
:10F9B000642505FB1200000132302368A1FB001012
:10F9C000120102EB501098601A6922F490421A61F9
:10F9D0005A6922F02A025A61DA680025202142F48D
:10F9E0000052DA60256484F83D1084F83E10284601
:10F9F00038BDFEF7EBF9E369B3F5004FCCD162688F
:10FA0000192192184FF000035B41A0FB0101F9F7A7
:10FA100093F8104BA3FB00214D09642202FB150251
:10FA2000D2003232A3FB0232C2F342111209236820
:10FA300001EB051102F4F8720A449A60C4E780F8F9
:10FA40003C20FAF793FE79E701207047001001404F
:10FA5000001401401F85EB512DE9F843054690F84D
:10FA60003D00202877D18946002940D01446002A3D
:10FA70003DD01E4695F83C30012B6CD0012385F813
:10FA80003C304FF000082123C5F8408085F83D3018
:10FA9000FAF738FFAB68AC84B3F5805FEC840746B7
:10FAA0005CD0EB8C00229BB285F83C20002B7ED0F2
:10FAB0002C68721C1ED122681306FCD5B9F1000F08
:10FAC00044D019F8013B6360EB8C013B9BB2EB84A3
:10FAD000EB8C9BB2002BECD1711C45D123685A06EC
:10FAE000FCD5202385F83D300020BDE8F8830120B7
:10FAF000BDE8F88323681806E0D42EB1FAF702FFB8
:10FB0000C01B86422C68D4D204F10C0353E8003F9A
:10FB100023F4D07304F10C0141E80032002AF3D140
:10FB200004F1140353E8003F23F0010304F114012E
:10FB300041E80032002AF3D1202385F83D3085F8D2
:10FB40003C2085F83E300320BDE8F88338F8023BBE
:10FB5000C3F30803B7E70220BDE8F8832B69002B45
:10FB60009FD1C84699469CE723685B06B9D42EB15D
:10FB7000FAF7C8FEC01B86422C68ADD204F10C0314
:10FB800053E8003F23F4D07304F10C0141E8003244
:10FB9000002AF3D104F1140353E8003F23F00103DA
:10FBA00004F1140141E80032002AF3D1C4E72C68C3
:10FBB00092E700BFF8B5044690F83D00202835D103
:10FBC00091B38AB394F83C0001282FD00120E2843D
:10FBD00084F83C00A284606BDFF85CC0144F154EC3
:10FBE00021621346226800254FF0210E256404325D
:10FBF00084F83DE0C0E90FC7C0E91365FBF7EAFBF5
:10FC000022686FF04003136084F83C5002F1140343
:10FC100053E8003F43F0800302F1140040E8003154
:10FC20000029F3D10020F8BD0120F8BD0220F8BD65
:10FC30006DFE000885FE00081DFE000810B5036873
:10FC4000596990F83D20212A044606D0596994F854
:10FC50003E20222A28D0002010BD0906F6D503F147
:10FC6000140252E8002F22F0800203F1140040E851
:10FC700000210029F3D1606B10B1FBF7EBFB236887
:10FC800003F10C0252E8002F22F0C00203F10C0035
:10FC900040E800210029F3D1202284F83D20596951
:10FCA00094F83E20222AD6D14A06D4D503F1140274
:10FCB00052E8002F22F0400203F1140040E8002136
:10FCC0000029F3D1A06B10B1FBF7C4FB236803F14B
:10FCD0000C0252E8002F22F4907203F10C0040E86D
:10FCE00000210029F3D103F1140252E8002F22F081
:10FCF000010203F1140040E800210029F3D1226B36
:10FD0000012A06D02022002384F83E20002023630D
:10FD100010BD03F10C0252E8002F22F0100203F193
:10FD20000C0040E800210029F3D1EBE7036810B58F
:10FD3000044603F10C0252E8002F22F4F07203F1A2
:10FD40000C0040E800210029F3D103F1140252E82D
:10FD5000002F22F0010203F1140040E800210029E5
:10FD6000F3D1226B012A3BD05A69110622D45A6979
:10FD7000520613D503F1140252E8002F22F040027C
:10FD800003F1140040E800210029F3D1A06B28B151
:10FD900000230365FBF75EFB002837D100232022F8
:10FDA000E384E385236484F83E2084F83D201846EC
:10FDB000236310BD03F1140252E8002F22F08002E9
:10FDC00003F1140040E800210029F3D1606B002802
:10FDD000CDD000230365FBF73DFB70B92368C6E770
:10FDE00003F10C0252E8002F22F0100203F10C0084
:10FDF00040E800210029F3D1B6E7606BFBF778FCFF
:10FE00002028EBD110232364032010BDA06BFBF747
:10FE10006FFC2028C2D1F5E7704700BF08B5036822
:10FE2000806B1B6813F480731AD10268C38402F1DB
:10FE3000140353E8003F23F0800302F1140040E86C
:10FE400000310029F3D102F10C0353E8003F43F0E5
:10FE5000400302F10C0040E800310029F3D108BD55
:10FE6000FFF7DAFF08BD00BF704700BF08B5806B21
:10FE7000FFF7FAFF08BD00BF704700BF704700BF23
:10FE8000704700BF08B5806B0368596990F83D2042
:10FE9000212A0BD0596990F83E20222A1ED0036CEB
:10FEA00043F010030364FFF7EBFF08BD0906F1D52B
:10FEB0000022C28403F10C0252E8002F22F0C0029B
:10FEC00003F10C0C4CE800210029F3D1202280F82A
:10FED0003D20596990F83E20222AE0D14A06DED51D
:10FEE0000022C28503F10C0252E8002F22F4907226
:10FEF00003F10C0C4CE800210029F3D103F11402AA
:10FF000052E8002F22F0010203F1140C4CE800210A
:10FF10000029F3D1026B012A05D02022002380F8AA
:10FF20003E200363BBE703F10C0252E8002F22F0EE
:10FF3000100203F10C0C4CE800210029F3D1ECE78E
:10FF400008B5806B0023C385C384FFF799FF08BD04
:10FF5000704700BF036810B5044603F10C0252E875
:10FF6000002F22F4907203F10C0040E800210029D8
:10FF7000F3D103F1140252E8002F22F0010203F141
:10FF8000140040E800210029F3D1226B012A1CD083
:10FF90005A6912F040022FD003F1140252E8002FE8
:10FFA00022F0400203F1140040E800210029F3D1BF
:10FFB000A36BBBB1154A1A651846FBF793FA10B14B
:10FFC000A06B036D9847002010BD03F10C0252E8AE
:10FFD000002F22F0100203F10C0040E8002100295C
:10FFE000F3D1D5E72022E385204684F83E20236321
:10FFF000FFF7AEFF002010BD2023E285204684F8E5
:020000040801F1
:100000003E302263FFF7A4FF002010BD110001085D
:1000100008B5806B00232022C38580F83E2003634F
:10002000FFF796FF08BD00BF806B08B5036B012B7F
:1000300002D0FFF723FF08BD818D4908F9F75CFF67
:1000400008BD00BF08B50368806B1A6812F480729F
:100050002BD10368C28503F10C0252E8002F22F471
:10006000807203F10C0C4CE800210029F3D103F15C
:10007000140252E8002F22F0010203F1140C4CE8A4
:1000800000210029F3D103F1140252E8002F22F0DD
:10009000400203F1140C4CE800210029F3D1202286
:1000A00080F83E20026B012A05D0036B012B0FD094
:1000B000FFF7E2FE08BD03F10C0252E8002F22F028
:1000C000100203F10C0C4CE800210029F3D1ECE7FD
:1000D000818DF9F711FF08BD8368B3F5805F44D0C7
:1000E000826A002B39D003685B6803F07F031370CA
:1000F000836A01338362C38D013B9BB2C385002BAE
:1001000032D10268D16821F0200100B5D160D168F8
:1001100021F48071D16051694FF0200C21F0010170
:10012000516180F83EC0016B012983B028D103637F
:1001300002F10C0353E8003F23F0100302F10C0C12
:100140004CE800310029F3D11368DB0622D4818DFD
:10015000F9F7D2FE03B05DF804FB0369002BC2D1AE
:1001600003685B681370C3E7704703696BB9026883
:10017000836A5268C2F3080223F8022B8362BAE74B
:10018000FFF77AFE03B05DF804FB0368826A5B68E0
:100190001370ADE700230193136801935368019333
:1001A000019BD4E730B503681A68D9685D6912F01D
:1001B0000F0F83B004466ED1950602D58D0600F16F
:1001C000B180206B01280BD0100602D50D0600F17E
:1001D000B380500602D54A0600F1CD8003B030BD91
:1001E000D506F1D5C806EFD5002201921A68019212
:1001F0005A680192019A5A69550640F11681A06B1E
:100200000268526892B2002AE8D0A18D9142E5D9E5
:10021000E285C269B2F5807F36D003F10C0252E864
:10022000002F22F4807203F10C0545E8002100291B
:10023000F3D103F1140252E8002F22F0010203F17E
:10024000140545E800210029F3D103F1140252E816
:10025000002F22F0400203F1140545E80021002997
:10026000F3D1202284F83E20216303F10C0252E8EE
:10027000002F22F0100203F10C0545E800210029AF
:10028000F3D1FBF7E7F8A18DE38DC91A204689B2B7
:10029000F9F732FEA2E705F0010501F4907028435A
:1002A0008FD0D00705D5C80503D5206C40F00100DC
:1002B0002064500731D54DB1206C40F0020020641D
:1002C000900703D5206C40F004002064100707D588
:1002D00001F02000284303D0206C40F00800206487
:1002E000206C00283FF47AAF900609D5890607D51F
:1002F00094F83E20222A03D12046FFF7EDFE236822
:100300005A69256C02F0400205F0080515433DD1FD
:100310002046FFF7B5FD256460E79007D6D5002D90
:10032000D0D1D3E790F83E30222B7FF457AF03B003
:10033000BDE83040FFF7D0BE94F83D20212A7FF47D
:100340004DAFA268B2F5805F00F0A880226A511C10
:10035000216212785A60E28C013A92B2E284002A59
:100360007FF43CAFDA6822F08002DA60DA6842F0AB
:100370004002DA6032E7DA68202122F04002DA60D7
:10038000204684F83D10FFF747FD27E703F10C02F4
:1003900052E8002F22F4907203F10C0040E8002193
:1003A0000029F3D103F1140252E8002F22F00102D8
:1003B00003F1140040E800210029F3D1226B012A47
:1003C00022D00022202184F83E1022635A6952066E
:1003D00027D503F1140252E8002F22F0400203F166
:1003E000140040E800210029F3D1A06BC8B1314BC3
:1003F0000365FBF777F800283FF4F0AEA06B036DC0
:1004000003B0BDE83040184703F10C0252E8002F5A
:1004100022F0100203F10C0040E800210029F3D182
:10042000CFE72046FFF72CFDD8E6E18DE28D92B2B2
:1004300089B2002A3FF4D2AEA28D511A89B20029A6
:100440003FF4CCAE03F10C0252E8002F22F490727C
:1004500003F10C0545E800200028F3D103F1140254
:1004600052E8002F22F0010203F1140545E80020B4
:100470000028F3D1202284F83E20206303F10C02EF
:1004800052E8002F22F0100203F10C0545E800208D
:100490000028F3D12046F9F72FFD9FE62269002AB4
:1004A0007FF454AF226A32F8021BC1F3080159608D
:1004B000226250E741FF000870B522230025044660
:1004C0000564816280F83E308285806B1F4E056531
:1004D00013460A462168C6631D4E06641D4EC66457
:1004E00082B00431FAF776FF236801951A68019209
:1004F000596822690191019984F83C505AB103F17D
:100500000C0252E8002F42F4807203F10C0040E824
:1005100000210029F3D103F1140252E8002F42F028
:10052000010203F1140040E800210029F3D103F196
:10053000140252E8002F42F0400203F1140141E896
:1005400000200028F3D102B070BD00BF45000108B3
:100550002900010885FE000890F83EC0BCF1200F7C
:1005600015D1C9B130B583B072B190F83C30012BD0
:1005700004460ED0012380F83C300363FFF79CFF54
:1005800018B9236B012B09D0012003B030BD022024
:100590007047022003B030BD0120704722680190EF
:1005A0001368019353680193019B02F10C0353E814
:1005B000003F43F0100302F10C0444E8003100292D
:1005C000F3D1E2E710B58CB004462C22002101A83B
:1005D00018F088FC0E4B089342F21072ADF82420FC
:1005E0000C4B0A930DF1040C20228DF82620BCE858
:1005F0000F00A646AEE80F00BCE80F00AEE80F0003
:100600009CE807008EE8070020460CB010BD00BF34
:10061000A086010080C3C901002867D0F0B50C4650
:1006200083B0002958D00B68002B55D0CB68002B25
:1006300052D08B68002B4FD0064691F82300154608
:1006400000F0D2FC002847D0237E013B072B43D883
:10065000238C002B40D06268637EB2FA82F2B3FA38
:1006600083F352095B099A4236D194F828309BB340
:10067000E3698BB348220021304618F033FCA646CC
:10068000BEE80F00B446ACE80F00BEE80F00676894
:10069000ACE80F009EE807008CE80700F562FFB1A8
:1006A000607ED8B14FF080430022CDE90023237E45
:1006B000CBB1002503E0237EAB4214DD67682946F9
:1006C00001236A463046B847002805F10105F2DAF1
:1006D0006FF0020003B0F0BD4FF0FF3003B0F0BD8B
:1006E000384603B0F0BD002003B0F0BD4FF0FF303E
:1006F000704700BF2DE9F04F054693B08946144678
:1007000000F07CFC002D00F0F38006460F46002C24
:1007100078D02B7E994580F0EB80227B043AD2B2D0
:10072000042A00F2E880D4F808A01AF0804340F0D0
:10073000E280BAF1000F70DA4FEA1A4313F4F85F5F
:10074000CAF30C4140F0DA80CBB205930DF11C0BDB
:100750000023CBF808300793CBF8043023788DF8CA
:100760002430A3788DF82530E3788DF82630211DCC
:100770006378584600F0B6FAB0F1000844DB1AF48A
:10078000F06FCAF30A084AD0A8F18003472B0BD9AF
:10079000A8F1C803B3F5E16F41D3A8F5FA631F2BA5
:1007A00002D96FF006082FE06B698BB1059A8DF8BE
:1007B0003E209BE807000DF1300CCDE90A678DF86B
:1007C0003F90ADF83C808CE807000AA9284698477E
:1007D0005A464146284600F003FB98B1A96B9DF8A4
:1007E000252011B90EE0096861B10B7D9342FAD161
:1007F000CDE900B4CDE9026743465FFA89F22846A5
:1008000000F024FB4FF0000832463B46284600F03B
:10081000B7FB404613B0BDE8F08F059396E76C69CF
:1008200084B19BE80700059B8DF83E300CABCDE909
:100830000A678DF83F90ADF83C8083E807000AA96D
:100840002846A047EB6B1BB9DCE71B68002BD9D00F
:100850009A894245F9D19A7B05998A42D2D901EB0E
:10086000410203EBC2024FEA410ED2E9041451EAFD
:10087000040012D0686A711A67EB0404814274F1B3
:1008800000010AD292F822109DF82620521A12F185
:100890007F0F02DB013A7D2AB4D8059A5C68964442
:1008A00002F1010C9BE807000CEB4C0C03EBCE0EA5
:1008B00003EBCC0C8CE80700CEE90467002CA1D038
:1008C000ADF840804FF00008059A8DF84780CDF8CC
:1008D00043809B688DF842209BE807000C930DAB8A
:1008E000CDE90A6783E807000AA92846A0478BE7F5
:1008F0004FF0FF388DE76FF00A0885E76FF00808C2
:1009000082E700BFB0B37F2970B50C461646054696
:1009100004D9A1F1C803B3F5E16F25D22B6C13B94B
:1009200008E01B6833B1B3F804C0A445F9D16FF0F7
:10093000040070BD0821284600F062FB0146B0B1FA
:1009400000234B600B608C802B7E012B83BF86F0D5
:1009500001035B425BB24FF0FF3305F14000CB7106
:1009600000F048F9002070BD6FF0060070BD6FF018
:10097000010070BD4FF0FF30704700BF002800F04D
:100980008E80002A00F08B802DE9F0417F2988B00D
:10099000054604D9A1F1C800B0F5E16F7AD22C6CFC
:1009A0001CB959E02468002C56D0B4F804C08C451A
:1009B000F8D194F90770002F53DB781C40B2E07136
:1009C0002E7EB042A4BF0020E0710DF1040C002087
:1009D00095F82880CCF808000190CCF804008DF838
:1009E0000D308DF80C8094F806E0C1F30A060EF184
:1009F0000101A1710590079092E803008CE80300C3
:100A000095F829108DF80EE001BB06968DF812308E
:100A100061469DF804308DF8108005A88DF813E02C
:100A20008DF8113000F0ECF800280CDB04307B1C52
:100A30008DF81C0018D02B6804AA39462846984720
:100A4000012824D1002008B0BDE8F08146EA014128
:100A500041F000410691D9E76FF0030008B0BDE80E
:100A6000F0814FF0FF37B0E72B7E83B1002634468C
:100A70002B68214604AA284698472B7E012804F1BA
:100A8000010408BF01269C42F2DB002EDAD16FF090
:100A90000200D8E76FF0060008B0BDE8F0814FF023
:100AA000FF307047002855D0002953D070B5134649
:100AB000044607C988B001AD85E807009DF80C2001
:100AC000002A3CD094F82810914240D100211846C9
:100AD00000F070F9002830DBC0F30A0306939DF89C
:100AE0000C308DF810309DF804308DF811309DF8E1
:100AF0000D308DF8123000269DF80E3005962946EF
:100B000005A807968DF8133000F07AF8002814DB5A
:100B1000237E04308DF81C003546ABB1236829468E
:100B200004AA20469847237E012805F1010508BF45
:100B300001269D42F2DB3EB1002008B070BD94F862
:100B400028208DF80C20C1E76FF00200F5E76FF068
:100B50000700F2E74FF0FF30704700BF002846D093
:100B60002DE9F043846B83B00D4617469846064640
:100B700014B90AE0246844B194F814C0AC45F9D122
:100B80006FF0040003B0BDE8F08396F8222018212E
:100B90004FF0100919FB021211463046019200F085
:100BA0002FFA019A0446F8B1002118F09BF90A9B2C
:100BB000E360C4E901780B9B236196F822206275FB
:100BC000257542B1234619FB0242FF2183F8241008
:100BD00010339342FAD106F13800214600F00AF8AA
:100BE000002003B0BDE8F0836FF00100F9E74FF09B
:100BF000FF30704718B111B103680B600160704796
:100C000010B582B000285BD0002959D0034603C933
:100C100002AA02E903009DF800201F2A53D8DFE84A
:100C200002F04C10101010104141412C2C2C353585
:100C3000352F2F2F29292910102C292F323232320B
:100C40001010019A0021100E60F30701C2F3074053
:100C500060F30F21C2F3072060F3174162F31F61B5
:100C600004220191144601A9184618F013F92046F0
:100C700002B010BD02221446F5E701221446F2E745
:100C800004221446EFE703221446ECE7BDF8040003
:100C9000BDF80620040A002164F3070160F30F2168
:100CA000100AD9E7BDF804108DF805100222C1F32F
:100CB00007208DF804001446D5E700221446D2E739
:100CC0004FF0FF34D3E7632A03D99DF80140042C89
:100CD00002D96FF00504CAE7224601A9184618F0A8
:100CE000D9F8C4E700295DD070B5044600285CD06F
:100CF000042A164653D81D4600230360436005703E
:100D00004270043018F0C6F81F2D46D8DFE805F011
:100D10004310101010103C3C3C2626262C2C2C286E
:100D2000282824242410102624282A2A2A2A1010AD
:100D300062680023110E61F30703C2F3074161F3F8
:100D40000F23C2F3072161F3174362F31F6363604C
:100D50000420864223D170BD0220FAE70120F8E783
:100D60000420F6E70320F4E7A188E288080A0023BC
:100D700060F3070361F30F23110A61F3174362F372
:100D80001F6363600420E4E7A3886371C3F3072350
:100D900023710220DDE70020DBE7632D08D86FF028
:100DA000050070BD4FF0FF3070474FF0FF3070BD51
:100DB000304670BD232809D96438C0B20F280BD83B
:100DC00000F57A70400031B9013070474030C0B250
:100DD00040000029F8D070476FF00900FBE700BF22
:100DE000A1F18003472B84461CD9A1F5FA631F2B80
:100DF00029D821F00103A3F5FA63C9435B1001F080
:100E00000100643340B1137A9CF828209A4208D03C
:100E1000B3FA83F0400970479CF82310DBB2994283
:100E20000AD0704721F00103C943803B01F0010063
:100E30005B100028E7D1EFE7117A9CF82800081A28
:100E400018BF012070470020704700BF2DE9F04F08
:100E500006468DB0A3F180004728DDE91879179C7C
:100E600067D9A3F5FA601F2800F2838023F0010000
:100E7000A0F5FA60DB4303F001034010019300F199
:100E8000640303934D7DD4F80080002D3DD04FF0D6
:100E9000000C012001F1180390400293E64601EB9B
:100EA0000E12D2E906B21C68D3F804A05C457AEBB6
:100EB000020238BFE64654EA0A020CF1010C14D0D3
:100EC0009A68424511D1726A3C1B69EB0A0AA24238
:100ED0004FF0000272EB0A0207D31A7B024204D1E0
:100EE00002431A730DB0BDE8F08F654503F110039E
:100EF000D5D1029A02EB0E134FEA0E1EC3F80880FA
:100F0000187342F80E70C3F80490019BDBB9CC68EB
:100F1000002CE7D0169A0B69049707CACDE9059310
:100F200007AB83E8070004A93046A0470DB0BDE831
:100F3000F08F23F001008038DB43401003F0010301
:100F4000039001939EE78B68002BCBD00A6903992D
:100F50000497CDE9059200220A920B92169A8DF819
:100F6000281007CA07AC84E8070004A93046984750
:100F7000B8E7002301936FF00603039382E700BFF5
:100F80002DE9F0410546D0E90C101746511A2A8C7C
:100F900063EB0000914270F1000284B002D204B011
:100FA000BDE8F081AC6B98460023C5E90C78CDE92B
:100FB0000033CDE90233002CF1D06668694628463B
:100FC00066B123690293CDE90078B0472468002C0C
:100FD000E5D0666869462846002EF2D12468002CC8
:100FE000EBD104B0BDE8F081232805D964380F287F
:100FF0008CBF00200120704701207047836818478C
:1010000010B1C36803B118470020704710B10369DD
:1010100003B11847704700BF30B58C6883B0F4B196
:101020000B7B102B1BD12579CDB191F814C008345E
:10103000002303E0AB4204F1100410D0227B624590
:1010400003F10103F6D1A36823B10A690192614655
:1010500001AA9847002323606360A360E36003B0A4
:1010600030BD00BF2DE9F043D1F8088083B0B8F15E
:10107000000F25D098F8043013B300250E468146A2
:1010800008F108042F46217B0135A9B17268606818
:1010900001920090226830688242DDE900029041AE
:1010A0000AD2A36800220BB14846984727606760C0
:1010B000A760E76098F80430AB4204F11004E2DC6A
:1010C00003B0BDE8F08300BF30B58C6885B094B143
:1010D00001F10C020B46844607CA0DF1040E8EE89E
:1010E000070010258DF804501A7E2368029371467C
:1010F0006046FFF7D7FC05B030BD00BFF0B585B046
:1011000038B31646082202EB06120F461146054672
:101110000392FFF775FF0446F0B1039A002117F020
:10112000E1FE26710E49386820600E4B0E4ACDE96B
:10113000001428460021FFF711FD064610B930467D
:1011400005B0F0BD28462146FFF760FF304605B0E8
:10115000F0BD4FF0FF36F2E76FF00106EFE700BF9A
:1011600019100108C91001086510010870B90C4A6E
:10117000936843F0801343F400439360094A52F8A4
:10118000203043F0010342F820307047064A93684C
:1011900043F0801343F4004301289360EED070477E
:1011A00000640040548D002000680040F0B5614AA2
:1011B000036893428DB004D05F4A934216D00DB0BD
:1011C000F0BD5D4B9A6812F0E05F04465ED19B680B
:1011D0005B01F4D5584B9A68160103D59B68DD0076
:1011E00000F198802368544A9342E8D19B6813F039
:1011F000E05F0FD1504B9A685001E0D59A68110119
:10120000DDD59B68DA00DAD500200DB0BDE8F040EE
:1012100000F09EBD494D2A69002AEBDDEB682C6881
:101220005F1C03EB8303013A04EB8304C5E90372FB
:101230000FCC01AEB446ACE80F002368CCF8003008
:101240006B689DF810009F42A4BF0023EB60039BD6
:10125000002206A993420692C1E901224A610A903E
:1012600062DBC3F30A020692354A5B0F03F0020405
:10127000106809946B463246F9F706FD314B196840
:10128000002001EB410100F027FDB3E72B4D296958
:10129000002939DDEA682B68571C02EB820201390C
:1012A00003EB820C2961BCE80F0001AEB646AEE844
:1012B0000F00DCF80030CEF800306B68EF609F4222
:1012C000A8BF002306A9A8BFEB6000230693C1E9CD
:1012D00001334B61039B9DF810200A92002B1DDB0C
:1012E000C3F30A020692164A5B0F03F0020310686A
:1012F000099332466B46F9F7C7FC124B1968002078
:1013000001EB410100F0E8FC0B4B9B685F013FF5EE
:1013100061AF67E7002000F01BFD63E723F0604248
:10132000079204220892DEE723F060400422CDE910
:10133000070299E700640040006800400C000020AC
:10134000200000205C8D0020F0B5614A03689342C4
:101350008DB004D05F4A934216D00DB0F0BD5D4B06
:101360009A6812F0E05F04465ED19B685B01F4D599
:10137000584B9A68160103D59B68DD0000F19880F0
:101380002368544A9342E8D19B6813F0E05F0FD181
:10139000504B9A685001E0D59A681101DDD59B68E1
:1013A000DA00DAD500200DB0BDE8F04000F0D0BC86
:1013B000494D2A69002AEBDDEB682C685F1C03EBC2
:1013C0008303013A04EB8304C5E903720FCC01AE39
:1013D000B446ACE80F002368CCF800306B689DF889
:1013E00010009F42A4BF0023EB60039B002206A9CC
:1013F00093420692C1E901224A610A9062DBC3F37B
:101400000A020692354A5B0F03F002041068099441
:101410006B463246F9F738FC314B1968002001EB76
:10142000410100F059FCB3E72B4D2969002939DD52
:10143000EA682B68571C02EB8202013903EB820C2D
:101440002961BCE80F0001AEB646AEE80F00DCF83B
:101450000030CEF800306B68EF609F42A8BF0023D9
:1014600006A9A8BFEB6000230693C1E901334B61D5
:10147000039B9DF810200A92002B1DDBC3F30A0288
:101480000692164A5B0F03F0020310680993324676
:101490006B46F9F7F9FB124B1968002001EB41018B
:1014A00000F01AFC0B4B9B685F013FF561AF67E7EB
:1014B000002000F04DFC63E723F060420792042215
:1014C0000892DEE723F060400422CDE9070299E7A5
:1014D00000640040006800400C0000202000002054
:1014E0005C8D0020F0B5614A036893428DB004D052
:1014F0005F4A934216D00DB0F0BD5D4B9A6812F072
:10150000E05F04465ED19B685B01F4D5584B9A6856
:10151000160103D59B68DD0000F198802368544ACA
:101520009342E8D19B6813F0E05F0FD1504B9A686B
:101530005001E0D59A681101DDD59B68DA00DAD553
:1015400000200DB0BDE8F04000F002BC494D2A6912
:10155000002AEBDDEB682C685F1C03EB8303013A88
:1015600004EB8304C5E903720FCC01AEB446ACE8CA
:101570000F002368CCF800306B689DF810009F4284
:10158000A4BF0023EB60039B002206A993420692AE
:10159000C1E901224A610A9062DBC3F30A020692A2
:1015A000354A5B0F03F00204106809946B4632461B
:1015B000F9F76AFB314B1968002001EB410100F09B
:1015C0008BFBB3E72B4D2969002939DDEA682B68CD
:1015D000571C02EB8202013903EB820C2961BCE843
:1015E0000F0001AEB646AEE80F00DCF80030CEF8D2
:1015F00000306B68EF609F42A8BF002306A9A8BF18
:10160000EB6000230693C1E901334B61039B9DF816
:1016100010200A92002B1DDBC3F30A020692164A21
:101620005B0F03F002031068099332466B46F9F72B
:101630002BFB124B1968002001EB410100F04CFB21
:101640000B4B9B685F013FF561AF67E7002000F03F
:101650007FFB63E723F06042079204220892DEE7F3
:1016600023F060400422CDE9070299E700640040BE
:10167000006800400C000020200000205C8D00204D
:10168000F0B55E4A0368934295B004D05C4A934239
:1016900045D015B0F0BD5B4A002601AB314604468B
:1016A000106800960DAAF9F753FB119F8DF81C6086
:1016B00003AD01A93A4628460396C5E90166EE60E6
:1016C00017F0E8FB0F9B8DF81870002B66D10D9B6F
:1016D000C3F30A03109A4C4E0593022A08BF43F045
:1016E0008043306808BF059301F018FF03460028C7
:1016F00060D13068009329466A4601F07FFA009B6A
:101700004BB14FF0E0234FF08052C3F8042DBFF3EC
:101710004F8FBFF36F8F2368394A9342B9D139494C
:10172000002401AB086800940DAA2146F9F710FBCC
:10173000119E8DF81C4003AD324601A92846039442
:10174000C5E90144EC6017F0A5FB0F9B8DF818600C
:1017500053BB0D9BC3F30A03109A2B4C0593022A2B
:1017600008BF43F08043206808BF059301F0D6FE10
:10177000034688BB206800936A46294601F03EFA7A
:10178000009B002B85D04FF0E0234FF08052C3F830
:10179000042DBFF34F8FBFF36F8F7AE70E9B23F0BB
:1017A000604343F0004395E70E9B23F0604343F012
:1017B0000043D1E76A4608A9306801F009FE00231A
:1017C0006A4630680093294601F018FA0F4A1368F8
:1017D00043F00403136092E76A4608A9206801F009
:1017E000F7FD00236A4620680093294601F006FAB7
:1017F000064A136843F004031360C1E70064004025
:101800000068004020000020608D0020548D0020E2
:10181000F0B55E4A0368934295B004D05C4A9342A7
:1018200045D015B0F0BD5B4A002601AB012104464E
:10183000106800960DAAF9F78BFA119F8DF81C60BD
:1018400003AD01A93A4628460396C5E90166EE6054
:1018500017F020FB0F9B8DF81870002B66D10D9BA5
:10186000C3F30A03109A4C4E0593022A08BF43F0B3
:101870008043306808BF059301F050FE03460028FE
:1018800060D13068009329466A4601F0B7F9009BA1
:101890004BB14FF0E0234FF08052C3F8042DBFF35B
:1018A0004F8FBFF36F8F2368394A9342B9D13949BB
:1018B000002401AB086800940DAA0121F9F748FA49
:1018C000119E8DF81C4003AD324601A928460394B1
:1018D000C5E90144EC6017F0DDFA0F9B8DF8186044
:1018E00053BB0D9BC3F30A03109A2B4C0593022A9A
:1018F00008BF43F08043206808BF059301F00EFE47
:10190000034688BB206800936A46294601F076F9B1
:10191000009B002B85D04FF0E0234FF08052C3F89E
:10192000042DBFF34F8FBFF36F8F7AE70E9B23F029
:10193000604343F0004395E70E9B23F0604343F080
:101940000043D1E76A4608A9306801F041FD002351
:101950006A4630680093294601F050F90F4A13682F
:1019600043F00403136092E76A4608A9206801F077
:101970002FFD00236A4620680093294601F03EF9B6
:10198000064A136843F004031360C1E70064004093
:101990000068004020000020608D0020548D002051
:1019A0007D2970B554D9304B0446196000F084F994
:1019B000034600284FD12D4D2D4928680160122182
:1019C000A4F59C42C0E91733C0E9023380F8203007
:1019D0004160284B4FF48031203A01614FF480146C
:1019E00001F58071C0E905419A424FF4807181830D
:1019F00027D8F8F7C9FF18BB13212868F9F732FA7E
:101A000000F00AF9044640B91B4E336883B12868D8
:101A1000F9F708F9A0B9204670BD2868F7F7A6FACB
:101A2000631CA8BF4FF0FF3400F050F9204670BD92
:101A300002461421802000F0D3FD30600028E6D15A
:101A40002868F7F793FA4FF0FF3400F03FF9E2E728
:101A50004FF0FF34DFE7054B18684FF0FF34F7F71E
:101A600085FA00F033F9D6E75C8D002020000020D5
:101A70000068004060361E00608D002000287DD187
:101A800000297BD02DE9F04105460FC992B002AC88
:101A9000464E84E80F0003F0F5F8A446FF238DF8C6
:101AA0001830BCE80F00B768D6F80080D6F804E01C
:101AB00007EB870408EB84040137B7600FC4DCF838
:101AC0000030236033697745A8BFB5609E4558DC78
:101AD000F2680132964560DDF2601546344A92683C
:101AE00012F0E05F38D0002B36DD013B012705EB1B
:101AF000850408EB840433610FCC0DF11C0CACE8B9
:101B00000F0001352368CCF80030AE45D8BF002364
:101B10009DF82820F560D8BFF3600023CDE90C3391
:101B2000CDE910230E93099B002B39DBC3F30A0286
:101B30000C92204A5B0F03F0020310680F930CA96C
:101B400001AB07AAF9F7A0F81B4B1968002001EBBD
:101B5000410100F0C1F85FB11849194A0B6843F020
:101B600002030B60936843F0801343F400439360D7
:101B700003F0AAF8012012B0BDE8F0814FF0FF3069
:101B800070470B4989685A1C11F0E05F3261EFD051
:101B9000002AEDDDF5680027A9E70022F2609DE745
:101BA00023F060420D9204220E92C2E70C00002046
:101BB00000680040200000205C8D0020548D002033
:101BC00000640040F8B170B50C4686B069B10F49A9
:101BD0000F4BA1FB021201AE05469209186831466F
:101BE00001F0CAF828B906B070BD4FF0FF3006B05A
:101BF00070BD96E80F0084E80F009DF814302B604C
:101C0000012006B070BD4FF0FF307047D34D621019
:101C1000608D00200000000000B59FED0F7B124B8F
:101C20008BB08DED007B18689FED0D7B4EF6E0725A
:101C30000623CDE9022301220123CDE906236946CB
:101C4000012200238DED047BCDE90823F8F758FF2E
:101C500000200BB05DF804FB001000000000000045
:101C600000000000000000002000002030B929B171
:101C7000002ACCBF00220122504270474FF0FF30B3
:101C8000704700BF0B4B02689A4200D0704710B5F6
:101C9000037F012B044602D0022B05D010BD00208B
:101CA000FFF764FA237FF7E7BDE810400120FFF754
:101CB0005DBA00BF0004004008B5034B1868F8F790
:101CC000A1FC002008BD00BF24000020014B1868C3
:101CD000F8F7FABC24000020012831D870B500289C
:101CE000184D0CBF002604260C46286888B03146E3
:101CF000FDF78EFAB4F5C80F1FDA1349E21781FB1E
:101D00000434C2EB6412022AB8BF02220023CDE9D8
:101D10000133CDE90333CDE9053307930B4B286835
:101D20005C6A01A9144432460294FDF7E3FA28687C
:101D30003146FDF7CFF908B070BD4FF6FF72E5E709
:101D4000704700BF240000201F85EB5100040040B5
:101D5000012808D8044B002818BF0421186808BFC0
:101D60000021FDF755BA70472400002010B502F09D
:101D70000DFF20B1BDE81040D0E90030184710BD7C
:101D800008B54FF0E0231B6902F0F8FA012800D1F2
:101D900008BDBDE8084002F0DDBF00BFEFF30583DA
:101DA0002BB9064B186828B901221A6070476FF0EA
:101DB000050070474FF0FF30704700BF30900020A3
:101DC00010B5EFF3058474B9084B1A68012A07D1DE
:101DD00007490222CC771A6002F038F8204610BD7D
:101DE0004FF0FF3010BD6FF0050010BD30900020A7
:101DF00000ED00E0F0B587B0002415460594EFF340
:101E00000582EAB950B3F5B1AB695BBB18236A68C8
:101E1000D20723D46E694EB34FEA960CAC682F6894
:101E20004CB3EA68CB2A19D92D69BDB1B6B1CDE959
:101E30000154009362460B46394601F089FE044680
:101E4000204607B0F0BD8022182305AC0093019412
:101E50000B46294601F0B6FE01280AD00024204690
:101E600007B0F0BD5C1E372CD1D9F7E74FF0800CDE
:101E7000D4E7059CE4E7EE68002EE1D12D69002D42
:101E8000DED11FFA8CF23D46DFE700BF02F070BAE8
:101E9000EFF3058262B908B518B101F01BFF042801
:101EA00002D94FF0FF3008BD034B53F8200008BDA6
:101EB0004FF0FF30704700BF60A7020810B5EFF386
:101EC000058454B930B14B1E372B03D801F056FFAF
:101ED000204610BD6FF0030010BD6FF0050010BD6F
:101EE000EFF3058212B908B101F036BF4FF0FF30B1
:101EF000704700BF10B5EFF3058424B930B102F08C
:101F000099F8204610BD6FF0050010BD6FF003007A
:101F100010BD00BF10B5EFF305842CB900B910BD9A
:101F200001F082FE204610BD6FF0050010BD00BF1D
:101F30002DE9F0411C4682B0EFF30583BBB905469D
:101F4000A8B108200E46904602F0FCFF074670B18B
:101F5000321EC0E9005818BF0122E4B1A36820680E
:101F6000ABB1E1682B2906D8384603F017F80020FA
:101F700002B0BDE8F0810D49CDE900133B460121D7
:101F800002F04EFD0028EFD002B0BDE8F081E3681A
:101F9000002BE9D10446054B009301213B46204626
:101FA00002F0D6FC0028EFD1DEE700BF6D1D01086E
:101FB000EFF3058373B910B582B070B10A46009390
:101FC000042102F0ADFD01280CBF00206FF00200DB
:101FD00002B010BD6FF0050070476FF00300F7E727
:101FE00070B5EFF30583DBB90446E0B1466833070B
:101FF00016D48168C36806F0010681B14F2B0FD952
:10200000DEB1042000F052FD05464DB1216828469E
:1020100001F096FA2EB145F00105284670BD8BB14E
:102020000025284670BD012000F0B0FD05460028BF
:10203000F6D0214601F084FAF3E7012000F036FDE6
:102040000546E2E74EB1042000F0A0FD0546002859
:10205000E6D0216801F074FADDE7012000F096FD7A
:1020600005460028DCD0216801F06AFAD9E700BFF4
:1020700020F0010200F00103EFF30580A8B9BAB126
:1020800010B510460C4653B900F0F8FF01280AD0ED
:10209000002C14BF6FF001006FF0020010BD01F0C2
:1020A00077F90128F4D1002010BD6FF005007047CA
:1020B0006FF00300704700BFEFF30582BAB910B5A7
:1020C00020F00104B4B100F0010343B91A461946E7
:1020D000204600F06DFB012806D1002010BD2046EF
:1020E00000F034FD0128F8D06FF0020010BD6FF051
:1020F000050070476FF0030010BD00BFF0B583B05E
:10210000EFF30586FEB9F0B188420F461BD31546A2
:1021100092B1D2E90223D2B14F2B14D9012838D081
:1021200000F0A0FA044670B12D682046294601F05F
:1021300007FA204603B0F0BD012812D000F0F2FAF1
:1021400004460028F1D10024204603B0F0BD002B46
:10215000F9D1012805D000F0E5FA04460028E3D1C2
:10216000F1E703220021012000F03AFA0446002C96
:10217000E9D017B9002DD7D1D7E700231A46194661
:10218000204600F015FB0128F4D0204601F080F92C
:10219000D9E71346032200923146324600F0ACF9EB
:1021A0000446E4E770B310B50C4682B0EFF3058344
:1021B000C3B121BB01AA019101F00AF901281AD18A
:1021C000019B13B9002002B010BD4FF0E0234FF087
:1021D0008052C3F8042DBFF34F8FBFF36F8F20469B
:1021E00002B010BD00F04AFF0128EBD01CB16FF027
:1021F000010002B010BD6FF0020002B010BD6FF020
:102200000300E0E76FF00300704700BF30B310B584
:1022100082B0EFF30583ABB1002401A9019400F073
:1022200053FD012817D1019B93B14FF0E0234FF0EC
:102230008052C3F8042DBFF34F8FBFF36F8F20463A
:1022400002B010BD1A46194600F0B2FA012802D1B8
:10225000002002B010BD6FF00200FAE76FF003003B
:10226000704700BFF0B585B0EFF3058787B9054625
:1022700070B169B114461AB3936863B1D2684F2A3A
:1022800006D9226922B1666901FB05F5AE421CD26E
:10229000002005B0F0BDD368002BF9D11369002BE5
:1022A000F6D15269002AF3D100F09AF90028EFD054
:1022B00024680390214601F043F9039805B0F0BD6E
:1022C00000F08EF90028E3D0F3E7009700F014F94E
:1022D0000028EDD1DCE700BF70B51C4682B0EFF3FB
:1022E0000586BEB150B349B343BB01AA019300F0C8
:1022F00085FC01281ED1019BCBB14FF0E0234FF0AC
:102300008052C3F8042DBFF34F8FBFF36F8F204669
:1023100002B070BD90B189B13346224600F048FA50
:10232000012804D034B16FF0010002B070BD00206C
:1023300002B070BD6FF0020002B070BD6FF003001C
:10234000E6E700BF30B51C4683B0EFF30583BBB1B1
:1023500048B341B33CBB01AA019401F039F801280C
:102360001DD1019BC3B14FF0E0234FF08052C3F861
:10237000042DBFF34F8FBFF36F8F204603B030BDE6
:1023800088B181B1224600F0F7FC012804D034B1B5
:102390006FF0010003B030BD002003B030BD6FF01E
:1023A000020003B030BD6FF00300E7E7044B0360A9
:1023B00010B48023034C0C605DF8044B136070472D
:1023C000648F0020648D0020054B036010B44FF42F
:1023D0008073044C0C605DF8044B1360704700BFC1
:1023E000349400203490002000F108034FF0FF31B6
:1023F0000022C0E90131C0E903330260704700BF29
:1024000000230361704700BF43689A688A600268CE
:1024100010B49C684B600132616099605DF8044BB8
:1024200008610260704700BF30B40D686B1C10D0AB
:1024300000F108031C465B681A68AA42FAD90268D0
:102440004B60013299608C606160086130BC026051
:10245000704704696368F2E7036910B4D0E90112B8
:102460005C688A608442516008BF5A601A685DF8EF
:10247000044B0021013A01611A601868704700BFDF
:1024800070B50446006CA66B20B925684DB30136C3
:10249000A66370BD154602467DB9606816F0FAFC69
:1024A0006368226C1344A2686360934224BF23686C
:1024B000636001362846A66370BDE06816F0EAFC4A
:1024C000226CE36851429B1A2268E360934202D275
:1024D000A3680B44E360022D08D001360020A663F8
:1024E00070BDA06801F0A0FFA560D0E7012E38BF45
:1024F00001260020CCE700BF30B583B09DF818401E
:1025000040B94FF0500383F31188BFF36F8FBFF3CF
:102510004F8FFEE71D467BB102B3B1B1502301934B
:10252000019B502B27D04FF0500383F31188BFF34A
:102530006F8FBFF34F8FFEE74FF0500383F3118887
:10254000BFF36F8FBFF34F8FFEE74FF0500383F35E
:102550001188BFF36F8FBFF34F8FFEE7002935D18E
:1025600050220192019A502ADDD1012285F846209D
:10257000019B2A4604E04FF0010C019B85F846C000
:10258000C5E90F012A6002F07DFBD5E90F1228682A
:10259000686002FB01F18A1A0144A960002102442B
:1025A000A963FF2185F84410EA6085F8451005F11C
:1025B0001000FFF719FF05F12400FFF715FF02F0E7
:1025C00083FB284685F84C4003B030BD4FF05003E4
:1025D00083F31188BFF36F8FBFF34F8FFEE700BF08
:1025E000F8B540B94FF0500383F31188BFF36F8FF4
:1025F000BFF34F8FFEE7054601FB00F050300E465B
:10260000174602F09FFC044640B3002380F8463092
:1026100036B300F150032360C4E90F5602F032FBD9
:10262000D4E90F232168616003FB02F2D31A0A4444
:10263000A26000220B44A263FF2284F84420E360DE
:1026400084F8452004F11000FFF7CEFE04F12400C9
:10265000FFF7CAFE02F038FB84F84C702046F8BD44
:102660000346D8E740B94FF0500383F31188BFF316
:102670006F8FBFF34F8FFEE7884208D24FF05003B1
:1026800083F31188BFF36F8FBFF34F8FFEE730B531
:10269000154685B0002A3CD050230393039B502B52
:1026A00008D04FF0500383F31188BFF36F8FBFF34F
:1026B0004F8FFEE70024012382F846302A60C2E9EA
:1026C0000F040191039B02F0DDFAD5E90F032A689C
:1026D000AC6303FB00F0C31A134410444FF0FF0E29
:1026E00085F844E0EB606A6085F845E0A86005F194
:1026F0001000FFF779FE05F12400FFF775FE02F0E8
:10270000E3FA0199A9630223284685F84C3005B005
:1027100030BD4FF0500383F31188BFF36F8FBFF3C9
:102720004F8FFEE7F8B540B94FF0500383F311889F
:10273000BFF36F8FBFF34F8FFEE788420E4604460C
:1027400008D24FF0500383F31188BFF36F8FBFF3AC
:102750004F8FFEE7502002F0F5FB054630B300270F
:10276000C0E90F4780F84670006002F08BFAD5E9A7
:102770000F232968AF6303FB02F2D31A0A440B4408
:10278000AA60FF2285F84420EB60696085F8452047
:1027900005F11000FFF728FE05F12400FFF724FEE5
:1027A00002F092FA022385F84C30AE632846F8BD59
:1027B0002DE9F04385B00192002800F0A4808846FE
:1027C0001F460446002900F09180022F0BD1E36BD5
:1027D000012B08D04FF0500383F31188BFF36F8FA4
:1027E000BFF34F8FFEE701F0C9FD0546002800F05A
:1027F0009380002504F1240602F044FAA26BE36BF7
:102800009A42C0F0EF80022F00F0EC80019800287F
:1028100000F00181002D00F0E18002F055FA01F096
:1028200091FB02F02FFA94F84430FF2B04BF0023F1
:1028300084F8443094F84530FF2B04BF002384F81B
:10284000453002F041FA01A902A801F043FD002839
:1028500040F0E68002F016FAA26BE36B9A4268D071
:1028600002F032FA02F00EFA94F8452055B2002D2B
:1028700004DC11E06A1ED3B255B26BB1636A304614
:1028800053B101F0D3FC0028F4D001F06BFD6A1EB7
:10289000D3B255B2002BF1D1FF2384F8453002F0BA
:1028A00013FA02F0EFF994F8442055B2002D14DD2C
:1028B00004F1100903E06A1ED3B255B26BB123696B
:1028C000484653B101F0B2FC0028F4D001F04AFDB3
:1028D0006A1ED3B255B2002BF1D1FF2384F84430E5
:1028E00002F0F2F901F036FB012585E7036C002BBD
:1028F0003FF46BAF4FF0500383F31188BFF36F8F3A
:10290000BFF34F8FFEE74FF0500383F31188BFF3FF
:102910006F8FBFF34F8FFEE7019B002B3FF46AAF31
:102920004FF0500383F31188BFF36F8FBFF34F8FC6
:10293000FEE704F1100902F0C7F90199484601F0D9
:10294000E7FB02F09FF994F845305DB2002D04DCFE
:1029500011E06B1EDAB25DB26AB1636A304653B100
:1029600001F064FC0028F4D001F0FCFC6B1EDAB22C
:102970005DB2002AF1D1FF2384F8453002F0A4F9BA
:1029800002F080F994F844305DB2002D04DC11E0CF
:102990006B1EDAB25DB26AB12369484653B101F0E9
:1029A00045FC0028F4D001F0DDFC6B1EDAB25DB20C
:1029B000002AF1D1FF2384F8443002F085F901F0B8
:1029C000C9FA002890D14FF0E0234FF08052C3F8AD
:1029D000042DBFF34F8FBFF36F8F85E702A801F07F
:1029E0006DFC1AE73A4641462046FFF749FD636A07
:1029F000002B53D148B14FF0E0234FF08052C3F881
:102A0000042DBFF34F8FBFF36F8F02F05DF90120EC
:102A100005B0BDE8F083009002F056F90098F7E7A2
:102A200002F030F994F845305DB2002D10DD04F16C
:102A3000240603E06B1EDAB25DB24AB1636A304627
:102A400033B101F0F3FB0028F4D001F08BFCF1E787
:102A5000FF2384F8453002F037F902F013F994F8B7
:102A600044305DB2002D10DD04F1100603E06B1E52
:102A7000DAB25DB24AB12369304633B101F0D6FB18
:102A80000028F4D001F06EFCF1E7FF2384F8443015
:102A900002F01AF901F05EFA0020B9E704F124000F
:102AA00001F0C4FB0028B0D0A5E700BF002944D046
:102AB00070B582B050230193019B502B08D04FF08A
:102AC000500383F31188BFF36F8FBFF34F8FFEE77F
:102AD000002601230C46C1E90F3681F84630096013
:102AE0000546019B02F0CEF8D4E90F23216861600E
:102AF00003FB02F2D31A0B440A44E360FF23A260F3
:102B0000A66304F1100084F8443084F84530FFF7E0
:102B10006BFC04F12400FFF767FC02F0D5F884F8A1
:102B20004C50A6602660E660334632463146204669
:102B3000FFF73EFE204602B070BD4FF0500383F316
:102B40001188BFF36F8FBFF34F8FFEE738B538B1F1
:102B50008568044601F00CFC85420AD0002038BD8F
:102B60004FF0500383F31188BFF36F8FBFF34F8F84
:102B7000FEE7E368013BE3600BB1012038BD1A4674
:102B800019462046FFF714FE012038BD70B50646F1
:102B9000502002F0D7F9044670B30025012380F8D5
:102BA00046502060C0E90F3502F06CF8D4E90F23DD
:102BB0002168616003FB02F2D31A0B440A44E3600C
:102BC000FF23A260A56304F1100084F8443084F868
:102BD0004530FFF709FC04F12400FFF705FC02F083
:102BE00073F884F84C60A5602560E5602B462A46A2
:102BF00029462046FFF7DCFD204670BD00284BD05B
:102C00002DE9F0410E4617461D46044621B3022D1C
:102C10000BD1E36B012B08D04FF0500383F31188E5
:102C2000BFF36F8FBFF34F8FFEE702F05DF9EFF355
:102C300011884FF0500383F31188BFF36F8FBFF3F8
:102C40004F8FA26BE36B9A4212D3022D10D000205B
:102C500088F31188BDE8F081036C002BD7D04FF0CA
:102C6000500383F31188BFF36F8FBFF34F8FFEE7DD
:102C70002A4694F84550A36B31466DB22046FFF7C3
:102C8000FFFB6B1C11D06B1C5BB284F8453001203C
:102C900088F31188BDE8F0814FF0500383F3118869
:102CA000BFF36F8FBFF34F8FFEE7636A002BEED049
:102CB00004F1240001F0BAFA0028E8D0002FE6D091
:102CC00001203860C4E700BF70B3036C70B50646DE
:102CD00043B14FF0500383F31188BFF36F8FBFF3FD
:102CE0004F8FFEE703680C463BB302F0FDF8EFF3AD
:102CF00011854FF0500383F31188BFF36F8FBFF33B
:102D00004F8FB36BF26B9A4223D996F8452001336B
:102D1000FF2AB36353B220D001335BB286F845304B
:102D2000012085F3118870BD4FF0500383F31188A3
:102D3000BFF36F8FBFF34F8FFEE78368002BD4D0B4
:102D40004FF0500383F31188BFF36F8FBFF34F8FA2
:102D5000FEE7002085F3118870BD736A002BDFD079
:102D600006F1240001F062FA0028D9D0002CD7D057
:102D700001202060EEE700BF2DE9F04385B001920D
:102D8000002800F05F810F460446002900F094807F
:102D900001F0F4FA002800F09C8001F073FFA56BAD
:102DA000002D72D1019B002B00F0F18002A801F0F0
:102DB00085FAA84604F1240601F086FF01F0C2F866
:102DC00001F060FF94F84430FF2B08BF84F8448082
:102DD00094F84530FF2B08BF84F8458001F074FF5C
:102DE00001A902A801F076FA00287FD101F04AFF7C
:102DF000A36B002B00F0D18001F066FF01F042FFD1
:102E000094F845305DB2002D04DC11E06B1EDAB29F
:102E10005DB26AB1636A304653B101F007FA002827
:102E2000F4D001F09FFA6B1EDAB25DB2002AF1D144
:102E3000FF2384F8453001F047FF01F023FF94F8A9
:102E400044305DB2002D14DD04F1100903E06B1E67
:102E5000DAB25DB26AB12369484653B101F0E6F9CE
:102E60000028F4D001F07EFA6B1EDAB25DB2002ABF
:102E7000F1D1FF2384F8443001F026FF01F06AF815
:102E800001F000FFA56B002D7DD0226C52B1E168EE
:102E9000A36811449942E16024BF2168E16038468B
:102EA00015F0F8FF013DA5632369002B40F0D380A6
:102EB00001F00AFF01206DE0036C002B3FF468AFC6
:102EC0004FF0500383F31188BFF36F8FBFF34F8F21
:102ED000FEE7019B002B3FF460AF4FF0500383F3FC
:102EE0001188BFF36F8FBFF34F8FFEE701F0CAFE6B
:102EF00094F845305DB2002D04DC11E06B1EDAB2AF
:102F00005DB26AB1636A304653B101F08FF90028AF
:102F1000F4D001F027FA6B1EDAB25DB2002AF1D1CB
:102F2000FF2384F8453001F0CFFE01F0ABFE94F8AA
:102F300044305DB2002D14DD04F1100903E06B1E76
:102F4000DAB25DB26AB12369484653B101F06EF955
:102F50000028F4D001F006FA6B1EDAB25DB2002A46
:102F6000F1D1FF2384F8443001F0AEFE00F0F2FF0F
:102F700001F088FEA36B53B101F0A6FE01F082FEC2
:102F8000A56B002D81D1019B002B7FF415AF01F0C3
:102F90009BFE002005B0BDE8F08301F095FE01998D
:102FA000304601F0B5F801F06DFE94F845305DB2A1
:102FB000002D04DC11E06B1EDAB25DB26AB1636A07
:102FC000304653B101F032F90028F4D001F0CAF9CB
:102FD0006B1EDAB25DB2002AF1D1FF2384F84530CE
:102FE00001F072FE01F04EFE94F844305DB2002D07
:102FF00014DD04F1100903E06B1EDAB25DB26AB1B0
:103000002369484653B101F011F90028F4D001F0CA
:10301000A9F96B1EDAB25DB2002AF1D1FF2384F860
:10302000443001F051FE00F095FF0028A6D14FF08A
:10303000E0234FF08052C3F8042DBFF34F8FBFF34E
:103040006F8F9BE74FF0500383F31188BFF36F8FAF
:10305000BFF34F8FFEE704F1100001F0E7F80028FE
:103060003FF426AF4FF0E0234FF08052C3F8042D19
:10307000BFF34F8FBFF36F8F1AE700BF2DE9F04109
:1030800084B0019100285CD0076C044647B14FF032
:10309000500383F31188BFF36F8FBFF34F8FFEE7A9
:1030A00001F06CF90546002854D03D4604F1240691
:1030B00001F0E8FDA36B002B40F04881019B002B41
:1030C00000F03A81002D00F09D8001F0FDFD00F040
:1030D00039FF01F0D7FD94F84430FF2B04BF0023E3
:1030E00084F8443094F84530FF2B04BF002384F863
:1030F000453001F0E9FD01A902A801F0EBF8002834
:1031000035D101F0BFFDA36B002B00F0A48001F0CE
:10311000DBFD01F0B7FD94F845305DB2002D05DC14
:1031200074E06B1EDAB25DB2002A6FD0636A30467B
:10313000002B6BD001F07AF80028F2D001F012F9E0
:10314000EFE74FF0500383F31188BFF36F8FBFF3A6
:103150004F8FFEE7019B002B00F0D4804FF050030F
:1031600083F31188BFF36F8FBFF34F8FFEE701F03A
:1031700089FD94F845305DB2002D04DC11E06B1E32
:10318000DAB25DB26AB1636A304653B101F04EF80B
:103190000028F4D001F0E6F86B1EDAB25DB2002A26
:1031A000F1D1FF2384F8453001F08EFD01F06AFD76
:1031B00094F844305DB2002D14DD04F1100803E0F2
:1031C0006B1EDAB25DB26AB12369404653B101F0B9
:1031D0002DF80028F4D001F0C5F86B1EDAB25DB20C
:1031E000002AF1D1FF2384F8443001F06DFD00F096
:1031F000B1FE01F047FDA36B002B7CD001F064FD14
:10320000012555E702A801F059F85EE7FF2384F88D
:10321000453001F059FD01F035FD94F844305DB2C0
:10322000002D10DD04F1100803E06B1EDAB25DB270
:103230004AB12369404633B100F0F8FF0028F4D0CA
:1032400001F090F8F1E7FF2384F8443001F03CFDF1
:1032500000F080FED4E701F037FD2368002B62D038
:103260000199304600F054FF01F00CFD94F8453010
:103270005DB2002D04DC0DE06B1EDAB25DB24AB126
:10328000636A304633B100F0D1FF0028F4D001F07A
:1032900069F8F1E7FF2384F8453001F015FD01F0EE
:1032A000F1FC94F844305DB2002D10DD04F11008FB
:1032B00003E06B1EDAB25DB24AB12369404633B116
:1032C00000F0B4FF0028F4D001F04CF8F1E7FF2340
:1032D00084F8443001F0F8FC00F03CFE00288FD167
:1032E0004FF0E0234FF08052C3F8042DBFF34F8F0F
:1032F000BFF36F8F84E701F0E7FC2FB9384604B0C5
:10330000BDE8F0810746D1E601F0BCFC616A19B165
:10331000236B1968C1F13801A06801F0CBF80027D0
:1033200001F0D2FCEAE701F0ADFCA06801F036F84C
:10333000074601F0C9FC93E797B14FF0500383F3C0
:103340001188BFF36F8FBFF34F8FFEE72268013BF9
:10335000A363CAB1236933B901F0B6FC0127CDE7F5
:1033600001F0B2FCCAE704F1100000F05FFF002892
:10337000F2D04FF0E0234FF08052C3F8042DBFF39A
:103380004F8FBFF36F8FE7E701F0E8F8A060E1E748
:10339000A8B170B586680D46044600F0E9FF864284
:1033A00008D029462046FFF769FE10B1E3680133D3
:1033B000E36070BDE36801200344E36070BD4FF03B
:1033C000500383F31188BFF36F8FBFF34F8FFEE776
:1033D0002DE9F84310B30E461746044691B101F0AB
:1033E00083FDEFF311894FF0500383F31188BFF38E
:1033F0006F8FBFF34F8FA56BCDB9284689F3118826
:10340000BDE8F883036C002BE9D04FF0500383F341
:103410001188BFF36F8FBFF34F8FFEE74FF050035C
:1034200083F31188BFF36F8FBFF34F8FFEE794F8DC
:103430004480226C4FFA88F852B1E168A3681144C5
:103440009942E16024BF2168E160304615F022FD19
:10345000013DB8F1FF3FA56309D008F101035BB25C
:1034600084F84430012089F31188BDE8F88323698A
:10347000002BF7D004F1100000F0D8FE0028F1D0A6
:10348000002FEFD001203860B8E700BF0000000037
:10349000F0B1214B5A68904225D0DA6890422CD086
:1034A0005A6990422BD0DA6990422AD05A6A9042E7
:1034B00029D0DA6A90421ED05A6B904225D0DA6B3E
:1034C000904208BF07220FD090F846304BB17047AA
:1034D0004FF0500383F31188BFF36F8FBFF34F8F0B
:1034E000FEE701F05BBD00229FED097B03EBC20309
:1034F00083ED007BE8E70522F6E70122F4E70222EC
:10350000F2E70322F0E70422EEE70622ECE700BF31
:1035100000000000000000000095002030B1836B27
:10352000C06BC01AB0FA80F0400970474FF05003EA
:1035300083F31188BFF36F8FBFF34F8FFEE700BF98
:10354000124B1A687AB19A6862B11A6992B19A6993
:1035500092B11A6A92B19A6A92B11A6B92B19A6B4D
:1035600092B17047012203EBC20C43F83210CCF841
:10357000040070470222F6E70322F4E70422F2E790
:103580000522F0E70622EEE70722ECE7009500208F
:1035900070B505460E46144601F074FB95F84430AC
:1035A000FF2B04BF002385F8443095F84530FF2BEE
:1035B00004BF002385F8453001F086FBAB6B002B80
:1035C00043D001F05FFB95F845305CB2002C14DD70
:1035D00005F1240603E0631EDAB25CB26AB16B6ADD
:1035E000304653B100F022FE0028F4D000F0BAFEBD
:1035F000631EDAB25CB2002AF1D1FF2385F84530B0
:1036000001F062FB01F03EFB95F844305CB2002C07
:1036100014DD05F1100603E0631EDAB25CB26AB194
:103620002B69304653B100F001FE0028F4D000F0C1
:1036300099FE631EDAB25CB2002AF1D1FF2385F84D
:103640004430BDE8704001F03FBB2246314605F1F1
:10365000240000F0A1FDB4E72DE9F843054601F090
:1036600011FB344A344E1368013313603368002B66
:1036700032D0324C23683BB3E86A314F314A324989
:103680001368013313606B650B68834238BF0860B1
:1036900000EB800007EB8000291DFEF7B5FE01F06E
:1036A00013FB236873B13268EB6AD26A9A4209D27B
:1036B0004FF0E0234FF08052C3F8042DBFF34F8F3B
:1036C000BFF36F8FBDE8F8833368E86ADB6A1C4F8D
:1036D000834298BF3560D1E735601368012B03D072
:1036E000E86A174F154CC9E7154F3C4607F58C683B
:1036F00020461434FEF778FEA045F9D1DFF860903B
:10370000DFF860800D4C4846FEF76EFE4046FEF73F
:103710006BFE0E48FEF768FE0D48FEF765FE0D488D
:10372000FEF762FE0C4BE86AC3F800900B4BC3F83F
:103730000080A3E7AC99002040950020089A002063
:103740004C950020B8990020BC990020F4990020E5
:10375000209A00200C9A00204495002048950020D3
:10376000C0990020D49900202DE9F0470A9DDDF88A
:1037700024804FEA82094A4606460C46286BA5215A
:103780001F4615F0AFFB2B6BA9F10409994429F0F2
:103790000709002C44D004F1FF3C04F11F0105F19E
:1037A000330E01E08C4505D01CF8014F0EF8014F97
:1037B000002CF7D1002385F85330089C372C28BF04
:1037C00037244FF0000AEC62EC65281DC5F860A0B4
:1037D000FEF716FEC4F1380405F11800FEF710FEDE
:1037E000C5F8C4A051466022AC612D616D6285F8B8
:1037F000C8A005F1640015F075FB0B4BAB660B4BD5
:10380000EB660B4B2B673A463146484601F012FAFD
:103810002860B8F1000F01D0C8F80050BDE8F0876B
:1038200085F83440C9E700BF80E70208A0E7020836
:1038300060E7020880B5234D234F244EDFF89080C7
:103840004FF0E02A4FF080592B685BB301F01AFA71
:10385000FB68DC68201DFEF7FFFD3368013B336029
:103860002B68013B2B6001F02FFA04F1640015F086
:103870001DFF94F8C93063B1012B1ED0022BE3D099
:103880004FF0500383F31188BFF36F8FBFF34F8F57
:10389000FEE7206B01F082FB204601F07FFB2B68E6
:1038A000002BD3D1D8F80030012BCDD9CAF8049D14
:1038B000BFF34F8FBFF36F8FC6E7204601F06EFB5B
:1038C000C2E700BFB0990020209A0020AC990020E8
:1038D0004C9500202DE9F04F474B1E68013683B010
:1038E0001E60002E40D0DFF824B1DBF800309E428D
:1038F00047D3424FDFF818913B68DFF818A11D68E5
:10390000002D73D0DFF81081002522E00191FEF731
:10391000A3FDA36A019904F1180013B1FEF79CFD01
:103920000199E36AD8F8002003EB8300934209EB86
:10393000800088BFC8F80030FEF766FDDAF8002086
:103940003B68E16AD26A1B68914228BF0125002BBF
:103950004CD03B68DB68DC686368211D9E420846EA
:10396000D4D2CBF8003011E0244B1A6812680AB3A5
:103970004FF0500383F31188BFF36F8FBFF34F8F66
:10398000FEE7DFF88C90DFF88CA00025DAF8003035
:103990001B49DB6A03EB83039B0059F803200B6888
:1039A000022A28BF0125002B0CBF2846012003B0A6
:1039B000BDE8F08F134A1868116819601249106049
:1039C0000A6801320A601A68126832B9DFF83CB03E
:1039D0004FF0FF33CBF8003087E71B68DFF82CB0DF
:1039E000DB68DB685B68CBF800307EE74FF0FF33C5
:1039F000CBF80030CAE700BF349A0020449500207D
:103A0000389A002048950020EC990020E899002081
:103A10004C95002040950020BC9900202DE9F04FE6
:103A2000414D83B001F02EF92B68013B2B602B68D0
:103A3000002B61D13D4B1B68002B5DD03C4E3368A1
:103A4000002B6ED03B4FDFF8FC90DFF8FC80DFF8F6
:103A5000FCA0F368DC6804F1040B04F11800FEF725
:103A6000FBFC5846FEF7F8FCE36A3A6803EB830078
:103A70009342594609EB800088BF3B60FEF7C4FCC7
:103A8000D8F80030E26ADB6A9A423DD30123CAF8D3
:103A900000303368002BDCD1274B1A681268002AEB
:103AA0003AD01A68254BD268D26852681A60244E00
:103AB000346894B1012706E0FFF70CFF08B1CAF89B
:103AC0000070013C08D02B68002BF5D03368013C16
:103AD00003F101033360F6D13460DAF800305BB1F2
:103AE0004FF0E0234FF08052C3F8042DBFF34F8F07
:103AF000BFF36F8F012000E00020019001F0E4F897
:103B0000019803B0BDE8F08F3368002BA1D10A4BB8
:103B10001A681268002AC4D1084B4FF0FF321A60AD
:103B2000C5E7DFF828A0C2E7B4990020AC990020CF
:103B3000F4990020BC99002044950020E8990020C9
:103B4000F09900204C95002040950020389A0020E4
:103B500030B587B00B9CC4B10C9D6DB1CC250595DB
:103B6000059DCC2D1AD04FF0500383F31188BFF37D
:103B70006F8FBFF34F8FFEE74FF0500383F3118831
:103B8000BFF36F8FBFF34F8FFEE74FF0500383F308
:103B90001188BFF36F8FBFF34F8FFEE70C9D2C632F
:103BA000022485F8C94004ACCDE901450A9C009483
:103BB000059CFFF7D9FD0C98FFF74EFD049807B060
:103BC00030BD00BF2DE9F043074685B09000154693
:103BD0008846994601F0B6F9D8B10446CC2001F0E8
:103BE000B1F90646D0B10463002486F8C9400D9CA3
:103BF00001940C9C02964B462A4641463846009456
:103C0000FFF7B2FD3046FFF727FD012005B0BDE804
:103C1000F0834FF0FF3005B0BDE8F083204601F09F
:103C2000BDF94FF0FF30F1E7F8B550B94FF0E023A0
:103C30004FF08052C3F8042DBFF34F8FBFF36F8F47
:103C4000F8BD1E4D2B6843B14FF0500383F311882C
:103C5000BFF36F8FBFF34F8FFEE72B68013304462E
:103C60002B60174B174E1F6830680430FEF7F4FBCB
:103C70003368E4195C6010D3134B18683168043161
:103C8000FEF7D2FB2B68A3B94FF0500383F31188E2
:103C9000BFF36F8FBFF34F8FFEE70C4B186831688F
:103CA0000431FEF7C1FB0A4B1A68944238BF1C600E
:103CB000E8E7FFF7B3FE0028B8D0F8BDB4990020BC
:103CC000349A00204095002048950020449500201B
:103CD000E8990020F8B5F0B11A4B1B6883420446FE
:103CE00017D000F0CFFF184B65691E68174B1F688F
:103CF00000F0EAFFB54219D0BD4217D0144B9D42E7
:103D000012D0144B9D421AD0002D0CBF042001206C
:103D1000F8BD0020F8BD4FF0500383F31188BFF3C6
:103D20006F8FBFF34F8FFEE7A36A0BB10220F8BD80
:103D300094F8C830012B0CBF02200320F8BD0420EA
:103D4000F8BD00BF40950020449500204895002014
:103D50000C9A0020209A002010B5044682B000F092
:103D600091FF34B1E06A019000F0AEFF019802B01B
:103D700010BD014B1C68F5E740950020372908D994
:103D80004FF0500383F31188BFF36F8FBFF34F8F52
:103D9000FEE770B5044682B00D4600F073FF002CBC
:103DA00036D0E26D95422ED0254B09D91968A14233
:103DB00044D01B68DE6AAE428CBF0026012604E0B8
:103DC0001E68361BB6FA86F67609E36AE5659A42FE
:103DD000A26908BFE562002AA4BFC5F13805A56144
:103DE000184D626903EB830305EB83039A4212D0FB
:103DF0004EB14FF0E0234FF08052C3F8042DBFF3D3
:103E00004F8FBFF36F8F02B0BDE8704000F05CBF12
:103E10000B4B1C68C5E7211D08460191FEF71CFBF2
:103E2000094BE06A1A680199904288BF186000EB5C
:103E3000800005EB8000FEF7E7FAD9E70026C4E72B
:103E4000409500204C950020BC99002030B58BB0E7
:103E5000002407AA06A905A8CDE90544FEF7A6FA9D
:103E6000069BCBB1059D75B1CC2209920999079AA1
:103E7000CC291AD04FF0500383F31188BFF36F8F12
:103E8000BFF34F8FFEE74FF0500383F31188BFF36A
:103E90006F8FBFF34F8FFEE74FF0500383F311880E
:103EA000BFF36F8FBFF34F8FFEE7022108A82B638C
:103EB00085F8C9102346CDE901051B4909980094EE
:103EC0001A48FFF751FC2846FFF7C6FB089BEBB1E9
:103ED00000F0E0FC01281BD14FF0500383F3118860
:103EE000BFF36F8FBFF34F8F114B124A1B681249FC
:103EF00064331360114A124B4FF0FF350D601060B0
:103F00001C600BB0BDE8304000F04EBF0BB030BDC0
:103F10000130FBD14FF0500383F31188BFF36F8F53
:103F2000BFF34F8FFEE700BF74A7020835380108C2
:103F300040950020EC030020E8990020089A00201A
:103F4000349A0020024A136801331360704700BF9F
:103F5000B4990020064B1B6843B94FF0500383F31C
:103F60001188BFF36F8FBFF34F8FFEE7FFF756BD8A
:103F7000B4990020014B1868704700BF349A0020A4
:103F8000054B1B680BB9FFF7A5BC044A1368013346
:103F900000201360704700BFB4990020F099002002
:103FA0001E4B1B681BB11E4B01221A6070471C4A36
:103FB0001C4910B41C4C1360236803EB830292006D
:103FC00098008A5842B9FBB1013B03EB8302980089
:103FD00051F82220002AF6D0C21801EB82000246D6
:103FE0004168496841600832914208BF49680F4AF8
:103FF00008BF4160C9681160236013680C4A5DF80E
:10400000044B6433136070474FF0500383F31188FF
:10401000BFF36F8FBFF34F8FFEE700BFB49900204F
:10402000389A00204C950020BC9900204095002033
:10403000EC03002070B504462E4E00F023FE002C49
:104040003AD0251D2846FEF707FAA36A1BB104F1F2
:104050001800FEF701FA29462748284DFEF7D4F943
:1040600094F8C830012B04BF002384F8C83000F056
:104070002BFE2B688BB93368A34200D070BD2B6830
:104080000BB31F4B1B6833B34FF0500383F31188FE
:10409000BFF36F8FBFF34F8FFEE700F0F3FD194BB7
:1040A0001A68126852B11A68174BD268D2685268FF
:1040B0001A6000F009FEDEE73468C2E7124B4FF0E9
:1040C000FF321A60F5E70C49104A096812689142FC
:1040D0000CD1336070BD4FF0E0234FF08052C3F835
:1040E000042DBFF34F8FBFF36F8F70BDBDE87040DD
:1040F000FFF756BF409500200C9A0020089A002038
:10410000B499002044950020E8990020AC99002043
:10411000D0B170B51A4D0C4629681831FEF784F9F4
:10412000184B1E6828680430FEF796F9631C14D0FB
:104130002B68A4195C6017D3134B18682968BDE875
:1041400070400431FEF770B94FF0500383F31188CB
:10415000BFF36F8FBFF34F8FFEE729680B48BDE8B1
:1041600070400431FEF750B9094B186829680431D2
:10417000FEF75AF9074B1A68944238BF1C6070BDAD
:1041800040950020349A0020489500200C9A002089
:1041900044950020E899002030B370B51D4E0C46C0
:1041A000316815461831FEF72FF91B4B85B91D688C
:1041B00030680430FEF750F9336864195C601CD332
:1041C000164B18683168BDE870400431FEF72CB911
:1041D0001B6830680430FEF73FF931681048BDE8CD
:1041E00070400431FEF710B94FF0500383F311888B
:1041F000BFF36F8FBFF34F8FFEE70A4B186831682C
:104200000431FEF711F9084B1A68944238BF1C605C
:1042100070BD00BF40950020349A002048950020D2
:104220000C9A002044950020E899002030B5C3681E
:10423000DC6883B0002C2BD004F118052846FEF76B
:104240000BF9184B1B687BB117482946FEF7DCF8C1
:10425000164BE26A1B68DB6A9A4285BF144B012049
:104260000020186003B030BD211D08460191FEF703
:10427000F3F8104AE36A1068019983420E4888BF38
:10428000136003EB830300EB8300FEF7BDF8DFE769
:104290004FF0500383F31188BFF36F8FBFF34F8F3D
:1042A000FEE700BFB4990020F4990020409500205B
:1042B000389A0020BC9900204C950020034A044BFA
:1042C00012681B68C0E90023704700BFEC9900200A
:1042D000349A002028B3F0B50D4683B0C1B104462E
:1042E00000F0D0FC2B681D4A581C116830D0DFF854
:1042F00070C0D4E90060DCF80070BE421AD0884279
:1043000018D80120019000F0DFFC019803B0F0BD47
:104310004FF0500383F31188BFF36F8FBFF34F8FBC
:10432000FEE74FF0500383F31188BFF36F8FBFF3A5
:104330004F8FFEE7A1EB000E73450BD95B1ADCF83B
:104340000010126803442B600020C4E90012D9E772
:104350000020D7E700232B600120D3E7349A002008
:10436000EC990020014B01221A607047389A002016
:10437000014B1868704700BF40950020054B1B6833
:1043800033B1054B1B68002B0CBF02200020704787
:1043900001207047089A0020B499002070B50446A7
:1043A00082B0C8B11D4DC36A2A68D26A934215D241
:1043B0008269002A04DB2A68D26AC2F1380282616B
:1043C000174E626903EB830306EB83039A420ED018
:1043D0002B68DB6AE362012002B070BD2B68C06D00
:1043E000DB6A98422CBF0020012002B070BD211D65
:1043F00008460191FEF730F82A680A4BD06A1A681D
:10440000E062904288BF186000EB800006EB8000FD
:104410000199FDF7F9FF0120DEE700BF409500207C
:104420004C950020BC99002018B310B51E4B1C6899
:10443000844282B008D04FF0500383F31188BFF359
:104440006F8FBFF34F8FFEE7236E4BB1E16AE26DD2
:10445000013B9142236600D06BB1002002B010BD39
:104460004FF0500383F31188BFF36F8FBFF34F8F6B
:10447000FEE700207047211D08460191FDF7ECFF83
:10448000E36D0A4AE362C3F13800A0611068019944
:104490008342074888BF136003EB830300EB83006C
:1044A000FDF7B2FF0120D9E740950020BC9900201C
:1044B0004C950020002841D030B5036E83B00446EF
:1044C00053B1C06DE26A814238BF01468A4201D0D1
:1044D000012B0AD003B030BD4FF0500383F3118895
:1044E000BFF36F8FBFF34F8FFEE7194B1B68A342DB
:1044F00025D0A369E162002BA8BFC1F13801154D99
:10450000A8BFA16102EB8202616905EB82039942B7
:10451000E0D1211D08460191FDF79EFF0E4BE06A98
:104520001A680199904288BF186000EB800005EB83
:10453000800003B0BDE83040FDF766BF70474FF024
:10454000500383F31188BFF36F8FBFF34F8FFEE7E4
:10455000409500204C950020BC990020044B1A681F
:104560001AB119680A6E01320A661868704700BFEE
:10457000409500202DE9F043224EDFF8909085B061
:104580004FF000080DE0DB68DC681F68251D284639
:10459000FDF762FF236A2046984794F828305B07AE
:1045A0000AD433681A68002AEDD1174A11683160BD
:1045B000136005B0BDE8F083A3693B449F422946E0
:1045C00005D2306863602461FDF72EFFE9E7D9F872
:1045D00000306BB1CDE900870294FFF7CFFE0023D6
:1045E000D9F800001A466946FEF7E2F80028D8D14B
:1045F0004FF0500383F31188BFF36F8FBFF34F8FDA
:10460000FEE700BF3C9A0020409A0020609B0020FB
:104610002DE9F04F9B4E9C4D9C4C8BB04FF0E02908
:104620004FF0805833681F68002F00F0A880DB68C7
:104630001F68FFF787FCFFF79DFC2A6890428246BF
:10464000C0F0AE80B842286080F0B48000222068BC
:10465000A7EB0A01FEF79CFFFFF77CFC28B9C9F81D
:10466000048DBFF34F8FBFF36F8F2068002202A924
:10467000FEF782FB0028D5D0029B002B76DB049F3F
:104680007B6913B1381DFDF7E7FEFFF773FC2B685C
:1046900098428246C0F08B80029BC5F800A0092B8F
:1046A000E3D8DFE803F0050505533D5A0505533D02
:1046B00097F82830BA693F6143F0010387F8283042
:1046C000039B99182CBF012000205145796000F20E
:1046D0008C80AAEB03039A4232D83B6A384698474B
:1046E00097F828305B07C0D5236883B10022BB69E7
:1046F0000692039A089713440793FFF73FFE00239F
:1047000020681A4606A9FEF753F80028ADD14FF0ED
:10471000500383F31188BFF36F8FBFF34F8FFEE712
:1047200097F8283043F0010387F82830039BBB61DA
:10473000002B00F09D80534453457B603F615ED861
:10474000534B391D1868FDF76FFE8EE797F8283038
:1047500023F0010387F8283087E797F828309A0775
:1047600052D523F0010387F828307EE7039BDDE96B
:1047700004019847029B002BFFF677AF7FE7FFF716
:10478000E1FBFFF7F7FB2A688242824608D8404BDC
:10479000C5F800A01A681268B2FA82F2520956E708
:1047A000FFF7E8FEC5F800A0FFF7D4FB5DE7FFF7D1
:1047B000E1FE71E7FFF7CEFB3268D268D2F80CB0A9
:1047C0000BF1040108460191FDF746FE9BF8280015
:1047D000019910F0040F1BD120F001008BF8280084
:1047E000DBF82030584698473FE7534502D9002868
:1047F0003FF473AF3068391DFDF716FE35E73068BA
:10480000391DFDF711FE30E7384600F0C7FB2CE7F5
:10481000DBF81820CBF810B0B8188245CBF80400AC
:1048200003D23068FDF700FEDAE7AAEB07039A42ED
:1048300019D8236873B1002306930797CDF820B0E9
:10484000FFF79CFD002320681A4606A9FDF7B0FF7C
:104850000028C5D14FF0500383F31188BFF36F8F49
:10486000BFF34F8FFEE70A4B1868FDF7DDFDB7E792
:104870004FF0500383F31188BFF36F8FBFF34F8F57
:10488000FEE700BF3C9A00200C9B0020609B0020AC
:10489000409A0020F0B5234C89B000F0F3F9256868
:1048A00035B300F011FA2368CBB1002407AA06A99A
:1048B00005A8CDE90544FDF787FDDDE905013023B5
:1048C000CDE901100093079A174918482346FFF7CE
:1048D0003FF9174B186010B1012009B0F0BD4FF03F
:1048E000500383F31188BFF36F8FBFF34F8FFEE741
:1048F000104F114E3846FDF777FD3046FDF774FD39
:104900000E4A009517600E4A0E4B166010210E4A93
:104910000A20FDF7F1FD20600028C2D00B49FEF708
:104920000FFEBEE7609B002084A702081146010825
:10493000649B0020E49A0020F89A00203C9A002012
:10494000409A0020109B0020449A00207CA7020877
:104950002DE9F04F074685B02C20884616461D46A7
:1049600000F0F0FA0446E8B1002380F82830B8F1EE
:10497000000F1BD0DFF89C9000F084F9D9F80030CC
:10498000EBB100F0A1F90E9B2760C4E90685236214
:10499000201DFDF735FD2EB194F8283043F00403B7
:1049A00084F82830204605B0BDE8F08F4FF0500362
:1049B00083F31188BFF36F8FBFF34F8FFEE7DFF8EC
:1049C00058B0DFF858A003935846FDF70DFD504648
:1049D000FDF70AFD039B0093094B0A4AC3F800B098
:1049E000094B1021C3F800A00A20084BFDF784FDF5
:1049F000C9F800000028C4D00549FEF7A1FDC0E7B2
:104A00003C9A0020449A0020409A0020109B0020ED
:104A10007CA70208609B0020E49A0020F89A0020FE
:104A20002DE9F04F85B02C240394039C2C2C08D046
:104A30004FF0500383F31188BFF36F8FBFF34F8F95
:104A4000FEE71D46039B0F9B43B316461A460223FF
:104A50000F4682F8283051B3294C804600F012F9F5
:104A6000D4F800B0BBF1000F2AD000F02DF90F9B55
:104A70000E9AC3F80080C3E906751A62181DFDF787
:104A8000BFFC3EB10F9B0F9A93F8283043F004030C
:104A900082F828300F9805B0BDE8F08F4FF0500332
:104AA00083F31188BFF36F8FBFF34F8FFEE74FF093
:104AB000500383F31188BFF36F8FBFF34F8FFEE76F
:104AC000DFF854A0DFF854905046FDF78DFC4846BF
:104AD000FDF78AFC0B4A0C4BCDF800B01021C2F850
:104AE00000A0C3F80090094A094B0A20FDF704FD15
:104AF00020600028B9D00749FEF722FDB5E700BFC6
:104B0000609B00203C9A0020409A0020449A00209C
:104B1000109B00207CA70208E49A0020F89A00204D
:104B2000C0B130B5184D2C6885B084B10529CDE9E8
:104B30000012029017DCFFF721FC02281CD0002392
:104B400028681A466946FDF733FE05B030BD204699
:104B500005B030BD4FF0500383F31188BFF36F8F62
:104B6000BFF34F8FFEE79C4662460023694620460E
:104B7000FEF744F805B030BD2868089A002369465E
:104B8000FDF716FEE4E700BF609B002058B110B5AA
:104B9000044682B000F076F8E069019000F094F8E5
:104BA000019802B010BD4FF0500383F31188BFF39A
:104BB0006F8FBFF34F8FFEE708480068006880F3EF
:104BC00008884FF0000080F3148862B661B6BFF326
:104BD0004F8FBFF36F8F00DF00BF000008ED00E0D4
:104BE000DFF80C00016841F47001016070470000BB
:104BF00088ED00E00E4B1B6882B000220133019269
:104C000008D04FF0500383F31188BFF36F8FBFF3C9
:104C10004F8FFEE74FF0500383F31188BFF36F8F80
:104C2000BFF34F8F019B002BFCD002B0704700BF39
:104C30002800002010B44FF08073074C40F8043C6B
:104C400021F001016FF0020340E9034140E909321C
:104C50005DF8044B44387047F54B01080000000034
:104C6000074B19680868B0E8F04F80F30988BFF374
:104C70006F8F4FF0000080F311887047AFF3008012
:104C8000409500204FF0500383F31188BFF36F8FDE
:104C9000BFF34F8F0B4A13680133012B136000D011
:104CA00070474FF0E023D3F8043DDBB2002BF7D080
:104CB0004FF0500383F31188BFF36F8FBFF34F8F13
:104CC000FEE700BF28000020084A136843B94FF0F0
:104CD000500383F31188BFF36F8FBFF34F8FFEE74D
:104CE000013B13600BB983F3118870472800002043
:104CF000EFF30980BFF36F8F154B1A681EF0100F8A
:104D000008BF20ED108A20E9F04F10602DE909005E
:104D10004FF0500080F31188BFF34F8FBFF36F8FB8
:104D2000FFF73EF94FF0000080F3118809BC1968C5
:104D30000868B0E8F04F1EF0100F08BFB0EC108A02
:104D400080F30988BFF36F8F704700BFAFF3008017
:104D50004095002008B54FF0500383F31188BFF34E
:104D60006F8FBFF34F8FFFF70BF928B14FF0E023A0
:104D70004FF08052C3F8042D002383F3118808BD3F
:104D80004FF0E02200230649136193610B68054848
:104D9000A0FB03039B090721013B5361116170478D
:104DA00000000020D34D62104FF0E023484AD3F8B2
:104DB000001D914241D0D3F8002D464B9A4233D08A
:104DC00070B5454B454C1A78454884B0FF21D2B2A6
:104DD000029219701B78DBB28DF807309DF807300E
:104DE0009DF8072003F0500307211206237001608D
:104DF00048BF06220FD59DF807305B00DBB28DF867
:104E000007309DF807301B06114602F1FF32F2D43D
:104E100003291BD001604FF0500383F31188BFF3C7
:104E20006F8FBFF34F8FFEE74FF0500383F311886E
:104E3000BFF36F8FBFF34F8FFEE74FF0500383F345
:104E40001188BFF36F8FBFF34F8FFEE7029B224A9B
:104E5000244D4FF0E0244FF44071DBB20160137039
:104E6000D4F8203D43F47003C4F8203DD4F8203D2D
:104E700043F07043C4F8203D0026FFF781FF2E6009
:104E8000FFF7AEFED4F8343F43F04043C4F8343F5C
:104E9000FFF792FEFFF784F82B680396013308D0E2
:104EA0004FF0500383F31188BFF36F8FBFF34F8F21
:104EB000FEE74FF0500383F31188BFF36F8FBFF30A
:104EC0004F8F039B002BFCD0002004B070BD00BFAF
:104ED00071C20F4170C20F4100E400E0689B0020E6
:104EE0006C9B002028000020EFF305830F2B0ED9C8
:104EF0001149124A5B5C12789A4208D94FF050036C
:104F000083F31188BFF36F8FBFF34F8FFEE74FF02E
:104F1000E0230B4AD3F80C3D126803F4E06393429C
:104F200008D94FF0500383F31188BFF36F8FBFF39D
:104F30004F8FFEE7704700BFF0E300E0689B002062
:104F40006C9B002038B5430704461CBF20F00704C3
:104F50000834FEF7F7FF0E4A13689BB10D4A156837
:104F600043F6F7312C448C4207D8A54205D21D44A4
:104F70001460FEF7EFFF284638BD0025FEF7EAFF74
:104F8000284638BD044B23F007031360E6E700BF53
:104F9000709B002074D700207C9B002040B14FF014
:104FA000500383F31188BFF36F8FBFF34F8FFEE77A
:104FB000704700BF80B5044686B00F4672B66C4895
:104FC0006C4D6B4EFAF7B2FE29466423012230463F
:104FD000FAF742FD15F8013F002BF5D1237853B1C4
:104FE000634D2146642301222846FAF735FD14F863
:104FF000013F002BF5D1604C5D4D21466423012219
:105000002846FAF729FD14F8013F002BF5D187EA6D
:10501000E775A5EBE775092D4FEAD77740F29D803C
:10502000632D75D9B5F57A7FC0F0858042F20F7394
:105030009D4240F283805148514B524EDFF850C19F
:10504000DFF850E12946012405E0B24279D96245F2
:1050500072D3724573D90A469A42A0FB01814FEA86
:10506000513104F10404F0D8E11902AE2D22684652
:10507000009612F000F9009B013C03EB070E42483A
:10508000DFF814910EEB04034FF0640842F20F773F
:10509000A9FB0512520908FB125100EB410C10F854
:1050A00011409CF801C083F800C02946B94203F8BA
:1050B000014C1546A3F10203EAD8B1F57A7F32D24A
:1050C00005F13003DBB28EF80030009C23782046D7
:1050D0005BB1274D2146642301222846FAF7BCFC28
:1050E00014F8013F002BF5D10098B04203D002998B
:1050F000013112F061F8254C1D4D21466423012237
:105100002846FAF7A9FC14F8013F002BF5D1FEE779
:10511000684602AE2D22B91C009612F0ACF8009B36
:10512000194803EB070E00EB450210F815305278D2
:105130008EF80120C7E70124023495E701240334E7
:1051400092E7791C02AE21442D226846009612F0A7
:1051500092F8009B03EB070E91E702AE2D22791C1B
:105160006846009612F087F8009B03EB070EA7E74E
:105170007C8B00208CA70208ACA702085917B7D176
:105180009F8601003F420F00B8A70208B4A702089B
:1051900080969800FFE0F5051F85EB51704700BF32
:1051A00001207047F8B5184E3378BFF35B8F13F0CA
:1051B0000104054602D0D5B91448F8BD304611F0B7
:1051C000FDFF0028F7D0114F114B3B6007F108039A
:1051D0003B6607F158005023C7E916447B66FCF78D
:1051E000FFFE786048B1304611F0F4FFE3E7094B69
:1051F000094A0A482C2113F0E9FC094B094A0748DF
:105200001A2113F0E3FC00BF78D700207CD70020E0
:1052100038A90208D0A80208E8A80208B0A8020825
:1052200084A802088CA802082DE9F04F2DED028B0E
:105230008BB0054608F0F2FE90F8893023B90BB028
:10524000BDEC028BBDE8F08F044605214068FCF7F9
:105250000FFF0028F3D194F888606068D4ED1A8AB3
:1052600094ED1B8AD4F870A0D4F87490D4F87880A8
:10527000E76FD4E920B4FCF71FFF002EDFD0012137
:105280006868CDED048ACDE90211CDE900B48DED59
:10529000058ACDF818A0CDF81C90CDF8208009978C
:1052A000FCF7E6FE01460028C9D168460AF040FF37
:1052B0006868FCF701FFC2E72DE9F04387B00546B7
:1052C00008F0ACFE90F8053113B907B0BDE8F083E3
:1052D00004460521D0F89000FCF7CAFE06460028D7
:1052E000F3D194F80471D4F89000D4F8F480D4F891
:1052F000FC90D4F80041FCF7DFFE002FE5D001213F
:10530000022368680396CDE900948DF80C10059689
:105310000293CDF81080FCF7ABFE01460028D4D1F3
:1053200068460AF047FF6868FCF7C6FECDE700BF95
:10533000F0B5A3B007460DF10F06406801211546F0
:105340001C4626F00F06FCF793FEB0B12846214616
:1053500000220AF0B1FF78680121FCF789FE0028DD
:105360006ED008F05BFE0446002130460BF028F8B2
:1053700094F880333BB923B0F0BD0AF05DFF786844
:10538000FCF79AFEE2E7D4F894020521FCF770FEE0
:105390000028F0D17368C4F804337369C4F8143377
:1053A000F369C4F81C33736A31683269C4F8243372
:1053B000F36AC4F80013C4F81023B169326AC4F860
:1053C0002C33736BC4F81813C4F82023B16A326B02
:1053D000C4F83433736CC4F82813C4F83023316C28
:1053E000B26CC4F84433F36CC4F84013C4F84C33C3
:1053F000C4F84823326D736DC4F85433D6E91C01E8
:10540000B36DC4F85833336EC4F85023C4F8603316
:10541000726EB36EC4F86423C4E9DC01B26FF16D3F
:10542000C4F8683396F87C30D4F89402C4F85C135E
:10543000C4F8782384F87C33FCF73EFE23B0F0BD3B
:105440000AF07EFF7868FCF737FE8AE7007DA0F15E
:105450000100B0FA80F04009704700BF08B5034A68
:10546000034B04487A2113F0B1FB00BF40A90208A6
:1054700084A8020878A9020838B51C4D2B78BFF320
:105480005B8FDA0704460DD5194D2B78BFF35B8F80
:10549000DB0716D5012C23D8164B1748002C18BF54
:1054A000184638BD284611F089FE0028ECD0124B72
:1054B000124919604FF4807228469A8211F08AFED0
:1054C000E2E7284611F07AFE0028E3D0094B0B49A9
:1054D00019604FF4007228469A8211F07BFED9E7DA
:1054E000074B084A0848212113F070FBE4D700203D
:1054F000E8D7002004D80020ECD70020A4AA020896
:10550000E4A9020818AA020878A9020870B5447D27
:1055100084B0012C8DF80F1015461E460ED0022CBB
:105520002ED101241948009423460DF10F022021A9
:10553000F6F7AEFFC0B1002004B070BD144800946F
:1055400023460DF10F022021F6F70AFB0028F2D1C5
:10555000009433462A4620210D48F6F7DBFBB0FACB
:1055600080F0400904B070BD009433462A462021E3
:105570000648F7F71FF9B0FA80F0400904B070BD93
:10558000044B054A05485F2113F020FBA08700204B
:10559000D804002084A802085CAA020878A902089E
:1055A00070B5457D88B000235D22012DCDE904331F
:1055B0000446ADF80C300693ADF81C308DF80B2086
:1055C0000FD0022D62D101263348009633460DF1EB
:1055D0000B022021F6F75CFF00284DD0002008B018
:1055E00070BD2E4800952B460DF10B022021F6F7D9
:1055F000B7FA0028F2D129480095022303AA2021F6
:10560000F6F788FB0028E9D1042304AA622120468A
:10561000FFF77CFF0028E1D00A2305AA6821204675
:10562000FFF774FF0028D9D09DF819309DF8182095
:105630009DF80C1021711B0203F4FE431343638297
:105640009DF813309DF80D20E371BDF814309DF8DE
:10565000121062716381BDF81620BDF81030A1717F
:105660002281BDF81A109DF81D20E3819DF81C30A1
:10567000A18122746374B2E7074800962B4603AAFF
:105680002021F7F797F80028BED0A7E7044B054A7A
:1056900005485F2113F09AFAA0870020D804002063
:1056A00084A802085CAA020878A9020830B5036839
:1056B0006D4A5B6889B00021934204468DF8091059
:1056C00004D1037D012B04D109B030BD98470028D7
:1056D000FAD1637D40F24B12012BADF80C2000F0A3
:1056E0008A80022B40F0BE80012200925F4803AA0C
:1056F0002021F6F7CDFE0546002DE5D10320F5F774
:1057000007F901230DF1090240212046FFF7FEFEB3
:105710000028D9D09DF80930322BD5D12046FFF78B
:105720003FFF0028D0D001230DF10A024C21204672
:105730008DF80A50FFF7EAFE0028C5D09DF80A2030
:10574000637D02F0F9024C21012B8DF80A208DF8BF
:1057500010108DF8112064D100934548022304AA4B
:105760002021F6F7FDF90028AED101230DF10B023F
:105770004C212046FFF7CAFE0028A5D09DF80B203B
:10578000637D02F0C7024C21012B8DF80B208DF8B0
:1057900014108DF815203AD100933548022305AA3C
:1057A0002021F6F7DDF900288ED1637D40F6517295
:1057B000012BADF8182041D100932D48022306AAF1
:1057C0002021F6F7CDF900287FF47EAF637D41F606
:1057D0005232012BADF81C203AD100932448022309
:1057E00007AA2021F6F7BCF900287FF46DAF01234A
:1057F000237509B030BD00931D48022303AA202160
:10580000F6F7AEF90546002D7FF45EAF76E7022B82
:1058100028D101220092202105AA1448F6F738FE6B
:10582000C1E7022B1ED101220092104804AA2021B8
:10583000F6F72EFE00287FF447AF96E7022B11D132
:1058400001220092202106AA0848F6F721FEBAE7B5
:10585000022B07D101220092202107AA0348F6F764
:1058600017FEC1E7FFF7FAFD4D540108A08700209D
:10587000D8040020000000002DE9F04F0368D24A50
:105880005B68934283B0044614D1037D012B14D08E
:105890004FF000094FF0000845464646CB464F46BC
:1058A000637D012B00F03181022B00F0588103B0A1
:1058B000BDE8F08F98470028EAD00AF069F908237C
:1058C00005460E466A4642212046FFF71FFE002885
:1058D00000F03A819DF901309DF800109DF90370A8
:1058E0009DF907909DF905805B0143EAD1019DF880
:1058F00002307F0147EAD3079DF806304FEA891945
:1059000049EA93099DF804304FEAC81811F5805F01
:1059100048EA53081FFA89FA00F04881BAF1000FEB
:1059200040F03F81608A0346002800F042819A03DC
:10593000B2FBF0F2A2F5804213B203FB03F2002A9D
:10594000B8BF7F32D011227C12FB03F294F91130E0
:10595000D20103FB0022002AB8BF02F2FF12531249
:1059600094F9062003F58013A03202FB03F3002B09
:10597000B8BF03F6FF731B1301FB03F3002BB8BF83
:1059800003F5FF5394F90420B8BF1F3343F34F339B
:1059900013EBC20348BF0F331B1107EE903AF8EE2A
:1059A000E77AF1EE677A17EE900AF2F70FFF84A319
:1059B000D3E90023F2F77CFCF2F760FF834617F58A
:1059C000805F00F0F180BAF1000F40F0E780628A5A
:1059D0001346002A00F0E8809B03B3FBF2F3A3F523
:1059E00080431AB202FB02F3002BB8BF7F33D911F8
:1059F000237C13FB02F394F91120DB0102FB01333A
:105A0000002BB8BF03F2FF1394F907205B12A032FA
:105A100003F5801302FB03F3002BB8BF03F6FF73FB
:105A20001B1303FB07F7002FB8BF07F5FF5794F9C7
:105A30000530B8BF1F3747F34F3717EBC30748BFD1
:105A40000F373F1107EE907AF8EEE77AF1EE677ABA
:105A500017EE900AF2F7BAFE59A3D3E90023F2F742
:105A600027FCF2F70BFF074618F5804F72D0B4F908
:105A70000A30002B6ED02289002A6BD0BAF1000FB9
:105A800068D0618A002965D0A089AAEB010A10FBC1
:105A90000AFA09FB02F2BAF1000F4FEA4202B8BF5C
:105AA0000AF1030A12F5004248BF02F57F42B4F939
:105AB0000E1048BFFF3203EB2243A8EB0101434A1B
:105AC000C903A1EBAA0191FBF3F39342B8BF1346BC
:105AD00047F6FF729342A8BF1346002BB8BF0F339F
:105AE00043F30F1307EE903AF8EEE77AF1EE677A98
:105AF00017EE900AF2F76AFE31A3D3E90023F2F71A
:105B0000D7FBF2F7BBFE814626E008F087FA90F853
:105B100005320446002B3FF4CAAED0F88C010521B3
:105B2000FCF7A6FA00287FF4C2AEC4E97F56D4F889
:105B30008C01C4F8F071C4F8F4B1C4F8F89184F899
:105B40000482FCF7B9FAB2E64FF000098046CB4672
:105B50004F46A5E6DFF878904FF00108A0E608F080
:105B60005DFA90F885320446002B3FF4A0AED0F8E1
:105B70000C020521FCF77CFA00287FF498AEC4E9FA
:105B80009F56D4F80C02C4F87072C4F874B2C4F80A
:105B9000789284F88482FCF78FFA88E6638A52460A
:105BA0001AE7638A5046C2E6094F5DE7DFF820B086
:105BB00005E7DFF81CB05F4656E700BFAFF3008093
:105BC0007B14AE47E17A843F4D5401080180FFFF0A
:105BD0000AD7A34390F85100704700BF70B50F4E2D
:105BE0003378BFF35B8F13F00104054602D07DB913
:105BF0000B4870BD304611F0E1FA0028F7D0084B91
:105C0000084A1A60304683F8514011F0E3FAEEE793
:105C1000054B064A0648142112F0D8FF1CD8002074
:105C200020D8002064AB0208D0A80208ACAA020861
:105C3000F0AA02082DE9F043002387B08427044628
:105C40000E465A488DF80E30012115461A468DF839
:105C50000F308DF80D70F6F727FB012354481A46D4
:105C60000DF10D01F8F704FE40B101224F48114635
:105C7000F6F71AFB002007B0BDE8F0834FF00109EA
:105C80004B48CDF800904B460DF10E020DF10F017F
:105C9000F8F740FF80460028E7D10DF10F0104AA74
:105CA0004348CDF800900623F8F734FF4A460746EC
:105CB00049463E48F6F7F8FA002F75D19DF814E0F2
:105CC0009DF8153094ED017A94ED036AD4ED026AE3
:105CD0009DF811C09DF812204FEA0E2E4EEA034E99
:105CE0009DF813304EEA030307EE903AF8EEE77A98
:105CF0009DF8103077EEC77A4FEA0C2C27EEA77A82
:105D00004CEA024C27EE067A4CEA030CA7EEA67A80
:105D1000484686ED007AD4ED055A94ED046A94ED78
:105D2000095AD4ED086AD4ED067AD4ED0A4A94ED06
:105D30000E4AA7EE256AE7EE056AD4ED075A94ED00
:105D40000B5A67EE277A67EE244AA7EE276A67EEBA
:105D5000255AE7EE246A65EE875AD4ED0C4AD4ED55
:105D60000D7A27EE055AA7EE256A25EE075AF0EEC2
:105D7000645AE7EE275A07EE90CAE7EE056AF8EE96
:105D8000E77AB0EE667A27EEA75AA7EE867A67EE34
:105D9000857A67EE847AE5EE257A77EE877AC5ED27
:105DA000007A07B0BDE8F083404664E7000802408F
:105DB000A0880020F0B587B0002462F07F008DF845
:105DC0000F00224619488DF816400E4601211D4647
:105DD0008DF81740F6F768FA012315481A460DF1B9
:105DE0000F01F8F745FD044648B101220F4811465E
:105DF000F6F75AFAB4FA84F0400907B0F0BD01276B
:105E00000B4800973B460DF116020DF11701F8F70C
:105E100081FE04460028E8D1054800972B4632460B
:105E20000DF11701F8F776FE0446DEE700080240A0
:105E3000A088002038B531222DED028B152300F10A
:105E40003C010446FFF7B6FF054618B9BDEC028BCE
:105E5000284638BDA38F9FED618A00EE103A0820D6
:105E6000B8EE400A11F082FAE38FF0EE407A00EECD
:105E7000103A6FF01D00C4ED017AB8EE400A11F03F
:105E800075FA94F94030F0EE407A00EE103A6FF077
:105E90002F00C4ED027AB8EEC00A11F067FAB4F927
:105EA0004130F0EE407A00EE103AB8EEC00A6FF0E2
:105EB000130030EE480AC4ED037A11F057FAB4F932
:105EC000433084ED040A07EE903AF8EEE77A6FF07B
:105ED0001C0037EEC80A11F049FA94F94530F0EE8B
:105EE000407A00EE103A6FF01F00C4ED057AB8EE6C
:105EF000C00A11F03BFA94F94630F0EE407A00EE19
:105F0000103A6FF02400C4ED067AB8EEC00A11F022
:105F10002DFAB4F84730F0EE407A00EE103A032044
:105F2000C4ED077AB8EE400A11F020FAB4F849300F
:105F3000F0EE407A00EE103A6FF00500C4ED087AFA
:105F4000B8EE400A11F012FA94F94B30F0EE407AB4
:105F500000EE103A6FF00700C4ED097AB8EEC00AFF
:105F600011F004FA94F94C30F0EE407A00EE103A59
:105F70006FF00E00C4ED0A7AB8EEC00A11F0F6F91F
:105F8000B4F94D30F0EE407A00EE103A6FF02F0089
:105F9000C4ED0B7AB8EEC00A11F0E8F994F94F306D
:105FA000F0EE407A00EE103A6FF02F00C4ED0C7A5C
:105FB000B8EEC00A11F0DAF994F9503084ED0D0A08
:105FC00007EE903A6FF04000B8EEE70A11F0CEF914
:105FD000BDEC028B284684ED0E0A38BD00008046D9
:105FE00030B5002483B0012322460DF1030105469C
:105FF0008DF80340FFF7DEFE18B19DF80330502BFB
:1060000001D003B030BD2846FFF714FF0028F8D0B8
:1060100022462F480121F6F747F91F23022201A942
:10602000ADF804302B480123F8F722FC0122044686
:1060300011462748F6F738F9002CE2D122462448C9
:106040000121F6F731F940F21D33022201A9ADF822
:10605000043020480123F8F70BFC012204461146C6
:106060001B48F6F721F9002CCBD122461848012114
:10607000F6F71AF940F61C43022201A9ADF80430E4
:1060800014480123F8F7F4FB012204461146104896
:10609000F6F70AF9002CB4D122460D480121F6F793
:1060A00003F943F21B33022201A9ADF80430094879
:1060B0000123F8F7DDFB0122044611460448F6F7F8
:1060C000F3F8002C9DD1012385F8513003B030BD89
:1060D00000080240A088002010B503682B495A68C8
:1060E00086B000238A42CDE90133CDE9033304466B
:1060F0008DF8143048D190F8510050B900238DF834
:10610000143007F08BFF90F8053104461BBB06B036
:1061100010BD002103228DF8031001230DEB0201B5
:106120002046FFF747FE0028E8D09DF8033003F033
:106130006003602BE2D109F02BFD0346CDE903316A
:1061400001AA204602A9FFF775FD0028D9D0012336
:106150008DF81430D5E7D0F890000521FBF788FFC3
:106160000028D4D10DF1040CBCE80F0004F1F40EAA
:10617000AEE80F00DCF80030D4F890008EF8003064
:10618000FBF79AFF06B010BD9047B6E7D55B010854
:1061900090F8A804704700BF08B540B10B4691B90C
:1061A000114652B11846BDE80840FBF767BC094BE1
:1061B000094A0A48462112F009FD094B064A0748D8
:1061C000482112F003FD074B034A0448472112F00F
:1061D000FDFC00BF6CAB020878AB0208C4AB020840
:1061E00008AC0208E0AB020809F0D2BC08B5A8B1BF
:1061F00000291FDDC36ABBB1D3F8000411F0070208
:106200001CBFC2F108028918C0F580628A42C3BF70
:106210000918C3F80014C018002008BD084B094A2B
:1062200009489E2112F0D2FC084B064A0648A121DB
:1062300012F0CCFC064B034A03489F2112F0C6FC27
:106240006CAB020814AC020850AC020878AC02082F
:106250006CAC020810B558B10C46D9B911469AB1C8
:10626000002B1A460ADD2046BDE81040FBF7FEBCB5
:106270000B4B0C4A0C48952112F0A8FC0B4B094A19
:106280000948982112F0A2FC094B064A06489721BA
:1062900012F09CFC074B034A0348962112F096FC2F
:1062A0006CAB020884AC020850AC0208ECAC0208EB
:1062B000E0AC0208E0AB020890F8A83403B17047E4
:1062C0002DE9F04FABB0012345F2024104460093A3
:1062D000ADF83C10464802230FAAA021F5F740FC78
:1062E00060B144494448FBF75BFB082700264FF0A8
:1062F0002D08054610B32BB0BDE8F08F40233C4875
:1063000000931AAAA021F5F705FD06460028E8D15A
:106310004FF0FF323C211AA809F0F4FE299B3549C1
:106320009842354807BF1C9FDDE91A8608274FF0C1
:106330002D08FBF735FB05460028DCD102A8FAF74B
:1063400041F90DF1080CBCE80F000DF13C0EAEE870
:106350000F00BCE80F00AEE80F009CE80700274BD9
:10636000DFF8A8A08EE8070004F150091093244B31
:1063700012932946234B11934FF48B6240F6016B25
:106380004846ADF854B0CDF83CA08DF864808DF847
:1063900065608DF85F7012F0A5FD04F58B631A4AF5
:1063A000C4F8B4345023C4F8AC24C4F8B83404F2AC
:1063B000AC40FBF715FEC4F8540400289BD004F150
:1063C00008054A460FA92846FAF726F9002892D16F
:1063D00040F2011302460EA928460E93FAF78EFEEC
:1063E000002888D1012384F8A8342BB0BDE8F08FB1
:1063F000D804002040420F0020A107005562010888
:10640000ED610108E9610108FCAC0208996101082D
:1064100070B50F4E3378BFF35B8F13F00104054660
:1064200002D07DB90B4870BD304610F0C7FE002881
:10643000F7D0084B084A1A60304683F8A84410F099
:10644000C9FEEEE7054B064A0648112112F0BEFBD5
:1064500074D8002078D800207CAD0208D0A80208AB
:1064600008AD020850AC020830B587B04FF0FF33DA
:10647000214D01932B78BFF35B8F13F001041FD0E4
:1064800042F2107202A901A8FBF79CFB041E01DA7C
:1064900007B030BD194D0121D5F85404FBF7E8FDD4
:1064A0000028F5D1D4B1019901BB02AA05F1080079
:1064B000FAF720F9D5F85404FBF7FEFD07B030BD1C
:1064C000284610F07BFE0028DAD00C4B0C4A1A60EC
:1064D000284683F8A84410F07DFED1E722464FF00D
:1064E000FF3105F10800FAF705F9E3E7054B064A25
:1064F00006488B2112F06AFB74D8002078D800205F
:106500007CAD0208E0AB020848AD020850AC0208BE
:1065100090F86400704700BF90F8643003B1704792
:1065200030B595B0012345F2024104460093ADF821
:106530000C107148022303AAA021F5F711FB08B142
:1065400015B030BD40236C48009304AAA021F5F794
:10655000E1FB0028F4D14FF0FF323C2104A809F000
:10656000D1FD139B984217D1DDE90701DDE909232D
:106570006060E1606261DDE90B01E361DDE90D234B
:106580006062E1626263DDE90F01E363DDE911232B
:106590006064E1646265E3650020FFF739FF00F1A4
:1065A000080500224FF496712846FAF7ABF9024627
:1065B000002859D140F22D112846FAF7A3F90246D6
:1065C000002840F093804FF497712846FAF79AF923
:1065D0000246002840F0848040F22F112846FAF746
:1065E00091F90246002875D14FF498712846FAF7C0
:1065F00089F90246002867D140F231112846FAF79E
:1066000081F90246002859D140F237112846FAF79D
:1066100079F9024600284BD14FF49C712846FAF7CD
:1066200071F9024600283DD14FF49D712846FAF7D2
:1066300069F9024680BB40F22D412846FAF762F91B
:1066400020BB00224FF4A1712846FAF75BF90246FD
:10665000B0B94FF4A3712846FAF754F950B90123A1
:1066600084F8643015B030BD244B254A25485521A7
:1066700012F0ACFA244B224A2248602112F0A6FA0A
:10668000224B1F4A1F485F2112F0A0FA204B1C4AE0
:106690001C485E2112F09AFA1E4B194A19485D21D6
:1066A00012F094FA1C4B164A16485C2112F08EFA2E
:1066B0001A4B134A13485B2112F088FA184B104A00
:1066C00010485A2112F082FA164B0D4A0D485921F2
:1066D00012F07CFA144B0A4A0A48582112F076FA52
:1066E000124B074A0748572112F070FA104B044A20
:1066F0000448562112F06AFAD804002084AD02083A
:10670000F0AD020818AE0208ECB102088CB1020824
:1067100030B10208D4B0020878B002081CB00208F8
:10672000C0AF020864AF020808AF0208A4AE0208B6
:106730003CAE020870B52DED028B82B007F06EFC06
:1067400090F8AA363BB9002002B0BDEC028BBDE840
:106750007040FFF75DBE04460521D0F82406FBF724
:1067600087FC05460028EED104F5C463D4F824065E
:1067700093ED1C8A94F8A866FBF79EFC2846FFF769
:1067800047FE04461EB902B0BDEC028B70BDD0F8C6
:1067900054040121FBF76CFC0028F4D19FED0A7A28
:1067A000C8EE077A034602256A464FF4977104F152
:1067B00008008DF80050CDED017AFAF7DFF8D4F833
:1067C0005404FBF779FCDEE70AE81C4170B52DEDB7
:1067D000028B82B007F022FC90F829373BB90020E9
:1067E00002B0BDEC028BBDE87040FFF711BE04465D
:1067F0000521D0F8B006FBF73BFC05460028EED19A
:1068000004F2AC63D4F8B00693ED1B8A94F82867C1
:10681000FBF752FC2846FFF7FBFD04461EB902B009
:10682000BDEC028B70BDD0F854040121FBF720FCB5
:106830000028F4D1DFED0A7A28EE278A03460225E4
:106840006A4640F2371104F108008DF800508DEDD2
:10685000018AFAF793F8D4F85404FBF72DFCDEE72D
:10686000E22E654270B52DED028B82B007F0D6FBAB
:1068700090F821383BB9002002B0BDEC028BBDE896
:106880007040FFF7C5BD04460521D0F8B007FBF7FF
:10689000EFFB05460028EED104F2AC73D4F8B00744
:1068A00093ED1A8A94F82068FBF706FC2846FFF758
:1068B000AFFD04461EB902B0BDEC028B70BDD0F82E
:1068C00054040121FBF7D4FB0028F4D1DFED0A7A50
:1068D00028EE278A034602256A4640F22D4104F13C
:1068E00008008DF800508DED018AFAF747F8D4F8CA
:1068F0005404FBF7E1FBDEE7E22E654270B52DEDB7
:10690000028B82B007F08AFB90F805313BB900207A
:1069100002B0BDEC028BBDE87040FFF779BD0446C4
:106920000521D0F89000FBF7A3FB05460028EED127
:10693000D4F8900094ED3D8A94F80461FBF7BCFB19
:106940002846FFF765FD04461EB902B0BDEC028B78
:1069500070BDD0F854040121FBF78AFB0028F4D164
:106960009FED0A7AC8EE077A034602256A464FF47D
:10697000A37104F108008DF80050CDED017AF9F70C
:10698000FDFFD4F85404FBF797FBDEE70000C84294
:1069900070B5A4B00DF1170424F00F04002504F124
:1069A0001000256065600FF091F8002300200021A1
:1069B000A36784F87C30C4E91C0125626562A56286
:1069C000E5622563656325646564A564E564256502
:1069D0006565A565E56525666566A56607F01EFB28
:1069E00090F8803323B90020FFF712FD24B070BD6A
:1069F00005460521D0F89402FBF73AFB064600282D
:106A0000F1D1D5F80023D5F8043322606360D5F8BE
:106A10001023D5F8143322616361D5F81823D5F813
:106A20001C33A261E361D5F82023D5F82433226218
:106A30006362D5F82823D5F82C33A262E362D5F837
:106A40003023D5F8343322636363D5F84023D5F877
:106A5000443322646364D5F84823D5F84C33E364A7
:106A6000A264D5F85023D5F854336365D5F85C3368
:106A70002265E365D5F85823D5F86433A2656366CB
:106A8000D5F86023D5F868332266A366D5E9DC2300
:106A9000D5F89402C4E91C2395F87C33D5F8782303
:106AA00084F87C30A267FBF707FB3046FFF7B0FCA9
:106AB000A36F33F00203054698D1D0F854040121A6
:106AC000FBF7D6FA002891D1D4ED017A0346F1EE16
:106AD000677A02246A464FF49D7105F108008DF82B
:106AE0000040CDED017AF9F749FFD5F85404FBF7E2
:106AF000E3FA7BE770B5A4B00DF1170424F00F049E
:106B0000002504F11000256065600EF0DFFF002312
:106B100000200021A36784F87C30C4E91C012562B1
:106B20006562A562E5622563656325646564A564A5
:106B3000E56425656565A565E56525666566A56603
:106B400007F06CFA90F8803323B90020FFF760FC5F
:106B500024B070BD05460521D0F89402FBF788FAF1
:106B600006460028F1D1D5F80023D5F80433226079
:106B70006360D5F81023D5F8143322616361D5F82A
:106B80001823D5F81C33A261E361D5F82023D5F88A
:106B9000243322626362D5F82823D5F82C33A2620D
:106BA000E362D5F83023D5F8343322636363D5F834
:106BB0004023D5F8443322646364D5F84823D5F8DC
:106BC0004C33E364A264D5F85023D5F8543363659D
:106BD000D5F85C332265E365D5F85823D5F86433DE
:106BE000A2656366D5F86023D5F868332266A3668C
:106BF000D5E9DC23D5F89402C4E91C2395F87C334D
:106C0000D5F8782384F87C30A267FBF755FA304634
:106C1000FFF7FEFBA36F33F00203054698D1D0F8CF
:106C200054040121FBF724FA002891D12168019135
:106C3000034602246A464FF4A17105F108008DF85D
:106C40000040F9F79BFED5F85404FBF735FA7FE7CF
:106C500070B52DED028B82B007F0E0F990F829377E
:106C60003BB9002002B0BDEC028BBDE87040FFF7DD
:106C7000CFBB04460521D0F8B006FBF7F9F905466D
:106C80000028EED104F2AC63D4F8B00693ED1A8A72
:106C900094F82867FBF710FA2846FFF7B9FB04467B
:106CA0001EB902B0BDEC028B70BDD0F854040121B6
:106CB000FBF7DEF90028F4D1DFED0A7A28EE278A07
:106CC000034602256A464FF49C7104F108008DF8D2
:106CD00000508DED018AF9F751FED4F85404FBF70A
:106CE000EBF9DEE7E22E654270B52DED028B82B046
:106CF00007F094F990F8AA363BB9002002B0BDEC39
:106D0000028BBDE87040FFF783BB04460521D0F835
:106D10002406FBF7ADF905460028EED104F5C4635F
:106D2000D4F8240693ED1D8A94F8A966FBF7C4F9FC
:106D30002846FFF76DFB04461EB902B0BDEC028B7E
:106D400070BDD0F854040121FBF792F90028F4D16A
:106D5000DFED0A7A28EE278A034602256A464FF4B9
:106D6000987104F108008DF800508DED018AF9F753
:106D700005FED4F85404FBF79FF9DEE7E22E6542E6
:106D800070B52DED028B82B007F048F990F8AA3665
:106D90003BB9002002B0BDEC028BBDE87040FFF7AC
:106DA00037BB04460521D0F82406FBF761F90546F8
:106DB0000028EED104F5C463D4F8240693ED1F8AAD
:106DC00094F8A966FBF778F92846FFF721FB0446FB
:106DD0001EB902B0BDEC028B70BDD0F85404012185
:106DE000FBF746F90028F4D1DFED0A7A28EE278A6E
:106DF000034602256A4640F2311104F108008DF87D
:106E000000508DED018AF9F7B9FDD4F85404FBF771
:106E100053F9DEE7E22E654270B52DED028B82B0AC
:106E200007F0FCF890F8AA363BB9002002B0BDECA0
:106E3000028BBDE87040FFF7EBBA04460521D0F89D
:106E40002406FBF715F905460028EED104F5C463C6
:106E5000D4F8240693ED1A8A94F8A866FBF72CF967
:106E60002846FFF7D5FA04461EB902B0BDEC028BE6
:106E700070BDD0F854040121FBF7FAF80028F4D1D2
:106E80009FED0A7AC8EE077A034602256A464FF458
:106E9000967104F108008DF80050CDED017AF9F7F4
:106EA0006DFDD4F85404FBF707F9DEE70AE81C414E
:106EB00070B52DED028B82B007F0B0F890F8AA36CD
:106EC0003BB9002002B0BDEC028BBDE87040FFF77B
:106ED0009FBA04460521D0F82406FBF7C9F80546F9
:106EE0000028EED104F5C463D4F8240693ED1E8A7D
:106EF00094F8A966FBF7E0F82846FFF789FA0446FC
:106F00001EB902B0BDEC028B70BDD0F85404012153
:106F1000FBF7AEF80028F4D1DFED0A7A28EE278AD5
:106F2000034602256A4640F22F1104F108008DF84D
:106F300000508DED018AF9F721FDD4F85404FBF7D8
:106F4000BBF8DEE7E22E654270B52DED028B82B014
:106F500007F064F890F8AA363BB9002002B0BDEC07
:106F6000028BBDE87040FFF753BA04460521D0F804
:106F70002406FBF77DF805460028EED104F5C4632E
:106F8000D4F8240693ED1B8A94F8A866FBF794F8CE
:106F90002846FFF73DFA04461EB902B0BDEC028B4D
:106FA00070BDD0F854040121FBF762F80028F4D139
:106FB0009FED0A7AC8EE077A034602256A4640F238
:106FC0002D1104F108008DF80050CDED017AF9F78C
:106FD000D5FCD4F85404FBF76FF8DEE70AE81C414F
:106FE00070B5234E3378BFF35B8F13F00104054671
:106FF00003D0002D35D11F4870BD304610F0DEF8AB
:107000000028F6D01B4B1C4983F864405022C3E98A
:1070100000121A49DA605A61DA615A62DA625A6316
:10702000DA635A64DA645A650A24154A1A66C3E9AF
:107030001614144A144999601A611449144A996142
:107040001A621449144A99621A631449144A9963DA
:107050001A641449144A996430461A6510F0BAF853
:10706000C7E7124B124A1348152111F0AFFD00BFBC
:1070700038DD00203CDD00209CB20208F56A0108E2
:10708000FD680108496F0108196E0108356701089C
:10709000B16E0108E96C0108816D0108CD67010836
:1070A000516C01089169010865680108D0A80208BF
:1070B00048B2020818AE020838B51F4D2B78BFF34E
:1070C0005B8F13F0010401D01C4838BD284610F036
:1070D00075F80028F8D01A4B1A4919601A4983F834
:1070E00064405022C3E901211849C3E9032118492A
:1070F000C3E905211749C3E907211749C3E9092154
:107100001649C3E90B211649C3E90D211549C3E905
:107110000F211549C3E911211449C3E91321144969
:10712000C3E91521134A0A212846C3E9171210F0B2
:1071300051F8024838BD00BF38DD002040DD002096
:107140003CDD00209CB20208196E0108496F01085D
:1071500035670108B16E0108E96C0108816D01080D
:10716000CD670108516C0108916901086568010843
:10717000F56A0108FD68010818B14FF47A73B3FB92
:10718000F0F07047C0E91612704700BFF0B5F22961
:1071900091B004464FD0F3290B4600F08480964A04
:1071A0008DF8193092E80300002305908DF818102F
:1071B0004FF0FF32072105A88DF81A308DF81B30EB
:1071C0008DF81C308DF81D308DF81E3008F09AFFB8
:1071D00005ABCDF81B0003CBC4F82A001A886286E1
:1071E00004F12A069A78C4F82E100B23B272A4F880
:1071F0005430A36DE3B108F0CBFC804D4519A06D70
:1072000041F10007F8F71AFD05E008F0C1FCA842BB
:1072100071EB07030CD2A06D90F83D30202BF4D118
:10722000B4F854203146F8F7C5FC012011B0F0BD88
:10723000002011B0F0BD724A43798DF8193092E800
:107240000300F92B9AB205908DF8181002AD4CD9B5
:10725000694A92E8030002904FF6F27000238DF81D
:107260000C104FF0FF320721ADF80D0028468DF8C5
:107270000F308DF810308DF811308DF8123008F085
:1072800041FF2A46CDF80F0003CA04F12A061388ED
:1072900063869278C4F82A000B23C4F82E10B272C9
:1072A000A4F85430A5E7544A4579ADF80D3092E87A
:1072B0000300F92D4FF0000202908DF80C108DF8AC
:1072C0000F208DF810208DF811208DF8122050D944
:1072D000FF238DF80E3007214FF0FF3202A808F08F
:1072E00011FF02ABCDF80F0075E753010121D20861
:1072F00000918DF809308DF80820424802232A4673
:10730000A021F4F72DFC0028A2D120233D480093B2
:107310000DF11A02A021F4F7FDFC002898D14FF0DE
:10732000FF32262105A808F0EDFE04F12A06CDF86B
:107330003A000DF1140C37460DF1340E65460FCDB1
:10734000754507F110070CF1100C47F8100C47F8C1
:107350000C1C47F8082C47F8043CEFD1BCE80300AC
:107360003860BCF800203A812A237960A4F85430B0
:107370003FE725484FF48071F4F796FFD4F80620D4
:10738000CDF81620D4F80A20D4F80E30CDF81A2003
:107390006620D4F81620D4F81260CDF826206901B2
:1073A000D4F81A20CDF81E30D4F81E300090CDF855
:1073B00022608DF81510D4F82260CDF82A20ED084F
:1073C000CDF82E300F488DF81450222305AAA021A5
:1073D000CDF83260F4F7C4FB30B10B4801224FF412
:1073E0008071F4F761FF73E7074801224FF4807161
:1073F000F4F75AFF6FE700BFD0A0020840420F0029
:10740000C8A00208D8040020000802402A2938B584
:1074100004460ED9FE2380F856302A22A06D21465C
:10742000F9F79AF8E36D1A68136823F008031360FC
:1074300038BD0D1F4FF0FF32294608F063FE635937
:10744000984203D0FF2384F85630E6E723784E2B8A
:10745000E3D16378452BE0D16388022BDDD121791C
:10746000F12914D00DD8F029D7D1012384F8563052
:107470002046FFF78BFE0028CFD1FD2384F856303D
:10748000CBE701F10E03DBB2012BF1D9C5E70023F5
:1074900084F85630ECE700BF70B5064601462A2254
:1074A000806D104CF9F758F8F36D1A68136823F0E3
:1074B0000803136008F06CFB041941F1000508F0A3
:1074C00067FBA04271EB0503F9D396F95630002B08
:1074D000F5DCB06D90F83D30202BF0D1BDE8704068
:1074E000F8F738BD404B4C0030B5124D2B78BFF348
:1074F0005B8F13F0010483B0014605D00E4803B042
:10750000BDE83040FFF782BF019028460FF056FEDD
:1075100001990028F2D0084B2846C3E91544DC65E0
:107520000FF058FE0199044803B0BDE83040FFF762
:107530006DBF00BFA4DD0020A8DD002070B5104E97
:107540003378BFF35B8F13F0010482B005460A461F
:1075500006D00C48294602B0BDE87040FFF712BEC5
:10756000304601910FF02AFE019A0028F1D0054B18
:107570003046C3E91544DC650FF02CFE019AE8E7BC
:10758000A4DD0020A8DD002038B50E4D2B78BFF318
:107590005B8F13F0010404D0BDE838400A48FFF7C0
:1075A0007BBF28460FF00AFE0028F5D0064B284680
:1075B000C3E91544DC650FF00DFEBDE83840024814
:1075C000FFF76ABFA4DD0020A8DD002090F84C0280
:1075D000704700BF38B5E84B04460D4640F8043B01
:1075E0004FF40072002111F07DFCE449E44AC4E943
:1075F000011201F5D6016A3102F16D12C4E90312DC
:1076000001F5E00102F5E6026F317132C4E90512BD
:1076100001F5E80102F5EC0273317532C4E9071295
:10762000D84902F5F8027A32C4E9091201F5FC01E1
:107630007C3102F18012C4E90B1201F5030102F55D
:10764000060282318432C4E90D1201F5090102F506
:107650000B0287318A32C4E90F1201F50E0102F5DF
:1076600011028D318F32C4E9111201F5140102F5B6
:10767000170292319532C4E9131201F5190102F58E
:107680001D0298319C32C4E9151201F5200102F562
:1076900023029F31A132C4E9171201F5270102F537
:1076A0002A02A531A832C4E9191201F52D0102F50B
:1076B0003002AB31AF32C4E91B1201F5340102F5DF
:1076C0003802B331B632C4E91D1201F53C0102F5AE
:1076D0003F02B931BE32C4E91F1201F5430102F580
:1076E0004802C231C532C4E9211201F54B0102F54D
:1076F0004F02C931CD32C4E9231201F5540102F51C
:107700005702D131D632C4E9251201F55B0102F5E9
:107710006102DA31DE32C4E9271201F5650102F5B2
:107720006902E231E732C4E9291201F56F0102F57D
:107730007302EC31F132C4E92B1201F5770102F545
:107740007D02F631FA32C4E92D128F4A01F18171BE
:10775000FF31C4E92F128D4902F1897202F20F1232
:10776000C4E931128A498B4AC4E9331201F101217B
:1077700001F50C1102F19472203102F22512C4E9D4
:107780003512854A01F1977101F22B11C4E93712C4
:1077900002F10122814902F582023D32C4E9391227
:1077A0007F4902F1A77202F24B12C4E93B127D49F4
:1077B00002F1AE7202F5AC72C4E93D1202F101228F
:1077C000794902F5D2026632C4E93F127749784A14
:1077D000C4E9411202F1012201F1C07102F5070270
:1077E00001F5BE718432C4E94312724902F1CC72D0
:1077F00002F5CA72C4E9451201F1D07102F1D472E6
:1078000001F29B1102F5D272C4E947126A4902F1F2
:10781000DD7202F2B512C4E94912684A01F1E17160
:1078200001F5DF71C4E94B12654902F1EF7202F50F
:10783000ED72C4E94D126349634AC4E94F126349CA
:1078400002F1022202F5C022C4E95112604A01F19C
:10785000047101F20A21C4E9531202F102225D49C6
:1078600002F544122B32C4E9551202F1022201F151
:107870000F7102F58E0201F236214132C4E957122E
:107880005549564AC4E9591202F10222544902F5F7
:10789000EE027132C4E95B12524A01F1217101F228
:1078A0007D21C4E95D12504902F12B7202F2A5223A
:1078B000C4E95F124D494E4AC4E961124D494E4A2E
:1078C000C4E963124D494E4A84F84D52C4E9651229
:1078D00002F103224B4902F508121A32C4E9671279
:1078E00049494A4AC4E9691201F1032101F5A60197
:1078F00002F159724A3102F55772C4E96B1201F173
:10790000032102F1032201F5EC0102F507026D31BA
:107910007E32C4E96D1201F1032102F1032201F567
:107920001A0102F52D029131A332C4E96F123849D0
:10793000384AC4E9711201F1032102F1032201F571
:10794000660102F57A02DC31F032C4E97312324A80
:1079500001F1043101F53021C4E9751201F104216E
:1079600002F1042201F5641102F59C022E31443229
:10797000C4E97712294953E00CB502083C0A560ABB
:10798000700A8B0A000C1E0C131A561A9A1ADE1A69
:10799000AE1BF51B3D1C851C941EE21E311F811F72
:1079A0007520C820C7211D22262380239324F1247B
:1079B0004F25AF259B270028E32A512B862DFB2D31
:1079C000712EE82E5330CF304C31CA314A32CA3290
:1079D0006235EA3574360037F83A8F3B273CC13CB4
:1079E0005D3DFA3D2341CA4172421C432545D645BF
:1079F00089463D47F447AC486649224ADF4A9F4BD7
:107A0000614C244DEA4DB14E1451E351B5528953A6
:107A1000125F0560FB60F3610469116A7A6F977009
:107A20001D4AC4E9791201F104211C4A01F5130130
:107A30008731C4E97B1202F10422194902F55A0286
:107A4000CE32C4E97D1200231649C4F8FC1148F275
:107A50002402012DA4F80022C4F8483284F84C32E4
:107A60000BD0022D13D1104A104B4FF48041C4E9C2
:107A70009423A4F84E12204638BD0D4A0D4B4FF406
:107A80000041C4E99423A4F84E12204638BD0A48A8
:107A900040F24B51FDF78EFAB871DB72567685775E
:107AA000B778EC799D7DDF7E00040240F4870020EA
:107AB000000802404C870020A4B20208F8B50C4F21
:107AC0003978BFF35B8F11F00106054618D0094FD6
:107AD0003978BFF35B8F11F0010600F0B182012D00
:107AE00000F23885044B0548002D18BF1846F8BD34
:107AF00008DE00200CDE002068E0002010DE002000
:107B000038460FF05BFB0028E1D0EA4CEA4B2046F8
:107B1000314640F8043B4FF4007211F0E3F9E74BB3
:107B2000636003F554133433A36003F13613E36049
:107B300003F13713236103F564133833636103F5ED
:107B400068133933A36103F13A13E36103F570134A
:107B50003B33236203F13D13636203F57C133D3332
:107B6000A36203F13F13E36203F14113236303F5BF
:107B700084034133636303F588034333A36303F54D
:107B80008A034433E36303F14613236403F590034C
:107B90004733636403F592034833A36403F5960304
:107BA0004A33E36403F598034B33236503F14D1324
:107BB000636503F5A0034F33A36503F15013E36539
:107BC00003F5A6035133236603F15413636603F5EB
:107BD000AC035433A36603F15713E36603F5B20312
:107BE0005833236703F15B13636703F5BA035B3311
:107BF000A36703F5BE035E33E36703F16013C4F8C4
:107C0000803003F5C6036233C4F8843003F5CA0339
:107C10006333C4F8883003F16613C4F88C3003F57D
:107C2000D2036733C4F8903003F5D6036A33C4F83F
:107C3000943003F16C13C4F8983003F5DE036E330F
:107C4000C4F89C3003F5E4037033C4F8A03003F5A6
:107C5000E6037233C4F8A43003F5EC037533C4F8BB
:107C6000A83003F5F2037733C4F8AC3003F17A138C
:107C7000C4F8B03003F5FA037C33C4F8B43003F52C
:107C800000037E33C4F8B83003F502038133C4F82F
:107C9000BC3003F505038333C4F8C03003F5080393
:107CA0008733C4F8C43003F50A038833C4F8C830F6
:107CB00003F50D038C33C4F8CC3003F510038F3378
:107CC000C4F8D03003F513039133C4F8D43003F56E
:107CD00015039433C4F8D83003F519039733C4F867
:107CE000DC3003F51C039B33C4F8E03003F51F03BD
:107CF0009D33C4F8E43003F52203A033C4F8E83020
:107D000003F52503A433C4F8EC3003F52903A733A6
:107D1000C4F8F03003F52C03AB33C4F8F43003F5AA
:107D20003003AD33C4F8F83042F22633A4F8FC3007
:107D30004FF40E53A4F8FE3003F1105303F558131B
:107D40005A33C4F8003103F53B03B933C4F80431A6
:107D500003F53E03BC33C4F8083103F54203C033D6
:107D6000C4F80C3103F54503C433C4F8103103F5EE
:107D70004A03C833C4F8143103F54E03CC33C4F8B6
:107D8000183103F55203CF33C4F81C3103F5560301
:107D9000D533C4F8203103F55B03D833C4F824315C
:107DA00003F55F03DD33C4F8283103F56303E133E2
:107DB000C4F82C3103F56803E533C4F8303103F51A
:107DC0006D03EB33C4F8343103F57103EF33C4F8BA
:107DD000383103F57603F333C4F83C3103F57B0304
:107DE000F933C4F8403103F18073FE33C4F84431F1
:107DF00003F1837303F58173C4F8483103F185738C
:107E000003F58473C4F84C3103F1887303F5877369
:107E1000C4F8503103F18B7303F58973C4F85431FE
:107E200003F1012303F5D8131933C4F8583103F1D2
:107E3000012303F504131D33C4F85C3103F193737C
:107E400003F59273C4F860311D4BC4F8643103F13B
:107E5000997303F22F13C4F868311A4BC4F86C31CC
:107E600003F19F7303F23B13C4F8703103F1A37362
:107E700003F5A173C4F8743103F1A67303F2491337
:107E8000C4F8783103F1A97303F24F13C4F87C31BD
:107E900003F1AD7303F5AB73C4F8803103F1B07334
:107EA00003F25D13C4F88431DFF824E0064B074A7F
:107EB00010E000BF10DE00200CB502083C0A560A94
:107EC000F83A8F3B5D3DFA3DF447AC48DF4A9F4BA3
:107ED00089463D474E49C4E962E303F1BB7303F5AC
:107EE000B973C4F890314B4BC4E965234A4BC4F8CD
:107EF0009C3103F1012303F515039133C4F8A0313C
:107F0000464BC4F8A43103F1D37303F2A113C4F8B0
:107F1000A83103F1012303F52D03A933C4F8AC31D3
:107F20003F4BC4F8B03103F1012303F53F03BA33EB
:107F3000C4F8B43103F1E47303F5E273C4F8B83163
:107F400003F1E97303F2CD13C4F8BC3103F101234B
:107F500003F55B03D633C4F8C03103F1F27303F5C4
:107F6000F073C4F8C43103F1F77303F2E913C4F8F2
:107F7000C83103F1FC7303F2F313C4F8CC3103F1FD
:107F8000007303F5003303F2FD13C4F8D031254B21
:107F9000254AC4E9751303F1022303F508131C33C2
:107FA000C4F8DC3103F10B7303F50A73C4F8E03154
:107FB00003F10E7303F23223C4F8E43103F11173B9
:107FC00003F23E23C4F8E83103F1022303F59E03D4
:107FD0004933C4F8EC313846144B154FC4E97C736F
:107FE00047F62433A4F8F83147F65F43A4F8FA3192
:107FF000104BC4F8FC3148F22403A4F800320E4BB5
:10800000C4E992630D4BC4E994230FF0E3F85EE5F5
:10801000F266FA67614C244DEA4DB14E1451E351BA
:108020001156ED560469116A00080240B778EC79E0
:10803000567685779D7DDF7E000100804C8700208D
:1080400038460FF0BBF800283FF449ADE94CEA4B45
:108050002046314640F8043B4FF4007210F042FFD6
:10806000E64B636003F554133433A36003F1361316
:10807000E36003F13713236103F56413383363615D
:1080800003F568133933A36103F13A13E36103F590
:1080900070133B33236203F13D13636203F57C13DA
:1080A0003D33A36203F13F13E36203F14113236302
:1080B00003F584034133636303F588034333A36308
:1080C00003F58A034433E36303F14613236403F5A2
:1080D00090034733636403F592034833A36403F5C5
:1080E00096034A33E36403F598034B33236503F1A6
:1080F0004D13636503F5A0034F33A36503F15013DC
:10810000E36503F5A6035133236603F15413636655
:1081100003F5AC035433A36603F15713E36603F589
:10812000B2035833236703F15B13636703F5BA03A4
:108130005B33A36703F5BE035E33E36703F16013AC
:10814000C4F8803003F5C6036233C4F8843003F505
:10815000CA036333C4F8883003F16613C4F88C3063
:1081600003F5D2036733C4F8903003F5D6036A33BE
:10817000C4F8943003F16C13C4F8983003F5DE03AF
:108180006E33C4F89C3003F5E4037033C4F8A030B8
:1081900003F5E6037233C4F8A43003F5EC0375333A
:1081A000C4F8A83003F5F2037733C4F8AC3003F118
:1081B0007A13C4F8B03003F5FA037C33C4F8B43052
:1081C00003F500037E33C4F8B83003F502038133AE
:1081D000C4F8BC3003F505038333C4F8C03003F59D
:1081E00008038733C4F8C43003F50A038833C4F89E
:1081F000C83003F50D038C33C4F8CC3003F51003FD
:108200008F33C4F8D03003F513039133C4F8D4305E
:1082100003F515039433C4F8D83003F519039733E5
:10822000C4F8DC3003F51C039B33C4F8E03003F5DD
:108230001F039D33C4F8E43003F52203A033C4F8D0
:10824000E83003F52503A433C4F8EC3003F5290323
:10825000A733C4F8F03003F52C03AB33C4F8F43083
:1082600003F53003AD33C4F8F83042F22633A4F8F6
:10827000FC304FF40E53A4F8FE3003F1105303F515
:1082800058135A33C4F8003103F53B03B933C4F82B
:10829000043103F53E03BC33C4F8083103F542034F
:1082A000C033C4F80C3103F54503C433C4F81031AE
:1082B00003F54A03C833C4F8143103F54E03CC3335
:1082C000C4F8183103F55203CF33C4F81C3103F559
:1082D0005603D533C4F8203103F55B03D833C4F813
:1082E000243103F55F03DD33C4F8283103F563035C
:1082F000E133C4F82C3103F56803E533C4F83031B9
:1083000003F56D03EB33C4F8343103F57103EF3338
:10831000C4F8383103F57603F333C4F83C3103F580
:108320007B03F933C4F8403103F18073FE33C4F8A2
:10833000443103F1837303F58173C4F8483103F1C9
:10834000857303F58473C4F84C3103F1887303F526
:108350008773C4F8503103F18B7303F58973C4F844
:10836000543103F1012303F5D8131933C4F85831FC
:1083700003F1012303F504131D33C4F85C3103F149
:10838000937303F59273C4F860311D4BC4F86431E4
:1083900003F1997303F22F13C4F86831194BC4F831
:1083A0006C3103F19F7303F23B13C4F8703103F196
:1083B000A37303F5A173C4F8743103F1A67303F238
:1083C0004913C4F8783103F1A97303F24F13C4F8C9
:1083D0007C3103F1AD7303F5AB73C4F8803103F165
:1083E000B07303F25D13C4F88431074A074B0849A0
:1083F00010E000BF68E000200CB502083C0A560AF5
:10840000F83A8F3B5D3DFA3D89463D47F447AC481D
:10841000DF4A9F4BDFF880C1C4E9622303F1BB73DD
:1084200003F5B973C4F890314D4B4E4AC4E9651356
:108430004D4BC4F89C3103F1012303F5150391332F
:10844000C4F8A031494BC4F8A43103F1D37303F24B
:10845000A113C4F8A83103F1012303F52D03A933B7
:10846000C4F8AC31424BC4F8B03103F1012303F539
:108470003F03BA33C4F8B43103F1E47303F5E27394
:10848000C4F8B83103F1E97303F2CD13C4F8BC3179
:1084900003F1012303F55B03D633C4F8C03103F1C4
:1084A000F27303F5F073C4F8C43103F1F77303F208
:1084B000E913C4F8C83103F1FC7303F2F313C4F8F1
:1084C000CC3103F1007303F5003303F2FD13C4F85C
:1084D000D0313846274B284FC4E9757303F1022386
:1084E00003F508131C33C4F8DC3103F10B7303F5F7
:1084F0000A73C4F8E03103F10E7303F23223C4F8B7
:10850000E43103F1117303F23E23C4F8E83103F1BF
:10851000022303F59E034933C4F8EC31174BC4E939
:108520007CC347F62433A4F8F83147F65F43A4F838
:10853000FA31134BC4F8FC3148F22403A4F800329A
:10854000104BC4E99263104BC4E994230EF042FE31
:10855000FFF7C5BA0D4B0E4A0E48212110F036FB2D
:10856000614C244D00040240EA4DB14E1451E351D8
:108570001156ED560469116AF266FA67B778EC791C
:108580009D7DDF7E00020040F4870020B8B2020823
:10859000ECB2020834B30208567685772DE9F04133
:1085A00003688E4A5B6893422DED088B044640F0C9
:1085B000E38090F84C52DDB99FED898A2F46B0EEEA
:1085C00048BAF0EE48AAB0EE48AAF0EE489AB0EEEB
:1085D000489AF0EE488A2E4694F84D32012B00F06E
:1085E0009D80022B00F0CB80BDEC088BBDE8F081B4
:1085F00007F0CEFAB4F8303247F6FF7E5BBA1EFAC7
:1086000083F292B24FF6FD78424507460E4670D887
:10861000B4F8322252BA1EFA82F189B2414568D8C2
:10862000B4F8341249BA1EFA81F080B2404560D8DD
:10863000B4F8380240BA1EFA80F5ADB2454558D8B4
:10864000B4F83A526DBA1EFA85FC1FFA8CFCC44588
:108650004FD8B4F83CC29CFA9CFC1EFA8CFE1FFA60
:108660008EFEC64545D81BB208EE903A13B209EE0D
:10867000103A0BB209EE903A03B20AEE103A2BB25E
:108680000AEE903A0FFA8CF30BEE103AB4F8363249
:10869000DFED547A9FED546ADFED546A9FED545A32
:1086A000DFED545AB8EECAAAB8EECBBADBBA2AEE5E
:1086B00027AA2BEE27BA07EE903AF8EEE77AB3EE48
:1086C000057A77EEC77AF8EEE88A87EE868A012582
:1086D000B8EEC99AF8EEE99AF8EEEAAA68EEA68A28
:1086E00029EE059A69EEA69A6AEEA5AA38EE078ADF
:1086F00072E794F84D329FED3A8A012B4FF0000556
:10870000B0EE48BAF0EE48AAB0EE48AAF0EE489AA9
:10871000B0EE489AF0EE488A7FF463AF05F07EFC35
:1087200090F899340446002B3FF45EAFD0F8100463
:108730000521F9F79DFC00287FF456AF04F20C43A5
:1087400083ED208AC3ED1A8A83ED1B9AC3ED1C9A30
:1087500083ED1DAAC3ED1EAA83ED1FBA04F5826343
:10876000C3E9207684F89854BDEC088BD4F8100443
:10877000BDE8F041F9F7A0BC984705461BE705F0B6
:108780004DFC90F8A5350446002B3FF42DAFD0F8F2
:108790001C050521F9F76CFC00287FF425AF04F5D2
:1087A000A36383ED1FBA83ED208AC3ED1A8A83ED9C
:1087B0001B9AC3ED1C9A83ED1DAAC3ED1EAA04F5F6
:1087C000A463C3E91F7684F8A455BDEC088BD4F8E4
:1087D0001C05BDE8F041F9F76FBC00BFCD7501087D
:1087E000000000006FA18BB95CEFA64344E91CBBFD
:1087F00044E91C3B6FA18B3930B504468BB0252270
:108800000021684610F06EFB94F84D32012B03D026
:10881000022B24D00BB030BD05F000FC90F8993449
:108820000446002BF6D0D0F810040521F9F720FCFF
:108830000028EFD1EC46BCE80F0004F274450FC5E8
:10884000BCE80F000FC59CE8030045F8040BD4F802
:10885000100429700BB0BDE83040F9F72DBC05F0CD
:10886000DDFB90F8A5350546002BD3D0D0F81C05CC
:108870000521F9F7FDFB0028CCD16C460FCC05F59E
:10888000B06CACE80F000FCCACE80F0094E803002C
:108890004CF8040BD5F81C058CF80010DAE700BF83
:1088A00010B590F84D2286B00023012ACDE901339E
:1088B000CDE903338DF8143003D0022A22D006B05C
:1088C00010BD05F0ABFB90F809340446002BF6D040
:1088D000D0F894030521F9F7CBFB0028EFD10DF177
:1088E000040EBEE80F0004F57E7CACE80F00DEF855
:1088F0000030D4F894038CF8003006B0BDE8104086
:10890000F9F7DABB05F08AFB90F815350446002B21
:10891000D5D0D0F8A0040521F9F7AAFB0028CED1C4
:108920000DF1040CBCE80F0004F2045EAEE80F0089
:10893000DCF80030D4F8A0048EF80030DDE700BF8A
:10894000F8B50446FFF758FF2046FFF7A9FFF9F7EF
:108950009DFA0646F9F7C4FA431C0FD000230746D8
:1089600084F84C32C4F8483210213046F9F7A6FAA0
:10897000054620B194F84C32002BF5D0F8BDB4F880
:108980004E12D4F850020122F3F78EFCD4F85402B0
:10899000F3F764FD4FF4FA60F9F7BCFAB4F84E123D
:1089A000D4F850022A46F3F77FFCD4F85402F3F7C8
:1089B0008DFC4FF4FA70F9F7ADFA236820461B6876
:1089C000984739463046F9F779FA94F84C32002B3B
:1089D000CAD0F8BDF0B5012885B063D8FFF76EF8AE
:1089E0003B2305468DF80F30F1F78CFF314F0646DB
:1089F000D5F8540203689B699A072ED4022300938A
:108A00000DF10F020123D021F3F742FDC8B9F1F7B0
:108A100079FF284E0446D5F8540203689B699B07EA
:108A200029D40E2305F50C72D021F4F733F940B99F
:108A3000D5F84832B3F5967F32D80446204605B0C3
:108A4000F0BDD5F848320133B3F5967FC5F848320A
:108A50001FD80124204605B0F0BDF1F753FF831B5A
:108A6000192BEED83868F9F713FA0228C0D0012084
:108A7000F9F750FABCE7F1F745FF001B1928E0D8D9
:108A80003068F9F705FA0228C5D00120F9F742FA53
:108A9000C1E701242846FFF753FF204605B0F0BD8B
:108AA0000446F7E7044B054A05484FF4FC7110F003
:108AB0008DF800BFFC64002084A80208A4B302085B
:108AC00034B302080128F8B500F24C850C4F397810
:108AD000BFF35B8F11F00106054619D0094F3978B5
:108AE000BFF35B8F11F0010600F0B282064B07481E
:108AF000002D18BF1846BDE8F840FFF74FBD00BF76
:108B000008DE00200CDE002068E0002010DE0020DF
:108B100038460EF053FB0028E0D0EA4CEA4B2046E2
:108B2000314640F8043B4FF4007210F0DBF9E74B9C
:108B3000636003F554133433A36003F13613E36029
:108B400003F13713236103F564133833636103F5CD
:108B500068133933A36103F13A13E36103F570132A
:108B60003B33236203F13D13636203F57C133D3312
:108B7000A36203F13F13E36203F14113236303F59F
:108B800084034133636303F588034333A36303F52D
:108B90008A034433E36303F14613236403F590032C
:108BA0004733636403F592034833A36403F59603E4
:108BB0004A33E36403F598034B33236503F14D1304
:108BC000636503F5A0034F33A36503F15013E36519
:108BD00003F5A6035133236603F15413636603F5CB
:108BE000AC035433A36603F15713E36603F5B203F2
:108BF0005833236703F15B13636703F5BA035B33F1
:108C0000A36703F5BE035E33E36703F16013C4F8A3
:108C1000803003F5C6036233C4F8843003F5CA0319
:108C20006333C4F8883003F16613C4F88C3003F55D
:108C3000D2036733C4F8903003F5D6036A33C4F81F
:108C4000943003F16C13C4F8983003F5DE036E33EF
:108C5000C4F89C3003F5E4037033C4F8A03003F586
:108C6000E6037233C4F8A43003F5EC037533C4F89B
:108C7000A83003F5F2037733C4F8AC3003F17A136C
:108C8000C4F8B03003F5FA037C33C4F8B43003F50C
:108C900000037E33C4F8B83003F502038133C4F80F
:108CA000BC3003F505038333C4F8C03003F5080373
:108CB0008733C4F8C43003F50A038833C4F8C830D6
:108CC00003F50D038C33C4F8CC3003F510038F3358
:108CD000C4F8D03003F513039133C4F8D43003F54E
:108CE00015039433C4F8D83003F519039733C4F847
:108CF000DC3003F51C039B33C4F8E03003F51F039D
:108D00009D33C4F8E43003F52203A033C4F8E830FF
:108D100003F52503A433C4F8EC3003F52903A73386
:108D2000C4F8F03003F52C03AB33C4F8F43003F58A
:108D30003003AD33C4F8F83042F22633A4F8FC30E7
:108D40004FF40E53A4F8FE3003F1105303F55813FB
:108D50005A33C4F8003103F53B03B933C4F8043186
:108D600003F53E03BC33C4F8083103F54203C033B6
:108D7000C4F80C3103F54503C433C4F8103103F5CE
:108D80004A03C833C4F8143103F54E03CC33C4F896
:108D9000183103F55203CF33C4F81C3103F55603E1
:108DA000D533C4F8203103F55B03D833C4F824313C
:108DB00003F55F03DD33C4F8283103F56303E133C2
:108DC000C4F82C3103F56803E533C4F8303103F5FA
:108DD0006D03EB33C4F8343103F57103EF33C4F89A
:108DE000383103F57603F333C4F83C3103F57B03E4
:108DF000F933C4F8403103F18073FE33C4F84431D1
:108E000003F1837303F58173C4F8483103F185736B
:108E100003F58473C4F84C3103F1887303F5877349
:108E2000C4F8503103F18B7303F58973C4F85431DE
:108E300003F1012303F5D8131933C4F8583103F1B2
:108E4000012303F504131D33C4F85C3103F193735C
:108E500003F59273C4F860311D4BC4F8643103F11B
:108E6000997303F22F13C4F868311A4BC4F86C31AC
:108E700003F19F7303F23B13C4F8703103F1A37342
:108E800003F5A173C4F8743103F1A67303F2491317
:108E9000C4F8783103F1A97303F24F13C4F87C319D
:108EA00003F1AD7303F5AB73C4F8803103F1B07314
:108EB00003F25D13C4F88431DFF824E0064B074A5F
:108EC00010E000BF10DE00200CB502083C0A560A74
:108ED000F83A8F3B5D3DFA3DF447AC48DF4A9F4B83
:108EE00089463D474E49C4E962E303F1BB7303F58C
:108EF000B973C4F890314B4BC4E965234A4BC4F8AD
:108F00009C3103F1012303F515039133C4F8A0311B
:108F1000464BC4F8A43103F1D37303F2A113C4F890
:108F2000A83103F1012303F52D03A933C4F8AC31B3
:108F30003F4BC4F8B03103F1012303F53F03BA33CB
:108F4000C4F8B43103F1E47303F5E273C4F8B83143
:108F500003F1E97303F2CD13C4F8BC3103F101232B
:108F600003F55B03D633C4F8C03103F1F27303F5A4
:108F7000F073C4F8C43103F1F77303F2E913C4F8D2
:108F8000C83103F1FC7303F2F313C4F8CC3103F1DD
:108F9000007303F5003303F2FD13C4F8D031254B01
:108FA000254AC4E9751303F1022303F508131C33A2
:108FB000C4F8DC3103F10B7303F50A73C4F8E03134
:108FC00003F10E7303F23223C4F8E43103F1117399
:108FD00003F23E23C4F8E83103F1022303F59E03B4
:108FE0004933C4F8EC313846144B154FC4E97C734F
:108FF00047F62433A4F8F83147F65F43A4F8FA3172
:10900000104BC4F8FC3148F22403A4F800320E4B94
:10901000C4E992630D4BC4E994230EF0DBF85DE5DF
:10902000F266FA67614C244DEA4DB14E1451E3519A
:109030001156ED560469116A00080240B778EC79C0
:10904000567685779D7DDF7E000100804C8700206D
:1090500038460EF0B3F800283FF448ADE94CEA4B2F
:109060002046314640F8043B4FF400720FF03AFFBF
:10907000E64B636003F554133433A36003F13613F6
:10908000E36003F13713236103F56413383363613D
:1090900003F568133933A36103F13A13E36103F570
:1090A00070133B33236203F13D13636203F57C13BA
:1090B0003D33A36203F13F13E36203F141132363E2
:1090C00003F584034133636303F588034333A363E8
:1090D00003F58A034433E36303F14613236403F582
:1090E00090034733636403F592034833A36403F5A5
:1090F00096034A33E36403F598034B33236503F186
:109100004D13636503F5A0034F33A36503F15013BB
:10911000E36503F5A6035133236603F15413636635
:1091200003F5AC035433A36603F15713E36603F569
:10913000B2035833236703F15B13636703F5BA0384
:109140005B33A36703F5BE035E33E36703F160138C
:10915000C4F8803003F5C6036233C4F8843003F5E5
:10916000CA036333C4F8883003F16613C4F88C3043
:1091700003F5D2036733C4F8903003F5D6036A339E
:10918000C4F8943003F16C13C4F8983003F5DE038F
:109190006E33C4F89C3003F5E4037033C4F8A03098
:1091A00003F5E6037233C4F8A43003F5EC0375331A
:1091B000C4F8A83003F5F2037733C4F8AC3003F1F8
:1091C0007A13C4F8B03003F5FA037C33C4F8B43032
:1091D00003F500037E33C4F8B83003F5020381338E
:1091E000C4F8BC3003F505038333C4F8C03003F57D
:1091F00008038733C4F8C43003F50A038833C4F87E
:10920000C83003F50D038C33C4F8CC3003F51003DC
:109210008F33C4F8D03003F513039133C4F8D4303E
:1092200003F515039433C4F8D83003F519039733C5
:10923000C4F8DC3003F51C039B33C4F8E03003F5BD
:109240001F039D33C4F8E43003F52203A033C4F8B0
:10925000E83003F52503A433C4F8EC3003F5290303
:10926000A733C4F8F03003F52C03AB33C4F8F43063
:1092700003F53003AD33C4F8F83042F22633A4F8D6
:10928000FC304FF40E53A4F8FE3003F1105303F5F5
:1092900058135A33C4F8003103F53B03B933C4F80B
:1092A000043103F53E03BC33C4F8083103F542032F
:1092B000C033C4F80C3103F54503C433C4F810318E
:1092C00003F54A03C833C4F8143103F54E03CC3315
:1092D000C4F8183103F55203CF33C4F81C3103F539
:1092E0005603D533C4F8203103F55B03D833C4F8F3
:1092F000243103F55F03DD33C4F8283103F563033C
:10930000E133C4F82C3103F56803E533C4F8303198
:1093100003F56D03EB33C4F8343103F57103EF3318
:10932000C4F8383103F57603F333C4F83C3103F560
:109330007B03F933C4F8403103F18073FE33C4F882
:10934000443103F1837303F58173C4F8483103F1A9
:10935000857303F58473C4F84C3103F1887303F506
:109360008773C4F8503103F18B7303F58973C4F824
:10937000543103F1012303F5D8131933C4F85831DC
:1093800003F1012303F504131D33C4F85C3103F129
:10939000937303F59273C4F860311D4BC4F86431C4
:1093A00003F1997303F22F13C4F86831194BC4F811
:1093B0006C3103F19F7303F23B13C4F8703103F176
:1093C000A37303F5A173C4F8743103F1A67303F218
:1093D0004913C4F8783103F1A97303F24F13C4F8A9
:1093E0007C3103F1AD7303F5AB73C4F8803103F145
:1093F000B07303F25D13C4F88431074A074B084980
:1094000010E000BF68E000200CB502083C0A560AD4
:10941000F83A8F3B5D3DFA3D89463D47F447AC48FD
:10942000DF4A9F4BDFF884C1C4E9622303F1BB73B9
:1094300003F5B973C4F890314E4B4F4AC4E9651334
:109440004E4BC4F89C3103F1012303F5150391330E
:10945000C4F8A0314A4BC4F8A43103F1D37303F22A
:10946000A113C4F8A83103F1012303F52D03A93397
:10947000C4F8AC31434BC4F8B03103F1012303F518
:109480003F03BA33C4F8B43103F1E47303F5E27374
:10949000C4F8B83103F1E97303F2CD13C4F8BC3159
:1094A00003F1012303F55B03D633C4F8C03103F1A4
:1094B000F27303F5F073C4F8C43103F1F77303F2E8
:1094C000E913C4F8C83103F1FC7303F2F313C4F8D1
:1094D000CC3103F1007303F5003303F2FD13C4F83C
:1094E000D0313846284B294FC4E9757303F1022364
:1094F00003F508131C33C4F8DC3103F10B7303F5D7
:109500000A73C4F8E03103F10E7303F23223C4F896
:10951000E43103F1117303F23E23C4F8E83103F19F
:10952000022303F59E034933C4F8EC31184BC4E918
:109530007CC347F62433A4F8F83147F65F43A4F818
:10954000FA31144BC4F8FC3148F22403A4F8003279
:10955000114BC4E99263114BC4E994230DF03AFE18
:10956000FFF7C4BA0E4B0F4A0F4840F206210FF026
:109570002DFB00BF614C244D00040240EA4DB14E6A
:109580001451E3511156ED560469116AF266FA67F7
:10959000B778EC799D7DDF7E00020040F4870020E3
:1095A00084A80208D0B3020834B30208567685773F
:1095B0000128F8B535D8FEF781FA0546F1F7A2F98A
:1095C0001B4F0646D5F8540203689B699B0711D4CC
:1095D000092305F23E22C621F3F75CFBE8B1D5F87A
:1095E000483201330124C5F84832B3F5967F0FD8CD
:1095F0002046F8BDF1F786F9831B192BEFD83868A0
:10960000F8F746FC0228DDD00120F8F783FCD9E703
:109610002846FFF795F92046F8BDD5F848320446AC
:10962000E3E7044B044A05484FF405710FF0CEFA06
:10963000FC64002084A80208FCB3020834B30208CA
:10964000F0B5012885B055D82E4D2B78BFF35B8F30
:10965000D907044634D52C4D2B78BFF35B8FDA073E
:109660003BD52A4A2A4D2B4F4DF67073002C18BF5C
:109670001546ADF80C30F1F745F90646D5F8540219
:1096800003689B699B070AD40223009303AAC6219F
:10969000F2F7FEFE003818BF012005B0F0BDF1F76B
:1096A00031F9801B192808D83868F8F7F1FB02282F
:1096B000E4D00120F8F72EFCE0E7012005B0F0BD72
:1096C00028460DF07BFD0028C5D001211048FDF78C
:1096D00081FF28460DF07EFDBDE728460DF06EFDAA
:1096E0000028BED002210948FDF774FF28460DF07E
:1096F00071FDB6E7084B094A09484FF409710FF0AC
:1097000065FA00BF08DE00200CDE002068E00020C3
:1097100010DE0020FC64002084A8020830B4020897
:1097200034B30208F0B501288BB000F20083174C67
:109730002378BFF35B8FDB0705461AD5144F3978C2
:10974000BFF35B8F11F0010628D0124B124C002D95
:1097500018BF1C462522002168460FF0C3FB94F871
:109760004D32012B00F0A182022B00F0C1820BB020
:10977000F0BD20460DF022FD0028DFD00121064873
:10978000FDF728FF20460DF025FDD7E708DE002075
:109790000CDE002068E0002010DE002038460DF0CE
:1097A0000DFD0028D1D0E94CE94B2046314640F868
:1097B000043B4FF400720FF095FBE64B636003F53A
:1097C00054133433A36003F13613E36003F137130A
:1097D000236103F564133833636103F56813393388
:1097E000A36103F13A13E36103F570133B33236282
:1097F00003F13D13636203F57C133D33A36203F170
:109800003F13E36203F14113236303F58403413300
:10981000636303F588034333A36303F58A03443387
:10982000E36303F14613236403F590034733636452
:1098300003F592034833A36403F596034A33E364C4
:1098400003F598034B33236503F14D13636503F56B
:10985000A0034F33A36503F15013E36503F5A6039B
:109860005133236603F15413636603F5AC03543399
:10987000A36603F15713E36603F5B2035833236776
:1098800003F15B13636703F5BA035B33A36703F567
:10989000BE035E33E36703F16013C4F8803003F561
:1098A000C6036233C4F8843003F5CA036333C4F8D3
:1098B000883003F16613C4F88C3003F5D2036733A4
:1098C000C4F8903003F5D6036A33C4F8943003F13A
:1098D0006C13C4F8983003F5DE036E33C4F89C3083
:1098E00003F5E4037033C4F8A03003F5E6037233E4
:1098F000C4F8A43003F5EC037533C4F8A83003F5BD
:10990000F2037733C4F8AC3003F17A13C4F8B03003
:1099100003F5FA037C33C4F8B43003F500037E3357
:10992000C4F8B83003F502038133C4F8BC3003F542
:1099300005038333C4F8C03003F508038733C4F844
:10994000C43003F50A038833C4F8C83003F50D03A7
:109950008C33C4F8CC3003F510038F33C4F8D03007
:1099600003F513039133C4F8D43003F5150394338E
:10997000C4F8D83003F519039733C4F8DC3003F585
:109980001C039B33C4F8E03003F51F039D33C4F878
:10999000E43003F52203A033C4F8E83003F52503CF
:1099A000A433C4F8EC3003F52903A733C4F8F0302E
:1099B00003F52C03AB33C4F8F43003F53003AD33B7
:1099C000C4F8F83042F22633A4F8FC304FF40E53BA
:1099D000A4F8FE3003F1105303F558135A33C4F8BA
:1099E000003103F53B03B933C4F8043103F53E03FA
:1099F000BC33C4F8083103F54203C033C4F80C315A
:109A000003F54503C433C4F8103103F54A03C833E2
:109A1000C4F8143103F54E03CC33C4F8183103F500
:109A20005203CF33C4F81C3103F55603D533C4F8C1
:109A3000203103F55B03D833C4F8243103F55F0309
:109A4000DD33C4F8283103F56303E133C4F82C3166
:109A500003F56803E533C4F8303103F56D03EB33E8
:109A6000C4F8343103F57103EF33C4F8383103F52A
:109A70007603F333C4F83C3103F57B03F933C4F8C0
:109A8000403103F18073FE33C4F8443103F1837332
:109A900003F58173C4F8483103F1857303F58473CA
:109AA000C4F84C3103F1887303F58773C4F850315F
:109AB00003F18B7303F58973C4F8543103F1012367
:109AC00003F5D8131933C4F8583103F1012303F512
:109AD00004131D33C4F85C3103F1937303F59273DF
:109AE000C4F860311C4BC4F8643103F1997303F27C
:109AF0002F13C4F86831194BC4F86C3103F19F730C
:109B000003F23B13C4F8703103F1A37303F5A1739F
:109B1000C4F8743103F1A67303F24913C4F8783121
:109B200003F1A97303F24F13C4F87C3103F1AD7351
:109B300003F5AB73C4F8803103F1B07303F25D1326
:109B4000C4F88431064A074B07490FE068E000205B
:109B50000CB502083C0A560AF83A8F3B5D3DFA3DC7
:109B600089463D47F447AC48DF4A9F4BDFF804C2C3
:109B7000C4E9622303F1BB7303F5B973C4F89031F0
:109B80006E4B6F4AC4E965136E4BC4F89C3103F108
:109B9000012303F515039133C4F8A0316A4BC4F8CF
:109BA000A43103F1D37303F2A113C4F8A83103F174
:109BB000012303F52D03A933C4F8AC31634BC4F87A
:109BC000B03103F1012303F53F03BA33C4F8B431D4
:109BD00003F1E47303F5E273C4F8B83103F1E973F8
:109BE00003F2CD13C4F8BC3103F1012303F55B0389
:109BF000D633C4F8C03103F1F27303F5F073C4F83F
:109C0000C43103F1F77303F2E913C4F8C83103F167
:109C1000FC7303F2F313C4F8CC3103F1007303F5C2
:109C2000003303F2FD13C4F8D0313846484B494F96
:109C3000C4E9757303F1022303F508131C33C4F858
:109C4000DC3103F10B7303F50A73C4F8E03103F15F
:109C50000E7303F23223C4F8E43103F1117303F2FB
:109C60003E23C4F8E83103F1022303F59E03493390
:109C7000C4F8EC31384BC4E97CC347F62433A4F86C
:109C8000F83147F65F43A4F8FA31344BC4F8FC319D
:109C900048F22403A4F80032314BC4E99263314BFB
:109CA000C4E994230DF096FA4FE504F0B7F990F863
:109CB00099340446002B3FF45AADD0F81004052126
:109CC000F8F7D6F900287FF452AD6E460FCE04F2B5
:109CD00074450FC50FCE0FC596E8030045F8040B79
:109CE000D4F8100429700BB0BDE8F040F8F7E4B9DF
:109CF00004F094F990F8A5350546002B3FF437ADF4
:109D0000D0F81C050521F8F7B3F900287FF42FAD32
:109D10006C460FCC05F5B0660FC60FCC0FC694E8A5
:109D2000030046F8040BD5F81C053170DBE70E4B39
:109D30000E4A0F4840F23F210EF048FF614C244D7F
:109D400000040240EA4DB14E1451E3511156ED5654
:109D50000469116AF266FA67B778EC799D7DDF7E57
:109D600000020040F487002084A8020868B40208BA
:109D700034B3020856768577F0B5012887B000F233
:109D8000F882184C2378BFF35B8FDB0705461CD5A0
:109D9000154F3978BFF35B8F11F001062AD0134BB2
:109DA000134A002D18BF1A46002392F84D228DF851
:109DB0001430012ACDE90133CDE9033300F0A1824B
:109DC000022A00F0BC8207B0F0BD20460DF0F6F983
:109DD0000028DDD001210648FDF7FCFB20460DF0F0
:109DE000F9F9D5E708DE00200CDE002068E000204D
:109DF00010DE002038460DF0E1F90028CFD0E94C04
:109E0000E94B2046314640F8043B4FF400720FF016
:109E100069F8E64B636003F554133433A36003F130
:109E20003613E36003F13713236103F5641338330A
:109E3000636103F568133933A36103F13A13E361F6
:109E400003F570133B33236203F13D13636203F5A3
:109E50007C133D33A36203F13F13E36203F141132B
:109E6000236303F584034133636303F588034333BA
:109E7000A36303F58A034433E36303F146132364C6
:109E800003F590034733636403F592034833A364F7
:109E900003F596034A33E36403F598034B332365D4
:109EA00003F14D13636503F5A0034F33A36503F17D
:109EB0005013E36503F5A6035133236603F15413EE
:109EC000636603F5AC035433A36603F15713E366EB
:109ED00003F5B2035833236703F15B13636703F59C
:109EE000BA035B33A36703F5BE035E33E36703F195
:109EF0006013C4F8803003F5C6036233C4F88430BD
:109F000003F5CA036333C4F8883003F16613C4F859
:109F10008C3003F5D2036733C4F8903003F5D603D1
:109F20006A33C4F8943003F16C13C4F8983003F525
:109F3000DE036E33C4F89C3003F5E4037033C4F8D9
:109F4000A03003F5E6037233C4F8A43003F5EC0344
:109F50007533C4F8A83003F5F2037733C4F8AC3096
:109F600003F17A13C4F8B03003F5FA037C33C4F874
:109F7000B43003F500037E33C4F8B83003F50203B0
:109F80008133C4F8BC3003F505038333C4F8C03013
:109F900003F508038733C4F8C43003F50A03883394
:109FA000C4F8C83003F50D038C33C4F8CC3003F586
:109FB00010038F33C4F8D03003F513039133C4F882
:109FC000D43003F515039433C4F8D83003F51903DE
:109FD0009733C4F8DC3003F51C039B33C4F8E0303E
:109FE00003F51F039D33C4F8E43003F52203A033C7
:109FF000C4F8E83003F52503A433C4F8EC3003F5C6
:10A000002903A733C4F8F03003F52C03AB33C4F8AD
:10A01000F43003F53003AD33C4F8F83042F22633A0
:10A02000A4F8FC304FF40E53A4F8FE3003F11053A3
:10A0300003F558135A33C4F8003103F53B03B93321
:10A04000C4F8043103F53E03BC33C4F8083103F50A
:10A050004203C033C4F80C3103F54503C433C4F8DC
:10A06000103103F54A03C833C4F8143103F54E0325
:10A07000CC33C4F8183103F55203CF33C4F81C3184
:10A0800003F55603D533C4F8203103F55B03D83309
:10A09000C4F8243103F55F03DD33C4F8283103F538
:10A0A0006303E133C4F82C3103F56803E533C4F8E6
:10A0B000303103F56D03EB33C4F8343103F571032C
:10A0C000EF33C4F8383103F57603F333C4F83C3189
:10A0D00003F57B03F933C4F8403103F18073FE3399
:10A0E000C4F8443103F1837303F58173C4F8483134
:10A0F00003F1857303F58473C4F84C3103F188735D
:10A1000003F58773C4F8503103F18B7303F589733A
:10A11000C4F8543103F1012303F5D8131933C4F8FB
:10A12000583103F1012303F504131D33C4F85C31E6
:10A1300003F1937303F59273C4F860311C4BC4F8B8
:10A14000643103F1997303F22F13C4F86831194B8A
:10A15000C4F86C3103F19F7303F23B13C4F8703100
:10A1600003F1A37303F5A173C4F8743103F1A6736B
:10A1700003F24913C4F8783103F1A97303F24F13C2
:10A18000C4F87C3103F1AD7303F5AB73C4F88031CF
:10A1900003F1B07303F25D13C4F88431064A074B30
:10A1A00007490FE068E000200CB502083C0A560A97
:10A1B000F83A8F3B5D3DFA3D89463D47F447AC4850
:10A1C000DF4A9F4BDFF8F0C1C4E9622303F1BB73A0
:10A1D00003F5B973C4F89031694B6A4AC4E9651351
:10A1E000694BC4F89C3103F1012303F51503913346
:10A1F000C4F8A031654BC4F8A43103F1D37303F262
:10A20000A113C4F8A83103F1012303F52D03A933E9
:10A21000C4F8AC315E4BC4F8B03103F1012303F54F
:10A220003F03BA33C4F8B43103F1E47303F5E273C6
:10A23000C4F8B83103F1E97303F2CD13C4F8BC31AB
:10A2400003F1012303F55B03D633C4F8C03103F1F6
:10A25000F27303F5F073C4F8C43103F1F77303F23A
:10A26000E913C4F8C83103F1FC7303F2F313C4F823
:10A27000CC3103F1007303F5003303F2FD13C4F88E
:10A28000D0313846434B444FC4E9757303F1022380
:10A2900003F508131C33C4F8DC3103F10B7303F529
:10A2A0000A73C4F8E03103F10E7303F23223C4F8E9
:10A2B000E43103F1117303F23E23C4F8E83103F1F2
:10A2C000022303F59E034933C4F8EC31334BC4E950
:10A2D0007CC347F62433A4F8F83147F65F43A4F86B
:10A2E000FA312F4BC4F8FC3148F22403A4F80032B1
:10A2F0002C4BC4E992632C4BC4E994230CF06AFF05
:10A300004DE503F08BFE90F809340446002B3FF432
:10A310005AADD0F894030521F7F7AAFE00287FF480
:10A3200052AD01AE0FCE04F57E750FC53368D4F87B
:10A3300094032B7007B0BDE8F040F7F7BDBE03F003
:10A340006DFE90F815350546002B3FF43CADD0F876
:10A35000A0040521F7F78CFE00287FF434AD01AC92
:10A360000FCC05F204560FC62368D5F8A00433704D
:10A37000E0E70E4B0E4A0F4840F24D210EF026FC4E
:10A38000614C244D00040240EA4DB14E1451E3519A
:10A390001156ED560469116AF266FA67B778EC79DE
:10A3A0009D7DDF7E00020040F487002084A8020823
:10A3B0009CB4020834B3020856768577F0B585B0B0
:10A3C0004CF6EF0304460F46ADF80C30F0F79AFA5E
:10A3D0008C4E0546D4F8540203689B699A0700F135
:10A3E00091800223009303AAC621F2F751F80028B6
:10A3F00040F08580F0F786FA824E0546D4F8540284
:10A4000003689B699B0700F18D800223009303AAD8
:10A410000323C621F2F7CEF9002870D19DF80C2055
:10A42000D2431006D3B200F18D805A00D3B252B29B
:10A43000002AC0F28F805A00D3B252B2002AC0F272
:10A4400091805A00D3B252B2002AC0F293805A00CF
:10A45000D3B252B2002AC0F295805A00D3B252B29F
:10A46000002AC0F297805A00D3B252B2002AC0F23A
:10A4700099805A00D3B252B2002A4FEA4303B8BFC0
:10A4800083F031039DF80D20DBB25340190600F133
:10A49000B3805900CBB249B20029C0F2A78059005D
:10A4A000CBB249B20029C0F29B805900CBB249B26D
:10A4B0000029C0F28F805900CBB249B20029C0F206
:10A4C00083805900CBB249B2002977DB5900CBB267
:10A4D00049B200296CDB5900CBB249B200294FEADE
:10A4E0004303B8BF83F031039DF80E10DBB29942ED
:10A4F00005D102F03F0201203A7005B0F0BD002006
:10A5000005B0F0BDF0F7FEF9431B192BF7D8306802
:10A51000F7F7BEFC02284FF001003FF45BAFF7F7FE
:10A52000F9FC57E7F0F7EEF9401B1928E7D8306837
:10A53000F7F7AEFC02284FF001003FF45FAFF7F7EA
:10A54000E9FC5BE75B0083F031035AB2002ADBB21F
:10A55000BFF671AF5B0083F031035AB2002ADBB261
:10A56000BFF66FAF5B0083F031035AB2002ADBB253
:10A57000BFF66DAF5B0083F031035AB2002ADBB245
:10A58000BFF66BAF5B0083F031035AB2002ADBB237
:10A59000BFF669AF5B0083F031035AB2002ADBB229
:10A5A000BFF667AF5B0083F031035AB2DBB263E7FB
:10A5B0005B0083F0310359B2DBB28FE75B0083F0BD
:10A5C000310359B2DBB284E75B0083F0310359B247
:10A5D000DBB279E75B0083F0310359B2DBB26DE7A0
:10A5E0005B0083F0310359B2DBB261E75B0083F0BB
:10A5F000310359B2DBB255E75B0083F0310359B246
:10A60000DBB249E7FC6400202DE9F04389B0002368
:10A61000B549ADF81C309C22CDE9053304460291C2
:10A620008DF80C20F0F76EF9B04E0546D4F85402C0
:10A6300003689B69990700F1C7800223009302AA6F
:10A640000523C621F1F724FF002840F0B980A74D6B
:10A6500004F5017704F505784FF2C77995E00223F8
:10A66000009302AAC621F1F713FF002840F0A8804A
:10A67000F0F748F90646D4F8540203689B699B0733
:10A6800000F1B2800523009305AA0323C621F2F747
:10A6900091F8002840F094809DF81420D2431106D0
:10A6A000D3B200F1CC805A00D3B252B2002AC0F229
:10A6B000CE805A00D3B252B2002AC0F2D0805A00E3
:10A6C000D3B252B2002AC0F2D2805A00D3B252B2F0
:10A6D000002AC0F2D4805A00D3B252B2002AC0F28B
:10A6E000D6805A00D3B252B2002AC0F2D8805A00A3
:10A6F000D3B252B2002ABDF8142052BA4FEA430333
:10A7000092B2B8BF83F0310307EE902A9DF815206E
:10A71000DBB253401A0600F1FB805A00D3B252B2AA
:10A72000002AC0F2EF805A00D3B252B2002AC0F21F
:10A73000D4805A00D3B252B2002AC0F2C8805A0064
:10A74000D3B252B2002AC0F2BC805A00D3B252B285
:10A75000002AC0F2B0805A00D3B252B2002AC0F22E
:10A76000A4805A00D3B252B2002A4FEA4303B8BFC2
:10A7700083F031039DF81620DBB29A4220D1F8EE27
:10A78000E77AE7EC017A47453ED0ADF80890F0F75C
:10A79000B9F80646D4F8540203689B699A077FF516
:10A7A0005EAFF0F7AFF8801B192809D82868F7F7D3
:10A7B0006FFB02284FF00100ECD0F7F7ABFBE9E7A5
:10A7C000002009B0BDE8F083F0F79CF8431B192B7B
:10A7D000F6D83068F7F75CFB02284FF001003FF431
:10A7E00025AFF7F797FB21E7F0F78CF8801B1928C6
:10A7F000E6D82868F7F74CFB02284FF001003FF439
:10A800003AAFF7F787FB36E739493A4A3A483B4BC4
:10A81000C4F814123A49C4F81822C4F81C024FF0C4
:10A820004E52C4F8203201204FF08A43C4F824125B
:10A83000C4F82822C4F82C3209B0BDE8F0835B00CC
:10A8400083F031035AB2002ADBB2BFF632AF5B00AD
:10A8500083F031035AB2002ADBB2BFF630AF5B009F
:10A8600083F031035AB2002ADBB2BFF62EAF5B0091
:10A8700083F031035AB2002ADBB2BFF62CAF5B0083
:10A8800083F031035AB2002ADBB2BFF62AAF5B0075
:10A8900083F031035AB2002ADBB2BFF628AF5B0067
:10A8A00083F031035AB2DBB224E75B0083F031035B
:10A8B0005AB2DBB258E75B0083F031035AB2DBB225
:10A8C0004CE75B0083F031035AB2DBB240E75B0038
:10A8D00083F031035AB2DBB234E75B0083F031031B
:10A8E0005AB2DBB228E700BFC5950066FC640020C1
:10A8F00000C82F4700409C470014CD470000604A25
:10A900000000384B5B0083F031035AB2DBB20DE735
:10A910005B0083F031035AB2DBB201E7A2F5004CD1
:10A9200005EE10CAD0ED827A90ED832A90ED8A1A56
:10A9300090ED814A90ED8B0AD0ED840AD0ED894AE2
:10A9400090ED887AD0ED866A90ED873A90ED856A31
:10A950000098B8EEC55A76EEC35A65EE277A25EE12
:10A96000022A67EE857A22EE052A25EE044A67EE72
:10A97000817AE1EE024AE0EE207A24EE055A76EE84
:10A98000661AA5EE017A27EEA45A27EE272A25EEAD
:10A99000255A67EE255AA2EE215AE4EEA15A33EE6B
:10A9A000463A67EE244AE7EE835AA4EE835A76EEDF
:10A9B000C62A85EE253A66EEE76A77EE677AE7EE15
:10A9C000066A03EE901AE2EEC36AF8EE633A86EE88
:10A9D000A75A37EE037A36EE456A73EE833A26EECF
:10A9E000077A04EE102AC7EE237ADFED084A9FEDBE
:10A9F000082AB8EE444AF0EE645AE4EE025A77EEC2
:10AA0000857AC3ED007AC0ED005A7047000034C269
:10AA100000002F3B2DE9F04F90F83E1290F84022B5
:10AA2000C943044600F23E25080685B0CBB26CD47B
:10AA30005900CBB249B200296EDB5900CBB249B202
:10AA4000002970DB5900CBB249B2002972DB5900F2
:10AA5000CBB249B2002974DB5900CBB249B200290C
:10AA600076DB5900CBB249B2002978DB5900CBB272
:10AA700049B200294FEA430394F83F12B8BF83F06C
:10AA80003103DBB24B40190600F193805900CBB281
:10AA900049B20029C0F287805900CBB249B20029DF
:10AAA0007BDB5900CBB249B2002970DB5900CBB235
:10AAB00049B2002965DB5900CBB249B200295ADB03
:10AAC0005900CBB249B200294FDB5900CBB249B291
:10AAD0005B000029B8BF83F03103DBB29A426ED02D
:10AAE00000260027B146B046BA4694F84D32012BF5
:10AAF00000F05981022B00F075810023C4F83E322A
:10AB00006B602B7205B0BDE8F08F5B0083F0310302
:10AB100059B20029DBB290DA5B0083F0310359B2FD
:10AB20000029DBB28EDA5B0083F0310359B20029D1
:10AB3000DBB28CDA5B0083F0310359B20029DBB25F
:10AB40008ADA5B0083F0310359B20029DBB288DA7C
:10AB50005B0083F0310359B20029DBB286DA5B0077
:10AB600083F0310359B2DBB283E75B0083F031033A
:10AB700059B2DBB2ACE75B0083F0310359B2DBB210
:10AB8000A1E75B0083F0310359B2DBB296E75B00CB
:10AB900083F0310359B2DBB28BE75B0083F0310302
:10ABA00059B2DBB280E75B0083F0310359B2DBB20C
:10ABB00075E75B0083F0310359B2DBB269E794F8C3
:10ABC000410294F84312C2431706D3B200F15981EF
:10ABD0005A00D3B252B2002A4FEA4303C0F2228194
:10ABE000DAB25BB2002BC0F224815200D3B252B26F
:10ABF000002A4FEA4303C0F22681DAB25BB2002B8F
:10AC0000C0F228815200D3B252B2002A4FEA430365
:10AC1000C0F22A81DAB25BB2002BC0F22C81520062
:10AC2000D3B252B2002A4FEA4303B8BF83F03103D4
:10AC300094F84222DBB253401E0600F14C815E00C4
:10AC4000F3B276B2002EC0F240815E00F3B276B26B
:10AC5000002EC0F234815E00F3B276B2002EC0F254
:10AC600028815E00F3B276B2002EC0F21C815E0035
:10AC7000F3B276B2002EC0F210815E00F3B276B26B
:10AC8000002EC0F204815E00F3B276B25B00002EAB
:10AC9000B8BF83F03103DBB299427FF421AF94F85F
:10ACA000441294F846C2CB431F06DEB200F1438142
:10ACB0007600F3B276B2002EC0F249815E00F3B2A4
:10ACC00076B2002EC0F23D815E00F3B276B2002E65
:10ACD000C0F255815E00F3B276B2002EC0F2498117
:10ACE0005E00F3B276B2002EC0F23D815E00F3B298
:10ACF00076B2002EC0F231815E00F3B276B2002E41
:10AD00004FEA430394F84562B8BF83F03103DBB2E6
:10AD100073401E0600F103815E00F3B276B2002E8E
:10AD2000C0F2F7805E00F3B276B2002EC0F2EB8084
:10AD30005E00F3B276B2002EC0F2DF805E00F3B2A6
:10AD400076B2002EC0F2D3805E00F3B276B2002E4F
:10AD5000C0F2C7805E00F3B276B2002EC0F2E5808A
:10AD60005E00F3B276B25B00002EB8BF83F0310311
:10AD7000DBB29C457FF4B4AE120242EA004003AA63
:10AD80000092B4F83E2252BA014302AB92B220467E
:10AD9000FFF7C4FD039FDDF808A004F0F9FE0126CB
:10ADA00081468846A1E603F039F990F809348346D4
:10ADB000002B3FF4A2AED0F894030521F7F758F921
:10ADC00000287FF49AAEDBF89403CBF8F8A3CBF815
:10ADD000FC73CBF80094CBF804848BF80864F7F785
:10ADE0006BF98AE603F01AF990F815358346002BC3
:10ADF0003FF483AED0F8A0040521F7F739F9002815
:10AE00007FF47BAE0BF29C42DBF8A004C2F868A092
:10AE1000D766CBF80C95CBF810858BF81465F7F74F
:10AE20004BF96AE683F0310253B2002BD2B2BFF67F
:10AE3000DCAE530083F031035AB2002ADBB24FEA92
:10AE40004303BFF6DAAE83F0310253B2002BD2B225
:10AE5000BFF6D8AE530083F031035AB2002ADBB2FA
:10AE60004FEA4303BFF6D6AE83F0310253B2002B54
:10AE7000D2B2BFF6D4AE530083F031035AB2DBB284
:10AE8000D0E65B0083F031035AB2DBB2A3E65B008D
:10AE900083F031035EB2DBB2F8E65B0083F031038E
:10AEA0005EB2DBB2ECE65B0083F031035EB2DBB294
:10AEB000E0E65B0083F031035EB2DBB2D4E65B0018
:10AEC00083F031035EB2DBB2C8E65B0083F031038E
:10AED0005EB2DBB2BCE65B0083F031035EB2DBB294
:10AEE000B0E65B0083F031035EB2DBB235E75B00B6
:10AEF00083F031035EB2DBB229E75B0083F03103FC
:10AF00005EB2DBB21DE75B0083F031035EB2DBB201
:10AF100011E75B0083F031035EB2DBB205E75B0053
:10AF200083F031035EB2DBB2F9E65B0083F03103FC
:10AF30005EB2DBB217E7730083F031035EB2DBB2BF
:10AF4000B9E65B0083F031035EB2DBB2BFE65B00C3
:10AF500083F031035EB2DBB2B3E65B0083F0310312
:10AF60005EB2DBB2CBE65B0083F031035EB2DBB2F4
:10AF7000BFE65B0083F031035EB2DBB2B3E65B0099
:10AF800083F031035EB2DBB2A7E600BF0128F8B55B
:10AF900000F24C850C4F3978BFF35B8F11F001063E
:10AFA000054619D0094F3978BFF35B8F11F00106C0
:10AFB00000F0B282064B0748002D18BF1846BDE8C6
:10AFC000F840FFF727BD00BF08DE00200CDE0020A0
:10AFD00068E0002010DE002038460CF0EFF8002872
:10AFE000E0D0EA4CEA4B2046314640F8043B4FF4AF
:10AFF00000720DF077FFE74B636003F554133433B1
:10B00000A36003F13613E36003F13713236103F503
:10B0100064133833636103F568133933A36103F1B3
:10B020003A13E36103F570133B33236203F13D13DD
:10B03000636203F57C133D33A36203F13F13E362C4
:10B0400003F14113236303F584034133636303F581
:10B0500088034333A36303F58A034433E36303F1B3
:10B060004613236403F590034733636403F59203A7
:10B070004833A36403F596034A33E36403F5980366
:10B080004B33236503F14D13636503F5A0034F3381
:10B09000A36503F15013E36503F5A603513323665B
:10B0A00003F15413636603F5AC035433A36603F151
:10B0B0005713E36603F5B2035833236703F15B13B9
:10B0C000636703F5BA035B33A36703F5BE035E331F
:10B0D000E36703F16013C4F8803003F5C6036233FD
:10B0E000C4F8843003F5CA036333C4F8883003F12D
:10B0F0006613C4F88C3003F5D2036733C4F890307C
:10B1000003F5D6036A33C4F8943003F16C13C4F822
:10B11000983003F5DE036E33C4F89C3003F5E40386
:10B120007033C4F8A03003F5E6037233C4F8A430DA
:10B1300003F5EC037533C4F8A83003F5F203773355
:10B14000C4F8AC3003F17A13C4F8B03003F5FA0355
:10B150007C33C4F8B43003F500037E33C4F8B83050
:10B1600003F502038133C4F8BC3003F505038333D0
:10B17000C4F8C03003F508038733C4F8C43003F5BE
:10B180000A038833C4F8C83003F50D038C33C4F8C0
:10B19000CC3003F510038F33C4F8D03003F513031C
:10B1A0009133C4F8D43003F515039433C4F8D83080
:10B1B00003F519039733C4F8DC3003F51C039B3304
:10B1C000C4F8E03003F51F039D33C4F8E43003F501
:10B1D0002203A033C4F8E83003F52503A433C4F8F0
:10B1E000EC3003F52903A733C4F8F03003F52C0342
:10B1F000AB33C4F8F43003F53003AD33C4F8F830A2
:10B2000042F22633A4F8FC304FF40E53A4F8FE307B
:10B2100003F1105303F558135A33C4F8003103F502
:10B220003B03B933C4F8043103F53E03BC33C4F81F
:10B23000083103F54203C033C4F80C3103F545036C
:10B24000C433C4F8103103F54A03C833C4F81431C9
:10B2500003F54E03CC33C4F8183103F55203CF3352
:10B26000C4F81C3103F55603D533C4F8203103F577
:10B270005B03D833C4F8243103F55F03DD33C4F82E
:10B28000283103F56303E133C4F82C3103F5680377
:10B29000E533C4F8303103F56D03EB33C4F83431D2
:10B2A00003F57103EF33C4F8383103F57603F33354
:10B2B000C4F83C3103F57B03F933C4F8403103F1A2
:10B2C0008073FE33C4F8443103F1837303F5817353
:10B2D000C4F8483103F1857303F58473C4F84C3125
:10B2E00003F1887303F58773C4F8503103F18B734E
:10B2F00003F58973C4F8543103F1012303F5D8131E
:10B300001933C4F8583103F1012303F504131D3335
:10B31000C4F85C3103F1937303F59273C4F86031A0
:10B320001D4BC4F8643103F1997303F22F13C4F871
:10B3300068311A4BC4F86C3103F19F7303F23B136D
:10B34000C4F8703103F1A37303F5A173C4F8743129
:10B3500003F1A67303F24913C4F8783103F1A9731A
:10B3600003F24F13C4F87C3103F1AD7303F5AB73F3
:10B37000C4F8803103F1B07303F25D13C4F8843173
:10B38000DFF824E0064B074A10E000BF10DE002083
:10B390000CB502083C0A560AF83A8F3B5D3DFA3D6F
:10B3A000F447AC48DF4A9F4B89463D474E49C4E9C4
:10B3B00062E303F1BB7303F5B973C4F890314B4BEF
:10B3C000C4E965234A4BC4F89C3103F1012303F51A
:10B3D00015039133C4F8A031464BC4F8A43103F1EE
:10B3E000D37303F2A113C4F8A83103F1012303F5C9
:10B3F0002D03A933C4F8AC313F4BC4F8B03103F18D
:10B40000012303F53F03BA33C4F8B43103F1E47305
:10B4100003F5E273C4F8B83103F1E97303F2CD1315
:10B42000C4F8BC3103F1012303F55B03D633C4F840
:10B43000C03103F1F27303F5F073C4F8C43103F1C2
:10B44000F77303F2E913C4F8C83103F1FC7303F294
:10B45000F313C4F8CC3103F1007303F5003303F2A6
:10B46000FD13C4F8D031254B254AC4E9751303F107
:10B47000022303F508131C33C4F8DC3103F10B730A
:10B4800003F50A73C4F8E03103F10E7303F23223BB
:10B49000C4F8E43103F1117303F23E23C4F8E83138
:10B4A00003F1022303F59E034933C4F8EC31384617
:10B4B000144B154FC4E97C7347F62433A4F8F831D4
:10B4C00047F65F43A4F8FA31104BC4F8FC3148F258
:10B4D0002403A4F800320E4BC4E992630D4BC4E977
:10B4E00094230BF077FE5DE5F266FA67614C244D1C
:10B4F000EA4DB14E1451E3511156ED560469116AEB
:10B5000000080240B778EC79567685779D7DDF7E1E
:10B51000000100804C87002038460BF04FFE0028C9
:10B520003FF448ADE94CEA4B2046314640F8043B35
:10B530004FF400720DF0D6FCE64B636003F5541334
:10B540003433A36003F13613E36003F1371323614F
:10B5500003F564133833636103F568133933A3616A
:10B5600003F13A13E36103F570133B33236203F1F4
:10B570003D13636203F57C133D33A36203F13F1374
:10B58000E36203F14113236303F5840341336363EF
:10B5900003F588034333A36303F58A034433E3636A
:10B5A00003F14613236403F590034733636403F503
:10B5B00092034833A36403F596034A33E36403F527
:10B5C00098034B33236503F14D13636503F5A00323
:10B5D0004F33A36503F15013E36503F5A60351331D
:10B5E000236603F15413636603F5AC035433A36677
:10B5F00003F15713E36603F5B2035833236703F1EE
:10B600005B13636703F5BA035B33A36703F5BE03FC
:10B610005E33E36703F16013C4F8803003F5C603BB
:10B620006233C4F8843003F5CA036333C4F8883046
:10B6300003F16613C4F88C3003F5D2036733C4F802
:10B64000903003F5D6036A33C4F8943003F16C13D9
:10B65000C4F8983003F5DE036E33C4F89C3003F56C
:10B66000E4037033C4F8A03003F5E6037233C4F882
:10B67000A43003F5EC037533C4F8A83003F5F203E6
:10B680007733C4F8AC3003F17A13C4F8B03003F563
:10B69000FA037C33C4F8B43003F500037E33C4F8F6
:10B6A000B83003F502038133C4F8BC3003F5050359
:10B6B0008333C4F8C03003F508038733C4F8C430BB
:10B6C00003F50A038833C4F8C83003F50D038C333F
:10B6D000C4F8CC3003F510038F33C4F8D03003F531
:10B6E00013039133C4F8D43003F515039433C4F82D
:10B6F000D83003F519039733C4F8DC3003F51C0385
:10B700009B33C4F8E03003F51F039D33C4F8E430E5
:10B7100003F52203A033C4F8E83003F52503A4336E
:10B72000C4F8EC3003F52903A733C4F8F03003F56F
:10B730002C03AB33C4F8F43003F53003AD33C4F855
:10B74000F83042F22633A4F8FC304FF40E53A4F83C
:10B75000FE3003F1105303F558135A33C4F8003187
:10B7600003F53B03B933C4F8043103F53E03BC339E
:10B77000C4F8083103F54203C033C4F80C3103F5B3
:10B780004503C433C4F8103103F54A03C833C4F881
:10B79000143103F54E03CC33C4F8183103F55203CA
:10B7A000CF33C4F81C3103F55603D533C4F8203128
:10B7B00003F55B03D833C4F8243103F55F03DD33AD
:10B7C000C4F8283103F56303E133C4F82C3103F5E1
:10B7D0006803E533C4F8303103F56D03EB33C4F887
:10B7E000343103F57103EF33C4F8383103F57603D0
:10B7F000F333C4F83C3103F57B03F933C4F840312B
:10B8000003F18073FE33C4F8443103F1837303F50D
:10B810008173C4F8483103F1857303F58473C4F868
:10B820004C3103F1887303F58773C4F8503103F189
:10B830008B7303F58973C4F8543103F1012303F5C5
:10B84000D8131933C4F8583103F1012303F5041355
:10B850001D33C4F85C3103F1937303F59273C4F89C
:10B8600060311D4BC4F8643103F1997303F22F1357
:10B87000C4F86831194BC4F86C3103F19F7303F2BB
:10B880003B13C4F8703103F1A37303F5A173C4F83B
:10B89000743103F1A67303F24913C4F8783103F14C
:10B8A000A97303F24F13C4F87C3103F1AD7303F5B0
:10B8B000AB73C4F8803103F1B07303F25D13C4F8C5
:10B8C0008431074A074B084910E000BF68E00020B8
:10B8D0000CB502083C0A560AF83A8F3B5D3DFA3D2A
:10B8E00089463D47F447AC48DF4A9F4BDFF884C1A7
:10B8F000C4E9622303F1BB7303F5B973C4F8903153
:10B900004E4B4F4AC4E965134E4BC4F89C3103F1CA
:10B91000012303F515039133C4F8A0314A4BC4F851
:10B92000A43103F1D37303F2A113C4F8A83103F1D6
:10B93000012303F52D03A933C4F8AC31434BC4F8FC
:10B94000B03103F1012303F53F03BA33C4F8B43136
:10B9500003F1E47303F5E273C4F8B83103F1E9735A
:10B9600003F2CD13C4F8BC3103F1012303F55B03EB
:10B97000D633C4F8C03103F1F27303F5F073C4F8A1
:10B98000C43103F1F77303F2E913C4F8C83103F1CA
:10B99000FC7303F2F313C4F8CC3103F1007303F525
:10B9A000003303F2FD13C4F8D0313846284B294F39
:10B9B000C4E9757303F1022303F508131C33C4F8BB
:10B9C000DC3103F10B7303F50A73C4F8E03103F1C2
:10B9D0000E7303F23223C4F8E43103F1117303F25E
:10B9E0003E23C4F8E83103F1022303F59E034933F3
:10B9F000C4F8EC31184BC4E97CC347F62433A4F8EF
:10BA0000F83147F65F43A4F8FA31144BC4F8FC311F
:10BA100048F22403A4F80032114BC4E99263114B9D
:10BA2000C4E994230BF0D6FBFFF7C4BA0E4B0F4AC0
:10BA30000F4840F232210DF0C9F800BF614C244D8F
:10BA400000040240EA4DB14E1451E3511156ED5637
:10BA50000469116AF266FA67B778EC799D7DDF7E3A
:10BA600000020040F487002084A80208D4B4020831
:10BA700034B30208567685772DE9F04184B01B2354
:10BA800005460E468DF80C30EEF73CFF414F04465C
:10BA9000D5F8540203689B699B0749D4022300939D
:10BAA00003AA0123D021F0F7F3FC00283CD1EEF7E4
:10BAB00029FFDFF8E0800746D5F8540203689B6948
:10BAC000DB4313F0020442D0022300930DF10B027A
:10BAD0000123D021F0F76EFE30BB9DF80B202D4FD7
:10BAE000F30022F0180203F0180313431B228DF811
:10BAF0000B308DF80C208DF80D30EEF703FF064665
:10BB0000D5F8540203689B69DB4313F002042ED07E
:10BB10000223009303AAD021F0F7BAFCB0FA80F018
:10BB2000400904B0BDE8F081002004B0BDE8F08118
:10BB3000EEF7E8FE031B192BF6D83868F6F7A8F9DC
:10BB400002284FF00100A3D0F6F7E4F9A0E7EEF7E2
:10BB5000D9FEC01B192819D8D8F80000F6F798F9B3
:10BB600002284FF00100A7D0F6F7D4F9A4E7EEF7CA
:10BB7000C9FE801B192809D83868F6F789F9022808
:10BB80004FF00100BCD0F6F7C5F9B9E7204604B084
:10BB9000BDE8F081FC6400202DE9F04385B0044647
:10BBA000174698468DF80F10EEF7ACFE264E054668
:10BBB000D4F8540203689B699B0726D402230093A0
:10BBC0000DF10F020123D021F0F762FCC8B9EEF7A6
:10BBD00099FEDFF874900646D4F8540203689B6916
:10BBE000DB4313F002051FD0022300933A4643467D
:10BBF000D021F0F7DFFDB0FA80F0400905B0BDE8D4
:10BC0000F083002005B0BDE8F083EEF77BFE411B1A
:10BC10001929F6D83068F6F73BF902284FF00100F1
:10BC2000C6D0F6F777F9C3E7EEF76CFE801B19284C
:10BC3000E7D8D9F80000F6F72BF902284FF00100F9
:10BC4000CAD0F6F767F9C7E7FC640020F0B585B005
:10BC50001A2305468DF80C30EEF754FE564E044676
:10BC6000D5F8540203689B699A0767D402230093AE
:10BC700003AA0123D021F0F70BFC00285BD1EEF7DB
:10BC800041FE4D4E0446D5F8540203689B699B075C
:10BC900063D4022300930DF10B020123D021F0F7AE
:10BCA00089FD002847D19DF80B30434F03F0F8037E
:10BCB0001A228DF80B308DF80C208DF80D30EEF730
:10BCC00021FE0646D5F8540203689B69DB4313F056
:10BCD000020460D00223009303AAD021F0F7D8FB1E
:10BCE00048BB01230DF10B021B212846FFF754FF2F
:10BCF00008B39DF80B30304F03F0FC031B228DF886
:10BD00000B308DF80C208DF80D30EEF7FBFD06465C
:10BD1000D5F8540203689B69DB4313F002042BD06F
:10BD20000223009303AAD021F0F7B2FBB0FA80F00F
:10BD3000400905B0F0BD002005B0F0BDEEF7E2FD12
:10BD4000031B192BF7D83068F6F7A2F802284FF03A
:10BD5000010085D0F6F7DEF882E7EEF7D3FD001B91
:10BD60001928E8D83068F6F793F802284FF0010058
:10BD700089D0F6F7CFF886E7EEF7C4FD801B1928C7
:10BD8000D9D83868F6F784F802284FF00100BFD000
:10BD9000F6F7C0F8BCE7EEF7B5FD801B192809D807
:10BDA0003868F6F775F802284FF001008AD0F6F7E8
:10BDB000B1F887E72046BFE7FC640020F0B585B006
:10BDC000372305468DF80C30EEF79CFD564E0446A1
:10BDD000D5F8540203689B699A0767D4022300933D
:10BDE00003AA0123D021F0F753FB00285BD1EEF723
:10BDF00089FD4D4E0446D5F8540203689B699B07A4
:10BE000063D4022300930DF10B020123D021F0F73C
:10BE1000D1FC002847D19DF80B30434F43F002037B
:10BE200037228DF80B308DF80C208DF80D30EEF7A1
:10BE300069FD0646D5F8540203689B69DB4313F09D
:10BE4000020460D00223009303AAD021F0F720FB64
:10BE500048BB01230DF10B026A212846FFF79CFE27
:10BE600008B39DF80B30304F03F0EF036A228DF8D2
:10BE70000B308DF80C208DF80D30EEF743FD0646A3
:10BE8000D5F8540203689B69DB4313F002042BD0FE
:10BE90000223009303AAD021F0F7FAFAB0FA80F057
:10BEA000400905B0F0BD002005B0F0BDEEF72AFD59
:10BEB000031B192BF7D83068F5F7EAFF02284FF07B
:10BEC000010085D0F6F726F882E7EEF71BFD001B90
:10BED0001928E8D83068F5F7DBFF02284FF0010099
:10BEE00089D0F6F717F886E7EEF70CFD801B1928C6
:10BEF000D9D83868F5F7CCFF02284FF00100BFD041
:10BF0000F6F708F8BCE7EEF7FDFC801B192809D806
:10BF10003868F5F7BDFF02284FF001008AD0F5F729
:10BF2000F9FF87E72046BFE7FC640020F0B585B045
:10BF3000002348F26B0205468DF809308DF80A306F
:10BF4000ADF80C20EEF7DEFCC14F0646D5F85402E2
:10BF500003689B69DB4313F0020430D00223009393
:10BF600003AAD021F0F794FA20BB6420EEF7D0FCAE
:10BF700040F26B13ADF80C30EEF7C4FCB44E04463F
:10BF8000D5F8540203689B69990700F1ED800223FC
:10BF9000009303AAD021F0F77BFA58B901230DF1E1
:10BFA0000A0275212846FFF7F7FD18B19DF80A30FF
:10BFB000032B13D0002385F84C3205B0F0BDEEF70B
:10BFC000A1FC801B1928F5D83868F5F761FF022815
:10BFD0004FF00100BAD0F5F79DFFB7E71C238DF8AD
:10BFE0000C30EEF78FFC9A4E0446D5F854020368E5
:10BFF0009B699A0700F1C9800223009303AA0123D9
:10C00000D021F0F745FA0028D4D1EEF77BFC904E12
:10C010000446D5F8540203689B699B0700F1078129
:10C02000022300930DF10B020123D021F0F7C2FB94
:10C030000028BFD19DF80B30854F23F0180343F043
:10C0400010031C228DF80B308DF80C208DF80D306C
:10C05000EEF758FC0646D5F8540203689B69DB43AB
:10C0600013F0020400F0D2800223009303AAD0212F
:10C07000F0F70EFA00289DD101212846FFF7FCFCBD
:10C08000002897D040F21943ADF80C30EEF73AFC97
:10C090006F4F0646D5F8540203689B69DB4313F0E3
:10C0A000020400F0A2800223009303AAD021F0F73B
:10C0B000EFF900287FF47EAF2846FFF7C7FD002880
:10C0C0003FF478AF4CF26C03ADF80C30EEF71AFC8D
:10C0D0005F4F0646D5F8540203689B69DB4313F0B3
:10C0E000020472D00223009303AAD021F0F7D0F902
:10C0F00004463220EEF70CFC002C7FF45BAF2846A0
:10C10000FFF75CFE00283FF455AF4FF4BB43ADF89A
:10C110000C30EEF7F7FB4E4F0646D5F85402036895
:10C120009B69DB4313F0020440D00223009303AA6F
:10C13000C621F0F7ADF904460A20EEF7E9FB002C22
:10C140007FF438AF0DF109012846FEF737F90028D2
:10C150003FF430AF9DF80930082B7FF42BAF284611
:10C16000FEF752FA034626E7EEF7CCFB001B192830
:10C170003FF620AF3068F5F78BFE02284FF0010044
:10C180003FF4FEAEF5F7C6FEFAE6EEF7BBFB001B8A
:10C1900019283FF60FAF3068F5F77AFE02284FF006
:10C1A00001003FF422AFF5F7B5FE1EE7EEF7AAFB5C
:10C1B000801B19284ED83868F5F76AFE02284FF020
:10C1C0000100AAD0F5F7A6FEA7E7EEF79BFB801BC0
:10C1D000192844D83868F5F75BFE02284FF00100B3
:10C1E0003FF478AFF5F796FE74E7EEF78BFB801B14
:10C1F00019283FF6DFAE3868F5F74AFE02284FF0FF
:10C2000001003FF447AFF5F785FE43E7EEF77AFB11
:10C21000801B19283FF6CEAE3868F5F739FE0228A4
:10C220004FF001003FF417AFF5F774FE13E7EEF798
:10C2300069FB001B19283FF6BDAE3068F5F728FEF4
:10C2400002284FF001003FF4E4AEF5F763FEE0E6AC
:10C25000FC6400200A20EEF75BFB2346ABE63220AD
:10C26000EEF756FB2346A6E6704700BF0120704755
:10C2700008B90448704708B5034A044B0448202114
:10C280000CF0A4FC2C00002014B50208D0A8020871
:10C290005CB502082DE9F04F2DED028BDBB0782262
:10C2A000002168460CF01EFE01F0B8FE90F88930BF
:10C2B00003BB01F0B3FE90F899341EAD0446002B89
:10C2C00056D101F0ABFE90F8A5350446002B40F0A6
:10C2D0009780694628460AF065F901F09FFE90F8BC
:10C2E000003A0446002B40F0CE805BB0BDEC028BE0
:10C2F000BDE8F08F044605214068F5F7B9FE002837
:10C30000D7D194F888506068D4F868A0D4F86C90BD
:10C31000276F666F94ED1E8AD4F87CB0D4E9208430
:10C32000F5F7CAFE002DC4D00123CDE920331EADA0
:10C330008DED268ACDF89CB0CDF888A0CDF88C90F4
:10C34000249725961F94CDF87880AC46BCE80F0062
:10C350006C460FC4BCE80F000FC49CE8030084E8DF
:10C36000030001F05BFE90F899340446002BA8D03E
:10C37000D0F810040521F5F77BFE0028A1D104F2C6
:10C380000C4394F89864D4F81004D4F89084D3F84B
:10C3900068B0D3F86CA0D3F870905F6FD3ED1E8AAD
:10C3A00093ED1F8A04F58264D4F88440F5F784FE87
:10C3B000002E86D003210123CDE92013CDED268A5E
:10C3C0008DED278ACDF888B0CDF88CA0CDF890906F
:10C3D00025971F94CDF87880AC46BCE80F000AACD6
:10C3E0000FC4BCE80F000FC49CE8030084E80300FE
:10C3F00001F014FE90F8A5350446002B3FF469AF18
:10C40000D0F81C050521F5F733FE00287FF461AF55
:10C4100004F5A36394F8A465D4F81C05D4F89C85AE
:10C42000D3F868B0D3F86CA0D3F870905F6FD3EDF9
:10C430001E8A93ED1F8A04F5A464D4F88040F5F7B2
:10C440003BFE002E3FF445AF04220123CDE920231B
:10C45000CDED268A8DED278ACDF888B0CDF88CA059
:10C46000CDF8909025971F94CDF87880AC46BCE825
:10C470000F0014AC0FC4BCE80F000FC49CE803000D
:10C4800084E8030025E7D0F8AC080521F5F7F0FDB6
:10C4900000287FF42AAFF022294604F511600CF041
:10C4A000F9FCD4F8AC08F5F707FE5BB0BDEC028BE5
:10C4B000BDE8F08F704700BF01207047F8B5184EF7
:10C4C0003378BFF35B8F13F00104054602D0D5B972
:10C4D0001448F8BD30460AF071FE0028F7D0114F1D
:10C4E000114B3B6007F108033B6607F158005023EE
:10C4F000C7E916447B66F5F773FD786048B13046AE
:10C500000AF068FEE3E7094B094A0A482D210CF0BE
:10C510005DFB094B094A07481B210CF057FB00BF84
:10C52000C0E20020C4E2002054B60208D0A80208ED
:10C53000F0B50208C4B5020884A802088CB5020848
:10C540002DE9F0412DED028B054601F067FD90F8D5
:10C5500029371BB9BDEC028BBDE8F08104460521EB
:10C56000D0F8B006F5F784FD0028F3D194F82867D9
:10C57000D4F8B006D4F82087D4F8247704F2AC625B
:10C5800092ED1A8AD2ED1B8AF5F796FD002EE1D0C6
:10C5900068680121F5F76CFD0028DBD14046F0EE1C
:10C5A000680AB0EE480A39460AF020F8BDEC028B62
:10C5B0006868BDE8F041F5F77FBD00BF2DE9F04F99
:10C5C0002DED028B87B01E460546174601F026FD6D
:10C5D00090F8A138002B3BD16C4620460AF022F897
:10C5E0009DF810507DB1DDE90276DDF8008001F0A4
:10C5F00015FD90F82138012504467BB907B0BDEC44
:10C60000028BBDE8F08F01F009FD90F821384FF062
:10C6100000082F462E460446002BEFD0D0F8B00776
:10C620000521F5F725FD0028E8D104F2AC72D4F815
:10C63000B007C2F86880C4F81878C4F81C6884F899
:10C64000205807B0BDEC028BBDE8F04FF5F734BDC4
:10C6500004460521D0F82808F5F70AFD8046002891
:10C66000BAD104F6240394F8A098D4F82808D4F892
:10C6700098B8D3ED1A8A93ED1B8AD3F870A004F50D
:10C680000264E46FF5F718FDB9F1000FA4D06868F3
:10C6900005940121CDE9038BCDED008A8DED018A52
:10C6A000CDF808A0F5F7E4FC30B16C4622463846D8
:10C6B000314609F0A9FF90E709F0A0FF6868F5F797
:10C6C000FBFCF2E700797047037903B1704730B59E
:10C6D00091B04FF4E05101250446ADF808101B4815
:10C6E0000095022302AAA021EFF73AFA08B111B08F
:10C6F00030BD34231548009303AAA021EFF70AFBAD
:10C700000028F4D14FF0FF32302103A803F0FAFCE7
:10C710000F9B9842EBD1049BE360069B6361089BEF
:10C720000399059AE3620A9BA16022610799099A1D
:10C7300063620C9B2162A2610B990D9AE3610E9BCF
:10C740002163A26263632571D1E700BFD804002092
:10C7500070B50F4E3378BFF35B8F13F001040546BD
:10C7600002D075B90B4870BD30460AF027FD00288D
:10C77000F7D0084B084A1A6030461C710AF02AFDAF
:10C78000EFE7064B064A074809210CF01FFA00BFE5
:10C790002CE3002030E30020E8B60208D0A802080D
:10C7A0005CB60208B8B602082DE9F04103792DED18
:10C7B000068B9BB99FED418A0025F0EE488AB0EECA
:10C7C000489A2F462E4601F029FC90F8A9370446D6
:10C7D000002B55D1BDEC068BBDE8F081044601F07D
:10C7E0001DFC90F885310546002BE3D0D0F80C01F4
:10C7F0000521F5F73DFC0028DCD195F88481D5F8BA
:10C800000C01D5ED5C9A95ED5DAA95ED5E8AD5E9B2
:10C810005F76F5F751FCB8F1000FCBD0D4ED0D7A6F
:10C8200094ED0B9AD4ED0C8AD4ED086A94ED097A54
:10C8300028EE099A68EE288A28EE278AD4ED0A7A2B
:10C84000A6EE8A9A0125E7EE0A8AA7EE8A8AD4ED37
:10C85000056A94ED067AD4ED077AA6EEA99AE7EE7A
:10C86000298AA7EEA98AD4ED026A94ED037AD4ED61
:10C87000047A39EE269A78EE878A38EE278AA2E77C
:10C88000D0F830070521F5F7F3FB0028A2D104F218
:10C890002C7383ED1A9AC3ED1B8A83ED1C8A84F8EE
:10C8A000A857BDEC068BD4F83007C4F8A077C4F8BD
:10C8B000A467BDE8F041F5F7FFBB00BF0000000032
:10C8C0000079B0FA80F04009704700BF70B50022CF
:10C8D00084B006464FF400417048EFF7E5FC0124B0
:10C8E0000A2300258DF80E300DF10F0223460DF1BD
:10C8F0000E016B4800948DF80F50F2F70BF980226F
:10C9000023460DF10E018DF80E20654800940DF1BF
:10C910000F028DF80F50F2F7FDF822464FF4004158
:10C920005E48EFF7C1FC0B20EDF7F2FF2A465B48AB
:10C930004FF40041EFF7B8FC4FF0AF0C23460DF178
:10C940000F020DF10E01564800948DF80EC08DF8BF
:10C950000F50F2F7DFF823460DF10F020DF10E0133
:10C960004F4800948DF80E508DF80F50F2F7D2F822
:10C970009DF80F50494822464FF40041EFF794FCD0
:10C98000B5F1300318BF012333713368454A5B6842
:10C99000934203D1302D05D004B070BD3046984786
:10C9A0000028F9D001243D4800224FF40041EFF760
:10C9B0007BFC00250A2623460DF10F020DF10E0126
:10C9C000009437488DF80E608DF80F50F2F7A2F8FA
:10C9D00023460DF10E010DF10F02009430488DF841
:10C9E0000E508DF80F50F2F795F822462B484FF471
:10C9F0000041EFF759FC2A4628484FF40041EFF771
:10CA000053FC4FF00B0C23460DF10F020DF10E01FC
:10CA1000009423488DF80EC08DF80F50F2F77AF885
:10CA200023460DF10E010DF10F0200941C488DF804
:10CA30000E608DF80F50F2F76DF8224617484FF44C
:10CA40000041EFF731FC2A4614484FF40041EFF75C
:10CA50002BFC09238DF80E300DF10F0223460DF14A
:10CA60000E0100940E488DF80F50F2F753F8202372
:10CA70000DF10E010DF10F028DF80E3000942346DA
:10CA800007488DF80F50F2F745F8044822464FF456
:10CA9000004104B0BDE87040EFF706BC0000024062
:10CAA000F8880020C1C8010808B90448704708B5D3
:10CAB000034A044B044813210CF088F8300000208E
:10CAC000F0B60208D0A8020838B702082DE9F04FE6
:10CAD000002587B03F4804958B4692464FF40041AD
:10CAE0002A4699460126ADF814508DF81650EFF7F6
:10CAF000DBFB80238DF80E303748009633460DF16E
:10CB00000F020DF10E018DF80F50F2F703F8DFF868
:10CB1000C88004AC0DF11707012300960DF10F0238
:10CB20000DF10E0140468DF80E508DF80F50F1F7C3
:10CB3000F1FF9DF80F3004F8013BBC42ECD12548D1
:10CB400001224FF40041EFF7AFFB9DF811309DF843
:10CB500010109DF816209DF813009DF812409FEDCF
:10CB60001F6ADFED1F6A9B0043EA812343EA9213A9
:10CB7000800007EE903A40EA8420C2F38103C2F3BA
:10CB80000112024307EE102AF8EEE77AB8EEC77AF0
:10CB90009DF815109DF8142077EEC67A37EE467A88
:10CBA000890067EEA67A26EEC77A41EA822213430D
:10CBB0008BED007ACAED007A07EE903AF8EEE77A4C
:10CBC00077EEC67A66EEE77AC9ED007A07B0BDE87F
:10CBD000F08F00BF00000240F888002000000048ED
:10CBE0000000803870B503683C495A688AB0002359
:10CBF0008A42CDE90433CDE90633044608938DF823
:10CC000024300DD1037973B100238DF8243001F065
:10CC100005FA90F885310446002B45D10AB070BD65
:10CC200090470028F0D02E4800224FF40041EFF743
:10CC30003BFB0125882300268DF80E300DF10F02F5
:10CC40002B460DF10E01274800958DF80F60F1F786
:10CC500061FF2B460DF10F020DF10E0121480095E9
:10CC60008DF80E608DF80F60F1F754FF9DF80F609E
:10CC70001B482A464FF40041EFF716FBF307C3D5D4
:10CC800002F086FF03460793204606AB089105AAEB
:10CC900004A9FFF71BFF8DF8245001F0BFF990F8AD
:10CCA00085310446002BB9D0D0F80C010521F5F7E9
:10CCB000DFF90028B2D10DF1100CBCE80F0004F52B
:10CCC000B8750FC59CE8030045F8040BD4F80C01B7
:10CCD0002970F5F7F1F90AB070BD00BFC1C80108AD
:10CCE00000000240F888002090F84400704700BF20
:10CCF00090F8443003B17047F0B59BB00DF15F017F
:10CD00004FF440630126044621F00F05ADF82C30A6
:10CD10003348009602230BAAA021EEF721FF08B1A9
:10CD20001BB0F0BD10232E48009307AAA021EEF7F8
:10CD3000F1FF0028F4D107A84FF0FF320C2103F0D7
:10CD4000E1F90A9B9842EBD19DED091ADDED080A45
:10CD50009DED070A284609F02BFD95E80F0004F128
:10CD6000100787E80F00384608F094FF90ED000A9E
:10CD700038468DED050A08F093FFD0ED000A3846DD
:10CD8000F1EE600ACDED040A08F090FF90ED001A74
:10CD90003846B1EE411A8DED031A08F08DFFD0ED43
:10CDA000001A9DED031ADDED040A9DED050AF1EE72
:10CDB000611A284608F0AAFE29460BA80BAD09F017
:10CDC0005FFD0FCD04F1200CACE80F000FCDACE8F7
:10CDD0000F002B68CCF8003084F84460A0E700BF57
:10CDE000D804002070B5144D2B78BFF35B8F13F07F
:10CDF000010401D0114870BD28460AF0DFF900286F
:10CE0000F8D00E4E0E4B304640F8103B08F05EFE58
:10CE100000234FF07E52284632627362B362F3629F
:10CE200032637363B363F363326486F844400AF099
:10CE3000D1F9024870BD00BF68E3002070E3002014
:10CE4000C0B702082DE9F0432DED0E8B90F8444059
:10CE5000BDB0CCB99FEDB88AB0EE489AF0EE489AD2
:10CE6000F0EE488AF0EE48AAB0EE48AAA046264660
:10CE7000274601F0D3F890F8AA3605467BB93DB0B5
:10CE8000BDEC0E8BBDE8F083054601F0C7F890F8C5
:10CE9000003A04464BBB9FEDA88A0024DCE7D0F89B
:10CEA00024060521F5F7E4F80028E8D1D5F8240692
:10CEB000C5F8A06605F5C463C5F8A47683ED1AAA83
:10CEC000C3ED1BAAC3ED1C8AC3ED1D9A83ED1E9A08
:10CED00083ED1F8A85F8A88685F8A9463DB0BDEC8C
:10CEE0000E8BBDE8F043F5F7E7B8D0F8AC080521A4
:10CEF000F5F7BEF80028CED104F51166F0223146D0
:10CF000068460BF0C7FF04F5126454F8740C96EDF4
:10CF1000008A54E90289F5F7CFF89DF82030002BFC
:10CF200000F0FB80059B022B06D0032B40F0F58020
:10CF3000069B022B40F0F1809DF84830002B00F05A
:10CF4000EC800F9B022B06D0032B40F0E680109B59
:10CF5000022B40F0E2809DF87030002B00F0DD8065
:10CF6000199B022B06D0032B40F0D7801A9B022B73
:10CF700040F0D3809DF89840002C00F08280239BE5
:10CF8000022B04D0032B78D1249B022B75D19DF862
:10CF9000C030002B71D02D9B022B04D0032B6CD101
:10CFA0002E9B022B69D19DF8E830002B65D0379B72
:10CFB000022B04D0032B60D1389B022B5DD1002CB7
:10CFC0005FD19FED5DAA95ED08CAD5ED0BDAD5EDE1
:10CFD0000E9A95ED0ABAD5ED0DCA95ED10EAD5ED8C
:10CFE00009BA95ED0CDA95ED0F9AF0EE4AAAF0EE3B
:10CFF0004A8AA04626462746DDED327A9DED287AFC
:10D0000069EEA79A27EE899A27EE8E8AEDEE879A27
:10D0100003220023A7EE0D9ADDE92001A7EE2C8A5A
:10D02000DDED1E7AE7EE8C9AA7EEAB9AA7EE8B8A1F
:10D03000EBF782FD0322054689460023DDE92A013C
:10D04000EBF77AFD2D1849EB01090322DDE93401E4
:10D050000023EBF771FD2D1849EB0101002C66D080
:10D0600076086D0846EAC77645EAC17576194FEA33
:10D07000510141EB57070124FBE6002C3FF40BAFB5
:10D0800000249DED147AD5ED0E9A95ED0F9A95ED4D
:10D0900010EADDED0A6AD5ED0BDA95ED0CDAD5ED87
:10D0A0000DCA95ED08CAD5ED09BA95ED0ABA27EE75
:10D0B00029AA67EE09AA67EE0E8A03220023DDE99A
:10D0C0000C01A6EEADAAE6EE8DAAE6EEAC8AEBF771
:10D0D00033FD032206460F460023DDE91601EBF778
:10D0E0002BFD361847EB0107404649460322002333
:10D0F000EBF722FD3618ACEE08AA47EB0107EBEE82
:10D1000088AAEBEE088A7CB99FED0B8A4FF00108E4
:10D11000B0EE489AF0EE489AABE69DF898300024BD
:10D12000002B7FF42CAFB6E64FF0010864E72E46E3
:10D130000F4601249DE600BF000000002DE9F041EC
:10D140002DED088B90F84450A6B09DB99FEDBC8A98
:10D150002F46F0EE488AB0EE489A2E4600F05EFF69
:10D1600090F829370446002B40D126B0BDEC088B3F
:10D17000BDE8F0810DF10F0424F00F04002504F147
:10D180001008256065600646404608F09FFC0022B6
:10D190000023C4E91C23002325626562A562E562C1
:10D1A0002563656325646564A564E5642565656537
:10D1B000A565E56525666566A566A36784F87C3088
:10D1C00000F02CFF90F8803305466BBB00F026FF83
:10D1D0009FED9B8A90F829370025F0EE488AB0EE43
:10D1E000489A2F462E460446002BBED0D0F8B006F3
:10D1F0000521F4F73DFF0028B7D1D4F8B00604F2BA
:10D20000AC6383ED1A9AC3ED1B8A83ED1C8AC4F8C4
:10D210002077C4F8246784F8285726B0BDEC088B23
:10D22000BDE8F041F4F748BFD0F894020521F4F7C7
:10D230001FFF0028CAD1D5F800332360D5F8043386
:10D240006360D5F810332361D5F814336361D5F8E2
:10D250001833A361D5F81C33E361D5F8203323627A
:10D26000D5F824336362D5F82833A362D5F82C337C
:10D27000E362D5F830332363D5F834336363D5F8EC
:10D2800040332364D5F844336364D5F84833A3644A
:10D29000D5F84C33E364D5F850332365D5F85433CF
:10D2A0006365D5F85833A365D5F85C33E365D5F8E5
:10D2B00060332366D5F864336366D5F86833A366B4
:10D2C000D5E9DC23C4E91C23D5F87833A367D5F866
:10D2D000940295F87C3384F87C30F4F7EDFEA36F6C
:10D2E00033F002037FF472AF04F1800706F11002FD
:10D2F0004146384608F03AFC384608F0D7FC034669
:10D30000384693ED009A08F0D7FC03463846D3ED33
:10D31000008A08F0BFFC0346384693ED008A08F007
:10D32000BFFC90ED000A384628EE008A08F0B8FCF1
:10D3300003463846D3ED009A08F0B2FC034638465F
:10D34000A9EE288A012593ED009A08F0AFFC034668
:10D350003846D3ED008A08F0A9FCD0ED007A68EEDB
:10D36000A77AF7EE00AAE9EE897AB0EE00AAF0EE0D
:10D370006A0AE7EECA0A38EE080A0AF001F93846E6
:10D38000B0EE409A08F08CFCD0ED008A384608F0E8
:10D3900093FC0346384693ED008A08F07BFCD0ED01
:10D3A000009A384608F082FC90ED000A20EE690AE7
:10D3B000A8EE880A30EE000A0AF0B6F83846F1EE18
:10D3C000408A08F06DFC90ED00BA384608F06EFC1B
:10D3D00003463846D3ED009A08F05CFC90ED008AD5
:10D3E000384608F069FC90ED000A384628EE008ABD
:10D3F00008F05CFC03463846D3ED00BA08F056FC52
:10D40000ABEE298A90ED00BA384608F055FC034689
:10D410003846D3ED009A08F04FFCD0ED007A69EE63
:10D42000A79AF0EE6A0AEBEE8B9A38EE080AE9EE5C
:10D43000CA0A0AF0A5F8276F666FB0EE408A8DE63B
:10D44000000000002DE9F04190F844402DED068BDE
:10D450008CB99FED468A2746F0EE488AB0EE489A8E
:10D46000264600F0DBFD90F8A1380546D3B9BDECA7
:10D47000068BBDE8F081054600F0D0FD90F8A93795
:10D48000044663BB00F0CAFD9FED388A90F8A138CE
:10D490000024F0EE488AB0EE489A27462646054614
:10D4A000002BE4D0D0F828080521F4F7E1FD00288E
:10D4B000DDD105F6240383ED1A9AC3ED1B8A83EDB3
:10D4C0001C8A85F8A048BDEC068BD5F82808C5F85D
:10D4D0009878C5F89C68BDE8F041F4F7EDBDD0F848
:10D4E00030070521F4F7C4FD0028CBD194F8A887B4
:10D4F000D4F83007D4F8A077D4F8A46704F2947372
:10D5000004F5F36104F29C72D3ED009A91ED00AA48
:10D5100092ED008AF4F7D0FDB8F1000FB2D0D5ED4E
:10D52000107A95ED0E9AD5ED0F8AD5ED0B6A95ED33
:10D530000C7A28EE099A68EE288A28EE278AD5ED1B
:10D540000D7AA6EE8A9A0124E7EE0A8AA7EE8A8A65
:10D55000D5ED086A95ED097AD5ED0A7AA6EEA99A75
:10D56000E7EE298AA7EEA98A7BE700BF000000004A
:10D57000704700BF0120704770B5114E3378BFF37C
:10D580005B8F13F00104054602D09DB90D4870BDB4
:10D59000304609F013FE0028F7D00A4B0A4A1C81D6
:10D5A000C3E90024304683F80A42A3F80C4209F08C
:10D5B00011FEEAE7054B064A064812210BF006FB6E
:10D5C000C0E30020C4E30020B0B80208D0A80208DD
:10D5D000C8B7020818B8020800B5074A83B000238C
:10D5E0008C4610688DF807C01A460DF10701F4F754
:10D5F00073FE03B05DF804FBD805002070B5494DFB
:10D6000086B0011D044601A802F0ACF995F83D3042
:10D61000202B1FD0B4F80C32EC2B7CDC94F80AE2FF
:10D620000DF1040C04EB0E2E9E44BCE80F00CEF866
:10D630000A00DCF80000CEF80E10CEF81220CEF86A
:10D640001630CEF81A00B4F80C321433A4F80C32A9
:10D6500006B070BDB4F80C22EC2A26DD94F80A124C
:10D6600004EB01210A312846F2F7A4FA94F80A32B1
:10D670000133DBB2012B47D9002384F80A324FF083
:10D680000A0E01AD0FCD04EB0E0C44F80E00286815
:10D69000CCF804101426CCF80820CCF80C30CCF8C8
:10D6A0001000A4F80C6206B070BD94F80AC20DF127
:10D6B000040E04EB0C2C9444BEE80F00CCF80A00D6
:10D6C000DEF80000CCF81A00CCF81630CCF80E10BA
:10D6D000CCF81220B4F80C2294F80A12143204EB9D
:10D6E000012192B20A312846F2F764FA94F80A321C
:10D6F0000133DBB2012B88BF002384F80A320023F8
:10D70000A4F80C3206B070BD4FEA032E84F80A323A
:10D710000EF10A0EB5E7044B044A0548AC210BF0A4
:10D7200055FA00BF7C8B002084A802083CB8020890
:10D7300018B8020870B54B4D86B0011D0446684606
:10D7400002F034F995F83D30202B21D0B4F80C329A
:10D75000E82B00F3818094F80AE2EC4604EB0E2EED
:10D760009E44BCE80F00CEF80A00CEF80E10BCE8CC
:10D770000300CEF81220CEF81630CEF81A00CEF8FC
:10D780001E10B4F80C321833A4F80C3206B070BD79
:10D79000B4F80C22E82A28DD94F80A1204EB0121DF
:10D7A0000A312846F2F706FA94F80A320133DBB25E
:10D7B000012B4AD9002384F80A324FF00A0E6D4635
:10D7C0000FCD04EB0E0C44F80E00CCF8041003CD82
:10D7D0001826CCF80820CCF80C30CCF81000CCF887
:10D7E0001410A4F80C6206B070BD94F80AC2EE469C
:10D7F00004EB0C2C9444BEE80F00CCF80A00CCF8E3
:10D800000E10BEE80300CCF81630CCF81A00CCF8A5
:10D810001220CCF81E10B4F80C2294F80A12183218
:10D8200004EB012192B20A312846F2F7C3F994F8C9
:10D830000A320133DBB2012B88BF002384F80A329D
:10D840000023A4F80C3206B070BD4FEA032E84F812
:10D850000A320EF10A0EB2E7034B044A0448AC2127
:10D860000BF0B4F97C8B002084A802083CB80208B5
:10D8700018B80208F8B5531EFF2B63D8374E96F838
:10D880003D300446B0F80C02202B154600EB020395
:10D8900010D0B3F5807F5BDC94F80A320A3000EBDD
:10D8A000032020440BF0F6FAB4F80C221544A4F837
:10D8B0000C52F8BDB3F5807F1EDD0F4694F80A12B6
:10D8C00004EB012102460A313046F2F773F994F86D
:10D8D0000A320133DBB2012B2FD9002384F80A323C
:10D8E0000A200023A4F80C322A46394620440BF0C3
:10D8F000D1FAA4F80C52F8BD94F80A320A3000EBC1
:10D90000032020440BF0C6FAB4F80C2294F80A1253
:10D910002A4404EB012192B20A313046F2F74AF967
:10D9200094F80A320133DBB2012B88BF002384F85C
:10D930000A320023A4F80C32F8BD180284F80A3227
:10D940000A30CEE7064B074A07488C210BF03EF918
:10D95000064B044A0448AC210BF038F97C8B0020BC
:10D960007CB802083CB8020818B8020884A802086B
:10D9700030B597B0054600F051FB00212222044645
:10D980000DA80BF0AFFA234B94F8AA2693E80300F6
:10D99000002307908DF820108DF82130CDF822302B
:10D9A000CDF82630CDF82A308DF82E300C930AB9F8
:10D9B00017B030BDD4F824060521F4F759FB002830
:10D9C000F6D104F5D16EBEE80F000DF1340CACE8D1
:10D9D0000F00BEE80F00ACE80F00DEF80030D4F80E
:10D9E0002406ACF80030F4F767FB0DAA291D684641
:10D9F00001F092FC00980199029A039B07AC0FC4B6
:10DA000004980599182203C407A92846FFF732FF96
:10DA100017B030BDD8A0020830B595B0054600F06B
:10DA2000FDFA0021222204460BA80BF05BFA274BDB
:10DA300094F8AA2693E80300002306908DF81C10A2
:10DA4000ADF81D308DF81F308DF820308DF8213065
:10DA50008DF822308DF823308DF824308DF8253064
:10DA60008DF826300A930AB915B030BDD4F82406D3
:10DA70000521F4F7FDFA0028F6D104F5D16EBEE8D1
:10DA80000F000DF12C0CACE80F00BEE80F00ACE865
:10DA90000F00DEF80030D4F82406ACF80030F4F7BC
:10DAA0000BFB0BAA291D684601F0D0FD00980199D7
:10DAB000029A039B06AC0FC404982060142206A9A6
:10DAC0002846FFF7D7FE15B030BD00BFE0A0020822
:10DAD00030B589B0054600F0A1FA90F818360BB9B8
:10DAE00009B030BD04460521D0F8AC05F4F7C0FA02
:10DAF0000028F5D104F5B663D3E91823D4F8AC05B2
:10DB0000CDE90023F4F7D8FADDE90023291D03A8A5
:10DB100001F004FF142203A92846FFF7ABFE09B069
:10DB200030BD00BFF0B5864BBBB007460DF16F04AA
:10DB300093E8030024F00F040025002612902560CE
:10DB400004F110006560CDE914668DF84C108DF875
:10DB50004D60ADF84E608DF85860179607F0B6FF2F
:10DB600000220023A66784F87C60C4E91C23256298
:10DB70006562A562E5622563656325646564A564E5
:10DB8000E56425656565A565E56525666566A56643
:10DB9000CDE90966CDE90D66CDE90F660C968DF8E5
:10DBA0002C608DF84460089500F038FA90F8806396
:10DBB00096B900F033FA90F8293700260546002B75
:10DBC0006DD100F02BFA90F8213800260546002B85
:10DBD00040F086803BB0F0BD05460521D0F89402A8
:10DBE000F4F746FA0028E4D1D5F800332360D5F8DD
:10DBF00004336360D5F810332361D5F814336361BF
:10DC0000D5F81833A361D5F81C33E361D5F8203378
:10DC10002362D5F824336362D5F82833A362D5F89C
:10DC20002C33E362D5F830332363D5F834336363A0
:10DC3000D5F840332364D5F844336364D5F84833CA
:10DC4000A364D5F84C33E364D5F850332365D5F895
:10DC500054336365D5F85833A365D5F85C33E36571
:10DC6000D5F860332366D5F864336366D5F8683336
:10DC7000A366D5F87833A36795F87C3384F87C30B5
:10DC8000D5E9DC23D5F89402C4E91C23F4F714FA8F
:10DC900000F0C4F990F829370546002B91D0D0F850
:10DCA000B0060521F4F7E4F900288AD105F2147EC4
:10DCB000BEE80F000DF1300CACE80F009EE8030049
:10DCC0004CF8040BD5F8B0068CF80010F4F7F4F912
:10DCD00000F0A4F990F821380546002B3FF47AAF04
:10DCE000D0F8B0070521F4F7C3F900287FF472AF2C
:10DCF00005F614030FCB0DF1200CACE80700D5F8A6
:10DD0000B0078CF80030F4F7D7F9002E3FF462AF7B
:10DD100008A90CAB2246009102A8391D01F0CEFCE7
:10DD200002980399049A059B12AC0FC406980799B0
:10DD3000182203C412A93846FFF79CFD3BB0F0BD82
:10DD4000E8A00208F0B55B4BAFB007460DF13F0409
:10DD500093E8030024F00F040025002607902560B7
:10DD600004F1100065608DF82010ADF821608DF889
:10DD700023608DF824608DF825608DF826608DF87D
:10DD800027608DF828608DF829608DF82A600B9641
:10DD900007F09CFE00230022C4E91C232562656273
:10DDA000A562E5622563656325646564A564E56431
:10DDB00025656565A565E56525666566A566A6674D
:10DDC00084F87C6000F02AF990F880330BB92FB00A
:10DDD000F0BD05460521D0F89402F4F749F9002872
:10DDE000F5D1D5F80023D5F8043322606360D5F867
:10DDF0001023D5F8143322616361D5F81823D5F8C0
:10DE00001C33A261E361D5F82023D5F824332262C4
:10DE10006362D5F82823D5F82C33A262E362D5F8E3
:10DE20003023D5F8343322636363D5F84023D5F823
:10DE3000443322646364D5F84823D5F84C33E36453
:10DE4000A264D5F85023D5F854336365D5F85C3314
:10DE50002265E365D5F85823D5F86433A265636677
:10DE6000D5F86023D5F868332266A366D5E9DC23AC
:10DE7000C4E91C23D5F87833A367D5F8940295F844
:10DE80007C3384F87C30F4F717F92246391D684654
:10DE900001F0BAFC00980199029A039B07AC0FC4E9
:10DEA00004982060142207A93846FFF7E3FC2FB03E
:10DEB000F0BD00BFF0A00208F0B5574BB3B0074665
:10DEC0000DF14F0493E8030024F00F040025002611
:10DED0000990256004F1100065608DF82810CDE9E7
:10DEE0000C668DF82960CDF82A60ADF82E600F968B
:10DEF00007F0ECFD00230022C4E91C2325626562C3
:10DF0000A562E5622563656325646564A564E564CF
:10DF100025656565A565E56525666566A566A667EB
:10DF200084F87C6000F07AF890F880330BB933B055
:10DF3000F0BD05460521D0F89402F4F799F80028C1
:10DF4000F5D1D5F80023D5F8043322606360D5F805
:10DF50001023D5F8143322616361D5F81823D5F85E
:10DF60001C33A261E361D5F82023D5F82433226263
:10DF70006362D5F82823D5F82C33A262E362D5F882
:10DF80003023D5F8343322636363D5F84023D5F8C2
:10DF9000443322646364D5F84823D5F84C33E364F2
:10DFA000A264D5F85023D5F854336365D5F85C33B3
:10DFB0002265E365D5F85823D5F86433A265636616
:10DFC000D5F86023D5F868332266A366D5E9DC234B
:10DFD000C4E91C23D5F87833A367D5F8940295F8E3
:10DFE0007C3384F87C30F4F767F82246391D6846A4
:10DFF00001F040FC00980199029A039B09AC0FC400
:10E0000004980599069A07C41C2209A93846FFF707
:10E0100031FC33B0F0BD00BFF8A002082DE9F84F85
:10E02000044F3D78BFF35B8F15F0010506D0024821
:10E03000BDE8F88FD4E50020E0E50020384609F07F
:10E04000BDF80028F3D0E94C0122227004F1080247
:10E050002266022284F88C2004F19402C4F8EC2099
:10E06000032284F8082104F5887200264FF0000886
:10E070004FF0000950234FF0050E04F5047CC4F85E
:10E080006821062104F526724FF0040B04F5C87AC6
:10E0900004F544706366C4F8F030C4F86C31C4E928
:10E0A0001655C4E93955C4E93F55C4E95855C4E982
:10E0B0002089A666E66626676667A667E667A4F80F
:10E0C0008850C4F8F460C4F8F860A4F80451C4F8A7
:10E0D0007061C4F87461C4F87861C4F87C51C4F804
:10E0E000805184F808E2C4F868C284F89012C4F839
:10E0F000F022C4F8EC31C4F86C32C4F8F432C4E94C
:10E100007855C4E97F55C4E99855C4E99F55C4E9D9
:10E11000BA5584F888B1C4F8E8A1A4F88451C4F8C9
:10E12000F061C4F8F461C4F8F861A4F80452C4F8CA
:10E130007062C4F87462C4F87862A4F88452C4F8B7
:10E140000063C4F8046307F0C1FC072284F890233D
:10E1500004F56672C4F8F02304F58062C2E9008910
:10E160000822502384F80C2404F21442C4F8F43337
:10E17000C4E9DC89C4E9FA55C4F82063C4F824630F
:10E18000C4F82863C4F82C63C4F83063C4F834635B
:10E19000C4F84063C4F84463C4F84863C4F84C63EB
:10E1A000C4F85063C4F85463C4F85863C4F85C639B
:10E1B000C4F86063C4F86463C4F86863C4F878534F
:10E1C00084F87C5384F88053C4F8F863C4F8FC6383
:10E1D000A4F80854C4F86454C4F86854C4F86C240F
:10E1E00004F27442C4F87034166004F58F62C4F807
:10E1F0000035166004F27C42C4F87C35166004F5E4
:10E200009062A4F89854166004F28442C4F8F4545E
:10E21000166004F59162C4F8F854166004F28C425A
:10E22000C4F80C55166004F59262C2E9008909220F
:10E2300084F89C2404F2A442C4F8FC2404F204529E
:10E24000C4F81055166004F5A162A4F814551660C0
:10E250000A2284F8182504F5A462C4F8782504F588
:10E26000B062C4F87055166004F28452C4F8745554
:10E27000166004F5B1622946166004F28C5204F56A
:10E280001160166004F5B262166004F294521660D2
:10E2900004F5B36216600B2284F8A82504F5B66273
:10E2A000C4F808260C2284F8202604F5C562C4F8B8
:10E2B000802604F5D162C4F80C36166004F28C6234
:10E2C000C4F88436166004F5D262C4F810371660BC
:10E2D00004F29462C4F89C55166004F5D362C4F845
:10E2E000A055166004F29C62A4F8A455166004F5CB
:10E2F000D462C2E900890D2284F8AC2604F2B4622B
:10E30000C4F80C2704F21472C4F80056166004F521
:10E31000E362C4F80456166004F21C7284F81856BE
:10E32000166004F5E462C2E900890E22C4F878564A
:10E33000C4F87C56A4F8A85684F8AA56C4F8045722
:10E34000C4F80857A4F8285784F82C2704F234722C
:10E35000C4F88C2704F29472C4F89037166004F560
:10E36000F362C4F81038166004F29C72C4F888385E
:10E37000166004F5F462C2E900890F2284F8AC2724
:10E3800004F2B472C4F80C2804F61402C4F88457DA
:10E39000166004F5026242E90289102284F82428FA
:10E3A00004F62C02C4F8842804F68C02C4F88857BA
:10E3B000166004F50962A4F8A857166004F69402E2
:10E3C000C4F80458166004F50A6242E90289112271
:10E3D00084F8A82804F50B62C4F80829F022C4F8D0
:10E3E0000858A4F82058C4F87C5801E0E0E5002063
:10E3F000C4F88058A4F8A058C4F80059C4F80459C7
:10E40000C4F80C390AF06EFD384684F8005A08F05A
:10E41000E1FE0148BDE8F88FE0E5002000000000C3
:10E420002DE9F04F0446A5B05830F3F7D9FD0DF1B2
:10E43000170525F00F05606068B10022C4E92022AD
:10E4400000234FF48071A366E36623676367A367C5
:10E45000E367A4F8881004F1E400F3F7C1FDC4F801
:10E46000900058B10023C4E93F3300224FF480717B
:10E47000C4F8F420C4F8F820A4F8041104F5B0702E
:10E48000F3F7AEFDC4F80C0168B10022C4E95F22C5
:10E4900000234FF48071C4F87031C4F87431C4F8AB
:10E4A0007831A4F8841104F5F070F3F799FDC4F8FD
:10E4B0008C0168B10022C4E97F2200234FF48071EF
:10E4C000C4F8F031C4F8F431C4F8F831A4F80412F7
:10E4D00004F51870F3F784FDC4F80C0268B100224B
:10E4E000C4E99F2200234FF48071C4F87032C4F84D
:10E4F0007432C4F87832A4F8841204F53A70F3F751
:10E500006FFDC4F89402002870D0012380220021FE
:10E5100084F8803305F1100828460AF0E3FC4046F1
:10E5200007F0D4FADFEDAE7A2B68C4F800336B68DD
:10E53000C5ED087AC5ED097AC5ED0A7AC4F8043349
:10E5400005F1600205F154030093019298E80F0071
:10E55000C5ED0B7AC5ED0C7A05F1200B04F5447C72
:10E560008CE80F009BE8070005F12C0A04F54877BA
:10E57000C5ED0D7AC5ED127AC5ED137AC5ED147AA5
:10E58000C5ED157AC5ED167AC5ED177AC5ED187A81
:10E59000C5ED197AC5ED1A7A87E807009AE80700F1
:10E5A00005F1480904F54B7686E8070099E807006D
:10E5B000009BC4EDD07A04F5527EC4EDD17A8EE88A
:10E5C000070093E8070004F5557383E80700019AF4
:10E5D00007CA9FED816B002504F5587383E8070097
:10E5E00084EDDC6BC4F8785384F87C5304F57A70BE
:10E5F000F3F7F6FCC4F8940368B1002100224FF44D
:10E600008070C4F8F813C4F8FC13C4F80024C4F8EC
:10E610000424A4F8080404F26440F3F7E1FC04F2D3
:10E620000C43C4F8100488B100229A66DA661A67AF
:10E630005A679A67DA67C3F8802004F58261002080
:10E640004FF48073C1E92000A4F8983404F2F44038
:10E65000F3F7C6FC04F29C42C4F8A00458B10020B1
:10E6600000214FF480739066D066C4F80C15C4F88E
:10E670001015A4F8143504F5AE60F3F7B1FC04F5F9
:10E68000A363C4F81C0588B100229A66DA661A678B
:10E690005A679A67DA67C3F8802004F5A4610020FE
:10E6A0004FF48073C1E91F00A4F8A43504F5C060DD
:10E6B000F3F796FCC4F8AC0540B1012204F5B6634B
:10E6C0000020002184F81826C3E9180104F5CF6062
:10E6D000F3F786FC04F5C463C4F8240680B1002275
:10E6E0000021012084F8AA069A66DA661A675A673A
:10E6F0009A67DA67C4F8A016C4F8A416A4F8A81696
:10E7000004F20470F3F76CFC04F2AC62C4F8B006D7
:10E7100060B1002100204FF480739166D1661167CB
:10E72000C4F82007C4F82407A4F8283704F284703A
:10E73000F3F756FC04F22C72C4F8300760B10021E4
:10E7400000204FF480739166D1661167C4F8A0076A
:10E75000C4F8A407A4F8A83704F60400F3F740FCB3
:10E7600004F2AC71C4F8B00750B1002088660022F2
:10E770004FF48071C4F81828C4F81C28A4F8201895
:10E7800004F67C00F3F72CFC04F62402C4F82808F5
:10E7900060B1002100204FF480739166D16611674B
:10E7A000C4F89808C4F89C08A4F8A03804F51060D0
:10E7B000F3F716FCC4F8AC0840B1012384F8003A22
:10E7C000F022002104F511600AF08CFB25B0BDE8B1
:10E7D000F08F00BFAFF300800000000000000000D9
:10E7E000000000000079704770B5002284B0044634
:10E7F00001211B481B4EEDF757FD210A220C230E69
:10E800008DF80B408DF80A108DF809208DF808302E
:10E8100001F0BEF904460D4608E001F0B9F9031B0A
:10E8200061EB0502142B72F100030DD23046F0F7B4
:10E83000BBFA0128F1D1022300930A48042303AA5A
:10E8400002A9F0F767F940B10024012204481146FB
:10E85000EDF72AFD204604B070BD039C24BAF4E70E
:10E86000000402404888002070B5002284B00446AD
:10E8700010211B481B4EEDF717FD210A220C230E19
:10E880008DF80B408DF80A108DF809208DF80830AE
:10E8900001F07EF904460D4608E001F079F9031B0A
:10E8A00061EB0502142B72F100030DD23046F0F734
:10E8B0007BFA0128F1D1022300930A48042303AA1A
:10E8C00002A9F0F727F940B10024054801221021E0
:10E8D000EDF7EAFC204604B070BD039C24BAF4E7CF
:10E8E00000080240488800202DE9F04FDFF8CCB244
:10E8F000DBF8003089B001330022012BADF818207D
:10E90000CBF80030044600F028810F2B00F02A815C
:10E910009A48FFF769FF9A48FFF766FF81469948D2
:10E92000FFF762FF82469748FFF75EFF009094482A
:10E93000FFF79AFF9448FFF797FF80469348FFF749
:10E9400093FF05469248FFF78FFF06468D48FFF775
:10E950008BFF07468B48FFF787FF0022034684F8AA
:10E96000A022002D00F09880002E00F09580002F4E
:10E9700000F09280B8F1000F00F08E80B9F1000F26
:10E9800000F08A80BAF1000F00F08680002800F0C5
:10E990008380009A002A7FD0C5F30162012A40F0EB
:10E9A0008180C6F30162012A7CD1C7F30162012A8A
:10E9B00078D1C8F30162012A74D1C9F30162012A36
:10E9C00070D1CAF30162012A6CD1C0F30162012A3D
:10E9D00068D1009AC2F30162012A63D143F30F2385
:10E9E00045F30F22DBF800500193009B05F1FF3E39
:10E9F00043F30F23BEF10E0F46F30F2647F30F2705
:10EA000048F30F2849F30F294AF30F2A009300F225
:10EA1000AE80002108460B4667F30F0062F30F013A
:10EA200066F31F4168F31F40CDE9021001991A46B1
:10EA300061F30F02009969F30F036AF31F4361F357
:10EA40001F42CDE904320DF1080CBCE80F000EEBBB
:10EA5000CE0E04EB4E0E01268DF81860CEF86C3009
:10EA60000F2DBCF80030CEF86000CEF86410CEF860
:10EA70006820AEF8703012D184F8B6624FF490720C
:10EA800004F1600104F5C0700AF004FA0023CBF829
:10EA9000003009B0BDE8F08F012384F8A03209B03E
:10EAA000BDE8F08F3B4801934FF00F0C012200218D
:10EAB000C0F800C084F8A02204F160004FF4907206
:10EAC000CBF800100AF00EFA3348FFF7CDFE3348BA
:10EAD000FFF7CAFE000AA4F8A2023148FFF7C4FEFD
:10EAE000000AA4F8A4022F48FFF7BEFE000AA4F80B
:10EAF000A6022D48FFF7B8FE000AA4F8A8022A488B
:10EB0000FFF7B2FE000AA4F8AA022348FFF76CFE42
:10EB10002248FFF769FE000AA4F8AC022348FFF779
:10EB200063FE000AA4F8AE021E48FFF75DFE000A6D
:10EB3000A4F8B0021C48FFF757FE000AA4F8B2027E
:10EB40001948FFF751FE94F8A022019B000AA4F88F
:10EB5000B402002A3FF442AFA1E701F019F8C4E97A
:10EB60005C01D5E601F014F8C4E95E01D0E6104B73
:10EB7000104A114840F225110AF028F8FB00000C59
:10EB8000F7000004E300001CE9000010EF0000148F
:10EB9000E5000018F0EF0020D5000038910000409B
:10EBA0009D000048890000508F00005497000044E9
:10EBB000B8B8020810B9020834B90208F4EF00200E
:10EBC0002DE9F04F0446012785B0CB482771FFF7A8
:10EBD0004BFECA48FFF708FEC748FFF705FE19209D
:10EBE000EBF796FEC648FFF73FFEC648FFF73CFE30
:10EBF0000646C548FFF738FE0546C348FFF734FE12
:10EC0000C5F30F25C0F30F22C0490095C6F3034397
:10EC1000601D0AF0FBFDBE48FFF7E6FDBD48FFF7AB
:10EC2000E3FDBD48FFF7E0FDBA48FFF7DDFDBB4857
:10EC3000FFF7DAFDB748FFF7D7FDB648FFF7D4FD79
:10EC4000C0F30220072804D00023237105B0BDE8DB
:10EC5000F08FB348FFF7C8FDB248FFF7C5FDB248D3
:10EC6000FFF7C2FD8246B148FFF7BEFD8146B048BE
:10EC7000FFF7BAFD0390AF48FFF7B6FD8046AE48F8
:10EC8000FFF7B2FD0290AD48FFF7AEFD0646AC4877
:10EC9000FFF7AAFD83469A48FFF7A6FD0546984868
:10ECA000FFF7A2FD4AF3072206EE102A4AF30742B5
:10ECB00006EE902ADFEDA37A039AF8EEE66AB7EE45
:10ECC000007AB8EEC66A66EEA76AF0EE475AE6EE3C
:10ECD000275A42F3072142F3074206EE101AC4ED09
:10ECE000066A06EE902AB8EEC66A0299C4ED055A85
:10ECF000F8EEE66AF0EE475AE6EE275A41F30722AD
:10ED000041F3074166EEA76A06EE102AC4ED0A6ACF
:10ED100006EE901AB8EEC66AF8EEE66AC4ED095A35
:10ED2000F0EE475AE6EE275A4BF3074240F307232B
:10ED3000B0EE476AA6EEA76AC4ED0D5A84ED0E6ADE
:10ED400006EE102A4BF3072206EE902AF8EEE66A4A
:10ED5000B8EEC66A66EEA76AF0EE475A40F307427D
:10ED6000E6EE275A06EE102AC4ED116A06EE903A36
:10ED7000B8EEC66AF8EEE66AA6EE277A49F30723EC
:10ED800066EEA76A84ED167AC4ED156A06EE903A2F
:10ED900049F3074307EE103AF8EEE66AB8EEC77A91
:10EDA00066EEA76A27EE277A48F30723C4ED076AC1
:10EDB00006EE903A48F3074384ED087A07EE103ADE
:10EDC000F8EEE66AB8EEC77A66EEA76A46F307235E
:10EDD00027EE277AC4ED125A05EE903A46F3074320
:10EDE000C4ED0B6A06EE903A45F3072345F3074559
:10EDF00006EE103A84ED0C7A07EE105AF8EEE55A5A
:10EE0000F8EEE66AB8EEC66AB8EEC77A65EEA75ABB
:10EE100066EEA76A26EE276A2379C4ED0F5A67EEDD
:10EE2000277AC4ED106A84ED136AC4ED147A002BBE
:10EE30003FF40CAF3148FFF7D7FC2F48FFF7D4FC65
:10EE40001920EBF765FD4048FFF70EFD3E48FFF740
:10EE5000CBFC3D48FFF7C8FC4620EBF759FD3B488B
:10EE6000FFF702FD3A48FFF7FFFC2348FFF7BCFC21
:10EE70001920EBF74DFD3448FFF7B6FC3248FFF799
:10EE8000B3FC3846EBF744FD3048FFF7ADFC40F2E9
:10EE90009510EBF73DFD2F48FFF7E6FC2D48FFF7F7
:10EEA000A3FC2D48FFF7E0FC2B48FFF7DDFC032017
:10EEB000EBF72EFD2848FFF7D7FC05462648FFF75D
:10EEC00093FC2548FFF790FC0320EBF721FD224837
:10EED000FFF78AFCC5F30165012DC0F301603FD146
:10EEE00001283DD12379002B3FF4B0AE1B4805B07B
:10EEF000BDE8F04FF0F722B87C0100E0730000FCA1
:10EF0000B9000070BF000074B5000078A4B9020811
:10EF1000AA1000E4A70000648F0800E4E02000E4E9
:10EF20001A0500FCCB00002C9B00004C890000500F
:10EF30008F000054850000588300005CA100006031
:10EF4000AB00006C00008039670000E4EE2424D898
:10EF5000274404E85B0200E0D5000038748A0020F2
:10EF60002748FFF781FC2648FFF73EFC1920EBF706
:10EF7000CFFC2448FFF778FC2248FFF735FC2148F6
:10EF8000FFF732FC3220EBF7C3FC1F48FFF76CFCA5
:10EF90001E48FFF769FC1C48FFF726FC2D20EBF705
:10EFA000B7FC40F29510EBF7B3FC1948FFF75CFC97
:10EFB0001748FFF719FC1748FFF756FC1548FFF7ED
:10EFC00053FC0320EBF7A4FC1248FFF74DFC054669
:10EFD0001048FFF709FC0F48FFF706FC0320EBF78A
:10EFE00097FC0C48FFF700FCC5F30165012DC0F349
:10EFF00001607FF429AE01283FF474AF24E600BF1E
:10F000007C0100E0670000E4EE2424D8274404E8F3
:10F010005B0200E0D500003808B50C4B5B68C3F319
:10F02000080363B10A48037943B10A4A13681BB95C
:10F03000BDE80840FFF758BC013B136008BD064B14
:10F04000064A0748C72109F0C1FD00BF00ED00E0F6
:10F0500038000020F0EF0020B4B9020810B902080F
:10F0600034B9020808B90448704708B5034A044B8C
:10F0700004481A2109F0AAFD38000020D8B9020876
:10F08000D0A8020834B902082DE9F0412DED068B15
:10F09000C8B04FF4907200210446684609F022FF80
:10F0A000FEF7BCFF964F4FF400080546F5F7EAFD62
:10F0B000C7F88480BFF34F8FBFF36F8F94F8B632D9
:10F0C000002B00F0FD804FF4907204F5C07168468B
:10F0D000002609F0DFFE84F8B662C7F80480F5F771
:10F0E000F3FD2379002B00F007819FED864A0DF197
:10F0F0001203B0EE449AB0EE443AF0EE443AF0EE29
:10F10000444AF0EE442A314648A813F8022C012A5A
:10F1100030D133F9122C05EE102A33F9102C05EEFC
:10F12000902A33F90E2C06EE102A33F90C2C06EE39
:10F13000902A33F90A2C07EE102A33F9082C07EE2F
:10F14000902AB8EEC55AF8EEE55AB8EEC66AF8EE5F
:10F15000E66AB8EEC77AF8EEE77A72EE852A74EEC0
:10F16000A54A73EE863A33EE263A39EE079A34EE24
:10F17000274A013112339842C7D10C2940F2BC8092
:10F1800007EE901ADFED606A9FED607ADFED605A5E
:10F190009FED606AD4ED069AD4ED0F8AD4ED15AADE
:10F1A00094ED0C8A94ED145A94ED12AA94ED092A68
:10F1B000F8EE677ADDE9466727EE877A67EEA67A8A
:10F1C000C5EE876ADDE944237608520846EAC77629
:10F1D00042EAC372B6184FEA530343EB570795F858
:10F1E000893086EE277A66EEA44A27EE099A23EE46
:10F1F000073AD4ED057AD4ED0E5A94ED106A69EE13
:10F20000299A66EEA22AE3EE279A64EEA88AD4ED44
:10F210000B7A64EEAAAA29EE088AE2EE85AAE2EE4B
:10F22000A58AA3EE278A27EE044A63EEA67A94ED18
:10F230000D7AD4ED086A94ED165AD4ED075A24EEEF
:10F240008AAA29EE029AD4ED114AA3EE269AA4EED8
:10F25000078AE7EE868AA2EEA4AAE7EE85AAE4EE84
:10F26000259AD4ED136A94ED0A7AA7EEA6AA012492
:10F27000A4EE079AF1EE688AF1EE6AAAF1EE699AB5
:10F28000B1EE488A9BB368680521F2F7F1FE70BBC6
:10F29000686885ED1AAAC5E92067C5ED1B8AC5ED2A
:10F2A0001CAA85ED1D9AC5ED1E9A85ED1F8A85F86D
:10F2B000884048B0BDEC068BBDE8F041F2F7FCBEDB
:10F2C000C7F804809FED0F8A1C46F5F7FDFC95F802
:10F2D0008930F0EE489AB0EE489AF0EE48AAF0EE87
:10F2E000488AB0EE48AA26462746002BCBD148B024
:10F2F000BDEC068BBDE8F0819FED028A0024E6E7B5
:10F3000000E100E0000000000000A0420048994534
:10F31000CDCC1C4135FA8E3C2DE9F04FC34B044651
:10F320000D461868197921710023C4F80630C4F815
:10F330000A30C4F80E30A37423756375A375E375A2
:10F3400092F820302978206097B06171002B00F08E
:10F35000948013689FEDB67A07EE903AF4EEC77A80
:10F36000F1EE10FA40F2EE802E233E21CDE9143169
:10F370001E203623CDE9123026261623CDE910367D
:10F380000E273A23CDE90E374FF02A0C1A23CDE988
:10F390000C3C4FF0320E2223CDE90A3E4FF012080A
:10F3A0000A23CDE9083806234FF03C0A07932C23A3
:10F3B000CDE9043A4FF01C0B3423CDE9023B022681
:10F3C000382301934FF0240B4FF014094FF00C0831
:10F3D0004FF0280E4FF0180C302120231020082762
:10F3E0004FF0040A069656689FED917A07EE906AF0
:10F3F000F4EEC77AF1EE10FA07D89FED8E7AF4EEAC
:10F40000C77AF1EE10FA80F2F08096689FED887A64
:10F4100007EE906AF4EEC77AF1EE10FA37D89FED56
:10F42000857AF4EEC77AF1EE10FA30DB9FED827A3E
:10F43000059B019367EE877A4746FDEEE77A92F8DF
:10F440002180029984F812A017EE906ADDE903CEBC
:10F450005B4648466681B8F1000F1DD10023E37476
:10F46000052221467548EBF7C1FE2B786061013318
:10F4700020462B7017B0BDE8F08F382301934FF072
:10F48000280E4FF0180C302120231020082792F866
:10F490002180B8F1000FE1D0D6689FED697A07EEC0
:10F4A000906AF4EEC77AF1EE10FA13D89FED657A00
:10F4B000F4EEC77AF1EE10FA0CDB9FED637A019956
:10F4C000A77467EE877A7346FDEEE77A604617EE1B
:10F4D000906AA68116699FED5A7A07EE906AF4EE5B
:10F4E000C77AF1EE10FA11D89FED567AF4EEC77A8A
:10F4F000F1EE10FA0ADB9FED547AA07467EE877A7A
:10F500000B46FDEEE77A17EE901AE18152699FED06
:10F510004C7A07EE902AF4EEC77AF1EE10FA9DD8F5
:10F520009FED487AF4EEC77AF1EE10FA96DB9FED84
:10F53000467AA37467EE877AFDEEE77A17EE903A83
:10F5400023828BE79FED3B7AF4EEC77AF1EE10FA57
:10F55000FFF60AAF9FED387A67EE877A0123FDEE5A
:10F56000E77AA3743F23159317EE903A2F21E38097
:10F570001F23CDE9133137202723CDE9113017267A
:10F580000F23CDE90F363B272B23CDE90D374FF065
:10F590001B0C3323CDE90B3C4FF0230E1323CDE995
:10F5A000093E4FF00B080723CDE907384FF03D091E
:10F5B0002D23CDE904394FF01D0A3523CDE9023A58
:10F5C0000326392301934FF0250B4FF015094FF017
:10F5D0000D084FF0290E4FF0190C31212123112075
:10F5E00009274FF0050A0696FDE6069B9FED127A65
:10F5F000A374159B059367EE877A149B0493139B62
:10F600000393FDEEE77A129B0293DDE90E3817EEC5
:10F61000906A0193DDE9109BDDE90CCEDDE90A314A
:10F62000DDE90870DDF81CA02681EEE600A10208E5
:10F630000C2244420C2244C2B2102744D0040020C1
:10F64000368DA740368DA7C04A90C34538B5194BB3
:10F65000044698681B7B23710023E3712373637353
:10F66000A373E372A3726372A37123746374A374AC
:10F67000E374237292F8203020600D46C9786171DE
:10F68000E11D13B992F8213033B19369D269C4F8FE
:10F6900007302B784A60A3710023E37304222146CC
:10F6A0000548EBF7A3FDEB7820610133EB702046B2
:10F6B00038BD00BF00A10208D004002070B5044688
:10F6C000474E00200D46A071916FE071A06020733D
:10F6D0006073A073E073207420756075A075E07589
:10F6E00030692060307D207131F0020168786071EE
:10F6F00054D1197D002951D00499097B00294DD09E
:10F70000D2ED007A9FED377AF4EEC77AF1EE10FA77
:10F7100006DB9FED357AF4EEC77AF1EE10FA4CD99C
:10F720001E201C21D2ED017A9FED307AF4EEC77ACB
:10F73000F1EE10FA10DB9FED2E7AF4EEC77AF1EEBF
:10F7400010FA09D89FED2B7A67EE877A0146FDEE15
:10F75000E77A17EE902A22811A68DFED276A07EE12
:10F76000102A27EE267ABDEEC77A17EE102A62819C
:10F770005B68217407EE103A049B1B6827EE267A1B
:10F7800007EE903ABDEEC77A67EEA67A17EE103A0A
:10F79000FCEEE77AA38117EE903AE3810023A4F808
:10F7A0001130E374052221461448EBF71FFD6B78F6
:10F7B000606101336B70204670BDDFED116A9FED13
:10F7C000117A77EEA67A1F2067EE877AFCEEE77A49
:10F7D00017EE901AE180012121741D21A2E700BFDC
:10F7E00000A1020800007AC400401C46000096C335
:10F7F000000096433373DA42E1F82246D004002039
:10F8000000007A44B4A5BE4038B5184B0446986948
:10F810001B7F23710023E37123736373A373E3726C
:10F82000A3726372A37123746374A374E374237269
:10F83000936F20600D4633F002030979617107D19F
:10F840006B78A371D2E91C03C4F80700C4F80B302D
:10F850000023E373042221460548EBF7C7FC2B790C
:10F86000206101332B71204638BD00BF00A1020882
:10F87000D004002038B5264B04460D46186A93F88C
:10F88000241021710023C4F80630A372E37223739D
:10F890006373A373E37323746374A374E3742376B1
:10F8A0006376A376E376936FA978206033F0020342
:10F8B00061711FD1DFED176A92ED127AD2ED137AE2
:10F8C00027EE267A67EEA67ABCEEC77AFCEEE77AD8
:10F8D00017EE103A98B217EE903A01289BB238BF53
:10F8E0000120012B38BF01232381D2E91C13E080C2
:10F8F000E160236100236361062221460648EBF79D
:10F9000075FCAB78A0610133AB70204638BD00BFF9
:10F9100000A10208E1F82246D004002070B50F4E85
:10F92000C0F80A30044600230D46C0F806200374D0
:10F9300043748374C374C381014696F82C30B06A53
:10F940002060237104226B7905486371EBF74EFC4C
:10F950006B79206101336B71204670BD00A10208F4
:10F96000D00400200E4A0F4910B50446106B92F8DF
:10F9700034202271002344F250622060A160A4F878
:10F980000520E37123746374A374E374E3600422B9
:10F9900021460548EBF72AFC2061204610BD00BF38
:10F9A00000A1020801000500D00400202DE9F84361
:10F9B0003E4D2B78BFF35B8F0446D8073AD5DFF86E
:10F9C0000C813B4D2B78BFF35B8FD9075DD5DFF8FA
:10F9D0000091384D2B78BFF35B8FDA0747D5364F50
:10F9E000364D2B78BFF35B8FDB0733D5344EB8F839
:10F9F0000030A4F805303368C4F80F30314BD9F823
:10FA00000000396893F83C50C4F80700986BC4F8BC
:10FA10000B10002320600522214625712375637594
:10FA2000A375E375E3742848EBF7E0FB60612046BB
:10FA3000BDE8F883284607F0C1FBDFF89080002876
:10FA4000BFD0EAF777FF03462846A8F8003007F052
:10FA5000C1FBB6E7284607F0B1FB194E0028C6D017
:10FA6000EAF77CFF3060284607F0B4FBBFE7284682
:10FA700007F0A4FB0028B2D0EAF76AFF0E4F034656
:10FA800028463B6007F0A6FBAAE7284607F096FB4E
:10FA9000DFF83C9000289CD0EAF754FF0346284644
:10FAA000C9F8003007F096FB93E700BF04F0002090
:10FAB000F8EF0020FCEF00200CF0002000F0002008
:10FAC00010F0002000A10208D004002014F0002053
:10FAD00008F0002070B51A4C84B000F059F8D4E951
:10FAE0000032B0EB030C174B61EB020E00256345AF
:10FAF00075EB0E03CDE9000103D3C4E9000104B0A6
:10FB000070BD114E2B4630682A466946F2F7E4FB79
:10FB1000033005D0DDE90001C4E9000104B070BD87
:10FB20002B4630682A4602A9F2F70CFC034600284F
:10FB3000F0D130681A466946F2F7CEFBEAE700BF1B
:10FB400018F000208F5F01007C05002070B506468C
:10FB50000D46FEF763FA90F818363BB90020FDF722
:10FB60000BFDBDE870400621FDF736BD04460521BA
:10FB7000D0F8AC05F2F77CFA0028EFD1D4F8AC0548
:10FB8000C4F81066C4F81456F2F796FAE6E700BF18
:10FB9000024A4FF08043516A586A7047000C004097
:10FBA000704700BF38B51A4C2568D5B10020FCF766
:10FBB0005FFBFCF76FFB0020FDF714F9FDF742F93E
:10FBC0000020FDF7D9FC0121FDF706FD2368114A4D
:10FBD000114903FB02F2B1EBB20F0FD201332360E4
:10FBE00038BD2846FDF7C8FC0F21FDF7F5FC284677
:10FBF000FDF7C2FC1F21FDF7EFFCD7E70020FDF762
:10FC0000BBFC0521FDF7E8FC23680133236038BD08
:10FC100020F00020CDCCCCCCCCCCCC0C10B500202E
:10FC2000F5F7C0FA0446FFF7B3FF02460B4620463D
:10FC3000F5F77EFB0020FDF7D5F8FDF77FFA0020F1
:10FC4000FCF73CFCFCF77CFC0020FCF737FC04468E
:10FC5000FFF79EFF02460B462046FCF7AFFC114C17
:10FC60000020FDF789FC0221FDF7B6FC23680E4A4F
:10FC70000E4903FB02F2B1EB720F02D20133236093
:10FC800010BD0020FDF778FC0321FDF7A5FC002046
:10FC9000FDF772FC0421FDF79FFC2368013323600C
:10FCA00010BD00BF24F00020CDCCCCCC999999197F
:10FCB000013808B51E2811D8DFE800F011181F26FA
:10FCC0002D3410101010101010103B1010101010C8
:10FCD00010101010101010101010420008BD00205D
:10FCE000FDF74AFCBDE80840FDF742BE0020FDF7E5
:10FCF00043FCBDE80840FDF715BF0020FDF73CFCC4
:10FD0000BDE80840FEF7D8B80020FDF735FCBDE897
:10FD10000840FEF717B80020FDF72EFCBDE80840AC
:10FD2000FDF77ABE0020FDF727FCBDE80840FDF78F
:10FD3000CFBE0020FDF720FCBDE80840FDF75EBC0B
:10FD40000020FDF719FCBDE80840FDF7F3BC00BF3B
:10FD500070B5F7F7B1F9044600686E4D002828D158
:10FD6000A068002833D1206900283ED1A06900286E
:10FD700049D1206A002854D1A06A00285FD1206BA5
:10FD800000286AD1A06B002875D1206C002840F0B3
:10FD90008180A06C002840F08D80206D002840F00C
:10FDA0009980A06D002840F0A5802B6801332B605E
:10FDB00070BD2E68F7F7E0F9B6FBF0F303FB1066B1
:10FDC000002ECDD163689847A0680028CBD02E685C
:10FDD000F7F7D2F9B6FBF0F303FB1066002EC2D1A1
:10FDE000E368984720690028C0D02E68F7F7C4F967
:10FDF000B6FBF0F303FB1066002EB7D1636998479A
:10FE0000A0690028B5D02E68F7F7B6F9B6FBF0F375
:10FE100003FB1066002EACD1E3699847206A0028E6
:10FE2000AAD02E68F7F7A8F9B6FBF0F303FB10662B
:10FE3000002EA1D1636A9847A06A00289FD02E683F
:10FE4000F7F79AF9B6FBF0F303FB1066002E96D194
:10FE5000E36A9847206B002894D02E68F7F78CF956
:10FE6000B6FBF0F303FB1066002E8BD1636B984753
:10FE7000A06B002889D02E68F7F77EF9B6FBF0F367
:10FE800003FB1066002E80D1E36B9847206C00289E
:10FE90003FF47FAF2E68F7F76FF9B6FBF0F303FB83
:10FEA0001066002E7FF475AF636C9847A06C002835
:10FEB0003FF473AF2E68F7F75FF9B6FBF0F303FB7F
:10FEC0001066002E7FF469AFE36C9847206D002820
:10FED0003FF467AF2E68F7F74FF9B6FBF0F303FB7B
:10FEE0001066002E7FF45DAF636D9847A06D00280B
:10FEF0003FF45BAF2E68F7F73FF9B6FBF0F303FB77
:10FF00001066002E7FF451AFE36D98472B680133E4
:10FF10002B6070BD28F00020F6F7A6BA08B50020C7
:10FF2000FFF7A0F8FFF7B0F80020F5F73BF9BDE8C0
:10FF30000840F5F779B900BF012808B505D8F5F7ED
:10FF40009BFABDE80840F5F797BC034B034A044809
:10FF5000312108F03BFE00BF30BA020854BA020853
:10FF600018BB020808B50020F5F738FEF6F7B4F81C
:10FF70000020F5F717F9BDE80840F5F79DB900BF77
:10FF800008B50020FCF790FDFCF72CFE0020FCF7E4
:10FF9000DFFBFCF709FC0020FCF724FFBDE808406C
:10FFA000FDF750BA08B5FEF739F8FEF739FA002028
:10FFB000F5F714FE03681B6898470020F5F70EFE5E
:10FFC00003685B68984728B94A4B4B4A4B48EF2176
:10FFD00008F0FCFD0020FCF767FD03681B689847EC
:10FFE0000020FCF761FD03685B6898470028EBD0B0
:10FFF0000020FFF737F803681B6898470020FFF7D9
:020000040802F0
:1000000031F803685B6898470028DDD00020F5F7D9
:1000100033FA03681B6898470020F5F72DFA036848
:100020005B6898470028CFD00120F5F725FA0368D0
:100030001B6898470120F5F71FFA03685B6898472B
:100040000028C1D00020F7F739FD03681B689847E6
:100050000020F7F733FD03685B6898470028B3D0AA
:100060000120F7F72BFD03681B6898470120F7F77D
:1000700025FD03685B6898470028A5D00020FCF7A1
:10008000B1FE03681B6898470020FCF7ABFE0368CD
:100090005B689847002897D00020FCF759FB03685D
:1000A0001B6898470020FCF753FB03685B68984780
:1000B000002889D00020F6F7ABF903681B68984741
:1000C0000020F6F7A5F903685B68984700283FF41D
:1000D0007BAF0020F6F784FF03681B689847002079
:1000E000F6F77EFF03685B68984700283FF46CAF23
:1000F00008BD00BF84A8020864BB02087CBB0208DC
:10010000FFF724BD81B110B4084C014410F8013B45
:100110005340DBB2884254F8233083EA1222F5D1EF
:10012000D0435DF8044B7047D043704798BB02083A
:1001300070B5194E3378BFF35B8FDB0705460C466D
:100140000BD5022C21D8154B4FF4B260294600FB89
:100150000430BDE8704002F02BBD304607F02EF8A9
:100160000028EED0022201210C4801F0C3FB052239
:1001700003210B4801F0BEFB06220421094801F0CF
:10018000B9FB304607F026F8DBE7074B074A08487B
:10019000142108F01BFD00BF2CF0002030F00020DF
:1001A000C0F5002050FB002098BF0208BCBF020829
:1001B000F8BF020870B5194E3378BFF35B8FDB07C9
:1001C00005460C460BD5022C21D8154B4FF4B260D6
:1001D000294600FB0430BDE8704001F081BD304687
:1001E00006F0ECFF0028EED0022201210C4801F0BD
:1001F00081FB052203210B4801F07CFB0622042130
:10020000094801F077FB304606F0E4FFDBE7074BD7
:10021000074A0848142108F0D9FC00BF2CF0002040
:1002200030F00020C0F5002050FB002098BF0208ED
:10023000BCBF0208F8BF020838B5184D2B78BFF3D1
:100240005B8FDB0704460AD5022C20D8144B4FF4F1
:10025000B26000FB0430BDE8384001F0E5BD28463F
:1002600006F0ACFF0028EFD0022201210C4801F07B
:1002700041FB052203210B4801F03CFB062204212F
:10028000094801F037FB284606F0A4FFDCE7074BDE
:10029000074A0848142108F099FC00BF2CF0002000
:1002A00030F00020C0F5002050FB002098BF02086D
:1002B000BCBF0208F8BF02082DE9F041194E33789F
:1002C000BFF35B8FDB0707460D4614460CD5022CA7
:1002D00022D815494FF4B2603A462B4600FB041071
:1002E000BDE8F04105F08CBB304606F067FF002802
:1002F000EDD0022201210C4801F0FCFA0522032175
:100300000A4801F0F7FA06220421094801F0F2FA3E
:10031000304606F05FFFDAE7064B074A074814212C
:1003200008F054FC2CF0002030F00020C0F5002034
:1003300050FB002098BF0208BCBF0208F8BF0208AB
:1003400038B5184D2B78BFF35B8FDB0704460AD511
:10035000022C20D8144B4FF4B26000FB0430BDE8EF
:10036000384001F00DBE284606F028FF0028EFD0E7
:10037000022201210C4801F0BDFA052203210B489D
:1003800001F0B8FA06220421094801F0B3FA284620
:1003900006F020FFDCE7074B074A0848142108F065
:1003A00015FC00BF2CF0002030F00020C0F500202C
:1003B00050FB002098BF0208BCBF0208F8BF02082B
:1003C00070B5194E3378BFF35B8FDB0705460C46DB
:1003D0000BD5022C21D8154B4FF4B261284601FBF6
:1003E000043101F0C7FC284670BD304606F0E6FE39
:1003F0000028EED0022201210C4801F07BFA0522F0
:1004000003210B4801F076FA06220421094801F085
:1004100071FA304606F0DEFEDBE7074B074A084874
:10042000142108F0D3FB00BF2CF0002030F0002096
:10043000C0F5002050FB002098BF0208BCBF020896
:10044000F8BF020800487047E000012000487047EC
:10045000040101202DE9F8434368022B2DED028BA6
:1004600003D0BDEC028BBDE8F8838568D0F890948A
:10047000C668D0F894844D4576EB080300F5926782
:1004800004465AD3D0F88813022973DDD0F88423A8
:10049000D31C93FBF1F001FB103304EB4313D3E9BE
:1004A000E40C854276EB0C0347D3931C013293FB9B
:1004B000F1FE01FB1E3392FBF1FE01FB1E2204EB59
:1004C000431304EB4212D3E9E413D2E9E4E27145A9
:1004D00073EB020231D388427CEB03032DD3281A3D
:1004E00066EB0C01E8F7E2FA9FED258A94EDA77A16
:1004F00007EE900A67EE887AF4EEC77AF1EE10FA0A
:100500001BDCB5EB090066EB0801E8F7CFFA07EE54
:10051000900A94EDA57A67EE887AF4EEC77AF1EE48
:1005200010FA9EDDDFED176A77EEC77A27EE267A9E
:10053000F4EEC77AF1EE10FA93DDBDEC028B0023E6
:100540004FF0FF32C4E9E123C4F8F42304F5A862B4
:10055000002101206060C4F8F83300201160002100
:10056000C7E9000104F2345084F88935BDE8F84346
:1005700005F098BA044B054A05484C2108F026FBC3
:10058000BD3786356666663F6CC00208A0C00208AB
:1005900010C1020870B50E68DFED883AD0E900108E
:1005A0002DED028BB0EE633AF0EE632AB0EE632AD3
:1005B000F0EE631AB0EE631AF0EE630AB0EE638AEF
:1005C000B64685000B4606F12804FEEC017A93ED51
:1005D000014AD3ED024A93ED035AD3ED045A93ED49
:1005E000056AD3ED066A93ED077AD3ED008A744568
:1005F000A7EEA88A2B44E7EE840AA7EEA41AE7EE3A
:10060000851AA7EEA52AE7EE862AA7EEA63AE7EE18
:10061000873ADAD192ED004AD2ED014A92ED025AC0
:10062000D2ED035A92ED046AD2ED056A92ED067A94
:10063000D2ED077AA0EE084A00F1080301EB83032C
:10064000E0EE215AA0EE026AE0EE226AA0EE037A02
:10065000E0EE237AE0EE204AA0EE015A82ED067A1F
:10066000C2ED077A82ED004AC2ED014A82ED025ADC
:10067000C2ED035A82ED046AC2ED056ADFED4F7ADE
:10068000D6ED006AD1ED085A91ED096AB0EE677AAD
:10069000A5EEA67AE6EE267AD3ED005AD6ED016AEB
:1006A00093ED016A4300A5EEA67A03F1080E01EB73
:1006B0008E0EE6EE267A0344D6ED026ADEED005A8F
:1006C0009EED016AA5EEA67A03F1080E01EB8E0EEF
:1006D000E6EE267A0344D6ED036ADEED005A9EED7F
:1006E000016AA5EEA67A03F1080E01EB8E0EE6EE86
:1006F000267A0344D6ED046ADEED005A9EED016AC7
:10070000A5EEA67A03F1080E01EB8E0EE6EE267A30
:100710000344D6ED056ADEED005A9EED016AA5EEB2
:10072000A67A03F1080E01EB8E0EE6EE267A03445C
:10073000BDEC028BD6ED066ADEED005A9EED016A35
:10074000A5EEA67A03F1080E01EB8E0EE6EE267AF0
:100750000344D6ED076ADEED005A9EED016AA5EE70
:10076000A67A03F1080E01EB8E0EE6EE867A0344BC
:100770000833D6ED086ADEED005A9EED016AA5EE5B
:10078000A67A01EB8301E6EE267AD1ED005AD6ED8A
:10079000096A91ED016AA6EEA57AE6EE867A92EDF7
:1007A000086AD2ED096AA0EE076AB0EE667AA0EE9A
:1007B000277A82ED086A82ED097A70BD0000000098
:1007C000F0B500F5D07693B00446304604F082FBD5
:1007D00004F58A63D3ED007A37EE800A304683ED64
:1007E000000A04F07BFB04F25443D3ED007A37EEA9
:1007F000800A0DF12F0583ED000A25F00F05314623
:1008000003A804F06FFB05F110019FED321ADDED36
:10081000040A9DED030A019104F58C67084605F072
:10082000C7FF01993A46284605F0A0F995E80F0060
:1008300087E80F00384605F045FA314605A804F070
:1008400059FB04F58E63D3ED007A9DED057ADDED5D
:10085000066A77EE877A04F27442C3ED007A92ED6D
:10086000007A37EE267A04F58F6382ED007ADDEDAB
:10087000076AD3ED007A77EEA67A314605A8C3ED74
:10088000007A04F045FB04F27C42D2ED007A9DED43
:10089000057ADDED066A77EE877A04F59063C2ED9E
:1008A000007A93ED007A37EE267A04F2844483EDE1
:1008B000007AD4ED007ADDED076A77EEA67A282279
:1008C00000213046C4ED007A13B0BDE8F04008F0D6
:1008D00009BB00BF00000000D0F8C030022B00DDD3
:1008E000704770EE607A61EE811A00EB831C00B5F0
:1008F0008CED000ACCED010ACCED027ACCED031AA6
:100900008CED041AD1F800E0CCF814E0D1F804E042
:10091000CCF818E0D1F808E0CCF81CE0D1F80CE0F5
:10092000CCF820E0D1F810E0CCF824E0D1F814E0C5
:10093000CCF828E0D1F818E0CCF82CE0D1F81CE095
:10094000CCF830E0D1F820E0CCF834E0496ACCF8BB
:100950003810013301228CF83C20C0F8C0305DF81B
:1009600004FB00BF2DE9F04F00F5AA68D8ED007A2E
:1009700000F24C5797ED007A67EEA77A00F5A9666A
:10098000E7EE077A044696ED007AE7EE077A2DED5A
:10099000068BF5EE407AF1EE10FA8FB000F134815B
:1009A000B1EEE78A04F234500090B0EE480A05F048
:1009B00065F800989FED989A05F05CF8D4F88C02E1
:1009C000F0EE408A04F0D0FB38EE498AD0ED1E7A72
:1009D000B0EEC88AB4EEE78AF1EE10FA054608D800
:1009E00078EEC98AF0EEE88AF4EEE78AF1EE10FAC2
:1009F00004D90FB0BDEC068BBDE8F08F04F5AF6AEB
:100A0000D8ED007ADAED000AD7ED006A96ED007AAB
:100A100004F26C5B9BED006A67EEA00A04F5AC6320
:100A2000E6EE260A009304F27C5793ED006AE6EEA8
:100A3000070A04F5B06304F5AE6893ED006A01930C
:100A4000F0EE60AAD7ED000A67EEA00A67EE867A9C
:100A500098ED006A04F27453E6EE860A04F26459D3
:100A600004F5AD6693ED006A0293E6EE867A2822DD
:100A70000021D9ED006AE7EE260A04A8D6ED006A47
:100A8000E7EE267AB0EE60AAF0EE679A08F02AFA4E
:100A9000022004F009FA01300928009B00F2AD8021
:100AA00000930EAB03EB800000ED0A9A032004F0E4
:100AB000FBF9009B09281A6800F29F8004AB03EB46
:100AC0008003DBF800C01A604FEA800300F09580D5
:100AD00005A919440828DAF80020C1F800C000F080
:100AE0008C80D4EDA56A9FED4D0AB7EE006AC6EE84
:100AF000261A06A90B4404F5E4741A6004A92046DA
:100B0000B4EEE88AF1EE10FA58BFF0EE488AF2EE41
:100B1000027A28EEA77A95ED1D1ACDED031AA8EEFC
:100B2000871AF1EE6A0A21EE271A8DED001AFFF7F7
:100B3000D3FE2822002104A808F0D4F9022004F0F2
:100B4000B3F9092859D80EAB03EB8000344B40F8B9
:100B5000283C032004F0A8F90928D9F800204CD833
:100B600004AB03EB8003D8F800501A604FEA80030F
:100B700043D005A9194408283A680D603DD006A95C
:100B80000B44DDED031A1A609DED001A9FED230A58
:100B9000F1EE4A0A04A92046FFF79EFE2822002112
:100BA00004A808F09FF9032004F07EF909283268B0
:100BB00023D8029B196804AB03EB80031A604FEA49
:100BC00080031AD005AA1A4408281160019A1268F5
:100BD00013D006A90B44DDED031A9DED001A9FED1D
:100BE0000E0A1A6004A9F1EE690A2046FFF774FEA6
:100BF0000FB0BDEC068BBDE8F08F0A4B0A4A0B48DC
:100C00004FF4B77107F0E2FFB0EE670A06F032FD6D
:100C1000B0EE408AC6E600BFCDCC1C41000000000B
:100C2000CDCC1CC180C10208B8C10208B0C2020804
:100C30002DE9F043D0F8F8332DED048B0026022B7C
:100C40008BB080F8046280F8446280F88462C0F857
:100C5000886240F38980D0F8F453033595FBF3F2B2
:100C600003FB125505EB450500EBC505D0F8202523
:100C7000D5F80074D5F80484D0F82435984508BF19
:100C80009742044600F5A46907D0D0F89004D4F840
:100C90009414B84271EB080308D294F88435002B01
:100CA0005AD00BB0BDEC048BBDE8F083C01B61EBE8
:100CB0000801E7F7FBFEDFED337A07EE100A67EE77
:100CC000277A94EDAC7AF4EEC77AF1EE10FAE4D814
:100CD00005F5826595ED008AB0EE480A05F0ACFC9A
:100CE000F0EE408AB0EE480A05F0E0FCF4EE408AEF
:100CF000F1EE10FAB0EE408ACFD62822314668468F
:100D000008F0F0F8304604F0CFF8092832D80AABE2
:100D100003EB8000B7EE009A00ED0A9AD4F8900237
:100D200004F03CFA28EE088AD4EDA81A04F58A6388
:100D3000B0EE021AA8EE001A694604F5E470C9EE96
:100D4000211AD3ED000AB0EE680AFFF7C5FDC4F81A
:100D50002075C9F80480A0E720460BB0BDEC048BD9
:100D6000BDE8F043FFF7FEBD074B084A08484C2199
:100D700007F02CFF074B084A08484FF4B77107F0FB
:100D800025FF00BFBD3786356CC00208F4C20208DB
:100D900010C1020880C10208B8C10208B0C202082E
:100DA0002DE9F04FA9B00DF1270525F00F050446F8
:100DB0008022002105F1100B284608F093F85846D0
:100DC00004F084FE04F5946EDFEDD57A2B68CEF83E
:100DD00000306B68C5ED087AC5ED097AC5ED0A7A71
:100DE000CEF8043005F12C0205F1200305F148018D
:100DF00005F1540001930292039104909BE80F00C7
:100E0000C5ED0B7AC5ED0C7AC5ED0D7AC5ED127AFC
:100E1000C5ED137AC5ED147AC5ED157AC5ED167AD0
:100E2000C5ED177AC5ED187AC5ED197AC5ED1A7AB0
:100E300004F5966C60358CE80F000595019B93E8EE
:100E4000070004F5986787E80700029A636807CAF5
:100E500004F2CC4686E80700039907C904F59C68AC
:100E600004F59D6AC8ED007AC8ED017A8AE80700AA
:100E7000049807C804F2F44989E80700059A07CAEC
:100E80009FEDA56B04F5A06585E807004FF0000213
:100E900033F002008EED1C6B84F81C25C4F8183565
:100EA00040F0378104F58A631A685B68CEF8043035
:100EB00004F58C63CEF800201B68CCF8003004F2F7
:100EC00064431A6804F2B4431A6004F58D631A6827
:100ED00004F597631A6004F26C431A6804F2BC4389
:100EE0001A6004F58E631B683B6004F274431A6851
:100EF00004F2C4431A6004F58F631A6804F5996319
:100F00001A6004F27C431B68336004F590631A682E
:100F100004F59A631A6004F59263D3E9006704F25A
:100F2000844304F2D442196894F88935116004F5B9
:100F3000A262C2E9006784F81C3503F0B5FF0928F6
:100F400000F2F28000EB800300EB430004F1100795
:100F500007EB800090ED000AB5EE400AF1EE10FAC2
:100F600000F12281F1EEC07A0120C8ED007A03F091
:100F70009BFF092800F2D88000EB800300EB4300C0
:100F800007EB800090ED000AB5EE400AF1EE10FA92
:100F900000F10581F1EEC07A0220C8ED017A03F07C
:100FA00083FF092800F2C08000EB800600EB4606B4
:100FB00007EB860696ED000AB5EE400AF1EE10FA50
:100FC00000F1E680F1EEC07A0928CAED007A00F05F
:100FD000AB8096ED0B0AB5EE400AF1EE10FA00F187
:100FE000D280F1EEC07A04F2EC434E4A0320C3ED06
:100FF000007A04F59E631A6003F056FF064604204B
:1010000003F052FF092E00F28F8006EB860306EBF9
:10101000430307EB830393ED000AB5EE400AF1EEBC
:1010200010FA58BFF1EEC07A00F1A6800928C9ED88
:10103000007A79D800EB800300EB430307EB8303CE
:1010400093ED000AB5EE400AF1EE10FA58BFF1EE4A
:10105000C07A00F18A80092E06F10103C5ED007AFD
:1010600062D003EB830203EB420307EB830393EDB0
:10107000000AB5EE400AF1EE10FA58BFF1EEC07A60
:101080006CD404F59F630928C3ED007A00F10103D5
:101090004AD003EB830203EB420307EB830393ED98
:1010A000000AB5EE400AF1EE10FA58BFF1EEC07A30
:1010B0004DD4023604F20453092EC3ED007A33DC1A
:1010C00006EB860306EB430607EB860696ED000A61
:1010D000B5EE400AF1EE10FA32D4F1EEC07A0230E9
:1010E00004F2FC430928C3ED007A1DDC00EB800309
:1010F00000EB430007EB800090ED000AB5EE400ADC
:10110000F1EE10FA17D4F1EEC07A04F5A164C4ED43
:10111000007A29B0BDE8F08F000000000000000058
:1011200000000000880A863F224B234A23484FF4E0
:10113000B77107F04BFD06F09DFAF0EE407AE4E758
:10114000019006F097FA0198F0EE407AC7E7019017
:1011500006F090FA0198F0EE407AAAE7019006F0C6
:1011600089FA0198F0EE407A8BE7019006F082FA56
:101170000198F0EE407A6EE7019006F07BFA019854
:10118000F0EE407A52E706F075FAF0EE407A2AE780
:10119000019006F06FFA0198F0EE407A14E706F03D
:1011A00069FAF0EE407AF7E606F064FAF0EE407A7B
:1011B000DAE600BF80C1020870C30208B0C20208AC
:1011C000F8B500F2645200F5AC632DED0C8BD3ED55
:1011D00000BA92ED00BA00F5AD6300F26C5293EDE7
:1011E00000CAD2ED00AA00F5AE6300F2745293ED8E
:1011F00000AAD2ED00CA00F5AF6300F27C52D3ED35
:10120000009A92ED009AD0F8882300F2445700F536
:10121000B063D7ED007A93ED008A022A67EEABBA8D
:1012200027EE8BBA27EE8CCA67EEAAAA27EE8AAA07
:1012300067EEACCA67EEA99A27EE899A27EE888AEC
:1012400040F36A81D0F8843303330C4693FBF2F108
:1012500002FB113300EB4313D3EDE87AD3EDE76AD9
:1012600029EEA77A69EE277AAAEEA67A4FF4C87219
:101270000021EAEE267A05462046D3EDE66AEBEE3B
:10128000267AABEEA67AF0EE678AB0EE47DA07F080
:1012900029FE002003F008FE0646012003F004FEAC
:1012A000D7ED007A092EF1EE677A00F2288109283D
:1012B00000F2258100EB800306EB430304EB83037C
:1012C000C3ED007A95F88935002B40F0F0800120BD
:1012D00003F0EAFD0646002003F0E6FDD7ED007AB4
:1012E0009FED907A092E67EE877A00F2088109282F
:1012F00000F2058100EB800006EB400004EB80006B
:10130000C0ED007A022003F0CFFD092800F2F7803B
:1013100000EB800306EB430304EB8302B1EE4D7A4E
:10132000C2ED008A00F0EB8082ED0A7A032003F020
:10133000BBFD092800F2E38000EB800306EB4303CA
:1013400004EB830282ED00CA00F0D9800828C2EDC8
:101350000ACA00F0D48095F8893582ED148A002BF2
:1013600040F0B980022003F09FFD0646042003F000
:101370009BFD00EB800306EB4303082E04EB830385
:1013800000F2C480072800F2C180C3ED00BA83EDEB
:1013900001BAC3ED0AAA83ED0BAAC3ED149A83ED3B
:1013A000159A032003F080FD0646042003F07CFD1F
:1013B0000346D5F88C021D4603F0D6FED0ED176A21
:1013C000F8EE007A87EEA67A092ED7ED006A27EEAE
:1013D000267A00F2948006EB860306EB430304EBC7
:1013E000830383ED007A90ED1A6AD7ED006A87EEE9
:1013F000867A092D27EE267A00F2818005EB850397
:1014000005EB430304EB830383ED007A90ED186A48
:10141000D7ED006A87EE867A092E06F1010327EEE2
:10142000267A6CD003EB830203EB420304EB8303C5
:1014300083ED007A90ED1B6AD7ED006A87EE867A1D
:10144000092D05F1010327EE267A58D003EB83021C
:1014500003EB420304EB830383ED007A90ED196AFA
:10146000D7ED006A87EE867A0236092E27EE267AB5
:1014700045DC06EB860306EB430604EB860686EDA9
:10148000007A90ED1C6AD7ED006A87EE867A023505
:10149000092D67EE267A32DCBDEC0C8B05EB85035B
:1014A00005EB430504EB8504C4ED007AF8BD04EBBD
:1014B000860300221A609A621A659A67C3F8A02010
:1014C000C3F8C820C3F8F020C3F81821C3F840219E
:1014D000C3F86821FBE604EB860600233360B362A1
:1014E0003365B367C6F8A030C6F8C830C6F8F03028
:1014F000C6F81831C6F84031C6F8683132E70A4BF1
:101500000A4A0B484FF4B77107F060FB094B0A4ACF
:101510000A48842107F05AFB094B0A4A0A484C2121
:1015200007F054FB3161513680C1020870C30208D4
:10153000B0C2020868C40208F8C40208ECC5020878
:101540006CC00208A0C0020810C102082DE9F043D7
:101550002DED048B04468BB0D0F88C020F4603F0BF
:1015600003FE0646D4F88C0203F0FEFD4FF4C87269
:1015700000218046384607F0B5FC012003F094FCBA
:101580002C23092803FB007300F2988104F5AD6257
:1015900092ED007AD6ED0B6AD3ED007A27EE077A4A
:1015A00004F2445927EE267AD9ED006AE7EE267A4E
:1015B00004F27452C3ED007A92ED007A96ED0C6A53
:1015C000D9ED006A27EE077A04F5B06227EE067AB5
:1015D000E7EE267AC3ED007A92ED007A96ED0D6A79
:1015E000D9ED006A94F8892527EE077A27EE067A66
:1015F000E7EE267AC3ED007A002A40F01C81D6ED92
:101600000E8A96ED0F9A96ED108ACDED018A002391
:101610000220CDE90233CDE90633049308938DED22
:10162000059A8DED098A03F03FFC04F5AC62D2ED1A
:10163000003AD9ED004A04F2645292ED004A04F2F5
:101640006C52D2ED002A04F5AE6292ED003A00EB46
:10165000800304F5AF6292ED007A00EB430304F2DD
:101660007C520828D2ED006A07EB830300F22D813B
:101670009FED996A67EE087A26EE888A27EE065A69
:1016800066EE865AE2EE867A0320A3EE068AF0EE34
:10169000451AB0EE652AE2EE891AA3EE092AA4EEF5
:1016A000068AE3EE867AE3EE861AA4EE062AA2EE16
:1016B000865AE3EE065A27EE276A66EEA77A27EEE9
:1016C000087A66EE886AA3EEA85AE4EE285AA2EEDB
:1016D000A16AE3EE217AA2EE827AE3EE026AA3EE39
:1016E000856AE4EE057AA3EEA57AE4EE256A64EE57
:1016F000A77A24EE866A24EE877A64EEA66AC3EDA2
:101700000A7A83ED006A83ED017AC3ED0B6A03F078
:10171000CBFB0546042003F0C7FBD8ED057A092D65
:1017200067EEA77A00F2CA8005EB850305EB430359
:10173000103404EB830292ED007AB4EEE77AF1EE16
:1017400010FA4FEA830379D9D8ED087A092867EEB1
:10175000A77A00F2B38000EB800300EB430304EBB5
:10176000830292ED007AB4EEE77AF1EE10FA4FEAD6
:10177000830377D9D8ED067A092D67EEA77A05F1AC
:10178000010300F09B8003EB830203EB420304EBB5
:10179000830292ED007AF4EEC77AF1EE10FA4FEA86
:1017A000830355DAD8ED097A092867EEA77A00F1A4
:1017B000010300F0838003EB830203EB420304EB9D
:1017C000830292ED007AF4EEC77AF1EE10FA4FEA56
:1017D000830351DAD8ED077A0235092D67EEA77A2F
:1017E0006CDC05EB850305EB430504EB850393ED0A
:1017F000007AB4EEE77AF1EE10FA4FEA850545D9A2
:10180000D8ED0A7A0230092867EEA77A56DC00EB99
:10181000800300EB430004EB800494ED007AB4EE07
:10182000E77AF1EE10FA4FEA800039D90BB0BDEC3F
:10183000048BBDE8F08300221A60E0E6D9ED007A5F
:1018400096ED117A67EE877A3B44C3ED007A7BE729
:10185000D9ED007A96ED127A67EE877A3B44C3EDB4
:10186000007A9FE7D9ED007A96ED147A67EE877AD1
:101870003B44C3ED007A7DE7D6ED157A99ED007A09
:1018800067EE877A3B44C3ED007AA3E7D6ED137A7F
:1018900099ED007A67EE877A3D44C5ED007AAFE7AF
:1018A000D6ED167A99ED007A67EE877A3844C0ED66
:1018B000007A0BB0BDEC048BBDE8F083074B084AFF
:1018C00008484FF4B77107F081F9074B074A0848F9
:1018D000842107F07BF900BF0000000080C10208EE
:1018E00070C30208B0C2020868C4020828C6020811
:1018F000ECC502082DE9F84F012306462DED028BB9
:101900004FF0000843604FF00009E54BC0E9028941
:1019100046F8103B16F00F0640F0D6810025E14B4B
:1019200080F8046280F84462C0F8CC51C0F8D0510D
:10193000C0F8D451C0F8D851C0F8DC51C0F8E0511B
:10194000C0F8E451C0F8E851C0F8EC51C0F8F051CB
:10195000C0F8F451C0F8F851C0F8FC51C0F800527A
:10196000C0F80852C0F80C52C0F81052C0F8145217
:10197000C0F81852C0F81C52C0F82052C0F82452C7
:10198000C0F82852C0F82C52C0F83052C0F8345277
:10199000C0F83852C0F83C52C0F84052C0F8C851A4
:1019A000C0F84852C0E9A3120360BF4ABF4BC04908
:1019B000C0F84C52C0E9A52303F17F43C0F89C3224
:1019C00003F17E4303F5570303F63D23C0F8A0322D
:1019D000B84BC0F85052C0E9AA1303F1CF7303F516
:1019E000DF3377330446C0F8B0324FF0030A4FF0CC
:1019F0007C534FF0FF3BC0F8A432C0F85452C0F8FB
:101A0000585280F88462C0F85C52C0F86052C0F846
:101A10006452C0F86852C0F86C52C0F87052C0F8F6
:101A20007452C0F87852C0F87C52C0F88052C0F8A6
:101A30008862C0F8C06220223146C4E9AEAB00F52E
:101A4000327007F04FFA20223146C4F8D052C4F861
:101A5000D452C4F8D852C4F8DC52C4F8E052C4F8E6
:101A6000E45204F53A7007F03DFA20223146C4F8FA
:101A7000F052C4F8F452C4F8F852C4F8FC52C4F856
:101A80000053C4F8045304F5427007F02BFA4822BF
:101A90003146C4E9CAABC4F81053C4F81453C4F8AF
:101AA0001853C4F81C53C4F82053C4F82453C4F882
:101AB000306304F54E7007F015FA20223146C4E970
:101AC000E0ABC4F8886304F5647007F00BFA2022D9
:101AD0003146C4F89853C4F89C53C4F8A053C4F8D2
:101AE000A453C4F8A853C4F8AC5304F56C7007F0C1
:101AF000F9F920223146C4F8B853C4F8BC53C4F8ED
:101B0000C053C4F8C453C4F8C853C4F8CC5304F544
:101B1000747007F0E7F931464822C4E9FCABC4F819
:101B2000D853C4F8DC53C4F8E053C4F8E453C4F801
:101B3000E853C4F8EC53C4F8F86304F5806007F088
:101B4000D1F904F58A6304F58C601D605D6003F0D3
:101B5000BDFF04F58E6304F594671D6004F27443C1
:101B600004F596601D6004F58F63B0EE008A1D6079
:101B700004F27C431D6004F590631D6004F284430D
:101B80001D6004F59263C3E900893D607D6003F048
:101B90009DFF04F5986204F59C63156004F2C4424D
:101BA00004F5A560156004F59962156004F2CC4255
:101BB000156004F59A62156004F2D44215601D6048
:101BC0005D6004F59D631D6004F2EC431D6004F547
:101BD0009E631D6004F2F4431D6004F59F631D6065
:101BE00004F2FC431D6004F5A0631D6004F204537D
:101BF0001D6004F5A1631D60D4EDA50A94EDA90A4A
:101C000004F5A463C7E91C89C8EE200AC4F8186566
:101C100084F81C65C3E9008903F01AFF04F234500C
:101C2000D4EDA50A94EDA90AC8EE200A03F010FF2E
:101C300004F5A8624FF07E53156004F24452BDECE7
:101C4000028B156004F5A96284F88465156004F2BE
:101C50004C522046156004F5AA62156004F25452F5
:101C6000156004F5AB62156004F25C52156004F572
:101C7000AC62136004F26452156004F5AD62156045
:101C800004F26C52156004F5AE62136004F27452F3
:101C9000156004F5AF62156004F27C520CE000BFE1
:101CA00010D002084CD002080AD7233CCDCC4C3FC0
:101CB00000401C4623DBF93C156004F5B06213605C
:101CC000A4F88865BDE8F88F024B034A03486D21EC
:101CD00006F07CFF1CC702080CC802089CC802085A
:101CE0000B7B23B1D0F890228B689A4200D07047CA
:101CF00010B4D0F83023D0F82843A2421CDAD0F830
:101D00002C43D1F80CC0013404EB440300EBC303B3
:101D10000132C0E9CB420A684C688868C3F84003C6
:101D2000C3F844C3C3F83823C3F83C430A69C3F873
:101D300048235DF8044B7047D0F82C33D1F80CC021
:101D4000013393FBF4F204FB123303EB430200EB89
:101D5000C2020C68C0F82C3348688B68C2F8403364
:101D6000C2F844C3C2F83843C2F83C030C69C2F855
:101D70004843DEE72DE9F04F01F5946785B03A68F6
:101D800002607A6842608E4600F12C02844600921E
:101D900000F110040EF59C6201F5986B00F1200A29
:101DA00001F2CC4900F1480801F596630EF2F440C7
:101DB00001F59D61D2ED017A92ED007A01910390D7
:101DC0000FCB84E80F009BE807008AE8070099E83A
:101DD0000700009B0CF1540583E8070002958CED89
:101DE000107A0199CCED117A07C988E807000398A9
:101DF000DEF818459EF81C3507C8D7E91C89029FF4
:101E000087E807000EF5A06696E807000CF160056C
:101E100085E807006046CCE91C89CCF878408CF84E
:101E20007C3005B0BDE8F08F10B5044690EDB27B74
:101E3000D4F8D032D4F8C022D0E9BA01C4F898332B
:101E4000D4F8D432C4F89C33D4F8DC32C4F8A433C8
:101E5000D4F8F032C4F8B833D4F8F832C4F8882390
:101E6000C4E9EC01D4F8E422D4F8D802D4F8E012A2
:101E7000C4F8C033D4F80433C4F8A003C4F8A813DA
:101E8000D4F8F402D4F8FC12C4F8AC23C4F8CC3370
:101E9000D4F80023D4F8BC32C4F8BC0384EDE47B4E
:101EA000C4F8C413C4F8C823C4F88433D4F8103376
:101EB000D4F83823C4F8D833D4F82033D4F818131E
:101EC000C4F8002494EDC27BD4F81C23C4F8E83392
:101ED000D4F83C33D4F81403C4F8E013C4F8E42372
:101EE000D4F83013D4F82C23C4F80434D4F8403395
:101EF000C4F8DC03C4F8F813D4F82403D4F844136A
:101F0000C4F8F423C4F80834D4F84823D4F8503380
:101F1000D4F854C3C4F8EC0384EDF47BD4F85C0328
:101F2000C4F80C14C4F81024D4F85813C4F81834A6
:101F3000D4F86823C4F83024D4F87823C4F84024B3
:101F4000D4F86C23D4F86033C4F82014C4F83424D3
:101F5000D4F87013D4F87423C4F82404C4F81CC44F
:101F6000C4F82834C4F83814C4F83C2404F5A56037
:101F700003F080FD04F5A86484ED000A10BD00BFE5
:101F800038B590F88815044600F2445000230360E9
:101F900004F5A9604FF07E52036004F24C50002516
:101FA000036004F5AA60036004F25450036004F572
:101FB000AB60036004F25C50036004F5AC60026047
:101FC00004F26450036004F5AD60036004F26C50E9
:101FD000036004F5AE60026004F27450036004F51F
:101FE000AF60036004F27C50036004F5B0631A60D4
:101FF00084F8845501B938BD4FF0FF33C4E9AF35DB
:10200000C4E9CB3504F5A56003F04CFD84F8885590
:1020100038BD00BF2DE9F04F2DED068B91B0044681
:10202000002500F11009209E0560456048461F46C6
:102030008B46924603F04AFD25626562A562E56221
:1020400025636563D6ED017A06F11005F1EE677A36
:10205000C4ED007A284603F025FE2846B0EE409AEB
:1020600003F02CFE2846B0EE408A03F015FE284609
:10207000F0EE408A03F01CFE284660EE688A03F00A
:1020800017FE2846F0EE409A03F018FE2846E9EEC7
:10209000088A0DF1270828F00F08B0EE409A03F0E7
:1020A000FBFD2846B0EE408A03F0FCFD284628EEF2
:1020B000008A03F0F7FD2846B0EE40AA03F0F2FDD7
:1020C0002846A9EE898AF0EE409A03F0F1FD2846F1
:1020D000B0EE409A03F0ECFD29EE009A9BED017AF8
:1020E000DBED006ADBED025AAAEE299A08F1100234
:1020F00003A978EE087A78EEA88A67EE877AB0EEC0
:10210000006AB7EE007AA9EE467A10460192E6EE32
:10211000A87ADFED356AE5EE877AB6EE006A77EEEB
:10212000A67AC4ED017ADAED006A9AED017ADAED69
:10213000027A66EE866A27EE067A67EE867ACDED3B
:10214000036A8DED047ACDED057A03F0CDFC019A9A
:102150002946404603F00AFD98E80F0089E80F0081
:1021600097ED006AD6ED086AFFEE007A87EE867A70
:10217000204627EE267A84ED087A97ED036AD6ED9D
:102180000B6A87EE867A27EE267A84ED0B7A97ED36
:10219000016AD6ED096A87EE867A27EE267A84ED03
:1021A000097A97ED046AD6ED0C6A87EE867A27EEF7
:1021B000267A84ED0C7A97ED026AD6ED0A6A87EEEC
:1021C000867A27EE267A84ED0A7A97ED056AD6EDAF
:1021D0000D6A87EE867A67EE267AC4ED0D7A11B025
:1021E000BDEC068BBDE8F08FCDCC1C412DE9F04F46
:1021F00098462DED068BB1EE087A80EE079AD9B09D
:102200001033D1F808A000F1200E00F12C0B074686
:102210000D4608F1200908F12C0CBAF1000F07EE69
:10222000102AD8F800200260D8F80420426000F19B
:102230001002164604920FCB86E80F0099E80700BB
:102240008EE807009CE80700F0EE087AF6EE008AB8
:10225000C0EE279A8BE8070060EE288A40F3FE80E4
:10226000CDF80080696801310DF1270491FBFAF384
:102270000AFB131124F00F04490104F5807901F1E0
:102280002402183117EE103A2A4429444846B0EE89
:1022900047AAB0EE408AFFF7BDFE4946B0EE490AB4
:1022A000204602F00DFF2146384602F03FFEAB68A3
:1022B000012B40F3D3806E68023696FBF3F203FBEA
:1022C0001266760104F1400BB0EE680A06F1180AB6
:1022D0004946584602F0F4FEAA4442465946204672
:1022E000243602F06DFE2E44514604F1C00A1AEE67
:1022F000103A324650460094FFF78CFE5146B0EE3D
:10230000690A204602F0DCFE2146384602F00EFE45
:10231000AB68012B40F3A2806E68023696FBF3F2A5
:1023200003FB1266760104F180020AEE902A06F1A0
:102330001803B0EE680A2B4410465146029302F08F
:10234000BFFE1AEE901A4246584602F039FE243675
:10235000029BCDF800B02E443246194620461AEEB4
:10236000103AFFF757FE2368C4F8003104F1100259
:102370006368C4F8043104F1200004F12C010290D8
:10238000039105920FCA04F5887686E80F0002983B
:10239000039E07C804F5907E8EE8070096E80700C4
:1023A00004F5967C8CE80700B0EE690A49462046A1
:1023B00002F086FE2146384602F0B8FDAA68022ADD
:1023C0004CDD6B68033393FBF2F002FB10335B01CF
:1023D000B0EE480A1AEE900A494603F11806243373
:1023E0002E441D4402F06CFE1AEE901A42465846E6
:1023F00002F0E6FD1AEE103A2A4631462046CDF8A4
:1024000000B0FFF707FE2368059AC4F8C030636880
:10241000C4F8C4300FCA04F1D00585E80F00029853
:1024200007C804F1E00C8CE80700039907C904F120
:10243000EC0686E80700B0EE490A5146204602F055
:102440003FFE2146384602F071FD049803F03AFC45
:10245000384659B0BDEC068BBDE8F08F024B034AFD
:1024600003486D2106F0B2FB6CC00208DCC802080C
:1024700010C10208F0B52DED028B99B00DF11705D2
:1024800025F00F050026044605F1100738462E609A
:102490006E6003F01BFBD4F888232E62022A6E6262
:1024A000AE62EE622E636E6340F3B980D4F884337B
:1024B000033304F5607693FBF2F102FB113306EB74
:1024C000431393ED080A93ED077AD3ED067A20EED5
:1024D000000AA7EE070AA7EEA70AB5EE400AF1EE3A
:1024E00010FA00F19780F1EEC07ADFED536A94EDB7
:1024F000A67A77EEE67AF0EEE77AB4EEE77AF1EED6
:1025000010FA00F1828004F5A863D3ED007A77EE2B
:10251000E67AF0EEE77AB4EEE77AF1EE10FA74D4E8
:10252000D4F888339FED458A022B8DED008A8DED1E
:10253000018A74DDD4F88403033090FBF3F203FBCB
:10254000120006EB401001AA6946183005F140065A
:1025500004F0FAF83046DDED010A9DED000AB0EE18
:10256000481A04F025F996E80F00D4F8F8C3BCF136
:10257000020F87E80F0058DDD4F8F433033393FBE0
:10258000FCF20CFB123303EB430304EBC30303F530
:10259000826393ED000A04F04FF8B4EE400AF1EEC6
:1025A00010FA32D604F58A6383ED000A83ED018ABE
:1025B00004F58C632E691E6004F264436A691A6034
:1025C00004F58D63A869186004F26C42E969116032
:1025D00004F58E6304F2744083ED008A04F58F6184
:1025E00080ED008A04F27C4204F59063012004F23D
:1025F000844481ED008A82ED008A83ED008A84EDB7
:10260000008A19B0BDEC028BF0BD002019B0BDEC02
:10261000028BF0BD05F02EF8F0EE407A65E7084B2E
:10262000084A09484C2106F0D1FA054B074A0648EA
:102630004C2106F0CBFA00BFCDCC1C4100000000BD
:102640006CC00208A0C0020810C10208F4C202084F
:1026500070B504468AB0D0F88C0202F085FD0646BB
:10266000002002F021FCD6ED007A092867EEA77A57
:1026700000F2A1800AAB03EB800343ED0A7A01204C
:1026800002F012FCD6ED017A092867EEA77A00F273
:1026900092800AAB03EB800343ED0A7A022002F03A
:1026A00003FCD6ED027A092827EEA77A00F2838090
:1026B000D6ED037A0AAB03EB800367EEA77A4FEA05
:1026C000800003ED0A7A76D000F128036B4443EDD5
:1026D000097A032002F0E8FB0546042002F0E4FB3F
:1026E000D6ED057A092D27EEA77A034663D8D6EDF5
:1026F000087A0AAA02EB8502092802ED0A7A27EE77
:10270000A77A58D8D6ED067A0AAA02EB8002092DDC
:1027100002ED0A7A27EEA77A05F101024BD0D6ED39
:10272000097A0AA901EB8202092802ED0A7A27EE4A
:10273000A77A00F101023ED0D6ED077A023501EB0F
:102740008202092D02ED0A7A27EEA77A33DCD6ED54
:102750000A7A023301EB8505092B67EEA77A05EDAE
:102760000A7A28DC01EB830343ED0A7A4FF4C8723E
:10277000002104F1100006F0B5FB009A019B0298BD
:1027800003992261E363049A059BA066C4F8941040
:1027900006980799C4F8C020C4F8EC30089A099B41
:1027A000C4F818010120C4F84411C4F87021C4F819
:1027B0009C310AB070BD034B034A044840F2AB1190
:1027C00006F004FA58C9020878C90208B0C2020823
:1027D000D0F88023D0F888339A4200D07047D0F8E0
:1027E000F823D0F8F0339A4210B5044600D010BD5B
:1027F000FFF740FE0028FAD02046FFF729FF002807
:10280000F5D0D4F88823022A11DDD4F884330333B9
:1028100093FBF2F102FB113304EB4313D3E9E40120
:1028200004F592620223C2E90001636010BD034B0C
:10283000034A04484C2106F0C9F900BF6CC00208E5
:10284000A0C0020810C102082DE9F041D0F8F83309
:102850002DED048B022B8AB07CDDD0F8F4430334D9
:1028600094FBF3F203FB124404EB440400EBC404B6
:10287000D0F82025D4F80064D4F80474D0F82435B6
:102880009F4208BF964200F5A468054619D0D0F8CB
:102890009004D5F89414B04271EB070311D3801B58
:1028A00061EB0701E6F702F9DFED317A07EE100A76
:1028B00067EE277A95EDAC7AB4EEE77AF1EE10FA8E
:1028C00004DA0AB0BDEC048BBDE8F08104F5826443
:1028D00094ED008AB0EE480A03F0AEFEF0EE408AB6
:1028E000B0EE480A03F0E2FEF4EE408AF1EE10FA90
:1028F000B0EE408AE5D628220021684606F0F2FABA
:10290000002002F0D1FA09282AD80AAB03EB800094
:10291000B7EE009A00ED0A9AD5F8900202F03EFC5C
:1029200028EE088AD5EDA81A05F58A63B0EE021ADA
:10293000A8EE001A694605F5E470C9EE211AD3ED38
:10294000000AB0EE680AFDF7C7FFC5F82065C8F8B1
:102950000470B6E7074B084A08484C2106F036F9E0
:10296000074B084A08484FF4B77106F02FF900BF2B
:10297000BD3786356CC00208F4C2020810C10208D7
:1029800080C10208B8C10208B0C2020838B50546C5
:10299000002002F089FA0446012002F085FA092C91
:1029A0006BD804EB840105F1100C04EB41010CEB36
:1029B0008101D1ED007A95EDAA7A95F88935B4EECA
:1029C000E77A002B52D1F1EE10FA4ED8012385F8A8
:1029D0008935C4EB847301EB83026FF02305002378
:1029E000136053609360D360136153619361D3614B
:1029F0001362536205FB0422092800EB8004136074
:102A0000936213659367C2F8A030C2F8C830C2F869
:102A1000F030C2F81831C2F84031C2F868310CEB1E
:102A2000C4024FEAC4042FD805FB002004441360FD
:102A300053609360D360136153619361D3611362F8
:102A400053620360836203658367C0F8A030C0F8F7
:102A5000C830C0F8F030C0F81831C0F84031C0F8C4
:102A600068310C4A0C4B0A60236038BDF1EE10FA55
:102A7000AFDD002385F8893538BD084B084A094881
:102A80004FF4B77106F0A2F8074B084A08488421B2
:102A900006F09CF84054094B00C8AF4780C10208BB
:102AA00070C30208B0C2020868C4020860CA020803
:102AB000ECC5020810B50446FFF768FF022002F0DB
:102AC000F3F9092835D800EB800204F1100300EB7C
:102AD000420203EB8203D4EDAB7A93ED007AB4EEBD
:102AE000E77AF1EE10FA09DC092822D093ED0B7A8F
:102AF000F4EEC77AF1EE10FA00D410BD0121616046
:102B000004F5A86100234FF0FF320020C4E9E1235F
:102B1000C4E9FD23086004F5926200200021C2E9A7
:102B2000000104F2345084F88935BDE8104002F009
:102B3000B9BF034B034A04484FF4B77106F046F897
:102B400080C1020870C30208B0C2020810B4D0E904
:102B500000438268A2421BDA013301325C01C0E902
:102B6000013204F1100304441844D1E90023C4E9FC
:102B700004238B688360CB68C3600B6903614B6976
:102B800043618B698361CB695DF8044BC361704716
:102B9000013391ED007B93FBF4F204FB12335A01F5
:102BA000436002F11003024482ED047B1844E0E725
:102BB0000B7B4BB110B5D0F88C228B689A428AB04F
:102BC000044602D00AB010BD704791ED007B0A693F
:102BD0004B69C869D1F818C0049205930A6A4B6A18
:102BE000079002A904F52E708DED027BCDF818C078
:102BF00008920993FFF7AAFFDDED067ADDED056A7D
:102C00009DED047A67EEA77A04F5A560E6EEA67A54
:102C1000E7EE077AF5EE407AF1EE10FA05D4B1EE60
:102C2000E70A02F02BFF0AB010BDB0EE670A019070
:102C300004F020FD0198F4E72DE9F04F9FEDC87BEB
:102C4000D0F88833D0F89024D0F89454BBB0002149
:102C500000F2445900278B42C9F8007000F5926ACF
:102C6000CDE920118DED0C7B119119910E911091F0
:102C700012971397149715971697179718911A97F5
:102C80001B971C971D971E971F9722972397249792
:102C900025972697279780F8841540F3F582D0F87A
:102CA0008483044608F1010090FBF3FC03FB1C0045
:102CB00004EB4010D0E9E4C00DF1AF06854208BF37
:102CC000624526F00F0600F05A82012B00F0DC82EC
:102CD00008F1020191FBF3F003FB101104EB411C1E
:102CE0004FEA411BDCE9E41C654508BF8A4200F05D
:102CF0007B81022B00F0C88208F1030898FBF3F1F6
:102D000003FB118804EB4813D3E9E4134FEA481896
:102D10008A4208F1100804F5607775EB03030CADE7
:102D200007EB08012846C0F06382FFF70FFFD4F8D5
:102D30008813022940F3A882D4F88433033393FB29
:102D4000F1F201FB123307EB431110312846FFF774
:102D5000FDFED4F88813022940F39682D4F8843318
:102D6000033393FBF1F201FB123307EB431303F13F
:102D700010012846FFF7EAFEA768D4F89004DAF8B5
:102D80000410D4F80C80381A68EB0101E5F78EFEC8
:102D9000DFED767A07EE100A67EE277A0123C9ED98
:102DA000007AC4F89074CAF8048084F88435DDE9A8
:102DB0000D31002940F368825A1C92FBF1F001FBAF
:102DC000102204F27440D0ED002A04F58F6090EDDB
:102DD000003A04F5906005EB421290ED004A92ED46
:102DE000065AD2ED075A92ED086AD2ED096A92EDC1
:102DF0000A7AD2ED0B7A04F58E6804F27C4704F26D
:102E0000844098ED002AD7ED003AD0ED004A35EE27
:102E1000025A75EEA25A36EE036A76EEA36A37EED0
:102E2000047A77EEA47A012982ED065AC2ED075A98
:102E300082ED086AC2ED096A82ED0A7AC2ED0B7A68
:102E400000F022829A1C92FBF1F001FB102205EBAC
:102E5000421292ED065AD2ED075A92ED086AD2ED6F
:102E6000096A92ED0A7AD2ED0B7A35EE025A75EEC6
:102E7000A25A36EE036A76EEA36A37EE047A77EE4C
:102E8000A47A022982ED065AC2ED075A82ED086A39
:102E9000C2ED096A82ED0A7AC2ED0B7A00F0F48184
:102EA000033393FBF1F201FB123305EB431393ED74
:102EB000065AD3ED075A93ED086AD3ED096A93EDEC
:102EC0000A7AD3ED0B7AD4F88C0235EE022A75EE2D
:102ED000A22A36EE033A76EEA33A37EE044A77EEAC
:102EE000A44A83ED062AC3ED072A83ED083AC3ED11
:102EF000093A83ED0A4AC3ED0B4A02F035F999ED20
:102F0000000A04F58A6900F15C024B463046294606
:102F1000FFF76CF93268C9F8002006F110037268F7
:102F2000C9F804200FCB06F1200E04F58C6C94F840
:102F300089A58CE80F009EE807002C3688E807007A
:102F400096E8070087E80700BAF1000F10D004F2F6
:102F500054420023C9F80030136009E0AFF3008049
:102F600003000000FFFFFFFF0024F448BD37863553
:102F70000E9A022A40F388810D9B033393FBF2F0F3
:102F800002FB10335B0103F1180224332A441D4471
:102F9000D2F800E02E68976868686146D2F804C0ED
:102FA000AA6804F5A96504F25453C5F800E004F2D8
:102FB0004C55C5F800C004F5AA652F601E6004F5E5
:102FC000AB6302AD186004F25C5302A81A6003F010
:102FD00057FC0FCD04F5AC640FC40FCD0FC42B68A4
:102FE00023603BB0BDE8F08F022B00F04D8108F16B
:102FF000030898FBF3F203FB128804EB48130CADB3
:10300000D3F89003401AD3F8941361EB0C01E5F761
:103010004DFD5FED2A7A07EE100A67EE277A04F578
:1030200060780BF110012846C9ED007A4144FFF7A2
:103030008DFDD4F888030497002200230128CDE9F0
:1030400002230597069707970897099740F31C8175
:10305000D4F88433991C91FBF0F200FB12114A1C46
:103060005201171D0228474400F00E81083A4244DD
:10307000D9ED007A1FED447AD2ED005A92ED016A43
:10308000D2ED026A97ED004AD7ED014A97ED025A58
:10309000033393FBF0F200FB123367EE877A0133C0
:1030A0005B0104EB4111FCEEE77A1A1D083B424438
:1030B000434492ED001AD2ED011A92ED022AD3EDAB
:1030C000002A93ED013AD3ED023AD1F8902317EE9E
:1030D000903A34EE014A9B1874EEA14A35EE025A3A
:1030E00075EEA25A36EE036A76EEA36AB6EE007A61
:1030F0000293D1F8943324EE074A64EE874A25EE12
:10310000075A65EE875A26EE076A26EE877A43F15C
:10311000000302A9284603938DED074ACDED084A26
:103120008DED095ACDED045A8DED056A8DED067AC7
:10313000FFF70CFDD4F88833022B40F3A580D4F8B8
:103140008413033191FBF3F203FB121108EB4111DD
:1031500010312846FFF7FAFCD4F88823022A40F3FE
:103160009380D4F88433033393FBF2F102FB1133E1
:1031700004EB4313D3E9E423CAE9002317E6022B47
:1031800040F382800F4608F1030191FBF3F003FB4B
:10319000101104EB41110193D1F89003D1F894136D
:1031A000801A61EB0501E5F781FC5FED907A019BE8
:1031B00007EE100A67EE277A04F5607BC9ED007A06
:1031C0000CADB84408F1010898FBF3F103FB11883A
:1031D0000BEB4811013710312846FFF7B7FC032FDE
:1031E000BAD0D4F888339F424EDAD4F88483E8E723
:1031F000FFF7ACFCD4F88813022945DDD4F88433FA
:10320000033393FBF1F201FB123307EB431110314F
:103210002846FFF79BFCD4F88813022934DDD4F844
:103220008433033393FBF1F201FB123307EB4313B7
:1032300003F110012846FFF789FCD4F88823022AFD
:1032400022DDD4F88433033393FBF2F102FB113314
:1032500004EB4317D4F89034D7F89003D7F89413BD
:10326000C01ADAF8043061EB0301E5F71FFC5FEDEB
:10327000C17A07EE100A67EE277AC9ED007AD7E91E
:10328000E423CAE9002392E5024B034A03484C2198
:1032900005F09CFC6CC00208A0C0020810C1020826
:1032A00070B5D0E90645AC4206460AD023681846F8
:1032B000DBB121691434C91A03F07EFFA542F5D1B0
:1032C000B56925B1316A2846491B03F075FFF068DE
:1032D00018B17169091A03F06FFF306818B1B1684D
:1032E000091A03F069FF304670BD1434A542DDD1E0
:1032F000B569E6E72DE9F04F0128B1B008D056488E
:10330000FFF7CEFF5548FFF7CBFF31B0BDE8F08F98
:103310004FF000038DF8443014AB269310AB2A9382
:103320004FF480731293DFF848818DF8540012AB8C
:10333000289301AB04468DF84C000593B8E80F00C4
:103340000DF1840A5746CDF868A0AAE80F00C446DC
:1033500005255CF810390493CAF80030BCE80F006A
:103360003F4E14964FF0013E0DF17009CB46CDF85B
:1033700040E01B9527952995A9E80F0039490E9142
:1033800026A9CDE916150EA9CDE92C154FF000019F
:103390001698059A8DF834100CA9049BC9F80030D2
:1033A000CDE92E152946CDF830E02B958DF83C401F
:1033B00082E803005B46DDE91A120095274802F017
:1033C000F1F80EA9269114970CA9274B2891BE4617
:1033D000A8F110070C93BC460FCFAEE80F00BCE875
:1033E0000F000E960A965E460FC6049F15950AA911
:1033F000CDE912B58DF83C4027958DF834402995DC
:103400008DF82C40CAF80070C9F800702A9126A9DE
:10341000109108A92C91154906914FF000018DF8E3
:103420001C1011954FF0011010A9089003C9059ABE
:103430008DF824400DF11808CDF8B8802B952D9506
:103440002F9582E8030014AA06CA5B46009502483D
:1034500002F0A8F859E700BF04010120E0000120B4
:103460000100010101010100000101010101000150
:1034700040A102082DE9F04F5C689A4654F8043CDC
:1034800093B0092B04900D91089200F33281DAF881
:10349000106056F8043C092B00F3378110F00F0B35
:1034A00040F02D814FF4C872594605F01BFDDAF843
:1034B0000030E41ADAF80C30F31A0993A2109B10CA
:1034C000002C1092059323DD013A013B0E920F93DD
:1034D000CDF80CA0099B002B15DD4FEA8B030A9356
:1034E00004330C93089B03F5C8734FF0000A0B9349
:1034F00003985246594601F0F3FE68B1059B0AF164
:10350000010A5345F4DC109B0BF1010B5B45E1DC38
:10351000049813B0BDE8F08F0E98039A0A991368C7
:10352000D2685D5852F82A6058451CBF0C981B5849
:103530000F980CBFC5F10A035B1B4FEA8A01504587
:1035400017BF5218C6F10A005068801B002BD5DD4A
:103550002B44079306EB86040D9BCDF844A005EBA6
:10356000440403EB8404089B03EB860306930B9B44
:1035700003EB8607B31D009306F10803F11D0193C9
:10358000DDF800A006F1090306EE10BA721C06F180
:10359000020C06F1030E06F1040806F10509029378
:1035A0008B46049B009203EB8501069B002840F3A9
:1035B0008D80092D00F28480092E00F28180D3EDE8
:1035C000006A94ED007AD1ED007AE6EE877A012860
:1035D000C1ED007A7AD0009A092A71DCD3ED016A34
:1035E00094ED0A7AE6EE877A0228C1ED007A6DD072
:1035F000BCF1090F64DCD3ED026A94ED147AE6EEB7
:10360000877A0328C1ED007A60D0BEF1090F57DC3C
:10361000D4ED1E6A93ED037AE6EE877A0428C1EDB5
:10362000007A53D0B8F1090F4ADCD4ED286A93ED43
:10363000047AE6EE877A0528C1ED007A46D0B9F122
:10364000090F3DDCD4ED326A93ED057AE6EE877A18
:103650000628C1ED007A39D0BAF1090F30DCD4ED7B
:103660003C6A93ED067AE6EE877A0728C1ED007A88
:103670002CD0BBF1090F23DCD4ED466A93ED077A19
:10368000E6EE877A0828C1ED007A1FD0019A092A50
:1036900016DCD4ED506A93ED087AE6EE877A0928B5
:1036A000C1ED007A12D0029A092A09DCD4ED5A6AD7
:1036B00093ED097AE6EE877A0A28C1ED007A05D003
:1036C000154B164A1648762105F080FA2833BB427E
:1036D00001F128017FF46AAF079B009A01359D42F2
:1036E00004F104047FF45DAFDDF844A016EE10BAD7
:1036F00004E70C4B0C4A0D48302105F067FA0C4BDF
:103700000C4A0D486D2105F061FA0C4B064A07483A
:10371000312105F05BFA00BF80C1020858CD0208D4
:10372000B0C2020854CB020890CB0208A4CC020815
:103730001CC702080CC802089CC8020818CD020861
:103740002DE9F04F5C682DED028B9A4654F8043C4D
:1037500097B0092BCDE90F120C9000F34B81DAF8EA
:10376000106056F8043C092B00F3508110F00F0B49
:1037700040F046814FF4C872594605F0B3FBDAF8C1
:103780000030E41ADAF80C30F31A0D93A2109B10F3
:10379000002C14920A9326DD013A013B08EE10BA80
:1037A00012921393CDF820A00D9B002B13DD18EE81
:1037B000103A9B000E93043311934FF0000B18EE58
:1037C000101A08985A4601F08BFD90B10A9B0BF134
:1037D000010B5B45F3DC18EE103A149A01339A4260
:1037E00008EE103AE0DC0C9817B0BDEC028BBDE897
:1037F000F08F1298089B0E991A68DB68565853F898
:103800002B10069118EE104AA0421CBF11981058B8
:10381000139A0CBFC6F10A00801B5A454FEA8B0170
:1038200000F0E3800B44069A5B689B1A09930699A3
:103830000F9B0C9DCDF854B006F1010E01EB8102F7
:103840000EEB8E0403EBC40706EB420305EBC2024A
:10385000F51D039506F1080502920495109A06F1EC
:1038600009050595002502EB83030795099D0B9338
:10387000B31D3C46B21C283F06F1030806F10409BB
:1038800006F1050A05EB010C9B46099B002B40F352
:103890009C80069D029B0B990192002840F38C802E
:1038A000092E00F28380092DD7ED006A7ED891EDB4
:1038B000007AD3ED007AE6EE877A0128C3ED007A2C
:1038C0007AD0BEF1090F71DCD1ED016A94ED007A76
:1038D000E6EE877A0228C3ED007A6DD0019A092AB4
:1038E00064DCD4ED0A6A91ED027AE6EE877A032869
:1038F000C3ED007A60D0B8F1090F57DCD4ED146A3B
:1039000091ED037AE6EE877A0428C3ED007A53D06E
:10391000B9F1090F4ADCD4ED1E6A91ED047AE6EEA6
:10392000877A0528C3ED007A46D0BAF1090F3DDC4D
:10393000D4ED286A91ED057AE6EE877A0628C3ED84
:10394000007A39D0BBF1090F30DCD4ED326A91ED49
:10395000067AE6EE877A0728C3ED007A2CD0039A20
:10396000092A23DCD4ED3C6A91ED077AE6EE877AEA
:103970000828C3ED007A1FD0049A092A16DCD4ED7A
:10398000466A91ED087AE6EE877A0928C3ED007A57
:1039900012D0059A092A09DCD1ED096A94ED507A12
:1039A000E6EE877A0A28C3ED007A05D01A4B1B4A47
:1039B0001B48762105F00AF90135AC4501F12801D3
:1039C00003F128037FF469AF019A079B0299013341
:1039D00004310A2B0793029104F1040407F1040750
:1039E0007FF453AFDDF854B0F0E6069BC3F10A0351
:1039F00009931CE70B4B0C4A0C486D2105F0E6F8C7
:103A00000B4B0C4A0C486D2105F0E0F80B4B064AB5
:103A100006486E2105F0DAF880C1020858CD020888
:103A2000B0C2020870CE0208B0CE0208A4CC0208D0
:103A30001CC702080CC802089CC80208C8CF0208AC
:103A40002DE9F04F02684E49536AADF2546D0DF105
:103A500017068B42074626F00F0640F08280916AD7
:103A60004848494B814240F08480DFF820A1126A27
:103A7000019306F596652946384607F110099047E7
:103A800006F54878019B4A4629463046FFF7F2FC86
:103A90004FF4C8723146404605F0FCF944464B46A7
:103AA0004246D2ED007AB3EC017A77EE877AE2EC07
:103AB000017A9542F5D106F5C872AB46114606F576
:103AC0009B6C2B4653F8040B0860586A4860D86C0E
:103AD0008860586FC860D3F89C000861D3F8C400B0
:103AE0004861D3F8EC008861D3F81401C861D3F8B9
:103AF0003C0108629C45D3F86401486201F1280149
:103B0000E0D1534641463046FFF71AFE4FF4C872E3
:103B10003146284605F0BEF92A464346D3ED007AE1
:103B2000B2EC017A77EE877AE3EC017A9D42F5D127
:103B30003B683846DB6929469847D4ED007ABBECF0
:103B4000017A77EE877AE4EC017AAC42F5D14FF452
:103B5000C8724146484605F09DF90DF2546DBDE826
:103B6000F08F98473A680346916A064881423FF4CD
:103B70007CAF0193384688473A68019B824676E7D6
:103B8000450402084D040208E00001200401012060
:103B90002DE9F04F2DED028B93B00493536812681A
:103BA0000D929F00C21EB7F5FA4F0E9001910C9333
:103BB0000F9240F24B81431E1093002305931A4647
:103BC0000F9B934240F39680013B11469A1A1F9B2C
:103BD0000D98099201FB03F81E9B0A9703EB8808D6
:103BE0008B1C07FB03030393CB1C07FB030302930C
:103BF00022F003024B1D134406931F9B1B010793E6
:103C00000C9B4FEA0319019B01FB070B01FB077A91
:103C10009B00DC46DDF87CB00893824401F1010E84
:103C2000019B002B40F30381049B9FED877A089A48
:103C30001B68DDE90240D518F0EE476AB0EE476A2E
:103C4000F0EE475A0EF101070EF1020651466246A8
:103C5000F3EC017AF2EC013AB1EC014AF0EC014AE2
:103C6000B4EC015A9D42E3EEA75AA4EE276AE4EEB3
:103C7000A76AA5EE277AEBD1D8ED007A1E9B1E9A93
:103C8000E0EE257A07FB0BF706FB0BF603EB870745
:103C900003EB8606079BC8ED007A9844039B4B44D0
:103CA0000393029B4B4402930EFB0BF302EB830343
:103CB000D3ED007AE0EE067A0EF1040ECC44CA444D
:103CC000C3ED007AD7ED007A069BE0EE267A7345C5
:103CD000C7ED007AD6ED007AE0EE077AC6ED007AFD
:103CE0009ED1059A099B0A9F043223F003031344D3
:103CF00005931A46109B93425ADD03F1FF3A1F9B2E
:103D000002FB03F41E9B03EB84040D9BAAEB020A47
:103D100002FB07761E4402FB073702F1030E2AF06E
:103D200001039E441F9BCDF808A04FEAC3080C9BDB
:103D3000DDE91EAB4FEAC30C019B551C4FEA83091A
:103D4000019B002B6EDD049B9FED3F7A1B68F0EE1C
:103D5000476A314609EB03003A46F3EC017AF2EC8C
:103D6000015AB1EC016A9842E5EEA76AA6EE277AFD
:103D7000F3D1D4ED007AE0EE267A05FB0BF30AEBE3
:103D800083030235C4ED007AD3ED007AE0EE077AC2
:103D9000AE45674466444444C3ED007AD0D1059BE8
:103DA000DDF808A002332AF0010A534405931A46AD
:103DB0000E9B934231DD9E461F9B0C990198DDF8C6
:103DC0003490DDF810A0174602FB03F21E9B03EBB4
:103DD00082021F9B01FB07F59B0086008C468046F4
:103DE000B8F1000FDFED187A0CDDDAF8001009EBFE
:103DF00085007418B1EC017AF0EC016A8C42E6EEB1
:103E0000877AF7D192ED007AA0EE277A0137BE4586
:103E1000654482ED007A1A44E2D113B0BDEC028B06
:103E2000BDE8F08F9FED087AF0EE476AA1E79FEDBD
:103E3000067A0EF10107F0EE476AB0EE476AF0EE3F
:103E4000475A0EF1020617E700000000421E07283D
:103E500010927FF7B2AEA0F10803119323F007038D
:103E6000093305931F9B1F9ADDF878A003EB4303EA
:103E70009B000A931F9B5B0109930C9B0AEB0219A1
:103E80005A0108920D9A02EB03130293019B9B00C7
:103E90000B931F9B9B0007931F9BDB000693012343
:103EA00093460393019B002B40F39A80049B029C52
:103EB0001FED1B7A0B981B680BEB470104EB4702C5
:103EC00000EB0308F0EE476AB0EE476AF0EE475A9F
:103ED000B0EE475AF0EE474AB0EE474AF0EE473AA6
:103EE00007EB0B0E07EB010C3E19BD185846F3EC1F
:103EF000017AF0EC018ABEEC018AF1EC010ABCEC1B
:103F0000011AF4EC011AB6EC012AF2EC012AB5EC24
:103F1000013A9845E8EEA73AA8EE274AE0EEA74A0C
:103F2000A1EE275AE1EEA75AA2EE276AE2EEA76AAF
:103F3000A3EE277ADBD1DAED007A089B0299069886
:103F40000A9C039A099DE0EE237A1944029107998D
:103F5000CAED007A9B440AEB0103D3ED007AE0EE50
:103F6000047A08320392C3ED007A0AEB0003D3ED22
:103F7000007AE0EE247AC3ED007A0AEB0403D3ED75
:103F8000007AE0EE057AAA44C3ED007AD9ED007A12
:103F9000E0EE257A09EB0103C9ED007AD3ED007A52
:103FA000E0EE067AC3ED007A09EB0003D3ED007A68
:103FB000E0EE267AC3ED007A09EB0403D3ED007A34
:103FC000E0EE077AA944C3ED007A059B93427FF4A3
:103FD00069AF119B23F00703083305931A46EFE5F9
:103FE0001FED677AF0EE476AB0EE476AF0EE475A87
:103FF000B0EE475AF0EE474AB0EE474AF0EE473A85
:1040000099E700BFD0F88832002B40F3D2802DE929
:10401000F0430026A5B0804600240546B14609AF0E
:10402000022E15941694179418948DF88C90199468
:104030001A941B941C941D941E941F9420942194F4
:10404000229407DD01369E4205F14005E8DB25B0EC
:10405000BDE8F083D5F8C8211492D5F8CC2115928B
:10406000D5F8D0211692D5F8D4211792D5F8D821B9
:104070001892D5F8DC211992D5F8E0211A92D5F8DA
:10408000E4211B92D5F8E8211C92D5F8EC211D9271
:10409000D5F8F0211E92D5F8F4211F92D5F8F82119
:1040A0002092D5F8FC212192D5F80022229295F891
:1040B00004228DF88C20002AC4D00123019306939A
:1040C00008F110030A21039319ABB7EE000A059318
:1040D000009705AB03AA0846089709940A940B9425
:1040E0000C940D940E940F941094119412940491C6
:1040F000FFF74EFD089BDDED1D5AD3ED046A93EDED
:10410000030AD3ED097A9DED226A9DED1C1A9DEDFF
:10411000217A9DED1A2ADDED190A9DED1F3ADDED9C
:104120001B1ADDED1E2ADDED203A9DED184A9DEDAE
:10413000165A66EEA56A67EE867AE0EE016A93ED9E
:10414000086A93ED000A93ED021AE6EE077A93ED02
:10415000016A93ED067AF0EE665A66EE026A27EE81
:10416000037AE0EE206A93ED052A93ED073AD8F83A
:104170008832B0EE666AF0EE656AE1EE216AA2EE80
:10418000227AE3EE237A76EE266A77EE277AF2EE4B
:10419000024A77EEA67A25EE055A77EE847A67EE24
:1041A000A47AF4EEC57AF1EE10FA48BF85F80492CD
:1041B00048E770472DE9F04F2DED108BADF20C4D17
:1041C0000DF1BF0424F00F0400F11003804604F544
:1041D000E07A4FF4C872194650460FEE103A04F0D8
:1041E00059FED8F800308C4ADB6A934240F04F8683
:1041F000002388F8043288F8443288F88432C8F8FA
:1042000088324046FEF720FB98F88435002B00F0FA
:1042100039864046FFF7F6FE2822002108F5D070C7
:1042200004F060FED8F88832002B40F3E2804FF0B3
:1042300000099FED7A8A4646CB4608AF06E009F1B1
:104240000109994506F1400680F2D380B9F1020FC9
:104250008DED1D8A8DED1E8A8DED1F8A8DED208AD4
:104260008DF8ACB08DED218A8DED228A8DED238AFB
:104270008DED248A8DED258A8DED268A8DED278A98
:104280008DED288A8DED298A8DED2A8AD7DCD6F826
:10429000C8211C92D6F8CC211D92D6F8D0211E92AE
:1042A000D6F8D4211F92D6F8D8212092D6F8DC2156
:1042B0002192D6F8E0212292D6F8E4212392D6F872
:1042C000E8212492D6F8EC212592D6F8F021269206
:1042D000D6F8F4212792D6F8F8212892D6F8FC21B6
:1042E0002992D6F800222A9296F804228DF8AC2062
:1042F000002AA4D0012300970A2187ED008A87EDC8
:10430000018A87ED028A87ED038A87ED048A87EDAB
:10431000058A87ED068A87ED078A87ED088A87ED8B
:10432000098A1393019321ABB7EE000A129306AAF0
:1043300012AB0846CDF818A00791FFF729FC97EDBE
:10434000044A9DED259AD7ED033ADDED24BAD7ED69
:10435000012A9DED220AD7ED096ADDED2A8A97ED43
:10436000002A9DED21CA97ED086A9DED29BA97EDC7
:10437000065ADDED270A97ED023ADDED23AAD7EDC7
:10438000054A9DED26AAD7ED075ADDED289A64EE81
:10439000091A66EEA87AE3EEAB1AE6EE0B7AF0EEB7
:1043A00061CA62EE801A25EE207AE2EE0C1AA4EEC3
:1043B0008A7AB0EE611AF0EE6C1AE3EE2A1AE5EE94
:1043C000A97A71EE211A77EE277ADDED1FCA77EE12
:1043D000A17A77EEAC7AF5EEC07AF1EE10FA1FDC36
:1043E000D8F8883209F10109994506F14006FFF62F
:1043F0002DAFD8F8003040461B6B98471FEE100ACF
:104400004FF4C872514604F045FD0DF20C4DBDEC61
:10441000108BBDE8F08F00BF310C020800000000D7
:1044200098ED717AD8ED6CCA98ED6BDAD8ED68DA50
:1044300068EE878AB7EE001AC1EE271A5546214664
:1044400004F55473524629EE2C9AF0EE687AD8EDB2
:10445000698A98ED701AABEE8D9A20EE280AD8ED95
:104460006EBAACEE2D0A98ED6ACAAAEE8C9AEBEE03
:10447000017A70EE09AA60EEAB0A98ED6D9A98ED9C
:104480006F0AEAEE090AE9EE807A61EEA39A70EE0D
:10449000A77ADDED1E0A77EEAA7A21EE83AA70EEE6
:1044A000E77A61EEA2AAA7EEA9DAA7EE8ACA88ED9A
:1044B0006BDA21EE84DA88ED6ACAE7EE8DCA21EE66
:1044C00085CAC8ED6CCA61EEA4CAE7EEAA8AA7EE57
:1044D000AC9AE7EE8CBA21EE82BAC8ED698A88ED13
:1044E0006D9A61EEA68A21EE869AC8ED6EBA61EEEB
:1044F000A5BAA7EEA87AE7EE8BDAA7EEAB0AA7EE8D
:10450000891A62EE0B7A88ED717AC4ED007A62EE58
:104510002A7AC8ED68DAC4ED017A62EE0A7A88ED8B
:104520006F0AC4ED027A62EE297A88ED701AC4ED42
:10453000037A62EE0D7A24EE2A7AC4ED047A62EEF2
:104540002C7AC4ED057A62EE0C7AC4ED067A62EE3E
:104550002B7AC4ED077A62EE097A22EE282AC4ED9E
:10456000087A62EE8B7A84ED092AC4ED0A7A62EE4B
:10457000AA7AC4ED0B7A62EE8A7A84ED297AC4EDC8
:104580000C7A62EEA97A24EE297AC4ED0D7A62EEF5
:104590008D7A84ED2B7AC4ED0E7A62EEAC7A24EE3D
:1045A0002C7AC4ED0F7A62EE8C7AC4ED107A62EE4A
:1045B000AB7AC4ED117A62EE897A62EEA82AC4ED74
:1045C000127A63EE0B7AC4ED132AC4ED147A63EE0B
:1045D0002A7AC4ED157A63EE0A7AC4ED167A63EE90
:1045E000297AC4ED177A63EE0D7AC4ED187A63EE7A
:1045F0002C7AC4ED197A63EE0C7AC4ED1A7A63EE64
:104600002B7AC4ED1B7A63EE097A23EE283AC4EDC7
:104610001C7A63EE8B7A84ED1D3AC4ED1E7A63EE4C
:10462000AA7AC4ED1F7A63EE8A7AC4ED207A63EE2B
:10463000A97AC4ED217A63EE8D7AC4ED227A63EE15
:10464000AC7AC4ED237A63EE8C7AC4ED247A63EEFF
:10465000AB7AC4ED257A63EE897A63EEA83AC4EDAD
:10466000267A64EE0B7AC4ED273AC4ED287A64EE1C
:104670000A7A65EEAA3AC4ED2A7A64EE0D7AC4EDA0
:104680002C7A64EE0C7A84ED2D7AC4ED2E7A64EEE9
:10469000097A24EE2B7AC4ED307A64EE8B7A24EE1C
:1046A000284AC4ED327A64EE8A7A84ED2F7AC4ED1A
:1046B000347A64EE8D7A24EEAA7AC4ED367A64EE0A
:1046C0008C7A84ED314A84ED337A24EEA94A24EEC3
:1046D000AC7AC4ED387A64EE897A84ED354A84ED9B
:1046E000377A24EEAB4A25EE0B7A64EEA84AC4ED85
:1046F0003A7A65EE0A7AC4ED3B4A84ED3C7A65EE7F
:10470000294A25EE0D7AC4ED3E7A65EE0C7A84EDE9
:10471000394AC4ED3F4A25EE2A4A65EE2B4A84ED1C
:10472000407AC4ED427A25EE097A65EE8B7A84ED03
:104730003D4AC4ED434A25EE2C4A65EE8A4A25EEF1
:10474000285A84ED447AC4ED467A25EEA97A65EEBE
:104750008D7A84ED414A84ED455A25EEAC4A25EE2A
:104760008C5AC4ED484A84ED497A65EEAB4A25EE91
:10477000897AC4ED4A7A66EE0B7A65EEA85AC4EDE2
:10478000473A84ED4B4A84ED4C5AC4ED4D4A26EE2F
:104790000A5A84ED4E7AC4ED507A26EE0D7A66EE12
:1047A0000C7A26EE294A66EE2C4A66EE2A3AC4EDC9
:1047B0004F5A84ED525A66EE095A26EE2B5A84ED72
:1047C000547A26EE286A26EE8B7AC4ED567A66EE87
:1047D0008A7A84ED534AC4ED554A26EEAA4A66EE1B
:1047E000A94A84ED575AC4ED585A26EE8D5A66EE02
:1047F000AC5A84ED596A84ED5A7A26EE8C6A26EE1C
:10480000AB7AC4ED5C7A66EE897A66EEA86AC4ED8E
:10481000513A84ED5B4AC4ED5D4A84ED5E5AC4EDC5
:104820005F5A84ED606A84ED617AC4ED627AC4ED0A
:10483000636AD2ED007AB1EC017A77EEC77AE2ECE6
:10484000017A9342F5D10A2205920122079203933D
:1048500012AA21AB06A9B7EE000A04A806938DEDB3
:10486000128A8DED138A8DED148A8DED158A8DEDEA
:10487000168A8DED178A8DED188A8DED198A8DEDCA
:104880001A8A8DED1B8ACDF810A0FBF783FE92EDFE
:10489000003AD2ED013A92ED024AD2ED034AD2ED4E
:1048A000045A92ED056AD2ED066A92ED077AD2EDCE
:1048B000087A92ED095A6BEE032A2146C4ED002ACC
:1048C0006BEE232A5246C4ED012A6BEE042AC4ED96
:1048D000022A6BEE242AC4ED032A6BEE252AC4EDCE
:1048E000042A6BEE062AC4ED052A6BEE262AC4EDD7
:1048F000062A6BEE072AC4ED072A6BEE272AC4EDC1
:10490000082A6BEE052AC4ED092A6AEE832AC4ED53
:104910000A2A6AEEA32AC4ED0B2A6AEE842AC4EDA1
:104920000C2A6AEEA42AC4ED0D2A6AEEA52AC4ED6B
:104930000E2A6AEE862AC4ED0F2A6AEEA62AC4ED74
:10494000102A6AEE872AC4ED112A6AEEA72AC4ED5E
:10495000122A6AEE852AC4ED132A6AEE032AC4EDF0
:10496000142A6AEE232AC4ED152A6AEE042AC4ED3D
:10497000162A6AEE242AC4ED172A6AEE252AC4ED07
:10498000182A6AEE062AC4ED192A6AEE262AC4ED10
:104990001A2A6AEE072AC4ED1B2A6AEE272AC4EDFA
:1049A0001C2A6AEE052AC4ED1D2A69EE832AC4ED8D
:1049B0001E2A69EEA32AC4ED1F2A69EE842AC4EDDB
:1049C000202A69EEA42AC4ED212A69EEA52AC4EDA5
:1049D000222A69EE862AC4ED232A69EEA62AC4EDAE
:1049E000242A69EE872AC4ED252A69EEA72AC4ED98
:1049F000262A69EE852AC4ED272A6DEE032AC4ED26
:104A0000282A6DEE232AC4ED292A6DEE042AC4ED6E
:104A10002A2A6DEE242AC4ED2B2A6DEE252AC4ED38
:104A20002C2A6DEE062AC4ED2D2A6DEE262AC4ED41
:104A30002E2A6DEE072AC4ED2F2A6DEE272AC4ED2B
:104A4000302A6DEE052AC4ED312A6CEE832AC4EDBE
:104A5000322A6CEEA32AC4ED332A6CEE842AC4ED0C
:104A6000342A6CEEA42AC4ED352A6CEEA52AC4EDD6
:104A7000362A6CEE862AC4ED372A6CEEA62AC4EDDF
:104A8000382A6CEE872AC4ED392A6CEEA72AC4EDC9
:104A90003A2A6CEE852AC4ED3B2A6CEE032AC4ED5B
:104AA0003C2A6CEE232AC4ED3D2A6CEE042AC4EDA8
:104AB0003E2A6CEE242AC4ED3F2A6CEE252AC4ED72
:104AC000402A6CEE062AC4ED412A6CEE262AC4ED7B
:104AD000422A6CEE072AC4ED432A6CEE272AC4ED65
:104AE000442A6CEE052AC4ED452A6BEE832AC4EDF8
:104AF000462A6BEEA32AC4ED472A6BEE842AC4ED46
:104B0000482A6BEEA42AC4ED492A6BEEA52AC4ED0F
:104B10004A2A6BEE862AC4ED4B2A6BEEA62AC4ED18
:104B20004C2A6BEE872AC4ED4D2A6BEEA72AC4ED02
:104B30004E2A6BEE852AC4ED4F2A69EE032A28EE31
:104B4000833AC4ED502A69EE232A68EEA33AC4EDF5
:104B5000512A69EE042A28EE844AC4ED522A69EEED
:104B6000242A68EEA44AC4ED532A69EE252A68EE89
:104B7000A55AC4ED542A69EE062A28EE866AC4EDC9
:104B8000552A69EE262A68EEA66AC4ED562A69EE11
:104B9000072A28EE877AC4ED572A69EE272A68EE9D
:104BA000A77AC4ED582AC4ED5D4A68EE854A29EE1D
:104BB000055A039B84ED5A3AC4ED5B3A84ED5C4A96
:104BC00084ED595AC4ED5E5A84ED5F6AC4ED606AA3
:104BD00084ED617AC4ED627AC4ED634AD2ED007A65
:104BE000B1EC017A77EEC77AE2EC017A9A42F5D11C
:104BF0002BEE2A6A2BEE0A7A6BEE297A2BEE0B5AF1
:104C000084ED096A84ED126A84ED0A7A2AEEAA6AB2
:104C100084ED1C7AC4ED0B7A2AEE0A7AC4ED267A6A
:104C20006AEE8A7A2BEE0D0A2BEE2C3A6BEE0C5ABA
:104C30006AEE29DA2AEE8D2A6AEEAC4A6AEE0D2A6D
:104C40006BEE2B0A6AEEA9EA2AEEAB1A6AEE893AF3
:104C50006AEE2B1A2AEE094A84ED085A84ED136A8B
:104C60002AEE2C5A2AEE8C6A84ED1E7A6AEEA8AAE5
:104C70002AEE0C7AC4ED147A2AEE28AAC4ED1D7A25
:104C80006BEE097A2BEE28BADDED1F6A84ED0C0A73
:104C900084ED0D3AC4ED0E5AC4ED1FDAC4ED107A5E
:104CA00084ED162AC4ED174A84ED186AC4ED202A53
:104CB00084ED215A84ED227AC4ED0F0A84ED11BAF5
:104CC000C4ED15EA84ED191AC4ED1A3AC4ED1BAA15
:104CD000C4ED231A84ED244A84ED25AAC4ED27EA05
:104CE00084ED467A29EE8D7A29EEA9EA84ED2A7AB6
:104CF00084ED337A29EEAC7AC4ED28DA84ED2B7A90
:104D000084ED3D7A29EE8C7A6DEE0CDA84ED2C7A06
:104D100084ED477A2DEE2C7A84ED300A84ED312A29
:104D20002CEE8C0A29EEAB2AC4ED322A84ED3A3AF5
:104D30006DEE2B2A2CEEAB3AC4ED3B4A84ED3C5A87
:104D400069EE894A2DEE095A69EEA89AC4ED445AD3
:104D500084ED456A6CEE895A2DEE286A84ED357A29
:104D600084ED3E7A2DEE0DDA2CEEA87A6CEEACCA0C
:104D700084ED396A84ED413AC4ED425A84ED437AB8
:104D800084ED29EA84ED2D2AC4ED2E4AC4ED2F9A34
:104D9000C4ED36DAC4ED372A84ED385A84ED34DABE
:104DA00084ED400AC4ED3FCAC4ED48DA84ED533ABD
:104DB00029EE093AC4ED587A84ED603A69EE287A12
:104DC00028EEA83AC4ED5D5A84ED666A6CEE2B5A63
:104DD0002CEE096A84ED677A2BEE899A2CEE287AFC
:104DE0006BEEA88A2CEE0CCA6BEEABBA84ED490AC6
:104DF000C4ED4E0A84ED4F1AC4ED501A84ED512AC9
:104E0000C4ED522A84ED62BAC4ED593A84ED5A4A8F
:104E1000C4ED5B4A84ED5C5AC4ED617AC4ED63AACB
:104E200084ED64AAC4ED659A84ED4ACAC4ED4B5A78
:104E300084ED4C6A84ED4D7AC4ED545AC4ED55BAF4
:104E400084ED569AC4ED578A84ED5E6A84ED5F9ACC
:104E500084ED687A04F12003C4ED698A04F5D87200
:104E6000C4ED6A7A84ED6B3AC4ED6C6AD5ED007AD4
:104E7000B3EC017AE6EE877A9342E5EC017AF5D15C
:104E8000FFF7AEBA4046FBF76DFDFFF7C2B94046EB
:104E90009847FFF7BEB900BF0120FEF72BBA00BF4D
:104EA0000020FEF727BA00BF042808B503D8054B39
:104EB00053F8200008BD044B044A0548212103F0A3
:104EC00085FE00BF60D1020884A8020880D00208D5
:104ED000E0D0020890ED000A704700BF90ED010A93
:104EE000704700BFD1F808C0CA68C0F800C042606F
:104EF000704700BF00B5D1F814C0D1F810E08A693E
:104F0000C0F800E0C0F804C082605DF804FB00BF98
:104F100000B5D1F820C0D1F81CE04A6AC0F800E022
:104F2000C0F804C082605DF804FB00BF91ED006A28
:104F3000D1ED016A90ED007AD0ED017A37EE067A74
:104F400077EEA67A38B504460D4680ED007AC0EDBE
:104F5000017A1031103000F0E7FDD5ED086A94EDCC
:104F6000087AD4ED097A94ED0A6A37EE267AD4ED00
:104F70000B6A84ED087A95ED097A77EE877A94EDDD
:104F80000C7AC4ED097AD5ED0A5AD4ED0D7A36EED5
:104F9000256A204684ED0A6A95ED0B6A76EE866AEC
:104FA000C4ED0B6AD5ED0C6A37EE267A84ED0C7AE7
:104FB00095ED0D7A77EE877AC4ED0D7A38BD00BF96
:104FC0002DE9F04301F110031546074691ED006A03
:104FD000D1ED016A92ED007AD2ED017A01F1200E55
:104FE00001F12C0C0FCB93B00DF10F0424F00F0442
:104FF00004F1100686E80F009EE8070004F120097E
:1050000089E807009CE8070037EE067A77EEA67A73
:1050100004F12C0888E8070005F11001304684ED02
:10502000007AC4ED017A00F07FFD95ED085AD5EDC8
:10503000095A95ED0A6AD4ED086A94ED097AD4ED1F
:105040000A7A236876EE856A37EE257A77EE867AD5
:1050500095ED0B5AD5ED0C5A95ED0D6AC4ED086A25
:1050600084ED097AC4ED0A7A3B606368D4ED0B6A7B
:1050700094ED0C7AD4ED0D7A7B6096E80F0076EE15
:10508000856A37EE257A77EE867AC4ED0B6A84ED71
:105090000C7AC4ED0D7A07F1100484E80F0099E84A
:1050A000070007F1200C8CE8070098E8070007F1DB
:1050B0002C0585E80700384613B0BDE8F08300BF33
:1050C000F8B501F11003044691ED007AD1ED017AB3
:1050D00000F1100E01F12C0C01F1200700F1200667
:1050E00000F12C050FCB2DED028B8EE80F0097E819
:1050F000070086E807009CE8070020EE077A60EECC
:10510000277A85E8070084ED007AC4ED017A7046BD
:10511000B0EE408A00F0A4FDD4ED085A94ED096A7F
:10512000D4ED0A6A94ED0B7AD4ED0C7A94ED0D0A65
:1051300065EE885A26EE086A66EE886A27EE087AD7
:1051400067EE887A20EE088A204684ED0D8ABDEC51
:10515000028BC4ED085A84ED096AC4ED0A6A84ED35
:105160000B7AC4ED0C7AF8BD012804D0033801286D
:1051700003D8054870470548704708B5044A054BF1
:105180000548452103F022FD6C030020F0020020B9
:1051900074D1020884A80208ECD10208022805D0C4
:1051A0000538012805D8B1EE000A70479FED040AC2
:1051B000704708B5034A044B04485B2103F006FD21
:1051C000FAED6B3D70D2020884A80208ECD1020807
:1051D000304B314A3148DFF8F0C0314900B51A622E
:1051E0005A629A622F4AD862186358639A63DA63E4
:1051F0001A642D482D4AC3F814C0C3F818C0C3F868
:105200001CC05A64DFF8C4C09A64D864284A29488C
:10521000DFF8BCE09960D960C3F810E0C3F850C073
:10522000C3F854C0C3F858C0D86518665A669A6661
:10523000DA661A67204BDFF89CC09960D960596123
:10524000C3F810E09961D9611C49C3F820C0C3F8C4
:1052500024C0C3F828C09963DFF87CC0D9631964FF
:105260001749C3F82CC0C3F830C0C3F834C0596420
:10527000DFF868C099641349C3F84CC0D865196554
:105280005965996518665A669A66DA661A675DF80E
:1052900004FB00BF6C0300200AD7233CACC5A73732
:1052A000CDCCCC3D95BFD6336269BA37D7CF8B39D9
:1052B0000000614500009643F0020020B5423B32F9
:1052C00093CF8B38789C6E32CDCC4C3EBD370635B3
:1052D0009A99993E0AD7A33B0646C1341665BA3659
:1052E00010B5D0E900431B1BB1EBA30F17DAD0E9CF
:1052F00003431B1BB2EBA30F17DA836901EB810198
:10530000500953F8213002F01F0253F820100123F6
:1053100003FA02F20A4214BF1846002010BD064BE1
:10532000064A07483B2103F051FC064B034A044858
:105330003C2103F04BFC00BFD8D2020818D302086E
:105340004CD30208C0D302082DE9F04FD0E900B8D1
:1053500087B0A8EB0B0304928E4A8F4C03909B10EE
:1053600003FB02F2A24200F01281012A134638BF69
:1053700001239B180D460E4680F00481A1EB0B0221
:105380000192002B40F0EE800593142400931A46FE
:10539000049B01999F681868DB680293019B02EBEC
:1053A000010A0021D150029B3A1A13EBC209CAE943
:1053B0000111CAE9031140F0A580DDE90031CAF806
:1053C000109043F80190CAF804904B464946874232
:1053D000CAE9021906D001461846019203F068FD99
:1053E000019A03461A44029B002B9C4617DD4FF09E
:1053F000000E0123386803FA0EF10142106814BF51
:1054000008438843BEF11F0F106003BF0437043206
:105410004FF0000E0EF1010EBCF1010CEAD15D451A
:105420002AD0009C0BF11407DA464FF00009A7F1CF
:10543000140393E8030084E80300A7F10C0292E848
:10544000030004F1080C8CE8030057F8041C2161E8
:1054500047E9039992E803000AF1140A83E803007C
:10546000143447F8049C1437002840D0414201F01E
:10547000A3FE5545DBD11434454525D0143500270E
:10548000A5F1140C9CE80300A5F10C0384E80300CB
:1054900093E8030045E9037704F1080E8EE8030062
:1054A00093E8030055F8042C22618CE8030045F8CA
:1054B000047CF8B14142143601F07EFEB04504F19F
:1054C000140405F11405DBD1BBF1000F06D0039BDA
:1054D00099685846A1EB0B0101F06EFE039B009A00
:1054E000C3E90024059A9A6007B0BDE8F08F5545DE
:1054F0009DD1C0E71436B04504F1140405F114053C
:10550000BED1E1E709F11F025709BF0038460292F8
:1055100001F063FE029A03460744DDE9001012EA37
:10552000290238BF4A465211CAF810700B500021A8
:10553000CAF8041003EB8201D9F1000202F01F0245
:1055400009F01F0958BFC2F10009B9F1000F02DAD2
:1055500009F120090439049A1068D2E90272029212
:105560003A1A34E7A34228BF234603EB83039C0087
:10557000204601F032FE02190592009000F1140459
:10558000024605E7A1EB0B03044C0193F0E7044846
:1055900001F03AFECDCCCCCC66666606F8FFFF7F04
:1055A00000D4020882B02DE9F04F2DED028B8BB0B4
:1055B00002AC904684E80600BC4A1793B2EB880F11
:1055C0004FF00003DDE91859C0E900331A9E8360EB
:1055D000C0F0E0814FEA880A0746BAF1000F00F0F8
:1055E000C18150468B4601F0F8FD044654443860B2
:1055F000BC605246594603F04DFCAC49DDF85CB046
:105600007C600023B1EB850FC7E903337B614FEA70
:10561000850245F31D0AC0F0BD81002A00F04A81D1
:105620001046009201F0D9FD009AF860594600EB4F
:10563000020BC7F814B0044603F02CFC0023C7E9A2
:1056400006333B62D7E9003207F11801D01A9342C2
:1056500008EE101AC7F810B04FEAA00000F033812E
:105660005C4500F0AF811A68002A40F0A5812268ED
:10567000002A40F09B810138844608E0D3E90010FD
:10568000884202F1010203F1040340F37181624593
:10569000F4DB0AF1FF3A2046002308E0D0E90021BC
:1056A000914203F1010300F1040040F36D81534581
:1056B000F4DB464540F0748109EBC608C84507D0C5
:1056C0004B465A68954240F0598108334345F8D11A
:1056D000774B9E4200F26181002E40F0FA80C8456F
:1056E00066D000260124D9E900A5CDE90566CDE9FB
:1056F00007660996002D63D1CDE90555CDE907551B
:105700000995D7E907A39A4500F0A280CAE9016686
:10571000CAF80060079B0598CAF80C60089ACAF896
:1057200010601B1A12EBC30540F09A80CAE90055BD
:105730002846CAF810502B462A46CAF80820059970
:10574000079DCAF80C00A942DDF820A0A5EB010BCB
:1057500005D018465A4603F0ABFB05990346BAF14B
:10576000000F03EB0B0015DD00228C46296804FABC
:1057700002F30B42016814BF0B4321EA03031F2A03
:10578000036003BF0435043000220132BAF1010A7C
:10579000ECD16146FB691433FB61002952D0099BAF
:1057A000084609F10809591A01F006FDC1459AD1C8
:1057B00038460BB0BDEC028BBDE8F04F02B070472D
:1057C00005F11F0B4FEA5B139B00184600931BEA81
:1057D000250B38BFAB4601F000FD6942009B01F08C
:1057E0001F0105F01F0258BF4A4203444FEA6B1BDA
:1057F000002A0993CDE9050600EB8B0301DA20327C
:10580000043B002DCDE907327FF77BAF05F1FF3C6C
:10581000D4440AF1FF3500220AE001680B431F2A35
:10582000036006BF002204300132AC453FF469AF8B
:1058300015F8011F04FA02F30029EED1016821EAEC
:105840000303ECE709F10809C1457FF44CAFAFE76A
:10585000514618EE100A05AAFFF776FD05999CE758
:1058600005F11F0B4FEA5B1292001046009201F007
:10587000B4FC009A1BEA250B38BFAB4669420244D0
:105880004FEA6B1B01F01F01CAE900060346CAF884
:10589000102000EB8B0205F01F0058BF4842002883
:1058A000BFF64BAF2030043A47E700BFFCFFFF7F55
:1058B000666666063B68FA60A342C7E90422C7E948
:1058C00006223A627ED1424B424A4348122103F0FB
:1058D0007DF906EB8606B3001846019301F07DFCC6
:1058E000D7E9066B5E4500902CD014363446054649
:1058F0004FF0000A05E0414201F05EFC5E451FD01A
:105900001436A4F1140393E8030085E80300A4F11E
:105910000C0292E8030005F1080C8CE8030054F82F
:10592000041C296144E903AA92E80300143583E8C2
:105930000300143444F818AC0028DCD1B345DFD19F
:10594000D7F818B0BBF1000F05D0396A5846A1EB63
:105950000B0101F031FCDDE900231344C7E9062205
:105960003B62BCE6C0F800A0C0F808A0544644E67C
:105970001A4B184A18481B2103F028F9184B154AEE
:1059800015482B2103F022F9164B124A1248212107
:1059900003F01CF9144801F037FC144801F034FC02
:1059A000134B0C4A0C48252103F010F9114B094AFE
:1059B0000948162103F00AF90F4B064A064815213B
:1059C00003F004F90D4B034A0348132103F0FEF8DA
:1059D00050D4020874D402084CD3020870D50208CF
:1059E00084A80208C4D502081CD4020858D60208AC
:1059F00020D602084CD502082CD5020804D502088E
:105A0000016810B50446C0E902230B689847636833
:105A1000012B17D0022B0FD1236820469B68984793
:105A200023682046DB689847236820461B6998470F
:105A3000236820465B699847236820469B69BDE838
:105A400010401847236820465B689847F4E700BF7A
:105A5000F7EE006A86EEA07A002100224160027211
:105A6000C6EE807A77EE877AC7EE276AC0ED006AC5
:105A7000704700BF90ED010A704700BF037A23B959
:105A80000123037280ED010A7047D0ED017AD0ED59
:105A9000006A30EE677AE6EE877AB0EE670A80ED4C
:105AA000010A70470022002342600372704700BF62
:105AB00008B5034A034B04486D2103F087F800BF83
:105AC00068D602081CC702089CC8020808B503076C
:105AD00007D100224FF07E51016042608260C260B7
:105AE00008BDFFF7E5FF00BF08B503070CD10A6842
:105AF00042604FF0000C8A68C0F800C0D1F804C0C2
:105B0000C0F808C0C26008BDFFF7D2FF08B50307A0
:105B100008D180ED000AC0ED010A80ED021AC0ED47
:105B2000031A08BDFFF7C4FF91ED007AD0ED007AAB
:105B3000D0ED016A77EE877A90ED027AC0ED007AB7
:105B400091ED016AD0ED037A76EE866AC0ED016AC6
:105B5000D1ED026A37EE267A80ED027A91ED037A72
:105B600077EE877AC0ED037A704700BF08B5030768
:105B700074D14FF07E5CC0F800C04FF0000CC0F84C
:105B800004C0C0F808C0C0F80CC091ED016AD2EDA5
:105B9000017AD1ED006A92ED007AD1ED025A67EEFA
:105BA000C67A92ED026AE6EE877AD1ED036A92ED4B
:105BB000037AE5EEC67AE6EEC77AC0ED007A91ED9B
:105BC000016AD2ED007AD1ED006A92ED017AD1ED51
:105BD000025A67EE867A92ED036AE6EE877AD1ED95
:105BE000036A92ED027AE5EE867AE6EEC77AC0EDB8
:105BF000017A91ED026AD2ED007AD1ED006A92ED60
:105C0000027AD1ED015A67EE867A92ED036AE6EEEA
:105C1000877AD1ED036A92ED017AE5EEC67AE6EE77
:105C2000877AC0ED027AD2ED007A91ED036AD1ED68
:105C3000006A92ED037AD1ED015A67EE867A92ED11
:105C4000026AE6EE877AD1ED026A92ED017AE5EE1C
:105C5000867AE6EEC77AC0ED037A08BDFFF728FF23
:105C600090ED006AD0ED016A90ED027AD0ED037AF2
:105C700026EE006A66EE806A27EE007A27EE800A3A
:105C800080ED006AC0ED016A80ED027A80ED030AC2
:105C9000704700BF704700BF90ED000A704700BF1B
:105CA0000430704790ED010A704700BF083070471C
:105CB00090ED020A704700BF0C30704790ED030A68
:105CC000704700BFD0ED015AD0ED036A90ED005A45
:105CD00090ED026A25EEA50A26EEA67AF0EE407A4D
:105CE000E5EE057AA6EE067A37EE870AB5EEC00A2B
:105CF000F1EE10FA00DC704700B5B5EE400AF1EEA7
:105D000010FA83B014D4F1EEC07AC5EE274A86EEBD
:105D1000A77A85EEA75AC6EE275AC0ED004A80ED55
:105D2000015AC0ED025A80ED037A03B05DF804FB1E
:105D3000019001F09FFC0198F0EE407A90ED005A3E
:105D4000D0ED015A90ED026AD0ED036ADDE700BFA5
:105D50002DE9F0410126054694B040F8086B4FF458
:105D6000A872002103F0BEF84FF07E5200240023F9
:105D7000AA61EA612A656A65C5F88820C5F88C20A1
:105D8000C5F8C020C5F8C420C5F8F820C5F8FC2027
:105D9000C5F83021C5F834214FF0FF320321C5E9A1
:105DA0006222C5E96422C5E96622C5E95644022299
:105DB000C5E95844C5E95A44C5E95C44C5E95E44AF
:105DC000C5E96044C5F8A041C5E98F44C5F834323F
:105DD000C5F83832C5F84832C5F84C32C5F85C32DF
:105DE000C5F86032C5F87032C5F87432C5F884322F
:105DF000C5F88832C5F89832C5F89C320423C5F836
:105E0000B422C5E9AB46C5E99444C5E99944C5E95E
:105E10009E44C5E9A344C5E9A844C5F84442C5F871
:105E20005842C5F86C42C5F88042C5F89442C5F89E
:105E3000A842C5E9AE130523C5E9B146C5F8C0328D
:105E400005F53470C5F8CC2200F0A6FE05F54670C5
:105E500000F0ACFE05F52B76C5F8604305F531770B
:105E600056F8044B6846214600F066FE694606A8CF
:105E700000F0AEFF052C5AD80DF1180EBEE80F0049
:105E8000C4EBC40C05EBCC0C0CF1080CACE80F0017
:105E9000BEE80F00ACE80F00BEE80F00ACE80F0052
:105EA0009EE80300B7428CE80300D9D100232846BE
:105EB000C5F83432C5F83832C5F83C32C5F840323E
:105EC000C5F84432C5F84832C5F84C32C5F85032EE
:105ED000C5F85432C5F85832C5F85C32C5F860329E
:105EE000C5F86432C5F86832C5F86C32C5F870324E
:105EF000C5F87432C5F87832C5F87C32C5F88032FE
:105F0000C5F88432C5F88832C5F88C32C5F89032AD
:105F1000C5F89432C5F89832C5F89C32C5F8A0325D
:105F2000C5F8A432C5F8A83214B0BDE8F081034B1F
:105F3000034A0448602102F049FE00BFF4D602087B
:105F400008D70208D0D702082DE9F04F2DED048BB9
:105F50008FB000F5317800F5D2730546029100F557
:105F600034774646019356F8044B022C00F28180A8
:105F7000029B04EB840C03EBCC0CBCE80F000DF18E
:105F8000100EAEE80F00BCE80F00AEE80F009CE872
:105F900003009DF81C908EE80300A400B9F1000FE7
:105FA00006D1BE42DFD10FB0BDEC048BBDE8F08F4F
:105FB00005F54673B0EE089A05F52B7B03969946D6
:105FC0005BF804AB04A8514600F058FD0AEB4A0305
:105FD00009EB83022244D2ED007A0698B0EEC07A33
:105FE00027EE277A07EB83022244C7EE097A51464F
:105FF0009E0092ED007A87EE098AF0EE408A37EE35
:10600000888A00F061FDB5EE400AF1EE10FA25D461
:10601000F1EEC07ABAF1050F78EE277A23D8D5F8D9
:10602000A011022913D8019B67EEA77A9A19AB1920
:1060300002EB810203EB8103D845C2ED008AC3ED78
:106040007B7ABDD10131039EC5F8A011A9E70C4BA5
:106050000C4A0D4840F2AB1102F0B8FD01F00AFB0A
:10606000F0EE407AD6E7094B094A0A48602102F06F
:10607000ADFD064B084A07486A2102F0A7FD00BFA4
:1060800058C90208B0D90208B0C20208F4D6020802
:10609000DCD80208D0D70208F8D702082DE9F04F63
:1060A0008FB013460546039218468B46F022002116
:1060B00002F018FF05F5317305F52B760193A9461B
:1060C00003E0019BB34200F0868056F8045B052D87
:1060D00000F2618109EB85084FEA850AD8F858314A
:1060E0005A1E012A7AD9032BEBD1D8F87031022B32
:1060F00074D0D9F8C442022C00F2478104EB840426
:106100000BEBC4040FCC04AF0FC70FCC9DF81CC021
:106110000FC794E8030087E80300BCF1000F40F0CC
:106120001A81D9F8C842022C00F22F8104EB8404B2
:106130000BEBC4040FCC04AF0FC70FCC9DF81CC0F1
:106140000FC794E8030087E80300BCF1000F40F09C
:10615000E880D9F8CC42022C00F2178104EB8404C9
:106160000BEBC4040FCC04AF0FC70FCC9DF81CC0C1
:106170000FC794E8030087E80300BCF1000F40F06C
:10618000B680D9F8A021002A40F31281039B07EEC4
:10619000902A554403EBC505D5ED006AB8EEE77AC1
:1061A000D5E90201C6EE877AD317C5ED007AE2F78A
:1061B000C3FCC5E90201D8F858316B61D8F87031D9
:1061C000AB6100232B614FF0010385F82030019B68
:1061D000B3427FF47AAF0FB0BDE8F08FD9F8C44274
:1061E000022C00F2D28004EB84040BEBC4040FCC2D
:1061F00004AF0FC70FCC9DF81CC00FC794E8030075
:1062000087E80300BCF1000F6ED0D8F88831002B6E
:106210003DD1022302934FF0010CD9F8C842022C61
:1062200000F2B38004EB84040BEBC4040FCC04AF86
:106230000FC70FCC9DF81CE00FC794E8030087E858
:106240000300BEF1000F05D0D8F888319C451ED15F
:10625000DDF808C0D9F8CC42022C00F2968004EB9D
:1062600084040BEBC4040FCC04AF0FC70FCC9DF814
:106270001CE00FC794E8030087E80300BEF1000F9D
:106280003FF41FAFD8F888319C453FF41AAF294638
:1062900004A800F0F3FB039ADDE904010AEB05030F
:1062A00002EBC303069A1A61D8F8882183ED000A2D
:1062B000C3E90201D8F858115961D8F870119961F1
:1062C000002A07DB022A6CDC02EB82020BEBC20223
:1062D0009268DA61039A0AEB050302EBC3034FF0FD
:1062E000010283F82020ECE60123029395E729467A
:1062F00004A800F0C3FB039A04980AEB050302EB21
:10630000C303D3ED007A9A6837EE800A1218194653
:10631000D86883ED000A9A60059B40EB0303CB60CD
:106320002FE7294604A800F0A9FB039A04980AEB7A
:10633000050302EBC303D3ED007A9A6837EE800AB7
:1063400012181946D86883ED000A9A60059B40EB45
:106350000303CB60FDE6294604A800F08FFB039AF7
:1063600004980AEB050302EBC303D3ED007A9A68A5
:1063700037EE800A12181946D86883ED000A9A6031
:10638000059B40EB0303CB60CBE60D4B0D4A0E485B
:106390006A2102F01BFC0A4B0C4A0B48602102F0F8
:1063A00015FC0B4B0B4A0C484FF4897102F00EFCA4
:1063B0000A4B084A084840F2371102F007FC00BFB8
:1063C000F4D60208F8D70208D0D7020890DA0208FB
:1063D00068DB0208E8DB020804DE020884A8020881
:1063E0002DE9F04F2DED028B0C4687B0924600212F
:1063F000F02208EE900A02F075FD00220023C4E9A5
:106400005623C4E95823C4E95A23C4E95C23C4E9E8
:106410005E23C4E960234FF0FF324FF0FF33C4E93D
:106420006223C4E96423C4E966230023C4F8A031CD
:1064300051462046FFF788FD9FED548A04F52B77DF
:1064400004F5317BD4F8A03157F8045B8DED048A54
:10645000032B8DED058A34D0022B41D0052D00F29F
:1064600083804FEA85080093C5EBC50604F1080355
:1064700005EB450203EBC60604F5D27104F5F6738D
:1064800001EB8201304603EB820204ABCDE902123C
:1064900000F030FE04EB08090328DDE90212C9F818
:1064A00058014AD05F45CDD1204618EE902A51467A
:1064B000FFF7F4FD18EE900A07B0BDEC028BBDE8C3
:1064C000F08F052D5CD805EB850104F50D7202EB0C
:1064D00081024FEA85081168526804910592C2E76B
:1064E000D4F8C422022A45D802EB82020AEBC20287
:1064F000127BAAB1D4F8C822022A3BD802EB82024E
:106500000AEBC202127B6AB3D4F8CC22022A31D839
:1065100002EB82020AEBC202127B002A9ED11A46CB
:10652000052D2DD805EB85010A4404EB82024FEAC4
:106530008508D2F83C22049295E704F5C4734344DD
:10654000019330464544D4F8A061009604F50D73DC
:1065500003EB850300F05AFC5F45C9F870017FF436
:1065600071AFA1E70122DBE7094B0A4A0A48602123
:1065700002F02CFB064B094A07486A2102F026FB71
:10658000034B074A0448602102F020FB0000000092
:10659000F4D6020808D70208D0D70208F8D70208B4
:1065A00074DE020830B50F4D2B78BFF35B8FDB072D
:1065B00083B004460A4606D520460B49FFF710FF74
:1065C000204603B030BD2846019100F0F7FD019A46
:1065D0000028F1D00448FFF7BBFB284600F0FAFD85
:1065E000019AE9E7280101203001012002460B460B
:1065F000014800F0E5BA00BF98040120014800F00E
:10660000E9BA00BF9804012030B583B00446009277
:10661000034822460B4600F0EBFA03B030BD00BF42
:106620009804012010B50349044600F0C1FB204640
:1066300010BD00BF98040120DFED157AB4EEE70A23
:10664000F1EE10FA06DADFED137AB4EEE70AF1EEB6
:1066500010FA02D89FED100A7047DFED107ADFEDD7
:10666000100A87EE800A08B500F0ACFFF7EE007A5A
:1066700030EE670A9FED0B7ADFED0B7A20EE070A0A
:1066800020EE277A77EEC07A87EE270A08BD00BF92
:106690000092F9470058B1460000C07F80E6C54728
:1066A00054D442BEC42A2DC73CFEC14ADFED1E7A37
:1066B000B4EEE70AF1EE10FA10DA08B5DFED1B7A56
:1066C000B4EEE70AF1EE10FA2DED028BB0EE408A3F
:1066D00007D8BDEC028B9FED160A08BD9FED140A8A
:1066E00070479FED140ADFED140A80EE080A00F0EF
:1066F00069FFDFED126ADFED125AF7EE007A30EE35
:10670000677AB0EE666AA7EE656AC0EE087ABDECFD
:10671000028B86EE860A9FED0B7A20EE000A20EEB1
:10672000070A27EEC00A08BD0092F9470058B14693
:106730000000C07F80E6C54754D442BE3CFEC14A3B
:10674000C42A2DC709CA034670B5D0ED020A90EDE0
:10675000010A2DED028BF1EE600AB1EE400A04460B
:106760000E46154600F00CFF86ED000AD4ED027AC5
:1067700094ED017A94ED008A67EEA77AE7EE077A46
:10678000E8EE087AF5EE407AF1EE10FA0AD4B1EEAE
:10679000E70A88EE000A00F0C7FEBDEC028B85ED2B
:1067A000000A70BDB0EE670A00F064FFF1E700BFB9
:1067B00010B52DED0A8BF6EE00AAB0EE408AF0EE91
:1067C000608AF0EE419A0446FFF780F928EE2A8AA3
:1067D00068EEAA8AB0EE480A00F084FDB0EE409A56
:1067E000B0EE480A00F05AFEB0EE408AB0EE680AF9
:1067F00000F078FDB0EE40AAB0EE680A00F04EFE60
:1068000069EEAA9AF0EE40AAB0EE690A00F06AFDBD
:10681000F0EE408AB0EE690A00F040FE28EE2ACA87
:1068200069EE0ABA2CEE00BA2046F0EE409AABEEC2
:10683000A8BAFFF72FFA29EE2A9A28EE0A8A29EE3B
:10684000C9AA80ED00BAA8EE28AA2046FFF728FAC8
:1068500028EE298A80ED00AAA9EE288A2046FFF7B3
:1068600025FA68EECC8A80ED008AEBEEA98A2046F4
:10687000FFF722FAC0ED008ABDEC0A8B204610BD5E
:1068800038B505462DED048B08460C46FFF70AFA8D
:106890002046F0EE409AFFF705FA2046B0EE409A07
:1068A000FFF706FA2046B0EE408AFFF701FA2046CD
:1068B00028EE008AFFF702FA2046F0EE408AFFF742
:1068C000FDF968EE807AF0EE485AB0EE675AE9EECC
:1068D000895A2046A9EE895A38EE278AF7EE007ABF
:1068E000B0EE007AB0EE676AF0EE676AA8EE476A2B
:1068F000E5EEC77AE5EE476A85ED006AC5ED046A04
:10690000C5ED087AFFF7CEF92046B0EE409AFFF7C2
:10691000CFF92046F0EE408AFFF7BEF92046B0EEF0
:10692000408AFFF7CBF968EE007A2046B0EE677A2E
:1069300099EE287AE9EE287A37EE077A77EEA77A89
:1069400085ED037AC5ED017AFFF7ACF92046B0EE8C
:10695000409AFFF7B3F92046F0EE408AFFF79CF922
:106960002046B0EE408AFFF7A3F968EE007A204691
:10697000B0EE677AA9EE287AD9EE287A37EE077A50
:1069800077EEA77A85ED067AC5ED027AFFF790F9E2
:106990002046B0EE409AFFF791F92046F0EE408A8B
:1069A000FFF77AF92046B0EE408AFFF77BF968EEF0
:1069B000007A2846B0EE677A99EE287AE9EE287ACE
:1069C000BDEC048B37EE077A77EEA77A85ED077A70
:1069D000C5ED057A38BD00BFDFED246AB0EEC07AA0
:1069E000B4EEE67AF1EE10FA08DC9FED217AF0EED3
:1069F000E07AF4EEC77AF1EE10FA02DB9FED1D0AA1
:106A0000704730B591B00DF1370121F00F05044604
:106A10009FED191A2846FFF7CBFE294601A8FFF77C
:106A20002FFFD4ED020A9DED080ADDED076A94ED13
:106A3000017ADDED057A9DED046A20EE800A60EEB4
:106A4000A60AA7EE270AE6EE070AD4ED007ADDEDE6
:106A5000026A9DED017AA7EEA60AE7EE270AB1EEDB
:106A6000400A11B0BDE8304000F08ABDDA0F49405D
:106A7000DA0FC93F0000C07F0000000008B50529FB
:106A800016D8DFE801F006090C0F120390ED090A91
:106A900008BD90ED040A08BD90ED050A08BD90ED13
:106AA000060A08BD90ED070A08BD90ED080A08BD6A
:106AB000024B034A0348282102F088F884A8020800
:106AC00050DF0208ECDF020802290BD801281BD096
:106AD00003389FED120AF7EE007A022828BFB0EEC5
:106AE000670A70470339022911D8012809D00338F1
:106AF0009FED0B0AF7EE007A022828BFB0EE670A76
:106B000070479FED080A70479FED070A704708B568
:106B1000064A074B0748612102F058F8DDB5843B6F
:106B2000B6FE963700E75B34F508AF385CE0020844
:106B300084A80208ECDF020830B5114C0D468446EB
:106B400086460FCCACE80F0094E80300052D8CE8D6
:106B5000030012D80B4A0C4B0C480D49CEF800200C
:106B6000CEF808304FF080420A4BCEF80400CEF841
:106B70000C10CEF81020CEF81430704630BD00BF97
:106B800054A10208295C1342A4703542295C1341C8
:106B9000A47035410000484310B50349044648221B
:106BA00002F078F9204610BD6CA1020810B5034927
:106BB0000446482202F06EF9204610BDB4A1020836
:106BC000C0E900230123C0ED030A80ED020A03742B
:106BD000704700BF00B5864600F1180CBEE80F00F4
:106BE000ACE80F009EE803008CE803005DF804FBAE
:106BF0002DE9F0412DED028B90F8281084B00C9E09
:106C0000002944D00446D6E904101F468A4277EB97
:106C10000003904640D2891A60EB0700B1F1004FA3
:106C200070F1000380F0AD80D4E906050029B8BFFB
:106C30004942804577EB050332D3B8EB000067EBA0
:106C40000505B0F1004F75F1000380F09A80504DBA
:106C5000A94204DC0028B8BF4042A84225DD002339
:106C6000C4E90733C4E90933C4E90033C4E9023392
:106C7000C4E90433A361E36284F8483084F8343013
:106C800000220023C4E910230021A163216304B082
:106C9000BDEC028BBDE8F081511A67EB0000BDE747
:106CA000B0EB080065EB0705CBE731687068019130
:106CB0000290B168D4ED090A94ED080A039101A885
:106CC000FFF78AFEB4EE400AF1EE10FADFD694F830
:106CD000341011B394ED0C7ADFED2E6A70EE477A22
:106CE000F4EEE67AF1EE10FA31DDDFED2B6A77EEA5
:106CF000E67A9FED2A6ADFED276AA7EE867AB4EE80
:106D0000E67AF1EE10FAB0EE470A2CDDDFED227ADA
:106D100037EE670A84ED0C0A04E0012184ED0C0AC9
:106D200084F834109FED1C8A0121C4E91087F0EE2D
:106D3000480A84F8481000F025FCB5EEC00AF1EED0
:106D400010FA48BF30EE080A84ED0E0A9FE7DFED27
:106D5000146AF4EEE67AF1EE10FA44BFDFED0E6A43
:106D600077EEA67AC5E7DFED0E7AB4EEE77AF1EEBC
:106D700010FA44BFDFED087A37EE270A84ED0C0ADB
:106D8000D0E7084B084A09486D2101F01FFF00BFFA
:106D9000400D0300DA0F4940DA0FC940A6AA2A3E87
:106DA000DA0F49C0E4E0020848E10208D8E102082D
:106DB00001F1380C10B504468646BCE80F00AEE879
:106DC0000F009CE803008EE80300204610BD00BFC2
:106DD0008C4610B5D1ED050A91ED040A04468646AD
:106DE000BCE80F00AEE80F009CE803008EE803004B
:106DF00004F11800FEF72CFE0022002000210023E1
:106E0000C4E90A0122636363204610BD10B4019CEB
:106E1000032C07D0601E01288CBF002001205DF8E4
:106E2000044B70479FED367AD1ED027ADFED355A8B
:106E300091ED014A91ED006ADFED336A92ED015A5E
:106E4000D2ED024A93ED022AD3ED032A67EE877A48
:106E500026EE256AB0EE677AA4EE257AD2ED005AC6
:106E600025EE265A65EEA65A77EE867AF0EE653A5A
:106E7000B0EE453AE4EEA63AA4EEA63A37EE427AF0
:106E800077EEE27A27EE077A67EEA77AC7EE036A13
:106E900087EEA37ADFED1A4AF0EE467AF4EEC76A7F
:106EA000E4EE247AF1EE10FAC8BFF0EE476A93EDF3
:106EB000047A77EEC77A75EE855A67EEA77AC8BF6F
:106EC000012287EEA57AD8BF0022D0ED007AB4EE79
:106ED000E67AF1EE10FA48BFF0EE476AF4EEE67A91
:106EE00048BF0222F1EE10FA05D4029B5DF8044B74
:106EF0001A600220704703205DF8044B704700BF02
:106F0000F30435BFF304353FFFFFFF3EDFED1C7A8E
:106F1000022AC0ED007AC0ED017A21D0032A1ED1E9
:106F200091ED027A9FED175AD1ED016A9FED166A35
:106F3000DFED165A67EE277A27EE057AE6EEA57A98
:106F4000A6EE867ADFED125AD1ED006AA6EE867AB9
:106F5000E6EEA57A80ED017AC0ED007A70477047C1
:106F6000D1ED017A9FED097AD1ED006A67EE877A5B
:106F70009FED077AE6EE877AC0ED007A704700BF92
:106F800000000000EA0551BFE805D13EF30435BF1B
:106F9000F304353F10B582B014460498022872D02D
:106FA000032840F08A8002466846FFF7AFFF9FED56
:106FB000486ADFED483A94ED027A9FED474A9FED2B
:106FC000475ADFED474A94ED001A9DED010AF0EEB5
:106FD000467AF0EE466AE7EE067AE7EE236A94ED2B
:106FE000017AF0EE461AE7EE041AB0EE462AA7EE52
:106FF000052A67EEA35A26EE867AE1EE855AF0EE70
:10700000462AB0EE463AE1EE242AA1EE053AA2EE77
:10701000047A67EE867A66EEA36AE1EE847AE2EE9F
:10702000056AB0EE656AA2EE856AA3EE247AE2EE06
:10703000A47AE3EE056A66EE474A93ED015ADDED68
:10704000005AE7EEA64AB7EE004A30EE450A84EE53
:10705000245AD3ED004A67EE857A75EEE45A26EE9F
:10706000456A27EE457A60EE277A66EE856AE5EE98
:10707000867A27EE007A20EE270AA5EEA67AA5EEFC
:10708000870A02B010BD02466846FFF73FFFDFEDFA
:10709000156A94ED017AD4ED005ADDED007A93ED96
:1070A000006A27EE267A77EEC67AA5EEA67A67EE14
:1070B000A77A87EE870A02B010BD02466846FFF73E
:1070C00025FF094B094A0A4840F2011101F07EFDF3
:1070D00000000000EA0551BFF30435BFE805D13ECA
:1070E000F304353FFFFFFF3E84A8020808E20208D0
:1070F00070E20208F0B585B00A9D012D07D0A5F118
:10710000020CBCF1010F05D9002005B0F0BD2846E6
:1071100005B0F0BD04460095FFF73CFF636B84EDBE
:107120000C0AAB4204F1180009D00390FEF7BAFC38
:1071300000220023C4E90A2394ED0C0A039803906B
:10714000FEF79CFC0398FEF795FC022DD4ED0C7A1B
:1071500018D094ED027AF4EEC77AF1EE10FA18DC4A
:10716000D4ED037AB4EEE70AF1EE10FA1CDD6069A3
:10717000D4E90A67E1F7F8FCB04271EB070315D2D6
:10718000032009E094ED007AF4EEC77AF1EE10FAEC
:107190000EDDD4E90A670320013647F10007C4E990
:1071A0000A67656305B0F0BDD4E90A670220F3E71A
:1071B000D4ED017AD6E700BF00F077B80368DB07AB
:1071C00006D4437803B1FFDE0123437018467047AD
:1071D00000207047012303607047012838BF012059
:1071E00010B50446204601F045FE30B900F072F8B3
:1071F00008B901F0E3FC8047F4E710BD08B500F0E2
:1072000063F808B501F0DAFC08B501F0D7FC00001E
:1072100008B50B68B3F1804F02D30D48FFF7F4FFB8
:1072200093420BD9B3EB420F4FEA420006D2B0F1C2
:10723000804F2ABF6FF0404308600B600868013040
:1072400001D5FFF7DEFFBDE80840FFF7C6BF00BF6E
:10725000E2E202080B46012B10B41146044603D1AA
:1072600022705DF8044B7047002BFAD05DF8044B98
:107270001A4601F037BE37B50F290446019115466D
:1072800006D9002201A9FFF7C3FF019B2060A3607C
:10729000019919B120682A46FFF7DCFF019B22689B
:1072A00063600021D15403B030BD01F0EBBD08B5DF
:1072B000804701F083FC0000024B1868BFF35B8F2E
:1072C000704700BFE803002008B5FFF7F5FFFFF7A0
:1072D000EEFF0000024B1868BFF35B8F704700BFE2
:1072E000E804012010EE103A07B51E4A23F00043CF
:1072F000934206DCDFED1C0A03B05DF804EB00F0FE
:10730000EDBFB3F1FF4F04DB30EE400A03B05DF890
:1073100004FB684600F0A2FE00F00300012809D03B
:10732000022810D0B0B9DDED010A9DED000A00F091
:10733000D5FFEBE7DDED010A9DED000A01F0A4FAAF
:10734000B1EE400AE2E7DDED010A9DED000A00F032
:10735000C5FFF5E7DDED010A9DED000A012001F012
:1073600093FAD3E7D80F493F0000000010B52DED88
:10737000028B0446B0EE408A01F0CBFBB8B1B5EE0B
:10738000408AF1EE10FA12D0B0EE480A204600F022
:1073900013F8B0EE408A01F0BCFB20B1B5EE408A94
:1073A000F1EE10FA03D101F02FFC22230360B0EEBE
:1073B000480ABDEC028B10BD10EE103A33F00042CB
:1073C00025D0B2F1FF4F02D330EE000A704713F020
:1073D000FF4F22D12A4BDFED2B7A984220EE270A6D
:1073E00016DB10EE103AC3F3C752193A0244FE2AD4
:1073F00015DD10EE103ADFED247ADFED246A002B64
:10740000B0EE677AB8BFF0EE667A27EE270A7047CB
:10741000DFED1F7A20EE270A7047D20DE6E7002A3B
:1074200006DD23F0FF4343EAC25300EE103A7047F3
:1074300012F1160F1ADA4CF25033984210EE103A4D
:1074400003F000430ADD9FED100A9FED107AF0EE85
:10745000407A002B18BFB0EE470ADBE79FED0C0A1D
:107460009FED0C7AF0EE407A002BF3E7193223F00F
:10747000FF4343EAC253DFED087A07EE103AC4E750
:10748000B03CFFFF0000004CCAF24971CAF249F15A
:107490006042A20D6042A28D0000003310EE103A4F
:1074A00007B51F4A23F00043934207DCDFED1D0AB6
:1074B000002003B05DF804EB01F0E6B9B3F1FF4F33
:1074C00004DB30EE400A03B05DF804FB684600F0D0
:1074D000C5FD00F0030001280AD002280FD0C0B972
:1074E000DDED010A9DED000A012001F0CDF9EAE78A
:1074F000DDED010A9DED000A00F0F0FEE3E7DDEDB1
:10750000010A9DED000A012001F0BEF9B1EE400A2A
:10751000D9E7DDED010A9DED000A00F0DFFEF5E799
:10752000D80F493F0000000008B52DED028BB0EEEA
:10753000408A00F0BDF8B4EE488AF1EE10FAF0EEA1
:10754000408A15D6B0EE480A01F0DCFAF7EE007A70
:10755000B4EEE70AF1EE10FA0ADD01F055FBBDECDE
:10756000028B21230360BDE80840044801F020BBE2
:10757000B0EE680ABDEC028B08BD00BF5FE70208F1
:1075800000F07CB908B52DED028BF0EE408AB0EE2C
:10759000608A00F013FAF4EE488AF1EE10FA0CD685
:1075A000DFED078AB4EE688AF1EE10FA05D101F03A
:1075B0002BFB88EEA80A21230360BDEC028B08BDDB
:1075C0000000000008B52DED048BB0EE608AB0EE2F
:1075D000409A00F075FAB4EE488AF1EE10FAF0EE37
:1075E000408A3ED6B5EE409AF1EE10FA12D1B5EED1
:1075F000408AF1EE10FA39D0B0EE480A01F089FA6B
:1076000078B3B5EEC08AF1EE10FA2AD501F0FCFA93
:10761000222314E001F07DFA98B9B0EE490A01F096
:1076200078FA70B1B0EE480A01F073FA48B1F4EE9E
:10763000688AF1EE10FAE9D701F0E6FA2123036037
:107640000FE0F5EE408AF1EE10FA0AD1B0EE490AE9
:1076500001F05FFA28B1B0EE480A01F05AFA0028AA
:10766000D4D1B0EE680ABDEC048B08BDF7EE008AF9
:10767000F7E7000008B52DED028BB0EE408A00F070
:1076800029FEB4EE488AF1EE10FA0CD6DFED078A37
:10769000B4EEE88AF1EE10FA05D501F0B5FA88EEFD
:1076A000A80A21230360BDEC028B08BD0000000086
:1076B00038B510EE105A25F00044B4F17E5F2DED80
:1076C000048B0CD1DFED5D7A9FED5D7A60EE277A59
:1076D000E0EE077AB0EE670ABDEC048B38BD04DD3E
:1076E00070EE407A87EEA70AF6E7B4F17C5FF7EE1A
:1076F000008A0BDAB4F1485F52DADFED527A70EEAD
:10770000277AF4EEE87AF1EE10FAE5DC01F0FAF906
:1077100038EEC00AB6EE008A20EE088ADFED4A7A1B
:107720009FED4A7A9FED4A9AA8EE277ADFED497AD3
:10773000E7EE087A9FED487AA7EE887ADFED477A80
:10774000E7EE087A9FED467AA7EE889ADFED457A54
:10775000E8EE077A9FED447AA7EE887ADFED437A68
:10776000E7EE087AB0EE480AE7EE888A00F0B2FD4C
:107770003F4B29EE089A9C4289EE286AF0EE006A97
:107780003DDDA0EE060ADFED3B7AE0EE267A9FEDC6
:107790002C0A30EE670A002DD8BFB1EE400A9BE7F5
:1077A00060EE007ADFED286A9FED287A9FED2C6A63
:1077B000A7EEA67ADFED276AE7EE276A9FED267A25
:1077C000A6EEA77ADFED256AE7EE276A9FED207A1D
:1077D000A6EEA77ADFED236AE7EE866A9FED226ABE
:1077E000A6EEA76ADFED216AE6EE276A27EE277A82
:1077F000E6EEA78AC7EE287AA0EE270A6CE710EE1D
:10780000103A23F47F6323F00F0307EE103AA7EE3C
:10781000478A70EE077A30EE000AC8EE275ADFED8D
:10782000077AE5EEE67AD0EE067A9FED130AB0EE1F
:10783000406AA7EE666A77EEC67AAAE72EBD3BB32A
:10784000DB0FC93FCAF2497108EF1138047F4F3A84
:10785000ABAA2A3E461124BDA80A4E3E90B0A6BE51
:107860002EC69D3D613330BF2D57014039D119C01F
:107870009999793F2EBD3B33DB0F493F10EE902A9B
:1078800022F00041B1F1FF4F10B5F0EE407A06DC76
:1078900010EE100A20F00043B3F1FF4F04DD77EE45
:1078A000A07AB0EE670A10BDB2F17E5F03D1BDE8E9
:1078B000104001F053B8941704F0020444EAD07465
:1078C00043B9022C5ED09FED347A032C08BFF0EE52
:1078D000477AE6E741B9DFED317A9FED310A0028BA
:1078E000B8BFF0EE407ADCE7B1F1FF4F10D1B3F151
:1078F000FF4F04F1FF3407D1022C46D8294B03EB8C
:107900008404D4ED007ACCE7022C41D8264BF6E76C
:10791000B3F1FF4FDFD05B1AB3F1F45F4FEAE351ED
:107920001ADA002A01DA3C3119DB87EEA00A01F0ED
:10793000E9F801F013F8F0EE407A012C12D0022C95
:1079400017D0002CADD09FED190A77EE807A9FED0D
:10795000180A77EEC07AA4E7DFED107AEDE7DFEDE5
:10796000157AEAE717EE903A03F1004307EE903AF2
:1079700097E79FED0E0A77EE807A9FED0D0A70EE85
:10798000677A8EE7DFED0A7A8BE7DFED0B7A88E71F
:10799000DFED087A85E700BFDB0F49C0DB0FC93F89
:1079A000DB0FC9BFFCE2020808E302082EBDBB33AF
:1079B000DB0F494000000000DB0F493FF0B510EE3F
:1079C000905A35F0004409D010EE102A22F00043FE
:1079D000B3F1FF4F02DAB4F1FF4F04DD60EE200A8D
:1079E00080EEA00AF0BDA342FCDB02F0004605D108
:1079F000324B03EB567393ED000AF3E712F0FF4F9F
:107A00003FD119026FF07D00002937DC15F0FF4FE0
:107A10003DD127026FF07D01002F35DA10F17E0F86
:107A2000BBBF6FF07D02121AC2F316039340A8BFCA
:107A300043F4000311F17E0FB5BF6FF07D02C5F373
:107A40001604521A44F40004B8BF9440401A1A1B9A
:107A500000BB13EA220338BF1346002BC8D0B3F58E
:107A6000000F1FDB11F17E0F1FDBA3F500037F3139
:107A7000334343EAC15300EE103AB3E701384900FB
:107A8000C2E7D8157F38C1E701397F00C4E7E115A7
:107A90007F39C3E7002A02DA5B000138D7E7A7D0B5
:107AA0005300FAE75B000139D9E7C1F1FF2101F585
:107AB0007F0182310B413343DDE700BF14E302084D
:107AC0002DE9F04110EE904A34F000482DED028B84
:107AD00010EE106AB0EE408AF0EE608A0CD186F4A7
:107AE0008006760016F5000F40F2968238EE280ADE
:107AF000BDEC028BBDE8F08126F00045B5F1FF4FEB
:107B0000F4DCB8F1FF4F08DDB6F17E5FEED184F40E
:107B10008004640014F5000FE6E7002E20DAB8F1C7
:107B2000974F2DDAB8F17E5FC0F27F824FEAE853BB
:107B3000C3F1960348FA03F707FA03F3434540F00D
:107B4000748207F00107C7F10207B8F17E5F1FD109
:107B5000002C80F26782F7EE007A87EE880AC7E78A
:107B60000027B8F1FF4FF0D1B5F17E5F00F05482ED
:107B700008DD9FEDC20A002CA8BFB0EE680AB7E787
:107B80000227EEE7002C80F24A82B1EE680AAFE7E6
:107B9000B4F1804F02D128EE080AA9E7B4F17C5F66
:107BA000B0EE480A07D1002E05DBBDEC028BBDE824
:107BB000F04100F08FBB00F0A5FF25B126F0404357
:107BC000B3F17E5F16D1002CBCBFF7EE007A87EED2
:107BD000800A002E8CDAA5F17E5555EA070304D100
:107BE00070EE407A87EEA70A82E7012F80D1B1EECE
:107BF000400A7DE7F00F013857EA000304D138EE60
:107C0000488A88EE080A73E7B8F19A4F74DD9C4BF6
:107C10009D4208DC002C0BDA0020BDEC028BBDE895
:107C2000F04100F095BE974B9D4208DD002CF3DC3F
:107C30000020BDEC028BBDE8F04100F083BEF7EE02
:107C4000007A30EE670ADFED906AF5EE007AE0EE3A
:107C5000676AF6EE007AE6EEC07A20EE007A67EE0A
:107C6000277A9FED8A7A67EE677A9FED897AE0EE50
:107C7000077A9FED887AF0EE676AE0EE076A16EE03
:107C8000903A23F47F6323F00F0300EE903AE0EE86
:107C9000470A77EEE07A24F47F6424F00F0407EEBD
:107CA000104A67EEA80A38EEC77A07EE903AE7EE78
:107CB000270A013F57EA000207EE104A67EE877A6B
:107CC000B7EE008A30EEA77ABFEE000A17EE104A30
:107CD00008BFB0EE408A002C24F0004340F37E81C0
:107CE000B3F1864F40F3F880B5EEC08AF1EE10FA9A
:107CF0004CBF0120002090E716F0FF4F01BFDFEDE1
:107D0000667A60EE277A6FF0170217EE905A4FEA04
:107D1000E55318BF00227F3B1344604AC5F31605A4
:107D2000954245F07E5106DD5D4A954240F3A480C0
:107D30000133A1F5000100255A4A02EB850207EE46
:107D4000901A92ED007A584A37EE276AF7EE005AF9
:107D5000C5EE866A491041F0005101F5802101EB22
:107D6000455137EEC75A06EE101A65EE264A36EE32
:107D7000477A14EE906A164005EE906AA5EEC65A50
:107D800077EEC77A9FED497AA5EEE75A64EEA47ABA
:107D900025EE266ADFED466AA7EEA67ADFED456A94
:107DA000E7EE276A9FED387AA6EEA77ADFED426A02
:107DB000E7EE276A9FED417AA6EEA77A74EEA56AF0
:107DC00027EEA75A66EE866AE5EE076AB0EE085A15
:107DD000F0EE457AE5EEA57A77EEA67A17EE901AE0
:107DE000114007EE901A37EEC57AA5EEE57A36EE29
:107DF000C77A27EE247AA6EE277AB0EE476AA5EE78
:107E0000A76A16EE101A114006EE901AE5EEE76A20
:107E1000DFED2B7ADFED2B5A37EE667A06EE101A7D
:107E200027EE277ADFED287A2849A6EE277A01EB9C
:107E30008501D1ED007A37EE277A07EE903A244B90
:107E4000F8EEE76AF0EE477AE6EE257A03EB850571
:107E5000D5ED000A77EEA07A77EEA67A17EE903A83
:107E6000134007EE903A77EEE66A76EEE06AE6EEC9
:107E7000656A77EE667A0EE701255DE7000000008F
:107E8000F3FF7F3F0700803FABAAAA3E3BAAB83F63
:107E900070A5EC3600AAB83F0000804B71C41C00EE
:107EA000D6B35D001CE3020800F0FFFF55326C3EC4
:107EB00042F1533E05A38B3EB76DDB3E9A99193FC5
:107EC0004F38763F0038763FA0C39D362CE302083A
:107ED00024E302083CAA383340F095805FED036A42
:107EE00037EE677A70EEA66AF4EEC76AF1EE10FA22
:107EF0003FF7FAAEDB15A3F17E004FF40003034118
:107F000023444B49C3F3C7527F3A114123EA01018D
:107F100007EE101AC3F3160040F40000C2F1170276
:107F20001041002C77EEC77AB8BF404237EEA07AF6
:107F30009FED400ADFED406A17EE103A23F47F63AD
:107F400023F00F0307EE103A77EE677A27EE000A68
:107F500070EEE70ADFED397AA0EEA70AF0EE407A7C
:107F6000E7EE267AB0EE676AA7EE666A27EEA77A92
:107F700030EE460ADFED326A9FED326AE7EE066ABE
:107F80009FED316AA6EE876ADFED306AE6EE076A9A
:107F90009FED2F6AA6EE876AF0EE676AE6EE476A03
:107FA000B0EE007A27EEA66A76EEC76AA7EE800AE0
:107FB00086EE267A37EE400A70EE677AB7EE000A50
:107FC00030EE670A10EE103A03EBC053B3F5000F22
:107FD0001FDAFFF7F1F920EE080A89E51D4A9342FE
:107FE00007DDB5EEC08AF1EE10FA4CBF012000208B
:107FF0001FE608D137EE677AB4EEE07AF1EE10FAB8
:10800000FFF678AFEDE7B3F17C5F3FF773AF002089
:108010008CE700EE103ADEE7B7EE000A68E59FED68
:108020000E0A65E5B0EE480A62E500278DE500BF5F
:10803000FFFF7F008CBEBF350072313F1872313FA9
:108040000EEADDB54CBB313355B38A38610B36BB14
:10805000ABAA2A3E0000164300000000F0B510EE67
:10806000106A8E4B26F000459D4287B0F0EE407AB4
:10807000044605DC002380ED000A436000201AE07E
:10808000874B9D4246DC002E9FED860A864B25F0ED
:108090000F051FDD9D4277EEC07A0ED09FED837AEB
:1080A00037EEC70A77EEC07A80ED000A77EEC77A1E
:1080B0000120C4ED017A07B0F0BD9FED7D0A9FED70
:1080C0007D7A77EEC07A77EEC76A77EEE67AC0ED12
:1080D000006AEBE79D4277EE807A0ED09FED737ACF
:1080E00037EE870A77EEC07A80ED000A77EE877A5E
:1080F0004FF0FF30C4ED017ADDE79FED6D0A9FED93
:108100006D7A77EE807A77EE876A77EEE67AC0ED61
:10811000006AEBE7684B9D4272DC00F0F3FC9FEDD8
:10812000677AF6EE007AE0EE077AFDEEE77AB8EECF
:10813000E77A17EE900ADFED5B7AA7EE670A1F2851
:10814000DFED5A7A67EE277AB1EE476A70EE676A1A
:1081500016EE902A1CDC5A49471E25F0FF0351F801
:1081600027108B4214D0226094ED007A30EE470A3B
:10817000002E30EE670A84ED010A9CDAB1EE477AF0
:10818000B1EE400A84ED007A84ED010A404292E7A4
:10819000C2F3C751EB15C1EBD555082DE3DDDFED7B
:1081A000447ADFED445AF0EE406AE6EE276A30EE9C
:1081B000660AA6EE270AF0EE407AD7EE257A76EE2A
:1081C000E75A15EE902AC2F3C7515B1A192B04DC4B
:1081D000C4ED005AB0EE660AC6E7DFED3A5AB0EEDB
:1081E000660AA6EE250A76EEC07ADFED376AE6EE7D
:1081F000257AD7EE267A30EE677A84ED007AB3E7F7
:10820000B5F1FF4F06DB70EE407AC0ED017AC0EDAC
:10821000007A33E7EA15863AA5EBC25307EE903AA7
:10822000BDEEE77ADFED296AB8EEC77A77EEC77A56
:108230008DED037A67EEA67ABDEEE77AB8EEC77ADF
:1082400077EEC77A8DED047A67EEA67AF5EE407A7E
:10825000F1EE10FACDED057A1ED1B5EE407AF1EED1
:1082600010FA14BF02230123194901910221009140
:1082700003A8214600F092F8002EBFF61CAFD4ED03
:10828000007AF1EE677AC4ED007AD4ED017AF1EE6E
:10829000677AC4ED017A79E70323E5E7D80F493F10
:1082A000E3CB1640800FC93FD00FC93F4344353759
:1082B0000044353708A3852E800F494384F9223FB7
:1082C00034E3020800A3852E32318D240000804360
:1082D000B4E30208B1EEC00A7047000010EE103A95
:1082E00023F00043B3F1485FB7EE006A05DAFDEE14
:1082F000C07A17EE902A002A3DD060EE005ADFEDDA
:108300001F7A9FED1F7ADFED1F6A1F4AA5EEA77A3D
:108310009342DFED1E7AE7EE257A9FED1D7AA7EEF8
:10832000A57ADFED1C7AE7EE257AB0EE667AA7EE45
:10833000A57AF6EE006A65EEA67A67EE256A20EE6B
:10834000C07AA5EEA67A04DC37EEC77A36EE470A85
:108350007047114A9342DABF03F17F4306EE903A29
:10836000F5EE026A77EEE67A36EE660A77EEC77ABF
:1083700030EE670A7047B0EE460A70474ED747ADF9
:10838000F6740F31ABAA2A3D9999993E7CF293B4C9
:10839000010DD037610BB6BA0000483F2DE9F04F10
:1083A0002DED048BD9B088460290BB4966980193A5
:1083B00051F820A0DDF89CE1591E131D27DBB2F116
:1083C000030B48BF02F1040B4FEAEB00451CEC0025
:1083D000471A9FEDB57A0394A2EBC5050AEB010C91
:1083E0001CAE0EEB87090024644512DD019B1CAC1A
:1083F00004EB83040DF5887B4FF0000CD44527DC9B
:10840000DDF80890DFEDA87A2746002616E0002068
:10841000DCE7E7425DBF59F8243007EE903AF8EE0A
:10842000E77AF0EE477AE6EC017A0134DCE7F9EC22
:10843000016A97ED007AE6EE877A01368E42A7F15F
:108440000407F4DDEBEC017A0CF1010C0434D5E700
:1084500008AB03EB8A03DFED938A9FED919A0493B7
:108460000EEB800B5646B300059358AB03EB86002A
:1084700008AC44AB10ED140AA44603EB8600374663
:10848000002FA0F104004FDC2846CDE90612FEF7CC
:1084900093FFB0EE408AB4EE000A28EE000A00F026
:1084A00045FBF2EE007AA0EE678A002DDDE90612A8
:1084B000FDEEC87AB8EEE70A17EE909A38EE408AD9
:1084C00044DD06F1FF3C08ABC5F1080E53F82C70F3
:1084D00047FA0EF0814400FA0EF03F1AC5F107008A
:1084E00043F82C700741002F3FDD4FF0000E09F1DB
:1084F0000109734676456BDC002D04DD012D78D033
:10850000022D00F08180022F2FD1B7EE000A30EE4D
:10851000488A53B32846CDE90612FEF74DFFDDE940
:10852000061238EE408A20E060EE287A013FFDEE28
:10853000E77AF8EEE77AA7EEC90ABDEEC00AACEC1E
:10854000010A90ED000A37EE800A99E705D1701E06
:1085500008AB53F82070FF11C5E7F6EE007AB4EED1
:10856000E78AF1EE10FA31DA0027B5EE408AF1EE33
:1085700010FA40F09B80741EA4460020D4454ADACD
:1085800000287AD008AB083D53F82430002B00F0C7
:1085900081802846B7EE000AA500FEF70DFF44AA29
:1085A0002B1D9FED407AD1182246002A80F2AE8022
:1085B0002246002AC0F2CC8044A901EB8206DFF8F3
:1085C000DCC0DFED397A0020A11AB6E002278CE783
:1085D00020684BB918B1C0F58070206001200EF101
:1085E000010E0434034685E7C0F1FF002060184601
:1085F000F5E7741E08A850F8240000F07F000DF184
:10860000200C4CF824007EE7741E08A850F82400C3
:1086100000F03F00F3E708AB53F82C300CF1FF3CBF
:108620001843ABE70CF1010C50F8044D002CF9D0C5
:10863000059B03F5B0730DEB0300019BF4181CAB15
:10864000771C4C3803EB84046644BE42FFF60BAF44
:108650005BF82730DDF808E007EE903AF8EEE77AAD
:108660004FF0000CE4EC017ADFED0F7AA1468C4567
:1086700007DDE0EC017A0137E7E704984FF0010CE1
:10868000D2E7FEEC016A39ED017A0CF1010CE6EE5D
:10869000877AECE7013C75E7F8E60208CCE60208C9
:1086A000000080430000803B00000000039BB0EE10
:1086B000480A981AFEF780FE1FED077AB4EEC70A43
:1086C000F1EE10FA19DB5FED097A60EE277A08AA5D
:1086D000FDEEE77A741CF8EEE77A0835A7EEC70AD4
:1086E000FDEEE77ABDEEC00A10EE103A42F82630F1
:1086F00017EE903A42F824304BE7BDEEC00A08AAC4
:1087000010EE103A344642F8263042E708A850F8F6
:108710002200019007EE900AF8EEE77A013A67EE40
:10872000807A20EE070A61ED017A3EE7FCEC016AEF
:10873000B6EC017AE6EE877A0130504501DC8842DA
:10874000F4DD58A800EB810141ED287A013A30E7C9
:10875000669A022A09DC002A2ADC43D009F00700C5
:1087600059B0BDEC048BBDE8F08F669B032BF5D1AF
:1087700030AB2B441A46194620460028A1F10401CB
:1087800051DC21460129A2F104025CDC5FED3A7A5A
:108790000433012C67DCDDED306A9DED317A002F6A
:1087A00067D1C8ED006A88ED017AC8ED027AD5E795
:1087B00030AA1FED437A13442246002A24DA4FB32D
:1087C000F1EE477AC8ED007ADDED307A77EEC77AC0
:1087D00031AA01239C4220DA0FB1F1EE677AC8ED8D
:1087E000017ABBE730AA5FED507A1344002C05DA1A
:1087F0000FB1F1EE677AC8ED007AAFE733ED017A99
:10880000013C77EE877AF1E773ED017A013A37EEB2
:10881000277AD2E7F0EE477AD4E7B2EC017A013357
:1088200077EE877AD6E7D1ED007AD1ED016A37EE9F
:10883000A67A013877EEC77A81ED007A77EEA67ACC
:10884000C1ED017A99E7D2ED007AD2ED016A37EEF7
:10885000A67A013977EEC77A82ED007A77EEA67AAA
:10886000C2ED017A8EE733ED017A013C77EE877A2B
:108870008FE7F1EE666AB1EE477AC8ED006A88EDDF
:10888000017AF1EE677A90E710EE103A23F0004398
:10889000B3F1485F04DAFDEEC07A17EE903A5BB3AD
:1088A00020EE007ADFED157A9FED156AA7EE276AB4
:1088B000DFED147AE6EE077A9FED136AA7EE876A7A
:1088C000DFED127A60EE076AE6EE077A30B99FEDC7
:1088D000106AA7EE276AA6EE260A704767EEE67AC8
:1088E000B6EE006AE0EE867AD7EE870ADFED097A07
:1088F000E6EEA70A30EE600A704700BFD3C92E2FFC
:10890000342FD7B21BEF3836010D50B98988083C97
:10891000ABAA2ABEABAA2A3E13B504468DED010AC6
:1089200000F072F99DED010A046002B010BD30B193
:10893000F1EE407A27EE800A2220FFF7EDBFF0EE3D
:10894000407AF7E79FED010AFFF7F1BF0000001042
:108950009FED010AFFF7EBBF0000007038B510EE85
:10896000105A25F00044B4F1A14FF0EE407A10DB2C
:10897000B4F1FF4F04DD70EE007AB0EE670A38BD47
:10898000DFED4D7A9FED4D0A002DD8BFF0EE407A15
:10899000F3E74B4B9C4210DCB4F1445F0ADA9FEDE5
:1089A000497A30EE077AF7EE006AB4EEE67AF1EE35
:1089B00010FAE2DC4FF0FF3313E000F0A3F8424B73
:1089C0009C424FDCA3F5D0039C4241DCF0EE007AE0
:1089D000BFEE007AA0EE277A002330EE270AC7EE1A
:1089E000007A5A1C27EEA76A9FED387ADFED385AD5
:1089F0009FED385A66EE066AE6EE875A9FED367AA4
:108A0000A5EEA67ADFED355AE7EE265A9FED347AC9
:108A1000A5EEA67ADFED335AE7EE265A9FED327ABD
:108A2000A6EE875A9FED317AA5EE267A9FED305A51
:108A3000A7EE265A9FED2F7AA5EE267A27EE267A04
:108A4000A5EE867A27EE877A21D177EEC77A94E76A
:108A5000F7EE007A30EE677A30EE270A0123C7EE90
:108A6000007ABEE7244B9C420BDCF7EE087AB7EEA7
:108A7000007AA0EE277A022370EE676AC6EE877A44
:108A8000AFE7BFEE007AC7EE007A0323A9E71B4ADF
:108A90001B4902EB830201EB830393ED000A37EEDF
:108AA000407A92ED000A77EE677A002D70EE677AD1
:108AB000B8BFF1EE677A60E7DB0FC93FDB0FC9BFD4
:108AC000FFFFDF3ECAF24971FFFF973FD769853C40
:108AD00059DA4B3D6BF16EBD356B883D6E2EBA3D5C
:108AE0002549123EABAAAA3E21A215BD95879DBD80
:108AF000388EE3BDCDCC4CBEFFFF1B4004E702081F
:108B000014E7020810EE103A23F0004300EE103A8A
:108B1000704782B08DED010A019820F00040B0F15D
:108B2000FF4FACBF0020012002B0704710EE103A9A
:108B3000C3F3C7527F3A162A23F000412ADC002AE9
:108B400011DADFED187A30EE270AB5EEC00AF1EE41
:108B500010FA05DD002B23DA134A002918BF13464B
:108B600000EE103A7047114911410B42FAD0DFED87
:108B70000D7A30EE270AB5EEC00AF1EE10FAEFDDFD
:108B8000002BBEBF4FF4000040FA02F29B1823EA0C
:108B90000103E5E7B1F1FF4FE4D330EE000A70477F
:108BA0000023DDE7CAF24971000080BFFFFF7F00AC
:108BB0009FED010A704700BF0000C07F08B5062086
:108BC00000F008FE0120E1F7B5FB00001FB51446D8
:108BD0001A46094B1B680546D8684CB1074B0091F3
:108BE000CDE9013406492B4600F0EAF8FFF7E6FF2D
:108BF000044B1C46F3E700BFEC03002024E7020807
:108C000031E702085FE70208014B1868704700BFB0
:108C1000EC030020002310B50446C0E90033C0E98E
:108C20000433836081814366C281836119460822CF
:108C30005C3000F057F9054B6362054BA362054BAE
:108C4000E362054B2462236310BD00BF4D98020808
:108C50006F980208A7980208CB980208014900F013
:108C6000C1B800BFA59B020870B568224D1E5543D0
:108C70000E4605F1740100F0A9F9044640B1002147
:108C8000C0E900160C30A06005F1680200F02AF976
:108C9000204670BD014800F0EAB800BFED04012095
:108CA000014800F0E5B800BFED040120014800F0E4
:108CB000DEB800BFEE040120014800F0D9B800BFC3
:108CC000EE04012010B50446FFF7F0FFA3691BB1C5
:108CD000BDE81040FFF7F0BFC4E912332365134B22
:108CE000134A1B68A262A34204BF0123A36120466A
:108CF00000F020F86060204600F01CF8A0602046DC
:108D000000F018F80022E06004216068FFF782FF9D
:108D1000A06801220921FFF77DFFE06802221221ED
:108D2000FFF778FF0123A361D2E700BFC0E7020885
:108D30005D8C0208F8B50746FFF7ACFF1E4B1E68B6
:108D4000B36913B93046FFF7BDFF4836D6E90134A1
:108D5000013B03D533680BB33668F7E7B4F90C5021
:108D6000D5B9164BE36004F15800656600F07EF853
:108D7000FFF796FFC4E90155C4E904552560A561D4
:108D80000822294604F15C0000F0ACF8C4E90D5556
:108D9000C4E912552046F8BD6834D9E704213846A5
:108DA000FFF762FF044630600028D5D1FFF778FF57
:108DB0000C233B60EEE700BFC0E702080100FFFFA5
:108DC0000EB403B5014603AB054853F8042B006805
:108DD000019300F099F902B05DF804EB03B070471D
:108DE000EC0300202DE9F8430646884600F14804CC
:108DF0000027D4E90195B9F1010905D52468002CB3
:108E0000F7D13846BDE8F883AB89012B07D9B5F90E
:108E10000E30013303D029463046C047074368353A
:108E2000E9E7000070B50D4D0D4C641BA410002641
:108E3000A64209D10B4D0C4C01F03AF9641BA41069
:108E40000026A64205D170BD55F8043B984701366F
:108E5000EEE755F8043B98470136F2E700E80208D0
:108E600000E8020800E802080CE8020870477047B2
:108E700070470000024B0146186800F0A7B800BF19
:108E8000EC030020024B0146186800F033B800BF25
:108E9000EC0300200A44914200F1FF3300D17047F7
:108EA00010B511F8014B03F8014F9142F9D110BDF3
:108EB000884210B501EB020402D98442234607D848
:108EC000431EA14208D011F8012B03F8012FF8E747
:108ED000024401468A4200D110BD13F8014D02F848
:108EE000014DF7E702440346934200D1704703F86F
:108EF000011BF9E737B5002944D051F8043C019033
:108F0000002BA1F10404B8BFE41800F0FFFE1E4AD4
:108F10000198136833B96360146003B0BDE8304052
:108F200000F0FABEA34208D9256861198B4201BF3F
:108F300019685B6849192160EDE71A465B680BB157
:108F4000A342FAD911685518A5420BD124682144CF
:108F50005418A3421160E0D11C685B68536021443F
:108F60001160DAE702D90C230360D6E7256861199E
:108F70008B4204BF19685B68636004BF49192160B4
:108F80005460CAE703B030BDF004012070B50E4E46
:108F90000C463168054611B900F0E4FB306021460B
:108FA000284600F0DFFB431C0AD0C41C24F0030455
:108FB000A04207D0211A284600F0D4FB013001D18D
:108FC0004FF0FF34204670BDF40401202DE9F0413C
:108FD000CD1C25F0030508350C2D38BF0C25002DC0
:108FE000074601DBA94205D90C233B600026304629
:108FF000BDE8F0812E4E00F089FE33681C4634BB7C
:1090000029463846FFF7C2FF431C04464DD1346859
:109010002646002E40D123683146384604EB03082B
:1090200000F0A0FB80453AD1216803356D1A25F088
:10903000030508350C2D38BF0C2529463846FFF7A7
:10904000A5FF01302BD023682B4423600EE022685B
:10905000521B1ED40B2A16D96119A342256018BFD2
:109060005960636808BF316062514B60384604F153
:109070000B0600F051FE26F00706231DF21AB6D0AB
:109080009B1BA350B3E76268A3420CBF32605A60D7
:10909000ECE723466468B2E734467668B9E70C2308
:1090A0003B60384600F038FEA1E72560DEE700BFF0
:1090B000F00401209368013B002B10B4936008DAA0
:1090C0009469A34201DB0A2903D15DF8044B00F047
:1090D00001BC1368581C1060197008465DF8044BF9
:1090E0007047F8B506460F461446D518AC4201D174
:1090F000002007E014F8011B3A463046FFF7DAFF7C
:10910000431CF3D1F8BD00002DE9F04F0D469DB092
:1091100014469846064618B183690BB9FFF7D2FD8D
:10912000894B9D421BD175686B6ED90705D4AB89FD
:109130009A0502D4A86DFFF79AFEAB891B0701D5EB
:109140002B69EBB92946304600F028FCC0B16B6EA4
:10915000DC070ED54FF0FF301DB0BDE8F08F7B4B24
:109160009D4201D1B568DFE7794B9D4208BFF568A4
:10917000DAE7AB899805EDD4A86DFFF779FEE9E74A
:109180000023099320238DF82930CDF80C8030235B
:10919000DFF8C0818DF82A304FF0010923469A4646
:1091A00013F8012B0AB1252AF9D1BAEB040B0BD025
:1091B0005B46224629463046FFF793FF013000F018
:1091C000AA80099A5A4409929AF80030002B00F0BC
:1091D000A28000234FF0FF32CDE905230AF1010AF6
:1091E000049307938DF853301A935446052214F8CC
:1091F000011B5848DFF70CF8049AD8B9D10644BFD0
:1092000020238DF85330130744BF2B238DF85330A0
:109210009AF800302A2B15D0079A544600204FF0B8
:109220000A0C214611F8013B303B092B4ED9B0B155
:10923000079214E0A0EB080309FA03F31343049325
:10924000A246D2E7039B191D1B680391002BBBBFED
:109250005B4242F0020207930793B8BF049223785F
:109260002E2B0CD163782A2B35D1039B1A1D1B683A
:109270000392002BB8BF4FF0FF3302340593DFF8A1
:10928000E4A0217803225046DEF7C2FF40B140231C
:10929000A0EB0A0003FA00F0049B0343013404939B
:1092A00014F8011B2C488DF828100622DEF7B0FFB9
:1092B00000283FD0294B1BBB039B073323F0070338
:1092C00008330393099B3B44099367E70CFB023285
:1092D0000C460120A5E700230134059319464FF001
:1092E0000A0C204610F8012B303A092A03D9002B2A
:1092F000C5D00591C3E70CFB012104460123F0E72B
:1093000003AB00932A46164B04A93046AFF3008006
:109310000746781CD6D16B6ED90705D4AB899A0560
:1093200002D4A86DFFF7A4FDAB895B063FF512AF31
:10933000099811E703AB00932A46094B04A930466C
:1093400000F080F8E4E700BF80E70208A0E7020829
:1093500060E70208C4E70208CEE702080000000048
:10936000E3900208CAE702082DE9F047164699463D
:109370008A680B69DDF820809342B8BF13463360DA
:1093800091F8432007460C460AB101333360236845
:10939000990642BF336802333360256815F006052D
:1093A00006D104F1190AE36832689B1AAB4226DC45
:1093B00094F84320131E226818BF012392062BD471
:1093C00004F1430249463846C04701301ED02368A5
:1093D000E568326803F00603042B08BFAD1AA368E2
:1093E00022690CBF25EAE57500259342C4BF9B1A8C
:1093F000ED1800261A34B5421AD1002008E00123E6
:10940000524649463846C047013003D14FF0FF303D
:10941000BDE8F0870135C6E7E1185A1C302081F815
:109420004300224494F8451082F843100233C7E702
:109430000123224649463846C0470130E6D001366E
:10944000D9E700002DE9FF470F7E0C9D782F91464C
:1094500080460C469A4601F1430207D8622F0AD88B
:10946000002F00F0D880582F00F0A38004F14205AF
:1094700084F842703AE0A7F16303152BF6D801A1F6
:1094800051F823F0DD940208F19402086D9402086B
:109490006D9402086D9402086D940208F19402081C
:1094A0006D9402086D9402086D9402086D94020890
:1094B000FD95020821950208DF9502086D940208C7
:1094C0006D9402081F9602086D9402082195020807
:1094D0006D9402086D940208E79502082B681A1D26
:1094E0001B682A6004F1420584F842300123A3E09E
:1094F00020682968060601F104030AD50E682B606E
:10950000002E03DA2D23764284F843305E480A2386
:1095100019E00E682B6010F0400F18BF36B2EFE76D
:109520002B682068191D2960010601D51E6802E01C
:109530004606FBD51E8854486F2F0CBF08230A230C
:10954000002184F843106568A560002DA2BF216842
:1095500021F0040121600EB9002D4DD01546B6FB57
:10956000F3F103FB1167C75D05F8017D3746BB4288
:109570000E46F4D9082B0BD12368DE0708D52369E2
:1095800061689942DEBF302305F8013C05F1FF35E3
:10959000521B2261CDF800A04B4603AA214640464B
:1095A000FFF7E2FE01304CD14FF0FF3004B0BDE8D0
:1095B000F087354881F845702968236851F8046BB5
:1095C00029601D0614D5DF0744BF43F02003236044
:1095D0001EB9236823F0200323601023B0E723681B
:1095E00043F0200323607823284884F84530E3E7DC
:1095F000590648BFB6B2E6E71546BBE72B682668B2
:109600006169181D286035061B6801D5196002E0E4
:109610007006FBD51980002323611546BAE72B6835
:109620001A1D2A601D68626800212846DEF7F0FDD9
:1096300008B1401B606063682361002384F84330F5
:10964000A8E723692A4649464046D0470130ABD0B7
:1096500023689B0713D4E068039B9842B8BF184661
:10966000A4E70123324649464046D04701309BD00B
:109670000135E36803995B1AAB42F2DCEBE70025A6
:1096800004F11906F5E700BFD5E70208E6E702088E
:1096900038B50C460968054609B1FFF7F9FF2146C0
:1096A0002846BDE83840FFF725BC00002C4B1B685E
:1096B000834270B5044651D0436A43B1DB68002B46
:1096C0004AD1636A196811B12046FFF713FC61693A
:1096D00011B12046FFF70EFC616A11B12046FFF779
:1096E00009FCA16B11B12046FFF704FCE16B11B13D
:1096F0002046FFF7FFFB216C11B12046FFF7FAFB74
:10970000E16D11B12046FFF7F5FBA16D11B12046C7
:10971000FFF7F0FB616B11B12046FFF7EBFBA3698C
:10972000E3B1A36A20469847A16CB9B12046BDE8D1
:109730007040FFF7ADBF495941B90435636A802DC8
:10974000D968F8D12046FFF7D5FBBAE70E68204666
:10975000FFF7D0FB3146EFE70025EFE770BD00BF14
:10976000EC03002038B5064D0023044608462B6064
:10977000E0F710FE431C02D12B6803B1236038BD13
:10978000F80401201F2938B504460D4604D91623D4
:1097900003604FF0FF3038BD426C12B152F82130F7
:1097A0004BB9204600F030F82A4601462046BDE875
:1097B000384000F017B8012B0AD0591C03D11623EA
:1097C00003600120E7E7002442F825402846984737
:1097D0000020E0E7024B01461868FFF7D3BF00BF47
:1097E000EC03002038B5074D002304460846114617
:1097F0002B60E0F797FD431C02D12B6803B1236077
:1098000038BD00BFF8040120E0F78ABD0EB400B5F2
:109810009CB01DAB029006906FF000410948079183
:109820000491094953F8042B05910068019302A99A
:1098300000F002FB029B00221A701CB05DF804EBE2
:1098400003B07047EC0300200802FFFF10B50C4680
:10985000B1F90E1000F0F0FB0028ABBF636DA389D7
:109860001B1823F48053ACBF6365A38110BD2DE9A1
:10987000F0411F468B89DB0505460C46164605D58B
:10988000B1F90E100223002200F0C8F9A389B4F93F
:109890000E1023F48053A38132463B462846BDE890
:1098A000F04100F069B810B50C46B1F90E1000F0A7
:1098B000B5F9431CA38915BF606523F4805343F4B5
:1098C0008053A38118BFA38110BDB1F90E1000F021
:1098D000D3B80000F8B50E461446054618B18369A2
:1098E0000BB9FFF7EFF9214B9C422BD16C68A369B0
:1098F000A360A3891A072FD523696BB32369206856
:10990000C01A6369F6B28342374604DC2146284612
:1099100000F048F930BBA368013BA36023685A1CE0
:1099200022601E7063690130834204D0A389DB0783
:1099300006D50A2E04D12146284600F033F988B90D
:109940003846F8BD0A4B9C4201D1AC68CFE7094BC1
:109950009C4208BFEC68CAE72146284600F01EF882
:109960000028CBD04FF0FF37EAE700BF80E70208BE
:10997000A0E7020860E7020838B5074D044608462C
:10998000114600222A601A46E0F7E8FC431C02D187
:109990002B6803B1236038BDF8040120324B70B549
:1099A0001D6806460C4625B1AB6913B92846FFF77A
:1099B00089F92E4B9C420FD16C68A389B4F90C2015
:1099C00019072CD4DD0611D40923336042F040037B
:1099D000A3814FF0FF303EE0254B9C4201D1AC68A3
:1099E000EBE7244B9C4208BFEC68E6E7580712D52A
:1099F000616B41B104F14403994202D03046FFF754
:109A000079FA00236363A38923F02403A38100234D
:109A1000636023692360A38943F00803A38123695A
:109A20004BB9A38903F42073B3F5007F03D021461B
:109A3000304600F02BF9A089B4F90C2010F0010396
:109A40000AD00023A36063695B42A361236943B921
:109A500010F08000BAD170BD810758BF6369A36060
:109A6000F4E70020F7E700BFEC03002080E70208DE
:109A7000A0E7020860E7020838B5064D0023044657
:109A800008462B60E0F778FC431C02D12B6803B139
:109A9000236038BDF80401208A892DE9F04105468C
:109AA00010070C4658D44B68002B05DC0B6C002BC0
:109AB00002DC0020BDE8F081E66A002EF9D0002328
:109AC00012F480522F682B6032D0606DA3895A0740
:109AD00005D56368C01A636B0BB1236CC01A0023F1
:109AE0000246E66A216A2846B047431CA38906D18C
:109AF00029681D292CD82A4ACA40D60728D5002211
:109B00006260D9042269226004D5421C01D12B680D
:109B100003B96065616B2F600029CAD004F144036A
:109B2000994202D02846FFF7E5F900206063C1E7BB
:109B3000216A01232846B047411CC7D12B68002B5E
:109B4000C4D01D2B01D0162B01D12F60B1E7A38902
:109B500043F04003A381ADE70F69002FA9D093071D
:109B60000E6808BF4B690F6018BF0023A6EB0708FB
:109B70008B60B8F1000F9CDD216AA66A43463A4625
:109B80002846B047002806DCA38943F04003A381A0
:109B90004FF0FF308EE70744A8EB0008E9E700BF6D
:109BA0000100402038B50B6905460C4613B9002565
:109BB000284638BD18B183690BB9FFF783F8144BF9
:109BC0009C421BD16C68B4F90C30002BEFD0626E54
:109BD000D00704D4990502D4A06DFFF748F92846B0
:109BE0002146FFF759FF636EDA070546E0D4A389E3
:109BF0009B05DDD4A06DFFF73BF9D9E7054B9C42EF
:109C000001D1AC68DFE7044B9C4208BFEC68DAE79F
:109C100080E70208A0E7020860E7020838B5074DB0
:109C200004460846114600222A601A46E0F7B0FBB7
:109C3000431C02D12B6803B1236038BDF804012016
:109C400070B50E46B1F90E10002996B014461D46A7
:109C500008DAB6F90C3000222A601A0610D44FF444
:109C600080630EE06A4600F0F9F90028F1DB019A02
:109C700002F47042A2F500535A425A412A60EEE7BC
:109C800040230020236016B070BD00008B8973B59F
:109C90009D0706460C4607D504F147032360236160
:109CA0000123636102B070BD01AB6A46FFF7C8FFD4
:109CB000009905463046FFF789F948B9B4F90C30E8
:109CC0009A05EFD423F0030343F00203A381E3E7F3
:109CD0000D4BB362A389206043F08003A381009BF6
:109CE0006361019B20615BB1B4F90E10304600F056
:109CF000C7F928B1A38923F0030343F00103A3812B
:109D0000A0890543A581CDE75D8C02080148FFF7D6
:109D1000AEB800BFEC0401200148FFF7A9B800BFAE
:109D2000EC0401202DE9F041804614460E4621B98D
:109D3000BDE8F0411146FFF749B92AB9FFF7DAF853
:109D400025462846BDE8F08100F0AAF9844207467E
:109D500002D8B4EB500F12D821464046FFF736F92F
:109D600005460028EDD0BC422246314628BF3A467F
:109D7000FFF790F831464046FFF7BCF8E1E735467B
:109D8000DFE72DE9F0478E689E4282460C469046FA
:109D90001F4638D88A8912F4906F32D02568096935
:109DA000A5EB0109656905EB450505EBD5750133A3
:109DB0004B446D109D4238BF1D46530531D5294691
:109DC000FFF704F9064650B90C23CAF80030A389FE
:109DD00043F04003A3814FF0FF30BDE8F0872169D5
:109DE0004A46FFF757F8A38923F4906343F08003B2
:109DF000A381266165614E44A5EB09052660A56037
:109E00003E46BE4200D93E46206832464146FFF7F4
:109E10004FF8A3689B1BA360236833442360002092
:109E2000DBE72A46FFF77EFF06460028E1D12169DD
:109E30005046FFF75FF8C7E72DE9F04F98468B894A
:109E40001B069DB007460D4614460ED50B6963B937
:109E50004021FFF7BBF82860286120B90C233B6044
:109E60004FF0FF30D1E040236B61002309932023A2
:109E70008DF82930CDF80C803023DFF8A8818DF8DB
:109E80002A304FF0010923469A4613F8012B0AB1F4
:109E9000252AF9D1BAEB040B0BD05B4622462946A2
:109EA0003846FFF76EFF013000F0AA80099A5A4445
:109EB00009929AF80030002B00F0A28000234FF0A6
:109EC000FF32CDE905230AF1010A049307938DF8C7
:109ED00053301A935446052214F8011B5148DEF7FB
:109EE00097F9049AD8B9D00644BF20238DF853308F
:109EF000110744BF2B238DF853309AF800302A2BDA
:109F000015D0079A544600204FF00A0C214611F84C
:109F1000013B303B092B4ED9B0B1079214E0A0EBC6
:109F2000080309FA03F313430493A246D2E7039B01
:109F3000191D1B680391002BBBBF5B4242F002025C
:109F400007930793B8BF049223782E2B0CD1637824
:109F50002A2B35D1039B1A1D1B680392002BB8BF17
:109F60004FF0FF3302340593DFF8C8A021780322B5
:109F70005046DEF74DF940B14023A0EB0A0003FA4A
:109F800000F0049B03430134049314F8011B26489A
:109F90008DF828100622DEF73BF9002838D0234B35
:109FA0001BBB039B073323F0070308330393099B71
:109FB0003344099367E70CFB02320C460120A5E706
:109FC00000230134059319464FF00A0C204610F87F
:109FD000012B303A092A03D9002BC5D00591C3E7DC
:109FE0000CFB012104460123F0E703AB00932A4652
:109FF0000F4B04A93846AFF30080421C0646D6D169
:10A00000AB895B063FF52CAF09981DB0BDE8F08F1A
:10A0100003AB00932A46064B04A93846FFF712FA11
:10A02000EBE700BFC4E70208CEE70208000000002B
:10A03000839D0208CAE7020838B5074D0446084662
:10A04000114600222A601A46E0F77AF9431C02D131
:10A050002B6803B1236038BDF804012038B5074DE3
:10A0600000230446084611462B60E0F789F9431C9B
:10A0700002D12B6803B1236038BD00BFF804012072
:10A0800038B5064D0023044608462B60E0F77EF9FC
:10A09000431C02D12B6803B1236038BDF8040120B2
:10A0A00051F8043C181F002BBCBF0B58C018704758
:10A0B000F8B500BFF8BC08BC9E467047F8B500BFB5
:08A0C000F8BC08BC9E46704785
:10A0C8004E450200F30000004E450200FF0000006C
:10A0D8004E450200010000004E4502000500000048
:10A0E8004E450200020000004E4502000400000038
:10A0F8004E450200030000004E450200010000002A
:10A108004E450200050000004E4502000200000016
:10A118004E450200040000004E4502000300000006
:10A128004E450200060000004E4502000F000000E8
:10A138004E4502001F000000000000000100000062
:10A1480002000000040000000700000000000000FA
:10A158000000000000000000000000000000803F38
:10A168000000803F0AD7A33C9A99993E9A99993E54
:10A178000AD7A33C9A99993E9A99993E0AD7A33C43
:10A188009A99993E9A99993E4260653B0AD7A33CB1
:10A198000AD7A33C4260653B0AD7A33C0AD7A33C35
:10A1A8004260653B0AD7A33C0AD7A33C6F12033B26
:10A1B8008FC2F53C8FC2F53C6F12033B8FC2F53C52
:10A1C8008FC2F53C6F12033B8FC2F53C8FC2F53C42
:10A1D800A69BC43B8FC2F53C8FC2F53CA69BC43BF3
:10A1E8008FC2F53C8FC2F53CA69BC43B8FC2F53CA1
:10A1F8008FC2F53C53656D5461736B506F6C6C4D39
:10A208006D63000053656D5461736B506F6C6C42E5
:10A218006D70000053656D5461736B506F6C6C42C8
:10A228006D6D320053656D5461736B506F6C6C4289
:10A238006D6D310053656D5461736B52656365696B
:10A248007665536368613633544461746100000075
:10A2580053656D44617461526563656976656454DC
:10A26800646B320053656D4461746152656365695E
:10A2780076656454646B310053656D6170686F7204
:10A288006554646B3200000053656D6170686F72CD
:10A298006554646B3100000053656D6170686F72BE
:10A2A800655461736B43616E53656E64657200003B
:10A2B80053656D6170686F72655461736B31306D91
:10A2C8007300000053656D6170686F726554617347
:10A2D8006B356D730000000053656D6170686F72B7
:10A2E800655461736B316D730000000054696D65CE
:10A2F800724379636C69635461736B5472696767FD
:10A308006572000051756575655461736B50726FA5
:10A318006365737353796E6300000000517565754A
:10A32800655461736B527332333253656E64657270
:10A33800000000005461736B496E697400000000EE
:10A348005461736B506F6C6C4D6D63005461736B2B
:10A35800506F6C6C426D70005461736B506F6C6C15
:10A36800426D6D32000000005461736B506F6C6C6D
:10A37800426D6D31000000005461736B5265636576
:10A3880069766553636861363354446174610000CB
:10A398005461736B506F6C6C49636D320000000040
:10A3A8005461736B506F6C6C49636D310000000031
:10A3B8005461736B43616E526563656976657200BB
:10A3C8005461736B43616E53656E6465720000007F
:10A3D8005461736B50726F6365737353796E630066
:10A3E8005461736B527332333253656E6465720015
:10A3F8005461736B31306D73000000005461736BEE
:10A40800356D73005461736B316D73000CA30208D2
:10A41800000000002C05002050000000240500204A
:10A428000800000024A3020800000000880500209E
:10A438005000000080050020080000006CA20208FF
:10A4480000000000DC0500205000000058A20208AF
:10A458000000000030060020500000002CA2020876
:10A46800000000008C060020500000001CA202081A
:10A4780000000000DC060020500000000CA20208CA
:10A48800000000002C07002050000000FCA102087A
:10A498000000000080070020500000003CA20208D5
:10A4A80000000000D407002050000000B8A20208F5
:10A4B800000000002808002050000000E0A2020868
:10A4C800000000007C08002050000000CCA2020818
:10A4D80000000000D008002050000000A0A20208E0
:10A4E80000000000240900205000000090A202088B
:10A4F80000000000780900205000000080A2020837
:10A5080000000000CC09002050000000F8A3020859
:10A5180000000000204A0020CC000000200A002093
:10A5280000400000180000000000000000000000CB
:10A538000CA4020800000000F04C0020CC00000031
:10A54800F04A00200002000008000000000000009F
:10A558000000000004A4020800000000C05500200C
:10A56800CC000000C04D00200008000021000000C1
:10A578000000000000000000B8A30208000000006E
:10A58800905A0020CC0000009056002000040000E3
:10A59800280000000000000000000000C8A3020816
:10A5A80000000000605F0020CC000000605B00201D
:10A5B800000400002000000000000000000000006F
:10A5C8003CA302080000000030640020CC0000001A
:10A5D8003060002000040000370000000000000088
:10A5E8000000000070A302080000000000670020BF
:10A5F800CC000000006500200002000028000000D8
:10A60800000000000000000060A302080000000035
:10A61800D0690020CC000000D067002000020000B4
:10A6280028000000000000000000000054A30208F9
:10A6380000000000A06C0020CC000000A06A0020F0
:10A6480000020000280000000000000000000000D8
:10A65800A8A302080000000078710020CC000000C8
:10A66800786D0020000200002800000000000000B3
:10A678000000000098A302080000000044720020B7
:10A68800CC000000786F00200002000028000000C5
:10A69800000000000000000048A3020800000000BD
:10A6A80010750020CC00000010730020000200008C
:10A6B800280000000000000000000000D8A30208E5
:10A6C80000000000E0770020CC000000E0750020CA
:10A6D8000002000029000000000000000000000047
:10A6E80080A3020800000000B0800020CC00000019
:10A6F800B0780020000800002800000000000000DA
:10A7080000000000E8A30208000000008085002087
:10A71800CC00000080810020000400002000000020
:10A728000000000000000000F4A202080000000081
:10A73800508600202C0000000000000000000000EF
:10A7480001020304060708090000000001020304CF
:10A758000006101600061016020000000100000096
:10A7680003000000030000000400000049444C45B9
:10A7780000000000546D725100000000546D7220FA
:10A78800537663000A0A415353455254494F4E20A9
:10A798004641494C45443A2066756E6374696F6E4C
:10A7A800200000002C206C696E6520002E0A000035
:10A7B8003030303130323033303430353036303775
:10A7C800303830393130313131323133313431355B
:10A7D8003136313731383139323032313232323341
:10A7E8003234323532363237323832393330333127
:10A7F800333233333334333533363337333833390D
:10A808003430343134323433343434353436343704
:10A8180034383439353035313532353335343535EA
:10A8280035363537353835393630363136323633D0
:10A8380036343635363636373638363937303731B6
:10A84800373237333734373537363737373837399C
:10A858003830383138323833383438353836383794
:10A86800383838393930393139323933393439357A
:10A8780039363937393839390000000066616C7368
:10A888006500000043426168727346696C746572C2
:10A898005377633A3A43426168727346696C7465E8
:10A8A80072537763282900002E2E2F5274652F5378
:10A8B80072632F43426168727346696C74657253A0
:10A8C80077632E637070000075496E7374616E63F0
:10A8D80065496E646578203D3D20305500000000D4
:10A8E8007374617469632043426168727346696C6A
:10A8F80074657253776326204342616872734669B0
:10A908006C7465725377633A3A676574496E737409
:10A91800616E6365496D706C28756E7369676E65E5
:10A928006420696E74290000000000000000000027
:10A938009D510108A1510108626F6F6C2043426D5F
:10A948006D3135304472697665723A3A7772697456
:10A958006552656769737465722875696E74385FC6
:10A96800742C2075696E74385F742A290000000001
:10A97800433A2F55736572732F6665646F722F445F
:10A988006174612F50726F6A6563745F4E452F342E
:10A99800315F436F64655F646576656C6F706D6584
:10A9A8006E745F776F726B2F62616872732D737745
:10A9B8002F30315F4C6962726172792F53746D3335
:10A9C800322F447269766572732F43426D6D31354B
:10A9D800304472697665722E6370700075496E73C3
:10A9E80074616E6365496E646578203C2043426DEE
:10A9F8006D3135304472697665723A3A736B7549D0
:10AA08006E7374616E6365436F756E745F000000EA
:10AA18007374617469632043426D6D3135304472DB
:10AA280069766572262043426D6D3135304472690E
:10AA38007665723A3A676574496E7374616E6365D8
:10AA4800496D706C28756E7369676E656420696EF0
:10AA580074290000626F6F6C2043426D6D31353090
:10AA68004472697665723A3A7265616446726F6DCE
:10AA7800416464722875696E74385F742C20756936
:10AA88006E74385F742A2C2075696E74385F742967
:10AA9800000000000000000000000000AD560108A2
:10AAA8004D5401087374617469632043426D7033B7
:10AAB8003834447269766572262043426D703338A3
:10AAC800344472697665723A3A676574496E73748C
:10AAD800616E6365496D706C28756E7369676E6524
:10AAE8006420696E74290000433A2F5573657273A8
:10AAF8002F6665646F722F446174612F50726F6A9C
:10AB08006563745F4E452F34315F436F64655F64DE
:10AB18006576656C6F706D656E745F776F726B2F9D
:10AB280062616872732D73772F30315F4C6962727E
:10AB38006172792F53746D33322F4472697665725E
:10AB4800732F43426D703338344472697665722EC0
:10AB5800637070000000000000000000E15F010861
:10AB6800D55B01086F70496E7374616E6365000090
:10AB780073746174696320696E74204343616E481D
:10AB8800616E646C65723A3A64727653656E6428D5
:10AB980043616E6173496E7374616E63652A2C201C
:10ABA800696E742C20636F6E73742043616E6173D9
:10ABB80043616E4672616D652A2900002E2E2F5260
:10ABC80074652F496E632F4343616E48616E646CF0
:10ABD80065722E6800000000694966616365203E61
:10ABE8003D203020262620694966616365203C2087
:10ABF80043414E5F49464143455F434F554E5400DC
:10AC08006B6F704672616D6500000000737461744B
:10AC1800696320766F69642A204343616E48616ED8
:10AC2800646C65723A3A7374617469634D616C6CF3
:10AC38006F632843616E6173496E7374616E6365F7
:10AC48002A2C20696E7429002E2E2F5274652F53DA
:10AC580072632F4343616E48616E646C65722E6344
:10AC6800707000006953697A65203E20300000004A
:10AC78006F70506C6174666F726D000073746174EC
:10AC8800696320696E74204343616E48616E646C29
:10AC980065723A3A64727646696C746572284361E3
:10ACA8006E6173496E7374616E63652A2C20696ED8
:10ACB800742C20636F6E73742043616E61734361FB
:10ACC8006E46696C746572436F6E6669672A2C20DC
:10ACD800696E7429000000006B6F7046696C7465BA
:10ACE80072730000694E756D46696C74203E2030A1
:10ACF8000000000043616E61734D75746578000053
:10AD0800737461746963204343616E48616E646C57
:10AD1800657226204343616E48616E646C65723AC1
:10AD28003A676574496E7374616E6365496D706CDA
:10AD380028756E7369676E656420696E74290000F2
:10AD480073746174696320766F6964204343616E2C
:10AD580048616E646C65723A3A52656365697665F6
:10AD680043616E4672616D6573282900000000001A
:10AD780000000000B96201089161010830203D3DE2
:10AD88002063616E6173506172616D4164766572B2
:10AD98007469736528266F72496E7374616E636592
:10ADA8002E6F43616E6173496E7374616E63652CB7
:10ADB8002043414E41535F4E4F445F4445465F42F6
:10ADC8004F44595F4C4F4E4749545544494E414CA6
:10ADD8005F414343454C45524154494F4E2C2066F0
:10ADE800616C7365290000007669727475616C2066
:10ADF800766F6964204343616E4F7574707574484B
:10AE0800616E646C65723A3A496E6974282900006B
:10AE18002E2E2F5274652F5372632F4343616E4F4A
:10AE2800757470757448616E646C65722E637070A9
:10AE38000000000030203D3D2063616E6173506169
:10AE480072616D41647665727469736528266F72E4
:10AE5800496E7374616E63652E6F43616E617349E9
:10AE68006E7374616E63652C2043414E41535F4E8F
:10AE78004F445F4445465F424F44595F4C415445F7
:10AE880052414C5F414343454C45524154494F4E12
:10AE98002C2066616C7365290000000030203D3D60
:10AEA8002063616E6173506172616D416476657291
:10AEB8007469736528266F72496E7374616E636571
:10AEC8002E6F43616E6173496E7374616E63652C96
:10AED8002043414E41535F4E4F445F4445465F42D5
:10AEE8004F44595F4E4F524D414C5F414343454C8F
:10AEF80045524154494F4E2C2066616C73652900B8
:10AF080030203D3D2063616E6173506172616D4117
:10AF1800647665727469736528266F72496E7374F6
:10AF2800616E63652E6F43616E6173496E73746100
:10AF38006E63652C2043414E41535F4E4F445F443E
:10AF480045465F424F44595F50495443485F524118
:10AF580054452C2066616C736529000030203D3D06
:10AF68002063616E6173506172616D4164766572D0
:10AF78007469736528266F72496E7374616E6365B0
:10AF88002E6F43616E6173496E7374616E63652CD5
:10AF98002043414E41535F4E4F445F4445465F4214
:10AFA8004F44595F524F4C4C5F524154452C2066D8
:10AFB800616C73652900000030203D3D2063616E9F
:10AFC8006173506172616D4164766572746973650D
:10AFD80028266F72496E7374616E63652E6F4361C4
:10AFE8006E6173496E7374616E63652C2043414EC4
:10AFF80041535F4E4F445F4445465F424F44595F5B
:10B008005941575F524154452C2066616C7365293C
:10B018000000000030203D3D2063616E6173506187
:10B0280072616D41647665727469736528266F7202
:10B03800496E7374616E63652E6F43616E61734907
:10B048006E7374616E63652C2043414E41535F4EAD
:10B058004F445F4445465F424F44595F504954430B
:10B06800485F414E474C452C2066616C736529004A
:10B0780030203D3D2063616E6173506172616D41A6
:10B08800647665727469736528266F72496E737485
:10B09800616E63652E6F43616E6173496E7374618F
:10B0A8006E63652C2043414E41535F4E4F445F44CD
:10B0B80045465F424F44595F524F4C4C5F414E47A3
:10B0C8004C452C2066616C736529000030203D3D9D
:10B0D8002063616E6173506172616D41647665725F
:10B0E8007469736528266F72496E7374616E63653F
:10B0F8002E6F43616E6173496E7374616E63652C64
:10B108002043414E41535F4E4F445F4445465F41A3
:10B118004C5449545544455F524154452C2066616E
:10B128006C7365290000000030203D3D2063616E8E
:10B138006173506172616D4164766572746973659B
:10B1480028266F72496E7374616E63652E6F436152
:10B158006E6173496E7374616E63652C2043414E52
:10B1680041535F4E4F445F4445465F4D41474E450E
:10B178005449435F48454144494E472C2066616C19
:10B188007365290030203D3D2063616E6173506115
:10B1980072616D41647665727469736528266F7291
:10B1A800496E7374616E63652E6F43616E61734996
:10B1B8006E7374616E63652C2043414E41535F4E3C
:10B1C8004F445F4445465F5354414E444152445FA7
:10B1D800414C5449545544452C2066616C7365298B
:10B1E8000000000030203D3D2063616E61735061B6
:10B1F80072616D41647665727469736528266F7231
:10B20800496E7374616E63652E6F43616E61734935
:10B218006E7374616E63652C2043414E41535F4EDB
:10B228004F445F4445465F5354415449435F50522D
:10B238004553535552452C2066616C7365290000AF
:10B24800737461746963204343616E4F75747075DC
:10B258007448616E646C657226204343616E4F7555
:10B268007470757448616E646C65723A3A67657497
:10B27800496E7374616E6365496D706C28756E7381
:10B2880069676E656420696E74290000000000001B
:10B29800000000001965010811650108676574530D
:10B2A800687574646F776E50696E496400000000B9
:10B2B80075496E7374616E6365496E646578203C88
:10B2C800204349636D323037383944726976657284
:10B2D8003A3A736B75496E7374616E6365436F7543
:10B2E8006E745F00737461746963204349636D32DF
:10B2F8003037383944726976657226204349636D60
:10B3080032303738394472697665723A3A6765740B
:10B31800496E7374616E6365496D706C28756E73E0
:10B3280069676E656420696E74290000433A2F5579
:10B33800736572732F6665646F722F446174612F31
:10B3480050726F6A6563745F4E452F34315F436F87
:10B3580064655F646576656C6F706D656E745F7744
:10B368006F726B2F62616872732D73772F30315F44
:10B378004C6962726172792F53746D33322F447243
:10B3880069766572732F4349636D323037383944B3
:10B3980072697665722E637070000000696E7420A1
:10B3A80049636D3230373839496D75446174614489
:10B3B8006D615265717565737428756E7369676E12
:10B3C800656420696E742900766F69642049636D2D
:10B3D80032303738395061727365496D754461741C
:10B3E80061446D6128756E7369676E656420696E66
:10B3F80074290000696E742049636D32303738391A
:10B40800507265737375726544617461446D6152FD
:10B4180065717565737428756E7369676E656420E8
:10B42800696E742900000000696E742049636D32EA
:10B43800303738395472696767657250726573734B
:10B448007572654D6561737572656D656E74287585
:10B458006E7369676E656420696E74290000000068
:10B46800766F69642049636D3230373839496E76B2
:10B47800616C6964617465496D754F757470757434
:10B48800506F727428756E7369676E656420696E93
:10B4980074290000766F69642049636D323037384B
:10B4A80039496E76616C696461746550726573734D
:10B4B8007572654F7574707574506F727428756EF7
:10B4C8007369676E656420696E742900766F6964B4
:10B4D8002049636D32303738395061727365507264
:10B4E80065737375726544617461446D6128756E26
:10B4F8007369676E656420696E7429000000000036
:10B50800000000002DBF0108CD7501087374617437
:10B5180069632043496D754D6F6E69746F72537717
:10B5280063262043496D754D6F6E69746F7253774A
:10B53800633A3A676574496E7374616E6365496D01
:10B54800706C28756E7369676E656420696E7429FE
:10B55800000000002E2E2F5274652F5372632F4364
:10B56800496D754D6F6E69746F725377632E637092
:10B5780070000000000000000000000069C201081F
:10B588006DC20108434D61676E6574696348656102
:10B5980064696E6746696C7465725377633A3A43B7
:10B5A8004D61676E6574696348656164696E674675
:10B5B800696C746572537763282900002E2E2F5208
:10B5C80074652F5372632F434D61676E65746963A9
:10B5D80048656164696E6746696C74657253776320
:10B5E8002E637070000000007374617469632043F7
:10B5F8004D61676E6574696348656164696E674625
:10B60800696C7465725377632620434D61676E6574
:10B6180074696348656164696E6746696C746572CC
:10B628005377633A3A676574496E7374616E6365FC
:10B63800496D706C28756E7369676E656420696EF4
:10B64800742900000000000000000000B5C40108D3
:10B65800B9C4010873746174696320434D61676EEE
:10B6680065746F6D65746572436F6D70656E736137
:10B67800746F722620434D61676E65746F6D6574D3
:10B688006572436F6D70656E7361746F723A3A6775
:10B698006574496E7374616E6365496D706C287565
:10B6A8006E7369676E656420696E74290000000016
:10B6B8002E2E2F5274652F5372632F434D61676E80
:10B6C80065746F6D65746572436F6D70656E7361D7
:10B6D800746F722E6370700000000000000000009C
:10B6E800C9C60108C5C6010873746174696320433B
:10B6F8004D6D633539383344726976657226204357
:10B708004D6D63353938334472697665723A3A67F4
:10B718006574496E7374616E6365496D706C2875E4
:10B728006E7369676E656420696E74290000000095
:10B73800433A2F55736572732F6665646F722F4491
:10B748006174612F50726F6A6563745F4E452F3460
:10B75800315F436F64655F646576656C6F706D65B6
:10B768006E745F776F726B2F62616872732D737777
:10B778002F30315F4C6962726172792F53746D3367
:10B78800322F447269766572732F434D6D63353974
:10B7980038334472697665722E6370700000000059
:10B7A8000000000000000000CDC80108C1C8010861
:10B7B8000000000000000000F1CC0108E9CC0108FD
:10B7C800737461746963204352733233324F7574F2
:10B7D80070757448616E646C6572262043527332CA
:10B7E80033324F757470757448616E646C65723A63
:10B7F8003A676574496E7374616E6365496D706C00
:10B8080028756E7369676E656420696E7429000017
:10B818002E2E2F5274652F5372632F435273323377
:10B82800324F757470757448616E646C65722E63FE
:10B8380070700000766F6964204352733233324F60
:10B84800757470757448616E646C65723A3A747296
:10B85800616E736D69744D65737361676528756989
:10B868006E74385F742A2C2075696E7431365F7473
:10B8780029000000287553697A65203E2030292068
:10B88800262620287553697A65203C3D20736B7500
:10B898004275666665724C656E6774685F2900005C
:10B8A800000000000000000071D5010875D50108EE
:10B8B80028287375436F756E746572202D20315575
:10B8C80029203E3D2030292026262028287375432C
:10B8D8006F756E746572202D20315529203C206FBC
:10B8E8004C6174657374446174617365745F2E6F21
:10B8F8004D6561737572656D656E74735F2E7369DE
:10B908007A65282929000000766F6964204353630B
:10B9180068613633544472697665723A3A506F6C8E
:10B928006C53656E736F722829000000433A2F55D7
:10B93800736572732F6665646F722F446174612F2B
:10B9480050726F6A6563745F4E452F34315F436F81
:10B9580064655F646576656C6F706D656E745F773E
:10B968006F726B2F62616872732D73772F30315F3E
:10B978004C6962726172792F53746D33322F44723D
:10B9880069766572732F4353636861363354447222
:10B99800697665722E63707000000000253035648A
:10B9A8002530317825303458000000005343422DAB
:10B9B8003E494353522026205343425F4943535242
:10B9C8005F564543544143544956455F4D736B0098
:10B9D80073746174696320435363686136335444F4
:10B9E800726976657226204353636861363354441E
:10B9F80072697665723A3A676574496E7374616EF6
:10BA08006365496D706C28756E7369676E6564202F
:10BA1800696E7429000000000000000000000000AA
:10BA2800C1EB0108E5E7010875496E7374616E633F
:10BA380065496E646578203C20736B75496E737434
:10BA4800616E6365436F756E745F00007374617433
:10BA58006963207444657269766564436F6D706FBD
:10BA68006E656E74436C617373262043536F6674FE
:10BA780077617265436F6D706F6E656E743C744468
:10BA8800657269766564436F6D706F6E656E744339
:10BA98006C6173732C2074496E7374616E636543B3
:10BAA8006F756E743E3A3A476574496E7374616E89
:10BAB800636528756E7369676E656420696E74299D
:10BAC800205B77697468207444657269766564439D
:10BAD8006F6D706F6E656E74436C617373203D207B
:10BAE80043426D6D3135304472697665723B20751D
:10BAF8006E7369676E656420696E742074496E732D
:10BB080074616E6365436F756E74203D20325D000D
:10BB18002E2E2F2E2E2F2E2E2F2E2E2F30315F4CE5
:10BB28006962726172792F53746D33322F436F6D6E
:10BB3800706F6E656E74732F47656E6572616C2FDA
:10BB480043536F667477617265436F6D706F6E658E
:10BB58006E74426173652E6800000000766F696438
:10BB6800205461736B526F7574696E65496E6974A0
:10BB7800282900002E2E2F5274652F5372632F54DC
:10BB880061736B526F7574696E65732E63707000A4
:10BB980000000000963007772C610EEEBA51099923
:10BBA80019C46D078FF46A7035A563E9A395649E7F
:10BBB8003288DB0EA4B8DC791EE9D5E088D9D297A3
:10BBC8002B4CB609BD7CB17E072DB8E7911DBF90FF
:10BBD8006410B71DF220B06A4871B9F3DE41BE8423
:10BBE8007DD4DA1AEBE4DD6D51B5D4F4C785D3837F
:10BBF80056986C13C0A86B647AF962FDECC9658A23
:10BC08004F5C0114D96C0663633D0FFAF50D088D7E
:10BC1800C8206E3B5E10694CE44160D5727167A222
:10BC2800D1E4033C47D4044BFD850DD26BB50AA57E
:10BC3800FAA8B5356C98B242D6C9BBDB40F9BCACA2
:10BC4800E36CD832755CDF45CF0DD6DC593DD1ABFE
:10BC5800AC30D9263A00DE518051D7C81661D0BF22
:10BC6800B5F4B42123C4B3569995BACF0FA5BDB87E
:10BC78009EB802280888055FB2D90CC624E90BB122
:10BC8800877C6F2F114C6858AB1D61C13D2D66B67E
:10BC98009041DC760671DB01BC20D2982A10D5EFE2
:10BCA8008985B1711FB5B606A5E4BF9F33D4B8E83E
:10BCB800A2C9077834F9000F8EA8099618980EE1E2
:10BCC800BB0D6A7F2D3D6D08976C6491015C63E63E
:10BCD800F4516B6B62616C1CD83065854E0062F262
:10BCE800ED95066C7BA5011BC1F4088257C40FF5BE
:10BCF800C6D9B06550E9B712EAB8BE8B7C88B9FCE2
:10BD0800DF1DDD62492DDA15F37CD38C654CD4FB3D
:10BD18005861B24DCE51B53A7400BCA3E230BBD4E1
:10BD280041A5DF4AD795D83D6DC4D1A4FBF4D6D33D
:10BD38006AE96943FCD96E34468867ADD0B860DAE1
:10BD4800732D0444E51D03335F4C0AAAC97C0DDD3D
:10BD58003C710550AA41022710100BBE86200CC961
:10BD680025B56857B3856F2009D466B99FE461CEBD
:10BD78000EF9DE5E98C9D9292298D0B0B4A8D7C7E1
:10BD8800173DB359810DB42E3B5CBDB7AD6CBAC03D
:10BD98002083B8EDB6B3BF9A0CE2B6039AD2B17459
:10BDA8003947D5EAAF77D29D1526DB048316DC73B5
:10BDB800120B63E3843B64943E6A6D0DA85A6A7A59
:10BDC8000BCF0EE49DFF099327AE000AB19E077DB5
:10BDD80044930FF0D2A3088768F2011EFEC20669D9
:10BDE8005D5762F7CB67658071366C19E7066B6E35
:10BDF800761BD4FEE02BD3895A7ADA10CC4ADD6759
:10BE08006FDFB9F9F9EFBE8E43BEB717D58EB060B4
:10BE1800E8A3D6D67E93D1A1C4C2D83852F2DF4F58
:10BE2800F167BBD16757BCA6DD06B53F4B36B248B4
:10BE3800DA2B0DD84C1B0AAFF64A0336607A044158
:10BE4800C3EF60DF55DF67A8EF8E6E3179BE6946B4
:10BE58008CB361CB1A8366BCA0D26F2536E26852D8
:10BE680095770CCC03470BBBB91602222F26055534
:10BE7800BE3BBAC5280BBDB2925AB42B046AB35C58
:10BE8800A7FFD7C231CFD0B58B9ED92C1DAEDE5BB4
:10BE9800B0C2649B26F263EC9CA36A750A936D0298
:10BEA800A906099C3F360EEB8567077213570005F4
:10BEB800824ABF95147AB8E2AE2BB17B381BB60C18
:10BEC8009B8ED2920DBED5E5B7EFDC7C21DFDB0B74
:10BED800D4D2D38642E2D4F1F8B3DD686E83DA1F98
:10BEE800CD16BE815B26B9F6E177B06F7747B718F4
:10BEF800E65A0888706A0FFFCA3B06665C0B011198
:10BF0800FF9E658F69AE62F8D3FF6B6145CF6C16F3
:10BF180078E20AA0EED20DD75483044EC2B3033997
:10BF2800612667A7F71660D04D476949DB776E3EF3
:10BF38004A6AD1AEDC5AD6D9660BDF40F03BD83717
:10BF480053AEBCA9C59EBBDE7FCFB247E9FFB53073
:10BF58001CF2BDBD8AC2BACA3093B353A6A3B42497
:10BF68000536D0BA9306D7CD2957DE54BF67D923F3
:10BF78002E7A66B3B84A61C4021B685D942B6F2A97
:10BF880037BE0BB4A18E0CC31BDF055A8DEF022DF3
:10BF98007546696C746572496E646578203C204208
:10BFA800414852535F46494C5445525F434F554EA2
:10BFB8005400000043426168727346696C7465728C
:10BFC80026204E426168727346696C7465724170CE
:10BFD800693A3A47657446696C746572496E737458
:10BFE800616E63652875696E7433325F7429000069
:10BFF800433A2F55736572732F6665646F722F44C9
:10C008006174612F50726F6A6563745F4E452F3497
:10C01800315F436F64655F646576656C6F706D65ED
:10C028006E745F776F726B2F62616872732D7365C0
:10C038006E736F722D667573696F6E2D6C69622FE2
:10C0480030315F4C6962726172792F7372632F426B
:10C058006168727346696C7465724170692E6370A9
:10C06800700000002869496E646578203E202D31F3
:10C0780029202626202869496E646578203C206995
:10C0880053697A655F2920262620286953697A65CD
:10C098005F203E20302900007454797065262043C3
:10C0A80052696E674275666665723C74547970654C
:10C0B8002C206943617061636974793E3A3A6F7004
:10C0C800657261746F72282928696E7429205B77FC
:10C0D800697468207454797065203D204342616812
:10C0E800727346696C7465723A3A53496D75446166
:10C0F80074613B20696E742069436170616369747F
:10C1080079203D20335D0000433A2F5573657273E3
:10C118002F6665646F722F446174612F50726F6A65
:10C128006563745F4E452F34315F436F64655F64A8
:10C138006576656C6F706D656E745F776F726B2F67
:10C1480062616872732D73656E736F722D66757395
:10C15800696F6E2D6C69622F30315F4C6962726154
:10C1680072792F7372632F4352696E6742756666E0
:10C1780065722E6800000000726F77203E3D203007
:10C1880020262620726F77203C20726F777328292B
:10C1980020262620636F6C203E3D20302026262056
:10C1A800636F6C203C20636F6C73282900000000CB
:10C1B800456967656E3A3A44656E7365436F6566AF
:10C1C8006673426173653C446572697665642C20C8
:10C1D800313E3A3A5363616C61722620456967655E
:10C1E8006E3A3A44656E7365436F6566667342617D
:10C1F80073653C446572697665642C20313E3A3A31
:10C208006F70657261746F72282928456967656E59
:10C218003A3A496E6465782C20456967656E3A3A02
:10C22800496E64657829205B776974682044657273
:10C2380069766564203D20456967656E3A3A4D61C7
:10C24800747269783C666C6F61742C20312C2031D3
:10C25800302C20312C20312C2031303E3B204569B8
:10C2680067656E3A3A44656E7365436F65666673D3
:10C27800426173653C446572697665642C20313E81
:10C288003A3A5363616C6172203D20666C6F617449
:10C298003B20456967656E3A3A496E646578203D8A
:10C2A80020696E745D0000002E2E2F2E2E2F2E2E4C
:10C2B8002F39395F3372645F70617274792F6569E1
:10C2C80067656E2D332E342E302F456967656E2FC6
:10C2D8007372632F436F72652F44656E7365436F86
:10C2E80065666673426173652E68000074547970E0
:10C2F8006526204352696E674275666665723C74AE
:10C30800547970652C206943617061636974793E62
:10C318003A3A6F70657261746F72282928696E7471
:10C3280029205B77697468207454797065203D20F2
:10C338004E467573696F6E4C6962436F6D6D6F6EB3
:10C348003A3A534261726F6D657465724461746103
:10C358003B20696E74206943617061636974792058
:10C368003D20335D00000000456967656E3A3A4438
:10C37800656E7365436F65666673426173653C44B9
:10C388006572697665642C20313E3A3A5363616C74
:10C3980061722620456967656E3A3A44656E736531
:10C3A800436F65666673426173653C44657269767E
:10C3B80065642C20313E3A3A6F70657261746F7211
:10C3C800282928456967656E3A3A496E6465782C6C
:10C3D80020456967656E3A3A496E64657829205B3D
:10C3E800776974682044657269766564203D2045E4
:10C3F8006967656E3A3A4D61747269783C666C6F2C
:10C4080061742C2031302C2031302C20302C2031FC
:10C41800302C2031303E3B20456967656E3A3A44FE
:10C42800656E7365436F65666673426173653C4408
:10C438006572697665642C20313E3A3A5363616CC3
:10C448006172203D20666C6F61743B2045696765A9
:10C458006E3A3A496E646578203D20696E745D00D5
:10C468007374617274526F77203E3D203020262607
:10C4780020426C6F636B526F7773203E3D203020F3
:10C488002626207374617274526F77202B20426CB9
:10C498006F636B526F7773203C3D207870722E72F9
:10C4A8006F77732829202626207374617274436F6E
:10C4B8006C203E3D203020262620426C6F636B4363
:10C4C8006F6C73203E3D20302026262073746172E5
:10C4D80074436F6C202B20426C6F636B436F6C73DB
:10C4E800203C3D207870722E636F6C732829000001
:10C4F800456967656E3A3A426C6F636B3C58707277
:10C50800547970652C20426C6F636B526F77732C73
:10C5180020426C6F636B436F6C732C20496E6E65A1
:10C528007250616E656C3E3A3A426C6F636B285884
:10C53800707254797065262C20456967656E3A3AA1
:10C54800496E6465782C20456967656E3A3A496E8C
:10C5580064657829205B776974682058707254790B
:10C568007065203D20456967656E3A3A4D61747281
:10C5780069783C666C6F61742C2031302C20313026
:10C588002C20302C2031302C2031303E3B20696E5D
:10C598007420426C6F636B526F7773203D20323B7F
:10C5A80020696E7420426C6F636B436F6C73203D1F
:10C5B80020333B20626F6F6C20496E6E657250614C
:10C5C8006E656C203D2066616C73653B204569672C
:10C5D800656E3A3A496E646578203D20696E745DEF
:10C5E800000000002E2E2F2E2E2F2E2E2F39395FD1
:10C5F8003372645F70617274792F656967656E2D37
:10C60800332E342E302F456967656E2F7372632F72
:10C61800436F72652F426C6F636B2E6800000000D9
:10C62800456967656E3A3A426C6F636B3C58707245
:10C63800547970652C20426C6F636B526F77732C42
:10C6480020426C6F636B436F6C732C20496E6E6570
:10C658007250616E656C3E3A3A426C6F636B285853
:10C66800707254797065262C20456967656E3A3A70
:10C67800496E6465782C20456967656E3A3A496E5B
:10C6880064657829205B77697468205870725479DA
:10C698007065203D20456967656E3A3A4D61747250
:10C6A80069783C666C6F61742C2031302C203130F5
:10C6B8002C20302C2031302C2031303E3B20696E2C
:10C6C8007420426C6F636B526F7773203D20323B4E
:10C6D80020696E7420426C6F636B436F6C73203DEE
:10C6E80020323B20626F6F6C20496E6E657250611C
:10C6F8006E656C203D2066616C73653B20456967FB
:10C70800656E3A3A496E646578203D20696E745DBD
:10C718000000000028696E7465726E616C3A3A55C3
:10C72800496E7450747228656967656E5F756E61CD
:10C738006C69676E65645F61727261795F6173735A
:10C748006572745F776F726B61726F756E645F6725
:10C758006363343728617272617929292026202879
:10C7680031352929203D3D20302026262022746895
:10C77800697320617373657274696F6E20697320C1
:10C788006578706C61696E656420686572653A20C9
:10C79800222022687474703A2F2F656967656E2E9F
:10C7A80074757866616D696C792E6F72672F646F26
:10C7B800782D646576656C2F67726F75705F5F544E
:10C7C8006F706963556E616C69676E6564417272FA
:10C7D80061794173736572742E68746D6C222022BE
:10C7E800202A2A2A2A2052454144205448495320C5
:10C7F800574542205041474520212121202A2A2AF5
:10C808002A220000456967656E3A3A696E74657256
:10C818006E616C3A3A706C61696E5F6172726179CF
:10C828003C542C2053697A652C204D6174726978C8
:10C838004F7241727261794F7074696F6E732C20F8
:10C8480031363E3A3A706C61696E5F617272617935
:10C858002829205B776974682054203D20666C6F16
:10C8680061743B20696E742053697A65203D2031DC
:10C8780030303B20696E74204D61747269784F7254
:10C8880041727261794F7074696F6E73203D203008
:10C898005D0000002E2E2F2E2E2F2E2E2F39395FC1
:10C8A8003372645F70617274792F656967656E2D84
:10C8B800332E342E302F456967656E2F7372632FC0
:10C8C800436F72652F44656E736553746F72616749
:10C8D800652E6800636F6E737420745479706526D2
:10C8E800204352696E674275666665723C74547976
:10C8F80070652C206943617061636974793E3A3AC6
:10C908006F70657261746F72282928696E742920A6
:10C91800636F6E7374205B776974682074547970E0
:10C9280065203D2043426168727346696C74657284
:10C938003A3A53496D75446174613B20696E7420BD
:10C94800694361706163697479203D20335D00003B
:10C95800696E646578203E3D203020262620696E69
:10C96800646578203C2073697A65282900000000F6
:10C97800456967656E3A3A44656E7365436F6566E7
:10C988006673426173653C446572697665642C2000
:10C99800313E3A3A5363616C617226204569676596
:10C9A8006E3A3A44656E7365436F656666734261B5
:10C9B80073653C446572697665642C20313E3A3A69
:10C9C8006F70657261746F72282928456967656E92
:10C9D8003A3A496E64657829205B7769746820441F
:10C9E800657269766564203D20456967656E3A3AE7
:10C9F8004D61747269783C666C6F61742C203130BB
:10CA08002C20312C20302C2031302C20313E3B2062
:10CA1800456967656E3A3A44656E7365436F656646
:10CA28006673426173653C446572697665642C205F
:10CA3800313E3A3A5363616C6172203D20666C6FF7
:10CA480061743B20456967656E3A3A496E6465785A
:10CA5800203D20696E745D00456967656E3A3A420B
:10CA68006C6F636B3C587072547970652C20426C03
:10CA78006F636B526F77732C20426C6F636B436FDD
:10CA88006C732C20496E6E657250616E656C3E3A0F
:10CA98003A426C6F636B2858707254797065262C13
:10CAA80020456967656E3A3A496E6465782C204579
:10CAB8006967656E3A3A496E64657829205B7769DB
:10CAC80074682058707254797065203D20456967F4
:10CAD800656E3A3A4D61747269783C666C6F617440
:10CAE8002C2031302C2031302C20302C2031302C8F
:10CAF8002031303E3B20696E7420426C6F636B526C
:10CB08006F7773203D2031303B20696E7420426C72
:10CB18006F636B436F6C73203D20313B20626F6FF6
:10CB28006C20496E6E657250616E656C203D2066A2
:10CB3800616C73653B20456967656E3A3A496E6476
:10CB48006578203D20696E745D0000006B6F72424D
:10CB58006C6F636B4D61702E6B6F426C6F636B53C0
:10CB680074617274526F77496E64696365735F2E7E
:10CB78006261636B2829203C206B6F724C65667478
:10CB88002E726F7773282900456967656E3A3A4DAA
:10CB980061747269783C74547970652C2069526F9D
:10CBA80077734C6566742C2069436F6C73526967A0
:10CBB80068743E204D617472697850726F64756351
:10CBC80074426C6F636B4C65667428636F6E737424
:10CBD80020456967656E3A3A4D61747269783C74AC
:10CBE800547970652C2069526F77734C6566742C84
:10CBF8002069436F6C734C6566743E262C20636F06
:10CC08006E737420456967656E3A3A4D617472694E
:10CC1800783C74547970652C2069436F6C734C654B
:10CC280066742C2069436F6C7352696768743E267A
:10CC38002C20636F6E73742043426C6F636B4D617D
:10CC4800747269784D61702629205B776974682051
:10CC58007454797065203D20666C6F61743B20695F
:10CC68006E742069526F77734C656674203D20316D
:10CC7800303B20696E742069436F6C734C65667431
:10CC8800203D2031303B20696E742069436F6C73FE
:10CC98005269676874203D2031305D00433A2F5552
:10CCA800736572732F6665646F722F446174612FA8
:10CCB80050726F6A6563745F4E452F34315F436FFE
:10CCC80064655F646576656C6F706D656E745F77BB
:10CCD8006F726B2F62616872732D73656E736F72FA
:10CCE8002D667573696F6E2D6C69622F30315F4CDC
:10CCF8006962726172792F7372632F43426C6F633A
:10CD08006B4D61747269784D61702E680000000087
:10CD18006B6F72426C6F636B4D61702E6B6F426C00
:10CD28006F636B5374617274436F6C756D6E496E8B
:10CD380064696365735F2E6261636B2829203C20F8
:10CD48006B6F724C6566742E636F6C7328290000D4
:10CD5800456967656E3A3A44656E7365436F656603
:10CD68006673426173653C446572697665642C201C
:10CD7800303E3A3A436F65666652657475726E5412
:10CD880079706520456967656E3A3A44656E7365E2
:10CD9800436F65666673426173653C446572697684
:10CDA80065642C20303E3A3A6F70657261746F7218
:10CDB800282928456967656E3A3A496E6465782C72
:10CDC80020456967656E3A3A496E6465782920633B
:10CDD8006F6E7374205B7769746820446572697636
:10CDE8006564203D20456967656E3A3A4D61747205
:10CDF80069783C666C6F61742C2031302C2031309E
:10CE08002C20302C2031302C2031303E3B204569FD
:10CE180067656E3A3A44656E7365436F6566667317
:10CE2800426173653C446572697665642C20303EC6
:10CE38003A3A436F65666652657475726E547970D6
:10CE480065203D20636F6E737420666C6F61742675
:10CE58003B20456967656E3A3A496E646578203DBE
:10CE680020696E745D0000006B6F72426C6F636BBB
:10CE78004D61702E6B6F426C6F636B53746172748B
:10CE8800526F77496E64696365735F2E6261636B85
:10CE98002829203C206B6F7252696768742E726F64
:10CEA8007773282900000000456967656E3A3A4D96
:10CEB80061747269783C74547970652C2069526F7A
:10CEC80077734C6566742C2069436F6C735269677D
:10CED80068743E204D617472697850726F6475632E
:10CEE80074426C6F636B526967687428636F6E7302
:10CEF8007420456967656E3A3A4D61747269783C89
:10CF080074547970652C2069526F77734C65667418
:10CF18002C2069436F6C734C6566743E262C206325
:10CF28006F6E737420456967656E3A3A4D61747225
:10CF380069783C74547970652C2069436F6C734C24
:10CF48006566742C2069436F6C7352696768743E18
:10CF5800262C20636F6E73742043426C6F636B4D95
:10CF680061747269784D61702629205B77697468ED
:10CF7800207454797065203D20666C6F61743B2085
:10CF8800696E742069526F77734C656674203D2012
:10CF980031303B20696E742069436F6C734C656651
:10CFA80074203D2031303B20696E742069436F6CDA
:10CFB800735269676874203D2031305D00000000BD
:10CFC8006B6F72426C6F636B4D61702E6B6F426C4E
:10CFD8006F636B5374617274436F6C756D6E496ED9
:10CFE80064696365735F2E6261636B2829203C2046
:10CFF8006B6F7252696768742E636F6C73282900AF
:10D008000000000000000000FD710208FD71020828
:10D01800FD710208413A0208B5410208FD71020893
:10D02800FD710208FD710208FD710208FD71020818
:10D03800FD710208FD710208FD7102080000000080
:10D048000000000055040208D1270208392C020804
:10D05800413A0208B5410208B52A0208A10D0208A2
:10D068004D150208C1110208450402084D040208C2
:10D07800310C0208C107020873746174696320697E
:10D088006E742043426168727346696C7465723AC3
:10D098003A434572726F7253746174654D61703AA8
:10D0A8003A5374617274496E6465782843426168C2
:10D0B800727346696C7465723A3A434572726F725C
:10D0C80053746174654D61703A3A454572726F7276
:10D0D8005374617465732900433A2F5573657273ED
:10D0E8002F6665646F722F446174612F50726F6A86
:10D0F8006563745F4E452F34315F436F64655F64C9
:10D108006576656C6F706D656E745F776F726B2F87
:10D1180062616872732D73656E736F722D667573B5
:10D12800696F6E2D6C69622F30315F4C6962726174
:10D1380072792F7372632F43426168727346696C08
:10D148007465724572726F7253746174654D617063
:10D158002E63707000000000000000000100000055
:10D1680002000000040000000700000073746174EE
:10D17800696320636F6E73742043426168727346FB
:10D18800696C7465723A3A5354756E696E6750618A
:10D1980072616D73262043426168727346696C74CC
:10D1A80065723A3A434B6654756E696E67506172A0
:10D1B800616D7344617461626173653A3A4765747D
:10D1C800506172616D73284E467573696F6E4C6954
:10D1D80062436F6D6D6F6E3A3A4553656E736F7249
:10D1E80049642900433A2F55736572732F66656445
:10D1F8006F722F446174612F50726F6A6563745F38
:10D208004E452F34315F436F64655F646576656CA6
:10D218006F706D656E745F776F726B2F6261687285
:10D22800732D73656E736F722D667573696F6E2DCE
:10D238006C69622F30315F4C6962726172792F7349
:10D2480072632F43426168727346696C74657254E5
:10D25800756E696E67506172616D73446174616265
:10D268006173652E637070007374617469632066FE
:10D278006C6F61742043426168727346696C7465AF
:10D28800723A3A434B6654756E696E6750617261C3
:10D298006D7344617461626173653A3A47657450AD
:10D2A800726573737572654E6F697365566172281E
:10D2B8004E467573696F6E4C6962436F6D6D6F6E24
:10D2C8003A3A4553656E736F72496429000000004D
:10D2D80069526F77496E646578203C207374617475
:10D2E80069635F636173743C696E743E286B6F4257
:10D2F8006C6F636B5374617274526F77496E6469B3
:10D308006365735F2E73697A652829290000000018
:10D31800626F6F6C2043426C6F636B4D617472690E
:10D32800784D61703A3A49735A65726F426C6F630F
:10D338006B28696E742C20696E742920636F6E7374
:10D3480074000000433A2F55736572732F66656445
:10D358006F722F446174612F50726F6A6563745FD6
:10D368004E452F34315F436F64655F646576656C45
:10D378006F706D656E745F776F726B2F6261687224
:10D38800732D73656E736F722D667573696F6E2D6D
:10D398006C69622F30315F4C6962726172792F73E8
:10D3A80072632F43426C6F636B4D61747269784D81
:10D3B80061702E637070000069436F6C496E64651C
:10D3C80078203C207374617469635F636173743C93
:10D3D800696E743E286B6F426C6F636B5374617235
:10D3E80074436F6C756D6E496E64696365735F2E07
:10D3F80073697A6528292900766563746F723A3AE9
:10D408005F4D5F7265616C6C6F635F696E736572A7
:10D418007400000063616E6E6F74206372656174DE
:10D4280065207374643A3A766563746F72206C6130
:10D4380072676572207468616E206D61785F7369C8
:10D448007A652829000000006B6F426C6F636B538C
:10D4580074617274526F77496E64696365735F2E85
:10D4680073697A652829203E2030000043426C6F9A
:10D47800636B4D61747269784D61703A3A43426CDE
:10D488006F636B4D61747269784D61702873746451
:10D498003A3A696E697469616C697A65725F6C6938
:10D4A80073743C696E743E2C207374643A3A696EE6
:10D4B800697469616C697A65725F6C6973743C69D7
:10D4C8006E743E2C207374643A3A696E69746961AB
:10D4D8006C697A65725F6C6973743C7374643A3A08
:10D4E800696E697469616C697A65725F6C69737475
:10D4F8003C626F6F6C3E203E290000006B6F426CEF
:10D508006F636B5374617274436F6C756D6E496EA3
:10D5180064696365735F2E73697A652829203E20E4
:10D528003000000030203D3D206B6F426C6F636B14
:10D538005374617274526F77496E64696365735F7F
:10D548005B305D0030203D3D206B6F426C6F636B3C
:10D558005374617274436F6C756D6E496E64696360
:10D5680065735F5B305D00006B6F426C6F636B537C
:10D5780074617274526F77496E64696365735F5B37
:10D5880069456C656D656E74496E646578202B20FD
:10D59800315D203E206B6F426C6F636B5374617218
:10D5A80074526F77496E64696365735F5B69456C34
:10D5B800656D656E74496E6465785D006B6F426C6D
:10D5C8006F636B5374617274436F6C756D6E496EE3
:10D5D80064696365735F5B69456C656D656E744905
:10D5E8006E646578202B20315D203E206B6F426C85
:10D5F8006F636B5374617274436F6C756D6E496EB3
:10D6080064696365735F5B69456C656D656E7449D4
:10D618006E6465785D0000006F49735A65726F42E9
:10D628006C6F636B4D61702E73697A652829203D94
:10D638003D206F426C6F636B5374617274526F77E5
:10D64800496E64696365732E73697A6528290000D9
:10D65800766563746F723A3A7265736572766500BF
:10D66800456967656E3A3A696E7465726E616C3ABF
:10D678003A706C61696E5F61727261793C542C20FA
:10D6880053697A652C204D61747269784F724172C2
:10D698007261794F7074696F6E732C2031363E3A1F
:10D6A8003A706C61696E5F61727261792829205BDA
:10D6B800776974682054203D20666C6F61743B2044
:10D6C800696E742053697A65203D20343B20696E69
:10D6D80074204D61747269784F7241727261794F2A
:10D6E8007074696F6E73203D20305D0075496E64FB
:10D6F8006578203C20736B7553697A655F0000007C
:10D708004172726179456C656D656E7454797065A6
:10D718002620544C6162656C656441727261794976
:10D728006E7465726E616C3C4172726179456C65AC
:10D738006D656E74547970652C204C6162656C451A
:10D748006E756D3E3A3A6F70657261746F725B5DAB
:10D75800284C6162656C456E756D29205B7769742C
:10D7680068204172726179456C656D656E74547993
:10D778007065203D20435061726974794D6F6E6900
:10D78800746F723B204C6162656C456E756D203D0F
:10D79800204E496D754D6F6E69746F724170693AAC
:10D7A8003A5341727261794C6162656C6564427981
:10D7B800496D755369676E616C733A3A456E756D5C
:10D7C800547970655D0000002E2E2F2E2E2F2E2EE0
:10D7D8002F30315F4C6962726172792F6170692FE5
:10D7E800544C6162656C656441727261792E68009F
:10D7F800636F6E7374204172726179456C656D65F3
:10D808006E74547970652620544C6162656C656449
:10D818004172726179496E7465726E616C3C4172D5
:10D82800726179456C656D656E74547970652C20EC
:10D838004C6162656C456E756D3E3A3A6F70657203
:10D8480061746F725B5D284C6162656C456E756DC5
:10D858002920636F6E7374205B7769746820417246
:10D86800726179456C656D656E7454797065203D9B
:10D87800204E467573696F6E4C6962436F6D6D6FAC
:10D888006E3A3A53496D754D6561737572656D658C
:10D898006E743B204C6162656C456E756D203D2051
:10D8A8004E4D6F6E69746F7254797065733A3A535E
:10D8B800526564756E64616E7453656E736F724CF5
:10D8C8006162656C733A3A456E756D547970655D41
:10D8D800000000004172726179456C656D656E7477
:10D8E800547970652620544C6162656C6564417298
:10D8F800726179496E7465726E616C3C41727261D5
:10D9080079456C656D656E74547970652C204C6131
:10D9180062656C456E756D3E3A3A6F7065726174FA
:10D928006F725B5D284C6162656C456E756D292070
:10D938005B77697468204172726179456C656D65C1
:10D948006E7454797065203D20456967656E3A3A72
:10D958004D61747269783C666C6F61742C20332C4D
:10D9680020313E3B204C6162656C456E756D203DF3
:10D97800204E496D754D6F6E69746F724170693ACA
:10D988003A5341727261794C6162656C656442799F
:10D99800496D755369676E616C733A3A456E756D7A
:10D9A800547970655D000000456967656E3A3A44D0
:10D9B800656E7365436F65666673426173653C4463
:10D9C8006572697665642C20313E3A3A5363616C1E
:10D9D80061722620456967656E3A3A44656E7365DB
:10D9E800436F65666673426173653C446572697628
:10D9F80065642C20313E3A3A6F70657261746F72BB
:10DA0800282928456967656E3A3A496E6465782918
:10DA1800205B776974682044657269766564203D87
:10DA280020456967656E3A3A4D61747269783C665B
:10DA38006C6F61742C20332C20313E3B2045696784
:10DA4800656E3A3A44656E7365436F656666734200
:10DA58006173653C446572697665642C20313E3A91
:10DA68003A5363616C6172203D20666C6F61743B50
:10DA780020456967656E3A3A496E646578203D20AD
:10DA8800696E745D000000004172726179456C65D1
:10DA98006D656E74547970652620544C6162656CAE
:10DAA80065644172726179496E7465726E616C3C2D
:10DAB8004172726179456C656D656E7454797065F3
:10DAC8002C204C6162656C456E756D3E3A3A6F70FC
:10DAD800657261746F725B5D284C6162656C456E3E
:10DAE800756D29205B776974682041727261794588
:10DAF8006C656D656E7454797065203D204E4D6F70
:10DB08006E69746F7254797065733A3A45446574F6
:10DB1800656374696F6E526573756C743B204C61F4
:10DB280062656C456E756D203D204E496D754D6F73
:10DB38006E69746F724170693A3A534172726179D1
:10DB48004C6162656C65644279496D755369676EAD
:10DB5800616C733A3A456E756D547970655D000075
:10DB6800286F724661756C747953656E736F72496C
:10DB78006E64696365735B655369676E616C5D208C
:10DB88003E3D20302920262620286F724661756C7C
:10DB9800747953656E736F72496E64696365735BFC
:10DBA800655369676E616C5D203C207374617469AC
:10DBB800635F636173743C696E743E2845526564A3
:10DBC800756E64616E7453656E736F724C616265D5
:10DBD8006C733A3A65436F756E742929000000002A
:10DBE800766F6964205453656E736F724D6F6E69FA
:10DBF800746F723C4D6F6E69746F72506F6C6963AD
:10DC0800793E3A3A707265706172654F75747075D5
:10DC18007428636F6E737420526564756E64616EE8
:10DC280074496E70757444617461262C2054536570
:10DC38006E736F724D6F6E69746F723C4D6F6E6963
:10DC4800746F72506F6C6963793E3A3A4F757470AD
:10DC58007574446174612629205B77697468204D66
:10DC68006F6E69746F72506F6C696379203D2043E1
:10DC7800496D754D6F6E69746F72506F6C69637919
:10DC88003B205453656E736F724D6F6E69746F727B
:10DC98003C4D6F6E69746F72506F6C6963793E3A70
:10DCA8003A526564756E64616E74496E7075744439
:10DCB800617461203D204E4D6F6E69746F725479A6
:10DCC8007065733A3A54526564756E64616E745344
:10DCD800656E736F72446174613C4E467573696F0B
:10DCE8006E4C6962436F6D6D6F6E3A3A53496D754C
:10DCF8004D6561737572656D656E742C204E467541
:10DD080073696F6E4C6962436F6D6D6F6E3A3A4519
:10DD180053656E736F7249643A3A65536368613646
:10DD280033542C204E467573696F6E4C6962436F8D
:10DD38006D6D6F6E3A3A4553656E736F7249643A0A
:10DD48003A6549636D3230373839496D75312C2061
:10DD58004E467573696F6E4C6962436F6D6D6F6E79
:10DD68003A3A4553656E736F7249643A3A65496346
:10DD78006D3230373839496D75323E3B2054536522
:10DD88006E736F724D6F6E69746F723C4D6F6E6912
:10DD9800746F72506F6C6963793E3A3A4F7574705C
:10DDA800757444617461203D204E4D6F6E69746FC7
:10DDB8007254797065733A3A544D756C7469646934
:10DDC8006D656E73696F6E616C5369676E616C3CEB
:10DDD8004E496D754D6F6E69746F724170693A3A4C
:10DDE8005341727261794C6162656C65644279492C
:10DDF8006D755369676E616C733E5D00433A2F55CC
:10DE0800736572732F6665646F722F446174612F36
:10DE180050726F6A6563745F4E452F34315F436F8C
:10DE280064655F646576656C6F706D656E745F7749
:10DE38006F726B2F62616872732D73656E736F7288
:10DE48002D667573696F6E2D6C69622F30315F4C6A
:10DE58006962726172792F7372632F5453656E739E
:10DE68006F724D6F6E69746F722E680041727261C5
:10DE780079456C656D656E74547970652620544CCF
:10DE88006162656C65644172726179496E7465722C
:10DE98006E616C3C4172726179456C656D656E743A
:10DEA800547970652C204C6162656C456E756D3EC9
:10DEB8003A3A6F70657261746F725B5D284C61628B
:10DEC800656C456E756D29205B77697468204172B1
:10DED800726179456C656D656E7454797065203D25
:10DEE80020435061726974794D6F6E69746F723A2C
:10DEF8003A53506172697479566563746F724F66EC
:10DF080066736574733B204C6162656C456E756D14
:10DF1800203D204E496D754D6F6E69746F7241706A
:10DF2800693A3A5341727261794C6162656C656411
:10DF38004279496D755369676E616C733A3A456EFB
:10DF4800756D547970655D007374617469632066DA
:10DF58006C6F61742043496D754D6F6E69746F7293
:10DF6800506F6C6963793A3A6765745363616C61A1
:10DF7800725369676E616C42794C6162656C496D78
:10DF8800706C28636F6E7374204E467573696F6E7C
:10DF98004C6962436F6D6D6F6E3A3A53496D754DBA
:10DFA8006561737572656D656E74262C204E496DBA
:10DFB800754D6F6E69746F724170693A3A53417268
:10DFC8007261794C6162656C65644279496D75531B
:10DFD80069676E616C733A3A456E756D5479706510
:10DFE80029000000433A2F55736572732F666564E4
:10DFF8006F722F446174612F50726F6A6563745F2A
:10E008004E452F34315F436F64655F646576656C98
:10E018006F706D656E745F776F726B2F6261687277
:10E02800732D73656E736F722D667573696F6E2DC0
:10E038006C69622F30315F4C6962726172792F733B
:10E0480072632F43496D754D6F6E69746F722E63DD
:10E058007070000073746174696320666C6F61741A
:10E068002043496D754D6F6E69746F72506F6C699E
:10E0780063793A3A6765745369676E616C56617281
:10E0880069616E6365496D706C284E467573696F7A
:10E098006E4C6962436F6D6D6F6E3A3A4553656EAB
:10E0A800736F7249642C204E496D754D6F6E69749B
:10E0B8006F724170693A3A5341727261794C616288
:10E0C800656C65644279496D755369676E616C73F7
:10E0D8003A3A456E756D54797065290073746174A8
:10E0E80069635F636173743C5769646572547970DE
:10E0F800655F743E28754469666629203C3D207337
:10E1080074617469635F636173743C5769646572B1
:10E11800547970655F743E287374643A3A6E756D0D
:10E12800657269635F6C696D6974733C696E743399
:10E13800325F743E3A3A6D61782829290000000060
:10E14800696E7433325F74204E4E6176696761740C
:10E15800696F6E5574696C69746965733A3A446994
:10E1680066664F66556E7369676E65642874556E8A
:10E178007369676E6564547970652C2074556E7385
:10E1880069676E65645479706529205B776974687E
:10E198002074556E7369676E656454797065203DA7
:10E1A800206C6F6E67206C6F6E6720756E73696781
:10E1B8006E656420696E743B20696E7433325F74D7
:10E1C800203D206C6F6E6720696E745D0000000052
:10E1D8002E2E2F2E2E2F2E2E2F30315F4C6962724D
:10E1E8006172792F6170692F4E6176696761746910
:10E1F8006F6E5574696C69746965732E68000000E8
:10E20800666C6F617420435061726974794D6F6EEA
:10E2180069746F723A3A636F6D70757465446563BB
:10E228006973696F6E5661726961626C6528636FA4
:10E238006E737420566563746F723366262C206380
:10E248006F6E737420566563746F723366262C2064
:10E25800636F6E737420566563746F723266262C12
:10E2680020696E7429000000433A2F557365727354
:10E278002F6665646F722F446174612F50726F6AE4
:10E288006563745F4E452F34315F436F64655F6427
:10E298006576656C6F706D656E745F776F726B2FE6
:10E2A80062616872732D73656E736F722D66757314
:10E2B800696F6E2D6C69622F30315F4C69627261D3
:10E2C80072792F7372632F435061726974794D6F3D
:10E2D8006E69746F722E6370700062617369635F38
:10E2E800737472696E673A3A5F4D5F637265617401
:10E2F80065000000DB0F49BFE4CB1640E4CB16C035
:10E3080000000080DB0F4940DB0F49C0000000001F
:10E31800000000800000803F0000C03F00000000B7
:10E3280000C0153F00000000DCCFD135000FC93F09
:10E33800000F494000CB9640000FC9400053FB40F6
:10E3480000CB164100ED2F41000F494100316241D9
:10E3580000537B41003A8A4100CB9641005CA341BF
:10E3680000EDAF41007EBC41000FC94100A0D5417E
:10E378000031E24100C2EE410053FB4100F203428A
:10E38800003A0A420083104200CB164200141D4294
:10E39800005C234200A5294200ED2F420036364298
:10E3A800007E3C4200C74242000F4942A2000000E2
:10E3B800F9000000830000006E0000004E0000001D
:10E3C800440000001500000029000000FC000000C7
:10E3D8002700000057000000D1000000F5000000F1
:10E3E80034000000DD000000C0000000DB00000079
:10E3F8006200000095000000990000003C00000049
:10E40800430000009000000041000000FE000000F2
:10E418005100000063000000AB000000DE000000B7
:10E42800BB000000C500000061000000B70000004C
:10E43800240000006E0000003A00000042000000C6
:10E448004D000000D2000000E000000006000000BF
:10E45800490000002E000000EA000000090000004A
:10E46800D1000000920000001C000000FE00000027
:10E478001D000000EB0000001C000000B1000000BF
:10E4880029000000A70000003E000000E80000008E
:10E498008200000035000000F50000002E0000009A
:10E4A800BB0000004400000084000000E9000000F8
:10E4B8009C0000007000000026000000B40000006E
:10E4C8005F0000007E0000004100000039000000ED
:10E4D80091000000D6000000390000008300000011
:10E4E8005300000039000000F40000009C00000008
:10E4F800840000005F0000008B000000BD000000E9
:10E50800F9000000280000003B0000001F00000088
:10E51800F800000097000000FF000000DE00000087
:10E5280005000000980000000F000000EF00000048
:10E538002F000000110000008B0000005A000000AE
:10E548000A0000006D0000001F0000006D000000C0
:10E55800360000007E000000CF0000002700000009
:10E56800CB00000009000000B70000004F000000C9
:10E57800460000003F000000660000009E0000000A
:10E588005F000000EA0000002D0000007500000098
:10E5980027000000BA000000C7000000EB000000E0
:10E5A800E5000000F10000007B0000003D000000D5
:10E5B8000700000039000000F70000008A00000092
:10E5C8005200000092000000EA0000006B0000000A
:10E5D800FB0000005F000000B10000001F00000009
:10E5E8008D0000005D0000000800000056000000DB
:10E5F800030000003000000046000000FC0000009E
:10E608007B0000006B000000AB000000F000000081
:10E61800CF000000BC000000200000009A000000AD
:10E62800F4000000360000001D000000A9000000F2
:10E63800E300000091000000610000005E0000009F
:10E64800E60000001B000000080000006500000054
:10E6580099000000850000005F0000001400000021
:10E66800A000000068000000400000008D000000CD
:10E67800FF000000D8000000800000004D000000EE
:10E6880073000000270000003100000006000000B1
:10E69800060000001500000056000000CA00000037
:10E6A80073000000A8000000C9000000600000001E
:10E6B800E20000007B000000C00000008C000000A9
:10E6C8006B0000000000C93F0000F0390000DA3795
:10E6D8000000A2330000842E0000502B0000C22747
:10E6E8000000D0220000C41F0000C61B0000441711
:10E6F8000400000007000000090000003863ED3E38
:10E70800DA0F493F5E987B3FDA0FC93F6937AC3172
:10E7180068212233B40F14336821A2332C20667584
:10E728006E6374696F6E3A20006173736572746901
:10E738006F6E2022257322206661696C65643A2019
:10E7480066696C6520222573222C206C696E652011
:10E758002564257325730A000000000000000000EE
:10E7680000000000000000000000000000000000A1
:10E778000000000000000000000000000000000091
:10E788000000000000000000000000000000000081
:10E798000000000000000000000000000000000071
:10E7A8000000000000000000000000000000000061
:10E7B8000000000000000000F0030020232D302B93
:10E7C8002000686C4C00656667454647003031326A
:10E7D80033343536373839414243444546003031C1
:10E7E8003233343536373839616263646566000020
:08E7F800B0A3FD7F0100000049
:0CE80000F5810008994E0208D151020871
:08E80C00D1810008A14E0208B1
:10E814000024F4000100000010000000C48B00205C
:10E8240014000000000000000000000000000000D0
:10E834006C040020E4890020AAAAAAAA84B50208CC
:10E84400B0B702080000000028BA02080000000067
:10E854000000000000000000000000000000803FF5
:10E864000000000000000000000000000000803FE5
:10E874000000000000000000000000000000803FD5
:10E884000000803F000000000000000000000000C5
:10E894000000803F000000000000000000000000B5
:10E8A4000000803F000000000000000000000000A5
:10E8B4000000000000000000000000000000000054
:10E8C4000000000000000000000000000000000044
:10E8D4000000000000000000000000000000000034
:10E8E4000000000000000000000000000000000024
:10E8F4000000000000000000000000000000000014
:10E904000000000000000000000000000000000003
:10E9140000000000000000000000000000000000F3
:10E9240000000000000000000000000000000000E3
:10E9340000000000000000000000000000000000D3
:10E9440000000000000000000000000000000000C3
:10E9540000000000000000000000000000000000B3
:10E9640000000000000000000000000000000000A3
:10E974000000000000000000000000000000000093
:10E984000000000000000000000000000000000083
:10E994000000000000000000000000000000000073
:10E9A4000000000000000000000000000000000063
:10E9B4000000000000000000000000000000000053
:10E9C4000000000000000000000000000000000043
:10E9D4000000000000000000000000000000000033
:10E9E4000000000000000000000000000000000023
:10E9F4000000000000000000000000000000000013
:10EA04000000000000000000000000000000000002
:10EA140000000000000000000000000000000000F2
:10EA240000000000000000000000000000000000E2
:10EA340000000000000000000000000000000000D2
:10EA440000000000000000000000000000000000C2
:10EA540000000000000000000000000000000000B2
:10EA640000000000000000000000000000000000A2
:10EA74000000000000000000000000000000000092
:10EA84000000000000000000000000000000000082
:10EA94000000000000000000000000000000000072
:10EAA4000000000000000000000000000000000062
:10EAB4000000000000000000000000000000000052
:10EAC4000000000000000000000000000000000042
:10EAD4000000000000000000000000000000000032
:10EAE4000000000000000000000000000000000022
:10EAF4000000000000000000000000000000000012
:10EB0400000020410000A0400000000000000000C0
:10EB140000000000000000000000000000000000F1
:10EB240000000000000000000000000000000000E1
:10EB340000000000000000000000000000000000D1
:10EB440000000000000000000000000000000000C1
:10EB540000000000000000000000000000000000B1
:10EB640000000000000000000000000000000000A1
:10EB7400000000000AD7233B9A99993E00002041E7
:10EB84000000A040000000000000000000000000A1
:10EB94000000000000000000000000000000000071
:10EBA4000000000000000000000000000000000061
:10EBB4000000000000000000000000000000000051
:10EBC4000000000000000000000000000000000041
:10EBD4000000000000000000000000000000000031
:10EBE4000000000000000000000000000000000021
:10EBF400EC51B83D9A99193FBD8B0208F0030020EF
:10EC04000000000080E70208A0E7020860E70208AD
:10EC140000000000000000000000000000000000F0
:10EC240000000000000000000000000000000000E0
:10EC340000000000000000000000000000000000D0
:10EC440000000000000000000000000000000000C0
:10EC540000000000000000000000000000000000B0
:040000050800A865E2
:00000001FF
